ISO-10303-21;
HEADER;
FILE_DESCRIPTION (( 'STEP AP214' ),
    '1' );
FILE_NAME ('OPB800W51Z.STEP',
    '2019-06-05T20:01:56',
    ( '' ),
    ( '' ),
    'SwSTEP 2.0',
    'SolidWorks 2018',
    '' );
FILE_SCHEMA (( 'AUTOMOTIVE_DESIGN' ));
ENDSEC;

DATA;
#1 = LENGTH_MEASURE_WITH_UNIT ( LENGTH_MEASURE( 0.02539999999999999897 ), #4155 );
#2 = AXIS2_PLACEMENT_3D ( 'NONE', #107, #4470, #528 ) ;
#3 = FILL_AREA_STYLE ('',( #5112 ) ) ;
#4 = CARTESIAN_POINT ( 'NONE',  ( -0.3024999999999998246, -0.1900000000000000300, 0.09499999999999998723 ) ) ;
#5 = PRESENTATION_STYLE_ASSIGNMENT (( #3985 ) ) ;
#6 = DIRECTION ( 'NONE',  ( -0.0000000000000000000, -1.000000000000000000, -0.0000000000000000000 ) ) ;
#7 = CARTESIAN_POINT ( 'NONE',  ( 0.2415701087355151544, 0.4299000000000000599, -0.05099541180453439487 ) ) ;
#8 = LINE ( 'NONE', #1881, #1920 ) ;
#9 = FACE_OUTER_BOUND ( 'NONE', #3815, .T. ) ;
#10 = LENGTH_MEASURE_WITH_UNIT ( LENGTH_MEASURE( 0.02539999999999999897 ), #5031 );
#11 = FACE_BOUND ( 'NONE', #881, .T. ) ;
#12 = CARTESIAN_POINT ( 'NONE',  ( 0.2750080353660382948, 0.4299999999999999933, -0.05119719948098361284 ) ) ;
#13 = CARTESIAN_POINT ( 'NONE',  ( 0.3020857213703364019, 0.4299999999999999933, -0.04076118286137016267 ) ) ;
#14 = CARTESIAN_POINT ( 'NONE',  ( 0.3058119025315143569, 0.4300000000000001044, 0.01505455345062381260 ) ) ;
#15 = CARTESIAN_POINT ( 'NONE',  ( 0.2566843041485769028, 0.4299999999999999933, -0.02215847113986527464 ) ) ;
#16 = DIRECTION ( 'NONE',  ( -0.0000000000000000000, -1.000000000000000000, -0.0000000000000000000 ) ) ;
#17 = EDGE_CURVE ( 'NONE', #2670, #2144, #2897, .T. ) ;
#18 = ADVANCED_FACE ( 'NONE', ( #461, #4065 ), #4615, .T. ) ;
#19 = VECTOR ( 'NONE', #5228, 39.37007874015748143 ) ;
#20 = SURFACE_STYLE_FILL_AREA ( #2447 ) ;
#21 = SURFACE_STYLE_USAGE ( .BOTH. , #982 ) ;
#22 =( NAMED_UNIT ( * ) SI_UNIT ( $, .STERADIAN. ) SOLID_ANGLE_UNIT ( ) );
#23 = PLANE ( 'NONE',  #2640 ) ;
#24 = STYLED_ITEM ( 'NONE', ( #1722 ), #1014 ) ;
#25 = AXIS2_PLACEMENT_3D ( 'NONE', #3519, #5164, #2227 ) ;
#26 = CARTESIAN_POINT ( 'NONE',  ( -0.2665000000000000147, -0.1849999999999999978, -0.07750000000000001332 ) ) ;
#28 = ORIENTED_EDGE ( 'NONE', *, *, #5056, .T. ) ;
#27 = LINE ( 'NONE', #801, #2002 ) ;
#29 = AXIS2_PLACEMENT_3D ( 'NONE', #608, #4904, #4094 ) ;
#30 = LINE ( 'NONE', #2699, #3073 ) ;
#31 = EDGE_CURVE ( 'NONE', #1279, #2948, #812, .T. ) ;
#32 = MECHANICAL_DESIGN_GEOMETRIC_PRESENTATION_REPRESENTATION (  '', ( #257 ), #557 ) ;
#34 = ORIENTED_EDGE ( 'NONE', *, *, #4217, .T. ) ;
#33 = CYLINDRICAL_SURFACE ( 'NONE', #662, 0.02000000000000000042 ) ;
#35 = CARTESIAN_POINT ( 'NONE',  ( 0.3224999999999999534, -0.1900000000000000300, -0.07499999999999984457 ) ) ;
#36 = CARTESIAN_POINT ( 'NONE',  ( 0.3210017126134957488, 0.4300000000000000488, 0.04141969765456169489 ) ) ;
#37 = SURFACE_STYLE_USAGE ( .BOTH. , #3949 ) ;
#38 = CARTESIAN_POINT ( 'NONE',  ( 0.5000000000000000000, 0.1000000000000000056, 0.06249999999999993061 ) ) ;
#39 = LINE ( 'NONE', #4571, #381 ) ;
#40 = CARTESIAN_POINT ( 'NONE',  ( 0.2135000000000000231, 0.0000000000000000000, 0.1050000000000000239 ) ) ;
#41 = ORIENTED_EDGE ( 'NONE', *, *, #3191, .T. ) ;
#42 = EDGE_LOOP ( 'NONE', ( #1688, #4990 ) ) ;
#43 = CARTESIAN_POINT ( 'NONE',  ( 0.3161322438531002366, 0.4299000000000001154, 0.001327948086022797411 ) ) ;
#44 = CARTESIAN_POINT ( 'NONE',  ( 0.3155262235721907338, 0.4298999999999998933, -0.05034149384105968128 ) ) ;
#45 = ORIENTED_EDGE ( 'NONE', *, *, #4385, .F. ) ;
#46 = CARTESIAN_POINT ( 'NONE',  ( 0.2824999999999999734, -0.5900000000000000799, 0.05700000000000000205 ) ) ;
#47 = CARTESIAN_POINT ( 'NONE',  ( 0.2491665465839428550, 0.4299999999999998268, 0.02495817385847657124 ) ) ;
#48 = AXIS2_PLACEMENT_3D ( 'NONE', #2415, #230, #3263 ) ;
#49 = EDGE_LOOP ( 'NONE', ( #752, #1443, #4713, #4270 ) ) ;
#50 = ADVANCED_FACE ( 'NONE', ( #4597 ), #3363, .T. ) ;
#51 = CARTESIAN_POINT ( 'NONE',  ( -0.2665000000000000147, -0.6900000000000000577, -0.05000000000000000278 ) ) ;
#52 = ORIENTED_EDGE ( 'NONE', *, *, #5430, .T. ) ;
#53 = CARTESIAN_POINT ( 'NONE',  ( 0.3003197486355602130, 0.4299999999999999933, -0.06144312688751114165 ) ) ;
#54 = CARTESIAN_POINT ( 'NONE',  ( 0.2378862068210394476, 0.4298999999999999488, -0.04505667917544848439 ) ) ;
#55 = ORIENTED_EDGE ( 'NONE', *, *, #4720, .T. ) ;
#56 = SURFACE_STYLE_USAGE ( .BOTH. , #4011 ) ;
#57 = CARTESIAN_POINT ( 'NONE',  ( 0.2824999999999999734, -0.5900000000000000799, -0.05700000000000000205 ) ) ;
#58 = ORIENTED_EDGE ( 'NONE', *, *, #4647, .F. ) ;
#59 = CARTESIAN_POINT ( 'NONE',  ( -0.1875000000000000278, 0.01000000000000000021, 0.08999999999999994116 ) ) ;
#60 = CARTESIAN_POINT ( 'NONE',  ( 0.2877798721932152137, 0.4299000000000001709, 0.05997798121872262994 ) ) ;
#62 = ORIENTED_EDGE ( 'NONE', *, *, #1398, .F. ) ;
#61 = LINE ( 'NONE', #1446, #3245 ) ;
#63 = EDGE_CURVE ( 'NONE', #4410, #3645, #3360, .T. ) ;
#64 = DIRECTION ( 'NONE',  ( 0.0000000000000000000, 0.0000000000000000000, -1.000000000000000000 ) ) ;
#65 = CARTESIAN_POINT ( 'NONE',  ( 0.3212869642820717631, 0.4299999999999999933, -0.03933670585193680541 ) ) ;
#66 = FILL_AREA_STYLE ('',( #3953 ) ) ;
#67 = DIRECTION ( 'NONE',  ( 0.0000000000000000000, 0.0000000000000000000, -1.000000000000000000 ) ) ;
#68 = CARTESIAN_POINT ( 'NONE',  ( 0.2504784066563069955, 0.4298999999999999488, 0.02875010788512847443 ) ) ;
#70 = ORIENTED_EDGE ( 'NONE', *, *, #5023, .T. ) ;
#69 = VECTOR ( 'NONE', #2852, 39.37007874015748143 ) ;
#71 = PRESENTATION_LAYER_ASSIGNMENT (  '', '', ( #2324 ) ) ;
#72 =( CONVERSION_BASED_UNIT ( 'INCH', #5402 ) LENGTH_UNIT ( ) NAMED_UNIT ( #5579 ) );
#73 = CARTESIAN_POINT ( 'NONE',  ( 0.5000000000000000000, 0.1000000000000000056, -9.092702177131151783E-17 ) ) ;
#74 = CARTESIAN_POINT ( 'NONE',  ( 0.2368999005880525754, 0.4299999999999999378, 0.03955869944171840763 ) ) ;
#75 = DIMENSIONAL_EXPONENTS ( 1.000000000000000000, 0.0000000000000000000, 0.0000000000000000000, 0.0000000000000000000, 0.0000000000000000000, 0.0000000000000000000, 0.0000000000000000000 ) ;
#76 = ORIENTED_EDGE ( 'NONE', *, *, #1811, .T. ) ;
#77 = CARTESIAN_POINT ( 'NONE',  ( -0.3674999999999999933, 0.4299999999999999933, 0.1250000000000000000 ) ) ;
#78 = CARTESIAN_POINT ( 'NONE',  ( 0.3072314146680820701, 0.4300000000000000488, 0.05416332934593941911 ) ) ;
#79 = CYLINDRICAL_SURFACE ( 'NONE', #1301, 0.06250000000000002776 ) ;
#80 = ADVANCED_FACE ( 'NONE', ( #4190 ), #33, .T. ) ;
#81 = EDGE_CURVE ( 'NONE', #1026, #1708, #246, .T. ) ;
#82 = FACE_OUTER_BOUND ( 'NONE', #1311, .T. ) ;
#83 = DIRECTION ( 'NONE',  ( -0.0000000000000000000, -1.000000000000000000, -0.0000000000000000000 ) ) ;
#84 = DIRECTION ( 'NONE',  ( -0.0000000000000000000, 1.000000000000000000, -0.0000000000000000000 ) ) ;
#85 =( NAMED_UNIT ( * ) SI_UNIT ( $, .STERADIAN. ) SOLID_ANGLE_UNIT ( ) );
#86 = DIRECTION ( 'NONE',  ( -0.0000000000000000000, 0.0000000000000000000, -1.000000000000000000 ) ) ;
#87 = DIRECTION ( 'NONE',  ( 0.0000000000000000000, 1.000000000000000000, 0.0000000000000000000 ) ) ;
#88 = FACE_OUTER_BOUND ( 'NONE', #5386, .T. ) ;
#89 = CARTESIAN_POINT ( 'NONE',  ( 0.3047873787318431948, 0.4299000000000000599, -0.005740203197538019941 ) ) ;
#90 = DIRECTION ( 'NONE',  ( 0.0000000000000000000, -1.000000000000000000, 0.0000000000000000000 ) ) ;
#91 = LINE ( 'NONE', #2517, #3134 ) ;
#92 = DIRECTION ( 'NONE',  ( 0.0000000000000000000, 0.0000000000000000000, -1.000000000000000000 ) ) ;
#93 = SURFACE_STYLE_FILL_AREA ( #3457 ) ;
#94 = CARTESIAN_POINT ( 'NONE',  ( -0.3043432128509486745, 0.4299999999999999933, 0.002908796344953273796 ) ) ;
#95 = AXIS2_PLACEMENT_3D ( 'NONE', #3792, #5446, #315 ) ;
#96 = COLOUR_RGB ( '',1.000000000000000000, 1.000000000000000000, 1.000000000000000000 ) ;
#97 = CARTESIAN_POINT ( 'NONE',  ( 0.2526667632206917591, 0.4300000000000001044, -0.03659322374732944944 ) ) ;
#98 = DIRECTION ( 'NONE',  ( 0.0000000000000000000, 0.0000000000000000000, -1.000000000000000000 ) ) ;
#99 = CARTESIAN_POINT ( 'NONE',  ( 0.3157339964326155157, 0.4298999999999998378, 0.04796929792500070899 ) ) ;
#100 = EDGE_CURVE ( 'NONE', #676, #1490, #1618, .T. ) ;
#101 = DIRECTION ( 'NONE',  ( 0.0000000000000000000, 0.0000000000000000000, -1.000000000000000000 ) ) ;
#103 = ORIENTED_EDGE ( 'NONE', *, *, #3690, .T. ) ;
#102 = SURFACE_STYLE_FILL_AREA ( #4696 ) ;
#104 = DIRECTION ( 'NONE',  ( 0.0000000000000000000, 0.0000000000000000000, -1.000000000000000000 ) ) ;
#105 = CARTESIAN_POINT ( 'NONE',  ( 0.2755262547173795706, 0.4299999999999999933, -0.06528216402680757369 ) ) ;
#106 = DIRECTION ( 'NONE',  ( 0.0000000000000000000, 0.0000000000000000000, 1.000000000000000000 ) ) ;
#107 = CARTESIAN_POINT ( 'NONE',  ( 0.0000000000000000000, -0.2321874999999999356, -0.02500000000000000139 ) ) ;
#109 = ORIENTED_EDGE ( 'NONE', *, *, #4566, .T. ) ;
#108 = LINE ( 'NONE', #4076, #3148 ) ;
#110 =( GEOMETRIC_REPRESENTATION_CONTEXT ( 3 ) GLOBAL_UNCERTAINTY_ASSIGNED_CONTEXT ( ( #5282 ) ) GLOBAL_UNIT_ASSIGNED_CONTEXT ( ( #2779, #1094, #1950 ) ) REPRESENTATION_CONTEXT ( 'NONE', 'WORKASPACE' ) );
#111 = CARTESIAN_POINT ( 'NONE',  ( 0.1875000000000000278, 0.01000000000000000021, -0.08999999999999994116 ) ) ;
#112 = ADVANCED_FACE ( 'NONE', ( #3012, #597 ), #429, .T. ) ;
#113 = CARTESIAN_POINT ( 'NONE',  ( -0.3674999999999999933, 0.4299999999999999933, -0.1250000000000000000 ) ) ;
#114 = CARTESIAN_POINT ( 'NONE',  ( 0.3674999999999999933, 0.4299999999999999933, -0.1250000000000000000 ) ) ;
#115 = FACE_OUTER_BOUND ( 'NONE', #2624, .T. ) ;
#116 = UNCERTAINTY_MEASURE_WITH_UNIT (LENGTH_MEASURE( 1.000000000000000082E-05 ), #2714, 'distance_accuracy_value', 'NONE');
#118 = ORIENTED_EDGE ( 'NONE', *, *, #1578, .F. ) ;
#117 = CIRCLE ( 'NONE', #5143, 0.01000000000000000368 ) ;
#119 = UNCERTAINTY_MEASURE_WITH_UNIT (LENGTH_MEASURE( 1.000000000000000082E-05 ), #802, 'distance_accuracy_value', 'NONE');
#120 = EDGE_CURVE ( 'NONE', #2023, #1565, #2747, .T. ) ;
#121 = DIRECTION ( 'NONE',  ( 0.0000000000000000000, -1.000000000000000000, 0.0000000000000000000 ) ) ;
#122 = DIRECTION ( 'NONE',  ( 0.0000000000000000000, -1.000000000000000000, 0.0000000000000000000 ) ) ;
#123 = EDGE_LOOP ( 'NONE', ( #515, #1619, #2704, #3590 ) ) ;
#124 = ORIENTED_EDGE ( 'NONE', *, *, #31, .F. ) ;
#125 = EDGE_LOOP ( 'NONE', ( #3013, #4349, #2756, #1764 ) ) ;
#126 = AXIS2_PLACEMENT_3D ( 'NONE', #4835, #3634, #4908 ) ;
#127 = CARTESIAN_POINT ( 'NONE',  ( 0.3017267643790603748, 0.4299000000000001154, 0.01121803033229758911 ) ) ;
#128 = CARTESIAN_POINT ( 'NONE',  ( -0.4850000000000000422, 0.1000000000000000056, 0.1250000000000000000 ) ) ;
#129 = CARTESIAN_POINT ( 'NONE',  ( 0.2522979310714476564, 0.4298999999999999488, -0.03296512212877023007 ) ) ;
#130 =( NAMED_UNIT ( * ) PLANE_ANGLE_UNIT ( ) SI_UNIT ( $, .RADIAN. ) );
#131 = VERTEX_POINT ( 'NONE', #809 ) ;
#132 = CARTESIAN_POINT ( 'NONE',  ( 0.2475929945864822346, 0.4299999999999999933, 0.01621616706563401913 ) ) ;
#133 = VERTEX_POINT ( 'NONE', #841 ) ;
#134 = PRESENTATION_LAYER_ASSIGNMENT (  '', '', ( #3723 ) ) ;
#135 = CARTESIAN_POINT ( 'NONE',  ( -0.2134999999999999121, -0.0000000000000000000, -0.1050000000000000239 ) ) ;
#136 = DIRECTION ( 'NONE',  ( -1.000000000000000000, 0.0000000000000000000, 0.0000000000000000000 ) ) ;
#137 = DIRECTION ( 'NONE',  ( -0.0000000000000000000, 1.000000000000000000, -0.0000000000000000000 ) ) ;
#138 = VERTEX_POINT ( 'NONE', #4686 ) ;
#139 = EDGE_CURVE ( 'NONE', #4658, #1651, #361, .T. ) ;
#140 = ADVANCED_FACE ( 'NONE', ( #3784 ), #4737, .F. ) ;
#141 = CARTESIAN_POINT ( 'NONE',  ( -0.1874999999999999722, 0.01000000000000000021, 0.02500000000000000139 ) ) ;
#143 = VERTEX_POINT ( 'NONE', #826 ) ;
#142 = FACE_OUTER_BOUND ( 'NONE', #2362, .T. ) ;
#144 = CARTESIAN_POINT ( 'NONE',  ( 0.2605020336537167136, 0.4300000000000001044, -0.06310780356895054344 ) ) ;
#145 = DIRECTION ( 'NONE',  ( 1.000000000000000000, 0.0000000000000000000, 0.0000000000000000000 ) ) ;
#146 = DIRECTION ( 'NONE',  ( 0.0000000000000000000, 0.0000000000000000000, 1.000000000000000000 ) ) ;
#148 = EDGE_LOOP ( 'NONE', ( #1634, #3863, #1492, #1704 ) ) ;
#147 = VECTOR ( 'NONE', #5346, 39.37007874015748143 ) ;
#149 =( NAMED_UNIT ( * ) SI_UNIT ( $, .STERADIAN. ) SOLID_ANGLE_UNIT ( ) );
#150 = CARTESIAN_POINT ( 'NONE',  ( 0.2989208828667565543, 0.4299999999999998268, 0.009550048775859939013 ) ) ;
#151 = CYLINDRICAL_SURFACE ( 'NONE', #263, 0.02500000000000002220 ) ;
#152 = EDGE_CURVE ( 'NONE', #2316, #1730, #318, .T. ) ;
#153 = AXIS2_PLACEMENT_3D ( 'NONE', #995, #542, #4018 ) ;
#154 = CIRCLE ( 'NONE', #4717, 0.02750000000000000014 ) ;
#155 = EDGE_CURVE ( 'NONE', #5417, #480, #3707, .T. ) ;
#156 = PRESENTATION_LAYER_ASSIGNMENT (  '', '', ( #4304 ) ) ;
#157 = DIRECTION ( 'NONE',  ( 0.0000000000000000000, 0.0000000000000000000, -1.000000000000000000 ) ) ;
#158 =( NAMED_UNIT ( * ) SI_UNIT ( $, .STERADIAN. ) SOLID_ANGLE_UNIT ( ) );
#159 = LINE ( 'NONE', #4396, #4634 ) ;
#160 = CARTESIAN_POINT ( 'NONE',  ( -0.2313420158024771522, 0.4298999999999999488, 0.06004016794810488472 ) ) ;
#161 = CARTESIAN_POINT ( 'NONE',  ( 0.2761983233086934275, 0.4299999999999999933, 0.04587399017221738956 ) ) ;
#162 = DIMENSIONAL_EXPONENTS ( 1.000000000000000000, 0.0000000000000000000, 0.0000000000000000000, 0.0000000000000000000, 0.0000000000000000000, 0.0000000000000000000, 0.0000000000000000000 ) ;
#163 =( LENGTH_UNIT ( ) NAMED_UNIT ( * ) SI_UNIT ( $, .METRE. ) );
#164 = CARTESIAN_POINT ( 'NONE',  ( 0.2274999999999999523, -0.1849999999999999978, -0.02500000000000002220 ) ) ;
#165 = CARTESIAN_POINT ( 'NONE',  ( 0.3161322438531002366, 0.4300000000000002154, 0.001327948086022797411 ) ) ;
#166 = AXIS2_PLACEMENT_3D ( 'NONE', #4401, #1302, #481 ) ;
#167 = LINE ( 'NONE', #1835, #586 ) ;
#168 = VERTEX_POINT ( 'NONE', #1296 ) ;
#169 = CARTESIAN_POINT ( 'NONE',  ( 0.2849009092347495331, 0.4299999999999999933, 0.04593859462548697398 ) ) ;
#170 = CARTESIAN_POINT ( 'NONE',  ( 0.3260086026692393113, 0.4299999999999999933, 0.02383718397617697049 ) ) ;
#171 = PRESENTATION_LAYER_ASSIGNMENT (  '', '', ( #2969 ) ) ;
#172 = LINE ( 'NONE', #4317, #3494 ) ;
#173 = EDGE_LOOP ( 'NONE', ( #1300, #4927, #2221, #1268 ) ) ;
#174 = CARTESIAN_POINT ( 'NONE',  ( 0.2834078865823752569, 0.4299000000000001709, -0.01241734875201551229 ) ) ;
#175 = DIRECTION ( 'NONE',  ( 0.0000000000000000000, -1.000000000000000000, 0.0000000000000000000 ) ) ;
#176 = SURFACE_STYLE_USAGE ( .BOTH. , #4134 ) ;
#177 = EDGE_CURVE ( 'NONE', #1974, #1091, #4588, .T. ) ;
#178 = ORIENTED_EDGE ( 'NONE', *, *, #581, .F. ) ;
#179 = DIRECTION ( 'NONE',  ( -0.0000000000000000000, -1.000000000000000000, -0.0000000000000000000 ) ) ;
#180 = ORIENTED_EDGE ( 'NONE', *, *, #570, .T. ) ;
#181 = CARTESIAN_POINT ( 'NONE',  ( 0.3082065254323517745, 0.4300000000000000488, -0.05722823583920149532 ) ) ;
#182 = UNCERTAINTY_MEASURE_WITH_UNIT (LENGTH_MEASURE( 1.000000000000000082E-05 ), #2202, 'distance_accuracy_value', 'NONE');
#183 = FILL_AREA_STYLE_COLOUR ( '', #96 ) ;
#184 = ORIENTED_EDGE ( 'NONE', *, *, #4762, .F. ) ;
#185 = CARTESIAN_POINT ( 'NONE',  ( 0.3121210090983381757, 0.4298999999999999488, -0.001768449280119495804 ) ) ;
#186 = ORIENTED_EDGE ( 'NONE', *, *, #2613, .T. ) ;
#187 = EDGE_LOOP ( 'NONE', ( #4255, #1677 ) ) ;
#188 = EDGE_CURVE ( 'NONE', #5302, #1409, #2606, .T. ) ;
#189 = VERTEX_POINT ( 'NONE', #3085 ) ;
#190 = CARTESIAN_POINT ( 'NONE',  ( 0.2924720597273554046, 0.4299000000000000599, 0.04448869151779624026 ) ) ;
#191 = CARTESIAN_POINT ( 'NONE',  ( 0.2546718468999320528, 0.4300000000000000488, -0.04158120904395345985 ) ) ;
#192 = ADVANCED_FACE ( 'NONE', ( #1477 ), #1417, .F. ) ;
#194 = ORIENTED_EDGE ( 'NONE', *, *, #236, .F. ) ;
#193 = EDGE_LOOP ( 'NONE', ( #2690, #5319, #2979, #863 ) ) ;
#195 = PLANE ( 'NONE',  #3520 ) ;
#196 = CARTESIAN_POINT ( 'NONE',  ( 0.2515607065360382366, 0.4300000000000002154, 0.05366369116334548245 ) ) ;
#197 = ORIENTED_EDGE ( 'NONE', *, *, #3257, .T. ) ;
#198 =( NAMED_UNIT ( * ) PLANE_ANGLE_UNIT ( ) SI_UNIT ( $, .RADIAN. ) );
#199 = CARTESIAN_POINT ( 'NONE',  ( 0.3102510421220212589, 0.4299999999999999933, -0.05569422840005727043 ) ) ;
#200 = VECTOR ( 'NONE', #4384, 39.37007874015748143 ) ;
#201 = DIRECTION ( 'NONE',  ( -0.0000000000000000000, 0.0000000000000000000, -1.000000000000000000 ) ) ;
#203 = ORIENTED_EDGE ( 'NONE', *, *, #2076, .F. ) ;
#202 = VECTOR ( 'NONE', #2932, 39.37007874015748854 ) ;
#204 = CARTESIAN_POINT ( 'NONE',  ( 0.3257230031893184052, 0.4298999999999998378, 0.01911867275281355777 ) ) ;
#205 = EDGE_CURVE ( 'NONE', #2241, #3588, #117, .T. ) ;
#206 = CARTESIAN_POINT ( 'NONE',  ( 0.2523425128370230808, 0.4300000000000000488, -0.03191266278687514973 ) ) ;
#207 = CARTESIAN_POINT ( 'NONE',  ( 0.2888015476471353371, 0.4300000000000001044, 0.04533908285656011034 ) ) ;
#208 = CARTESIAN_POINT ( 'NONE',  ( -0.3043432128509486745, 0.4298999999999999488, -0.01137404655583462536 ) ) ;
#209 = LINE ( 'NONE', #141, #1577 ) ;
#210 =( GEOMETRIC_REPRESENTATION_CONTEXT ( 3 ) GLOBAL_UNCERTAINTY_ASSIGNED_CONTEXT ( ( #464 ) ) GLOBAL_UNIT_ASSIGNED_CONTEXT ( ( #3408, #3868, #4294 ) ) REPRESENTATION_CONTEXT ( 'NONE', 'WORKASPACE' ) );
#211 = UNCERTAINTY_MEASURE_WITH_UNIT (LENGTH_MEASURE( 1.000000000000000082E-05 ), #5484, 'distance_accuracy_value', 'NONE');
#212 = DIRECTION ( 'NONE',  ( -0.0000000000000000000, 1.000000000000000000, -0.0000000000000000000 ) ) ;
#213 = DIRECTION ( 'NONE',  ( 1.000000000000000000, -0.0000000000000000000, -0.0000000000000000000 ) ) ;
#214 = FILL_AREA_STYLE ('',( #2734 ) ) ;
#215 = CARTESIAN_POINT ( 'NONE',  ( 0.2761983233086934275, 0.4299999999999999933, 0.04587399017221738956 ) ) ;
#216 = LINE ( 'NONE', #1450, #2722 ) ;
#217 = ADVANCED_FACE ( 'NONE', ( #5494 ), #471, .F. ) ;
#218 = CARTESIAN_POINT ( 'NONE',  ( 0.2775134500455592734, 0.4299999999999999933, -0.06533606534043336078 ) ) ;
#219 = VECTOR ( 'NONE', #6, 39.37007874015748143 ) ;
#220 = EDGE_CURVE ( 'NONE', #1297, #4458, #2548, .T. ) ;
#221 = LINE ( 'NONE', #2048, #1320 ) ;
#222 = DIRECTION ( 'NONE',  ( -0.0000000000000000000, 1.000000000000000000, -0.0000000000000000000 ) ) ;
#223 = CIRCLE ( 'NONE', #1117, 0.02000000000000000042 ) ;
#224 = AXIS2_PLACEMENT_3D ( 'NONE', #1112, #5372, #4928 ) ;
#225 =( NAMED_UNIT ( * ) PLANE_ANGLE_UNIT ( ) SI_UNIT ( $, .RADIAN. ) );
#226 = DIRECTION ( 'NONE',  ( 0.0000000000000000000, -0.0000000000000000000, -1.000000000000000000 ) ) ;
#227 = AXIS2_PLACEMENT_3D ( 'NONE', #628, #3652, #1554 ) ;
#228 = FILL_AREA_STYLE ('',( #272 ) ) ;
#229 = LINE ( 'NONE', #2125, #4700 ) ;
#230 = DIRECTION ( 'NONE',  ( 0.0000000000000000000, -1.000000000000000000, 0.0000000000000000000 ) ) ;
#231 = CARTESIAN_POINT ( 'NONE',  ( 0.2491665465839428550, 0.4299999999999998268, 0.02495817385847657124 ) ) ;
#232 = CARTESIAN_POINT ( 'NONE',  ( 0.2666225322901720207, 0.4298999999999998933, 0.05889666197663265268 ) ) ;
#233 = EDGE_LOOP ( 'NONE', ( #4909, #1821, #1626, #1141 ) ) ;
#234 = DIRECTION ( 'NONE',  ( -0.0000000000000000000, 1.000000000000000000, 0.0000000000000000000 ) ) ;
#235 = CARTESIAN_POINT ( 'NONE',  ( 0.3174397901875337102, 0.4299999999999999933, -0.04761627757860010385 ) ) ;
#236 = EDGE_CURVE ( 'NONE', #1911, #1506, #5475, .T. ) ;
#237 = DIRECTION ( 'NONE',  ( -0.0000000000000000000, 1.000000000000000000, -0.0000000000000000000 ) ) ;
#238 = VECTOR ( 'NONE', #212, 39.37007874015748143 ) ;
#239 = EDGE_LOOP ( 'NONE', ( #4969, #5239 ) ) ;
#240 = CARTESIAN_POINT ( 'NONE',  ( -0.1874999999999999722, -0.1900000000000000300, 0.07499999999999984457 ) ) ;
#241 = CARTESIAN_POINT ( 'NONE',  ( 0.2994260488757903849, 0.4299000000000000599, -0.04420676391064211341 ) ) ;
#242 = B_SPLINE_CURVE_WITH_KNOTS ( 'NONE', 3,
 ( #1218, #4679, #422, #3448, #3884, #1288, #13, #1343, #1751, #3922, #5193, #1305, #3961, #916, #2609, #443, #2162, #4783, #3508 ),
 .UNSPECIFIED., .F., .F.,
 ( 4, 1, 1, 1, 1, 1, 1, 1, 1, 1, 1, 1, 1, 1, 1, 1, 4 ),
 ( 0.0000000000000000000, 0.06715546744904547782, 0.1314033464826143416, 0.1927317719102089877, 0.2512526591565255041, 0.3077037298841910906, 0.3626989162982001136, 0.4177783327854304729, 0.4723043857981139571, 0.5278725997916963175, 0.5852299868117372128, 0.6450565760102915380, 0.7079523564294422089, 0.7744342720454279183, 0.8449404313752603146, 0.9204035944750273979, 1.000000000000000000 ),
 .UNSPECIFIED. ) ;
#243 = CARTESIAN_POINT ( 'NONE',  ( 0.2516668317063299742, 0.4298999999999999488, -0.006174934912991160083 ) ) ;
#244 = DIRECTION ( 'NONE',  ( 0.0000000000000000000, 0.0000000000000000000, 1.000000000000000000 ) ) ;
#245 = CARTESIAN_POINT ( 'NONE',  ( 0.3095788001039446180, 0.4300000000000000488, 0.05279307729203277372 ) ) ;
#247 = VERTEX_POINT ( 'NONE', #488 ) ;
#246 = LINE ( 'NONE', #1167, #3920 ) ;
#248 = AXIS2_PLACEMENT_3D ( 'NONE', #2945, #2616, #5235 ) ;
#249 = ADVANCED_FACE ( 'NONE', ( #2478 ), #959, .T. ) ;
#250 = ORIENTED_EDGE ( 'NONE', *, *, #2425, .F. ) ;
#251 = CARTESIAN_POINT ( 'NONE',  ( 0.2321309316513406329, 0.4299999999999999933, 0.02854876147812348414 ) ) ;
#252 = CARTESIAN_POINT ( 'NONE',  ( -0.2665000000000000147, -0.6900000000000000577, -0.05000000000000000278 ) ) ;
#253 = PLANE ( 'NONE',  #417 ) ;
#254 = EDGE_LOOP ( 'NONE', ( #4535, #2539, #2748, #4673 ) ) ;
#255 = ORIENTED_EDGE ( 'NONE', *, *, #2962, .F. ) ;
#256 = EDGE_CURVE ( 'NONE', #2833, #1409, #4120, .T. ) ;
#257 = STYLED_ITEM ( 'NONE', ( #5138 ), #4041 ) ;
#258 = CARTESIAN_POINT ( 'NONE',  ( 0.2824999999999999734, -0.5900000000000000799, 0.05700000000000000205 ) ) ;
#259 = CARTESIAN_POINT ( 'NONE',  ( 0.2397512649296997256, 0.4299999999999999378, -0.04843826883629673286 ) ) ;
#260 = EDGE_LOOP ( 'NONE', ( #52, #4614, #799, #5141 ) ) ;
#261 = CARTESIAN_POINT ( 'NONE',  ( 0.3239924728386529007, 0.4300000000000001044, 0.01253080524794042937 ) ) ;
#262 = ORIENTED_EDGE ( 'NONE', *, *, #4697, .T. ) ;
#263 = AXIS2_PLACEMENT_3D ( 'NONE', #3170, #4510, #3617 ) ;
#264 = CARTESIAN_POINT ( 'NONE',  ( -0.3043432128509486745, 0.4298999999999999488, -0.04946162762460235701 ) ) ;
#265 = CARTESIAN_POINT ( 'NONE',  ( 0.2815812597148523166, 0.4299000000000000599, 0.06012890759197796892 ) ) ;
#266 = EDGE_CURVE ( 'NONE', #1955, #4961, #2276, .T. ) ;
#267 = EDGE_LOOP ( 'NONE', ( #702, #2428, #1825, #2086 ) ) ;
#268 = CARTESIAN_POINT ( 'NONE',  ( 0.2394460734542082081, 0.4299000000000000599, -0.01660858596188121220 ) ) ;
#269 = CARTESIAN_POINT ( 'NONE',  ( 0.2368999005880525754, 0.4298999999999998378, 0.03955869944171840763 ) ) ;
#270 = CARTESIAN_POINT ( 'NONE',  ( 0.3072314146680820701, 0.4300000000000000488, 0.05416332934593941911 ) ) ;
#271 = EDGE_LOOP ( 'NONE', ( #3657, #2438, #806, #3366 ) ) ;
#272 = FILL_AREA_STYLE_COLOUR ( '', #3846 ) ;
#273 = DIRECTION ( 'NONE',  ( 0.0000000000000000000, 0.0000000000000000000, -1.000000000000000000 ) ) ;
#274 = CARTESIAN_POINT ( 'NONE',  ( 0.3155262235721907338, 0.4298999999999998933, -0.05034149384105968128 ) ) ;
#275 = CARTESIAN_POINT ( 'NONE',  ( 0.2313760650413360931, 0.4299999999999999933, 0.02559205648479012316 ) ) ;
#276 = DIRECTION ( 'NONE',  ( -0.0000000000000000000, 1.000000000000000000, -0.0000000000000000000 ) ) ;
#277 = EDGE_LOOP ( 'NONE', ( #2604, #5508, #1749, #5026 ) ) ;
#278 = PRESENTATION_LAYER_ASSIGNMENT (  '', '', ( #3776 ) ) ;
#279 = DIRECTION ( 'NONE',  ( 0.0000000000000000000, 0.0000000000000000000, 1.000000000000000000 ) ) ;
#280 = CARTESIAN_POINT ( 'NONE',  ( 0.3055109314996950487, 0.4299000000000000599, -0.03014083291461705852 ) ) ;
#282 = ORIENTED_EDGE ( 'NONE', *, *, #5252, .T. ) ;
#281 = VECTOR ( 'NONE', #3580, 39.37007874015748143 ) ;
#283 = EDGE_CURVE ( 'NONE', #1738, #4921, #3008, .T. ) ;
#284 = FACE_OUTER_BOUND ( 'NONE', #2151, .T. ) ;
#285 = DIRECTION ( 'NONE',  ( 0.0000000000000000000, 0.0000000000000000000, -1.000000000000000000 ) ) ;
#286 = CARTESIAN_POINT ( 'NONE',  ( -0.2345159808915411315, 0.4299999999999999933, -0.06374447052539027048 ) ) ;
#287 = SURFACE_STYLE_USAGE ( .BOTH. , #2880 ) ;
#288 = AXIS2_PLACEMENT_3D ( 'NONE', #2006, #1240, #5523 ) ;
#289 = UNCERTAINTY_MEASURE_WITH_UNIT (LENGTH_MEASURE( 1.000000000000000082E-05 ), #1021, 'distance_accuracy_value', 'NONE');
#290 = CIRCLE ( 'NONE', #643, 0.01000000000000000368 ) ;
#291 = EDGE_CURVE ( 'NONE', #3935, #1155, #2411, .T. ) ;
#292 =( GEOMETRIC_REPRESENTATION_CONTEXT ( 3 ) GLOBAL_UNCERTAINTY_ASSIGNED_CONTEXT ( ( #1718 ) ) GLOBAL_UNIT_ASSIGNED_CONTEXT ( ( #2828, #1536, #669 ) ) REPRESENTATION_CONTEXT ( 'NONE', 'WORKASPACE' ) );
#293 = CARTESIAN_POINT ( 'NONE',  ( 0.2313760650413360931, 0.4298999999999999488, 0.02559205648479012316 ) ) ;
#294 =( NAMED_UNIT ( * ) PLANE_ANGLE_UNIT ( ) SI_UNIT ( $, .RADIAN. ) );
#295 = CARTESIAN_POINT ( 'NONE',  ( 0.2515607065360382366, 0.4300000000000001044, 0.05366369116334548245 ) ) ;
#296 = CIRCLE ( 'NONE', #1222, 0.01000000000000000368 ) ;
#297 = LINE ( 'NONE', #5004, #3766 ) ;
#298 = DIRECTION ( 'NONE',  ( 0.0000000000000000000, 0.0000000000000000000, -1.000000000000000000 ) ) ;
#299 = CARTESIAN_POINT ( 'NONE',  ( 0.2716350124592172843, 0.4299000000000000599, -0.06517661674296647278 ) ) ;
#300 = LENGTH_MEASURE_WITH_UNIT ( LENGTH_MEASURE( 0.02539999999999999897 ), #5354 );
#301 = EDGE_CURVE ( 'NONE', #409, #3940, #1676, .T. ) ;
#302 = DIRECTION ( 'NONE',  ( 0.0000000000000000000, 0.0000000000000000000, 1.000000000000000000 ) ) ;
#303 = SURFACE_STYLE_USAGE ( .BOTH. , #4648 ) ;
#304 = CARTESIAN_POINT ( 'NONE',  ( 0.2906669979387604408, 0.4298999999999997823, 0.006364761100505405243 ) ) ;
#305 = DIRECTION ( 'NONE',  ( -1.000000000000000000, 0.0000000000000000000, 0.0000000000000000000 ) ) ;
#306 = CIRCLE ( 'NONE', #2749, 0.01000000000000000368 ) ;
#307 = CARTESIAN_POINT ( 'NONE',  ( -0.2665000000000000147, -0.6900000000000000577, 0.05000000000000000278 ) ) ;
#308 = DIRECTION ( 'NONE',  ( 0.0000000000000000000, 0.0000000000000000000, -1.000000000000000000 ) ) ;
#309 = DIMENSIONAL_EXPONENTS ( 1.000000000000000000, 0.0000000000000000000, 0.0000000000000000000, 0.0000000000000000000, 0.0000000000000000000, 0.0000000000000000000, 0.0000000000000000000 ) ;
#310 = PRESENTATION_STYLE_ASSIGNMENT (( #2186 ) ) ;
#312 = ORIENTED_EDGE ( 'NONE', *, *, #3367, .T. ) ;
#311 = FACE_OUTER_BOUND ( 'NONE', #1890, .T. ) ;
#313 = DIRECTION ( 'NONE',  ( -0.0000000000000000000, 1.000000000000000000, -0.0000000000000000000 ) ) ;
#314 = FILL_AREA_STYLE_COLOUR ( '', #1471 ) ;
#315 = DIRECTION ( 'NONE',  ( 0.0000000000000000000, 0.0000000000000000000, -1.000000000000000000 ) ) ;
#316 = VECTOR ( 'NONE', #5243, 39.37007874015748143 ) ;
#317 = FILL_AREA_STYLE ('',( #2027 ) ) ;
#319 = ORIENTED_EDGE ( 'NONE', *, *, #1160, .T. ) ;
#318 = LINE ( 'NONE', #3455, #4771 ) ;
#320 = EDGE_CURVE ( 'NONE', #3716, #4601, #5561, .T. ) ;
#321 = CARTESIAN_POINT ( 'NONE',  ( 0.2415701087355151544, 0.4300000000000000488, -0.05099541180453439487 ) ) ;
#322 = DIRECTION ( 'NONE',  ( 0.0000000000000000000, -0.0000000000000000000, -1.000000000000000000 ) ) ;
#323 = CARTESIAN_POINT ( 'NONE',  ( 0.1875000000000000278, 0.0000000000000000000, -0.08999999999999994116 ) ) ;
#324 = ORIENTED_EDGE ( 'NONE', *, *, #100, .F. ) ;
#325 = VERTEX_POINT ( 'NONE', #1465 ) ;
#326 = B_SPLINE_CURVE_WITH_KNOTS ( 'NONE', 3,
 ( #4202, #5011, #2840, #2040, #2408, #4622, #5419, #2429, #1977, #2857, #3719, #245, #270, #5460, #3765, #2899, #722, #3314, #1192 ),
 .UNSPECIFIED., .F., .F.,
 ( 4, 1, 1, 1, 1, 1, 1, 1, 1, 1, 1, 1, 1, 1, 1, 1, 4 ),
 ( 0.0000000000000000000, 0.07481596665055524620, 0.1485345605139197500, 0.2238723272963844546, 0.3012971209351246737, 0.3408936290197579488, 0.3803400620654404096, 0.4201265887284643119, 0.4599499070829666247, 0.5008311555562172668, 0.5419071755971086590, 0.5844387941530514441, 0.6280801713306070067, 0.7172666799070603894, 0.8078600064218678378, 0.9019246558363446242, 1.000000000000000000 ),
 .UNSPECIFIED. ) ;
#327 = EDGE_LOOP ( 'NONE', ( #2226, #4529 ) ) ;
#328 = CARTESIAN_POINT ( 'NONE',  ( -0.2074999999999999623, -0.1900000000000000300, -0.07499999999999999722 ) ) ;
#329 = CARTESIAN_POINT ( 'NONE',  ( 0.3087571688910327738, 0.4299999999999999933, 0.02467034981205626365 ) ) ;
#330 = FILL_AREA_STYLE_COLOUR ( '', #1414 ) ;
#331 = AXIS2_PLACEMENT_3D ( 'NONE', #5373, #3689, #616 ) ;
#332 = EDGE_LOOP ( 'NONE', ( #4667, #2615, #5364, #2297 ) ) ;
#333 = VERTEX_POINT ( 'NONE', #3198 ) ;
#334 = EDGE_LOOP ( 'NONE', ( #957, #1096, #5166, #951 ) ) ;
#335 = PRESENTATION_LAYER_ASSIGNMENT (  '', '', ( #3223 ) ) ;
#336 =( NAMED_UNIT ( * ) PLANE_ANGLE_UNIT ( ) SI_UNIT ( $, .RADIAN. ) );
#337 = DIRECTION ( 'NONE',  ( 0.0000000000000000000, 0.0000000000000000000, -1.000000000000000000 ) ) ;
#338 = ORIENTED_EDGE ( 'NONE', *, *, #3925, .F. ) ;
#339 = EDGE_CURVE ( 'NONE', #247, #138, #2741, .T. ) ;
#340 = DIMENSIONAL_EXPONENTS ( 1.000000000000000000, 0.0000000000000000000, 0.0000000000000000000, 0.0000000000000000000, 0.0000000000000000000, 0.0000000000000000000, 0.0000000000000000000 ) ;
#341 = CIRCLE ( 'NONE', #5469, 0.02000000000000000042 ) ;
#342 = CARTESIAN_POINT ( 'NONE',  ( 0.2529723898636902502, 0.4300000000000001044, -0.06011717865557827251 ) ) ;
#343 = AXIS2_PLACEMENT_3D ( 'NONE', #944, #3460, #3913 ) ;
#345 = ORIENTED_EDGE ( 'NONE', *, *, #3866, .T. ) ;
#344 = CIRCLE ( 'NONE', #2890, 0.01000000000000000368 ) ;
#346 = DIRECTION ( 'NONE',  ( 0.0000000000000000000, -0.0000000000000000000, 1.000000000000000000 ) ) ;
#348 = ORIENTED_EDGE ( 'NONE', *, *, #100, .T. ) ;
#347 = FACE_OUTER_BOUND ( 'NONE', #886, .T. ) ;
#349 = MECHANICAL_DESIGN_GEOMETRIC_PRESENTATION_REPRESENTATION (  '', ( #833 ), #5461 ) ;
#350 = SURFACE_STYLE_FILL_AREA ( #1364 ) ;
#351 = CARTESIAN_POINT ( 'NONE',  ( -0.2345159808915411315, 0.4299999999999999933, -0.04946162762460235701 ) ) ;
#352 = DIRECTION ( 'NONE',  ( -0.0000000000000000000, 1.000000000000000000, -0.0000000000000000000 ) ) ;
#353 = CARTESIAN_POINT ( 'NONE',  ( 0.2516668317063299742, 0.4300000000000000488, -0.006174934912991160083 ) ) ;
#354 = CARTESIAN_POINT ( 'NONE',  ( 0.2824999999999999734, -0.5900000000000000799, -0.03699999999999999817 ) ) ;
#355 = CARTESIAN_POINT ( 'NONE',  ( 0.2566843041485769028, 0.4299999999999999933, -0.02215847113986527464 ) ) ;
#356 = CIRCLE ( 'NONE', #95, 0.1250000000000000000 ) ;
#357 = CARTESIAN_POINT ( 'NONE',  ( 0.2826143713924981204, 0.4299000000000000599, 0.004071890721567321403 ) ) ;
#358 = LENGTH_MEASURE_WITH_UNIT ( LENGTH_MEASURE( 0.02539999999999999897 ), #5501 );
#359 = UNCERTAINTY_MEASURE_WITH_UNIT (LENGTH_MEASURE( 1.000000000000000082E-05 ), #3347, 'distance_accuracy_value', 'NONE');
#360 = DIRECTION ( 'NONE',  ( 0.0000000000000000000, 0.0000000000000000000, -1.000000000000000000 ) ) ;
#361 = B_SPLINE_CURVE_WITH_KNOTS ( 'NONE', 3,
 ( #5109, #2966, #3431, #1724, #4299, #1275, #2133, #357, #2529, #373, #1312, #3387, #2098, #5128, #5091, #5541, #2982, #3402, #5564 ),
 .UNSPECIFIED., .F., .F.,
 ( 4, 1, 1, 1, 1, 1, 1, 1, 1, 1, 1, 1, 1, 1, 1, 1, 4 ),
 ( 0.0000000000000000000, 0.03120011115393710871, 0.07048671901620059965, 0.1172148300204125110, 0.1715755269954921114, 0.2341219784876092114, 0.3039626396728067892, 0.3821556401561967964, 0.4676462220680256410, 0.5543353814021604320, 0.6350744656665042731, 0.7100366878785244751, 0.7790924037748320208, 0.8429656453505103286, 0.9010012068505274252, 0.9532462564590258314, 1.000000000000000000 ),
 .UNSPECIFIED. ) ;
#362 = UNCERTAINTY_MEASURE_WITH_UNIT (LENGTH_MEASURE( 1.000000000000000082E-05 ), #758, 'distance_accuracy_value', 'NONE');
#363 = CARTESIAN_POINT ( 'NONE',  ( 0.2792454552687483327, 0.4298999999999999488, -0.05119848296823719530 ) ) ;
#364 = VECTOR ( 'NONE', #3403, 39.37007874015748143 ) ;
#365 = VECTOR ( 'NONE', #3764, 39.37007874015748143 ) ;
#366 = LINE ( 'NONE', #4806, #2867 ) ;
#367 = PRESENTATION_LAYER_ASSIGNMENT (  '', '', ( #3481 ) ) ;
#368 = CARTESIAN_POINT ( 'NONE',  ( 0.2824999999999999734, -1.046568542494923815, -0.07700000000000001288 ) ) ;
#369 = CARTESIAN_POINT ( 'NONE',  ( -0.3224999999999999534, -0.1900000000000000300, 0.07499999999999984457 ) ) ;
#370 = CARTESIAN_POINT ( 'NONE',  ( -0.3024999999999998246, 0.01000000000000000021, 0.09499999999999998723 ) ) ;
#371 = CIRCLE ( 'NONE', #1146, 0.02750000000000000014 ) ;
#372 = EDGE_CURVE ( 'NONE', #2920, #5442, #1140, .T. ) ;
#373 = CARTESIAN_POINT ( 'NONE',  ( 0.2756334967288451288, 0.4298999999999998933, 0.002220381865103911254 ) ) ;
#374 = ORIENTED_EDGE ( 'NONE', *, *, #5430, .F. ) ;
#375 = CARTESIAN_POINT ( 'NONE',  ( 0.2596534898542988690, 0.4299000000000000599, -0.002611569981771415683 ) ) ;
#376 = CARTESIAN_POINT ( 'NONE',  ( 0.2989053294818830309, 0.4298999999999999488, 0.04164030919898540489 ) ) ;
#377 = CARTESIAN_POINT ( 'NONE',  ( 0.2940925619040098415, 0.4298999999999998933, -0.04813562738775937350 ) ) ;
#378 = VECTOR ( 'NONE', #5365, 39.37007874015748143 ) ;
#379 = SURFACE_SIDE_STYLE ('',( #4168 ) ) ;
#380 = ORIENTED_EDGE ( 'NONE', *, *, #1953, .T. ) ;
#381 = VECTOR ( 'NONE', #2552, 39.37007874015748143 ) ;
#382 = ORIENTED_EDGE ( 'NONE', *, *, #4498, .T. ) ;
#383 = SURFACE_STYLE_USAGE ( .BOTH. , #4761 ) ;
#384 = CARTESIAN_POINT ( 'NONE',  ( 0.3026555264855561589, 0.4298999999999998933, -0.006631610375094823713 ) ) ;
#385 = MECHANICAL_DESIGN_GEOMETRIC_PRESENTATION_REPRESENTATION (  '', ( #3177 ), #693 ) ;
#386 = DIRECTION ( 'NONE',  ( 0.0000000000000000000, -1.000000000000000000, 0.0000000000000000000 ) ) ;
#387 = CARTESIAN_POINT ( 'NONE',  ( 0.3026555264855561589, 0.4299999999999999378, -0.006631610375094823713 ) ) ;
#388 = ORIENTED_EDGE ( 'NONE', *, *, #2671, .T. ) ;
#389 = EDGE_CURVE ( 'NONE', #3708, #3071, #4314, .T. ) ;
#390 = ORIENTED_EDGE ( 'NONE', *, *, #3510, .T. ) ;
#391 = ORIENTED_EDGE ( 'NONE', *, *, #3257, .F. ) ;
#392 = DIRECTION ( 'NONE',  ( 0.0000000000000000000, 1.000000000000000000, 0.0000000000000000000 ) ) ;
#393 = B_SPLINE_CURVE_WITH_KNOTS ( 'NONE', 3,
 ( #5227, #206, #4897, #1513, #3626, #4878, #2817 ),
 .UNSPECIFIED., .F., .F.,
 ( 4, 1, 1, 1, 4 ),
 ( 0.0000000000000000000, 0.2627412305282684213, 0.5099565029432329144, 0.7533267184204511802, 1.000000000000000000 ),
 .UNSPECIFIED. ) ;
#394 = CARTESIAN_POINT ( 'NONE',  ( -0.3674999999999999933, 0.0000000000000000000, 0.1250000000000000000 ) ) ;
#395 = ORIENTED_EDGE ( 'NONE', *, *, #5398, .F. ) ;
#396 = CARTESIAN_POINT ( 'NONE',  ( -0.2313420158024771522, 0.4299999999999999933, 0.04575732504731698513 ) ) ;
#397 = ORIENTED_EDGE ( 'NONE', *, *, #1460, .F. ) ;
#398 = AXIS2_PLACEMENT_3D ( 'NONE', #2824, #3299, #2861 ) ;
#399 = AXIS2_PLACEMENT_3D ( 'NONE', #4130, #2805, #3769 ) ;
#401 = EDGE_LOOP ( 'NONE', ( #3424, #1354, #197, #388 ) ) ;
#400 = PRESENTATION_STYLE_ASSIGNMENT (( #4097 ) ) ;
#402 = SURFACE_STYLE_USAGE ( .BOTH. , #5554 ) ;
#403 = DIRECTION ( 'NONE',  ( 0.0000000000000000000, -1.000000000000000000, 0.0000000000000000000 ) ) ;
#404 = CARTESIAN_POINT ( 'NONE',  ( 0.3259447618211209208, 0.4300000000000000488, 0.02543590669593466524 ) ) ;
#405 = VECTOR ( 'NONE', #5190, 39.37007874015748143 ) ;
#406 = DIRECTION ( 'NONE',  ( 0.0000000000000000000, 0.0000000000000000000, -1.000000000000000000 ) ) ;
#407 = EDGE_CURVE ( 'NONE', #4121, #4135, #108, .T. ) ;
#408 = CARTESIAN_POINT ( 'NONE',  ( 0.2135000000000000231, 0.01000000000000000021, 0.1050000000000000239 ) ) ;
#409 = VERTEX_POINT ( 'NONE', #2342 ) ;
#410 =( GEOMETRIC_REPRESENTATION_CONTEXT ( 3 ) GLOBAL_UNCERTAINTY_ASSIGNED_CONTEXT ( ( #2128 ) ) GLOBAL_UNIT_ASSIGNED_CONTEXT ( ( #2470, #2849, #2441 ) ) REPRESENTATION_CONTEXT ( 'NONE', 'WORKASPACE' ) );
#411 =( GEOMETRIC_REPRESENTATION_CONTEXT ( 3 ) GLOBAL_UNCERTAINTY_ASSIGNED_CONTEXT ( ( #3442 ) ) GLOBAL_UNIT_ASSIGNED_CONTEXT ( ( #3824, #5115, #3435 ) ) REPRESENTATION_CONTEXT ( 'NONE', 'WORKASPACE' ) );
#412 = DIRECTION ( 'NONE',  ( 0.0000000000000000000, 0.0000000000000000000, -1.000000000000000000 ) ) ;
#413 = CARTESIAN_POINT ( 'NONE',  ( 0.2756334967288451288, 0.4298999999999998933, 0.002220381865103911254 ) ) ;
#414 = DIRECTION ( 'NONE',  ( 0.0000000000000000000, 0.0000000000000000000, -1.000000000000000000 ) ) ;
#415 = CARTESIAN_POINT ( 'NONE',  ( 0.2895589142171832719, 0.4298999999999998933, -0.04987293831471899253 ) ) ;
#416 = DIMENSIONAL_EXPONENTS ( 1.000000000000000000, 0.0000000000000000000, 0.0000000000000000000, 0.0000000000000000000, 0.0000000000000000000, 0.0000000000000000000, 0.0000000000000000000 ) ;
#417 = AXIS2_PLACEMENT_3D ( 'NONE', #4524, #1928, #2844 ) ;
#418 = DIRECTION ( 'NONE',  ( 0.0000000000000000000, 0.0000000000000000000, -1.000000000000000000 ) ) ;
#419 = ORIENTED_EDGE ( 'NONE', *, *, #3859, .F. ) ;
#420 = VECTOR ( 'NONE', #276, 39.37007874015748143 ) ;
#421 = CARTESIAN_POINT ( 'NONE',  ( 0.2665537635910182335, 0.4299999999999999933, -0.04992613854163884674 ) ) ;
#422 = CARTESIAN_POINT ( 'NONE',  ( 0.3052964512123237384, 0.4300000000000000488, -0.03185480215519485153 ) ) ;
#423 = CARTESIAN_POINT ( 'NONE',  ( 0.3081091029139190196, 0.4299000000000000599, 0.01954154091891021836 ) ) ;
#424 = CARTESIAN_POINT ( 'NONE',  ( 0.2645650247296615354, 0.4300000000000002154, -0.01780094388364585056 ) ) ;
#425 = EDGE_CURVE ( 'NONE', #658, #1730, #5088, .T. ) ;
#426 = ADVANCED_FACE ( 'NONE', ( #4953 ), #1036, .T. ) ;
#427 = LINE ( 'NONE', #3133, #4359 ) ;
#428 = LINE ( 'NONE', #1136, #365 ) ;
#429 = PLANE ( 'NONE',  #1245 ) ;
#430 = DIRECTION ( 'NONE',  ( -0.0000000000000000000, 1.000000000000000000, -0.0000000000000000000 ) ) ;
#431 = VECTOR ( 'NONE', #1483, 39.37007874015748143 ) ;
#432 = CARTESIAN_POINT ( 'NONE',  ( 0.2481472813887565521, 0.4300000000000000488, 0.02074070867733431370 ) ) ;
#433 = PRESENTATION_LAYER_ASSIGNMENT (  '', '', ( #4503 ) ) ;
#434 = PLANE ( 'NONE',  #343 ) ;
#435 = CARTESIAN_POINT ( 'NONE',  ( -0.2075000000000001010, -0.1900000000000000300, -0.09499999999999998723 ) ) ;
#436 = CARTESIAN_POINT ( 'NONE',  ( 0.2351047189653282521, 0.4298999999999999488, -0.03335445597522550265 ) ) ;
#437 = AXIS2_PLACEMENT_3D ( 'NONE', #3941, #1338, #4811 ) ;
#438 = COLOUR_RGB ( '',1.000000000000000000, 1.000000000000000000, 1.000000000000000000 ) ;
#440 = ORIENTED_EDGE ( 'NONE', *, *, #4991, .F. ) ;
#439 = COLOUR_RGB ( '',1.000000000000000000, 1.000000000000000000, 1.000000000000000000 ) ;
#441 = EDGE_CURVE ( 'NONE', #2020, #480, #3568, .T. ) ;
#442 = AXIS2_PLACEMENT_3D ( 'NONE', #4405, #579, #98 ) ;
#443 = CARTESIAN_POINT ( 'NONE',  ( 0.2842413180257967742, 0.4299999999999998268, -0.05092561878988876439 ) ) ;
#444 = DIRECTION ( 'NONE',  ( -0.0000000000000000000, -1.000000000000000000, -0.0000000000000000000 ) ) ;
#445 = CARTESIAN_POINT ( 'NONE',  ( 0.2675062450065082698, 0.4298999999999999488, 0.04394073587877960624 ) ) ;
#446 = CARTESIAN_POINT ( 'NONE',  ( 0.2911630795406087158, 0.4300000000000000488, -0.01036144741431713028 ) ) ;
#447 = ORIENTED_EDGE ( 'NONE', *, *, #5522, .F. ) ;
#448 = CARTESIAN_POINT ( 'NONE',  ( 0.3259723567747315198, 0.4299000000000000599, 0.02145456474935204458 ) ) ;
#449 = CARTESIAN_POINT ( 'NONE',  ( 0.3121645438610922696, 0.4299999999999999378, -0.05404446093068341478 ) ) ;
#450 = DIRECTION ( 'NONE',  ( 0.0000000000000000000, -1.000000000000000000, 0.0000000000000000000 ) ) ;
#451 = CARTESIAN_POINT ( 'NONE',  ( 0.3674999999999999933, 0.1000000000000000194, -0.1250000000000000000 ) ) ;
#452 = ORIENTED_EDGE ( 'NONE', *, *, #760, .F. ) ;
#453 = AXIS2_PLACEMENT_3D ( 'NONE', #4701, #2996, #412 ) ;
#454 = ADVANCED_FACE ( 'NONE', ( #4181 ), #2287, .T. ) ;
#455 = DIRECTION ( 'NONE',  ( -0.0000000000000000000, -1.000000000000000000, -0.0000000000000000000 ) ) ;
#456 =( LENGTH_UNIT ( ) NAMED_UNIT ( * ) SI_UNIT ( $, .METRE. ) );
#457 = ORIENTED_EDGE ( 'NONE', *, *, #4052, .T. ) ;
#458 = CARTESIAN_POINT ( 'NONE',  ( -0.3224999999999999534, -0.1900000000000000300, -0.07499999999999984457 ) ) ;
#459 = EDGE_LOOP ( 'NONE', ( #4726, #756, #4387, #3155 ) ) ;
#460 = ORIENTED_EDGE ( 'NONE', *, *, #4881, .T. ) ;
#461 = FACE_BOUND ( 'NONE', #2284, .T. ) ;
#462 = CARTESIAN_POINT ( 'NONE',  ( 0.2824999999999999734, -0.1849999999999999978, 0.03199999999999997291 ) ) ;
#463 = DIRECTION ( 'NONE',  ( -0.0000000000000000000, 1.000000000000000000, -0.0000000000000000000 ) ) ;
#464 = UNCERTAINTY_MEASURE_WITH_UNIT (LENGTH_MEASURE( 1.000000000000000082E-05 ), #3408, 'distance_accuracy_value', 'NONE');
#465 = CARTESIAN_POINT ( 'NONE',  ( 0.2874509046216267572, 0.4299999999999999378, -0.01136180881043021874 ) ) ;
#466 = VERTEX_POINT ( 'NONE', #1965 ) ;
#467 = AXIS2_PLACEMENT_3D ( 'NONE', #3180, #3647, #2353 ) ;
#468 = ORIENTED_EDGE ( 'NONE', *, *, #4931, .T. ) ;
#469 = EDGE_LOOP ( 'NONE', ( #3033, #2364, #1176, #1034 ) ) ;
#470 = EDGE_CURVE ( 'NONE', #3645, #2514, #4260, .T. ) ;
#471 = PLANE ( 'NONE',  #2496 ) ;
#472 = CARTESIAN_POINT ( 'NONE',  ( 0.3225125543461300204, 0.4298999999999999488, -0.03440498771937564038 ) ) ;
#473 = CARTESIAN_POINT ( 'NONE',  ( 0.3024999999999998246, -0.1900000000000000300, 0.09499999999999998723 ) ) ;
#474 = ORIENTED_EDGE ( 'NONE', *, *, #4599, .T. ) ;
#475 = CARTESIAN_POINT ( 'NONE',  ( 0.2824999999999999734, -1.046568542494923815, -0.05700000000000000205 ) ) ;
#476 = CARTESIAN_POINT ( 'NONE',  ( -0.2665000000000000147, -0.1900000000000000300, 0.07750000000000001332 ) ) ;
#477 = SURFACE_STYLE_FILL_AREA ( #1049 ) ;
#478 = CARTESIAN_POINT ( 'NONE',  ( 0.1874999999999999722, -0.1900000000000000300, 0.07499999999999984457 ) ) ;
#479 = DIRECTION ( 'NONE',  ( 0.0000000000000000000, -1.000000000000000000, 0.0000000000000000000 ) ) ;
#480 = VERTEX_POINT ( 'NONE', #5424 ) ;
#481 = DIRECTION ( 'NONE',  ( 1.000000000000000000, 0.0000000000000000000, -0.0000000000000000000 ) ) ;
#482 = ORIENTED_EDGE ( 'NONE', *, *, #4106, .F. ) ;
#483 = DIRECTION ( 'NONE',  ( 0.0000000000000000000, -1.000000000000000000, 0.0000000000000000000 ) ) ;
#484 = CARTESIAN_POINT ( 'NONE',  ( 0.3072314146680820701, 0.4299000000000000599, 0.05416332934593941911 ) ) ;
#485 = ADVANCED_FACE ( 'NONE', ( #4765 ), #2414, .F. ) ;
#486 = EDGE_CURVE ( 'NONE', #3865, #5033, #2947, .T. ) ;
#487 = EDGE_LOOP ( 'NONE', ( #2492, #1111, #312, #1511 ) ) ;
#488 = CARTESIAN_POINT ( 'NONE',  ( -0.3674999999999999933, 0.1000000000000000194, 0.1250000000000000000 ) ) ;
#489 = CARTESIAN_POINT ( 'NONE',  ( 0.3060120029988783186, 0.4299000000000000599, -0.05864578267377628523 ) ) ;
#490 = VECTOR ( 'NONE', #2323, 39.37007874015748143 ) ;
#491 = SURFACE_STYLE_USAGE ( .BOTH. , #4770 ) ;
#492 = CARTESIAN_POINT ( 'NONE',  ( -0.2665000000000000147, -0.5900000000000000799, 0.05000000000000000278 ) ) ;
#493 = CARTESIAN_POINT ( 'NONE',  ( 0.2475929945864822346, 0.4299999999999999933, 0.01621616706563401913 ) ) ;
#494 = LINE ( 'NONE', #4445, #3828 ) ;
#495 = CARTESIAN_POINT ( 'NONE',  ( 0.2303415608082756971, 0.4298999999999999488, 0.01621616706563401913 ) ) ;
#496 = DIRECTION ( 'NONE',  ( 0.0000000000000000000, 0.0000000000000000000, 1.000000000000000000 ) ) ;
#497 = FACE_OUTER_BOUND ( 'NONE', #3110, .T. ) ;
#498 = FACE_OUTER_BOUND ( 'NONE', #2553, .T. ) ;
#499 = CARTESIAN_POINT ( 'NONE',  ( 0.2523425128370230808, 0.4299000000000000599, -0.03191266278687514973 ) ) ;
#500 = CARTESIAN_POINT ( 'NONE',  ( 0.3138331205164131554, 0.4300000000000002154, 0.04970404535226195797 ) ) ;
#501 = CARTESIAN_POINT ( 'NONE',  ( 0.2560103934266748649, 0.4298999999999999488, -0.02288301027107781868 ) ) ;
#502 = EDGE_CURVE ( 'NONE', #4307, #4899, #1339, .T. ) ;
#503 = SURFACE_STYLE_FILL_AREA ( #1150 ) ;
#504 = DIRECTION ( 'NONE',  ( 0.0000000000000000000, 0.0000000000000000000, -1.000000000000000000 ) ) ;
#505 = B_SPLINE_SURFACE_WITH_KNOTS ( 'NONE', 3, 1, ( 
 ( #4418, #2229 ),
 ( #1820, #4431 ),
 ( #4009, #1413 ),
 ( #4839, #2270 ),
 ( #2209, #5200 ),
 ( #2643, #53 ),
 ( #3064, #2653 ),
 ( #489, #3496 ),
 ( #4804, #3515 ),
 ( #2634, #3537 ),
 ( #3908, #449 ),
 ( #5197, #1367 ),
 ( #44, #4412 ),
 ( #1813, #3967 ),
 ( #1798, #2595 ),
 ( #3475, #65 ),
 ( #472, #940 ),
 ( #2617, #1313 ),
 ( #2224, #4370 ) ),
 .UNSPECIFIED., .F., .F., .F.,
 ( 4, 1, 1, 1, 1, 1, 1, 1, 1, 1, 1, 1, 1, 1, 1, 1, 4 ),
 ( 2, 2 ),
 ( 0.0000000000000000000, 0.1004750608070149875, 0.1956443031597842608, 0.2860833790699322532, 0.3729828804699543143, 0.4150256681909616496, 0.4560516735090276441, 0.4959387495188996020, 0.5355660888033514366, 0.5740871099085042006, 0.6125192874870974968, 0.6510809601344451636, 0.6895131377130385708, 0.7662374603277349872, 0.8423504388672226062, 0.9199744947371037984, 1.000000000000000000 ),
 ( 0.0000000000000000000, 1.000000000000000000 ),
 .UNSPECIFIED. ) ;
#506 = FILL_AREA_STYLE ('',( #5214 ) ) ;
#507 = CARTESIAN_POINT ( 'NONE',  ( 0.2824999999999999734, -1.046568542494923815, 0.05700000000000000205 ) ) ;
#508 = SURFACE_STYLE_FILL_AREA ( #1752 ) ;
#509 = CARTESIAN_POINT ( 'NONE',  ( 0.2717286910927246835, 0.4298999999999999488, 0.04515470424326201854 ) ) ;
#510 =( GEOMETRIC_REPRESENTATION_CONTEXT ( 3 ) GLOBAL_UNCERTAINTY_ASSIGNED_CONTEXT ( ( #4085 ) ) GLOBAL_UNIT_ASSIGNED_CONTEXT ( ( #2072, #294, #2091 ) ) REPRESENTATION_CONTEXT ( 'NONE', 'WORKASPACE' ) );
#511 = ADVANCED_FACE ( 'NONE', ( #311 ), #5405, .T. ) ;
#512 = LINE ( 'NONE', #351, #2132 ) ;
#513 =( NAMED_UNIT ( * ) SI_UNIT ( $, .STERADIAN. ) SOLID_ANGLE_UNIT ( ) );
#515 = ORIENTED_EDGE ( 'NONE', *, *, #3866, .F. ) ;
#514 = FACE_OUTER_BOUND ( 'NONE', #3169, .T. ) ;
#516 = DIRECTION ( 'NONE',  ( 0.0000000000000000000, 0.0000000000000000000, -1.000000000000000000 ) ) ;
#517 = EDGE_CURVE ( 'NONE', #3588, #2241, #4702, .T. ) ;
#519 = EDGE_LOOP ( 'NONE', ( #4336, #2432 ) ) ;
#518 = COLOUR_RGB ( '',1.000000000000000000, 1.000000000000000000, 1.000000000000000000 ) ;
#520 =( NAMED_UNIT ( * ) PLANE_ANGLE_UNIT ( ) SI_UNIT ( $, .RADIAN. ) );
#521 = CARTESIAN_POINT ( 'NONE',  ( 0.3038794072953994174, 0.4298999999999998933, 0.05583306171446561494 ) ) ;
#522 = CARTESIAN_POINT ( 'NONE',  ( 0.2824999999999999734, -0.1849999999999999978, 0.05700000000000000205 ) ) ;
#523 = VERTEX_POINT ( 'NONE', #1553 ) ;
#524 = PRODUCT_DEFINITION_SHAPE ( 'NONE', 'NONE',  #4324 ) ;
#525 = DIRECTION ( 'NONE',  ( 0.0000000000000000000, -1.000000000000000000, 0.0000000000000000000 ) ) ;
#526 = CARTESIAN_POINT ( 'NONE',  ( 0.2874509046216267572, 0.4298999999999998378, -0.01136180881043021874 ) ) ;
#527 = CARTESIAN_POINT ( 'NONE',  ( -0.1874999999999999722, -0.1900000000000000300, 0.07499999999999984457 ) ) ;
#528 = DIRECTION ( 'NONE',  ( -1.000000000000000000, 0.0000000000000000000, 0.0000000000000000000 ) ) ;
#529 = MECHANICAL_DESIGN_GEOMETRIC_PRESENTATION_REPRESENTATION (  '', ( #2771 ), #5422 ) ;
#530 = VERTEX_POINT ( 'NONE', #4185 ) ;
#531 = DIRECTION ( 'NONE',  ( 0.0000000000000000000, 0.0000000000000000000, -1.000000000000000000 ) ) ;
#533 = ORIENTED_EDGE ( 'NONE', *, *, #2177, .F. ) ;
#532 = EDGE_LOOP ( 'NONE', ( #2107, #4150, #3365, #5212 ) ) ;
#534 = VERTEX_POINT ( 'NONE', #3262 ) ;
#535 = DIMENSIONAL_EXPONENTS ( 1.000000000000000000, 0.0000000000000000000, 0.0000000000000000000, 0.0000000000000000000, 0.0000000000000000000, 0.0000000000000000000, 0.0000000000000000000 ) ;
#536 = CARTESIAN_POINT ( 'NONE',  ( 0.4850000000000000422, -0.0000000000000000000, -0.1250000000000000000 ) ) ;
#537 = UNCERTAINTY_MEASURE_WITH_UNIT (LENGTH_MEASURE( 1.000000000000000082E-05 ), #1415, 'distance_accuracy_value', 'NONE');
#538 = EDGE_CURVE ( 'NONE', #138, #5417, #1072, .T. ) ;
#539 = ORIENTED_EDGE ( 'NONE', *, *, #3401, .T. ) ;
#540 = ORIENTED_EDGE ( 'NONE', *, *, #3473, .T. ) ;
#541 = CARTESIAN_POINT ( 'NONE',  ( 0.2557749112509048461, 0.4299999999999999378, -0.04306852783025072462 ) ) ;
#542 = DIRECTION ( 'NONE',  ( 0.0000000000000000000, -1.000000000000000000, 0.0000000000000000000 ) ) ;
#543 = CARTESIAN_POINT ( 'NONE',  ( 0.3260086026692393113, 0.4298999999999999488, 0.02383718397617697049 ) ) ;
#544 = CARTESIAN_POINT ( 'NONE',  ( 0.2533126305208440177, 0.4298999999999998378, -0.02696783758954030691 ) ) ;
#545 = ADVANCED_FACE ( 'NONE', ( #5081 ), #4377, .T. ) ;
#546 = ORIENTED_EDGE ( 'NONE', *, *, #5140, .T. ) ;
#547 = AXIS2_PLACEMENT_3D ( 'NONE', #3183, #4057, #104 ) ;
#548 = CARTESIAN_POINT ( 'NONE',  ( 0.2430779440658194512, 0.4299999999999999933, -0.05283701942486693226 ) ) ;
#549 = CARTESIAN_POINT ( 'NONE',  ( -0.3043432128509486745, 0.4298999999999999488, 0.04575732504731698513 ) ) ;
#550 =( CONVERSION_BASED_UNIT ( 'INCH', #2259 ) LENGTH_UNIT ( ) NAMED_UNIT ( #976 ) );
#552 = VERTEX_POINT ( 'NONE', #4166 ) ;
#551 = CIRCLE ( 'NONE', #453, 0.06250000000000002776 ) ;
#553 = STYLED_ITEM ( 'NONE', ( #4676 ), #723 ) ;
#554 = CARTESIAN_POINT ( 'NONE',  ( 0.2075000000000001010, -0.1900000000000000300, -0.09499999999999998723 ) ) ;
#555 = DIRECTION ( 'NONE',  ( -1.000000000000000000, 0.0000000000000000000, 0.0000000000000000000 ) ) ;
#556 = EDGE_CURVE ( 'NONE', #4658, #4090, #657, .T. ) ;
#557 =( GEOMETRIC_REPRESENTATION_CONTEXT ( 3 ) GLOBAL_UNCERTAINTY_ASSIGNED_CONTEXT ( ( #3552 ) ) GLOBAL_UNIT_ASSIGNED_CONTEXT ( ( #2768, #644, #4538 ) ) REPRESENTATION_CONTEXT ( 'NONE', 'WORKASPACE' ) );
#558 = CARTESIAN_POINT ( 'NONE',  ( 0.2572269919808961580, 0.4299999999999999933, -0.003542988528237960271 ) ) ;
#559 = ORIENTED_EDGE ( 'NONE', *, *, #4863, .T. ) ;
#560 = CYLINDRICAL_SURFACE ( 'NONE', #4400, 0.1250000000000000000 ) ;
#561 = FILL_AREA_STYLE_COLOUR ( '', #2803 ) ;
#562 = CARTESIAN_POINT ( 'NONE',  ( 0.2937564015141769791, 0.4298999999999998378, 0.05903435177700172565 ) ) ;
#563 = ORIENTED_EDGE ( 'NONE', *, *, #236, .T. ) ;
#564 = CARTESIAN_POINT ( 'NONE',  ( 0.2968267144509839084, 0.4298999999999998933, 0.008636564850830851306 ) ) ;
#565 = CARTESIAN_POINT ( 'NONE',  ( 0.2824999999999999734, -0.6900000000000000577, 0.05700000000000000205 ) ) ;
#566 = DIRECTION ( 'NONE',  ( 0.0000000000000000000, -1.000000000000000000, 0.0000000000000000000 ) ) ;
#567 = DIRECTION ( 'NONE',  ( 0.0000000000000000000, -1.000000000000000000, 0.0000000000000000000 ) ) ;
#568 = VECTOR ( 'NONE', #4450, 39.37007874015748143 ) ;
#569 = PLANE ( 'NONE',  #4654 ) ;
#570 = EDGE_CURVE ( 'NONE', #5043, #2766, #4947, .T. ) ;
#571 = DIRECTION ( 'NONE',  ( 0.8661855860485998537, 0.0000000000000000000, 0.4997224534895781667 ) ) ;
#572 = ADVANCED_FACE ( 'NONE', ( #514 ), #2669, .T. ) ;
#573 = FILL_AREA_STYLE ('',( #1452 ) ) ;
#574 = VECTOR ( 'NONE', #5049, 39.37007874015748143 ) ;
#575 = PLANE ( 'NONE',  #5120 ) ;
#576 = CARTESIAN_POINT ( 'NONE',  ( 0.1874999999999999722, -0.1900000000000000300, 0.07499999999999985845 ) ) ;
#577 = FACE_OUTER_BOUND ( 'NONE', #277, .T. ) ;
#578 = AXIS2_PLACEMENT_3D ( 'NONE', #2467, #3833, #2074 ) ;
#579 = DIRECTION ( 'NONE',  ( 0.0000000000000000000, -1.000000000000000000, 0.0000000000000000000 ) ) ;
#580 = CARTESIAN_POINT ( 'NONE',  ( 0.2385336374244769464, 0.4299000000000000599, 0.04205179593931471921 ) ) ;
#581 = EDGE_CURVE ( 'NONE', #4195, #5165, #3847, .T. ) ;
#582 = LINE ( 'NONE', #4293, #2668 ) ;
#583 = DIRECTION ( 'NONE',  ( -1.000000000000000000, -0.0000000000000000000, -0.0000000000000000000 ) ) ;
#584 = ORIENTED_EDGE ( 'NONE', *, *, #1043, .F. ) ;
#585 =( LENGTH_UNIT ( ) NAMED_UNIT ( * ) SI_UNIT ( $, .METRE. ) );
#586 = VECTOR ( 'NONE', #5275, 39.37007874015748143 ) ;
#587 = CARTESIAN_POINT ( 'NONE',  ( 0.2506801904656669744, 0.4299999999999997713, -0.05894150691237358408 ) ) ;
#588 =( NAMED_UNIT ( * ) PLANE_ANGLE_UNIT ( ) SI_UNIT ( $, .RADIAN. ) );
#589 = CARTESIAN_POINT ( 'NONE',  ( 0.2568537186618534696, 0.4299000000000000599, 0.03787384937312452543 ) ) ;
#590 = ORIENTED_EDGE ( 'NONE', *, *, #2302, .F. ) ;
#591 = EDGE_CURVE ( 'NONE', #1086, #3097, #1007, .T. ) ;
#592 = AXIS2_PLACEMENT_3D ( 'NONE', #2159, #946, #1728 ) ;
#593 = CARTESIAN_POINT ( 'NONE',  ( -0.3024999999999998246, -0.1900000000000000300, 0.09499999999999998723 ) ) ;
#594 = CARTESIAN_POINT ( 'NONE',  ( 0.3017267643790603748, 0.4300000000000001044, 0.01121803033229758911 ) ) ;
#595 = FACE_OUTER_BOUND ( 'NONE', #2822, .T. ) ;
#596 = CARTESIAN_POINT ( 'NONE',  ( 0.2596534898542988690, 0.4300000000000000488, -0.002611569981771415683 ) ) ;
#598 = VERTEX_POINT ( 'NONE', #1236 ) ;
#597 = FACE_OUTER_BOUND ( 'NONE', #187, .T. ) ;
#599 = CARTESIAN_POINT ( 'NONE',  ( 0.3231283495240194759, 0.4299999999999999378, 0.01047023413634020142 ) ) ;
#600 = CARTESIAN_POINT ( 'NONE',  ( 0.2888015476471353371, 0.4299000000000001154, 0.04533908285656011034 ) ) ;
#601 = CARTESIAN_POINT ( 'NONE',  ( 0.2570221251371245241, 0.4299999999999999933, -0.04452434991938088865 ) ) ;
#602 = VERTEX_POINT ( 'NONE', #5016 ) ;
#603 = ADVANCED_FACE ( 'NONE', ( #3692, #3140 ), #195, .F. ) ;
#604 = ORIENTED_EDGE ( 'NONE', *, *, #1419, .T. ) ;
#605 = COLOUR_RGB ( '',1.000000000000000000, 1.000000000000000000, 1.000000000000000000 ) ;
#606 = STYLED_ITEM ( 'NONE', ( #1861 ), #4460 ) ;
#607 = ORIENTED_EDGE ( 'NONE', *, *, #2786, .F. ) ;
#608 = CARTESIAN_POINT ( 'NONE',  ( 0.2274999999999999523, -0.1900000000000000300, 0.0000000000000000000 ) ) ;
#609 = CARTESIAN_POINT ( 'NONE',  ( 0.2443882896929280846, 0.4298999999999998933, 0.04858111915742065884 ) ) ;
#610 = CARTESIAN_POINT ( 'NONE',  ( -0.3674999999999999933, 0.1000000000000000056, -0.1250000000000000000 ) ) ;
#611 = SURFACE_STYLE_USAGE ( .BOTH. , #1003 ) ;
#612 = ORIENTED_EDGE ( 'NONE', *, *, #5271, .F. ) ;
#613 = ORIENTED_EDGE ( 'NONE', *, *, #2527, .F. ) ;
#614 = DIRECTION ( 'NONE',  ( 1.000000000000000000, 0.0000000000000000000, 0.0000000000000000000 ) ) ;
#615 = DIRECTION ( 'NONE',  ( 1.000000000000000000, 0.0000000000000000000, -0.0000000000000000000 ) ) ;
#616 = DIRECTION ( 'NONE',  ( -1.000000000000000000, 0.0000000000000000000, 0.0000000000000000000 ) ) ;
#618 = ORIENTED_EDGE ( 'NONE', *, *, #2076, .T. ) ;
#617 = PRESENTATION_STYLE_ASSIGNMENT (( #2939 ) ) ;
#619 = CARTESIAN_POINT ( 'NONE',  ( 0.2515607065360382366, 0.4299000000000001154, 0.05366369116334548245 ) ) ;
#620 = LINE ( 'NONE', #2818, #4914 ) ;
#621 = EDGE_CURVE ( 'NONE', #5099, #4177, #4442, .T. ) ;
#623 = ORIENTED_EDGE ( 'NONE', *, *, #1221, .F. ) ;
#622 = VECTOR ( 'NONE', #175, 39.37007874015748143 ) ;
#624 = CARTESIAN_POINT ( 'NONE',  ( 0.3015636353135244807, 0.4300000000000002154, 0.03975099452478284695 ) ) ;
#625 = CARTESIAN_POINT ( 'NONE',  ( 0.2522979310714476564, 0.4299999999999999933, -0.03296512212877023007 ) ) ;
#626 = STYLED_ITEM ( 'NONE', ( #1799 ), #691 ) ;
#627 = DIRECTION ( 'NONE',  ( -0.0000000000000000000, 1.000000000000000000, -0.0000000000000000000 ) ) ;
#628 = CARTESIAN_POINT ( 'NONE',  ( 0.2824999999999999734, -1.046568542494923815, -0.05700000000000000205 ) ) ;
#629 =( NAMED_UNIT ( * ) SI_UNIT ( $, .STERADIAN. ) SOLID_ANGLE_UNIT ( ) );
#630 = CARTESIAN_POINT ( 'NONE',  ( -0.2345159808915411315, 0.4298999999999999488, -0.06374447052539027048 ) ) ;
#631 = STYLED_ITEM ( 'NONE', ( #2319 ), #5585 ) ;
#632 = CARTESIAN_POINT ( 'NONE',  ( -0.5000000000000000000, 0.1000000000000000056, 0.06249999999999993061 ) ) ;
#633 = COLOUR_RGB ( '',1.000000000000000000, 1.000000000000000000, 1.000000000000000000 ) ;
#634 = ADVANCED_FACE ( 'NONE', ( #2404 ), #5416, .T. ) ;
#635 = CARTESIAN_POINT ( 'NONE',  ( 0.3024999999999998246, 0.01000000000000000021, 0.09499999999999998723 ) ) ;
#636 = SURFACE_SIDE_STYLE ('',( #2063 ) ) ;
#637 = LINE ( 'NONE', #4481, #490 ) ;
#638 = EDGE_CURVE ( 'NONE', #3796, #2020, #27, .T. ) ;
#639 = STYLED_ITEM ( 'NONE', ( #798 ), #3906 ) ;
#640 = CARTESIAN_POINT ( 'NONE',  ( 0.3208287198289576647, 0.4299999999999999933, 0.006590816514237595423 ) ) ;
#641 = FACE_OUTER_BOUND ( 'NONE', #332, .T. ) ;
#642 = VECTOR ( 'NONE', #3991, 39.37007874015748143 ) ;
#643 = AXIS2_PLACEMENT_3D ( 'NONE', #3558, #3188, #986 ) ;
#644 =( NAMED_UNIT ( * ) PLANE_ANGLE_UNIT ( ) SI_UNIT ( $, .RADIAN. ) );
#645 = CARTESIAN_POINT ( 'NONE',  ( 0.2522979310714476564, 0.4299999999999999933, -0.03296512212877023007 ) ) ;
#646 = SURFACE_STYLE_FILL_AREA ( #5144 ) ;
#647 = AXIS2_PLACEMENT_3D ( 'NONE', #1823, #1472, #516 ) ;
#648 = CARTESIAN_POINT ( 'NONE',  ( 0.3174397901875337102, 0.4298999999999999488, -0.04761627757860010385 ) ) ;
#649 = CIRCLE ( 'NONE', #4196, 0.02000000000000000042 ) ;
#650 = CARTESIAN_POINT ( 'NONE',  ( 0.2542410262472984961, 0.4298999999999998378, 0.05505647573731867889 ) ) ;
#651 = FACE_OUTER_BOUND ( 'NONE', #4536, .T. ) ;
#652 = CARTESIAN_POINT ( 'NONE',  ( 0.3225125543461300204, 0.4299999999999999933, -0.03440498771937564038 ) ) ;
#653 = FACE_BOUND ( 'NONE', #519, .T. ) ;
#654 = PRESENTATION_STYLE_ASSIGNMENT (( #2938 ) ) ;
#655 = CARTESIAN_POINT ( 'NONE',  ( 0.3161322438531002366, 0.4299000000000001154, 0.001327948086022797411 ) ) ;
#656 = VECTOR ( 'NONE', #1666, 39.37007874015748143 ) ;
#658 = VERTEX_POINT ( 'NONE', #5499 ) ;
#657 = LINE ( 'NONE', #5345, #4823 ) ;
#659 = CARTESIAN_POINT ( 'NONE',  ( -0.2074999999999999623, 0.01000000000000000021, -0.07499999999999999722 ) ) ;
#660 = CARTESIAN_POINT ( 'NONE',  ( 0.2958441334178522619, 0.4299999999999999933, 0.04320234148029913901 ) ) ;
#661 = CARTESIAN_POINT ( 'NONE',  ( 0.2750080353660382948, 0.4299999999999999933, -0.05119719948098361284 ) ) ;
#662 = AXIS2_PLACEMENT_3D ( 'NONE', #3286, #1204, #279 ) ;
#663 = ADVANCED_FACE ( 'NONE', ( #4306 ), #3976, .T. ) ;
#665 = ORIENTED_EDGE ( 'NONE', *, *, #5195, .T. ) ;
#664 = VECTOR ( 'NONE', #4884, 39.37007874015748143 ) ;
#666 = CARTESIAN_POINT ( 'NONE',  ( 0.3224999999999999534, 0.01000000000000000021, -0.07499999999999983069 ) ) ;
#667 = DIRECTION ( 'NONE',  ( -1.000000000000000000, 0.0000000000000000000, 0.0000000000000000000 ) ) ;
#668 = DIRECTION ( 'NONE',  ( -0.0000000000000000000, 1.000000000000000000, -0.0000000000000000000 ) ) ;
#669 =( NAMED_UNIT ( * ) SI_UNIT ( $, .STERADIAN. ) SOLID_ANGLE_UNIT ( ) );
#670 = MECHANICAL_DESIGN_GEOMETRIC_PRESENTATION_REPRESENTATION (  '', ( #3481 ), #292 ) ;
#671 = DIRECTION ( 'NONE',  ( 0.0000000000000000000, 0.0000000000000000000, 1.000000000000000000 ) ) ;
#672 = ORIENTED_EDGE ( 'NONE', *, *, #4540, .F. ) ;
#673 = CARTESIAN_POINT ( 'NONE',  ( 0.3121645438610922696, 0.4299999999999999378, -0.05404446093068341478 ) ) ;
#674 = ORIENTED_EDGE ( 'NONE', *, *, #2397, .T. ) ;
#675 = CARTESIAN_POINT ( 'NONE',  ( 0.2075000000000001010, 0.01000000000000000021, -0.09499999999999998723 ) ) ;
#676 = VERTEX_POINT ( 'NONE', #3357 ) ;
#677 = VERTEX_POINT ( 'NONE', #2465 ) ;
#678 = EDGE_CURVE ( 'NONE', #5462, #4921, #306, .T. ) ;
#679 = EDGE_LOOP ( 'NONE', ( #749, #1028, #4678, #2087 ) ) ;
#680 =( NAMED_UNIT ( * ) SI_UNIT ( $, .STERADIAN. ) SOLID_ANGLE_UNIT ( ) );
#681 = CARTESIAN_POINT ( 'NONE',  ( 0.3674999999999999933, 0.4299999999999999933, 0.1250000000000000000 ) ) ;
#682 = VERTEX_POINT ( 'NONE', #3831 ) ;
#683 = EDGE_LOOP ( 'NONE', ( #5037, #3173, #4606, #4399, #4843, #3736, #2829, #2375, #4342, #1359, #203, #3798 ) ) ;
#684 = DIRECTION ( 'NONE',  ( -0.0000000000000000000, 0.0000000000000000000, 1.000000000000000000 ) ) ;
#685 = CARTESIAN_POINT ( 'NONE',  ( 0.3224999999999999534, -0.1900000000000000300, 0.07499999999999984457 ) ) ;
#686 = CARTESIAN_POINT ( 'NONE',  ( 0.2074999999999999623, -0.1900000000000000300, -0.07499999999999999722 ) ) ;
#687 = CARTESIAN_POINT ( 'NONE',  ( -0.2665000000000000147, -0.1849999999999999423, 0.07000000000000000666 ) ) ;
#688 = CARTESIAN_POINT ( 'NONE',  ( 0.2776403846719593949, 0.4298999999999999488, 0.06009638569355826160 ) ) ;
#690 = CLOSED_SHELL ( 'NONE', ( #545, #4101, #3906, #1517, #1817, #955, #5209, #5298, #192, #5158, #5383, #1987, #1436, #3521, #1566, #3761, #3195, #2207, #2802, #1182, #3936, #5328, #1932, #2025, #4962, #4786, #1347, #4157, #3548, #3226, #217, #1402, #4856, #4347, #4492, #3138, #5352, #2660, #1066, #3720, #5409, #603, #3459, #2266, #4322, #3080, #1959, #2600, #2950, #3688, #5585, #897, #2156, #4460, #3112, #1316, #1735, #3990, #2330, #1371, #3585, #1461, #4429, #4041, #691, #3382, #1851, #1014, #1487, #928, #4808, #5532, #1880, #2687, #4126, #761, #50, #4546, #2631, #1539, #140, #3663, #5186, #572, #485, #1092, #4408, #3026, #3051, #4911, #80, #2384, #1767, #2830, #4757, #4373, #5241, #985, #3282, #4518, #2180, #3610, #1794, #511, #2719, #4631, #4995, #18, #4572, #3258, #4933, #3171, #634, #4020, #2238, #3963, #3488, #112, #2355, #426, #5269, #249, #663, #454, #2301, #4830 ) ) ;
#689 = COLOUR_RGB ( '',0.7529411764705882248, 0.7529411764705882248, 0.7529411764705882248 ) ;
#691 = ADVANCED_FACE ( 'NONE', ( #2666 ), #4244, .T. ) ;
#692 = CARTESIAN_POINT ( 'NONE',  ( 0.3036477196934699307, 0.4299999999999999933, -0.05987184105444427751 ) ) ;
#693 =( GEOMETRIC_REPRESENTATION_CONTEXT ( 3 ) GLOBAL_UNCERTAINTY_ASSIGNED_CONTEXT ( ( #5425 ) ) GLOBAL_UNIT_ASSIGNED_CONTEXT ( ( #919, #836, #4715 ) ) REPRESENTATION_CONTEXT ( 'NONE', 'WORKASPACE' ) );
#694 =( CONVERSION_BASED_UNIT ( 'INCH', #4952 ) LENGTH_UNIT ( ) NAMED_UNIT ( #4214 ) );
#695 = CARTESIAN_POINT ( 'NONE',  ( 0.2978470815710126396, 0.4298999999999998933, -0.04570260007473235520 ) ) ;
#696 = EDGE_CURVE ( 'NONE', #3796, #4410, #2804, .T. ) ;
#697 = B_SPLINE_CURVE_WITH_KNOTS ( 'NONE', 3,
 ( #543, #4383, #4815, #2280, #5268, #3978, #5206, #996, #4019, #3547, #3996, #1400, #484, #1793, #2255, #4422, #60, #2236, #1828 ),
 .UNSPECIFIED., .F., .F.,
 ( 4, 1, 1, 1, 1, 1, 1, 1, 1, 1, 1, 1, 1, 1, 1, 1, 4 ),
 ( 0.0000000000000000000, 0.07481596665055524620, 0.1485345605139197500, 0.2238723272963844546, 0.3012971209351246737, 0.3408936290197579488, 0.3803400620654404096, 0.4201265887284643119, 0.4599499070829666247, 0.5008311555562172668, 0.5419071755971086590, 0.5844387941530514441, 0.6280801713306070067, 0.7172666799070603894, 0.8078600064218678378, 0.9019246558363446242, 1.000000000000000000 ),
 .UNSPECIFIED. ) ;
#698 = CARTESIAN_POINT ( 'NONE',  ( 0.2374480347972754424, 0.4298999999999998933, -0.02011241558572722521 ) ) ;
#699 = CARTESIAN_POINT ( 'NONE',  ( -0.2074999999999999623, -0.1900000000000000300, 0.07499999999999999722 ) ) ;
#700 = CARTESIAN_POINT ( 'NONE',  ( -0.3218000208408005602, 0.4299999999999999933, 0.06004016794810488472 ) ) ;
#702 = ORIENTED_EDGE ( 'NONE', *, *, #3596, .T. ) ;
#701 = LENGTH_MEASURE_WITH_UNIT ( LENGTH_MEASURE( 0.02539999999999999897 ), #3997 );
#703 = PRESENTATION_STYLE_ASSIGNMENT (( #857 ) ) ;
#704 = STYLED_ITEM ( 'NONE', ( #5341 ), #928 ) ;
#705 = AXIS2_PLACEMENT_3D ( 'NONE', #3318, #744, #4151 ) ;
#706 = VECTOR ( 'NONE', #3683, 39.37007874015748143 ) ;
#707 = PLANE ( 'NONE',  #705 ) ;
#708 = FILL_AREA_STYLE_COLOUR ( '', #4515 ) ;
#709 = CARTESIAN_POINT ( 'NONE',  ( 0.3228719783459290116, 0.4298999999999999488, -0.02926488562236512908 ) ) ;
#710 = CYLINDRICAL_SURFACE ( 'NONE', #1815, 0.02000000000000000389 ) ;
#711 = DIRECTION ( 'NONE',  ( 0.0000000000000000000, 0.0000000000000000000, 1.000000000000000000 ) ) ;
#712 = DIRECTION ( 'NONE',  ( 0.0000000000000000000, -1.000000000000000000, 0.0000000000000000000 ) ) ;
#713 = CYLINDRICAL_SURFACE ( 'NONE', #4055, 0.02750000000000000014 ) ;
#714 = DIRECTION ( 'NONE',  ( 0.0000000000000000000, -1.000000000000000000, 0.0000000000000000000 ) ) ;
#715 = EDGE_CURVE ( 'NONE', #3501, #1091, #5545, .T. ) ;
#716 = CARTESIAN_POINT ( 'NONE',  ( 0.3056669152076621487, 0.4299999999999999378, -0.005334680400408881029 ) ) ;
#717 = LINE ( 'NONE', #3583, #5064 ) ;
#718 = AXIS2_PLACEMENT_3D ( 'NONE', #3808, #2934, #3371 ) ;
#719 = VECTOR ( 'NONE', #1203, 39.37007874015748143 ) ;
#720 = DIRECTION ( 'NONE',  ( 0.0000000000000000000, 0.0000000000000000000, 1.000000000000000000 ) ) ;
#721 = CARTESIAN_POINT ( 'NONE',  ( -0.2665000000000000147, -0.1900000000000000300, -0.02250000000000000264 ) ) ;
#722 = CARTESIAN_POINT ( 'NONE',  ( 0.2877798721932152137, 0.4300000000000002154, 0.05997798121872262994 ) ) ;
#723 = ADVANCED_BREP_SHAPE_REPRESENTATION ( 'OPB800W51Z', ( #2373, #437 ), #4976 ) ;
#724 = COLOUR_RGB ( '',1.000000000000000000, 1.000000000000000000, 1.000000000000000000 ) ;
#725 = STYLED_ITEM ( 'NONE', ( #780 ), #1817 ) ;
#726 = CARTESIAN_POINT ( 'NONE',  ( 0.2303838557242769702, 0.4298999999999999488, 0.01728733972718491871 ) ) ;
#727 =( NAMED_UNIT ( * ) PLANE_ANGLE_UNIT ( ) SI_UNIT ( $, .RADIAN. ) );
#728 = CARTESIAN_POINT ( 'NONE',  ( 0.2351766515921771827, 0.4299999999999999933, -0.02777448015799850040 ) ) ;
#729 = CARTESIAN_POINT ( 'NONE',  ( 0.3228719783459290116, 0.4298999999999999488, -0.02926488562236512908 ) ) ;
#730 = CARTESIAN_POINT ( 'NONE',  ( -0.2345159808915411315, 0.4298999999999999488, -0.04946162762460235701 ) ) ;
#731 = ORIENTED_EDGE ( 'NONE', *, *, #1351, .T. ) ;
#732 = EDGE_CURVE ( 'NONE', #602, #4205, #1397, .T. ) ;
#733 = SURFACE_STYLE_USAGE ( .BOTH. , #5007 ) ;
#734 = FILL_AREA_STYLE_COLOUR ( '', #605 ) ;
#735 = CARTESIAN_POINT ( 'NONE',  ( 0.3024999999999999911, -0.1900000000000000300, 0.07499999999999999722 ) ) ;
#737 = ORIENTED_EDGE ( 'NONE', *, *, #3999, .T. ) ;
#736 = COLOUR_RGB ( '',1.000000000000000000, 1.000000000000000000, 1.000000000000000000 ) ;
#738 = CARTESIAN_POINT ( 'NONE',  ( 0.2926472016310419644, 0.4299000000000001154, 0.007048725619241787664 ) ) ;
#739 = B_SPLINE_CURVE_WITH_KNOTS ( 'NONE', 3,
 ( #355, #807, #4699, #1272, #825, #1255, #840, #5526, #5539, #4282, #1683, #3855, #2544, #2113, #5107, #2980, #387, #3411, #3873 ),
 .UNSPECIFIED., .F., .F.,
 ( 4, 1, 1, 1, 1, 1, 1, 1, 1, 1, 1, 1, 1, 1, 1, 1, 4 ),
 ( 0.0000000000000000000, 0.03274321823113742619, 0.07240960549385754008, 0.1196114857927606245, 0.1746729151985129680, 0.2373450901947018188, 0.3083524168429169210, 0.3876300477623605412, 0.4747836155862527052, 0.5633323159904143340, 0.6451362168299877853, 0.7202025267224656524, 0.7891341563324464348, 0.8514970735699656235, 0.9073306044315618824, 0.9569686823424196076, 0.9999999999999998890 ),
 .UNSPECIFIED. ) ;
#740 = DIRECTION ( 'NONE',  ( 0.0000000000000000000, -1.000000000000000000, 0.0000000000000000000 ) ) ;
#741 = ORIENTED_EDGE ( 'NONE', *, *, #4268, .F. ) ;
#742 =( GEOMETRIC_REPRESENTATION_CONTEXT ( 3 ) GLOBAL_UNCERTAINTY_ASSIGNED_CONTEXT ( ( #5052 ) ) GLOBAL_UNIT_ASSIGNED_CONTEXT ( ( #4083, #2347, #3638 ) ) REPRESENTATION_CONTEXT ( 'NONE', 'WORKASPACE' ) );
#743 = VERTEX_POINT ( 'NONE', #5594 ) ;
#744 = DIRECTION ( 'NONE',  ( 0.0000000000000000000, -1.000000000000000000, 0.0000000000000000000 ) ) ;
#745 = FILL_AREA_STYLE ('',( #4660 ) ) ;
#746 = DIRECTION ( 'NONE',  ( -1.000000000000000000, 0.0000000000000000000, 0.0000000000000000000 ) ) ;
#747 = ORIENTED_EDGE ( 'NONE', *, *, #301, .F. ) ;
#748 = CARTESIAN_POINT ( 'NONE',  ( -0.1875000000000000278, 0.4299999999999999933, -0.1249999999999999861 ) ) ;
#749 = ORIENTED_EDGE ( 'NONE', *, *, #3007, .F. ) ;
#750 = AXIS2_PLACEMENT_3D ( 'NONE', #2647, #4049, #1887 ) ;
#751 = DIRECTION ( 'NONE',  ( 0.0000000000000000000, -1.000000000000000000, 0.0000000000000000000 ) ) ;
#752 = ORIENTED_EDGE ( 'NONE', *, *, #1723, .T. ) ;
#753 = CARTESIAN_POINT ( 'NONE',  ( 0.2561932709037090250, 0.4298999999999997823, -0.06161354342038306148 ) ) ;
#754 = VERTEX_POINT ( 'NONE', #4345 ) ;
#755 = CARTESIAN_POINT ( 'NONE',  ( 0.3257230031893184052, 0.4299999999999998268, 0.01911867275281355777 ) ) ;
#756 = ORIENTED_EDGE ( 'NONE', *, *, #4153, .F. ) ;
#757 = PRESENTATION_LAYER_ASSIGNMENT (  '', '', ( #5059 ) ) ;
#758 =( CONVERSION_BASED_UNIT ( 'INCH', #4343 ) LENGTH_UNIT ( ) NAMED_UNIT ( #5098 ) );
#759 = PLANE ( 'NONE',  #2762 ) ;
#760 = EDGE_CURVE ( 'NONE', #5290, #4224, #3065, .T. ) ;
#761 = ADVANCED_FACE ( 'NONE', ( #1668 ), #4233, .T. ) ;
#762 = ORIENTED_EDGE ( 'NONE', *, *, #1449, .F. ) ;
#763 = CARTESIAN_POINT ( 'NONE',  ( 0.3024999999999999911, 0.01000000000000000021, 0.07499999999999999722 ) ) ;
#764 = DIRECTION ( 'NONE',  ( 0.0000000000000000000, 0.0000000000000000000, -1.000000000000000000 ) ) ;
#765 = LENGTH_MEASURE_WITH_UNIT ( LENGTH_MEASURE( 0.02539999999999999897 ), #4333 );
#766 = AXIS2_PLACEMENT_3D ( 'NONE', #5565, #3432, #2116 ) ;
#768 = ORIENTED_EDGE ( 'NONE', *, *, #3410, .F. ) ;
#767 = COLOUR_RGB ( '',1.000000000000000000, 1.000000000000000000, 1.000000000000000000 ) ;
#769 = DIRECTION ( 'NONE',  ( 0.0000000000000000000, -1.000000000000000000, 0.0000000000000000000 ) ) ;
#770 = DIRECTION ( 'NONE',  ( 0.0000000000000000000, -1.000000000000000000, 0.0000000000000000000 ) ) ;
#771 = CARTESIAN_POINT ( 'NONE',  ( 0.2351766515921771827, 0.4298999999999998933, -0.02777448015799850040 ) ) ;
#772 = DIRECTION ( 'NONE',  ( 0.0000000000000000000, 0.0000000000000000000, -1.000000000000000000 ) ) ;
#773 = AXIS2_PLACEMENT_3D ( 'NONE', #2532, #4271, #2968 ) ;
#774 = DIRECTION ( 'NONE',  ( 0.0000000000000000000, 1.000000000000000000, 0.0000000000000000000 ) ) ;
#775 = STYLED_ITEM ( 'NONE', ( #5377 ), #2950 ) ;
#776 = CARTESIAN_POINT ( 'NONE',  ( 0.2561932709037090250, 0.4299999999999997713, -0.06161354342038306148 ) ) ;
#777 = LINE ( 'NONE', #4860, #3461 ) ;
#778 = CARTESIAN_POINT ( 'NONE',  ( -0.3224999999999999534, 0.01000000000000000021, 0.07499999999999984457 ) ) ;
#779 = CARTESIAN_POINT ( 'NONE',  ( 0.3024999999999998246, 0.01000000000000000021, 0.09499999999999998723 ) ) ;
#780 = PRESENTATION_STYLE_ASSIGNMENT (( #3199 ) ) ;
#781 = MECHANICAL_DESIGN_GEOMETRIC_PRESENTATION_REPRESENTATION (  '', ( #4073 ), #1138 ) ;
#782 = CARTESIAN_POINT ( 'NONE',  ( 0.3087185347198789231, 0.4300000000000000488, 0.02556367541780401459 ) ) ;
#783 = DIMENSIONAL_EXPONENTS ( 1.000000000000000000, 0.0000000000000000000, 0.0000000000000000000, 0.0000000000000000000, 0.0000000000000000000, 0.0000000000000000000, 0.0000000000000000000 ) ;
#784 = PRESENTATION_LAYER_ASSIGNMENT (  '', '', ( #2792 ) ) ;
#785 = SURFACE_STYLE_USAGE ( .BOTH. , #4628 ) ;
#786 =( NAMED_UNIT ( * ) PLANE_ANGLE_UNIT ( ) SI_UNIT ( $, .RADIAN. ) );
#787 = VECTOR ( 'NONE', #1976, 39.37007874015748143 ) ;
#788 = CYLINDRICAL_SURFACE ( 'NONE', #904, 0.01550000000000004673 ) ;
#789 = CARTESIAN_POINT ( 'NONE',  ( 0.2815812597148523166, 0.4299000000000000599, 0.06012890759197796892 ) ) ;
#790 = EDGE_CURVE ( 'NONE', #1506, #743, #697, .T. ) ;
#791 = CARTESIAN_POINT ( 'NONE',  ( 0.3194628336913877820, 0.4300000000000001044, 0.004733747810712083358 ) ) ;
#792 = DIRECTION ( 'NONE',  ( 0.0000000000000000000, 0.0000000000000000000, 1.000000000000000000 ) ) ;
#793 = CARTESIAN_POINT ( 'NONE',  ( -0.3674999999999999933, 0.4299999999999999933, -0.1250000000000000000 ) ) ;
#794 = CARTESIAN_POINT ( 'NONE',  ( 0.2958441334178522619, 0.4298999999999999488, 0.04320234148029913901 ) ) ;
#795 = CARTESIAN_POINT ( 'NONE',  ( 0.3020857213703364019, 0.4298999999999999488, -0.04076118286137016267 ) ) ;
#796 = LENGTH_MEASURE_WITH_UNIT ( LENGTH_MEASURE( 0.02539999999999999897 ), #835 );
#797 = SURFACE_STYLE_USAGE ( .BOTH. , #379 ) ;
#798 = PRESENTATION_STYLE_ASSIGNMENT (( #4331 ) ) ;
#799 = ORIENTED_EDGE ( 'NONE', *, *, #1938, .F. ) ;
#800 = DIRECTION ( 'NONE',  ( -0.0000000000000000000, 1.000000000000000000, -0.0000000000000000000 ) ) ;
#801 = CARTESIAN_POINT ( 'NONE',  ( 0.4850000000000000422, 0.1000000000000000056, -0.1250000000000000000 ) ) ;
#802 =( CONVERSION_BASED_UNIT ( 'INCH', #4287 ) LENGTH_UNIT ( ) NAMED_UNIT ( #2941 ) );
#803 = DIRECTION ( 'NONE',  ( 0.0000000000000000000, 1.000000000000000000, 0.0000000000000000000 ) ) ;
#804 = FACE_OUTER_BOUND ( 'NONE', #5178, .T. ) ;
#806 = ORIENTED_EDGE ( 'NONE', *, *, #5580, .T. ) ;
#805 = FACE_OUTER_BOUND ( 'NONE', #1486, .T. ) ;
#807 = CARTESIAN_POINT ( 'NONE',  ( 0.2571091302823935720, 0.4299999999999999378, -0.02179638115090379302 ) ) ;
#808 = EDGE_CURVE ( 'NONE', #1082, #2560, #2336, .T. ) ;
#809 = CARTESIAN_POINT ( 'NONE',  ( 0.2303415608082756971, 0.4298999999999999488, 0.01621616706563401913 ) ) ;
#810 = CARTESIAN_POINT ( 'NONE',  ( 0.2940925619040098415, 0.4298999999999998933, -0.04813562738775937350 ) ) ;
#811 = ORIENTED_EDGE ( 'NONE', *, *, #2131, .T. ) ;
#812 = B_SPLINE_CURVE_WITH_KNOTS ( 'NONE', 3,
 ( #5471, #716, #2909, #1645, #1186, #2509, #2872, #1600, #791, #3733, #5453, #2851, #261, #2443, #5044, #755, #4219, #3326, #1623 ),
 .UNSPECIFIED., .F., .F.,
 ( 4, 1, 1, 1, 1, 1, 1, 1, 1, 1, 1, 1, 1, 1, 1, 1, 4 ),
 ( 0.0000000000000000000, 0.07493130598184481739, 0.1470775964339467445, 0.2163644561730687088, 0.2825027309006232223, 0.3466877108244154071, 0.4088355551310374758, 0.4692619872876919174, 0.5284320432534619361, 0.5870013379727403446, 0.6444163938320657259, 0.7021887902662961034, 0.7597671795443334819, 0.8184897928274490475, 0.8776328274167841670, 0.9380195662701678039, 1.000000000000000000 ),
 .UNSPECIFIED. ) ;
#813 = CARTESIAN_POINT ( 'NONE',  ( 0.2940925619040098415, 0.4299999999999999378, -0.04813562738775937350 ) ) ;
#814 = STYLED_ITEM ( 'NONE', ( #3070 ), #634 ) ;
#815 = EDGE_LOOP ( 'NONE', ( #397, #5045 ) ) ;
#817 = ORIENTED_EDGE ( 'NONE', *, *, #2220, .F. ) ;
#816 = ORIENTED_EDGE ( 'NONE', *, *, #3980, .T. ) ;
#818 = EDGE_LOOP ( 'NONE', ( #607, #2710, #380, #2481 ) ) ;
#819 = DIRECTION ( 'NONE',  ( 1.000000000000000000, 0.0000000000000000000, -0.0000000000000000000 ) ) ;
#820 = DIRECTION ( 'NONE',  ( 0.0000000000000000000, 0.0000000000000000000, 1.000000000000000000 ) ) ;
#821 = CARTESIAN_POINT ( 'NONE',  ( 0.2135000000000000231, 0.01000000000000000021, 0.1050000000000000239 ) ) ;
#822 = ORIENTED_EDGE ( 'NONE', *, *, #3062, .F. ) ;
#823 = EDGE_CURVE ( 'NONE', #5040, #4177, #4367, .T. ) ;
#824 = ORIENTED_EDGE ( 'NONE', *, *, #155, .F. ) ;
#825 = CARTESIAN_POINT ( 'NONE',  ( 0.2619639604115195919, 0.4299999999999999933, -0.01886527949669364670 ) ) ;
#826 = CARTESIAN_POINT ( 'NONE',  ( -0.2665000000000000147, -0.1900000000000000300, 0.02250000000000000264 ) ) ;
#827 = ORIENTED_EDGE ( 'NONE', *, *, #1805, .F. ) ;
#828 = CARTESIAN_POINT ( 'NONE',  ( 0.2895589142171832719, 0.4299999999999999378, -0.04987293831471899253 ) ) ;
#829 = DIRECTION ( 'NONE',  ( 0.0000000000000000000, 1.000000000000000000, 0.0000000000000000000 ) ) ;
#830 = SURFACE_SIDE_STYLE ('',( #3786 ) ) ;
#832 = EDGE_LOOP ( 'NONE', ( #2095, #1558, #1893, #390 ) ) ;
#831 = VECTOR ( 'NONE', #1525, 39.37007874015748143 ) ;
#833 = STYLED_ITEM ( 'NONE', ( #3260 ), #1851 ) ;
#834 = CARTESIAN_POINT ( 'NONE',  ( -0.3674999999999999933, 0.1000000000000000056, -0.1250000000000000000 ) ) ;
#835 =( LENGTH_UNIT ( ) NAMED_UNIT ( * ) SI_UNIT ( $, .METRE. ) );
#836 =( NAMED_UNIT ( * ) PLANE_ANGLE_UNIT ( ) SI_UNIT ( $, .RADIAN. ) );
#837 = EDGE_CURVE ( 'NONE', #3420, #3224, #3059, .T. ) ;
#838 = SURFACE_STYLE_FILL_AREA ( #2145 ) ;
#839 =( LENGTH_UNIT ( ) NAMED_UNIT ( * ) SI_UNIT ( $, .METRE. ) );
#840 = CARTESIAN_POINT ( 'NONE',  ( 0.2675953661222911784, 0.4300000000000000488, -0.01673002855554269266 ) ) ;
#841 = CARTESIAN_POINT ( 'NONE',  ( 0.3087571688910327738, 0.4298999999999999488, 0.02467034981205626365 ) ) ;
#842 = VECTOR ( 'NONE', #179, 39.37007874015748143 ) ;
#843 = CARTESIAN_POINT ( 'NONE',  ( 0.2719856320780214554, 0.4299999999999999378, 0.001249669622696869455 ) ) ;
#844 = CARTESIAN_POINT ( 'NONE',  ( 0.2781995866162833564, 0.4298999999999999488, -0.05122125588553710224 ) ) ;
#845 = EDGE_CURVE ( 'NONE', #4520, #1082, #4507, .T. ) ;
#847 = ORIENTED_EDGE ( 'NONE', *, *, #3874, .F. ) ;
#846 = VECTOR ( 'NONE', #4758, 39.37007874015748143 ) ;
#848 = PRESENTATION_LAYER_ASSIGNMENT (  '', '', ( #553 ) ) ;
#849 = VECTOR ( 'NONE', #3333, 39.37007874015748143 ) ;
#850 = EDGE_CURVE ( 'NONE', #1090, #4090, #1246, .T. ) ;
#851 = LINE ( 'NONE', #1856, #1259 ) ;
#852 =( NAMED_UNIT ( * ) PLANE_ANGLE_UNIT ( ) SI_UNIT ( $, .RADIAN. ) );
#853 = CARTESIAN_POINT ( 'NONE',  ( -0.1875000000000000278, -0.4506939094329985851, 0.1249999999999999861 ) ) ;
#854 = PRESENTATION_STYLE_ASSIGNMENT (( #1846 ) ) ;
#855 = CARTESIAN_POINT ( 'NONE',  ( 0.3247266937538251241, 0.4299000000000000599, 0.03328851951555979183 ) ) ;
#856 = CARTESIAN_POINT ( 'NONE',  ( 0.2597966483922906633, 0.4300000000000001044, -0.01993595631813317032 ) ) ;
#857 = SURFACE_STYLE_USAGE ( .BOTH. , #5019 ) ;
#858 = AXIS2_PLACEMENT_3D ( 'NONE', #1522, #3706, #5351 ) ;
#859 = DIMENSIONAL_EXPONENTS ( 1.000000000000000000, 0.0000000000000000000, 0.0000000000000000000, 0.0000000000000000000, 0.0000000000000000000, 0.0000000000000000000, 0.0000000000000000000 ) ;
#860 =( NAMED_UNIT ( * ) PLANE_ANGLE_UNIT ( ) SI_UNIT ( $, .RADIAN. ) );
#861 = CARTESIAN_POINT ( 'NONE',  ( 0.2566843041485769028, 0.4299999999999999933, -0.02215847113986527464 ) ) ;
#863 = ORIENTED_EDGE ( 'NONE', *, *, #5161, .T. ) ;
#862 = VECTOR ( 'NONE', #1999, 39.37007874015748143 ) ;
#864 = CARTESIAN_POINT ( 'NONE',  ( -0.5000000000000000000, 0.1000000000000000056, -9.092702177131151783E-17 ) ) ;
#865 = DIRECTION ( 'NONE',  ( 0.0000000000000000000, 0.0000000000000000000, 1.000000000000000000 ) ) ;
#866 = FILL_AREA_STYLE_COLOUR ( '', #2657 ) ;
#867 = VECTOR ( 'NONE', #2082, 39.37007874015748143 ) ;
#868 = DIRECTION ( 'NONE',  ( -0.0000000000000000000, 1.000000000000000000, 0.0000000000000000000 ) ) ;
#869 = ORIENTED_EDGE ( 'NONE', *, *, #3999, .F. ) ;
#870 = EDGE_CURVE ( 'NONE', #2638, #1073, #4877, .T. ) ;
#871 = LINE ( 'NONE', #114, #4188 ) ;
#873 = ORIENTED_EDGE ( 'NONE', *, *, #2930, .T. ) ;
#872 = CIRCLE ( 'NONE', #1919, 0.02000000000000000389 ) ;
#874 = CARTESIAN_POINT ( 'NONE',  ( 0.2620414321074772124, 0.4299000000000001709, -0.04827553674969493197 ) ) ;
#875 = CARTESIAN_POINT ( 'NONE',  ( -0.2665000000000000147, -0.1849999999999999978, 0.02250000000000000264 ) ) ;
#876 = ORIENTED_EDGE ( 'NONE', *, *, #4052, .F. ) ;
#877 = EDGE_CURVE ( 'NONE', #4727, #3504, #159, .T. ) ;
#878 = VERTEX_POINT ( 'NONE', #2269 ) ;
#879 = DIRECTION ( 'NONE',  ( -0.0000000000000000000, -1.000000000000000000, -0.0000000000000000000 ) ) ;
#880 = DIRECTION ( 'NONE',  ( 0.0000000000000000000, 0.0000000000000000000, 1.000000000000000000 ) ) ;
#881 = EDGE_LOOP ( 'NONE', ( #4004, #1157 ) ) ;
#882 = DIRECTION ( 'NONE',  ( 0.0000000000000000000, 0.0000000000000000000, 1.000000000000000000 ) ) ;
#883 = SURFACE_STYLE_USAGE ( .BOTH. , #1355 ) ;
#884 = ORIENTED_EDGE ( 'NONE', *, *, #732, .F. ) ;
#885 =( NAMED_UNIT ( * ) SI_UNIT ( $, .STERADIAN. ) SOLID_ANGLE_UNIT ( ) );
#886 = EDGE_LOOP ( 'NONE', ( #768, #847, #3158, #747 ) ) ;
#887 =( LENGTH_UNIT ( ) NAMED_UNIT ( * ) SI_UNIT ( $, .METRE. ) );
#888 = CARTESIAN_POINT ( 'NONE',  ( 0.2465920182774749281, 0.4298999999999999488, -0.05612613100929805809 ) ) ;
#889 = ORIENTED_EDGE ( 'NONE', *, *, #2707, .F. ) ;
#890 = EDGE_CURVE ( 'NONE', #3420, #4221, #1727, .T. ) ;
#891 = STYLED_ITEM ( 'NONE', ( #310 ), #3488 ) ;
#892 = EDGE_LOOP ( 'NONE', ( #1819, #967, #319, #3323, #1154, #1878, #674, #3149, #474, #2549, #3517, #4070 ) ) ;
#893 = CARTESIAN_POINT ( 'NONE',  ( 0.2781995866162833564, 0.4298999999999999488, -0.05122125588553710224 ) ) ;
#894 = DIRECTION ( 'NONE',  ( -0.0000000000000000000, 1.000000000000000000, -0.0000000000000000000 ) ) ;
#895 = CARTESIAN_POINT ( 'NONE',  ( 0.3071092833347532913, 0.4298999999999998933, 0.01723847373580391154 ) ) ;
#896 = CARTESIAN_POINT ( 'NONE',  ( 0.3002791160591489761, 0.4299000000000001154, -0.007496809010052334077 ) ) ;
#897 = ADVANCED_FACE ( 'NONE', ( #1062 ), #575, .T. ) ;
#898 = EDGE_CURVE ( 'NONE', #4537, #2920, #3625, .T. ) ;
#899 =( NAMED_UNIT ( * ) SI_UNIT ( $, .STERADIAN. ) SOLID_ANGLE_UNIT ( ) );
#901 = ORIENTED_EDGE ( 'NONE', *, *, #2930, .F. ) ;
#900 = VECTOR ( 'NONE', #5293, 39.37007874015748143 ) ;
#902 = PRESENTATION_LAYER_ASSIGNMENT (  '', '', ( #1582 ) ) ;
#903 =( NAMED_UNIT ( * ) PLANE_ANGLE_UNIT ( ) SI_UNIT ( $, .RADIAN. ) );
#904 = AXIS2_PLACEMENT_3D ( 'NONE', #5334, #2775, #3203 ) ;
#905 = DIRECTION ( 'NONE',  ( -0.0000000000000000000, 0.0000000000000000000, 1.000000000000000000 ) ) ;
#906 = FILL_AREA_STYLE_COLOUR ( '', #5137 ) ;
#908 = ORIENTED_EDGE ( 'NONE', *, *, #3473, .F. ) ;
#907 = VECTOR ( 'NONE', #3734, 39.37007874015748143 ) ;
#909 = SHAPE_DEFINITION_REPRESENTATION ( #524, #723 ) ;
#910 = CARTESIAN_POINT ( 'NONE',  ( -0.3043432128509486745, 0.4298999999999999488, -0.01137404655583462536 ) ) ;
#911 = CARTESIAN_POINT ( 'NONE',  ( 0.2506801904656669744, 0.4298999999999997823, -0.05894150691237358408 ) ) ;
#912 = CARTESIAN_POINT ( 'NONE',  ( -0.2392769285251371281, 0.4299999999999999933, 0.002908796344953273796 ) ) ;
#914 = ORIENTED_EDGE ( 'NONE', *, *, #1857, .F. ) ;
#913 = VECTOR ( 'NONE', #668, 39.37007874015748143 ) ;
#915 = VECTOR ( 'NONE', #4313, 39.37007874015748143 ) ;
#916 = CARTESIAN_POINT ( 'NONE',  ( 0.2895589142171832719, 0.4299999999999999378, -0.04987293831471899253 ) ) ;
#917 = CARTESIAN_POINT ( 'NONE',  ( 0.3258180165187123389, 0.4298999999999998933, 0.02860990266489626260 ) ) ;
#918 = CARTESIAN_POINT ( 'NONE',  ( 0.2566843041485769028, 0.4298999999999999488, -0.02215847113986527464 ) ) ;
#919 =( CONVERSION_BASED_UNIT ( 'INCH', #765 ) LENGTH_UNIT ( ) NAMED_UNIT ( #5550 ) );
#920 = SURFACE_STYLE_FILL_AREA ( #506 ) ;
#921 = EDGE_CURVE ( 'NONE', #534, #3525, #5274, .T. ) ;
#922 = LINE ( 'NONE', #1435, #2791 ) ;
#923 = LENGTH_MEASURE_WITH_UNIT ( LENGTH_MEASURE( 0.02539999999999999897 ), #887 );
#924 = CARTESIAN_POINT ( 'NONE',  ( 0.3194628336913877820, 0.4299000000000001154, 0.004733747810712083358 ) ) ;
#925 = DIRECTION ( 'NONE',  ( -1.000000000000000000, -0.0000000000000000000, -0.0000000000000000000 ) ) ;
#926 = FACE_OUTER_BOUND ( 'NONE', #1285, .T. ) ;
#927 = LINE ( 'NONE', #1915, #364 ) ;
#928 = ADVANCED_FACE ( 'NONE', ( #2592 ), #4929, .T. ) ;
#929 = DIRECTION ( 'NONE',  ( 1.000000000000000000, 0.0000000000000000000, -0.0000000000000000000 ) ) ;
#930 = CARTESIAN_POINT ( 'NONE',  ( 0.2561932709037090250, 0.4298999999999997823, -0.06161354342038306148 ) ) ;
#931 = LINE ( 'NONE', #4489, #3061 ) ;
#932 = PRESENTATION_STYLE_ASSIGNMENT (( #3099 ) ) ;
#933 = EDGE_CURVE ( 'NONE', #3238, #552, #2402, .T. ) ;
#934 = AXIS2_PLACEMENT_3D ( 'NONE', #2390, #3234, #3694 ) ;
#935 = CARTESIAN_POINT ( 'NONE',  ( 0.2546718468999320528, 0.4300000000000000488, -0.04158120904395345985 ) ) ;
#936 = DIRECTION ( 'NONE',  ( -0.0000000000000000000, -0.0000000000000000000, 1.000000000000000000 ) ) ;
#937 = CARTESIAN_POINT ( 'NONE',  ( 0.2815812597148523166, 0.4300000000000000488, 0.06012890759197796892 ) ) ;
#938 = ORIENTED_EDGE ( 'NONE', *, *, #1185, .F. ) ;
#939 = LINE ( 'NONE', #4042, #1942 ) ;
#940 = CARTESIAN_POINT ( 'NONE',  ( 0.3225125543461300204, 0.4299999999999999933, -0.03440498771937564038 ) ) ;
#941 = DIRECTION ( 'NONE',  ( 0.0000000000000000000, 0.0000000000000000000, -1.000000000000000000 ) ) ;
#942 = ORIENTED_EDGE ( 'NONE', *, *, #256, .T. ) ;
#943 = AXIS2_PLACEMENT_3D ( 'NONE', #4532, #1936, #2369 ) ;
#944 = CARTESIAN_POINT ( 'NONE',  ( -0.3674999999999999933, 0.01000000000000000021, -0.1050000000000002320 ) ) ;
#945 =( NAMED_UNIT ( * ) SI_UNIT ( $, .STERADIAN. ) SOLID_ANGLE_UNIT ( ) );
#946 = DIRECTION ( 'NONE',  ( -0.0000000000000000000, 1.000000000000000000, -0.0000000000000000000 ) ) ;
#947 = FACE_BOUND ( 'NONE', #2225, .T. ) ;
#948 = DIMENSIONAL_EXPONENTS ( 1.000000000000000000, 0.0000000000000000000, 0.0000000000000000000, 0.0000000000000000000, 0.0000000000000000000, 0.0000000000000000000, 0.0000000000000000000 ) ;
#949 = DIRECTION ( 'NONE',  ( 0.0000000000000000000, -1.000000000000000000, 0.0000000000000000000 ) ) ;
#950 = EDGE_LOOP ( 'NONE', ( #1695, #5119, #1271, #419 ) ) ;
#951 = ORIENTED_EDGE ( 'NONE', *, *, #2166, .F. ) ;
#952 =( CONVERSION_BASED_UNIT ( 'INCH', #1396 ) LENGTH_UNIT ( ) NAMED_UNIT ( #4728 ) );
#953 = CARTESIAN_POINT ( 'NONE',  ( 0.3095788001039446180, 0.4300000000000000488, 0.05279307729203277372 ) ) ;
#954 = ORIENTED_EDGE ( 'NONE', *, *, #3266, .T. ) ;
#955 = ADVANCED_FACE ( 'NONE', ( #1263 ), #4816, .T. ) ;
#956 = VERTEX_POINT ( 'NONE', #5395 ) ;
#957 = ORIENTED_EDGE ( 'NONE', *, *, #2566, .F. ) ;
#958 = PRESENTATION_LAYER_ASSIGNMENT (  '', '', ( #5179 ) ) ;
#959 = PLANE ( 'NONE',  #3662 ) ;
#960 = DIRECTION ( 'NONE',  ( 0.0000000000000000000, 0.0000000000000000000, -1.000000000000000000 ) ) ;
#961 = CARTESIAN_POINT ( 'NONE',  ( 0.4850000000000000422, 0.1000000000000000056, -1.707404996040164512E-17 ) ) ;
#962 = VERTEX_POINT ( 'NONE', #2832 ) ;
#963 = DIRECTION ( 'NONE',  ( 0.0000000000000000000, -1.000000000000000000, 0.0000000000000000000 ) ) ;
#964 = FACE_OUTER_BOUND ( 'NONE', #3882, .T. ) ;
#965 = DIRECTION ( 'NONE',  ( -0.0000000000000000000, 1.000000000000000000, -0.0000000000000000000 ) ) ;
#967 = ORIENTED_EDGE ( 'NONE', *, *, #591, .T. ) ;
#966 = FACE_OUTER_BOUND ( 'NONE', #5577, .T. ) ;
#968 = PRESENTATION_LAYER_ASSIGNMENT (  '', '', ( #4183 ) ) ;
#969 = CARTESIAN_POINT ( 'NONE',  ( 0.2135000000000000231, 0.01000000000000000021, -0.1050000000000000239 ) ) ;
#970 = UNCERTAINTY_MEASURE_WITH_UNIT (LENGTH_MEASURE( 1.000000000000000082E-05 ), #1935, 'distance_accuracy_value', 'NONE');
#971 = ORIENTED_EDGE ( 'NONE', *, *, #3675, .F. ) ;
#972 = CARTESIAN_POINT ( 'NONE',  ( 0.2584692576831451594, 0.4299999999999999378, -0.04590590221181211489 ) ) ;
#973 = CARTESIAN_POINT ( 'NONE',  ( 0.2522979310714476564, 0.4298999999999999488, -0.03296512212877023007 ) ) ;
#974 = CARTESIAN_POINT ( 'NONE',  ( 0.3138331205164131554, 0.4299000000000001709, 0.04970404535226195797 ) ) ;
#975 = EDGE_CURVE ( 'NONE', #2963, #5462, #2727, .T. ) ;
#976 = DIMENSIONAL_EXPONENTS ( 1.000000000000000000, 0.0000000000000000000, 0.0000000000000000000, 0.0000000000000000000, 0.0000000000000000000, 0.0000000000000000000, 0.0000000000000000000 ) ;
#978 = ORIENTED_EDGE ( 'NONE', *, *, #3102, .T. ) ;
#977 = VECTOR ( 'NONE', #3428, 39.37007874015748854 ) ;
#979 = CARTESIAN_POINT ( 'NONE',  ( 0.3098389501927779066, 0.4299000000000000599, -0.003179702453317653343 ) ) ;
#980 = CARTESIAN_POINT ( 'NONE',  ( 0.2945385217043585691, 0.4298999999999998933, -0.009385758736096755719 ) ) ;
#981 = LINE ( 'NONE', #1830, #2788 ) ;
#982 = SURFACE_SIDE_STYLE ('',( #4672 ) ) ;
#983 = DIRECTION ( 'NONE',  ( -0.0000000000000000000, 1.000000000000000000, -0.0000000000000000000 ) ) ;
#984 = LINE ( 'NONE', #3164, #3187 ) ;
#985 = ADVANCED_FACE ( 'NONE', ( #1860 ), #4629, .F. ) ;
#986 = DIRECTION ( 'NONE',  ( 0.0000000000000000000, 0.0000000000000000000, -1.000000000000000000 ) ) ;
#987 =( CONVERSION_BASED_UNIT ( 'INCH', #5331 ) LENGTH_UNIT ( ) NAMED_UNIT ( #3399 ) );
#988 = PLANE ( 'NONE',  #3296 ) ;
#989 = CIRCLE ( 'NONE', #4075, 0.02750000000000000014 ) ;
#990 = CARTESIAN_POINT ( 'NONE',  ( -0.3043432128509486745, 0.4299999999999999933, -0.01137404655583462536 ) ) ;
#991 = LINE ( 'NONE', #478, #846 ) ;
#992 = AXIS2_PLACEMENT_3D ( 'NONE', #1219, #3340, #746 ) ;
#993 = LINE ( 'NONE', #5321, #3615 ) ;
#994 = CARTESIAN_POINT ( 'NONE',  ( 0.2522979310714476564, 0.4299999999999999933, -0.03296512212877023007 ) ) ;
#995 = CARTESIAN_POINT ( 'NONE',  ( -0.3024999999999999911, -0.5900000000000000799, 0.07499999999999999722 ) ) ;
#996 = CARTESIAN_POINT ( 'NONE',  ( 0.3175045242981330285, 0.4299000000000001154, 0.04614294155454021912 ) ) ;
#997 = CARTESIAN_POINT ( 'NONE',  ( 0.2546715959503116911, 0.4299000000000001154, -0.02432238662890750733 ) ) ;
#998 = EDGE_CURVE ( 'NONE', #3224, #598, #3549, .T. ) ;
#999 = VECTOR ( 'NONE', #2018, 39.37007874015748143 ) ;
#1000 = PRESENTATION_STYLE_ASSIGNMENT (( #883 ) ) ;
#1001 = CIRCLE ( 'NONE', #442, 0.02500000000000002220 ) ;
#1002 =( NAMED_UNIT ( * ) SI_UNIT ( $, .STERADIAN. ) SOLID_ANGLE_UNIT ( ) );
#1003 = SURFACE_SIDE_STYLE ('',( #2374 ) ) ;
#1004 = CARTESIAN_POINT ( 'NONE',  ( 0.2792588523900823017, 0.4299999999999999933, 0.04596673904713786257 ) ) ;
#1005 = PRESENTATION_LAYER_ASSIGNMENT (  '', '', ( #3111 ) ) ;
#1006 = DIRECTION ( 'NONE',  ( -0.0000000000000000000, -1.000000000000000000, -0.0000000000000000000 ) ) ;
#1008 = ORIENTED_EDGE ( 'NONE', *, *, #4160, .T. ) ;
#1007 = LINE ( 'NONE', #2807, #1404 ) ;
#1009 = CARTESIAN_POINT ( 'NONE',  ( 0.2135000000000000231, 0.01000000000000000021, 0.1050000000000000239 ) ) ;
#1010 = LENGTH_MEASURE_WITH_UNIT ( LENGTH_MEASURE( 0.02539999999999999897 ), #4941 );
#1011 = EDGE_CURVE ( 'NONE', #4479, #4968, #5540, .T. ) ;
#1012 = EDGE_LOOP ( 'NONE', ( #3643, #3511, #1159, #3395 ) ) ;
#1013 = CARTESIAN_POINT ( 'NONE',  ( 0.3191011155140018873, 0.4298999999999999488, 0.04416775996129544690 ) ) ;
#1014 = ADVANCED_FACE ( 'NONE', ( #2662 ), #2506, .T. ) ;
#1015 = AXIS2_PLACEMENT_3D ( 'NONE', #2584, #929, #2158 ) ;
#1016 = VECTOR ( 'NONE', #2511, 39.37007874015748143 ) ;
#1017 = STYLED_ITEM ( 'NONE', ( #4362 ), #4830 ) ;
#1018 = VERTEX_POINT ( 'NONE', #1128 ) ;
#1019 = FILL_AREA_STYLE_COLOUR ( '', #1242 ) ;
#1020 = CARTESIAN_POINT ( 'NONE',  ( -0.2665000000000000147, -0.6900000000000000577, 0.05000000000000000278 ) ) ;
#1021 =( CONVERSION_BASED_UNIT ( 'INCH', #5053 ) LENGTH_UNIT ( ) NAMED_UNIT ( #1595 ) );
#1022 = CARTESIAN_POINT ( 'NONE',  ( -0.3674999999999999933, 0.0000000000000000000, -0.1050000000000002320 ) ) ;
#1023 = AXIS2_PLACEMENT_3D ( 'NONE', #495, #5258, #2249 ) ;
#1024 = ORIENTED_EDGE ( 'NONE', *, *, #1011, .F. ) ;
#1025 = ORIENTED_EDGE ( 'NONE', *, *, #3760, .F. ) ;
#1026 = VERTEX_POINT ( 'NONE', #4600 ) ;
#1027 = CARTESIAN_POINT ( 'NONE',  ( 0.1875000000000000278, 0.08000000000000002942, -0.1249999999999999861 ) ) ;
#1028 = ORIENTED_EDGE ( 'NONE', *, *, #2141, .F. ) ;
#1029 = EDGE_CURVE ( 'NONE', #743, #131, #1132, .T. ) ;
#1030 = ORIENTED_EDGE ( 'NONE', *, *, #17, .T. ) ;
#1031 = ORIENTED_EDGE ( 'NONE', *, *, #1850, .T. ) ;
#1032 = CARTESIAN_POINT ( 'NONE',  ( 0.2523480353317593128, 0.4299999999999998268, -0.03480651046213448924 ) ) ;
#1033 = CARTESIAN_POINT ( 'NONE',  ( -0.1875000000000000278, 0.0000000000000000000, 0.08999999999999994116 ) ) ;
#1034 = ORIENTED_EDGE ( 'NONE', *, *, #5522, .T. ) ;
#1035 = FACE_OUTER_BOUND ( 'NONE', #260, .T. ) ;
#1036 = PLANE ( 'NONE',  #4350 ) ;
#1037 = FILL_AREA_STYLE_COLOUR ( '', #3735 ) ;
#1038 = DIRECTION ( 'NONE',  ( 1.000000000000000000, 0.0000000000000000000, 0.0000000000000000000 ) ) ;
#1039 = ORIENTED_EDGE ( 'NONE', *, *, #3624, .F. ) ;
#1040 = AXIS2_PLACEMENT_3D ( 'NONE', #3535, #3513, #5251 ) ;
#1041 = DIRECTION ( 'NONE',  ( 0.0000000000000000000, 0.0000000000000000000, 1.000000000000000000 ) ) ;
#1042 = UNCERTAINTY_MEASURE_WITH_UNIT (LENGTH_MEASURE( 1.000000000000000082E-05 ), #2376, 'distance_accuracy_value', 'NONE');
#1043 = EDGE_CURVE ( 'NONE', #3727, #1671, #223, .T. ) ;
#1044 = STYLED_ITEM ( 'NONE', ( #5483 ), #4020 ) ;
#1045 = CARTESIAN_POINT ( 'NONE',  ( 0.2537323785873031867, 0.4300000000000000488, -0.005087967422787659580 ) ) ;
#1047 = EDGE_LOOP ( 'NONE', ( #672, #4994, #4799, #2781 ) ) ;
#1046 = LINE ( 'NONE', #969, #1515 ) ;
#1048 = CARTESIAN_POINT ( 'NONE',  ( 0.3194628336913877820, 0.4299000000000001154, 0.004733747810712083358 ) ) ;
#1049 = FILL_AREA_STYLE ('',( #4932 ) ) ;
#1050 = LINE ( 'NONE', #5406, #913 ) ;
#1051 = DIRECTION ( 'NONE',  ( 1.000000000000000000, 0.0000000000000000000, 0.0000000000000000000 ) ) ;
#1052 = CARTESIAN_POINT ( 'NONE',  ( 0.2597966483922906633, 0.4299000000000000599, -0.01993595631813317032 ) ) ;
#1053 = FILL_AREA_STYLE ('',( #4039 ) ) ;
#1054 = CIRCLE ( 'NONE', #2299, 0.01000000000000000368 ) ;
#1055 = DIRECTION ( 'NONE',  ( 0.0000000000000000000, 0.0000000000000000000, -1.000000000000000000 ) ) ;
#1056 = CARTESIAN_POINT ( 'NONE',  ( 0.1875000000000000278, 0.01000000000000000021, -0.08999999999999994116 ) ) ;
#1057 = CARTESIAN_POINT ( 'NONE',  ( 0.3228719783459290116, 0.4299999999999999933, -0.02926488562236512908 ) ) ;
#1058 = VECTOR ( 'NONE', #2190, 39.37007874015748143 ) ;
#1059 = FACE_OUTER_BOUND ( 'NONE', #950, .T. ) ;
#1060 = LINE ( 'NONE', #1933, #4692 ) ;
#1061 = MECHANICAL_DESIGN_GEOMETRIC_PRESENTATION_REPRESENTATION (  '', ( #775 ), #2489 ) ;
#1062 = FACE_OUTER_BOUND ( 'NONE', #1542, .T. ) ;
#1063 = CARTESIAN_POINT ( 'NONE',  ( 0.3056103541811936442, 0.4300000000000002154, 0.03519230575703652386 ) ) ;
#1064 = CARTESIAN_POINT ( 'NONE',  ( 0.2557749112509048461, 0.4299999999999999378, -0.04306852783025072462 ) ) ;
#1065 = CIRCLE ( 'NONE', #3804, 0.02500000000000002220 ) ;
#1066 = ADVANCED_FACE ( 'NONE', ( #4568 ), #4179, .F. ) ;
#1067 = SURFACE_STYLE_FILL_AREA ( #2684 ) ;
#1068 = CARTESIAN_POINT ( 'NONE',  ( -0.3674999999999999933, 0.0000000000000000000, -0.1250000000000000000 ) ) ;
#1069 = CARTESIAN_POINT ( 'NONE',  ( 0.1875000000000000278, 0.08000000000000002942, -0.1249999999999999861 ) ) ;
#1070 = CARTESIAN_POINT ( 'NONE',  ( 0.2775134500455592734, 0.4298999999999999488, -0.06533606534043336078 ) ) ;
#1071 = CARTESIAN_POINT ( 'NONE',  ( 0.2824999999999999734, -0.1849999999999999978, 0.08200000000000001732 ) ) ;
#1073 = VERTEX_POINT ( 'NONE', #4950 ) ;
#1072 = LINE ( 'NONE', #2359, #862 ) ;
#1074 = AXIS2_PLACEMENT_3D ( 'NONE', #5516, #3809, #1212 ) ;
#1075 = CARTESIAN_POINT ( 'NONE',  ( 0.3224999999999999534, -0.1900000000000000300, 0.07499999999999984457 ) ) ;
#1076 = CARTESIAN_POINT ( 'NONE',  ( -0.2345159808915411315, 0.4298999999999999488, -0.04946162762460235701 ) ) ;
#1077 = FACE_OUTER_BOUND ( 'NONE', #1405, .T. ) ;
#1078 = EDGE_LOOP ( 'NONE', ( #41, #2563, #1286, #3376 ) ) ;
#1079 = CARTESIAN_POINT ( 'NONE',  ( 0.3056669152076621487, 0.4299999999999999933, -0.005334680400408881029 ) ) ;
#1080 = EDGE_CURVE ( 'NONE', #3525, #1086, #2528, .T. ) ;
#1081 = LINE ( 'NONE', #1530, #4386 ) ;
#1082 = VERTEX_POINT ( 'NONE', #721 ) ;
#1083 = CARTESIAN_POINT ( 'NONE',  ( 0.2808216085115505800, 0.4298999999999999488, 0.04601409813708169649 ) ) ;
#1084 = ORIENTED_EDGE ( 'NONE', *, *, #696, .T. ) ;
#1085 = ORIENTED_EDGE ( 'NONE', *, *, #3160, .F. ) ;
#1086 = VERTEX_POINT ( 'NONE', #1546 ) ;
#1087 = CARTESIAN_POINT ( 'NONE',  ( 0.2781995866162833564, 0.4298999999999999488, -0.05122125588553710224 ) ) ;
#1088 = CARTESIAN_POINT ( 'NONE',  ( 0.2568537186618534696, 0.4300000000000000488, 0.03787384937312452543 ) ) ;
#1090 = VERTEX_POINT ( 'NONE', #3695 ) ;
#1089 = ORIENTED_EDGE ( 'NONE', *, *, #4138, .F. ) ;
#1091 = VERTEX_POINT ( 'NONE', #4570 ) ;
#1092 = ADVANCED_FACE ( 'NONE', ( #3837 ), #1795, .T. ) ;
#1093 = CARTESIAN_POINT ( 'NONE',  ( -0.1874999999999999445, -0.0000000000000000000, -0.08999999999999999667 ) ) ;
#1094 =( NAMED_UNIT ( * ) PLANE_ANGLE_UNIT ( ) SI_UNIT ( $, .RADIAN. ) );
#1096 = ORIENTED_EDGE ( 'NONE', *, *, #4540, .T. ) ;
#1095 = ORIENTED_EDGE ( 'NONE', *, *, #4217, .F. ) ;
#1097 = CARTESIAN_POINT ( 'NONE',  ( -0.1875000000000000278, 0.0000000000000000000, 0.08999999999999994116 ) ) ;
#1098 = CARTESIAN_POINT ( 'NONE',  ( 0.3178759988207975340, 0.4299999999999999378, 0.002997976596358819818 ) ) ;
#1099 = EDGE_CURVE ( 'NONE', #2231, #5442, #2458, .T. ) ;
#1101 = EDGE_LOOP ( 'NONE', ( #2155, #3806, #4127, #2451 ) ) ;
#1100 = LINE ( 'NONE', #2751, #622 ) ;
#1102 = FILL_AREA_STYLE_COLOUR ( '', #5410 ) ;
#1103 = CARTESIAN_POINT ( 'NONE',  ( 0.2523148632849460671, 0.4299999999999999378, -0.03358740015862231310 ) ) ;
#1105 = VERTEX_POINT ( 'NONE', #3739 ) ;
#1104 = VECTOR ( 'NONE', #3088, 39.37007874015748143 ) ;
#1106 =( GEOMETRIC_REPRESENTATION_CONTEXT ( 3 ) GLOBAL_UNCERTAINTY_ASSIGNED_CONTEXT ( ( #2228 ) ) GLOBAL_UNIT_ASSIGNED_CONTEXT ( ( #5084, #3379, #2483 ) ) REPRESENTATION_CONTEXT ( 'NONE', 'WORKASPACE' ) );
#1107 = CARTESIAN_POINT ( 'NONE',  ( 0.3047873787318431948, 0.4300000000000000488, -0.005740203197538019074 ) ) ;
#1108 =( CONVERSION_BASED_UNIT ( 'INCH', #3635 ) LENGTH_UNIT ( ) NAMED_UNIT ( #2097 ) );
#1109 = CARTESIAN_POINT ( 'NONE',  ( -0.3224999999999999534, 0.01000000000000000021, 0.07499999999999984457 ) ) ;
#1110 = CARTESIAN_POINT ( 'NONE',  ( -0.3024999999999998246, -0.1900000000000000300, -0.09499999999999998723 ) ) ;
#1111 = ORIENTED_EDGE ( 'NONE', *, *, #291, .T. ) ;
#1112 = CARTESIAN_POINT ( 'NONE',  ( 0.2824999999999999734, -0.1849999999999999978, 0.05700000000000000205 ) ) ;
#1113 = DIRECTION ( 'NONE',  ( -0.0000000000000000000, -1.000000000000000000, -0.0000000000000000000 ) ) ;
#1114 = LINE ( 'NONE', #408, #915 ) ;
#1115 = EDGE_CURVE ( 'NONE', #4121, #3584, #428, .T. ) ;
#1116 = LINE ( 'NONE', #3047, #5005 ) ;
#1117 = AXIS2_PLACEMENT_3D ( 'NONE', #4992, #1121, #2391 ) ;
#1118 = VECTOR ( 'NONE', #1986, 39.37007874015748143 ) ;
#1119 =( GEOMETRIC_REPRESENTATION_CONTEXT ( 3 ) GLOBAL_UNCERTAINTY_ASSIGNED_CONTEXT ( ( #2540 ) ) GLOBAL_UNIT_ASSIGNED_CONTEXT ( ( #1742, #3049, #4355 ) ) REPRESENTATION_CONTEXT ( 'NONE', 'WORKASPACE' ) );
#1120 = CARTESIAN_POINT ( 'NONE',  ( 0.3071092833347532913, 0.4299999999999999378, 0.01723847373580391154 ) ) ;
#1121 = DIRECTION ( 'NONE',  ( 0.0000000000000000000, -1.000000000000000000, 0.0000000000000000000 ) ) ;
#1122 = CARTESIAN_POINT ( 'NONE',  ( 0.3224999999999999534, 0.01000000000000000021, 0.07499999999999984457 ) ) ;
#1123 = CARTESIAN_POINT ( 'NONE',  ( 0.2824999999999999734, -0.1900000000000000300, -0.08200000000000001732 ) ) ;
#1124 = DIRECTION ( 'NONE',  ( 1.000000000000000000, 0.0000000000000000000, -7.760931800182568785E-16 ) ) ;
#1125 = CARTESIAN_POINT ( 'NONE',  ( 0.2490050955286353118, 0.4299000000000001154, 0.05216122900624944880 ) ) ;
#1126 = CARTESIAN_POINT ( 'NONE',  ( 0.3227509598157831117, 0.4299999999999999378, -0.03099556471148487077 ) ) ;
#1127 = EDGE_CURVE ( 'NONE', #2833, #4974, #649, .T. ) ;
#1128 = CARTESIAN_POINT ( 'NONE',  ( -0.2665000000000000147, -0.1849999999999999978, 0.07750000000000001332 ) ) ;
#1129 = PRESENTATION_STYLE_ASSIGNMENT (( #2333 ) ) ;
#1130 = SURFACE_SIDE_STYLE ('',( #4767 ) ) ;
#1131 = VECTOR ( 'NONE', #5173, 39.37007874015748143 ) ;
#1132 = B_SPLINE_CURVE_WITH_KNOTS ( 'NONE', 3,
 ( #789, #2871, #3732, #3306, #2507, #5505, #2942, #3385, #3541, #1818, #619, #3640, #5432, #609, #1589, #3021, #580, #269, #4971, #5361, #3254, #1529, #1958, #4146, #1585, #3313, #3274 ),
 .UNSPECIFIED., .F., .F.,
 ( 4, 1, 1, 1, 1, 1, 1, 1, 1, 1, 1, 1, 1, 1, 1, 1, 1, 1, 1, 1, 1, 1, 1, 1, 4 ),
 ( 0.0000000000000000000, 0.05249258492129613846, 0.1028254751380328624, 0.1513973394924577054, 0.1980330772483326895, 0.2428758954632246059, 0.2859991683849090194, 0.3278486614843788005, 0.3683945968796917270, 0.4078519911389199559, 0.4468375528599375923, 0.4851660451611077285, 0.5233414044713740054, 0.5616022144094737767, 0.5999198855663566698, 0.6384964264110082333, 0.6777905770472509861, 0.7172899891758323099, 0.7566052415928193886, 0.7960678905323558263, 0.8358862309537687940, 0.8757136832726162279, 0.9162634539474127093, 0.9577596754778293642, 1.000000000000000000 ),
 .UNSPECIFIED. ) ;
#1134 = EDGE_LOOP ( 'NONE', ( #5152, #4067, #457, #4735 ) ) ;
#1133 = COLOUR_RGB ( '',1.000000000000000000, 1.000000000000000000, 1.000000000000000000 ) ;
#1135 = CARTESIAN_POINT ( 'NONE',  ( -0.2665000000000000147, -0.1849999999999999423, -0.02999999999999999889 ) ) ;
#1136 = CARTESIAN_POINT ( 'NONE',  ( -0.3674999999999999933, 0.01000000000000000021, -0.1050000000000002320 ) ) ;
#1137 = CARTESIAN_POINT ( 'NONE',  ( -0.3024999999999998246, 0.01000000000000000021, -0.09499999999999998723 ) ) ;
#1138 =( GEOMETRIC_REPRESENTATION_CONTEXT ( 3 ) GLOBAL_UNCERTAINTY_ASSIGNED_CONTEXT ( ( #2123 ) ) GLOBAL_UNIT_ASSIGNED_CONTEXT ( ( #3579, #1894, #1002 ) ) REPRESENTATION_CONTEXT ( 'NONE', 'WORKASPACE' ) );
#1139 = LINE ( 'NONE', #3744, #238 ) ;
#1141 = ORIENTED_EDGE ( 'NONE', *, *, #3742, .T. ) ;
#1140 = LINE ( 'NONE', #2308, #5420 ) ;
#1142 = CARTESIAN_POINT ( 'NONE',  ( 0.3674999999999999933, 0.1000000000000000056, 0.1250000000000000000 ) ) ;
#1143 =( NAMED_UNIT ( * ) SI_UNIT ( $, .STERADIAN. ) SOLID_ANGLE_UNIT ( ) );
#1144 = CARTESIAN_POINT ( 'NONE',  ( -0.2313420158024771522, 0.4298999999999999488, 0.04575732504731698513 ) ) ;
#1145 = CARTESIAN_POINT ( 'NONE',  ( 0.2570942495201873901, 0.4299000000000001154, 0.05625519821461600484 ) ) ;
#1146 = AXIS2_PLACEMENT_3D ( 'NONE', #2921, #2090, #3356 ) ;
#1148 = ORIENTED_EDGE ( 'NONE', *, *, #4433, .F. ) ;
#1147 = COLOUR_RGB ( '',0.0000000000000000000, 0.7529411764705882248, 0.0000000000000000000 ) ;
#1149 = CARTESIAN_POINT ( 'NONE',  ( -0.2665000000000000147, -0.6900000000000000577, -0.04000000000000000083 ) ) ;
#1150 = FILL_AREA_STYLE ('',( #1560 ) ) ;
#1151 = DIRECTION ( 'NONE',  ( -7.301760878525874152E-14, 1.000000000000000000, 2.634365682869605446E-12 ) ) ;
#1152 = STYLED_ITEM ( 'NONE', ( #5537 ), #5209 ) ;
#1153 = CARTESIAN_POINT ( 'NONE',  ( 0.2601468461711139990, 0.4298999999999999488, -0.04715454321333188703 ) ) ;
#1154 = ORIENTED_EDGE ( 'NONE', *, *, #1099, .T. ) ;
#1155 = VERTEX_POINT ( 'NONE', #681 ) ;
#1156 = EDGE_CURVE ( 'NONE', #5054, #1090, #3404, .T. ) ;
#1157 = ORIENTED_EDGE ( 'NONE', *, *, #301, .T. ) ;
#1158 = ORIENTED_EDGE ( 'NONE', *, *, #1657, .F. ) ;
#1159 = ORIENTED_EDGE ( 'NONE', *, *, #1563, .T. ) ;
#1160 = EDGE_CURVE ( 'NONE', #3097, #5163, #5072, .T. ) ;
#1161 = CARTESIAN_POINT ( 'NONE',  ( 0.2824999999999999734, -0.5900000000000000799, 0.07700000000000001288 ) ) ;
#1162 =( NAMED_UNIT ( * ) PLANE_ANGLE_UNIT ( ) SI_UNIT ( $, .RADIAN. ) );
#1163 = CARTESIAN_POINT ( 'NONE',  ( 0.2074999999999999623, 0.01000000000000000021, 0.07499999999999999722 ) ) ;
#1164 = EDGE_LOOP ( 'NONE', ( #539, #3877 ) ) ;
#1165 = AXIS2_PLACEMENT_3D ( 'NONE', #2558, #4751, #406 ) ;
#1166 = CARTESIAN_POINT ( 'NONE',  ( 0.2506801904656669744, 0.4298999999999997823, -0.05894150691237358408 ) ) ;
#1167 = CARTESIAN_POINT ( 'NONE',  ( 0.2824999999999999734, -0.1849999999999999978, -0.08200000000000001732 ) ) ;
#1168 = CARTESIAN_POINT ( 'NONE',  ( 0.2641971815592061290, 0.4298999999999998933, -0.04916011646823035403 ) ) ;
#1170 = ORIENTED_EDGE ( 'NONE', *, *, #4283, .F. ) ;
#1169 = PRESENTATION_STYLE_ASSIGNMENT (( #3185 ) ) ;
#1171 = CARTESIAN_POINT ( 'NONE',  ( 0.2957205740472744204, 0.4300000000000000488, 0.008154062359625562084 ) ) ;
#1172 = EDGE_CURVE ( 'NONE', #1628, #4204, #91, .T. ) ;
#1173 = CARTESIAN_POINT ( 'NONE',  ( -0.2665000000000000147, -0.6900000000000000577, -0.05000000000000000278 ) ) ;
#1174 = DIRECTION ( 'NONE',  ( -0.0000000000000000000, 1.000000000000000000, -0.0000000000000000000 ) ) ;
#1175 = AXIS2_PLACEMENT_3D ( 'NONE', #2676, #430, #882 ) ;
#1176 = ORIENTED_EDGE ( 'NONE', *, *, #2665, .F. ) ;
#1177 = CARTESIAN_POINT ( 'NONE',  ( 0.2303838557242769702, 0.4300000000000000488, 0.01728733972718491871 ) ) ;
#1178 = SURFACE_STYLE_USAGE ( .BOTH. , #5036 ) ;
#1179 = CARTESIAN_POINT ( 'NONE',  ( 0.2516668317063299742, 0.4298999999999999488, -0.006174934912991160083 ) ) ;
#1180 = CARTESIAN_POINT ( 'NONE',  ( 0.2824999999999999734, -0.5900000000000000799, 0.05700000000000000205 ) ) ;
#1181 = DIRECTION ( 'NONE',  ( 0.0000000000000000000, 0.0000000000000000000, 1.000000000000000000 ) ) ;
#1182 = ADVANCED_FACE ( 'NONE', ( #2396, #2864 ), #4246, .T. ) ;
#1183 = COLOUR_RGB ( '',1.000000000000000000, 1.000000000000000000, 1.000000000000000000 ) ;
#1184 = CARTESIAN_POINT ( 'NONE',  ( 0.2351047189653282521, 0.4299999999999999933, -0.03335445597522550265 ) ) ;
#1185 = EDGE_CURVE ( 'NONE', #1105, #3864, #1527, .T. ) ;
#1186 = CARTESIAN_POINT ( 'NONE',  ( 0.3121210090983381757, 0.4299999999999999933, -0.001768449280119495804 ) ) ;
#1187 = LENGTH_MEASURE_WITH_UNIT ( LENGTH_MEASURE( 0.02539999999999999897 ), #3826 );
#1188 = VECTOR ( 'NONE', #2423, 39.37007874015748143 ) ;
#1189 =( GEOMETRIC_REPRESENTATION_CONTEXT ( 3 ) GLOBAL_UNCERTAINTY_ASSIGNED_CONTEXT ( ( #2306 ) ) GLOBAL_UNIT_ASSIGNED_CONTEXT ( ( #550, #4851, #3582 ) ) REPRESENTATION_CONTEXT ( 'NONE', 'WORKASPACE' ) );
#1190 = DIRECTION ( 'NONE',  ( 0.0000000000000000000, -1.000000000000000000, 0.0000000000000000000 ) ) ;
#1191 = CARTESIAN_POINT ( 'NONE',  ( 0.3056103541811936442, 0.4300000000000000488, 0.03519230575703652386 ) ) ;
#1192 = CARTESIAN_POINT ( 'NONE',  ( 0.2815812597148523166, 0.4300000000000000488, 0.06012890759197796892 ) ) ;
#1193 = LINE ( 'NONE', #2794, #5069 ) ;
#1194 = SURFACE_SIDE_STYLE ('',( #3774 ) ) ;
#1195 = CARTESIAN_POINT ( 'NONE',  ( 0.2394460734542082081, 0.4299000000000000599, -0.01660858596188121220 ) ) ;
#1196 = PLANE ( 'NONE',  #2591 ) ;
#1197 = CARTESIAN_POINT ( 'NONE',  ( 0.2666225322901720207, 0.4299999999999999378, 0.05889666197663265268 ) ) ;
#1198 = LENGTH_MEASURE_WITH_UNIT ( LENGTH_MEASURE( 0.02539999999999999897 ), #5520 );
#1199 = CARTESIAN_POINT ( 'NONE',  ( 0.2824999999999999734, -0.1849999999999999978, -0.03199999999999997291 ) ) ;
#1200 = DIMENSIONAL_EXPONENTS ( 1.000000000000000000, 0.0000000000000000000, 0.0000000000000000000, 0.0000000000000000000, 0.0000000000000000000, 0.0000000000000000000, 0.0000000000000000000 ) ;
#1201 = CARTESIAN_POINT ( 'NONE',  ( -0.2665000000000000147, -0.1849999999999999423, 0.05000000000000000278 ) ) ;
#1202 = EDGE_CURVE ( 'NONE', #3436, #2833, #1992, .T. ) ;
#1203 = DIRECTION ( 'NONE',  ( -0.0000000000000000000, 1.000000000000000000, -0.0000000000000000000 ) ) ;
#1204 = DIRECTION ( 'NONE',  ( -0.0000000000000000000, 1.000000000000000000, -0.0000000000000000000 ) ) ;
#1205 = CARTESIAN_POINT ( 'NONE',  ( 0.2750080353660382948, 0.4298999999999999488, -0.05119719948098361284 ) ) ;
#1206 = ORIENTED_EDGE ( 'NONE', *, *, #823, .F. ) ;
#1207 = CARTESIAN_POINT ( 'NONE',  ( 0.2842413180257967742, 0.4298999999999998378, -0.05092561878988876439 ) ) ;
#1208 = UNCERTAINTY_MEASURE_WITH_UNIT (LENGTH_MEASURE( 1.000000000000000082E-05 ), #4685, 'distance_accuracy_value', 'NONE');
#1209 = LINE ( 'NONE', #2191, #1341 ) ;
#1210 =( CONVERSION_BASED_UNIT ( 'INCH', #3620 ) LENGTH_UNIT ( ) NAMED_UNIT ( #859 ) );
#1211 = DIRECTION ( 'NONE',  ( -0.0000000000000000000, 1.000000000000000000, -0.0000000000000000000 ) ) ;
#1212 = DIRECTION ( 'NONE',  ( 0.0000000000000000000, -0.0000000000000000000, -1.000000000000000000 ) ) ;
#1214 = ORIENTED_EDGE ( 'NONE', *, *, #1474, .T. ) ;
#1213 = PRESENTATION_STYLE_ASSIGNMENT (( #4661 ) ) ;
#1215 = AXIS2_PLACEMENT_3D ( 'NONE', #3710, #5322, #1489 ) ;
#1216 = ORIENTED_EDGE ( 'NONE', *, *, #732, .T. ) ;
#1217 = ORIENTED_EDGE ( 'NONE', *, *, #1202, .T. ) ;
#1218 = CARTESIAN_POINT ( 'NONE',  ( 0.3056205445677224741, 0.4299999999999999933, -0.02926488562236512908 ) ) ;
#1219 = CARTESIAN_POINT ( 'NONE',  ( -0.2313420158024771522, 0.4298999999999999488, 0.06004016794810488472 ) ) ;
#1220 = ORIENTED_EDGE ( 'NONE', *, *, #3288, .T. ) ;
#1221 = EDGE_CURVE ( 'NONE', #1565, #2205, #1391, .T. ) ;
#1222 = AXIS2_PLACEMENT_3D ( 'NONE', #1173, #2052, #285 ) ;
#1223 = CARTESIAN_POINT ( 'NONE',  ( -0.1874999999999999445, -0.0000000000000000000, -0.08999999999999999667 ) ) ;
#1224 = ORIENTED_EDGE ( 'NONE', *, *, #5538, .F. ) ;
#1225 = ORIENTED_EDGE ( 'NONE', *, *, #2141, .T. ) ;
#1226 = CARTESIAN_POINT ( 'NONE',  ( 0.2457557544430577501, 0.4298999999999998933, 0.04971960534521604330 ) ) ;
#1227 = ORIENTED_EDGE ( 'NONE', *, *, #4297, .F. ) ;
#1228 = CARTESIAN_POINT ( 'NONE',  ( 0.2883277850141791609, 0.4299999999999999933, 0.005660388962834117695 ) ) ;
#1229 = DIRECTION ( 'NONE',  ( -0.0000000000000000000, 1.000000000000000000, -0.0000000000000000000 ) ) ;
#1231 = ORIENTED_EDGE ( 'NONE', *, *, #1080, .T. ) ;
#1230 = VERTEX_POINT ( 'NONE', #5534 ) ;
#1232 = CARTESIAN_POINT ( 'NONE',  ( 0.1874999999999999722, -0.1900000000000000300, 0.07499999999999984457 ) ) ;
#1233 = MECHANICAL_DESIGN_GEOMETRIC_PRESENTATION_REPRESENTATION (  '', ( #4304 ), #2659 ) ;
#1235 = ORIENTED_EDGE ( 'NONE', *, *, #621, .T. ) ;
#1234 = PRESENTATION_STYLE_ASSIGNMENT (( #611 ) ) ;
#1236 = CARTESIAN_POINT ( 'NONE',  ( -0.2665000000000000147, -0.5900000000000000799, -0.04000000000000000083 ) ) ;
#1237 = CARTESIAN_POINT ( 'NONE',  ( 0.2419956950258219108, 0.4300000000000001044, -0.01333959219810858937 ) ) ;
#1238 = VECTOR ( 'NONE', #3441, 39.37007874015748143 ) ;
#1239 = CARTESIAN_POINT ( 'NONE',  ( -0.2665000000000000147, -0.1849999999999999423, 0.05000000000000000278 ) ) ;
#1240 = DIRECTION ( 'NONE',  ( -0.0000000000000000000, 1.000000000000000000, -0.0000000000000000000 ) ) ;
#1241 = ORIENTED_EDGE ( 'NONE', *, *, #3639, .T. ) ;
#1242 = COLOUR_RGB ( '',1.000000000000000000, 1.000000000000000000, 1.000000000000000000 ) ;
#1243 = FILL_AREA_STYLE ('',( #1740 ) ) ;
#1244 = DIRECTION ( 'NONE',  ( -1.000000000000000000, 0.0000000000000000000, 0.0000000000000000000 ) ) ;
#1245 = AXIS2_PLACEMENT_3D ( 'NONE', #5581, #4284, #5527 ) ;
#1246 = B_SPLINE_CURVE_WITH_KNOTS ( 'NONE', 3,
 ( #4123, #1867, #3157, #3291, #1120, #1249, #1373, #594, #150, #3560, #4008 ),
 .UNSPECIFIED., .F., .F.,
 ( 4, 1, 1, 1, 1, 1, 1, 1, 4 ),
 ( 0.0000000000000000000, 0.1177675192120364034, 0.2301764485440571661, 0.3398429589695382558, 0.4506252599208611098, 0.5669428888721639304, 0.6960213064547944306, 0.8394383602270614197, 1.000000000000000000 ),
 .UNSPECIFIED. ) ;
#1247 = DIRECTION ( 'NONE',  ( 0.0000000000000000000, 1.000000000000000000, 0.0000000000000000000 ) ) ;
#1248 = CARTESIAN_POINT ( 'NONE',  ( 0.2341279034971974482, 0.4298999999999998933, 0.03423944006117576183 ) ) ;
#1249 = CARTESIAN_POINT ( 'NONE',  ( 0.3058119025315143569, 0.4300000000000001044, 0.01505455345062381260 ) ) ;
#1250 = CARTESIAN_POINT ( 'NONE',  ( -0.3674999999999999933, 0.4299999999999999933, 0.1250000000000000000 ) ) ;
#1251 = SURFACE_STYLE_USAGE ( .BOTH. , #830 ) ;
#1252 = LINE ( 'NONE', #2184, #3400 ) ;
#1253 = FACE_BOUND ( 'NONE', #3429, .T. ) ;
#1254 = MECHANICAL_DESIGN_GEOMETRIC_PRESENTATION_REPRESENTATION (  '', ( #2792 ), #3788 ) ;
#1255 = CARTESIAN_POINT ( 'NONE',  ( 0.2645650247296615354, 0.4300000000000001044, -0.01780094388364585056 ) ) ;
#1256 = EDGE_CURVE ( 'NONE', #3584, #2346, #2994, .T. ) ;
#1257 = DIRECTION ( 'NONE',  ( -0.0000000000000000000, -0.0000000000000000000, 1.000000000000000000 ) ) ;
#1258 = CARTESIAN_POINT ( 'NONE',  ( 0.5000000000000000000, 0.0000000000000000000, -0.06250000000000012490 ) ) ;
#1259 = VECTOR ( 'NONE', #2311, 39.37007874015748143 ) ;
#1260 = CARTESIAN_POINT ( 'NONE',  ( 0.2792454552687483327, 0.4298999999999999488, -0.05119848296823719530 ) ) ;
#1261 = MECHANICAL_DESIGN_GEOMETRIC_PRESENTATION_REPRESENTATION (  '', ( #1582 ), #4652 ) ;
#1262 = CARTESIAN_POINT ( 'NONE',  ( 0.2792454552687483327, 0.4299999999999999933, -0.05119848296823719530 ) ) ;
#1263 = FACE_OUTER_BOUND ( 'NONE', #3911, .T. ) ;
#1264 =( NAMED_UNIT ( * ) SI_UNIT ( $, .STERADIAN. ) SOLID_ANGLE_UNIT ( ) );
#1265 =( NAMED_UNIT ( * ) PLANE_ANGLE_UNIT ( ) SI_UNIT ( $, .RADIAN. ) );
#1266 = FACE_OUTER_BOUND ( 'NONE', #3094, .T. ) ;
#1268 = ORIENTED_EDGE ( 'NONE', *, *, #1669, .T. ) ;
#1267 = COLOUR_RGB ( '',0.7529411764705882248, 0.0000000000000000000, 0.0000000000000000000 ) ;
#1269 = CARTESIAN_POINT ( 'NONE',  ( 0.3040070243177799281, 0.4300000000000001044, 0.01305783150130903833 ) ) ;
#1270 = CARTESIAN_POINT ( 'NONE',  ( 0.2975807248006868688, 0.4298999999999998933, -0.008437501670619520014 ) ) ;
#1271 = ORIENTED_EDGE ( 'NONE', *, *, #2895, .T. ) ;
#1272 = CARTESIAN_POINT ( 'NONE',  ( 0.2597966483922906633, 0.4300000000000000488, -0.01993595631813317032 ) ) ;
#1273 = EDGE_CURVE ( 'NONE', #1516, #2379, #1592, .T. ) ;
#1274 = LINE ( 'NONE', #2769, #2210 ) ;
#1275 = CARTESIAN_POINT ( 'NONE',  ( 0.2883277850141791609, 0.4298999999999999488, 0.005660388962834117695 ) ) ;
#1276 = CARTESIAN_POINT ( 'NONE',  ( 0.2572269919808961580, 0.4298999999999999488, -0.003542988528237960271 ) ) ;
#1277 = CARTESIAN_POINT ( 'NONE',  ( 0.2822045130907845367, 0.4298999999999998933, 0.04598850204622749460 ) ) ;
#1279 = VERTEX_POINT ( 'NONE', #3351 ) ;
#1278 = VECTOR ( 'NONE', #3966, 39.37007874015748143 ) ;
#1280 = B_SPLINE_CURVE_WITH_KNOTS ( 'NONE', 3,
 ( #973, #499, #1827, #2235, #1380, #2254, #4456 ),
 .UNSPECIFIED., .F., .F.,
 ( 4, 1, 1, 1, 4 ),
 ( 0.0000000000000000000, 0.2627412305282684213, 0.5099565029432329144, 0.7533267184204511802, 1.000000000000000000 ),
 .UNSPECIFIED. ) ;
#1281 = CARTESIAN_POINT ( 'NONE',  ( 0.2994260488757903849, 0.4300000000000000488, -0.04420676391064211341 ) ) ;
#1282 = CARTESIAN_POINT ( 'NONE',  ( 0.1874999999999999722, 0.01000000000000000021, -0.07499999999999984457 ) ) ;
#1283 = PRESENTATION_LAYER_ASSIGNMENT (  '', '', ( #704 ) ) ;
#1284 = ORIENTED_EDGE ( 'NONE', *, *, #2724, .T. ) ;
#1285 = EDGE_LOOP ( 'NONE', ( #124, #2903, #563, #4913 ) ) ;
#1286 = ORIENTED_EDGE ( 'NONE', *, *, #2034, .F. ) ;
#1287 = CARTESIAN_POINT ( 'NONE',  ( 0.2665537635910182335, 0.4298999999999999488, -0.04992613854163884674 ) ) ;
#1288 = CARTESIAN_POINT ( 'NONE',  ( 0.3031447915955768901, 0.4300000000000003264, -0.03878965240556884325 ) ) ;
#1289 = CARTESIAN_POINT ( 'NONE',  ( 0.3247266937538251241, 0.4300000000000000488, 0.03328851951555979183 ) ) ;
#1290 = CARTESIAN_POINT ( 'NONE',  ( 0.2791535836656708902, 0.4298999999999996713, -0.01347692705635896229 ) ) ;
#1291 = VERTEX_POINT ( 'NONE', #4655 ) ;
#1292 = EDGE_CURVE ( 'NONE', #3504, #1105, #3619, .T. ) ;
#1293 = ORIENTED_EDGE ( 'NONE', *, *, #3401, .F. ) ;
#1294 = DIRECTION ( 'NONE',  ( -1.000000000000000000, 0.0000000000000000000, 0.0000000000000000000 ) ) ;
#1295 = VECTOR ( 'NONE', #1181, 39.37007874015748143 ) ;
#1296 = CARTESIAN_POINT ( 'NONE',  ( -0.2075000000000001010, -0.1900000000000000300, -0.09499999999999998723 ) ) ;
#1297 = VERTEX_POINT ( 'NONE', #5062 ) ;
#1298 = CARTESIAN_POINT ( 'NONE',  ( 0.2596534898542988690, 0.4300000000000000488, -0.002611569981771415683 ) ) ;
#1299 = CARTESIAN_POINT ( 'NONE',  ( 0.2960662023433613954, 0.4299000000000000599, -0.04700505581754148982 ) ) ;
#1300 = ORIENTED_EDGE ( 'NONE', *, *, #4015, .F. ) ;
#1301 = AXIS2_PLACEMENT_3D ( 'NONE', #4352, #4769, #960 ) ;
#1302 = DIRECTION ( 'NONE',  ( 0.0000000000000000000, 0.0000000000000000000, 1.000000000000000000 ) ) ;
#1303 = ORIENTED_EDGE ( 'NONE', *, *, #933, .F. ) ;
#1304 = CARTESIAN_POINT ( 'NONE',  ( 0.2620414321074772124, 0.4300000000000002154, -0.04827553674969493197 ) ) ;
#1305 = CARTESIAN_POINT ( 'NONE',  ( 0.2940925619040098415, 0.4299999999999999378, -0.04813562738775937350 ) ) ;
#1306 = CARTESIAN_POINT ( 'NONE',  ( 0.3260086026692393113, 0.4299999999999999933, 0.02383718397617697049 ) ) ;
#1307 = CARTESIAN_POINT ( 'NONE',  ( 0.2521129481409152273, 0.4299000000000000599, 0.03216683641616798622 ) ) ;
#1308 = UNCERTAINTY_MEASURE_WITH_UNIT (LENGTH_MEASURE( 1.000000000000000082E-05 ), #5003, 'distance_accuracy_value', 'NONE');
#1309 = CARTESIAN_POINT ( 'NONE',  ( 0.3674999999999999933, 0.4299999999999999933, -0.1250000000000000000 ) ) ;
#1310 = EDGE_CURVE ( 'NONE', #1493, #3394, #4752, .T. ) ;
#1311 = EDGE_LOOP ( 'NONE', ( #4227, #3231, #4281, #5428 ) ) ;
#1312 = CARTESIAN_POINT ( 'NONE',  ( 0.2719856320780214554, 0.4298999999999998933, 0.001249669622696869455 ) ) ;
#1313 = CARTESIAN_POINT ( 'NONE',  ( 0.3227509598157831117, 0.4299999999999999378, -0.03099556471148487077 ) ) ;
#1314 = CARTESIAN_POINT ( 'NONE',  ( 0.2542631251848568863, 0.4300000000000000488, 0.03516739308241215167 ) ) ;
#1315 = MECHANICAL_DESIGN_GEOMETRIC_PRESENTATION_REPRESENTATION (  '', ( #4773 ), #1607 ) ;
#1316 = ADVANCED_FACE ( 'NONE', ( #1383 ), #2053, .T. ) ;
#1317 = CARTESIAN_POINT ( 'NONE',  ( -0.1875000000000000278, 0.08000000000000002942, 0.1249999999999999861 ) ) ;
#1318 = PLANE ( 'NONE',  #1832 ) ;
#1319 = EDGE_CURVE ( 'NONE', #168, #4531, #4243, .T. ) ;
#1320 = VECTOR ( 'NONE', #1229, 39.37007874015748143 ) ;
#1321 = AXIS2_PLACEMENT_3D ( 'NONE', #3312, #3763, #4222 ) ;
#1322 =( NAMED_UNIT ( * ) SI_UNIT ( $, .STERADIAN. ) SOLID_ANGLE_UNIT ( ) );
#1323 = CARTESIAN_POINT ( 'NONE',  ( 0.3081091029139190196, 0.4300000000000000488, 0.01954154091891021836 ) ) ;
#1324 = CARTESIAN_POINT ( 'NONE',  ( 0.2635511224369581629, 0.4299000000000000599, 0.04230315135291973228 ) ) ;
#1325 = CARTESIAN_POINT ( 'NONE',  ( 0.3047873787318431948, 0.4300000000000001044, -0.005740203197538019941 ) ) ;
#1326 = PRESENTATION_STYLE_ASSIGNMENT (( #1917 ) ) ;
#1327 = CIRCLE ( 'NONE', #773, 0.06250000000000002776 ) ;
#1328 = FACE_BOUND ( 'NONE', #1962, .T. ) ;
#1329 = EDGE_CURVE ( 'NONE', #3864, #1086, #4934, .T. ) ;
#1330 = DIRECTION ( 'NONE',  ( -0.0000000000000000000, -1.000000000000000000, -0.0000000000000000000 ) ) ;
#1331 = CARTESIAN_POINT ( 'NONE',  ( -0.1874999999999999722, 0.01000000000000000021, 0.07499999999999984457 ) ) ;
#1332 = CARTESIAN_POINT ( 'NONE',  ( -0.2075000000000001010, 0.01000000000000000021, 0.09500000000000001499 ) ) ;
#1333 = DIRECTION ( 'NONE',  ( -0.0000000000000000000, 1.000000000000000000, -0.0000000000000000000 ) ) ;
#1334 = AXIS2_PLACEMENT_3D ( 'NONE', #4038, #566, #2692 ) ;
#1335 = CARTESIAN_POINT ( 'NONE',  ( -0.3374999999999999667, 0.4299999999999999933, -0.07949999999999994571 ) ) ;
#1336 = FACE_OUTER_BOUND ( 'NONE', #4802, .T. ) ;
#1337 = SURFACE_STYLE_USAGE ( .BOTH. , #4303 ) ;
#1338 = DIRECTION ( 'NONE',  ( 0.0000000000000000000, 0.0000000000000000000, 1.000000000000000000 ) ) ;
#1340 = VERTEX_POINT ( 'NONE', #4742 ) ;
#1339 = LINE ( 'NONE', #5366, #5349 ) ;
#1341 = VECTOR ( 'NONE', #4358, 39.37007874015748143 ) ;
#1342 = EDGE_LOOP ( 'NONE', ( #4264, #2491, #4140, #3162 ) ) ;
#1343 = CARTESIAN_POINT ( 'NONE',  ( 0.3008511519426272374, 0.4300000000000000488, -0.04257400607996352643 ) ) ;
#1344 = CARTESIAN_POINT ( 'NONE',  ( 0.2524290419334355162, 0.4298999999999999488, -0.02986993624409521944 ) ) ;
#1345 = CARTESIAN_POINT ( 'NONE',  ( 0.2874509046216267572, 0.4298999999999998378, -0.01136180881043021874 ) ) ;
#1346 = AXIS2_PLACEMENT_3D ( 'NONE', #2790, #2809, #3220 ) ;
#1347 = ADVANCED_FACE ( 'NONE', ( #9 ), #5547, .F. ) ;
#1348 = CARTESIAN_POINT ( 'NONE',  ( 0.3674999999999999933, 0.4299999999999999933, -0.1250000000000000000 ) ) ;
#1349 = ORIENTED_EDGE ( 'NONE', *, *, #538, .F. ) ;
#1350 = VERTEX_POINT ( 'NONE', #5187 ) ;
#1351 = EDGE_CURVE ( 'NONE', #3415, #1807, #4361, .T. ) ;
#1352 = DIRECTION ( 'NONE',  ( 0.0000000000000000000, -1.000000000000000000, 0.0000000000000000000 ) ) ;
#1353 = CARTESIAN_POINT ( 'NONE',  ( 0.5000000000000000000, 0.0000000000000000000, 0.06249999999999993061 ) ) ;
#1354 = ORIENTED_EDGE ( 'NONE', *, *, #3690, .F. ) ;
#1355 = SURFACE_SIDE_STYLE ('',( #93 ) ) ;
#1356 = ORIENTED_EDGE ( 'NONE', *, *, #4963, .F. ) ;
#1357 = EDGE_LOOP ( 'NONE', ( #2882, #2431, #2972, #2919 ) ) ;
#1358 = DIRECTION ( 'NONE',  ( 0.0000000000000000000, 0.0000000000000000000, -1.000000000000000000 ) ) ;
#1359 = ORIENTED_EDGE ( 'NONE', *, *, #1811, .F. ) ;
#1360 = FILL_AREA_STYLE ('',( #4796 ) ) ;
#1361 = AXIS2_PLACEMENT_3D ( 'NONE', #3856, #2117, #2997 ) ;
#1363 = ORIENTED_EDGE ( 'NONE', *, *, #5580, .F. ) ;
#1362 = ORIENTED_EDGE ( 'NONE', *, *, #3410, .T. ) ;
#1364 = FILL_AREA_STYLE ('',( #5067 ) ) ;
#1365 = VERTEX_POINT ( 'NONE', #26 ) ;
#1366 =( NAMED_UNIT ( * ) SI_UNIT ( $, .STERADIAN. ) SOLID_ANGLE_UNIT ( ) );
#1367 = CARTESIAN_POINT ( 'NONE',  ( 0.3138978493581288665, 0.4300000000000001044, -0.05223969091535117515 ) ) ;
#1368 = DIRECTION ( 'NONE',  ( 0.0000000000000000000, -1.000000000000000000, 0.0000000000000000000 ) ) ;
#1370 = ORIENTED_EDGE ( 'NONE', *, *, #3799, .T. ) ;
#1369 = LINE ( 'NONE', #323, #202 ) ;
#1371 = ADVANCED_FACE ( 'NONE', ( #3196 ), #1318, .F. ) ;
#1372 = LENGTH_MEASURE_WITH_UNIT ( LENGTH_MEASURE( 0.02539999999999999897 ), #456 );
#1373 = CARTESIAN_POINT ( 'NONE',  ( 0.3040070243177799281, 0.4300000000000001044, 0.01305783150130903833 ) ) ;
#1374 = FILL_AREA_STYLE ('',( #1803 ) ) ;
#1375 = PLANE ( 'NONE',  #2142 ) ;
#1376 = PLANE ( 'NONE',  #166 ) ;
#1377 = LINE ( 'NONE', #3543, #3814 ) ;
#1378 = UNCERTAINTY_MEASURE_WITH_UNIT (LENGTH_MEASURE( 1.000000000000000082E-05 ), #1663, 'distance_accuracy_value', 'NONE');
#1379 = LINE ( 'NONE', #4764, #1918 ) ;
#1380 = CARTESIAN_POINT ( 'NONE',  ( 0.2546715959503116911, 0.4299000000000001154, -0.02432238662890750733 ) ) ;
#1381 = CARTESIAN_POINT ( 'NONE',  ( -0.3674999999999999933, 0.4299999999999999933, 0.1250000000000000000 ) ) ;
#1382 = EDGE_CURVE ( 'NONE', #5443, #4079, #1788, .T. ) ;
#1383 = FACE_OUTER_BOUND ( 'NONE', #401, .T. ) ;
#1384 = CARTESIAN_POINT ( 'NONE',  ( 0.3260086026692393113, 0.4298999999999999488, 0.02383718397617697049 ) ) ;
#1385 =( LENGTH_UNIT ( ) NAMED_UNIT ( * ) SI_UNIT ( $, .METRE. ) );
#1386 = CARTESIAN_POINT ( 'NONE',  ( -0.3674999999999999933, 0.4299999999999999933, -0.1250000000000000000 ) ) ;
#1387 = DIRECTION ( 'NONE',  ( 0.0000000000000000000, 0.0000000000000000000, 1.000000000000000000 ) ) ;
#1388 = CARTESIAN_POINT ( 'NONE',  ( 0.1875000000000000278, 0.08000000000000002942, -0.1249999999999999861 ) ) ;
#1389 = MECHANICAL_DESIGN_GEOMETRIC_PRESENTATION_REPRESENTATION (  '', ( #3111 ), #2067 ) ;
#1390 = CARTESIAN_POINT ( 'NONE',  ( 0.2274999999999999523, -0.1900000000000000300, 0.02500000000000002220 ) ) ;
#1391 = CIRCLE ( 'NONE', #3493, 0.02000000000000000042 ) ;
#1392 = CARTESIAN_POINT ( 'NONE',  ( -0.3218000208408005602, 0.4298999999999999488, -0.06374447052539027048 ) ) ;
#1393 =( NAMED_UNIT ( * ) SI_UNIT ( $, .STERADIAN. ) SOLID_ANGLE_UNIT ( ) );
#1394 = CIRCLE ( 'NONE', #2, 0.1921874999999999556 ) ;
#1395 = DIRECTION ( 'NONE',  ( 0.0000000000000000000, -1.000000000000000000, 0.0000000000000000000 ) ) ;
#1396 = LENGTH_MEASURE_WITH_UNIT ( LENGTH_MEASURE( 0.02539999999999999897 ), #5267 );
#1397 = LINE ( 'NONE', #1667, #3208 ) ;
#1398 = EDGE_CURVE ( 'NONE', #2638, #247, #2795, .T. ) ;
#1399 = CARTESIAN_POINT ( 'NONE',  ( 0.2531169290016829221, 0.4299999999999999933, -0.03832878664177340189 ) ) ;
#1400 = CARTESIAN_POINT ( 'NONE',  ( 0.3095788001039446180, 0.4299000000000000599, 0.05279307729203277372 ) ) ;
#1401 =( NAMED_UNIT ( * ) PLANE_ANGLE_UNIT ( ) SI_UNIT ( $, .RADIAN. ) );
#1402 = ADVANCED_FACE ( 'NONE', ( #5133 ), #3438, .F. ) ;
#1403 = AXIS2_PLACEMENT_3D ( 'NONE', #5502, #2928, #4253 ) ;
#1405 = EDGE_LOOP ( 'NONE', ( #4903, #4772, #4718, #3246 ) ) ;
#1404 = VECTOR ( 'NONE', #667, 39.37007874015748143 ) ;
#1406 = CARTESIAN_POINT ( 'NONE',  ( 0.3142210371202525110, 0.4299000000000000599, -0.0002669518877636868084 ) ) ;
#1407 = CARTESIAN_POINT ( 'NONE',  ( 0.2415701087355151544, 0.4300000000000000488, -0.05099541180453439487 ) ) ;
#1408 = DIRECTION ( 'NONE',  ( -0.0000000000000000000, 1.000000000000000000, -0.0000000000000000000 ) ) ;
#1409 = VERTEX_POINT ( 'NONE', #1282 ) ;
#1410 = AXIS2_PLACEMENT_3D ( 'NONE', #763, #2825, #820 ) ;
#1411 = CARTESIAN_POINT ( 'NONE',  ( -0.3674999999999999933, 0.0000000000000000000, 0.1050000000000000794 ) ) ;
#1412 = DIRECTION ( 'NONE',  ( 0.0000000000000000000, 0.0000000000000000000, 1.000000000000000000 ) ) ;
#1413 = CARTESIAN_POINT ( 'NONE',  ( 0.2839239397820965682, 0.4299999999999999933, -0.06518917875821429730 ) ) ;
#1414 = COLOUR_RGB ( '',1.000000000000000000, 1.000000000000000000, 1.000000000000000000 ) ;
#1415 =( CONVERSION_BASED_UNIT ( 'INCH', #1372 ) LENGTH_UNIT ( ) NAMED_UNIT ( #2625 ) );
#1416 = DIRECTION ( 'NONE',  ( 0.0000000000000000000, 0.0000000000000000000, -1.000000000000000000 ) ) ;
#1418 = ORIENTED_EDGE ( 'NONE', *, *, #3081, .F. ) ;
#1417 = CYLINDRICAL_SURFACE ( 'NONE', #248, 0.02750000000000000708 ) ;
#1419 = EDGE_CURVE ( 'NONE', #2954, #1951, #3127, .T. ) ;
#1420 = LENGTH_MEASURE_WITH_UNIT ( LENGTH_MEASURE( 0.02539999999999999897 ), #4635 );
#1421 = DIRECTION ( 'NONE',  ( 0.0000000000000000000, 1.000000000000000000, 0.0000000000000000000 ) ) ;
#1422 = CARTESIAN_POINT ( 'NONE',  ( -0.2665000000000000147, -0.1849999999999999978, -0.02250000000000000264 ) ) ;
#1423 = ORIENTED_EDGE ( 'NONE', *, *, #2274, .T. ) ;
#1424 = ORIENTED_EDGE ( 'NONE', *, *, #1777, .T. ) ;
#1425 = ORIENTED_EDGE ( 'NONE', *, *, #3062, .T. ) ;
#1426 = CARTESIAN_POINT ( 'NONE',  ( -0.4850000000000000422, 0.1000000000000000056, -1.707404996040164512E-17 ) ) ;
#1427 = EDGE_CURVE ( 'NONE', #3287, #1516, #991, .T. ) ;
#1428 = DIRECTION ( 'NONE',  ( 0.0000000000000000000, -0.0000000000000000000, -1.000000000000000000 ) ) ;
#1429 = CARTESIAN_POINT ( 'NONE',  ( 0.2566843041485769028, 0.4298999999999999488, -0.02215847113986527464 ) ) ;
#1430 = CARTESIAN_POINT ( 'NONE',  ( 0.1874999999999999722, 0.01000000000000000021, 0.02500000000000000139 ) ) ;
#1431 = EDGE_LOOP ( 'NONE', ( #452, #822, #5256, #55 ) ) ;
#1432 = CARTESIAN_POINT ( 'NONE',  ( 0.2568537186618534696, 0.4300000000000000488, 0.03787384937312452543 ) ) ;
#1433 = ORIENTED_EDGE ( 'NONE', *, *, #2220, .T. ) ;
#1434 = MECHANICAL_DESIGN_GEOMETRIC_PRESENTATION_REPRESENTATION (  '', ( #553 ), #2571 ) ;
#1435 = CARTESIAN_POINT ( 'NONE',  ( 0.3224999999999999534, -0.1900000000000000300, -0.07499999999999984457 ) ) ;
#1436 = ADVANCED_FACE ( 'NONE', ( #5263 ), #713, .F. ) ;
#1437 = CARTESIAN_POINT ( 'NONE',  ( -0.2665000000000000147, -0.5900000000000000799, 0.04000000000000000083 ) ) ;
#1438 = ORIENTED_EDGE ( 'NONE', *, *, #2034, .T. ) ;
#1439 = AXIS2_PLACEMENT_3D ( 'NONE', #307, #3290, #720 ) ;
#1440 = CARTESIAN_POINT ( 'NONE',  ( 0.3024999999999998246, -0.1900000000000000300, -0.09499999999999998723 ) ) ;
#1441 = ORIENTED_EDGE ( 'NONE', *, *, #4106, .T. ) ;
#1442 = SURFACE_SIDE_STYLE ('',( #4436 ) ) ;
#1443 = ORIENTED_EDGE ( 'NONE', *, *, #2798, .F. ) ;
#1444 =( CONVERSION_BASED_UNIT ( 'INCH', #2239 ) LENGTH_UNIT ( ) NAMED_UNIT ( #4013 ) );
#1445 = DIRECTION ( 'NONE',  ( 0.0000000000000000000, -1.000000000000000000, 0.0000000000000000000 ) ) ;
#1446 = CARTESIAN_POINT ( 'NONE',  ( -0.3043432128509486745, 0.4299999999999999933, -0.01137404655583462536 ) ) ;
#1447 = DIRECTION ( 'NONE',  ( 0.0000000000000000000, -1.000000000000000000, 0.0000000000000000000 ) ) ;
#1448 = CARTESIAN_POINT ( 'NONE',  ( 0.2761983233086934275, 0.4298999999999999488, 0.04587399017221738956 ) ) ;
#1449 = EDGE_CURVE ( 'NONE', #5514, #1291, #4501, .T. ) ;
#1450 = CARTESIAN_POINT ( 'NONE',  ( -0.1874999999999999722, 0.01000000000000000021, -0.02500000000000000139 ) ) ;
#1451 = LINE ( 'NONE', #3702, #3463 ) ;
#1452 = FILL_AREA_STYLE_COLOUR ( '', #3337 ) ;
#1453 = DIRECTION ( 'NONE',  ( 0.0000000000000000000, -1.000000000000000000, 0.0000000000000000000 ) ) ;
#1454 = CARTESIAN_POINT ( 'NONE',  ( 0.2906669979387604408, 0.4299999999999997713, 0.006364761100505405243 ) ) ;
#1455 = CARTESIAN_POINT ( 'NONE',  ( 0.3098389501927779066, 0.4299000000000000599, -0.003179702453317653343 ) ) ;
#1456 = AXIS2_PLACEMENT_3D ( 'NONE', #3165, #1929, #4923 ) ;
#1457 = FACE_OUTER_BOUND ( 'NONE', #1342, .T. ) ;
#1458 = CARTESIAN_POINT ( 'NONE',  ( 0.2775134500455592734, 0.4298999999999999488, -0.06533606534043336078 ) ) ;
#1459 = CARTESIAN_POINT ( 'NONE',  ( 0.2641971815592061290, 0.4299999999999999378, -0.04916011646823035403 ) ) ;
#1460 = EDGE_CURVE ( 'NONE', #2013, #4448, #2991, .T. ) ;
#1461 = ADVANCED_FACE ( 'NONE', ( #4032 ), #1712, .T. ) ;
#1462 = PRESENTATION_STYLE_ASSIGNMENT (( #2038 ) ) ;
#1463 = DIRECTION ( 'NONE',  ( -0.0000000000000000000, 1.000000000000000000, -0.0000000000000000000 ) ) ;
#1464 = VECTOR ( 'NONE', #3671, 39.37007874015748143 ) ;
#1465 = CARTESIAN_POINT ( 'NONE',  ( -0.1874999999999999722, -0.1900000000000000300, 0.02500000000000000139 ) ) ;
#1466 = CARTESIAN_POINT ( 'NONE',  ( 0.2362477529399667764, 0.4299999999999999933, -0.04079729237337772346 ) ) ;
#1467 =( LENGTH_UNIT ( ) NAMED_UNIT ( * ) SI_UNIT ( $, .METRE. ) );
#1468 = DIRECTION ( 'NONE',  ( -0.0000000000000000000, 0.0000000000000000000, 1.000000000000000000 ) ) ;
#1469 = AXIS2_PLACEMENT_3D ( 'NONE', #5333, #87, #3108 ) ;
#1470 = DIRECTION ( 'NONE',  ( 0.0000000000000000000, -1.000000000000000000, 0.0000000000000000000 ) ) ;
#1471 = COLOUR_RGB ( '',1.000000000000000000, 1.000000000000000000, 1.000000000000000000 ) ;
#1472 = DIRECTION ( 'NONE',  ( -0.0000000000000000000, -1.000000000000000000, -0.0000000000000000000 ) ) ;
#1473 = LINE ( 'NONE', #3066, #3697 ) ;
#1474 = EDGE_CURVE ( 'NONE', #4135, #530, #2723, .T. ) ;
#1475 = ORIENTED_EDGE ( 'NONE', *, *, #3118, .T. ) ;
#1476 = CARTESIAN_POINT ( 'NONE',  ( 0.3080306930779438401, 0.4299000000000001154, 0.03003292713018230337 ) ) ;
#1478 = EDGE_LOOP ( 'NONE', ( #1961, #4948, #3225, #1679 ) ) ;
#1477 = FACE_OUTER_BOUND ( 'NONE', #4141, .T. ) ;
#1479 = CARTESIAN_POINT ( 'NONE',  ( -0.3674999999999999933, 0.1000000000000000056, -0.1250000000000000000 ) ) ;
#1480 = CARTESIAN_POINT ( 'NONE',  ( 0.2619639604115195919, 0.4298999999999999488, -0.01886527949669364670 ) ) ;
#1481 = CARTESIAN_POINT ( 'NONE',  ( -0.2313420158024771522, 0.4298999999999999488, 0.04575732504731698513 ) ) ;
#1482 = FACE_OUTER_BOUND ( 'NONE', #3492, .T. ) ;
#1483 = DIRECTION ( 'NONE',  ( -0.0000000000000000000, -1.000000000000000000, -0.0000000000000000000 ) ) ;
#1484 = EDGE_LOOP ( 'NONE', ( #76, #2424, #914, #3370 ) ) ;
#1485 = CARTESIAN_POINT ( 'NONE',  ( -0.1874999999999999722, -0.1900000000000000300, 0.07499999999999984457 ) ) ;
#1486 = EDGE_LOOP ( 'NONE', ( #5034, #34 ) ) ;
#1487 = ADVANCED_FACE ( 'NONE', ( #641 ), #505, .T. ) ;
#1488 = CARTESIAN_POINT ( 'NONE',  ( 0.1875000000000000278, 0.4299999999999999933, -0.1249999999999999861 ) ) ;
#1489 = DIRECTION ( 'NONE',  ( -1.000000000000000000, 0.0000000000000000000, 0.0000000000000000000 ) ) ;
#1490 = VERTEX_POINT ( 'NONE', #1392 ) ;
#1491 = CARTESIAN_POINT ( 'NONE',  ( 0.3220551454442329153, 0.4299000000000001154, 0.008494111624391146795 ) ) ;
#1492 = ORIENTED_EDGE ( 'NONE', *, *, #4459, .F. ) ;
#1493 = VERTEX_POINT ( 'NONE', #1353 ) ;
#1494 = EDGE_LOOP ( 'NONE', ( #3309, #3930 ) ) ;
#1495 = CARTESIAN_POINT ( 'NONE',  ( 0.3087185347198789231, 0.4298999999999998933, 0.02556367541780401459 ) ) ;
#1496 = DIRECTION ( 'NONE',  ( -0.0000000000000000000, 1.000000000000000000, -0.0000000000000000000 ) ) ;
#1498 = EDGE_LOOP ( 'NONE', ( #3361, #2894, #2554, #1685 ) ) ;
#1497 = VECTOR ( 'NONE', #1124, 39.37007874015748143 ) ;
#1499 = PRESENTATION_LAYER_ASSIGNMENT (  '', '', ( #24 ) ) ;
#1500 = AXIS2_PLACEMENT_3D ( 'NONE', #4392, #4340, #865 ) ;
#1501 = CARTESIAN_POINT ( 'NONE',  ( 0.3058119025315143569, 0.4299000000000001154, 0.01505455345062381260 ) ) ;
#1502 = DIRECTION ( 'NONE',  ( 1.000000000000000000, -0.0000000000000000000, -0.0000000000000000000 ) ) ;
#1503 =( NAMED_UNIT ( * ) PLANE_ANGLE_UNIT ( ) SI_UNIT ( $, .RADIAN. ) );
#1504 =( LENGTH_UNIT ( ) NAMED_UNIT ( * ) SI_UNIT ( $, .METRE. ) );
#1505 = CARTESIAN_POINT ( 'NONE',  ( -0.2665000000000000147, -0.1849999999999999978, -0.05000000000000000278 ) ) ;
#1506 = VERTEX_POINT ( 'NONE', #4390 ) ;
#1507 = DIRECTION ( 'NONE',  ( 0.0000000000000000000, -1.000000000000000000, 0.0000000000000000000 ) ) ;
#1508 = FILL_AREA_STYLE_COLOUR ( '', #2936 ) ;
#1509 = EDGE_CURVE ( 'NONE', #325, #1516, #4864, .T. ) ;
#1510 =( GEOMETRIC_REPRESENTATION_CONTEXT ( 3 ) GLOBAL_UNCERTAINTY_ASSIGNED_CONTEXT ( ( #2712 ) ) GLOBAL_UNIT_ASSIGNED_CONTEXT ( ( #5287, #520, #3571 ) ) REPRESENTATION_CONTEXT ( 'NONE', 'WORKASPACE' ) );
#1511 = ORIENTED_EDGE ( 'NONE', *, *, #3445, .T. ) ;
#1512 = AXIS2_PLACEMENT_3D ( 'NONE', #113, #1041, #615 ) ;
#1513 = CARTESIAN_POINT ( 'NONE',  ( 0.2533126305208440177, 0.4299999999999998268, -0.02696783758954030691 ) ) ;
#1514 = SURFACE_STYLE_USAGE ( .BOTH. , #5326 ) ;
#1516 = VERTEX_POINT ( 'NONE', #3086 ) ;
#1515 = VECTOR ( 'NONE', #3591, 39.37007874015748143 ) ;
#1517 = ADVANCED_FACE ( 'NONE', ( #3190 ), #4807, .T. ) ;
#1518 = VECTOR ( 'NONE', #5055, 39.37007874015748143 ) ;
#1519 =( LENGTH_UNIT ( ) NAMED_UNIT ( * ) SI_UNIT ( $, .METRE. ) );
#1520 = CARTESIAN_POINT ( 'NONE',  ( 0.3195030206787352056, 0.4298999999999999488, -0.04400946927313601625 ) ) ;
#1521 = CARTESIAN_POINT ( 'NONE',  ( 0.2403359381996773847, 0.4300000000000000488, 0.04438659250236837162 ) ) ;
#1522 = CARTESIAN_POINT ( 'NONE',  ( 0.2824999999999999734, -0.1849999999999999423, -0.05700000000000000205 ) ) ;
#1523 = LENGTH_MEASURE_WITH_UNIT ( LENGTH_MEASURE( 0.02539999999999999897 ), #5221 );
#1524 = SURFACE_STYLE_USAGE ( .BOTH. , #636 ) ;
#1525 = DIRECTION ( 'NONE',  ( -1.000000000000000000, -0.0000000000000000000, -0.0000000000000000000 ) ) ;
#1526 = CARTESIAN_POINT ( 'NONE',  ( 0.3194628336913877820, 0.4300000000000002154, 0.004733747810712083358 ) ) ;
#1527 = LINE ( 'NONE', #4274, #574 ) ;
#1528 = CARTESIAN_POINT ( 'NONE',  ( 0.2808216085115505800, 0.4300000000000001044, 0.04601409813708169649 ) ) ;
#1529 = CARTESIAN_POINT ( 'NONE',  ( 0.2321309316513406329, 0.4298999999999998933, 0.02854876147812348414 ) ) ;
#1530 = CARTESIAN_POINT ( 'NONE',  ( 0.2824999999999999734, -0.6900000000000000577, -0.06700000000000000400 ) ) ;
#1531 = LINE ( 'NONE', #3147, #2531 ) ;
#1532 = CIRCLE ( 'NONE', #2974, 0.02000000000000000042 ) ;
#1533 = VECTOR ( 'NONE', #3241, 39.37007874015748143 ) ;
#1534 = DIRECTION ( 'NONE',  ( 0.8661855860485992986, 0.0000000000000000000, -0.4997224534895788883 ) ) ;
#1535 = CARTESIAN_POINT ( 'NONE',  ( 0.2274999999999999523, -0.1849999999999999978, 0.0000000000000000000 ) ) ;
#1536 =( NAMED_UNIT ( * ) PLANE_ANGLE_UNIT ( ) SI_UNIT ( $, .RADIAN. ) );
#1537 = ORIENTED_EDGE ( 'NONE', *, *, #1202, .F. ) ;
#1538 = DIRECTION ( 'NONE',  ( 1.000000000000000000, 0.0000000000000000000, 0.0000000000000000000 ) ) ;
#1539 = ADVANCED_FACE ( 'NONE', ( #2929 ), #4356, .T. ) ;
#1540 = CARTESIAN_POINT ( 'NONE',  ( 0.3060120029988783186, 0.4300000000000000488, -0.05864578267377628523 ) ) ;
#1541 = FACE_BOUND ( 'NONE', #5160, .T. ) ;
#1542 = EDGE_LOOP ( 'NONE', ( #2561, #4619, #2973, #3921 ) ) ;
#1543 = PRESENTATION_STYLE_ASSIGNMENT (( #287 ) ) ;
#1544 = UNCERTAINTY_MEASURE_WITH_UNIT (LENGTH_MEASURE( 1.000000000000000082E-05 ), #1670, 'distance_accuracy_value', 'NONE');
#1545 = CARTESIAN_POINT ( 'NONE',  ( 0.3038331554276489932, 0.4298999999999998933, 0.03762036656405200880 ) ) ;
#1546 = CARTESIAN_POINT ( 'NONE',  ( -0.2313420158024771522, 0.4299999999999999933, 0.06004016794810488472 ) ) ;
#1547 = DIRECTION ( 'NONE',  ( 0.0000000000000000000, 0.0000000000000000000, 1.000000000000000000 ) ) ;
#1548 = ORIENTED_EDGE ( 'NONE', *, *, #1172, .T. ) ;
#1549 = AXIS2_PLACEMENT_3D ( 'NONE', #1768, #4774, #5587 ) ;
#1550 = UNCERTAINTY_MEASURE_WITH_UNIT (LENGTH_MEASURE( 1.000000000000000082E-05 ), #72, 'distance_accuracy_value', 'NONE');
#1551 = B_SPLINE_SURFACE_WITH_KNOTS ( 'NONE', 3, 1, ( 
 ( #893, #3425 ),
 ( #4363, #5153 ),
 ( #2608, #12 ),
 ( #2195, #2628 ),
 ( #5121, #3056 ),
 ( #1287, #421 ),
 ( #2575, #3447 ),
 ( #874, #1304 ),
 ( #4330, #2278 ),
 ( #5286, #972 ),
 ( #1845, #1826 ),
 ( #3076, #541 ),
 ( #3995, #935 ),
 ( #3529, #3119 ),
 ( #2253, #1399 ),
 ( #5266, #97 ),
 ( #4455, #4814 ),
 ( #2234, #3098 ),
 ( #3570, #994 ) ),
 .UNSPECIFIED., .F., .F., .F.,
 ( 4, 1, 1, 1, 1, 1, 1, 1, 1, 1, 1, 1, 1, 1, 1, 1, 4 ),
 ( 2, 2 ),
 ( 0.0000000000000000000, 0.09151103632803693488, 0.1771428603141483038, 0.2571084852282345956, 0.3311983993883844679, 0.4005922945239580590, 0.4656249598049641003, 0.5269734913138600652, 0.5854431157040232980, 0.6413985080863310317, 0.6950441672657241554, 0.7467815514927483855, 0.7969589345766995292, 0.8475448623598799136, 0.8974385414187385779, 0.9476489188871284330, 1.000000000000000000 ),
 ( 0.0000000000000000000, 1.000000000000000000 ),
 .UNSPECIFIED. ) ;
#1552 = ORIENTED_EDGE ( 'NONE', *, *, #3781, .T. ) ;
#1553 = CARTESIAN_POINT ( 'NONE',  ( -0.3043432128509486745, 0.4298999999999999488, -0.04946162762460235701 ) ) ;
#1554 = DIRECTION ( 'NONE',  ( 0.0000000000000000000, 0.0000000000000000000, 1.000000000000000000 ) ) ;
#1555 = CARTESIAN_POINT ( 'NONE',  ( 0.2796885673274994710, 0.4298999999999999488, -0.06528622584975470045 ) ) ;
#1556 = EDGE_LOOP ( 'NONE', ( #938, #4824, #4604, #1824 ) ) ;
#1557 = CARTESIAN_POINT ( 'NONE',  ( 0.2466159663857717399, 0.4298999999999999488, 0.05045811773890491320 ) ) ;
#1558 = ORIENTED_EDGE ( 'NONE', *, *, #1427, .F. ) ;
#1559 = AXIS2_PLACEMENT_3D ( 'NONE', #3957, #4778, #418 ) ;
#1560 = FILL_AREA_STYLE_COLOUR ( '', #4694 ) ;
#1561 = ORIENTED_EDGE ( 'NONE', *, *, #1701, .T. ) ;
#1562 = EDGE_LOOP ( 'NONE', ( #3251, #1610, #1548, #103 ) ) ;
#1563 = EDGE_CURVE ( 'NONE', #2954, #1628, #4557, .T. ) ;
#1564 = B_SPLINE_CURVE_WITH_KNOTS ( 'NONE', 3,
 ( #2725, #4382, #4504, #2325, #4056, #1501, #1872, #127, #3612, #564, #2286 ),
 .UNSPECIFIED., .F., .F.,
 ( 4, 1, 1, 1, 1, 1, 1, 1, 4 ),
 ( 0.0000000000000000000, 0.1177675192120364034, 0.2301764485440571661, 0.3398429589695382558, 0.4506252599208611098, 0.5669428888721639304, 0.6960213064547944306, 0.8394383602270614197, 1.000000000000000000 ),
 .UNSPECIFIED. ) ;
#1565 = VERTEX_POINT ( 'NONE', #1331 ) ;
#1566 = ADVANCED_FACE ( 'NONE', ( #4093 ), #79, .F. ) ;
#1567 = FACE_OUTER_BOUND ( 'NONE', #832, .T. ) ;
#1568 = ORIENTED_EDGE ( 'NONE', *, *, #1739, .T. ) ;
#1569 = STYLED_ITEM ( 'NONE', ( #2596 ), #761 ) ;
#1570 = AXIS2_PLACEMENT_3D ( 'NONE', #2310, #2735, #146 ) ;
#1571 = CARTESIAN_POINT ( 'NONE',  ( -0.1874999999999999722, -0.1900000000000000300, 0.07499999999999984457 ) ) ;
#1572 = CARTESIAN_POINT ( 'NONE',  ( -0.3374999999999999667, 0.4259999999999999898, -0.09499999999999998723 ) ) ;
#1573 = FILL_AREA_STYLE ('',( #4189 ) ) ;
#1574 = ORIENTED_EDGE ( 'NONE', *, *, #581, .T. ) ;
#1575 = DIRECTION ( 'NONE',  ( -0.8661855860485992986, -0.0000000000000000000, -0.4997224534895788883 ) ) ;
#1576 = CARTESIAN_POINT ( 'NONE',  ( 0.2352205214486184359, 0.4299999999999999378, -0.03637087925512776099 ) ) ;
#1577 = VECTOR ( 'NONE', #583, 39.37007874015748143 ) ;
#1578 = EDGE_CURVE ( 'NONE', #3295, #4896, #1252, .T. ) ;
#1579 = CARTESIAN_POINT ( 'NONE',  ( -0.3218000208408005602, 0.4298999999999999488, 0.06004016794810488472 ) ) ;
#1580 = CARTESIAN_POINT ( 'NONE',  ( 0.2719658582307714623, 0.4299000000000000599, -0.05090805285585408430 ) ) ;
#1581 = DIRECTION ( 'NONE',  ( -0.0000000000000000000, 1.000000000000000000, -0.0000000000000000000 ) ) ;
#1582 = STYLED_ITEM ( 'NONE', ( #4688 ), #1371 ) ;
#1583 = FACE_OUTER_BOUND ( 'NONE', #3636, .T. ) ;
#1584 = DIRECTION ( 'NONE',  ( 0.0000000000000000000, 0.0000000000000000000, -1.000000000000000000 ) ) ;
#1585 = CARTESIAN_POINT ( 'NONE',  ( 0.2304677004916075023, 0.4299000000000001154, 0.01941081533772740647 ) ) ;
#1586 = DIRECTION ( 'NONE',  ( -0.0000000000000000000, 0.0000000000000000000, -1.000000000000000000 ) ) ;
#1587 = FACE_OUTER_BOUND ( 'NONE', #3648, .T. ) ;
#1588 =( NAMED_UNIT ( * ) SI_UNIT ( $, .STERADIAN. ) SOLID_ANGLE_UNIT ( ) );
#1589 = CARTESIAN_POINT ( 'NONE',  ( 0.2422656208621709606, 0.4299000000000000599, 0.04658445807798053395 ) ) ;
#1590 = CARTESIAN_POINT ( 'NONE',  ( 0.2350464972932411190, 0.4298999999999999488, -0.03183789776258059284 ) ) ;
#1591 = CARTESIAN_POINT ( 'NONE',  ( 0.2808216085115505800, 0.4300000000000000488, 0.04601409813708170343 ) ) ;
#1592 = LINE ( 'NONE', #2970, #4873 ) ;
#1593 = CARTESIAN_POINT ( 'NONE',  ( 0.2321309316513406329, 0.4299999999999999378, 0.02854876147812348414 ) ) ;
#1594 = CARTESIAN_POINT ( 'NONE',  ( -0.3024999999999998246, -0.1900000000000000300, -0.09499999999999998723 ) ) ;
#1595 = DIMENSIONAL_EXPONENTS ( 1.000000000000000000, 0.0000000000000000000, 0.0000000000000000000, 0.0000000000000000000, 0.0000000000000000000, 0.0000000000000000000, 0.0000000000000000000 ) ;
#1596 = LINE ( 'NONE', #3212, #2870 ) ;
#1597 = EDGE_CURVE ( 'NONE', #5302, #1291, #494, .T. ) ;
#1598 = CARTESIAN_POINT ( 'NONE',  ( 0.2605020336537167136, 0.4300000000000001044, -0.06310780356895054344 ) ) ;
#1599 = LENGTH_MEASURE_WITH_UNIT ( LENGTH_MEASURE( 0.02539999999999999897 ), #2387 );
#1600 = CARTESIAN_POINT ( 'NONE',  ( 0.3178759988207975340, 0.4299999999999998268, 0.002997976596358819818 ) ) ;
#1601 = CARTESIAN_POINT ( 'NONE',  ( 0.2824999999999999734, -0.1849999999999999978, 0.03199999999999997291 ) ) ;
#1602 = CARTESIAN_POINT ( 'NONE',  ( 0.3052964512123237384, 0.4299000000000000599, -0.03185480215519485153 ) ) ;
#1603 = CIRCLE ( 'NONE', #3867, 0.02000000000000000389 ) ;
#1604 = VERTEX_POINT ( 'NONE', #4849 ) ;
#1605 = CARTESIAN_POINT ( 'NONE',  ( 0.2350464972932411190, 0.4298999999999999488, -0.03183789776258059284 ) ) ;
#1606 = CARTESIAN_POINT ( 'NONE',  ( -0.2665000000000000147, -0.1849999999999999978, -0.07750000000000001332 ) ) ;
#1607 =( GEOMETRIC_REPRESENTATION_CONTEXT ( 3 ) GLOBAL_UNCERTAINTY_ASSIGNED_CONTEXT ( ( #970 ) ) GLOBAL_UNIT_ASSIGNED_CONTEXT ( ( #1935, #3228, #3656 ) ) REPRESENTATION_CONTEXT ( 'NONE', 'WORKASPACE' ) );
#1608 = CIRCLE ( 'NONE', #1570, 0.02000000000000000389 ) ;
#1610 = ORIENTED_EDGE ( 'NONE', *, *, #2834, .F. ) ;
#1609 = VECTOR ( 'NONE', #3651, 39.37007874015748143 ) ;
#1611 = B_SPLINE_SURFACE_WITH_KNOTS ( 'NONE', 3, 1, ( 
 ( #2567, #1692 ),
 ( #1726, #5095 ),
 ( #3369, #5569 ),
 ( #4258, #1662 ),
 ( #2157, #5512 ),
 ( #3841, #4689 ),
 ( #795, #5533 ),
 ( #5134, #2583 ),
 ( #3419, #1281 ),
 ( #3014, #3392 ),
 ( #1299, #5586 ),
 ( #377, #813 ),
 ( #3405, #3000 ),
 ( #415, #828 ),
 ( #3897, #2120 ),
 ( #2951, #3860 ),
 ( #4670, #5077 ),
 ( #363, #1262 ),
 ( #4705, #4272 ) ),
 .UNSPECIFIED., .F., .F., .F.,
 ( 4, 1, 1, 1, 1, 1, 1, 1, 1, 1, 1, 1, 1, 1, 1, 1, 4 ),
 ( 2, 2 ),
 ( 0.0000000000000000000, 0.06715546744904547782, 0.1314033464826143416, 0.1927317719102089877, 0.2512526591565255041, 0.3077037298841910906, 0.3626989162982001136, 0.4177783327854304729, 0.4723043857981139571, 0.5278725997916963175, 0.5852299868117372128, 0.6450565760102915380, 0.7079523564294422089, 0.7744342720454279183, 0.8449404313752603146, 0.9204035944750273979, 1.000000000000000000 ),
 ( 0.0000000000000000000, 1.000000000000000000 ),
 .UNSPECIFIED. ) ;
#1612 = DIRECTION ( 'NONE',  ( 1.000000000000000000, 0.0000000000000000000, 0.0000000000000000000 ) ) ;
#1613 = CARTESIAN_POINT ( 'NONE',  ( -0.2665000000000000147, -1.046568542494923815, -0.05000000000000000278 ) ) ;
#1614 = CARTESIAN_POINT ( 'NONE',  ( -0.3674999999999999933, 0.1000000000000000056, -0.1250000000000000000 ) ) ;
#1615 = CARTESIAN_POINT ( 'NONE',  ( 0.3674999999999999933, 0.01000000000000000021, 0.1050000000000001488 ) ) ;
#1616 = CARTESIAN_POINT ( 'NONE',  ( 0.2802493687694319058, 0.4299999999999999378, 0.06011791622037605809 ) ) ;
#1617 = EDGE_CURVE ( 'NONE', #1642, #3009, #1116, .T. ) ;
#1619 = ORIENTED_EDGE ( 'NONE', *, *, #339, .F. ) ;
#1618 = LINE ( 'NONE', #1579, #1743 ) ;
#1620 = CARTESIAN_POINT ( 'NONE',  ( 0.2781995866162833564, 0.4299999999999999933, -0.05122125588553710224 ) ) ;
#1621 = CARTESIAN_POINT ( 'NONE',  ( 0.2415701087355151544, 0.4299000000000000599, -0.05099541180453439487 ) ) ;
#1622 = FACE_OUTER_BOUND ( 'NONE', #1898, .T. ) ;
#1623 = CARTESIAN_POINT ( 'NONE',  ( 0.3260086026692393113, 0.4299999999999999933, 0.02383718397617697049 ) ) ;
#1624 = AXIS2_PLACEMENT_3D ( 'NONE', #1594, #4169, #1538 ) ;
#1625 = CARTESIAN_POINT ( 'NONE',  ( 0.1874999999999999722, -0.1900000000000000300, -0.02500000000000000139 ) ) ;
#1626 = ORIENTED_EDGE ( 'NONE', *, *, #2131, .F. ) ;
#1627 = ORIENTED_EDGE ( 'NONE', *, *, #4160, .F. ) ;
#1628 = VERTEX_POINT ( 'NONE', #2288 ) ;
#1629 = EDGE_CURVE ( 'NONE', #1091, #2555, #3253, .T. ) ;
#1630 = ORIENTED_EDGE ( 'NONE', *, *, #3445, .F. ) ;
#1631 = CARTESIAN_POINT ( 'NONE',  ( 0.2451473424622122588, 0.4299000000000000599, -0.01036072082732790965 ) ) ;
#1632 = DIMENSIONAL_EXPONENTS ( 1.000000000000000000, 0.0000000000000000000, 0.0000000000000000000, 0.0000000000000000000, 0.0000000000000000000, 0.0000000000000000000, 0.0000000000000000000 ) ;
#1633 = AXIS2_PLACEMENT_3D ( 'NONE', #1814, #4820, #2655 ) ;
#1634 = ORIENTED_EDGE ( 'NONE', *, *, #2816, .T. ) ;
#1635 = EDGE_LOOP ( 'NONE', ( #1772, #5525, #2767, #2543 ) ) ;
#1636 = ORIENTED_EDGE ( 'NONE', *, *, #4881, .F. ) ;
#1637 = DIRECTION ( 'NONE',  ( 0.0000000000000000000, 0.0000000000000000000, -1.000000000000000000 ) ) ;
#1638 = CARTESIAN_POINT ( 'NONE',  ( 0.2350903653758761036, 0.4299000000000000599, -0.03046833609066458212 ) ) ;
#1639 = FILL_AREA_STYLE ('',( #2056 ) ) ;
#1640 = CARTESIAN_POINT ( 'NONE',  ( 0.2385336374244769464, 0.4300000000000000488, 0.04205179593931471921 ) ) ;
#1642 = VERTEX_POINT ( 'NONE', #129 ) ;
#1641 = VECTOR ( 'NONE', #4682, 39.37007874015748143 ) ;
#1643 =( GEOMETRIC_REPRESENTATION_CONTEXT ( 3 ) GLOBAL_UNCERTAINTY_ASSIGNED_CONTEXT ( ( #182 ) ) GLOBAL_UNIT_ASSIGNED_CONTEXT ( ( #2202, #2635, #4834 ) ) REPRESENTATION_CONTEXT ( 'NONE', 'WORKASPACE' ) );
#1644 = CARTESIAN_POINT ( 'NONE',  ( 0.2430779440658194512, 0.4299999999999999933, -0.05283701942486693226 ) ) ;
#1645 = CARTESIAN_POINT ( 'NONE',  ( 0.3098389501927779066, 0.4300000000000000488, -0.003179702453317653343 ) ) ;
#1646 = CARTESIAN_POINT ( 'NONE',  ( 0.2531169290016829221, 0.4298999999999999488, -0.03832878664177340189 ) ) ;
#1647 = ORIENTED_EDGE ( 'NONE', *, *, #152, .F. ) ;
#1648 = CARTESIAN_POINT ( 'NONE',  ( 0.3038331554276489932, 0.4298999999999998933, 0.03762036656405200880 ) ) ;
#1649 = EDGE_CURVE ( 'NONE', #2205, #4777, #3896, .T. ) ;
#1650 =( NAMED_UNIT ( * ) SI_UNIT ( $, .STERADIAN. ) SOLID_ANGLE_UNIT ( ) );
#1651 = VERTEX_POINT ( 'NONE', #3614 ) ;
#1652 = AXIS2_PLACEMENT_3D ( 'NONE', #864, #2154, #360 ) ;
#1653 = CYLINDRICAL_SURFACE ( 'NONE', #227, 0.02000000000000000389 ) ;
#1654 = PLANE ( 'NONE',  #5394 ) ;
#1655 = COLOUR_RGB ( '',1.000000000000000000, 1.000000000000000000, 1.000000000000000000 ) ;
#1656 = DIRECTION ( 'NONE',  ( 0.0000000000000000000, 0.0000000000000000000, 1.000000000000000000 ) ) ;
#1657 = EDGE_CURVE ( 'NONE', #4191, #2020, #4746, .T. ) ;
#1658 = CARTESIAN_POINT ( 'NONE',  ( 0.2824999999999999734, -0.1849999999999999978, -0.05700000000000000205 ) ) ;
#1659 = CARTESIAN_POINT ( 'NONE',  ( 0.2719856320780214554, 0.4298999999999998933, 0.001249669622696869455 ) ) ;
#1660 = CARTESIAN_POINT ( 'NONE',  ( 0.3070064860359730807, 0.4298999999999997823, 0.03264810406954574834 ) ) ;
#1661 = VECTOR ( 'NONE', #3502, 39.37007874015748143 ) ;
#1662 = CARTESIAN_POINT ( 'NONE',  ( 0.3047643540904403370, 0.4300000000000001044, -0.03433603048581013867 ) ) ;
#1663 =( CONVERSION_BASED_UNIT ( 'INCH', #1187 ) LENGTH_UNIT ( ) NAMED_UNIT ( #1678 ) );
#1664 = LINE ( 'NONE', #1149, #4756 ) ;
#1665 = FACE_OUTER_BOUND ( 'NONE', #2500, .T. ) ;
#1666 = DIRECTION ( 'NONE',  ( -0.0000000000000000000, -1.000000000000000000, -0.0000000000000000000 ) ) ;
#1667 = CARTESIAN_POINT ( 'NONE',  ( -0.3374999999999999667, 0.4259999999999999898, -0.1105000000000000426 ) ) ;
#1668 = FACE_OUTER_BOUND ( 'NONE', #5159, .T. ) ;
#1669 = EDGE_CURVE ( 'NONE', #3528, #2218, #984, .T. ) ;
#1670 =( CONVERSION_BASED_UNIT ( 'INCH', #3154 ) LENGTH_UNIT ( ) NAMED_UNIT ( #2409 ) );
#1671 = VERTEX_POINT ( 'NONE', #3184 ) ;
#1672 = CARTESIAN_POINT ( 'NONE',  ( 0.2792463339520660504, 0.4299999999999999933, 0.003175011792526822533 ) ) ;
#1673 = CARTESIAN_POINT ( 'NONE',  ( 0.4850000000000000422, 0.1000000000000000056, -1.707404996040164512E-17 ) ) ;
#1674 = B_SPLINE_CURVE_WITH_KNOTS ( 'NONE', 3,
 ( #4072, #1941, #661, #5343, #1923, #4919, #1459, #3627, #3678, #2784, #601, #1064, #191, #5309, #2338, #4089, #1032, #1103, #645 ),
 .UNSPECIFIED., .F., .F.,
 ( 4, 1, 1, 1, 1, 1, 1, 1, 1, 1, 1, 1, 1, 1, 1, 1, 4 ),
 ( 0.0000000000000000000, 0.09151103632803693488, 0.1771428603141483038, 0.2571084852282345956, 0.3311983993883844679, 0.4005922945239580590, 0.4656249598049641003, 0.5269734913138600652, 0.5854431157040232980, 0.6413985080863310317, 0.6950441672657241554, 0.7467815514927483855, 0.7969589345766995292, 0.8475448623598799136, 0.8974385414187385779, 0.9476489188871284330, 1.000000000000000000 ),
 .UNSPECIFIED. ) ;
#1675 = SURFACE_SIDE_STYLE ('',( #646 ) ) ;
#1677 = ORIENTED_EDGE ( 'NONE', *, *, #2761, .T. ) ;
#1676 = CIRCLE ( 'NONE', #5440, 0.02000000000000000389 ) ;
#1678 = DIMENSIONAL_EXPONENTS ( 1.000000000000000000, 0.0000000000000000000, 0.0000000000000000000, 0.0000000000000000000, 0.0000000000000000000, 0.0000000000000000000, 0.0000000000000000000 ) ;
#1679 = ORIENTED_EDGE ( 'NONE', *, *, #3136, .T. ) ;
#1680 = DIRECTION ( 'NONE',  ( 1.000000000000000000, 0.0000000000000000000, 7.760931800182568785E-16 ) ) ;
#1681 = EDGE_CURVE ( 'NONE', #1738, #2963, #3958, .T. ) ;
#1682 = CARTESIAN_POINT ( 'NONE',  ( -0.5000000000000000000, 0.1000000000000000056, 0.06249999999999993061 ) ) ;
#1683 = CARTESIAN_POINT ( 'NONE',  ( 0.2834078865823752569, 0.4300000000000002154, -0.01241734875201551229 ) ) ;
#1684 = ORIENTED_EDGE ( 'NONE', *, *, #4781, .T. ) ;
#1686 = ORIENTED_EDGE ( 'NONE', *, *, #4337, .F. ) ;
#1685 = ORIENTED_EDGE ( 'NONE', *, *, #5261, .T. ) ;
#1687 = SURFACE_STYLE_USAGE ( .BOTH. , #4269 ) ;
#1688 = ORIENTED_EDGE ( 'NONE', *, *, #4421, .F. ) ;
#1689 = PRESENTATION_LAYER_ASSIGNMENT (  '', '', ( #4946 ) ) ;
#1690 = CARTESIAN_POINT ( 'NONE',  ( 0.1874999999999999722, -0.1900000000000000300, -0.02499999999999997363 ) ) ;
#1691 = CARTESIAN_POINT ( 'NONE',  ( -0.3374999999999999667, 0.4299999999999999933, -0.1105000000000000426 ) ) ;
#1692 = CARTESIAN_POINT ( 'NONE',  ( 0.3056205445677224741, 0.4299999999999999933, -0.02926488562236512908 ) ) ;
#1693 = EDGE_LOOP ( 'NONE', ( #5100, #1039, #4063, #604 ) ) ;
#1694 = CARTESIAN_POINT ( 'NONE',  ( 0.2341279034971974482, 0.4299999999999999933, 0.03423944006117576183 ) ) ;
#1695 = ORIENTED_EDGE ( 'NONE', *, *, #4553, .T. ) ;
#1696 =( GEOMETRIC_REPRESENTATION_CONTEXT ( 3 ) GLOBAL_UNCERTAINTY_ASSIGNED_CONTEXT ( ( #3982 ) ) GLOBAL_UNIT_ASSIGNED_CONTEXT ( ( #4819, #2243, #85 ) ) REPRESENTATION_CONTEXT ( 'NONE', 'WORKASPACE' ) );
#1698 = EDGE_LOOP ( 'NONE', ( #1838, #2430, #1956, #4001 ) ) ;
#1697 = CIRCLE ( 'NONE', #2782, 0.01550000000000004673 ) ;
#1699 = B_SPLINE_SURFACE_WITH_KNOTS ( 'NONE', 3, 1, ( 
 ( #2017, #1107 ),
 ( #5122, #1079 ),
 ( #3644, #5340 ),
 ( #1455, #3623 ),
 ( #185, #4533 ),
 ( #4876, #3673 ),
 ( #655, #165 ),
 ( #3176, #1098 ),
 ( #1048, #1526 ),
 ( #4086, #640 ),
 ( #1491, #4476 ),
 ( #4105, #599 ),
 ( #5304, #1937 ),
 ( #2764, #2317 ),
 ( #4066, #4496 ),
 ( #204, #4930 ),
 ( #4514, #2371 ),
 ( #5358, #1904 ),
 ( #1885, #4894 ) ),
 .UNSPECIFIED., .F., .F., .F.,
 ( 4, 1, 1, 1, 1, 1, 1, 1, 1, 1, 1, 1, 1, 1, 1, 1, 4 ),
 ( 2, 2 ),
 ( 0.0000000000000000000, 0.07493130598184481739, 0.1470775964339467445, 0.2163644561730687088, 0.2825027309006232223, 0.3466877108244154071, 0.4088355551310374758, 0.4692619872876919174, 0.5284320432534619361, 0.5870013379727403446, 0.6444163938320657259, 0.7021887902662961034, 0.7597671795443334819, 0.8184897928274490475, 0.8776328274167841670, 0.9380195662701678039, 1.000000000000000000 ),
 ( 0.0000000000000000000, 1.000000000000000000 ),
 .UNSPECIFIED. ) ;
#1700 = CARTESIAN_POINT ( 'NONE',  ( 0.3041113586209082675, 0.4298999999999999488, -0.006022872496083307541 ) ) ;
#1701 = EDGE_CURVE ( 'NONE', #3528, #1911, #4142, .T. ) ;
#1702 =( CONVERSION_BASED_UNIT ( 'INCH', #2244 ) LENGTH_UNIT ( ) NAMED_UNIT ( #2258 ) );
#1704 = ORIENTED_EDGE ( 'NONE', *, *, #5108, .T. ) ;
#1703 = LINE ( 'NONE', #1601, #4920 ) ;
#1705 = DIMENSIONAL_EXPONENTS ( 1.000000000000000000, 0.0000000000000000000, 0.0000000000000000000, 0.0000000000000000000, 0.0000000000000000000, 0.0000000000000000000, 0.0000000000000000000 ) ;
#1706 =( LENGTH_UNIT ( ) NAMED_UNIT ( * ) SI_UNIT ( $, .METRE. ) );
#1707 = CARTESIAN_POINT ( 'NONE',  ( 0.2919228286849612775, 0.4299000000000000599, -0.04909070148190919358 ) ) ;
#1708 = VERTEX_POINT ( 'NONE', #1123 ) ;
#1709 = STYLED_ITEM ( 'NONE', ( #1943 ), #454 ) ;
#1710 = CARTESIAN_POINT ( 'NONE',  ( 0.2824999999999999734, -0.6900000000000000577, 0.05700000000000000205 ) ) ;
#1711 = FACE_OUTER_BOUND ( 'NONE', #5048, .T. ) ;
#1712 = PLANE ( 'NONE',  #1023 ) ;
#1713 = ORIENTED_EDGE ( 'NONE', *, *, #4583, .T. ) ;
#1714 = CIRCLE ( 'NONE', #2711, 0.02000000000000000042 ) ;
#1715 =( GEOMETRIC_REPRESENTATION_CONTEXT ( 3 ) GLOBAL_UNCERTAINTY_ASSIGNED_CONTEXT ( ( #1042 ) ) GLOBAL_UNIT_ASSIGNED_CONTEXT ( ( #2376, #225, #680 ) ) REPRESENTATION_CONTEXT ( 'NONE', 'WORKASPACE' ) );
#1716 = CARTESIAN_POINT ( 'NONE',  ( 0.3674999999999999933, 0.4299999999999999933, 0.1250000000000000000 ) ) ;
#1717 = CARTESIAN_POINT ( 'NONE',  ( 0.2968267144509839084, 0.4299999999999999378, 0.008636564850830851306 ) ) ;
#1718 = UNCERTAINTY_MEASURE_WITH_UNIT (LENGTH_MEASURE( 1.000000000000000082E-05 ), #2828, 'distance_accuracy_value', 'NONE');
#1719 = CARTESIAN_POINT ( 'NONE',  ( 0.2911630795406087158, 0.4298999999999999488, -0.01036144741431713028 ) ) ;
#1720 = PRESENTATION_STYLE_ASSIGNMENT (( #797 ) ) ;
#1721 = VECTOR ( 'NONE', #3132, 39.37007874015748143 ) ;
#1722 = PRESENTATION_STYLE_ASSIGNMENT (( #733 ) ) ;
#1723 = EDGE_CURVE ( 'NONE', #2088, #4416, #5596, .T. ) ;
#1724 = CARTESIAN_POINT ( 'NONE',  ( 0.2926472016310419644, 0.4299000000000001154, 0.007048725619241787664 ) ) ;
#1725 = CARTESIAN_POINT ( 'NONE',  ( 0.2521129481409152273, 0.4299000000000000599, 0.03216683641616798622 ) ) ;
#1726 = CARTESIAN_POINT ( 'NONE',  ( 0.3055109314996950487, 0.4299000000000000599, -0.03014083291461705852 ) ) ;
#1727 = CIRCLE ( 'NONE', #4007, 0.01000000000000000368 ) ;
#1728 = DIRECTION ( 'NONE',  ( 0.0000000000000000000, 0.0000000000000000000, -1.000000000000000000 ) ) ;
#1729 = LENGTH_MEASURE_WITH_UNIT ( LENGTH_MEASURE( 0.02539999999999999897 ), #4207 );
#1730 = VERTEX_POINT ( 'NONE', #610 ) ;
#1731 =( LENGTH_UNIT ( ) NAMED_UNIT ( * ) SI_UNIT ( $, .METRE. ) );
#1732 = CARTESIAN_POINT ( 'NONE',  ( 0.2481472813887565521, 0.4299000000000000599, 0.02074070867733431370 ) ) ;
#1733 = CARTESIAN_POINT ( 'NONE',  ( 0.2749423747901360016, 0.4300000000000001044, -0.01453226282979001166 ) ) ;
#1734 = MECHANICAL_DESIGN_GEOMETRIC_PRESENTATION_REPRESENTATION (  '', ( #3887 ), #5176 ) ;
#1735 = ADVANCED_FACE ( 'NONE', ( #2717 ), #253, .T. ) ;
#1736 = SURFACE_STYLE_FILL_AREA ( #4887 ) ;
#1738 = VERTEX_POINT ( 'NONE', #4544 ) ;
#1737 = LENGTH_MEASURE_WITH_UNIT ( LENGTH_MEASURE( 0.02539999999999999897 ), #5314 );
#1739 = EDGE_CURVE ( 'NONE', #3038, #4479, #2988, .T. ) ;
#1740 = FILL_AREA_STYLE_COLOUR ( '', #1147 ) ;
#1741 = DIRECTION ( 'NONE',  ( -0.0000000000000000000, -0.0000000000000000000, -1.000000000000000000 ) ) ;
#1742 =( CONVERSION_BASED_UNIT ( 'INCH', #4369 ) LENGTH_UNIT ( ) NAMED_UNIT ( #2651 ) );
#1744 = ORIENTED_EDGE ( 'NONE', *, *, #823, .T. ) ;
#1743 = VECTOR ( 'NONE', #2892, 39.37007874015748143 ) ;
#1745 = DIRECTION ( 'NONE',  ( -0.0000000000000000000, -1.000000000000000000, -0.0000000000000000000 ) ) ;
#1746 = DIRECTION ( 'NONE',  ( 0.0000000000000000000, 0.0000000000000000000, 1.000000000000000000 ) ) ;
#1747 = PRESENTATION_LAYER_ASSIGNMENT (  '', '', ( #891 ) ) ;
#1748 = EDGE_LOOP ( 'NONE', ( #3587, #2354, #590, #3959, #391, #3096, #1948, #45, #3458, #3665, #3862, #324 ) ) ;
#1749 = ORIENTED_EDGE ( 'NONE', *, *, #4311, .T. ) ;
#1750 = VECTOR ( 'NONE', #2471, 39.37007874015748143 ) ;
#1751 = CARTESIAN_POINT ( 'NONE',  ( 0.2994260488757903849, 0.4300000000000000488, -0.04420676391064211341 ) ) ;
#1752 = FILL_AREA_STYLE ('',( #3467 ) ) ;
#1753 = CARTESIAN_POINT ( 'NONE',  ( 0.2717286910927246835, 0.4298999999999999488, 0.04515470424326201854 ) ) ;
#1754 = CARTESIAN_POINT ( 'NONE',  ( 0.2710500965888381075, 0.4299999999999999378, -0.01562738953154099025 ) ) ;
#1755 = VERTEX_POINT ( 'NONE', #5000 ) ;
#1756 = ORIENTED_EDGE ( 'NONE', *, *, #205, .F. ) ;
#1757 = VERTEX_POINT ( 'NONE', #1087 ) ;
#1758 = PLANE ( 'NONE',  #3942 ) ;
#1759 = DIMENSIONAL_EXPONENTS ( 1.000000000000000000, 0.0000000000000000000, 0.0000000000000000000, 0.0000000000000000000, 0.0000000000000000000, 0.0000000000000000000, 0.0000000000000000000 ) ;
#1760 = CARTESIAN_POINT ( 'NONE',  ( 0.2824999999999999734, -0.6900000000000000577, -0.05700000000000000205 ) ) ;
#1761 = DIRECTION ( 'NONE',  ( -0.0000000000000000000, 1.000000000000000000, -0.0000000000000000000 ) ) ;
#1762 = FILL_AREA_STYLE_COLOUR ( '', #1905 ) ;
#1764 = ORIENTED_EDGE ( 'NONE', *, *, #4433, .T. ) ;
#1763 = VECTOR ( 'NONE', #3703, 39.37007874015748143 ) ;
#1765 = SURFACE_SIDE_STYLE ('',( #3354 ) ) ;
#1766 = DIRECTION ( 'NONE',  ( 0.0000000000000000000, 0.0000000000000000000, -1.000000000000000000 ) ) ;
#1767 = ADVANCED_FACE ( 'NONE', ( #4861 ), #4348, .T. ) ;
#1768 = CARTESIAN_POINT ( 'NONE',  ( -0.2665000000000000147, -0.1849999999999999423, -0.05000000000000000278 ) ) ;
#1769 = CARTESIAN_POINT ( 'NONE',  ( 0.2350464972932411190, 0.4298999999999999488, -0.03183789776258059284 ) ) ;
#1770 =( NAMED_UNIT ( * ) PLANE_ANGLE_UNIT ( ) SI_UNIT ( $, .RADIAN. ) );
#1772 = ORIENTED_EDGE ( 'NONE', *, *, #3209, .F. ) ;
#1771 = CYLINDRICAL_SURFACE ( 'NONE', #2992, 0.02000000000000000736 ) ;
#1774 = EDGE_LOOP ( 'NONE', ( #184, #3779, #1561, #382 ) ) ;
#1773 = LINE ( 'NONE', #5472, #69 ) ;
#1775 = CARTESIAN_POINT ( 'NONE',  ( 0.2350464972932411190, 0.4299999999999999933, -0.03183789776258059284 ) ) ;
#1776 = CARTESIAN_POINT ( 'NONE',  ( -0.2392769285251371281, 0.4299999999999999933, 0.002908796344953273796 ) ) ;
#1777 = EDGE_CURVE ( 'NONE', #3653, #5054, #1050, .T. ) ;
#1778 = CIRCLE ( 'NONE', #29, 0.02500000000000002220 ) ;
#1779 = SURFACE_SIDE_STYLE ('',( #920 ) ) ;
#1780 = LINE ( 'NONE', #2746, #5254 ) ;
#1781 = CARTESIAN_POINT ( 'NONE',  ( -0.2345159808915411315, 0.4299999999999999933, -0.06374447052539027048 ) ) ;
#1782 = CARTESIAN_POINT ( 'NONE',  ( 0.2354404054451539330, 0.4300000000000002154, 0.03693992095937935483 ) ) ;
#1783 = CARTESIAN_POINT ( 'NONE',  ( 0.2477827503496420614, 0.4300000000000000488, 0.01776510859365462019 ) ) ;
#1784 = MECHANICAL_DESIGN_GEOMETRIC_PRESENTATION_REPRESENTATION (  '', ( #814 ), #510 ) ;
#1785 = SURFACE_STYLE_USAGE ( .BOTH. , #2661 ) ;
#1786 = FACE_OUTER_BOUND ( 'NONE', #5369, .T. ) ;
#1787 = APPLICATION_CONTEXT ( 'automotive_design' ) ;
#1788 = CIRCLE ( 'NONE', #1549, 0.02000000000000000389 ) ;
#1789 = EDGE_CURVE ( 'NONE', #5597, #1816, #1849, .T. ) ;
#1790 = CIRCLE ( 'NONE', #4409, 0.01000000000000000368 ) ;
#1791 = PRESENTATION_LAYER_ASSIGNMENT (  '', '', ( #2005 ) ) ;
#1792 = CARTESIAN_POINT ( 'NONE',  ( 0.2824999999999999734, -0.5900000000000000799, 0.05700000000000000205 ) ) ;
#1793 = CARTESIAN_POINT ( 'NONE',  ( 0.3038794072953994174, 0.4298999999999998933, 0.05583306171446561494 ) ) ;
#1794 = ADVANCED_FACE ( 'NONE', ( #3889 ), #3743, .F. ) ;
#1795 = CYLINDRICAL_SURFACE ( 'NONE', #3534, 0.02000000000000000042 ) ;
#1796 = FACE_OUTER_BOUND ( 'NONE', #254, .T. ) ;
#1797 = CARTESIAN_POINT ( 'NONE',  ( -0.1874999999999999445, 0.01000000000000000021, -0.08999999999999999667 ) ) ;
#1798 = CARTESIAN_POINT ( 'NONE',  ( 0.3195030206787352056, 0.4298999999999999488, -0.04400946927313601625 ) ) ;
#1799 = PRESENTATION_STYLE_ASSIGNMENT (( #3850 ) ) ;
#1800 = PLANE ( 'NONE',  #2914 ) ;
#1801 = AXIS2_PLACEMENT_3D ( 'NONE', #4338, #1741, #5236 ) ;
#1802 = VECTOR ( 'NONE', #2989, 39.37007874015748143 ) ;
#1803 = FILL_AREA_STYLE_COLOUR ( '', #3336 ) ;
#1804 = ORIENTED_EDGE ( 'NONE', *, *, #1989, .T. ) ;
#1805 = EDGE_CURVE ( 'NONE', #189, #2677, #3330, .T. ) ;
#1807 = VERTEX_POINT ( 'NONE', #3219 ) ;
#1806 = FACE_OUTER_BOUND ( 'NONE', #1774, .T. ) ;
#1808 = DIRECTION ( 'NONE',  ( 0.0000000000000000000, 0.0000000000000000000, -1.000000000000000000 ) ) ;
#1809 = CARTESIAN_POINT ( 'NONE',  ( 0.2937564015141769791, 0.4299999999999998268, 0.05903435177700172565 ) ) ;
#1810 = ORIENTED_EDGE ( 'NONE', *, *, #2237, .F. ) ;
#1811 = EDGE_CURVE ( 'NONE', #5506, #4541, #1451, .T. ) ;
#1812 = CARTESIAN_POINT ( 'NONE',  ( 0.2135000000000000231, 0.01000000000000000021, 0.1050000000000000239 ) ) ;
#1813 = CARTESIAN_POINT ( 'NONE',  ( 0.3174397901875337102, 0.4298999999999999488, -0.04761627757860010385 ) ) ;
#1814 = CARTESIAN_POINT ( 'NONE',  ( -0.2665000000000000147, -0.5900000000000000799, -0.05000000000000000278 ) ) ;
#1815 = AXIS2_PLACEMENT_3D ( 'NONE', #2793, #2869, #671 ) ;
#1816 = VERTEX_POINT ( 'NONE', #1966 ) ;
#1817 = ADVANCED_FACE ( 'NONE', ( #1981 ), #1653, .T. ) ;
#1818 = CARTESIAN_POINT ( 'NONE',  ( 0.2542410262472984961, 0.4298999999999998378, 0.05505647573731867889 ) ) ;
#1819 = ORIENTED_EDGE ( 'NONE', *, *, #1329, .T. ) ;
#1820 = CARTESIAN_POINT ( 'NONE',  ( 0.2796885673274994710, 0.4298999999999999488, -0.06528622584975470045 ) ) ;
#1821 = ORIENTED_EDGE ( 'NONE', *, *, #1829, .F. ) ;
#1822 = STYLED_ITEM ( 'NONE', ( #932 ), #3963 ) ;
#1823 = CARTESIAN_POINT ( 'NONE',  ( 0.2274999999999999523, -0.1849999999999999978, 0.0000000000000000000 ) ) ;
#1824 = ORIENTED_EDGE ( 'NONE', *, *, #2454, .T. ) ;
#1825 = ORIENTED_EDGE ( 'NONE', *, *, #486, .F. ) ;
#1826 = CARTESIAN_POINT ( 'NONE',  ( 0.2570221251371245241, 0.4299999999999999933, -0.04452434991938088865 ) ) ;
#1827 = CARTESIAN_POINT ( 'NONE',  ( 0.2524290419334355162, 0.4298999999999999488, -0.02986993624409521944 ) ) ;
#1828 = CARTESIAN_POINT ( 'NONE',  ( 0.2815812597148523166, 0.4299000000000000599, 0.06012890759197796892 ) ) ;
#1829 = EDGE_CURVE ( 'NONE', #4378, #4703, #2175, .T. ) ;
#1830 = CARTESIAN_POINT ( 'NONE',  ( -0.1875000000000000278, 0.01000000000000000021, 0.08999999999999994116 ) ) ;
#1831 = EDGE_LOOP ( 'NONE', ( #2419, #4656, #5082, #2305, #4334, #5495, #4335, #5513, #4261, #262, #460, #1552, #5018, #5192, #5169, #2827 ) ) ;
#1832 = AXIS2_PLACEMENT_3D ( 'NONE', #2986, #2137, #2602 ) ;
#1833 = DIRECTION ( 'NONE',  ( 0.0000000000000000000, -0.0000000000000000000, -1.000000000000000000 ) ) ;
#1834 =( LENGTH_UNIT ( ) NAMED_UNIT ( * ) SI_UNIT ( $, .METRE. ) );
#1835 = CARTESIAN_POINT ( 'NONE',  ( -0.1874999999999999722, -0.1900000000000000300, 0.07499999999999984457 ) ) ;
#1836 = PLANE ( 'NONE',  #126 ) ;
#1838 = ORIENTED_EDGE ( 'NONE', *, *, #591, .F. ) ;
#1837 = PRESENTATION_STYLE_ASSIGNMENT (( #21 ) ) ;
#1839 = DIRECTION ( 'NONE',  ( 0.0000000000000000000, 0.0000000000000000000, 1.000000000000000000 ) ) ;
#1840 = DIRECTION ( 'NONE',  ( 0.8661855860485998537, 0.0000000000000000000, 0.4997224534895781667 ) ) ;
#1841 = DIRECTION ( 'NONE',  ( 1.000000000000000000, -0.0000000000000000000, -0.0000000000000000000 ) ) ;
#1842 = ORIENTED_EDGE ( 'NONE', *, *, #5338, .F. ) ;
#1843 = STYLED_ITEM ( 'NONE', ( #2445 ), #2301 ) ;
#1844 = FACE_OUTER_BOUND ( 'NONE', #2294, .T. ) ;
#1845 = CARTESIAN_POINT ( 'NONE',  ( 0.2570221251371245241, 0.4298999999999999488, -0.04452434991938088865 ) ) ;
#1846 = SURFACE_STYLE_USAGE ( .BOTH. , #3609 ) ;
#1847 = CARTESIAN_POINT ( 'NONE',  ( -0.2665000000000000147, -0.6900000000000000577, -0.06000000000000001166 ) ) ;
#1848 = CARTESIAN_POINT ( 'NONE',  ( 0.2546715959503116911, 0.4300000000000001044, -0.02432238662890750733 ) ) ;
#1849 = LINE ( 'NONE', #4938, #706 ) ;
#1850 = EDGE_CURVE ( 'NONE', #1730, #247, #5536, .T. ) ;
#1851 = ADVANCED_FACE ( 'NONE', ( #5391 ), #2420, .T. ) ;
#1852 = FACE_OUTER_BOUND ( 'NONE', #5392, .T. ) ;
#1853 = SURFACE_STYLE_FILL_AREA ( #3522 ) ;
#1854 = CARTESIAN_POINT ( 'NONE',  ( 0.2378862068210394476, 0.4299999999999999933, -0.04505667917544848439 ) ) ;
#1855 = FACE_OUTER_BOUND ( 'NONE', #1431, .T. ) ;
#1856 = CARTESIAN_POINT ( 'NONE',  ( -0.3674999999999999933, 0.01000000000000000021, 0.1050000000000000516 ) ) ;
#1857 = EDGE_CURVE ( 'NONE', #3994, #4551, #1978, .T. ) ;
#1858 = AXIS2_PLACEMENT_3D ( 'NONE', #3334, #5439, #764 ) ;
#1859 = CARTESIAN_POINT ( 'NONE',  ( 0.2824999999999999734, -0.1849999999999999423, -0.03699999999999999817 ) ) ;
#1860 = FACE_OUTER_BOUND ( 'NONE', #2277, .T. ) ;
#1861 = PRESENTATION_STYLE_ASSIGNMENT (( #2695 ) ) ;
#1862 = CARTESIAN_POINT ( 'NONE',  ( 0.2531065920298011251, 0.4300000000000000488, -0.005397134912175958511 ) ) ;
#1863 = LENGTH_MEASURE_WITH_UNIT ( LENGTH_MEASURE( 0.02539999999999999897 ), #2337 );
#1864 = VECTOR ( 'NONE', #1113, 39.37007874015748143 ) ;
#1865 = EDGE_CURVE ( 'NONE', #1297, #3653, #1991, .T. ) ;
#1866 =( LENGTH_UNIT ( ) NAMED_UNIT ( * ) SI_UNIT ( $, .METRE. ) );
#1867 = CARTESIAN_POINT ( 'NONE',  ( 0.3087158682444395841, 0.4299999999999999378, 0.02378607308005744811 ) ) ;
#1868 = LENGTH_MEASURE_WITH_UNIT ( LENGTH_MEASURE( 0.02539999999999999897 ), #1731 );
#1869 = MECHANICAL_DESIGN_GEOMETRIC_PRESENTATION_REPRESENTATION (  '', ( #24 ), #410 ) ;
#1870 = CARTESIAN_POINT ( 'NONE',  ( -0.2665000000000000147, -0.1849999999999999423, -0.07000000000000000666 ) ) ;
#1871 = ORIENTED_EDGE ( 'NONE', *, *, #389, .F. ) ;
#1872 = CARTESIAN_POINT ( 'NONE',  ( 0.3040070243177799281, 0.4299000000000001154, 0.01305783150130903833 ) ) ;
#1873 = SURFACE_STYLE_USAGE ( .BOTH. , #2326 ) ;
#1874 = DIRECTION ( 'NONE',  ( -0.0000000000000000000, 1.000000000000000000, -0.0000000000000000000 ) ) ;
#1875 = CARTESIAN_POINT ( 'NONE',  ( 0.2303415608082756971, 0.4298999999999999488, 0.01621616706563401913 ) ) ;
#1876 = DIRECTION ( 'NONE',  ( 0.0000000000000000000, 0.0000000000000000000, 1.000000000000000000 ) ) ;
#1877 = CARTESIAN_POINT ( 'NONE',  ( 0.2599998534471288369, 0.4298999999999999488, 0.04021747663770349618 ) ) ;
#1878 = ORIENTED_EDGE ( 'NONE', *, *, #3750, .T. ) ;
#1879 = PRESENTATION_LAYER_ASSIGNMENT (  '', '', ( #775 ) ) ;
#1880 = ADVANCED_FACE ( 'NONE', ( #2984 ), #2332, .T. ) ;
#1881 = CARTESIAN_POINT ( 'NONE',  ( 0.2135000000000000231, 0.01000000000000000021, -0.1050000000000000239 ) ) ;
#1882 = COLOUR_RGB ( '',1.000000000000000000, 1.000000000000000000, 1.000000000000000000 ) ;
#1883 = CARTESIAN_POINT ( 'NONE',  ( 0.2756334967288451288, 0.4299999999999999378, 0.002220381865103911254 ) ) ;
#1884 = ORIENTED_EDGE ( 'NONE', *, *, #2527, .T. ) ;
#1885 = CARTESIAN_POINT ( 'NONE',  ( 0.3260086026692393113, 0.4298999999999999488, 0.02383718397617697049 ) ) ;
#1886 = EDGE_CURVE ( 'NONE', #2911, #4792, #4858, .T. ) ;
#1887 = DIRECTION ( 'NONE',  ( 1.000000000000000000, 0.0000000000000000000, 0.0000000000000000000 ) ) ;
#1888 =( NAMED_UNIT ( * ) PLANE_ANGLE_UNIT ( ) SI_UNIT ( $, .RADIAN. ) );
#1889 = ORIENTED_EDGE ( 'NONE', *, *, #5448, .F. ) ;
#1890 = EDGE_LOOP ( 'NONE', ( #5231, #4708 ) ) ;
#1891 = ORIENTED_EDGE ( 'NONE', *, *, #2237, .T. ) ;
#1892 = AXIS2_PLACEMENT_3D ( 'NONE', #4988, #714, #3325 ) ;
#1893 = ORIENTED_EDGE ( 'NONE', *, *, #2689, .T. ) ;
#1894 =( NAMED_UNIT ( * ) PLANE_ANGLE_UNIT ( ) SI_UNIT ( $, .RADIAN. ) );
#1895 = CARTESIAN_POINT ( 'NONE',  ( 0.2350464972932411190, 0.4299999999999999933, -0.03183789776258059284 ) ) ;
#1896 = DIRECTION ( 'NONE',  ( 1.000000000000000000, 0.0000000000000000000, 0.0000000000000000000 ) ) ;
#1897 = ORIENTED_EDGE ( 'NONE', *, *, #4512, .T. ) ;
#1898 = EDGE_LOOP ( 'NONE', ( #3801, #4722 ) ) ;
#1899 = DIRECTION ( 'NONE',  ( -0.0000000000000000000, 1.000000000000000000, -0.0000000000000000000 ) ) ;
#1901 = VERTEX_POINT ( 'NONE', #1776 ) ;
#1900 = CIRCLE ( 'NONE', #578, 0.02500000000000002220 ) ;
#1902 = PRESENTATION_LAYER_ASSIGNMENT (  '', '', ( #2296 ) ) ;
#1903 = DIRECTION ( 'NONE',  ( 0.0000000000000000000, -1.000000000000000000, 0.0000000000000000000 ) ) ;
#1904 = CARTESIAN_POINT ( 'NONE',  ( 0.3259964162551737266, 0.4299999999999999933, 0.02303611161052404599 ) ) ;
#1906 = ORIENTED_EDGE ( 'NONE', *, *, #1127, .F. ) ;
#1905 = COLOUR_RGB ( '',1.000000000000000000, 1.000000000000000000, 1.000000000000000000 ) ;
#1907 = CARTESIAN_POINT ( 'NONE',  ( 0.3086407922223120548, 0.4300000000000001044, 0.02736129036998732542 ) ) ;
#1908 = DIRECTION ( 'NONE',  ( -0.0000000000000000000, 1.000000000000000000, -0.0000000000000000000 ) ) ;
#1909 = EDGE_CURVE ( 'NONE', #878, #4703, #4740, .T. ) ;
#1911 = VERTEX_POINT ( 'NONE', #2960 ) ;
#1910 = LINE ( 'NONE', #473, #1104 ) ;
#1912 = AXIS2_PLACEMENT_3D ( 'NONE', #527, #5183, #905 ) ;
#1913 = CARTESIAN_POINT ( 'NONE',  ( 0.2824999999999999734, -0.1849999999999999423, 0.05700000000000000205 ) ) ;
#1914 = CARTESIAN_POINT ( 'NONE',  ( 0.2675953661222911784, 0.4299000000000000599, -0.01673002855554269266 ) ) ;
#1915 = CARTESIAN_POINT ( 'NONE',  ( -0.2075000000000001010, -0.1900000000000000300, 0.09499999999999998723 ) ) ;
#1916 = LENGTH_MEASURE_WITH_UNIT ( LENGTH_MEASURE( 0.02539999999999999897 ), #4110 );
#1917 = SURFACE_STYLE_USAGE ( .BOTH. , #4549 ) ;
#1918 = VECTOR ( 'NONE', #5106, 39.37007874015748143 ) ;
#1919 = AXIS2_PLACEMENT_3D ( 'NONE', #1180, #4210, #2092 ) ;
#1920 = VECTOR ( 'NONE', #4872, 39.37007874015748143 ) ;
#1921 = DIRECTION ( 'NONE',  ( 0.0000000000000000000, 0.0000000000000000000, -1.000000000000000000 ) ) ;
#1922 = DIRECTION ( 'NONE',  ( -0.0000000000000000000, -1.000000000000000000, -0.0000000000000000000 ) ) ;
#1923 = CARTESIAN_POINT ( 'NONE',  ( 0.2691461532582281047, 0.4300000000000002154, -0.05051133342978365859 ) ) ;
#1924 = FACE_BOUND ( 'NONE', #683, .T. ) ;
#1925 = AXIS2_PLACEMENT_3D ( 'NONE', #5390, #234, #4612 ) ;
#1926 = DIRECTION ( 'NONE',  ( -1.000000000000000000, 0.0000000000000000000, 0.0000000000000000000 ) ) ;
#1927 = FILL_AREA_STYLE_COLOUR ( '', #518 ) ;
#1928 = DIRECTION ( 'NONE',  ( -1.000000000000000000, 0.0000000000000000000, 0.0000000000000000000 ) ) ;
#1929 = DIRECTION ( 'NONE',  ( 1.000000000000000000, 0.0000000000000000000, 0.0000000000000000000 ) ) ;
#1930 =( GEOMETRIC_REPRESENTATION_CONTEXT ( 3 ) GLOBAL_UNCERTAINTY_ASSIGNED_CONTEXT ( ( #3730 ) ) GLOBAL_UNIT_ASSIGNED_CONTEXT ( ( #3089, #5184, #22 ) ) REPRESENTATION_CONTEXT ( 'NONE', 'WORKASPACE' ) );
#1931 = CARTESIAN_POINT ( 'NONE',  ( -0.2665000000000000147, -1.046568542494923815, -0.07000000000000000666 ) ) ;
#1932 = ADVANCED_FACE ( 'NONE', ( #142 ), #4045, .F. ) ;
#1933 = CARTESIAN_POINT ( 'NONE',  ( -0.5000000000000000000, 0.1000000000000000056, -0.06250000000000012490 ) ) ;
#1934 = FACE_OUTER_BOUND ( 'NONE', #3104, .T. ) ;
#1935 =( CONVERSION_BASED_UNIT ( 'INCH', #300 ) LENGTH_UNIT ( ) NAMED_UNIT ( #783 ) );
#1936 = DIRECTION ( 'NONE',  ( 0.0000000000000000000, 0.0000000000000000000, -1.000000000000000000 ) ) ;
#1937 = CARTESIAN_POINT ( 'NONE',  ( 0.3239924728386529007, 0.4300000000000002154, 0.01253080524794042937 ) ) ;
#1938 = EDGE_CURVE ( 'NONE', #4974, #2911, #2315, .T. ) ;
#1939 = ORIENTED_EDGE ( 'NONE', *, *, #3454, .T. ) ;
#1940 = CARTESIAN_POINT ( 'NONE',  ( 0.2822045130907845367, 0.4298999999999998933, 0.04598850204622749460 ) ) ;
#1941 = CARTESIAN_POINT ( 'NONE',  ( 0.2771124549347617205, 0.4299999999999999933, -0.05121306160085137282 ) ) ;
#1942 = VECTOR ( 'NONE', #3605, 39.37007874015748143 ) ;
#1944 = ORIENTED_EDGE ( 'NONE', *, *, #3249, .T. ) ;
#1943 = PRESENTATION_STYLE_ASSIGNMENT (( #1873 ) ) ;
#1945 = DIRECTION ( 'NONE',  ( 0.0000000000000000000, 0.0000000000000000000, -1.000000000000000000 ) ) ;
#1946 = VECTOR ( 'NONE', #2019, 39.37007874015748143 ) ;
#1947 = DIRECTION ( 'NONE',  ( 0.0000000000000000000, -1.000000000000000000, 0.0000000000000000000 ) ) ;
#1948 = ORIENTED_EDGE ( 'NONE', *, *, #1563, .F. ) ;
#1949 = DIRECTION ( 'NONE',  ( 0.0000000000000000000, 0.0000000000000000000, 1.000000000000000000 ) ) ;
#1950 =( NAMED_UNIT ( * ) SI_UNIT ( $, .STERADIAN. ) SOLID_ANGLE_UNIT ( ) );
#1951 = VERTEX_POINT ( 'NONE', #990 ) ;
#1952 = ORIENTED_EDGE ( 'NONE', *, *, #2093, .F. ) ;
#1953 = EDGE_CURVE ( 'NONE', #2013, #3394, #3607, .T. ) ;
#1954 = B_SPLINE_CURVE_WITH_KNOTS ( 'NONE', 3,
 ( #218, #4158, #1988, #2440, #3248, #2831, #692, #1540, #181, #199, #673, #3729, #3205, #235, #2399, #5393, #652, #1126, #4581 ),
 .UNSPECIFIED., .F., .F.,
 ( 4, 1, 1, 1, 1, 1, 1, 1, 1, 1, 1, 1, 1, 1, 1, 1, 4 ),
 ( 0.0000000000000000000, 0.1004750608070149875, 0.1956443031597842608, 0.2860833790699322532, 0.3729828804699543143, 0.4150256681909616496, 0.4560516735090276441, 0.4959387495188996020, 0.5355660888033514366, 0.5740871099085042006, 0.6125192874870974968, 0.6510809601344451636, 0.6895131377130385708, 0.7662374603277349872, 0.8423504388672226062, 0.9199744947371037984, 1.000000000000000000 ),
 .UNSPECIFIED. ) ;
#1955 = VERTEX_POINT ( 'NONE', #1009 ) ;
#1956 = ORIENTED_EDGE ( 'NONE', *, *, #3272, .T. ) ;
#1957 = CARTESIAN_POINT ( 'NONE',  ( 0.3056103541811936442, 0.4299000000000000599, 0.03519230575703652386 ) ) ;
#1958 = CARTESIAN_POINT ( 'NONE',  ( 0.2313760650413360931, 0.4298999999999999488, 0.02559205648479012316 ) ) ;
#1959 = ADVANCED_FACE ( 'NONE', ( #2574 ), #4613, .F. ) ;
#1960 = UNCERTAINTY_MEASURE_WITH_UNIT (LENGTH_MEASURE( 1.000000000000000082E-05 ), #2309, 'distance_accuracy_value', 'NONE');
#1961 = ORIENTED_EDGE ( 'NONE', *, *, #1629, .F. ) ;
#1962 = EDGE_LOOP ( 'NONE', ( #4381, #5238 ) ) ;
#1963 = AXIS2_PLACEMENT_3D ( 'NONE', #3396, #2922, #2502 ) ;
#1964 = DIRECTION ( 'NONE',  ( -0.0000000000000000000, 1.000000000000000000, -0.0000000000000000000 ) ) ;
#1965 = CARTESIAN_POINT ( 'NONE',  ( -0.3024999999999998246, -0.1900000000000000300, -0.09499999999999998723 ) ) ;
#1966 = CARTESIAN_POINT ( 'NONE',  ( 0.3674999999999999933, 0.01000000000000000021, 0.1050000000000001488 ) ) ;
#1967 = CARTESIAN_POINT ( 'NONE',  ( 0.3036477196934699307, 0.4298999999999999488, -0.05987184105444427751 ) ) ;
#1968 = CARTESIAN_POINT ( 'NONE',  ( 0.2776403846719593949, 0.4300000000000000488, 0.06009638569355826160 ) ) ;
#1969 = ORIENTED_EDGE ( 'NONE', *, *, #1829, .T. ) ;
#1970 = LINE ( 'NONE', #1309, #5451 ) ;
#1971 = CARTESIAN_POINT ( 'NONE',  ( 0.2824999999999999734, -1.046568542494923815, 0.05700000000000000205 ) ) ;
#1972 = EDGE_CURVE ( 'NONE', #4090, #3501, #5114, .T. ) ;
#1974 = VERTEX_POINT ( 'NONE', #3115 ) ;
#1973 = VECTOR ( 'NONE', #3497, 39.37007874015748143 ) ;
#1975 = CARTESIAN_POINT ( 'NONE',  ( 0.3008511519426272374, 0.4299000000000000599, -0.04257400607996352643 ) ) ;
#1976 = DIRECTION ( 'NONE',  ( -0.0000000000000000000, 1.000000000000000000, -0.0000000000000000000 ) ) ;
#1977 = CARTESIAN_POINT ( 'NONE',  ( 0.3157339964326155157, 0.4299999999999998268, 0.04796929792500070899 ) ) ;
#1978 = LINE ( 'NONE', #3450, #977 ) ;
#1979 = LINE ( 'NONE', #2729, #2112 ) ;
#1980 =( GEOMETRIC_REPRESENTATION_CONTEXT ( 3 ) GLOBAL_UNCERTAINTY_ASSIGNED_CONTEXT ( ( #5531 ) ) GLOBAL_UNIT_ASSIGNED_CONTEXT ( ( #1983, #2394, #1143 ) ) REPRESENTATION_CONTEXT ( 'NONE', 'WORKASPACE' ) );
#1981 = FACE_OUTER_BOUND ( 'NONE', #5455, .T. ) ;
#1982 = DIRECTION ( 'NONE',  ( -0.0000000000000000000, 0.0000000000000000000, 1.000000000000000000 ) ) ;
#1983 =( CONVERSION_BASED_UNIT ( 'INCH', #5191 ) LENGTH_UNIT ( ) NAMED_UNIT ( #340 ) );
#1984 = CARTESIAN_POINT ( 'NONE',  ( 0.4850000000000000422, 0.1000000000000000056, 0.1250000000000000000 ) ) ;
#1985 = CARTESIAN_POINT ( 'NONE',  ( 0.2466159663857717399, 0.4300000000000000488, 0.05045811773890491320 ) ) ;
#1986 = DIRECTION ( 'NONE',  ( -0.0000000000000000000, 1.000000000000000000, -0.0000000000000000000 ) ) ;
#1987 = ADVANCED_FACE ( 'NONE', ( #4926 ), #3821, .F. ) ;
#1988 = CARTESIAN_POINT ( 'NONE',  ( 0.2839239397820965682, 0.4299999999999999933, -0.06518917875821429730 ) ) ;
#1989 = EDGE_CURVE ( 'NONE', #2766, #2499, #1046, .T. ) ;
#1990 = CARTESIAN_POINT ( 'NONE',  ( -0.1875000000000000278, -0.4506939094329985851, -0.1249999999999999861 ) ) ;
#1991 = B_SPLINE_CURVE_WITH_KNOTS ( 'NONE', 3,
 ( #4230, #5017, #1732, #2147, #3905, #1307, #4750, #3022, #5156, #1324, #445, #1753, #3468, #5175, #2611 ),
 .UNSPECIFIED., .F., .F.,
 ( 4, 1, 1, 1, 1, 1, 1, 1, 1, 1, 1, 1, 4 ),
 ( 0.0000000000000000000, 0.09379647069693197725, 0.1801880710186106183, 0.2603631916661880430, 0.3348466760639741691, 0.4070930058327157375, 0.4814483792884675650, 0.5592709137563650623, 0.6422698113109346352, 0.7285859445716479366, 0.8159775452756138359, 0.9060351298875356507, 1.000000000000000000 ),
 .UNSPECIFIED. ) ;
#1992 = LINE ( 'NONE', #1232, #849 ) ;
#1993 =( NAMED_UNIT ( * ) PLANE_ANGLE_UNIT ( ) SI_UNIT ( $, .RADIAN. ) );
#1994 = CARTESIAN_POINT ( 'NONE',  ( 0.2824999999999999734, -0.1849999999999999978, -0.05700000000000000205 ) ) ;
#1995 = SURFACE_STYLE_FILL_AREA ( #2247 ) ;
#1996 = COLOUR_RGB ( '',1.000000000000000000, 1.000000000000000000, 1.000000000000000000 ) ;
#1997 = SURFACE_STYLE_USAGE ( .BOTH. , #3261 ) ;
#1998 = CYLINDRICAL_SURFACE ( 'NONE', #2469, 0.06250000000000002776 ) ;
#1999 = DIRECTION ( 'NONE',  ( 0.0000000000000000000, -1.000000000000000000, 0.0000000000000000000 ) ) ;
#2000 = CARTESIAN_POINT ( 'NONE',  ( 0.2135000000000000508, 0.0000000000000000000, -0.1050000000000000100 ) ) ;
#2001 = CARTESIAN_POINT ( 'NONE',  ( 0.2601129282493014894, 0.4298999999999998378, 0.05727453507249668369 ) ) ;
#2003 = ORIENTED_EDGE ( 'NONE', *, *, #2367, .T. ) ;
#2002 = VECTOR ( 'NONE', #770, 39.37007874015748143 ) ;
#2004 = EDGE_CURVE ( 'NONE', #4002, #1105, #2513, .T. ) ;
#2005 = STYLED_ITEM ( 'NONE', ( #3762 ), #4101 ) ;
#2006 = CARTESIAN_POINT ( 'NONE',  ( 0.2824999999999999734, -0.6900000000000000577, -0.05700000000000000205 ) ) ;
#2007 = PLANE ( 'NONE',  #224 ) ;
#2008 = CARTESIAN_POINT ( 'NONE',  ( 0.2397512649296997256, 0.4298999999999998933, -0.04843826883629673286 ) ) ;
#2009 = CIRCLE ( 'NONE', #4745, 0.02000000000000000042 ) ;
#2010 = SURFACE_SIDE_STYLE ('',( #2618 ) ) ;
#2011 = PRESENTATION_LAYER_ASSIGNMENT (  '', '', ( #1152 ) ) ;
#2012 = CARTESIAN_POINT ( 'NONE',  ( 0.2771124549347617205, 0.4298999999999999488, -0.05121306160085137282 ) ) ;
#2013 = VERTEX_POINT ( 'NONE', #3993 ) ;
#2014 = CARTESIAN_POINT ( 'NONE',  ( -0.2665000000000000147, -0.6900000000000000577, 0.05000000000000000278 ) ) ;
#2015 = DIRECTION ( 'NONE',  ( 0.0000000000000000000, 0.0000000000000000000, 1.000000000000000000 ) ) ;
#2016 = EDGE_CURVE ( 'NONE', #658, #480, #1377, .T. ) ;
#2017 = CARTESIAN_POINT ( 'NONE',  ( 0.3047873787318431948, 0.4298999999999999488, -0.005740203197538019074 ) ) ;
#2018 = DIRECTION ( 'NONE',  ( -0.0000000000000000000, 1.000000000000000000, -0.0000000000000000000 ) ) ;
#2019 = DIRECTION ( 'NONE',  ( -0.0000000000000000000, -1.000000000000000000, -0.0000000000000000000 ) ) ;
#2020 = VERTEX_POINT ( 'NONE', #536 ) ;
#2021 = ORIENTED_EDGE ( 'NONE', *, *, #3386, .F. ) ;
#2022 = CARTESIAN_POINT ( 'NONE',  ( 0.2135000000000000231, 0.0000000000000000000, -0.1050000000000000239 ) ) ;
#2023 = VERTEX_POINT ( 'NONE', #3606 ) ;
#2024 = CARTESIAN_POINT ( 'NONE',  ( 0.2422656208621709606, 0.4300000000000000488, 0.04658445807798053395 ) ) ;
#2025 = ADVANCED_FACE ( 'NONE', ( #3664 ), #3565, .F. ) ;
#2026 = VERTEX_POINT ( 'NONE', #4452 ) ;
#2027 = FILL_AREA_STYLE_COLOUR ( '', #3960 ) ;
#2028 = EDGE_LOOP ( 'NONE', ( #1574, #5244 ) ) ;
#2029 = MECHANICAL_DESIGN_GEOMETRIC_PRESENTATION_REPRESENTATION (  '', ( #2421 ), #4454 ) ;
#2030 = CARTESIAN_POINT ( 'NONE',  ( 0.2465920182774749281, 0.4298999999999999488, -0.05612613100929805809 ) ) ;
#2031 = ORIENTED_EDGE ( 'NONE', *, *, #5411, .T. ) ;
#2032 = VERTEX_POINT ( 'NONE', #4119 ) ;
#2033 = CARTESIAN_POINT ( 'NONE',  ( -0.2665000000000000147, -0.1849999999999999978, 0.07750000000000001332 ) ) ;
#2034 = EDGE_CURVE ( 'NONE', #2144, #466, #3881, .T. ) ;
#2035 = UNCERTAINTY_MEASURE_WITH_UNIT (LENGTH_MEASURE( 1.000000000000000082E-05 ), #4626, 'distance_accuracy_value', 'NONE');
#2037 = ORIENTED_EDGE ( 'NONE', *, *, #2566, .T. ) ;
#2036 = SURFACE_STYLE_FILL_AREA ( #1639 ) ;
#2038 = SURFACE_STYLE_USAGE ( .BOTH. , #2915 ) ;
#2039 = DIRECTION ( 'NONE',  ( 0.0000000000000000000, 0.0000000000000000000, 1.000000000000000000 ) ) ;
#2040 = CARTESIAN_POINT ( 'NONE',  ( 0.3247266937538251241, 0.4300000000000000488, 0.03328851951555979183 ) ) ;
#2041 = ORIENTED_EDGE ( 'NONE', *, *, #4311, .F. ) ;
#2042 = STYLED_ITEM ( 'NONE', ( #4305 ), #3688 ) ;
#2043 = DIRECTION ( 'NONE',  ( 0.0000000000000000000, 0.0000000000000000000, 1.000000000000000000 ) ) ;
#2044 = CARTESIAN_POINT ( 'NONE',  ( 0.2531065920298010696, 0.4300000000000000488, -0.005397134912175956777 ) ) ;
#2045 = CARTESIAN_POINT ( 'NONE',  ( -0.3043432128509486745, 0.4298999999999999488, 0.002908796344953273796 ) ) ;
#2046 = CARTESIAN_POINT ( 'NONE',  ( 0.2632865150732934256, 0.4299999999999999933, 0.05815960184368546698 ) ) ;
#2047 = ORIENTED_EDGE ( 'NONE', *, *, #2061, .F. ) ;
#2048 = CARTESIAN_POINT ( 'NONE',  ( 0.2531065920298011251, 0.4299000000000000599, -0.005397134912175958511 ) ) ;
#2049 = CARTESIAN_POINT ( 'NONE',  ( 0.2605020336537167136, 0.4299000000000001154, -0.06310780356895054344 ) ) ;
#2050 =( NAMED_UNIT ( * ) PLANE_ANGLE_UNIT ( ) SI_UNIT ( $, .RADIAN. ) );
#2051 = LENGTH_MEASURE_WITH_UNIT ( LENGTH_MEASURE( 0.02539999999999999897 ), #5172 );
#2052 = DIRECTION ( 'NONE',  ( 0.0000000000000000000, -1.000000000000000000, 0.0000000000000000000 ) ) ;
#2053 = PLANE ( 'NONE',  #718 ) ;
#2054 = CARTESIAN_POINT ( 'NONE',  ( 0.3674999999999999933, 0.1000000000000000056, -0.1250000000000000000 ) ) ;
#2055 = CARTESIAN_POINT ( 'NONE',  ( 0.2350464972932411190, 0.4300000000000000488, -0.03183789776258059284 ) ) ;
#2056 = FILL_AREA_STYLE_COLOUR ( '', #4791 ) ;
#2057 = CARTESIAN_POINT ( 'NONE',  ( 0.2601129282493014894, 0.4299999999999998268, 0.05727453507249668369 ) ) ;
#2058 = COLOUR_RGB ( '',1.000000000000000000, 1.000000000000000000, 1.000000000000000000 ) ;
#2059 = FACE_OUTER_BOUND ( 'NONE', #3693, .T. ) ;
#2060 = CARTESIAN_POINT ( 'NONE',  ( 0.3260086026692393113, 0.4298999999999999488, 0.02383718397617697049 ) ) ;
#2061 = EDGE_CURVE ( 'NONE', #4974, #4144, #3250, .T. ) ;
#2062 = CARTESIAN_POINT ( 'NONE',  ( 0.2716350124592172843, 0.4300000000000000488, -0.06517661674296647278 ) ) ;
#2063 = SURFACE_STYLE_FILL_AREA ( #2812 ) ;
#2064 = CARTESIAN_POINT ( 'NONE',  ( -0.3224999999999999534, -0.1900000000000000300, -0.07499999999999984457 ) ) ;
#2065 = DIRECTION ( 'NONE',  ( 0.0000000000000000000, 0.0000000000000000000, -1.000000000000000000 ) ) ;
#2066 = CARTESIAN_POINT ( 'NONE',  ( 0.3086407922223120548, 0.4299999999999999933, 0.02736129036998732542 ) ) ;
#2067 =( GEOMETRIC_REPRESENTATION_CONTEXT ( 3 ) GLOBAL_UNCERTAINTY_ASSIGNED_CONTEXT ( ( #2957 ) ) GLOBAL_UNIT_ASSIGNED_CONTEXT ( ( #1108, #727, #4576 ) ) REPRESENTATION_CONTEXT ( 'NONE', 'WORKASPACE' ) );
#2068 = DIMENSIONAL_EXPONENTS ( 1.000000000000000000, 0.0000000000000000000, 0.0000000000000000000, 0.0000000000000000000, 0.0000000000000000000, 0.0000000000000000000, 0.0000000000000000000 ) ;
#2070 = ORIENTED_EDGE ( 'NONE', *, *, #1857, .T. ) ;
#2069 = SURFACE_STYLE_FILL_AREA ( #2843 ) ;
#2071 = CARTESIAN_POINT ( 'NONE',  ( 0.2274999999999999523, -0.1849999999999999978, 0.0000000000000000000 ) ) ;
#2072 =( CONVERSION_BASED_UNIT ( 'INCH', #3414 ) LENGTH_UNIT ( ) NAMED_UNIT ( #3844 ) );
#2073 = DIRECTION ( 'NONE',  ( -0.0000000000000000000, 1.000000000000000000, -0.0000000000000000000 ) ) ;
#2074 = DIRECTION ( 'NONE',  ( 0.0000000000000000000, 0.0000000000000000000, -1.000000000000000000 ) ) ;
#2075 = LINE ( 'NONE', #240, #5355 ) ;
#2076 = EDGE_CURVE ( 'NONE', #1807, #5506, #5524, .T. ) ;
#2077 =( GEOMETRIC_REPRESENTATION_CONTEXT ( 3 ) GLOBAL_UNCERTAINTY_ASSIGNED_CONTEXT ( ( #4789 ) ) GLOBAL_UNIT_ASSIGNED_CONTEXT ( ( #4178, #1993, #2898 ) ) REPRESENTATION_CONTEXT ( 'NONE', 'WORKASPACE' ) );
#2078 = DIRECTION ( 'NONE',  ( -0.0000000000000000000, 1.000000000000000000, -0.0000000000000000000 ) ) ;
#2079 = VERTEX_POINT ( 'NONE', #2472 ) ;
#2080 = LENGTH_MEASURE_WITH_UNIT ( LENGTH_MEASURE( 0.02539999999999999897 ), #3213 );
#2081 = SURFACE_STYLE_USAGE ( .BOTH. , #2010 ) ;
#2082 = DIRECTION ( 'NONE',  ( -0.0000000000000000000, -0.0000000000000000000, -1.000000000000000000 ) ) ;
#2083 = CARTESIAN_POINT ( 'NONE',  ( 0.3086407922223120548, 0.4298999999999999488, 0.02736129036998732542 ) ) ;
#2084 = ORIENTED_EDGE ( 'NONE', *, *, #890, .T. ) ;
#2085 = SURFACE_STYLE_USAGE ( .BOTH. , #1675 ) ;
#2086 = ORIENTED_EDGE ( 'NONE', *, *, #5041, .T. ) ;
#2087 = ORIENTED_EDGE ( 'NONE', *, *, #1617, .T. ) ;
#2088 = VERTEX_POINT ( 'NONE', #778 ) ;
#2089 = ORIENTED_EDGE ( 'NONE', *, *, #570, .F. ) ;
#2090 = DIRECTION ( 'NONE',  ( 0.0000000000000000000, -1.000000000000000000, 0.0000000000000000000 ) ) ;
#2091 =( NAMED_UNIT ( * ) SI_UNIT ( $, .STERADIAN. ) SOLID_ANGLE_UNIT ( ) );
#2092 = DIRECTION ( 'NONE',  ( 0.0000000000000000000, 0.0000000000000000000, -1.000000000000000000 ) ) ;
#2093 = EDGE_CURVE ( 'NONE', #1018, #4420, #3109, .T. ) ;
#2095 = ORIENTED_EDGE ( 'NONE', *, *, #1273, .F. ) ;
#2094 = ORIENTED_EDGE ( 'NONE', *, *, #1649, .F. ) ;
#2096 = SURFACE_SIDE_STYLE ('',( #4862 ) ) ;
#2097 = DIMENSIONAL_EXPONENTS ( 1.000000000000000000, 0.0000000000000000000, 0.0000000000000000000, 0.0000000000000000000, 0.0000000000000000000, 0.0000000000000000000, 0.0000000000000000000 ) ;
#2098 = CARTESIAN_POINT ( 'NONE',  ( 0.2652940580575294804, 0.4298999999999998933, -0.0007082717484892200486 ) ) ;
#2099 = SURFACE_STYLE_FILL_AREA ( #3555 ) ;
#2100 = CARTESIAN_POINT ( 'NONE',  ( 0.2856420856923124196, 0.4300000000000000488, 0.004915261752880026314 ) ) ;
#2101 = CARTESIAN_POINT ( 'NONE',  ( -0.3674999999999999933, 0.01000000000000000021, 0.1050000000000000516 ) ) ;
#2102 = FACE_OUTER_BOUND ( 'NONE', #1047, .T. ) ;
#2103 = B_SPLINE_CURVE_WITH_KNOTS ( 'NONE', 3,
 ( #3252, #280, #1602, #4565, #5028, #3349, #4965, #1975, #241, #695, #3713, #810, #1707, #5132, #3857, #1207, #3417, #1260, #844 ),
 .UNSPECIFIED., .F., .F.,
 ( 4, 1, 1, 1, 1, 1, 1, 1, 1, 1, 1, 1, 1, 1, 1, 1, 4 ),
 ( 0.0000000000000000000, 0.06715546744904547782, 0.1314033464826143416, 0.1927317719102089877, 0.2512526591565255041, 0.3077037298841910906, 0.3626989162982001136, 0.4177783327854304729, 0.4723043857981139571, 0.5278725997916963175, 0.5852299868117372128, 0.6450565760102915380, 0.7079523564294422089, 0.7744342720454279183, 0.8449404313752603146, 0.9204035944750273979, 1.000000000000000000 ),
 .UNSPECIFIED. ) ;
#2104 = CARTESIAN_POINT ( 'NONE',  ( -0.3043432128509486745, 0.4298999999999999488, 0.04575732504731698513 ) ) ;
#2105 =( CONVERSION_BASED_UNIT ( 'INCH', #4519 ) LENGTH_UNIT ( ) NAMED_UNIT ( #2487 ) );
#2107 = ORIENTED_EDGE ( 'NONE', *, *, #621, .F. ) ;
#2106 = FACE_OUTER_BOUND ( 'NONE', #3562, .T. ) ;
#2108 = EDGE_CURVE ( 'NONE', #3436, #5302, #4149, .T. ) ;
#2109 = PRESENTATION_LAYER_ASSIGNMENT (  '', '', ( #257 ) ) ;
#2110 = ORIENTED_EDGE ( 'NONE', *, *, #3288, .F. ) ;
#2111 = CARTESIAN_POINT ( 'NONE',  ( 0.2351766515921771827, 0.4299999999999999378, -0.02777448015799850040 ) ) ;
#2112 = VECTOR ( 'NONE', #1463, 39.37007874015748143 ) ;
#2113 = CARTESIAN_POINT ( 'NONE',  ( 0.2945385217043585691, 0.4299999999999999378, -0.009385758736096755719 ) ) ;
#2114 = EDGE_CURVE ( 'NONE', #1757, #1642, #3368, .T. ) ;
#2115 = VECTOR ( 'NONE', #571, 39.37007874015748854 ) ;
#2116 = DIRECTION ( 'NONE',  ( 0.0000000000000000000, 0.0000000000000000000, -1.000000000000000000 ) ) ;
#2117 = DIRECTION ( 'NONE',  ( 0.0000000000000000000, -1.000000000000000000, 0.0000000000000000000 ) ) ;
#2118 = CARTESIAN_POINT ( 'NONE',  ( 0.4850000000000000422, 0.0000000000000000000, 0.1250000000000000000 ) ) ;
#2119 = VECTOR ( 'NONE', #455, 39.37007874015748143 ) ;
#2120 = CARTESIAN_POINT ( 'NONE',  ( 0.2870003504917788550, 0.4300000000000002154, -0.05047945415744718722 ) ) ;
#2121 = CARTESIAN_POINT ( 'NONE',  ( -0.3218000208408005602, 0.4299999999999999933, 0.06004016794810488472 ) ) ;
#2122 = DIMENSIONAL_EXPONENTS ( 1.000000000000000000, 0.0000000000000000000, 0.0000000000000000000, 0.0000000000000000000, 0.0000000000000000000, 0.0000000000000000000, 0.0000000000000000000 ) ;
#2123 = UNCERTAINTY_MEASURE_WITH_UNIT (LENGTH_MEASURE( 1.000000000000000082E-05 ), #3579, 'distance_accuracy_value', 'NONE');
#2124 = VECTOR ( 'NONE', #983, 39.37007874015748143 ) ;
#2125 = CARTESIAN_POINT ( 'NONE',  ( 0.3224999999999999534, -0.1900000000000000300, 0.07499999999999984457 ) ) ;
#2126 = LENGTH_MEASURE_WITH_UNIT ( LENGTH_MEASURE( 0.02539999999999999897 ), #3660 );
#2127 = CARTESIAN_POINT ( 'NONE',  ( 0.3058119025315143569, 0.4299000000000001154, 0.01505455345062381260 ) ) ;
#2128 = UNCERTAINTY_MEASURE_WITH_UNIT (LENGTH_MEASURE( 1.000000000000000082E-05 ), #2470, 'distance_accuracy_value', 'NONE');
#2129 = CARTESIAN_POINT ( 'NONE',  ( 0.2675953661222911784, 0.4299000000000000599, -0.01673002855554269266 ) ) ;
#2130 = LENGTH_MEASURE_WITH_UNIT ( LENGTH_MEASURE( 0.02539999999999999897 ), #4139 );
#2131 = EDGE_CURVE ( 'NONE', #5033, #4378, #2504, .T. ) ;
#2132 = VECTOR ( 'NONE', #4278, 39.37007874015748143 ) ;
#2133 = CARTESIAN_POINT ( 'NONE',  ( 0.2856420856923124196, 0.4299000000000000599, 0.004915261752880026314 ) ) ;
#2134 = ORIENTED_EDGE ( 'NONE', *, *, #4874, .T. ) ;
#2135 = CARTESIAN_POINT ( 'NONE',  ( 0.3087185347198789231, 0.4298999999999998933, 0.02556367541780401459 ) ) ;
#2136 = DIRECTION ( 'NONE',  ( 0.0000000000000000000, 0.0000000000000000000, -1.000000000000000000 ) ) ;
#2137 = DIRECTION ( 'NONE',  ( 0.0000000000000000000, -1.000000000000000000, -0.0000000000000000000 ) ) ;
#2138 = DIRECTION ( 'NONE',  ( 0.0000000000000000000, 0.0000000000000000000, 1.000000000000000000 ) ) ;
#2140 = ORIENTED_EDGE ( 'NONE', *, *, #1865, .T. ) ;
#2139 = VECTOR ( 'NONE', #1330, 39.37007874015748143 ) ;
#2141 = EDGE_CURVE ( 'NONE', #1757, #4753, #1773, .T. ) ;
#2142 = AXIS2_PLACEMENT_3D ( 'NONE', #4376, #4810, #5222 ) ;
#2143 = LINE ( 'NONE', #5434, #1016 ) ;
#2144 = VERTEX_POINT ( 'NONE', #2064 ) ;
#2145 = FILL_AREA_STYLE ('',( #5592 ) ) ;
#2146 = CARTESIAN_POINT ( 'NONE',  ( 0.3040070243177799281, 0.4299000000000001154, 0.01305783150130903833 ) ) ;
#2147 = CARTESIAN_POINT ( 'NONE',  ( 0.2491665465839428550, 0.4298999999999998378, 0.02495817385847657124 ) ) ;
#2148 = CARTESIAN_POINT ( 'NONE',  ( 0.3041113586209082675, 0.4300000000000000488, -0.006022872496083307541 ) ) ;
#2149 = EDGE_CURVE ( 'NONE', #1350, #2499, #1369, .T. ) ;
#2150 = EDGE_LOOP ( 'NONE', ( #4788, #5230, #4528, #3331 ) ) ;
#2151 = EDGE_LOOP ( 'NONE', ( #4954, #3670, #3775, #4902 ) ) ;
#2152 = DIRECTION ( 'NONE',  ( 1.000000000000000000, 0.0000000000000000000, 0.0000000000000000000 ) ) ;
#2153 = ORIENTED_EDGE ( 'NONE', *, *, #339, .T. ) ;
#2154 = DIRECTION ( 'NONE',  ( 0.0000000000000000000, -1.000000000000000000, 0.0000000000000000000 ) ) ;
#2155 = ORIENTED_EDGE ( 'NONE', *, *, #890, .F. ) ;
#2156 = ADVANCED_FACE ( 'NONE', ( #4550 ), #3310, .T. ) ;
#2157 = CARTESIAN_POINT ( 'NONE',  ( 0.3040184609981263497, 0.4298999999999997823, -0.03664048370714668990 ) ) ;
#2158 = DIRECTION ( 'NONE',  ( -0.0000000000000000000, 0.0000000000000000000, -1.000000000000000000 ) ) ;
#2159 = CARTESIAN_POINT ( 'NONE',  ( 0.2824999999999999734, -0.1849999999999999423, 0.05700000000000000205 ) ) ;
#2160 = ORIENTED_EDGE ( 'NONE', *, *, #2508, .T. ) ;
#2161 = ORIENTED_EDGE ( 'NONE', *, *, #4829, .F. ) ;
#2162 = CARTESIAN_POINT ( 'NONE',  ( 0.2812828832282115998, 0.4300000000000000488, -0.05115411967432258872 ) ) ;
#2163 = CARTESIAN_POINT ( 'NONE',  ( 0.2989208828667565543, 0.4298999999999998378, 0.009550048775859939013 ) ) ;
#2164 = CYLINDRICAL_SURFACE ( 'NONE', #1165, 0.02500000000000002220 ) ;
#2165 = CARTESIAN_POINT ( 'NONE',  ( 0.2675953661222911784, 0.4300000000000001044, -0.01673002855554269266 ) ) ;
#2166 = EDGE_CURVE ( 'NONE', #3854, #682, #1703, .T. ) ;
#2168 = ORIENTED_EDGE ( 'NONE', *, *, #3891, .T. ) ;
#2167 = CYLINDRICAL_SURFACE ( 'NONE', #3616, 0.01000000000000000368 ) ;
#2169 = CARTESIAN_POINT ( 'NONE',  ( -0.4850000000000000422, -0.0000000000000000000, -1.707404996040164512E-17 ) ) ;
#2171 = VERTEX_POINT ( 'NONE', #3818 ) ;
#2170 = FACE_OUTER_BOUND ( 'NONE', #3159, .T. ) ;
#2172 = AXIS2_PLACEMENT_3D ( 'NONE', #252, #4593, #3218 ) ;
#2173 = DIRECTION ( 'NONE',  ( -0.8661855860485992986, 0.0000000000000000000, 0.4997224534895788883 ) ) ;
#2174 = DIMENSIONAL_EXPONENTS ( 1.000000000000000000, 0.0000000000000000000, 0.0000000000000000000, 0.0000000000000000000, 0.0000000000000000000, 0.0000000000000000000, 0.0000000000000000000 ) ;
#2175 = LINE ( 'NONE', #4209, #2785 ) ;
#2176 = LINE ( 'NONE', #2265, #1118 ) ;
#2177 = EDGE_CURVE ( 'NONE', #5165, #4195, #551, .T. ) ;
#2178 =( GEOMETRIC_REPRESENTATION_CONTEXT ( 3 ) GLOBAL_UNCERTAINTY_ASSIGNED_CONTEXT ( ( #3811 ) ) GLOBAL_UNIT_ASSIGNED_CONTEXT ( ( #1210, #4245, #1650 ) ) REPRESENTATION_CONTEXT ( 'NONE', 'WORKASPACE' ) );
#2179 = CARTESIAN_POINT ( 'NONE',  ( 0.2597966483922906633, 0.4299000000000000599, -0.01993595631813317032 ) ) ;
#2180 = ADVANCED_FACE ( 'NONE', ( #2978 ), #2232, .F. ) ;
#2181 = VECTOR ( 'NONE', #4062, 39.37007874015748143 ) ;
#2182 = EDGE_CURVE ( 'NONE', #2920, #523, #2637, .T. ) ;
#2183 = CARTESIAN_POINT ( 'NONE',  ( 0.3247503628840654466, 0.4298999999999999488, 0.01465098668745545667 ) ) ;
#2184 = CARTESIAN_POINT ( 'NONE',  ( -0.3024999999999998246, -0.1900000000000000300, 0.09499999999999998723 ) ) ;
#2185 = CIRCLE ( 'NONE', #3446, 0.02000000000000000042 ) ;
#2186 = SURFACE_STYLE_USAGE ( .BOTH. , #1765 ) ;
#2187 = SURFACE_STYLE_FILL_AREA ( #3035 ) ;
#2188 = DIRECTION ( 'NONE',  ( 0.0000000000000000000, 0.0000000000000000000, -1.000000000000000000 ) ) ;
#2189 = PRESENTATION_LAYER_ASSIGNMENT (  '', '', ( #2955 ) ) ;
#2190 = DIRECTION ( 'NONE',  ( 0.0000000000000000000, 0.0000000000000000000, 1.000000000000000000 ) ) ;
#2191 = CARTESIAN_POINT ( 'NONE',  ( -0.3218000208408005602, 0.4299999999999999933, -0.06374447052539027048 ) ) ;
#2192 = CARTESIAN_POINT ( 'NONE',  ( -0.3674999999999999933, 0.0000000000000000000, 0.1050000000000000516 ) ) ;
#2193 = FACE_OUTER_BOUND ( 'NONE', #1556, .T. ) ;
#2194 = UNCERTAINTY_MEASURE_WITH_UNIT (LENGTH_MEASURE( 1.000000000000000082E-05 ), #5388, 'distance_accuracy_value', 'NONE');
#2195 = CARTESIAN_POINT ( 'NONE',  ( 0.2719658582307714623, 0.4299000000000000599, -0.05090805285585408430 ) ) ;
#2196 = CARTESIAN_POINT ( 'NONE',  ( 0.2994273846340980705, 0.4300000000000000488, 0.05757976032584923021 ) ) ;
#2197 = AXIS2_PLACEMENT_3D ( 'NONE', #2541, #3079, #3101 ) ;
#2198 = ORIENTED_EDGE ( 'NONE', *, *, #3544, .T. ) ;
#2199 = VECTOR ( 'NONE', #2230, 39.37007874015748143 ) ;
#2200 = CARTESIAN_POINT ( 'NONE',  ( 0.3121210090983381757, 0.4298999999999999488, -0.001768449280119495804 ) ) ;
#2201 = CARTESIAN_POINT ( 'NONE',  ( -0.3024999999999999911, -0.1900000000000000300, 0.07499999999999999722 ) ) ;
#2202 =( CONVERSION_BASED_UNIT ( 'INCH', #3658 ) LENGTH_UNIT ( ) NAMED_UNIT ( #309 ) );
#2203 =( LENGTH_UNIT ( ) NAMED_UNIT ( * ) SI_UNIT ( $, .METRE. ) );
#2205 = VERTEX_POINT ( 'NONE', #1332 ) ;
#2204 = VECTOR ( 'NONE', #1257, 39.37007874015748143 ) ;
#2206 = STYLED_ITEM ( 'NONE', ( #3749 ), #5269 ) ;
#2207 = ADVANCED_FACE ( 'NONE', ( #2106 ), #3894, .F. ) ;
#2208 = DIRECTION ( 'NONE',  ( 0.0000000000000000000, -0.0000000000000000000, -1.000000000000000000 ) ) ;
#2209 = CARTESIAN_POINT ( 'NONE',  ( 0.2958181610513328508, 0.4299000000000000599, -0.06299522212056704595 ) ) ;
#2210 = VECTOR ( 'NONE', #3661, 39.37007874015748143 ) ;
#2211 = ORIENTED_EDGE ( 'NONE', *, *, #3781, .F. ) ;
#2212 = AXIS2_PLACEMENT_3D ( 'NONE', #4508, #1447, #1876 ) ;
#2213 = ORIENTED_EDGE ( 'NONE', *, *, #4148, .T. ) ;
#2214 = FILL_AREA_STYLE_COLOUR ( '', #1996 ) ;
#2215 = CARTESIAN_POINT ( 'NONE',  ( 0.2836760182375512307, 0.4298999999999999488, 0.06007790354747925832 ) ) ;
#2216 =( CONVERSION_BASED_UNIT ( 'INCH', #701 ) LENGTH_UNIT ( ) NAMED_UNIT ( #2068 ) );
#2217 = ORIENTED_EDGE ( 'NONE', *, *, #2594, .F. ) ;
#2219 = ORIENTED_EDGE ( 'NONE', *, *, #3891, .F. ) ;
#2218 = VERTEX_POINT ( 'NONE', #861 ) ;
#2220 = EDGE_CURVE ( 'NONE', #4378, #3708, #1910, .T. ) ;
#2221 = ORIENTED_EDGE ( 'NONE', *, *, #3945, .T. ) ;
#2222 = CARTESIAN_POINT ( 'NONE',  ( 0.1875000000000000278, 0.01000000000000000021, 0.08999999999999994116 ) ) ;
#2223 = CARTESIAN_POINT ( 'NONE',  ( 0.3073932979143881861, 0.4298999999999998933, -0.004538707108346209940 ) ) ;
#2224 = CARTESIAN_POINT ( 'NONE',  ( 0.3228719783459290116, 0.4298999999999999488, -0.02926488562236512908 ) ) ;
#2226 = ORIENTED_EDGE ( 'NONE', *, *, #2940, .F. ) ;
#2225 = EDGE_LOOP ( 'NONE', ( #5306, #1025 ) ) ;
#2227 = DIRECTION ( 'NONE',  ( 1.000000000000000000, 0.0000000000000000000, -2.217409085766446745E-16 ) ) ;
#2228 = UNCERTAINTY_MEASURE_WITH_UNIT (LENGTH_MEASURE( 1.000000000000000082E-05 ), #5084, 'distance_accuracy_value', 'NONE');
#2229 = CARTESIAN_POINT ( 'NONE',  ( 0.2775134500455592734, 0.4299999999999999933, -0.06533606534043336078 ) ) ;
#2230 = DIRECTION ( 'NONE',  ( -1.000000000000000000, 0.0000000000000000000, 0.0000000000000000000 ) ) ;
#2231 = VERTEX_POINT ( 'NONE', #1781 ) ;
#2233 = EDGE_LOOP ( 'NONE', ( #4061, #1897, #5104, #4074 ) ) ;
#2232 = CYLINDRICAL_SURFACE ( 'NONE', #766, 0.02750000000000000014 ) ;
#2234 = CARTESIAN_POINT ( 'NONE',  ( 0.2523148632849460671, 0.4298999999999998933, -0.03358740015862231310 ) ) ;
#2235 = CARTESIAN_POINT ( 'NONE',  ( 0.2533126305208440177, 0.4298999999999998378, -0.02696783758954030691 ) ) ;
#2236 = CARTESIAN_POINT ( 'NONE',  ( 0.2836760182375512307, 0.4298999999999999488, 0.06007790354747925832 ) ) ;
#2237 = EDGE_CURVE ( 'NONE', #1671, #3727, #4415, .T. ) ;
#2238 = ADVANCED_FACE ( 'NONE', ( #347 ), #1771, .T. ) ;
#2239 = LENGTH_MEASURE_WITH_UNIT ( LENGTH_MEASURE( 0.02539999999999999897 ), #585 );
#2241 = VERTEX_POINT ( 'NONE', #2675 ) ;
#2240 = COLOUR_RGB ( '',1.000000000000000000, 1.000000000000000000, 1.000000000000000000 ) ;
#2242 = CARTESIAN_POINT ( 'NONE',  ( 0.3231283495240194759, 0.4298999999999998378, 0.01047023413634020142 ) ) ;
#2243 =( NAMED_UNIT ( * ) PLANE_ANGLE_UNIT ( ) SI_UNIT ( $, .RADIAN. ) );
#2244 = LENGTH_MEASURE_WITH_UNIT ( LENGTH_MEASURE( 0.02539999999999999897 ), #839 );
#2245 =( LENGTH_UNIT ( ) NAMED_UNIT ( * ) SI_UNIT ( $, .METRE. ) );
#2246 = DIRECTION ( 'NONE',  ( 0.0000000000000000000, -1.000000000000000000, 0.0000000000000000000 ) ) ;
#2247 = FILL_AREA_STYLE ('',( #2753 ) ) ;
#2248 = PRESENTATION_LAYER_ASSIGNMENT (  '', '', ( #1569 ) ) ;
#2249 = DIRECTION ( 'NONE',  ( 1.000000000000000000, 0.0000000000000000000, 0.0000000000000000000 ) ) ;
#2250 = CARTESIAN_POINT ( 'NONE',  ( 0.5000000000000000000, 0.1000000000000000056, -0.06250000000000012490 ) ) ;
#2251 = SURFACE_STYLE_FILL_AREA ( #5167 ) ;
#2252 = LINE ( 'NONE', #4102, #2587 ) ;
#2253 = CARTESIAN_POINT ( 'NONE',  ( 0.2531169290016829221, 0.4298999999999999488, -0.03832878664177340189 ) ) ;
#2254 = CARTESIAN_POINT ( 'NONE',  ( 0.2560103934266748649, 0.4298999999999999488, -0.02288301027107781868 ) ) ;
#2255 = CARTESIAN_POINT ( 'NONE',  ( 0.2994273846340980705, 0.4299000000000000599, 0.05757976032584923021 ) ) ;
#2256 = DIRECTION ( 'NONE',  ( 0.0000000000000000000, -1.000000000000000000, 0.0000000000000000000 ) ) ;
#2257 = AXIS2_PLACEMENT_3D ( 'NONE', #2715, #3601, #4869 ) ;
#2258 = DIMENSIONAL_EXPONENTS ( 1.000000000000000000, 0.0000000000000000000, 0.0000000000000000000, 0.0000000000000000000, 0.0000000000000000000, 0.0000000000000000000, 0.0000000000000000000 ) ;
#2259 = LENGTH_MEASURE_WITH_UNIT ( LENGTH_MEASURE( 0.02539999999999999897 ), #3987 );
#2260 = DIRECTION ( 'NONE',  ( -0.0000000000000000000, 1.000000000000000000, -0.0000000000000000000 ) ) ;
#2261 = CARTESIAN_POINT ( 'NONE',  ( 0.2397512649296997256, 0.4299999999999999378, -0.04843826883629673286 ) ) ;
#2262 =( NAMED_UNIT ( * ) PLANE_ANGLE_UNIT ( ) SI_UNIT ( $, .RADIAN. ) );
#2263 = CARTESIAN_POINT ( 'NONE',  ( 0.2808216085115505800, 0.4300000000000000488, 0.04601409813708170343 ) ) ;
#2264 = AXIS2_PLACEMENT_3D ( 'NONE', #4841, #1903, #2763 ) ;
#2265 = CARTESIAN_POINT ( 'NONE',  ( -0.1874999999999999722, -0.1900000000000000300, -0.07499999999999984457 ) ) ;
#2266 = ADVANCED_FACE ( 'NONE', ( #966, #3178 ), #4790, .F. ) ;
#2267 = PLANE ( 'NONE',  #3567 ) ;
#2268 = SURFACE_STYLE_FILL_AREA ( #3057 ) ;
#2269 = CARTESIAN_POINT ( 'NONE',  ( 0.3224999999999999534, 0.01000000000000000021, 0.07499999999999984457 ) ) ;
#2270 = CARTESIAN_POINT ( 'NONE',  ( 0.2900780556723185355, 0.4299999999999999933, -0.06438176463481933010 ) ) ;
#2271 = CARTESIAN_POINT ( 'NONE',  ( -0.2313420158024771522, 0.4298999999999999488, 0.06004016794810488472 ) ) ;
#2272 = ORIENTED_EDGE ( 'NONE', *, *, #2149, .T. ) ;
#2273 = CARTESIAN_POINT ( 'NONE',  ( 0.2943159688933226770, 0.4299999999999999933, 0.007577658757349115849 ) ) ;
#2274 = EDGE_CURVE ( 'NONE', #3166, #2316, #3950, .T. ) ;
#2275 = FACE_OUTER_BOUND ( 'NONE', #1164, .T. ) ;
#2277 = EDGE_LOOP ( 'NONE', ( #5171, #2896, #3917, #1939 ) ) ;
#2276 = LINE ( 'NONE', #1812, #2139 ) ;
#2278 = CARTESIAN_POINT ( 'NONE',  ( 0.2601468461711139990, 0.4299999999999999933, -0.04715454321333188703 ) ) ;
#2279 = CARTESIAN_POINT ( 'NONE',  ( 0.2824999999999999734, -0.1900000000000000300, 0.05700000000000000205 ) ) ;
#2280 = CARTESIAN_POINT ( 'NONE',  ( 0.3247266937538251241, 0.4299000000000000599, 0.03328851951555979183 ) ) ;
#2281 = CARTESIAN_POINT ( 'NONE',  ( 0.2560103934266748649, 0.4299999999999999933, -0.02288301027107781868 ) ) ;
#2282 = FACE_BOUND ( 'NONE', #2621, .T. ) ;
#2284 = EDGE_LOOP ( 'NONE', ( #1744, #665 ) ) ;
#2283 = PRESENTATION_STYLE_ASSIGNMENT (( #4426 ) ) ;
#2285 = EDGE_CURVE ( 'NONE', #2292, #2079, #344, .T. ) ;
#2286 = CARTESIAN_POINT ( 'NONE',  ( 0.2957205740472744204, 0.4299000000000000599, 0.008154062359625562084 ) ) ;
#2287 = PLANE ( 'NONE',  #5219 ) ;
#2288 = CARTESIAN_POINT ( 'NONE',  ( -0.2392769285251371281, 0.4298999999999999488, -0.01137404655583462536 ) ) ;
#2289 = SURFACE_SIDE_STYLE ('',( #3943 ) ) ;
#2290 = CARTESIAN_POINT ( 'NONE',  ( 0.2599998534471288369, 0.4299999999999999933, 0.04021747663770349618 ) ) ;
#2291 = AXIS2_PLACEMENT_3D ( 'NONE', #522, #83, #504 ) ;
#2292 = VERTEX_POINT ( 'NONE', #3969 ) ;
#2293 = DIRECTION ( 'NONE',  ( -0.0000000000000000000, 1.000000000000000000, -0.0000000000000000000 ) ) ;
#2294 = EDGE_LOOP ( 'NONE', ( #3018, #4084, #3211, #3927 ) ) ;
#2295 = EDGE_LOOP ( 'NONE', ( #3302, #1871, #817, #1969 ) ) ;
#2296 = STYLED_ITEM ( 'NONE', ( #1462 ), #4126 ) ;
#2297 = ORIENTED_EDGE ( 'NONE', *, *, #3675, .T. ) ;
#2298 = ORIENTED_EDGE ( 'NONE', *, *, #4153, .T. ) ;
#2299 = AXIS2_PLACEMENT_3D ( 'NONE', #4081, #5320, #2755 ) ;
#2300 = DIRECTION ( 'NONE',  ( -0.0000000000000000000, -1.000000000000000000, -0.0000000000000000000 ) ) ;
#2301 = ADVANCED_FACE ( 'NONE', ( #4797 ), #2167, .T. ) ;
#2302 = EDGE_CURVE ( 'NONE', #3504, #534, #2312, .T. ) ;
#2303 = CARTESIAN_POINT ( 'NONE',  ( -0.2345159808915411315, 0.4299999999999999933, -0.04946162762460235701 ) ) ;
#2305 = ORIENTED_EDGE ( 'NONE', *, *, #2442, .T. ) ;
#2304 = LINE ( 'NONE', #1110, #1641 ) ;
#2306 = UNCERTAINTY_MEASURE_WITH_UNIT (LENGTH_MEASURE( 1.000000000000000082E-05 ), #550, 'distance_accuracy_value', 'NONE');
#2307 = FILL_AREA_STYLE ('',( #1019 ) ) ;
#2308 = CARTESIAN_POINT ( 'NONE',  ( -0.2345159808915411315, 0.4298999999999999488, -0.04946162762460235701 ) ) ;
#2309 =( CONVERSION_BASED_UNIT ( 'INCH', #5110 ) LENGTH_UNIT ( ) NAMED_UNIT ( #2519 ) );
#2310 = CARTESIAN_POINT ( 'NONE',  ( -0.2665000000000000147, -0.1849999999999999423, -0.05000000000000000278 ) ) ;
#2311 = DIRECTION ( 'NONE',  ( -1.000000000000000000, -0.0000000000000000000, 2.217409085766446745E-16 ) ) ;
#2313 = ORIENTED_EDGE ( 'NONE', *, *, #4175, .T. ) ;
#2312 = LINE ( 'NONE', #549, #900 ) ;
#2314 = CARTESIAN_POINT ( 'NONE',  ( 0.2719856320780214554, 0.4299999999999999378, 0.001249669622696869455 ) ) ;
#2316 = VERTEX_POINT ( 'NONE', #1386 ) ;
#2315 = LINE ( 'NONE', #1440, #2709 ) ;
#2317 = CARTESIAN_POINT ( 'NONE',  ( 0.3247503628840654466, 0.4300000000000000488, 0.01465098668745545667 ) ) ;
#2318 = AXIS2_PLACEMENT_3D ( 'NONE', #4886, #3200, #4059 ) ;
#2319 = PRESENTATION_STYLE_ASSIGNMENT (( #4865 ) ) ;
#2320 = CARTESIAN_POINT ( 'NONE',  ( 0.2989053294818830309, 0.4298999999999999488, 0.04164030919898540489 ) ) ;
#2321 = DIRECTION ( 'NONE',  ( 0.0000000000000000000, 0.0000000000000000000, -1.000000000000000000 ) ) ;
#2322 = EDGE_CURVE ( 'NONE', #2023, #325, #1100, .T. ) ;
#2323 = DIRECTION ( 'NONE',  ( -0.0000000000000000000, -1.000000000000000000, -0.0000000000000000000 ) ) ;
#2324 = STYLED_ITEM ( 'NONE', ( #703 ), #5298 ) ;
#2325 = CARTESIAN_POINT ( 'NONE',  ( 0.3081091029139190196, 0.4299000000000000599, 0.01954154091891021836 ) ) ;
#2326 = SURFACE_SIDE_STYLE ('',( #5147 ) ) ;
#2327 = SURFACE_SIDE_STYLE ('',( #4478 ) ) ;
#2328 = CYLINDRICAL_SURFACE ( 'NONE', #2873, 0.02500000000000002220 ) ;
#2329 = AXIS2_PLACEMENT_3D ( 'NONE', #1994, #740, #308 ) ;
#2330 = ADVANCED_FACE ( 'NONE', ( #5177 ), #4468, .T. ) ;
#2331 = DIRECTION ( 'NONE',  ( 0.0000000000000000000, -1.000000000000000000, 0.0000000000000000000 ) ) ;
#2332 = B_SPLINE_SURFACE_WITH_KNOTS ( 'NONE', 3, 1, ( 
 ( #5124, #3532 ),
 ( #3486, #5207 ),
 ( #1344, #2649 ),
 ( #544, #3573 ),
 ( #997, #1848 ),
 ( #501, #2281 ),
 ( #918, #15 ) ),
 .UNSPECIFIED., .F., .F., .F.,
 ( 4, 1, 1, 1, 4 ),
 ( 2, 2 ),
 ( 0.0000000000000000000, 0.2627412305282684213, 0.5099565029432329144, 0.7533267184204511802, 1.000000000000000000 ),
 ( 0.0000000000000000000, 1.000000000000000000 ),
 .UNSPECIFIED. ) ;
#2333 = SURFACE_STYLE_USAGE ( .BOTH. , #3207 ) ;
#2334 = VECTOR ( 'NONE', #3956, 39.37007874015748143 ) ;
#2335 = CARTESIAN_POINT ( 'NONE',  ( -0.2665000000000000147, -0.1849999999999999423, 0.02999999999999999889 ) ) ;
#2336 = CIRCLE ( 'NONE', #4225, 0.02750000000000000014 ) ;
#2337 =( LENGTH_UNIT ( ) NAMED_UNIT ( * ) SI_UNIT ( $, .METRE. ) );
#2338 = CARTESIAN_POINT ( 'NONE',  ( 0.2531169290016829221, 0.4299999999999999933, -0.03832878664177340189 ) ) ;
#2339 = VECTOR ( 'NONE', #1581, 39.37007874015748143 ) ;
#2340 =( LENGTH_UNIT ( ) NAMED_UNIT ( * ) SI_UNIT ( $, .METRE. ) );
#2341 = COLOUR_RGB ( '',0.0000000000000000000, 0.7529411764705882248, 0.0000000000000000000 ) ;
#2342 = CARTESIAN_POINT ( 'NONE',  ( 0.2824999999999999734, -0.1849999999999999423, 0.03699999999999999817 ) ) ;
#2343 = CARTESIAN_POINT ( 'NONE',  ( 0.2749423747901360016, 0.4299000000000000599, -0.01453226282979001166 ) ) ;
#2344 = FILL_AREA_STYLE ('',( #4446 ) ) ;
#2345 = CARTESIAN_POINT ( 'NONE',  ( -0.1875000000000000278, 0.08000000000000002942, -0.1249999999999999861 ) ) ;
#2346 = VERTEX_POINT ( 'NONE', #3581 ) ;
#2347 =( NAMED_UNIT ( * ) PLANE_ANGLE_UNIT ( ) SI_UNIT ( $, .RADIAN. ) );
#2348 = FACE_BOUND ( 'NONE', #3020, .T. ) ;
#2349 = ORIENTED_EDGE ( 'NONE', *, *, #2689, .F. ) ;
#2350 = EDGE_CURVE ( 'NONE', #1951, #4766, #61, .T. ) ;
#2351 = ORIENTED_EDGE ( 'NONE', *, *, #5226, .T. ) ;
#2352 = CARTESIAN_POINT ( 'NONE',  ( 0.2849009092347495331, 0.4298999999999998378, 0.04593859462548697398 ) ) ;
#2353 = DIRECTION ( 'NONE',  ( 0.0000000000000000000, 0.0000000000000000000, 1.000000000000000000 ) ) ;
#2354 = ORIENTED_EDGE ( 'NONE', *, *, #921, .F. ) ;
#2355 = ADVANCED_FACE ( 'NONE', ( #3524 ), #2437, .T. ) ;
#2356 = ORIENTED_EDGE ( 'NONE', *, *, #5127, .T. ) ;
#2357 =( GEOMETRIC_REPRESENTATION_CONTEXT ( 3 ) GLOBAL_UNCERTAINTY_ASSIGNED_CONTEXT ( ( #211 ) ) GLOBAL_UNIT_ASSIGNED_CONTEXT ( ( #5484, #336, #4279 ) ) REPRESENTATION_CONTEXT ( 'NONE', 'WORKASPACE' ) );
#2358 = ORIENTED_EDGE ( 'NONE', *, *, #1789, .T. ) ;
#2359 = CARTESIAN_POINT ( 'NONE',  ( -0.4850000000000000422, 0.1000000000000000056, 0.1250000000000000000 ) ) ;
#2360 =( LENGTH_UNIT ( ) NAMED_UNIT ( * ) SI_UNIT ( $, .METRE. ) );
#2361 = CARTESIAN_POINT ( 'NONE',  ( 0.3003197486355602130, 0.4298999999999999488, -0.06144312688751114165 ) ) ;
#2362 = EDGE_LOOP ( 'NONE', ( #5281, #1031, #62, #5301 ) ) ;
#2363 = CARTESIAN_POINT ( 'NONE',  ( 0.2738067739293675862, 0.4300000000000002709, 0.05983564422078404416 ) ) ;
#2364 = ORIENTED_EDGE ( 'NONE', *, *, #638, .F. ) ;
#2366 = EDGE_LOOP ( 'NONE', ( #1425, #3141 ) ) ;
#2365 = ORIENTED_EDGE ( 'NONE', *, *, #1329, .F. ) ;
#2367 = EDGE_CURVE ( 'NONE', #131, #1297, #3103, .T. ) ;
#2368 = AXIS2_PLACEMENT_3D ( 'NONE', #4046, #2403, #5457 ) ;
#2369 = DIRECTION ( 'NONE',  ( -1.000000000000000000, 0.0000000000000000000, -0.0000000000000000000 ) ) ;
#2370 = LINE ( 'NONE', #748, #1295 ) ;
#2371 = CARTESIAN_POINT ( 'NONE',  ( 0.3259723567747315198, 0.4300000000000001044, 0.02145456474935204458 ) ) ;
#2372 = PRESENTATION_LAYER_ASSIGNMENT (  '', '', ( #5598 ) ) ;
#2373 = MANIFOLD_SOLID_BREP ( 'Pins', #690 ) ;
#2375 = ORIENTED_EDGE ( 'NONE', *, *, #5271, .T. ) ;
#2374 = SURFACE_STYLE_FILL_AREA ( #4850 ) ;
#2376 =( CONVERSION_BASED_UNIT ( 'INCH', #2126 ) LENGTH_UNIT ( ) NAMED_UNIT ( #535 ) );
#2377 = DIRECTION ( 'NONE',  ( 1.000000000000000000, 0.0000000000000000000, 1.365923996832131856E-16 ) ) ;
#2378 = UNCERTAINTY_MEASURE_WITH_UNIT (LENGTH_MEASURE( 1.000000000000000082E-05 ), #5154, 'distance_accuracy_value', 'NONE');
#2379 = VERTEX_POINT ( 'NONE', #1430 ) ;
#2380 = AXIS2_PLACEMENT_3D ( 'NONE', #4495, #4892, #1416 ) ;
#2381 = CARTESIAN_POINT ( 'NONE',  ( 0.3047873787318431948, 0.4299000000000000599, -0.005740203197538019941 ) ) ;
#2382 = CARTESIAN_POINT ( 'NONE',  ( 0.2521129481409152273, 0.4300000000000000488, 0.03216683641616798622 ) ) ;
#2383 = SURFACE_STYLE_USAGE ( .BOTH. , #3247 ) ;
#2384 = ADVANCED_FACE ( 'NONE', ( #4212 ), #4525, .F. ) ;
#2385 = CARTESIAN_POINT ( 'NONE',  ( 0.2824999999999999734, -0.5900000000000000799, -0.06700000000000000400 ) ) ;
#2386 = EDGE_CURVE ( 'NONE', #2026, #682, #3172, .T. ) ;
#2387 =( LENGTH_UNIT ( ) NAMED_UNIT ( * ) SI_UNIT ( $, .METRE. ) );
#2388 = SURFACE_STYLE_FILL_AREA ( #317 ) ;
#2389 = CARTESIAN_POINT ( 'NONE',  ( -0.3024999999999999911, -0.1900000000000000300, -0.07499999999999999722 ) ) ;
#2390 = CARTESIAN_POINT ( 'NONE',  ( -0.3024999999999999911, -0.5900000000000000799, 0.07499999999999999722 ) ) ;
#2391 = DIRECTION ( 'NONE',  ( 0.0000000000000000000, 0.0000000000000000000, -1.000000000000000000 ) ) ;
#2392 = DIRECTION ( 'NONE',  ( 0.0000000000000000000, -1.000000000000000000, 0.0000000000000000000 ) ) ;
#2393 = DIRECTION ( 'NONE',  ( -0.0000000000000000000, -1.000000000000000000, -0.0000000000000000000 ) ) ;
#2394 =( NAMED_UNIT ( * ) PLANE_ANGLE_UNIT ( ) SI_UNIT ( $, .RADIAN. ) );
#2395 = CARTESIAN_POINT ( 'NONE',  ( 0.3225125543461300204, 0.4298999999999999488, -0.03440498771937564038 ) ) ;
#2396 = FACE_OUTER_BOUND ( 'NONE', #487, .T. ) ;
#2397 = EDGE_CURVE ( 'NONE', #5568, #1951, #3032, .T. ) ;
#2398 = AXIS2_PLACEMENT_3D ( 'NONE', #659, #4917, #1921 ) ;
#2399 = CARTESIAN_POINT ( 'NONE',  ( 0.3195030206787352056, 0.4299999999999999933, -0.04400946927313601625 ) ) ;
#2400 = CIRCLE ( 'NONE', #5150, 0.02500000000000002220 ) ;
#2401 = CARTESIAN_POINT ( 'NONE',  ( -0.2665000000000000147, -0.6900000000000000577, 0.06000000000000001166 ) ) ;
#2402 = LINE ( 'NONE', #164, #1864 ) ;
#2403 = DIRECTION ( 'NONE',  ( 0.0000000000000000000, -1.000000000000000000, 0.0000000000000000000 ) ) ;
#2405 = ORIENTED_EDGE ( 'NONE', *, *, #2542, .F. ) ;
#2404 = FACE_OUTER_BOUND ( 'NONE', #5311, .T. ) ;
#2406 = CARTESIAN_POINT ( 'NONE',  ( 0.2488877195822326582, 0.4298999999999998933, -0.007676291338189043627 ) ) ;
#2407 = DIRECTION ( 'NONE',  ( -0.0000000000000000000, 1.000000000000000000, -0.0000000000000000000 ) ) ;
#2408 = CARTESIAN_POINT ( 'NONE',  ( 0.3230122834097854390, 0.4299999999999999378, 0.03782207312909326852 ) ) ;
#2409 = DIMENSIONAL_EXPONENTS ( 1.000000000000000000, 0.0000000000000000000, 0.0000000000000000000, 0.0000000000000000000, 0.0000000000000000000, 0.0000000000000000000, 0.0000000000000000000 ) ;
#2410 = LINE ( 'NONE', #1122, #378 ) ;
#2412 = ORIENTED_EDGE ( 'NONE', *, *, #372, .T. ) ;
#2411 = LINE ( 'NONE', #3029, #3698 ) ;
#2413 = CARTESIAN_POINT ( 'NONE',  ( 0.2304677004916075023, 0.4300000000000002154, 0.01941081533772740647 ) ) ;
#2414 = PLANE ( 'NONE',  #3216 ) ;
#2415 = CARTESIAN_POINT ( 'NONE',  ( -0.5000000000000000000, -0.0000000000000000000, -9.092702177131151783E-17 ) ) ;
#2416 = CARTESIAN_POINT ( 'NONE',  ( 0.3060120029988783186, 0.4299000000000000599, -0.05864578267377628523 ) ) ;
#2417 = VECTOR ( 'NONE', #1908, 39.37007874015748143 ) ;
#2418 = CARTESIAN_POINT ( 'NONE',  ( -0.2665000000000000147, -0.1900000000000000300, 0.05000000000000000278 ) ) ;
#2419 = ORIENTED_EDGE ( 'NONE', *, *, #3039, .T. ) ;
#2420 = B_SPLINE_SURFACE_WITH_KNOTS ( 'NONE', 3, 1, ( 
 ( #3771, #2044 ),
 ( #1179, #353 ),
 ( #5521, #5085 ),
 ( #5485, #3832 ),
 ( #3746, #1237 ),
 ( #1195, #3300 ),
 ( #2466, #2522 ),
 ( #4641, #5464 ),
 ( #771, #728 ),
 ( #1638, #3791 ),
 ( #1590, #2055 ) ),
 .UNSPECIFIED., .F., .F., .F.,
 ( 4, 1, 1, 1, 1, 1, 1, 1, 4 ),
 ( 2, 2 ),
 ( 0.0000000000000000000, 0.1448052410584831917, 0.2795118010254858398, 0.4063939211311604627, 0.5275015404829169752, 0.6453932904726503716, 0.7618854106740862164, 0.8789420729184868053, 0.9999999999999998890 ),
 ( 0.0000000000000000000, 1.000000000000000000 ),
 .UNSPECIFIED. ) ;
#2421 = STYLED_ITEM ( 'NONE', ( #617 ), #2600 ) ;
#2422 = CARTESIAN_POINT ( 'NONE',  ( 0.2485787533654094383, 0.4300000000000001044, -0.05757368967072987870 ) ) ;
#2423 = DIRECTION ( 'NONE',  ( 0.0000000000000000000, -0.0000000000000000000, 1.000000000000000000 ) ) ;
#2424 = ORIENTED_EDGE ( 'NONE', *, *, #5108, .F. ) ;
#2425 = EDGE_CURVE ( 'NONE', #3998, #1340, #5399, .T. ) ;
#2427 = ORIENTED_EDGE ( 'NONE', *, *, #188, .F. ) ;
#2426 = ORIENTED_EDGE ( 'NONE', *, *, #1043, .T. ) ;
#2428 = ORIENTED_EDGE ( 'NONE', *, *, #3742, .F. ) ;
#2429 = CARTESIAN_POINT ( 'NONE',  ( 0.3175045242981330285, 0.4300000000000001044, 0.04614294155454021912 ) ) ;
#2431 = ORIENTED_EDGE ( 'NONE', *, *, #4931, .F. ) ;
#2430 = ORIENTED_EDGE ( 'NONE', *, *, #1080, .F. ) ;
#2432 = ORIENTED_EDGE ( 'NONE', *, *, #2285, .F. ) ;
#2433 = DIRECTION ( 'NONE',  ( 0.0000000000000000000, -0.0000000000000000000, -1.000000000000000000 ) ) ;
#2434 = DIRECTION ( 'NONE',  ( -0.0000000000000000000, -0.0000000000000000000, 1.000000000000000000 ) ) ;
#2435 = DIRECTION ( 'NONE',  ( 0.0000000000000000000, 0.0000000000000000000, -1.000000000000000000 ) ) ;
#2436 = CARTESIAN_POINT ( 'NONE',  ( 0.3138978493581288665, 0.4299000000000001154, -0.05223969091535117515 ) ) ;
#2438 = ORIENTED_EDGE ( 'NONE', *, *, #4736, .F. ) ;
#2437 = CYLINDRICAL_SURFACE ( 'NONE', #2318, 0.01000000000000000368 ) ;
#2439 =( NAMED_UNIT ( * ) SI_UNIT ( $, .STERADIAN. ) SOLID_ANGLE_UNIT ( ) );
#2440 = CARTESIAN_POINT ( 'NONE',  ( 0.2900780556723185355, 0.4299999999999999933, -0.06438176463481933010 ) ) ;
#2441 =( NAMED_UNIT ( * ) SI_UNIT ( $, .STERADIAN. ) SOLID_ANGLE_UNIT ( ) );
#2442 = EDGE_CURVE ( 'NONE', #4458, #5054, #4567, .T. ) ;
#2443 = CARTESIAN_POINT ( 'NONE',  ( 0.3247503628840654466, 0.4299999999999999933, 0.01465098668745545667 ) ) ;
#2444 = DIRECTION ( 'NONE',  ( 0.0000000000000000000, 1.000000000000000000, 0.0000000000000000000 ) ) ;
#2446 = ORIENTED_EDGE ( 'NONE', *, *, #3181, .F. ) ;
#2445 = PRESENTATION_STYLE_ASSIGNMENT (( #491 ) ) ;
#2447 = FILL_AREA_STYLE ('',( #2878 ) ) ;
#2448 = CARTESIAN_POINT ( 'NONE',  ( 0.2808216085115505800, 0.4300000000000000488, 0.04601409813708170343 ) ) ;
#2449 = DIRECTION ( 'NONE',  ( -0.8661855860485992986, -0.0000000000000000000, -0.4997224534895788883 ) ) ;
#2450 = ORIENTED_EDGE ( 'NONE', *, *, #2671, .F. ) ;
#2451 = ORIENTED_EDGE ( 'NONE', *, *, #4583, .F. ) ;
#2452 = CARTESIAN_POINT ( 'NONE',  ( 0.3087571688910327738, 0.4299999999999999933, 0.02467034981205626365 ) ) ;
#2453 = FILL_AREA_STYLE ('',( #3358 ) ) ;
#2454 = EDGE_CURVE ( 'NONE', #534, #3864, #3876, .T. ) ;
#2455 = CARTESIAN_POINT ( 'NONE',  ( 0.2378862068210394476, 0.4299999999999999933, -0.04505667917544848439 ) ) ;
#2456 = CARTESIAN_POINT ( 'NONE',  ( 0.2538147415677557417, 0.4298999999999999488, -0.03998109574085482315 ) ) ;
#2457 = CARTESIAN_POINT ( 'NONE',  ( 0.2943159688933226770, 0.4298999999999999488, 0.007577658757349115849 ) ) ;
#2458 = LINE ( 'NONE', #286, #4298 ) ;
#2459 = LINE ( 'NONE', #4200, #787 ) ;
#2460 = CARTESIAN_POINT ( 'NONE',  ( 0.3087185347198789231, 0.4299999999999999378, 0.02556367541780401459 ) ) ;
#2461 =( LENGTH_UNIT ( ) NAMED_UNIT ( * ) SI_UNIT ( $, .METRE. ) );
#2462 = FACE_OUTER_BOUND ( 'NONE', #5039, .T. ) ;
#2463 = AXIS2_PLACEMENT_3D ( 'NONE', #1971, #4064, #4964 ) ;
#2464 = VECTOR ( 'NONE', #2759, 39.37007874015748143 ) ;
#2465 = CARTESIAN_POINT ( 'NONE',  ( 0.3674999999999999933, 0.0000000000000000000, -0.1050000000000001488 ) ) ;
#2466 = CARTESIAN_POINT ( 'NONE',  ( 0.2374480347972754424, 0.4298999999999998933, -0.02011241558572722521 ) ) ;
#2467 = CARTESIAN_POINT ( 'NONE',  ( 0.2824999999999999734, -0.1849999999999999978, 0.05700000000000000205 ) ) ;
#2468 = CARTESIAN_POINT ( 'NONE',  ( 0.2341279034971974482, 0.4299999999999999378, 0.03423944006117576183 ) ) ;
#2469 = AXIS2_PLACEMENT_3D ( 'NONE', #4714, #769, #3849 ) ;
#2470 =( CONVERSION_BASED_UNIT ( 'INCH', #4940 ) LENGTH_UNIT ( ) NAMED_UNIT ( #2889 ) );
#2471 = DIRECTION ( 'NONE',  ( 0.0000000000000000000, 0.0000000000000000000, -1.000000000000000000 ) ) ;
#2472 = CARTESIAN_POINT ( 'NONE',  ( 0.2824999999999999734, -0.5900000000000000799, 0.06700000000000000400 ) ) ;
#2473 = EDGE_LOOP ( 'NONE', ( #2718, #3512, #194, #4182, #4054, #4853, #2632, #613, #250, #5225, #876, #4653, #1363, #2041, #5551, #2958 ) ) ;
#2474 = DIRECTION ( 'NONE',  ( -0.0000000000000000000, -1.000000000000000000, -0.0000000000000000000 ) ) ;
#2475 = LINE ( 'NONE', #793, #4312 ) ;
#2476 = FILL_AREA_STYLE ('',( #3273 ) ) ;
#2477 = CARTESIAN_POINT ( 'NONE',  ( 0.3015636353135244807, 0.4300000000000000488, 0.03975099452478284695 ) ) ;
#2479 = ORIENTED_EDGE ( 'NONE', *, *, #5295, .T. ) ;
#2478 = FACE_OUTER_BOUND ( 'NONE', #3091, .T. ) ;
#2480 = LENGTH_MEASURE_WITH_UNIT ( LENGTH_MEASURE( 0.02539999999999999897 ), #2461 );
#2481 = ORIENTED_EDGE ( 'NONE', *, *, #1310, .F. ) ;
#2482 = ORIENTED_EDGE ( 'NONE', *, *, #2274, .F. ) ;
#2483 =( NAMED_UNIT ( * ) SI_UNIT ( $, .STERADIAN. ) SOLID_ANGLE_UNIT ( ) );
#2484 = CARTESIAN_POINT ( 'NONE',  ( -0.5000000000000000000, -0.0000000000000000000, -0.06250000000000012490 ) ) ;
#2485 = CARTESIAN_POINT ( 'NONE',  ( 0.2542410262472984961, 0.4299999999999998268, 0.05505647573731867889 ) ) ;
#2486 = ORIENTED_EDGE ( 'NONE', *, *, #2613, .F. ) ;
#2487 = DIMENSIONAL_EXPONENTS ( 1.000000000000000000, 0.0000000000000000000, 0.0000000000000000000, 0.0000000000000000000, 0.0000000000000000000, 0.0000000000000000000, 0.0000000000000000000 ) ;
#2488 = VERTEX_POINT ( 'NONE', #687 ) ;
#2489 =( GEOMETRIC_REPRESENTATION_CONTEXT ( 3 ) GLOBAL_UNCERTAINTY_ASSIGNED_CONTEXT ( ( #4724 ) ) GLOBAL_UNIT_ASSIGNED_CONTEXT ( ( #4124, #1888, #4879 ) ) REPRESENTATION_CONTEXT ( 'NONE', 'WORKASPACE' ) );
#2490 = CARTESIAN_POINT ( 'NONE',  ( 0.2350464972932411190, 0.4299999999999999933, -0.03183789776258059284 ) ) ;
#2491 = ORIENTED_EDGE ( 'NONE', *, *, #3852, .F. ) ;
#2492 = ORIENTED_EDGE ( 'NONE', *, *, #4664, .F. ) ;
#2493 = CARTESIAN_POINT ( 'NONE',  ( 0.2557749112509048461, 0.4298999999999998933, -0.04306852783025072462 ) ) ;
#2494 = DIRECTION ( 'NONE',  ( 0.0000000000000000000, -1.000000000000000000, 0.0000000000000000000 ) ) ;
#2495 = DIRECTION ( 'NONE',  ( -0.0000000000000000000, 1.000000000000000000, -0.0000000000000000000 ) ) ;
#2496 = AXIS2_PLACEMENT_3D ( 'NONE', #1797, #3952, #5181 ) ;
#2497 = B_SPLINE_CURVE_WITH_KNOTS ( 'NONE', 3,
 ( #3738, #243, #2406, #1631, #2855, #268, #698, #3718, #5458, #3782, #1605 ),
 .UNSPECIFIED., .F., .F.,
 ( 4, 1, 1, 1, 1, 1, 1, 1, 4 ),
 ( 0.0000000000000000000, 0.1448052410584831917, 0.2795118010254858398, 0.4063939211311604627, 0.5275015404829169752, 0.6453932904726503716, 0.7618854106740862164, 0.8789420729184868053, 0.9999999999999998890 ),
 .UNSPECIFIED. ) ;
#2499 = VERTEX_POINT ( 'NONE', #2000 ) ;
#2498 = EDGE_LOOP ( 'NONE', ( #1756, #5498, #3453, #2161 ) ) ;
#2500 = EDGE_LOOP ( 'NONE', ( #5218, #3785, #118, #109 ) ) ;
#2501 = DIRECTION ( 'NONE',  ( -0.0000000000000000000, 0.0000000000000000000, -1.000000000000000000 ) ) ;
#2502 = DIRECTION ( 'NONE',  ( 0.0000000000000000000, 0.0000000000000000000, 1.000000000000000000 ) ) ;
#2503 = DIRECTION ( 'NONE',  ( 0.0000000000000000000, -0.0000000000000000000, 1.000000000000000000 ) ) ;
#2505 = ORIENTED_EDGE ( 'NONE', *, *, #538, .T. ) ;
#2504 = CIRCLE ( 'NONE', #3421, 0.02000000000000000042 ) ;
#2506 = B_SPLINE_SURFACE_WITH_KNOTS ( 'NONE', 3, 1, ( 
 ( #4192, #2490 ),
 ( #2908, #1184 ),
 ( #4172, #1576 ),
 ( #4218, #4582 ),
 ( #5470, #2455 ),
 ( #2008, #259 ),
 ( #1621, #321 ),
 ( #5452, #1644 ),
 ( #5488, #3345 ),
 ( #2030, #3754 ),
 ( #5058, #2422 ),
 ( #1166, #4646 ),
 ( #2931, #342 ),
 ( #753, #776 ),
 ( #2049, #1598 ),
 ( #3797, #5042 ),
 ( #299, #2062 ),
 ( #5431, #3362 ),
 ( #2891, #3284 ) ),
 .UNSPECIFIED., .F., .F., .F.,
 ( 4, 1, 1, 1, 1, 1, 1, 1, 1, 1, 1, 1, 1, 1, 1, 1, 4 ),
 ( 2, 2 ),
 ( 0.0000000000000000000, 0.07499546738983194072, 0.1491654404266558320, 0.2236642943382245174, 0.3004120221906722010, 0.3395704846106346597, 0.3789205746932792773, 0.4180957375990931313, 0.4582296767501550794, 0.4984267212184583240, 0.5397075464534798472, 0.5822159516458430550, 0.6258238199943743085, 0.7154812648736974534, 0.8073840844133596262, 0.9016341255073716532, 1.000000000000000000 ),
 ( 0.0000000000000000000, 1.000000000000000000 ),
 .UNSPECIFIED. ) ;
#2507 = CARTESIAN_POINT ( 'NONE',  ( 0.2701329546882502153, 0.4298999999999997823, 0.05945846886615539090 ) ) ;
#2508 = EDGE_CURVE ( 'NONE', #2499, #677, #3443, .T. ) ;
#2509 = CARTESIAN_POINT ( 'NONE',  ( 0.3142210371202525110, 0.4300000000000000488, -0.0002669518877636868084 ) ) ;
#2510 = CARTESIAN_POINT ( 'NONE',  ( 0.2522979310714476564, 0.4298999999999999488, -0.03296512212877023007 ) ) ;
#2511 = DIRECTION ( 'NONE',  ( -0.0000000000000000000, 1.000000000000000000, -0.0000000000000000000 ) ) ;
#2512 = CARTESIAN_POINT ( 'NONE',  ( 0.2824999999999999734, -0.1900000000000000300, -0.03199999999999997291 ) ) ;
#2514 = VERTEX_POINT ( 'NONE', #1984 ) ;
#2513 = LINE ( 'NONE', #94, #3741 ) ;
#2515 = PLANE ( 'NONE',  #5415 ) ;
#2516 = FACE_OUTER_BOUND ( 'NONE', #334, .T. ) ;
#2517 = CARTESIAN_POINT ( 'NONE',  ( -0.2392769285251371281, 0.4298999999999999488, -0.01137404655583462536 ) ) ;
#2518 = DIRECTION ( 'NONE',  ( 1.000000000000000000, 0.0000000000000000000, -0.0000000000000000000 ) ) ;
#2519 = DIMENSIONAL_EXPONENTS ( 1.000000000000000000, 0.0000000000000000000, 0.0000000000000000000, 0.0000000000000000000, 0.0000000000000000000, 0.0000000000000000000, 0.0000000000000000000 ) ;
#2520 = COLOUR_RGB ( '',0.7529411764705882248, 0.0000000000000000000, 0.0000000000000000000 ) ;
#2521 = FILL_AREA_STYLE ('',( #314 ) ) ;
#2522 = CARTESIAN_POINT ( 'NONE',  ( 0.2374480347972754424, 0.4299999999999999933, -0.02011241558572722521 ) ) ;
#2523 = CARTESIAN_POINT ( 'NONE',  ( -0.3674999999999999933, 0.4299999999999999933, 0.1250000000000000000 ) ) ;
#2524 = VECTOR ( 'NONE', #1244, 39.37007874015748143 ) ;
#2525 = FACE_OUTER_BOUND ( 'NONE', #1357, .T. ) ;
#2526 = CARTESIAN_POINT ( 'NONE',  ( 0.3087571688910327738, 0.4298999999999999488, 0.02467034981205626365 ) ) ;
#2527 = EDGE_CURVE ( 'NONE', #1340, #2906, #2838, .T. ) ;
#2528 = LINE ( 'NONE', #3292, #999 ) ;
#2529 = CARTESIAN_POINT ( 'NONE',  ( 0.2792463339520660504, 0.4298999999999999488, 0.003175011792526822533 ) ) ;
#2530 = CARTESIAN_POINT ( 'NONE',  ( 0.2550574513893896222, 0.4298999999999998378, -0.004433320200717187805 ) ) ;
#2531 = VECTOR ( 'NONE', #5255, 39.37007874015748143 ) ;
#2532 = CARTESIAN_POINT ( 'NONE',  ( 0.5000000000000000000, -0.0000000000000000000, -9.092702177131151783E-17 ) ) ;
#2533 = LENGTH_MEASURE_WITH_UNIT ( LENGTH_MEASURE( 0.02539999999999999897 ), #1866 );
#2534 =( LENGTH_UNIT ( ) NAMED_UNIT ( * ) SI_UNIT ( $, .METRE. ) );
#2535 = DIRECTION ( 'NONE',  ( 1.000000000000000000, 0.0000000000000000000, 1.330445451459868146E-15 ) ) ;
#2536 =( NAMED_UNIT ( * ) SI_UNIT ( $, .STERADIAN. ) SOLID_ANGLE_UNIT ( ) );
#2537 = MECHANICAL_DESIGN_GEOMETRIC_PRESENTATION_REPRESENTATION (  '', ( #1569 ), #210 ) ;
#2539 = ORIENTED_EDGE ( 'NONE', *, *, #2108, .F. ) ;
#2538 = VECTOR ( 'NONE', #2434, 39.37007874015748143 ) ;
#2540 = UNCERTAINTY_MEASURE_WITH_UNIT (LENGTH_MEASURE( 1.000000000000000082E-05 ), #1742, 'distance_accuracy_value', 'NONE');
#2541 = CARTESIAN_POINT ( 'NONE',  ( -0.2665000000000000147, -0.1849999999999999978, 0.05000000000000000278 ) ) ;
#2542 = EDGE_CURVE ( 'NONE', #2758, #602, #1697, .T. ) ;
#2543 = ORIENTED_EDGE ( 'NONE', *, *, #4337, .T. ) ;
#2544 = CARTESIAN_POINT ( 'NONE',  ( 0.2911630795406087158, 0.4299999999999999933, -0.01036144741431713028 ) ) ;
#2545 = LINE ( 'NONE', #5079, #3289 ) ;
#2546 = MECHANICAL_DESIGN_GEOMETRIC_PRESENTATION_REPRESENTATION (  '', ( #4946 ), #411 ) ;
#2547 = CARTESIAN_POINT ( 'NONE',  ( 0.1875000000000000278, 0.01000000000000000021, 0.08999999999999994116 ) ) ;
#2549 = ORIENTED_EDGE ( 'NONE', *, *, #2848, .T. ) ;
#2548 = LINE ( 'NONE', #2652, #1278 ) ;
#2550 = DIRECTION ( 'NONE',  ( 0.0000000000000000000, -0.0000000000000000000, 1.000000000000000000 ) ) ;
#2551 = DIRECTION ( 'NONE',  ( -0.0000000000000000000, 1.000000000000000000, -0.0000000000000000000 ) ) ;
#2552 = DIRECTION ( 'NONE',  ( -0.0000000000000000000, 1.000000000000000000, -0.0000000000000000000 ) ) ;
#2553 = EDGE_LOOP ( 'NONE', ( #3084, #4719, #4069, #5503 ) ) ;
#2554 = ORIENTED_EDGE ( 'NONE', *, *, #5489, .T. ) ;
#2555 = VERTEX_POINT ( 'NONE', #3244 ) ;
#2556 = SURFACE_SIDE_STYLE ('',( #2268 ) ) ;
#2557 = CARTESIAN_POINT ( 'NONE',  ( 0.3260086026692393113, 0.4298999999999999488, 0.02383718397617697049 ) ) ;
#2558 = CARTESIAN_POINT ( 'NONE',  ( 0.2824999999999999734, -0.1849999999999999978, 0.05700000000000000205 ) ) ;
#2559 = EDGE_CURVE ( 'NONE', #2677, #189, #2700, .T. ) ;
#2560 = VERTEX_POINT ( 'NONE', #4561 ) ;
#2561 = ORIENTED_EDGE ( 'NONE', *, *, #3750, .F. ) ;
#2563 = ORIENTED_EDGE ( 'NONE', *, *, #4044, .F. ) ;
#2562 = VECTOR ( 'NONE', #4980, 39.37007874015748143 ) ;
#2564 = CARTESIAN_POINT ( 'NONE',  ( 0.2792463339520660504, 0.4298999999999999488, 0.003175011792526822533 ) ) ;
#2565 = CARTESIAN_POINT ( 'NONE',  ( -0.3374999999999999667, 0.4259999999999999898, -0.09499999999999998723 ) ) ;
#2566 = EDGE_CURVE ( 'NONE', #1755, #3854, #1900, .T. ) ;
#2567 = CARTESIAN_POINT ( 'NONE',  ( 0.3056205445677224741, 0.4298999999999999488, -0.02926488562236512908 ) ) ;
#2568 = DIRECTION ( 'NONE',  ( -0.0000000000000000000, 1.000000000000000000, -0.0000000000000000000 ) ) ;
#2570 = ORIENTED_EDGE ( 'NONE', *, *, #3490, .F. ) ;
#2569 = LENGTH_MEASURE_WITH_UNIT ( LENGTH_MEASURE( 0.02539999999999999897 ), #3146 );
#2571 =( GEOMETRIC_REPRESENTATION_CONTEXT ( 3 ) GLOBAL_UNCERTAINTY_ASSIGNED_CONTEXT ( ( #537 ) ) GLOBAL_UNIT_ASSIGNED_CONTEXT ( ( #1415, #1770, #1393 ) ) REPRESENTATION_CONTEXT ( 'NONE', 'WORKASPACE' ) );
#2572 = EDGE_CURVE ( 'NONE', #466, #168, #2304, .T. ) ;
#2573 = AXIS2_PLACEMENT_3D ( 'NONE', #3484, #894, #2576 ) ;
#2574 = FACE_OUTER_BOUND ( 'NONE', #818, .T. ) ;
#2575 = CARTESIAN_POINT ( 'NONE',  ( 0.2641971815592061290, 0.4298999999999998933, -0.04916011646823035403 ) ) ;
#2576 = DIRECTION ( 'NONE',  ( 0.0000000000000000000, 0.0000000000000000000, 1.000000000000000000 ) ) ;
#2577 = CARTESIAN_POINT ( 'NONE',  ( 0.2531065920298011251, 0.4300000000000000488, -0.005397134912175958511 ) ) ;
#2578 = CARTESIAN_POINT ( 'NONE',  ( 0.2566843041485769028, 0.4300000000000000488, -0.02215847113986527464 ) ) ;
#2579 = MECHANICAL_DESIGN_GEOMETRIC_PRESENTATION_REPRESENTATION (  '', ( #1152 ), #3757 ) ;
#2580 = CARTESIAN_POINT ( 'NONE',  ( 0.1874999999999999722, 0.01000000000000000021, 0.07499999999999984457 ) ) ;
#2581 = CARTESIAN_POINT ( 'NONE',  ( 0.2826143713924981204, 0.4299000000000000599, 0.004071890721567321403 ) ) ;
#2582 = DIRECTION ( 'NONE',  ( -1.000000000000000000, 0.0000000000000000000, -0.0000000000000000000 ) ) ;
#2583 = CARTESIAN_POINT ( 'NONE',  ( 0.3008511519426272374, 0.4300000000000000488, -0.04257400607996352643 ) ) ;
#2584 = CARTESIAN_POINT ( 'NONE',  ( 0.1875000000000000278, -0.4506939094329985851, -0.1249999999999999861 ) ) ;
#2585 = CARTESIAN_POINT ( 'NONE',  ( -0.2665000000000000147, -0.5900000000000000799, -0.06000000000000001166 ) ) ;
#2586 = VECTOR ( 'NONE', #237, 39.37007874015748143 ) ;
#2587 = VECTOR ( 'NONE', #1949, 39.37007874015748143 ) ;
#2588 = DIRECTION ( 'NONE',  ( -0.0000000000000000000, 1.000000000000000000, -0.0000000000000000000 ) ) ;
#2589 = CARTESIAN_POINT ( 'NONE',  ( 0.2374480347972754424, 0.4299999999999999378, -0.02011241558572722521 ) ) ;
#2590 = CARTESIAN_POINT ( 'NONE',  ( 0.2945385217043585691, 0.4299999999999999933, -0.009385758736096755719 ) ) ;
#2591 = AXIS2_PLACEMENT_3D ( 'NONE', #3851, #803, #2503 ) ;
#2592 = FACE_OUTER_BOUND ( 'NONE', #2901, .T. ) ;
#2593 =( NAMED_UNIT ( * ) PLANE_ANGLE_UNIT ( ) SI_UNIT ( $, .RADIAN. ) );
#2594 = EDGE_CURVE ( 'NONE', #4133, #2488, #5170, .T. ) ;
#2595 = CARTESIAN_POINT ( 'NONE',  ( 0.3195030206787352056, 0.4299999999999999933, -0.04400946927313601625 ) ) ;
#2597 = ORIENTED_EDGE ( 'NONE', *, *, #5009, .T. ) ;
#2596 = PRESENTATION_STYLE_ASSIGNMENT (( #383 ) ) ;
#2598 = CARTESIAN_POINT ( 'NONE',  ( -0.3043432128509486745, 0.4298999999999999488, -0.04946162762460235701 ) ) ;
#2599 = MECHANICAL_DESIGN_GEOMETRIC_PRESENTATION_REPRESENTATION (  '', ( #2324 ), #2937 ) ;
#2600 = ADVANCED_FACE ( 'NONE', ( #3805 ), #5465, .T. ) ;
#2601 = FACE_OUTER_BOUND ( 'NONE', #4831, .T. ) ;
#2602 = DIRECTION ( 'NONE',  ( 0.0000000000000000000, 0.0000000000000000000, -1.000000000000000000 ) ) ;
#2603 = CARTESIAN_POINT ( 'NONE',  ( 0.2397512649296997256, 0.4298999999999998933, -0.04843826883629673286 ) ) ;
#2604 = ORIENTED_EDGE ( 'NONE', *, *, #1156, .F. ) ;
#2605 = PRESENTATION_LAYER_ASSIGNMENT (  '', '', ( #2042 ) ) ;
#2607 = ORIENTED_EDGE ( 'NONE', *, *, #2786, .T. ) ;
#2606 = LINE ( 'NONE', #2580, #3294 ) ;
#2608 = CARTESIAN_POINT ( 'NONE',  ( 0.2750080353660382948, 0.4298999999999999488, -0.05119719948098361284 ) ) ;
#2609 = CARTESIAN_POINT ( 'NONE',  ( 0.2870003504917788550, 0.4300000000000002154, -0.05047945415744718722 ) ) ;
#2610 = CARTESIAN_POINT ( 'NONE',  ( 0.3086351461895047166, 0.4299999999999999378, 0.02205775546698822767 ) ) ;
#2611 = CARTESIAN_POINT ( 'NONE',  ( 0.2808216085115505800, 0.4299000000000000599, 0.04601409813708170343 ) ) ;
#2612 = CARTESIAN_POINT ( 'NONE',  ( 0.2135000000000000231, 0.01000000000000000021, -0.1050000000000000239 ) ) ;
#2613 = EDGE_CURVE ( 'NONE', #333, #3593, #872, .T. ) ;
#2614 = ORIENTED_EDGE ( 'NONE', *, *, #1681, .F. ) ;
#2615 = ORIENTED_EDGE ( 'NONE', *, *, #3136, .F. ) ;
#2616 = DIRECTION ( 'NONE',  ( -0.0000000000000000000, -1.000000000000000000, -0.0000000000000000000 ) ) ;
#2617 = CARTESIAN_POINT ( 'NONE',  ( 0.3227509598157831117, 0.4298999999999998933, -0.03099556471148487077 ) ) ;
#2618 = SURFACE_STYLE_FILL_AREA ( #5024 ) ;
#2619 = CARTESIAN_POINT ( 'NONE',  ( 0.2475929945864822346, 0.4298999999999999488, 0.01621616706563401913 ) ) ;
#2620 = EDGE_LOOP ( 'NONE', ( #3883, #2450, #3989, #2765 ) ) ;
#2621 = EDGE_LOOP ( 'NONE', ( #4901, #1627 ) ) ;
#2622 = CARTESIAN_POINT ( 'NONE',  ( -0.2134999999999999121, 0.01000000000000000021, -0.1050000000000000239 ) ) ;
#2623 = CARTESIAN_POINT ( 'NONE',  ( 0.2775134500455592734, 0.4298999999999999488, -0.06533606534043336078 ) ) ;
#2624 = EDGE_LOOP ( 'NONE', ( #618, #1889, #5500, #731 ) ) ;
#2625 = DIMENSIONAL_EXPONENTS ( 1.000000000000000000, 0.0000000000000000000, 0.0000000000000000000, 0.0000000000000000000, 0.0000000000000000000, 0.0000000000000000000, 0.0000000000000000000 ) ;
#2626 = CARTESIAN_POINT ( 'NONE',  ( -0.2392769285251371281, 0.4298999999999999488, -0.01137404655583462536 ) ) ;
#2627 = VERTEX_POINT ( 'NONE', #354 ) ;
#2628 = CARTESIAN_POINT ( 'NONE',  ( 0.2719658582307714623, 0.4300000000000000488, -0.05090805285585408430 ) ) ;
#2629 = CARTESIAN_POINT ( 'NONE',  ( 0.2815812597148523166, 0.4299000000000000599, 0.06012890759197796892 ) ) ;
#2630 = EDGE_CURVE ( 'NONE', #1516, #3436, #3556, .T. ) ;
#2631 = ADVANCED_FACE ( 'NONE', ( #805 ), #1196, .T. ) ;
#2632 = ORIENTED_EDGE ( 'NONE', *, *, #4175, .F. ) ;
#2633 = FILL_AREA_STYLE ('',( #3474 ) ) ;
#2634 = CARTESIAN_POINT ( 'NONE',  ( 0.3102510421220212589, 0.4298999999999999488, -0.05569422840005727043 ) ) ;
#2635 =( NAMED_UNIT ( * ) PLANE_ANGLE_UNIT ( ) SI_UNIT ( $, .RADIAN. ) );
#2636 = CARTESIAN_POINT ( 'NONE',  ( -0.3043432128509486745, 0.4298999999999999488, 0.04575732504731698513 ) ) ;
#2638 = VERTEX_POINT ( 'NONE', #2523 ) ;
#2637 = LINE ( 'NONE', #3516, #1973 ) ;
#2639 =( GEOMETRIC_REPRESENTATION_CONTEXT ( 3 ) GLOBAL_UNCERTAINTY_ASSIGNED_CONTEXT ( ( #116 ) ) GLOBAL_UNIT_ASSIGNED_CONTEXT ( ( #2714, #4866, #2733 ) ) REPRESENTATION_CONTEXT ( 'NONE', 'WORKASPACE' ) );
#2640 = AXIS2_PLACEMENT_3D ( 'NONE', #4372, #3090, #3034 ) ;
#2641 =( NAMED_UNIT ( * ) PLANE_ANGLE_UNIT ( ) SI_UNIT ( $, .RADIAN. ) );
#2642 = SURFACE_STYLE_FILL_AREA ( #2307 ) ;
#2643 = CARTESIAN_POINT ( 'NONE',  ( 0.3003197486355602130, 0.4298999999999999488, -0.06144312688751114165 ) ) ;
#2644 = CARTESIAN_POINT ( 'NONE',  ( 0.1875000000000000278, 0.01000000000000000021, -0.08999999999999994116 ) ) ;
#2645 = LINE ( 'NONE', #2045, #5356 ) ;
#2646 = EDGE_CURVE ( 'NONE', #1816, #5591, #4716, .T. ) ;
#2647 = CARTESIAN_POINT ( 'NONE',  ( -0.3043432128509486745, 0.4298999999999999488, 0.04575732504731698513 ) ) ;
#2648 = CARTESIAN_POINT ( 'NONE',  ( -0.2665000000000000147, -0.1900000000000000300, -0.05000000000000000278 ) ) ;
#2649 = CARTESIAN_POINT ( 'NONE',  ( 0.2524290419334355162, 0.4299999999999999933, -0.02986993624409521944 ) ) ;
#2650 = LINE ( 'NONE', #1931, #5260 ) ;
#2651 = DIMENSIONAL_EXPONENTS ( 1.000000000000000000, 0.0000000000000000000, 0.0000000000000000000, 0.0000000000000000000, 0.0000000000000000000, 0.0000000000000000000, 0.0000000000000000000 ) ;
#2652 = CARTESIAN_POINT ( 'NONE',  ( 0.2475929945864822346, 0.4298999999999999488, 0.01621616706563401913 ) ) ;
#2653 = CARTESIAN_POINT ( 'NONE',  ( 0.3036477196934699307, 0.4299999999999999933, -0.05987184105444427751 ) ) ;
#2654 = CIRCLE ( 'NONE', #4611, 0.01550000000000004673 ) ;
#2655 = DIRECTION ( 'NONE',  ( 0.0000000000000000000, 0.0000000000000000000, -1.000000000000000000 ) ) ;
#2656 = CARTESIAN_POINT ( 'NONE',  ( 0.2074999999999999623, 0.01000000000000000021, -0.07499999999999999722 ) ) ;
#2657 = COLOUR_RGB ( '',1.000000000000000000, 1.000000000000000000, 1.000000000000000000 ) ;
#2658 = CARTESIAN_POINT ( 'NONE',  ( 0.2491665465839428550, 0.4298999999999998378, 0.02495817385847657124 ) ) ;
#2659 =( GEOMETRIC_REPRESENTATION_CONTEXT ( 3 ) GLOBAL_UNCERTAINTY_ASSIGNED_CONTEXT ( ( #362 ) ) GLOBAL_UNIT_ASSIGNED_CONTEXT ( ( #758, #3778, #2910 ) ) REPRESENTATION_CONTEXT ( 'NONE', 'WORKASPACE' ) );
#2660 = ADVANCED_FACE ( 'NONE', ( #2170 ), #1654, .F. ) ;
#2661 = SURFACE_SIDE_STYLE ('',( #2187 ) ) ;
#2662 = FACE_OUTER_BOUND ( 'NONE', #1478, .T. ) ;
#2663 =( LENGTH_UNIT ( ) NAMED_UNIT ( * ) SI_UNIT ( $, .METRE. ) );
#2664 = PLANE ( 'NONE',  #1559 ) ;
#2665 = EDGE_CURVE ( 'NONE', #2514, #3796, #356, .T. ) ;
#2666 = FACE_OUTER_BOUND ( 'NONE', #271, .T. ) ;
#2667 = CARTESIAN_POINT ( 'NONE',  ( 0.3191011155140018873, 0.4299999999999999933, 0.04416775996129544690 ) ) ;
#2668 = VECTOR ( 'NONE', #313, 39.37007874015748143 ) ;
#2670 = VERTEX_POINT ( 'NONE', #369 ) ;
#2669 = CYLINDRICAL_SURFACE ( 'NONE', #4108, 0.02000000000000000042 ) ;
#2671 = EDGE_CURVE ( 'NONE', #4727, #4002, #2645, .T. ) ;
#2672 = CIRCLE ( 'NONE', #1361, 0.02750000000000000014 ) ;
#2673 = CARTESIAN_POINT ( 'NONE',  ( 0.3239924728386529007, 0.4299000000000001154, 0.01253080524794042937 ) ) ;
#2674 = CARTESIAN_POINT ( 'NONE',  ( 0.2824999999999999734, -0.6900000000000000577, 0.05700000000000000205 ) ) ;
#2675 = CARTESIAN_POINT ( 'NONE',  ( 0.2824999999999999734, -0.6900000000000000577, -0.06700000000000000400 ) ) ;
#2676 = CARTESIAN_POINT ( 'NONE',  ( -0.3374999999999999667, 0.4259999999999999898, -0.09499999999999998723 ) ) ;
#2677 = VERTEX_POINT ( 'NONE', #2484 ) ;
#2678 = FILL_AREA_STYLE_COLOUR ( '', #3343 ) ;
#2679 = VECTOR ( 'NONE', #2449, 39.37007874015748854 ) ;
#2680 = DIMENSIONAL_EXPONENTS ( 1.000000000000000000, 0.0000000000000000000, 0.0000000000000000000, 0.0000000000000000000, 0.0000000000000000000, 0.0000000000000000000, 0.0000000000000000000 ) ;
#2681 = AXIS2_PLACEMENT_3D ( 'NONE', #4592, #684, #1612 ) ;
#2682 = CARTESIAN_POINT ( 'NONE',  ( 0.2792463339520660504, 0.4299999999999999933, 0.003175011792526822533 ) ) ;
#2683 = ORIENTED_EDGE ( 'NONE', *, *, #5479, .F. ) ;
#2684 = FILL_AREA_STYLE ('',( #561 ) ) ;
#2685 = CARTESIAN_POINT ( 'NONE',  ( 0.3210017126134957488, 0.4299000000000000599, 0.04141969765456169489 ) ) ;
#2686 = EDGE_LOOP ( 'NONE', ( #282, #4787, #4277, #2964 ) ) ;
#2687 = ADVANCED_FACE ( 'NONE', ( #1806 ), #4366, .T. ) ;
#2688 = ORIENTED_EDGE ( 'NONE', *, *, #4704, .T. ) ;
#2689 = EDGE_CURVE ( 'NONE', #3287, #4729, #3316, .T. ) ;
#2690 = ORIENTED_EDGE ( 'NONE', *, *, #1449, .T. ) ;
#2691 = SURFACE_SIDE_STYLE ('',( #3853 ) ) ;
#2692 = DIRECTION ( 'NONE',  ( 0.0000000000000000000, 0.0000000000000000000, -1.000000000000000000 ) ) ;
#2693 = ORIENTED_EDGE ( 'NONE', *, *, #4915, .F. ) ;
#2694 = CARTESIAN_POINT ( 'NONE',  ( 0.2566843041485769028, 0.4298999999999999488, -0.02215847113986527464 ) ) ;
#2695 = SURFACE_STYLE_USAGE ( .BOTH. , #3539 ) ;
#2696 = VERTEX_POINT ( 'NONE', #5125 ) ;
#2697 = DIRECTION ( 'NONE',  ( 0.0000000000000000000, 0.0000000000000000000, 1.000000000000000000 ) ) ;
#2698 = FILL_AREA_STYLE ('',( #3604 ) ) ;
#2699 = CARTESIAN_POINT ( 'NONE',  ( -0.2665000000000000147, -1.046568542494923815, 0.07000000000000000666 ) ) ;
#2701 = ORIENTED_EDGE ( 'NONE', *, *, #2981, .T. ) ;
#2700 = CIRCLE ( 'NONE', #1346, 0.06250000000000002776 ) ;
#2702 = CIRCLE ( 'NONE', #2197, 0.02750000000000000014 ) ;
#2704 = ORIENTED_EDGE ( 'NONE', *, *, #1850, .F. ) ;
#2703 = LENGTH_MEASURE_WITH_UNIT ( LENGTH_MEASURE( 0.02539999999999999897 ), #2245 );
#2705 = CARTESIAN_POINT ( 'NONE',  ( -0.3024999999999999911, -0.1900000000000000300, 0.07499999999999999722 ) ) ;
#2706 = CARTESIAN_POINT ( 'NONE',  ( 0.3072314146680820701, 0.4299000000000000599, 0.05416332934593941911 ) ) ;
#2707 = EDGE_CURVE ( 'NONE', #962, #143, #3451, .T. ) ;
#2708 = CARTESIAN_POINT ( 'NONE',  ( -0.4850000000000000422, 0.0000000000000000000, 0.1250000000000000000 ) ) ;
#2710 = ORIENTED_EDGE ( 'NONE', *, *, #4235, .T. ) ;
#2709 = VECTOR ( 'NONE', #1841, 39.37007874015748143 ) ;
#2711 = AXIS2_PLACEMENT_3D ( 'NONE', #4580, #4925, #3795 ) ;
#2712 = UNCERTAINTY_MEASURE_WITH_UNIT (LENGTH_MEASURE( 1.000000000000000082E-05 ), #5287, 'distance_accuracy_value', 'NONE');
#2713 = CARTESIAN_POINT ( 'NONE',  ( -0.2345159808915411315, 0.4298999999999999488, -0.06374447052539027048 ) ) ;
#2714 =( CONVERSION_BASED_UNIT ( 'INCH', #1737 ) LENGTH_UNIT ( ) NAMED_UNIT ( #3374 ) );
#2715 = CARTESIAN_POINT ( 'NONE',  ( -0.2134999999999999121, 0.01000000000000000021, 0.1050000000000000239 ) ) ;
#2716 = AXIS2_PLACEMENT_3D ( 'NONE', #4323, #868, #1746 ) ;
#2718 = ORIENTED_EDGE ( 'NONE', *, *, #1029, .F. ) ;
#2717 = FACE_OUTER_BOUND ( 'NONE', #2620, .T. ) ;
#2719 = ADVANCED_FACE ( 'NONE', ( #2102 ), #2164, .F. ) ;
#2720 = CARTESIAN_POINT ( 'NONE',  ( 0.2135000000000000231, 0.0000000000000000000, 0.1050000000000000239 ) ) ;
#2721 = DIRECTION ( 'NONE',  ( 0.0000000000000000000, 0.0000000000000000000, -1.000000000000000000 ) ) ;
#2722 = VECTOR ( 'NONE', #1947, 39.37007874015748143 ) ;
#2723 = LINE ( 'NONE', #3972, #4497 ) ;
#2724 = EDGE_CURVE ( 'NONE', #956, #4410, #1970, .T. ) ;
#2725 = CARTESIAN_POINT ( 'NONE',  ( 0.3087571688910327738, 0.4298999999999999488, 0.02467034981205626365 ) ) ;
#2726 = PLANE ( 'NONE',  #153 ) ;
#2727 = LINE ( 'NONE', #2401, #2586 ) ;
#2728 = CIRCLE ( 'NONE', #3630, 0.02000000000000000736 ) ;
#2729 = CARTESIAN_POINT ( 'NONE',  ( 0.2824999999999999734, -1.046568542494923815, -0.03699999999999999817 ) ) ;
#2730 = CYLINDRICAL_SURFACE ( 'NONE', #1403, 0.02000000000000000042 ) ;
#2731 = COLOUR_RGB ( '',1.000000000000000000, 1.000000000000000000, 1.000000000000000000 ) ;
#2732 =( NAMED_UNIT ( * ) SI_UNIT ( $, .STERADIAN. ) SOLID_ANGLE_UNIT ( ) );
#2733 =( NAMED_UNIT ( * ) SI_UNIT ( $, .STERADIAN. ) SOLID_ANGLE_UNIT ( ) );
#2734 = FILL_AREA_STYLE_COLOUR ( '', #4618 ) ;
#2735 = DIRECTION ( 'NONE',  ( 0.0000000000000000000, -1.000000000000000000, 0.0000000000000000000 ) ) ;
#2736 = CARTESIAN_POINT ( 'NONE',  ( 0.2717286910927246835, 0.4299999999999999933, 0.04515470424326201854 ) ) ;
#2737 = SURFACE_SIDE_STYLE ('',( #3192 ) ) ;
#2738 = LINE ( 'NONE', #1716, #1802 ) ;
#2739 = ORIENTED_EDGE ( 'NONE', *, *, #1319, .F. ) ;
#2740 = EDGE_CURVE ( 'NONE', #1018, #962, #2702, .T. ) ;
#2742 = ORIENTED_EDGE ( 'NONE', *, *, #3596, .F. ) ;
#2741 = LINE ( 'NONE', #128, #664 ) ;
#2743 = CARTESIAN_POINT ( 'NONE',  ( 0.3038331554276489932, 0.4300000000000000488, 0.03762036656405200880 ) ) ;
#2744 = DIMENSIONAL_EXPONENTS ( 1.000000000000000000, 0.0000000000000000000, 0.0000000000000000000, 0.0000000000000000000, 0.0000000000000000000, 0.0000000000000000000, 0.0000000000000000000 ) ;
#2745 = LINE ( 'NONE', #3069, #2199 ) ;
#2746 = CARTESIAN_POINT ( 'NONE',  ( 0.4850000000000000422, 0.1000000000000000056, 0.1250000000000000000 ) ) ;
#2748 = ORIENTED_EDGE ( 'NONE', *, *, #4441, .F. ) ;
#2747 = LINE ( 'NONE', #4721, #2204 ) ;
#2749 = AXIS2_PLACEMENT_3D ( 'NONE', #3790, #4229, #1637 ) ;
#2750 = CARTESIAN_POINT ( 'NONE',  ( 0.2529723898636902502, 0.4300000000000001044, -0.06011717865557827251 ) ) ;
#2751 = CARTESIAN_POINT ( 'NONE',  ( -0.1874999999999999722, 0.01000000000000000021, 0.02500000000000000139 ) ) ;
#2752 = CYLINDRICAL_SURFACE ( 'NONE', #3668, 0.02000000000000000042 ) ;
#2753 = FILL_AREA_STYLE_COLOUR ( '', #5203 ) ;
#2754 = EDGE_LOOP ( 'NONE', ( #3810, #5490 ) ) ;
#2755 = DIRECTION ( 'NONE',  ( 0.0000000000000000000, 0.0000000000000000000, -1.000000000000000000 ) ) ;
#2756 = ORIENTED_EDGE ( 'NONE', *, *, #2981, .F. ) ;
#2757 = DIRECTION ( 'NONE',  ( -0.0000000000000000000, 1.000000000000000000, -0.0000000000000000000 ) ) ;
#2758 = VERTEX_POINT ( 'NONE', #5103 ) ;
#2759 = DIRECTION ( 'NONE',  ( 0.0000000000000000000, 0.0000000000000000000, 1.000000000000000000 ) ) ;
#2760 = EDGE_LOOP ( 'NONE', ( #180, #2134, #2358, #4156, #3871, #1370, #2070, #3375, #1241, #2965, #1214, #2701 ) ) ;
#2761 = EDGE_CURVE ( 'NONE', #5099, #2627, #3175, .T. ) ;
#2762 = AXIS2_PLACEMENT_3D ( 'NONE', #1990, #305, #2015 ) ;
#2763 = DIRECTION ( 'NONE',  ( 0.0000000000000000000, 0.0000000000000000000, -1.000000000000000000 ) ) ;
#2764 = CARTESIAN_POINT ( 'NONE',  ( 0.3247503628840654466, 0.4298999999999999488, 0.01465098668745545667 ) ) ;
#2765 = ORIENTED_EDGE ( 'NONE', *, *, #1292, .T. ) ;
#2766 = VERTEX_POINT ( 'NONE', #2612 ) ;
#2767 = ORIENTED_EDGE ( 'NONE', *, *, #2993, .T. ) ;
#2768 =( CONVERSION_BASED_UNIT ( 'INCH', #1863 ) LENGTH_UNIT ( ) NAMED_UNIT ( #2174 ) );
#2769 = CARTESIAN_POINT ( 'NONE',  ( -0.3218000208408005602, 0.4298999999999999488, -0.06374447052539027048 ) ) ;
#2770 = ORIENTED_EDGE ( 'NONE', *, *, #291, .F. ) ;
#2771 = STYLED_ITEM ( 'NONE', ( #5530 ), #1880 ) ;
#2772 = DIRECTION ( 'NONE',  ( 0.0000000000000000000, 0.0000000000000000000, -1.000000000000000000 ) ) ;
#2773 = CARTESIAN_POINT ( 'NONE',  ( 0.2791535836656708902, 0.4298999999999996713, -0.01347692705635896229 ) ) ;
#2774 =( NAMED_UNIT ( * ) SI_UNIT ( $, .STERADIAN. ) SOLID_ANGLE_UNIT ( ) );
#2775 = DIRECTION ( 'NONE',  ( -0.0000000000000000000, 1.000000000000000000, -0.0000000000000000000 ) ) ;
#2777 = ORIENTED_EDGE ( 'NONE', *, *, #2858, .F. ) ;
#2776 = VECTOR ( 'NONE', #4805, 39.37007874015748143 ) ;
#2778 = DIRECTION ( 'NONE',  ( 0.0000000000000000000, -1.000000000000000000, 0.0000000000000000000 ) ) ;
#2779 =( CONVERSION_BASED_UNIT ( 'INCH', #2130 ) LENGTH_UNIT ( ) NAMED_UNIT ( #5468 ) );
#2781 = ORIENTED_EDGE ( 'NONE', *, *, #3925, .T. ) ;
#2780 = SURFACE_STYLE_FILL_AREA ( #3348 ) ;
#2782 = AXIS2_PLACEMENT_3D ( 'NONE', #1572, #4111, #4595 ) ;
#2783 = SURFACE_STYLE_USAGE ( .BOTH. , #5325 ) ;
#2784 = CARTESIAN_POINT ( 'NONE',  ( 0.2584692576831451594, 0.4299999999999999378, -0.04590590221181211489 ) ) ;
#2785 = VECTOR ( 'NONE', #2073, 39.37007874015748143 ) ;
#2786 = EDGE_CURVE ( 'NONE', #4448, #1493, #5384, .T. ) ;
#2787 = UNCERTAINTY_MEASURE_WITH_UNIT (LENGTH_MEASURE( 1.000000000000000082E-05 ), #5572, 'distance_accuracy_value', 'NONE');
#2788 = VECTOR ( 'NONE', #4464, 39.37007874015748143 ) ;
#2789 = CARTESIAN_POINT ( 'NONE',  ( 0.1875000000000000278, 0.01000000000000000021, -0.08999999999999994116 ) ) ;
#2790 = CARTESIAN_POINT ( 'NONE',  ( -0.5000000000000000000, -0.0000000000000000000, -9.092702177131151783E-17 ) ) ;
#2791 = VECTOR ( 'NONE', #1899, 39.37007874015748143 ) ;
#2792 = STYLED_ITEM ( 'NONE', ( #3575 ), #3171 ) ;
#2793 = CARTESIAN_POINT ( 'NONE',  ( -0.2665000000000000147, -1.046568542494923815, -0.05000000000000000278 ) ) ;
#2794 = CARTESIAN_POINT ( 'NONE',  ( 0.1875000000000000278, 0.4299999999999999933, -0.1249999999999999861 ) ) ;
#2795 = LINE ( 'NONE', #3015, #2119 ) ;
#2796 = FILL_AREA_STYLE ('',( #183 ) ) ;
#2797 = COLOUR_RGB ( '',1.000000000000000000, 1.000000000000000000, 1.000000000000000000 ) ;
#2798 = EDGE_CURVE ( 'NONE', #2144, #4416, #4548, .T. ) ;
#2799 = SURFACE_SIDE_STYLE ('',( #4037 ) ) ;
#2800 = CARTESIAN_POINT ( 'NONE',  ( 0.2849009092347495331, 0.4299999999999998268, 0.04593859462548697398 ) ) ;
#2801 = CIRCLE ( 'NONE', #3909, 0.01000000000000000368 ) ;
#2802 = ADVANCED_FACE ( 'NONE', ( #1567 ), #2664, .F. ) ;
#2803 = COLOUR_RGB ( '',1.000000000000000000, 1.000000000000000000, 1.000000000000000000 ) ;
#2804 = LINE ( 'NONE', #3885, #5487 ) ;
#2805 = DIRECTION ( 'NONE',  ( -0.0000000000000000000, 1.000000000000000000, -0.0000000000000000000 ) ) ;
#2806 = VECTOR ( 'NONE', #936, 39.37007874015748143 ) ;
#2807 = CARTESIAN_POINT ( 'NONE',  ( -0.2313420158024771522, 0.4299999999999999933, 0.06004016794810488472 ) ) ;
#2808 = SURFACE_SIDE_STYLE ('',( #4491 ) ) ;
#2809 = DIRECTION ( 'NONE',  ( 0.0000000000000000000, -1.000000000000000000, 0.0000000000000000000 ) ) ;
#2810 = CARTESIAN_POINT ( 'NONE',  ( 0.2666225322901720207, 0.4299999999999999933, 0.05889666197663265268 ) ) ;
#2811 = ORIENTED_EDGE ( 'NONE', *, *, #1099, .F. ) ;
#2812 = FILL_AREA_STYLE ('',( #1508 ) ) ;
#2813 = VECTOR ( 'NONE', #3151, 39.37007874015748143 ) ;
#2814 = DIRECTION ( 'NONE',  ( 0.0000000000000000000, 0.0000000000000000000, -1.000000000000000000 ) ) ;
#2815 = ORIENTED_EDGE ( 'NONE', *, *, #2016, .T. ) ;
#2816 = EDGE_CURVE ( 'NONE', #4541, #4899, #5312, .T. ) ;
#2817 = CARTESIAN_POINT ( 'NONE',  ( 0.2566843041485769028, 0.4299999999999999933, -0.02215847113986527464 ) ) ;
#2818 = CARTESIAN_POINT ( 'NONE',  ( -0.3674999999999999933, 0.0000000000000000000, 0.1250000000000000000 ) ) ;
#2819 = ORIENTED_EDGE ( 'NONE', *, *, #266, .T. ) ;
#2820 = VECTOR ( 'NONE', #5086, 39.37007874015748143 ) ;
#2821 = AXIS2_PLACEMENT_3D ( 'NONE', #4543, #5387, #273 ) ;
#2822 = EDGE_LOOP ( 'NONE', ( #2272, #3377, #2089, #4339 ) ) ;
#2823 = PLANE ( 'NONE',  #2681 ) ;
#2824 = CARTESIAN_POINT ( 'NONE',  ( 0.2274999999999999523, -0.1849999999999999978, 0.0000000000000000000 ) ) ;
#2825 = DIRECTION ( 'NONE',  ( 0.0000000000000000000, -1.000000000000000000, 0.0000000000000000000 ) ) ;
#2826 = CARTESIAN_POINT ( 'NONE',  ( 0.3082065254323517745, 0.4299000000000000599, -0.05722823583920149532 ) ) ;
#2827 = ORIENTED_EDGE ( 'NONE', *, *, #31, .T. ) ;
#2828 =( CONVERSION_BASED_UNIT ( 'INCH', #1010 ) LENGTH_UNIT ( ) NAMED_UNIT ( #3899 ) );
#2829 = ORIENTED_EDGE ( 'NONE', *, *, #1256, .F. ) ;
#2830 = ADVANCED_FACE ( 'NONE', ( #1035 ), #1376, .F. ) ;
#2831 = CARTESIAN_POINT ( 'NONE',  ( 0.3003197486355602130, 0.4299999999999999933, -0.06144312688751114165 ) ) ;
#2832 = CARTESIAN_POINT ( 'NONE',  ( -0.2665000000000000147, -0.1849999999999999978, 0.02250000000000000264 ) ) ;
#2833 = VERTEX_POINT ( 'NONE', #3505 ) ;
#2834 = EDGE_CURVE ( 'NONE', #1628, #4766, #4669, .T. ) ;
#2835 = ORIENTED_EDGE ( 'NONE', *, *, #898, .T. ) ;
#2836 = CARTESIAN_POINT ( 'NONE',  ( -0.2665000000000000147, -0.5900000000000000799, 0.05000000000000000278 ) ) ;
#2837 = MECHANICAL_DESIGN_GEOMETRIC_PRESENTATION_REPRESENTATION (  '', ( #5598 ), #5414 ) ;
#2839 = ORIENTED_EDGE ( 'NONE', *, *, #845, .T. ) ;
#2838 = LINE ( 'NONE', #709, #1763 ) ;
#2840 = CARTESIAN_POINT ( 'NONE',  ( 0.3258180165187123389, 0.4299999999999999378, 0.02860990266489626260 ) ) ;
#2841 = ORIENTED_EDGE ( 'NONE', *, *, #1723, .F. ) ;
#2842 = AXIS2_PLACEMENT_3D ( 'NONE', #2389, #5375, #2814 ) ;
#2843 = FILL_AREA_STYLE ('',( #708 ) ) ;
#2844 = DIRECTION ( 'NONE',  ( 0.0000000000000000000, 0.0000000000000000000, 1.000000000000000000 ) ) ;
#2845 = CARTESIAN_POINT ( 'NONE',  ( 0.2635511224369581629, 0.4300000000000000488, 0.04230315135291973228 ) ) ;
#2846 = CARTESIAN_POINT ( 'NONE',  ( 0.2542410262472984961, 0.4299999999999999378, 0.05505647573731867889 ) ) ;
#2847 = DIRECTION ( 'NONE',  ( 0.0000000000000000000, 0.0000000000000000000, -1.000000000000000000 ) ) ;
#2848 = EDGE_CURVE ( 'NONE', #1901, #4002, #4216, .T. ) ;
#2849 =( NAMED_UNIT ( * ) PLANE_ANGLE_UNIT ( ) SI_UNIT ( $, .RADIAN. ) );
#2850 = LINE ( 'NONE', #40, #4997 ) ;
#2851 = CARTESIAN_POINT ( 'NONE',  ( 0.3231283495240194759, 0.4299999999999998268, 0.01047023413634020142 ) ) ;
#2852 = DIRECTION ( 'NONE',  ( -0.0000000000000000000, 1.000000000000000000, -0.0000000000000000000 ) ) ;
#2853 = ORIENTED_EDGE ( 'NONE', *, *, #256, .F. ) ;
#2854 = FACE_BOUND ( 'NONE', #3659, .T. ) ;
#2855 = CARTESIAN_POINT ( 'NONE',  ( 0.2419956950258219108, 0.4299000000000000599, -0.01333959219810858937 ) ) ;
#2856 = DIRECTION ( 'NONE',  ( -1.000000000000000000, 0.0000000000000000000, 7.760931800182568785E-16 ) ) ;
#2857 = CARTESIAN_POINT ( 'NONE',  ( 0.3138331205164131554, 0.4300000000000002154, 0.04970404535226195797 ) ) ;
#2858 = EDGE_CURVE ( 'NONE', #3071, #4729, #341, .T. ) ;
#2859 = VECTOR ( 'NONE', #2568, 39.37007874015748143 ) ;
#2860 = CARTESIAN_POINT ( 'NONE',  ( 0.2808216085115505800, 0.4299000000000000599, 0.04601409813708170343 ) ) ;
#2861 = DIRECTION ( 'NONE',  ( 0.0000000000000000000, -0.0000000000000000000, -1.000000000000000000 ) ) ;
#2862 =( NAMED_UNIT ( * ) SI_UNIT ( $, .STERADIAN. ) SOLID_ANGLE_UNIT ( ) );
#2863 = CARTESIAN_POINT ( 'NONE',  ( 0.3121645438610922696, 0.4298999999999998933, -0.05404446093068341478 ) ) ;
#2864 = FACE_BOUND ( 'NONE', #1831, .T. ) ;
#2865 = CARTESIAN_POINT ( 'NONE',  ( 0.2303415608082756971, 0.4299999999999999933, 0.01621616706563401913 ) ) ;
#2866 = EDGE_CURVE ( 'NONE', #5435, #2032, #5511, .T. ) ;
#2867 = VECTOR ( 'NONE', #1333, 39.37007874015748143 ) ;
#2868 = MECHANICAL_DESIGN_GEOMETRIC_PRESENTATION_REPRESENTATION (  '', ( #2005 ), #2077 ) ;
#2869 = DIRECTION ( 'NONE',  ( -0.0000000000000000000, 1.000000000000000000, -0.0000000000000000000 ) ) ;
#2870 = VECTOR ( 'NONE', #3646, 39.37007874015748143 ) ;
#2871 = CARTESIAN_POINT ( 'NONE',  ( 0.2802493687694319058, 0.4298999999999998933, 0.06011791622037605809 ) ) ;
#2872 = CARTESIAN_POINT ( 'NONE',  ( 0.3161322438531002366, 0.4300000000000001044, 0.001327948086022797411 ) ) ;
#2873 = AXIS2_PLACEMENT_3D ( 'NONE', #3586, #1006, #4029 ) ;
#2874 = CARTESIAN_POINT ( 'NONE',  ( 0.2526667632206917591, 0.4299000000000001154, -0.03659322374732944944 ) ) ;
#2875 =( NAMED_UNIT ( * ) SI_UNIT ( $, .STERADIAN. ) SOLID_ANGLE_UNIT ( ) );
#2876 = CARTESIAN_POINT ( 'NONE',  ( 0.2824999999999999734, -0.1849999999999999423, -0.07700000000000001288 ) ) ;
#2877 = EDGE_LOOP ( 'NONE', ( #2570, #3602, #3003, #5105 ) ) ;
#2878 = FILL_AREA_STYLE_COLOUR ( '', #2797 ) ;
#2879 = CARTESIAN_POINT ( 'NONE',  ( 0.2822045130907845367, 0.4299999999999999378, 0.04598850204622749460 ) ) ;
#2880 = SURFACE_SIDE_STYLE ('',( #4709 ) ) ;
#2881 = CYLINDRICAL_SURFACE ( 'NONE', #1175, 0.01550000000000004673 ) ;
#2882 = ORIENTED_EDGE ( 'NONE', *, *, #845, .F. ) ;
#2883 = CARTESIAN_POINT ( 'NONE',  ( 0.2330221022414468157, 0.4300000000000000488, 0.03143766686717563291 ) ) ;
#2884 = FILL_AREA_STYLE ('',( #5463 ) ) ;
#2885 = DIRECTION ( 'NONE',  ( 0.0000000000000000000, -1.000000000000000000, 0.0000000000000000000 ) ) ;
#2886 = CIRCLE ( 'NONE', #3900, 0.01000000000000000368 ) ;
#2888 = ORIENTED_EDGE ( 'NONE', *, *, #1474, .F. ) ;
#2887 = VECTOR ( 'NONE', #302, 39.37007874015748143 ) ;
#2889 = DIMENSIONAL_EXPONENTS ( 1.000000000000000000, 0.0000000000000000000, 0.0000000000000000000, 0.0000000000000000000, 0.0000000000000000000, 0.0000000000000000000, 0.0000000000000000000 ) ;
#2890 = AXIS2_PLACEMENT_3D ( 'NONE', #46, #450, #4413 ) ;
#2891 = CARTESIAN_POINT ( 'NONE',  ( 0.2775134500455592734, 0.4298999999999999488, -0.06533606534043336078 ) ) ;
#2892 = DIRECTION ( 'NONE',  ( 0.0000000000000000000, 0.0000000000000000000, -1.000000000000000000 ) ) ;
#2893 = CARTESIAN_POINT ( 'NONE',  ( 0.2926472016310419644, 0.4300000000000001044, 0.007048725619241787664 ) ) ;
#2894 = ORIENTED_EDGE ( 'NONE', *, *, #1789, .F. ) ;
#2895 = EDGE_CURVE ( 'NONE', #3166, #1073, #2370, .T. ) ;
#2896 = ORIENTED_EDGE ( 'NONE', *, *, #2630, .F. ) ;
#2897 = LINE ( 'NONE', #5073, #1750 ) ;
#2898 =( NAMED_UNIT ( * ) SI_UNIT ( $, .STERADIAN. ) SOLID_ANGLE_UNIT ( ) );
#2899 = CARTESIAN_POINT ( 'NONE',  ( 0.2937564015141769791, 0.4299999999999998268, 0.05903435177700172565 ) ) ;
#2900 = PRESENTATION_LAYER_ASSIGNMENT (  '', '', ( #2206 ) ) ;
#2901 = EDGE_LOOP ( 'NONE', ( #1636, #971, #1884, #3944 ) ) ;
#2902 = ORIENTED_EDGE ( 'NONE', *, *, #1909, .F. ) ;
#2903 = ORIENTED_EDGE ( 'NONE', *, *, #4498, .F. ) ;
#2904 = MECHANICAL_DESIGN_GEOMETRIC_PRESENTATION_REPRESENTATION (  '', ( #2042 ), #3186 ) ;
#2905 = CARTESIAN_POINT ( 'NONE',  ( 0.2701329546882502153, 0.4299999999999997713, 0.05945846886615539090 ) ) ;
#2906 = VERTEX_POINT ( 'NONE', #5486 ) ;
#2907 =( NAMED_UNIT ( * ) PLANE_ANGLE_UNIT ( ) SI_UNIT ( $, .RADIAN. ) );
#2908 = CARTESIAN_POINT ( 'NONE',  ( 0.2351047189653282521, 0.4298999999999999488, -0.03335445597522550265 ) ) ;
#2909 = CARTESIAN_POINT ( 'NONE',  ( 0.3073932979143881861, 0.4299999999999999378, -0.004538707108346209940 ) ) ;
#2910 =( NAMED_UNIT ( * ) SI_UNIT ( $, .STERADIAN. ) SOLID_ANGLE_UNIT ( ) );
#2911 = VERTEX_POINT ( 'NONE', #3304 ) ;
#2912 = SURFACE_STYLE_USAGE ( .BOTH. , #1130 ) ;
#2913 = CARTESIAN_POINT ( 'NONE',  ( -0.2392769285251371281, 0.4298999999999999488, 0.002908796344953273796 ) ) ;
#2914 = AXIS2_PLACEMENT_3D ( 'NONE', #4, #1766, #2582 ) ;
#2915 = SURFACE_SIDE_STYLE ('',( #20 ) ) ;
#2916 = DIRECTION ( 'NONE',  ( 0.0000000000000000000, 0.0000000000000000000, -1.000000000000000000 ) ) ;
#2917 = PLANE ( 'NONE',  #3072 ) ;
#2919 = ORIENTED_EDGE ( 'NONE', *, *, #4404, .T. ) ;
#2918 = VECTOR ( 'NONE', #2444, 39.37007874015748143 ) ;
#2920 = VERTEX_POINT ( 'NONE', #730 ) ;
#2921 = CARTESIAN_POINT ( 'NONE',  ( -0.2665000000000000147, -0.1900000000000000300, 0.05000000000000000278 ) ) ;
#2922 = DIRECTION ( 'NONE',  ( -0.0000000000000000000, 1.000000000000000000, -0.0000000000000000000 ) ) ;
#2923 =( LENGTH_UNIT ( ) NAMED_UNIT ( * ) SI_UNIT ( $, .METRE. ) );
#2924 = CARTESIAN_POINT ( 'NONE',  ( 0.2566843041485769028, 0.4298999999999999488, -0.02215847113986527464 ) ) ;
#2925 = CARTESIAN_POINT ( 'NONE',  ( 0.2490050955286353118, 0.4300000000000001044, 0.05216122900624944880 ) ) ;
#2926 = LINE ( 'NONE', #3139, #3117 ) ;
#2927 = CARTESIAN_POINT ( 'NONE',  ( -0.3674999999999999933, -0.0000000000000000000, -0.1250000000000000000 ) ) ;
#2928 = DIRECTION ( 'NONE',  ( -0.0000000000000000000, 1.000000000000000000, -0.0000000000000000000 ) ) ;
#2929 = FACE_OUTER_BOUND ( 'NONE', #2686, .T. ) ;
#2930 = EDGE_CURVE ( 'NONE', #5417, #4191, #620, .T. ) ;
#2931 = CARTESIAN_POINT ( 'NONE',  ( 0.2529723898636902502, 0.4299000000000001154, -0.06011717865557827251 ) ) ;
#2932 = DIRECTION ( 'NONE',  ( 0.8661855860485992986, 0.0000000000000000000, -0.4997224534895788883 ) ) ;
#2933 = CIRCLE ( 'NONE', #1321, 0.02500000000000002220 ) ;
#2934 = DIRECTION ( 'NONE',  ( -0.0000000000000000000, 0.0000000000000000000, -1.000000000000000000 ) ) ;
#2935 = FACE_BOUND ( 'NONE', #4325, .T. ) ;
#2936 = COLOUR_RGB ( '',1.000000000000000000, 1.000000000000000000, 1.000000000000000000 ) ;
#2937 =( GEOMETRIC_REPRESENTATION_CONTEXT ( 3 ) GLOBAL_UNCERTAINTY_ASSIGNED_CONTEXT ( ( #5180 ) ) GLOBAL_UNIT_ASSIGNED_CONTEXT ( ( #1702, #2593, #899 ) ) REPRESENTATION_CONTEXT ( 'NONE', 'WORKASPACE' ) );
#2938 = SURFACE_STYLE_USAGE ( .BOTH. , #5066 ) ;
#2939 = SURFACE_STYLE_USAGE ( .BOTH. , #4642 ) ;
#2940 = EDGE_CURVE ( 'NONE', #4882, #4205, #4276, .T. ) ;
#2941 = DIMENSIONAL_EXPONENTS ( 1.000000000000000000, 0.0000000000000000000, 0.0000000000000000000, 0.0000000000000000000, 0.0000000000000000000, 0.0000000000000000000, 0.0000000000000000000 ) ;
#2942 = CARTESIAN_POINT ( 'NONE',  ( 0.2632865150732934256, 0.4298999999999999488, 0.05815960184368546698 ) ) ;
#2943 = LINE ( 'NONE', #3378, #656 ) ;
#2944 = AXIS2_PLACEMENT_3D ( 'NONE', #1250, #4259, #346 ) ;
#2945 = CARTESIAN_POINT ( 'NONE',  ( -0.2665000000000000147, -0.1849999999999999978, -0.05000000000000000278 ) ) ;
#2946 = AXIS2_PLACEMENT_3D ( 'NONE', #4082, #2293, #1839 ) ;
#2948 = VERTEX_POINT ( 'NONE', #170 ) ;
#2947 = LINE ( 'NONE', #685, #2538 ) ;
#2949 = DIRECTION ( 'NONE',  ( -1.000000000000000000, -0.0000000000000000000, -0.0000000000000000000 ) ) ;
#2950 = ADVANCED_FACE ( 'NONE', ( #964 ), #4480, .T. ) ;
#2951 = CARTESIAN_POINT ( 'NONE',  ( 0.2842413180257967742, 0.4298999999999998378, -0.05092561878988876439 ) ) ;
#2952 = CARTESIAN_POINT ( 'NONE',  ( 0.3080306930779438401, 0.4300000000000001044, 0.03003292713018230337 ) ) ;
#2954 = VERTEX_POINT ( 'NONE', #208 ) ;
#2953 = VECTOR ( 'NONE', #5272, 39.37007874015748143 ) ;
#2955 = STYLED_ITEM ( 'NONE', ( #1837 ), #2238 ) ;
#2956 = FACE_OUTER_BOUND ( 'NONE', #1498, .T. ) ;
#2957 = UNCERTAINTY_MEASURE_WITH_UNIT (LENGTH_MEASURE( 1.000000000000000082E-05 ), #1108, 'distance_accuracy_value', 'NONE');
#2958 = ORIENTED_EDGE ( 'NONE', *, *, #2367, .F. ) ;
#2959 = DIRECTION ( 'NONE',  ( 0.0000000000000000000, 0.0000000000000000000, -1.000000000000000000 ) ) ;
#2960 = CARTESIAN_POINT ( 'NONE',  ( 0.3047873787318431948, 0.4299000000000000599, -0.005740203197538019941 ) ) ;
#2961 = UNCERTAINTY_MEASURE_WITH_UNIT (LENGTH_MEASURE( 1.000000000000000082E-05 ), #3633, 'distance_accuracy_value', 'NONE');
#2962 = EDGE_CURVE ( 'NONE', #3038, #3166, #4775, .T. ) ;
#2963 = VERTEX_POINT ( 'NONE', #4539 ) ;
#2964 = ORIENTED_EDGE ( 'NONE', *, *, #4368, .T. ) ;
#2965 = ORIENTED_EDGE ( 'NONE', *, *, #407, .T. ) ;
#2966 = CARTESIAN_POINT ( 'NONE',  ( 0.2952896053873470539, 0.4299000000000000599, 0.007977207043844108947 ) ) ;
#2967 = ORIENTED_EDGE ( 'NONE', *, *, #3510, .F. ) ;
#2968 = DIRECTION ( 'NONE',  ( 0.0000000000000000000, 0.0000000000000000000, -1.000000000000000000 ) ) ;
#2969 = STYLED_ITEM ( 'NONE', ( #2283 ), #249 ) ;
#2970 = CARTESIAN_POINT ( 'NONE',  ( 0.1874999999999999722, -0.1900000000000000300, 0.02500000000000000139 ) ) ;
#2971 = PLANE ( 'NONE',  #3975 ) ;
#2972 = ORIENTED_EDGE ( 'NONE', *, *, #3081, .T. ) ;
#2973 = ORIENTED_EDGE ( 'NONE', *, *, #2182, .T. ) ;
#2974 = AXIS2_PLACEMENT_3D ( 'NONE', #2705, #121, #1808 ) ;
#2975 = CARTESIAN_POINT ( 'NONE',  ( 0.2968267144509839084, 0.4298999999999998933, 0.008636564850830851306 ) ) ;
#2976 = CARTESIAN_POINT ( 'NONE',  ( 0.2945385217043585691, 0.4298999999999998933, -0.009385758736096755719 ) ) ;
#2977 =( GEOMETRIC_REPRESENTATION_CONTEXT ( 3 ) GLOBAL_UNCERTAINTY_ASSIGNED_CONTEXT ( ( #1550 ) ) GLOBAL_UNIT_ASSIGNED_CONTEXT ( ( #72, #2641, #885 ) ) REPRESENTATION_CONTEXT ( 'NONE', 'WORKASPACE' ) );
#2979 = ORIENTED_EDGE ( 'NONE', *, *, #3574, .F. ) ;
#2978 = FACE_OUTER_BOUND ( 'NONE', #5518, .T. ) ;
#2980 = CARTESIAN_POINT ( 'NONE',  ( 0.3002791160591489761, 0.4300000000000001044, -0.007496809010052334077 ) ) ;
#2981 = EDGE_CURVE ( 'NONE', #530, #5043, #3082, .T. ) ;
#2982 = CARTESIAN_POINT ( 'NONE',  ( 0.2550574513893896222, 0.4298999999999998378, -0.004433320200717187805 ) ) ;
#2983 = CARTESIAN_POINT ( 'NONE',  ( 0.2531065920298011251, 0.4300000000000000488, -0.005397134912175958511 ) ) ;
#2985 = ORIENTED_EDGE ( 'NONE', *, *, #5161, .F. ) ;
#2984 = FACE_OUTER_BOUND ( 'NONE', #173, .T. ) ;
#2986 = CARTESIAN_POINT ( 'NONE',  ( -0.3218000208408005602, 0.4298999999999999488, 0.06004016794810488472 ) ) ;
#2987 = FILL_AREA_STYLE ('',( #3843 ) ) ;
#2988 = LINE ( 'NONE', #1069, #4292 ) ;
#2989 = DIRECTION ( 'NONE',  ( -0.0000000000000000000, -1.000000000000000000, -0.0000000000000000000 ) ) ;
#2990 = DIRECTION ( 'NONE',  ( -1.000000000000000000, 0.0000000000000000000, 0.0000000000000000000 ) ) ;
#2991 = CIRCLE ( 'NONE', #3767, 0.06250000000000002776 ) ;
#2992 = AXIS2_PLACEMENT_3D ( 'NONE', #507, #4371, #4428 ) ;
#2993 = EDGE_CURVE ( 'NONE', #1490, #4537, #1274, .T. ) ;
#2994 = LINE ( 'NONE', #5515, #3685 ) ;
#2995 = CARTESIAN_POINT ( 'NONE',  ( -0.3224999999999999534, -0.1900000000000000300, 0.07499999999999984457 ) ) ;
#2996 = DIRECTION ( 'NONE',  ( 0.0000000000000000000, -1.000000000000000000, 0.0000000000000000000 ) ) ;
#2997 = DIRECTION ( 'NONE',  ( 0.0000000000000000000, 0.0000000000000000000, -1.000000000000000000 ) ) ;
#2998 = LINE ( 'NONE', #2598, #3974 ) ;
#2999 = CARTESIAN_POINT ( 'NONE',  ( 0.3087571688910327738, 0.4298999999999999488, 0.02467034981205626365 ) ) ;
#3000 = CARTESIAN_POINT ( 'NONE',  ( 0.2919228286849612775, 0.4300000000000000488, -0.04909070148190919358 ) ) ;
#3001 = CARTESIAN_POINT ( 'NONE',  ( 0.1875000000000000278, 0.01000000000000000021, 0.08999999999999994116 ) ) ;
#3002 = AXIS2_PLACEMENT_3D ( 'NONE', #3275, #4147, #1547 ) ;
#3003 = ORIENTED_EDGE ( 'NONE', *, *, #4710, .F. ) ;
#3004 = CARTESIAN_POINT ( 'NONE',  ( 0.2360999668518814765, 0.4299999999999999933, -0.02385703761293320874 ) ) ;
#3005 = CARTESIAN_POINT ( 'NONE',  ( 0.2645650247296615354, 0.4299000000000001154, -0.01780094388364585056 ) ) ;
#3006 = LINE ( 'NONE', #4256, #867 ) ;
#3007 = EDGE_CURVE ( 'NONE', #4753, #3009, #1674, .T. ) ;
#3009 = VERTEX_POINT ( 'NONE', #625 ) ;
#3008 = LINE ( 'NONE', #4351, #3916 ) ;
#3010 = CARTESIAN_POINT ( 'NONE',  ( 0.2531065920298011251, 0.4300000000000000488, -0.005397134912175958511 ) ) ;
#3011 = CARTESIAN_POINT ( 'NONE',  ( -0.2665000000000000147, -0.5900000000000000799, 0.02999999999999999889 ) ) ;
#3013 = ORIENTED_EDGE ( 'NONE', *, *, #4620, .T. ) ;
#3012 = FACE_BOUND ( 'NONE', #42, .T. ) ;
#3014 = CARTESIAN_POINT ( 'NONE',  ( 0.2978470815710126396, 0.4298999999999998933, -0.04570260007473235520 ) ) ;
#3015 = CARTESIAN_POINT ( 'NONE',  ( -0.3674999999999999933, 0.4299999999999999933, 0.1250000000000000000 ) ) ;
#3016 = PLANE ( 'NONE',  #5590 ) ;
#3017 = PRESENTATION_LAYER_ASSIGNMENT (  '', '', ( #3177 ) ) ;
#3018 = ORIENTED_EDGE ( 'NONE', *, *, #63, .F. ) ;
#3019 = UNCERTAINTY_MEASURE_WITH_UNIT (LENGTH_MEASURE( 1.000000000000000082E-05 ), #5278, 'distance_accuracy_value', 'NONE');
#3020 = EDGE_LOOP ( 'NONE', ( #4889, #5089 ) ) ;
#3021 = CARTESIAN_POINT ( 'NONE',  ( 0.2403359381996773847, 0.4298999999999999488, 0.04438659250236837162 ) ) ;
#3022 = CARTESIAN_POINT ( 'NONE',  ( 0.2568537186618534696, 0.4299000000000000599, 0.03787384937312452543 ) ) ;
#3023 = CARTESIAN_POINT ( 'NONE',  ( 0.2710500965888381075, 0.4298999999999998378, -0.01562738953154099025 ) ) ;
#3024 = EDGE_LOOP ( 'NONE', ( #2365, #5307, #5300, #1231 ) ) ;
#3025 = EDGE_CURVE ( 'NONE', #2241, #4579, #1081, .T. ) ;
#3026 = ADVANCED_FACE ( 'NONE', ( #3503, #947, #1482 ), #4050, .T. ) ;
#3027 = ORIENTED_EDGE ( 'NONE', *, *, #4118, .F. ) ;
#3028 = ORIENTED_EDGE ( 'NONE', *, *, #1319, .T. ) ;
#3029 = CARTESIAN_POINT ( 'NONE',  ( -0.3674999999999999933, 0.4299999999999999933, 0.1250000000000000000 ) ) ;
#3030 = CARTESIAN_POINT ( 'NONE',  ( -0.3043432128509486745, 0.4298999999999999488, -0.01137404655583462536 ) ) ;
#3031 = DIRECTION ( 'NONE',  ( -0.0000000000000000000, 1.000000000000000000, -0.0000000000000000000 ) ) ;
#3033 = ORIENTED_EDGE ( 'NONE', *, *, #1657, .T. ) ;
#3032 = LINE ( 'NONE', #3600, #5047 ) ;
#3034 = DIRECTION ( 'NONE',  ( -0.0000000000000000000, 0.0000000000000000000, 1.000000000000000000 ) ) ;
#3035 = FILL_AREA_STYLE ('',( #2678 ) ) ;
#3036 = CARTESIAN_POINT ( 'NONE',  ( 0.2447692762975733072, 0.4298999999999999488, -0.05453933808637077829 ) ) ;
#3037 = APPLICATION_PROTOCOL_DEFINITION ( 'draft international standard', 'automotive_design', 1998, #4776 ) ;
#3038 = VERTEX_POINT ( 'NONE', #4555 ) ;
#3039 = EDGE_CURVE ( 'NONE', #2948, #5435, #326, .T. ) ;
#3040 = EDGE_LOOP ( 'NONE', ( #1537, #4847, #5374, #2853 ) ) ;
#3041 = CARTESIAN_POINT ( 'NONE',  ( -0.2313420158024771522, 0.4299999999999999933, 0.04575732504731698513 ) ) ;
#3042 = CARTESIAN_POINT ( 'NONE',  ( 0.3017267643790603748, 0.4300000000000001044, 0.01121803033229758911 ) ) ;
#3043 = CARTESIAN_POINT ( 'NONE',  ( 0.2749423747901360016, 0.4299000000000000599, -0.01453226282979001166 ) ) ;
#3044 = LENGTH_MEASURE_WITH_UNIT ( LENGTH_MEASURE( 0.02539999999999999897 ), #2340 );
#3045 = DIMENSIONAL_EXPONENTS ( 1.000000000000000000, 0.0000000000000000000, 0.0000000000000000000, 0.0000000000000000000, 0.0000000000000000000, 0.0000000000000000000, 0.0000000000000000000 ) ;
#3046 = CARTESIAN_POINT ( 'NONE',  ( 0.3208287198289576647, 0.4298999999999998933, 0.006590816514237595423 ) ) ;
#3047 = CARTESIAN_POINT ( 'NONE',  ( 0.2522979310714476564, 0.4298999999999999488, -0.03296512212877023007 ) ) ;
#3048 = DIRECTION ( 'NONE',  ( 0.0000000000000000000, 0.0000000000000000000, 1.000000000000000000 ) ) ;
#3049 =( NAMED_UNIT ( * ) PLANE_ANGLE_UNIT ( ) SI_UNIT ( $, .RADIAN. ) );
#3050 = MECHANICAL_DESIGN_GEOMETRIC_PRESENTATION_REPRESENTATION (  '', ( #2955 ), #4521 ) ;
#3051 = ADVANCED_FACE ( 'NONE', ( #3222 ), #2752, .T. ) ;
#3052 = CARTESIAN_POINT ( 'NONE',  ( -0.1874999999999999722, 0.01000000000000000021, 0.07499999999999984457 ) ) ;
#3053 = CARTESIAN_POINT ( 'NONE',  ( 0.2716350124592172843, 0.4299000000000000599, -0.06517661674296647278 ) ) ;
#3054 = DIRECTION ( 'NONE',  ( 0.0000000000000000000, 0.0000000000000000000, -1.000000000000000000 ) ) ;
#3055 = CIRCLE ( 'NONE', #4092, 0.02000000000000000389 ) ;
#3056 = CARTESIAN_POINT ( 'NONE',  ( 0.2691461532582281047, 0.4300000000000002154, -0.05051133342978365859 ) ) ;
#3057 = FILL_AREA_STYLE ('',( #3466 ) ) ;
#3058 = CARTESIAN_POINT ( 'NONE',  ( 0.3175045242981330285, 0.4299000000000001154, 0.04614294155454021912 ) ) ;
#3059 = LINE ( 'NONE', #1847, #19 ) ;
#3060 = DIRECTION ( 'NONE',  ( -1.000000000000000000, -0.0000000000000000000, -7.760931800182568785E-16 ) ) ;
#3061 = VECTOR ( 'NONE', #1408, 39.37007874015748143 ) ;
#3062 = EDGE_CURVE ( 'NONE', #1026, #5290, #5563, .T. ) ;
#3063 =( CONVERSION_BASED_UNIT ( 'INCH', #4380 ) LENGTH_UNIT ( ) NAMED_UNIT ( #2744 ) );
#3064 = CARTESIAN_POINT ( 'NONE',  ( 0.3036477196934699307, 0.4298999999999999488, -0.05987184105444427751 ) ) ;
#3065 = LINE ( 'NONE', #4332, #5204 ) ;
#3066 = CARTESIAN_POINT ( 'NONE',  ( 0.1874999999999999722, 0.01000000000000000021, 0.07499999999999984457 ) ) ;
#3067 = CARTESIAN_POINT ( 'NONE',  ( -0.3224999999999999534, 0.01000000000000000021, -0.07499999999999984457 ) ) ;
#3068 =( CONVERSION_BASED_UNIT ( 'INCH', #1523 ) LENGTH_UNIT ( ) NAMED_UNIT ( #4675 ) );
#3069 = CARTESIAN_POINT ( 'NONE',  ( -0.2392769285251371281, 0.4298999999999999488, 0.002908796344953273796 ) ) ;
#3071 = VERTEX_POINT ( 'NONE', #4605 ) ;
#3070 = PRESENTATION_STYLE_ASSIGNMENT (( #1178 ) ) ;
#3072 = AXIS2_PLACEMENT_3D ( 'NONE', #2054, #3740, #1586 ) ;
#3073 = VECTOR ( 'NONE', #137, 39.37007874015748143 ) ;
#3075 = EDGE_LOOP ( 'NONE', ( #5582, #186 ) ) ;
#3074 = VECTOR ( 'NONE', #213, 39.37007874015748143 ) ;
#3076 = CARTESIAN_POINT ( 'NONE',  ( 0.2557749112509048461, 0.4298999999999998933, -0.04306852783025072462 ) ) ;
#3077 = FILL_AREA_STYLE_COLOUR ( '', #2731 ) ;
#3078 = DIRECTION ( 'NONE',  ( 0.0000000000000000000, 0.0000000000000000000, -1.000000000000000000 ) ) ;
#3079 = DIRECTION ( 'NONE',  ( 0.0000000000000000000, -1.000000000000000000, 0.0000000000000000000 ) ) ;
#3080 = ADVANCED_FACE ( 'NONE', ( #2956 ), #2917, .F. ) ;
#3081 = EDGE_CURVE ( 'NONE', #1365, #2560, #5359, .T. ) ;
#3082 = LINE ( 'NONE', #4898, #5090 ) ;
#3083 = DIRECTION ( 'NONE',  ( -0.4997224534895789438, 0.0000000000000000000, 0.8661855860485994096 ) ) ;
#3084 = ORIENTED_EDGE ( 'NONE', *, *, #5398, .T. ) ;
#3085 = CARTESIAN_POINT ( 'NONE',  ( -0.5000000000000000000, 0.0000000000000000000, 0.06249999999999993061 ) ) ;
#3086 = CARTESIAN_POINT ( 'NONE',  ( 0.1874999999999999722, -0.1900000000000000300, 0.02500000000000000139 ) ) ;
#3087 = EDGE_LOOP ( 'NONE', ( #1891, #2426 ) ) ;
#3088 = DIRECTION ( 'NONE',  ( -1.000000000000000000, 0.0000000000000000000, 0.0000000000000000000 ) ) ;
#3089 =( CONVERSION_BASED_UNIT ( 'INCH', #5284 ) LENGTH_UNIT ( ) NAMED_UNIT ( #948 ) );
#3090 = DIRECTION ( 'NONE',  ( -1.000000000000000000, 0.0000000000000000000, -0.0000000000000000000 ) ) ;
#3091 = EDGE_LOOP ( 'NONE', ( #3794, #4545 ) ) ;
#3092 = ORIENTED_EDGE ( 'NONE', *, *, #3039, .F. ) ;
#3093 =( NAMED_UNIT ( * ) PLANE_ANGLE_UNIT ( ) SI_UNIT ( $, .RADIAN. ) );
#3094 = EDGE_LOOP ( 'NONE', ( #533, #5111, #4395, #5357 ) ) ;
#3095 = CARTESIAN_POINT ( 'NONE',  ( 0.2957205740472744204, 0.4300000000000000488, 0.008154062359625562084 ) ) ;
#3096 = ORIENTED_EDGE ( 'NONE', *, *, #1172, .F. ) ;
#3097 = VERTEX_POINT ( 'NONE', #700 ) ;
#3098 = CARTESIAN_POINT ( 'NONE',  ( 0.2523148632849460671, 0.4299999999999999378, -0.03358740015862231310 ) ) ;
#3099 = SURFACE_STYLE_USAGE ( .BOTH. , #1442 ) ;
#3100 = CARTESIAN_POINT ( 'NONE',  ( 0.3175045242981330285, 0.4300000000000001044, 0.04614294155454021912 ) ) ;
#3101 = DIRECTION ( 'NONE',  ( 0.0000000000000000000, 0.0000000000000000000, -1.000000000000000000 ) ) ;
#3102 = EDGE_CURVE ( 'NONE', #3854, #1755, #4451, .T. ) ;
#3104 = EDGE_LOOP ( 'NONE', ( #5224, #1423, #4402, #5421 ) ) ;
#3103 = LINE ( 'NONE', #1875, #4143 ) ;
#3105 = DIMENSIONAL_EXPONENTS ( 1.000000000000000000, 0.0000000000000000000, 0.0000000000000000000, 0.0000000000000000000, 0.0000000000000000000, 0.0000000000000000000, 0.0000000000000000000 ) ;
#3106 = SURFACE_SIDE_STYLE ('',( #3423 ) ) ;
#3107 = CARTESIAN_POINT ( 'NONE',  ( -0.2665000000000000147, -0.6900000000000000577, -0.05000000000000000278 ) ) ;
#3108 = DIRECTION ( 'NONE',  ( 0.0000000000000000000, -0.0000000000000000000, 1.000000000000000000 ) ) ;
#3110 = EDGE_LOOP ( 'NONE', ( #2614, #3722, #1008, #4837 ) ) ;
#3109 = LINE ( 'NONE', #2033, #907 ) ;
#3111 = STYLED_ITEM ( 'NONE', ( #4176 ), #545 ) ;
#3112 = ADVANCED_FACE ( 'NONE', ( #3705 ), #4162, .T. ) ;
#3113 =( NAMED_UNIT ( * ) PLANE_ANGLE_UNIT ( ) SI_UNIT ( $, .RADIAN. ) );
#3114 = APPLICATION_PROTOCOL_DEFINITION ( 'draft international standard', 'automotive_design', 1998, #1787 ) ;
#3115 = CARTESIAN_POINT ( 'NONE',  ( 0.2350464972932411190, 0.4298999999999999488, -0.03183789776258059284 ) ) ;
#3116 = VERTEX_POINT ( 'NONE', #1137 ) ;
#3117 = VECTOR ( 'NONE', #4053, 39.37007874015748143 ) ;
#3118 = EDGE_CURVE ( 'NONE', #4961, #1807, #4960, .T. ) ;
#3119 = CARTESIAN_POINT ( 'NONE',  ( 0.2538147415677557417, 0.4299999999999999933, -0.03998109574085482315 ) ) ;
#3120 = CARTESIAN_POINT ( 'NONE',  ( 0.2824999999999999734, -0.1849999999999999423, 0.07700000000000001288 ) ) ;
#3121 = CARTESIAN_POINT ( 'NONE',  ( 0.3117871380406632698, 0.4299999999999999933, 0.05131178931917755592 ) ) ;
#3122 = PRESENTATION_STYLE_ASSIGNMENT (( #4957 ) ) ;
#3123 = AXIS2_PLACEMENT_3D ( 'NONE', #5418, #5381, #2856 ) ;
#3124 = VECTOR ( 'NONE', #1656, 39.37007874015748143 ) ;
#3125 = UNCERTAINTY_MEASURE_WITH_UNIT (LENGTH_MEASURE( 1.000000000000000082E-05 ), #3063, 'distance_accuracy_value', 'NONE');
#3126 = UNCERTAINTY_MEASURE_WITH_UNIT (LENGTH_MEASURE( 1.000000000000000082E-05 ), #3068, 'distance_accuracy_value', 'NONE');
#3127 = LINE ( 'NONE', #910, #2859 ) ;
#3128 = SURFACE_STYLE_USAGE ( .BOTH. , #2691 ) ;
#3129 = CARTESIAN_POINT ( 'NONE',  ( 0.2775134500455592734, 0.4299999999999999933, -0.06533606534043336078 ) ) ;
#3130 = CARTESIAN_POINT ( 'NONE',  ( 0.2824999999999999734, -0.1900000000000000300, 0.05700000000000000205 ) ) ;
#3131 = PRESENTATION_LAYER_ASSIGNMENT (  '', '', ( #725 ) ) ;
#3132 = DIRECTION ( 'NONE',  ( -0.0000000000000000000, -1.000000000000000000, -0.0000000000000000000 ) ) ;
#3133 = CARTESIAN_POINT ( 'NONE',  ( 0.3056205445677224741, 0.4298999999999999488, -0.02926488562236512908 ) ) ;
#3134 = VECTOR ( 'NONE', #3842, 39.37007874015748143 ) ;
#3135 = CARTESIAN_POINT ( 'NONE',  ( 0.2952896053873470539, 0.4300000000000000488, 0.007977207043844108947 ) ) ;
#3136 = EDGE_CURVE ( 'NONE', #3998, #2555, #39, .T. ) ;
#3137 = DIRECTION ( 'NONE',  ( 0.0000000000000000000, 0.0000000000000000000, 1.000000000000000000 ) ) ;
#3138 = ADVANCED_FACE ( 'NONE', ( #115 ), #2971, .F. ) ;
#3139 = CARTESIAN_POINT ( 'NONE',  ( 0.3024999999999998246, 0.01000000000000000021, -0.09499999999999998723 ) ) ;
#3141 = ORIENTED_EDGE ( 'NONE', *, *, #4477, .T. ) ;
#3140 = FACE_OUTER_BOUND ( 'NONE', #123, .T. ) ;
#3142 = MECHANICAL_DESIGN_GEOMETRIC_PRESENTATION_REPRESENTATION (  '', ( #4900 ), #4803 ) ;
#3143 = SURFACE_SIDE_STYLE ('',( #2642 ) ) ;
#3144 = LINE ( 'NONE', #4955, #3285 ) ;
#3145 = CARTESIAN_POINT ( 'NONE',  ( 0.2561932709037090250, 0.4299999999999997713, -0.06161354342038306148 ) ) ;
#3146 =( LENGTH_UNIT ( ) NAMED_UNIT ( * ) SI_UNIT ( $, .METRE. ) );
#3147 = CARTESIAN_POINT ( 'NONE',  ( -0.1874999999999999445, 0.01000000000000000021, -0.08999999999999999667 ) ) ;
#3149 = ORIENTED_EDGE ( 'NONE', *, *, #2350, .T. ) ;
#3148 = VECTOR ( 'NONE', #4095, 39.37007874015748143 ) ;
#3150 = DIRECTION ( 'NONE',  ( -0.0000000000000000000, 0.0000000000000000000, -1.000000000000000000 ) ) ;
#3151 = DIRECTION ( 'NONE',  ( -1.000000000000000000, 0.0000000000000000000, 0.0000000000000000000 ) ) ;
#3152 = MECHANICAL_DESIGN_GEOMETRIC_PRESENTATION_REPRESENTATION (  '', ( #639 ), #4513 ) ;
#3153 = DIRECTION ( 'NONE',  ( 0.0000000000000000000, -1.000000000000000000, 0.0000000000000000000 ) ) ;
#3155 = ORIENTED_EDGE ( 'NONE', *, *, #4983, .T. ) ;
#3154 = LENGTH_MEASURE_WITH_UNIT ( LENGTH_MEASURE( 0.02539999999999999897 ), #1706 );
#3156 =( NAMED_UNIT ( * ) PLANE_ANGLE_UNIT ( ) SI_UNIT ( $, .RADIAN. ) );
#3157 = CARTESIAN_POINT ( 'NONE',  ( 0.3086351461895047166, 0.4299999999999999378, 0.02205775546698822767 ) ) ;
#3158 = ORIENTED_EDGE ( 'NONE', *, *, #4963, .T. ) ;
#3159 = EDGE_LOOP ( 'NONE', ( #2031, #3569, #1842, #4838 ) ) ;
#3160 = EDGE_CURVE ( 'NONE', #4388, #4133, #2545, .T. ) ;
#3161 = ORIENTED_EDGE ( 'NONE', *, *, #1739, .F. ) ;
#3162 = ORIENTED_EDGE ( 'NONE', *, *, #1115, .T. ) ;
#3163 = CARTESIAN_POINT ( 'NONE',  ( 0.4850000000000000422, 0.1000000000000000056, 0.1250000000000000000 ) ) ;
#3164 = CARTESIAN_POINT ( 'NONE',  ( 0.2566843041485769028, 0.4298999999999999488, -0.02215847113986527464 ) ) ;
#3165 = CARTESIAN_POINT ( 'NONE',  ( 0.1874999999999999722, -0.1900000000000000300, 0.07499999999999984457 ) ) ;
#3166 = VERTEX_POINT ( 'NONE', #3372 ) ;
#3167 = PLANE ( 'NONE',  #1469 ) ;
#3168 = CARTESIAN_POINT ( 'NONE',  ( 0.2675062450065082698, 0.4299999999999999933, 0.04394073587877960624 ) ) ;
#3169 = EDGE_LOOP ( 'NONE', ( #737, #2985, #482, #3028 ) ) ;
#3170 = CARTESIAN_POINT ( 'NONE',  ( 0.2824999999999999734, -0.1849999999999999978, -0.05700000000000000205 ) ) ;
#3171 = ADVANCED_FACE ( 'NONE', ( #2282, #1622 ), #5117, .T. ) ;
#3173 = ORIENTED_EDGE ( 'NONE', *, *, #5261, .F. ) ;
#3172 = CIRCLE ( 'NONE', #5576, 0.02500000000000002220 ) ;
#3174 = CARTESIAN_POINT ( 'NONE',  ( 0.2623399702639371278, 0.4299999999999999933, -0.001657961807647388751 ) ) ;
#3175 = CIRCLE ( 'NONE', #3471, 0.02000000000000000736 ) ;
#3176 = CARTESIAN_POINT ( 'NONE',  ( 0.3178759988207975340, 0.4298999999999998378, 0.002997976596358819818 ) ) ;
#3177 = STYLED_ITEM ( 'NONE', ( #1213 ), #2687 ) ;
#3179 = EDGE_LOOP ( 'NONE', ( #4326, #4000 ) ) ;
#3178 = FACE_BOUND ( 'NONE', #815, .T. ) ;
#3180 = CARTESIAN_POINT ( 'NONE',  ( -0.3374999999999999667, 0.4299999999999999933, -0.09499999999999998723 ) ) ;
#3181 = EDGE_CURVE ( 'NONE', #3940, #409, #5492, .T. ) ;
#3182 = EDGE_LOOP ( 'NONE', ( #2811, #1686, #2835, #2412 ) ) ;
#3183 = CARTESIAN_POINT ( 'NONE',  ( 0.2824999999999999734, -0.6900000000000000577, 0.05700000000000000205 ) ) ;
#3184 = CARTESIAN_POINT ( 'NONE',  ( -0.2665000000000000147, -0.5900000000000000799, -0.02999999999999999889 ) ) ;
#3185 = SURFACE_STYLE_USAGE ( .BOTH. , #2327 ) ;
#3186 =( GEOMETRIC_REPRESENTATION_CONTEXT ( 3 ) GLOBAL_UNCERTAINTY_ASSIGNED_CONTEXT ( ( #2035 ) ) GLOBAL_UNIT_ASSIGNED_CONTEXT ( ( #4626, #3298, #1588 ) ) REPRESENTATION_CONTEXT ( 'NONE', 'WORKASPACE' ) );
#3187 = VECTOR ( 'NONE', #4467, 39.37007874015748143 ) ;
#3188 = DIRECTION ( 'NONE',  ( 0.0000000000000000000, -1.000000000000000000, 0.0000000000000000000 ) ) ;
#3189 = CARTESIAN_POINT ( 'NONE',  ( -0.2313420158024771522, 0.4298999999999999488, 0.04575732504731698513 ) ) ;
#3190 = FACE_OUTER_BOUND ( 'NONE', #2233, .T. ) ;
#3191 = EDGE_CURVE ( 'NONE', #4416, #3116, #5029, .T. ) ;
#3192 = SURFACE_STYLE_FILL_AREA ( #573 ) ;
#3193 = CARTESIAN_POINT ( 'NONE',  ( 0.2958441334178522619, 0.4298999999999999488, 0.04320234148029913901 ) ) ;
#3194 = CARTESIAN_POINT ( 'NONE',  ( -0.3218000208408005602, 0.4298999999999999488, 0.06004016794810488472 ) ) ;
#3195 = ADVANCED_FACE ( 'NONE', ( #4117, #3983 ), #1375, .T. ) ;
#3196 = FACE_OUTER_BOUND ( 'NONE', #1748, .T. ) ;
#3197 = VECTOR ( 'NONE', #5071, 39.37007874015748143 ) ;
#3198 = CARTESIAN_POINT ( 'NONE',  ( 0.2824999999999999734, -0.5900000000000000799, 0.03699999999999999817 ) ) ;
#3199 = SURFACE_STYLE_USAGE ( .BOTH. , #2808 ) ;
#3200 = DIRECTION ( 'NONE',  ( -0.0000000000000000000, 1.000000000000000000, -0.0000000000000000000 ) ) ;
#3201 = VECTOR ( 'NONE', #1922, 39.37007874015748143 ) ;
#3202 = CARTESIAN_POINT ( 'NONE',  ( 0.2422656208621709606, 0.4299000000000000599, 0.04658445807798053395 ) ) ;
#3203 = DIRECTION ( 'NONE',  ( 0.0000000000000000000, 0.0000000000000000000, 1.000000000000000000 ) ) ;
#3204 = FACE_OUTER_BOUND ( 'NONE', #148, .T. ) ;
#3205 = CARTESIAN_POINT ( 'NONE',  ( 0.3155262235721907338, 0.4299999999999999378, -0.05034149384105968128 ) ) ;
#3206 = FACE_BOUND ( 'NONE', #892, .T. ) ;
#3207 = SURFACE_SIDE_STYLE ('',( #5546 ) ) ;
#3208 = VECTOR ( 'NONE', #4640, 39.37007874015748143 ) ;
#3209 = EDGE_CURVE ( 'NONE', #5163, #2231, #1209, .T. ) ;
#3210 = CYLINDRICAL_SURFACE ( 'NONE', #5013, 0.02000000000000000389 ) ;
#3211 = ORIENTED_EDGE ( 'NONE', *, *, #3367, .F. ) ;
#3212 = CARTESIAN_POINT ( 'NONE',  ( 0.1875000000000000278, -0.4506939094329985851, 0.1249999999999999861 ) ) ;
#3213 =( LENGTH_UNIT ( ) NAMED_UNIT ( * ) SI_UNIT ( $, .METRE. ) );
#3214 = LINE ( 'NONE', #2271, #2813 ) ;
#3215 = ORIENTED_EDGE ( 'NONE', *, *, #1127, .T. ) ;
#3216 = AXIS2_PLACEMENT_3D ( 'NONE', #1571, #4956, #1982 ) ;
#3217 =( NAMED_UNIT ( * ) PLANE_ANGLE_UNIT ( ) SI_UNIT ( $, .RADIAN. ) );
#3218 = DIRECTION ( 'NONE',  ( 0.0000000000000000000, 0.0000000000000000000, 1.000000000000000000 ) ) ;
#3219 = CARTESIAN_POINT ( 'NONE',  ( 0.1875000000000000278, 0.0000000000000000000, 0.08999999999999994116 ) ) ;
#3220 = DIRECTION ( 'NONE',  ( 0.0000000000000000000, 0.0000000000000000000, -1.000000000000000000 ) ) ;
#3221 = CARTESIAN_POINT ( 'NONE',  ( 0.2422656208621709606, 0.4300000000000001044, 0.04658445807798053395 ) ) ;
#3222 = FACE_OUTER_BOUND ( 'NONE', #233, .T. ) ;
#3223 = STYLED_ITEM ( 'NONE', ( #4683 ), #5532 ) ;
#3224 = VERTEX_POINT ( 'NONE', #2585 ) ;
#3225 = ORIENTED_EDGE ( 'NONE', *, *, #3230, .T. ) ;
#3226 = ADVANCED_FACE ( 'NONE', ( #595 ), #3016, .F. ) ;
#3227 = CARTESIAN_POINT ( 'NONE',  ( 0.1875000000000000278, 0.01000000000000000021, 0.08999999999999994116 ) ) ;
#3228 =( NAMED_UNIT ( * ) PLANE_ANGLE_UNIT ( ) SI_UNIT ( $, .RADIAN. ) );
#3229 = ORIENTED_EDGE ( 'NONE', *, *, #2761, .F. ) ;
#3230 = EDGE_CURVE ( 'NONE', #1974, #3998, #3823, .T. ) ;
#3231 = ORIENTED_EDGE ( 'NONE', *, *, #517, .F. ) ;
#3232 = ORIENTED_EDGE ( 'NONE', *, *, #1972, .F. ) ;
#3233 = AXIS2_PLACEMENT_3D ( 'NONE', #4449, #1470, #2697 ) ;
#3234 = DIRECTION ( 'NONE',  ( 0.0000000000000000000, -1.000000000000000000, 0.0000000000000000000 ) ) ;
#3235 = CARTESIAN_POINT ( 'NONE',  ( 0.2924720597273554046, 0.4300000000000000488, 0.04448869151779624026 ) ) ;
#3236 = DIRECTION ( 'NONE',  ( 1.000000000000000000, 0.0000000000000000000, 0.0000000000000000000 ) ) ;
#3238 = VERTEX_POINT ( 'NONE', #3439 ) ;
#3237 = ORIENTED_EDGE ( 'NONE', *, *, #556, .F. ) ;
#3239 = COLOUR_RGB ( '',1.000000000000000000, 1.000000000000000000, 1.000000000000000000 ) ;
#3240 = AXIS2_PLACEMENT_3D ( 'NONE', #1535, #4167, #2435 ) ;
#3241 = DIRECTION ( 'NONE',  ( -0.0000000000000000000, 1.000000000000000000, -0.0000000000000000000 ) ) ;
#3242 = SURFACE_STYLE_USAGE ( .BOTH. , #3724 ) ;
#3243 = DIRECTION ( 'NONE',  ( 0.0000000000000000000, 0.0000000000000000000, 1.000000000000000000 ) ) ;
#3244 = CARTESIAN_POINT ( 'NONE',  ( 0.2775134500455592734, 0.4299999999999999933, -0.06533606534043336078 ) ) ;
#3246 = ORIENTED_EDGE ( 'NONE', *, *, #1273, .T. ) ;
#3245 = VECTOR ( 'NONE', #1896, 39.37007874015748143 ) ;
#3247 = SURFACE_SIDE_STYLE ('',( #4161 ) ) ;
#3248 = CARTESIAN_POINT ( 'NONE',  ( 0.2958181610513328508, 0.4300000000000000488, -0.06299522212056704595 ) ) ;
#3249 = EDGE_CURVE ( 'NONE', #2911, #3865, #4379, .T. ) ;
#3251 = ORIENTED_EDGE ( 'NONE', *, *, #4599, .F. ) ;
#3250 = LINE ( 'NONE', #3672, #5118 ) ;
#3252 = CARTESIAN_POINT ( 'NONE',  ( 0.3056205445677224741, 0.4298999999999999488, -0.02926488562236512908 ) ) ;
#3253 = B_SPLINE_CURVE_WITH_KNOTS ( 'NONE', 3,
 ( #1895, #4833, #4058, #1466, #1854, #2261, #1407, #548, #5253, #5273, #5315, #587, #2750, #3145, #144, #3632, #4867, #105, #3129 ),
 .UNSPECIFIED., .F., .F.,
 ( 4, 1, 1, 1, 1, 1, 1, 1, 1, 1, 1, 1, 1, 1, 1, 1, 4 ),
 ( 0.0000000000000000000, 0.07499546738983194072, 0.1491654404266558320, 0.2236642943382245174, 0.3004120221906722010, 0.3395704846106346597, 0.3789205746932792773, 0.4180957375990931313, 0.4582296767501550794, 0.4984267212184583240, 0.5397075464534798472, 0.5822159516458430550, 0.6258238199943743085, 0.7154812648736974534, 0.8073840844133596262, 0.9016341255073716532, 1.000000000000000000 ),
 .UNSPECIFIED. ) ;
#3254 = CARTESIAN_POINT ( 'NONE',  ( 0.2330221022414468157, 0.4298999999999999488, 0.03143766686717563291 ) ) ;
#3255 = CARTESIAN_POINT ( 'NONE',  ( 0.2385336374244769464, 0.4299000000000000599, 0.04205179593931471921 ) ) ;
#3256 = ORIENTED_EDGE ( 'NONE', *, *, #4874, .F. ) ;
#3257 = EDGE_CURVE ( 'NONE', #4204, #4727, #2745, .T. ) ;
#3258 = ADVANCED_FACE ( 'NONE', ( #2348, #4891 ), #5188, .F. ) ;
#3259 = FACE_OUTER_BOUND ( 'NONE', #4213, .T. ) ;
#3260 = PRESENTATION_STYLE_ASSIGNMENT (( #785 ) ) ;
#3261 = SURFACE_SIDE_STYLE ('',( #4945 ) ) ;
#3262 = CARTESIAN_POINT ( 'NONE',  ( -0.2313420158024771522, 0.4298999999999999488, 0.04575732504731698513 ) ) ;
#3263 = DIRECTION ( 'NONE',  ( 0.0000000000000000000, 0.0000000000000000000, -1.000000000000000000 ) ) ;
#3264 = CARTESIAN_POINT ( 'NONE',  ( 0.2675062450065082698, 0.4299999999999999933, 0.04394073587877960624 ) ) ;
#3265 = CARTESIAN_POINT ( 'NONE',  ( 0.2632865150732934256, 0.4298999999999999488, 0.05815960184368546698 ) ) ;
#3266 = EDGE_CURVE ( 'NONE', #4589, #2488, #30, .T. ) ;
#3267 = MECHANICAL_DESIGN_GEOMETRIC_PRESENTATION_REPRESENTATION (  '', ( #1044 ), #1715 ) ;
#3268 = CARTESIAN_POINT ( 'NONE',  ( 0.3674999999999999933, -0.0000000000000000000, -0.1250000000000000000 ) ) ;
#3269 = CARTESIAN_POINT ( 'NONE',  ( 0.2957205740472744204, 0.4299000000000000599, 0.008154062359625562084 ) ) ;
#3270 = CIRCLE ( 'NONE', #5265, 0.02000000000000000389 ) ;
#3271 = DIRECTION ( 'NONE',  ( 0.0000000000000000000, 0.0000000000000000000, -1.000000000000000000 ) ) ;
#3272 = EDGE_CURVE ( 'NONE', #3525, #676, #3214, .T. ) ;
#3273 = FILL_AREA_STYLE_COLOUR ( '', #2058 ) ;
#3274 = CARTESIAN_POINT ( 'NONE',  ( 0.2303415608082756971, 0.4298999999999999488, 0.01621616706563401913 ) ) ;
#3275 = CARTESIAN_POINT ( 'NONE',  ( -0.2392769285251371281, 0.4298999999999999488, -0.01137404655583462536 ) ) ;
#3276 = LINE ( 'NONE', #89, #2124 ) ;
#3277 = SURFACE_STYLE_FILL_AREA ( #5360 ) ;
#3278 = SURFACE_STYLE_FILL_AREA ( #2698 ) ;
#3279 = DIRECTION ( 'NONE',  ( -0.8661855860485984104, -0.0000000000000000000, 0.4997224534895804426 ) ) ;
#3280 = CARTESIAN_POINT ( 'NONE',  ( 0.2504784066563069955, 0.4299999999999999933, 0.02875010788512847443 ) ) ;
#3281 = ORIENTED_EDGE ( 'NONE', *, *, #4610, .T. ) ;
#3282 = ADVANCED_FACE ( 'NONE', ( #1077 ), #988, .F. ) ;
#3283 = MECHANICAL_DESIGN_GEOMETRIC_PRESENTATION_REPRESENTATION (  '', ( #1843 ), #1643 ) ;
#3284 = CARTESIAN_POINT ( 'NONE',  ( 0.2775134500455592734, 0.4299999999999999933, -0.06533606534043336078 ) ) ;
#3285 = VECTOR ( 'NONE', #2433, 39.37007874015748143 ) ;
#3286 = CARTESIAN_POINT ( 'NONE',  ( 0.2074999999999999623, -0.1900000000000000300, 0.07499999999999999722 ) ) ;
#3287 = VERTEX_POINT ( 'NONE', #576 ) ;
#3288 = EDGE_CURVE ( 'NONE', #5032, #1565, #2075, .T. ) ;
#3289 = VECTOR ( 'NONE', #5548, 39.37007874015748143 ) ;
#3290 = DIRECTION ( 'NONE',  ( -0.0000000000000000000, 1.000000000000000000, -0.0000000000000000000 ) ) ;
#3291 = CARTESIAN_POINT ( 'NONE',  ( 0.3081091029139190196, 0.4300000000000000488, 0.01954154091891021836 ) ) ;
#3292 = CARTESIAN_POINT ( 'NONE',  ( -0.2313420158024771522, 0.4298999999999999488, 0.06004016794810488472 ) ) ;
#3293 = CARTESIAN_POINT ( 'NONE',  ( 0.3024999999999999911, -0.1900000000000000300, 0.07499999999999999722 ) ) ;
#3295 = VERTEX_POINT ( 'NONE', #4432 ) ;
#3294 = VECTOR ( 'NONE', #64, 39.37007874015748143 ) ;
#3296 = AXIS2_PLACEMENT_3D ( 'NONE', #3589, #4010, #555 ) ;
#3297 = EDGE_LOOP ( 'NONE', ( #3699, #3307, #3509, #889 ) ) ;
#3298 =( NAMED_UNIT ( * ) PLANE_ANGLE_UNIT ( ) SI_UNIT ( $, .RADIAN. ) );
#3299 = DIRECTION ( 'NONE',  ( 0.0000000000000000000, -1.000000000000000000, 0.0000000000000000000 ) ) ;
#3300 = CARTESIAN_POINT ( 'NONE',  ( 0.2394460734542082081, 0.4300000000000001044, -0.01660858596188121220 ) ) ;
#3301 = CARTESIAN_POINT ( 'NONE',  ( 0.3102510421220212589, 0.4298999999999999488, -0.05569422840005727043 ) ) ;
#3303 = ORIENTED_EDGE ( 'NONE', *, *, #1115, .F. ) ;
#3302 = ORIENTED_EDGE ( 'NONE', *, *, #4268, .T. ) ;
#3304 = CARTESIAN_POINT ( 'NONE',  ( 0.3024999999999998246, -0.1900000000000000300, -0.09499999999999998723 ) ) ;
#3305 = UNCERTAINTY_MEASURE_WITH_UNIT (LENGTH_MEASURE( 1.000000000000000082E-05 ), #3320, 'distance_accuracy_value', 'NONE');
#3306 = CARTESIAN_POINT ( 'NONE',  ( 0.2738067739293675862, 0.4299000000000001709, 0.05983564422078404416 ) ) ;
#3307 = ORIENTED_EDGE ( 'NONE', *, *, #2093, .T. ) ;
#3308 = EDGE_CURVE ( 'NONE', #4601, #2079, #939, .T. ) ;
#3309 = ORIENTED_EDGE ( 'NONE', *, *, #3342, .T. ) ;
#3310 = PLANE ( 'NONE',  #4590 ) ;
#3311 = ORIENTED_EDGE ( 'NONE', *, *, #4283, .T. ) ;
#3312 = CARTESIAN_POINT ( 'NONE',  ( 0.2274999999999999523, -0.1900000000000000300, 0.0000000000000000000 ) ) ;
#3313 = CARTESIAN_POINT ( 'NONE',  ( 0.2303838557242769702, 0.4298999999999999488, 0.01728733972718491871 ) ) ;
#3314 = CARTESIAN_POINT ( 'NONE',  ( 0.2836760182375512307, 0.4299999999999999933, 0.06007790354747925832 ) ) ;
#3315 = DIMENSIONAL_EXPONENTS ( 1.000000000000000000, 0.0000000000000000000, 0.0000000000000000000, 0.0000000000000000000, 0.0000000000000000000, 0.0000000000000000000, 0.0000000000000000000 ) ;
#3316 = LINE ( 'NONE', #3409, #3879 ) ;
#3317 = AXIS2_PLACEMENT_3D ( 'NONE', #961, #5237, #86 ) ;
#3318 = CARTESIAN_POINT ( 'NONE',  ( -0.2665000000000000147, -0.1849999999999999978, 0.05000000000000000278 ) ) ;
#3319 =( LENGTH_UNIT ( ) NAMED_UNIT ( * ) SI_UNIT ( $, .METRE. ) );
#3320 =( CONVERSION_BASED_UNIT ( 'INCH', #4474 ) LENGTH_UNIT ( ) NAMED_UNIT ( #3872 ) );
#3321 = CARTESIAN_POINT ( 'NONE',  ( 0.2354404054451539330, 0.4300000000000001044, 0.03693992095937935483 ) ) ;
#3322 =( NAMED_UNIT ( * ) SI_UNIT ( $, .STERADIAN. ) SOLID_ANGLE_UNIT ( ) );
#3323 = ORIENTED_EDGE ( 'NONE', *, *, #3209, .T. ) ;
#3324 = EDGE_CURVE ( 'NONE', #2316, #2638, #5087, .T. ) ;
#3325 = DIRECTION ( 'NONE',  ( 0.0000000000000000000, 0.0000000000000000000, -1.000000000000000000 ) ) ;
#3326 = CARTESIAN_POINT ( 'NONE',  ( 0.3259964162551737266, 0.4299999999999999378, 0.02303611161052404599 ) ) ;
#3327 =( LENGTH_UNIT ( ) NAMED_UNIT ( * ) SI_UNIT ( $, .METRE. ) );
#3328 = CARTESIAN_POINT ( 'NONE',  ( 0.2906669979387604408, 0.4299999999999997713, 0.006364761100505405243 ) ) ;
#3329 = DIRECTION ( 'NONE',  ( 0.0000000000000000000, -1.000000000000000000, 0.0000000000000000000 ) ) ;
#3331 = ORIENTED_EDGE ( 'NONE', *, *, #678, .T. ) ;
#3330 = CIRCLE ( 'NONE', #48, 0.06250000000000002776 ) ;
#3332 = LINE ( 'NONE', #3268, #5129 ) ;
#3333 = DIRECTION ( 'NONE',  ( 0.0000000000000000000, 0.0000000000000000000, -1.000000000000000000 ) ) ;
#3334 = CARTESIAN_POINT ( 'NONE',  ( 0.2824999999999999734, -0.1849999999999999978, 0.05700000000000000205 ) ) ;
#3335 = PRESENTATION_LAYER_ASSIGNMENT (  '', '', ( #4773 ) ) ;
#3336 = COLOUR_RGB ( '',1.000000000000000000, 1.000000000000000000, 1.000000000000000000 ) ;
#3337 = COLOUR_RGB ( '',0.0000000000000000000, 0.0000000000000000000, 0.0000000000000000000 ) ;
#3338 = AXIS2_PLACEMENT_3D ( 'NONE', #3813, #2078, #3926 ) ;
#3339 = CARTESIAN_POINT ( 'NONE',  ( -0.4850000000000000422, 0.1000000000000000056, -1.707404996040164512E-17 ) ) ;
#3340 = DIRECTION ( 'NONE',  ( -0.0000000000000000000, 0.0000000000000000000, -1.000000000000000000 ) ) ;
#3341 = CYLINDRICAL_SURFACE ( 'NONE', #1439, 0.01000000000000000368 ) ;
#3342 = EDGE_CURVE ( 'NONE', #2963, #1738, #2886, .T. ) ;
#3343 = COLOUR_RGB ( '',1.000000000000000000, 1.000000000000000000, 1.000000000000000000 ) ;
#3344 = PRESENTATION_LAYER_ASSIGNMENT (  '', '', ( #5553 ) ) ;
#3345 = CARTESIAN_POINT ( 'NONE',  ( 0.2447692762975733072, 0.4299999999999999933, -0.05453933808637077829 ) ) ;
#3346 = VECTOR ( 'NONE', #4918, 39.37007874015748143 ) ;
#3347 =( CONVERSION_BASED_UNIT ( 'INCH', #1420 ) LENGTH_UNIT ( ) NAMED_UNIT ( #162 ) );
#3348 = FILL_AREA_STYLE ('',( #5025 ) ) ;
#3349 = CARTESIAN_POINT ( 'NONE',  ( 0.3031447915955768901, 0.4299000000000003374, -0.03878965240556884325 ) ) ;
#3350 = FACE_OUTER_BOUND ( 'NONE', #3087, .T. ) ;
#3351 = CARTESIAN_POINT ( 'NONE',  ( 0.3047873787318431948, 0.4300000000000000488, -0.005740203197538019941 ) ) ;
#3352 = FILL_AREA_STYLE ('',( #330 ) ) ;
#3353 = MECHANICAL_DESIGN_GEOMETRIC_PRESENTATION_REPRESENTATION (  '', ( #4623 ), #5240 ) ;
#3354 = SURFACE_STYLE_FILL_AREA ( #3 ) ;
#3355 = ORIENTED_EDGE ( 'NONE', *, *, #2572, .T. ) ;
#3356 = DIRECTION ( 'NONE',  ( 0.0000000000000000000, 0.0000000000000000000, -1.000000000000000000 ) ) ;
#3357 = CARTESIAN_POINT ( 'NONE',  ( -0.3218000208408005602, 0.4298999999999999488, 0.06004016794810488472 ) ) ;
#3358 = FILL_AREA_STYLE_COLOUR ( '', #3674 ) ;
#3359 = SURFACE_STYLE_USAGE ( .BOTH. , #2096 ) ;
#3361 = ORIENTED_EDGE ( 'NONE', *, *, #2646, .F. ) ;
#3360 = LINE ( 'NONE', #4665, #2887 ) ;
#3362 = CARTESIAN_POINT ( 'NONE',  ( 0.2755262547173795706, 0.4299999999999999933, -0.06528216402680757369 ) ) ;
#3363 = PLANE ( 'NONE',  #5474 ) ;
#3364 = DIRECTION ( 'NONE',  ( -1.000000000000000000, 0.0000000000000000000, 0.0000000000000000000 ) ) ;
#3365 = ORIENTED_EDGE ( 'NONE', *, *, #5479, .T. ) ;
#3366 = ORIENTED_EDGE ( 'NONE', *, *, #556, .T. ) ;
#3367 = EDGE_CURVE ( 'NONE', #1155, #956, #871, .T. ) ;
#3368 = B_SPLINE_CURVE_WITH_KNOTS ( 'NONE', 3,
 ( #4220, #2012, #1205, #1580, #3802, #4241, #1168, #4603, #1153, #4173, #5008, #2493, #5454, #2456, #1646, #2874, #5046, #5433, #2510 ),
 .UNSPECIFIED., .F., .F.,
 ( 4, 1, 1, 1, 1, 1, 1, 1, 1, 1, 1, 1, 1, 1, 1, 1, 4 ),
 ( 0.0000000000000000000, 0.09151103632803693488, 0.1771428603141483038, 0.2571084852282345956, 0.3311983993883844679, 0.4005922945239580590, 0.4656249598049641003, 0.5269734913138600652, 0.5854431157040232980, 0.6413985080863310317, 0.6950441672657241554, 0.7467815514927483855, 0.7969589345766995292, 0.8475448623598799136, 0.8974385414187385779, 0.9476489188871284330, 1.000000000000000000 ),
 .UNSPECIFIED. ) ;
#3369 = CARTESIAN_POINT ( 'NONE',  ( 0.3052964512123237384, 0.4299000000000000599, -0.03185480215519485153 ) ) ;
#3370 = ORIENTED_EDGE ( 'NONE', *, *, #5448, .T. ) ;
#3371 = DIRECTION ( 'NONE',  ( -1.000000000000000000, 0.0000000000000000000, 0.0000000000000000000 ) ) ;
#3372 = CARTESIAN_POINT ( 'NONE',  ( -0.1875000000000000278, 0.4299999999999999933, -0.1250000000000000000 ) ) ;
#3373 = MECHANICAL_DESIGN_GEOMETRIC_PRESENTATION_REPRESENTATION (  '', ( #2206 ), #5012 ) ;
#3374 = DIMENSIONAL_EXPONENTS ( 1.000000000000000000, 0.0000000000000000000, 0.0000000000000000000, 0.0000000000000000000, 0.0000000000000000000, 0.0000000000000000000, 0.0000000000000000000 ) ;
#3375 = ORIENTED_EDGE ( 'NONE', *, *, #4459, .T. ) ;
#3376 = ORIENTED_EDGE ( 'NONE', *, *, #2798, .T. ) ;
#3377 = ORIENTED_EDGE ( 'NONE', *, *, #1989, .F. ) ;
#3378 = CARTESIAN_POINT ( 'NONE',  ( -0.2134999999999999121, 0.01000000000000000021, -0.1050000000000000239 ) ) ;
#3379 =( NAMED_UNIT ( * ) PLANE_ANGLE_UNIT ( ) SI_UNIT ( $, .RADIAN. ) );
#3380 = UNCERTAINTY_MEASURE_WITH_UNIT (LENGTH_MEASURE( 1.000000000000000082E-05 ), #2216, 'distance_accuracy_value', 'NONE');
#3381 =( LENGTH_UNIT ( ) NAMED_UNIT ( * ) SI_UNIT ( $, .METRE. ) );
#3382 = ADVANCED_FACE ( 'NONE', ( #804 ), #4439, .T. ) ;
#3384 = ORIENTED_EDGE ( 'NONE', *, *, #2559, .F. ) ;
#3383 = ORIENTED_EDGE ( 'NONE', *, *, #5252, .F. ) ;
#3385 = CARTESIAN_POINT ( 'NONE',  ( 0.2601129282493014894, 0.4298999999999998378, 0.05727453507249668369 ) ) ;
#3386 = EDGE_CURVE ( 'NONE', #1671, #4079, #2143, .T. ) ;
#3387 = CARTESIAN_POINT ( 'NONE',  ( 0.2685005235684607694, 0.4299000000000000599, 0.0002780483268586264600 ) ) ;
#3388 = ORIENTED_EDGE ( 'NONE', *, *, #4817, .F. ) ;
#3389 = CARTESIAN_POINT ( 'NONE',  ( 0.2354404054451539330, 0.4299000000000001154, 0.03693992095937935483 ) ) ;
#3390 = DIRECTION ( 'NONE',  ( 0.0000000000000000000, 0.0000000000000000000, 1.000000000000000000 ) ) ;
#3391 = VECTOR ( 'NONE', #4365, 39.37007874015748143 ) ;
#3392 = CARTESIAN_POINT ( 'NONE',  ( 0.2978470815710126396, 0.4299999999999999378, -0.04570260007473235520 ) ) ;
#3393 = CARTESIAN_POINT ( 'NONE',  ( 0.2989053294818830309, 0.4299999999999999933, 0.04164030919898540489 ) ) ;
#3394 = VERTEX_POINT ( 'NONE', #1258 ) ;
#3395 = ORIENTED_EDGE ( 'NONE', *, *, #2834, .T. ) ;
#3396 = CARTESIAN_POINT ( 'NONE',  ( -0.2665000000000000147, -0.6900000000000000577, 0.05000000000000000278 ) ) ;
#3397 =( NAMED_UNIT ( * ) SI_UNIT ( $, .STERADIAN. ) SOLID_ANGLE_UNIT ( ) );
#3398 = FACE_OUTER_BOUND ( 'NONE', #2877, .T. ) ;
#3399 = DIMENSIONAL_EXPONENTS ( 1.000000000000000000, 0.0000000000000000000, 0.0000000000000000000, 0.0000000000000000000, 0.0000000000000000000, 0.0000000000000000000, 0.0000000000000000000 ) ;
#3400 = VECTOR ( 'NONE', #925, 39.37007874015748143 ) ;
#3401 = EDGE_CURVE ( 'NONE', #962, #1018, #2672, .T. ) ;
#3402 = CARTESIAN_POINT ( 'NONE',  ( 0.2537323785873031867, 0.4299000000000000599, -0.005087967422787659580 ) ) ;
#3403 = DIRECTION ( 'NONE',  ( -0.0000000000000000000, 1.000000000000000000, -0.0000000000000000000 ) ) ;
#3404 = B_SPLINE_CURVE_WITH_KNOTS ( 'NONE', 3,
 ( #2448, #2879, #2800, #207, #3235, #660, #3393, #2477, #4671, #1191, #4707, #2952, #2066, #2460, #329 ),
 .UNSPECIFIED., .F., .F.,
 ( 4, 1, 1, 1, 1, 1, 1, 1, 1, 1, 1, 1, 4 ),
 ( 0.0000000000000000000, 0.1055838864195045163, 0.2058681332620124482, 0.3009467177422133766, 0.3930019285950104857, 0.4809485116065867483, 0.5628738662802265091, 0.6414613436333617136, 0.7177416181792268812, 0.7917717603087843781, 0.8627163930302572670, 0.9317768462002775642, 1.000000000000000000 ),
 .UNSPECIFIED. ) ;
#3405 = CARTESIAN_POINT ( 'NONE',  ( 0.2919228286849612775, 0.4299000000000000599, -0.04909070148190919358 ) ) ;
#3406 = DIRECTION ( 'NONE',  ( -0.0000000000000000000, 1.000000000000000000, -0.0000000000000000000 ) ) ;
#3407 = FACE_OUTER_BOUND ( 'NONE', #1012, .T. ) ;
#3408 =( CONVERSION_BASED_UNIT ( 'INCH', #796 ) LENGTH_UNIT ( ) NAMED_UNIT ( #3315 ) );
#3409 = CARTESIAN_POINT ( 'NONE',  ( 0.1874999999999999722, -0.1900000000000000300, 0.07499999999999985845 ) ) ;
#3410 = EDGE_CURVE ( 'NONE', #333, #409, #172, .T. ) ;
#3411 = CARTESIAN_POINT ( 'NONE',  ( 0.3041113586209082675, 0.4299999999999999933, -0.006022872496083307541 ) ) ;
#3412 = CIRCLE ( 'NONE', #4236, 0.1250000000000000000 ) ;
#3413 = PRESENTATION_LAYER_ASSIGNMENT (  '', '', ( #606 ) ) ;
#3415 = VERTEX_POINT ( 'NONE', #2547 ) ;
#3414 = LENGTH_MEASURE_WITH_UNIT ( LENGTH_MEASURE( 0.02539999999999999897 ), #4627 );
#3416 = CARTESIAN_POINT ( 'NONE',  ( 0.2856420856923124196, 0.4299000000000000599, 0.004915261752880026314 ) ) ;
#3417 = CARTESIAN_POINT ( 'NONE',  ( 0.2812828832282115998, 0.4299000000000000599, -0.05115411967432258872 ) ) ;
#3418 = PRODUCT_DEFINITION_CONTEXT ( 'detailed design', #4776, 'design' ) ;
#3419 = CARTESIAN_POINT ( 'NONE',  ( 0.2994260488757903849, 0.4299000000000000599, -0.04420676391064211341 ) ) ;
#3420 = VERTEX_POINT ( 'NONE', #4300 ) ;
#3421 = AXIS2_PLACEMENT_3D ( 'NONE', #735, #4194, #4636 ) ;
#3422 = B_SPLINE_SURFACE_WITH_KNOTS ( 'NONE', 3, 1, ( 
 ( #4488, #4959 ),
 ( #4562, #3686 ),
 ( #688, #1968 ),
 ( #3726, #2363 ),
 ( #4526, #4924 ),
 ( #232, #2810 ),
 ( #3265, #3704 ),
 ( #2001, #5002 ),
 ( #1145, #3667 ),
 ( #650, #2846 ),
 ( #5348, #196 ),
 ( #1125, #4152 ),
 ( #1557, #1985 ),
 ( #4981, #5407 ),
 ( #3202, #3221 ),
 ( #4112, #1521 ),
 ( #3255, #4972 ),
 ( #4275, #74 ),
 ( #3389, #1782 ),
 ( #1248, #1694 ),
 ( #3437, #2883 ),
 ( #5423, #251 ),
 ( #293, #5444 ),
 ( #3682, #4558 ),
 ( #5404, #2413 ),
 ( #726, #1177 ),
 ( #3701, #4998 ) ),
 .UNSPECIFIED., .F., .F., .F.,
 ( 4, 1, 1, 1, 1, 1, 1, 1, 1, 1, 1, 1, 1, 1, 1, 1, 1, 1, 1, 1, 1, 1, 1, 1, 4 ),
 ( 2, 2 ),
 ( 0.0000000000000000000, 0.05249258492129613846, 0.1028254751380328624, 0.1513973394924577054, 0.1980330772483326895, 0.2428758954632246059, 0.2859991683849090194, 0.3278486614843788005, 0.3683945968796917270, 0.4078519911389199559, 0.4468375528599375923, 0.4851660451611077285, 0.5233414044713740054, 0.5616022144094737767, 0.5999198855663566698, 0.6384964264110082333, 0.6777905770472509861, 0.7172899891758323099, 0.7566052415928193886, 0.7960678905323558263, 0.8358862309537687940, 0.8757136832726162279, 0.9162634539474127093, 0.9577596754778293642, 1.000000000000000000 ),
 ( 0.0000000000000000000, 1.000000000000000000 ),
 .UNSPECIFIED. ) ;
#3424 = ORIENTED_EDGE ( 'NONE', *, *, #2848, .F. ) ;
#3423 = SURFACE_STYLE_FILL_AREA ( #2633 ) ;
#3425 = CARTESIAN_POINT ( 'NONE',  ( 0.2781995866162833564, 0.4299999999999999933, -0.05122125588553710224 ) ) ;
#3426 = DIRECTION ( 'NONE',  ( 0.0000000000000000000, 0.0000000000000000000, -1.000000000000000000 ) ) ;
#3427 = CARTESIAN_POINT ( 'NONE',  ( 0.3258180165187123389, 0.4299999999999999378, 0.02860990266489626260 ) ) ;
#3428 = DIRECTION ( 'NONE',  ( -0.8661855860485984104, -0.0000000000000000000, 0.4997224534895804426 ) ) ;
#3429 = EDGE_LOOP ( 'NONE', ( #3027, #4591 ) ) ;
#3430 = ORIENTED_EDGE ( 'NONE', *, *, #441, .F. ) ;
#3431 = CARTESIAN_POINT ( 'NONE',  ( 0.2943159688933226770, 0.4298999999999999488, 0.007577658757349115849 ) ) ;
#3432 = DIRECTION ( 'NONE',  ( -0.0000000000000000000, -1.000000000000000000, -0.0000000000000000000 ) ) ;
#3433 = CARTESIAN_POINT ( 'NONE',  ( -0.1875000000000000278, 0.07999999999999990452, 0.1249999999999999861 ) ) ;
#3434 = MECHANICAL_DESIGN_GEOMETRIC_PRESENTATION_REPRESENTATION (  '', ( #5179 ), #5544 ) ;
#3435 =( NAMED_UNIT ( * ) SI_UNIT ( $, .STERADIAN. ) SOLID_ANGLE_UNIT ( ) );
#3436 = VERTEX_POINT ( 'NONE', #1690 ) ;
#3437 = CARTESIAN_POINT ( 'NONE',  ( 0.2330221022414468157, 0.4298999999999999488, 0.03143766686717563291 ) ) ;
#3438 = PLANE ( 'NONE',  #3578 ) ;
#3439 = CARTESIAN_POINT ( 'NONE',  ( 0.2274999999999999523, -0.1849999999999999978, -0.02500000000000002220 ) ) ;
#3440 = VERTEX_POINT ( 'NONE', #3433 ) ;
#3441 = DIRECTION ( 'NONE',  ( -1.000000000000000000, 0.0000000000000000000, 0.0000000000000000000 ) ) ;
#3442 = UNCERTAINTY_MEASURE_WITH_UNIT (LENGTH_MEASURE( 1.000000000000000082E-05 ), #3824, 'distance_accuracy_value', 'NONE');
#3444 = ORIENTED_EDGE ( 'NONE', *, *, #5246, .T. ) ;
#3443 = LINE ( 'NONE', #2022, #1497 ) ;
#3445 = EDGE_CURVE ( 'NONE', #956, #4968, #2475, .T. ) ;
#3446 = AXIS2_PLACEMENT_3D ( 'NONE', #328, #1190, #1584 ) ;
#3447 = CARTESIAN_POINT ( 'NONE',  ( 0.2641971815592061290, 0.4299999999999999378, -0.04916011646823035403 ) ) ;
#3448 = CARTESIAN_POINT ( 'NONE',  ( 0.3047643540904403370, 0.4300000000000001044, -0.03433603048581013867 ) ) ;
#3449 = CARTESIAN_POINT ( 'NONE',  ( 0.2989208828667565543, 0.4299999999999998268, 0.009550048775859939013 ) ) ;
#3450 = CARTESIAN_POINT ( 'NONE',  ( -0.2134999999999999121, 0.01000000000000000021, 0.1050000000000000239 ) ) ;
#3451 = LINE ( 'NONE', #875, #3391 ) ;
#3452 = DIRECTION ( 'NONE',  ( -0.0000000000000000000, 1.000000000000000000, -0.0000000000000000000 ) ) ;
#3453 = ORIENTED_EDGE ( 'NONE', *, *, #4859, .T. ) ;
#3454 = EDGE_CURVE ( 'NONE', #325, #1604, #3006, .T. ) ;
#3455 = CARTESIAN_POINT ( 'NONE',  ( -0.3674999999999999933, 0.4299999999999999933, -0.1250000000000000000 ) ) ;
#3456 = DIRECTION ( 'NONE',  ( -0.0000000000000000000, 1.000000000000000000, -0.0000000000000000000 ) ) ;
#3457 = FILL_AREA_STYLE ('',( #906 ) ) ;
#3458 = ORIENTED_EDGE ( 'NONE', *, *, #2182, .F. ) ;
#3459 = ADVANCED_FACE ( 'NONE', ( #2601 ), #4706, .F. ) ;
#3460 = DIRECTION ( 'NONE',  ( 1.330445451459868146E-15, 0.0000000000000000000, -1.000000000000000000 ) ) ;
#3461 = VECTOR ( 'NONE', #2300, 39.37007874015748143 ) ;
#3462 = CARTESIAN_POINT ( 'NONE',  ( 0.2362477529399667764, 0.4298999999999999488, -0.04079729237337772346 ) ) ;
#3464 = EDGE_LOOP ( 'NONE', ( #3303, #3981, #4262, #612 ) ) ;
#3463 = VECTOR ( 'NONE', #3279, 39.37007874015748854 ) ;
#3465 = FACE_OUTER_BOUND ( 'NONE', #5447, .T. ) ;
#3466 = FILL_AREA_STYLE_COLOUR ( '', #438 ) ;
#3467 = FILL_AREA_STYLE_COLOUR ( '', #439 ) ;
#3468 = CARTESIAN_POINT ( 'NONE',  ( 0.2761983233086934275, 0.4298999999999999488, 0.04587399017221738956 ) ) ;
#3469 = CARTESIAN_POINT ( 'NONE',  ( 0.2975807248006868688, 0.4299999999999999933, -0.008437501670619520014 ) ) ;
#3470 = SURFACE_STYLE_FILL_AREA ( #1374 ) ;
#3471 = AXIS2_PLACEMENT_3D ( 'NONE', #57, #949, #3054 ) ;
#3472 = LINE ( 'NONE', #4890, #2181 ) ;
#3473 = EDGE_CURVE ( 'NONE', #1409, #4144, #2009, .T. ) ;
#3474 = FILL_AREA_STYLE_COLOUR ( '', #4712 ) ;
#3475 = CARTESIAN_POINT ( 'NONE',  ( 0.3212869642820717631, 0.4298999999999999488, -0.03933670585193680541 ) ) ;
#3476 = LINE ( 'NONE', #4302, #2334 ) ;
#3477 = CARTESIAN_POINT ( 'NONE',  ( 0.3024999999999998246, -0.1900000000000000300, 0.09499999999999998723 ) ) ;
#3478 =( NAMED_UNIT ( * ) PLANE_ANGLE_UNIT ( ) SI_UNIT ( $, .RADIAN. ) );
#3479 = DIMENSIONAL_EXPONENTS ( 1.000000000000000000, 0.0000000000000000000, 0.0000000000000000000, 0.0000000000000000000, 0.0000000000000000000, 0.0000000000000000000, 0.0000000000000000000 ) ;
#3480 = SURFACE_STYLE_FILL_AREA ( #2476 ) ;
#3481 = STYLED_ITEM ( 'NONE', ( #5558 ), #3585 ) ;
#3482 = DIRECTION ( 'NONE',  ( -0.0000000000000000000, 1.000000000000000000, -0.0000000000000000000 ) ) ;
#3483 = FACE_BOUND ( 'NONE', #327, .T. ) ;
#3484 = CARTESIAN_POINT ( 'NONE',  ( 0.2824999999999999734, -0.6900000000000000577, -0.05700000000000000205 ) ) ;
#3485 = CARTESIAN_POINT ( 'NONE',  ( 0.2957205740472744204, 0.4300000000000000488, 0.008154062359625562084 ) ) ;
#3486 = CARTESIAN_POINT ( 'NONE',  ( 0.2523425128370230808, 0.4299000000000000599, -0.03191266278687514973 ) ) ;
#3487 = CARTESIAN_POINT ( 'NONE',  ( 0.2791535836656708902, 0.4299999999999997713, -0.01347692705635896229 ) ) ;
#3488 = ADVANCED_FACE ( 'NONE', ( #3489 ), #3210, .T. ) ;
#3489 = FACE_OUTER_BOUND ( 'NONE', #532, .T. ) ;
#3490 = EDGE_CURVE ( 'NONE', #4388, #4589, #4763, .T. ) ;
#3491 = CARTESIAN_POINT ( 'NONE',  ( 0.1874999999999999722, 0.01000000000000000021, -0.02500000000000000139 ) ) ;
#3492 = EDGE_LOOP ( 'NONE', ( #816, #1030, #1438, #3355, #1441, #5248, #4651, #2168, #2597, #4966 ) ) ;
#3493 = AXIS2_PLACEMENT_3D ( 'NONE', #5078, #4638, #5459 ) ;
#3494 = VECTOR ( 'NONE', #5509, 39.37007874015748143 ) ;
#3495 = CARTESIAN_POINT ( 'NONE',  ( 0.3178759988207975340, 0.4298999999999998378, 0.002997976596358819818 ) ) ;
#3496 = CARTESIAN_POINT ( 'NONE',  ( 0.3060120029988783186, 0.4300000000000000488, -0.05864578267377628523 ) ) ;
#3497 = DIRECTION ( 'NONE',  ( -1.000000000000000000, 0.0000000000000000000, 0.0000000000000000000 ) ) ;
#3498 = DIRECTION ( 'NONE',  ( -0.0000000000000000000, 1.000000000000000000, -0.0000000000000000000 ) ) ;
#3499 = DIRECTION ( 'NONE',  ( 0.0000000000000000000, 0.0000000000000000000, 1.000000000000000000 ) ) ;
#3501 = VERTEX_POINT ( 'NONE', #3010 ) ;
#3500 = PRESENTATION_STYLE_ASSIGNMENT (( #1687 ) ) ;
#3502 = DIRECTION ( 'NONE',  ( -0.0000000000000000000, -0.0000000000000000000, 1.000000000000000000 ) ) ;
#3503 = FACE_BOUND ( 'NONE', #3179, .T. ) ;
#3504 = VERTEX_POINT ( 'NONE', #2636 ) ;
#3505 = CARTESIAN_POINT ( 'NONE',  ( 0.1874999999999999722, -0.1900000000000000300, -0.07499999999999984457 ) ) ;
#3506 = ORIENTED_EDGE ( 'NONE', *, *, #3835, .F. ) ;
#3507 = ORIENTED_EDGE ( 'NONE', *, *, #2442, .F. ) ;
#3508 = CARTESIAN_POINT ( 'NONE',  ( 0.2781995866162833564, 0.4299999999999999933, -0.05122125588553710224 ) ) ;
#3509 = ORIENTED_EDGE ( 'NONE', *, *, #3760, .T. ) ;
#3510 = EDGE_CURVE ( 'NONE', #4729, #2379, #1473, .T. ) ;
#3511 = ORIENTED_EDGE ( 'NONE', *, *, #1419, .F. ) ;
#3512 = ORIENTED_EDGE ( 'NONE', *, *, #790, .F. ) ;
#3513 = DIRECTION ( 'NONE',  ( 0.0000000000000000000, -1.000000000000000000, 0.0000000000000000000 ) ) ;
#3514 = DIRECTION ( 'NONE',  ( -0.0000000000000000000, 1.000000000000000000, -0.0000000000000000000 ) ) ;
#3515 = CARTESIAN_POINT ( 'NONE',  ( 0.3082065254323517745, 0.4300000000000000488, -0.05722823583920149532 ) ) ;
#3516 = CARTESIAN_POINT ( 'NONE',  ( -0.2345159808915411315, 0.4298999999999999488, -0.04946162762460235701 ) ) ;
#3518 = ORIENTED_EDGE ( 'NONE', *, *, #638, .T. ) ;
#3517 = ORIENTED_EDGE ( 'NONE', *, *, #2004, .T. ) ;
#3519 = CARTESIAN_POINT ( 'NONE',  ( -0.3674999999999999933, 0.01000000000000000021, 0.1050000000000000516 ) ) ;
#3520 = AXIS2_PLACEMENT_3D ( 'NONE', #3339, #4659, #4263 ) ;
#3521 = ADVANCED_FACE ( 'NONE', ( #4047 ), #2881, .F. ) ;
#3522 = FILL_AREA_STYLE ('',( #3898 ) ) ;
#3523 = CARTESIAN_POINT ( 'NONE',  ( 0.2529723898636902502, 0.4299000000000001154, -0.06011717865557827251 ) ) ;
#3525 = VERTEX_POINT ( 'NONE', #160 ) ;
#3524 = FACE_OUTER_BOUND ( 'NONE', #5323, .T. ) ;
#3526 = AXIS2_PLACEMENT_3D ( 'NONE', #2222, #3083, #5234 ) ;
#3527 = VECTOR ( 'NONE', #4617, 39.37007874015748143 ) ;
#3528 = VERTEX_POINT ( 'NONE', #2694 ) ;
#3529 = CARTESIAN_POINT ( 'NONE',  ( 0.2538147415677557417, 0.4298999999999999488, -0.03998109574085482315 ) ) ;
#3530 = PLANE ( 'NONE',  #750 ) ;
#3531 = CARTESIAN_POINT ( 'NONE',  ( 0.3230122834097854390, 0.4299999999999999378, 0.03782207312909326852 ) ) ;
#3532 = CARTESIAN_POINT ( 'NONE',  ( 0.2522979310714476564, 0.4299999999999999933, -0.03296512212877023007 ) ) ;
#3533 = COLOUR_RGB ( '',0.7529411764705882248, 0.7529411764705882248, 0.7529411764705882248 ) ;
#3534 = AXIS2_PLACEMENT_3D ( 'NONE', #699, #2407, #5401 ) ;
#3535 = CARTESIAN_POINT ( 'NONE',  ( 0.3024999999999999911, 0.01000000000000000021, -0.07499999999999999722 ) ) ;
#3536 = CARTESIAN_POINT ( 'NONE',  ( 0.3259964162551737266, 0.4298999999999998933, 0.02303611161052404599 ) ) ;
#3537 = CARTESIAN_POINT ( 'NONE',  ( 0.3102510421220212589, 0.4299999999999999933, -0.05569422840005727043 ) ) ;
#3538 =( NAMED_UNIT ( * ) SI_UNIT ( $, .STERADIAN. ) SOLID_ANGLE_UNIT ( ) );
#3539 = SURFACE_SIDE_STYLE ('',( #1995 ) ) ;
#3540 = AXIS2_PLACEMENT_3D ( 'NONE', #2674, #3456, #880 ) ;
#3541 = CARTESIAN_POINT ( 'NONE',  ( 0.2570942495201873901, 0.4299000000000001154, 0.05625519821461600484 ) ) ;
#3542 = DIRECTION ( 'NONE',  ( -0.0000000000000000000, 1.000000000000000000, -0.0000000000000000000 ) ) ;
#3543 = CARTESIAN_POINT ( 'NONE',  ( -0.4850000000000000422, 0.1000000000000000056, -0.1250000000000000000 ) ) ;
#3544 = EDGE_CURVE ( 'NONE', #4520, #1365, #3566, .T. ) ;
#3545 = LINE ( 'NONE', #3227, #5339 ) ;
#3546 = DIRECTION ( 'NONE',  ( 0.0000000000000000000, -0.0000000000000000000, 1.000000000000000000 ) ) ;
#3547 = CARTESIAN_POINT ( 'NONE',  ( 0.3138331205164131554, 0.4299000000000001709, 0.04970404535226195797 ) ) ;
#3548 = ADVANCED_FACE ( 'NONE', ( #1336 ), #3167, .T. ) ;
#3549 = CIRCLE ( 'NONE', #1892, 0.01000000000000000368 ) ;
#3550 = CYLINDRICAL_SURFACE ( 'NONE', #3934, 0.1250000000000000000 ) ;
#3551 = AXIS2_PLACEMENT_3D ( 'NONE', #2995, #2152, #3892 ) ;
#3552 = UNCERTAINTY_MEASURE_WITH_UNIT (LENGTH_MEASURE( 1.000000000000000082E-05 ), #2768, 'distance_accuracy_value', 'NONE');
#3553 = CARTESIAN_POINT ( 'NONE',  ( 0.3056669152076621487, 0.4298999999999998933, -0.005334680400408881029 ) ) ;
#3554 = CARTESIAN_POINT ( 'NONE',  ( 0.2911630795406087158, 0.4298999999999999488, -0.01036144741431713028 ) ) ;
#3555 = FILL_AREA_STYLE ('',( #1762 ) ) ;
#3556 = LINE ( 'NONE', #3772, #1518 ) ;
#3557 = DIRECTION ( 'NONE',  ( 0.0000000000000000000, 0.0000000000000000000, -1.000000000000000000 ) ) ;
#3558 = CARTESIAN_POINT ( 'NONE',  ( 0.2824999999999999734, -0.5900000000000000799, -0.05700000000000000205 ) ) ;
#3559 = VECTOR ( 'NONE', #2588, 39.37007874015748143 ) ;
#3560 = CARTESIAN_POINT ( 'NONE',  ( 0.2968267144509839084, 0.4299999999999999378, 0.008636564850830851306 ) ) ;
#3562 = EDGE_LOOP ( 'NONE', ( #4267, #4125, #2110, #2219 ) ) ;
#3561 = VECTOR ( 'NONE', #4250, 39.37007874015748143 ) ;
#3563 = EDGE_CURVE ( 'NONE', #4079, #5443, #1608, .T. ) ;
#3564 = AXIS2_PLACEMENT_3D ( 'NONE', #77, #1421, #3546 ) ;
#3565 = PLANE ( 'NONE',  #943 ) ;
#3566 = CIRCLE ( 'NONE', #2212, 0.02750000000000000014 ) ;
#3567 = AXIS2_PLACEMENT_3D ( 'NONE', #4493, #3150, #136 ) ;
#3569 = ORIENTED_EDGE ( 'NONE', *, *, #266, .F. ) ;
#3568 = LINE ( 'NONE', #1068, #2953 ) ;
#3570 = CARTESIAN_POINT ( 'NONE',  ( 0.2522979310714476564, 0.4298999999999999488, -0.03296512212877023007 ) ) ;
#3571 =( NAMED_UNIT ( * ) SI_UNIT ( $, .STERADIAN. ) SOLID_ANGLE_UNIT ( ) );
#3572 = CARTESIAN_POINT ( 'NONE',  ( 0.2836760182375512307, 0.4299999999999999933, 0.06007790354747925832 ) ) ;
#3573 = CARTESIAN_POINT ( 'NONE',  ( 0.2533126305208440177, 0.4299999999999998268, -0.02696783758954030691 ) ) ;
#3574 = EDGE_CURVE ( 'NONE', #2171, #1604, #167, .T. ) ;
#3575 = PRESENTATION_STYLE_ASSIGNMENT (( #1251 ) ) ;
#3576 = CARTESIAN_POINT ( 'NONE',  ( 0.3056205445677224741, 0.4299999999999999933, -0.02926488562236512908 ) ) ;
#3577 = ORIENTED_EDGE ( 'NONE', *, *, #4138, .T. ) ;
#3578 = AXIS2_PLACEMENT_3D ( 'NONE', #2622, #4375, #3880 ) ;
#3579 =( CONVERSION_BASED_UNIT ( 'INCH', #4584 ) LENGTH_UNIT ( ) NAMED_UNIT ( #3637 ) );
#3580 = DIRECTION ( 'NONE',  ( -1.000000000000000000, -0.0000000000000000000, -0.0000000000000000000 ) ) ;
#3581 = CARTESIAN_POINT ( 'NONE',  ( -0.2134999999999999121, -0.0000000000000000000, -0.1050000000000000239 ) ) ;
#3582 =( NAMED_UNIT ( * ) SI_UNIT ( $, .STERADIAN. ) SOLID_ANGLE_UNIT ( ) );
#3583 = CARTESIAN_POINT ( 'NONE',  ( -0.3024999999999998246, 0.01000000000000000021, -0.09499999999999998723 ) ) ;
#3584 = VERTEX_POINT ( 'NONE', #1022 ) ;
#3585 = ADVANCED_FACE ( 'NONE', ( #4883 ), #3422, .T. ) ;
#3586 = CARTESIAN_POINT ( 'NONE',  ( 0.2824999999999999734, -0.1849999999999999978, -0.05700000000000000205 ) ) ;
#3588 = VERTEX_POINT ( 'NONE', #4165 ) ;
#3587 = ORIENTED_EDGE ( 'NONE', *, *, #3272, .F. ) ;
#3589 = CARTESIAN_POINT ( 'NONE',  ( 0.0000000000000000000, -0.2321874999999999356, 0.02500000000000000139 ) ) ;
#3590 = ORIENTED_EDGE ( 'NONE', *, *, #425, .F. ) ;
#3591 = DIRECTION ( 'NONE',  ( -0.0000000000000000000, -1.000000000000000000, -0.0000000000000000000 ) ) ;
#3592 = STYLED_ITEM ( 'NONE', ( #1234 ), #2355 ) ;
#3593 = VERTEX_POINT ( 'NONE', #1161 ) ;
#3594 = ORIENTED_EDGE ( 'NONE', *, *, #220, .F. ) ;
#3595 = CARTESIAN_POINT ( 'NONE',  ( 0.2877798721932152137, 0.4300000000000002154, 0.05997798121872262994 ) ) ;
#3596 = EDGE_CURVE ( 'NONE', #3714, #878, #2410, .T. ) ;
#3597 = EDGE_LOOP ( 'NONE', ( #58, #4394, #2003, #4484 ) ) ;
#3598 = DIRECTION ( 'NONE',  ( 0.0000000000000000000, -1.000000000000000000, 0.0000000000000000000 ) ) ;
#3599 = CARTESIAN_POINT ( 'NONE',  ( 0.2571091302823935720, 0.4298999999999998933, -0.02179638115090379302 ) ) ;
#3600 = CARTESIAN_POINT ( 'NONE',  ( -0.3043432128509486745, 0.4299999999999999933, -0.04946162762460235701 ) ) ;
#3601 = DIRECTION ( 'NONE',  ( 0.4997224534895804982, -0.0000000000000000000, 0.8661855860485985215 ) ) ;
#3602 = ORIENTED_EDGE ( 'NONE', *, *, #3160, .T. ) ;
#3603 = STYLED_ITEM ( 'NONE', ( #1543 ), #3112 ) ;
#3604 = FILL_AREA_STYLE_COLOUR ( '', #724 ) ;
#3605 = DIRECTION ( 'NONE',  ( -0.0000000000000000000, 1.000000000000000000, -0.0000000000000000000 ) ) ;
#3606 = CARTESIAN_POINT ( 'NONE',  ( -0.1874999999999999722, 0.01000000000000000021, 0.02500000000000000139 ) ) ;
#3608 = ORIENTED_EDGE ( 'NONE', *, *, #1221, .T. ) ;
#3607 = LINE ( 'NONE', #2250, #3669 ) ;
#3609 = SURFACE_SIDE_STYLE ('',( #1067 ) ) ;
#3610 = ADVANCED_FACE ( 'NONE', ( #1541, #2275 ), #707, .T. ) ;
#3611 = CARTESIAN_POINT ( 'NONE',  ( -0.1874999999999999722, 0.01000000000000000021, -0.07499999999999984457 ) ) ;
#3612 = CARTESIAN_POINT ( 'NONE',  ( 0.2989208828667565543, 0.4298999999999998378, 0.009550048775859939013 ) ) ;
#3613 =( LENGTH_UNIT ( ) NAMED_UNIT ( * ) SI_UNIT ( $, .METRE. ) );
#3614 = CARTESIAN_POINT ( 'NONE',  ( 0.2531065920298011251, 0.4299000000000000599, -0.005397134912175958511 ) ) ;
#3615 = VECTOR ( 'NONE', #2757, 39.37007874015748143 ) ;
#3616 = AXIS2_PLACEMENT_3D ( 'NONE', #3107, #3031, #3048 ) ;
#3617 = DIRECTION ( 'NONE',  ( 0.0000000000000000000, 0.0000000000000000000, -1.000000000000000000 ) ) ;
#3618 = PLANE ( 'NONE',  #1512 ) ;
#3619 = LINE ( 'NONE', #2104, #3971 ) ;
#3620 = LENGTH_MEASURE_WITH_UNIT ( LENGTH_MEASURE( 0.02539999999999999897 ), #3807 );
#3621 = LINE ( 'NONE', #1093, #1464 ) ;
#3622 = CARTESIAN_POINT ( 'NONE',  ( 0.2550574513893896222, 0.4299999999999998268, -0.004433320200717187805 ) ) ;
#3623 = CARTESIAN_POINT ( 'NONE',  ( 0.3098389501927779066, 0.4300000000000001044, -0.003179702453317653343 ) ) ;
#3624 = EDGE_CURVE ( 'NONE', #523, #5568, #1139, .T. ) ;
#3625 = LINE ( 'NONE', #4912, #3768 ) ;
#3626 = CARTESIAN_POINT ( 'NONE',  ( 0.2546715959503116911, 0.4300000000000001044, -0.02432238662890750733 ) ) ;
#3627 = CARTESIAN_POINT ( 'NONE',  ( 0.2620414321074772124, 0.4300000000000002154, -0.04827553674969493197 ) ) ;
#3628 = UNCERTAINTY_MEASURE_WITH_UNIT (LENGTH_MEASURE( 1.000000000000000082E-05 ), #3650, 'distance_accuracy_value', 'NONE');
#3629 = PRESENTATION_LAYER_ASSIGNMENT (  '', '', ( #1709 ) ) ;
#3630 = AXIS2_PLACEMENT_3D ( 'NONE', #5142, #3932, #941 ) ;
#3631 = COLOUR_RGB ( '',1.000000000000000000, 1.000000000000000000, 1.000000000000000000 ) ;
#3632 = CARTESIAN_POINT ( 'NONE',  ( 0.2659262270333116462, 0.4299999999999999933, -0.06440986175044864648 ) ) ;
#3633 =( CONVERSION_BASED_UNIT ( 'INCH', #2569 ) LENGTH_UNIT ( ) NAMED_UNIT ( #5496 ) );
#3634 = DIRECTION ( 'NONE',  ( -0.0000000000000000000, 0.0000000000000000000, -1.000000000000000000 ) ) ;
#3636 = EDGE_LOOP ( 'NONE', ( #584, #546, #3721, #2021 ) ) ;
#3635 = LENGTH_MEASURE_WITH_UNIT ( LENGTH_MEASURE( 0.02539999999999999897 ), #1519 );
#3637 = DIMENSIONAL_EXPONENTS ( 1.000000000000000000, 0.0000000000000000000, 0.0000000000000000000, 0.0000000000000000000, 0.0000000000000000000, 0.0000000000000000000, 0.0000000000000000000 ) ;
#3638 =( NAMED_UNIT ( * ) SI_UNIT ( $, .STERADIAN. ) SOLID_ANGLE_UNIT ( ) );
#3639 = EDGE_CURVE ( 'NONE', #4307, #4121, #3144, .T. ) ;
#3640 = CARTESIAN_POINT ( 'NONE',  ( 0.2490050955286353118, 0.4299000000000001154, 0.05216122900624944880 ) ) ;
#3641 = MECHANICAL_DESIGN_GEOMETRIC_PRESENTATION_REPRESENTATION (  '', ( #5553 ), #4782 ) ;
#3643 = ORIENTED_EDGE ( 'NONE', *, *, #2350, .F. ) ;
#3642 = VECTOR ( 'NONE', #84, 39.37007874015748143 ) ;
#3644 = CARTESIAN_POINT ( 'NONE',  ( 0.3073932979143881861, 0.4298999999999998933, -0.004538707108346209940 ) ) ;
#3645 = VERTEX_POINT ( 'NONE', #1142 ) ;
#3646 = DIRECTION ( 'NONE',  ( -0.0000000000000000000, 1.000000000000000000, -0.0000000000000000000 ) ) ;
#3647 = DIRECTION ( 'NONE',  ( 0.0000000000000000000, 1.000000000000000000, 0.0000000000000000000 ) ) ;
#3648 = EDGE_LOOP ( 'NONE', ( #4315, #2084 ) ) ;
#3649 = EDGE_LOOP ( 'NONE', ( #4028, #2349, #1089, #3928 ) ) ;
#3650 =( CONVERSION_BASED_UNIT ( 'INCH', #3044 ) LENGTH_UNIT ( ) NAMED_UNIT ( #4880 ) );
#3651 = DIRECTION ( 'NONE',  ( -0.0000000000000000000, 1.000000000000000000, -0.0000000000000000000 ) ) ;
#3652 = DIRECTION ( 'NONE',  ( -0.0000000000000000000, 1.000000000000000000, -0.0000000000000000000 ) ) ;
#3653 = VERTEX_POINT ( 'NONE', #2860 ) ;
#3654 = CARTESIAN_POINT ( 'NONE',  ( -0.2075000000000001010, 0.01000000000000000021, -0.09499999999999998723 ) ) ;
#3655 = ORIENTED_EDGE ( 'NONE', *, *, #3544, .F. ) ;
#3656 =( NAMED_UNIT ( * ) SI_UNIT ( $, .STERADIAN. ) SOLID_ANGLE_UNIT ( ) );
#3657 = ORIENTED_EDGE ( 'NONE', *, *, #850, .F. ) ;
#3659 = EDGE_LOOP ( 'NONE', ( #338, #5232 ) ) ;
#3658 = LENGTH_MEASURE_WITH_UNIT ( LENGTH_MEASURE( 0.02539999999999999897 ), #1834 );
#3660 =( LENGTH_UNIT ( ) NAMED_UNIT ( * ) SI_UNIT ( $, .METRE. ) );
#3661 = DIRECTION ( 'NONE',  ( 1.000000000000000000, 0.0000000000000000000, 0.0000000000000000000 ) ) ;
#3662 = AXIS2_PLACEMENT_3D ( 'NONE', #4768, #525, #1833 ) ;
#3663 = ADVANCED_FACE ( 'NONE', ( #3914 ), #4440, .T. ) ;
#3665 = ORIENTED_EDGE ( 'NONE', *, *, #898, .F. ) ;
#3664 = FACE_OUTER_BOUND ( 'NONE', #4475, .T. ) ;
#3666 = CARTESIAN_POINT ( 'NONE',  ( 0.2475929945864822346, 0.4299999999999999933, 0.01621616706563401913 ) ) ;
#3667 = CARTESIAN_POINT ( 'NONE',  ( 0.2570942495201873901, 0.4300000000000002154, 0.05625519821461600484 ) ) ;
#3668 = AXIS2_PLACEMENT_3D ( 'NONE', #3293, #1174, #4180 ) ;
#3670 = ORIENTED_EDGE ( 'NONE', *, *, #760, .T. ) ;
#3669 = VECTOR ( 'NONE', #3153, 39.37007874015748143 ) ;
#3671 = DIRECTION ( 'NONE',  ( 1.000000000000000000, 0.0000000000000000000, 1.365923996832131856E-16 ) ) ;
#3672 = CARTESIAN_POINT ( 'NONE',  ( 0.2075000000000001010, -0.1900000000000000300, -0.09499999999999998723 ) ) ;
#3673 = CARTESIAN_POINT ( 'NONE',  ( 0.3142210371202525110, 0.4300000000000001044, -0.0002669518877636868084 ) ) ;
#3674 = COLOUR_RGB ( '',1.000000000000000000, 1.000000000000000000, 1.000000000000000000 ) ;
#3675 = EDGE_CURVE ( 'NONE', #1340, #754, #4109, .T. ) ;
#3676 = LINE ( 'NONE', #1056, #842 ) ;
#3677 = SURFACE_STYLE_USAGE ( .BOTH. , #2799 ) ;
#3678 = CARTESIAN_POINT ( 'NONE',  ( 0.2601468461711139990, 0.4299999999999999933, -0.04715454321333188703 ) ) ;
#3679 = COLOUR_RGB ( '',1.000000000000000000, 1.000000000000000000, 1.000000000000000000 ) ;
#3680 = LINE ( 'NONE', #779, #2524 ) ;
#3681 = LENGTH_MEASURE_WITH_UNIT ( LENGTH_MEASURE( 0.02539999999999999897 ), #2534 );
#3682 = CARTESIAN_POINT ( 'NONE',  ( 0.2308525824933463366, 0.4298999999999998933, 0.02254288333708806893 ) ) ;
#3683 = DIRECTION ( 'NONE',  ( 0.0000000000000000000, 0.0000000000000000000, 1.000000000000000000 ) ) ;
#3684 = CARTESIAN_POINT ( 'NONE',  ( 0.2839239397820965682, 0.4298999999999999488, -0.06518917875821429730 ) ) ;
#3685 = VECTOR ( 'NONE', #2535, 39.37007874015748143 ) ;
#3686 = CARTESIAN_POINT ( 'NONE',  ( 0.2802493687694319058, 0.4299999999999999933, 0.06011791622037605809 ) ) ;
#3687 = FACE_OUTER_BOUND ( 'NONE', #267, .T. ) ;
#3688 = ADVANCED_FACE ( 'NONE', ( #3691 ), #2823, .T. ) ;
#3689 = DIRECTION ( 'NONE',  ( -0.0000000000000000000, 0.0000000000000000000, -1.000000000000000000 ) ) ;
#3690 = EDGE_CURVE ( 'NONE', #4204, #1901, #5015, .T. ) ;
#3691 = FACE_OUTER_BOUND ( 'NONE', #1635, .T. ) ;
#3693 = EDGE_LOOP ( 'NONE', ( #884, #2405, #3311, #4657 ) ) ;
#3692 = FACE_BOUND ( 'NONE', #2028, .T. ) ;
#3694 = DIRECTION ( 'NONE',  ( 0.0000000000000000000, -0.0000000000000000000, -1.000000000000000000 ) ) ;
#3695 = CARTESIAN_POINT ( 'NONE',  ( 0.3087571688910327738, 0.4299999999999999933, 0.02467034981205626365 ) ) ;
#3696 =( NAMED_UNIT ( * ) PLANE_ANGLE_UNIT ( ) SI_UNIT ( $, .RADIAN. ) );
#3697 = VECTOR ( 'NONE', #5215, 39.37007874015748143 ) ;
#3699 = ORIENTED_EDGE ( 'NONE', *, *, #2740, .F. ) ;
#3698 = VECTOR ( 'NONE', #1051, 39.37007874015748143 ) ;
#3700 = AXIS2_PLACEMENT_3D ( 'NONE', #4457, #4784, #3078 ) ;
#3701 = CARTESIAN_POINT ( 'NONE',  ( 0.2303415608082756971, 0.4298999999999999488, 0.01621616706563401913 ) ) ;
#3702 = CARTESIAN_POINT ( 'NONE',  ( -0.2134999999999999121, 0.0000000000000000000, 0.1050000000000000239 ) ) ;
#3703 = DIRECTION ( 'NONE',  ( -1.000000000000000000, 0.0000000000000000000, 0.0000000000000000000 ) ) ;
#3704 = CARTESIAN_POINT ( 'NONE',  ( 0.2632865150732934256, 0.4300000000000000488, 0.05815960184368546698 ) ) ;
#3705 = FACE_OUTER_BOUND ( 'NONE', #1562, .T. ) ;
#3706 = DIRECTION ( 'NONE',  ( -0.0000000000000000000, 1.000000000000000000, -0.0000000000000000000 ) ) ;
#3708 = VERTEX_POINT ( 'NONE', #4977 ) ;
#3707 = CIRCLE ( 'NONE', #4036, 0.1250000000000000000 ) ;
#3709 = CARTESIAN_POINT ( 'NONE',  ( -0.2665000000000000147, -0.5900000000000000799, 0.07000000000000000666 ) ) ;
#3710 = CARTESIAN_POINT ( 'NONE',  ( 0.0000000000000000000, -0.2321874999999999356, 0.02500000000000000139 ) ) ;
#3711 = EDGE_CURVE ( 'NONE', #3238, #1230, #5413, .T. ) ;
#3712 = FILL_AREA_STYLE ('',( #5412 ) ) ;
#3713 = CARTESIAN_POINT ( 'NONE',  ( 0.2960662023433613954, 0.4299000000000000599, -0.04700505581754148982 ) ) ;
#3714 = VERTEX_POINT ( 'NONE', #666 ) ;
#3715 = ORIENTED_EDGE ( 'NONE', *, *, #486, .T. ) ;
#3716 = VERTEX_POINT ( 'NONE', #5014 ) ;
#3717 = MECHANICAL_DESIGN_GEOMETRIC_PRESENTATION_REPRESENTATION (  '', ( #606 ), #1189 ) ;
#3718 = CARTESIAN_POINT ( 'NONE',  ( 0.2360999668518814765, 0.4298999999999999488, -0.02385703761293320874 ) ) ;
#3719 = CARTESIAN_POINT ( 'NONE',  ( 0.3117871380406632698, 0.4299999999999999933, 0.05131178931917755592 ) ) ;
#3720 = ADVANCED_FACE ( 'NONE', ( #4575 ), #5102, .T. ) ;
#3721 = ORIENTED_EDGE ( 'NONE', *, *, #1382, .T. ) ;
#3722 = ORIENTED_EDGE ( 'NONE', *, *, #283, .T. ) ;
#3723 = STYLED_ITEM ( 'NONE', ( #5 ), #1517 ) ;
#3724 = SURFACE_SIDE_STYLE ('',( #2069 ) ) ;
#3725 = CARTESIAN_POINT ( 'NONE',  ( 0.3212869642820717631, 0.4298999999999999488, -0.03933670585193680541 ) ) ;
#3726 = CARTESIAN_POINT ( 'NONE',  ( 0.2738067739293675862, 0.4299000000000001709, 0.05983564422078404416 ) ) ;
#3727 = VERTEX_POINT ( 'NONE', #5482 ) ;
#3728 = FILL_AREA_STYLE_COLOUR ( '', #3893 ) ;
#3729 = CARTESIAN_POINT ( 'NONE',  ( 0.3138978493581288665, 0.4300000000000001044, -0.05223969091535117515 ) ) ;
#3730 = UNCERTAINTY_MEASURE_WITH_UNIT (LENGTH_MEASURE( 1.000000000000000082E-05 ), #3089, 'distance_accuracy_value', 'NONE');
#3731 = EDGE_CURVE ( 'NONE', #676, #3097, #582, .T. ) ;
#3732 = CARTESIAN_POINT ( 'NONE',  ( 0.2776403846719593949, 0.4298999999999999488, 0.06009638569355826160 ) ) ;
#3733 = CARTESIAN_POINT ( 'NONE',  ( 0.3208287198289576647, 0.4299999999999999378, 0.006590816514237595423 ) ) ;
#3734 = DIRECTION ( 'NONE',  ( -0.0000000000000000000, -1.000000000000000000, -0.0000000000000000000 ) ) ;
#3736 = ORIENTED_EDGE ( 'NONE', *, *, #5127, .F. ) ;
#3735 = COLOUR_RGB ( '',1.000000000000000000, 1.000000000000000000, 1.000000000000000000 ) ;
#3737 = PRODUCT ( 'OPB800W51Z', 'OPB800W51Z', '', ( #4419 ) ) ;
#3738 = CARTESIAN_POINT ( 'NONE',  ( 0.2531065920298011251, 0.4299000000000000599, -0.005397134912175958511 ) ) ;
#3739 = CARTESIAN_POINT ( 'NONE',  ( -0.3043432128509486745, 0.4299999999999999933, 0.04575732504731698513 ) ) ;
#3740 = DIRECTION ( 'NONE',  ( 1.000000000000000000, 0.0000000000000000000, -0.0000000000000000000 ) ) ;
#3741 = VECTOR ( 'NONE', #4031, 39.37007874015748143 ) ;
#3742 = EDGE_CURVE ( 'NONE', #5033, #878, #229, .T. ) ;
#3743 = CYLINDRICAL_SURFACE ( 'NONE', #3240, 0.02500000000000002220 ) ;
#3744 = CARTESIAN_POINT ( 'NONE',  ( -0.3043432128509486745, 0.4298999999999999488, -0.04946162762460235701 ) ) ;
#3745 = CARTESIAN_POINT ( 'NONE',  ( -0.2074999999999999623, -0.1900000000000000300, -0.07499999999999999722 ) ) ;
#3746 = CARTESIAN_POINT ( 'NONE',  ( 0.2419956950258219108, 0.4299000000000000599, -0.01333959219810858937 ) ) ;
#3747 = CARTESIAN_POINT ( 'NONE',  ( 0.2792588523900823017, 0.4299999999999999933, 0.04596673904713786257 ) ) ;
#3748 = CARTESIAN_POINT ( 'NONE',  ( 0.2466159663857717399, 0.4299999999999999933, 0.05045811773890491320 ) ) ;
#3749 = PRESENTATION_STYLE_ASSIGNMENT (( #3359 ) ) ;
#3750 = EDGE_CURVE ( 'NONE', #5442, #5568, #512, .T. ) ;
#3751 = MECHANICAL_DESIGN_GEOMETRIC_PRESENTATION_REPRESENTATION (  '', ( #2296 ), #2178 ) ;
#3752 = PLANE ( 'NONE',  #1624 ) ;
#3753 = VECTOR ( 'NONE', #5182, 39.37007874015748143 ) ;
#3754 = CARTESIAN_POINT ( 'NONE',  ( 0.2465920182774749281, 0.4299999999999999933, -0.05612613100929805809 ) ) ;
#3755 =( NAMED_UNIT ( * ) SI_UNIT ( $, .STERADIAN. ) SOLID_ANGLE_UNIT ( ) );
#3756 = CYLINDRICAL_SURFACE ( 'NONE', #2946, 0.02000000000000000042 ) ;
#3757 =( GEOMETRIC_REPRESENTATION_CONTEXT ( 3 ) GLOBAL_UNCERTAINTY_ASSIGNED_CONTEXT ( ( #1308 ) ) GLOBAL_UNIT_ASSIGNED_CONTEXT ( ( #5003, #198, #2439 ) ) REPRESENTATION_CONTEXT ( 'NONE', 'WORKASPACE' ) );
#3758 = CARTESIAN_POINT ( 'NONE',  ( 0.2952896053873470539, 0.4299000000000000599, 0.007977207043844108947 ) ) ;
#3759 = COLOUR_RGB ( '',1.000000000000000000, 1.000000000000000000, 1.000000000000000000 ) ;
#3760 = EDGE_CURVE ( 'NONE', #4420, #143, #371, .T. ) ;
#3761 = ADVANCED_FACE ( 'NONE', ( #1266 ), #1998, .F. ) ;
#3762 = PRESENTATION_STYLE_ASSIGNMENT (( #5438 ) ) ;
#3763 = DIRECTION ( 'NONE',  ( 0.0000000000000000000, -1.000000000000000000, 0.0000000000000000000 ) ) ;
#3764 = DIRECTION ( 'NONE',  ( -0.0000000000000000000, -1.000000000000000000, -0.0000000000000000000 ) ) ;
#3765 = CARTESIAN_POINT ( 'NONE',  ( 0.2994273846340980705, 0.4300000000000000488, 0.05757976032584923021 ) ) ;
#3766 = VECTOR ( 'NONE', #4547, 39.37007874015748143 ) ;
#3767 = AXIS2_PLACEMENT_3D ( 'NONE', #73, #3542, #92 ) ;
#3768 = VECTOR ( 'NONE', #4494, 39.37007874015748143 ) ;
#3769 = DIRECTION ( 'NONE',  ( 0.0000000000000000000, 0.0000000000000000000, 1.000000000000000000 ) ) ;
#3770 = DIRECTION ( 'NONE',  ( 0.0000000000000000000, -1.000000000000000000, 0.0000000000000000000 ) ) ;
#3771 = CARTESIAN_POINT ( 'NONE',  ( 0.2531065920298010696, 0.4298999999999999488, -0.005397134912175956777 ) ) ;
#3772 = CARTESIAN_POINT ( 'NONE',  ( 0.1874999999999999722, -0.1900000000000000300, 0.02500000000000000139 ) ) ;
#3773 = CARTESIAN_POINT ( 'NONE',  ( 0.2776403846719593949, 0.4299999999999999933, 0.06009638569355826160 ) ) ;
#3775 = ORIENTED_EDGE ( 'NONE', *, *, #3817, .T. ) ;
#3774 = SURFACE_STYLE_FILL_AREA ( #2521 ) ;
#3776 = STYLED_ITEM ( 'NONE', ( #1169 ), #2330 ) ;
#3777 =( LENGTH_UNIT ( ) NAMED_UNIT ( * ) SI_UNIT ( $, .METRE. ) );
#3778 =( NAMED_UNIT ( * ) PLANE_ANGLE_UNIT ( ) SI_UNIT ( $, .RADIAN. ) );
#3779 = ORIENTED_EDGE ( 'NONE', *, *, #1669, .F. ) ;
#3780 = CARTESIAN_POINT ( 'NONE',  ( 0.2883277850141791609, 0.4298999999999999488, 0.005660388962834117695 ) ) ;
#3781 = EDGE_CURVE ( 'NONE', #5379, #4753, #242, .T. ) ;
#3782 = CARTESIAN_POINT ( 'NONE',  ( 0.2350903653758761036, 0.4299000000000000599, -0.03046833609066458212 ) ) ;
#3783 =( CONVERSION_BASED_UNIT ( 'INCH', #2480 ) LENGTH_UNIT ( ) NAMED_UNIT ( #4598 ) );
#3785 = ORIENTED_EDGE ( 'NONE', *, *, #4368, .F. ) ;
#3784 = FACE_OUTER_BOUND ( 'NONE', #49, .T. ) ;
#3786 = SURFACE_STYLE_FILL_AREA ( #2987 ) ;
#3787 = ORIENTED_EDGE ( 'NONE', *, *, #3965, .F. ) ;
#3788 =( GEOMETRIC_REPRESENTATION_CONTEXT ( 3 ) GLOBAL_UNCERTAINTY_ASSIGNED_CONTEXT ( ( #5599 ) ) GLOBAL_UNIT_ASSIGNED_CONTEXT ( ( #2105, #1265, #2536 ) ) REPRESENTATION_CONTEXT ( 'NONE', 'WORKASPACE' ) );
#3789 = EDGE_LOOP ( 'NONE', ( #1224, #5285, #4048, #5571 ) ) ;
#3790 = CARTESIAN_POINT ( 'NONE',  ( -0.2665000000000000147, -0.5900000000000000799, 0.05000000000000000278 ) ) ;
#3791 = CARTESIAN_POINT ( 'NONE',  ( 0.2350903653758761036, 0.4300000000000001044, -0.03046833609066458212 ) ) ;
#3792 = CARTESIAN_POINT ( 'NONE',  ( 0.4850000000000000422, 0.1000000000000000056, -1.707404996040164512E-17 ) ) ;
#3793 = CARTESIAN_POINT ( 'NONE',  ( 0.2815812597148523166, 0.4300000000000000488, 0.06012890759197796892 ) ) ;
#3794 = ORIENTED_EDGE ( 'NONE', *, *, #517, .T. ) ;
#3795 = DIRECTION ( 'NONE',  ( 0.0000000000000000000, 0.0000000000000000000, -1.000000000000000000 ) ) ;
#3796 = VERTEX_POINT ( 'NONE', #4249 ) ;
#3797 = CARTESIAN_POINT ( 'NONE',  ( 0.2659262270333116462, 0.4298999999999999488, -0.06440986175044864648 ) ) ;
#3798 = ORIENTED_EDGE ( 'NONE', *, *, #3118, .F. ) ;
#3799 = EDGE_CURVE ( 'NONE', #3415, #3994, #4254, .T. ) ;
#3800 = DIRECTION ( 'NONE',  ( 0.0000000000000000000, -2.634365682869605446E-12, 1.000000000000000000 ) ) ;
#3801 = ORIENTED_EDGE ( 'NONE', *, *, #4991, .T. ) ;
#3802 = CARTESIAN_POINT ( 'NONE',  ( 0.2691461532582281047, 0.4299000000000001709, -0.05051133342978365859 ) ) ;
#3803 =( LENGTH_UNIT ( ) NAMED_UNIT ( * ) SI_UNIT ( $, .METRE. ) );
#3804 = AXIS2_PLACEMENT_3D ( 'NONE', #5317, #963, #3557 ) ;
#3806 = ORIENTED_EDGE ( 'NONE', *, *, #837, .T. ) ;
#3805 = FACE_OUTER_BOUND ( 'NONE', #1698, .T. ) ;
#3807 =( LENGTH_UNIT ( ) NAMED_UNIT ( * ) SI_UNIT ( $, .METRE. ) );
#3808 = CARTESIAN_POINT ( 'NONE',  ( -0.2392769285251371281, 0.4298999999999999488, 0.002908796344953273796 ) ) ;
#3809 = DIRECTION ( 'NONE',  ( 0.0000000000000000000, -1.000000000000000000, 0.0000000000000000000 ) ) ;
#3810 = ORIENTED_EDGE ( 'NONE', *, *, #4297, .T. ) ;
#3811 = UNCERTAINTY_MEASURE_WITH_UNIT (LENGTH_MEASURE( 1.000000000000000082E-05 ), #1210, 'distance_accuracy_value', 'NONE');
#3812 = DIRECTION ( 'NONE',  ( -0.0000000000000000000, 1.000000000000000000, -0.0000000000000000000 ) ) ;
#3813 = CARTESIAN_POINT ( 'NONE',  ( -0.2665000000000000147, -1.046568542494923815, 0.05000000000000000278 ) ) ;
#3815 = EDGE_LOOP ( 'NONE', ( #2213, #4266, #3822, #1024 ) ) ;
#3814 = VECTOR ( 'NONE', #1395, 39.37007874015748143 ) ;
#3816 = DIRECTION ( 'NONE',  ( -0.0000000000000000000, 1.000000000000000000, -0.0000000000000000000 ) ) ;
#3817 = EDGE_CURVE ( 'NONE', #4224, #1708, #3907, .T. ) ;
#3818 = CARTESIAN_POINT ( 'NONE',  ( -0.1874999999999999722, -0.1900000000000000300, -0.07499999999999984457 ) ) ;
#3819 = CARTESIAN_POINT ( 'NONE',  ( 0.2685005235684607694, 0.4300000000000000488, 0.0002780483268586264600 ) ) ;
#3820 = DIRECTION ( 'NONE',  ( 0.0000000000000000000, -1.000000000000000000, 0.0000000000000000000 ) ) ;
#3822 = ORIENTED_EDGE ( 'NONE', *, *, #4664, .T. ) ;
#3821 = CYLINDRICAL_SURFACE ( 'NONE', #647, 0.02500000000000002220 ) ;
#3823 = B_SPLINE_CURVE_WITH_KNOTS ( 'NONE', 3,
 ( #1769, #436, #5201, #3462, #54, #2603, #7, #4743, #3036, #888, #3915, #911, #3523, #930, #3973, #3939, #3053, #4398, #2623 ),
 .UNSPECIFIED., .F., .F.,
 ( 4, 1, 1, 1, 1, 1, 1, 1, 1, 1, 1, 1, 1, 1, 1, 1, 4 ),
 ( 0.0000000000000000000, 0.07499546738983194072, 0.1491654404266558320, 0.2236642943382245174, 0.3004120221906722010, 0.3395704846106346597, 0.3789205746932792773, 0.4180957375990931313, 0.4582296767501550794, 0.4984267212184583240, 0.5397075464534798472, 0.5822159516458430550, 0.6258238199943743085, 0.7154812648736974534, 0.8073840844133596262, 0.9016341255073716532, 1.000000000000000000 ),
 .UNSPECIFIED. ) ;
#3824 =( CONVERSION_BASED_UNIT ( 'INCH', #3681 ) LENGTH_UNIT ( ) NAMED_UNIT ( #75 ) );
#3825 = VECTOR ( 'NONE', #751, 39.37007874015748143 ) ;
#3826 =( LENGTH_UNIT ( ) NAMED_UNIT ( * ) SI_UNIT ( $, .METRE. ) );
#3827 = STYLED_ITEM ( 'NONE', ( #654 ), #663 ) ;
#3828 = VECTOR ( 'NONE', #4487, 39.37007874015748143 ) ;
#3829 = FACE_OUTER_BOUND ( 'NONE', #4327, .T. ) ;
#3830 = PRESENTATION_LAYER_ASSIGNMENT (  '', '', ( #631 ) ) ;
#3831 = CARTESIAN_POINT ( 'NONE',  ( 0.2824999999999999734, -0.1900000000000000300, 0.03199999999999997291 ) ) ;
#3832 = CARTESIAN_POINT ( 'NONE',  ( 0.2451473424622122588, 0.4300000000000001044, -0.01036072082732790965 ) ) ;
#3833 = DIRECTION ( 'NONE',  ( 0.0000000000000000000, -1.000000000000000000, 0.0000000000000000000 ) ) ;
#3834 = LINE ( 'NONE', #265, #2339 ) ;
#3835 = EDGE_CURVE ( 'NONE', #1155, #3645, #2738, .T. ) ;
#3836 = FACE_BOUND ( 'NONE', #2754, .T. ) ;
#3837 = FACE_OUTER_BOUND ( 'NONE', #4159, .T. ) ;
#3838 = CARTESIAN_POINT ( 'NONE',  ( 0.2623399702639371278, 0.4299999999999999933, -0.001657961807647388751 ) ) ;
#3839 = VECTOR ( 'NONE', #4286, 39.37007874015748143 ) ;
#3840 = CARTESIAN_POINT ( 'NONE',  ( -0.2665000000000000147, -0.6900000000000000577, -0.04000000000000000083 ) ) ;
#3841 = CARTESIAN_POINT ( 'NONE',  ( 0.3031447915955768901, 0.4299000000000003374, -0.03878965240556884325 ) ) ;
#3842 = DIRECTION ( 'NONE',  ( 0.0000000000000000000, 0.0000000000000000000, 1.000000000000000000 ) ) ;
#3843 = FILL_AREA_STYLE_COLOUR ( '', #4895 ) ;
#3844 = DIMENSIONAL_EXPONENTS ( 1.000000000000000000, 0.0000000000000000000, 0.0000000000000000000, 0.0000000000000000000, 0.0000000000000000000, 0.0000000000000000000, 0.0000000000000000000 ) ;
#3845 =( GEOMETRIC_REPRESENTATION_CONTEXT ( 3 ) GLOBAL_UNCERTAINTY_ASSIGNED_CONTEXT ( ( #2194 ) ) GLOBAL_UNIT_ASSIGNED_CONTEXT ( ( #5388, #1503, #2862 ) ) REPRESENTATION_CONTEXT ( 'NONE', 'WORKASPACE' ) );
#3846 = COLOUR_RGB ( '',1.000000000000000000, 1.000000000000000000, 1.000000000000000000 ) ;
#3848 = ORIENTED_EDGE ( 'NONE', *, *, #4148, .F. ) ;
#3847 = CIRCLE ( 'NONE', #4674, 0.06250000000000002776 ) ;
#3849 = DIRECTION ( 'NONE',  ( 0.0000000000000000000, 0.0000000000000000000, -1.000000000000000000 ) ) ;
#3850 = SURFACE_STYLE_USAGE ( .BOTH. , #1194 ) ;
#3851 = CARTESIAN_POINT ( 'NONE',  ( -0.3374999999999999667, 0.4259999999999999898, -0.09499999999999998723 ) ) ;
#3852 = EDGE_CURVE ( 'NONE', #4135, #2346, #2943, .T. ) ;
#3854 = VERTEX_POINT ( 'NONE', #462 ) ;
#3853 = SURFACE_STYLE_FILL_AREA ( #4922 ) ;
#3855 = CARTESIAN_POINT ( 'NONE',  ( 0.2874509046216267572, 0.4299999999999998268, -0.01136180881043021874 ) ) ;
#3856 = CARTESIAN_POINT ( 'NONE',  ( -0.2665000000000000147, -0.1849999999999999978, 0.05000000000000000278 ) ) ;
#3857 = CARTESIAN_POINT ( 'NONE',  ( 0.2870003504917788550, 0.4299000000000001709, -0.05047945415744718722 ) ) ;
#3858 = ORIENTED_EDGE ( 'NONE', *, *, #3852, .T. ) ;
#3859 = EDGE_CURVE ( 'Edge1', #3440, #1073, #5080, .T. ) ;
#3860 = CARTESIAN_POINT ( 'NONE',  ( 0.2842413180257967742, 0.4299999999999998268, -0.05092561878988876439 ) ) ;
#3861 =( NAMED_UNIT ( * ) PLANE_ANGLE_UNIT ( ) SI_UNIT ( $, .RADIAN. ) );
#3862 = ORIENTED_EDGE ( 'NONE', *, *, #2993, .F. ) ;
#3864 = VERTEX_POINT ( 'NONE', #3041 ) ;
#3863 = ORIENTED_EDGE ( 'NONE', *, *, #502, .F. ) ;
#3865 = VERTEX_POINT ( 'NONE', #35 ) ;
#3866 = EDGE_CURVE ( 'NONE', #138, #658, #3412, .T. ) ;
#3867 = AXIS2_PLACEMENT_3D ( 'NONE', #1792, #5573, #3903 ) ;
#3868 =( NAMED_UNIT ( * ) PLANE_ANGLE_UNIT ( ) SI_UNIT ( $, .RADIAN. ) );
#3869 = CARTESIAN_POINT ( 'NONE',  ( 0.2571091302823935720, 0.4299999999999999933, -0.02179638115090379302 ) ) ;
#3870 = ORIENTED_EDGE ( 'NONE', *, *, #441, .T. ) ;
#3871 = ORIENTED_EDGE ( 'NONE', *, *, #4684, .T. ) ;
#3872 = DIMENSIONAL_EXPONENTS ( 1.000000000000000000, 0.0000000000000000000, 0.0000000000000000000, 0.0000000000000000000, 0.0000000000000000000, 0.0000000000000000000, 0.0000000000000000000 ) ;
#3873 = CARTESIAN_POINT ( 'NONE',  ( 0.3047873787318431948, 0.4300000000000000488, -0.005740203197538019941 ) ) ;
#3874 = EDGE_CURVE ( 'NONE', #3593, #333, #1603, .T. ) ;
#3875 =( NAMED_UNIT ( * ) SI_UNIT ( $, .STERADIAN. ) SOLID_ANGLE_UNIT ( ) );
#3877 = ORIENTED_EDGE ( 'NONE', *, *, #2740, .T. ) ;
#3876 = LINE ( 'NONE', #1144, #2562 ) ;
#3878 = CARTESIAN_POINT ( 'NONE',  ( -0.5000000000000000000, 0.1000000000000000056, -0.06250000000000012490 ) ) ;
#3879 = VECTOR ( 'NONE', #3452, 39.37007874015748143 ) ;
#3880 = DIRECTION ( 'NONE',  ( -0.8661855860485998537, 0.0000000000000000000, -0.4997224534895781667 ) ) ;
#3882 = EDGE_LOOP ( 'NONE', ( #4516, #4319, #348, #2351 ) ) ;
#3881 = CIRCLE ( 'NONE', #2842, 0.02000000000000000042 ) ;
#3883 = ORIENTED_EDGE ( 'NONE', *, *, #2004, .F. ) ;
#3884 = CARTESIAN_POINT ( 'NONE',  ( 0.3040184609981263497, 0.4299999999999997713, -0.03664048370714668990 ) ) ;
#3885 = CARTESIAN_POINT ( 'NONE',  ( 0.3674999999999999933, 0.1000000000000000056, -0.1250000000000000000 ) ) ;
#3886 = CARTESIAN_POINT ( 'NONE',  ( 0.3002791160591489761, 0.4300000000000002154, -0.007496809010052334077 ) ) ;
#3887 = STYLED_ITEM ( 'NONE', ( #400 ), #2373 ) ;
#3888 = CIRCLE ( 'NONE', #5584, 0.01550000000000004673 ) ;
#3890 = EDGE_LOOP ( 'NONE', ( #4542, #5305, #1713, #70 ) ) ;
#3889 = FACE_OUTER_BOUND ( 'NONE', #3789, .T. ) ;
#3891 = EDGE_CURVE ( 'NONE', #325, #5032, #3979, .T. ) ;
#3892 = DIRECTION ( 'NONE',  ( 0.0000000000000000000, 0.0000000000000000000, -1.000000000000000000 ) ) ;
#3893 = COLOUR_RGB ( '',1.000000000000000000, 1.000000000000000000, 1.000000000000000000 ) ;
#3894 = PLANE ( 'NONE',  #1912 ) ;
#3895 = CARTESIAN_POINT ( 'NONE',  ( 0.2504784066563069955, 0.4299999999999999933, 0.02875010788512847443 ) ) ;
#3896 = LINE ( 'NONE', #4077, #281 ) ;
#3897 = CARTESIAN_POINT ( 'NONE',  ( 0.2870003504917788550, 0.4299000000000001709, -0.05047945415744718722 ) ) ;
#3898 = FILL_AREA_STYLE_COLOUR ( '', #4296 ) ;
#3899 = DIMENSIONAL_EXPONENTS ( 1.000000000000000000, 0.0000000000000000000, 0.0000000000000000000, 0.0000000000000000000, 0.0000000000000000000, 0.0000000000000000000, 0.0000000000000000000 ) ;
#3900 = AXIS2_PLACEMENT_3D ( 'NONE', #2014, #2494, #3271 ) ;
#3901 = VECTOR ( 'NONE', #2495, 39.37007874015748143 ) ;
#3902 = LINE ( 'NONE', #2526, #4247 ) ;
#3903 = DIRECTION ( 'NONE',  ( 0.0000000000000000000, 0.0000000000000000000, -1.000000000000000000 ) ) ;
#3904 = CARTESIAN_POINT ( 'NONE',  ( 0.2419956950258219108, 0.4300000000000000488, -0.01333959219810858937 ) ) ;
#3905 = CARTESIAN_POINT ( 'NONE',  ( 0.2504784066563069955, 0.4298999999999999488, 0.02875010788512847443 ) ) ;
#3906 = ADVANCED_FACE ( 'NONE', ( #5279 ), #4943, .T. ) ;
#3907 = CIRCLE ( 'NONE', #4711, 0.02500000000000002220 ) ;
#3908 = CARTESIAN_POINT ( 'NONE',  ( 0.3121645438610922696, 0.4298999999999998933, -0.05404446093068341478 ) ) ;
#3909 = AXIS2_PLACEMENT_3D ( 'NONE', #5216, #4793, #3954 ) ;
#3911 = EDGE_LOOP ( 'NONE', ( #2486, #1362, #2446, #1356 ) ) ;
#3910 = LENGTH_MEASURE_WITH_UNIT ( LENGTH_MEASURE( 0.02539999999999999897 ), #3319 );
#3912 = CARTESIAN_POINT ( 'NONE',  ( 0.2542631251848568863, 0.4299000000000000599, 0.03516739308241215167 ) ) ;
#3913 = DIRECTION ( 'NONE',  ( -1.000000000000000000, 0.0000000000000000000, -1.330445451459868146E-15 ) ) ;
#3914 = FACE_OUTER_BOUND ( 'NONE', #1078, .T. ) ;
#3915 = CARTESIAN_POINT ( 'NONE',  ( 0.2485787533654094383, 0.4299000000000001154, -0.05757368967072987870 ) ) ;
#3917 = ORIENTED_EDGE ( 'NONE', *, *, #1509, .F. ) ;
#3916 = VECTOR ( 'NONE', #3514, 39.37007874015748143 ) ;
#3918 = PRESENTATION_LAYER_ASSIGNMENT (  '', '', ( #3592 ) ) ;
#3919 = PRESENTATION_STYLE_ASSIGNMENT (( #2912 ) ) ;
#3921 = ORIENTED_EDGE ( 'NONE', *, *, #3624, .T. ) ;
#3920 = VECTOR ( 'NONE', #4193, 39.37007874015748143 ) ;
#3922 = CARTESIAN_POINT ( 'NONE',  ( 0.2978470815710126396, 0.4299999999999999378, -0.04570260007473235520 ) ) ;
#3923 = CARTESIAN_POINT ( 'NONE',  ( 0.3017267643790603748, 0.4299000000000001154, 0.01121803033229758911 ) ) ;
#3924 = CARTESIAN_POINT ( 'NONE',  ( 0.2619639604115195919, 0.4300000000000000488, -0.01886527949669364670 ) ) ;
#3925 = EDGE_CURVE ( 'NONE', #682, #2026, #2400, .T. ) ;
#3926 = DIRECTION ( 'NONE',  ( 0.0000000000000000000, 0.0000000000000000000, 1.000000000000000000 ) ) ;
#3927 = ORIENTED_EDGE ( 'NONE', *, *, #3835, .T. ) ;
#3928 = ORIENTED_EDGE ( 'NONE', *, *, #389, .T. ) ;
#3929 = ORIENTED_EDGE ( 'NONE', *, *, #4710, .T. ) ;
#3930 = ORIENTED_EDGE ( 'NONE', *, *, #1681, .T. ) ;
#3931 =( CONVERSION_BASED_UNIT ( 'INCH', #2703 ) LENGTH_UNIT ( ) NAMED_UNIT ( #1632 ) );
#3932 = DIRECTION ( 'NONE',  ( 0.0000000000000000000, -1.000000000000000000, 0.0000000000000000000 ) ) ;
#3933 = MECHANICAL_DESIGN_GEOMETRIC_PRESENTATION_REPRESENTATION (  '', ( #3827 ), #1106 ) ;
#3934 = AXIS2_PLACEMENT_3D ( 'NONE', #1673, #3820, #414 ) ;
#3935 = VERTEX_POINT ( 'NONE', #4438 ) ;
#3936 = ADVANCED_FACE ( 'NONE', ( #3483, #1934, #3206 ), #4844, .T. ) ;
#3937 = ORIENTED_EDGE ( 'NONE', *, *, #470, .F. ) ;
#3938 = DIRECTION ( 'NONE',  ( 0.0000000000000000000, 0.0000000000000000000, -1.000000000000000000 ) ) ;
#3939 = CARTESIAN_POINT ( 'NONE',  ( 0.2659262270333116462, 0.4298999999999999488, -0.06440986175044864648 ) ) ;
#3940 = VERTEX_POINT ( 'NONE', #3120 ) ;
#3941 = CARTESIAN_POINT ( 'NONE',  ( 0.0000000000000000000, 0.0000000000000000000, 0.0000000000000000000 ) ) ;
#3942 = AXIS2_PLACEMENT_3D ( 'NONE', #1348, #1294, #4734 ) ;
#3944 = ORIENTED_EDGE ( 'NONE', *, *, #4915, .T. ) ;
#3943 = SURFACE_STYLE_FILL_AREA ( #2344 ) ;
#3945 = EDGE_CURVE ( 'NONE', #1642, #3528, #1280, .T. ) ;
#3946 = AXIS2_PLACEMENT_3D ( 'NONE', #2071, #4228, #5065 ) ;
#3947 = CARTESIAN_POINT ( 'NONE',  ( -0.1875000000000000278, 0.01000000000000000021, 0.08999999999999994116 ) ) ;
#3948 = CARTESIAN_POINT ( 'NONE',  ( 0.2516668317063299742, 0.4299999999999999933, -0.006174934912991160083 ) ) ;
#3949 = SURFACE_SIDE_STYLE ('',( #350 ) ) ;
#3951 = ORIENTED_EDGE ( 'NONE', *, *, #3817, .F. ) ;
#3950 = LINE ( 'NONE', #3986, #2776 ) ;
#3952 = DIRECTION ( 'NONE',  ( 1.365923996832131856E-16, 0.0000000000000000000, -1.000000000000000000 ) ) ;
#3953 = FILL_AREA_STYLE_COLOUR ( '', #5385 ) ;
#3954 = DIRECTION ( 'NONE',  ( 0.0000000000000000000, 0.0000000000000000000, -1.000000000000000000 ) ) ;
#3955 = MECHANICAL_DESIGN_GEOMETRIC_PRESENTATION_REPRESENTATION (  '', ( #4854 ), #3845 ) ;
#3956 = DIRECTION ( 'NONE',  ( -0.0000000000000000000, 1.000000000000000000, -0.0000000000000000000 ) ) ;
#3957 = CARTESIAN_POINT ( 'NONE',  ( 0.1874999999999999722, -0.1900000000000000300, 0.07499999999999984457 ) ) ;
#3959 = ORIENTED_EDGE ( 'NONE', *, *, #877, .F. ) ;
#3958 = CIRCLE ( 'NONE', #1334, 0.01000000000000000368 ) ;
#3960 = COLOUR_RGB ( '',0.0000000000000000000, 0.0000000000000000000, 0.0000000000000000000 ) ;
#3961 = CARTESIAN_POINT ( 'NONE',  ( 0.2919228286849612775, 0.4300000000000000488, -0.04909070148190919358 ) ) ;
#3962 = CARTESIAN_POINT ( 'NONE',  ( 0.3095788001039446180, 0.4299000000000000599, 0.05279307729203277372 ) ) ;
#3963 = ADVANCED_FACE ( 'NONE', ( #653, #4573 ), #2726, .T. ) ;
#3964 = CIRCLE ( 'NONE', #3233, 0.02000000000000000042 ) ;
#3965 = EDGE_CURVE ( 'NONE', #1230, #3238, #1001, .T. ) ;
#3966 = DIRECTION ( 'NONE',  ( -0.0000000000000000000, 1.000000000000000000, -0.0000000000000000000 ) ) ;
#3967 = CARTESIAN_POINT ( 'NONE',  ( 0.3174397901875337102, 0.4299999999999999933, -0.04761627757860010385 ) ) ;
#3968 = CIRCLE ( 'NONE', #4329, 0.01000000000000000368 ) ;
#3969 = CARTESIAN_POINT ( 'NONE',  ( 0.2824999999999999734, -0.5900000000000000799, 0.04699999999999999317 ) ) ;
#3970 = PRESENTATION_STYLE_ASSIGNMENT (( #2085 ) ) ;
#3971 = VECTOR ( 'NONE', #3406, 39.37007874015748143 ) ;
#3972 = CARTESIAN_POINT ( 'NONE',  ( -0.2134999999999999121, 0.01000000000000000021, -0.1050000000000000239 ) ) ;
#3973 = CARTESIAN_POINT ( 'NONE',  ( 0.2605020336537167136, 0.4299000000000001154, -0.06310780356895054344 ) ) ;
#3974 = VECTOR ( 'NONE', #3499, 39.37007874015748143 ) ;
#3975 = AXIS2_PLACEMENT_3D ( 'NONE', #5097, #2138, #2518 ) ;
#3976 = CYLINDRICAL_SURFACE ( 'NONE', #1963, 0.01000000000000000368 ) ;
#3977 = CARTESIAN_POINT ( 'NONE',  ( -0.3043432128509486745, 0.4299999999999999933, 0.002908796344953273796 ) ) ;
#3978 = CARTESIAN_POINT ( 'NONE',  ( 0.3210017126134957488, 0.4299000000000000599, 0.04141969765456169489 ) ) ;
#3979 = LINE ( 'NONE', #5593, #2806 ) ;
#3980 = EDGE_CURVE ( 'NONE', #4896, #2670, #1532, .T. ) ;
#3981 = ORIENTED_EDGE ( 'NONE', *, *, #3639, .F. ) ;
#3982 = UNCERTAINTY_MEASURE_WITH_UNIT (LENGTH_MEASURE( 1.000000000000000082E-05 ), #4819, 'distance_accuracy_value', 'NONE');
#3983 = FACE_BOUND ( 'NONE', #4453, .T. ) ;
#3984 =( LENGTH_UNIT ( ) NAMED_UNIT ( * ) SI_UNIT ( $, .METRE. ) );
#3985 = SURFACE_STYLE_USAGE ( .BOTH. , #1779 ) ;
#3986 = CARTESIAN_POINT ( 'NONE',  ( -0.3674999999999999933, 0.4299999999999999933, -0.1250000000000000000 ) ) ;
#3987 =( LENGTH_UNIT ( ) NAMED_UNIT ( * ) SI_UNIT ( $, .METRE. ) );
#3989 = ORIENTED_EDGE ( 'NONE', *, *, #877, .T. ) ;
#3988 = PRESENTATION_STYLE_ASSIGNMENT (( #3128 ) ) ;
#3990 = ADVANCED_FACE ( 'NONE', ( #2193 ), #3530, .T. ) ;
#3991 = DIRECTION ( 'NONE',  ( -1.000000000000000000, 0.0000000000000000000, -0.0000000000000000000 ) ) ;
#3992 =( NAMED_UNIT ( * ) PLANE_ANGLE_UNIT ( ) SI_UNIT ( $, .RADIAN. ) );
#3993 = CARTESIAN_POINT ( 'NONE',  ( 0.5000000000000000000, 0.1000000000000000056, -0.06250000000000012490 ) ) ;
#3994 = VERTEX_POINT ( 'NONE', #59 ) ;
#3995 = CARTESIAN_POINT ( 'NONE',  ( 0.2546718468999320528, 0.4299000000000000599, -0.04158120904395345985 ) ) ;
#3996 = CARTESIAN_POINT ( 'NONE',  ( 0.3117871380406632698, 0.4298999999999999488, 0.05131178931917755592 ) ) ;
#3997 =( LENGTH_UNIT ( ) NAMED_UNIT ( * ) SI_UNIT ( $, .METRE. ) );
#3998 = VERTEX_POINT ( 'NONE', #1458 ) ;
#3999 = EDGE_CURVE ( 'NONE', #4531, #5514, #4511, .T. ) ;
#4001 = ORIENTED_EDGE ( 'NONE', *, *, #3731, .T. ) ;
#4000 = ORIENTED_EDGE ( 'NONE', *, *, #808, .F. ) ;
#4002 = VERTEX_POINT ( 'NONE', #3977 ) ;
#4003 = CARTESIAN_POINT ( 'NONE',  ( 0.2975807248006868688, 0.4298999999999998933, -0.008437501670619520014 ) ) ;
#4004 = ORIENTED_EDGE ( 'NONE', *, *, #3181, .T. ) ;
#4005 = CARTESIAN_POINT ( 'NONE',  ( -0.2665000000000000147, -0.1849999999999999978, -0.02250000000000000264 ) ) ;
#4006 = ORIENTED_EDGE ( 'NONE', *, *, #155, .T. ) ;
#4007 = AXIS2_PLACEMENT_3D ( 'NONE', #4473, #1453, #2721 ) ;
#4008 = CARTESIAN_POINT ( 'NONE',  ( 0.2957205740472744204, 0.4300000000000000488, 0.008154062359625562084 ) ) ;
#4009 = CARTESIAN_POINT ( 'NONE',  ( 0.2839239397820965682, 0.4298999999999999488, -0.06518917875821429730 ) ) ;
#4010 = DIRECTION ( 'NONE',  ( -0.0000000000000000000, 0.0000000000000000000, -1.000000000000000000 ) ) ;
#4011 = SURFACE_SIDE_STYLE ('',( #4801 ) ) ;
#4012 = ORIENTED_EDGE ( 'NONE', *, *, #4566, .F. ) ;
#4013 = DIMENSIONAL_EXPONENTS ( 1.000000000000000000, 0.0000000000000000000, 0.0000000000000000000, 0.0000000000000000000, 0.0000000000000000000, 0.0000000000000000000, 0.0000000000000000000 ) ;
#4014 = CARTESIAN_POINT ( 'NONE',  ( 0.2883277850141791609, 0.4299999999999999933, 0.005660388962834117695 ) ) ;
#4015 = EDGE_CURVE ( 'NONE', #3009, #2218, #393, .T. ) ;
#4016 = ORIENTED_EDGE ( 'NONE', *, *, #2572, .F. ) ;
#4017 = CARTESIAN_POINT ( 'NONE',  ( -0.3043432128509486745, 0.4299999999999999933, -0.04946162762460235701 ) ) ;
#4018 = DIRECTION ( 'NONE',  ( 0.0000000000000000000, -0.0000000000000000000, -1.000000000000000000 ) ) ;
#4019 = CARTESIAN_POINT ( 'NONE',  ( 0.3157339964326155157, 0.4298999999999998378, 0.04796929792500070899 ) ) ;
#4020 = ADVANCED_FACE ( 'NONE', ( #1328, #3350 ), #5342, .T. ) ;
#4021 = AXIS2_PLACEMENT_3D ( 'NONE', #1505, #2474, #2188 ) ;
#4022 = ORIENTED_EDGE ( 'NONE', *, *, #2016, .F. ) ;
#4023 = CARTESIAN_POINT ( 'NONE',  ( 0.2580486070478110183, 0.4298999999999998378, -0.02099564149639290139 ) ) ;
#4024 = LINE ( 'NONE', #1682, #3825 ) ;
#4025 = FILL_AREA_STYLE_COLOUR ( '', #3631 ) ;
#4026 = CARTESIAN_POINT ( 'NONE',  ( -0.3043432128509486745, 0.4298999999999999488, -0.01137404655583462536 ) ) ;
#4027 = MECHANICAL_DESIGN_GEOMETRIC_PRESENTATION_REPRESENTATION (  '', ( #3723 ), #1696 ) ;
#4028 = ORIENTED_EDGE ( 'NONE', *, *, #2858, .T. ) ;
#4029 = DIRECTION ( 'NONE',  ( 0.0000000000000000000, 0.0000000000000000000, -1.000000000000000000 ) ) ;
#4030 = FACE_BOUND ( 'NONE', #4197, .T. ) ;
#4031 = DIRECTION ( 'NONE',  ( 0.0000000000000000000, 0.0000000000000000000, 1.000000000000000000 ) ) ;
#4032 = FACE_OUTER_BOUND ( 'NONE', #3597, .T. ) ;
#4033 = EDGE_CURVE ( 'NONE', #2696, #3935, #1596, .T. ) ;
#4034 = LINE ( 'NONE', #5277, #1721 ) ;
#4035 = DIRECTION ( 'NONE',  ( 0.0000000000000000000, -1.000000000000000000, 0.0000000000000000000 ) ) ;
#4036 = AXIS2_PLACEMENT_3D ( 'NONE', #2169, #5162, #5507 ) ;
#4037 = SURFACE_STYLE_FILL_AREA ( #4107 ) ;
#4038 = CARTESIAN_POINT ( 'NONE',  ( -0.2665000000000000147, -0.6900000000000000577, 0.05000000000000000278 ) ) ;
#4039 = FILL_AREA_STYLE_COLOUR ( '', #767 ) ;
#4040 = CARTESIAN_POINT ( 'NONE',  ( 0.2635511224369581629, 0.4300000000000000488, 0.04230315135291973228 ) ) ;
#4041 = ADVANCED_FACE ( 'NONE', ( #577 ), #5220, .T. ) ;
#4042 = CARTESIAN_POINT ( 'NONE',  ( 0.2824999999999999734, -0.6900000000000000577, 0.06700000000000000400 ) ) ;
#4043 = ORIENTED_EDGE ( 'NONE', *, *, #1351, .F. ) ;
#4044 = EDGE_CURVE ( 'NONE', #466, #3116, #2459, .T. ) ;
#4045 = PLANE ( 'NONE',  #2380 ) ;
#4046 = CARTESIAN_POINT ( 'NONE',  ( 0.2074999999999999623, -0.1900000000000000300, 0.07499999999999999722 ) ) ;
#4047 = FACE_OUTER_BOUND ( 'NONE', #4556, .T. ) ;
#4048 = ORIENTED_EDGE ( 'NONE', *, *, #933, .T. ) ;
#4049 = DIRECTION ( 'NONE',  ( -0.0000000000000000000, 0.0000000000000000000, 1.000000000000000000 ) ) ;
#4050 = PLANE ( 'NONE',  #4080 ) ;
#4051 = UNCERTAINTY_MEASURE_WITH_UNIT (LENGTH_MEASURE( 1.000000000000000082E-05 ), #3931, 'distance_accuracy_value', 'NONE');
#4052 = EDGE_CURVE ( 'NONE', #1651, #1974, #2497, .T. ) ;
#4053 = DIRECTION ( 'NONE',  ( 1.000000000000000000, -0.0000000000000000000, -0.0000000000000000000 ) ) ;
#4054 = ORIENTED_EDGE ( 'NONE', *, *, #3945, .F. ) ;
#4055 = AXIS2_PLACEMENT_3D ( 'NONE', #5116, #1745, #3938 ) ;
#4056 = CARTESIAN_POINT ( 'NONE',  ( 0.3071092833347532913, 0.4298999999999998933, 0.01723847373580391154 ) ) ;
#4057 = DIRECTION ( 'NONE',  ( 0.0000000000000000000, -1.000000000000000000, 0.0000000000000000000 ) ) ;
#4058 = CARTESIAN_POINT ( 'NONE',  ( 0.2352205214486184359, 0.4299999999999999378, -0.03637087925512776099 ) ) ;
#4059 = DIRECTION ( 'NONE',  ( 0.0000000000000000000, 0.0000000000000000000, 1.000000000000000000 ) ) ;
#4060 = CARTESIAN_POINT ( 'NONE',  ( 0.2792588523900823017, 0.4298999999999999488, 0.04596673904713786257 ) ) ;
#4061 = ORIENTED_EDGE ( 'NONE', *, *, #320, .F. ) ;
#4062 = DIRECTION ( 'NONE',  ( -0.0000000000000000000, 1.000000000000000000, -0.0000000000000000000 ) ) ;
#4063 = ORIENTED_EDGE ( 'NONE', *, *, #4385, .T. ) ;
#4064 = DIRECTION ( 'NONE',  ( -0.0000000000000000000, 1.000000000000000000, -0.0000000000000000000 ) ) ;
#4065 = FACE_OUTER_BOUND ( 'NONE', #2366, .T. ) ;
#4066 = CARTESIAN_POINT ( 'NONE',  ( 0.3252955032154508652, 0.4299000000000000599, 0.01685436103993742663 ) ) ;
#4067 = ORIENTED_EDGE ( 'NONE', *, *, #4781, .F. ) ;
#4068 = MECHANICAL_DESIGN_GEOMETRIC_PRESENTATION_REPRESENTATION (  '', ( #3592 ), #4206 ) ;
#4069 = ORIENTED_EDGE ( 'NONE', *, *, #3249, .F. ) ;
#4070 = ORIENTED_EDGE ( 'NONE', *, *, #1185, .T. ) ;
#4071 = CARTESIAN_POINT ( 'NONE',  ( 0.2888015476471353371, 0.4300000000000002709, 0.04533908285656011034 ) ) ;
#4072 = CARTESIAN_POINT ( 'NONE',  ( 0.2781995866162833564, 0.4299999999999999933, -0.05122125588553710224 ) ) ;
#4073 = STYLED_ITEM ( 'NONE', ( #3988 ), #426 ) ;
#4074 = ORIENTED_EDGE ( 'NONE', *, *, #3308, .F. ) ;
#4075 = AXIS2_PLACEMENT_3D ( 'NONE', #2418, #5408, #2847 ) ;
#4076 = CARTESIAN_POINT ( 'NONE',  ( -0.3674999999999999933, 0.01000000000000000021, -0.1050000000000002320 ) ) ;
#4077 = CARTESIAN_POINT ( 'NONE',  ( -0.3024999999999998246, 0.01000000000000000021, 0.09499999999999998723 ) ) ;
#4078 =( NAMED_UNIT ( * ) PLANE_ANGLE_UNIT ( ) SI_UNIT ( $, .RADIAN. ) );
#4079 = VERTEX_POINT ( 'NONE', #1135 ) ;
#4080 = AXIS2_PLACEMENT_3D ( 'NONE', #4951, #2392, #226 ) ;
#4081 = CARTESIAN_POINT ( 'NONE',  ( -0.2665000000000000147, -0.5900000000000000799, -0.05000000000000000278 ) ) ;
#4082 = CARTESIAN_POINT ( 'NONE',  ( -0.2665000000000000147, -1.046568542494923815, 0.05000000000000000278 ) ) ;
#4083 =( CONVERSION_BASED_UNIT ( 'INCH', #1599 ) LENGTH_UNIT ( ) NAMED_UNIT ( #5070 ) );
#4084 = ORIENTED_EDGE ( 'NONE', *, *, #2724, .F. ) ;
#4085 = UNCERTAINTY_MEASURE_WITH_UNIT (LENGTH_MEASURE( 1.000000000000000082E-05 ), #2072, 'distance_accuracy_value', 'NONE');
#4086 = CARTESIAN_POINT ( 'NONE',  ( 0.3208287198289576647, 0.4298999999999998933, 0.006590816514237595423 ) ) ;
#4087 = EDGE_CURVE ( 'NONE', #4221, #3420, #296, .T. ) ;
#4088 = CARTESIAN_POINT ( 'NONE',  ( 0.3086407922223120548, 0.4298999999999999488, 0.02736129036998732542 ) ) ;
#4089 = CARTESIAN_POINT ( 'NONE',  ( 0.2526667632206917591, 0.4300000000000001044, -0.03659322374732944944 ) ) ;
#4090 = VERTEX_POINT ( 'NONE', #4122 ) ;
#4091 = CYLINDRICAL_SURFACE ( 'NONE', #3338, 0.02000000000000000042 ) ;
#4092 = AXIS2_PLACEMENT_3D ( 'NONE', #1201, #3816, #4645 ) ;
#4093 = FACE_OUTER_BOUND ( 'NONE', #4662, .T. ) ;
#4094 = DIRECTION ( 'NONE',  ( 0.0000000000000000000, 0.0000000000000000000, -1.000000000000000000 ) ) ;
#4095 = DIRECTION ( 'NONE',  ( 1.000000000000000000, 0.0000000000000000000, 1.330445451459868146E-15 ) ) ;
#4096 = CARTESIAN_POINT ( 'NONE',  ( 0.3041113586209082675, 0.4298999999999999488, -0.006022872496083307541 ) ) ;
#4097 = SURFACE_STYLE_USAGE ( .BOTH. , #2289 ) ;
#4098 = PRESENTATION_STYLE_ASSIGNMENT (( #5299 ) ) ;
#4099 = CARTESIAN_POINT ( 'NONE',  ( -0.2134999999999999121, 0.0000000000000000000, 0.1050000000000000239 ) ) ;
#4100 = CARTESIAN_POINT ( 'NONE',  ( 0.2808216085115505800, 0.4300000000000000488, 0.04601409813708170343 ) ) ;
#4101 = ADVANCED_FACE ( 'NONE', ( #497 ), #3341, .T. ) ;
#4102 = CARTESIAN_POINT ( 'NONE',  ( -0.2392769285251371281, 0.4299999999999999933, -0.01137404655583462536 ) ) ;
#4103 = PRESENTATION_STYLE_ASSIGNMENT (( #4822 ) ) ;
#4104 = CIRCLE ( 'NONE', #4586, 0.02500000000000002220 ) ;
#4105 = CARTESIAN_POINT ( 'NONE',  ( 0.3231283495240194759, 0.4298999999999998378, 0.01047023413634020142 ) ) ;
#4106 = EDGE_CURVE ( 'NONE', #168, #2171, #2185, .T. ) ;
#4107 = FILL_AREA_STYLE ('',( #3077 ) ) ;
#4108 = AXIS2_PLACEMENT_3D ( 'NONE', #3745, #4999, #4131 ) ;
#4109 = LINE ( 'NONE', #4184, #5210 ) ;
#4110 =( LENGTH_UNIT ( ) NAMED_UNIT ( * ) SI_UNIT ( $, .METRE. ) );
#4111 = DIRECTION ( 'NONE',  ( 0.0000000000000000000, 1.000000000000000000, 0.0000000000000000000 ) ) ;
#4112 = CARTESIAN_POINT ( 'NONE',  ( 0.2403359381996773847, 0.4298999999999999488, 0.04438659250236837162 ) ) ;
#4114 = ORIENTED_EDGE ( 'NONE', *, *, #5538, .T. ) ;
#4113 = VECTOR ( 'NONE', #1534, 39.37007874015748854 ) ;
#4115 = MECHANICAL_DESIGN_GEOMETRIC_PRESENTATION_REPRESENTATION (  '', ( #631 ), #5519 ) ;
#4116 = CARTESIAN_POINT ( 'NONE',  ( 0.2824999999999999734, -0.5900000000000000799, -0.04699999999999999317 ) ) ;
#4117 = FACE_OUTER_BOUND ( 'NONE', #2760, .T. ) ;
#4118 = EDGE_CURVE ( 'NONE', #552, #4840, #2933, .T. ) ;
#4119 = CARTESIAN_POINT ( 'NONE',  ( 0.2303415608082756971, 0.4299999999999999933, 0.01621616706563401913 ) ) ;
#4121 = VERTEX_POINT ( 'NONE', #5476 ) ;
#4120 = LINE ( 'NONE', #4832, #5217 ) ;
#4122 = CARTESIAN_POINT ( 'NONE',  ( 0.2957205740472744204, 0.4300000000000000488, 0.008154062359625562084 ) ) ;
#4123 = CARTESIAN_POINT ( 'NONE',  ( 0.3087571688910327738, 0.4299999999999999933, 0.02467034981205626365 ) ) ;
#4124 =( CONVERSION_BASED_UNIT ( 'INCH', #2080 ) LENGTH_UNIT ( ) NAMED_UNIT ( #1705 ) );
#4125 = ORIENTED_EDGE ( 'NONE', *, *, #120, .T. ) ;
#4126 = ADVANCED_FACE ( 'NONE', ( #926 ), #1699, .T. ) ;
#4127 = ORIENTED_EDGE ( 'NONE', *, *, #998, .T. ) ;
#4128 = AXIS2_PLACEMENT_3D ( 'NONE', #5292, #4885, #157 ) ;
#4129 = ORIENTED_EDGE ( 'NONE', *, *, #4512, .F. ) ;
#4130 = CARTESIAN_POINT ( 'NONE',  ( -0.3024999999999999911, -0.1900000000000000300, -0.07499999999999999722 ) ) ;
#4131 = DIRECTION ( 'NONE',  ( 0.0000000000000000000, 0.0000000000000000000, 1.000000000000000000 ) ) ;
#4132 = DIRECTION ( 'NONE',  ( -0.0000000000000000000, 1.000000000000000000, -0.0000000000000000000 ) ) ;
#4133 = VERTEX_POINT ( 'NONE', #2335 ) ;
#4134 = SURFACE_SIDE_STYLE ('',( #1736 ) ) ;
#4135 = VERTEX_POINT ( 'NONE', #5378 ) ;
#4136 = PLANE ( 'NONE',  #1925 ) ;
#4137 = CARTESIAN_POINT ( 'NONE',  ( -0.3043432128509486745, 0.4298999999999999488, 0.002908796344953273796 ) ) ;
#4138 = EDGE_CURVE ( 'NONE', #3708, #3287, #4935, .T. ) ;
#4139 =( LENGTH_UNIT ( ) NAMED_UNIT ( * ) SI_UNIT ( $, .METRE. ) );
#4140 = ORIENTED_EDGE ( 'NONE', *, *, #407, .F. ) ;
#4141 = EDGE_LOOP ( 'NONE', ( #3655, #2839, #4747, #1418 ) ) ;
#4142 = B_SPLINE_CURVE_WITH_KNOTS ( 'NONE', 3,
 ( #1429, #3599, #4023, #1052, #1480, #4505, #1914, #4906, #2343, #2773, #174, #526, #3554, #980, #4003, #4427, #4594, #4096, #2381 ),
 .UNSPECIFIED., .F., .F.,
 ( 4, 1, 1, 1, 1, 1, 1, 1, 1, 1, 1, 1, 1, 1, 1, 1, 4 ),
 ( 0.0000000000000000000, 0.03274321823113742619, 0.07240960549385754008, 0.1196114857927606245, 0.1746729151985129680, 0.2373450901947018188, 0.3083524168429169210, 0.3876300477623605412, 0.4747836155862527052, 0.5633323159904143340, 0.6451362168299877853, 0.7202025267224656524, 0.7891341563324464348, 0.8514970735699656235, 0.9073306044315618824, 0.9569686823424196076, 0.9999999999999998890 ),
 .UNSPECIFIED. ) ;
#4144 = VERTEX_POINT ( 'NONE', #675 ) ;
#4143 = VECTOR ( 'NONE', #145, 39.37007874015748143 ) ;
#4145 = CARTESIAN_POINT ( 'NONE',  ( 0.2989053294818830309, 0.4300000000000001044, 0.04164030919898540489 ) ) ;
#4146 = CARTESIAN_POINT ( 'NONE',  ( 0.2308525824933463366, 0.4298999999999998933, 0.02254288333708806893 ) ) ;
#4147 = DIRECTION ( 'NONE',  ( -1.000000000000000000, 0.0000000000000000000, 0.0000000000000000000 ) ) ;
#4148 = EDGE_CURVE ( 'NONE', #4479, #2696, #4813, .T. ) ;
#4150 = ORIENTED_EDGE ( 'NONE', *, *, #4328, .F. ) ;
#4149 = LINE ( 'NONE', #1625, #2918 ) ;
#4151 = DIRECTION ( 'NONE',  ( 0.0000000000000000000, -0.0000000000000000000, -1.000000000000000000 ) ) ;
#4152 = CARTESIAN_POINT ( 'NONE',  ( 0.2490050955286353118, 0.4300000000000002154, 0.05216122900624944880 ) ) ;
#4153 = EDGE_CURVE ( 'NONE', #743, #5435, #3834, .T. ) ;
#4154 = AXIS2_PLACEMENT_3D ( 'NONE', #834, #819, #2501 ) ;
#4155 =( LENGTH_UNIT ( ) NAMED_UNIT ( * ) SI_UNIT ( $, .METRE. ) );
#4156 = ORIENTED_EDGE ( 'NONE', *, *, #5338, .T. ) ;
#4157 = ADVANCED_FACE ( 'NONE', ( #1059 ), #759, .F. ) ;
#4158 = CARTESIAN_POINT ( 'NONE',  ( 0.2796885673274994710, 0.4299999999999999933, -0.06528622584975470045 ) ) ;
#4159 = EDGE_LOOP ( 'NONE', ( #3608, #4012, #4649, #1220 ) ) ;
#4160 = EDGE_CURVE ( 'NONE', #4921, #5462, #3968, .T. ) ;
#4161 = SURFACE_STYLE_FILL_AREA ( #1573 ) ;
#4162 = PLANE ( 'NONE',  #3002 ) ;
#4163 = STYLED_ITEM ( 'NONE', ( #4103 ), #1461 ) ;
#4164 = VECTOR ( 'NONE', #2551, 39.37007874015748143 ) ;
#4165 = CARTESIAN_POINT ( 'NONE',  ( 0.2824999999999999734, -0.6900000000000000577, -0.04699999999999999317 ) ) ;
#4166 = CARTESIAN_POINT ( 'NONE',  ( 0.2274999999999999523, -0.1900000000000000300, -0.02500000000000002220 ) ) ;
#4167 = DIRECTION ( 'NONE',  ( -0.0000000000000000000, -1.000000000000000000, -0.0000000000000000000 ) ) ;
#4168 = SURFACE_STYLE_FILL_AREA ( #5096 ) ;
#4169 = DIRECTION ( 'NONE',  ( -0.0000000000000000000, 0.0000000000000000000, 1.000000000000000000 ) ) ;
#4170 = DIRECTION ( 'NONE',  ( 0.0000000000000000000, 0.0000000000000000000, -1.000000000000000000 ) ) ;
#4171 = AXIS2_PLACEMENT_3D ( 'NONE', #1481, #5316, #4506 ) ;
#4172 = CARTESIAN_POINT ( 'NONE',  ( 0.2352205214486184359, 0.4298999999999998933, -0.03637087925512776099 ) ) ;
#4173 = CARTESIAN_POINT ( 'NONE',  ( 0.2584692576831451594, 0.4298999999999998933, -0.04590590221181211489 ) ) ;
#4174 =( NAMED_UNIT ( * ) PLANE_ANGLE_UNIT ( ) SI_UNIT ( $, .RADIAN. ) );
#4175 = EDGE_CURVE ( 'NONE', #2906, #1757, #2103, .T. ) ;
#4177 = VERTEX_POINT ( 'NONE', #2876 ) ;
#4176 = PRESENTATION_STYLE_ASSIGNMENT (( #3242 ) ) ;
#4178 =( CONVERSION_BASED_UNIT ( 'INCH', #10 ) LENGTH_UNIT ( ) NAMED_UNIT ( #1759 ) );
#4179 = PLANE ( 'NONE',  #3123 ) ;
#4180 = DIRECTION ( 'NONE',  ( 0.0000000000000000000, 0.0000000000000000000, 1.000000000000000000 ) ) ;
#4182 = ORIENTED_EDGE ( 'NONE', *, *, #1701, .F. ) ;
#4181 = FACE_OUTER_BOUND ( 'NONE', #1494, .T. ) ;
#4183 = STYLED_ITEM ( 'NONE', ( #3919 ), #3382 ) ;
#4184 = CARTESIAN_POINT ( 'NONE',  ( 0.3228719783459290116, 0.4298999999999999488, -0.02926488562236512908 ) ) ;
#4185 = CARTESIAN_POINT ( 'NONE',  ( -0.1874999999999999445, 0.01000000000000000021, -0.08999999999999999667 ) ) ;
#4186 =( NAMED_UNIT ( * ) SI_UNIT ( $, .STERADIAN. ) SOLID_ANGLE_UNIT ( ) );
#4187 = CARTESIAN_POINT ( 'NONE',  ( 0.2403359381996773847, 0.4299999999999999933, 0.04438659250236837162 ) ) ;
#4188 = VECTOR ( 'NONE', #5376, 39.37007874015748143 ) ;
#4189 = FILL_AREA_STYLE_COLOUR ( '', #2520 ) ;
#4191 = VERTEX_POINT ( 'NONE', #2118 ) ;
#4190 = FACE_OUTER_BOUND ( 'NONE', #3649, .T. ) ;
#4192 = CARTESIAN_POINT ( 'NONE',  ( 0.2350464972932411190, 0.4298999999999999488, -0.03183789776258059284 ) ) ;
#4193 = DIRECTION ( 'NONE',  ( -0.0000000000000000000, -1.000000000000000000, -0.0000000000000000000 ) ) ;
#4194 = DIRECTION ( 'NONE',  ( 0.0000000000000000000, -1.000000000000000000, 0.0000000000000000000 ) ) ;
#4195 = VERTEX_POINT ( 'NONE', #3878 ) ;
#4196 = AXIS2_PLACEMENT_3D ( 'NONE', #4201, #4621, #2039 ) ;
#4198 = ORIENTED_EDGE ( 'NONE', *, *, #4720, .F. ) ;
#4197 = EDGE_LOOP ( 'NONE', ( #4198, #3951 ) ) ;
#4199 = ORIENTED_EDGE ( 'NONE', *, *, #5489, .F. ) ;
#4200 = CARTESIAN_POINT ( 'NONE',  ( -0.3024999999999998246, -0.1900000000000000300, -0.09499999999999998723 ) ) ;
#4201 = CARTESIAN_POINT ( 'NONE',  ( 0.2074999999999999623, -0.1900000000000000300, -0.07499999999999999722 ) ) ;
#4202 = CARTESIAN_POINT ( 'NONE',  ( 0.3260086026692393113, 0.4299999999999999933, 0.02383718397617697049 ) ) ;
#4203 = ORIENTED_EDGE ( 'NONE', *, *, #4044, .T. ) ;
#4204 = VERTEX_POINT ( 'NONE', #2913 ) ;
#4205 = VERTEX_POINT ( 'NONE', #1691 ) ;
#4206 =( GEOMETRIC_REPRESENTATION_CONTEXT ( 3 ) GLOBAL_UNCERTAINTY_ASSIGNED_CONTEXT ( ( #2961 ) ) GLOBAL_UNIT_ASSIGNED_CONTEXT ( ( #3633, #4078, #2774 ) ) REPRESENTATION_CONTEXT ( 'NONE', 'WORKASPACE' ) );
#4207 =( LENGTH_UNIT ( ) NAMED_UNIT ( * ) SI_UNIT ( $, .METRE. ) );
#4208 = FILL_AREA_STYLE_COLOUR ( '', #1267 ) ;
#4209 = CARTESIAN_POINT ( 'NONE',  ( 0.3024999999999998246, -0.1900000000000000300, 0.09499999999999998723 ) ) ;
#4210 = DIRECTION ( 'NONE',  ( 0.0000000000000000000, -1.000000000000000000, 0.0000000000000000000 ) ) ;
#4211 = CARTESIAN_POINT ( 'NONE',  ( 0.2304677004916075023, 0.4300000000000001044, 0.01941081533772740647 ) ) ;
#4213 = EDGE_LOOP ( 'NONE', ( #1475, #4043, #4893, #2819 ) ) ;
#4212 = FACE_OUTER_BOUND ( 'NONE', #3040, .T. ) ;
#4214 = DIMENSIONAL_EXPONENTS ( 1.000000000000000000, 0.0000000000000000000, 0.0000000000000000000, 0.0000000000000000000, 0.0000000000000000000, 0.0000000000000000000, 0.0000000000000000000 ) ;
#4215 = DIRECTION ( 'NONE',  ( -0.0000000000000000000, 1.000000000000000000, -0.0000000000000000000 ) ) ;
#4216 = LINE ( 'NONE', #912, #1238 ) ;
#4217 = EDGE_CURVE ( 'NONE', #602, #2758, #2654, .T. ) ;
#4218 = CARTESIAN_POINT ( 'NONE',  ( 0.2362477529399667764, 0.4298999999999999488, -0.04079729237337772346 ) ) ;
#4219 = CARTESIAN_POINT ( 'NONE',  ( 0.3259723567747315198, 0.4300000000000000488, 0.02145456474935204458 ) ) ;
#4220 = CARTESIAN_POINT ( 'NONE',  ( 0.2781995866162833564, 0.4298999999999999488, -0.05122125588553710224 ) ) ;
#4221 = VERTEX_POINT ( 'NONE', #3840 ) ;
#4222 = DIRECTION ( 'NONE',  ( 0.0000000000000000000, 0.0000000000000000000, -1.000000000000000000 ) ) ;
#4223 =( NAMED_UNIT ( * ) SI_UNIT ( $, .STERADIAN. ) SOLID_ANGLE_UNIT ( ) );
#4224 = VERTEX_POINT ( 'NONE', #2512 ) ;
#4225 = AXIS2_PLACEMENT_3D ( 'NONE', #2648, #122, #3137 ) ;
#4227 = ORIENTED_EDGE ( 'NONE', *, *, #3025, .F. ) ;
#4226 = SURFACE_STYLE_FILL_AREA ( #214 ) ;
#4228 = DIRECTION ( 'NONE',  ( 0.0000000000000000000, -1.000000000000000000, 0.0000000000000000000 ) ) ;
#4229 = DIRECTION ( 'NONE',  ( 0.0000000000000000000, -1.000000000000000000, 0.0000000000000000000 ) ) ;
#4230 = CARTESIAN_POINT ( 'NONE',  ( 0.2475929945864822346, 0.4298999999999999488, 0.01621616706563401913 ) ) ;
#4231 = UNCERTAINTY_MEASURE_WITH_UNIT (LENGTH_MEASURE( 1.000000000000000082E-05 ), #1444, 'distance_accuracy_value', 'NONE');
#4232 = DIRECTION ( 'NONE',  ( -0.0000000000000000000, 1.000000000000000000, -0.0000000000000000000 ) ) ;
#4233 = B_SPLINE_SURFACE_WITH_KNOTS ( 'NONE', 3, 1, ( 
 ( #2557, #1306 ),
 ( #5123, #404 ),
 ( #917, #3427 ),
 ( #855, #1289 ),
 ( #4309, #3531 ),
 ( #2685, #36 ),
 ( #1013, #2667 ),
 ( #3058, #3100 ),
 ( #99, #4845 ),
 ( #974, #500 ),
 ( #5250, #3121 ),
 ( #3962, #953 ),
 ( #2706, #78 ),
 ( #521, #5194 ),
 ( #4406, #2196 ),
 ( #562, #1809 ),
 ( #4828, #3595 ),
 ( #2215, #3572 ),
 ( #2629, #4800 ) ),
 .UNSPECIFIED., .F., .F., .F.,
 ( 4, 1, 1, 1, 1, 1, 1, 1, 1, 1, 1, 1, 1, 1, 1, 1, 4 ),
 ( 2, 2 ),
 ( 0.0000000000000000000, 0.07481596665055524620, 0.1485345605139197500, 0.2238723272963844546, 0.3012971209351246737, 0.3408936290197579488, 0.3803400620654404096, 0.4201265887284643119, 0.4599499070829666247, 0.5008311555562172668, 0.5419071755971086590, 0.5844387941530514441, 0.6280801713306070067, 0.7172666799070603894, 0.8078600064218678378, 0.9019246558363446242, 1.000000000000000000 ),
 ( 0.0000000000000000000, 1.000000000000000000 ),
 .UNSPECIFIED. ) ;
#4234 = CARTESIAN_POINT ( 'NONE',  ( 0.2443882896929280846, 0.4299999999999999378, 0.04858111915742065884 ) ) ;
#4235 = EDGE_CURVE ( 'NONE', #4448, #2013, #4690, .T. ) ;
#4236 = AXIS2_PLACEMENT_3D ( 'NONE', #5555, #483, #4308 ) ;
#4237 = DIRECTION ( 'NONE',  ( 0.0000000000000000000, 0.0000000000000000000, 1.000000000000000000 ) ) ;
#4238 = LENGTH_MEASURE_WITH_UNIT ( LENGTH_MEASURE( 0.02539999999999999897 ), #1385 );
#4239 = DIRECTION ( 'NONE',  ( 0.0000000000000000000, -1.000000000000000000, 0.0000000000000000000 ) ) ;
#4240 = MECHANICAL_DESIGN_GEOMETRIC_PRESENTATION_REPRESENTATION (  '', ( #1017 ), #2977 ) ;
#4241 = CARTESIAN_POINT ( 'NONE',  ( 0.2665537635910182335, 0.4298999999999999488, -0.04992613854163884674 ) ) ;
#4242 = DIRECTION ( 'NONE',  ( -0.0000000000000000000, 1.000000000000000000, -0.0000000000000000000 ) ) ;
#4243 = LINE ( 'NONE', #435, #4164 ) ;
#4244 = B_SPLINE_SURFACE_WITH_KNOTS ( 'NONE', 3, 1, ( 
 ( #4680, #2452 ),
 ( #5445, #5174 ),
 ( #4731, #2610 ),
 ( #423, #1323 ),
 ( #895, #4749 ),
 ( #2127, #14 ),
 ( #2146, #1269 ),
 ( #3923, #3042 ),
 ( #2163, #3449 ),
 ( #2975, #1717 ),
 ( #5139, #3485 ) ),
 .UNSPECIFIED., .F., .F., .F.,
 ( 4, 1, 1, 1, 1, 1, 1, 1, 4 ),
 ( 2, 2 ),
 ( 0.0000000000000000000, 0.1177675192120364034, 0.2301764485440571661, 0.3398429589695382558, 0.4506252599208611098, 0.5669428888721639304, 0.6960213064547944306, 0.8394383602270614197, 1.000000000000000000 ),
 ( 0.0000000000000000000, 1.000000000000000000 ),
 .UNSPECIFIED. ) ;
#4245 =( NAMED_UNIT ( * ) PLANE_ANGLE_UNIT ( ) SI_UNIT ( $, .RADIAN. ) );
#4246 = PLANE ( 'NONE',  #2944 ) ;
#4247 = VECTOR ( 'NONE', #4215, 39.37007874015748143 ) ;
#4248 = PRESENTATION_LAYER_ASSIGNMENT (  '', '', ( #833 ) ) ;
#4249 = CARTESIAN_POINT ( 'NONE',  ( 0.4850000000000000422, 0.1000000000000000056, -0.1250000000000000000 ) ) ;
#4250 = DIRECTION ( 'NONE',  ( -0.0000000000000000000, 1.000000000000000000, -0.0000000000000000000 ) ) ;
#4251 = SURFACE_SIDE_STYLE ('',( #5211 ) ) ;
#4252 = FILL_AREA_STYLE ('',( #3728 ) ) ;
#4253 = DIRECTION ( 'NONE',  ( 0.0000000000000000000, 0.0000000000000000000, 1.000000000000000000 ) ) ;
#4254 = LINE ( 'NONE', #3947, #1131 ) ;
#4255 = ORIENTED_EDGE ( 'NONE', *, *, #4328, .T. ) ;
#4256 = CARTESIAN_POINT ( 'NONE',  ( -0.1874999999999999722, -0.1900000000000000300, 0.02500000000000000139 ) ) ;
#4257 = PRESENTATION_LAYER_ASSIGNMENT (  '', '', ( #4900 ) ) ;
#4258 = CARTESIAN_POINT ( 'NONE',  ( 0.3047643540904403370, 0.4299000000000001154, -0.03433603048581013867 ) ) ;
#4259 = DIRECTION ( 'NONE',  ( 0.0000000000000000000, 1.000000000000000000, 0.0000000000000000000 ) ) ;
#4261 = ORIENTED_EDGE ( 'NONE', *, *, #1629, .T. ) ;
#4260 = LINE ( 'NONE', #3163, #3074 ) ;
#4262 = ORIENTED_EDGE ( 'NONE', *, *, #502, .T. ) ;
#4263 = DIRECTION ( 'NONE',  ( 0.0000000000000000000, -0.0000000000000000000, -1.000000000000000000 ) ) ;
#4264 = ORIENTED_EDGE ( 'NONE', *, *, #1256, .T. ) ;
#4265 = CARTESIAN_POINT ( 'NONE',  ( -0.3374999999999999667, 0.4299999999999999933, -0.09499999999999998723 ) ) ;
#4266 = ORIENTED_EDGE ( 'NONE', *, *, #4033, .T. ) ;
#4267 = ORIENTED_EDGE ( 'NONE', *, *, #2322, .F. ) ;
#4268 = EDGE_CURVE ( 'NONE', #4703, #3071, #3680, .T. ) ;
#4269 = SURFACE_SIDE_STYLE ('',( #5151 ) ) ;
#4270 = ORIENTED_EDGE ( 'NONE', *, *, #5324, .T. ) ;
#4271 = DIRECTION ( 'NONE',  ( -0.0000000000000000000, 1.000000000000000000, -0.0000000000000000000 ) ) ;
#4272 = CARTESIAN_POINT ( 'NONE',  ( 0.2781995866162833564, 0.4299999999999999933, -0.05122125588553710224 ) ) ;
#4273 = ORIENTED_EDGE ( 'NONE', *, *, #470, .T. ) ;
#4274 = CARTESIAN_POINT ( 'NONE',  ( -0.3043432128509486745, 0.4299999999999999933, 0.04575732504731698513 ) ) ;
#4275 = CARTESIAN_POINT ( 'NONE',  ( 0.2368999005880525754, 0.4298999999999998378, 0.03955869944171840763 ) ) ;
#4276 = CIRCLE ( 'NONE', #467, 0.01550000000000004673 ) ;
#4277 = ORIENTED_EDGE ( 'NONE', *, *, #3980, .F. ) ;
#4278 = DIRECTION ( 'NONE',  ( -1.000000000000000000, 0.0000000000000000000, 0.0000000000000000000 ) ) ;
#4279 =( NAMED_UNIT ( * ) SI_UNIT ( $, .STERADIAN. ) SOLID_ANGLE_UNIT ( ) );
#4280 = DIRECTION ( 'NONE',  ( -7.760931800182568785E-16, 0.0000000000000000000, 1.000000000000000000 ) ) ;
#4281 = ORIENTED_EDGE ( 'NONE', *, *, #4829, .T. ) ;
#4282 = CARTESIAN_POINT ( 'NONE',  ( 0.2791535836656708902, 0.4299999999999997158, -0.01347692705635896229 ) ) ;
#4283 = EDGE_CURVE ( 'NONE', #2758, #4882, #5010, .T. ) ;
#4284 = DIRECTION ( 'NONE',  ( 0.0000000000000000000, -1.000000000000000000, 0.0000000000000000000 ) ) ;
#4285 = CARTESIAN_POINT ( 'NONE',  ( 0.2623399702639371278, 0.4298999999999999488, -0.001657961807647388751 ) ) ;
#4286 = DIRECTION ( 'NONE',  ( -0.0000000000000000000, 1.000000000000000000, -0.0000000000000000000 ) ) ;
#4288 = ORIENTED_EDGE ( 'NONE', *, *, #2630, .T. ) ;
#4287 = LENGTH_MEASURE_WITH_UNIT ( LENGTH_MEASURE( 0.02539999999999999897 ), #2923 );
#4289 = CARTESIAN_POINT ( 'NONE',  ( 0.3024999999999998246, 0.01000000000000000021, -0.09499999999999998723 ) ) ;
#4290 = CYLINDRICAL_SURFACE ( 'NONE', #288, 0.01000000000000000368 ) ;
#4291 = CARTESIAN_POINT ( 'NONE',  ( 0.5000000000000000000, -0.0000000000000000000, -9.092702177131151783E-17 ) ) ;
#4292 = VECTOR ( 'NONE', #4979, 39.37007874015748143 ) ;
#4293 = CARTESIAN_POINT ( 'NONE',  ( -0.3218000208408005602, 0.4298999999999999488, 0.06004016794810488472 ) ) ;
#4294 =( NAMED_UNIT ( * ) SI_UNIT ( $, .STERADIAN. ) SOLID_ANGLE_UNIT ( ) );
#4295 = CARTESIAN_POINT ( 'NONE',  ( 0.2580486070478110183, 0.4298999999999998378, -0.02099564149639290139 ) ) ;
#4296 = COLOUR_RGB ( '',1.000000000000000000, 1.000000000000000000, 1.000000000000000000 ) ;
#4297 = EDGE_CURVE ( 'NONE', #3394, #1493, #1327, .T. ) ;
#4298 = VECTOR ( 'NONE', #244, 39.37007874015748143 ) ;
#4299 = CARTESIAN_POINT ( 'NONE',  ( 0.2906669979387604408, 0.4298999999999997823, 0.006364761100505405243 ) ) ;
#4300 = CARTESIAN_POINT ( 'NONE',  ( -0.2665000000000000147, -0.6900000000000000577, -0.06000000000000001166 ) ) ;
#4301 = CARTESIAN_POINT ( 'NONE',  ( 0.3056103541811936442, 0.4299000000000000599, 0.03519230575703652386 ) ) ;
#4302 = CARTESIAN_POINT ( 'NONE',  ( 0.2824999999999999734, -0.6900000000000000577, -0.04699999999999999317 ) ) ;
#4303 = SURFACE_SIDE_STYLE ('',( #2251 ) ) ;
#4304 = STYLED_ITEM ( 'NONE', ( #4852 ), #2156 ) ;
#4305 = PRESENTATION_STYLE_ASSIGNMENT (( #1997 ) ) ;
#4307 = VERTEX_POINT ( 'NONE', #2101 ) ;
#4306 = FACE_OUTER_BOUND ( 'NONE', #2150, .T. ) ;
#4308 = DIRECTION ( 'NONE',  ( 0.0000000000000000000, 0.0000000000000000000, -1.000000000000000000 ) ) ;
#4309 = CARTESIAN_POINT ( 'NONE',  ( 0.3230122834097854390, 0.4298999999999998933, 0.03782207312909326852 ) ) ;
#4310 = CARTESIAN_POINT ( 'NONE',  ( 0.3026555264855561589, 0.4299999999999999933, -0.006631610375094823713 ) ) ;
#4311 = EDGE_CURVE ( 'NONE', #3653, #133, #4967, .T. ) ;
#4312 = VECTOR ( 'NONE', #2949, 39.37007874015748143 ) ;
#4313 = DIRECTION ( 'NONE',  ( -1.000000000000000000, -0.0000000000000000000, -7.760931800182568785E-16 ) ) ;
#4315 = ORIENTED_EDGE ( 'NONE', *, *, #4087, .T. ) ;
#4314 = LINE ( 'NONE', #5291, #1609 ) ;
#4316 = DIMENSIONAL_EXPONENTS ( 1.000000000000000000, 0.0000000000000000000, 0.0000000000000000000, 0.0000000000000000000, 0.0000000000000000000, 0.0000000000000000000, 0.0000000000000000000 ) ;
#4317 = CARTESIAN_POINT ( 'NONE',  ( 0.2824999999999999734, -1.046568542494923815, 0.03699999999999999817 ) ) ;
#4318 = CARTESIAN_POINT ( 'NONE',  ( 0.2477827503496420614, 0.4299000000000000599, 0.01776510859365462019 ) ) ;
#4319 = ORIENTED_EDGE ( 'NONE', *, *, #3731, .F. ) ;
#4320 =( GEOMETRIC_REPRESENTATION_CONTEXT ( 3 ) GLOBAL_UNCERTAINTY_ASSIGNED_CONTEXT ( ( #3125 ) ) GLOBAL_UNIT_ASSIGNED_CONTEXT ( ( #3063, #903, #1366 ) ) REPRESENTATION_CONTEXT ( 'NONE', 'WORKASPACE' ) );
#4321 = UNCERTAINTY_MEASURE_WITH_UNIT (LENGTH_MEASURE( 1.000000000000000082E-05 ), #5145, 'distance_accuracy_value', 'NONE');
#4322 = ADVANCED_FACE ( 'NONE', ( #5068 ), #3550, .T. ) ;
#4323 = CARTESIAN_POINT ( 'NONE',  ( -0.2665000000000000147, -0.1849999999999999978, -0.05000000000000000278 ) ) ;
#4324 = PRODUCT_DEFINITION ( 'UNKNOWN', '', #4607, #3418 ) ;
#4325 = EDGE_LOOP ( 'NONE', ( #3384, #827 ) ) ;
#4326 = ORIENTED_EDGE ( 'NONE', *, *, #4404, .F. ) ;
#4327 = EDGE_LOOP ( 'NONE', ( #1085, #440, #954, #2217 ) ) ;
#4328 = EDGE_CURVE ( 'NONE', #2627, #5099, #2728, .T. ) ;
#4329 = AXIS2_PLACEMENT_3D ( 'NONE', #2836, #3329, #5397 ) ;
#4330 = CARTESIAN_POINT ( 'NONE',  ( 0.2601468461711139990, 0.4298999999999999488, -0.04715454321333188703 ) ) ;
#4331 = SURFACE_STYLE_USAGE ( .BOTH. , #2556 ) ;
#4332 = CARTESIAN_POINT ( 'NONE',  ( 0.2824999999999999734, -0.1849999999999999978, -0.03199999999999997291 ) ) ;
#4333 =( LENGTH_UNIT ( ) NAMED_UNIT ( * ) SI_UNIT ( $, .METRE. ) );
#4334 = ORIENTED_EDGE ( 'NONE', *, *, #1156, .T. ) ;
#4335 = ORIENTED_EDGE ( 'NONE', *, *, #1972, .T. ) ;
#4336 = ORIENTED_EDGE ( 'NONE', *, *, #4704, .F. ) ;
#4337 = EDGE_CURVE ( 'NONE', #4537, #2231, #4695, .T. ) ;
#4338 = CARTESIAN_POINT ( 'NONE',  ( 0.0000000000000000000, -0.2321874999999999356, 0.02500000000000000139 ) ) ;
#4339 = ORIENTED_EDGE ( 'NONE', *, *, #5149, .T. ) ;
#4340 = DIRECTION ( 'NONE',  ( 0.0000000000000000000, -1.000000000000000000, 0.0000000000000000000 ) ) ;
#4341 = PRESENTATION_LAYER_ASSIGNMENT (  '', '', ( #4163 ) ) ;
#4342 = ORIENTED_EDGE ( 'NONE', *, *, #2816, .F. ) ;
#4343 = LENGTH_MEASURE_WITH_UNIT ( LENGTH_MEASURE( 0.02539999999999999897 ), #3327 );
#4344 =( NAMED_UNIT ( * ) SI_UNIT ( $, .STERADIAN. ) SOLID_ANGLE_UNIT ( ) );
#4345 = CARTESIAN_POINT ( 'NONE',  ( 0.3228719783459290116, 0.4299999999999999933, -0.02926488562236512908 ) ) ;
#4346 = CARTESIAN_POINT ( 'NONE',  ( 0.2834078865823752569, 0.4299000000000001709, -0.01241734875201551229 ) ) ;
#4347 = ADVANCED_FACE ( 'NONE', ( #3204 ), #5543, .F. ) ;
#4349 = ORIENTED_EDGE ( 'NONE', *, *, #5149, .F. ) ;
#4348 = CYLINDRICAL_SURFACE ( 'NONE', #5136, 0.02000000000000000042 ) ;
#4350 = AXIS2_PLACEMENT_3D ( 'NONE', #565, #3598, #1428 ) ;
#4351 = CARTESIAN_POINT ( 'NONE',  ( -0.2665000000000000147, -0.6900000000000000577, 0.04000000000000000083 ) ) ;
#4352 = CARTESIAN_POINT ( 'NONE',  ( 0.5000000000000000000, 0.1000000000000000056, -9.092702177131151783E-17 ) ) ;
#4353 = CIRCLE ( 'NONE', #858, 0.02000000000000000736 ) ;
#4354 = DIRECTION ( 'NONE',  ( 0.0000000000000000000, 0.0000000000000000000, 1.000000000000000000 ) ) ;
#4355 =( NAMED_UNIT ( * ) SI_UNIT ( $, .STERADIAN. ) SOLID_ANGLE_UNIT ( ) );
#4356 = CYLINDRICAL_SURFACE ( 'NONE', #5063, 0.02000000000000000042 ) ;
#4357 =( LENGTH_UNIT ( ) NAMED_UNIT ( * ) SI_UNIT ( $, .METRE. ) );
#4358 = DIRECTION ( 'NONE',  ( 1.000000000000000000, 0.0000000000000000000, 0.0000000000000000000 ) ) ;
#4359 = VECTOR ( 'NONE', #5257, 39.37007874015748143 ) ;
#4360 = MECHANICAL_DESIGN_GEOMETRIC_PRESENTATION_REPRESENTATION (  '', ( #3603 ), #4910 ) ;
#4361 = LINE ( 'NONE', #3001, #219 ) ;
#4362 = PRESENTATION_STYLE_ASSIGNMENT (( #1785 ) ) ;
#4363 = CARTESIAN_POINT ( 'NONE',  ( 0.2771124549347617205, 0.4298999999999999488, -0.05121306160085137282 ) ) ;
#4364 = CARTESIAN_POINT ( 'NONE',  ( 0.2394460734542082081, 0.4300000000000000488, -0.01660858596188121220 ) ) ;
#4365 = DIRECTION ( 'NONE',  ( -0.0000000000000000000, -1.000000000000000000, -0.0000000000000000000 ) ) ;
#4366 = B_SPLINE_SURFACE_WITH_KNOTS ( 'NONE', 3, 1, ( 
 ( #2924, #2578 ),
 ( #5575, #3869 ),
 ( #4295, #4732 ),
 ( #2179, #856 ),
 ( #5595, #3924 ),
 ( #3005, #424 ),
 ( #2129, #2165 ),
 ( #3023, #1754 ),
 ( #3043, #1733 ),
 ( #1290, #3487 ),
 ( #4346, #5557 ),
 ( #1345, #465 ),
 ( #1719, #446 ),
 ( #2976, #2590 ),
 ( #1270, #3469 ),
 ( #896, #3886 ),
 ( #384, #4310 ),
 ( #1700, #2148 ),
 ( #5157, #1325 ) ),
 .UNSPECIFIED., .F., .F., .F.,
 ( 4, 1, 1, 1, 1, 1, 1, 1, 1, 1, 1, 1, 1, 1, 1, 1, 4 ),
 ( 2, 2 ),
 ( 0.0000000000000000000, 0.03274321823113742619, 0.07240960549385754008, 0.1196114857927606245, 0.1746729151985129680, 0.2373450901947018188, 0.3083524168429169210, 0.3876300477623605412, 0.4747836155862527052, 0.5633323159904143340, 0.6451362168299877853, 0.7202025267224656524, 0.7891341563324464348, 0.8514970735699656235, 0.9073306044315618824, 0.9569686823424196076, 0.9999999999999998890 ),
 ( 0.0000000000000000000, 1.000000000000000000 ),
 .UNSPECIFIED. ) ;
#4367 = CIRCLE ( 'NONE', #3700, 0.02000000000000000736 ) ;
#4368 = EDGE_CURVE ( 'NONE', #4896, #4777, #366, .T. ) ;
#4369 = LENGTH_MEASURE_WITH_UNIT ( LENGTH_MEASURE( 0.02539999999999999897 ), #2203 );
#4370 = CARTESIAN_POINT ( 'NONE',  ( 0.3228719783459290116, 0.4299999999999999933, -0.02926488562236512908 ) ) ;
#4371 = DIRECTION ( 'NONE',  ( -0.0000000000000000000, 1.000000000000000000, -0.0000000000000000000 ) ) ;
#4372 = CARTESIAN_POINT ( 'NONE',  ( 0.3224999999999999534, -0.1900000000000000300, 0.07499999999999984457 ) ) ;
#4373 = ADVANCED_FACE ( 'NONE', ( #3687 ), #23, .F. ) ;
#4374 = PLANE ( 'NONE',  #4437 ) ;
#4375 = DIRECTION ( 'NONE',  ( 0.4997224534895781667, 0.0000000000000000000, -0.8661855860485998537 ) ) ;
#4376 = CARTESIAN_POINT ( 'NONE',  ( 0.3674999999999999933, 0.01000000000000000021, -0.1938461538461542510 ) ) ;
#4378 = VERTEX_POINT ( 'NONE', #3477 ) ;
#4377 = CYLINDRICAL_SURFACE ( 'NONE', #2172, 0.01000000000000000368 ) ;
#4379 = CIRCLE ( 'NONE', #4812, 0.02000000000000000042 ) ;
#4381 = ORIENTED_EDGE ( 'NONE', *, *, #5023, .F. ) ;
#4380 = LENGTH_MEASURE_WITH_UNIT ( LENGTH_MEASURE( 0.02539999999999999897 ), #3984 );
#4382 = CARTESIAN_POINT ( 'NONE',  ( 0.3087158682444395841, 0.4298999999999998933, 0.02378607308005744811 ) ) ;
#4383 = CARTESIAN_POINT ( 'NONE',  ( 0.3259447618211209208, 0.4299000000000000599, 0.02543590669593466524 ) ) ;
#4384 = DIRECTION ( 'NONE',  ( 0.0000000000000000000, -1.000000000000000000, 0.0000000000000000000 ) ) ;
#4385 = EDGE_CURVE ( 'NONE', #523, #2954, #2998, .T. ) ;
#4386 = VECTOR ( 'NONE', #1496, 39.37007874015748143 ) ;
#4387 = ORIENTED_EDGE ( 'NONE', *, *, #1029, .T. ) ;
#4388 = VERTEX_POINT ( 'NONE', #3011 ) ;
#4389 = CARTESIAN_POINT ( 'NONE',  ( 0.3047873787318431948, 0.4299000000000000599, -0.005740203197538019941 ) ) ;
#4390 = CARTESIAN_POINT ( 'NONE',  ( 0.3260086026692393113, 0.4298999999999999488, 0.02383718397617697049 ) ) ;
#4391 = ORIENTED_EDGE ( 'NONE', *, *, #5140, .F. ) ;
#4392 = CARTESIAN_POINT ( 'NONE',  ( -0.2665000000000000147, -0.1900000000000000300, -0.05000000000000000278 ) ) ;
#4393 = MECHANICAL_DESIGN_GEOMETRIC_PRESENTATION_REPRESENTATION (  '', ( #1709 ), #2639 ) ;
#4394 = ORIENTED_EDGE ( 'NONE', *, *, #4983, .F. ) ;
#4395 = ORIENTED_EDGE ( 'NONE', *, *, #1805, .T. ) ;
#4396 = CARTESIAN_POINT ( 'NONE',  ( -0.3043432128509486745, 0.4298999999999999488, 0.002908796344953273796 ) ) ;
#4397 = SURFACE_SIDE_STYLE ('',( #1853 ) ) ;
#4398 = CARTESIAN_POINT ( 'NONE',  ( 0.2755262547173795706, 0.4298999999999999488, -0.06528216402680757369 ) ) ;
#4399 = ORIENTED_EDGE ( 'NONE', *, *, #2149, .F. ) ;
#4400 = AXIS2_PLACEMENT_3D ( 'NONE', #1426, #2256, #101 ) ;
#4401 = CARTESIAN_POINT ( 'NONE',  ( 0.3024999999999998246, -0.1900000000000000300, -0.09499999999999998723 ) ) ;
#4403 = ORIENTED_EDGE ( 'NONE', *, *, #5056, .F. ) ;
#4402 = ORIENTED_EDGE ( 'NONE', *, *, #3324, .T. ) ;
#4404 = EDGE_CURVE ( 'NONE', #2560, #1082, #4509, .T. ) ;
#4405 = CARTESIAN_POINT ( 'NONE',  ( 0.2274999999999999523, -0.1849999999999999978, 0.0000000000000000000 ) ) ;
#4406 = CARTESIAN_POINT ( 'NONE',  ( 0.2994273846340980705, 0.4299000000000000599, 0.05757976032584923021 ) ) ;
#4407 =( NAMED_UNIT ( * ) SI_UNIT ( $, .STERADIAN. ) SOLID_ANGLE_UNIT ( ) );
#4408 = ADVANCED_FACE ( 'NONE', ( #1665 ), #1800, .F. ) ;
#4409 = AXIS2_PLACEMENT_3D ( 'NONE', #258, #712, #4170 ) ;
#4410 = VERTEX_POINT ( 'NONE', #451 ) ;
#4411 = DIRECTION ( 'NONE',  ( 0.0000000000000000000, 0.0000000000000000000, -1.000000000000000000 ) ) ;
#4412 = CARTESIAN_POINT ( 'NONE',  ( 0.3155262235721907338, 0.4299999999999999378, -0.05034149384105968128 ) ) ;
#4413 = DIRECTION ( 'NONE',  ( 0.0000000000000000000, 0.0000000000000000000, -1.000000000000000000 ) ) ;
#4414 = CARTESIAN_POINT ( 'NONE',  ( 0.2675062450065082698, 0.4298999999999999488, 0.04394073587877960624 ) ) ;
#4416 = VERTEX_POINT ( 'NONE', #3067 ) ;
#4415 = CIRCLE ( 'NONE', #1633, 0.02000000000000000042 ) ;
#4417 = PRESENTATION_LAYER_ASSIGNMENT (  '', '', ( #4623 ) ) ;
#4418 = CARTESIAN_POINT ( 'NONE',  ( 0.2775134500455592734, 0.4298999999999999488, -0.06533606534043336078 ) ) ;
#4419 = PRODUCT_CONTEXT ( 'NONE', #1787, 'mechanical' ) ;
#4420 = VERTEX_POINT ( 'NONE', #476 ) ;
#4421 = EDGE_CURVE ( 'NONE', #4663, #4579, #2801, .T. ) ;
#4422 = CARTESIAN_POINT ( 'NONE',  ( 0.2937564015141769791, 0.4298999999999998378, 0.05903435177700172565 ) ) ;
#4423 = VECTOR ( 'NONE', #4681, 39.37007874015748143 ) ;
#4424 = LINE ( 'NONE', #4985, #420 ) ;
#4425 = AXIS2_PLACEMENT_3D ( 'NONE', #1658, #4239, #322 ) ;
#4426 = SURFACE_STYLE_USAGE ( .BOTH. , #3106 ) ;
#4427 = CARTESIAN_POINT ( 'NONE',  ( 0.3002791160591489761, 0.4299000000000001154, -0.007496809010052334077 ) ) ;
#4428 = DIRECTION ( 'NONE',  ( 0.0000000000000000000, 0.0000000000000000000, 1.000000000000000000 ) ) ;
#4429 = ADVANCED_FACE ( 'NONE', ( #651 ), #5370, .T. ) ;
#4430 = CARTESIAN_POINT ( 'NONE',  ( -0.2665000000000000147, -0.1849999999999999978, -0.05000000000000000278 ) ) ;
#4431 = CARTESIAN_POINT ( 'NONE',  ( 0.2796885673274994710, 0.4299999999999999933, -0.06528622584975470045 ) ) ;
#4432 = CARTESIAN_POINT ( 'NONE',  ( -0.2075000000000001010, -0.1900000000000000300, 0.09499999999999998723 ) ) ;
#4433 = EDGE_CURVE ( 'NONE', #530, #4741, #1531, .T. ) ;
#4434 = PRESENTATION_LAYER_ASSIGNMENT (  '', '', ( #639 ) ) ;
#4435 = CARTESIAN_POINT ( 'NONE',  ( 0.2856420856923124196, 0.4300000000000000488, 0.004915261752880026314 ) ) ;
#4436 = SURFACE_STYLE_FILL_AREA ( #5249 ) ;
#4437 = AXIS2_PLACEMENT_3D ( 'NONE', #51, #90, #2208 ) ;
#4438 = CARTESIAN_POINT ( 'NONE',  ( 0.1875000000000000278, 0.4299999999999999933, 0.1249999999999999861 ) ) ;
#4439 = B_SPLINE_SURFACE_WITH_KNOTS ( 'NONE', 3, 1, ( 
 ( #5456, #1171 ),
 ( #3758, #5027 ),
 ( #2457, #5473 ),
 ( #738, #2893 ),
 ( #304, #3328 ),
 ( #3780, #1228 ),
 ( #3416, #2100 ),
 ( #2581, #5131 ),
 ( #2564, #1672 ),
 ( #413, #5583 ),
 ( #1659, #843 ),
 ( #5542, #3819 ),
 ( #4723, #4668 ),
 ( #4285, #3838 ),
 ( #375, #1298 ),
 ( #1276, #5092 ),
 ( #2530, #5566 ),
 ( #5528, #4738 ),
 ( #5074, #2983 ) ),
 .UNSPECIFIED., .F., .F., .F.,
 ( 4, 1, 1, 1, 1, 1, 1, 1, 1, 1, 1, 1, 1, 1, 1, 1, 4 ),
 ( 2, 2 ),
 ( 0.0000000000000000000, 0.03120011115393710871, 0.07048671901620059965, 0.1172148300204125110, 0.1715755269954921114, 0.2341219784876092114, 0.3039626396728067892, 0.3821556401561967964, 0.4676462220680256410, 0.5543353814021604320, 0.6350744656665042731, 0.7100366878785244751, 0.7790924037748320208, 0.8429656453505103286, 0.9010012068505274252, 0.9532462564590258314, 1.000000000000000000 ),
 ( 0.0000000000000000000, 1.000000000000000000 ),
 .UNSPECIFIED. ) ;
#4440 = CYLINDRICAL_SURFACE ( 'NONE', #399, 0.02000000000000000042 ) ;
#4441 = EDGE_CURVE ( 'NONE', #1604, #3436, #1394, .T. ) ;
#4443 = ORIENTED_EDGE ( 'NONE', *, *, #120, .F. ) ;
#4442 = LINE ( 'NONE', #368, #3561 ) ;
#4444 = MECHANICAL_DESIGN_GEOMETRIC_PRESENTATION_REPRESENTATION (  '', ( #4163 ), #4996 ) ;
#4445 = CARTESIAN_POINT ( 'NONE',  ( -0.1874999999999999722, 0.01000000000000000021, -0.02500000000000000139 ) ) ;
#4446 = FILL_AREA_STYLE_COLOUR ( '', #689 ) ;
#4448 = VERTEX_POINT ( 'NONE', #5185 ) ;
#4447 = VECTOR ( 'NONE', #1502, 39.37007874015748143 ) ;
#4449 = CARTESIAN_POINT ( 'NONE',  ( -0.2074999999999999623, -0.1900000000000000300, 0.07499999999999999722 ) ) ;
#4450 = DIRECTION ( 'NONE',  ( -1.000000000000000000, 0.0000000000000000000, 0.0000000000000000000 ) ) ;
#4451 = CIRCLE ( 'NONE', #1858, 0.02500000000000002220 ) ;
#4452 = CARTESIAN_POINT ( 'NONE',  ( 0.2824999999999999734, -0.1900000000000000300, 0.08200000000000001732 ) ) ;
#4453 = EDGE_LOOP ( 'NONE', ( #4443, #5363, #2967, #2777, #741, #2902, #2742, #395, #374, #908, #2427, #5578, #762, #869, #4403, #4596, #2841, #3383, #2094, #623 ) ) ;
#4454 =( GEOMETRIC_REPRESENTATION_CONTEXT ( 3 ) GLOBAL_UNCERTAINTY_ASSIGNED_CONTEXT ( ( #3305 ) ) GLOBAL_UNIT_ASSIGNED_CONTEXT ( ( #3320, #786, #3397 ) ) REPRESENTATION_CONTEXT ( 'NONE', 'WORKASPACE' ) );
#4455 = CARTESIAN_POINT ( 'NONE',  ( 0.2523480353317593128, 0.4298999999999998378, -0.03480651046213448924 ) ) ;
#4456 = CARTESIAN_POINT ( 'NONE',  ( 0.2566843041485769028, 0.4298999999999999488, -0.02215847113986527464 ) ) ;
#4457 = CARTESIAN_POINT ( 'NONE',  ( 0.2824999999999999734, -0.1849999999999999423, -0.05700000000000000205 ) ) ;
#4458 = VERTEX_POINT ( 'NONE', #132 ) ;
#4459 = EDGE_CURVE ( 'NONE', #4551, #4307, #851, .T. ) ;
#4460 = ADVANCED_FACE ( 'NONE', ( #3407 ), #569, .T. ) ;
#4461 = UNCERTAINTY_MEASURE_WITH_UNIT (LENGTH_MEASURE( 1.000000000000000082E-05 ), #694, 'distance_accuracy_value', 'NONE');
#4462 = ORIENTED_EDGE ( 'NONE', *, *, #4033, .F. ) ;
#4463 = ORIENTED_EDGE ( 'NONE', *, *, #790, .T. ) ;
#4464 = DIRECTION ( 'NONE',  ( -0.0000000000000000000, -1.000000000000000000, -0.0000000000000000000 ) ) ;
#4465 =( NAMED_UNIT ( * ) PLANE_ANGLE_UNIT ( ) SI_UNIT ( $, .RADIAN. ) );
#4466 = DIRECTION ( 'NONE',  ( 0.0000000000000000000, -0.0000000000000000000, -1.000000000000000000 ) ) ;
#4467 = DIRECTION ( 'NONE',  ( -0.0000000000000000000, 1.000000000000000000, -0.0000000000000000000 ) ) ;
#4468 = PLANE ( 'NONE',  #4171 ) ;
#4469 = ORIENTED_EDGE ( 'NONE', *, *, #63, .T. ) ;
#4470 = DIRECTION ( 'NONE',  ( -0.0000000000000000000, -0.0000000000000000000, -1.000000000000000000 ) ) ;
#4471 = ORIENTED_EDGE ( 'NONE', *, *, #3563, .T. ) ;
#4472 = MECHANICAL_DESIGN_GEOMETRIC_PRESENTATION_REPRESENTATION (  '', ( #4183 ), #5083 ) ;
#4473 = CARTESIAN_POINT ( 'NONE',  ( -0.2665000000000000147, -0.6900000000000000577, -0.05000000000000000278 ) ) ;
#4475 = EDGE_LOOP ( 'NONE', ( #2770, #4462, #559, #4644, #5368, #5350, #2153, #2505, #873, #447, #3937, #3506 ) ) ;
#4474 = LENGTH_MEASURE_WITH_UNIT ( LENGTH_MEASURE( 0.02539999999999999897 ), #3381 );
#4476 = CARTESIAN_POINT ( 'NONE',  ( 0.3220551454442329153, 0.4300000000000002154, 0.008494111624391146795 ) ) ;
#4477 = EDGE_CURVE ( 'NONE', #5290, #1026, #1065, .T. ) ;
#4479 = VERTEX_POINT ( 'NONE', #1388 ) ;
#4478 = SURFACE_STYLE_FILL_AREA ( #1053 ) ;
#4480 = PLANE ( 'NONE',  #4794 ) ;
#4481 = CARTESIAN_POINT ( 'NONE',  ( 0.3674999999999999933, 0.01000000000000000021, -0.1050000000000001488 ) ) ;
#4482 = STYLED_ITEM ( 'NONE', ( #1000 ), #4429 ) ;
#4484 = ORIENTED_EDGE ( 'NONE', *, *, #220, .T. ) ;
#4483 = VECTOR ( 'NONE', #463, 39.37007874015748143 ) ;
#4485 = DIRECTION ( 'NONE',  ( 0.0000000000000000000, 0.0000000000000000000, 1.000000000000000000 ) ) ;
#4486 = FILL_AREA_STYLE ('',( #4523 ) ) ;
#4487 = DIRECTION ( 'NONE',  ( -1.000000000000000000, -0.0000000000000000000, -0.0000000000000000000 ) ) ;
#4488 = CARTESIAN_POINT ( 'NONE',  ( 0.2815812597148522611, 0.4298999999999999488, 0.06012890759197796198 ) ) ;
#4489 = CARTESIAN_POINT ( 'NONE',  ( 0.2824999999999999734, -0.6900000000000000577, 0.04699999999999999317 ) ) ;
#4490 = AXIS2_PLACEMENT_3D ( 'NONE', #1239, #3812, #337 ) ;
#4491 = SURFACE_STYLE_FILL_AREA ( #5367 ) ;
#4492 = ADVANCED_FACE ( 'NONE', ( #5480 ), #4888, .F. ) ;
#4493 = CARTESIAN_POINT ( 'NONE',  ( 0.3024999999999998246, -0.1900000000000000300, 0.09499999999999998723 ) ) ;
#4494 = DIRECTION ( 'NONE',  ( 0.0000000000000000000, 0.0000000000000000000, 1.000000000000000000 ) ) ;
#4495 = CARTESIAN_POINT ( 'NONE',  ( -0.3674999999999999933, 0.4299999999999999933, -0.1250000000000000000 ) ) ;
#4496 = CARTESIAN_POINT ( 'NONE',  ( 0.3252955032154508652, 0.4300000000000001044, 0.01685436103993742663 ) ) ;
#4497 = VECTOR ( 'NONE', #1840, 39.37007874015748854 ) ;
#4498 = EDGE_CURVE ( 'NONE', #1911, #1279, #3276, .T. ) ;
#4499 = LINE ( 'NONE', #1317, #642 ) ;
#4500 = CARTESIAN_POINT ( 'NONE',  ( 0.2822045130907845367, 0.4300000000000000488, 0.04598850204622749460 ) ) ;
#4501 = LINE ( 'NONE', #3052, #1661 ) ;
#4502 = CIRCLE ( 'NONE', #5130, 0.01000000000000000368 ) ;
#4503 = STYLED_ITEM ( 'NONE', ( #1326 ), #897 ) ;
#4504 = CARTESIAN_POINT ( 'NONE',  ( 0.3086351461895047166, 0.4298999999999998933, 0.02205775546698822767 ) ) ;
#4505 = CARTESIAN_POINT ( 'NONE',  ( 0.2645650247296615354, 0.4299000000000001154, -0.01780094388364585056 ) ) ;
#4506 = DIRECTION ( 'NONE',  ( 0.0000000000000000000, 0.0000000000000000000, 1.000000000000000000 ) ) ;
#4507 = LINE ( 'NONE', #1422, #3201 ) ;
#4508 = CARTESIAN_POINT ( 'NONE',  ( -0.2665000000000000147, -0.1849999999999999978, -0.05000000000000000278 ) ) ;
#4509 = CIRCLE ( 'NONE', #1500, 0.02750000000000000014 ) ;
#4510 = DIRECTION ( 'NONE',  ( -0.0000000000000000000, -1.000000000000000000, -0.0000000000000000000 ) ) ;
#4511 = CIRCLE ( 'NONE', #2398, 0.02000000000000000042 ) ;
#4512 = EDGE_CURVE ( 'NONE', #3716, #2292, #931, .T. ) ;
#4513 =( GEOMETRIC_REPRESENTATION_CONTEXT ( 3 ) GLOBAL_UNCERTAINTY_ASSIGNED_CONTEXT ( ( #2378 ) ) GLOBAL_UNIT_ASSIGNED_CONTEXT ( ( #5154, #4748, #4344 ) ) REPRESENTATION_CONTEXT ( 'NONE', 'WORKASPACE' ) );
#4514 = CARTESIAN_POINT ( 'NONE',  ( 0.3259723567747315198, 0.4299000000000000599, 0.02145456474935204458 ) ) ;
#4516 = ORIENTED_EDGE ( 'NONE', *, *, #1160, .F. ) ;
#4515 = COLOUR_RGB ( '',1.000000000000000000, 1.000000000000000000, 1.000000000000000000 ) ;
#4517 = CARTESIAN_POINT ( 'NONE',  ( 0.2924720597273554046, 0.4300000000000002154, 0.04448869151779624026 ) ) ;
#4518 = ADVANCED_FACE ( 'NONE', ( #1796 ), #1836, .T. ) ;
#4519 = LENGTH_MEASURE_WITH_UNIT ( LENGTH_MEASURE( 0.02539999999999999897 ), #4691 );
#4520 = VERTEX_POINT ( 'NONE', #4005 ) ;
#4521 =( GEOMETRIC_REPRESENTATION_CONTEXT ( 3 ) GLOBAL_UNCERTAINTY_ASSIGNED_CONTEXT ( ( #4051 ) ) GLOBAL_UNIT_ASSIGNED_CONTEXT ( ( #3931, #2262, #3538 ) ) REPRESENTATION_CONTEXT ( 'NONE', 'WORKASPACE' ) );
#4522 = PLANE ( 'NONE',  #5549 ) ;
#4523 = FILL_AREA_STYLE_COLOUR ( '', #736 ) ;
#4524 = CARTESIAN_POINT ( 'NONE',  ( -0.3043432128509486745, 0.4298999999999999488, 0.002908796344953273796 ) ) ;
#4525 = PLANE ( 'NONE',  #1456 ) ;
#4526 = CARTESIAN_POINT ( 'NONE',  ( 0.2701329546882502153, 0.4298999999999997823, 0.05945846886615539090 ) ) ;
#4527 = CARTESIAN_POINT ( 'NONE',  ( -0.2134999999999999121, 0.01000000000000000021, 0.1050000000000000239 ) ) ;
#4528 = ORIENTED_EDGE ( 'NONE', *, *, #975, .T. ) ;
#4529 = ORIENTED_EDGE ( 'NONE', *, *, #5295, .F. ) ;
#4530 = DIRECTION ( 'NONE',  ( -0.0000000000000000000, -0.0000000000000000000, -1.000000000000000000 ) ) ;
#4531 = VERTEX_POINT ( 'NONE', #3654 ) ;
#4532 = CARTESIAN_POINT ( 'NONE',  ( -0.3674999999999999933, 0.4299999999999999933, 0.1250000000000000000 ) ) ;
#4533 = CARTESIAN_POINT ( 'NONE',  ( 0.3121210090983381757, 0.4300000000000000488, -0.001768449280119495804 ) ) ;
#4534 = ORIENTED_EDGE ( 'NONE', *, *, #5288, .F. ) ;
#4536 = EDGE_LOOP ( 'NONE', ( #3507, #3594, #2140, #1424 ) ) ;
#4535 = ORIENTED_EDGE ( 'NONE', *, *, #1597, .F. ) ;
#4537 = VERTEX_POINT ( 'NONE', #630 ) ;
#4538 =( NAMED_UNIT ( * ) SI_UNIT ( $, .STERADIAN. ) SOLID_ANGLE_UNIT ( ) );
#4539 = CARTESIAN_POINT ( 'NONE',  ( -0.2665000000000000147, -0.6900000000000000577, 0.06000000000000001166 ) ) ;
#4540 = EDGE_CURVE ( 'NONE', #1755, #2026, #5075, .T. ) ;
#4542 = ORIENTED_EDGE ( 'NONE', *, *, #837, .F. ) ;
#4541 = VERTEX_POINT ( 'NONE', #4099 ) ;
#4543 = CARTESIAN_POINT ( 'NONE',  ( 0.2824999999999999734, -0.6900000000000000577, -0.05700000000000000205 ) ) ;
#4544 = CARTESIAN_POINT ( 'NONE',  ( -0.2665000000000000147, -0.6900000000000000577, 0.04000000000000000083 ) ) ;
#4545 = ORIENTED_EDGE ( 'NONE', *, *, #205, .T. ) ;
#4546 = ADVANCED_FACE ( 'NONE', ( #2059 ), #788, .F. ) ;
#4547 = DIRECTION ( 'NONE',  ( 1.000000000000000000, 0.0000000000000000000, 0.0000000000000000000 ) ) ;
#4548 = LINE ( 'NONE', #458, #4987 ) ;
#4549 = SURFACE_SIDE_STYLE ('',( #3278 ) ) ;
#4551 = VERTEX_POINT ( 'NONE', #4527 ) ;
#4550 = FACE_OUTER_BOUND ( 'NONE', #1693, .T. ) ;
#4552 = FACE_OUTER_BOUND ( 'NONE', #3182, .T. ) ;
#4553 = EDGE_CURVE ( 'NONE', #3440, #3038, #4936, .T. ) ;
#4554 = CARTESIAN_POINT ( 'NONE',  ( 0.2958441334178522619, 0.4300000000000001044, 0.04320234148029913901 ) ) ;
#4555 = CARTESIAN_POINT ( 'NONE',  ( -0.1875000000000000278, 0.08000000000000002942, -0.1249999999999999861 ) ) ;
#4556 = EDGE_LOOP ( 'NONE', ( #1095, #1216, #2479, #1170 ) ) ;
#4557 = LINE ( 'NONE', #3030, #3753 ) ;
#4558 = CARTESIAN_POINT ( 'NONE',  ( 0.2308525824933463366, 0.4299999999999999933, 0.02254288333708806893 ) ) ;
#4559 = CARTESIAN_POINT ( 'NONE',  ( -0.5000000000000000000, 0.1000000000000000056, -9.092702177131151783E-17 ) ) ;
#4560 = SURFACE_SIDE_STYLE ('',( #4226 ) ) ;
#4561 = CARTESIAN_POINT ( 'NONE',  ( -0.2665000000000000147, -0.1900000000000000300, -0.07750000000000001332 ) ) ;
#4562 = CARTESIAN_POINT ( 'NONE',  ( 0.2802493687694319058, 0.4298999999999998933, 0.06011791622037605809 ) ) ;
#4563 = UNCERTAINTY_MEASURE_WITH_UNIT (LENGTH_MEASURE( 1.000000000000000082E-05 ), #3783, 'distance_accuracy_value', 'NONE');
#4564 = VECTOR ( 'NONE', #1055, 39.37007874015748143 ) ;
#4565 = CARTESIAN_POINT ( 'NONE',  ( 0.3047643540904403370, 0.4299000000000001154, -0.03433603048581013867 ) ) ;
#4566 = EDGE_CURVE ( 'NONE', #3295, #2205, #927, .T. ) ;
#4567 = B_SPLINE_CURVE_WITH_KNOTS ( 'NONE', 3,
 ( #3666, #5001, #5389, #231, #3280, #2382, #4578, #1088, #4608, #2845, #3264, #5347, #215, #3747, #1591 ),
 .UNSPECIFIED., .F., .F.,
 ( 4, 1, 1, 1, 1, 1, 1, 1, 1, 1, 1, 1, 4 ),
 ( 0.0000000000000000000, 0.09379647069693197725, 0.1801880710186106183, 0.2603631916661880430, 0.3348466760639741691, 0.4070930058327157375, 0.4814483792884675650, 0.5592709137563650623, 0.6422698113109346352, 0.7285859445716479366, 0.8159775452756138359, 0.9060351298875356507, 1.000000000000000000 ),
 .UNSPECIFIED. ) ;
#4568 = FACE_OUTER_BOUND ( 'NONE', #4826, .T. ) ;
#4569 = CARTESIAN_POINT ( 'NONE',  ( 0.3080306930779438401, 0.4300000000000002709, 0.03003292713018230337 ) ) ;
#4570 = CARTESIAN_POINT ( 'NONE',  ( 0.2350464972932411190, 0.4299999999999999933, -0.03183789776258059284 ) ) ;
#4571 = CARTESIAN_POINT ( 'NONE',  ( 0.2775134500455592734, 0.4298999999999999488, -0.06533606534043336078 ) ) ;
#4572 = ADVANCED_FACE ( 'NONE', ( #2525 ), #4875, .F. ) ;
#4573 = FACE_OUTER_BOUND ( 'NONE', #3075, .T. ) ;
#4574 = MECHANICAL_DESIGN_GEOMETRIC_PRESENTATION_REPRESENTATION (  '', ( #704 ), #110 ) ;
#4575 = FACE_OUTER_BOUND ( 'NONE', #3464, .T. ) ;
#4576 =( NAMED_UNIT ( * ) SI_UNIT ( $, .STERADIAN. ) SOLID_ANGLE_UNIT ( ) );
#4577 = FILL_AREA_STYLE_COLOUR ( '', #5327 ) ;
#4578 = CARTESIAN_POINT ( 'NONE',  ( 0.2542631251848568863, 0.4300000000000000488, 0.03516739308241215167 ) ) ;
#4579 = VERTEX_POINT ( 'NONE', #2385 ) ;
#4580 = CARTESIAN_POINT ( 'NONE',  ( -0.3024999999999999911, 0.01000000000000000021, 0.07499999999999999722 ) ) ;
#4581 = CARTESIAN_POINT ( 'NONE',  ( 0.3228719783459290116, 0.4299999999999999933, -0.02926488562236512908 ) ) ;
#4582 = CARTESIAN_POINT ( 'NONE',  ( 0.2362477529399667764, 0.4299999999999999933, -0.04079729237337772346 ) ) ;
#4583 = EDGE_CURVE ( 'NONE', #4221, #598, #1664, .T. ) ;
#4585 = ORIENTED_EDGE ( 'NONE', *, *, #2707, .T. ) ;
#4584 = LENGTH_MEASURE_WITH_UNIT ( LENGTH_MEASURE( 0.02539999999999999897 ), #3613 );
#4586 = AXIS2_PLACEMENT_3D ( 'NONE', #4632, #5450, #298 ) ;
#4587 = SURFACE_SIDE_STYLE ('',( #3480 ) ) ;
#4589 = VERTEX_POINT ( 'NONE', #3709 ) ;
#4588 = LINE ( 'NONE', #4754, #3642 ) ;
#4590 = AXIS2_PLACEMENT_3D ( 'NONE', #264, #3364, #792 ) ;
#4591 = ORIENTED_EDGE ( 'NONE', *, *, #5552, .F. ) ;
#4592 = CARTESIAN_POINT ( 'NONE',  ( -0.3218000208408005602, 0.4298999999999999488, -0.06374447052539027048 ) ) ;
#4593 = DIRECTION ( 'NONE',  ( -0.0000000000000000000, 1.000000000000000000, -0.0000000000000000000 ) ) ;
#4594 = CARTESIAN_POINT ( 'NONE',  ( 0.3026555264855561589, 0.4298999999999998933, -0.006631610375094823713 ) ) ;
#4595 = DIRECTION ( 'NONE',  ( 0.0000000000000000000, 0.0000000000000000000, 1.000000000000000000 ) ) ;
#4596 = ORIENTED_EDGE ( 'NONE', *, *, #3191, .F. ) ;
#4597 = FACE_OUTER_BOUND ( 'NONE', #2473, .T. ) ;
#4598 = DIMENSIONAL_EXPONENTS ( 1.000000000000000000, 0.0000000000000000000, 0.0000000000000000000, 0.0000000000000000000, 0.0000000000000000000, 0.0000000000000000000, 0.0000000000000000000 ) ;
#4599 = EDGE_CURVE ( 'NONE', #4766, #1901, #2252, .T. ) ;
#4600 = CARTESIAN_POINT ( 'NONE',  ( 0.2824999999999999734, -0.1849999999999999978, -0.08200000000000001732 ) ) ;
#4601 = VERTEX_POINT ( 'NONE', #4942 ) ;
#4602 = ORIENTED_EDGE ( 'NONE', *, *, #1011, .T. ) ;
#4603 = CARTESIAN_POINT ( 'NONE',  ( 0.2620414321074772124, 0.4299000000000001709, -0.04827553674969493197 ) ) ;
#4604 = ORIENTED_EDGE ( 'NONE', *, *, #2302, .T. ) ;
#4605 = CARTESIAN_POINT ( 'NONE',  ( 0.2075000000000001010, 0.01000000000000000021, 0.09499999999999998723 ) ) ;
#4606 = ORIENTED_EDGE ( 'NONE', *, *, #2508, .F. ) ;
#4607 = PRODUCT_DEFINITION_FORMATION_WITH_SPECIFIED_SOURCE ( 'ANY', '', #3737, .NOT_KNOWN. ) ;
#4608 = CARTESIAN_POINT ( 'NONE',  ( 0.2599998534471288369, 0.4299999999999999933, 0.04021747663770349618 ) ) ;
#4609 = CARTESIAN_POINT ( 'NONE',  ( 0.2303838557242769702, 0.4299999999999999933, 0.01728733972718491871 ) ) ;
#4610 = EDGE_CURVE ( 'NONE', #4195, #2677, #1060, .T. ) ;
#4611 = AXIS2_PLACEMENT_3D ( 'NONE', #2565, #392, #3390 ) ;
#4612 = DIRECTION ( 'NONE',  ( 0.0000000000000000000, 0.0000000000000000000, 1.000000000000000000 ) ) ;
#4614 = ORIENTED_EDGE ( 'NONE', *, *, #1886, .F. ) ;
#4613 = CYLINDRICAL_SURFACE ( 'NONE', #2264, 0.06250000000000002776 ) ;
#4615 = PLANE ( 'NONE',  #4425 ) ;
#4616 = PRESENTATION_LAYER_ASSIGNMENT (  '', '', ( #1017 ) ) ;
#4617 = DIRECTION ( 'NONE',  ( -0.0000000000000000000, 1.000000000000000000, -0.0000000000000000000 ) ) ;
#4619 = ORIENTED_EDGE ( 'NONE', *, *, #372, .F. ) ;
#4618 = COLOUR_RGB ( '',1.000000000000000000, 1.000000000000000000, 1.000000000000000000 ) ;
#4620 = EDGE_CURVE ( 'NONE', #4741, #1350, #3621, .T. ) ;
#4621 = DIRECTION ( 'NONE',  ( 0.0000000000000000000, -1.000000000000000000, 0.0000000000000000000 ) ) ;
#4622 = CARTESIAN_POINT ( 'NONE',  ( 0.3210017126134957488, 0.4300000000000000488, 0.04141969765456169489 ) ) ;
#4623 = STYLED_ITEM ( 'NONE', ( #4624 ), #1487 ) ;
#4624 = PRESENTATION_STYLE_ASSIGNMENT (( #4809 ) ) ;
#4625 = LENGTH_MEASURE_WITH_UNIT ( LENGTH_MEASURE( 0.02539999999999999897 ), #163 );
#4626 =( CONVERSION_BASED_UNIT ( 'INCH', #1729 ) LENGTH_UNIT ( ) NAMED_UNIT ( #3105 ) );
#4627 =( LENGTH_UNIT ( ) NAMED_UNIT ( * ) SI_UNIT ( $, .METRE. ) );
#4628 = SURFACE_SIDE_STYLE ('',( #5061 ) ) ;
#4629 = CYLINDRICAL_SURFACE ( 'NONE', #1215, 0.1921874999999999556 ) ;
#4630 = CARTESIAN_POINT ( 'NONE',  ( 0.2738067739293675862, 0.4300000000000002154, 0.05983564422078404416 ) ) ;
#4631 = ADVANCED_FACE ( 'NONE', ( #11, #2462 ), #2007, .T. ) ;
#4632 = CARTESIAN_POINT ( 'NONE',  ( 0.2824999999999999734, -0.1900000000000000300, -0.05700000000000000205 ) ) ;
#4633 = PRESENTATION_LAYER_ASSIGNMENT (  '', '', ( #1843 ) ) ;
#4634 = VECTOR ( 'NONE', #1412, 39.37007874015748143 ) ;
#4635 =( LENGTH_UNIT ( ) NAMED_UNIT ( * ) SI_UNIT ( $, .METRE. ) );
#4636 = DIRECTION ( 'NONE',  ( 0.0000000000000000000, 0.0000000000000000000, 1.000000000000000000 ) ) ;
#4637 = CARTESIAN_POINT ( 'NONE',  ( 0.3087571688910327738, 0.4300000000000001044, 0.02467034981205626365 ) ) ;
#4638 = DIRECTION ( 'NONE',  ( 0.0000000000000000000, -1.000000000000000000, 0.0000000000000000000 ) ) ;
#4639 = EDGE_LOOP ( 'NONE', ( #2356, #1148, #2888, #3858 ) ) ;
#4640 = DIRECTION ( 'NONE',  ( -0.0000000000000000000, 1.000000000000000000, -0.0000000000000000000 ) ) ;
#4641 = CARTESIAN_POINT ( 'NONE',  ( 0.2360999668518814765, 0.4298999999999999488, -0.02385703761293320874 ) ) ;
#4642 = SURFACE_SIDE_STYLE ('',( #2036 ) ) ;
#4643 = CARTESIAN_POINT ( 'NONE',  ( 0.2368999005880525754, 0.4299999999999998268, 0.03955869944171840763 ) ) ;
#4644 = ORIENTED_EDGE ( 'NONE', *, *, #3859, .T. ) ;
#4645 = DIRECTION ( 'NONE',  ( 0.0000000000000000000, 0.0000000000000000000, -1.000000000000000000 ) ) ;
#4646 = CARTESIAN_POINT ( 'NONE',  ( 0.2506801904656669744, 0.4299999999999997713, -0.05894150691237358408 ) ) ;
#4647 = EDGE_CURVE ( 'NONE', #2032, #4458, #297, .T. ) ;
#4648 = SURFACE_SIDE_STYLE ('',( #2780 ) ) ;
#4649 = ORIENTED_EDGE ( 'NONE', *, *, #5009, .F. ) ;
#4650 = CARTESIAN_POINT ( 'NONE',  ( 0.3080306930779438401, 0.4299000000000001154, 0.03003292713018230337 ) ) ;
#4651 = ORIENTED_EDGE ( 'NONE', *, *, #3454, .F. ) ;
#4652 =( GEOMETRIC_REPRESENTATION_CONTEXT ( 3 ) GLOBAL_UNCERTAINTY_ASSIGNED_CONTEXT ( ( #4321 ) ) GLOBAL_UNIT_ASSIGNED_CONTEXT ( ( #5145, #3478, #4795 ) ) REPRESENTATION_CONTEXT ( 'NONE', 'WORKASPACE' ) );
#4653 = ORIENTED_EDGE ( 'NONE', *, *, #139, .F. ) ;
#4654 = AXIS2_PLACEMENT_3D ( 'NONE', #4026, #1468, #1038 ) ;
#4655 = CARTESIAN_POINT ( 'NONE',  ( -0.1874999999999999722, 0.01000000000000000021, -0.02500000000000000139 ) ) ;
#4656 = ORIENTED_EDGE ( 'NONE', *, *, #2866, .T. ) ;
#4657 = ORIENTED_EDGE ( 'NONE', *, *, #2940, .T. ) ;
#4658 = VERTEX_POINT ( 'NONE', #3269 ) ;
#4659 = DIRECTION ( 'NONE',  ( 0.0000000000000000000, -1.000000000000000000, 0.0000000000000000000 ) ) ;
#4660 = FILL_AREA_STYLE_COLOUR ( '', #633 ) ;
#4661 = SURFACE_STYLE_USAGE ( .BOTH. , #4251 ) ;
#4663 = VERTEX_POINT ( 'NONE', #4116 ) ;
#4662 = EDGE_LOOP ( 'NONE', ( #5562, #2607, #1227, #4975 ) ) ;
#4664 = EDGE_CURVE ( 'NONE', #3935, #4968, #1193, .T. ) ;
#4665 = CARTESIAN_POINT ( 'NONE',  ( 0.3674999999999999933, 0.1000000000000000056, -0.1250000000000000000 ) ) ;
#4666 = DIRECTION ( 'NONE',  ( -0.0000000000000000000, -1.000000000000000000, -0.0000000000000000000 ) ) ;
#4667 = ORIENTED_EDGE ( 'NONE', *, *, #4697, .F. ) ;
#4668 = CARTESIAN_POINT ( 'NONE',  ( 0.2652940580575294804, 0.4299999999999999378, -0.0007082717484892200486 ) ) ;
#4669 = LINE ( 'NONE', #2626, #3527 ) ;
#4670 = CARTESIAN_POINT ( 'NONE',  ( 0.2812828832282115998, 0.4299000000000000599, -0.05115411967432258872 ) ) ;
#4671 = CARTESIAN_POINT ( 'NONE',  ( 0.3038331554276489932, 0.4299999999999999378, 0.03762036656405200880 ) ) ;
#4673 = ORIENTED_EDGE ( 'NONE', *, *, #5208, .F. ) ;
#4672 = SURFACE_STYLE_FILL_AREA ( #66 ) ;
#4674 = AXIS2_PLACEMENT_3D ( 'NONE', #4559, #3770, #2959 ) ;
#4675 = DIMENSIONAL_EXPONENTS ( 1.000000000000000000, 0.0000000000000000000, 0.0000000000000000000, 0.0000000000000000000, 0.0000000000000000000, 0.0000000000000000000, 0.0000000000000000000 ) ;
#4676 = PRESENTATION_STYLE_ASSIGNMENT (( #56 ) ) ;
#4677 = MECHANICAL_DESIGN_GEOMETRIC_PRESENTATION_REPRESENTATION (  '', ( #3223 ), #5223 ) ;
#4678 = ORIENTED_EDGE ( 'NONE', *, *, #2114, .T. ) ;
#4679 = CARTESIAN_POINT ( 'NONE',  ( 0.3055109314996950487, 0.4300000000000000488, -0.03014083291461705852 ) ) ;
#4680 = CARTESIAN_POINT ( 'NONE',  ( 0.3087571688910327738, 0.4298999999999999488, 0.02467034981205626365 ) ) ;
#4681 = DIRECTION ( 'NONE',  ( 0.0000000000000000000, 0.0000000000000000000, 1.000000000000000000 ) ) ;
#4682 = DIRECTION ( 'NONE',  ( 1.000000000000000000, 0.0000000000000000000, 0.0000000000000000000 ) ) ;
#4683 = PRESENTATION_STYLE_ASSIGNMENT (( #402 ) ) ;
#4684 = EDGE_CURVE ( 'NONE', #1955, #3415, #3545, .T. ) ;
#4685 =( CONVERSION_BASED_UNIT ( 'INCH', #358 ) LENGTH_UNIT ( ) NAMED_UNIT ( #2680 ) );
#4686 = CARTESIAN_POINT ( 'NONE',  ( -0.4850000000000000422, 0.1000000000000000056, 0.1250000000000000000 ) ) ;
#4687 = CARTESIAN_POINT ( 'NONE',  ( -0.3374999999999999667, 0.4259999999999999898, -0.07949999999999994571 ) ) ;
#4688 = PRESENTATION_STYLE_ASSIGNMENT (( #1337 ) ) ;
#4689 = CARTESIAN_POINT ( 'NONE',  ( 0.3031447915955768901, 0.4300000000000003264, -0.03878965240556884325 ) ) ;
#4690 = CIRCLE ( 'NONE', #5318, 0.06250000000000002776 ) ;
#4691 =( LENGTH_UNIT ( ) NAMED_UNIT ( * ) SI_UNIT ( $, .METRE. ) );
#4692 = VECTOR ( 'NONE', #1507, 39.37007874015748143 ) ;
#4693 = MECHANICAL_DESIGN_GEOMETRIC_PRESENTATION_REPRESENTATION (  '', ( #725 ), #1980 ) ;
#4694 = COLOUR_RGB ( '',1.000000000000000000, 1.000000000000000000, 1.000000000000000000 ) ;
#4695 = LINE ( 'NONE', #5510, #3839 ) ;
#4696 = FILL_AREA_STYLE ('',( #4208 ) ) ;
#4697 = EDGE_CURVE ( 'NONE', #2555, #754, #1954, .T. ) ;
#4698 = DIMENSIONAL_EXPONENTS ( 1.000000000000000000, 0.0000000000000000000, 0.0000000000000000000, 0.0000000000000000000, 0.0000000000000000000, 0.0000000000000000000, 0.0000000000000000000 ) ;
#4699 = CARTESIAN_POINT ( 'NONE',  ( 0.2580486070478110183, 0.4299999999999998268, -0.02099564149639290139 ) ) ;
#4700 = VECTOR ( 'NONE', #800, 39.37007874015748143 ) ;
#4701 = CARTESIAN_POINT ( 'NONE',  ( -0.5000000000000000000, 0.1000000000000000056, -9.092702177131151783E-17 ) ) ;
#4703 = VERTEX_POINT ( 'NONE', #635 ) ;
#4702 = CIRCLE ( 'NONE', #2821, 0.01000000000000000368 ) ;
#4704 = EDGE_CURVE ( 'NONE', #2079, #2292, #1790, .T. ) ;
#4705 = CARTESIAN_POINT ( 'NONE',  ( 0.2781995866162833564, 0.4298999999999999488, -0.05122125588553710224 ) ) ;
#4706 = CYLINDRICAL_SURFACE ( 'NONE', #1652, 0.06250000000000002776 ) ;
#4707 = CARTESIAN_POINT ( 'NONE',  ( 0.3070064860359730807, 0.4299999999999997713, 0.03264810406954574834 ) ) ;
#4708 = ORIENTED_EDGE ( 'NONE', *, *, #3965, .T. ) ;
#4709 = SURFACE_STYLE_FILL_AREA ( #3352 ) ;
#4710 = EDGE_CURVE ( 'NONE', #2488, #4133, #3055, .T. ) ;
#4711 = AXIS2_PLACEMENT_3D ( 'NONE', #4730, #403, #3426 ) ;
#4713 = ORIENTED_EDGE ( 'NONE', *, *, #17, .F. ) ;
#4712 = COLOUR_RGB ( '',1.000000000000000000, 1.000000000000000000, 1.000000000000000000 ) ;
#4714 = CARTESIAN_POINT ( 'NONE',  ( -0.5000000000000000000, 0.1000000000000000056, -9.092702177131151783E-17 ) ) ;
#4715 =( NAMED_UNIT ( * ) SI_UNIT ( $, .STERADIAN. ) SOLID_ANGLE_UNIT ( ) );
#4716 = LINE ( 'NONE', #1615, #2820 ) ;
#4717 = AXIS2_PLACEMENT_3D ( 'NONE', #4430, #2331, #4857 ) ;
#4718 = ORIENTED_EDGE ( 'NONE', *, *, #1509, .T. ) ;
#4719 = ORIENTED_EDGE ( 'NONE', *, *, #5041, .F. ) ;
#4720 = EDGE_CURVE ( 'NONE', #1708, #4224, #4104, .T. ) ;
#4721 = CARTESIAN_POINT ( 'NONE',  ( -0.1874999999999999722, 0.01000000000000000021, 0.07499999999999984457 ) ) ;
#4722 = ORIENTED_EDGE ( 'NONE', *, *, #3490, .T. ) ;
#4723 = CARTESIAN_POINT ( 'NONE',  ( 0.2652940580575294804, 0.4298999999999998933, -0.0007082717484892200486 ) ) ;
#4724 = UNCERTAINTY_MEASURE_WITH_UNIT (LENGTH_MEASURE( 1.000000000000000082E-05 ), #4124, 'distance_accuracy_value', 'NONE');
#4725 = DIRECTION ( 'NONE',  ( 0.0000000000000000000, -1.000000000000000000, 0.0000000000000000000 ) ) ;
#4726 = ORIENTED_EDGE ( 'NONE', *, *, #2866, .F. ) ;
#4727 = VERTEX_POINT ( 'NONE', #4137 ) ;
#4728 = DIMENSIONAL_EXPONENTS ( 1.000000000000000000, 0.0000000000000000000, 0.0000000000000000000, 0.0000000000000000000, 0.0000000000000000000, 0.0000000000000000000, 0.0000000000000000000 ) ;
#4729 = VERTEX_POINT ( 'NONE', #4986 ) ;
#4730 = CARTESIAN_POINT ( 'NONE',  ( 0.2824999999999999734, -0.1900000000000000300, -0.05700000000000000205 ) ) ;
#4731 = CARTESIAN_POINT ( 'NONE',  ( 0.3086351461895047166, 0.4298999999999998933, 0.02205775546698822767 ) ) ;
#4732 = CARTESIAN_POINT ( 'NONE',  ( 0.2580486070478110183, 0.4299999999999999378, -0.02099564149639290139 ) ) ;
#4733 = MECHANICAL_DESIGN_GEOMETRIC_PRESENTATION_REPRESENTATION (  '', ( #3776 ), #5006 ) ;
#4734 = DIRECTION ( 'NONE',  ( 0.0000000000000000000, 0.0000000000000000000, 1.000000000000000000 ) ) ;
#4735 = ORIENTED_EDGE ( 'NONE', *, *, #177, .T. ) ;
#4736 = EDGE_CURVE ( 'NONE', #133, #1090, #3902, .T. ) ;
#4737 = PLANE ( 'NONE',  #3551 ) ;
#4738 = CARTESIAN_POINT ( 'NONE',  ( 0.2537323785873031867, 0.4300000000000000488, -0.005087967422787659580 ) ) ;
#4739 = CARTESIAN_POINT ( 'NONE',  ( 0.2521129481409152273, 0.4300000000000000488, 0.03216683641616798622 ) ) ;
#4741 = VERTEX_POINT ( 'NONE', #1223 ) ;
#4740 = CIRCLE ( 'NONE', #1410, 0.02000000000000000042 ) ;
#4742 = CARTESIAN_POINT ( 'NONE',  ( 0.3228719783459290116, 0.4298999999999999488, -0.02926488562236512908 ) ) ;
#4743 = CARTESIAN_POINT ( 'NONE',  ( 0.2430779440658194512, 0.4298999999999999488, -0.05283701942486693226 ) ) ;
#4744 = EDGE_CURVE ( 'NONE', #1506, #2948, #5478, .T. ) ;
#4745 = AXIS2_PLACEMENT_3D ( 'NONE', #2656, #2246, #4354 ) ;
#4747 = ORIENTED_EDGE ( 'NONE', *, *, #808, .T. ) ;
#4746 = CIRCLE ( 'NONE', #4128, 0.1250000000000000000 ) ;
#4748 =( NAMED_UNIT ( * ) PLANE_ANGLE_UNIT ( ) SI_UNIT ( $, .RADIAN. ) );
#4749 = CARTESIAN_POINT ( 'NONE',  ( 0.3071092833347532913, 0.4299999999999999378, 0.01723847373580391154 ) ) ;
#4750 = CARTESIAN_POINT ( 'NONE',  ( 0.2542631251848568863, 0.4299000000000000599, 0.03516739308241215167 ) ) ;
#4751 = DIRECTION ( 'NONE',  ( -0.0000000000000000000, -1.000000000000000000, -0.0000000000000000000 ) ) ;
#4753 = VERTEX_POINT ( 'NONE', #1620 ) ;
#4752 = CIRCLE ( 'NONE', #4846, 0.06250000000000002776 ) ;
#4754 = CARTESIAN_POINT ( 'NONE',  ( 0.2350464972932411190, 0.4298999999999999488, -0.03183789776258059284 ) ) ;
#4755 = DIRECTION ( 'NONE',  ( 0.0000000000000000000, 0.0000000000000000000, 1.000000000000000000 ) ) ;
#4756 = VECTOR ( 'NONE', #5429, 39.37007874015748143 ) ;
#4757 = ADVANCED_FACE ( 'NONE', ( #498 ), #2730, .T. ) ;
#4758 = DIRECTION ( 'NONE',  ( 0.0000000000000000000, 0.0000000000000000000, -1.000000000000000000 ) ) ;
#4759 = CARTESIAN_POINT ( 'NONE',  ( 0.3024999999999999911, -0.1900000000000000300, -0.07499999999999999722 ) ) ;
#4760 = PRESENTATION_LAYER_ASSIGNMENT (  '', '', ( #2421 ) ) ;
#4761 = SURFACE_SIDE_STYLE ('',( #508 ) ) ;
#4762 = EDGE_CURVE ( 'NONE', #2218, #1279, #739, .T. ) ;
#4763 = CIRCLE ( 'NONE', #5296, 0.02000000000000000389 ) ;
#4764 = CARTESIAN_POINT ( 'NONE',  ( -0.3224999999999999534, -0.1900000000000000300, 0.07499999999999984457 ) ) ;
#4766 = VERTEX_POINT ( 'NONE', #5021 ) ;
#4765 = FACE_OUTER_BOUND ( 'NONE', #193, .T. ) ;
#4767 = SURFACE_STYLE_FILL_AREA ( #3712 ) ;
#4768 = CARTESIAN_POINT ( 'NONE',  ( 0.2824999999999999734, -0.6900000000000000577, -0.05700000000000000205 ) ) ;
#4769 = DIRECTION ( 'NONE',  ( 0.0000000000000000000, -1.000000000000000000, 0.0000000000000000000 ) ) ;
#4770 = SURFACE_SIDE_STYLE ('',( #2099 ) ) ;
#4772 = ORIENTED_EDGE ( 'NONE', *, *, #2322, .T. ) ;
#4771 = VECTOR ( 'NONE', #879, 39.37007874015748143 ) ;
#4773 = STYLED_ITEM ( 'NONE', ( #1129 ), #955 ) ;
#4774 = DIRECTION ( 'NONE',  ( 0.0000000000000000000, -1.000000000000000000, 0.0000000000000000000 ) ) ;
#4775 = LINE ( 'NONE', #5382, #2417 ) ;
#4776 = APPLICATION_CONTEXT ( 'automotive_design' ) ;
#4777 = VERTEX_POINT ( 'NONE', #370 ) ;
#4778 = DIRECTION ( 'NONE',  ( 1.000000000000000000, 0.0000000000000000000, 0.0000000000000000000 ) ) ;
#4779 = EDGE_LOOP ( 'NONE', ( #468, #2198 ) ) ;
#4780 = PRESENTATION_STYLE_ASSIGNMENT (( #2081 ) ) ;
#4781 = EDGE_CURVE ( 'NONE', #1651, #3501, #221, .T. ) ;
#4782 =( GEOMETRIC_REPRESENTATION_CONTEXT ( 3 ) GLOBAL_UNCERTAINTY_ASSIGNED_CONTEXT ( ( #4944 ) ) GLOBAL_UNIT_ASSIGNED_CONTEXT ( ( #952, #3156, #5205 ) ) REPRESENTATION_CONTEXT ( 'NONE', 'WORKASPACE' ) );
#4783 = CARTESIAN_POINT ( 'NONE',  ( 0.2792454552687483327, 0.4299999999999999933, -0.05119848296823719530 ) ) ;
#4784 = DIRECTION ( 'NONE',  ( -0.0000000000000000000, 1.000000000000000000, -0.0000000000000000000 ) ) ;
#4785 = EDGE_LOOP ( 'NONE', ( #1158, #901, #4006, #3430 ) ) ;
#4786 = ADVANCED_FACE ( 'NONE', ( #1924, #5198, #2935, #3836 ), #2515, .F. ) ;
#4787 = ORIENTED_EDGE ( 'NONE', *, *, #5324, .F. ) ;
#4788 = ORIENTED_EDGE ( 'NONE', *, *, #283, .F. ) ;
#4789 = UNCERTAINTY_MEASURE_WITH_UNIT (LENGTH_MEASURE( 1.000000000000000082E-05 ), #4178, 'distance_accuracy_value', 'NONE');
#4790 = PLANE ( 'NONE',  #3317 ) ;
#4792 = VERTEX_POINT ( 'NONE', #4289 ) ;
#4791 = COLOUR_RGB ( '',1.000000000000000000, 1.000000000000000000, 1.000000000000000000 ) ;
#4793 = DIRECTION ( 'NONE',  ( 0.0000000000000000000, -1.000000000000000000, 0.0000000000000000000 ) ) ;
#4794 = AXIS2_PLACEMENT_3D ( 'NONE', #3194, #5362, #2321 ) ;
#4795 =( NAMED_UNIT ( * ) SI_UNIT ( $, .STERADIAN. ) SOLID_ANGLE_UNIT ( ) );
#4796 = FILL_AREA_STYLE_COLOUR ( '', #3533 ) ;
#4798 = ORIENTED_EDGE ( 'NONE', *, *, #696, .F. ) ;
#4797 = FACE_OUTER_BOUND ( 'NONE', #3890, .T. ) ;
#4799 = ORIENTED_EDGE ( 'NONE', *, *, #2166, .T. ) ;
#4800 = CARTESIAN_POINT ( 'NONE',  ( 0.2815812597148523166, 0.4300000000000000488, 0.06012890759197796892 ) ) ;
#4801 = SURFACE_STYLE_FILL_AREA ( #1360 ) ;
#4802 = EDGE_LOOP ( 'NONE', ( #3161, #5497, #5441, #3848 ) ) ;
#4803 =( GEOMETRIC_REPRESENTATION_CONTEXT ( 3 ) GLOBAL_UNCERTAINTY_ASSIGNED_CONTEXT ( ( #359 ) ) GLOBAL_UNIT_ASSIGNED_CONTEXT ( ( #3347, #2050, #3755 ) ) REPRESENTATION_CONTEXT ( 'NONE', 'WORKASPACE' ) );
#4804 = CARTESIAN_POINT ( 'NONE',  ( 0.3082065254323517745, 0.4299000000000000599, -0.05722823583920149532 ) ) ;
#4805 = DIRECTION ( 'NONE',  ( -1.000000000000000000, -0.0000000000000000000, -0.0000000000000000000 ) ) ;
#4806 = CARTESIAN_POINT ( 'NONE',  ( -0.3024999999999998246, -0.1900000000000000300, 0.09499999999999998723 ) ) ;
#4807 = CYLINDRICAL_SURFACE ( 'NONE', #3540, 0.01000000000000000368 ) ;
#4808 = ADVANCED_FACE ( 'NONE', ( #88 ), #1611, .T. ) ;
#4809 = SURFACE_STYLE_USAGE ( .BOTH. , #5242 ) ;
#4810 = DIRECTION ( 'NONE',  ( 0.0000000000000000000, -1.000000000000000000, 0.0000000000000000000 ) ) ;
#4811 = DIRECTION ( 'NONE',  ( 1.000000000000000000, 0.0000000000000000000, 0.0000000000000000000 ) ) ;
#4812 = AXIS2_PLACEMENT_3D ( 'NONE', #4759, #479, #496 ) ;
#4813 = LINE ( 'NONE', #1027, #1188 ) ;
#4814 = CARTESIAN_POINT ( 'NONE',  ( 0.2523480353317593128, 0.4299999999999998268, -0.03480651046213448924 ) ) ;
#4815 = CARTESIAN_POINT ( 'NONE',  ( 0.3258180165187123389, 0.4298999999999998933, 0.02860990266489626260 ) ) ;
#4816 = CYLINDRICAL_SURFACE ( 'NONE', #2463, 0.02000000000000000736 ) ;
#4817 = EDGE_CURVE ( 'NONE', #4601, #3716, #4502, .T. ) ;
#4818 = CARTESIAN_POINT ( 'NONE',  ( 0.3220551454442329153, 0.4299000000000001154, 0.008494111624391146795 ) ) ;
#4819 =( CONVERSION_BASED_UNIT ( 'INCH', #4238 ) LENGTH_UNIT ( ) NAMED_UNIT ( #2122 ) );
#4820 = DIRECTION ( 'NONE',  ( 0.0000000000000000000, -1.000000000000000000, 0.0000000000000000000 ) ) ;
#4821 =( LENGTH_UNIT ( ) NAMED_UNIT ( * ) SI_UNIT ( $, .METRE. ) );
#4822 = SURFACE_STYLE_USAGE ( .BOTH. , #4397 ) ;
#4824 = ORIENTED_EDGE ( 'NONE', *, *, #1292, .F. ) ;
#4823 = VECTOR ( 'NONE', #4978, 39.37007874015748143 ) ;
#4825 = CARTESIAN_POINT ( 'NONE',  ( 0.2926472016310419644, 0.4300000000000001044, 0.007048725619241787664 ) ) ;
#4826 = EDGE_LOOP ( 'NONE', ( #2160, #4199, #3256, #1804 ) ) ;
#4827 = DIRECTION ( 'NONE',  ( 0.0000000000000000000, 0.0000000000000000000, -1.000000000000000000 ) ) ;
#4828 = CARTESIAN_POINT ( 'NONE',  ( 0.2877798721932152137, 0.4299000000000001709, 0.05997798121872262994 ) ) ;
#4829 = EDGE_CURVE ( 'NONE', #3588, #4663, #3476, .T. ) ;
#4830 = ADVANCED_FACE ( 'NONE', ( #1587 ), #4374, .T. ) ;
#4831 = EDGE_LOOP ( 'NONE', ( #4534, #178, #3281, #4982 ) ) ;
#4832 = CARTESIAN_POINT ( 'NONE',  ( 0.1874999999999999722, -0.1900000000000000300, -0.07499999999999984457 ) ) ;
#4833 = CARTESIAN_POINT ( 'NONE',  ( 0.2351047189653282521, 0.4299999999999999933, -0.03335445597522550265 ) ) ;
#4834 =( NAMED_UNIT ( * ) SI_UNIT ( $, .STERADIAN. ) SOLID_ANGLE_UNIT ( ) );
#4835 = CARTESIAN_POINT ( 'NONE',  ( 0.0000000000000000000, -0.2321874999999999356, -0.02500000000000000139 ) ) ;
#4836 = PRESENTATION_LAYER_ASSIGNMENT (  '', '', ( #814 ) ) ;
#4837 = ORIENTED_EDGE ( 'NONE', *, *, #975, .F. ) ;
#4838 = ORIENTED_EDGE ( 'NONE', *, *, #2646, .T. ) ;
#4839 = CARTESIAN_POINT ( 'NONE',  ( 0.2900780556723185355, 0.4298999999999999488, -0.06438176463481933010 ) ) ;
#4840 = VERTEX_POINT ( 'NONE', #1390 ) ;
#4841 = CARTESIAN_POINT ( 'NONE',  ( 0.5000000000000000000, 0.1000000000000000056, -9.092702177131151783E-17 ) ) ;
#4842 = ORIENTED_EDGE ( 'NONE', *, *, #1938, .T. ) ;
#4843 = ORIENTED_EDGE ( 'NONE', *, *, #4620, .F. ) ;
#4844 = PLANE ( 'NONE',  #3564 ) ;
#4845 = CARTESIAN_POINT ( 'NONE',  ( 0.3157339964326155157, 0.4299999999999998268, 0.04796929792500070899 ) ) ;
#4846 = AXIS2_PLACEMENT_3D ( 'NONE', #4291, #1211, #2916 ) ;
#4847 = ORIENTED_EDGE ( 'NONE', *, *, #2108, .T. ) ;
#4848 =( NAMED_UNIT ( * ) SI_UNIT ( $, .STERADIAN. ) SOLID_ANGLE_UNIT ( ) );
#4849 = CARTESIAN_POINT ( 'NONE',  ( -0.1874999999999999722, -0.1900000000000000300, -0.02500000000000000139 ) ) ;
#4850 = FILL_AREA_STYLE ('',( #1037 ) ) ;
#4851 =( NAMED_UNIT ( * ) PLANE_ANGLE_UNIT ( ) SI_UNIT ( $, .RADIAN. ) );
#4853 = ORIENTED_EDGE ( 'NONE', *, *, #2114, .F. ) ;
#4852 = PRESENTATION_STYLE_ASSIGNMENT (( #303 ) ) ;
#4854 = STYLED_ITEM ( 'NONE', ( #3122 ), #1735 ) ;
#4855 = CARTESIAN_POINT ( 'NONE',  ( 0.2824999999999999734, -0.5900000000000000799, -0.07700000000000001288 ) ) ;
#4856 = ADVANCED_FACE ( 'NONE', ( #1457 ), #434, .F. ) ;
#4857 = DIRECTION ( 'NONE',  ( 0.0000000000000000000, 0.0000000000000000000, 1.000000000000000000 ) ) ;
#4858 = LINE ( 'NONE', #5229, #4483 ) ;
#4859 = EDGE_CURVE ( 'NONE', #4579, #4663, #290, .T. ) ;
#4860 = CARTESIAN_POINT ( 'NONE',  ( 0.2274999999999999523, -0.1849999999999999978, 0.02500000000000002220 ) ) ;
#4861 = FACE_OUTER_BOUND ( 'NONE', #5297, .T. ) ;
#4862 = SURFACE_STYLE_FILL_AREA ( #4252 ) ;
#4863 = EDGE_CURVE ( 'NONE', #2696, #3440, #4499, .T. ) ;
#4864 = CIRCLE ( 'NONE', #1801, 0.1921874999999999556 ) ;
#4865 = SURFACE_STYLE_USAGE ( .BOTH. , #3143 ) ;
#4866 =( NAMED_UNIT ( * ) PLANE_ANGLE_UNIT ( ) SI_UNIT ( $, .RADIAN. ) );
#4867 = CARTESIAN_POINT ( 'NONE',  ( 0.2716350124592172843, 0.4300000000000000488, -0.06517661674296647278 ) ) ;
#4868 = LINE ( 'NONE', #1057, #568 ) ;
#4869 = DIRECTION ( 'NONE',  ( 0.8661855860485984104, 0.0000000000000000000, -0.4997224534895804426 ) ) ;
#4870 = PRODUCT_RELATED_PRODUCT_CATEGORY ( 'part', '', ( #3737 ) ) ;
#4871 = DIRECTION ( 'NONE',  ( -0.0000000000000000000, 1.000000000000000000, -0.0000000000000000000 ) ) ;
#4872 = DIRECTION ( 'NONE',  ( 1.000000000000000000, 0.0000000000000000000, -7.760931800182568785E-16 ) ) ;
#4873 = VECTOR ( 'NONE', #829, 39.37007874015748143 ) ;
#4874 = EDGE_CURVE ( 'NONE', #2766, #5597, #8, .T. ) ;
#4875 = CYLINDRICAL_SURFACE ( 'NONE', #4021, 0.02750000000000000708 ) ;
#4876 = CARTESIAN_POINT ( 'NONE',  ( 0.3142210371202525110, 0.4299000000000000599, -0.0002669518877636868084 ) ) ;
#4877 = LINE ( 'NONE', #1381, #3346 ) ;
#4878 = CARTESIAN_POINT ( 'NONE',  ( 0.2560103934266748649, 0.4299999999999999933, -0.02288301027107781868 ) ) ;
#4879 =( NAMED_UNIT ( * ) SI_UNIT ( $, .STERADIAN. ) SOLID_ANGLE_UNIT ( ) );
#4880 = DIMENSIONAL_EXPONENTS ( 1.000000000000000000, 0.0000000000000000000, 0.0000000000000000000, 0.0000000000000000000, 0.0000000000000000000, 0.0000000000000000000, 0.0000000000000000000 ) ;
#4881 = EDGE_CURVE ( 'NONE', #754, #5379, #4868, .T. ) ;
#4882 = VERTEX_POINT ( 'NONE', #1335 ) ;
#4883 = FACE_OUTER_BOUND ( 'NONE', #459, .T. ) ;
#4884 = DIRECTION ( 'NONE',  ( -1.000000000000000000, -0.0000000000000000000, -0.0000000000000000000 ) ) ;
#4885 = DIRECTION ( 'NONE',  ( -0.0000000000000000000, 1.000000000000000000, -0.0000000000000000000 ) ) ;
#4886 = CARTESIAN_POINT ( 'NONE',  ( 0.2824999999999999734, -0.6900000000000000577, 0.05700000000000000205 ) ) ;
#4887 = FILL_AREA_STYLE ('',( #4025 ) ) ;
#4888 = PLANE ( 'NONE',  #2257 ) ;
#4889 = ORIENTED_EDGE ( 'NONE', *, *, #3563, .F. ) ;
#4890 = CARTESIAN_POINT ( 'NONE',  ( 0.2303415608082756971, 0.4298999999999999488, 0.01621616706563401913 ) ) ;
#4891 = FACE_OUTER_BOUND ( 'NONE', #4779, .T. ) ;
#4892 = DIRECTION ( 'NONE',  ( 1.000000000000000000, 0.0000000000000000000, 0.0000000000000000000 ) ) ;
#4893 = ORIENTED_EDGE ( 'NONE', *, *, #4684, .F. ) ;
#4894 = CARTESIAN_POINT ( 'NONE',  ( 0.3260086026692393113, 0.4300000000000000488, 0.02383718397617697049 ) ) ;
#4895 = COLOUR_RGB ( '',0.0000000000000000000, 0.0000000000000000000, 0.0000000000000000000 ) ;
#4896 = VERTEX_POINT ( 'NONE', #593 ) ;
#4897 = CARTESIAN_POINT ( 'NONE',  ( 0.2524290419334355162, 0.4299999999999999933, -0.02986993624409521944 ) ) ;
#4898 = CARTESIAN_POINT ( 'NONE',  ( -0.1874999999999999445, 0.01000000000000000021, -0.08999999999999999667 ) ) ;
#4899 = VERTEX_POINT ( 'NONE', #1411 ) ;
#4900 = STYLED_ITEM ( 'NONE', ( #4780 ), #50 ) ;
#4901 = ORIENTED_EDGE ( 'NONE', *, *, #678, .F. ) ;
#4902 = ORIENTED_EDGE ( 'NONE', *, *, #81, .F. ) ;
#4903 = ORIENTED_EDGE ( 'NONE', *, *, #5504, .T. ) ;
#4904 = DIRECTION ( 'NONE',  ( 0.0000000000000000000, -1.000000000000000000, 0.0000000000000000000 ) ) ;
#4905 = DIRECTION ( 'NONE',  ( -0.0000000000000000000, 1.000000000000000000, -0.0000000000000000000 ) ) ;
#4906 = CARTESIAN_POINT ( 'NONE',  ( 0.2710500965888381075, 0.4298999999999998378, -0.01562738953154099025 ) ) ;
#4907 = ORIENTED_EDGE ( 'NONE', *, *, #425, .T. ) ;
#4908 = DIRECTION ( 'NONE',  ( -1.000000000000000000, 0.0000000000000000000, 0.0000000000000000000 ) ) ;
#4909 = ORIENTED_EDGE ( 'NONE', *, *, #1909, .T. ) ;
#4910 =( GEOMETRIC_REPRESENTATION_CONTEXT ( 3 ) GLOBAL_UNCERTAINTY_ASSIGNED_CONTEXT ( ( #4563 ) ) GLOBAL_UNIT_ASSIGNED_CONTEXT ( ( #3783, #3696, #4223 ) ) REPRESENTATION_CONTEXT ( 'NONE', 'WORKASPACE' ) );
#4911 = ADVANCED_FACE ( 'NONE', ( #5264 ), #2267, .F. ) ;
#4912 = CARTESIAN_POINT ( 'NONE',  ( -0.2345159808915411315, 0.4298999999999999488, -0.06374447052539027048 ) ) ;
#4913 = ORIENTED_EDGE ( 'NONE', *, *, #4744, .T. ) ;
#4914 = VECTOR ( 'NONE', #3236, 39.37007874015748143 ) ;
#4915 = EDGE_CURVE ( 'NONE', #2906, #5379, #427, .T. ) ;
#4916 = ORIENTED_EDGE ( 'NONE', *, *, #4744, .F. ) ;
#4917 = DIRECTION ( 'NONE',  ( 0.0000000000000000000, -1.000000000000000000, 0.0000000000000000000 ) ) ;
#4918 = DIRECTION ( 'NONE',  ( 1.000000000000000000, 0.0000000000000000000, 0.0000000000000000000 ) ) ;
#4919 = CARTESIAN_POINT ( 'NONE',  ( 0.2665537635910182335, 0.4299999999999999933, -0.04992613854163884674 ) ) ;
#4921 = VERTEX_POINT ( 'NONE', #1437 ) ;
#4920 = VECTOR ( 'NONE', #4666, 39.37007874015748143 ) ;
#4922 = FILL_AREA_STYLE ('',( #1927 ) ) ;
#4923 = DIRECTION ( 'NONE',  ( 0.0000000000000000000, 0.0000000000000000000, -1.000000000000000000 ) ) ;
#4924 = CARTESIAN_POINT ( 'NONE',  ( 0.2701329546882502153, 0.4299999999999998268, 0.05945846886615539090 ) ) ;
#4925 = DIRECTION ( 'NONE',  ( 0.0000000000000000000, -1.000000000000000000, 0.0000000000000000000 ) ) ;
#4927 = ORIENTED_EDGE ( 'NONE', *, *, #1617, .F. ) ;
#4926 = FACE_OUTER_BOUND ( 'NONE', #5437, .T. ) ;
#4928 = DIRECTION ( 'NONE',  ( 0.0000000000000000000, -0.0000000000000000000, -1.000000000000000000 ) ) ;
#4929 = PLANE ( 'NONE',  #331 ) ;
#4930 = CARTESIAN_POINT ( 'NONE',  ( 0.3257230031893184052, 0.4299999999999999378, 0.01911867275281355777 ) ) ;
#4931 = EDGE_CURVE ( 'NONE', #1365, #4520, #154, .T. ) ;
#4932 = FILL_AREA_STYLE_COLOUR ( '', #3239 ) ;
#4933 = ADVANCED_FACE ( 'NONE', ( #3829 ), #3756, .T. ) ;
#4934 = LINE ( 'NONE', #396, #1058 ) ;
#4935 = CIRCLE ( 'NONE', #2368, 0.02000000000000000042 ) ;
#4936 = LINE ( 'NONE', #2345, #4564 ) ;
#4937 = PRESENTATION_LAYER_ASSIGNMENT (  '', '', ( #3827 ) ) ;
#4938 = CARTESIAN_POINT ( 'NONE',  ( 0.3674999999999999933, 0.01000000000000000021, -0.1050000000000001488 ) ) ;
#4939 = CARTESIAN_POINT ( 'NONE',  ( 0.2900780556723185355, 0.4298999999999999488, -0.06438176463481933010 ) ) ;
#4940 = LENGTH_MEASURE_WITH_UNIT ( LENGTH_MEASURE( 0.02539999999999999897 ), #3777 );
#4941 =( LENGTH_UNIT ( ) NAMED_UNIT ( * ) SI_UNIT ( $, .METRE. ) );
#4942 = CARTESIAN_POINT ( 'NONE',  ( 0.2824999999999999734, -0.6900000000000000577, 0.06700000000000000400 ) ) ;
#4943 = CYLINDRICAL_SURFACE ( 'NONE', #2573, 0.01000000000000000368 ) ;
#4944 = UNCERTAINTY_MEASURE_WITH_UNIT (LENGTH_MEASURE( 1.000000000000000082E-05 ), #952, 'distance_accuracy_value', 'NONE');
#4945 = SURFACE_STYLE_FILL_AREA ( #228 ) ;
#4946 = STYLED_ITEM ( 'NONE', ( #3970 ), #4808 ) ;
#4948 = ORIENTED_EDGE ( 'NONE', *, *, #177, .F. ) ;
#4947 = LINE ( 'NONE', #2789, #4113 ) ;
#4949 = CARTESIAN_POINT ( 'NONE',  ( 0.3070064860359730807, 0.4298999999999997823, 0.03264810406954574834 ) ) ;
#4950 = CARTESIAN_POINT ( 'NONE',  ( -0.1875000000000000278, 0.4299999999999999933, 0.1249999999999999861 ) ) ;
#4951 = CARTESIAN_POINT ( 'NONE',  ( -0.3024999999999999911, -0.1900000000000000300, 0.07499999999999999722 ) ) ;
#4952 = LENGTH_MEASURE_WITH_UNIT ( LENGTH_MEASURE( 0.02539999999999999897 ), #3803 );
#4954 = ORIENTED_EDGE ( 'NONE', *, *, #4477, .F. ) ;
#4953 = FACE_OUTER_BOUND ( 'NONE', #239, .T. ) ;
#4955 = CARTESIAN_POINT ( 'NONE',  ( -0.3674999999999999933, 0.01000000000000000021, 0.1050000000000000516 ) ) ;
#4956 = DIRECTION ( 'NONE',  ( -1.000000000000000000, 0.0000000000000000000, -0.0000000000000000000 ) ) ;
#4957 = SURFACE_STYLE_USAGE ( .BOTH. , #4560 ) ;
#4958 = CARTESIAN_POINT ( 'NONE',  ( 0.3227509598157831117, 0.4298999999999998933, -0.03099556471148487077 ) ) ;
#4959 = CARTESIAN_POINT ( 'NONE',  ( 0.2815812597148522611, 0.4300000000000000488, 0.06012890759197796198 ) ) ;
#4960 = LINE ( 'NONE', #4993, #2679 ) ;
#4961 = VERTEX_POINT ( 'NONE', #2720 ) ;
#4962 = ADVANCED_FACE ( 'NONE', ( #1786 ), #3618, .F. ) ;
#4963 = EDGE_CURVE ( 'NONE', #3593, #3940, #993, .T. ) ;
#4964 = DIRECTION ( 'NONE',  ( 0.0000000000000000000, 0.0000000000000000000, 1.000000000000000000 ) ) ;
#4965 = CARTESIAN_POINT ( 'NONE',  ( 0.3020857213703364019, 0.4298999999999999488, -0.04076118286137016267 ) ) ;
#4966 = ORIENTED_EDGE ( 'NONE', *, *, #1578, .T. ) ;
#4967 = B_SPLINE_CURVE_WITH_KNOTS ( 'NONE', 3,
 ( #5060, #1277, #5093, #5529, #5113, #794, #376, #5491, #1648, #4301, #1660, #4650, #2083, #2135, #2999 ),
 .UNSPECIFIED., .F., .F.,
 ( 4, 1, 1, 1, 1, 1, 1, 1, 1, 1, 1, 1, 4 ),
 ( 0.0000000000000000000, 0.1055838864195045163, 0.2058681332620124482, 0.3009467177422133766, 0.3930019285950104857, 0.4809485116065867483, 0.5628738662802265091, 0.6414613436333617136, 0.7177416181792268812, 0.7917717603087843781, 0.8627163930302572670, 0.9317768462002775642, 1.000000000000000000 ),
 .UNSPECIFIED. ) ;
#4968 = VERTEX_POINT ( 'NONE', #1488 ) ;
#4969 = ORIENTED_EDGE ( 'NONE', *, *, #4817, .T. ) ;
#4970 = CARTESIAN_POINT ( 'NONE',  ( 0.3087571688910327738, 0.4298999999999999488, 0.02467034981205626365 ) ) ;
#4971 = CARTESIAN_POINT ( 'NONE',  ( 0.2354404054451539330, 0.4299000000000001154, 0.03693992095937935483 ) ) ;
#4972 = CARTESIAN_POINT ( 'NONE',  ( 0.2385336374244769464, 0.4300000000000001044, 0.04205179593931471921 ) ) ;
#4973 = MECHANICAL_DESIGN_GEOMETRIC_PRESENTATION_REPRESENTATION (  '', ( #2969 ), #4320 ) ;
#4974 = VERTEX_POINT ( 'NONE', #554 ) ;
#4975 = ORIENTED_EDGE ( 'NONE', *, *, #1953, .F. ) ;
#4976 =( GEOMETRIC_REPRESENTATION_CONTEXT ( 3 ) GLOBAL_UNCERTAINTY_ASSIGNED_CONTEXT ( ( #3628 ) ) GLOBAL_UNIT_ASSIGNED_CONTEXT ( ( #3650, #3217, #4848 ) ) REPRESENTATION_CONTEXT ( 'NONE', 'WORKASPACE' ) );
#4977 = CARTESIAN_POINT ( 'NONE',  ( 0.2075000000000001010, -0.1900000000000000300, 0.09499999999999998723 ) ) ;
#4978 = DIRECTION ( 'NONE',  ( -0.0000000000000000000, 1.000000000000000000, -0.0000000000000000000 ) ) ;
#4979 = DIRECTION ( 'NONE',  ( 1.000000000000000000, 0.0000000000000000000, 0.0000000000000000000 ) ) ;
#4980 = DIRECTION ( 'NONE',  ( -0.0000000000000000000, 1.000000000000000000, -0.0000000000000000000 ) ) ;
#4981 = CARTESIAN_POINT ( 'NONE',  ( 0.2443882896929280846, 0.4298999999999998933, 0.04858111915742065884 ) ) ;
#4982 = ORIENTED_EDGE ( 'NONE', *, *, #2559, .T. ) ;
#4983 = EDGE_CURVE ( 'NONE', #131, #2032, #3472, .T. ) ;
#4984 = MECHANICAL_DESIGN_GEOMETRIC_PRESENTATION_REPRESENTATION (  '', ( #1822 ), #1510 ) ;
#4985 = CARTESIAN_POINT ( 'NONE',  ( -0.3218000208408005602, 0.4298999999999999488, -0.06374447052539027048 ) ) ;
#4986 = CARTESIAN_POINT ( 'NONE',  ( 0.1874999999999999722, 0.01000000000000000021, 0.07499999999999985845 ) ) ;
#4987 = VECTOR ( 'NONE', #3482, 39.37007874015748143 ) ;
#4988 = CARTESIAN_POINT ( 'NONE',  ( -0.2665000000000000147, -0.5900000000000000799, -0.05000000000000000278 ) ) ;
#4989 =( GEOMETRIC_REPRESENTATION_CONTEXT ( 3 ) GLOBAL_UNCERTAINTY_ASSIGNED_CONTEXT ( ( #3019 ) ) GLOBAL_UNIT_ASSIGNED_CONTEXT ( ( #5278, #3113, #149 ) ) REPRESENTATION_CONTEXT ( 'NONE', 'WORKASPACE' ) );
#4990 = ORIENTED_EDGE ( 'NONE', *, *, #4859, .F. ) ;
#4991 = EDGE_CURVE ( 'NONE', #4589, #4388, #3270, .T. ) ;
#4992 = CARTESIAN_POINT ( 'NONE',  ( -0.2665000000000000147, -0.5900000000000000799, -0.05000000000000000278 ) ) ;
#4993 = CARTESIAN_POINT ( 'NONE',  ( 0.1875000000000000278, 0.0000000000000000000, 0.08999999999999994116 ) ) ;
#4994 = ORIENTED_EDGE ( 'NONE', *, *, #3102, .F. ) ;
#4995 = ADVANCED_FACE ( 'NONE', ( #1855 ), #2328, .F. ) ;
#4996 =( GEOMETRIC_REPRESENTATION_CONTEXT ( 3 ) GLOBAL_UNCERTAINTY_ASSIGNED_CONTEXT ( ( #3126 ) ) GLOBAL_UNIT_ASSIGNED_CONTEXT ( ( #3068, #3992, #945 ) ) REPRESENTATION_CONTEXT ( 'NONE', 'WORKASPACE' ) );
#4997 = VECTOR ( 'NONE', #3060, 39.37007874015748143 ) ;
#4998 = CARTESIAN_POINT ( 'NONE',  ( 0.2303415608082756971, 0.4300000000000000488, 0.01621616706563401913 ) ) ;
#4999 = DIRECTION ( 'NONE',  ( -0.0000000000000000000, 1.000000000000000000, -0.0000000000000000000 ) ) ;
#5000 = CARTESIAN_POINT ( 'NONE',  ( 0.2824999999999999734, -0.1849999999999999978, 0.08200000000000001732 ) ) ;
#5001 = CARTESIAN_POINT ( 'NONE',  ( 0.2477827503496420614, 0.4300000000000000488, 0.01776510859365462019 ) ) ;
#5002 = CARTESIAN_POINT ( 'NONE',  ( 0.2601129282493014894, 0.4299999999999999378, 0.05727453507249668369 ) ) ;
#5003 =( CONVERSION_BASED_UNIT ( 'INCH', #1 ) LENGTH_UNIT ( ) NAMED_UNIT ( #5202 ) );
#5004 = CARTESIAN_POINT ( 'NONE',  ( 0.2303415608082756971, 0.4299999999999999933, 0.01621616706563401913 ) ) ;
#5005 = VECTOR ( 'NONE', #1874, 39.37007874015748143 ) ;
#5006 =( GEOMETRIC_REPRESENTATION_CONTEXT ( 3 ) GLOBAL_UNCERTAINTY_ASSIGNED_CONTEXT ( ( #289 ) ) GLOBAL_UNIT_ASSIGNED_CONTEXT ( ( #1021, #588, #158 ) ) REPRESENTATION_CONTEXT ( 'NONE', 'WORKASPACE' ) );
#5007 = SURFACE_SIDE_STYLE ('',( #503 ) ) ;
#5008 = CARTESIAN_POINT ( 'NONE',  ( 0.2570221251371245241, 0.4298999999999999488, -0.04452434991938088865 ) ) ;
#5009 = EDGE_CURVE ( 'NONE', #5032, #3295, #3964, .T. ) ;
#5010 = LINE ( 'NONE', #4687, #3901 ) ;
#5011 = CARTESIAN_POINT ( 'NONE',  ( 0.3259447618211209208, 0.4300000000000000488, 0.02543590669593466524 ) ) ;
#5012 =( GEOMETRIC_REPRESENTATION_CONTEXT ( 3 ) GLOBAL_UNCERTAINTY_ASSIGNED_CONTEXT ( ( #1208 ) ) GLOBAL_UNIT_ASSIGNED_CONTEXT ( ( #4685, #2907, #3322 ) ) REPRESENTATION_CONTEXT ( 'NONE', 'WORKASPACE' ) );
#5013 = AXIS2_PLACEMENT_3D ( 'NONE', #475, #3498, #1387 ) ;
#5014 = CARTESIAN_POINT ( 'NONE',  ( 0.2824999999999999734, -0.6900000000000000577, 0.04699999999999999317 ) ) ;
#5015 = LINE ( 'NONE', #5035, #1533 ) ;
#5016 = CARTESIAN_POINT ( 'NONE',  ( -0.3374999999999999667, 0.4259999999999999898, -0.1105000000000000426 ) ) ;
#5017 = CARTESIAN_POINT ( 'NONE',  ( 0.2477827503496420614, 0.4299000000000000599, 0.01776510859365462019 ) ) ;
#5018 = ORIENTED_EDGE ( 'NONE', *, *, #3007, .T. ) ;
#5019 = SURFACE_SIDE_STYLE ('',( #2388 ) ) ;
#5020 = DIMENSIONAL_EXPONENTS ( 1.000000000000000000, 0.0000000000000000000, 0.0000000000000000000, 0.0000000000000000000, 0.0000000000000000000, 0.0000000000000000000, 0.0000000000000000000 ) ;
#5021 = CARTESIAN_POINT ( 'NONE',  ( -0.2392769285251371281, 0.4299999999999999933, -0.01137404655583462536 ) ) ;
#5022 = CARTESIAN_POINT ( 'NONE',  ( 0.1875000000000000278, -0.4506939094329985851, -0.1249999999999999861 ) ) ;
#5023 = EDGE_CURVE ( 'NONE', #598, #3224, #1054, .T. ) ;
#5024 = FILL_AREA_STYLE ('',( #734 ) ) ;
#5025 = FILL_AREA_STYLE_COLOUR ( '', #5247 ) ;
#5026 = ORIENTED_EDGE ( 'NONE', *, *, #4736, .T. ) ;
#5027 = CARTESIAN_POINT ( 'NONE',  ( 0.2952896053873470539, 0.4300000000000000488, 0.007977207043844108947 ) ) ;
#5028 = CARTESIAN_POINT ( 'NONE',  ( 0.3040184609981263497, 0.4298999999999997823, -0.03664048370714668990 ) ) ;
#5029 = CIRCLE ( 'NONE', #5481, 0.02000000000000000042 ) ;
#5030 = PRESENTATION_LAYER_ASSIGNMENT (  '', '', ( #4482 ) ) ;
#5031 =( LENGTH_UNIT ( ) NAMED_UNIT ( * ) SI_UNIT ( $, .METRE. ) );
#5032 = VERTEX_POINT ( 'NONE', #1485 ) ;
#5033 = VERTEX_POINT ( 'NONE', #1075 ) ;
#5034 = ORIENTED_EDGE ( 'NONE', *, *, #2542, .T. ) ;
#5035 = CARTESIAN_POINT ( 'NONE',  ( -0.2392769285251371281, 0.4298999999999999488, 0.002908796344953273796 ) ) ;
#5036 = SURFACE_SIDE_STYLE ('',( #102 ) ) ;
#5037 = ORIENTED_EDGE ( 'NONE', *, *, #5411, .F. ) ;
#5038 = CARTESIAN_POINT ( 'NONE',  ( 0.2570942495201873901, 0.4300000000000001044, 0.05625519821461600484 ) ) ;
#5039 = EDGE_LOOP ( 'NONE', ( #978, #2037 ) ) ;
#5040 = VERTEX_POINT ( 'NONE', #1859 ) ;
#5041 = EDGE_CURVE ( 'NONE', #3865, #3714, #922, .T. ) ;
#5042 = CARTESIAN_POINT ( 'NONE',  ( 0.2659262270333116462, 0.4299999999999999933, -0.06440986175044864648 ) ) ;
#5043 = VERTEX_POINT ( 'NONE', #111 ) ;
#5044 = CARTESIAN_POINT ( 'NONE',  ( 0.3252955032154508652, 0.4300000000000000488, 0.01685436103993742663 ) ) ;
#5045 = ORIENTED_EDGE ( 'NONE', *, *, #4235, .F. ) ;
#5046 = CARTESIAN_POINT ( 'NONE',  ( 0.2523480353317593128, 0.4298999999999998378, -0.03480651046213448924 ) ) ;
#5048 = EDGE_LOOP ( 'NONE', ( #824, #1349, #345, #2815 ) ) ;
#5047 = VECTOR ( 'NONE', #106, 39.37007874015748143 ) ;
#5049 = DIRECTION ( 'NONE',  ( 1.000000000000000000, 0.0000000000000000000, 0.0000000000000000000 ) ) ;
#5050 = MECHANICAL_DESIGN_GEOMETRIC_PRESENTATION_REPRESENTATION (  '', ( #626 ), #2357 ) ;
#5051 = DIMENSIONAL_EXPONENTS ( 1.000000000000000000, 0.0000000000000000000, 0.0000000000000000000, 0.0000000000000000000, 0.0000000000000000000, 0.0000000000000000000, 0.0000000000000000000 ) ;
#5052 = UNCERTAINTY_MEASURE_WITH_UNIT (LENGTH_MEASURE( 1.000000000000000082E-05 ), #4083, 'distance_accuracy_value', 'NONE');
#5054 = VERTEX_POINT ( 'NONE', #4100 ) ;
#5053 = LENGTH_MEASURE_WITH_UNIT ( LENGTH_MEASURE( 0.02539999999999999897 ), #1467 );
#5055 = DIRECTION ( 'NONE',  ( -0.0000000000000000000, -0.0000000000000000000, -1.000000000000000000 ) ) ;
#5056 = EDGE_CURVE ( 'NONE', #3116, #4531, #717, .T. ) ;
#5057 = PRESENTATION_LAYER_ASSIGNMENT (  '', '', ( #1044 ) ) ;
#5058 = CARTESIAN_POINT ( 'NONE',  ( 0.2485787533654094383, 0.4299000000000001154, -0.05757368967072987870 ) ) ;
#5059 = STYLED_ITEM ( 'NONE', ( #4098 ), #4933 ) ;
#5060 = CARTESIAN_POINT ( 'NONE',  ( 0.2808216085115505800, 0.4299000000000000599, 0.04601409813708170343 ) ) ;
#5061 = SURFACE_STYLE_FILL_AREA ( #745 ) ;
#5062 = CARTESIAN_POINT ( 'NONE',  ( 0.2475929945864822346, 0.4298999999999999488, 0.01621616706563401913 ) ) ;
#5063 = AXIS2_PLACEMENT_3D ( 'NONE', #2201, #1761, #4755 ) ;
#5064 = VECTOR ( 'NONE', #614, 39.37007874015748143 ) ;
#5065 = DIRECTION ( 'NONE',  ( 0.0000000000000000000, 0.0000000000000000000, -1.000000000000000000 ) ) ;
#5066 = SURFACE_SIDE_STYLE ('',( #5280 ) ) ;
#5067 = FILL_AREA_STYLE_COLOUR ( '', #2240 ) ;
#5068 = FACE_OUTER_BOUND ( 'NONE', #469, .T. ) ;
#5069 = VECTOR ( 'NONE', #4530, 39.37007874015748143 ) ;
#5070 = DIMENSIONAL_EXPONENTS ( 1.000000000000000000, 0.0000000000000000000, 0.0000000000000000000, 0.0000000000000000000, 0.0000000000000000000, 0.0000000000000000000, 0.0000000000000000000 ) ;
#5071 = DIRECTION ( 'NONE',  ( -0.0000000000000000000, 1.000000000000000000, -0.0000000000000000000 ) ) ;
#5072 = LINE ( 'NONE', #2121, #5270 ) ;
#5073 = CARTESIAN_POINT ( 'NONE',  ( -0.3224999999999999534, -0.1900000000000000300, 0.07499999999999984457 ) ) ;
#5074 = CARTESIAN_POINT ( 'NONE',  ( 0.2531065920298011251, 0.4299000000000000599, -0.005397134912175958511 ) ) ;
#5075 = LINE ( 'NONE', #1071, #431 ) ;
#5076 = PRESENTATION_LAYER_ASSIGNMENT (  '', '', ( #4073 ) ) ;
#5077 = CARTESIAN_POINT ( 'NONE',  ( 0.2812828832282115998, 0.4300000000000000488, -0.05115411967432258872 ) ) ;
#5078 = CARTESIAN_POINT ( 'NONE',  ( -0.2074999999999999623, 0.01000000000000000021, 0.07499999999999999722 ) ) ;
#5079 = CARTESIAN_POINT ( 'NONE',  ( -0.2665000000000000147, -1.046568542494923815, 0.02999999999999999889 ) ) ;
#5080 = LINE ( 'NONE', #853, #3559 ) ;
#5082 = ORIENTED_EDGE ( 'NONE', *, *, #4647, .T. ) ;
#5081 = FACE_OUTER_BOUND ( 'NONE', #1101, .T. ) ;
#5083 =( GEOMETRIC_REPRESENTATION_CONTEXT ( 3 ) GLOBAL_UNCERTAINTY_ASSIGNED_CONTEXT ( ( #4461 ) ) GLOBAL_UNIT_ASSIGNED_CONTEXT ( ( #694, #4174, #2875 ) ) REPRESENTATION_CONTEXT ( 'NONE', 'WORKASPACE' ) );
#5084 =( CONVERSION_BASED_UNIT ( 'INCH', #3910 ) LENGTH_UNIT ( ) NAMED_UNIT ( #5051 ) );
#5085 = CARTESIAN_POINT ( 'NONE',  ( 0.2488877195822326582, 0.4299999999999999933, -0.007676291338189043627 ) ) ;
#5086 = DIRECTION ( 'NONE',  ( -0.0000000000000000000, -1.000000000000000000, -0.0000000000000000000 ) ) ;
#5087 = LINE ( 'NONE', #5259, #316 ) ;
#5089 = ORIENTED_EDGE ( 'NONE', *, *, #1382, .F. ) ;
#5088 = LINE ( 'NONE', #1479, #4447 ) ;
#5090 = VECTOR ( 'NONE', #2377, 39.37007874015748143 ) ;
#5091 = CARTESIAN_POINT ( 'NONE',  ( 0.2596534898542988690, 0.4299000000000000599, -0.002611569981771415683 ) ) ;
#5092 = CARTESIAN_POINT ( 'NONE',  ( 0.2572269919808961580, 0.4299999999999999933, -0.003542988528237960271 ) ) ;
#5093 = CARTESIAN_POINT ( 'NONE',  ( 0.2849009092347495331, 0.4298999999999998378, 0.04593859462548697398 ) ) ;
#5094 = ORIENTED_EDGE ( 'NONE', *, *, #2665, .T. ) ;
#5095 = CARTESIAN_POINT ( 'NONE',  ( 0.3055109314996950487, 0.4300000000000000488, -0.03014083291461705852 ) ) ;
#5096 = FILL_AREA_STYLE ('',( #5493 ) ) ;
#5097 = CARTESIAN_POINT ( 'NONE',  ( -0.1875000000000000278, 0.01000000000000000021, 0.08999999999999994116 ) ) ;
#5098 = DIMENSIONAL_EXPONENTS ( 1.000000000000000000, 0.0000000000000000000, 0.0000000000000000000, 0.0000000000000000000, 0.0000000000000000000, 0.0000000000000000000, 0.0000000000000000000 ) ;
#5099 = VERTEX_POINT ( 'NONE', #4855 ) ;
#5100 = ORIENTED_EDGE ( 'NONE', *, *, #2397, .F. ) ;
#5101 = ORIENTED_EDGE ( 'NONE', *, *, #2594, .T. ) ;
#5102 = PLANE ( 'NONE',  #4154 ) ;
#5103 = CARTESIAN_POINT ( 'NONE',  ( -0.3374999999999999667, 0.4259999999999999898, -0.07949999999999994571 ) ) ;
#5104 = ORIENTED_EDGE ( 'NONE', *, *, #2285, .T. ) ;
#5105 = ORIENTED_EDGE ( 'NONE', *, *, #3266, .F. ) ;
#5106 = DIRECTION ( 'NONE',  ( -0.0000000000000000000, 1.000000000000000000, -0.0000000000000000000 ) ) ;
#5107 = CARTESIAN_POINT ( 'NONE',  ( 0.2975807248006868688, 0.4299999999999999378, -0.008437501670619520014 ) ) ;
#5108 = EDGE_CURVE ( 'NONE', #4551, #4541, #4034, .T. ) ;
#5109 = CARTESIAN_POINT ( 'NONE',  ( 0.2957205740472744204, 0.4299000000000000599, 0.008154062359625562084 ) ) ;
#5111 = ORIENTED_EDGE ( 'NONE', *, *, #5288, .T. ) ;
#5110 = LENGTH_MEASURE_WITH_UNIT ( LENGTH_MEASURE( 0.02539999999999999897 ), #1504 );
#5112 = FILL_AREA_STYLE_COLOUR ( '', #2341 ) ;
#5113 = CARTESIAN_POINT ( 'NONE',  ( 0.2924720597273554046, 0.4299000000000000599, 0.04448869151779624026 ) ) ;
#5114 = B_SPLINE_CURVE_WITH_KNOTS ( 'NONE', 3,
 ( #3095, #3135, #2273, #4825, #1454, #4014, #4435, #5245, #2682, #1883, #2314, #5262, #5303, #3174, #596, #558, #3622, #1045, #1862 ),
 .UNSPECIFIED., .F., .F.,
 ( 4, 1, 1, 1, 1, 1, 1, 1, 1, 1, 1, 1, 1, 1, 1, 1, 4 ),
 ( 0.0000000000000000000, 0.03120011115393710871, 0.07048671901620059965, 0.1172148300204125110, 0.1715755269954921114, 0.2341219784876092114, 0.3039626396728067892, 0.3821556401561967964, 0.4676462220680256410, 0.5543353814021604320, 0.6350744656665042731, 0.7100366878785244751, 0.7790924037748320208, 0.8429656453505103286, 0.9010012068505274252, 0.9532462564590258314, 1.000000000000000000 ),
 .UNSPECIFIED. ) ;
#5115 =( NAMED_UNIT ( * ) PLANE_ANGLE_UNIT ( ) SI_UNIT ( $, .RADIAN. ) );
#5116 = CARTESIAN_POINT ( 'NONE',  ( -0.2665000000000000147, -0.1849999999999999978, 0.05000000000000000278 ) ) ;
#5117 = PLANE ( 'NONE',  #1074 ) ;
#5119 = ORIENTED_EDGE ( 'NONE', *, *, #2962, .T. ) ;
#5118 = VECTOR ( 'NONE', #222, 39.37007874015748143 ) ;
#5120 = AXIS2_PLACEMENT_3D ( 'NONE', #1076, #201, #5337 ) ;
#5121 = CARTESIAN_POINT ( 'NONE',  ( 0.2691461532582281047, 0.4299000000000001709, -0.05051133342978365859 ) ) ;
#5122 = CARTESIAN_POINT ( 'NONE',  ( 0.3056669152076621487, 0.4298999999999998933, -0.005334680400408881029 ) ) ;
#5123 = CARTESIAN_POINT ( 'NONE',  ( 0.3259447618211209208, 0.4299000000000000599, 0.02543590669593466524 ) ) ;
#5124 = CARTESIAN_POINT ( 'NONE',  ( 0.2522979310714476564, 0.4298999999999999488, -0.03296512212877023007 ) ) ;
#5125 = CARTESIAN_POINT ( 'NONE',  ( 0.1875000000000000278, 0.08000000000000002942, 0.1249999999999999861 ) ) ;
#5126 = CIRCLE ( 'NONE', #1040, 0.02000000000000000042 ) ;
#5127 = EDGE_CURVE ( 'NONE', #2346, #4741, #5467, .T. ) ;
#5128 = CARTESIAN_POINT ( 'NONE',  ( 0.2623399702639371278, 0.4298999999999999488, -0.001657961807647388751 ) ) ;
#5129 = VECTOR ( 'NONE', #711, 39.37007874015748143 ) ;
#5130 = AXIS2_PLACEMENT_3D ( 'NONE', #1710, #4725, #2136 ) ;
#5131 = CARTESIAN_POINT ( 'NONE',  ( 0.2826143713924981204, 0.4300000000000000488, 0.004071890721567321403 ) ) ;
#5132 = CARTESIAN_POINT ( 'NONE',  ( 0.2895589142171832719, 0.4298999999999998933, -0.04987293831471899253 ) ) ;
#5133 = FACE_OUTER_BOUND ( 'NONE', #4639, .T. ) ;
#5134 = CARTESIAN_POINT ( 'NONE',  ( 0.3008511519426272374, 0.4299000000000000599, -0.04257400607996352643 ) ) ;
#5135 = FILL_AREA_STYLE_COLOUR ( '', #3679 ) ;
#5136 = AXIS2_PLACEMENT_3D ( 'NONE', #686, #4132, #3243 ) ;
#5137 = COLOUR_RGB ( '',1.000000000000000000, 1.000000000000000000, 1.000000000000000000 ) ;
#5138 = PRESENTATION_STYLE_ASSIGNMENT (( #3677 ) ) ;
#5139 = CARTESIAN_POINT ( 'NONE',  ( 0.2957205740472744204, 0.4299000000000000599, 0.008154062359625562084 ) ) ;
#5140 = EDGE_CURVE ( 'NONE', #3727, #5443, #2650, .T. ) ;
#5141 = ORIENTED_EDGE ( 'NONE', *, *, #2061, .T. ) ;
#5142 = CARTESIAN_POINT ( 'NONE',  ( 0.2824999999999999734, -0.5900000000000000799, -0.05700000000000000205 ) ) ;
#5143 = AXIS2_PLACEMENT_3D ( 'NONE', #1760, #1352, #4411 ) ;
#5144 = FILL_AREA_STYLE ('',( #866 ) ) ;
#5145 =( CONVERSION_BASED_UNIT ( 'INCH', #923 ) LENGTH_UNIT ( ) NAMED_UNIT ( #1200 ) );
#5146 = CARTESIAN_POINT ( 'NONE',  ( -0.3024999999999999911, 0.01000000000000000021, -0.07499999999999999722 ) ) ;
#5148 = ORIENTED_EDGE ( 'NONE', *, *, #3386, .T. ) ;
#5147 = SURFACE_STYLE_FILL_AREA ( #4486 ) ;
#5149 = EDGE_CURVE ( 'NONE', #5043, #1350, #3676, .T. ) ;
#5150 = AXIS2_PLACEMENT_3D ( 'NONE', #2279, #4035, #4827 ) ;
#5152 = ORIENTED_EDGE ( 'NONE', *, *, #715, .F. ) ;
#5151 = SURFACE_STYLE_FILL_AREA ( #1243 ) ;
#5153 = CARTESIAN_POINT ( 'NONE',  ( 0.2771124549347617205, 0.4299999999999999933, -0.05121306160085137282 ) ) ;
#5154 =( CONVERSION_BASED_UNIT ( 'INCH', #1868 ) LENGTH_UNIT ( ) NAMED_UNIT ( #3045 ) );
#5155 = CARTESIAN_POINT ( 'NONE',  ( 0.2488877195822326582, 0.4299999999999999378, -0.007676291338189043627 ) ) ;
#5156 = CARTESIAN_POINT ( 'NONE',  ( 0.2599998534471288369, 0.4298999999999999488, 0.04021747663770349618 ) ) ;
#5157 = CARTESIAN_POINT ( 'NONE',  ( 0.3047873787318431948, 0.4299000000000000599, -0.005740203197538019941 ) ) ;
#5158 = ADVANCED_FACE ( 'NONE', ( #284 ), #151, .F. ) ;
#5159 = EDGE_LOOP ( 'NONE', ( #3092, #4916, #4463, #2298 ) ) ;
#5160 = EDGE_LOOP ( 'NONE', ( #3929, #5101 ) ) ;
#5161 = EDGE_CURVE ( 'NONE', #2171, #5514, #2176, .T. ) ;
#5162 = DIRECTION ( 'NONE',  ( 0.0000000000000000000, -1.000000000000000000, 0.0000000000000000000 ) ) ;
#5163 = VERTEX_POINT ( 'NONE', #5335 ) ;
#5164 = DIRECTION ( 'NONE',  ( 2.217409085766446745E-16, -0.0000000000000000000, 1.000000000000000000 ) ) ;
#5165 = VERTEX_POINT ( 'NONE', #632 ) ;
#5166 = ORIENTED_EDGE ( 'NONE', *, *, #2386, .T. ) ;
#5167 = FILL_AREA_STYLE ('',( #5135 ) ) ;
#5168 = DIRECTION ( 'NONE',  ( -0.4997224534895789438, 0.0000000000000000000, -0.8661855860485994096 ) ) ;
#5169 = ORIENTED_EDGE ( 'NONE', *, *, #4762, .T. ) ;
#5171 = ORIENTED_EDGE ( 'NONE', *, *, #4441, .T. ) ;
#5170 = CIRCLE ( 'NONE', #4490, 0.02000000000000000389 ) ;
#5172 =( LENGTH_UNIT ( ) NAMED_UNIT ( * ) SI_UNIT ( $, .METRE. ) );
#5173 = DIRECTION ( 'NONE',  ( -1.000000000000000000, -0.0000000000000000000, -0.0000000000000000000 ) ) ;
#5174 = CARTESIAN_POINT ( 'NONE',  ( 0.3087158682444395841, 0.4299999999999999378, 0.02378607308005744811 ) ) ;
#5175 = CARTESIAN_POINT ( 'NONE',  ( 0.2792588523900823017, 0.4298999999999999488, 0.04596673904713786257 ) ) ;
#5176 =( GEOMETRIC_REPRESENTATION_CONTEXT ( 3 ) GLOBAL_UNCERTAINTY_ASSIGNED_CONTEXT ( ( #1960 ) ) GLOBAL_UNIT_ASSIGNED_CONTEXT ( ( #2309, #130, #629 ) ) REPRESENTATION_CONTEXT ( 'NONE', 'WORKASPACE' ) );
#5178 = EDGE_LOOP ( 'NONE', ( #3232, #3237, #5589, #1684 ) ) ;
#5177 = FACE_OUTER_BOUND ( 'NONE', #3024, .T. ) ;
#5179 = STYLED_ITEM ( 'NONE', ( #3500 ), #112 ) ;
#5180 = UNCERTAINTY_MEASURE_WITH_UNIT (LENGTH_MEASURE( 1.000000000000000082E-05 ), #1702, 'distance_accuracy_value', 'NONE');
#5181 = DIRECTION ( 'NONE',  ( -1.000000000000000000, 0.0000000000000000000, -1.365923996832131856E-16 ) ) ;
#5182 = DIRECTION ( 'NONE',  ( 1.000000000000000000, 0.0000000000000000000, 0.0000000000000000000 ) ) ;
#5183 = DIRECTION ( 'NONE',  ( -1.000000000000000000, 0.0000000000000000000, -0.0000000000000000000 ) ) ;
#5184 =( NAMED_UNIT ( * ) PLANE_ANGLE_UNIT ( ) SI_UNIT ( $, .RADIAN. ) );
#5185 = CARTESIAN_POINT ( 'NONE',  ( 0.5000000000000000000, 0.1000000000000000056, 0.06249999999999993061 ) ) ;
#5186 = ADVANCED_FACE ( 'NONE', ( #3465 ), #3752, .F. ) ;
#5187 = CARTESIAN_POINT ( 'NONE',  ( 0.1875000000000000278, 0.0000000000000000000, -0.08999999999999994116 ) ) ;
#5188 = PLANE ( 'NONE',  #2716 ) ;
#5189 = PRESENTATION_LAYER_ASSIGNMENT (  '', '', ( #3603 ) ) ;
#5190 = DIRECTION ( 'NONE',  ( -1.000000000000000000, -0.0000000000000000000, 2.217409085766446745E-16 ) ) ;
#5192 = ORIENTED_EDGE ( 'NONE', *, *, #4015, .T. ) ;
#5191 = LENGTH_MEASURE_WITH_UNIT ( LENGTH_MEASURE( 0.02539999999999999897 ), #2360 );
#5193 = CARTESIAN_POINT ( 'NONE',  ( 0.2960662023433613954, 0.4300000000000000488, -0.04700505581754148982 ) ) ;
#5194 = CARTESIAN_POINT ( 'NONE',  ( 0.3038794072953994174, 0.4299999999999999378, 0.05583306171446561494 ) ) ;
#5195 = EDGE_CURVE ( 'NONE', #4177, #5040, #4353, .T. ) ;
#5196 = CARTESIAN_POINT ( 'NONE',  ( 0.3252955032154508652, 0.4299000000000000599, 0.01685436103993742663 ) ) ;
#5197 = CARTESIAN_POINT ( 'NONE',  ( 0.3138978493581288665, 0.4299000000000001154, -0.05223969091535117515 ) ) ;
#5198 = FACE_OUTER_BOUND ( 'NONE', #4785, .T. ) ;
#5199 = CARTESIAN_POINT ( 'NONE',  ( 0.2481472813887565521, 0.4299000000000000599, 0.02074070867733431370 ) ) ;
#5200 = CARTESIAN_POINT ( 'NONE',  ( 0.2958181610513328508, 0.4300000000000000488, -0.06299522212056704595 ) ) ;
#5201 = CARTESIAN_POINT ( 'NONE',  ( 0.2352205214486184359, 0.4298999999999998933, -0.03637087925512776099 ) ) ;
#5202 = DIMENSIONAL_EXPONENTS ( 1.000000000000000000, 0.0000000000000000000, 0.0000000000000000000, 0.0000000000000000000, 0.0000000000000000000, 0.0000000000000000000, 0.0000000000000000000 ) ;
#5203 = COLOUR_RGB ( '',1.000000000000000000, 1.000000000000000000, 1.000000000000000000 ) ;
#5204 = VECTOR ( 'NONE', #444, 39.37007874015748143 ) ;
#5205 =( NAMED_UNIT ( * ) SI_UNIT ( $, .STERADIAN. ) SOLID_ANGLE_UNIT ( ) );
#5206 = CARTESIAN_POINT ( 'NONE',  ( 0.3191011155140018873, 0.4298999999999999488, 0.04416775996129544690 ) ) ;
#5207 = CARTESIAN_POINT ( 'NONE',  ( 0.2523425128370230808, 0.4300000000000000488, -0.03191266278687514973 ) ) ;
#5208 = EDGE_CURVE ( 'NONE', #1291, #1604, #216, .T. ) ;
#5209 = ADVANCED_FACE ( 'NONE', ( #1583 ), #710, .T. ) ;
#5210 = VECTOR ( 'NONE', #1964, 39.37007874015748143 ) ;
#5212 = ORIENTED_EDGE ( 'NONE', *, *, #5195, .F. ) ;
#5211 = SURFACE_STYLE_FILL_AREA ( #2453 ) ;
#5213 = CARTESIAN_POINT ( 'NONE',  ( 0.3257230031893184052, 0.4298999999999998378, 0.01911867275281355777 ) ) ;
#5214 = FILL_AREA_STYLE_COLOUR ( '', #1183 ) ;
#5215 = DIRECTION ( 'NONE',  ( 0.0000000000000000000, 0.0000000000000000000, -1.000000000000000000 ) ) ;
#5216 = CARTESIAN_POINT ( 'NONE',  ( 0.2824999999999999734, -0.5900000000000000799, -0.05700000000000000205 ) ) ;
#5218 = ORIENTED_EDGE ( 'NONE', *, *, #1649, .T. ) ;
#5217 = VECTOR ( 'NONE', #2260, 39.37007874015748143 ) ;
#5219 = AXIS2_PLACEMENT_3D ( 'NONE', #1020, #1445, #4466 ) ;
#5220 = B_SPLINE_SURFACE_WITH_KNOTS ( 'NONE', 3, 1, ( 
 ( #1083, #1528 ),
 ( #1940, #4500 ),
 ( #2352, #169 ),
 ( #600, #4071 ),
 ( #190, #4517 ),
 ( #3193, #4554 ),
 ( #2320, #4145 ),
 ( #5308, #624 ),
 ( #1545, #2743 ),
 ( #1957, #1063 ),
 ( #4949, #5380 ),
 ( #1476, #4569 ),
 ( #4088, #1907 ),
 ( #1495, #782 ),
 ( #4970, #4637 ) ),
 .UNSPECIFIED., .F., .F., .F.,
 ( 4, 1, 1, 1, 1, 1, 1, 1, 1, 1, 1, 1, 4 ),
 ( 2, 2 ),
 ( 0.0000000000000000000, 0.1055838864195045163, 0.2058681332620124482, 0.3009467177422133766, 0.3930019285950104857, 0.4809485116065867483, 0.5628738662802265091, 0.6414613436333617136, 0.7177416181792268812, 0.7917717603087843781, 0.8627163930302572670, 0.9317768462002775642, 1.000000000000000000 ),
 ( 0.0000000000000000000, 1.000000000000000000 ),
 .UNSPECIFIED. ) ;
#5221 =( LENGTH_UNIT ( ) NAMED_UNIT ( * ) SI_UNIT ( $, .METRE. ) );
#5222 = DIRECTION ( 'NONE',  ( 0.0000000000000000000, -0.0000000000000000000, -1.000000000000000000 ) ) ;
#5223 =( GEOMETRIC_REPRESENTATION_CONTEXT ( 3 ) GLOBAL_UNCERTAINTY_ASSIGNED_CONTEXT ( ( #2787 ) ) GLOBAL_UNIT_ASSIGNED_CONTEXT ( ( #5572, #852, #1322 ) ) REPRESENTATION_CONTEXT ( 'NONE', 'WORKASPACE' ) );
#5224 = ORIENTED_EDGE ( 'NONE', *, *, #2895, .F. ) ;
#5225 = ORIENTED_EDGE ( 'NONE', *, *, #3230, .F. ) ;
#5226 = EDGE_CURVE ( 'NONE', #1490, #5163, #4424, .T. ) ;
#5227 = CARTESIAN_POINT ( 'NONE',  ( 0.2522979310714476564, 0.4299999999999999933, -0.03296512212877023007 ) ) ;
#5228 = DIRECTION ( 'NONE',  ( -0.0000000000000000000, 1.000000000000000000, -0.0000000000000000000 ) ) ;
#5229 = CARTESIAN_POINT ( 'NONE',  ( 0.3024999999999998246, -0.1900000000000000300, -0.09499999999999998723 ) ) ;
#5230 = ORIENTED_EDGE ( 'NONE', *, *, #3342, .F. ) ;
#5232 = ORIENTED_EDGE ( 'NONE', *, *, #2386, .F. ) ;
#5231 = ORIENTED_EDGE ( 'NONE', *, *, #3711, .T. ) ;
#5233 = ORIENTED_EDGE ( 'NONE', *, *, #5552, .T. ) ;
#5234 = DIRECTION ( 'NONE',  ( 0.8661855860485992986, 0.0000000000000000000, 0.4997224534895788883 ) ) ;
#5235 = DIRECTION ( 'NONE',  ( 0.0000000000000000000, 0.0000000000000000000, -1.000000000000000000 ) ) ;
#5236 = DIRECTION ( 'NONE',  ( -1.000000000000000000, 0.0000000000000000000, 0.0000000000000000000 ) ) ;
#5237 = DIRECTION ( 'NONE',  ( 0.0000000000000000000, -1.000000000000000000, -0.0000000000000000000 ) ) ;
#5238 = ORIENTED_EDGE ( 'NONE', *, *, #998, .F. ) ;
#5239 = ORIENTED_EDGE ( 'NONE', *, *, #320, .T. ) ;
#5240 =( GEOMETRIC_REPRESENTATION_CONTEXT ( 3 ) GLOBAL_UNCERTAINTY_ASSIGNED_CONTEXT ( ( #5353 ) ) GLOBAL_UNIT_ASSIGNED_CONTEXT ( ( #987, #3093, #513 ) ) REPRESENTATION_CONTEXT ( 'NONE', 'WORKASPACE' ) );
#5241 = ADVANCED_FACE ( 'NONE', ( #4030, #2854, #1253, #1852 ), #4136, .F. ) ;
#5242 = SURFACE_SIDE_STYLE ('',( #3470 ) ) ;
#5243 = DIRECTION ( 'NONE',  ( 0.0000000000000000000, 0.0000000000000000000, 1.000000000000000000 ) ) ;
#5244 = ORIENTED_EDGE ( 'NONE', *, *, #2177, .T. ) ;
#5245 = CARTESIAN_POINT ( 'NONE',  ( 0.2826143713924981204, 0.4300000000000000488, 0.004071890721567321403 ) ) ;
#5246 = EDGE_CURVE ( 'NONE', #143, #4420, #989, .T. ) ;
#5248 = ORIENTED_EDGE ( 'NONE', *, *, #3574, .T. ) ;
#5247 = COLOUR_RGB ( '',1.000000000000000000, 1.000000000000000000, 1.000000000000000000 ) ;
#5249 = FILL_AREA_STYLE ('',( #2214 ) ) ;
#5250 = CARTESIAN_POINT ( 'NONE',  ( 0.3117871380406632698, 0.4298999999999999488, 0.05131178931917755592 ) ) ;
#5251 = DIRECTION ( 'NONE',  ( 0.0000000000000000000, 0.0000000000000000000, 1.000000000000000000 ) ) ;
#5252 = EDGE_CURVE ( 'NONE', #4777, #2088, #1714, .T. ) ;
#5253 = CARTESIAN_POINT ( 'NONE',  ( 0.2447692762975733072, 0.4299999999999999933, -0.05453933808637077829 ) ) ;
#5254 = VECTOR ( 'NONE', #386, 39.37007874015748143 ) ;
#5255 = DIRECTION ( 'NONE',  ( -0.0000000000000000000, -1.000000000000000000, -0.0000000000000000000 ) ) ;
#5256 = ORIENTED_EDGE ( 'NONE', *, *, #81, .T. ) ;
#5257 = DIRECTION ( 'NONE',  ( -0.0000000000000000000, 1.000000000000000000, -0.0000000000000000000 ) ) ;
#5258 = DIRECTION ( 'NONE',  ( -0.0000000000000000000, 0.0000000000000000000, 1.000000000000000000 ) ) ;
#5259 = CARTESIAN_POINT ( 'NONE',  ( -0.3674999999999999933, 0.4299999999999999933, -0.1250000000000000000 ) ) ;
#5260 = VECTOR ( 'NONE', #4871, 39.37007874015748143 ) ;
#5261 = EDGE_CURVE ( 'NONE', #677, #5591, #3332, .T. ) ;
#5262 = CARTESIAN_POINT ( 'NONE',  ( 0.2685005235684607694, 0.4300000000000000488, 0.0002780483268586264600 ) ) ;
#5263 = FACE_OUTER_BOUND ( 'NONE', #3297, .T. ) ;
#5264 = FACE_OUTER_BOUND ( 'NONE', #2295, .T. ) ;
#5265 = AXIS2_PLACEMENT_3D ( 'NONE', #5336, #2778, #531 ) ;
#5266 = CARTESIAN_POINT ( 'NONE',  ( 0.2526667632206917591, 0.4299000000000001154, -0.03659322374732944944 ) ) ;
#5267 =( LENGTH_UNIT ( ) NAMED_UNIT ( * ) SI_UNIT ( $, .METRE. ) );
#5268 = CARTESIAN_POINT ( 'NONE',  ( 0.3230122834097854390, 0.4298999999999998933, 0.03782207312909326852 ) ) ;
#5269 = ADVANCED_FACE ( 'NONE', ( #82 ), #4290, .T. ) ;
#5270 = VECTOR ( 'NONE', #5477, 39.37007874015748143 ) ;
#5271 = EDGE_CURVE ( 'NONE', #3584, #4899, #5400, .T. ) ;
#5272 = DIRECTION ( 'NONE',  ( -1.000000000000000000, -0.0000000000000000000, -0.0000000000000000000 ) ) ;
#5273 = CARTESIAN_POINT ( 'NONE',  ( 0.2465920182774749281, 0.4299999999999999933, -0.05612613100929805809 ) ) ;
#5274 = LINE ( 'NONE', #3189, #2464 ) ;
#5275 = DIRECTION ( 'NONE',  ( -0.0000000000000000000, -0.0000000000000000000, 1.000000000000000000 ) ) ;
#5276 = CARTESIAN_POINT ( 'NONE',  ( 0.2635511224369581629, 0.4299000000000000599, 0.04230315135291973228 ) ) ;
#5277 = CARTESIAN_POINT ( 'NONE',  ( -0.2134999999999999121, 0.01000000000000000021, 0.1050000000000000239 ) ) ;
#5278 =( CONVERSION_BASED_UNIT ( 'INCH', #4625 ) LENGTH_UNIT ( ) NAMED_UNIT ( #3479 ) );
#5279 = FACE_OUTER_BOUND ( 'NONE', #2498, .T. ) ;
#5281 = ORIENTED_EDGE ( 'NONE', *, *, #152, .T. ) ;
#5280 = SURFACE_STYLE_FILL_AREA ( #2884 ) ;
#5282 = UNCERTAINTY_MEASURE_WITH_UNIT (LENGTH_MEASURE( 1.000000000000000082E-05 ), #2779, 'distance_accuracy_value', 'NONE');
#5283 = PRESENTATION_LAYER_ASSIGNMENT (  '', '', ( #3887 ) ) ;
#5284 = LENGTH_MEASURE_WITH_UNIT ( LENGTH_MEASURE( 0.02539999999999999897 ), #4821 );
#5285 = ORIENTED_EDGE ( 'NONE', *, *, #3711, .F. ) ;
#5286 = CARTESIAN_POINT ( 'NONE',  ( 0.2584692576831451594, 0.4298999999999998933, -0.04590590221181211489 ) ) ;
#5287 =( CONVERSION_BASED_UNIT ( 'INCH', #2533 ) LENGTH_UNIT ( ) NAMED_UNIT ( #416 ) );
#5288 = EDGE_CURVE ( 'NONE', #5165, #189, #4024, .T. ) ;
#5289 = CARTESIAN_POINT ( 'NONE',  ( -0.2665000000000000147, -0.5900000000000000799, 0.06000000000000001166 ) ) ;
#5290 = VERTEX_POINT ( 'NONE', #1199 ) ;
#5291 = CARTESIAN_POINT ( 'NONE',  ( 0.2075000000000001010, -0.1900000000000000300, 0.09499999999999998723 ) ) ;
#5292 = CARTESIAN_POINT ( 'NONE',  ( 0.4850000000000000422, -0.0000000000000000000, -1.707404996040164512E-17 ) ) ;
#5293 = DIRECTION ( 'NONE',  ( 1.000000000000000000, 0.0000000000000000000, 0.0000000000000000000 ) ) ;
#5294 = CARTESIAN_POINT ( 'NONE',  ( 0.2808216085115505800, 0.4299000000000000599, 0.04601409813708170343 ) ) ;
#5295 = EDGE_CURVE ( 'NONE', #4205, #4882, #3888, .T. ) ;
#5296 = AXIS2_PLACEMENT_3D ( 'NONE', #492, #1368, #67 ) ;
#5297 = EDGE_LOOP ( 'NONE', ( #540, #2047, #1906, #942 ) ) ;
#5298 = ADVANCED_FACE ( 'NONE', ( #3398 ), #4091, .T. ) ;
#5299 = SURFACE_STYLE_USAGE ( .BOTH. , #2737 ) ;
#5301 = ORIENTED_EDGE ( 'NONE', *, *, #3324, .F. ) ;
#5300 = ORIENTED_EDGE ( 'NONE', *, *, #921, .T. ) ;
#5302 = VERTEX_POINT ( 'NONE', #3491 ) ;
#5303 = CARTESIAN_POINT ( 'NONE',  ( 0.2652940580575294804, 0.4299999999999999378, -0.0007082717484892200486 ) ) ;
#5304 = CARTESIAN_POINT ( 'NONE',  ( 0.3239924728386529007, 0.4299000000000001154, 0.01253080524794042937 ) ) ;
#5305 = ORIENTED_EDGE ( 'NONE', *, *, #4087, .F. ) ;
#5306 = ORIENTED_EDGE ( 'NONE', *, *, #5246, .F. ) ;
#5307 = ORIENTED_EDGE ( 'NONE', *, *, #2454, .F. ) ;
#5308 = CARTESIAN_POINT ( 'NONE',  ( 0.3015636353135244807, 0.4299000000000000599, 0.03975099452478284695 ) ) ;
#5309 = CARTESIAN_POINT ( 'NONE',  ( 0.2538147415677557417, 0.4299999999999999933, -0.03998109574085482315 ) ) ;
#5310 = MECHANICAL_DESIGN_GEOMETRIC_PRESENTATION_REPRESENTATION (  '', ( #4482 ), #1119 ) ;
#5311 = EDGE_LOOP ( 'NONE', ( #4391, #1810, #5148, #4471 ) ) ;
#5312 = LINE ( 'NONE', #2192, #405 ) ;
#5313 = CARTESIAN_POINT ( 'NONE',  ( 0.3674999999999999933, 0.0000000000000000000, 0.1050000000000001488 ) ) ;
#5314 =( LENGTH_UNIT ( ) NAMED_UNIT ( * ) SI_UNIT ( $, .METRE. ) );
#5315 = CARTESIAN_POINT ( 'NONE',  ( 0.2485787533654094383, 0.4300000000000001044, -0.05757368967072987870 ) ) ;
#5316 = DIRECTION ( 'NONE',  ( -1.000000000000000000, 0.0000000000000000000, 0.0000000000000000000 ) ) ;
#5317 = CARTESIAN_POINT ( 'NONE',  ( 0.2824999999999999734, -0.1849999999999999978, -0.05700000000000000205 ) ) ;
#5318 = AXIS2_PLACEMENT_3D ( 'NONE', #5567, #4242, #2065 ) ;
#5319 = ORIENTED_EDGE ( 'NONE', *, *, #5208, .T. ) ;
#5320 = DIRECTION ( 'NONE',  ( 0.0000000000000000000, -1.000000000000000000, 0.0000000000000000000 ) ) ;
#5321 = CARTESIAN_POINT ( 'NONE',  ( 0.2824999999999999734, -1.046568542494923815, 0.07700000000000001288 ) ) ;
#5322 = DIRECTION ( 'NONE',  ( -0.0000000000000000000, -0.0000000000000000000, -1.000000000000000000 ) ) ;
#5323 = EDGE_LOOP ( 'NONE', ( #4129, #3388, #5570, #2688 ) ) ;
#5324 = EDGE_CURVE ( 'NONE', #2670, #2088, #1379, .T. ) ;
#5325 = SURFACE_SIDE_STYLE ('',( #3277 ) ) ;
#5326 = SURFACE_SIDE_STYLE ('',( #477 ) ) ;
#5327 = COLOUR_RGB ( '',0.0000000000000000000, 0.7529411764705882248, 0.0000000000000000000 ) ;
#5328 = ADVANCED_FACE ( 'NONE', ( #1844 ), #1758, .F. ) ;
#5329 = FACE_OUTER_BOUND ( 'NONE', #679, .T. ) ;
#5330 = AXIS2_PLACEMENT_3D ( 'NONE', #1613, #352, #2043 ) ;
#5331 = LENGTH_MEASURE_WITH_UNIT ( LENGTH_MEASURE( 0.02539999999999999897 ), #2663 );
#5332 = CARTESIAN_POINT ( 'NONE',  ( 0.3674999999999999933, 0.01000000000000000021, -0.1050000000000001488 ) ) ;
#5333 = CARTESIAN_POINT ( 'NONE',  ( -0.3674999999999999933, 0.08000000000000000167, 0.1250000000000000000 ) ) ;
#5334 = CARTESIAN_POINT ( 'NONE',  ( -0.3374999999999999667, 0.4259999999999999898, -0.09499999999999998723 ) ) ;
#5335 = CARTESIAN_POINT ( 'NONE',  ( -0.3218000208408005602, 0.4299999999999999933, -0.06374447052539027048 ) ) ;
#5336 = CARTESIAN_POINT ( 'NONE',  ( -0.2665000000000000147, -0.5900000000000000799, 0.05000000000000000278 ) ) ;
#5337 = DIRECTION ( 'NONE',  ( -1.000000000000000000, 0.0000000000000000000, 0.0000000000000000000 ) ) ;
#5338 = EDGE_CURVE ( 'NONE', #1816, #1955, #1114, .T. ) ;
#5339 = VECTOR ( 'NONE', #1575, 39.37007874015748854 ) ;
#5340 = CARTESIAN_POINT ( 'NONE',  ( 0.3073932979143881861, 0.4299999999999999933, -0.004538707108346209940 ) ) ;
#5341 = PRESENTATION_STYLE_ASSIGNMENT (( #1524 ) ) ;
#5342 = PLANE ( 'NONE',  #934 ) ;
#5343 = CARTESIAN_POINT ( 'NONE',  ( 0.2719658582307714623, 0.4300000000000000488, -0.05090805285585408430 ) ) ;
#5344 = PRESENTATION_LAYER_ASSIGNMENT (  '', '', ( #4854 ) ) ;
#5345 = CARTESIAN_POINT ( 'NONE',  ( 0.2957205740472744204, 0.4299000000000000599, 0.008154062359625562084 ) ) ;
#5346 = DIRECTION ( 'NONE',  ( 0.0000000000000000000, 0.0000000000000000000, -1.000000000000000000 ) ) ;
#5347 = CARTESIAN_POINT ( 'NONE',  ( 0.2717286910927246835, 0.4299999999999999933, 0.04515470424326201854 ) ) ;
#5348 = CARTESIAN_POINT ( 'NONE',  ( 0.2515607065360382366, 0.4299000000000001154, 0.05366369116334548245 ) ) ;
#5350 = ORIENTED_EDGE ( 'NONE', *, *, #1398, .T. ) ;
#5349 = VECTOR ( 'NONE', #2393, 39.37007874015748143 ) ;
#5351 = DIRECTION ( 'NONE',  ( 0.0000000000000000000, 0.0000000000000000000, -1.000000000000000000 ) ) ;
#5352 = ADVANCED_FACE ( 'NONE', ( #3259 ), #5559, .F. ) ;
#5353 = UNCERTAINTY_MEASURE_WITH_UNIT (LENGTH_MEASURE( 1.000000000000000082E-05 ), #987, 'distance_accuracy_value', 'NONE');
#5354 =( LENGTH_UNIT ( ) NAMED_UNIT ( * ) SI_UNIT ( $, .METRE. ) );
#5355 = VECTOR ( 'NONE', #965, 39.37007874015748143 ) ;
#5357 = ORIENTED_EDGE ( 'NONE', *, *, #4610, .F. ) ;
#5356 = VECTOR ( 'NONE', #4232, 39.37007874015748143 ) ;
#5358 = CARTESIAN_POINT ( 'NONE',  ( 0.3259964162551737266, 0.4298999999999998933, 0.02303611161052404599 ) ) ;
#5359 = LINE ( 'NONE', #1606, #1946 ) ;
#5360 = FILL_AREA_STYLE ('',( #1102 ) ) ;
#5361 = CARTESIAN_POINT ( 'NONE',  ( 0.2341279034971974482, 0.4298999999999998933, 0.03423944006117576183 ) ) ;
#5362 = DIRECTION ( 'NONE',  ( 1.000000000000000000, 0.0000000000000000000, 0.0000000000000000000 ) ) ;
#5363 = ORIENTED_EDGE ( 'NONE', *, *, #5504, .F. ) ;
#5364 = ORIENTED_EDGE ( 'NONE', *, *, #2425, .T. ) ;
#5365 = DIRECTION ( 'NONE',  ( -0.0000000000000000000, -0.0000000000000000000, 1.000000000000000000 ) ) ;
#5366 = CARTESIAN_POINT ( 'NONE',  ( -0.3674999999999999933, 0.01000000000000000021, 0.1050000000000000516 ) ) ;
#5367 = FILL_AREA_STYLE ('',( #4577 ) ) ;
#5368 = ORIENTED_EDGE ( 'NONE', *, *, #870, .F. ) ;
#5369 = EDGE_LOOP ( 'NONE', ( #1568, #4602, #1630, #1284, #4798, #3518, #3870, #4022, #4907, #1647, #2482, #255 ) ) ;
#5370 = B_SPLINE_SURFACE_WITH_KNOTS ( 'NONE', 3, 1, ( 
 ( #2619, #493 ),
 ( #4318, #1783 ),
 ( #5199, #432 ),
 ( #2658, #47 ),
 ( #68, #3895 ),
 ( #1725, #4739 ),
 ( #3912, #1314 ),
 ( #589, #1432 ),
 ( #1877, #2290 ),
 ( #5276, #4040 ),
 ( #4414, #3168 ),
 ( #509, #2736 ),
 ( #1448, #161 ),
 ( #4060, #1004 ),
 ( #5294, #2263 ) ),
 .UNSPECIFIED., .F., .F., .F.,
 ( 4, 1, 1, 1, 1, 1, 1, 1, 1, 1, 1, 1, 4 ),
 ( 2, 2 ),
 ( 0.0000000000000000000, 0.09379647069693197725, 0.1801880710186106183, 0.2603631916661880430, 0.3348466760639741691, 0.4070930058327157375, 0.4814483792884675650, 0.5592709137563650623, 0.6422698113109346352, 0.7285859445716479366, 0.8159775452756138359, 0.9060351298875356507, 1.000000000000000000 ),
 ( 0.0000000000000000000, 1.000000000000000000 ),
 .UNSPECIFIED. ) ;
#5371 = MECHANICAL_DESIGN_GEOMETRIC_PRESENTATION_REPRESENTATION (  '', ( #891 ), #1930 ) ;
#5372 = DIRECTION ( 'NONE',  ( 0.0000000000000000000, -1.000000000000000000, 0.0000000000000000000 ) ) ;
#5373 = CARTESIAN_POINT ( 'NONE',  ( 0.3228719783459290116, 0.4298999999999999488, -0.02926488562236512908 ) ) ;
#5374 = ORIENTED_EDGE ( 'NONE', *, *, #188, .T. ) ;
#5375 = DIRECTION ( 'NONE',  ( 0.0000000000000000000, -1.000000000000000000, 0.0000000000000000000 ) ) ;
#5376 = DIRECTION ( 'NONE',  ( -0.0000000000000000000, -0.0000000000000000000, -1.000000000000000000 ) ) ;
#5377 = PRESENTATION_STYLE_ASSIGNMENT (( #1514 ) ) ;
#5378 = CARTESIAN_POINT ( 'NONE',  ( -0.2134999999999999121, 0.01000000000000000021, -0.1050000000000000239 ) ) ;
#5379 = VERTEX_POINT ( 'NONE', #3576 ) ;
#5380 = CARTESIAN_POINT ( 'NONE',  ( 0.3070064860359730807, 0.4299999999999999378, 0.03264810406954574834 ) ) ;
#5381 = DIRECTION ( 'NONE',  ( -7.760931800182568785E-16, 0.0000000000000000000, -1.000000000000000000 ) ) ;
#5382 = CARTESIAN_POINT ( 'NONE',  ( -0.1875000000000000278, -0.4506939094329985851, -0.1249999999999999861 ) ) ;
#5383 = ADVANCED_FACE ( 'NONE', ( #2516 ), #5396, .F. ) ;
#5384 = LINE ( 'NONE', #38, #200 ) ;
#5386 = EDGE_LOOP ( 'NONE', ( #2211, #2693, #2313, #1225 ) ) ;
#5385 = COLOUR_RGB ( '',1.000000000000000000, 1.000000000000000000, 1.000000000000000000 ) ;
#5387 = DIRECTION ( 'NONE',  ( 0.0000000000000000000, -1.000000000000000000, 0.0000000000000000000 ) ) ;
#5388 =( CONVERSION_BASED_UNIT ( 'INCH', #1916 ) LENGTH_UNIT ( ) NAMED_UNIT ( #5020 ) );
#5389 = CARTESIAN_POINT ( 'NONE',  ( 0.2481472813887565521, 0.4300000000000000488, 0.02074070867733431370 ) ) ;
#5390 = CARTESIAN_POINT ( 'NONE',  ( 0.3024999999999999911, -0.1900000000000000300, 0.07499999999999999722 ) ) ;
#5392 = EDGE_LOOP ( 'NONE', ( #811, #1433, #3577, #5436, #4288, #1217, #3215, #4842, #1944, #3715 ) ) ;
#5391 = FACE_OUTER_BOUND ( 'NONE', #1134, .T. ) ;
#5393 = CARTESIAN_POINT ( 'NONE',  ( 0.3212869642820717631, 0.4299999999999999933, -0.03933670585193680541 ) ) ;
#5394 = AXIS2_PLACEMENT_3D ( 'NONE', #821, #4280, #1680 ) ;
#5395 = CARTESIAN_POINT ( 'NONE',  ( 0.3674999999999999933, 0.4299999999999999933, -0.1250000000000000000 ) ) ;
#5396 = CYLINDRICAL_SURFACE ( 'NONE', #2291, 0.02500000000000002220 ) ;
#5397 = DIRECTION ( 'NONE',  ( 0.0000000000000000000, 0.0000000000000000000, -1.000000000000000000 ) ) ;
#5398 = EDGE_CURVE ( 'NONE', #4792, #3714, #5126, .T. ) ;
#5399 = B_SPLINE_CURVE_WITH_KNOTS ( 'NONE', 3,
 ( #1070, #1555, #3684, #4939, #5426, #2361, #1967, #2416, #2826, #3301, #2863, #2436, #274, #648, #1520, #3725, #2395, #4958, #729 ),
 .UNSPECIFIED., .F., .F.,
 ( 4, 1, 1, 1, 1, 1, 1, 1, 1, 1, 1, 1, 1, 1, 1, 1, 4 ),
 ( 0.0000000000000000000, 0.1004750608070149875, 0.1956443031597842608, 0.2860833790699322532, 0.3729828804699543143, 0.4150256681909616496, 0.4560516735090276441, 0.4959387495188996020, 0.5355660888033514366, 0.5740871099085042006, 0.6125192874870974968, 0.6510809601344451636, 0.6895131377130385708, 0.7662374603277349872, 0.8423504388672226062, 0.9199744947371037984, 1.000000000000000000 ),
 .UNSPECIFIED. ) ;
#5400 = LINE ( 'NONE', #2927, #3124 ) ;
#5401 = DIRECTION ( 'NONE',  ( 0.0000000000000000000, 0.0000000000000000000, 1.000000000000000000 ) ) ;
#5402 = LENGTH_MEASURE_WITH_UNIT ( LENGTH_MEASURE( 0.02539999999999999897 ), #4357 );
#5403 = MECHANICAL_DESIGN_GEOMETRIC_PRESENTATION_REPRESENTATION (  '', ( #4503 ), #742 ) ;
#5404 = CARTESIAN_POINT ( 'NONE',  ( 0.2304677004916075023, 0.4299000000000001154, 0.01941081533772740647 ) ) ;
#5405 = PLANE ( 'NONE',  #398 ) ;
#5406 = CARTESIAN_POINT ( 'NONE',  ( 0.2808216085115505800, 0.4299000000000000599, 0.04601409813708170343 ) ) ;
#5407 = CARTESIAN_POINT ( 'NONE',  ( 0.2443882896929280846, 0.4299999999999999933, 0.04858111915742065884 ) ) ;
#5408 = DIRECTION ( 'NONE',  ( 0.0000000000000000000, -1.000000000000000000, 0.0000000000000000000 ) ) ;
#5409 = ADVANCED_FACE ( 'NONE', ( #1711 ), #560, .T. ) ;
#5410 = COLOUR_RGB ( '',0.7529411764705882248, 0.0000000000000000000, 0.0000000000000000000 ) ;
#5411 = EDGE_CURVE ( 'NONE', #5591, #4961, #2850, .T. ) ;
#5412 = FILL_AREA_STYLE_COLOUR ( '', #1882 ) ;
#5413 = CIRCLE ( 'NONE', #3946, 0.02500000000000002220 ) ;
#5414 =( GEOMETRIC_REPRESENTATION_CONTEXT ( 3 ) GLOBAL_UNCERTAINTY_ASSIGNED_CONTEXT ( ( #1378 ) ) GLOBAL_UNIT_ASSIGNED_CONTEXT ( ( #1663, #3861, #1264 ) ) REPRESENTATION_CONTEXT ( 'NONE', 'WORKASPACE' ) );
#5415 = AXIS2_PLACEMENT_3D ( 'NONE', #394, #1247, #2550 ) ;
#5417 = VERTEX_POINT ( 'NONE', #2708 ) ;
#5416 = CYLINDRICAL_SURFACE ( 'NONE', #5330, 0.02000000000000000389 ) ;
#5418 = CARTESIAN_POINT ( 'NONE',  ( 0.2135000000000000231, 0.01000000000000000021, -0.1050000000000000239 ) ) ;
#5419 = CARTESIAN_POINT ( 'NONE',  ( 0.3191011155140018873, 0.4299999999999999933, 0.04416775996129544690 ) ) ;
#5421 = ORIENTED_EDGE ( 'NONE', *, *, #870, .T. ) ;
#5420 = VECTOR ( 'NONE', #627, 39.37007874015748143 ) ;
#5422 =( GEOMETRIC_REPRESENTATION_CONTEXT ( 3 ) GLOBAL_UNCERTAINTY_ASSIGNED_CONTEXT ( ( #3380 ) ) GLOBAL_UNIT_ASSIGNED_CONTEXT ( ( #2216, #1401, #4407 ) ) REPRESENTATION_CONTEXT ( 'NONE', 'WORKASPACE' ) );
#5423 = CARTESIAN_POINT ( 'NONE',  ( 0.2321309316513406329, 0.4298999999999998933, 0.02854876147812348414 ) ) ;
#5424 = CARTESIAN_POINT ( 'NONE',  ( -0.4850000000000000422, -0.0000000000000000000, -0.1250000000000000000 ) ) ;
#5425 = UNCERTAINTY_MEASURE_WITH_UNIT (LENGTH_MEASURE( 1.000000000000000082E-05 ), #919, 'distance_accuracy_value', 'NONE');
#5426 = CARTESIAN_POINT ( 'NONE',  ( 0.2958181610513328508, 0.4299000000000000599, -0.06299522212056704595 ) ) ;
#5427 = CARTESIAN_POINT ( 'NONE',  ( 0.2308525824933463366, 0.4299999999999999378, 0.02254288333708806893 ) ) ;
#5428 = ORIENTED_EDGE ( 'NONE', *, *, #4421, .T. ) ;
#5429 = DIRECTION ( 'NONE',  ( -0.0000000000000000000, 1.000000000000000000, -0.0000000000000000000 ) ) ;
#5430 = EDGE_CURVE ( 'NONE', #4144, #4792, #2926, .T. ) ;
#5431 = CARTESIAN_POINT ( 'NONE',  ( 0.2755262547173795706, 0.4298999999999999488, -0.06528216402680757369 ) ) ;
#5432 = CARTESIAN_POINT ( 'NONE',  ( 0.2466159663857717399, 0.4298999999999999488, 0.05045811773890491320 ) ) ;
#5433 = CARTESIAN_POINT ( 'NONE',  ( 0.2523148632849460671, 0.4298999999999998933, -0.03358740015862231310 ) ) ;
#5434 = CARTESIAN_POINT ( 'NONE',  ( -0.2665000000000000147, -1.046568542494923815, -0.02999999999999999889 ) ) ;
#5435 = VERTEX_POINT ( 'NONE', #937 ) ;
#5436 = ORIENTED_EDGE ( 'NONE', *, *, #1427, .T. ) ;
#5437 = EDGE_LOOP ( 'NONE', ( #3787, #4114, #5233, #1303 ) ) ;
#5438 = SURFACE_STYLE_USAGE ( .BOTH. , #4587 ) ;
#5439 = DIRECTION ( 'NONE',  ( 0.0000000000000000000, -1.000000000000000000, 0.0000000000000000000 ) ) ;
#5440 = AXIS2_PLACEMENT_3D ( 'NONE', #1913, #4905, #2772 ) ;
#5441 = ORIENTED_EDGE ( 'NONE', *, *, #4863, .F. ) ;
#5442 = VERTEX_POINT ( 'NONE', #2303 ) ;
#5443 = VERTEX_POINT ( 'NONE', #1870 ) ;
#5444 = CARTESIAN_POINT ( 'NONE',  ( 0.2313760650413360931, 0.4300000000000000488, 0.02559205648479012316 ) ) ;
#5445 = CARTESIAN_POINT ( 'NONE',  ( 0.3087158682444395841, 0.4298999999999998933, 0.02378607308005744811 ) ) ;
#5446 = DIRECTION ( 'NONE',  ( -0.0000000000000000000, 1.000000000000000000, -0.0000000000000000000 ) ) ;
#5447 = EDGE_LOOP ( 'NONE', ( #28, #2739, #4016, #4203 ) ) ;
#5448 = EDGE_CURVE ( 'NONE', #3994, #5506, #981, .T. ) ;
#5449 = PRESENTATION_LAYER_ASSIGNMENT (  '', '', ( #1822 ) ) ;
#5450 = DIRECTION ( 'NONE',  ( 0.0000000000000000000, -1.000000000000000000, 0.0000000000000000000 ) ) ;
#5451 = VECTOR ( 'NONE', #16, 39.37007874015748143 ) ;
#5452 = CARTESIAN_POINT ( 'NONE',  ( 0.2430779440658194512, 0.4298999999999999488, -0.05283701942486693226 ) ) ;
#5453 = CARTESIAN_POINT ( 'NONE',  ( 0.3220551454442329153, 0.4300000000000001044, 0.008494111624391146795 ) ) ;
#5454 = CARTESIAN_POINT ( 'NONE',  ( 0.2546718468999320528, 0.4299000000000000599, -0.04158120904395345985 ) ) ;
#5455 = EDGE_LOOP ( 'NONE', ( #3229, #1235, #1206, #2683 ) ) ;
#5456 = CARTESIAN_POINT ( 'NONE',  ( 0.2957205740472744204, 0.4299000000000000599, 0.008154062359625562084 ) ) ;
#5457 = DIRECTION ( 'NONE',  ( 0.0000000000000000000, 0.0000000000000000000, -1.000000000000000000 ) ) ;
#5458 = CARTESIAN_POINT ( 'NONE',  ( 0.2351766515921771827, 0.4298999999999998933, -0.02777448015799850040 ) ) ;
#5459 = DIRECTION ( 'NONE',  ( 0.0000000000000000000, 0.0000000000000000000, 1.000000000000000000 ) ) ;
#5460 = CARTESIAN_POINT ( 'NONE',  ( 0.3038794072953994174, 0.4299999999999999378, 0.05583306171446561494 ) ) ;
#5461 =( GEOMETRIC_REPRESENTATION_CONTEXT ( 3 ) GLOBAL_UNCERTAINTY_ASSIGNED_CONTEXT ( ( #119 ) ) GLOBAL_UNIT_ASSIGNED_CONTEXT ( ( #802, #1162, #4186 ) ) REPRESENTATION_CONTEXT ( 'NONE', 'WORKASPACE' ) );
#5462 = VERTEX_POINT ( 'NONE', #5289 ) ;
#5463 = FILL_AREA_STYLE_COLOUR ( '', #1133 ) ;
#5464 = CARTESIAN_POINT ( 'NONE',  ( 0.2360999668518814765, 0.4300000000000000488, -0.02385703761293320874 ) ) ;
#5465 = PLANE ( 'NONE',  #992 ) ;
#5466 = CARTESIAN_POINT ( 'NONE',  ( 0.2330221022414468157, 0.4299999999999999933, 0.03143766686717563291 ) ) ;
#5467 = LINE ( 'NONE', #135, #2115 ) ;
#5468 = DIMENSIONAL_EXPONENTS ( 1.000000000000000000, 0.0000000000000000000, 0.0000000000000000000, 0.0000000000000000000, 0.0000000000000000000, 0.0000000000000000000, 0.0000000000000000000 ) ;
#5469 = AXIS2_PLACEMENT_3D ( 'NONE', #1163, #2885, #772 ) ;
#5470 = CARTESIAN_POINT ( 'NONE',  ( 0.2378862068210394476, 0.4298999999999999488, -0.04505667917544848439 ) ) ;
#5471 = CARTESIAN_POINT ( 'NONE',  ( 0.3047873787318431948, 0.4300000000000000488, -0.005740203197538019941 ) ) ;
#5472 = CARTESIAN_POINT ( 'NONE',  ( 0.2781995866162833564, 0.4298999999999999488, -0.05122125588553710224 ) ) ;
#5473 = CARTESIAN_POINT ( 'NONE',  ( 0.2943159688933226770, 0.4299999999999999933, 0.007577658757349115849 ) ) ;
#5474 = AXIS2_PLACEMENT_3D ( 'NONE', #1226, #1151, #3800 ) ;
#5475 = B_SPLINE_CURVE_WITH_KNOTS ( 'NONE', 3,
 ( #4389, #3553, #2223, #979, #2200, #1406, #43, #3495, #924, #3046, #4818, #2242, #2673, #2183, #5196, #5213, #448, #3536, #1384 ),
 .UNSPECIFIED., .F., .F.,
 ( 4, 1, 1, 1, 1, 1, 1, 1, 1, 1, 1, 1, 1, 1, 1, 1, 4 ),
 ( 0.0000000000000000000, 0.07493130598184481739, 0.1470775964339467445, 0.2163644561730687088, 0.2825027309006232223, 0.3466877108244154071, 0.4088355551310374758, 0.4692619872876919174, 0.5284320432534619361, 0.5870013379727403446, 0.6444163938320657259, 0.7021887902662961034, 0.7597671795443334819, 0.8184897928274490475, 0.8776328274167841670, 0.9380195662701678039, 1.000000000000000000 ),
 .UNSPECIFIED. ) ;
#5476 = CARTESIAN_POINT ( 'NONE',  ( -0.3674999999999999933, 0.01000000000000000021, -0.1050000000000002320 ) ) ;
#5477 = DIRECTION ( 'NONE',  ( 0.0000000000000000000, 0.0000000000000000000, -1.000000000000000000 ) ) ;
#5478 = LINE ( 'NONE', #2060, #3197 ) ;
#5479 = EDGE_CURVE ( 'NONE', #2627, #5040, #1979, .T. ) ;
#5480 = FACE_OUTER_BOUND ( 'NONE', #1484, .T. ) ;
#5481 = AXIS2_PLACEMENT_3D ( 'NONE', #5146, #5588, #1358 ) ;
#5482 = CARTESIAN_POINT ( 'NONE',  ( -0.2665000000000000147, -0.5900000000000000799, -0.07000000000000000666 ) ) ;
#5483 = PRESENTATION_STYLE_ASSIGNMENT (( #2783 ) ) ;
#5484 =( CONVERSION_BASED_UNIT ( 'INCH', #1198 ) LENGTH_UNIT ( ) NAMED_UNIT ( #4698 ) );
#5485 = CARTESIAN_POINT ( 'NONE',  ( 0.2451473424622122588, 0.4299000000000000599, -0.01036072082732790965 ) ) ;
#5486 = CARTESIAN_POINT ( 'NONE',  ( 0.3056205445677224741, 0.4298999999999999488, -0.02926488562236512908 ) ) ;
#5487 = VECTOR ( 'NONE', #2990, 39.37007874015748143 ) ;
#5488 = CARTESIAN_POINT ( 'NONE',  ( 0.2447692762975733072, 0.4298999999999999488, -0.05453933808637077829 ) ) ;
#5489 = EDGE_CURVE ( 'NONE', #5597, #677, #637, .T. ) ;
#5490 = ORIENTED_EDGE ( 'NONE', *, *, #1310, .T. ) ;
#5491 = CARTESIAN_POINT ( 'NONE',  ( 0.3015636353135244807, 0.4299000000000000599, 0.03975099452478284695 ) ) ;
#5492 = CIRCLE ( 'NONE', #592, 0.02000000000000000389 ) ;
#5493 = FILL_AREA_STYLE_COLOUR ( '', #3759 ) ;
#5495 = ORIENTED_EDGE ( 'NONE', *, *, #850, .T. ) ;
#5494 = FACE_OUTER_BOUND ( 'NONE', #125, .T. ) ;
#5496 = DIMENSIONAL_EXPONENTS ( 1.000000000000000000, 0.0000000000000000000, 0.0000000000000000000, 0.0000000000000000000, 0.0000000000000000000, 0.0000000000000000000, 0.0000000000000000000 ) ;
#5497 = ORIENTED_EDGE ( 'NONE', *, *, #4553, .F. ) ;
#5498 = ORIENTED_EDGE ( 'NONE', *, *, #3025, .T. ) ;
#5499 = CARTESIAN_POINT ( 'NONE',  ( -0.4850000000000000422, 0.1000000000000000056, -0.1250000000000000000 ) ) ;
#5500 = ORIENTED_EDGE ( 'NONE', *, *, #3799, .F. ) ;
#5501 =( LENGTH_UNIT ( ) NAMED_UNIT ( * ) SI_UNIT ( $, .METRE. ) );
#5502 = CARTESIAN_POINT ( 'NONE',  ( 0.3024999999999999911, -0.1900000000000000300, -0.07499999999999999722 ) ) ;
#5503 = ORIENTED_EDGE ( 'NONE', *, *, #1886, .T. ) ;
#5504 = EDGE_CURVE ( 'NONE', #2379, #2023, #209, .T. ) ;
#5505 = CARTESIAN_POINT ( 'NONE',  ( 0.2666225322901720207, 0.4298999999999998933, 0.05889666197663265268 ) ) ;
#5506 = VERTEX_POINT ( 'NONE', #1033 ) ;
#5507 = DIRECTION ( 'NONE',  ( 0.0000000000000000000, 0.0000000000000000000, -1.000000000000000000 ) ) ;
#5508 = ORIENTED_EDGE ( 'NONE', *, *, #1777, .F. ) ;
#5509 = DIRECTION ( 'NONE',  ( -0.0000000000000000000, 1.000000000000000000, -0.0000000000000000000 ) ) ;
#5510 = CARTESIAN_POINT ( 'NONE',  ( -0.2345159808915411315, 0.4298999999999999488, -0.06374447052539027048 ) ) ;
#5511 = B_SPLINE_CURVE_WITH_KNOTS ( 'NONE', 3,
 ( #3793, #1616, #3773, #4630, #2905, #1197, #2046, #2057, #5038, #2485, #295, #2925, #3748, #4234, #2024, #4187, #1640, #4643, #3321, #2468, #5466, #1593, #275, #5427, #4211, #4609, #2865 ),
 .UNSPECIFIED., .F., .F.,
 ( 4, 1, 1, 1, 1, 1, 1, 1, 1, 1, 1, 1, 1, 1, 1, 1, 1, 1, 1, 1, 1, 1, 1, 1, 4 ),
 ( 0.0000000000000000000, 0.05249258492129613846, 0.1028254751380328624, 0.1513973394924577054, 0.1980330772483326895, 0.2428758954632246059, 0.2859991683849090194, 0.3278486614843788005, 0.3683945968796917270, 0.4078519911389199559, 0.4468375528599375923, 0.4851660451611077285, 0.5233414044713740054, 0.5616022144094737767, 0.5999198855663566698, 0.6384964264110082333, 0.6777905770472509861, 0.7172899891758323099, 0.7566052415928193886, 0.7960678905323558263, 0.8358862309537687940, 0.8757136832726162279, 0.9162634539474127093, 0.9577596754778293642, 1.000000000000000000 ),
 .UNSPECIFIED. ) ;
#5512 = CARTESIAN_POINT ( 'NONE',  ( 0.3040184609981263497, 0.4299999999999997713, -0.03664048370714668990 ) ) ;
#5514 = VERTEX_POINT ( 'NONE', #3611 ) ;
#5513 = ORIENTED_EDGE ( 'NONE', *, *, #715, .T. ) ;
#5515 = CARTESIAN_POINT ( 'NONE',  ( -0.3674999999999999933, -0.0000000000000000000, -0.1050000000000002320 ) ) ;
#5516 = CARTESIAN_POINT ( 'NONE',  ( -0.3024999999999999911, -0.5900000000000000799, 0.07499999999999999722 ) ) ;
#5517 = PRESENTATION_LAYER_ASSIGNMENT (  '', '', ( #626 ) ) ;
#5518 = EDGE_LOOP ( 'NONE', ( #1952, #1293, #4585, #3444 ) ) ;
#5519 =( GEOMETRIC_REPRESENTATION_CONTEXT ( 3 ) GLOBAL_UNCERTAINTY_ASSIGNED_CONTEXT ( ( #4231 ) ) GLOBAL_UNIT_ASSIGNED_CONTEXT ( ( #1444, #4465, #2732 ) ) REPRESENTATION_CONTEXT ( 'NONE', 'WORKASPACE' ) );
#5520 =( LENGTH_UNIT ( ) NAMED_UNIT ( * ) SI_UNIT ( $, .METRE. ) );
#5521 = CARTESIAN_POINT ( 'NONE',  ( 0.2488877195822326582, 0.4298999999999998933, -0.007676291338189043627 ) ) ;
#5522 = EDGE_CURVE ( 'NONE', #2514, #4191, #1780, .T. ) ;
#5523 = DIRECTION ( 'NONE',  ( 0.0000000000000000000, 0.0000000000000000000, 1.000000000000000000 ) ) ;
#5525 = ORIENTED_EDGE ( 'NONE', *, *, #5226, .F. ) ;
#5524 = LINE ( 'NONE', #1097, #831 ) ;
#5526 = CARTESIAN_POINT ( 'NONE',  ( 0.2710500965888381075, 0.4299999999999998268, -0.01562738953154099025 ) ) ;
#5527 = DIRECTION ( 'NONE',  ( 0.0000000000000000000, -0.0000000000000000000, -1.000000000000000000 ) ) ;
#5528 = CARTESIAN_POINT ( 'NONE',  ( 0.2537323785873031867, 0.4299000000000000599, -0.005087967422787659580 ) ) ;
#5529 = CARTESIAN_POINT ( 'NONE',  ( 0.2888015476471353371, 0.4299000000000001154, 0.04533908285656011034 ) ) ;
#5530 = PRESENTATION_STYLE_ASSIGNMENT (( #37 ) ) ;
#5531 = UNCERTAINTY_MEASURE_WITH_UNIT (LENGTH_MEASURE( 1.000000000000000082E-05 ), #1983, 'distance_accuracy_value', 'NONE');
#5532 = ADVANCED_FACE ( 'NONE', ( #5329 ), #1551, .T. ) ;
#5533 = CARTESIAN_POINT ( 'NONE',  ( 0.3020857213703364019, 0.4299999999999999933, -0.04076118286137016267 ) ) ;
#5534 = CARTESIAN_POINT ( 'NONE',  ( 0.2274999999999999523, -0.1849999999999999978, 0.02500000000000002220 ) ) ;
#5535 = PRESENTATION_LAYER_ASSIGNMENT (  '', '', ( #2771 ) ) ;
#5536 = LINE ( 'NONE', #1614, #4423 ) ;
#5537 = PRESENTATION_STYLE_ASSIGNMENT (( #2383 ) ) ;
#5538 = EDGE_CURVE ( 'NONE', #1230, #4840, #777, .T. ) ;
#5539 = CARTESIAN_POINT ( 'NONE',  ( 0.2749423747901360016, 0.4300000000000000488, -0.01453226282979001166 ) ) ;
#5540 = LINE ( 'NONE', #5022, #719 ) ;
#5541 = CARTESIAN_POINT ( 'NONE',  ( 0.2572269919808961580, 0.4298999999999999488, -0.003542988528237960271 ) ) ;
#5542 = CARTESIAN_POINT ( 'NONE',  ( 0.2685005235684607694, 0.4299000000000000599, 0.0002780483268586264600 ) ) ;
#5543 = PLANE ( 'NONE',  #25 ) ;
#5544 =( GEOMETRIC_REPRESENTATION_CONTEXT ( 3 ) GLOBAL_UNCERTAINTY_ASSIGNED_CONTEXT ( ( #1544 ) ) GLOBAL_UNIT_ASSIGNED_CONTEXT ( ( #1670, #860, #3875 ) ) REPRESENTATION_CONTEXT ( 'NONE', 'WORKASPACE' ) );
#5545 = B_SPLINE_CURVE_WITH_KNOTS ( 'NONE', 3,
 ( #2577, #3948, #5155, #5574, #3904, #4364, #2589, #3004, #2111, #5556, #1775 ),
 .UNSPECIFIED., .F., .F.,
 ( 4, 1, 1, 1, 1, 1, 1, 1, 4 ),
 ( 0.0000000000000000000, 0.1448052410584831917, 0.2795118010254858398, 0.4063939211311604627, 0.5275015404829169752, 0.6453932904726503716, 0.7618854106740862164, 0.8789420729184868053, 0.9999999999999998890 ),
 .UNSPECIFIED. ) ;
#5546 = SURFACE_STYLE_FILL_AREA ( #2796 ) ;
#5547 = PLANE ( 'NONE',  #1015 ) ;
#5548 = DIRECTION ( 'NONE',  ( -0.0000000000000000000, 1.000000000000000000, -0.0000000000000000000 ) ) ;
#5549 = AXIS2_PLACEMENT_3D ( 'NONE', #2713, #1926, #4485 ) ;
#5550 = DIMENSIONAL_EXPONENTS ( 1.000000000000000000, 0.0000000000000000000, 0.0000000000000000000, 0.0000000000000000000, 0.0000000000000000000, 0.0000000000000000000, 0.0000000000000000000 ) ;
#5551 = ORIENTED_EDGE ( 'NONE', *, *, #1865, .F. ) ;
#5552 = EDGE_CURVE ( 'NONE', #4840, #552, #1778, .T. ) ;
#5553 = STYLED_ITEM ( 'NONE', ( #854 ), #3990 ) ;
#5554 = SURFACE_SIDE_STYLE ('',( #838 ) ) ;
#5555 = CARTESIAN_POINT ( 'NONE',  ( -0.4850000000000000422, 0.1000000000000000056, -1.707404996040164512E-17 ) ) ;
#5556 = CARTESIAN_POINT ( 'NONE',  ( 0.2350903653758761036, 0.4300000000000000488, -0.03046833609066458212 ) ) ;
#5557 = CARTESIAN_POINT ( 'NONE',  ( 0.2834078865823752569, 0.4300000000000002709, -0.01241734875201551229 ) ) ;
#5558 = PRESENTATION_STYLE_ASSIGNMENT (( #176 ) ) ;
#5559 = PLANE ( 'NONE',  #3526 ) ;
#5560 = MECHANICAL_DESIGN_GEOMETRIC_PRESENTATION_REPRESENTATION (  '', ( #5059 ), #4989 ) ;
#5562 = ORIENTED_EDGE ( 'NONE', *, *, #1460, .T. ) ;
#5561 = CIRCLE ( 'NONE', #547, 0.01000000000000000368 ) ;
#5563 = CIRCLE ( 'NONE', #2329, 0.02500000000000002220 ) ;
#5564 = CARTESIAN_POINT ( 'NONE',  ( 0.2531065920298011251, 0.4299000000000000599, -0.005397134912175958511 ) ) ;
#5565 = CARTESIAN_POINT ( 'NONE',  ( -0.2665000000000000147, -0.1849999999999999978, 0.05000000000000000278 ) ) ;
#5566 = CARTESIAN_POINT ( 'NONE',  ( 0.2550574513893896222, 0.4299999999999998268, -0.004433320200717187805 ) ) ;
#5567 = CARTESIAN_POINT ( 'NONE',  ( 0.5000000000000000000, 0.1000000000000000056, -9.092702177131151783E-17 ) ) ;
#5568 = VERTEX_POINT ( 'NONE', #4017 ) ;
#5569 = CARTESIAN_POINT ( 'NONE',  ( 0.3052964512123237384, 0.4300000000000000488, -0.03185480215519485153 ) ) ;
#5570 = ORIENTED_EDGE ( 'NONE', *, *, #3308, .T. ) ;
#5571 = ORIENTED_EDGE ( 'NONE', *, *, #4118, .T. ) ;
#5572 =( CONVERSION_BASED_UNIT ( 'INCH', #2051 ) LENGTH_UNIT ( ) NAMED_UNIT ( #4316 ) );
#5573 = DIRECTION ( 'NONE',  ( 0.0000000000000000000, -1.000000000000000000, 0.0000000000000000000 ) ) ;
#5574 = CARTESIAN_POINT ( 'NONE',  ( 0.2451473424622122588, 0.4300000000000000488, -0.01036072082732790965 ) ) ;
#5575 = CARTESIAN_POINT ( 'NONE',  ( 0.2571091302823935720, 0.4298999999999998933, -0.02179638115090379302 ) ) ;
#5576 = AXIS2_PLACEMENT_3D ( 'NONE', #3130, #567, #1945 ) ;
#5577 = EDGE_LOOP ( 'NONE', ( #5094, #1084, #4469, #4273 ) ) ;
#5578 = ORIENTED_EDGE ( 'NONE', *, *, #1597, .T. ) ;
#5579 = DIMENSIONAL_EXPONENTS ( 1.000000000000000000, 0.0000000000000000000, 0.0000000000000000000, 0.0000000000000000000, 0.0000000000000000000, 0.0000000000000000000, 0.0000000000000000000 ) ;
#5580 = EDGE_CURVE ( 'NONE', #133, #4658, #1564, .T. ) ;
#5581 = CARTESIAN_POINT ( 'NONE',  ( -0.3024999999999999911, -0.5900000000000000799, 0.07499999999999999722 ) ) ;
#5582 = ORIENTED_EDGE ( 'NONE', *, *, #3874, .T. ) ;
#5583 = CARTESIAN_POINT ( 'NONE',  ( 0.2756334967288451288, 0.4299999999999999378, 0.002220381865103911254 ) ) ;
#5584 = AXIS2_PLACEMENT_3D ( 'NONE', #4265, #774, #4237 ) ;
#5585 = ADVANCED_FACE ( 'NONE', ( #4552 ), #4522, .T. ) ;
#5586 = CARTESIAN_POINT ( 'NONE',  ( 0.2960662023433613954, 0.4300000000000000488, -0.04700505581754148982 ) ) ;
#5587 = DIRECTION ( 'NONE',  ( 0.0000000000000000000, 0.0000000000000000000, 1.000000000000000000 ) ) ;
#5588 = DIRECTION ( 'NONE',  ( 0.0000000000000000000, -1.000000000000000000, 0.0000000000000000000 ) ) ;
#5589 = ORIENTED_EDGE ( 'NONE', *, *, #139, .T. ) ;
#5590 = AXIS2_PLACEMENT_3D ( 'NONE', #2644, #5168, #2173 ) ;
#5591 = VERTEX_POINT ( 'NONE', #5313 ) ;
#5592 = FILL_AREA_STYLE_COLOUR ( '', #1655 ) ;
#5593 = CARTESIAN_POINT ( 'NONE',  ( -0.1874999999999999722, -0.1900000000000000300, 0.07499999999999984457 ) ) ;
#5594 = CARTESIAN_POINT ( 'NONE',  ( 0.2815812597148523166, 0.4299000000000000599, 0.06012890759197796892 ) ) ;
#5595 = CARTESIAN_POINT ( 'NONE',  ( 0.2619639604115195919, 0.4298999999999999488, -0.01886527949669364670 ) ) ;
#5597 = VERTEX_POINT ( 'NONE', #5332 ) ;
#5596 = LINE ( 'NONE', #1109, #147 ) ;
#5598 = STYLED_ITEM ( 'NONE', ( #1720 ), #1316 ) ;
#5599 = UNCERTAINTY_MEASURE_WITH_UNIT (LENGTH_MEASURE( 1.000000000000000082E-05 ), #2105, 'distance_accuracy_value', 'NONE');
ENDSEC;
END-ISO-10303-21;
