ISO-10303-21;
HEADER;
FILE_DESCRIPTION (( 'STEP AP214' ),
    '1' );
FILE_NAME ('SM02B-NSHSS.STEP',
    '2019-05-16T02:10:05',
    ( '' ),
    ( '' ),
    'SwSTEP 2.0',
    'SolidWorks 2017',
    '' );
FILE_SCHEMA (( 'AUTOMOTIVE_DESIGN' ));
ENDSEC;

DATA;
#1 = CARTESIAN_POINT ( 'NONE',  ( -0.6999999999999988500, -2.100000000000000100, -1.799999999999999600 ) ) ;
#2 = FACE_OUTER_BOUND ( 'NONE', #3056, .T. ) ;
#3 = DIRECTION ( 'NONE',  ( -0.0000000000000000000, -0.0000000000000000000, 1.000000000000000000 ) ) ;
#4 = VERTEX_POINT ( 'NONE', #2038 ) ;
#5 = DIRECTION ( 'NONE',  ( -1.000000000000000000, 0.0000000000000000000, -0.0000000000000000000 ) ) ;
#6 = ADVANCED_FACE ( 'NONE', ( #1976 ), #2194, .F. ) ;
#7 = SURFACE_STYLE_FILL_AREA ( #432 ) ;
#8 = ORIENTED_EDGE ( 'NONE', *, *, #1187, .F. ) ;
#9 = ORIENTED_EDGE ( 'NONE', *, *, #481, .F. ) ;
#10 = ORIENTED_EDGE ( 'NONE', *, *, #863, .F. ) ;
#11 = LINE ( 'NONE', #1101, #2976 ) ;
#12 = PLANE ( 'NONE',  #2718 ) ;
#13 = ADVANCED_FACE ( 'NONE', ( #2624 ), #2014, .F. ) ;
#14 = ORIENTED_EDGE ( 'NONE', *, *, #518, .F. ) ;
#15 = VECTOR ( 'NONE', #2032, 1000.000000000000000 ) ;
#16 = DIRECTION ( 'NONE',  ( 0.0000000000000000000, 0.7071067811865511300, 0.7071067811865440200 ) ) ;
#17 = CARTESIAN_POINT ( 'NONE',  ( -2.850000000000000100, -3.650000000000000400, -0.3999999999999997400 ) ) ;
#18 = EDGE_CURVE ( 'NONE', #1401, #917, #1299, .T. ) ;
#19 = ORIENTED_EDGE ( 'NONE', *, *, #1026, .T. ) ;
#20 = FACE_OUTER_BOUND ( 'NONE', #127, .T. ) ;
#21 = CARTESIAN_POINT ( 'NONE',  ( -0.7499999999999997800, -3.649999999999999900, -2.600000000000000100 ) ) ;
#22 = VERTEX_POINT ( 'NONE', #250 ) ;
#23 = VECTOR ( 'NONE', #1498, 1000.000000000000000 ) ;
#24 = EDGE_CURVE ( 'NONE', #573, #485, #635, .T. ) ;
#25 = DIRECTION ( 'NONE',  ( 0.0000000000000000000, 6.672013369141566200E-016, 1.000000000000000000 ) ) ;
#26 = ORIENTED_EDGE ( 'NONE', *, *, #349, .T. ) ;
#27 = AXIS2_PLACEMENT_3D ( 'NONE', #2400, #2643, #1149 ) ;
#28 = SURFACE_STYLE_USAGE ( .BOTH. , #1517 ) ;
#29 = FACE_OUTER_BOUND ( 'NONE', #1035, .T. ) ;
#30 = CARTESIAN_POINT ( 'NONE',  ( -1.600000000000000100, -3.449999999999999300, -3.950000000000002000 ) ) ;
#31 = DIRECTION ( 'NONE',  ( 0.0000000000000000000, 0.0000000000000000000, 1.000000000000000000 ) ) ;
#32 = CARTESIAN_POINT ( 'NONE',  ( -3.600000000000000500, -4.200000000000003700, -4.050000000000002500 ) ) ;
#33 = FILL_AREA_STYLE ('',( #1533 ) ) ;
#34 = ORIENTED_EDGE ( 'NONE', *, *, #516, .F. ) ;
#35 = LINE ( 'NONE', #2112, #339 ) ;
#36 = CARTESIAN_POINT ( 'NONE',  ( -4.499999999999999100, -2.450000000000002400, 1.300000000000000300 ) ) ;
#37 = ORIENTED_EDGE ( 'NONE', *, *, #1466, .F. ) ;
#38 = EDGE_CURVE ( 'NONE', #578, #2600, #93, .T. ) ;
#39 = COLOUR_RGB ( '',0.7529411764705882200, 0.7529411764705882200, 0.7529411764705882200 ) ;
#40 = CARTESIAN_POINT ( 'NONE',  ( -3.400000000000000400, -4.400000000000000400, -3.950000000000002000 ) ) ;
#41 =( NAMED_UNIT ( * ) PLANE_ANGLE_UNIT ( ) SI_UNIT ( $, .RADIAN. ) );
#42 = FACE_OUTER_BOUND ( 'NONE', #683, .T. ) ;
#43 = FILL_AREA_STYLE ('',( #769 ) ) ;
#44 = DIRECTION ( 'NONE',  ( -1.000000000000000000, -6.195440985631457300E-016, 0.0000000000000000000 ) ) ;
#45 = EDGE_CURVE ( 'NONE', #1031, #2378, #3053, .T. ) ;
#46 = DIRECTION ( 'NONE',  ( -8.462065736472234800E-016, 1.000000000000000000, 0.0000000000000000000 ) ) ;
#47 = VERTEX_POINT ( 'NONE', #3017 ) ;
#48 = LINE ( 'NONE', #1914, #873 ) ;
#49 = ORIENTED_EDGE ( 'NONE', *, *, #860, .F. ) ;
#50 = DIRECTION ( 'NONE',  ( 0.0000000000000000000, 1.000000000000000000, -6.672013369141566200E-016 ) ) ;
#51 = FACE_OUTER_BOUND ( 'NONE', #2614, .T. ) ;
#52 = DIRECTION ( 'NONE',  ( 3.336006684570783600E-016, 1.000000000000000000, 0.0000000000000000000 ) ) ;
#53 = STYLED_ITEM ( 'NONE', ( #1885 ), #1737 ) ;
#54 = ORIENTED_EDGE ( 'NONE', *, *, #626, .T. ) ;
#55 = CARTESIAN_POINT ( 'NONE',  ( -0.7499999999999997800, -4.000000000000000900, -0.3999999999999997400 ) ) ;
#56 = CARTESIAN_POINT ( 'NONE',  ( -0.7499999999999997800, -3.649999999999999900, 1.950000000000000400 ) ) ;
#57 = VERTEX_POINT ( 'NONE', #1277 ) ;
#58 =( LENGTH_UNIT ( ) NAMED_UNIT ( * ) SI_UNIT ( .MILLI., .METRE. ) );
#59 = LINE ( 'NONE', #2120, #1869 ) ;
#60 = LINE ( 'NONE', #2424, #2633 ) ;
#61 = DIRECTION ( 'NONE',  ( -1.000000000000000000, -8.462065736472234800E-016, -0.0000000000000000000 ) ) ;
#62 = ORIENTED_EDGE ( 'NONE', *, *, #2873, .F. ) ;
#63 = SURFACE_STYLE_USAGE ( .BOTH. , #1568 ) ;
#64 = FACE_OUTER_BOUND ( 'NONE', #1147, .T. ) ;
#65 = ORIENTED_EDGE ( 'NONE', *, *, #1297, .T. ) ;
#66 = CARTESIAN_POINT ( 'NONE',  ( -0.5000000000000000000, -0.6500000000000001300, -3.449999999999999700 ) ) ;
#67 = LINE ( 'NONE', #2673, #1629 ) ;
#68 = CARTESIAN_POINT ( 'NONE',  ( -2.049999999999999800, -1.349999999999999600, -0.6099999999999998800 ) ) ;
#69 = DIRECTION ( 'NONE',  ( -0.0000000000000000000, -0.0000000000000000000, 1.000000000000000000 ) ) ;
#70 = CARTESIAN_POINT ( 'NONE',  ( -4.249999999999999100, -3.650000000000000400, -0.3999999999999997400 ) ) ;
#71 = DIRECTION ( 'NONE',  ( 0.0000000000000000000, 0.0000000000000000000, -1.000000000000000000 ) ) ;
#72 = EDGE_CURVE ( 'NONE', #634, #1867, #748, .T. ) ;
#73 = DIRECTION ( 'NONE',  ( 1.000000000000000000, -0.0000000000000000000, -0.0000000000000000000 ) ) ;
#74 = EDGE_CURVE ( 'NONE', #1867, #512, #2746, .T. ) ;
#75 = DIRECTION ( 'NONE',  ( 1.000000000000000000, 0.0000000000000000000, -0.0000000000000000000 ) ) ;
#76 = LINE ( 'NONE', #2982, #2312 ) ;
#77 = ORIENTED_EDGE ( 'NONE', *, *, #2028, .F. ) ;
#78 = CARTESIAN_POINT ( 'NONE',  ( -5.000000000000000000, -2.348191641344310200E-015, -2.149999999999999900 ) ) ;
#79 = CARTESIAN_POINT ( 'NONE',  ( -0.7499999999999997800, -2.100000000000000100, -2.600000000000000100 ) ) ;
#80 = LINE ( 'NONE', #2495, #696 ) ;
#81 = AXIS2_PLACEMENT_3D ( 'NONE', #276, #2023, #506 ) ;
#82 = FILL_AREA_STYLE ('',( #1319 ) ) ;
#83 = VERTEX_POINT ( 'NONE', #1040 ) ;
#84 = DIRECTION ( 'NONE',  ( 0.0000000000000000000, -1.000000000000000000, 1.057758217059029100E-016 ) ) ;
#85 = DIRECTION ( 'NONE',  ( -1.000000000000000000, -8.462065736472234800E-016, -0.0000000000000000000 ) ) ;
#86 = VECTOR ( 'NONE', #356, 1000.000000000000000 ) ;
#87 = EDGE_LOOP ( 'NONE', ( #223, #413, #2675, #447 ) ) ;
#88 = ORIENTED_EDGE ( 'NONE', *, *, #2088, .F. ) ;
#89 = DIRECTION ( 'NONE',  ( 1.000000000000000000, 0.0000000000000000000, 0.0000000000000000000 ) ) ;
#90 = LINE ( 'NONE', #666, #903 ) ;
#91 =( LENGTH_UNIT ( ) NAMED_UNIT ( * ) SI_UNIT ( .MILLI., .METRE. ) );
#92 = CARTESIAN_POINT ( 'NONE',  ( -0.5000000000000000000, -3.750000000000001300, 1.950000000000000400 ) ) ;
#93 = LINE ( 'NONE', #2999, #312 ) ;
#94 = VECTOR ( 'NONE', #621, 1000.000000000000000 ) ;
#95 = CARTESIAN_POINT ( 'NONE',  ( -4.500000000000000900, -1.925088354520698200E-015, -2.149999999999999900 ) ) ;
#96 = DIRECTION ( 'NONE',  ( -8.462065736472233800E-016, 1.000000000000000000, -1.057758217059028900E-016 ) ) ;
#97 = PLANE ( 'NONE',  #2027 ) ;
#98 = ORIENTED_EDGE ( 'NONE', *, *, #2433, .T. ) ;
#99 = COLOUR_RGB ( '',0.7529411764705882200, 0.7529411764705882200, 0.7529411764705882200 ) ;
#100 = EDGE_CURVE ( 'NONE', #2731, #948, #1650, .T. ) ;
#101 = SURFACE_STYLE_FILL_AREA ( #2534 ) ;
#102 = VERTEX_POINT ( 'NONE', #2024 ) ;
#103 = SURFACE_STYLE_FILL_AREA ( #2556 ) ;
#104 = DIRECTION ( 'NONE',  ( 1.000000000000000000, -0.0000000000000000000, -0.0000000000000000000 ) ) ;
#105 = MECHANICAL_DESIGN_GEOMETRIC_PRESENTATION_REPRESENTATION (  '', ( #2665 ), #1607 ) ;
#106 = ORIENTED_EDGE ( 'NONE', *, *, #1660, .T. ) ;
#107 = VECTOR ( 'NONE', #2099, 1000.000000000000000 ) ;
#108 = DIRECTION ( 'NONE',  ( -1.000000000000000000, 0.0000000000000000000, 0.0000000000000000000 ) ) ;
#109 = LINE ( 'NONE', #1452, #2914 ) ;
#110 = EDGE_CURVE ( 'NONE', #412, #561, #2093, .T. ) ;
#111 = CARTESIAN_POINT ( 'NONE',  ( -1.399999999999999900, -4.500000000000003600, -4.850000000000002300 ) ) ;
#112 = VERTEX_POINT ( 'NONE', #1550 ) ;
#113 = CARTESIAN_POINT ( 'NONE',  ( -4.499999999999999100, -0.6500000000000019100, -2.149999999999999900 ) ) ;
#114 = VERTEX_POINT ( 'NONE', #17 ) ;
#115 =( NAMED_UNIT ( * ) SI_UNIT ( $, .STERADIAN. ) SOLID_ANGLE_UNIT ( ) );
#116 = EDGE_CURVE ( 'NONE', #634, #102, #3207, .T. ) ;
#117 = ORIENTED_EDGE ( 'NONE', *, *, #1279, .F. ) ;
#118 = APPLICATION_PROTOCOL_DEFINITION ( 'draft international standard', 'automotive_design', 1998, #1318 ) ;
#119 = VECTOR ( 'NONE', #337, 1000.000000000000000 ) ;
#120 = VERTEX_POINT ( 'NONE', #278 ) ;
#121 = DIRECTION ( 'NONE',  ( 1.000000000000000000, 0.0000000000000000000, -0.0000000000000000000 ) ) ;
#122 = CARTESIAN_POINT ( 'NONE',  ( -1.574999999999999300, -1.800000000000000500, -4.050000000000001600 ) ) ;
#123 = DIRECTION ( 'NONE',  ( 1.000000000000000000, 0.0000000000000000000, 0.0000000000000000000 ) ) ;
#124 = PLANE ( 'NONE',  #1081 ) ;
#125 = CARTESIAN_POINT ( 'NONE',  ( -4.499999999999997300, -3.750000000000001800, -0.2599999999999997300 ) ) ;
#126 = ORIENTED_EDGE ( 'NONE', *, *, #1739, .T. ) ;
#127 = EDGE_LOOP ( 'NONE', ( #670, #486, #1282, #2876 ) ) ;
#128 = VECTOR ( 'NONE', #3130, 1000.000000000000000 ) ;
#129 = EDGE_CURVE ( 'NONE', #149, #243, #2660, .T. ) ;
#130 = EDGE_CURVE ( 'NONE', #1700, #1928, #987, .T. ) ;
#131 = ORIENTED_EDGE ( 'NONE', *, *, #1522, .F. ) ;
#132 = CARTESIAN_POINT ( 'NONE',  ( -0.7499999999999997800, -2.100000000000000100, 1.950000000000000400 ) ) ;
#133 = ORIENTED_EDGE ( 'NONE', *, *, #2111, .F. ) ;
#134 = VERTEX_POINT ( 'NONE', #598 ) ;
#135 = CARTESIAN_POINT ( 'NONE',  ( -5.000000000000000000, 8.673617379884033500E-016, -4.049999999999999800 ) ) ;
#136 = LINE ( 'NONE', #2840, #1349 ) ;
#137 = CARTESIAN_POINT ( 'NONE',  ( -5.000000000000000000, 8.673617379884033500E-016, 1.950000000000000400 ) ) ;
#138 = ORIENTED_EDGE ( 'NONE', *, *, #611, .T. ) ;
#139 = CARTESIAN_POINT ( 'NONE',  ( -4.999999999999999100, -0.6500000000000023500, -3.449999999999999700 ) ) ;
#140 = FACE_OUTER_BOUND ( 'NONE', #170, .T. ) ;
#141 =( GEOMETRIC_REPRESENTATION_CONTEXT ( 3 ) GLOBAL_UNCERTAINTY_ASSIGNED_CONTEXT ( ( #2019 ) ) GLOBAL_UNIT_ASSIGNED_CONTEXT ( ( #555, #3065, #825 ) ) REPRESENTATION_CONTEXT ( 'NONE', 'WORKASPACE' ) );
#142 = ADVANCED_FACE ( 'NONE', ( #548 ), #2563, .F. ) ;
#143 = ORIENTED_EDGE ( 'NONE', *, *, #1859, .T. ) ;
#144 = VECTOR ( 'NONE', #2091, 1000.000000000000000 ) ;
#145 = ORIENTED_EDGE ( 'NONE', *, *, #1110, .F. ) ;
#146 = STYLED_ITEM ( 'NONE', ( #2715 ), #3199 ) ;
#147 = EDGE_CURVE ( 'NONE', #2815, #134, #1340, .T. ) ;
#148 = DIRECTION ( 'NONE',  ( 1.000000000000000000, 0.0000000000000000000, 0.0000000000000000000 ) ) ;
#149 = VERTEX_POINT ( 'NONE', #2089 ) ;
#150 = CARTESIAN_POINT ( 'NONE',  ( -2.949999999999998800, -1.800000000000000500, -0.6099999999999999900 ) ) ;
#151 = ORIENTED_EDGE ( 'NONE', *, *, #38, .T. ) ;
#152 = EDGE_CURVE ( 'NONE', #3101, #609, #1413, .T. ) ;
#153 = VECTOR ( 'NONE', #1879, 1000.000000000000000 ) ;
#154 = ORIENTED_EDGE ( 'NONE', *, *, #2554, .T. ) ;
#155 = CARTESIAN_POINT ( 'NONE',  ( -0.3000000000000000400, -3.750000000000000400, -0.2599999999999996800 ) ) ;
#156 = DIRECTION ( 'NONE',  ( 1.445602896647339400E-016, -1.000000000000000000, 0.0000000000000000000 ) ) ;
#157 = ADVANCED_FACE ( 'NONE', ( #51 ), #97, .F. ) ;
#158 = VERTEX_POINT ( 'NONE', #1095 ) ;
#159 = AXIS2_PLACEMENT_3D ( 'NONE', #3217, #1999, #2212 ) ;
#160 = DIRECTION ( 'NONE',  ( 1.000000000000000000, 1.239088197126296800E-015, 0.0000000000000000000 ) ) ;
#161 = VECTOR ( 'NONE', #2767, 1000.000000000000000 ) ;
#162 = EDGE_CURVE ( 'NONE', #3211, #329, #911, .T. ) ;
#163 = LINE ( 'NONE', #2444, #2431 ) ;
#164 = UNCERTAINTY_MEASURE_WITH_UNIT (LENGTH_MEASURE( 1.000000000000000100E-005 ), #296, 'distance_accuracy_value', 'NONE');
#165 = DIRECTION ( 'NONE',  ( -0.0000000000000000000, -0.0000000000000000000, 1.000000000000000000 ) ) ;
#166 = VECTOR ( 'NONE', #1750, 1000.000000000000000 ) ;
#167 = CARTESIAN_POINT ( 'NONE',  ( -2.149999999999999500, -3.650000000000000400, -500000.0000000000600 ) ) ;
#168 = EDGE_LOOP ( 'NONE', ( #2065, #2365, #2919, #1450 ) ) ;
#169 = DIRECTION ( 'NONE',  ( 1.000000000000000000, -0.0000000000000000000, -0.0000000000000000000 ) ) ;
#170 = EDGE_LOOP ( 'NONE', ( #556, #9, #2961, #1209 ) ) ;
#171 = FACE_OUTER_BOUND ( 'NONE', #2757, .T. ) ;
#172 = FACE_OUTER_BOUND ( 'NONE', #1480, .T. ) ;
#173 = CARTESIAN_POINT ( 'NONE',  ( -2.149999999999999000, -4.000000000000000900, -0.3999999999999997400 ) ) ;
#174 = AXIS2_PLACEMENT_3D ( 'NONE', #1236, #5, #2971 ) ;
#175 = PLANE ( 'NONE',  #2384 ) ;
#176 = CARTESIAN_POINT ( 'NONE',  ( -1.600000000000000100, -4.200000000000002800, -4.850000000000002300 ) ) ;
#177 = ORIENTED_EDGE ( 'NONE', *, *, #3020, .T. ) ;
#178 = CARTESIAN_POINT ( 'NONE',  ( -3.624999999999999100, -0.6000000000000008700, -0.04999999999999969700 ) ) ;
#179 = EDGE_CURVE ( 'NONE', #1115, #398, #827, .T. ) ;
#180 = DIRECTION ( 'NONE',  ( -0.0000000000000000000, -0.0000000000000000000, 1.000000000000000000 ) ) ;
#181 = CARTESIAN_POINT ( 'NONE',  ( -3.624999999999999600, -0.3499999999999996400, 1.950000000000000400 ) ) ;
#182 = ORIENTED_EDGE ( 'NONE', *, *, #902, .T. ) ;
#183 = CARTESIAN_POINT ( 'NONE',  ( -1.375000000000000900, -0.6000000000000005300, -0.04999999999999969700 ) ) ;
#184 = CARTESIAN_POINT ( 'NONE',  ( -2.150000000000000400, -3.649999999999999900, -2.600000000000000100 ) ) ;
#185 = EDGE_CURVE ( 'NONE', #3182, #2253, #2905, .T. ) ;
#186 = ADVANCED_FACE ( 'NONE', ( #2240 ), #2067, .F. ) ;
#187 = ORIENTED_EDGE ( 'NONE', *, *, #2811, .T. ) ;
#188 = EDGE_CURVE ( 'NONE', #430, #1416, #388, .T. ) ;
#189 = LINE ( 'NONE', #462, #2777 ) ;
#190 = ORIENTED_EDGE ( 'NONE', *, *, #1968, .F. ) ;
#191 = ORIENTED_EDGE ( 'NONE', *, *, #1661, .T. ) ;
#192 = DIRECTION ( 'NONE',  ( 0.0000000000000000000, 0.0000000000000000000, -1.000000000000000000 ) ) ;
#193 = AXIS2_PLACEMENT_3D ( 'NONE', #1649, #1979, #1757 ) ;
#194 = VECTOR ( 'NONE', #3055, 1000.000000000000000 ) ;
#195 = CARTESIAN_POINT ( 'NONE',  ( -0.6999999999999988500, -2.100000000000000100, -1.799999999999999600 ) ) ;
#196 = VECTOR ( 'NONE', #2501, 1000.000000000000000 ) ;
#197 = DIRECTION ( 'NONE',  ( -8.462065736472233800E-016, 1.000000000000000000, 0.0000000000000000000 ) ) ;
#198 = PLANE ( 'NONE',  #1044 ) ;
#199 =( LENGTH_UNIT ( ) NAMED_UNIT ( * ) SI_UNIT ( .MILLI., .METRE. ) );
#200 = COLOUR_RGB ( '',0.7529411764705882200, 0.7529411764705882200, 0.7529411764705882200 ) ;
#201 = EDGE_CURVE ( 'NONE', #1536, #3005, #1500, .T. ) ;
#202 = ORIENTED_EDGE ( 'NONE', *, *, #3004, .F. ) ;
#203 = FACE_OUTER_BOUND ( 'NONE', #608, .T. ) ;
#204 = ADVANCED_FACE ( 'NONE', ( #1576 ), #338, .T. ) ;
#205 = ORIENTED_EDGE ( 'NONE', *, *, #147, .T. ) ;
#206 = CARTESIAN_POINT ( 'NONE',  ( -3.624999999999999100, -0.6000000000000008700, 1.950000000000000400 ) ) ;
#207 = ORIENTED_EDGE ( 'NONE', *, *, #2368, .F. ) ;
#208 = ORIENTED_EDGE ( 'NONE', *, *, #1136, .F. ) ;
#209 = ORIENTED_EDGE ( 'NONE', *, *, #2348, .T. ) ;
#210 = PLANE ( 'NONE',  #2650 ) ;
#211 = LINE ( 'NONE', #2692, #845 ) ;
#212 = FILL_AREA_STYLE_COLOUR ( '', #731 ) ;
#213 = ORIENTED_EDGE ( 'NONE', *, *, #129, .T. ) ;
#214 = ADVANCED_FACE ( 'NONE', ( #905 ), #1107, .F. ) ;
#215 = VECTOR ( 'NONE', #1412, 1000.000000000000000 ) ;
#216 = CARTESIAN_POINT ( 'NONE',  ( -4.299999999999998000, -1.300000000000000500, 1.950000000000000400 ) ) ;
#217 = ORIENTED_EDGE ( 'NONE', *, *, #1279, .T. ) ;
#218 = CARTESIAN_POINT ( 'NONE',  ( -2.850000000000000100, -3.150000000000000400, -2.600000000000000100 ) ) ;
#219 = EDGE_CURVE ( 'NONE', #2899, #3133, #230, .T. ) ;
#220 = ORIENTED_EDGE ( 'NONE', *, *, #201, .F. ) ;
#221 = DIRECTION ( 'NONE',  ( 0.0000000000000000000, 0.0000000000000000000, -1.000000000000000000 ) ) ;
#222 = EDGE_CURVE ( 'NONE', #1830, #2587, #1219, .T. ) ;
#223 = ORIENTED_EDGE ( 'NONE', *, *, #382, .T. ) ;
#224 = LINE ( 'NONE', #2076, #1490 ) ;
#225 =( GEOMETRIC_REPRESENTATION_CONTEXT ( 3 ) GLOBAL_UNCERTAINTY_ASSIGNED_CONTEXT ( ( #2289 ) ) GLOBAL_UNIT_ASSIGNED_CONTEXT ( ( #2869, #2127, #3122 ) ) REPRESENTATION_CONTEXT ( 'NONE', 'WORKASPACE' ) );
#226 = ADVANCED_FACE ( 'NONE', ( #2477 ), #1880, .T. ) ;
#227 = VECTOR ( 'NONE', #1389, 1000.000000000000000 ) ;
#228 = CARTESIAN_POINT ( 'NONE',  ( 0.0000000000000000000, -4.400000000000000400, 1.950000000000000000 ) ) ;
#229 = CARTESIAN_POINT ( 'NONE',  ( -4.249999999999999100, -3.650000000000000400, -2.600000000000000100 ) ) ;
#230 = LINE ( 'NONE', #2359, #2165 ) ;
#231 = LINE ( 'NONE', #341, #94 ) ;
#232 = CARTESIAN_POINT ( 'NONE',  ( -0.6999999999999988500, -2.100000000000000100, -4.173411897755956400 ) ) ;
#233 = ORIENTED_EDGE ( 'NONE', *, *, #500, .T. ) ;
#234 = VECTOR ( 'NONE', #1835, 1000.000000000000000 ) ;
#235 = CARTESIAN_POINT ( 'NONE',  ( -0.5000000000000000000, -4.400000000000000400, 1.950000000000000000 ) ) ;
#236 = VERTEX_POINT ( 'NONE', #1647 ) ;
#237 =( LENGTH_UNIT ( ) NAMED_UNIT ( * ) SI_UNIT ( .MILLI., .METRE. ) );
#238 = ORIENTED_EDGE ( 'NONE', *, *, #889, .F. ) ;
#239 = VECTOR ( 'NONE', #550, 1000.000000000000000 ) ;
#240 = LINE ( 'NONE', #1178, #2721 ) ;
#241 = ADVANCED_FACE ( 'NONE', ( #203 ), #628, .T. ) ;
#242 = DIRECTION ( 'NONE',  ( 1.734723475976798800E-015, -1.000000000000000000, 0.0000000000000000000 ) ) ;
#243 = VERTEX_POINT ( 'NONE', #132 ) ;
#244 = MECHANICAL_DESIGN_GEOMETRIC_PRESENTATION_REPRESENTATION (  '', ( #1571 ), #2506 ) ;
#245 = VECTOR ( 'NONE', #1422, 1000.000000000000000 ) ;
#246 = UNCERTAINTY_MEASURE_WITH_UNIT (LENGTH_MEASURE( 1.000000000000000100E-005 ), #1842, 'distance_accuracy_value', 'NONE');
#247 = AXIS2_PLACEMENT_3D ( 'NONE', #1120, #2415, #2458 ) ;
#248 = PLANE ( 'NONE',  #81 ) ;
#249 = ORIENTED_EDGE ( 'NONE', *, *, #2873, .T. ) ;
#250 = CARTESIAN_POINT ( 'NONE',  ( -4.649999999999999500, -2.100000000000000100, 1.950000000000000400 ) ) ;
#251 = VERTEX_POINT ( 'NONE', #2387 ) ;
#252 = EDGE_CURVE ( 'NONE', #102, #1457, #1264, .T. ) ;
#253 = ORIENTED_EDGE ( 'NONE', *, *, #537, .T. ) ;
#254 = FILL_AREA_STYLE_COLOUR ( '', #99 ) ;
#255 = APPLICATION_PROTOCOL_DEFINITION ( 'draft international standard', 'automotive_design', 1998, #3008 ) ;
#256 = ORIENTED_EDGE ( 'NONE', *, *, #1636, .T. ) ;
#257 = SURFACE_STYLE_FILL_AREA ( #664 ) ;
#258 = EDGE_CURVE ( 'NONE', #83, #2871, #1379, .T. ) ;
#259 = VECTOR ( 'NONE', #3028, 1000.000000000000000 ) ;
#260 = DIRECTION ( 'NONE',  ( -0.0000000000000000000, -0.0000000000000000000, 1.000000000000000000 ) ) ;
#261 = PLANE ( 'NONE',  #3163 ) ;
#262 = MECHANICAL_DESIGN_GEOMETRIC_PRESENTATION_REPRESENTATION (  '', ( #2798 ), #891 ) ;
#263 = CARTESIAN_POINT ( 'NONE',  ( -1.174999999999998700, -0.6000000000000005300, -4.173411897755956400 ) ) ;
#264 = ORIENTED_EDGE ( 'NONE', *, *, #3058, .F. ) ;
#265 = FACE_OUTER_BOUND ( 'NONE', #479, .T. ) ;
#266 = CARTESIAN_POINT ( 'NONE',  ( 0.0000000000000000000, -2.326752072262516500E-016, -2.149999999999999900 ) ) ;
#267 = DIRECTION ( 'NONE',  ( 0.0000000000000000000, 0.0000000000000000000, 1.000000000000000000 ) ) ;
#268 = SURFACE_STYLE_USAGE ( .BOTH. , #2789 ) ;
#269 = ORIENTED_EDGE ( 'NONE', *, *, #921, .T. ) ;
#270 = DIRECTION ( 'NONE',  ( -1.000000000000000000, -8.462065736472234800E-016, 0.0000000000000000000 ) ) ;
#271 = VERTEX_POINT ( 'NONE', #383 ) ;
#272 = VECTOR ( 'NONE', #682, 1000.000000000000000 ) ;
#273 = PLANE ( 'NONE',  #2987 ) ;
#274 = ORIENTED_EDGE ( 'NONE', *, *, #2088, .T. ) ;
#275 = SURFACE_STYLE_FILL_AREA ( #739 ) ;
#276 = CARTESIAN_POINT ( 'NONE',  ( -3.600000000000000500, -3.450000000000000200, -3.950000000000002000 ) ) ;
#277 = EDGE_CURVE ( 'NONE', #919, #2963, #352, .T. ) ;
#278 = CARTESIAN_POINT ( 'NONE',  ( -0.5000000000000000000, -2.326752072262516500E-016, -2.149999999999999900 ) ) ;
#279 = DIRECTION ( 'NONE',  ( -1.000000000000000000, 0.0000000000000000000, -0.0000000000000000000 ) ) ;
#280 = EDGE_CURVE ( 'NONE', #948, #2740, #1111, .T. ) ;
#281 = ORIENTED_EDGE ( 'NONE', *, *, #252, .F. ) ;
#282 = CARTESIAN_POINT ( 'NONE',  ( -3.425000000000000300, -0.3499999999999992000, 1.950000000000000400 ) ) ;
#283 = DIRECTION ( 'NONE',  ( 8.462065736472233800E-016, -1.000000000000000000, 0.0000000000000000000 ) ) ;
#284 = LINE ( 'NONE', #2223, #3073 ) ;
#285 = STYLED_ITEM ( 'NONE', ( #946 ), #613 ) ;
#286 = CARTESIAN_POINT ( 'NONE',  ( -4.999999999999996400, -3.750000000000002200, -0.2999999999999999300 ) ) ;
#287 = CARTESIAN_POINT ( 'NONE',  ( -4.299999999999998000, -1.300000000000000500, -1.799999999999999600 ) ) ;
#288 = ORIENTED_EDGE ( 'NONE', *, *, #1977, .F. ) ;
#289 = AXIS2_PLACEMENT_3D ( 'NONE', #2463, #963, #3203 ) ;
#290 = CARTESIAN_POINT ( 'NONE',  ( -0.6999999999999988500, -0.8000000000000001600, 1.950000000000000400 ) ) ;
#291 = ORIENTED_EDGE ( 'NONE', *, *, #2844, .T. ) ;
#292 = FACE_OUTER_BOUND ( 'NONE', #2354, .T. ) ;
#293 = CARTESIAN_POINT ( 'NONE',  ( -1.399999999999999900, -4.500000000000003600, -3.850000000000002800 ) ) ;
#294 = ORIENTED_EDGE ( 'NONE', *, *, #695, .F. ) ;
#295 = EDGE_CURVE ( 'NONE', #2717, #846, #716, .T. ) ;
#296 =( LENGTH_UNIT ( ) NAMED_UNIT ( * ) SI_UNIT ( .MILLI., .METRE. ) );
#297 = FACE_OUTER_BOUND ( 'NONE', #1808, .T. ) ;
#298 = ORIENTED_EDGE ( 'NONE', *, *, #2137, .F. ) ;
#299 =( NAMED_UNIT ( * ) SI_UNIT ( $, .STERADIAN. ) SOLID_ANGLE_UNIT ( ) );
#300 = CARTESIAN_POINT ( 'NONE',  ( -5.000000000000000000, 8.673617379884033500E-016, -4.049999999999999800 ) ) ;
#301 = LINE ( 'NONE', #1258, #259 ) ;
#302 = CARTESIAN_POINT ( 'NONE',  ( -0.5000000000000000000, -2.450000000000000600, 1.940000000000000400 ) ) ;
#303 = CARTESIAN_POINT ( 'NONE',  ( -4.699999999999997500, -2.450000000000002400, 1.940000000000000400 ) ) ;
#304 = CARTESIAN_POINT ( 'NONE',  ( -2.049999999999999800, -1.349999999999999400, -1.800000000000000000 ) ) ;
#305 = PLANE ( 'NONE',  #2755 ) ;
#306 = CARTESIAN_POINT ( 'NONE',  ( -2.149999999999999500, -3.650000000000000400, 1.950000000000000400 ) ) ;
#307 = VECTOR ( 'NONE', #73, 1000.000000000000000 ) ;
#308 = LINE ( 'NONE', #2092, #1071 ) ;
#309 = ORIENTED_EDGE ( 'NONE', *, *, #2891, .F. ) ;
#310 = SURFACE_STYLE_USAGE ( .BOTH. , #1582 ) ;
#311 = DIRECTION ( 'NONE',  ( 0.0000000000000000000, 0.0000000000000000000, 1.000000000000000000 ) ) ;
#312 = VECTOR ( 'NONE', #2780, 1000.000000000000000 ) ;
#313 =( LENGTH_UNIT ( ) NAMED_UNIT ( * ) SI_UNIT ( .MILLI., .METRE. ) );
#314 = STYLED_ITEM ( 'NONE', ( #2573 ), #2177 ) ;
#315 = ORIENTED_EDGE ( 'NONE', *, *, #349, .F. ) ;
#316 = ORIENTED_EDGE ( 'NONE', *, *, #2671, .F. ) ;
#317 = EDGE_CURVE ( 'NONE', #892, #1755, #950, .T. ) ;
#318 = VECTOR ( 'NONE', #2792, 1000.000000000000000 ) ;
#319 = DIRECTION ( 'NONE',  ( -0.0000000000000000000, -0.0000000000000000000, 1.000000000000000000 ) ) ;
#320 = ORIENTED_EDGE ( 'NONE', *, *, #2782, .T. ) ;
#321 = CARTESIAN_POINT ( 'NONE',  ( -1.174999999999998700, -2.100000000000000100, -4.173411897755956400 ) ) ;
#322 = CARTESIAN_POINT ( 'NONE',  ( -0.3500000000000000300, -0.8000000000000001600, -1.799999999999999600 ) ) ;
#323 = FACE_OUTER_BOUND ( 'NONE', #938, .T. ) ;
#324 = PLANE ( 'NONE',  #1403 ) ;
#325 = VECTOR ( 'NONE', #2603, 1000.000000000000000 ) ;
#326 = CARTESIAN_POINT ( 'NONE',  ( -1.574999999999999500, -0.3499999999999994200, -3.449999999999999700 ) ) ;
#327 = DIRECTION ( 'NONE',  ( -5.645901572429751600E-031, 6.672013369141566200E-016, 1.000000000000000000 ) ) ;
#328 = AXIS2_PLACEMENT_3D ( 'NONE', #704, #2455, #1260 ) ;
#329 = VERTEX_POINT ( 'NONE', #3117 ) ;
#330 = CARTESIAN_POINT ( 'NONE',  ( -4.499999999999996400, -4.500000000000002700, 1.940000000000000600 ) ) ;
#331 = CARTESIAN_POINT ( 'NONE',  ( -4.500000000000000900, -1.925088354520698200E-015, -2.149999999999999900 ) ) ;
#332 = PRESENTATION_LAYER_ASSIGNMENT (  '', '', ( #996 ) ) ;
#333 = CARTESIAN_POINT ( 'NONE',  ( 0.0000000000000000000, 8.673617379884033500E-016, -2.149999999999999000 ) ) ;
#334 = LINE ( 'NONE', #1455, #2926 ) ;
#335 = ORIENTED_EDGE ( 'NONE', *, *, #2368, .T. ) ;
#336 = EDGE_CURVE ( 'NONE', #2466, #2018, #3169, .T. ) ;
#337 = DIRECTION ( 'NONE',  ( 0.0000000000000000000, 0.0000000000000000000, 1.000000000000000000 ) ) ;
#338 = PLANE ( 'NONE',  #431 ) ;
#339 = VECTOR ( 'NONE', #2596, 1000.000000000000000 ) ;
#340 = EDGE_CURVE ( 'NONE', #1755, #3066, #2625, .T. ) ;
#341 = CARTESIAN_POINT ( 'NONE',  ( 0.0000000000000000000, 8.673617379884033500E-016, -4.049999999999999800 ) ) ;
#342 = VECTOR ( 'NONE', #2574, 1000.000000000000000 ) ;
#343 = DIRECTION ( 'NONE',  ( 1.000000000000000000, -0.0000000000000000000, -0.0000000000000000000 ) ) ;
#344 = VECTOR ( 'NONE', #1745, 1000.000000000000000 ) ;
#345 =( NAMED_UNIT ( * ) PLANE_ANGLE_UNIT ( ) SI_UNIT ( $, .RADIAN. ) );
#346 = CARTESIAN_POINT ( 'NONE',  ( -1.174999999999998500, -2.100000000000000100, -0.04999999999999969700 ) ) ;
#347 = EDGE_CURVE ( 'NONE', #22, #1013, #1182, .T. ) ;
#348 = CARTESIAN_POINT ( 'NONE',  ( -1.399999999999999900, -4.400000000000000400, -4.050000000000002500 ) ) ;
#349 = EDGE_CURVE ( 'NONE', #1714, #1390, #2942, .T. ) ;
#350 = VECTOR ( 'NONE', #2613, 1000.000000000000000 ) ;
#351 = ORIENTED_EDGE ( 'NONE', *, *, #110, .T. ) ;
#352 = LINE ( 'NONE', #1659, #1817 ) ;
#353 = FILL_AREA_STYLE_COLOUR ( '', #200 ) ;
#354 =( LENGTH_UNIT ( ) NAMED_UNIT ( * ) SI_UNIT ( .MILLI., .METRE. ) );
#355 = ORIENTED_EDGE ( 'NONE', *, *, #2181, .T. ) ;
#356 = DIRECTION ( 'NONE',  ( -1.000000000000000000, 0.0000000000000000000, 0.0000000000000000000 ) ) ;
#357 = ORIENTED_EDGE ( 'NONE', *, *, #1937, .T. ) ;
#358 = ADVANCED_FACE ( 'NONE', ( #671 ), #652, .F. ) ;
#359 = CARTESIAN_POINT ( 'NONE',  ( -3.400000000000000400, -4.500000000000003600, -3.850000000000002800 ) ) ;
#360 = CARTESIAN_POINT ( 'NONE',  ( -3.400000000000000400, -4.500000000000003600, -4.850000000000002300 ) ) ;
#361 = EDGE_CURVE ( 'NONE', #3181, #913, #48, .T. ) ;
#362 = EDGE_LOOP ( 'NONE', ( #1443, #1481, #812, #3072 ) ) ;
#363 = LINE ( 'NONE', #3077, #3142 ) ;
#364 = FILL_AREA_STYLE ('',( #353 ) ) ;
#365 = PLANE ( 'NONE',  #1417 ) ;
#366 = ORIENTED_EDGE ( 'NONE', *, *, #2460, .T. ) ;
#367 = CARTESIAN_POINT ( 'NONE',  ( -0.5000000000000000000, -2.326752072262516500E-016, -2.149999999999999900 ) ) ;
#368 = LINE ( 'NONE', #808, #144 ) ;
#369 = CARTESIAN_POINT ( 'NONE',  ( -3.099999999999999200, -1.800000000000000700, -3.450000000000000600 ) ) ;
#370 = VECTOR ( 'NONE', #3052, 1000.000000000000000 ) ;
#371 = DIRECTION ( 'NONE',  ( 1.000000000000000000, 2.990902544787596100E-016, 0.0000000000000000000 ) ) ;
#372 = CARTESIAN_POINT ( 'NONE',  ( -0.3000000000000000400, -4.500000000000000900, 1.940000000000000600 ) ) ;
#373 = DIRECTION ( 'NONE',  ( 1.000000000000000000, -0.0000000000000000000, -0.0000000000000000000 ) ) ;
#374 = ORIENTED_EDGE ( 'NONE', *, *, #1447, .T. ) ;
#375 = ORIENTED_EDGE ( 'NONE', *, *, #895, .F. ) ;
#376 = FILL_AREA_STYLE_COLOUR ( '', #2832 ) ;
#377 = ADVANCED_FACE ( 'NONE', ( #2752 ), #1619, .T. ) ;
#378 = VECTOR ( 'NONE', #1382, 1000.000000000000000 ) ;
#379 = EDGE_LOOP ( 'NONE', ( #1711, #1075, #2541, #1794, #1303 ) ) ;
#380 = CARTESIAN_POINT ( 'NONE',  ( -0.5000000000000000000, -0.6500000000000001300, -2.149999999999999900 ) ) ;
#381 = VECTOR ( 'NONE', #474, 1000.000000000000000 ) ;
#382 = EDGE_CURVE ( 'NONE', #609, #149, #1617, .T. ) ;
#383 = CARTESIAN_POINT ( 'NONE',  ( -0.6999999999999988500, -0.6000000000000005300, 1.950000000000000400 ) ) ;
#384 = CARTESIAN_POINT ( 'NONE',  ( -0.6999999999999988500, -2.100000000000000100, -2.600000000000000100 ) ) ;
#385 = CARTESIAN_POINT ( 'NONE',  ( -3.600000000000000500, -4.500000000000003600, -4.850000000000002300 ) ) ;
#386 = FACE_OUTER_BOUND ( 'NONE', #2779, .T. ) ;
#387 = CARTESIAN_POINT ( 'NONE',  ( -0.3000000000000000400, -2.450000000000000600, 1.940000000000000400 ) ) ;
#388 = LINE ( 'NONE', #2077, #2236 ) ;
#389 = VECTOR ( 'NONE', #104, 1000.000000000000000 ) ;
#390 = EDGE_CURVE ( 'NONE', #1135, #1052, #1773, .T. ) ;
#391 = ADVANCED_FACE ( 'NONE', ( #265 ), #1960, .F. ) ;
#392 = ORIENTED_EDGE ( 'NONE', *, *, #1514, .T. ) ;
#393 =( LENGTH_UNIT ( ) NAMED_UNIT ( * ) SI_UNIT ( .MILLI., .METRE. ) );
#394 = VECTOR ( 'NONE', #44, 1000.000000000000000 ) ;
#395 = DIRECTION ( 'NONE',  ( 1.000000000000000000, 0.0000000000000000000, 0.0000000000000000000 ) ) ;
#396 = ORIENTED_EDGE ( 'NONE', *, *, #1937, .F. ) ;
#397 = CARTESIAN_POINT ( 'NONE',  ( -0.6999999999999988500, -2.100000000000000100, 1.950000000000000400 ) ) ;
#398 = VERTEX_POINT ( 'NONE', #3147 ) ;
#399 = FILL_AREA_STYLE_COLOUR ( '', #39 ) ;
#400 = VECTOR ( 'NONE', #978, 1000.000000000000000 ) ;
#401 = CARTESIAN_POINT ( 'NONE',  ( -4.499999999999997300, -4.400000000000003000, -0.2999999999999999300 ) ) ;
#402 = ORIENTED_EDGE ( 'NONE', *, *, #2278, .T. ) ;
#403 = CARTESIAN_POINT ( 'NONE',  ( -4.999999999999998200, -2.450000000000002800, 1.300000000000000300 ) ) ;
#404 = LINE ( 'NONE', #2304, #2989 ) ;
#405 = VERTEX_POINT ( 'NONE', #2168 ) ;
#406 = DIRECTION ( 'NONE',  ( 1.000000000000000000, -0.0000000000000000000, -0.0000000000000000000 ) ) ;
#407 = EDGE_CURVE ( 'NONE', #1022, #1742, #3095, .T. ) ;
#408 = CARTESIAN_POINT ( 'NONE',  ( -0.3000000000000000400, -2.450000000000000600, 1.940000000000000400 ) ) ;
#409 = CARTESIAN_POINT ( 'NONE',  ( -4.999999999999999100, -0.6500000000000023500, -2.149999999999999900 ) ) ;
#410 = SURFACE_SIDE_STYLE ('',( #2992 ) ) ;
#411 = ORIENTED_EDGE ( 'NONE', *, *, #1754, .T. ) ;
#412 = VERTEX_POINT ( 'NONE', #3074 ) ;
#413 = ORIENTED_EDGE ( 'NONE', *, *, #1197, .F. ) ;
#414 = DIRECTION ( 'NONE',  ( -1.000000000000000000, 0.0000000000000000000, 0.0000000000000000000 ) ) ;
#415 =( GEOMETRIC_REPRESENTATION_CONTEXT ( 3 ) GLOBAL_UNCERTAINTY_ASSIGNED_CONTEXT ( ( #1610 ) ) GLOBAL_UNIT_ASSIGNED_CONTEXT ( ( #313, #2084, #568 ) ) REPRESENTATION_CONTEXT ( 'NONE', 'WORKASPACE' ) );
#416 = FACE_OUTER_BOUND ( 'NONE', #87, .T. ) ;
#417 = DIRECTION ( 'NONE',  ( 1.000000000000000000, 8.462065736472233800E-016, 0.0000000000000000000 ) ) ;
#418 = ADVANCED_FACE ( 'NONE', ( #2050 ), #324, .T. ) ;
#419 = EDGE_CURVE ( 'NONE', #120, #436, #2322, .T. ) ;
#420 = VECTOR ( 'NONE', #1214, 1000.000000000000000 ) ;
#421 = FILL_AREA_STYLE_COLOUR ( '', #964 ) ;
#422 = ADVANCED_FACE ( 'NONE', ( #1934 ), #848, .F. ) ;
#423 = VECTOR ( 'NONE', #2057, 1000.000000000000000 ) ;
#424 = CARTESIAN_POINT ( 'NONE',  ( -5.000000000000000000, 8.673617379884033500E-016, 1.950000000000000400 ) ) ;
#425 = ORIENTED_EDGE ( 'NONE', *, *, #516, .T. ) ;
#426 = DIRECTION ( 'NONE',  ( -8.462065736472235800E-016, 1.000000000000000000, 0.0000000000000000000 ) ) ;
#427 = DIRECTION ( 'NONE',  ( -1.000000000000000000, 0.0000000000000000000, -0.0000000000000000000 ) ) ;
#428 = FILL_AREA_STYLE ('',( #3185 ) ) ;
#429 = LINE ( 'NONE', #767, #1738 ) ;
#430 = VERTEX_POINT ( 'NONE', #824 ) ;
#431 = AXIS2_PLACEMENT_3D ( 'NONE', #545, #2311, #2115 ) ;
#432 = FILL_AREA_STYLE ('',( #1186 ) ) ;
#433 = UNCERTAINTY_MEASURE_WITH_UNIT (LENGTH_MEASURE( 1.000000000000000100E-005 ), #1922, 'distance_accuracy_value', 'NONE');
#434 = PRESENTATION_STYLE_ASSIGNMENT (( #28 ) ) ;
#435 = EDGE_CURVE ( 'NONE', #492, #958, #11, .T. ) ;
#436 = VERTEX_POINT ( 'NONE', #333 ) ;
#437 = SURFACE_STYLE_FILL_AREA ( #82 ) ;
#438 = DIRECTION ( 'NONE',  ( -0.0000000000000000000, -0.0000000000000000000, 1.000000000000000000 ) ) ;
#439 = ORIENTED_EDGE ( 'NONE', *, *, #435, .F. ) ;
#440 = CARTESIAN_POINT ( 'NONE',  ( -2.850000000000000100, -3.650000000000000400, -2.599999999972624200 ) ) ;
#441 = DIRECTION ( 'NONE',  ( 0.0000000000000000000, 0.0000000000000000000, -1.000000000000000000 ) ) ;
#442 = ADVANCED_FACE ( 'NONE', ( #1261 ), #3106, .F. ) ;
#443 = DIRECTION ( 'NONE',  ( 0.0000000000000000000, 0.0000000000000000000, 1.000000000000000000 ) ) ;
#444 = EDGE_CURVE ( 'NONE', #2451, #1558, #667, .T. ) ;
#445 = ORIENTED_EDGE ( 'NONE', *, *, #74, .F. ) ;
#446 = PLANE ( 'NONE',  #1181 ) ;
#447 = ORIENTED_EDGE ( 'NONE', *, *, #152, .T. ) ;
#448 = EDGE_CURVE ( 'NONE', #1925, #1930, #1857, .T. ) ;
#449 = CARTESIAN_POINT ( 'NONE',  ( -4.499999999999996400, -4.400000000000003000, -0.2599999999999996200 ) ) ;
#450 = DIRECTION ( 'NONE',  ( -8.462065736472233800E-016, 1.000000000000000000, -1.057758217059028900E-016 ) ) ;
#451 = EDGE_CURVE ( 'NONE', #2037, #1416, #2747, .T. ) ;
#452 = PLANE ( 'NONE',  #2858 ) ;
#453 = ORIENTED_EDGE ( 'NONE', *, *, #2338, .T. ) ;
#454 = PRESENTATION_STYLE_ASSIGNMENT (( #1415 ) ) ;
#455 = EDGE_LOOP ( 'NONE', ( #1805, #819, #878, #2020 ) ) ;
#456 = ORIENTED_EDGE ( 'NONE', *, *, #1791, .T. ) ;
#457 = MECHANICAL_DESIGN_GEOMETRIC_PRESENTATION_REPRESENTATION (  '', ( #1471 ), #2250 ) ;
#458 = ADVANCED_FACE ( 'NONE', ( #1534 ), #2791, .F. ) ;
#459 = VECTOR ( 'NONE', #1050, 1000.000000000000000 ) ;
#460 = ORIENTED_EDGE ( 'NONE', *, *, #2433, .F. ) ;
#461 = ORIENTED_EDGE ( 'NONE', *, *, #611, .F. ) ;
#462 = CARTESIAN_POINT ( 'NONE',  ( -2.850000000000000100, -3.150000000000000400, -500000.0000000000600 ) ) ;
#463 = AXIS2_PLACEMENT_3D ( 'NONE', #499, #1551, #1574 ) ;
#464 = ORIENTED_EDGE ( 'NONE', *, *, #1000, .F. ) ;
#465 = LINE ( 'NONE', #1339, #1730 ) ;
#466 = PRESENTATION_LAYER_ASSIGNMENT (  '', '', ( #146 ) ) ;
#467 = EDGE_CURVE ( 'NONE', #412, #989, #3166, .T. ) ;
#468 = EDGE_LOOP ( 'NONE', ( #2924, #2083, #2042, #3184 ) ) ;
#469 = VECTOR ( 'NONE', #1385, 1000.000000000000000 ) ;
#470 = EDGE_CURVE ( 'NONE', #2517, #2253, #3092, .T. ) ;
#471 = ORIENTED_EDGE ( 'NONE', *, *, #735, .T. ) ;
#472 = VECTOR ( 'NONE', #2537, 1000.000000000000000 ) ;
#473 = PLANE ( 'NONE',  #1203 ) ;
#474 = DIRECTION ( 'NONE',  ( -1.000000000000000000, -8.462065736472234800E-016, -0.0000000000000000000 ) ) ;
#475 = CARTESIAN_POINT ( 'NONE',  ( -0.6999999999999988500, -2.100000000000000100, -2.600000000000000100 ) ) ;
#476 = DIRECTION ( 'NONE',  ( 0.0000000000000000000, -0.0000000000000000000, 1.000000000000000000 ) ) ;
#477 = ORIENTED_EDGE ( 'NONE', *, *, #1238, .F. ) ;
#478 = ADVANCED_FACE ( 'NONE', ( #2192 ), #2290, .T. ) ;
#479 = EDGE_LOOP ( 'NONE', ( #2126, #2266, #973, #715 ) ) ;
#480 = CARTESIAN_POINT ( 'NONE',  ( -0.5000000000000000000, -3.750000000000000000, -0.2999999999999999300 ) ) ;
#481 = EDGE_CURVE ( 'NONE', #913, #251, #508, .T. ) ;
#482 = ORIENTED_EDGE ( 'NONE', *, *, #2058, .F. ) ;
#483 = LINE ( 'NONE', #401, #2292 ) ;
#484 = FACE_OUTER_BOUND ( 'NONE', #1653, .T. ) ;
#485 = VERTEX_POINT ( 'NONE', #293 ) ;
#486 = ORIENTED_EDGE ( 'NONE', *, *, #2398, .F. ) ;
#487 = DIRECTION ( 'NONE',  ( 0.0000000000000000000, 0.0000000000000000000, 1.000000000000000000 ) ) ;
#488 = FILL_AREA_STYLE_COLOUR ( '', #1861 ) ;
#489 = VECTOR ( 'NONE', #1781, 1000.000000000000000 ) ;
#490 = PLANE ( 'NONE',  #2075 ) ;
#491 = EDGE_CURVE ( 'NONE', #243, #492, #308, .T. ) ;
#492 = VERTEX_POINT ( 'NONE', #2553 ) ;
#493 = ADVANCED_FACE ( 'NONE', ( #2514 ), #1541, .T. ) ;
#494 = CARTESIAN_POINT ( 'NONE',  ( -4.649999999999999500, -2.100000000000000100, 1.950000000000000400 ) ) ;
#495 = LINE ( 'NONE', #1146, #378 ) ;
#496 = DIRECTION ( 'NONE',  ( 0.0000000000000000000, 1.000000000000000000, 0.0000000000000000000 ) ) ;
#497 =( NAMED_UNIT ( * ) PLANE_ANGLE_UNIT ( ) SI_UNIT ( $, .RADIAN. ) );
#498 = ORIENTED_EDGE ( 'NONE', *, *, #2685, .F. ) ;
#499 = CARTESIAN_POINT ( 'NONE',  ( -1.600000000000000100, -4.500000000000003600, -3.850000000000002800 ) ) ;
#500 = EDGE_CURVE ( 'NONE', #846, #1387, #1106, .T. ) ;
#501 = VECTOR ( 'NONE', #533, 1000.000000000000000 ) ;
#502 = ORIENTED_EDGE ( 'NONE', *, *, #1809, .F. ) ;
#503 = DIRECTION ( 'NONE',  ( 0.0000000000000000000, 0.0000000000000000000, -1.000000000000000000 ) ) ;
#504 = MECHANICAL_DESIGN_GEOMETRIC_PRESENTATION_REPRESENTATION (  '', ( #996 ), #673 ) ;
#505 = VECTOR ( 'NONE', #1935, 1000.000000000000000 ) ;
#506 = DIRECTION ( 'NONE',  ( -0.0000000000000000000, 0.0000000000000000000, 1.000000000000000000 ) ) ;
#507 = EDGE_CURVE ( 'NONE', #528, #1948, #2016, .T. ) ;
#508 = LINE ( 'NONE', #1566, #828 ) ;
#509 = VECTOR ( 'NONE', #395, 1000.000000000000000 ) ;
#510 = DIRECTION ( 'NONE',  ( 1.000000000000000000, 8.462065736472234800E-016, 0.0000000000000000000 ) ) ;
#511 =( GEOMETRIC_REPRESENTATION_CONTEXT ( 3 ) GLOBAL_UNCERTAINTY_ASSIGNED_CONTEXT ( ( #843 ) ) GLOBAL_UNIT_ASSIGNED_CONTEXT ( ( #564, #2361, #2713 ) ) REPRESENTATION_CONTEXT ( 'NONE', 'WORKASPACE' ) );
#512 = VERTEX_POINT ( 'NONE', #549 ) ;
#513 = CARTESIAN_POINT ( 'NONE',  ( -0.5000000000000000000, -0.6500000000000001300, -3.449999999999999700 ) ) ;
#514 = EDGE_CURVE ( 'NONE', #1488, #1390, #2906, .T. ) ;
#515 = SURFACE_STYLE_USAGE ( .BOTH. , #1051 ) ;
#516 = EDGE_CURVE ( 'NONE', #2213, #2955, #870, .T. ) ;
#517 = ORIENTED_EDGE ( 'NONE', *, *, #1661, .F. ) ;
#518 = EDGE_CURVE ( 'NONE', #609, #2899, #1651, .T. ) ;
#519 = FACE_OUTER_BOUND ( 'NONE', #720, .T. ) ;
#520 = LINE ( 'NONE', #686, #3103 ) ;
#521 = ORIENTED_EDGE ( 'NONE', *, *, #2113, .T. ) ;
#522 = VERTEX_POINT ( 'NONE', #795 ) ;
#523 = PLANE ( 'NONE',  #1933 ) ;
#524 = LINE ( 'NONE', #2666, #2258 ) ;
#525 = SURFACE_SIDE_STYLE ('',( #1893 ) ) ;
#526 =( NAMED_UNIT ( * ) SI_UNIT ( $, .STERADIAN. ) SOLID_ANGLE_UNIT ( ) );
#527 = LINE ( 'NONE', #139, #1361 ) ;
#528 = VERTEX_POINT ( 'NONE', #2339 ) ;
#529 = DIRECTION ( 'NONE',  ( 1.000000000000000000, -0.0000000000000000000, -0.0000000000000000000 ) ) ;
#530 = CARTESIAN_POINT ( 'NONE',  ( -1.375000000000000700, -0.3499999999999993700, -0.04999999999999969700 ) ) ;
#531 = EDGE_CURVE ( 'NONE', #3133, #1093, #2237, .T. ) ;
#532 = SURFACE_STYLE_FILL_AREA ( #3157 ) ;
#533 = DIRECTION ( 'NONE',  ( 1.000000000000000000, 0.0000000000000000000, 0.0000000000000000000 ) ) ;
#534 = ORIENTED_EDGE ( 'NONE', *, *, #1660, .F. ) ;
#535 = ORIENTED_EDGE ( 'NONE', *, *, #390, .T. ) ;
#536 = ORIENTED_EDGE ( 'NONE', *, *, #2922, .F. ) ;
#537 = EDGE_CURVE ( 'NONE', #2405, #1387, #2436, .T. ) ;
#538 = CARTESIAN_POINT ( 'NONE',  ( -5.000000000000000000, 8.673617379884033500E-016, 1.950000000000000400 ) ) ;
#539 = VECTOR ( 'NONE', #3190, 1000.000000000000000 ) ;
#540 = CARTESIAN_POINT ( 'NONE',  ( -3.600000000000000500, -4.400000000000000400, -4.050000000000002500 ) ) ;
#541 =( LENGTH_UNIT ( ) NAMED_UNIT ( * ) SI_UNIT ( .MILLI., .METRE. ) );
#542 = CARTESIAN_POINT ( 'NONE',  ( -3.825000000000001500, -2.100000000000000100, -0.04999999999999969700 ) ) ;
#543 = AXIS2_PLACEMENT_3D ( 'NONE', #3006, #737, #1515 ) ;
#544 = DIRECTION ( 'NONE',  ( -1.000000000000000000, 0.0000000000000000000, 0.0000000000000000000 ) ) ;
#545 = CARTESIAN_POINT ( 'NONE',  ( -2.850000000000000100, -3.150000000000000400, -500000.0000000000600 ) ) ;
#546 = DIRECTION ( 'NONE',  ( 0.0000000000000000000, 0.0000000000000000000, 1.000000000000000000 ) ) ;
#547 = EDGE_CURVE ( 'NONE', #3066, #3187, #906, .T. ) ;
#548 = FACE_OUTER_BOUND ( 'NONE', #455, .T. ) ;
#549 = CARTESIAN_POINT ( 'NONE',  ( -3.400000000000000400, -4.400000000000000400, -4.050000000000002500 ) ) ;
#550 = DIRECTION ( 'NONE',  ( -0.0000000000000000000, -0.0000000000000000000, 1.000000000000000000 ) ) ;
#551 = VERTEX_POINT ( 'NONE', #1131 ) ;
#552 = ORIENTED_EDGE ( 'NONE', *, *, #162, .T. ) ;
#553 = LINE ( 'NONE', #1057, #318 ) ;
#554 = CARTESIAN_POINT ( 'NONE',  ( -3.425000000000000700, -0.3499999999999994200, -0.04999999999999969700 ) ) ;
#555 =( LENGTH_UNIT ( ) NAMED_UNIT ( * ) SI_UNIT ( .MILLI., .METRE. ) );
#556 = ORIENTED_EDGE ( 'NONE', *, *, #668, .F. ) ;
#557 = CARTESIAN_POINT ( 'NONE',  ( -1.600000000000000100, -4.500000000000003600, -3.850000000000002800 ) ) ;
#558 = VECTOR ( 'NONE', #1816, 1000.000000000000000 ) ;
#559 = EDGE_CURVE ( 'NONE', #2265, #849, #2362, .T. ) ;
#560 = DIRECTION ( 'NONE',  ( 0.0000000000000000000, -1.822188525185721700E-016, 1.000000000000000000 ) ) ;
#561 = VERTEX_POINT ( 'NONE', #2360 ) ;
#562 = PRESENTATION_STYLE_ASSIGNMENT (( #2716 ) ) ;
#563 = EDGE_LOOP ( 'NONE', ( #2567, #886, #453, #661 ) ) ;
#564 =( LENGTH_UNIT ( ) NAMED_UNIT ( * ) SI_UNIT ( .MILLI., .METRE. ) );
#565 = ORIENTED_EDGE ( 'NONE', *, *, #2741, .T. ) ;
#566 = AXIS2_PLACEMENT_3D ( 'NONE', #929, #2163, #2184 ) ;
#567 = LINE ( 'NONE', #2654, #2116 ) ;
#568 =( NAMED_UNIT ( * ) SI_UNIT ( $, .STERADIAN. ) SOLID_ANGLE_UNIT ( ) );
#569 = EDGE_LOOP ( 'NONE', ( #320, #98, #2060, #1373 ) ) ;
#570 = CARTESIAN_POINT ( 'NONE',  ( -1.375000000000000900, -0.6000000000000005300, 1.950000000000000400 ) ) ;
#571 = SURFACE_STYLE_USAGE ( .BOTH. , #2813 ) ;
#572 = DIRECTION ( 'NONE',  ( -1.000000000000000000, -1.172110456741085800E-016, -0.0000000000000000000 ) ) ;
#573 = VERTEX_POINT ( 'NONE', #111 ) ;
#574 = STYLED_ITEM ( 'NONE', ( #1230 ), #3002 ) ;
#575 = DIRECTION ( 'NONE',  ( 9.637352644315588800E-016, -1.000000000000000000, -2.409338161078897200E-016 ) ) ;
#576 = LINE ( 'NONE', #3070, #1969 ) ;
#577 = ORIENTED_EDGE ( 'NONE', *, *, #2278, .F. ) ;
#578 = VERTEX_POINT ( 'NONE', #1613 ) ;
#579 = CARTESIAN_POINT ( 'NONE',  ( -0.7499999999999997800, -3.649999999999999900, -2.600000000000000100 ) ) ;
#580 = ORIENTED_EDGE ( 'NONE', *, *, #2803, .T. ) ;
#581 = CARTESIAN_POINT ( 'NONE',  ( -1.574999999999999700, -0.3499999999999989800, -4.050000000000001600 ) ) ;
#582 = EDGE_CURVE ( 'NONE', #3191, #1401, #2275, .T. ) ;
#583 = PRODUCT ( 'SM02B-NSHSS', 'SM02B-NSHSS', '', ( #2318 ) ) ;
#584 = DIRECTION ( 'NONE',  ( 0.0000000000000000000, 0.0000000000000000000, 1.000000000000000000 ) ) ;
#585 = DIRECTION ( 'NONE',  ( 0.0000000000000000000, -5.981805089575192300E-016, 1.000000000000000000 ) ) ;
#586 = DIRECTION ( 'NONE',  ( -0.0000000000000000000, 1.000000000000000000, 0.0000000000000000000 ) ) ;
#587 = VECTOR ( 'NONE', #438, 1000.000000000000000 ) ;
#588 = CARTESIAN_POINT ( 'NONE',  ( -3.600000000000000500, -4.500000000000003600, -4.850000000000002300 ) ) ;
#589 = DIRECTION ( 'NONE',  ( -0.0000000000000000000, -0.0000000000000000000, 1.000000000000000000 ) ) ;
#590 = CARTESIAN_POINT ( 'NONE',  ( -1.399999999999999900, -4.200000000000002800, -4.850000000000002300 ) ) ;
#591 = ORIENTED_EDGE ( 'NONE', *, *, #2772, .T. ) ;
#592 = SURFACE_SIDE_STYLE ('',( #1900 ) ) ;
#593 = VECTOR ( 'NONE', #2611, 1000.000000000000000 ) ;
#594 = PLANE ( 'NONE',  #2607 ) ;
#595 = STYLED_ITEM ( 'NONE', ( #3067 ), #2492 ) ;
#596 = DIRECTION ( 'NONE',  ( -1.000000000000000000, 0.0000000000000000000, 0.0000000000000000000 ) ) ;
#597 = ORIENTED_EDGE ( 'NONE', *, *, #2262, .T. ) ;
#598 = CARTESIAN_POINT ( 'NONE',  ( -3.600000000000000500, -4.400000000000000400, -3.750000000000000000 ) ) ;
#599 = EDGE_CURVE ( 'NONE', #677, #236, #2130, .T. ) ;
#600 = VECTOR ( 'NONE', #2481, 1000.000000000000000 ) ;
#601 = CARTESIAN_POINT ( 'NONE',  ( -0.7499999999999997800, -3.649999999999999500, -0.3999999999999997400 ) ) ;
#602 = ORIENTED_EDGE ( 'NONE', *, *, #1007, .F. ) ;
#603 = VECTOR ( 'NONE', #1293, 1000.000000000000000 ) ;
#604 = ORIENTED_EDGE ( 'NONE', *, *, #185, .T. ) ;
#605 = VECTOR ( 'NONE', #3051, 1000.000000000000000 ) ;
#606 = PLANE ( 'NONE',  #2211 ) ;
#607 = DIRECTION ( 'NONE',  ( -1.000000000000000000, -8.462065736472234800E-016, 3.284293275761290000E-047 ) ) ;
#608 = EDGE_LOOP ( 'NONE', ( #1888, #1097, #1924, #2413 ) ) ;
#609 = VERTEX_POINT ( 'NONE', #3091 ) ;
#610 = CARTESIAN_POINT ( 'NONE',  ( -3.825000000000001100, -0.6000000000000005300, -0.04999999999999969700 ) ) ;
#611 = EDGE_CURVE ( 'NONE', #2941, #3021, #231, .T. ) ;
#612 = CARTESIAN_POINT ( 'NONE',  ( -2.049999999999998900, -1.800000000000000000, -0.6099999999999999900 ) ) ;
#613 = ADVANCED_FACE ( 'NONE', ( #2095 ), #1894, .F. ) ;
#614 = DIRECTION ( 'NONE',  ( 0.0000000000000000000, 0.0000000000000000000, -1.000000000000000000 ) ) ;
#615 = CARTESIAN_POINT ( 'NONE',  ( 0.0000000000000000000, 8.673617379884033500E-016, 1.950000000000000400 ) ) ;
#616 = CLOSED_SHELL ( 'NONE', ( #1505, #1974, #2438, #2644, #358, #2682, #1467, #699, #478, #2238, #391, #961, #2679, #2005, #3164, #2943, #3196, #733, #927, #2203, #422, #2925, #2472, #3210, #458, #2719, #142, #1484, #2187, #980, #1939, #744, #377, #1699, #241, #2734, #493, #2442, #2956, #718, #226, #214, #1256, #1448, #2698, #2973, #2407, #1890, #2616, #418, #1961, #2864, #3002, #1716, #2177, #2507, #613, #3180, #2881, #1008, #2257, #1737, #1208, #157, #1220, #2492, #1240, #2225, #13, #2021, #675, #204, #2162, #2146, #2990, #2927, #1191, #186, #6, #442, #676, #1436, #3116, #944, #1682, #1992, #1756, #2749, #1144, #2457 ) ) ;
#617 = LINE ( 'NONE', #1713, #2078 ) ;
#618 = ORIENTED_EDGE ( 'NONE', *, *, #1386, .T. ) ;
#619 = EDGE_CURVE ( 'NONE', #158, #962, #465, .T. ) ;
#620 = ORIENTED_EDGE ( 'NONE', *, *, #3195, .T. ) ;
#621 = DIRECTION ( 'NONE',  ( -0.0000000000000000000, 1.000000000000000000, 3.942553354492742500E-016 ) ) ;
#622 = SURFACE_SIDE_STYLE ('',( #1506 ) ) ;
#623 = CARTESIAN_POINT ( 'NONE',  ( -2.049999999999999800, -1.349999999999999400, -1.800000000000000000 ) ) ;
#624 = LINE ( 'NONE', #2261, #2271 ) ;
#625 = DIRECTION ( 'NONE',  ( -1.000000000000000000, -0.0000000000000000000, 0.0000000000000000000 ) ) ;
#626 = EDGE_CURVE ( 'NONE', #2562, #1401, #3129, .T. ) ;
#627 = CARTESIAN_POINT ( 'NONE',  ( -3.600000000000000500, -4.400000000000000400, -3.750000000000000000 ) ) ;
#628 = PLANE ( 'NONE',  #1677 ) ;
#629 = EDGE_LOOP ( 'NONE', ( #521, #366, #2139, #1717, #1871, #2443 ) ) ;
#630 = EDGE_LOOP ( 'NONE', ( #597, #138, #1213, #3125, #2341, #1622, #1086, #3010, #1079, #88, #2781, #1544 ) ) ;
#631 = AXIS2_PLACEMENT_3D ( 'NONE', #645, #1409, #654 ) ;
#632 = DIRECTION ( 'NONE',  ( -1.000000000000000000, -8.462065736472233800E-016, 0.0000000000000000000 ) ) ;
#633 = CARTESIAN_POINT ( 'NONE',  ( -3.600000000000000500, -4.500000000000003600, -4.850000000000002300 ) ) ;
#634 = VERTEX_POINT ( 'NONE', #1853 ) ;
#635 = LINE ( 'NONE', #1776, #3057 ) ;
#636 = DIRECTION ( 'NONE',  ( 8.462065736472233800E-016, -1.000000000000000000, 0.0000000000000000000 ) ) ;
#637 = ORIENTED_EDGE ( 'NONE', *, *, #684, .F. ) ;
#638 = AXIS2_PLACEMENT_3D ( 'NONE', #1947, #1396, #685 ) ;
#639 = CARTESIAN_POINT ( 'NONE',  ( -4.249999999999999100, -3.650000000000000400, -2.600000000000000100 ) ) ;
#640 = ORIENTED_EDGE ( 'NONE', *, *, #1045, .T. ) ;
#641 = SURFACE_STYLE_FILL_AREA ( #2983 ) ;
#642 = UNCERTAINTY_MEASURE_WITH_UNIT (LENGTH_MEASURE( 1.000000000000000100E-005 ), #1695, 'distance_accuracy_value', 'NONE');
#643 = DIRECTION ( 'NONE',  ( -0.0000000000000000000, -0.0000000000000000000, 1.000000000000000000 ) ) ;
#644 = ORIENTED_EDGE ( 'NONE', *, *, #547, .F. ) ;
#645 = CARTESIAN_POINT ( 'NONE',  ( -3.425000000000000300, -1.800000000000000700, -4.050000000000001600 ) ) ;
#646 = VERTEX_POINT ( 'NONE', #1589 ) ;
#647 = VECTOR ( 'NONE', #2485, 1000.000000000000000 ) ;
#648 = DIRECTION ( 'NONE',  ( 0.0000000000000000000, 0.0000000000000000000, -1.000000000000000000 ) ) ;
#649 = LINE ( 'NONE', #1675, #1669 ) ;
#650 = VECTOR ( 'NONE', #1228, 1000.000000000000000 ) ;
#651 = FILL_AREA_STYLE ('',( #421 ) ) ;
#652 = PLANE ( 'NONE',  #1266 ) ;
#653 = ORIENTED_EDGE ( 'NONE', *, *, #1754, .F. ) ;
#654 = DIRECTION ( 'NONE',  ( 1.000000000000000000, 1.172110456741085600E-016, 0.0000000000000000000 ) ) ;
#655 = CARTESIAN_POINT ( 'NONE',  ( -4.299999999999998000, -2.100000000000000500, -2.600000000000000100 ) ) ;
#656 = AXIS2_PLACEMENT_3D ( 'NONE', #2503, #717, #2234 ) ;
#657 = ORIENTED_EDGE ( 'NONE', *, *, #2169, .F. ) ;
#658 = PLANE ( 'NONE',  #1971 ) ;
#659 = DIRECTION ( 'NONE',  ( 0.0000000000000000000, -5.421010862427521200E-016, 1.000000000000000000 ) ) ;
#660 = VECTOR ( 'NONE', #546, 1000.000000000000000 ) ;
#661 = ORIENTED_EDGE ( 'NONE', *, *, #3060, .T. ) ;
#662 = EDGE_CURVE ( 'NONE', #1134, #271, #1257, .T. ) ;
#663 = ORIENTED_EDGE ( 'NONE', *, *, #1496, .T. ) ;
#664 = FILL_AREA_STYLE ('',( #3041 ) ) ;
#665 = LINE ( 'NONE', #1309, #1336 ) ;
#666 = CARTESIAN_POINT ( 'NONE',  ( -3.425000000000000300, -2.100000000000000100, -0.04999999999999969700 ) ) ;
#667 = LINE ( 'NONE', #480, #2784 ) ;
#668 = EDGE_CURVE ( 'NONE', #251, #2696, #90, .T. ) ;
#669 = DIRECTION ( 'NONE',  ( -8.950819566047168800E-032, 1.057758217059029200E-016, 1.000000000000000000 ) ) ;
#670 = ORIENTED_EDGE ( 'NONE', *, *, #1543, .T. ) ;
#671 = FACE_OUTER_BOUND ( 'NONE', #1693, .T. ) ;
#672 = CARTESIAN_POINT ( 'NONE',  ( -4.499999999999997300, -3.750000000000003100, 1.950000000000000400 ) ) ;
#673 =( GEOMETRIC_REPRESENTATION_CONTEXT ( 3 ) GLOBAL_UNCERTAINTY_ASSIGNED_CONTEXT ( ( #1129 ) ) GLOBAL_UNIT_ASSIGNED_CONTEXT ( ( #1216, #3046, #2017 ) ) REPRESENTATION_CONTEXT ( 'NONE', 'WORKASPACE' ) );
#674 = DIRECTION ( 'NONE',  ( 1.000000000000000000, 0.0000000000000000000, -0.0000000000000000000 ) ) ;
#675 = ADVANCED_FACE ( 'NONE', ( #2474 ), #3172, .T. ) ;
#676 = ADVANCED_FACE ( 'NONE', ( #386 ), #2412, .F. ) ;
#677 = VERTEX_POINT ( 'NONE', #385 ) ;
#678 = FILL_AREA_STYLE_COLOUR ( '', #1671 ) ;
#679 = VECTOR ( 'NONE', #89, 1000.000000000000000 ) ;
#680 = SURFACE_STYLE_USAGE ( .BOTH. , #2343 ) ;
#681 = CARTESIAN_POINT ( 'NONE',  ( -4.499999999999997300, -4.400000000000003000, -0.2999999999999999300 ) ) ;
#682 = DIRECTION ( 'NONE',  ( 0.0000000000000000000, -1.000000000000000000, 0.0000000000000000000 ) ) ;
#683 = EDGE_LOOP ( 'NONE', ( #1320, #1192, #2968, #552 ) ) ;
#684 = EDGE_CURVE ( 'NONE', #1078, #1778, #2317, .T. ) ;
#685 = DIRECTION ( 'NONE',  ( -0.0000000000000000000, 0.0000000000000000000, 1.000000000000000000 ) ) ;
#686 = CARTESIAN_POINT ( 'NONE',  ( 0.0000000000000000000, -4.400000000000000400, -4.050000000000002500 ) ) ;
#687 =( GEOMETRIC_REPRESENTATION_CONTEXT ( 3 ) GLOBAL_UNCERTAINTY_ASSIGNED_CONTEXT ( ( #246 ) ) GLOBAL_UNIT_ASSIGNED_CONTEXT ( ( #1842, #2827, #2848 ) ) REPRESENTATION_CONTEXT ( 'NONE', 'WORKASPACE' ) );
#688 = ORIENTED_EDGE ( 'NONE', *, *, #2612, .T. ) ;
#689 = CARTESIAN_POINT ( 'NONE',  ( -3.425000000000001200, -1.800000000000000700, -0.04999999999999969700 ) ) ;
#690 = VECTOR ( 'NONE', #1445, 1000.000000000000000 ) ;
#691 = EDGE_CURVE ( 'NONE', #1132, #1078, #3202, .T. ) ;
#692 = ORIENTED_EDGE ( 'NONE', *, *, #2907, .T. ) ;
#693 = EDGE_CURVE ( 'NONE', #3214, #2742, #2745, .T. ) ;
#694 = PLANE ( 'NONE',  #2622 ) ;
#695 = EDGE_CURVE ( 'NONE', #892, #913, #1932, .T. ) ;
#696 = VECTOR ( 'NONE', #992, 1000.000000000000000 ) ;
#697 = DIRECTION ( 'NONE',  ( 1.000000000000000000, 0.0000000000000000000, -0.0000000000000000000 ) ) ;
#698 = AXIS2_PLACEMENT_3D ( 'NONE', #759, #768, #3014 ) ;
#699 = ADVANCED_FACE ( 'NONE', ( #2011, #2974 ), #1926, .F. ) ;
#700 = EDGE_LOOP ( 'NONE', ( #2564, #2406, #1126, #757, #2277 ) ) ;
#701 = DIRECTION ( 'NONE',  ( -0.0000000000000000000, -0.0000000000000000000, 1.000000000000000000 ) ) ;
#702 = FACE_OUTER_BOUND ( 'NONE', #2482, .T. ) ;
#703 = ORIENTED_EDGE ( 'NONE', *, *, #2169, .T. ) ;
#704 = CARTESIAN_POINT ( 'NONE',  ( -1.375000000000000900, -0.6000000000000005300, -1.845132307101624800 ) ) ;
#705 = CARTESIAN_POINT ( 'NONE',  ( -0.6999999999999988500, -0.6000000000000005300, 1.950000000000000400 ) ) ;
#706 = PRESENTATION_LAYER_ASSIGNMENT (  '', '', ( #979 ) ) ;
#707 = CARTESIAN_POINT ( 'NONE',  ( -4.649999999999999500, -1.300000000000000500, -1.799999999999999600 ) ) ;
#708 = CARTESIAN_POINT ( 'NONE',  ( -4.649999999999999500, -1.300000000000000500, -1.799999999999999600 ) ) ;
#709 = PRESENTATION_LAYER_ASSIGNMENT (  '', '', ( #2498 ) ) ;
#710 = LINE ( 'NONE', #1489, #1686 ) ;
#711 = CARTESIAN_POINT ( 'NONE',  ( -0.7499999999999997800, -4.000000000000000900, 1.950000000000000400 ) ) ;
#712 = CARTESIAN_POINT ( 'NONE',  ( -4.500000000000000900, -1.925088354520698200E-015, -2.149999999999999900 ) ) ;
#713 = VECTOR ( 'NONE', #2150, 1000.000000000000000 ) ;
#714 = CARTESIAN_POINT ( 'NONE',  ( -2.949999999999999300, -1.349999999999999900, -1.800000000000000000 ) ) ;
#715 = ORIENTED_EDGE ( 'NONE', *, *, #295, .F. ) ;
#716 = LINE ( 'NONE', #2124, #3011 ) ;
#717 = DIRECTION ( 'NONE',  ( 0.0000000000000000000, -1.000000000000000000, -0.0000000000000000000 ) ) ;
#718 = ADVANCED_FACE ( 'NONE', ( #2235 ), #2678, .T. ) ;
#719 = PLANE ( 'NONE',  #1223 ) ;
#720 = EDGE_LOOP ( 'NONE', ( #2628, #2031, #1462, #604 ) ) ;
#721 = CARTESIAN_POINT ( 'NONE',  ( -0.5000000000000000000, -3.750000000000000000, -0.2999999999999999300 ) ) ;
#722 = ORIENTED_EDGE ( 'NONE', *, *, #1187, .T. ) ;
#723 = ORIENTED_EDGE ( 'NONE', *, *, #753, .F. ) ;
#724 = VECTOR ( 'NONE', #1080, 1000.000000000000000 ) ;
#725 = CARTESIAN_POINT ( 'NONE',  ( -0.6999999999999988500, -0.8000000000000001600, -1.799999999999999600 ) ) ;
#726 = DIRECTION ( 'NONE',  ( -0.0000000000000000000, -1.000000000000000000, -0.0000000000000000000 ) ) ;
#727 = ORIENTED_EDGE ( 'NONE', *, *, #448, .F. ) ;
#728 = LINE ( 'NONE', #1725, #2877 ) ;
#729 = EDGE_CURVE ( 'NONE', #1942, #1174, #823, .T. ) ;
#730 = ORIENTED_EDGE ( 'NONE', *, *, #626, .F. ) ;
#731 = COLOUR_RGB ( '',0.7529411764705882200, 0.7529411764705882200, 0.7529411764705882200 ) ;
#732 = EDGE_LOOP ( 'NONE', ( #3035, #1306, #1475, #2592 ) ) ;
#733 = ADVANCED_FACE ( 'NONE', ( #1494 ), #2920, .T. ) ;
#734 = FACE_OUTER_BOUND ( 'NONE', #2908, .T. ) ;
#735 = EDGE_CURVE ( 'NONE', #1778, #2696, #163, .T. ) ;
#736 = DIRECTION ( 'NONE',  ( 1.239088197126291100E-016, -1.000000000000000000, 0.0000000000000000000 ) ) ;
#737 = DIRECTION ( 'NONE',  ( 0.0000000000000000000, -1.000000000000000000, 0.0000000000000000000 ) ) ;
#738 = VERTEX_POINT ( 'NONE', #689 ) ;
#739 = FILL_AREA_STYLE ('',( #3222 ) ) ;
#740 = LINE ( 'NONE', #1105, #1485 ) ;
#741 = DIRECTION ( 'NONE',  ( -0.0000000000000000000, 0.0000000000000000000, -1.000000000000000000 ) ) ;
#742 = SURFACE_SIDE_STYLE ('',( #2642 ) ) ;
#743 = ORIENTED_EDGE ( 'NONE', *, *, #2227, .T. ) ;
#744 = ADVANCED_FACE ( 'NONE', ( #1100 ), #1399, .F. ) ;
#745 = DIRECTION ( 'NONE',  ( 1.000000000000000000, 0.0000000000000000000, 0.0000000000000000000 ) ) ;
#746 = LINE ( 'NONE', #1950, #420 ) ;
#747 = ORIENTED_EDGE ( 'NONE', *, *, #2803, .F. ) ;
#748 = LINE ( 'NONE', #32, #991 ) ;
#749 = CARTESIAN_POINT ( 'NONE',  ( -4.499999999999999100, -2.250000000000000900, -3.449999999999999700 ) ) ;
#750 = VECTOR ( 'NONE', #1054, 1000.000000000000000 ) ;
#751 = ORIENTED_EDGE ( 'NONE', *, *, #2566, .T. ) ;
#752 = CARTESIAN_POINT ( 'NONE',  ( -4.249999999999999100, -2.100000000000000500, 1.950000000000000400 ) ) ;
#753 = EDGE_CURVE ( 'NONE', #47, #573, #1291, .T. ) ;
#754 = FACE_OUTER_BOUND ( 'NONE', #993, .T. ) ;
#755 = ORIENTED_EDGE ( 'NONE', *, *, #1514, .F. ) ;
#756 = LINE ( 'NONE', #869, #1946 ) ;
#757 = ORIENTED_EDGE ( 'NONE', *, *, #1355, .F. ) ;
#758 = VECTOR ( 'NONE', #3075, 1000.000000000000000 ) ;
#759 = CARTESIAN_POINT ( 'NONE',  ( -2.049999999999999800, -1.349999999999999400, -1.800000000000000000 ) ) ;
#760 = VERTEX_POINT ( 'NONE', #2714 ) ;
#761 = MECHANICAL_DESIGN_GEOMETRIC_PRESENTATION_REPRESENTATION (  '', ( #1207 ), #415 ) ;
#762 = DIRECTION ( 'NONE',  ( -0.0000000000000000000, -0.0000000000000000000, 1.000000000000000000 ) ) ;
#763 = CARTESIAN_POINT ( 'NONE',  ( -4.499999999999999100, -2.250000000000000900, -3.449999999999999700 ) ) ;
#764 = ORIENTED_EDGE ( 'NONE', *, *, #179, .F. ) ;
#765 = VECTOR ( 'NONE', #2729, 1000.000000000000000 ) ;
#766 = ORIENTED_EDGE ( 'NONE', *, *, #789, .T. ) ;
#767 = CARTESIAN_POINT ( 'NONE',  ( 0.0000000000000000000, 8.673617379884033500E-016, 1.950000000000000400 ) ) ;
#768 = DIRECTION ( 'NONE',  ( 4.231032868236116900E-016, -1.000000000000000000, -1.822188525185721700E-016 ) ) ;
#769 = FILL_AREA_STYLE_COLOUR ( '', #1529 ) ;
#770 = ORIENTED_EDGE ( 'NONE', *, *, #179, .T. ) ;
#771 = STYLED_ITEM ( 'NONE', ( #1218 ), #13 ) ;
#772 = VECTOR ( 'NONE', #2648, 1000.000000000000000 ) ;
#773 = EDGE_CURVE ( 'NONE', #2517, #2405, #2552, .T. ) ;
#774 = LINE ( 'NONE', #1570, #2268 ) ;
#775 = DIRECTION ( 'NONE',  ( 1.000000000000000000, 0.0000000000000000000, -0.0000000000000000000 ) ) ;
#776 = CARTESIAN_POINT ( 'NONE',  ( -4.699999999999997500, -2.450000000000002400, 1.940000000000000400 ) ) ;
#777 = UNCERTAINTY_MEASURE_WITH_UNIT (LENGTH_MEASURE( 1.000000000000000100E-005 ), #3177, 'distance_accuracy_value', 'NONE');
#778 = PRESENTATION_LAYER_ASSIGNMENT (  '', '', ( #2363 ) ) ;
#779 = VECTOR ( 'NONE', #544, 1000.000000000000000 ) ;
#780 = DIRECTION ( 'NONE',  ( -0.0000000000000000000, -1.000000000000000000, -0.0000000000000000000 ) ) ;
#781 = DIRECTION ( 'NONE',  ( 0.0000000000000000000, -1.000000000000000000, 0.0000000000000000000 ) ) ;
#782 = DIRECTION ( 'NONE',  ( 1.000000000000000000, -0.0000000000000000000, -0.0000000000000000000 ) ) ;
#783 = ORIENTED_EDGE ( 'NONE', *, *, #481, .T. ) ;
#784 = VECTOR ( 'NONE', #888, 1000.000000000000000 ) ;
#785 = VERTEX_POINT ( 'NONE', #714 ) ;
#786 =( NAMED_UNIT ( * ) SI_UNIT ( $, .STERADIAN. ) SOLID_ANGLE_UNIT ( ) );
#787 = ORIENTED_EDGE ( 'NONE', *, *, #2391, .T. ) ;
#788 = EDGE_CURVE ( 'NONE', #1272, #3188, #746, .T. ) ;
#789 = EDGE_CURVE ( 'NONE', #849, #1052, #3162, .T. ) ;
#790 = DIRECTION ( 'NONE',  ( 0.0000000000000000000, -1.000000000000000000, -0.0000000000000000000 ) ) ;
#791 = ORIENTED_EDGE ( 'NONE', *, *, #2741, .F. ) ;
#792 = CARTESIAN_POINT ( 'NONE',  ( -3.425000000000000300, -0.3499999999999994200, -3.449999999999999700 ) ) ;
#793 = LINE ( 'NONE', #300, #603 ) ;
#794 = LINE ( 'NONE', #974, #2677 ) ;
#795 = CARTESIAN_POINT ( 'NONE',  ( -4.249999999999999100, -2.100000000000000500, -2.600000000000000100 ) ) ;
#796 = ORIENTED_EDGE ( 'NONE', *, *, #340, .T. ) ;
#797 = VECTOR ( 'NONE', #1718, 1000.000000000000000 ) ;
#798 = ORIENTED_EDGE ( 'NONE', *, *, #45, .T. ) ;
#799 = VECTOR ( 'NONE', #3140, 1000.000000000000000 ) ;
#800 = EDGE_LOOP ( 'NONE', ( #1059, #2667, #8, #2981 ) ) ;
#801 = DIRECTION ( 'NONE',  ( -0.0000000000000000000, 0.0000000000000000000, -1.000000000000000000 ) ) ;
#802 = DIRECTION ( 'NONE',  ( 1.239088197126291100E-016, -1.000000000000000000, 0.0000000000000000000 ) ) ;
#803 = CARTESIAN_POINT ( 'NONE',  ( -5.000000000000000000, -4.400000000000000400, 1.950000000000000000 ) ) ;
#804 = VECTOR ( 'NONE', #977, 1000.000000000000000 ) ;
#805 = PRESENTATION_LAYER_ASSIGNMENT (  '', '', ( #2012 ) ) ;
#806 = CARTESIAN_POINT ( 'NONE',  ( -4.499999999999997300, -4.400000000000002100, 1.950000000000000000 ) ) ;
#807 = CARTESIAN_POINT ( 'NONE',  ( -1.399999999999999900, -4.500000000000003600, -3.850000000000002800 ) ) ;
#808 = CARTESIAN_POINT ( 'NONE',  ( -1.375000000000000900, -0.6000000000000005300, -1.845132307101624800 ) ) ;
#809 = ORIENTED_EDGE ( 'NONE', *, *, #2043, .T. ) ;
#810 = AXIS2_PLACEMENT_3D ( 'NONE', #1477, #3216, #1206 ) ;
#811 = DIRECTION ( 'NONE',  ( -0.0000000000000000000, 0.0000000000000000000, 1.000000000000000000 ) ) ;
#812 = ORIENTED_EDGE ( 'NONE', *, *, #1026, .F. ) ;
#813 = DIRECTION ( 'NONE',  ( 8.462065736472233800E-016, -1.000000000000000000, 1.057758217059029200E-016 ) ) ;
#814 = LINE ( 'NONE', #2122, #1326 ) ;
#815 = ORIENTED_EDGE ( 'NONE', *, *, #1025, .F. ) ;
#816 = CARTESIAN_POINT ( 'NONE',  ( -2.149999999999999500, -3.150000000000000400, -500000.0000000000600 ) ) ;
#817 = CARTESIAN_POINT ( 'NONE',  ( -2.149999999999999000, -4.000000000000000900, -0.3999999999999997400 ) ) ;
#818 = VECTOR ( 'NONE', #69, 1000.000000000000000 ) ;
#819 = ORIENTED_EDGE ( 'NONE', *, *, #444, .F. ) ;
#820 = EDGE_CURVE ( 'NONE', #522, #2149, #1410, .T. ) ;
#821 = VECTOR ( 'NONE', #2298, 1000.000000000000000 ) ;
#822 = PLANE ( 'NONE',  #1037 ) ;
#823 = LINE ( 'NONE', #908, #505 ) ;
#824 = CARTESIAN_POINT ( 'NONE',  ( -4.699999999999995700, -4.500000000000002700, 1.940000000000000600 ) ) ;
#825 =( NAMED_UNIT ( * ) SI_UNIT ( $, .STERADIAN. ) SOLID_ANGLE_UNIT ( ) );
#826 = AXIS2_PLACEMENT_3D ( 'NONE', #681, #2686, #697 ) ;
#827 = LINE ( 'NONE', #852, #234 ) ;
#828 = VECTOR ( 'NONE', #319, 1000.000000000000000 ) ;
#829 = DIRECTION ( 'NONE',  ( 0.0000000000000000000, -1.000000000000000000, 0.0000000000000000000 ) ) ;
#830 =( NAMED_UNIT ( * ) PLANE_ANGLE_UNIT ( ) SI_UNIT ( $, .RADIAN. ) );
#831 = CARTESIAN_POINT ( 'NONE',  ( -4.499999999999999100, -2.250000000000000900, -3.449999999999999700 ) ) ;
#832 = ORIENTED_EDGE ( 'NONE', *, *, #691, .T. ) ;
#833 = DIRECTION ( 'NONE',  ( -1.000000000000000000, 0.0000000000000000000, -0.0000000000000000000 ) ) ;
#834 = ORIENTED_EDGE ( 'NONE', *, *, #1000, .T. ) ;
#835 = CARTESIAN_POINT ( 'NONE',  ( -2.049999999999998900, -1.800000000000000000, -0.6099999999999999900 ) ) ;
#836 = ORIENTED_EDGE ( 'NONE', *, *, #2450, .F. ) ;
#837 = VECTOR ( 'NONE', #3033, 1000.000000000000000 ) ;
#838 = CARTESIAN_POINT ( 'NONE',  ( -0.7499999999999997800, -4.000000000000000900, -0.3999999999999997400 ) ) ;
#839 = LINE ( 'NONE', #712, #2760 ) ;
#840 =( GEOMETRIC_REPRESENTATION_CONTEXT ( 3 ) GLOBAL_UNCERTAINTY_ASSIGNED_CONTEXT ( ( #1419 ) ) GLOBAL_UNIT_ASSIGNED_CONTEXT ( ( #91, #345, #1089 ) ) REPRESENTATION_CONTEXT ( 'NONE', 'WORKASPACE' ) );
#841 = DIRECTION ( 'NONE',  ( -1.000000000000000000, 0.0000000000000000000, -0.0000000000000000000 ) ) ;
#842 = EDGE_LOOP ( 'NONE', ( #464, #1970, #2004, #2799, #482, #1819 ) ) ;
#843 = UNCERTAINTY_MEASURE_WITH_UNIT (LENGTH_MEASURE( 1.000000000000000100E-005 ), #564, 'distance_accuracy_value', 'NONE');
#844 =( NAMED_UNIT ( * ) SI_UNIT ( $, .STERADIAN. ) SOLID_ANGLE_UNIT ( ) );
#845 = VECTOR ( 'NONE', #2432, 1000.000000000000000 ) ;
#846 = VERTEX_POINT ( 'NONE', #1461 ) ;
#847 = AXIS2_PLACEMENT_3D ( 'NONE', #1966, #2706, #443 ) ;
#848 = PLANE ( 'NONE',  #1748 ) ;
#849 = VERTEX_POINT ( 'NONE', #3213 ) ;
#850 = EDGE_CURVE ( 'NONE', #2694, #2966, #1975, .T. ) ;
#851 = LINE ( 'NONE', #1741, #2301 ) ;
#852 = CARTESIAN_POINT ( 'NONE',  ( -4.249999999999999100, -4.000000000000000900, -0.3999999999999997400 ) ) ;
#853 = ORIENTED_EDGE ( 'NONE', *, *, #162, .F. ) ;
#854 = CARTESIAN_POINT ( 'NONE',  ( 0.0000000000000000000, 8.673617379884033500E-016, 1.950000000000000400 ) ) ;
#855 = VECTOR ( 'NONE', #2551, 1000.000000000000000 ) ;
#856 = VERTEX_POINT ( 'NONE', #2232 ) ;
#857 = VERTEX_POINT ( 'NONE', #1224 ) ;
#858 = DIRECTION ( 'NONE',  ( 0.0000000000000000000, 1.000000000000000000, -1.057758217059029200E-016 ) ) ;
#859 = CARTESIAN_POINT ( 'NONE',  ( -0.3000000000000000400, -2.450000000000000600, 1.940000000000000400 ) ) ;
#860 = EDGE_CURVE ( 'NONE', #2410, #271, #710, .T. ) ;
#861 = PLANE ( 'NONE',  #247 ) ;
#862 = DIRECTION ( 'NONE',  ( -1.000000000000000000, 0.0000000000000000000, 0.0000000000000000000 ) ) ;
#863 = EDGE_CURVE ( 'NONE', #1132, #1488, #1215, .T. ) ;
#864 = EDGE_CURVE ( 'NONE', #3005, #329, #943, .T. ) ;
#865 = DIRECTION ( 'NONE',  ( 1.000000000000000000, 0.0000000000000000000, -0.0000000000000000000 ) ) ;
#866 = VECTOR ( 'NONE', #1759, 1000.000000000000000 ) ;
#867 = AXIS2_PLACEMENT_3D ( 'NONE', #3032, #1328, #1577 ) ;
#868 = DIRECTION ( 'NONE',  ( 0.0000000000000000000, 1.000000000000000000, 7.709882115452479200E-016 ) ) ;
#869 = CARTESIAN_POINT ( 'NONE',  ( -1.375000000000000900, -0.6000000000000005300, 1.950000000000000400 ) ) ;
#870 = LINE ( 'NONE', #1087, #423 ) ;
#871 = ORIENTED_EDGE ( 'NONE', *, *, #500, .F. ) ;
#872 = FILL_AREA_STYLE ('',( #254 ) ) ;
#873 = VECTOR ( 'NONE', #2160, 1000.000000000000000 ) ;
#874 = DIRECTION ( 'NONE',  ( 1.000000000000000000, 0.0000000000000000000, 0.0000000000000000000 ) ) ;
#875 = VERTEX_POINT ( 'NONE', #449 ) ;
#876 = CARTESIAN_POINT ( 'NONE',  ( -0.5000000000000000000, -4.400000000000000400, 1.950000000000000000 ) ) ;
#877 = ORIENTED_EDGE ( 'NONE', *, *, #582, .F. ) ;
#878 = ORIENTED_EDGE ( 'NONE', *, *, #951, .F. ) ;
#879 = DIRECTION ( 'NONE',  ( 8.673617379883996000E-016, 1.000000000000000000, 0.0000000000000000000 ) ) ;
#880 = LINE ( 'NONE', #1578, #2332 ) ;
#881 = CARTESIAN_POINT ( 'NONE',  ( -4.499999999999998200, -2.450000000000002400, 1.940000000000000400 ) ) ;
#882 = ORIENTED_EDGE ( 'NONE', *, *, #693, .T. ) ;
#883 = DIRECTION ( 'NONE',  ( 1.000000000000000000, -0.0000000000000000000, -0.0000000000000000000 ) ) ;
#884 = ORIENTED_EDGE ( 'NONE', *, *, #1090, .T. ) ;
#885 = VECTOR ( 'NONE', #916, 1000.000000000000000 ) ;
#886 = ORIENTED_EDGE ( 'NONE', *, *, #2732, .T. ) ;
#887 = UNCERTAINTY_MEASURE_WITH_UNIT (LENGTH_MEASURE( 1.000000000000000100E-005 ), #2770, 'distance_accuracy_value', 'NONE');
#888 = DIRECTION ( 'NONE',  ( 0.0000000000000000000, -3.854941057726238100E-016, -1.000000000000000000 ) ) ;
#889 = EDGE_CURVE ( 'NONE', #2327, #2213, #2970, .T. ) ;
#890 = FILL_AREA_STYLE ('',( #376 ) ) ;
#891 =( GEOMETRIC_REPRESENTATION_CONTEXT ( 3 ) GLOBAL_UNCERTAINTY_ASSIGNED_CONTEXT ( ( #1919 ) ) GLOBAL_UNIT_ASSIGNED_CONTEXT ( ( #945, #2174, #2404 ) ) REPRESENTATION_CONTEXT ( 'NONE', 'WORKASPACE' ) );
#892 = VERTEX_POINT ( 'NONE', #1474 ) ;
#893 = DIRECTION ( 'NONE',  ( 0.0000000000000000000, 1.000000000000000000, 5.421010862427521200E-016 ) ) ;
#894 = ORIENTED_EDGE ( 'NONE', *, *, #1611, .T. ) ;
#895 = EDGE_CURVE ( 'NONE', #1390, #3187, #3127, .T. ) ;
#896 = ORIENTED_EDGE ( 'NONE', *, *, #1136, .T. ) ;
#897 = LINE ( 'NONE', #2584, #660 ) ;
#898 = ORIENTED_EDGE ( 'NONE', *, *, #1066, .T. ) ;
#899 = CARTESIAN_POINT ( 'NONE',  ( -1.399999999999999900, -3.449999999999999300, -4.050000000000002500 ) ) ;
#900 = CARTESIAN_POINT ( 'NONE',  ( -0.6999999999999988500, -2.100000000000000100, -1.799999999999999600 ) ) ;
#901 = LINE ( 'NONE', #2788, #866 ) ;
#902 = EDGE_CURVE ( 'NONE', #2988, #875, #2316, .T. ) ;
#903 = VECTOR ( 'NONE', #1652, 1000.000000000000000 ) ;
#904 = CARTESIAN_POINT ( 'NONE',  ( -3.624999999999999600, -0.3499999999999996400, -1.845132307101624800 ) ) ;
#905 = FACE_OUTER_BOUND ( 'NONE', #2488, .T. ) ;
#906 = LINE ( 'NONE', #1621, #1449 ) ;
#907 = STYLED_ITEM ( 'NONE', ( #1442 ), #1240 ) ;
#908 = CARTESIAN_POINT ( 'NONE',  ( -4.500000000000000900, -1.692413147294447000E-015, -4.049999999999999800 ) ) ;
#909 = FILL_AREA_STYLE ('',( #399 ) ) ;
#910 = ORIENTED_EDGE ( 'NONE', *, *, #3168, .T. ) ;
#911 = LINE ( 'NONE', #2582, #307 ) ;
#912 = CARTESIAN_POINT ( 'NONE',  ( -4.649999999999999500, -2.100000000000000100, -1.799999999999999600 ) ) ;
#913 = VERTEX_POINT ( 'NONE', #1972 ) ;
#914 = CARTESIAN_POINT ( 'NONE',  ( -3.624999999999999600, -0.3499999999999996400, -0.04999999999999969700 ) ) ;
#915 = SURFACE_STYLE_FILL_AREA ( #2558 ) ;
#916 = DIRECTION ( 'NONE',  ( 0.0000000000000000000, -1.000000000000000000, 0.0000000000000000000 ) ) ;
#917 = VERTEX_POINT ( 'NONE', #1981 ) ;
#918 = LINE ( 'NONE', #1176, #679 ) ;
#919 = VERTEX_POINT ( 'NONE', #2207 ) ;
#920 = COLOUR_RGB ( '',0.7529411764705882200, 0.7529411764705882200, 0.7529411764705882200 ) ;
#921 = EDGE_CURVE ( 'NONE', #2778, #2325, #2938, .T. ) ;
#922 = DIRECTION ( 'NONE',  ( 0.0000000000000000000, 1.057758217059028900E-016, 1.000000000000000000 ) ) ;
#923 = ORIENTED_EDGE ( 'NONE', *, *, #729, .T. ) ;
#924 = DIRECTION ( 'NONE',  ( 1.000000000000000000, 0.0000000000000000000, 0.0000000000000000000 ) ) ;
#925 = LINE ( 'NONE', #707, #650 ) ;
#926 = ORIENTED_EDGE ( 'NONE', *, *, #599, .F. ) ;
#927 = ADVANCED_FACE ( 'NONE', ( #1374 ), #473, .T. ) ;
#928 = VECTOR ( 'NONE', #1634, 1000.000000000000000 ) ;
#929 = CARTESIAN_POINT ( 'NONE',  ( -0.6999999999999988500, -0.8000000000000001600, -1.799999999999999600 ) ) ;
#930 = PRESENTATION_LAYER_ASSIGNMENT (  '', '', ( #1774 ) ) ;
#931 = VECTOR ( 'NONE', #1910, 1000.000000000000000 ) ;
#932 = FILL_AREA_STYLE ('',( #678 ) ) ;
#933 = ORIENTED_EDGE ( 'NONE', *, *, #1941, .F. ) ;
#934 = DIRECTION ( 'NONE',  ( 0.0000000000000000000, 1.000000000000000000, 0.0000000000000000000 ) ) ;
#935 = LINE ( 'NONE', #2638, #1523 ) ;
#936 = CARTESIAN_POINT ( 'NONE',  ( -4.249999999999999100, -3.650000000000000400, -0.3999999999999997400 ) ) ;
#937 = VERTEX_POINT ( 'NONE', #1441 ) ;
#938 = EDGE_LOOP ( 'NONE', ( #923, #2577, #1347, #1967, #2754, #2855, #933, #1383 ) ) ;
#939 = PLANE ( 'NONE',  #2418 ) ;
#940 = SURFACE_STYLE_USAGE ( .BOTH. , #410 ) ;
#941 = VECTOR ( 'NONE', #327, 1000.000000000000000 ) ;
#942 = EDGE_CURVE ( 'NONE', #3066, #1714, #2471, .T. ) ;
#943 = LINE ( 'NONE', #2960, #1018 ) ;
#944 = ADVANCED_FACE ( 'NONE', ( #1612 ), #2002, .F. ) ;
#945 =( LENGTH_UNIT ( ) NAMED_UNIT ( * ) SI_UNIT ( .MILLI., .METRE. ) );
#946 = PRESENTATION_STYLE_ASSIGNMENT (( #1124 ) ) ;
#947 =( NAMED_UNIT ( * ) SI_UNIT ( $, .STERADIAN. ) SOLID_ANGLE_UNIT ( ) );
#948 = VERTEX_POINT ( 'NONE', #2487 ) ;
#949 = CARTESIAN_POINT ( 'NONE',  ( -0.7499999999999997800, -3.649999999999999900, -2.600000000000000100 ) ) ;
#950 = LINE ( 'NONE', #2620, #1862 ) ;
#951 = EDGE_CURVE ( 'NONE', #2740, #2451, #984, .T. ) ;
#952 = ORIENTED_EDGE ( 'NONE', *, *, #2637, .T. ) ;
#953 = MECHANICAL_DESIGN_GEOMETRIC_PRESENTATION_REPRESENTATION (  '', ( #2363 ), #1285 ) ;
#954 = ORIENTED_EDGE ( 'NONE', *, *, #1363, .F. ) ;
#955 = VECTOR ( 'NONE', #52, 1000.000000000000000 ) ;
#956 = VECTOR ( 'NONE', #529, 1000.000000000000000 ) ;
#957 = CARTESIAN_POINT ( 'NONE',  ( -4.699999999999997500, -2.450000000000002800, -0.2599999999999997900 ) ) ;
#958 = VERTEX_POINT ( 'NONE', #2519 ) ;
#959 = EDGE_CURVE ( 'NONE', #937, #1930, #1813, .T. ) ;
#960 = FACE_OUTER_BOUND ( 'NONE', #1252, .T. ) ;
#961 = ADVANCED_FACE ( 'NONE', ( #2655 ), #2036, .F. ) ;
#962 = VERTEX_POINT ( 'NONE', #1502 ) ;
#963 = DIRECTION ( 'NONE',  ( -1.239088197126291100E-016, 1.000000000000000000, 0.0000000000000000000 ) ) ;
#964 = COLOUR_RGB ( '',0.7529411764705882200, 0.7529411764705882200, 0.7529411764705882200 ) ;
#965 = VECTOR ( 'NONE', #1952, 1000.000000000000000 ) ;
#966 = EDGE_CURVE ( 'NONE', #2279, #22, #2901, .T. ) ;
#967 = EDGE_CURVE ( 'NONE', #1549, #3050, #624, .T. ) ;
#968 = EDGE_CURVE ( 'NONE', #436, #3005, #1141, .T. ) ;
#969 = LINE ( 'NONE', #1362, #1673 ) ;
#970 = VERTEX_POINT ( 'NONE', #1767 ) ;
#971 = EDGE_CURVE ( 'NONE', #528, #1380, #2161, .T. ) ;
#972 = AXIS2_PLACEMENT_3D ( 'NONE', #1554, #46, #270 ) ;
#973 = ORIENTED_EDGE ( 'NONE', *, *, #2833, .F. ) ;
#974 = CARTESIAN_POINT ( 'NONE',  ( -0.3000000000000000400, -2.450000000000000600, 1.940000000000000400 ) ) ;
#975 = DIRECTION ( 'NONE',  ( -1.239088197126290100E-016, 1.000000000000000000, 0.0000000000000000000 ) ) ;
#976 = EDGE_LOOP ( 'NONE', ( #1210, #2523, #591, #3159 ) ) ;
#977 = DIRECTION ( 'NONE',  ( -1.000000000000000000, 0.0000000000000000000, 0.0000000000000000000 ) ) ;
#978 = DIRECTION ( 'NONE',  ( 0.0000000000000000000, -1.000000000000000000, 0.0000000000000000000 ) ) ;
#979 = STYLED_ITEM ( 'NONE', ( #2022 ), #2881 ) ;
#980 = ADVANCED_FACE ( 'NONE', ( #42 ), #1775, .F. ) ;
#981 = LINE ( 'NONE', #2814, #3158 ) ;
#982 = DIRECTION ( 'NONE',  ( 0.0000000000000000000, 0.0000000000000000000, 1.000000000000000000 ) ) ;
#983 = PRODUCT_DEFINITION ( 'UNKNOWN', '', #2763, #1729 ) ;
#984 = LINE ( 'NONE', #2980, #196 ) ;
#985 = CARTESIAN_POINT ( 'NONE',  ( 0.0000000000000000000, -2.249999999999999100, -3.449999999999999700 ) ) ;
#986 = VECTOR ( 'NONE', #2370, 1000.000000000000000 ) ;
#987 = LINE ( 'NONE', #3042, #1734 ) ;
#988 = DIRECTION ( 'NONE',  ( 0.0000000000000000000, 0.0000000000000000000, -1.000000000000000000 ) ) ;
#989 = VERTEX_POINT ( 'NONE', #2273 ) ;
#990 = ORIENTED_EDGE ( 'NONE', *, *, #2137, .T. ) ;
#991 = VECTOR ( 'NONE', #2299, 1000.000000000000000 ) ;
#992 = DIRECTION ( 'NONE',  ( -0.0000000000000000000, -1.000000000000000000, -5.981805089575192300E-016 ) ) ;
#993 = EDGE_LOOP ( 'NONE', ( #2000, #1163, #2912, #1507, #1916, #2555 ) ) ;
#994 = ORIENTED_EDGE ( 'NONE', *, *, #691, .F. ) ;
#995 = VECTOR ( 'NONE', #1372, 1000.000000000000000 ) ;
#996 = STYLED_ITEM ( 'NONE', ( #562 ), #2225 ) ;
#997 = ORIENTED_EDGE ( 'NONE', *, *, #1466, .T. ) ;
#998 = FILL_AREA_STYLE_COLOUR ( '', #920 ) ;
#999 = LINE ( 'NONE', #936, #2333 ) ;
#1000 = EDGE_CURVE ( 'NONE', #1925, #1942, #3200, .T. ) ;
#1001 = ORIENTED_EDGE ( 'NONE', *, *, #1850, .T. ) ;
#1002 = EDGE_CURVE ( 'NONE', #2587, #2466, #301, .T. ) ;
#1003 = VECTOR ( 'NONE', #96, 1000.000000000000000 ) ;
#1004 = LINE ( 'NONE', #2030, #965 ) ;
#1005 = DIRECTION ( 'NONE',  ( 0.0000000000000000000, -1.000000000000000000, 0.0000000000000000000 ) ) ;
#1006 = CARTESIAN_POINT ( 'NONE',  ( -0.7499999999999997800, -3.649999999999999500, -0.3999999999999997400 ) ) ;
#1007 = EDGE_CURVE ( 'NONE', #1013, #398, #1567, .T. ) ;
#1008 = ADVANCED_FACE ( 'NONE', ( #2191 ), #248, .T. ) ;
#1009 = VERTEX_POINT ( 'NONE', #2254 ) ;
#1010 = DIRECTION ( 'NONE',  ( 1.000000000000000000, 2.710505431213774400E-016, 0.0000000000000000000 ) ) ;
#1011 =( GEOMETRIC_REPRESENTATION_CONTEXT ( 3 ) GLOBAL_UNCERTAINTY_ASSIGNED_CONTEXT ( ( #642 ) ) GLOBAL_UNIT_ASSIGNED_CONTEXT ( ( #1695, #1504, #1997 ) ) REPRESENTATION_CONTEXT ( 'NONE', 'WORKASPACE' ) );
#1012 = ORIENTED_EDGE ( 'NONE', *, *, #3208, .T. ) ;
#1013 = VERTEX_POINT ( 'NONE', #1801 ) ;
#1014 = DIRECTION ( 'NONE',  ( 0.0000000000000000000, 0.0000000000000000000, 1.000000000000000000 ) ) ;
#1015 =( LENGTH_UNIT ( ) NAMED_UNIT ( * ) SI_UNIT ( .MILLI., .METRE. ) );
#1016 = VECTOR ( 'NONE', #2843, 1000.000000000000000 ) ;
#1017 = EDGE_CURVE ( 'NONE', #2929, #2988, #901, .T. ) ;
#1018 = VECTOR ( 'NONE', #2454, 1000.000000000000000 ) ;
#1019 = VECTOR ( 'NONE', #1069, 1000.000000000000000 ) ;
#1020 = UNCERTAINTY_MEASURE_WITH_UNIT (LENGTH_MEASURE( 1.000000000000000100E-005 ), #2520, 'distance_accuracy_value', 'NONE');
#1021 = CARTESIAN_POINT ( 'NONE',  ( -4.499999999999996400, -4.500000000000002700, -0.2599999999999996200 ) ) ;
#1022 = VERTEX_POINT ( 'NONE', #2052 ) ;
#1023 = VECTOR ( 'NONE', #373, 1000.000000000000000 ) ;
#1024 = DIRECTION ( 'NONE',  ( 8.462065736472233800E-016, -1.000000000000000000, 0.0000000000000000000 ) ) ;
#1025 = EDGE_CURVE ( 'NONE', #1742, #2279, #2233, .T. ) ;
#1026 = EDGE_CURVE ( 'NONE', #102, #677, #224, .T. ) ;
#1027 = PRESENTATION_STYLE_ASSIGNMENT (( #1102 ) ) ;
#1028 = ORIENTED_EDGE ( 'NONE', *, *, #582, .T. ) ;
#1029 = CARTESIAN_POINT ( 'NONE',  ( -4.499999999999999100, -2.250000000000000900, -4.050000000000001600 ) ) ;
#1030 = AXIS2_PLACEMENT_3D ( 'NONE', #2834, #632, #2392 ) ;
#1031 = VERTEX_POINT ( 'NONE', #302 ) ;
#1032 = LINE ( 'NONE', #615, #2106 ) ;
#1033 =( NAMED_UNIT ( * ) PLANE_ANGLE_UNIT ( ) SI_UNIT ( $, .RADIAN. ) );
#1034 = DIRECTION ( 'NONE',  ( -0.0000000000000000000, 0.0000000000000000000, -1.000000000000000000 ) ) ;
#1035 = EDGE_LOOP ( 'NONE', ( #2521, #1274, #1055, #770 ) ) ;
#1036 = LINE ( 'NONE', #1049, #1909 ) ;
#1037 = AXIS2_PLACEMENT_3D ( 'NONE', #1601, #2870, #2393 ) ;
#1038 =( NAMED_UNIT ( * ) PLANE_ANGLE_UNIT ( ) SI_UNIT ( $, .RADIAN. ) );
#1039 = DIRECTION ( 'NONE',  ( -0.0000000000000000000, 1.000000000000000000, -0.0000000000000000000 ) ) ;
#1040 = CARTESIAN_POINT ( 'NONE',  ( -3.400000000000000400, -4.500000000000003600, -3.850000000000002800 ) ) ;
#1041 = VERTEX_POINT ( 'NONE', #2346 ) ;
#1042 = CARTESIAN_POINT ( 'NONE',  ( -0.3500000000000000300, -0.8000000000000001600, -1.799999999999999600 ) ) ;
#1043 = LINE ( 'NONE', #2883, #2252 ) ;
#1044 = AXIS2_PLACEMENT_3D ( 'NONE', #2198, #1688, #1696 ) ;
#1045 = EDGE_CURVE ( 'NONE', #3101, #2562, #1609, .T. ) ;
#1046 = FILL_AREA_STYLE_COLOUR ( '', #3212 ) ;
#1047 =( NAMED_UNIT ( * ) PLANE_ANGLE_UNIT ( ) SI_UNIT ( $, .RADIAN. ) );
#1048 = COLOUR_RGB ( '',0.7529411764705882200, 0.7529411764705882200, 0.7529411764705882200 ) ;
#1049 = CARTESIAN_POINT ( 'NONE',  ( -0.3000000000000000400, -3.750000000000000900, 1.300000000000000300 ) ) ;
#1050 = DIRECTION ( 'NONE',  ( -0.0000000000000000000, -0.0000000000000000000, 1.000000000000000000 ) ) ;
#1051 = SURFACE_SIDE_STYLE ('',( #3204 ) ) ;
#1052 = VERTEX_POINT ( 'NONE', #3088 ) ;
#1053 = EDGE_CURVE ( 'NONE', #1429, #412, #774, .T. ) ;
#1054 = DIRECTION ( 'NONE',  ( 0.0000000000000000000, -1.000000000000000000, -9.856383386231856400E-017 ) ) ;
#1055 = ORIENTED_EDGE ( 'NONE', *, *, #2732, .F. ) ;
#1056 = ORIENTED_EDGE ( 'NONE', *, *, #2181, .F. ) ;
#1057 = CARTESIAN_POINT ( 'NONE',  ( -4.499999999999999100, -2.450000000000002000, 1.950000000000000400 ) ) ;
#1058 = LINE ( 'NONE', #763, #381 ) ;
#1059 = ORIENTED_EDGE ( 'NONE', *, *, #258, .T. ) ;
#1060 = CARTESIAN_POINT ( 'NONE',  ( -2.949999999999998800, -1.800000000000000300, -1.800000000000000000 ) ) ;
#1061 = SURFACE_SIDE_STYLE ('',( #437 ) ) ;
#1062 = STYLED_ITEM ( 'NONE', ( #2845 ), #1961 ) ;
#1063 = PRESENTATION_STYLE_ASSIGNMENT (( #2283 ) ) ;
#1064 = CARTESIAN_POINT ( 'NONE',  ( -1.399999999999999900, -4.200000000000002800, -4.050000000000002500 ) ) ;
#1065 = DIRECTION ( 'NONE',  ( -0.0000000000000000000, -0.0000000000000000000, 1.000000000000000000 ) ) ;
#1066 = EDGE_CURVE ( 'NONE', #1867, #1457, #665, .T. ) ;
#1067 = VECTOR ( 'NONE', #1642, 1000.000000000000000 ) ;
#1068 = DIRECTION ( 'NONE',  ( 8.462065736472234800E-016, -1.000000000000000000, 6.672013369141566200E-016 ) ) ;
#1069 = DIRECTION ( 'NONE',  ( 0.0000000000000000000, 1.000000000000000000, 0.0000000000000000000 ) ) ;
#1070 = CARTESIAN_POINT ( 'NONE',  ( -3.425000000000000300, -1.800000000000000700, -0.04999999999999969700 ) ) ;
#1071 = VECTOR ( 'NONE', #782, 1000.000000000000000 ) ;
#1072 = LINE ( 'NONE', #530, #1184 ) ;
#1073 = ORIENTED_EDGE ( 'NONE', *, *, #2688, .T. ) ;
#1074 = CARTESIAN_POINT ( 'NONE',  ( -4.499999999999997300, -4.400000000000003000, -0.2999999999999999300 ) ) ;
#1075 = ORIENTED_EDGE ( 'NONE', *, *, #1594, .F. ) ;
#1076 = EDGE_CURVE ( 'NONE', #2213, #2899, #1212, .T. ) ;
#1077 = CARTESIAN_POINT ( 'NONE',  ( -1.600000000000000100, -4.200000000000002800, -4.850000000000002300 ) ) ;
#1078 = VERTEX_POINT ( 'NONE', #1322 ) ;
#1079 = ORIENTED_EDGE ( 'NONE', *, *, #1678, .F. ) ;
#1080 = DIRECTION ( 'NONE',  ( -1.000000000000000000, -8.462065736472234800E-016, -0.0000000000000000000 ) ) ;
#1081 = AXIS2_PLACEMENT_3D ( 'NONE', #1733, #1996, #2256 ) ;
#1082 = ORIENTED_EDGE ( 'NONE', *, *, #850, .F. ) ;
#1083 = LINE ( 'NONE', #1179, #885 ) ;
#1084 = VECTOR ( 'NONE', #1152, 1000.000000000000000 ) ;
#1085 = DIRECTION ( 'NONE',  ( 0.0000000000000000000, -1.000000000000000000, -0.0000000000000000000 ) ) ;
#1086 = ORIENTED_EDGE ( 'NONE', *, *, #3219, .T. ) ;
#1087 = CARTESIAN_POINT ( 'NONE',  ( -2.149999999999999500, -3.650000000000000400, -2.599999999972624200 ) ) ;
#1088 = LINE ( 'NONE', #2944, #2957 ) ;
#1089 =( NAMED_UNIT ( * ) SI_UNIT ( $, .STERADIAN. ) SOLID_ANGLE_UNIT ( ) );
#1090 = EDGE_CURVE ( 'NONE', #1830, #785, #1138, .T. ) ;
#1091 = COLOUR_RGB ( '',0.7529411764705882200, 0.7529411764705882200, 0.7529411764705882200 ) ;
#1092 = CARTESIAN_POINT ( 'NONE',  ( -0.5000000000000000000, -3.750000000000001300, 1.950000000000000400 ) ) ;
#1093 = VERTEX_POINT ( 'NONE', #1823 ) ;
#1094 = CARTESIAN_POINT ( 'NONE',  ( -4.299999999999998000, -2.100000000000000500, -4.173411897755956400 ) ) ;
#1095 = CARTESIAN_POINT ( 'NONE',  ( -0.5000000000000000000, -2.249999999999999100, -4.050000000000001600 ) ) ;
#1096 = FACE_OUTER_BOUND ( 'NONE', #168, .T. ) ;
#1097 = ORIENTED_EDGE ( 'NONE', *, *, #507, .T. ) ;
#1098 = AXIS2_PLACEMENT_3D ( 'NONE', #1311, #586, #2831 ) ;
#1099 = LINE ( 'NONE', #1295, #342 ) ;
#1100 = FACE_OUTER_BOUND ( 'NONE', #1956, .T. ) ;
#1101 = CARTESIAN_POINT ( 'NONE',  ( -0.3500000000000004800, -2.100000000000000100, 1.950000000000000400 ) ) ;
#1102 = SURFACE_STYLE_USAGE ( .BOTH. , #592 ) ;
#1103 = DIRECTION ( 'NONE',  ( 0.0000000000000000000, 0.0000000000000000000, 1.000000000000000000 ) ) ;
#1104 = AXIS2_PLACEMENT_3D ( 'NONE', #92, #625, #1103 ) ;
#1105 = CARTESIAN_POINT ( 'NONE',  ( -4.699999999999996600, -3.750000000000001800, -0.2999999999999999300 ) ) ;
#1106 = LINE ( 'NONE', #2071, #2865 ) ;
#1107 = PLANE ( 'NONE',  #1512 ) ;
#1108 = EDGE_CURVE ( 'NONE', #875, #2585, #1683, .T. ) ;
#1109 = ORIENTED_EDGE ( 'NONE', *, *, #531, .F. ) ;
#1110 = EDGE_CURVE ( 'NONE', #3206, #2243, #1099, .T. ) ;
#1111 = LINE ( 'NONE', #876, #784 ) ;
#1112 = DIRECTION ( 'NONE',  ( -0.0000000000000000000, -0.0000000000000000000, 1.000000000000000000 ) ) ;
#1113 = CARTESIAN_POINT ( 'NONE',  ( -3.400000000000000400, -4.400000000000000400, -3.750000000000000000 ) ) ;
#1114 = LINE ( 'NONE', #1284, #1453 ) ;
#1115 = VERTEX_POINT ( 'NONE', #1834 ) ;
#1116 = DIRECTION ( 'NONE',  ( -1.000000000000000000, -4.231032868236116900E-016, -0.0000000000000000000 ) ) ;
#1117 = DIRECTION ( 'NONE',  ( 1.000000000000000000, -0.0000000000000000000, 0.0000000000000000000 ) ) ;
#1118 = VECTOR ( 'NONE', #2765, 1000.000000000000000 ) ;
#1119 = CARTESIAN_POINT ( 'NONE',  ( -4.299999999999998000, -2.100000000000000500, -1.799999999999999600 ) ) ;
#1120 = CARTESIAN_POINT ( 'NONE',  ( 0.0000000000000000000, 0.0000000000000000000, -0.3999999999999997400 ) ) ;
#1121 = EDGE_LOOP ( 'NONE', ( #2105, #2142, #2108, #49, #1993, #1822 ) ) ;
#1122 = MECHANICAL_DESIGN_GEOMETRIC_PRESENTATION_REPRESENTATION (  '', ( #1428 ), #840 ) ;
#1123 = VERTEX_POINT ( 'NONE', #1064 ) ;
#1124 = SURFACE_STYLE_USAGE ( .BOTH. , #2629 ) ;
#1125 =( NAMED_UNIT ( * ) PLANE_ANGLE_UNIT ( ) SI_UNIT ( $, .RADIAN. ) );
#1126 = ORIENTED_EDGE ( 'NONE', *, *, #467, .T. ) ;
#1127 = AXIS2_PLACEMENT_3D ( 'NONE', #2307, #802, #2560 ) ;
#1128 = ORIENTED_EDGE ( 'NONE', *, *, #1076, .T. ) ;
#1129 = UNCERTAINTY_MEASURE_WITH_UNIT (LENGTH_MEASURE( 1.000000000000000100E-005 ), #1216, 'distance_accuracy_value', 'NONE');
#1130 = DIRECTION ( 'NONE',  ( -0.0000000000000000000, -0.0000000000000000000, 1.000000000000000000 ) ) ;
#1131 = CARTESIAN_POINT ( 'NONE',  ( -4.499999999999997300, -3.750000000000001800, -0.2999999999999999300 ) ) ;
#1132 = VERTEX_POINT ( 'NONE', #2550 ) ;
#1133 = CARTESIAN_POINT ( 'NONE',  ( -4.249999999999999100, -3.650000000000000400, -2.600000000000000100 ) ) ;
#1134 = VERTEX_POINT ( 'NONE', #290 ) ;
#1135 = VERTEX_POINT ( 'NONE', #2087 ) ;
#1136 = EDGE_CURVE ( 'NONE', #1549, #485, #2544, .T. ) ;
#1137 = CARTESIAN_POINT ( 'NONE',  ( -0.5000000000000000000, -0.6500000000000001300, -2.149999999999999900 ) ) ;
#1138 = LINE ( 'NONE', #2323, #1016 ) ;
#1139 = VERTEX_POINT ( 'NONE', #570 ) ;
#1140 = CARTESIAN_POINT ( 'NONE',  ( -4.499999999999997300, -3.750000000000002700, 1.300000000000000300 ) ) ;
#1141 = LINE ( 'NONE', #266, #161 ) ;
#1142 = ORIENTED_EDGE ( 'NONE', *, *, #967, .F. ) ;
#1143 = DIRECTION ( 'NONE',  ( 0.0000000000000000000, 1.000000000000000000, 3.942553354492743000E-016 ) ) ;
#1144 = ADVANCED_FACE ( 'NONE', ( #416 ), #2581, .F. ) ;
#1145 = MECHANICAL_DESIGN_GEOMETRIC_PRESENTATION_REPRESENTATION (  '', ( #979 ), #1478 ) ;
#1146 = CARTESIAN_POINT ( 'NONE',  ( -1.574999999999999500, -0.3499999999999994200, -3.449999999999999700 ) ) ;
#1147 = EDGE_LOOP ( 'NONE', ( #2580, #1658, #374, #3173, #2529, #1153 ) ) ;
#1148 = EDGE_LOOP ( 'NONE', ( #1073, #2830, #2726, #1676, #2984, #2502 ) ) ;
#1149 = DIRECTION ( 'NONE',  ( 0.0000000000000000000, 0.0000000000000000000, -1.000000000000000000 ) ) ;
#1150 = ORIENTED_EDGE ( 'NONE', *, *, #1594, .T. ) ;
#1151 = DIRECTION ( 'NONE',  ( 0.0000000000000000000, 0.0000000000000000000, -1.000000000000000000 ) ) ;
#1152 = DIRECTION ( 'NONE',  ( 0.0000000000000000000, 1.000000000000000000, 0.0000000000000000000 ) ) ;
#1153 = ORIENTED_EDGE ( 'NONE', *, *, #967, .T. ) ;
#1154 = DIRECTION ( 'NONE',  ( 0.0000000000000000000, 0.0000000000000000000, -1.000000000000000000 ) ) ;
#1155 = LINE ( 'NONE', #3152, #1388 ) ;
#1156 = DIRECTION ( 'NONE',  ( 0.0000000000000000000, 0.0000000000000000000, -1.000000000000000000 ) ) ;
#1157 = LINE ( 'NONE', #1195, #400 ) ;
#1158 = ORIENTED_EDGE ( 'NONE', *, *, #864, .T. ) ;
#1159 = DIRECTION ( 'NONE',  ( 0.0000000000000000000, -1.000000000000000000, 0.0000000000000000000 ) ) ;
#1160 = SURFACE_STYLE_FILL_AREA ( #2993 ) ;
#1161 = ORIENTED_EDGE ( 'NONE', *, *, #1779, .T. ) ;
#1162 = CARTESIAN_POINT ( 'NONE',  ( -3.600000000000000500, -4.200000000000003700, -4.850000000000002300 ) ) ;
#1163 = ORIENTED_EDGE ( 'NONE', *, *, #2310, .F. ) ;
#1164 = CARTESIAN_POINT ( 'NONE',  ( -1.174999999999998700, -0.6000000000000005300, -0.04999999999999969700 ) ) ;
#1165 = ORIENTED_EDGE ( 'NONE', *, *, #1670, .T. ) ;
#1166 = CARTESIAN_POINT ( 'NONE',  ( -4.499999999999999100, -2.450000000000002000, 1.940000000000000400 ) ) ;
#1167 = EDGE_CURVE ( 'NONE', #1948, #1387, #2511, .T. ) ;
#1168 = CARTESIAN_POINT ( 'NONE',  ( -5.000000000000000000, -4.400000000000000400, -4.050000000000002500 ) ) ;
#1169 = DIRECTION ( 'NONE',  ( -0.0000000000000000000, -0.0000000000000000000, 1.000000000000000000 ) ) ;
#1170 = LINE ( 'NONE', #1375, #153 ) ;
#1171 = VERTEX_POINT ( 'NONE', #3078 ) ;
#1172 = CARTESIAN_POINT ( 'NONE',  ( -4.999999999999996400, -3.750000000000002200, -0.2999999999999999300 ) ) ;
#1173 = LINE ( 'NONE', #1800, #501 ) ;
#1174 = VERTEX_POINT ( 'NONE', #95 ) ;
#1175 = CARTESIAN_POINT ( 'NONE',  ( -0.5000000000000000000, 0.0000000000000000000, -4.049999999999999800 ) ) ;
#1176 = CARTESIAN_POINT ( 'NONE',  ( -4.249999999999999100, -4.000000000000000900, -0.3999999999999997400 ) ) ;
#1177 = PRESENTATION_LAYER_ASSIGNMENT (  '', '', ( #1428 ) ) ;
#1178 = CARTESIAN_POINT ( 'NONE',  ( -4.699999999999997500, -2.450000000000002400, 1.940000000000000400 ) ) ;
#1179 = CARTESIAN_POINT ( 'NONE',  ( -4.249999999999999100, -3.650000000000000400, -0.3999999999999997400 ) ) ;
#1180 = VECTOR ( 'NONE', #1262, 1000.000000000000000 ) ;
#1181 = AXIS2_PLACEMENT_3D ( 'NONE', #1425, #1201, #2707 ) ;
#1182 = LINE ( 'NONE', #1638, #509 ) ;
#1183 =( NAMED_UNIT ( * ) PLANE_ANGLE_UNIT ( ) SI_UNIT ( $, .RADIAN. ) );
#1184 = VECTOR ( 'NONE', #1010, 1000.000000000000000 ) ;
#1185 = ORIENTED_EDGE ( 'NONE', *, *, #3004, .T. ) ;
#1186 = FILL_AREA_STYLE_COLOUR ( '', #2003 ) ;
#1187 = EDGE_CURVE ( 'NONE', #236, #134, #1254, .T. ) ;
#1188 = FACE_OUTER_BOUND ( 'NONE', #362, .T. ) ;
#1189 = DIRECTION ( 'NONE',  ( -1.000000000000000000, -0.0000000000000000000, -0.0000000000000000000 ) ) ;
#1190 = DIRECTION ( 'NONE',  ( 0.0000000000000000000, 0.0000000000000000000, 1.000000000000000000 ) ) ;
#1191 = ADVANCED_FACE ( 'NONE', ( #1889 ), #2591, .F. ) ;
#1192 = ORIENTED_EDGE ( 'NONE', *, *, #1377, .F. ) ;
#1193 = EDGE_LOOP ( 'NONE', ( #65, #3121, #1142, #896 ) ) ;
#1194 = SURFACE_STYLE_FILL_AREA ( #2296 ) ;
#1195 = CARTESIAN_POINT ( 'NONE',  ( -2.149999999999999000, -3.650000000000000400, -0.3999999999999997400 ) ) ;
#1196 = EDGE_LOOP ( 'NONE', ( #238, #355, #1394, #2505 ) ) ;
#1197 = EDGE_CURVE ( 'NONE', #2562, #149, #2856, .T. ) ;
#1198 = EDGE_CURVE ( 'NONE', #646, #856, #2357, .T. ) ;
#1199 = DIRECTION ( 'NONE',  ( 0.0000000000000000000, -1.000000000000000000, -0.0000000000000000000 ) ) ;
#1200 = ORIENTED_EDGE ( 'NONE', *, *, #2070, .T. ) ;
#1201 = DIRECTION ( 'NONE',  ( 0.0000000000000000000, 1.000000000000000000, 0.0000000000000000000 ) ) ;
#1202 = FACE_OUTER_BOUND ( 'NONE', #2055, .T. ) ;
#1203 = AXIS2_PLACEMENT_3D ( 'NONE', #228, #1710, #1732 ) ;
#1204 = VECTOR ( 'NONE', #2134, 1000.000000000000000 ) ;
#1205 = CARTESIAN_POINT ( 'NONE',  ( -2.850000000000000100, -3.150000000000000400, -2.599999999972624200 ) ) ;
#1206 = DIRECTION ( 'NONE',  ( -9.637352644315588800E-016, 1.000000000000000000, 0.0000000000000000000 ) ) ;
#1207 = STYLED_ITEM ( 'NONE', ( #2598 ), #2616 ) ;
#1208 = ADVANCED_FACE ( 'NONE', ( #2619 ), #939, .F. ) ;
#1209 = ORIENTED_EDGE ( 'NONE', *, *, #2790, .T. ) ;
#1210 = ORIENTED_EDGE ( 'NONE', *, *, #1815, .F. ) ;
#1211 = MECHANICAL_DESIGN_GEOMETRIC_PRESENTATION_REPRESENTATION (  '', ( #2498 ), #2216 ) ;
#1212 = LINE ( 'NONE', #816, #119 ) ;
#1213 = ORIENTED_EDGE ( 'NONE', *, *, #2300, .F. ) ;
#1214 = DIRECTION ( 'NONE',  ( -0.0000000000000000000, -0.0000000000000000000, 1.000000000000000000 ) ) ;
#1215 = LINE ( 'NONE', #2969, #2396 ) ;
#1216 =( LENGTH_UNIT ( ) NAMED_UNIT ( * ) SI_UNIT ( .MILLI., .METRE. ) );
#1217 = DIRECTION ( 'NONE',  ( 8.462065736472233800E-016, -1.000000000000000000, 1.057758217059029100E-016 ) ) ;
#1218 = PRESENTATION_STYLE_ASSIGNMENT (( #515 ) ) ;
#1219 = LINE ( 'NONE', #304, #2366 ) ;
#1220 = ADVANCED_FACE ( 'NONE', ( #2699 ), #124, .F. ) ;
#1221 = DIRECTION ( 'NONE',  ( -0.0000000000000000000, -0.0000000000000000000, 1.000000000000000000 ) ) ;
#1222 = ORIENTED_EDGE ( 'NONE', *, *, #2145, .F. ) ;
#1223 = AXIS2_PLACEMENT_3D ( 'NONE', #2493, #745, #988 ) ;
#1224 = CARTESIAN_POINT ( 'NONE',  ( -4.299999999999998000, -0.6000000000000009800, -2.600000000000000100 ) ) ;
#1225 = VECTOR ( 'NONE', #1810, 1000.000000000000000 ) ;
#1226 = ORIENTED_EDGE ( 'NONE', *, *, #2758, .T. ) ;
#1227 = VERTEX_POINT ( 'NONE', #229 ) ;
#1228 = DIRECTION ( 'NONE',  ( -0.0000000000000000000, -0.0000000000000000000, 1.000000000000000000 ) ) ;
#1229 = EDGE_CURVE ( 'NONE', #3076, #937, #1058, .T. ) ;
#1230 = PRESENTATION_STYLE_ASSIGNMENT (( #680 ) ) ;
#1231 = ORIENTED_EDGE ( 'NONE', *, *, #559, .F. ) ;
#1232 = FACE_OUTER_BOUND ( 'NONE', #732, .T. ) ;
#1233 = CARTESIAN_POINT ( 'NONE',  ( -0.6999999999999988500, -2.100000000000000100, -4.173411897755956400 ) ) ;
#1234 = ORIENTED_EDGE ( 'NONE', *, *, #1591, .F. ) ;
#1235 = DIRECTION ( 'NONE',  ( -1.000000000000000000, 0.0000000000000000000, 0.0000000000000000000 ) ) ;
#1236 = CARTESIAN_POINT ( 'NONE',  ( -4.249999999999999100, -2.100000000000000500, -2.600000000000000100 ) ) ;
#1237 = FILL_AREA_STYLE_COLOUR ( '', #1581 ) ;
#1238 = EDGE_CURVE ( 'NONE', #2955, #3191, #3087, .T. ) ;
#1239 = VERTEX_POINT ( 'NONE', #1929 ) ;
#1240 = ADVANCED_FACE ( 'NONE', ( #1854 ), #305, .F. ) ;
#1241 = CARTESIAN_POINT ( 'NONE',  ( -4.249999999999999100, -3.650000000000000400, -2.600000000000000100 ) ) ;
#1242 = ORIENTED_EDGE ( 'NONE', *, *, #959, .T. ) ;
#1243 = MECHANICAL_DESIGN_GEOMETRIC_PRESENTATION_REPRESENTATION (  '', ( #907 ), #2543 ) ;
#1244 = CARTESIAN_POINT ( 'NONE',  ( -4.299999999999998000, -1.300000000000000500, 1.950000000000000400 ) ) ;
#1245 = ORIENTED_EDGE ( 'NONE', *, *, #2117, .T. ) ;
#1246 = CARTESIAN_POINT ( 'NONE',  ( -4.249999999999999100, -3.650000000000000400, -2.600000000000000100 ) ) ;
#1247 = PLANE ( 'NONE',  #174 ) ;
#1248 = SURFACE_STYLE_USAGE ( .BOTH. , #2750 ) ;
#1249 = CARTESIAN_POINT ( 'NONE',  ( -2.949999999999998800, -1.800000000000000500, -0.6099999999999999900 ) ) ;
#1250 = LINE ( 'NONE', #1427, #772 ) ;
#1251 = EDGE_LOOP ( 'NONE', ( #954, #1524, #1603, #233, #1901, #2308 ) ) ;
#1252 = EDGE_LOOP ( 'NONE', ( #1672, #256, #535, #1905, #2208, #2452, #315, #291 ) ) ;
#1253 = MECHANICAL_DESIGN_GEOMETRIC_PRESENTATION_REPRESENTATION (  '', ( #574 ), #511 ) ;
#1254 = LINE ( 'NONE', #2801, #2935 ) ;
#1255 = ORIENTED_EDGE ( 'NONE', *, *, #2353, .T. ) ;
#1256 = ADVANCED_FACE ( 'NONE', ( #1286 ), #2802, .F. ) ;
#1257 = LINE ( 'NONE', #397, #1067 ) ;
#1258 = CARTESIAN_POINT ( 'NONE',  ( -2.049999999999999800, -1.349999999999999600, -0.6099999999999998800 ) ) ;
#1259 = EDGE_CURVE ( 'NONE', #1365, #83, #897, .T. ) ;
#1260 = DIRECTION ( 'NONE',  ( 8.673617379883996000E-016, 1.000000000000000000, 0.0000000000000000000 ) ) ;
#1261 = FACE_OUTER_BOUND ( 'NONE', #2653, .T. ) ;
#1262 = DIRECTION ( 'NONE',  ( 0.0000000000000000000, 0.0000000000000000000, 1.000000000000000000 ) ) ;
#1263 = ORIENTED_EDGE ( 'NONE', *, *, #537, .F. ) ;
#1264 = LINE ( 'NONE', #1162, #1023 ) ;
#1265 = PLANE ( 'NONE',  #543 ) ;
#1266 = AXIS2_PLACEMENT_3D ( 'NONE', #2641, #1397, #1367 ) ;
#1267 = DIRECTION ( 'NONE',  ( 0.0000000000000000000, -1.000000000000000000, -9.856383386231857600E-017 ) ) ;
#1268 = UNCERTAINTY_MEASURE_WITH_UNIT (LENGTH_MEASURE( 1.000000000000000100E-005 ), #199, 'distance_accuracy_value', 'NONE');
#1269 = FACE_OUTER_BOUND ( 'NONE', #2645, .T. ) ;
#1270 = ORIENTED_EDGE ( 'NONE', *, *, #2358, .T. ) ;
#1271 = VECTOR ( 'NONE', #2319, 1000.000000000000000 ) ;
#1272 = VERTEX_POINT ( 'NONE', #792 ) ;
#1273 = FACE_OUTER_BOUND ( 'NONE', #2794, .T. ) ;
#1274 = ORIENTED_EDGE ( 'NONE', *, *, #1868, .F. ) ;
#1275 = DIRECTION ( 'NONE',  ( 0.0000000000000000000, 6.672013369141566200E-016, 1.000000000000000000 ) ) ;
#1276 = LINE ( 'NONE', #900, #1758 ) ;
#1277 = CARTESIAN_POINT ( 'NONE',  ( -4.299999999999998000, -2.100000000000000500, -1.799999999999999600 ) ) ;
#1278 = LINE ( 'NONE', #369, #1204 ) ;
#1279 = EDGE_CURVE ( 'NONE', #2585, #3206, #1927, .T. ) ;
#1280 = ORIENTED_EDGE ( 'NONE', *, *, #1552, .F. ) ;
#1281 = DIRECTION ( 'NONE',  ( 8.462065736472233800E-016, -1.000000000000000000, 0.0000000000000000000 ) ) ;
#1282 = ORIENTED_EDGE ( 'NONE', *, *, #1938, .T. ) ;
#1283 = CARTESIAN_POINT ( 'NONE',  ( -5.000000000000000000, 8.673617379884033500E-016, 1.950000000000000400 ) ) ;
#1284 = CARTESIAN_POINT ( 'NONE',  ( -0.5000000000000000000, -4.500000000000000900, 1.940000000000000600 ) ) ;
#1285 =( GEOMETRIC_REPRESENTATION_CONTEXT ( 3 ) GLOBAL_UNCERTAINTY_ASSIGNED_CONTEXT ( ( #433 ) ) GLOBAL_UNIT_ASSIGNED_CONTEXT ( ( #1922, #1944, #1446 ) ) REPRESENTATION_CONTEXT ( 'NONE', 'WORKASPACE' ) );
#1286 = FACE_OUTER_BOUND ( 'NONE', #2483, .T. ) ;
#1287 = ORIENTED_EDGE ( 'NONE', *, *, #1007, .T. ) ;
#1288 =( NAMED_UNIT ( * ) SI_UNIT ( $, .STERADIAN. ) SOLID_ANGLE_UNIT ( ) );
#1289 = CARTESIAN_POINT ( 'NONE',  ( -0.3000000000000000400, -4.500000000000000900, -0.2599999999999996200 ) ) ;
#1290 = VECTOR ( 'NONE', #2193, 1000.000000000000000 ) ;
#1291 = LINE ( 'NONE', #2930, #3090 ) ;
#1292 = CARTESIAN_POINT ( 'NONE',  ( -3.624999999999999100, -0.6000000000000008700, 1.950000000000000400 ) ) ;
#1293 = DIRECTION ( 'NONE',  ( -0.0000000000000000000, 1.000000000000000000, 3.942553354492742500E-016 ) ) ;
#1294 = ORIENTED_EDGE ( 'NONE', *, *, #2844, .F. ) ;
#1295 = CARTESIAN_POINT ( 'NONE',  ( -5.000000000000000000, -4.400000000000000400, 1.950000000000000000 ) ) ;
#1296 = EDGE_CURVE ( 'NONE', #2604, #1700, #981, .T. ) ;
#1297 = EDGE_CURVE ( 'NONE', #485, #2285, #1561, .T. ) ;
#1298 = ORIENTED_EDGE ( 'NONE', *, *, #1957, .T. ) ;
#1299 = LINE ( 'NONE', #2044, #394 ) ;
#1300 = DIRECTION ( 'NONE',  ( -1.000000000000000000, 0.0000000000000000000, -0.0000000000000000000 ) ) ;
#1301 = ORIENTED_EDGE ( 'NONE', *, *, #336, .T. ) ;
#1302 = AXIS2_PLACEMENT_3D ( 'NONE', #513, #31, #2530 ) ;
#1303 = ORIENTED_EDGE ( 'NONE', *, *, #2199, .F. ) ;
#1304 = FACE_OUTER_BOUND ( 'NONE', #1553, .T. ) ;
#1305 = CARTESIAN_POINT ( 'NONE',  ( -0.5000000000000000000, -2.450000000000000600, 1.940000000000000400 ) ) ;
#1306 = ORIENTED_EDGE ( 'NONE', *, *, #1229, .F. ) ;
#1307 = LINE ( 'NONE', #1483, #23 ) ;
#1308 = MECHANICAL_DESIGN_GEOMETRIC_PRESENTATION_REPRESENTATION (  '', ( #2012 ), #2272 ) ;
#1309 = CARTESIAN_POINT ( 'NONE',  ( -3.400000000000000400, -4.200000000000003700, -3.950000000000002000 ) ) ;
#1310 = DIRECTION ( 'NONE',  ( -8.462065736472233800E-016, 1.000000000000000000, 0.0000000000000000000 ) ) ;
#1311 = CARTESIAN_POINT ( 'NONE',  ( -4.299999999999998000, -0.6000000000000009800, -4.173411897755956400 ) ) ;
#1312 = DIRECTION ( 'NONE',  ( -1.000000000000000000, -8.462065736472234800E-016, -0.0000000000000000000 ) ) ;
#1313 = ORIENTED_EDGE ( 'NONE', *, *, #1941, .T. ) ;
#1314 = LINE ( 'NONE', #985, #647 ) ;
#1315 = CARTESIAN_POINT ( 'NONE',  ( -0.5000000000000000000, -3.750000000000000900, 1.300000000000000300 ) ) ;
#1316 = AXIS2_PLACEMENT_3D ( 'NONE', #1983, #2730, #476 ) ;
#1317 = LINE ( 'NONE', #3015, #370 ) ;
#1318 = APPLICATION_CONTEXT ( 'automotive_design' ) ;
#1319 = FILL_AREA_STYLE_COLOUR ( '', #3175 ) ;
#1320 = ORIENTED_EDGE ( 'NONE', *, *, #1985, .T. ) ;
#1321 = DIRECTION ( 'NONE',  ( 0.0000000000000000000, -1.000000000000000000, -5.981805089575192300E-016 ) ) ;
#1322 = CARTESIAN_POINT ( 'NONE',  ( -1.375000000000000900, -0.6000000000000005300, -0.04999999999999969700 ) ) ;
#1323 = CARTESIAN_POINT ( 'NONE',  ( -0.5000000000000000000, -4.400000000000001200, -0.2999999999999999300 ) ) ;
#1324 = CARTESIAN_POINT ( 'NONE',  ( -4.299999999999998000, -0.6000000000000009800, 1.950000000000000400 ) ) ;
#1325 = UNCERTAINTY_MEASURE_WITH_UNIT (LENGTH_MEASURE( 1.000000000000000100E-005 ), #58, 'distance_accuracy_value', 'NONE');
#1326 = VECTOR ( 'NONE', #2144, 1000.000000000000000 ) ;
#1327 = AXIS2_PLACEMENT_3D ( 'NONE', #2138, #2131, #1870 ) ;
#1328 = DIRECTION ( 'NONE',  ( 8.462065736472234800E-016, -1.000000000000000000, -5.421010862427521200E-016 ) ) ;
#1329 = ORIENTED_EDGE ( 'NONE', *, *, #971, .T. ) ;
#1330 = DIRECTION ( 'NONE',  ( 1.000000000000000000, 0.0000000000000000000, 0.0000000000000000000 ) ) ;
#1331 = VECTOR ( 'NONE', #1648, 1000.000000000000000 ) ;
#1332 = ORIENTED_EDGE ( 'NONE', *, *, #693, .F. ) ;
#1333 = ORIENTED_EDGE ( 'NONE', *, *, #2182, .F. ) ;
#1334 = CARTESIAN_POINT ( 'NONE',  ( -0.3000000000000000400, -2.450000000000000600, 1.300000000000000300 ) ) ;
#1335 = MECHANICAL_DESIGN_GEOMETRIC_PRESENTATION_REPRESENTATION (  '', ( #595 ), #141 ) ;
#1336 = VECTOR ( 'NONE', #71, 1000.000000000000000 ) ;
#1337 = FILL_AREA_STYLE ('',( #1572 ) ) ;
#1338 = EDGE_CURVE ( 'NONE', #3187, #1022, #2508, .T. ) ;
#1339 = CARTESIAN_POINT ( 'NONE',  ( -0.5000000000000000000, -2.249999999999999100, -4.050000000000001600 ) ) ;
#1340 = LINE ( 'NONE', #2347, #3134 ) ;
#1341 = CARTESIAN_POINT ( 'NONE',  ( -4.249999999999999100, -3.650000000000000400, -2.600000000000000100 ) ) ;
#1342 = VECTOR ( 'NONE', #2303, 1000.000000000000000 ) ;
#1343 = ORIENTED_EDGE ( 'NONE', *, *, #2435, .F. ) ;
#1344 = EDGE_LOOP ( 'NONE', ( #1984, #2787, #703, #1998, #1825, #755 ) ) ;
#1345 = AXIS2_PLACEMENT_3D ( 'NONE', #3009, #790, #2769 ) ;
#1346 = DIRECTION ( 'NONE',  ( 1.000000000000000000, 8.462065736472233800E-016, 0.0000000000000000000 ) ) ;
#1347 = ORIENTED_EDGE ( 'NONE', *, *, #773, .T. ) ;
#1348 = CARTESIAN_POINT ( 'NONE',  ( -4.299999999999998000, -2.100000000000000500, -4.173411897755956400 ) ) ;
#1349 = VECTOR ( 'NONE', #659, 1000.000000000000000 ) ;
#1350 = LINE ( 'NONE', #1728, #1424 ) ;
#1351 = ORIENTED_EDGE ( 'NONE', *, *, #152, .F. ) ;
#1352 = CARTESIAN_POINT ( 'NONE',  ( -2.049999999999998900, -1.799999999999999800, -1.800000000000000000 ) ) ;
#1353 = DIRECTION ( 'NONE',  ( 3.336006684570783600E-016, 1.000000000000000000, 0.0000000000000000000 ) ) ;
#1354 = PLANE ( 'NONE',  #1127 ) ;
#1355 = EDGE_CURVE ( 'NONE', #948, #989, #576, .T. ) ;
#1356 = ORIENTED_EDGE ( 'NONE', *, *, #277, .T. ) ;
#1357 = EDGE_LOOP ( 'NONE', ( #1723, #1951, #640, #54 ) ) ;
#1358 = DIRECTION ( 'NONE',  ( 0.0000000000000000000, 1.000000000000000000, 2.409338161078897200E-016 ) ) ;
#1359 = DIRECTION ( 'NONE',  ( 1.668107282763335500E-031, -1.971276677246371500E-016, -1.000000000000000000 ) ) ;
#1360 = EDGE_LOOP ( 'NONE', ( #832, #743, #2314, #10 ) ) ;
#1361 = VECTOR ( 'NONE', #636, 1000.000000000000000 ) ;
#1362 = CARTESIAN_POINT ( 'NONE',  ( -0.5000000000000000000, -3.750000000000000000, -0.2599999999999997300 ) ) ;
#1363 = EDGE_CURVE ( 'NONE', #1041, #528, #2818, .T. ) ;
#1364 = CARTESIAN_POINT ( 'NONE',  ( -4.499999999999999100, -0.6500000000000019100, -3.449999999999999700 ) ) ;
#1365 = VERTEX_POINT ( 'NONE', #360 ) ;
#1366 = UNCERTAINTY_MEASURE_WITH_UNIT (LENGTH_MEASURE( 1.000000000000000100E-005 ), #237, 'distance_accuracy_value', 'NONE');
#1367 = DIRECTION ( 'NONE',  ( 0.0000000000000000000, 0.0000000000000000000, -1.000000000000000000 ) ) ;
#1368 = ORIENTED_EDGE ( 'NONE', *, *, #2758, .F. ) ;
#1369 = ORIENTED_EDGE ( 'NONE', *, *, #1259, .F. ) ;
#1370 = MECHANICAL_DESIGN_GEOMETRIC_PRESENTATION_REPRESENTATION (  '', ( #1580 ), #1991 ) ;
#1371 = DIRECTION ( 'NONE',  ( -0.0000000000000000000, -0.0000000000000000000, 1.000000000000000000 ) ) ;
#1372 = DIRECTION ( 'NONE',  ( -1.000000000000000000, -4.231032868236116900E-016, -0.0000000000000000000 ) ) ;
#1373 = ORIENTED_EDGE ( 'NONE', *, *, #222, .T. ) ;
#1374 = FACE_OUTER_BOUND ( 'NONE', #630, .T. ) ;
#1375 = CARTESIAN_POINT ( 'NONE',  ( -3.400000000000000400, -4.200000000000003700, -4.850000000000002300 ) ) ;
#1376 = PRESENTATION_LAYER_ASSIGNMENT (  '', '', ( #1482 ) ) ;
#1377 = EDGE_CURVE ( 'NONE', #970, #1171, #1250, .T. ) ;
#1378 = EDGE_LOOP ( 'NONE', ( #2532, #2008, #190, #1588, #618, #1165 ) ) ;
#1379 = LINE ( 'NONE', #359, #593 ) ;
#1380 = VERTEX_POINT ( 'NONE', #2917 ) ;
#1381 = DIRECTION ( 'NONE',  ( -8.462065736472233800E-016, 1.000000000000000000, 0.0000000000000000000 ) ) ;
#1382 = DIRECTION ( 'NONE',  ( 1.000000000000000000, -0.0000000000000000000, -0.0000000000000000000 ) ) ;
#1383 = ORIENTED_EDGE ( 'NONE', *, *, #1564, .F. ) ;
#1384 = LINE ( 'NONE', #2817, #724 ) ;
#1385 = DIRECTION ( 'NONE',  ( 9.637352644315588800E-016, -1.000000000000000000, -2.409338161078897200E-016 ) ) ;
#1386 = EDGE_CURVE ( 'NONE', #760, #2807, #2695, .T. ) ;
#1387 = VERTEX_POINT ( 'NONE', #1681 ) ;
#1388 = VECTOR ( 'NONE', #1896, 1000.000000000000000 ) ;
#1389 = DIRECTION ( 'NONE',  ( 4.587295027599172300E-031, -5.421010862427521200E-016, 1.000000000000000000 ) ) ;
#1390 = VERTEX_POINT ( 'NONE', #181 ) ;
#1391 = VECTOR ( 'NONE', #450, 1000.000000000000000 ) ;
#1392 =( GEOMETRIC_REPRESENTATION_CONTEXT ( 3 ) GLOBAL_UNCERTAINTY_ASSIGNED_CONTEXT ( ( #1268 ) ) GLOBAL_UNIT_ASSIGNED_CONTEXT ( ( #199, #1183, #1689 ) ) REPRESENTATION_CONTEXT ( 'NONE', 'WORKASPACE' ) );
#1393 = FACE_OUTER_BOUND ( 'NONE', #1121, .T. ) ;
#1394 = ORIENTED_EDGE ( 'NONE', *, *, #219, .F. ) ;
#1395 = EDGE_CURVE ( 'NONE', #2285, #3050, #2423, .T. ) ;
#1396 = DIRECTION ( 'NONE',  ( -1.000000000000000000, 0.0000000000000000000, -0.0000000000000000000 ) ) ;
#1397 = DIRECTION ( 'NONE',  ( 1.000000000000000000, -0.0000000000000000000, 0.0000000000000000000 ) ) ;
#1398 = VERTEX_POINT ( 'NONE', #2148 ) ;
#1399 = PLANE ( 'NONE',  #1707 ) ;
#1400 = DIRECTION ( 'NONE',  ( 0.0000000000000000000, -1.000000000000000000, 0.0000000000000000000 ) ) ;
#1401 = VERTEX_POINT ( 'NONE', #1006 ) ;
#1402 = DIRECTION ( 'NONE',  ( 1.000000000000000000, 0.0000000000000000000, 0.0000000000000000000 ) ) ;
#1403 = AXIS2_PLACEMENT_3D ( 'NONE', #2098, #3094, #858 ) ;
#1404 = VECTOR ( 'NONE', #1503, 1000.000000000000000 ) ;
#1405 = ORIENTED_EDGE ( 'NONE', *, *, #820, .T. ) ;
#1406 = ORIENTED_EDGE ( 'NONE', *, *, #361, .T. ) ;
#1407 = CARTESIAN_POINT ( 'NONE',  ( -4.299999999999998000, -2.100000000000000500, 1.950000000000000400 ) ) ;
#1408 =( GEOMETRIC_REPRESENTATION_CONTEXT ( 3 ) GLOBAL_UNCERTAINTY_ASSIGNED_CONTEXT ( ( #2964 ) ) GLOBAL_UNIT_ASSIGNED_CONTEXT ( ( #1015, #3179, #2860 ) ) REPRESENTATION_CONTEXT ( 'NONE', 'WORKASPACE' ) );
#1409 = DIRECTION ( 'NONE',  ( 1.172110456741085600E-016, -1.000000000000000000, 0.0000000000000000000 ) ) ;
#1410 = LINE ( 'NONE', #2736, #2513 ) ;
#1411 = EDGE_LOOP ( 'NONE', ( #3145, #3109, #2892, #2723 ) ) ;
#1412 = DIRECTION ( 'NONE',  ( -0.0000000000000000000, -0.0000000000000000000, 1.000000000000000000 ) ) ;
#1413 = LINE ( 'NONE', #817, #1821 ) ;
#1414 = VECTOR ( 'NONE', #572, 1000.000000000000000 ) ;
#1415 = SURFACE_STYLE_USAGE ( .BOTH. , #2916 ) ;
#1416 = VERTEX_POINT ( 'NONE', #330 ) ;
#1417 = AXIS2_PLACEMENT_3D ( 'NONE', #1348, #1895, #1863 ) ;
#1418 = ORIENTED_EDGE ( 'NONE', *, *, #1591, .T. ) ;
#1419 = UNCERTAINTY_MEASURE_WITH_UNIT (LENGTH_MEASURE( 1.000000000000000100E-005 ), #91, 'distance_accuracy_value', 'NONE');
#1420 = EDGE_CURVE ( 'NONE', #3141, #958, #2156, .T. ) ;
#1421 = EDGE_LOOP ( 'NONE', ( #2135, #1746, #2985, #1369, #3178, #2302 ) ) ;
#1422 = DIRECTION ( 'NONE',  ( 1.000000000000000000, -0.0000000000000000000, -0.0000000000000000000 ) ) ;
#1423 = LINE ( 'NONE', #1606, #758 ) ;
#1424 = VECTOR ( 'NONE', #2445, 1000.000000000000000 ) ;
#1425 = CARTESIAN_POINT ( 'NONE',  ( -4.299999999999998000, -1.300000000000000500, -1.799999999999999600 ) ) ;
#1426 = ORIENTED_EDGE ( 'NONE', *, *, #2353, .F. ) ;
#1427 = CARTESIAN_POINT ( 'NONE',  ( -0.5000000000000000000, -2.249999999999999100, -3.449999999999999700 ) ) ;
#1428 = STYLED_ITEM ( 'NONE', ( #3054 ), #418 ) ;
#1429 = VERTEX_POINT ( 'NONE', #155 ) ;
#1430 = ORIENTED_EDGE ( 'NONE', *, *, #2199, .T. ) ;
#1431 = DIRECTION ( 'NONE',  ( 1.000000000000000000, -0.0000000000000000000, -0.0000000000000000000 ) ) ;
#1432 = CARTESIAN_POINT ( 'NONE',  ( -4.299999999999998000, -2.100000000000000500, -4.173411897755956400 ) ) ;
#1433 = CARTESIAN_POINT ( 'NONE',  ( 0.0000000000000000000, -3.750000000000000900, 1.300000000000000300 ) ) ;
#1434 = AXIS2_PLACEMENT_3D ( 'NONE', #1305, #1877, #2376 ) ;
#1435 = EDGE_LOOP ( 'NONE', ( #2136, #1692, #298, #2909 ) ) ;
#1436 = ADVANCED_FACE ( 'NONE', ( #1848 ), #1565, .F. ) ;
#1437 = CARTESIAN_POINT ( 'NONE',  ( -0.5000000000000000000, -0.6500000000000001300, -2.149999999999999900 ) ) ;
#1438 = SURFACE_SIDE_STYLE ('',( #7 ) ) ;
#1439 = CARTESIAN_POINT ( 'NONE',  ( 0.0000000000000000000, -4.400000000000000400, 1.950000000000000000 ) ) ;
#1440 = ORIENTED_EDGE ( 'NONE', *, *, #2244, .F. ) ;
#1441 = CARTESIAN_POINT ( 'NONE',  ( -4.999999999999998200, -2.250000000000001300, -3.449999999999999700 ) ) ;
#1442 = PRESENTATION_STYLE_ASSIGNMENT (( #268 ) ) ;
#1443 = ORIENTED_EDGE ( 'NONE', *, *, #1620, .T. ) ;
#1444 = ORIENTED_EDGE ( 'NONE', *, *, #2480, .F. ) ;
#1445 = DIRECTION ( 'NONE',  ( 0.0000000000000000000, -1.224606353822377300E-016, 1.000000000000000000 ) ) ;
#1446 =( NAMED_UNIT ( * ) SI_UNIT ( $, .STERADIAN. ) SOLID_ANGLE_UNIT ( ) );
#1447 = EDGE_CURVE ( 'NONE', #646, #2819, #2651, .T. ) ;
#1448 = ADVANCED_FACE ( 'NONE', ( #702 ), #2260, .F. ) ;
#1449 = VECTOR ( 'NONE', #1112, 1000.000000000000000 ) ;
#1450 = ORIENTED_EDGE ( 'NONE', *, *, #951, .T. ) ;
#1451 = SURFACE_SIDE_STYLE ('',( #1160 ) ) ;
#1452 = CARTESIAN_POINT ( 'NONE',  ( -4.499999999999999100, -0.6500000000000019100, -2.149999999999999900 ) ) ;
#1453 = VECTOR ( 'NONE', #2269, 1000.000000000000000 ) ;
#1454 = ORIENTED_EDGE ( 'NONE', *, *, #735, .F. ) ;
#1455 = CARTESIAN_POINT ( 'NONE',  ( 0.0000000000000000000, -4.400000000000001200, -0.2999999999999999300 ) ) ;
#1456 = FACE_BOUND ( 'NONE', #2494, .T. ) ;
#1457 = VERTEX_POINT ( 'NONE', #2282 ) ;
#1458 = ORIENTED_EDGE ( 'NONE', *, *, #2768, .F. ) ;
#1459 = LINE ( 'NONE', #2861, #2026 ) ;
#1460 = ADVANCED_BREP_SHAPE_REPRESENTATION ( 'SM02B-NSHSS', ( #3199, #1892 ), #2427 ) ;
#1461 = CARTESIAN_POINT ( 'NONE',  ( -4.499999999999999100, -2.450000000000002000, 1.950000000000000400 ) ) ;
#1462 = ORIENTED_EDGE ( 'NONE', *, *, #2058, .T. ) ;
#1463 = PLANE ( 'NONE',  #2890 ) ;
#1464 = VECTOR ( 'NONE', #2559, 1000.000000000000000 ) ;
#1465 = CARTESIAN_POINT ( 'NONE',  ( -4.699999999999995700, -4.500000000000002700, 1.940000000000000600 ) ) ;
#1466 = EDGE_CURVE ( 'NONE', #646, #1123, #1173, .T. ) ;
#1467 = ADVANCED_FACE ( 'NONE', ( #3084 ), #1585, .F. ) ;
#1468 = ORIENTED_EDGE ( 'NONE', *, *, #668, .T. ) ;
#1469 = LINE ( 'NONE', #803, #2842 ) ;
#1470 = DIRECTION ( 'NONE',  ( -1.172110456741085800E-016, 1.000000000000000000, 0.0000000000000000000 ) ) ;
#1471 = STYLED_ITEM ( 'NONE', ( #1063 ), #1008 ) ;
#1472 = CARTESIAN_POINT ( 'NONE',  ( -4.649999999999999500, -1.300000000000000500, 1.950000000000000400 ) ) ;
#1473 = LINE ( 'NONE', #1655, #2921 ) ;
#1474 = CARTESIAN_POINT ( 'NONE',  ( -3.824999999999998400, -0.6000000000000009800, -2.600000000000000100 ) ) ;
#1475 = ORIENTED_EDGE ( 'NONE', *, *, #3112, .T. ) ;
#1476 = PLANE ( 'NONE',  #656 ) ;
#1477 = CARTESIAN_POINT ( 'NONE',  ( -2.949999999999998800, -1.800000000000000500, -0.6099999999999999900 ) ) ;
#1478 =( GEOMETRIC_REPRESENTATION_CONTEXT ( 3 ) GLOBAL_UNCERTAINTY_ASSIGNED_CONTEXT ( ( #2497 ) ) GLOBAL_UNIT_ASSIGNED_CONTEXT ( ( #354, #1125, #115 ) ) REPRESENTATION_CONTEXT ( 'NONE', 'WORKASPACE' ) );
#1479 = LINE ( 'NONE', #475, #765 ) ;
#1480 = EDGE_LOOP ( 'NONE', ( #269, #1897, #688, #1662 ) ) ;
#1481 = ORIENTED_EDGE ( 'NONE', *, *, #2933, .F. ) ;
#1482 = STYLED_ITEM ( 'NONE', ( #1027 ), #1460 ) ;
#1483 = CARTESIAN_POINT ( 'NONE',  ( -0.5000000000000000000, -4.400000000000000400, 1.950000000000000000 ) ) ;
#1484 = ADVANCED_FACE ( 'NONE', ( #1096 ), #2345, .F. ) ;
#1485 = VECTOR ( 'NONE', #2850, 1000.000000000000000 ) ;
#1486 = CARTESIAN_POINT ( 'NONE',  ( -1.399999999999999900, -4.400000000000000400, -3.750000000000000900 ) ) ;
#1487 = EDGE_LOOP ( 'NONE', ( #1287, #764, #1440, #1280, #2835, #3085 ) ) ;
#1488 = VERTEX_POINT ( 'NONE', #1765 ) ;
#1489 = CARTESIAN_POINT ( 'NONE',  ( -0.6999999999999988500, -0.6000000000000005300, -4.173411897755956400 ) ) ;
#1490 = VECTOR ( 'NONE', #829, 1000.000000000000000 ) ;
#1491 = DIRECTION ( 'NONE',  ( 0.0000000000000000000, 1.000000000000000000, -1.057758217059028900E-016 ) ) ;
#1492 = CARTESIAN_POINT ( 'NONE',  ( -4.699999999999997500, -2.450000000000002800, -0.2599999999999997900 ) ) ;
#1493 = CARTESIAN_POINT ( 'NONE',  ( -4.499999999999996400, -4.500000000000002700, 1.940000000000000600 ) ) ;
#1494 = FACE_OUTER_BOUND ( 'NONE', #2499, .T. ) ;
#1495 = EDGE_CURVE ( 'NONE', #958, #1134, #35, .T. ) ;
#1496 = EDGE_CURVE ( 'NONE', #1380, #2867, #740, .T. ) ;
#1497 = VECTOR ( 'NONE', #496, 1000.000000000000000 ) ;
#1498 = DIRECTION ( 'NONE',  ( 0.0000000000000000000, -3.854941057726238100E-016, -1.000000000000000000 ) ) ;
#1499 = ORIENTED_EDGE ( 'NONE', *, *, #3060, .F. ) ;
#1500 = LINE ( 'NONE', #3089, #2399 ) ;
#1501 = AXIS2_PLACEMENT_3D ( 'NONE', #331, #2059, #833 ) ;
#1502 = CARTESIAN_POINT ( 'NONE',  ( -0.5000000000000000000, 0.0000000000000000000, -4.049999999999999800 ) ) ;
#1503 = DIRECTION ( 'NONE',  ( -1.000000000000000000, 0.0000000000000000000, 0.0000000000000000000 ) ) ;
#1504 =( NAMED_UNIT ( * ) PLANE_ANGLE_UNIT ( ) SI_UNIT ( $, .RADIAN. ) );
#1505 = ADVANCED_FACE ( 'NONE', ( #297 ), #1354, .F. ) ;
#1506 = SURFACE_STYLE_FILL_AREA ( #890 ) ;
#1507 = ORIENTED_EDGE ( 'NONE', *, *, #850, .T. ) ;
#1508 = FACE_OUTER_BOUND ( 'NONE', #1628, .T. ) ;
#1509 = VECTOR ( 'NONE', #180, 1000.000000000000000 ) ;
#1510 = ORIENTED_EDGE ( 'NONE', *, *, #2704, .T. ) ;
#1511 = VECTOR ( 'NONE', #1310, 1000.000000000000000 ) ;
#1512 = AXIS2_PLACEMENT_3D ( 'NONE', #2853, #1560, #1358 ) ;
#1513 = ORIENTED_EDGE ( 'NONE', *, *, #599, .T. ) ;
#1514 = EDGE_CURVE ( 'NONE', #405, #1778, #2264, .T. ) ;
#1515 = DIRECTION ( 'NONE',  ( 0.0000000000000000000, -0.0000000000000000000, -1.000000000000000000 ) ) ;
#1516 = ORIENTED_EDGE ( 'NONE', *, *, #2377, .F. ) ;
#1517 = SURFACE_SIDE_STYLE ('',( #915 ) ) ;
#1518 = ORIENTED_EDGE ( 'NONE', *, *, #1363, .T. ) ;
#1519 = CARTESIAN_POINT ( 'NONE',  ( -4.699999999999996600, -3.750000000000002700, 1.300000000000000300 ) ) ;
#1520 = CARTESIAN_POINT ( 'NONE',  ( -3.600000000000000500, -4.200000000000003700, -3.950000000000002000 ) ) ;
#1521 = EDGE_LOOP ( 'NONE', ( #1226, #2200, #1294, #1708, #2080, #2597, #1468, #1454, #637, #994, #2690, #1913 ) ) ;
#1522 = EDGE_CURVE ( 'NONE', #2871, #134, #2854, .T. ) ;
#1523 = VECTOR ( 'NONE', #2385, 1000.000000000000000 ) ;
#1524 = ORIENTED_EDGE ( 'NONE', *, *, #3071, .T. ) ;
#1525 = VERTEX_POINT ( 'NONE', #3128 ) ;
#1526 = MECHANICAL_DESIGN_GEOMETRIC_PRESENTATION_REPRESENTATION (  '', ( #1482 ), #687 ) ;
#1527 = SURFACE_STYLE_USAGE ( .BOTH. , #1537 ) ;
#1528 = SURFACE_SIDE_STYLE ('',( #1194 ) ) ;
#1529 = COLOUR_RGB ( '',0.7529411764705882200, 0.7529411764705882200, 0.7529411764705882200 ) ;
#1530 = CARTESIAN_POINT ( 'NONE',  ( -4.499999999999997300, -3.750000000000003100, 1.950000000000000400 ) ) ;
#1531 = EDGE_CURVE ( 'NONE', #2700, #2694, #2617, .T. ) ;
#1532 = CARTESIAN_POINT ( 'NONE',  ( -0.5000000000000000000, -2.450000000000000600, 1.300000000000000300 ) ) ;
#1533 = FILL_AREA_STYLE_COLOUR ( '', #2967 ) ;
#1534 = FACE_OUTER_BOUND ( 'NONE', #2029, .T. ) ;
#1535 = ORIENTED_EDGE ( 'NONE', *, *, #347, .F. ) ;
#1536 = VERTEX_POINT ( 'NONE', #380 ) ;
#1537 = SURFACE_SIDE_STYLE ('',( #101 ) ) ;
#1538 = SURFACE_STYLE_USAGE ( .BOTH. , #1528 ) ;
#1539 = ORIENTED_EDGE ( 'NONE', *, *, #1167, .T. ) ;
#1540 = VECTOR ( 'NONE', #2806, 1000.000000000000000 ) ;
#1541 = PLANE ( 'NONE',  #972 ) ;
#1542 = AXIS2_PLACEMENT_3D ( 'NONE', #135, #2932, #1143 ) ;
#1543 = EDGE_CURVE ( 'NONE', #3188, #738, #935, .T. ) ;
#1544 = ORIENTED_EDGE ( 'NONE', *, *, #1726, .F. ) ;
#1545 = CARTESIAN_POINT ( 'NONE',  ( -3.624999999999999600, -0.3499999999999996400, -0.04999999999999969700 ) ) ;
#1546 = ORIENTED_EDGE ( 'NONE', *, *, #2009, .T. ) ;
#1547 =( NAMED_UNIT ( * ) SI_UNIT ( $, .STERADIAN. ) SOLID_ANGLE_UNIT ( ) );
#1548 = CARTESIAN_POINT ( 'NONE',  ( -0.3500000000000004800, -2.100000000000000100, -1.799999999999999600 ) ) ;
#1549 = VERTEX_POINT ( 'NONE', #1899 ) ;
#1550 = CARTESIAN_POINT ( 'NONE',  ( 0.0000000000000000000, -2.450000000000000200, 1.950000000000000400 ) ) ;
#1551 = DIRECTION ( 'NONE',  ( 0.0000000000000000000, 0.7071067811865440200, -0.7071067811865511300 ) ) ;
#1552 = EDGE_CURVE ( 'NONE', #1227, #2049, #1602, .T. ) ;
#1553 = EDGE_LOOP ( 'NONE', ( #1405, #2937, #2426, #1656, #2630, #1579 ) ) ;
#1554 = CARTESIAN_POINT ( 'NONE',  ( -4.499999999999999100, -0.6500000000000019100, -2.149999999999999900 ) ) ;
#1555 = VERTEX_POINT ( 'NONE', #1364 ) ;
#1556 =( NAMED_UNIT ( * ) PLANE_ANGLE_UNIT ( ) SI_UNIT ( $, .RADIAN. ) );
#1557 = CARTESIAN_POINT ( 'NONE',  ( -0.7499999999999997800, -4.000000000000000900, -0.3999999999999997400 ) ) ;
#1558 = VERTEX_POINT ( 'NONE', #2155 ) ;
#1559 = CARTESIAN_POINT ( 'NONE',  ( -0.7499999999999997800, -4.000000000000000900, -0.3999999999999997400 ) ) ;
#1560 = DIRECTION ( 'NONE',  ( -1.019398895022037800E-031, 2.409338161078897200E-016, -1.000000000000000000 ) ) ;
#1561 = LINE ( 'NONE', #807, #855 ) ;
#1562 = CARTESIAN_POINT ( 'NONE',  ( -1.399999999999999900, -3.449999999999999300, -3.950000000000002000 ) ) ;
#1563 = EDGE_LOOP ( 'NONE', ( #143, #3110, #2215, #1911, #1332, #1458 ) ) ;
#1564 = EDGE_CURVE ( 'NONE', #1942, #962, #2897, .T. ) ;
#1565 = PLANE ( 'NONE',  #193 ) ;
#1566 = CARTESIAN_POINT ( 'NONE',  ( -3.824999999999998400, -2.100000000000000500, -4.173411897755956400 ) ) ;
#1567 = LINE ( 'NONE', #752, #2859 ) ;
#1568 = SURFACE_SIDE_STYLE ('',( #103 ) ) ;
#1569 = CARTESIAN_POINT ( 'NONE',  ( -1.600000000000000100, -4.400000000000000400, -3.950000000000002000 ) ) ;
#1570 = CARTESIAN_POINT ( 'NONE',  ( -0.3000000000000000400, -2.450000000000001100, -0.2599999999999997900 ) ) ;
#1571 = STYLED_ITEM ( 'NONE', ( #2979 ), #157 ) ;
#1572 = FILL_AREA_STYLE_COLOUR ( '', #2627 ) ;
#1573 = DIRECTION ( 'NONE',  ( 0.0000000000000000000, -1.000000000000000000, 1.057758217059029100E-016 ) ) ;
#1574 = DIRECTION ( 'NONE',  ( 0.0000000000000000000, 0.7071067811865511300, 0.7071067811865440200 ) ) ;
#1575 = ORIENTED_EDGE ( 'NONE', *, *, #2113, .F. ) ;
#1576 = FACE_OUTER_BOUND ( 'NONE', #1196, .T. ) ;
#1577 = DIRECTION ( 'NONE',  ( 1.000000000000000000, 8.462065736472234800E-016, 0.0000000000000000000 ) ) ;
#1578 = CARTESIAN_POINT ( 'NONE',  ( -4.499999999999999100, -0.6500000000000019100, -3.449999999999999700 ) ) ;
#1579 = ORIENTED_EDGE ( 'NONE', *, *, #2786, .F. ) ;
#1580 = STYLED_ITEM ( 'NONE', ( #3123 ), #1220 ) ;
#1581 = COLOUR_RGB ( '',0.7529411764705882200, 0.7529411764705882200, 0.7529411764705882200 ) ;
#1582 = SURFACE_SIDE_STYLE ('',( #2440 ) ) ;
#1583 = LINE ( 'NONE', #2195, #1118 ) ;
#1584 = DIRECTION ( 'NONE',  ( -9.637352644315588800E-016, 1.000000000000000000, 0.0000000000000000000 ) ) ;
#1585 = PLANE ( 'NONE',  #2403 ) ;
#1586 = ORIENTED_EDGE ( 'NONE', *, *, #902, .F. ) ;
#1587 = VECTOR ( 'NONE', #2219, 1000.000000000000000 ) ;
#1588 = ORIENTED_EDGE ( 'NONE', *, *, #2337, .F. ) ;
#1589 = CARTESIAN_POINT ( 'NONE',  ( -1.600000000000000100, -4.200000000000002800, -4.050000000000002500 ) ) ;
#1590 = CARTESIAN_POINT ( 'NONE',  ( -2.850000000000000100, -3.650000000000000400, -2.599999999972624200 ) ) ;
#1591 = EDGE_CURVE ( 'NONE', #1009, #2037, #2349, .T. ) ;
#1592 = ORIENTED_EDGE ( 'NONE', *, *, #942, .T. ) ;
#1593 = CARTESIAN_POINT ( 'NONE',  ( -4.299999999999998000, -1.300000000000000500, -1.799999999999999600 ) ) ;
#1594 = EDGE_CURVE ( 'NONE', #561, #578, #2152, .T. ) ;
#1595 = DIRECTION ( 'NONE',  ( 0.0000000000000000000, 0.0000000000000000000, -1.000000000000000000 ) ) ;
#1596 = VECTOR ( 'NONE', #2364, 1000.000000000000000 ) ;
#1597 = FACE_OUTER_BOUND ( 'NONE', #800, .T. ) ;
#1598 = AXIS2_PLACEMENT_3D ( 'NONE', #672, #2674, #1190 ) ;
#1599 = CARTESIAN_POINT ( 'NONE',  ( -0.7499999999999997800, -3.649999999999999900, -2.600000000000000100 ) ) ;
#1600 = EDGE_LOOP ( 'NONE', ( #425, #1680, #402, #2226, #1333, #536, #2239, #1406, #294, #1222, #3039, #2007, #187, #565, #952, #2114 ) ) ;
#1601 = CARTESIAN_POINT ( 'NONE',  ( -0.3000000000000000400, -4.500000000000000900, 1.940000000000000600 ) ) ;
#1602 = LINE ( 'NONE', #639, #2125 ) ;
#1603 = ORIENTED_EDGE ( 'NONE', *, *, #295, .T. ) ;
#1604 = DIRECTION ( 'NONE',  ( 1.000000000000000000, 0.0000000000000000000, 0.0000000000000000000 ) ) ;
#1605 = ORIENTED_EDGE ( 'NONE', *, *, #2512, .T. ) ;
#1606 = CARTESIAN_POINT ( 'NONE',  ( -0.3000000000000000400, -3.750000000000000000, -0.2999999999999999300 ) ) ;
#1607 =( GEOMETRIC_REPRESENTATION_CONTEXT ( 3 ) GLOBAL_UNCERTAINTY_ASSIGNED_CONTEXT ( ( #2429 ) ) GLOBAL_UNIT_ASSIGNED_CONTEXT ( ( #393, #2900, #1923 ) ) REPRESENTATION_CONTEXT ( 'NONE', 'WORKASPACE' ) );
#1608 = CARTESIAN_POINT ( 'NONE',  ( -0.6999999999999988500, -0.6000000000000005300, -2.600000000000000100 ) ) ;
#1609 = LINE ( 'NONE', #55, #1807 ) ;
#1610 = UNCERTAINTY_MEASURE_WITH_UNIT (LENGTH_MEASURE( 1.000000000000000100E-005 ), #313, 'distance_accuracy_value', 'NONE');
#1611 = EDGE_CURVE ( 'NONE', #1536, #3211, #2540, .T. ) ;
#1612 = FACE_OUTER_BOUND ( 'NONE', #1411, .T. ) ;
#1613 = CARTESIAN_POINT ( 'NONE',  ( -0.5000000000000000000, -4.500000000000000900, 1.940000000000000600 ) ) ;
#1614 = DIRECTION ( 'NONE',  ( 1.000000000000000000, 0.0000000000000000000, 0.0000000000000000000 ) ) ;
#1615 = VECTOR ( 'NONE', #1371, 1000.000000000000000 ) ;
#1616 = ORIENTED_EDGE ( 'NONE', *, *, #2612, .F. ) ;
#1617 = LINE ( 'NONE', #711, #1978 ) ;
#1618 = COLOUR_RGB ( '',0.0000000000000000000, 0.0000000000000000000, 0.6274509803921568500 ) ;
#1619 = PLANE ( 'NONE',  #2267 ) ;
#1620 = EDGE_CURVE ( 'NONE', #1457, #1365, #1170, .T. ) ;
#1621 = CARTESIAN_POINT ( 'NONE',  ( -3.624999999999999100, -0.6000000000000008700, -1.845132307101624800 ) ) ;
#1622 = ORIENTED_EDGE ( 'NONE', *, *, #968, .F. ) ;
#1623 = PLANE ( 'NONE',  #2722 ) ;
#1624 = VECTOR ( 'NONE', #2110, 1000.000000000000000 ) ;
#1625 = ORIENTED_EDGE ( 'NONE', *, *, #219, .T. ) ;
#1626 = LINE ( 'NONE', #40, #2066 ) ;
#1627 = DIRECTION ( 'NONE',  ( -1.000000000000000000, 0.0000000000000000000, 0.0000000000000000000 ) ) ;
#1628 = EDGE_LOOP ( 'NONE', ( #2570, #3148, #1012, #151 ) ) ;
#1629 = VECTOR ( 'NONE', #1189, 1000.000000000000000 ) ;
#1630 = VECTOR ( 'NONE', #1400, 1000.000000000000000 ) ;
#1631 = DIRECTION ( 'NONE',  ( 0.0000000000000000000, -1.000000000000000000, 0.0000000000000000000 ) ) ;
#1632 = LINE ( 'NONE', #150, #928 ) ;
#1633 = ORIENTED_EDGE ( 'NONE', *, *, #1798, .F. ) ;
#1634 = DIRECTION ( 'NONE',  ( 0.0000000000000000000, 1.822188525185721700E-016, -1.000000000000000000 ) ) ;
#1635 = CARTESIAN_POINT ( 'NONE',  ( -0.5000000000000000000, -4.400000000000001200, -0.2999999999999999300 ) ) ;
#1636 = EDGE_CURVE ( 'NONE', #1272, #1135, #495, .T. ) ;
#1637 = ORIENTED_EDGE ( 'NONE', *, *, #2595, .F. ) ;
#1638 = CARTESIAN_POINT ( 'NONE',  ( -4.299999999999998000, -2.100000000000000500, 1.950000000000000400 ) ) ;
#1639 = VECTOR ( 'NONE', #2397, 1000.000000000000000 ) ;
#1640 = EDGE_LOOP ( 'NONE', ( #2456, #2068, #796, #3154, #2158, #207 ) ) ;
#1641 = STYLED_ITEM ( 'NONE', ( #3043 ), #1208 ) ;
#1642 = DIRECTION ( 'NONE',  ( 0.0000000000000000000, 1.000000000000000000, 0.0000000000000000000 ) ) ;
#1643 = EDGE_LOOP ( 'NONE', ( #1883, #1313, #177, #894, #126, #990 ) ) ;
#1644 = VECTOR ( 'NONE', #741, 1000.000000000000000 ) ;
#1645 = DIRECTION ( 'NONE',  ( -0.0000000000000000000, -0.0000000000000000000, 1.000000000000000000 ) ) ;
#1646 = DIRECTION ( 'NONE',  ( -1.000000000000000000, 0.0000000000000000000, 0.0000000000000000000 ) ) ;
#1647 = CARTESIAN_POINT ( 'NONE',  ( -3.600000000000000500, -4.500000000000003600, -3.850000000000002800 ) ) ;
#1648 = DIRECTION ( 'NONE',  ( -1.000000000000000000, 0.0000000000000000000, 0.0000000000000000000 ) ) ;
#1649 = CARTESIAN_POINT ( 'NONE',  ( -0.3500000000000004800, -2.100000000000000100, -1.799999999999999600 ) ) ;
#1650 = LINE ( 'NONE', #2284, #472 ) ;
#1651 = LINE ( 'NONE', #306, #1019 ) ;
#1652 = DIRECTION ( 'NONE',  ( 1.000000000000000000, 0.0000000000000000000, 0.0000000000000000000 ) ) ;
#1653 = EDGE_LOOP ( 'NONE', ( #2851, #2816, #2950, #502 ) ) ;
#1654 = CARTESIAN_POINT ( 'NONE',  ( 0.0000000000000000000, -3.750000000000000900, 1.300000000000000300 ) ) ;
#1655 = CARTESIAN_POINT ( 'NONE',  ( -3.424999999999999800, -1.800000000000000700, -3.450000000000000600 ) ) ;
#1656 = ORIENTED_EDGE ( 'NONE', *, *, #3079, .T. ) ;
#1657 = CARTESIAN_POINT ( 'NONE',  ( -4.699999999999995700, -4.500000000000002700, -0.2599999999999996200 ) ) ;
#1658 = ORIENTED_EDGE ( 'NONE', *, *, #1198, .F. ) ;
#1659 = CARTESIAN_POINT ( 'NONE',  ( -0.5000000000000000000, -3.750000000000000900, 1.300000000000000300 ) ) ;
#1660 = EDGE_CURVE ( 'NONE', #2815, #2243, #3081, .T. ) ;
#1661 = EDGE_CURVE ( 'NONE', #57, #2604, #814, .T. ) ;
#1662 = ORIENTED_EDGE ( 'NONE', *, *, #2276, .T. ) ;
#1663 = LINE ( 'NONE', #409, #2449 ) ;
#1664 = ORIENTED_EDGE ( 'NONE', *, *, #968, .T. ) ;
#1665 = DIRECTION ( 'NONE',  ( -8.462065736472233800E-016, 1.000000000000000000, -1.057758217059028900E-016 ) ) ;
#1666 = LINE ( 'NONE', #1233, #2640 ) ;
#1667 = AXIS2_PLACEMENT_3D ( 'NONE', #3082, #811, #1330 ) ;
#1668 = PLANE ( 'NONE',  #2297 ) ;
#1669 = VECTOR ( 'NONE', #414, 1000.000000000000000 ) ;
#1670 = EDGE_CURVE ( 'NONE', #2807, #243, #3119, .T. ) ;
#1671 = COLOUR_RGB ( '',0.7529411764705882200, 0.7529411764705882200, 0.7529411764705882200 ) ;
#1672 = ORIENTED_EDGE ( 'NONE', *, *, #788, .F. ) ;
#1673 = VECTOR ( 'NONE', #2646, 1000.000000000000000 ) ;
#1674 = ORIENTED_EDGE ( 'NONE', *, *, #895, .T. ) ;
#1675 = CARTESIAN_POINT ( 'NONE',  ( 0.0000000000000000000, -4.400000000000000400, -4.050000000000002500 ) ) ;
#1676 = ORIENTED_EDGE ( 'NONE', *, *, #444, .T. ) ;
#1677 = AXIS2_PLACEMENT_3D ( 'NONE', #1140, #2888, #865 ) ;
#1678 = EDGE_CURVE ( 'NONE', #2966, #112, #617, .T. ) ;
#1679 = DIRECTION ( 'NONE',  ( -0.0000000000000000000, 1.000000000000000000, 0.0000000000000000000 ) ) ;
#1680 = ORIENTED_EDGE ( 'NONE', *, *, #1238, .T. ) ;
#1681 = CARTESIAN_POINT ( 'NONE',  ( -5.000000000000000000, -2.450000000000002400, 1.950000000000000200 ) ) ;
#1682 = ADVANCED_FACE ( 'NONE', ( #3038 ), #446, .F. ) ;
#1683 = LINE ( 'NONE', #806, #3007 ) ;
#1684 = AXIS2_PLACEMENT_3D ( 'NONE', #957, #669, #2954 ) ;
#1685 = CARTESIAN_POINT ( 'NONE',  ( -2.850000000000000100, -3.650000000000000400, -0.3999999999999997400 ) ) ;
#1686 = VECTOR ( 'NONE', #3, 1000.000000000000000 ) ;
#1687 = DIRECTION ( 'NONE',  ( -0.0000000000000000000, 0.0000000000000000000, 1.000000000000000000 ) ) ;
#1688 = DIRECTION ( 'NONE',  ( 8.950819566047167700E-032, -1.057758217059028900E-016, -1.000000000000000000 ) ) ;
#1689 =( NAMED_UNIT ( * ) SI_UNIT ( $, .STERADIAN. ) SOLID_ANGLE_UNIT ( ) );
#1690 = VECTOR ( 'NONE', #2879, 1000.000000000000000 ) ;
#1691 =( NAMED_UNIT ( * ) PLANE_ANGLE_UNIT ( ) SI_UNIT ( $, .RADIAN. ) );
#1692 = ORIENTED_EDGE ( 'NONE', *, *, #1779, .F. ) ;
#1693 = EDGE_LOOP ( 'NONE', ( #154, #2894, #2889, #783 ) ) ;
#1694 = CARTESIAN_POINT ( 'NONE',  ( -3.600000000000000500, -4.200000000000003700, -3.950000000000002000 ) ) ;
#1695 =( LENGTH_UNIT ( ) NAMED_UNIT ( * ) SI_UNIT ( .MILLI., .METRE. ) );
#1696 = DIRECTION ( 'NONE',  ( 0.0000000000000000000, 1.000000000000000000, -1.057758217059028900E-016 ) ) ;
#1697 = PLANE ( 'NONE',  #2997 ) ;
#1698 = EDGE_CURVE ( 'NONE', #47, #1549, #1762, .T. ) ;
#1699 = ADVANCED_FACE ( 'NONE', ( #2579 ), #2201, .T. ) ;
#1700 = VERTEX_POINT ( 'NONE', #708 ) ;
#1701 = CARTESIAN_POINT ( 'NONE',  ( -4.500000000000000000, 8.673617379884033500E-016, -4.049999999999999800 ) ) ;
#1702 = EDGE_CURVE ( 'NONE', #2819, #1786, #2965, .T. ) ;
#1703 = FACE_OUTER_BOUND ( 'NONE', #563, .T. ) ;
#1704 = SURFACE_STYLE_USAGE ( .BOTH. , #1438 ) ;
#1705 = ORIENTED_EDGE ( 'NONE', *, *, #1090, .F. ) ;
#1706 = VECTOR ( 'NONE', #2797, 1000.000000000000000 ) ;
#1707 = AXIS2_PLACEMENT_3D ( 'NONE', #1917, #2179, #674 ) ;
#1708 = ORIENTED_EDGE ( 'NONE', *, *, #942, .F. ) ;
#1709 = VECTOR ( 'NONE', #1744, 1000.000000000000000 ) ;
#1710 = DIRECTION ( 'NONE',  ( 1.000000000000000000, 0.0000000000000000000, 0.0000000000000000000 ) ) ;
#1711 = ORIENTED_EDGE ( 'NONE', *, *, #38, .F. ) ;
#1712 = LINE ( 'NONE', #2635, #1596 ) ;
#1713 = CARTESIAN_POINT ( 'NONE',  ( 0.0000000000000000000, -2.450000000000000600, 1.300000000000000300 ) ) ;
#1714 = VERTEX_POINT ( 'NONE', #914 ) ;
#1715 =( GEOMETRIC_REPRESENTATION_CONTEXT ( 3 ) GLOBAL_UNCERTAINTY_ASSIGNED_CONTEXT ( ( #2246 ) ) GLOBAL_UNIT_ASSIGNED_CONTEXT ( ( #1796, #1033, #1547 ) ) REPRESENTATION_CONTEXT ( 'NONE', 'WORKASPACE' ) );
#1716 = ADVANCED_FACE ( 'NONE', ( #292 ), #2946, .F. ) ;
#1717 = ORIENTED_EDGE ( 'NONE', *, *, #24, .F. ) ;
#1718 = DIRECTION ( 'NONE',  ( 0.0000000000000000000, -1.000000000000000000, 0.0000000000000000000 ) ) ;
#1719 = CARTESIAN_POINT ( 'NONE',  ( -1.574999999999999500, -0.3499999999999994200, -0.04999999999999969700 ) ) ;
#1720 = EDGE_LOOP ( 'NONE', ( #1637, #117, #787, #1721 ) ) ;
#1721 = ORIENTED_EDGE ( 'NONE', *, *, #2768, .T. ) ;
#1722 = DIRECTION ( 'NONE',  ( -0.0000000000000000000, -0.0000000000000000000, 1.000000000000000000 ) ) ;
#1723 = ORIENTED_EDGE ( 'NONE', *, *, #18, .T. ) ;
#1724 = ORIENTED_EDGE ( 'NONE', *, *, #1698, .F. ) ;
#1725 = CARTESIAN_POINT ( 'NONE',  ( -1.399999999999999900, -4.400000000000000400, -3.950000000000002000 ) ) ;
#1726 = EDGE_CURVE ( 'NONE', #2539, #1558, #334, .T. ) ;
#1727 = VECTOR ( 'NONE', #1024, 1000.000000000000000 ) ;
#1728 = CARTESIAN_POINT ( 'NONE',  ( -2.149999999999999500, -3.650000000000000400, -500000.0000000000600 ) ) ;
#1729 = PRODUCT_DEFINITION_CONTEXT ( 'detailed design', #1318, 'design' ) ;
#1730 = VECTOR ( 'NONE', #868, 1000.000000000000000 ) ;
#1731 = MECHANICAL_DESIGN_GEOMETRIC_PRESENTATION_REPRESENTATION (  '', ( #314 ), #1011 ) ;
#1732 = DIRECTION ( 'NONE',  ( 0.0000000000000000000, 0.0000000000000000000, -1.000000000000000000 ) ) ;
#1733 = CARTESIAN_POINT ( 'NONE',  ( -1.600000000000000100, -4.500000000000003600, -4.850000000000002300 ) ) ;
#1734 = VECTOR ( 'NONE', #2255, 1000.000000000000000 ) ;
#1735 = DIRECTION ( 'NONE',  ( 0.0000000000000000000, -1.000000000000000000, -0.0000000000000000000 ) ) ;
#1736 = CARTESIAN_POINT ( 'NONE',  ( -4.499999999999997300, -4.400000000000002100, 1.940000000000000400 ) ) ;
#1737 = ADVANCED_FACE ( 'NONE', ( #1597 ), #3198, .F. ) ;
#1738 = VECTOR ( 'NONE', #260, 1000.000000000000000 ) ;
#1739 = EDGE_CURVE ( 'NONE', #3211, #970, #851, .T. ) ;
#1740 = ORIENTED_EDGE ( 'NONE', *, *, #1296, .F. ) ;
#1741 = CARTESIAN_POINT ( 'NONE',  ( -0.5000000000000000000, -0.6500000000000001300, -3.449999999999999700 ) ) ;
#1742 = VERTEX_POINT ( 'NONE', #216 ) ;
#1743 = EDGE_LOOP ( 'NONE', ( #213, #2947, #577, #1028, #730, #3135 ) ) ;
#1744 = DIRECTION ( 'NONE',  ( -1.000000000000000000, 0.0000000000000000000, 0.0000000000000000000 ) ) ;
#1745 = DIRECTION ( 'NONE',  ( 1.000000000000000000, 0.0000000000000000000, 0.0000000000000000000 ) ) ;
#1746 = ORIENTED_EDGE ( 'NONE', *, *, #2450, .T. ) ;
#1747 = VECTOR ( 'NONE', #813, 1000.000000000000000 ) ;
#1748 = AXIS2_PLACEMENT_3D ( 'NONE', #579, #1117, #614 ) ;
#1749 = PLANE ( 'NONE',  #159 ) ;
#1750 = DIRECTION ( 'NONE',  ( -1.000000000000000000, -8.462065736472234800E-016, -0.0000000000000000000 ) ) ;
#1751 = ORIENTED_EDGE ( 'NONE', *, *, #559, .T. ) ;
#1752 = LINE ( 'NONE', #2812, #1511 ) ;
#1753 = LINE ( 'NONE', #1654, #1084 ) ;
#1754 = EDGE_CURVE ( 'NONE', #1135, #2265, #80, .T. ) ;
#1755 = VERTEX_POINT ( 'NONE', #2923 ) ;
#1756 = ADVANCED_FACE ( 'NONE', ( #29 ), #1265, .F. ) ;
#1757 = DIRECTION ( 'NONE',  ( 3.336006684570783600E-016, 1.000000000000000000, 0.0000000000000000000 ) ) ;
#1758 = VECTOR ( 'NONE', #160, 1000.000000000000000 ) ;
#1759 = DIRECTION ( 'NONE',  ( 3.262076464070523000E-031, -3.854941057726238100E-016, -1.000000000000000000 ) ) ;
#1760 = FILL_AREA_STYLE ('',( #488 ) ) ;
#1761 = DIRECTION ( 'NONE',  ( 0.0000000000000000000, -1.000000000000000000, 0.0000000000000000000 ) ) ;
#1762 = LINE ( 'NONE', #2669, #2388 ) ;
#1763 = ORIENTED_EDGE ( 'NONE', *, *, #435, .T. ) ;
#1764 = VECTOR ( 'NONE', #165, 1000.000000000000000 ) ;
#1765 = CARTESIAN_POINT ( 'NONE',  ( -1.375000000000000700, -0.3499999999999993700, 1.950000000000000400 ) ) ;
#1766 = ORIENTED_EDGE ( 'NONE', *, *, #1395, .F. ) ;
#1767 = CARTESIAN_POINT ( 'NONE',  ( -0.5000000000000000000, -2.249999999999999100, -3.449999999999999700 ) ) ;
#1768 = EDGE_CURVE ( 'NONE', #785, #2466, #3186, .T. ) ;
#1769 = SURFACE_STYLE_FILL_AREA ( #33 ) ;
#1770 = VECTOR ( 'NONE', #61, 1000.000000000000000 ) ;
#1771 = FILL_AREA_STYLE_COLOUR ( '', #1618 ) ;
#1772 = ORIENTED_EDGE ( 'NONE', *, *, #1495, .T. ) ;
#1773 = LINE ( 'NONE', #3111, #2868 ) ;
#1774 = STYLED_ITEM ( 'NONE', ( #2408 ), #2864 ) ;
#1775 = PLANE ( 'NONE',  #1302 ) ;
#1776 = CARTESIAN_POINT ( 'NONE',  ( -1.399999999999999900, -4.500000000000003600, -4.850000000000002300 ) ) ;
#1777 = SURFACE_STYLE_USAGE ( .BOTH. , #3124 ) ;
#1778 = VERTEX_POINT ( 'NONE', #1793 ) ;
#1779 = EDGE_CURVE ( 'NONE', #158, #3021, #2610, .T. ) ;
#1780 = LINE ( 'NONE', #125, #1988 ) ;
#1781 = DIRECTION ( 'NONE',  ( -0.0000000000000000000, -0.0000000000000000000, 1.000000000000000000 ) ) ;
#1782 = VERTEX_POINT ( 'NONE', #2623 ) ;
#1783 = LINE ( 'NONE', #1119, #107 ) ;
#1784 = VECTOR ( 'NONE', #1631, 1000.000000000000000 ) ;
#1785 = DIRECTION ( 'NONE',  ( -1.000000000000000000, 0.0000000000000000000, -0.0000000000000000000 ) ) ;
#1786 = VERTEX_POINT ( 'NONE', #590 ) ;
#1787 = CARTESIAN_POINT ( 'NONE',  ( -4.499999999999999100, -2.250000000000000900, -4.050000000000001600 ) ) ;
#1788 = CARTESIAN_POINT ( 'NONE',  ( -3.400000000000000400, -3.450000000000000200, -4.050000000000002500 ) ) ;
#1789 = ORIENTED_EDGE ( 'NONE', *, *, #2744, .T. ) ;
#1790 = ORIENTED_EDGE ( 'NONE', *, *, #419, .T. ) ;
#1791 = EDGE_CURVE ( 'NONE', #2265, #1239, #1278, .T. ) ;
#1792 = LINE ( 'NONE', #899, #1630 ) ;
#1793 = CARTESIAN_POINT ( 'NONE',  ( -1.174999999999998700, -0.6000000000000005300, -0.04999999999999969700 ) ) ;
#1794 = ORIENTED_EDGE ( 'NONE', *, *, #2310, .T. ) ;
#1795 = DIRECTION ( 'NONE',  ( 0.0000000000000000000, 0.0000000000000000000, 1.000000000000000000 ) ) ;
#1796 =( LENGTH_UNIT ( ) NAMED_UNIT ( * ) SI_UNIT ( .MILLI., .METRE. ) );
#1797 = VECTOR ( 'NONE', #1116, 1000.000000000000000 ) ;
#1798 = EDGE_CURVE ( 'NONE', #398, #1093, #2995, .T. ) ;
#1799 = AXIS2_PLACEMENT_3D ( 'NONE', #2478, #3194, #2210 ) ;
#1800 = CARTESIAN_POINT ( 'NONE',  ( -1.600000000000000100, -4.200000000000002800, -4.050000000000002500 ) ) ;
#1801 = CARTESIAN_POINT ( 'NONE',  ( -4.249999999999998200, -2.100000000000000500, 1.950000000000000400 ) ) ;
#1802 = CARTESIAN_POINT ( 'NONE',  ( -1.399999999999999900, -4.200000000000002800, -4.850000000000002300 ) ) ;
#1803 = ORIENTED_EDGE ( 'NONE', *, *, #3137, .F. ) ;
#1804 = CARTESIAN_POINT ( 'NONE',  ( -2.850000000000000100, -3.650000000000000400, 1.950000000000000400 ) ) ;
#1805 = ORIENTED_EDGE ( 'NONE', *, *, #1726, .T. ) ;
#1806 = CARTESIAN_POINT ( 'NONE',  ( -2.049999999999999800, -1.349999999999999600, -0.6099999999999998800 ) ) ;
#1807 = VECTOR ( 'NONE', #3068, 1000.000000000000000 ) ;
#1808 = EDGE_LOOP ( 'NONE', ( #2895, #877, #477, #3093 ) ) ;
#1809 = EDGE_CURVE ( 'NONE', #2018, #1525, #1632, .T. ) ;
#1810 = DIRECTION ( 'NONE',  ( -9.637352644315588800E-016, 1.000000000000000000, 0.0000000000000000000 ) ) ;
#1811 = CARTESIAN_POINT ( 'NONE',  ( -0.5000000000000000000, -4.400000000000001200, 1.940000000000000600 ) ) ;
#1812 = DIRECTION ( 'NONE',  ( 0.0000000000000000000, 0.0000000000000000000, -1.000000000000000000 ) ) ;
#1813 = LINE ( 'NONE', #2241, #1644 ) ;
#1814 = DIRECTION ( 'NONE',  ( 0.0000000000000000000, -0.0000000000000000000, 1.000000000000000000 ) ) ;
#1815 = EDGE_CURVE ( 'NONE', #2173, #937, #527, .T. ) ;
#1816 = DIRECTION ( 'NONE',  ( 1.000000000000000000, 1.084202172485508800E-015, 0.0000000000000000000 ) ) ;
#1817 = VECTOR ( 'NONE', #2380, 1000.000000000000000 ) ;
#1818 = PRESENTATION_LAYER_ASSIGNMENT (  '', '', ( #1580 ) ) ;
#1819 = ORIENTED_EDGE ( 'NONE', *, *, #729, .F. ) ;
#1820 = CARTESIAN_POINT ( 'NONE',  ( -4.999999999999996400, -4.400000000000003000, -0.2999999999999999300 ) ) ;
#1821 = VECTOR ( 'NONE', #1065, 1000.000000000000000 ) ;
#1822 = ORIENTED_EDGE ( 'NONE', *, *, #2337, .T. ) ;
#1823 = CARTESIAN_POINT ( 'NONE',  ( -2.850000000000000100, -4.000000000000000900, 1.950000000000000400 ) ) ;
#1824 = DIRECTION ( 'NONE',  ( 1.000000000000000000, -0.0000000000000000000, -0.0000000000000000000 ) ) ;
#1825 = ORIENTED_EDGE ( 'NONE', *, *, #684, .T. ) ;
#1826 = AXIS2_PLACEMENT_3D ( 'NONE', #2372, #2631, #2615 ) ;
#1827 = EDGE_LOOP ( 'NONE', ( #3151, #2733, #517, #2247, #1245, #335 ) ) ;
#1828 = CARTESIAN_POINT ( 'NONE',  ( -0.5000000000000000000, -2.450000000000000200, 1.950000000000000400 ) ) ;
#1829 = PRESENTATION_STYLE_ASSIGNMENT (( #1538 ) ) ;
#1830 = VERTEX_POINT ( 'NONE', #623 ) ;
#1831 = VECTOR ( 'NONE', #1039, 1000.000000000000000 ) ;
#1832 = ORIENTED_EDGE ( 'NONE', *, *, #1338, .F. ) ;
#1833 = SURFACE_STYLE_USAGE ( .BOTH. , #1061 ) ;
#1834 = CARTESIAN_POINT ( 'NONE',  ( -4.249999999999999100, -4.000000000000000900, -0.3999999999999997400 ) ) ;
#1835 = DIRECTION ( 'NONE',  ( -0.0000000000000000000, -0.0000000000000000000, 1.000000000000000000 ) ) ;
#1836 =( NAMED_UNIT ( * ) PLANE_ANGLE_UNIT ( ) SI_UNIT ( $, .RADIAN. ) );
#1837 = ORIENTED_EDGE ( 'NONE', *, *, #3136, .T. ) ;
#1838 = PRESENTATION_LAYER_ASSIGNMENT (  '', '', ( #771 ) ) ;
#1839 = CARTESIAN_POINT ( 'NONE',  ( -0.6999999999999988500, -0.8000000000000001600, -1.799999999999999600 ) ) ;
#1840 = PRESENTATION_STYLE_ASSIGNMENT (( #1940 ) ) ;
#1841 = ORIENTED_EDGE ( 'NONE', *, *, #2217, .T. ) ;
#1842 =( LENGTH_UNIT ( ) NAMED_UNIT ( * ) SI_UNIT ( .MILLI., .METRE. ) );
#1843 = DIRECTION ( 'NONE',  ( -9.637352644315588800E-016, 1.000000000000000000, 0.0000000000000000000 ) ) ;
#1844 = PRESENTATION_LAYER_ASSIGNMENT (  '', '', ( #2665 ) ) ;
#1845 = ORIENTED_EDGE ( 'NONE', *, *, #280, .F. ) ;
#1846 = DIRECTION ( 'NONE',  ( 0.0000000000000000000, 0.7071067811865511300, 0.7071067811865440200 ) ) ;
#1847 = DIRECTION ( 'NONE',  ( 0.0000000000000000000, 0.0000000000000000000, 1.000000000000000000 ) ) ;
#1848 = FACE_OUTER_BOUND ( 'NONE', #3156, .T. ) ;
#1849 = ORIENTED_EDGE ( 'NONE', *, *, #1420, .F. ) ;
#1850 = EDGE_CURVE ( 'NONE', #1555, #2173, #2382, .T. ) ;
#1851 = ORIENTED_EDGE ( 'NONE', *, *, #1868, .T. ) ;
#1852 = CARTESIAN_POINT ( 'NONE',  ( -1.174999999999998700, -2.100000000000000100, -2.600000000000000100 ) ) ;
#1853 = CARTESIAN_POINT ( 'NONE',  ( -3.600000000000000500, -4.200000000000003700, -4.050000000000002500 ) ) ;
#1854 = FACE_OUTER_BOUND ( 'NONE', #629, .T. ) ;
#1855 = DIRECTION ( 'NONE',  ( 0.0000000000000000000, -1.000000000000000000, 0.0000000000000000000 ) ) ;
#1856 = DIRECTION ( 'NONE',  ( 0.0000000000000000000, -1.971276677246371500E-016, -1.000000000000000000 ) ) ;
#1857 = LINE ( 'NONE', #1029, #166 ) ;
#1858 = DIRECTION ( 'NONE',  ( 0.0000000000000000000, 0.0000000000000000000, 1.000000000000000000 ) ) ;
#1859 = EDGE_CURVE ( 'NONE', #551, #2608, #1712, .T. ) ;
#1860 = EDGE_CURVE ( 'NONE', #1907, #1525, #2459, .T. ) ;
#1861 = COLOUR_RGB ( '',0.7529411764705882200, 0.7529411764705882200, 0.7529411764705882200 ) ;
#1862 = VECTOR ( 'NONE', #1130, 1000.000000000000000 ) ;
#1863 = DIRECTION ( 'NONE',  ( 0.0000000000000000000, -0.0000000000000000000, -1.000000000000000000 ) ) ;
#1864 = ORIENTED_EDGE ( 'NONE', *, *, #72, .F. ) ;
#1865 = PRESENTATION_LAYER_ASSIGNMENT (  '', '', ( #53 ) ) ;
#1866 = CARTESIAN_POINT ( 'NONE',  ( -4.499999999999999100, -0.6500000000000019100, -3.449999999999999700 ) ) ;
#1867 = VERTEX_POINT ( 'NONE', #2420 ) ;
#1868 = EDGE_CURVE ( 'NONE', #1398, #1093, #2220, .T. ) ;
#1869 = VECTOR ( 'NONE', #2849, 1000.000000000000000 ) ;
#1870 = DIRECTION ( 'NONE',  ( 1.000000000000000000, 0.0000000000000000000, 0.0000000000000000000 ) ) ;
#1871 = ORIENTED_EDGE ( 'NONE', *, *, #3029, .F. ) ;
#1872 = EDGE_CURVE ( 'NONE', #2451, #2731, #1088, .T. ) ;
#1873 = ORIENTED_EDGE ( 'NONE', *, *, #188, .F. ) ;
#1874 = CARTESIAN_POINT ( 'NONE',  ( -3.624999999999999100, -0.6000000000000008700, -1.845132307101624800 ) ) ;
#1875 = DIRECTION ( 'NONE',  ( 1.000000000000000000, 0.0000000000000000000, 0.0000000000000000000 ) ) ;
#1876 = VECTOR ( 'NONE', #1217, 1000.000000000000000 ) ;
#1877 = DIRECTION ( 'NONE',  ( 1.000000000000000000, 0.0000000000000000000, 0.0000000000000000000 ) ) ;
#1878 = EDGE_CURVE ( 'NONE', #1429, #2731, #969, .T. ) ;
#1879 = DIRECTION ( 'NONE',  ( 0.0000000000000000000, -1.000000000000000000, 0.0000000000000000000 ) ) ;
#1880 = PLANE ( 'NONE',  #1327 ) ;
#1881 = ORIENTED_EDGE ( 'NONE', *, *, #129, .F. ) ;
#1882 = MECHANICAL_DESIGN_GEOMETRIC_PRESENTATION_REPRESENTATION (  '', ( #285 ), #225 ) ;
#1883 = ORIENTED_EDGE ( 'NONE', *, *, #619, .T. ) ;
#1884 = PLANE ( 'NONE',  #1542 ) ;
#1885 = PRESENTATION_STYLE_ASSIGNMENT (( #1704 ) ) ;
#1886 = ORIENTED_EDGE ( 'NONE', *, *, #1110, .T. ) ;
#1887 = CARTESIAN_POINT ( 'NONE',  ( -0.5000000000000000000, -2.249999999999999100, -4.050000000000001600 ) ) ;
#1888 = ORIENTED_EDGE ( 'NONE', *, *, #971, .F. ) ;
#1889 = FACE_OUTER_BOUND ( 'NONE', #1827, .T. ) ;
#1890 = ADVANCED_FACE ( 'NONE', ( #3150 ), #658, .T. ) ;
#1891 = ORIENTED_EDGE ( 'NONE', *, *, #1702, .T. ) ;
#1892 = AXIS2_PLACEMENT_3D ( 'NONE', #2525, #311, #1875 ) ;
#1893 = SURFACE_STYLE_FILL_AREA ( #43 ) ;
#1894 = PLANE ( 'NONE',  #1030 ) ;
#1895 = DIRECTION ( 'NONE',  ( 0.0000000000000000000, -1.000000000000000000, 0.0000000000000000000 ) ) ;
#1896 = DIRECTION ( 'NONE',  ( -0.0000000000000000000, -0.0000000000000000000, 1.000000000000000000 ) ) ;
#1897 = ORIENTED_EDGE ( 'NONE', *, *, #1968, .T. ) ;
#1898 = DIRECTION ( 'NONE',  ( -1.000000000000000000, -1.734723475976798800E-015, 0.0000000000000000000 ) ) ;
#1899 = CARTESIAN_POINT ( 'NONE',  ( -1.600000000000000100, -4.500000000000003600, -3.850000000000002800 ) ) ;
#1900 = SURFACE_STYLE_FILL_AREA ( #2033 ) ;
#1901 = ORIENTED_EDGE ( 'NONE', *, *, #1167, .F. ) ;
#1902 = DIRECTION ( 'NONE',  ( -0.0000000000000000000, 0.0000000000000000000, -1.000000000000000000 ) ) ;
#1903 = EDGE_CURVE ( 'NONE', #236, #83, #524, .T. ) ;
#1904 = ORIENTED_EDGE ( 'NONE', *, *, #1108, .T. ) ;
#1905 = ORIENTED_EDGE ( 'NONE', *, *, #3220, .T. ) ;
#1906 = LINE ( 'NONE', #3102, #2756 ) ;
#1907 = VERTEX_POINT ( 'NONE', #2164 ) ;
#1908 = CARTESIAN_POINT ( 'NONE',  ( -2.850000000000000100, -4.000000000000000900, -0.3999999999999997400 ) ) ;
#1909 = VECTOR ( 'NONE', #2064, 1000.000000000000000 ) ;
#1910 = DIRECTION ( 'NONE',  ( 0.0000000000000000000, 0.0000000000000000000, -1.000000000000000000 ) ) ;
#1911 = ORIENTED_EDGE ( 'NONE', *, *, #2536, .T. ) ;
#1912 = FACE_OUTER_BOUND ( 'NONE', #1487, .T. ) ;
#1913 = ORIENTED_EDGE ( 'NONE', *, *, #789, .F. ) ;
#1914 = CARTESIAN_POINT ( 'NONE',  ( -0.7499999999999997800, -2.100000000000000100, -2.600000000000000100 ) ) ;
#1915 = FACE_OUTER_BOUND ( 'NONE', #2605, .T. ) ;
#1916 = ORIENTED_EDGE ( 'NONE', *, *, #1678, .T. ) ;
#1917 = CARTESIAN_POINT ( 'NONE',  ( -0.5000000000000000000, -2.326752072262516500E-016, -2.149999999999999900 ) ) ;
#1918 = LINE ( 'NONE', #3174, #245 ) ;
#1919 = UNCERTAINTY_MEASURE_WITH_UNIT (LENGTH_MEASURE( 1.000000000000000100E-005 ), #945, 'distance_accuracy_value', 'NONE');
#1920 = ORIENTED_EDGE ( 'NONE', *, *, #130, .T. ) ;
#1921 = AXIS2_PLACEMENT_3D ( 'NONE', #1874, #1898, #242 ) ;
#1922 =( LENGTH_UNIT ( ) NAMED_UNIT ( * ) SI_UNIT ( .MILLI., .METRE. ) );
#1923 =( NAMED_UNIT ( * ) SI_UNIT ( $, .STERADIAN. ) SOLID_ANGLE_UNIT ( ) );
#1924 = ORIENTED_EDGE ( 'NONE', *, *, #2348, .F. ) ;
#1925 = VERTEX_POINT ( 'NONE', #2904 ) ;
#1926 = PLANE ( 'NONE',  #631 ) ;
#1927 = LINE ( 'NONE', #2054, #2583 ) ;
#1928 = VERTEX_POINT ( 'NONE', #912 ) ;
#1929 = CARTESIAN_POINT ( 'NONE',  ( -3.424999999999999800, -1.800000000000000700, -3.450000000000000600 ) ) ;
#1930 = VERTEX_POINT ( 'NONE', #2934 ) ;
#1931 = DIRECTION ( 'NONE',  ( -0.0000000000000000000, 0.0000000000000000000, -1.000000000000000000 ) ) ;
#1932 = LINE ( 'NONE', #3131, #2090 ) ;
#1933 = AXIS2_PLACEMENT_3D ( 'NONE', #3036, #2775, #775 ) ;
#1934 = FACE_OUTER_BOUND ( 'NONE', #1743, .T. ) ;
#1935 = DIRECTION ( 'NONE',  ( 1.036269946734653100E-031, -1.224606353822377300E-016, 1.000000000000000000 ) ) ;
#1936 = ORIENTED_EDGE ( 'NONE', *, *, #1296, .T. ) ;
#1937 = EDGE_CURVE ( 'NONE', #1009, #430, #567, .T. ) ;
#1938 = EDGE_CURVE ( 'NONE', #1239, #1272, #1473, .T. ) ;
#1939 = ADVANCED_FACE ( 'NONE', ( #1202 ), #1668, .F. ) ;
#1940 = SURFACE_STYLE_USAGE ( .BOTH. , #2434 ) ;
#1941 = EDGE_CURVE ( 'NONE', #962, #120, #2416, .T. ) ;
#1942 = VERTEX_POINT ( 'NONE', #1701 ) ;
#1943 = CARTESIAN_POINT ( 'NONE',  ( -0.5000000000000000000, -3.750000000000000000, -0.2999999999999999300 ) ) ;
#1944 =( NAMED_UNIT ( * ) PLANE_ANGLE_UNIT ( ) SI_UNIT ( $, .RADIAN. ) );
#1945 = CARTESIAN_POINT ( 'NONE',  ( -4.649999999999999500, -2.100000000000000100, -1.799999999999999600 ) ) ;
#1946 = VECTOR ( 'NONE', #879, 1000.000000000000000 ) ;
#1947 = CARTESIAN_POINT ( 'NONE',  ( -3.400000000000000400, -3.450000000000000200, -3.950000000000002000 ) ) ;
#1948 = VERTEX_POINT ( 'NONE', #403 ) ;
#1949 = LINE ( 'NONE', #2129, #2175 ) ;
#1950 = CARTESIAN_POINT ( 'NONE',  ( -3.425000000000000300, -0.3499999999999992000, -4.050000000000001600 ) ) ;
#1951 = ORIENTED_EDGE ( 'NONE', *, *, #2972, .T. ) ;
#1952 = DIRECTION ( 'NONE',  ( 0.0000000000000000000, 1.000000000000000000, 0.0000000000000000000 ) ) ;
#1953 = CARTESIAN_POINT ( 'NONE',  ( -4.499999999999999100, -2.250000000000000900, -3.449999999999999700 ) ) ;
#1954 = MECHANICAL_DESIGN_GEOMETRIC_PRESENTATION_REPRESENTATION (  '', ( #1774 ), #2549 ) ;
#1955 = ORIENTED_EDGE ( 'NONE', *, *, #382, .F. ) ;
#1956 = EDGE_LOOP ( 'NONE', ( #1664, #220, #2810, #1790 ) ) ;
#1957 = EDGE_CURVE ( 'NONE', #2378, #112, #1918, .T. ) ;
#1958 = LINE ( 'NONE', #1492, #1876 ) ;
#1959 = CARTESIAN_POINT ( 'NONE',  ( -1.574999999999999500, -1.800000000000000700, -3.450000000000000600 ) ) ;
#1960 = PLANE ( 'NONE',  #1598 ) ;
#1961 = ADVANCED_FACE ( 'NONE', ( #2180 ), #694, .T. ) ;
#1962 = VECTOR ( 'NONE', #883, 1000.000000000000000 ) ;
#1963 = DIRECTION ( 'NONE',  ( -1.000000000000000000, 0.0000000000000000000, 0.0000000000000000000 ) ) ;
#1964 = SURFACE_STYLE_USAGE ( .BOTH. , #742 ) ;
#1965 = CARTESIAN_POINT ( 'NONE',  ( -4.499999999999999100, -0.6500000000000019100, -3.449999999999999700 ) ) ;
#1966 = CARTESIAN_POINT ( 'NONE',  ( -2.850000000000000100, -3.650000000000000400, -500000.0000000000600 ) ) ;
#1967 = ORIENTED_EDGE ( 'NONE', *, *, #3049, .T. ) ;
#1968 = EDGE_CURVE ( 'NONE', #2325, #1782, #1276, .T. ) ;
#1969 = VECTOR ( 'NONE', #1573, 1000.000000000000000 ) ;
#1970 = ORIENTED_EDGE ( 'NONE', *, *, #3112, .F. ) ;
#1971 = AXIS2_PLACEMENT_3D ( 'NONE', #408, #1402, #1154 ) ;
#1972 = CARTESIAN_POINT ( 'NONE',  ( -3.824999999999998400, -2.100000000000000500, -2.600000000000000100 ) ) ;
#1973 = CARTESIAN_POINT ( 'NONE',  ( -4.499999999999997300, -3.750000000000003100, 1.940000000000000600 ) ) ;
#1974 = ADVANCED_FACE ( 'NONE', ( #2073 ), #452, .F. ) ;
#1975 = LINE ( 'NONE', #2727, #1290 ) ;
#1976 = FACE_OUTER_BOUND ( 'NONE', #1360, .T. ) ;
#1977 = EDGE_CURVE ( 'NONE', #1700, #2279, #925, .T. ) ;
#1978 = VECTOR ( 'NONE', #406, 1000.000000000000000 ) ;
#1979 = DIRECTION ( 'NONE',  ( 1.000000000000000000, -3.336006684570783600E-016, 0.0000000000000000000 ) ) ;
#1980 = ORIENTED_EDGE ( 'NONE', *, *, #2688, .F. ) ;
#1981 = CARTESIAN_POINT ( 'NONE',  ( -2.149999999999999500, -3.650000000000000400, -0.4000000000132786200 ) ) ;
#1982 = FILL_AREA_STYLE ('',( #212 ) ) ;
#1983 = CARTESIAN_POINT ( 'NONE',  ( -0.6999999999999988500, -0.6000000000000005300, -4.173411897755956400 ) ) ;
#1984 = ORIENTED_EDGE ( 'NONE', *, *, #2922, .T. ) ;
#1985 = EDGE_CURVE ( 'NONE', #329, #1171, #2035, .T. ) ;
#1986 = EDGE_LOOP ( 'NONE', ( #2469, #1841, #2331, #1426, #2374 ) ) ;
#1987 = FACE_OUTER_BOUND ( 'NONE', #3218, .T. ) ;
#1988 = VECTOR ( 'NONE', #607, 1000.000000000000000 ) ;
#1989 = CARTESIAN_POINT ( 'NONE',  ( -2.949999999999999300, -1.349999999999999900, -1.800000000000000000 ) ) ;
#1990 = ORIENTED_EDGE ( 'NONE', *, *, #390, .F. ) ;
#1991 =( GEOMETRIC_REPRESENTATION_CONTEXT ( 3 ) GLOBAL_UNCERTAINTY_ASSIGNED_CONTEXT ( ( #887 ) ) GLOBAL_UNIT_ASSIGNED_CONTEXT ( ( #2770, #497, #2531 ) ) REPRESENTATION_CONTEXT ( 'NONE', 'WORKASPACE' ) );
#1992 = ADVANCED_FACE ( 'NONE', ( #734 ), #1749, .T. ) ;
#1993 = ORIENTED_EDGE ( 'NONE', *, *, #2182, .T. ) ;
#1994 = LINE ( 'NONE', #2977, #1709 ) ;
#1995 = DIRECTION ( 'NONE',  ( -1.734723475976798800E-015, 1.000000000000000000, 0.0000000000000000000 ) ) ;
#1996 = DIRECTION ( 'NONE',  ( 0.0000000000000000000, 1.000000000000000000, -0.0000000000000000000 ) ) ;
#1997 =( NAMED_UNIT ( * ) SI_UNIT ( $, .STERADIAN. ) SOLID_ANGLE_UNIT ( ) );
#1998 = ORIENTED_EDGE ( 'NONE', *, *, #2227, .F. ) ;
#1999 = DIRECTION ( 'NONE',  ( 0.0000000000000000000, -0.0000000000000000000, 1.000000000000000000 ) ) ;
#2000 = ORIENTED_EDGE ( 'NONE', *, *, #45, .F. ) ;
#2001 = CARTESIAN_POINT ( 'NONE',  ( -5.000000000000000000, -2.348191641344310200E-015, -2.149999999999999900 ) ) ;
#2002 = PLANE ( 'NONE',  #2096 ) ;
#2003 = COLOUR_RGB ( '',0.7529411764705882200, 0.7529411764705882200, 0.7529411764705882200 ) ;
#2004 = ORIENTED_EDGE ( 'NONE', *, *, #2772, .F. ) ;
#2005 = ADVANCED_FACE ( 'NONE', ( #2766 ), #719, .F. ) ;
#2006 = FACE_OUTER_BOUND ( 'NONE', #1435, .T. ) ;
#2007 = ORIENTED_EDGE ( 'NONE', *, *, #820, .F. ) ;
#2008 = ORIENTED_EDGE ( 'NONE', *, *, #2907, .F. ) ;
#2009 = EDGE_CURVE ( 'NONE', #2867, #1009, #1958, .T. ) ;
#2010 = PLANE ( 'NONE',  #3040 ) ;
#2011 = FACE_BOUND ( 'NONE', #3171, .T. ) ;
#2012 = STYLED_ITEM ( 'NONE', ( #1829 ), #2507 ) ;
#2013 = DIRECTION ( 'NONE',  ( 0.0000000000000000000, -1.000000000000000000, -0.0000000000000000000 ) ) ;
#2014 = PLANE ( 'NONE',  #1345 ) ;
#2015 = VECTOR ( 'NONE', #25, 1000.000000000000000 ) ;
#2016 = LINE ( 'NONE', #36, #1770 ) ;
#2017 =( NAMED_UNIT ( * ) SI_UNIT ( $, .STERADIAN. ) SOLID_ANGLE_UNIT ( ) );
#2018 = VERTEX_POINT ( 'NONE', #1249 ) ;
#2019 = UNCERTAINTY_MEASURE_WITH_UNIT (LENGTH_MEASURE( 1.000000000000000100E-005 ), #555, 'distance_accuracy_value', 'NONE');
#2020 = ORIENTED_EDGE ( 'NONE', *, *, #3022, .T. ) ;
#2021 = ADVANCED_FACE ( 'NONE', ( #2 ), #2962, .T. ) ;
#2022 = PRESENTATION_STYLE_ASSIGNMENT (( #2381 ) ) ;
#2023 = DIRECTION ( 'NONE',  ( -1.000000000000000000, 0.0000000000000000000, -0.0000000000000000000 ) ) ;
#2024 = CARTESIAN_POINT ( 'NONE',  ( -3.600000000000000500, -4.200000000000003700, -4.850000000000002300 ) ) ;
#2025 = EDGE_LOOP ( 'NONE', ( #264, #2222, #2417, #1001 ) ) ;
#2026 = VECTOR ( 'NONE', #1156, 1000.000000000000000 ) ;
#2027 = AXIS2_PLACEMENT_3D ( 'NONE', #1077, #1847, #2599 ) ;
#2028 = EDGE_CURVE ( 'NONE', #2778, #1134, #3113, .T. ) ;
#2029 = EDGE_LOOP ( 'NONE', ( #1082, #2204, #1356, #274 ) ) ;
#2030 = CARTESIAN_POINT ( 'NONE',  ( -4.299999999999998000, -2.100000000000000500, -2.600000000000000100 ) ) ;
#2031 = ORIENTED_EDGE ( 'NONE', *, *, #3118, .F. ) ;
#2032 = DIRECTION ( 'NONE',  ( -0.0000000000000000000, -1.000000000000000000, -0.0000000000000000000 ) ) ;
#2033 = FILL_AREA_STYLE ('',( #1771 ) ) ;
#2034 = MECHANICAL_DESIGN_GEOMETRIC_PRESENTATION_REPRESENTATION (  '', ( #53 ), #3183 ) ;
#2035 = LINE ( 'NONE', #2468, #2606 ) ;
#2036 = PLANE ( 'NONE',  #2441 ) ;
#2037 = VERTEX_POINT ( 'NONE', #1021 ) ;
#2038 = CARTESIAN_POINT ( 'NONE',  ( -2.049999999999998900, -1.800000000000000500, -0.6099999999999998800 ) ) ;
#2039 = EDGE_LOOP ( 'NONE', ( #766, #1990, #411, #1751 ) ) ;
#2040 = DIRECTION ( 'NONE',  ( 0.0000000000000000000, -9.856383386231857600E-017, 1.000000000000000000 ) ) ;
#2041 = DIRECTION ( 'NONE',  ( -0.0000000000000000000, 0.0000000000000000000, 1.000000000000000000 ) ) ;
#2042 = ORIENTED_EDGE ( 'NONE', *, *, #2391, .F. ) ;
#2043 = EDGE_CURVE ( 'NONE', #2929, #3138, #1469, .T. ) ;
#2044 = CARTESIAN_POINT ( 'NONE',  ( -0.7499999999999997800, -3.649999999999999500, -0.3999999999999997400 ) ) ;
#2045 = SURFACE_STYLE_FILL_AREA ( #909 ) ;
#2046 = CARTESIAN_POINT ( 'NONE',  ( -0.5000000000000000000, -4.400000000000001200, -0.2999999999999999300 ) ) ;
#2047 = CARTESIAN_POINT ( 'NONE',  ( -0.5000000000000000000, -2.450000000000000600, 1.300000000000000300 ) ) ;
#2048 = ORIENTED_EDGE ( 'NONE', *, *, #3022, .F. ) ;
#2049 = VERTEX_POINT ( 'NONE', #70 ) ;
#2050 = FACE_OUTER_BOUND ( 'NONE', #700, .T. ) ;
#2051 = AXIS2_PLACEMENT_3D ( 'NONE', #326, #585, #1321 ) ;
#2052 = CARTESIAN_POINT ( 'NONE',  ( -4.299999999999998000, -0.6000000000000009800, 1.950000000000000400 ) ) ;
#2053 =( NAMED_UNIT ( * ) PLANE_ANGLE_UNIT ( ) SI_UNIT ( $, .RADIAN. ) );
#2054 = CARTESIAN_POINT ( 'NONE',  ( -4.499999999999997300, -4.400000000000003000, -0.2999999999999999300 ) ) ;
#2055 = EDGE_LOOP ( 'NONE', ( #1158, #853, #2626, #2157 ) ) ;
#2056 = UNCERTAINTY_MEASURE_WITH_UNIT (LENGTH_MEASURE( 1.000000000000000100E-005 ), #2334, 'distance_accuracy_value', 'NONE');
#2057 = DIRECTION ( 'NONE',  ( 0.0000000000000000000, -1.000000000000000000, 0.0000000000000000000 ) ) ;
#2058 = EDGE_CURVE ( 'NONE', #1174, #3182, #1317, .T. ) ;
#2059 = DIRECTION ( 'NONE',  ( 0.0000000000000000000, 0.0000000000000000000, -1.000000000000000000 ) ) ;
#2060 = ORIENTED_EDGE ( 'NONE', *, *, #2659, .T. ) ;
#2061 = ORIENTED_EDGE ( 'NONE', *, *, #1420, .T. ) ;
#2062 = VECTOR ( 'NONE', #2094, 1000.000000000000000 ) ;
#2063 = LINE ( 'NONE', #1802, #272 ) ;
#2064 = DIRECTION ( 'NONE',  ( 0.0000000000000000000, -1.000000000000000000, 0.0000000000000000000 ) ) ;
#2065 = ORIENTED_EDGE ( 'NONE', *, *, #1872, .T. ) ;
#2066 = VECTOR ( 'NONE', #1795, 1000.000000000000000 ) ;
#2067 = PLANE ( 'NONE',  #1098 ) ;
#2068 = ORIENTED_EDGE ( 'NONE', *, *, #317, .T. ) ;
#2069 = FACE_OUTER_BOUND ( 'NONE', #1193, .T. ) ;
#2070 = EDGE_CURVE ( 'NONE', #2604, #1742, #2178, .T. ) ;
#2071 = CARTESIAN_POINT ( 'NONE',  ( -4.499999999999999100, -2.450000000000002000, 1.950000000000000400 ) ) ;
#2072 = ORIENTED_EDGE ( 'NONE', *, *, #1531, .F. ) ;
#2073 = FACE_OUTER_BOUND ( 'NONE', #2575, .T. ) ;
#2074 = CARTESIAN_POINT ( 'NONE',  ( -4.499999999999997300, -3.750000000000001800, -0.2599999999999998400 ) ) ;
#2075 = AXIS2_PLACEMENT_3D ( 'NONE', #232, #1735, #221 ) ;
#2076 = CARTESIAN_POINT ( 'NONE',  ( -3.600000000000000500, -4.200000000000003700, -4.850000000000002300 ) ) ;
#2077 = CARTESIAN_POINT ( 'NONE',  ( -4.699999999999995700, -4.500000000000002700, 1.940000000000000600 ) ) ;
#2078 = VECTOR ( 'NONE', #2166, 1000.000000000000000 ) ;
#2079 = ORIENTED_EDGE ( 'NONE', *, *, #1903, .F. ) ;
#2080 = ORIENTED_EDGE ( 'NONE', *, *, #340, .F. ) ;
#2081 = CARTESIAN_POINT ( 'NONE',  ( -4.699999999999996600, -3.750000000000001800, -0.2599999999999997900 ) ) ;
#2082 = VECTOR ( 'NONE', #2538, 1000.000000000000000 ) ;
#2083 = ORIENTED_EDGE ( 'NONE', *, *, #1859, .F. ) ;
#2084 =( NAMED_UNIT ( * ) PLANE_ANGLE_UNIT ( ) SI_UNIT ( $, .RADIAN. ) );
#2085 = DIRECTION ( 'NONE',  ( -1.000000000000000000, -0.0000000000000000000, 0.0000000000000000000 ) ) ;
#2086 = VECTOR ( 'NONE', #726, 1000.000000000000000 ) ;
#2087 = CARTESIAN_POINT ( 'NONE',  ( -1.574999999999999500, -0.3499999999999994200, -3.449999999999999700 ) ) ;
#2088 = EDGE_CURVE ( 'NONE', #2963, #2966, #1753, .T. ) ;
#2089 = CARTESIAN_POINT ( 'NONE',  ( -0.7499999999999997800, -4.000000000000000900, 1.950000000000000400 ) ) ;
#2090 = VECTOR ( 'NONE', #2910, 1000.000000000000000 ) ;
#2091 = DIRECTION ( 'NONE',  ( -0.0000000000000000000, -0.0000000000000000000, 1.000000000000000000 ) ) ;
#2092 = CARTESIAN_POINT ( 'NONE',  ( -0.6999999999999988500, -2.100000000000000100, 1.950000000000000400 ) ) ;
#2093 = LINE ( 'NONE', #3030, #2321 ) ;
#2094 = DIRECTION ( 'NONE',  ( -1.000000000000000000, -0.0000000000000000000, -0.0000000000000000000 ) ) ;
#2095 = FACE_OUTER_BOUND ( 'NONE', #2663, .T. ) ;
#2096 = AXIS2_PLACEMENT_3D ( 'NONE', #2475, #1963, #487 ) ;
#2097 = ORIENTED_EDGE ( 'NONE', *, *, #1259, .T. ) ;
#2098 = CARTESIAN_POINT ( 'NONE',  ( -0.3000000000000000400, -2.450000000000001100, -0.2599999999999997900 ) ) ;
#2099 = DIRECTION ( 'NONE',  ( 1.000000000000000000, -1.239088197126285900E-015, -0.0000000000000000000 ) ) ;
#2100 = LINE ( 'NONE', #1060, #1225 ) ;
#2101 = ORIENTED_EDGE ( 'NONE', *, *, #1768, .T. ) ;
#2102 = DIRECTION ( 'NONE',  ( 3.262076464070523000E-031, -3.854941057726238100E-016, -1.000000000000000000 ) ) ;
#2103 = LINE ( 'NONE', #612, #995 ) ;
#2104 = AXIS2_PLACEMENT_3D ( 'NONE', #3013, #2040, #1267 ) ;
#2105 = ORIENTED_EDGE ( 'NONE', *, *, #921, .F. ) ;
#2106 = VECTOR ( 'NONE', #2355, 1000.000000000000000 ) ;
#2107 = LINE ( 'NONE', #2046, #956 ) ;
#2108 = ORIENTED_EDGE ( 'NONE', *, *, #662, .T. ) ;
#2109 = LINE ( 'NONE', #303, #1003 ) ;
#2110 = DIRECTION ( 'NONE',  ( 0.0000000000000000000, 1.000000000000000000, 0.0000000000000000000 ) ) ;
#2111 = EDGE_CURVE ( 'NONE', #2941, #2421, #649, .T. ) ;
#2112 = CARTESIAN_POINT ( 'NONE',  ( -0.6999999999999988500, -0.8000000000000001600, 1.950000000000000400 ) ) ;
#2113 = EDGE_CURVE ( 'NONE', #1123, #2421, #1792, .T. ) ;
#2114 = ORIENTED_EDGE ( 'NONE', *, *, #889, .T. ) ;
#2115 = DIRECTION ( 'NONE',  ( 0.0000000000000000000, -0.0000000000000000000, 1.000000000000000000 ) ) ;
#2116 = VECTOR ( 'NONE', #2188, 1000.000000000000000 ) ;
#2117 = EDGE_CURVE ( 'NONE', #2149, #857, #1004, .T. ) ;
#2118 = CARTESIAN_POINT ( 'NONE',  ( 0.0000000000000000000, -4.400000000000000400, -4.050000000000002500 ) ) ;
#2119 = CARTESIAN_POINT ( 'NONE',  ( -4.249999999999999100, -4.000000000000000900, 1.950000000000000400 ) ) ;
#2120 = CARTESIAN_POINT ( 'NONE',  ( -2.850000000000000100, -3.650000000000000400, -500000.0000000000600 ) ) ;
#2121 = PRESENTATION_LAYER_ASSIGNMENT (  '', '', ( #595 ) ) ;
#2122 = CARTESIAN_POINT ( 'NONE',  ( -4.299999999999998000, -2.100000000000000500, -1.799999999999999600 ) ) ;
#2123 = ORIENTED_EDGE ( 'NONE', *, *, #2398, .T. ) ;
#2124 = CARTESIAN_POINT ( 'NONE',  ( -4.499999999999999100, -2.450000000000002400, 1.300000000000000300 ) ) ;
#2125 = VECTOR ( 'NONE', #1645, 1000.000000000000000 ) ;
#2126 = ORIENTED_EDGE ( 'NONE', *, *, #2217, .F. ) ;
#2127 =( NAMED_UNIT ( * ) PLANE_ANGLE_UNIT ( ) SI_UNIT ( $, .RADIAN. ) );
#2128 = VECTOR ( 'NONE', #2949, 1000.000000000000000 ) ;
#2129 = CARTESIAN_POINT ( 'NONE',  ( -2.049999999999998900, -1.799999999999999800, -1.800000000000000000 ) ) ;
#2130 = LINE ( 'NONE', #588, #350 ) ;
#2131 = DIRECTION ( 'NONE',  ( -0.0000000000000000000, 0.0000000000000000000, 1.000000000000000000 ) ) ;
#2132 = ORIENTED_EDGE ( 'NONE', *, *, #2516, .F. ) ;
#2133 = PRESENTATION_LAYER_ASSIGNMENT (  '', '', ( #2798 ) ) ;
#2134 = DIRECTION ( 'NONE',  ( -1.000000000000000000, 0.0000000000000000000, 0.0000000000000000000 ) ) ;
#2135 = ORIENTED_EDGE ( 'NONE', *, *, #74, .T. ) ;
#2136 = ORIENTED_EDGE ( 'NONE', *, *, #2300, .T. ) ;
#2137 = EDGE_CURVE ( 'NONE', #970, #158, #211, .T. ) ;
#2138 = CARTESIAN_POINT ( 'NONE',  ( -3.425000000000000300, -2.100000000000000100, -0.04999999999999969700 ) ) ;
#2139 = ORIENTED_EDGE ( 'NONE', *, *, #1297, .F. ) ;
#2140 = LINE ( 'NONE', #3037, #1747 ) ;
#2141 = PLANE ( 'NONE',  #2390 ) ;
#2142 = ORIENTED_EDGE ( 'NONE', *, *, #2028, .T. ) ;
#2143 = EDGE_CURVE ( 'NONE', #2149, #57, #2218, .T. ) ;
#2144 = DIRECTION ( 'NONE',  ( 0.0000000000000000000, 1.000000000000000000, 0.0000000000000000000 ) ) ;
#2145 = EDGE_CURVE ( 'NONE', #857, #892, #284, .T. ) ;
#2146 = ADVANCED_FACE ( 'NONE', ( #1393 ), #2702, .F. ) ;
#2147 = CARTESIAN_POINT ( 'NONE',  ( -2.949999999999999300, -1.350000000000000100, -0.6099999999999998800 ) ) ;
#2148 = CARTESIAN_POINT ( 'NONE',  ( -2.850000000000000100, -4.000000000000000900, -0.3999999999999997400 ) ) ;
#2149 = VERTEX_POINT ( 'NONE', #655 ) ;
#2150 = DIRECTION ( 'NONE',  ( -8.673617379883996000E-016, -1.000000000000000000, 0.0000000000000000000 ) ) ;
#2151 = ORIENTED_EDGE ( 'NONE', *, *, #2782, .F. ) ;
#2152 = LINE ( 'NONE', #372, #3153 ) ;
#2153 = ORIENTED_EDGE ( 'NONE', *, *, #1564, .T. ) ;
#2154 = DIRECTION ( 'NONE',  ( 0.0000000000000000000, -1.000000000000000000, 1.057758217059028900E-016 ) ) ;
#2155 = CARTESIAN_POINT ( 'NONE',  ( 0.0000000000000000000, -3.750000000000000000, -0.2999999999999999300 ) ) ;
#2156 = LINE ( 'NONE', #1042, #1764 ) ;
#2157 = ORIENTED_EDGE ( 'NONE', *, *, #201, .T. ) ;
#2158 = ORIENTED_EDGE ( 'NONE', *, *, #1338, .T. ) ;
#2159 = PLANE ( 'NONE',  #638 ) ;
#2160 = DIRECTION ( 'NONE',  ( -1.000000000000000000, -1.239088197126291100E-016, 0.0000000000000000000 ) ) ;
#2161 = LINE ( 'NONE', #1519, #1727 ) ;
#2162 = ADVANCED_FACE ( 'NONE', ( #2918 ), #490, .F. ) ;
#2163 = DIRECTION ( 'NONE',  ( -0.0000000000000000000, 1.000000000000000000, 0.0000000000000000000 ) ) ;
#2164 = CARTESIAN_POINT ( 'NONE',  ( -2.049999999999998900, -1.800000000000000500, -1.800000000000000000 ) ) ;
#2165 = VECTOR ( 'NONE', #3099, 1000.000000000000000 ) ;
#2166 = DIRECTION ( 'NONE',  ( 0.0000000000000000000, 6.672013369141566200E-016, 1.000000000000000000 ) ) ;
#2167 = ORIENTED_EDGE ( 'NONE', *, *, #407, .F. ) ;
#2168 = CARTESIAN_POINT ( 'NONE',  ( -1.174999999999998700, -0.6000000000000005300, -2.600000000000000100 ) ) ;
#2169 = EDGE_CURVE ( 'NONE', #271, #1139, #2884, .T. ) ;
#2170 = COLOUR_RGB ( '',0.0000000000000000000, 0.0000000000000000000, 0.6274509803921568500 ) ;
#2171 = EDGE_LOOP ( 'NONE', ( #2097, #2079, #926, #2401 ) ) ;
#2172 = DIRECTION ( 'NONE',  ( 0.0000000000000000000, -1.000000000000000000, 0.0000000000000000000 ) ) ;
#2173 = VERTEX_POINT ( 'NONE', #2242 ) ;
#2174 =( NAMED_UNIT ( * ) PLANE_ANGLE_UNIT ( ) SI_UNIT ( $, .RADIAN. ) );
#2175 = VECTOR ( 'NONE', #1584, 1000.000000000000000 ) ;
#2176 = ORIENTED_EDGE ( 'NONE', *, *, #2111, .T. ) ;
#2177 = ADVANCED_FACE ( 'NONE', ( #1915 ), #2951, .F. ) ;
#2178 = LINE ( 'NONE', #1593, #489 ) ;
#2179 = DIRECTION ( 'NONE',  ( 0.0000000000000000000, 0.0000000000000000000, 1.000000000000000000 ) ) ;
#2180 = FACE_OUTER_BOUND ( 'NONE', #379, .T. ) ;
#2181 = EDGE_CURVE ( 'NONE', #2327, #3133, #189, .T. ) ;
#2182 = EDGE_CURVE ( 'NONE', #2410, #760, #1479, .T. ) ;
#2183 = AXIS2_PLACEMENT_3D ( 'NONE', #1092, #2085, #2841 ) ;
#2184 = DIRECTION ( 'NONE',  ( 0.0000000000000000000, -0.0000000000000000000, 1.000000000000000000 ) ) ;
#2185 = VECTOR ( 'NONE', #1812, 1000.000000000000000 ) ;
#2186 = ORIENTED_EDGE ( 'NONE', *, *, #1198, .T. ) ;
#2187 = ADVANCED_FACE ( 'NONE', ( #2006 ), #1476, .F. ) ;
#2188 = DIRECTION ( 'NONE',  ( 0.0000000000000000000, 0.0000000000000000000, 1.000000000000000000 ) ) ;
#2189 = VECTOR ( 'NONE', #1159, 1000.000000000000000 ) ;
#2190 = DIRECTION ( 'NONE',  ( 0.0000000000000000000, 0.0000000000000000000, 1.000000000000000000 ) ) ;
#2191 = FACE_OUTER_BOUND ( 'NONE', #2328, .T. ) ;
#2192 = FACE_OUTER_BOUND ( 'NONE', #1563, .T. ) ;
#2193 = DIRECTION ( 'NONE',  ( 1.000000000000000000, -0.0000000000000000000, -0.0000000000000000000 ) ) ;
#2194 = PLANE ( 'NONE',  #328 ) ;
#2195 = CARTESIAN_POINT ( 'NONE',  ( -3.600000000000000500, -3.450000000000000200, -4.050000000000002500 ) ) ;
#2196 = ORIENTED_EDGE ( 'NONE', *, *, #1702, .F. ) ;
#2197 = DIRECTION ( 'NONE',  ( 0.0000000000000000000, 0.0000000000000000000, 1.000000000000000000 ) ) ;
#2198 = CARTESIAN_POINT ( 'NONE',  ( -4.699999999999997500, -2.450000000000002400, 1.940000000000000400 ) ) ;
#2199 = EDGE_CURVE ( 'NONE', #2600, #1031, #76, .T. ) ;
#2200 = ORIENTED_EDGE ( 'NONE', *, *, #1543, .F. ) ;
#2201 = PLANE ( 'NONE',  #826 ) ;
#2202 = PRESENTATION_LAYER_ASSIGNMENT (  '', '', ( #1471 ) ) ;
#2203 = ADVANCED_FACE ( 'NONE', ( #1912 ), #1247, .F. ) ;
#2204 = ORIENTED_EDGE ( 'NONE', *, *, #2516, .T. ) ;
#2205 = FACE_OUTER_BOUND ( 'NONE', #1148, .T. ) ;
#2206 = PLANE ( 'NONE',  #289 ) ;
#2207 = CARTESIAN_POINT ( 'NONE',  ( -0.3000000000000000400, -3.750000000000000900, 1.300000000000000300 ) ) ;
#2208 = ORIENTED_EDGE ( 'NONE', *, *, #863, .T. ) ;
#2209 = FACE_OUTER_BOUND ( 'NONE', #1357, .T. ) ;
#2210 = DIRECTION ( 'NONE',  ( 0.0000000000000000000, 0.0000000000000000000, -1.000000000000000000 ) ) ;
#2211 = AXIS2_PLACEMENT_3D ( 'NONE', #835, #2367, #1843 ) ;
#2212 = DIRECTION ( 'NONE',  ( 1.000000000000000000, 0.0000000000000000000, -0.0000000000000000000 ) ) ;
#2213 = VERTEX_POINT ( 'NONE', #2490 ) ;
#2214 = FACE_OUTER_BOUND ( 'NONE', #1421, .T. ) ;
#2215 = ORIENTED_EDGE ( 'NONE', *, *, #1496, .F. ) ;
#2216 =( GEOMETRIC_REPRESENTATION_CONTEXT ( 3 ) GLOBAL_UNCERTAINTY_ASSIGNED_CONTEXT ( ( #2533 ) ) GLOBAL_UNIT_ASSIGNED_CONTEXT ( ( #2294, #1047, #2280 ) ) REPRESENTATION_CONTEXT ( 'NONE', 'WORKASPACE' ) );
#2217 = EDGE_CURVE ( 'NONE', #2988, #2717, #3026, .T. ) ;
#2218 = LINE ( 'NONE', #1432, #2728 ) ;
#2219 = DIRECTION ( 'NONE',  ( -0.0000000000000000000, 0.0000000000000000000, -1.000000000000000000 ) ) ;
#2220 = LINE ( 'NONE', #1908, #215 ) ;
#2221 = CARTESIAN_POINT ( 'NONE',  ( -4.499999999999997300, -4.400000000000002100, 1.950000000000000000 ) ) ;
#2222 = ORIENTED_EDGE ( 'NONE', *, *, #185, .F. ) ;
#2223 = CARTESIAN_POINT ( 'NONE',  ( -4.299999999999998000, -0.6000000000000009800, -2.600000000000000100 ) ) ;
#2224 = CARTESIAN_POINT ( 'NONE',  ( -4.499999999999998200, -2.450000000000002800, -0.2599999999999997900 ) ) ;
#2225 = ADVANCED_FACE ( 'NONE', ( #2069 ), #2467, .F. ) ;
#2226 = ORIENTED_EDGE ( 'NONE', *, *, #1386, .F. ) ;
#2227 = EDGE_CURVE ( 'NONE', #1078, #1139, #368, .T. ) ;
#2228 = VERTEX_POINT ( 'NONE', #440 ) ;
#2229 = ORIENTED_EDGE ( 'NONE', *, *, #3097, .F. ) ;
#2230 = VECTOR ( 'NONE', #874, 1000.000000000000000 ) ;
#2231 = EDGE_LOOP ( 'NONE', ( #471, #2315, #1270, #392 ) ) ;
#2232 = CARTESIAN_POINT ( 'NONE',  ( -1.600000000000000100, -4.400000000000000400, -4.050000000000002500 ) ) ;
#2233 = LINE ( 'NONE', #1244, #779 ) ;
#2234 = DIRECTION ( 'NONE',  ( 0.0000000000000000000, 0.0000000000000000000, -1.000000000000000000 ) ) ;
#2235 = FACE_OUTER_BOUND ( 'NONE', #842, .T. ) ;
#2236 = VECTOR ( 'NONE', #1346, 1000.000000000000000 ) ;
#2237 = LINE ( 'NONE', #1804, #1342 ) ;
#2238 = ADVANCED_FACE ( 'NONE', ( #2571 ), #2586, .T. ) ;
#2239 = ORIENTED_EDGE ( 'NONE', *, *, #2358, .F. ) ;
#2240 = FACE_OUTER_BOUND ( 'NONE', #1640, .T. ) ;
#2241 = CARTESIAN_POINT ( 'NONE',  ( -4.999999999999998200, -2.250000000000001300, -3.449999999999999700 ) ) ;
#2242 = CARTESIAN_POINT ( 'NONE',  ( -4.999999999999999100, -0.6500000000000023500, -3.449999999999999700 ) ) ;
#2243 = VERTEX_POINT ( 'NONE', #1168 ) ;
#2244 = EDGE_CURVE ( 'NONE', #2049, #1115, #1083, .T. ) ;
#2245 = LINE ( 'NONE', #633, #2632 ) ;
#2246 = UNCERTAINTY_MEASURE_WITH_UNIT (LENGTH_MEASURE( 1.000000000000000100E-005 ), #1796, 'distance_accuracy_value', 'NONE');
#2247 = ORIENTED_EDGE ( 'NONE', *, *, #2143, .F. ) ;
#2248 = LINE ( 'NONE', #2836, #239 ) ;
#2249 = LINE ( 'NONE', #1945, #1509 ) ;
#2250 =( GEOMETRIC_REPRESENTATION_CONTEXT ( 3 ) GLOBAL_UNCERTAINTY_ASSIGNED_CONTEXT ( ( #1366 ) ) GLOBAL_UNIT_ASSIGNED_CONTEXT ( ( #237, #1038, #1288 ) ) REPRESENTATION_CONTEXT ( 'NONE', 'WORKASPACE' ) );
#2251 = ORIENTED_EDGE ( 'NONE', *, *, #1053, .F. ) ;
#2252 = VECTOR ( 'NONE', #2893, 1000.000000000000000 ) ;
#2253 = VERTEX_POINT ( 'NONE', #2658 ) ;
#2254 = CARTESIAN_POINT ( 'NONE',  ( -4.699999999999995700, -4.500000000000002700, -0.2599999999999996200 ) ) ;
#2255 = DIRECTION ( 'NONE',  ( -0.0000000000000000000, -1.000000000000000000, -0.0000000000000000000 ) ) ;
#2256 = DIRECTION ( 'NONE',  ( 0.0000000000000000000, 0.0000000000000000000, 1.000000000000000000 ) ) ;
#2257 = ADVANCED_FACE ( 'NONE', ( #2214 ), #2159, .F. ) ;
#2258 = VECTOR ( 'NONE', #169, 1000.000000000000000 ) ;
#2259 = PRESENTATION_LAYER_ASSIGNMENT (  '', '', ( #574 ) ) ;
#2260 = PLANE ( 'NONE',  #698 ) ;
#2261 = CARTESIAN_POINT ( 'NONE',  ( -1.600000000000000100, -4.500000000000003600, -3.850000000000002800 ) ) ;
#2262 = EDGE_CURVE ( 'NONE', #2539, #2941, #2805, .T. ) ;
#2263 = DIRECTION ( 'NONE',  ( 0.0000000000000000000, 0.0000000000000000000, -1.000000000000000000 ) ) ;
#2264 = LINE ( 'NONE', #263, #818 ) ;
#2265 = VERTEX_POINT ( 'NONE', #1959 ) ;
#2266 = ORIENTED_EDGE ( 'NONE', *, *, #1017, .F. ) ;
#2267 = AXIS2_PLACEMENT_3D ( 'NONE', #2409, #121, #1902 ) ;
#2268 = VECTOR ( 'NONE', #84, 1000.000000000000000 ) ;
#2269 = DIRECTION ( 'NONE',  ( -0.0000000000000000000, -0.0000000000000000000, 1.000000000000000000 ) ) ;
#2270 = CARTESIAN_POINT ( 'NONE',  ( -3.425000000000000300, -0.3499999999999992000, -4.050000000000001600 ) ) ;
#2271 = VECTOR ( 'NONE', #16, 1000.000000000000000 ) ;
#2272 =( GEOMETRIC_REPRESENTATION_CONTEXT ( 3 ) GLOBAL_UNCERTAINTY_ASSIGNED_CONTEXT ( ( #2621 ) ) GLOBAL_UNIT_ASSIGNED_CONTEXT ( ( #2306, #41, #786 ) ) REPRESENTATION_CONTEXT ( 'NONE', 'WORKASPACE' ) );
#2273 = CARTESIAN_POINT ( 'NONE',  ( -0.5000000000000000000, -4.500000000000000900, -0.2599999999999996200 ) ) ;
#2274 =( NAMED_UNIT ( * ) SI_UNIT ( $, .STERADIAN. ) SOLID_ANGLE_UNIT ( ) );
#2275 = LINE ( 'NONE', #1599, #1615 ) ;
#2276 = EDGE_CURVE ( 'NONE', #3141, #2778, #67, .T. ) ;
#2277 = ORIENTED_EDGE ( 'NONE', *, *, #100, .F. ) ;
#2278 = EDGE_CURVE ( 'NONE', #3191, #2807, #2379, .T. ) ;
#2279 = VERTEX_POINT ( 'NONE', #1472 ) ;
#2280 =( NAMED_UNIT ( * ) SI_UNIT ( $, .STERADIAN. ) SOLID_ANGLE_UNIT ( ) );
#2281 = SURFACE_STYLE_USAGE ( .BOTH. , #2500 ) ;
#2282 = CARTESIAN_POINT ( 'NONE',  ( -3.400000000000000400, -4.200000000000003700, -4.850000000000002300 ) ) ;
#2283 = SURFACE_STYLE_USAGE ( .BOTH. , #525 ) ;
#2284 = CARTESIAN_POINT ( 'NONE',  ( -0.5000000000000000000, -3.750000000000001800, -0.2599999999999997900 ) ) ;
#2285 = VERTEX_POINT ( 'NONE', #1486 ) ;
#2286 = CARTESIAN_POINT ( 'NONE',  ( -2.049999999999998900, -1.799999999999999800, -1.800000000000000000 ) ) ;
#2287 = LINE ( 'NONE', #1828, #1540 ) ;
#2288 = LINE ( 'NONE', #367, #1784 ) ;
#2289 = UNCERTAINTY_MEASURE_WITH_UNIT (LENGTH_MEASURE( 1.000000000000000100E-005 ), #2869, 'distance_accuracy_value', 'NONE');
#2290 = PLANE ( 'NONE',  #867 ) ;
#2291 = CARTESIAN_POINT ( 'NONE',  ( -1.600000000000000100, -4.200000000000002800, -4.850000000000002300 ) ) ;
#2292 = VECTOR ( 'NONE', #1381, 1000.000000000000000 ) ;
#2293 = EDGE_LOOP ( 'NONE', ( #2132, #2072, #2229, #2652, #2251, #1980 ) ) ;
#2294 =( LENGTH_UNIT ( ) NAMED_UNIT ( * ) SI_UNIT ( .MILLI., .METRE. ) );
#2295 = PRESENTATION_STYLE_ASSIGNMENT (( #940 ) ) ;
#2296 = FILL_AREA_STYLE ('',( #2547 ) ) ;
#2297 = AXIS2_PLACEMENT_3D ( 'NONE', #1437, #1199, #648 ) ;
#2298 = DIRECTION ( 'NONE',  ( -8.462065736472233800E-016, 1.000000000000000000, 7.709882115452479200E-016 ) ) ;
#2299 = DIRECTION ( 'NONE',  ( 1.000000000000000000, 0.0000000000000000000, 0.0000000000000000000 ) ) ;
#2300 = EDGE_CURVE ( 'NONE', #1171, #3021, #1314, .T. ) ;
#2301 = VECTOR ( 'NONE', #1761, 1000.000000000000000 ) ;
#2302 = ORIENTED_EDGE ( 'NONE', *, *, #1066, .F. ) ;
#2303 = DIRECTION ( 'NONE',  ( -0.0000000000000000000, -1.000000000000000000, -0.0000000000000000000 ) ) ;
#2304 = CARTESIAN_POINT ( 'NONE',  ( -4.249999999999999100, -2.100000000000000500, -2.600000000000000100 ) ) ;
#2305 = ORIENTED_EDGE ( 'NONE', *, *, #72, .T. ) ;
#2306 =( LENGTH_UNIT ( ) NAMED_UNIT ( * ) SI_UNIT ( .MILLI., .METRE. ) );
#2307 = CARTESIAN_POINT ( 'NONE',  ( -4.249999999999999100, -3.650000000000000400, -2.600000000000000100 ) ) ;
#2308 = ORIENTED_EDGE ( 'NONE', *, *, #507, .F. ) ;
#2309 = CARTESIAN_POINT ( 'NONE',  ( -4.999999999999998200, -2.450000000000002800, 1.300000000000000300 ) ) ;
#2310 = EDGE_CURVE ( 'NONE', #2700, #1031, #1994, .T. ) ;
#2311 = DIRECTION ( 'NONE',  ( 0.0000000000000000000, 1.000000000000000000, 0.0000000000000000000 ) ) ;
#2312 = VECTOR ( 'NONE', #1491, 1000.000000000000000 ) ;
#2313 = DIRECTION ( 'NONE',  ( -1.000000000000000000, 0.0000000000000000000, 0.0000000000000000000 ) ) ;
#2314 = ORIENTED_EDGE ( 'NONE', *, *, #2891, .T. ) ;
#2315 = ORIENTED_EDGE ( 'NONE', *, *, #2790, .F. ) ;
#2316 = LINE ( 'NONE', #2221, #539 ) ;
#2317 = LINE ( 'NONE', #1164, #2902 ) ;
#2318 = PRODUCT_CONTEXT ( 'NONE', #3008, 'mechanical' ) ;
#2319 = DIRECTION ( 'NONE',  ( -8.462065736472233800E-016, 1.000000000000000000, 0.0000000000000000000 ) ) ;
#2320 = CARTESIAN_POINT ( 'NONE',  ( -0.3000000000000000400, -2.450000000000000600, 1.940000000000000400 ) ) ;
#2321 = VECTOR ( 'NONE', #762, 1000.000000000000000 ) ;
#2322 = LINE ( 'NONE', #2342, #389 ) ;
#2323 = CARTESIAN_POINT ( 'NONE',  ( -2.049999999999999800, -1.349999999999999400, -1.800000000000000000 ) ) ;
#2324 = DIRECTION ( 'NONE',  ( 0.0000000000000000000, 0.0000000000000000000, 1.000000000000000000 ) ) ;
#2325 = VERTEX_POINT ( 'NONE', #1 ) ;
#2326 = DIRECTION ( 'NONE',  ( 0.0000000000000000000, 0.0000000000000000000, -1.000000000000000000 ) ) ;
#2327 = VERTEX_POINT ( 'NONE', #218 ) ;
#2328 = EDGE_LOOP ( 'NONE', ( #2738, #3209, #3045, #19, #1513, #722 ) ) ;
#2329 = LINE ( 'NONE', #3059, #2491 ) ;
#2330 = CARTESIAN_POINT ( 'NONE',  ( 0.0000000000000000000, -4.400000000000000400, -0.2999999999999999300 ) ) ;
#2331 = ORIENTED_EDGE ( 'NONE', *, *, #3071, .F. ) ;
#2332 = VECTOR ( 'NONE', #283, 1000.000000000000000 ) ;
#2333 = VECTOR ( 'NONE', #2670, 1000.000000000000000 ) ;
#2334 =( LENGTH_UNIT ( ) NAMED_UNIT ( * ) SI_UNIT ( .MILLI., .METRE. ) );
#2335 = CARTESIAN_POINT ( 'NONE',  ( -4.699999999999997500, -2.450000000000002400, 1.940000000000000400 ) ) ;
#2336 = ORIENTED_EDGE ( 'NONE', *, *, #1495, .F. ) ;
#2337 = EDGE_CURVE ( 'NONE', #760, #2325, #1666, .T. ) ;
#2338 = EDGE_CURVE ( 'NONE', #1398, #114, #2496, .T. ) ;
#2339 = CARTESIAN_POINT ( 'NONE',  ( -4.699999999999997500, -2.450000000000002400, 1.300000000000000300 ) ) ;
#2340 = DIRECTION ( 'NONE',  ( 0.0000000000000000000, -3.854941057726238100E-016, -1.000000000000000000 ) ) ;
#2341 = ORIENTED_EDGE ( 'NONE', *, *, #864, .F. ) ;
#2342 = CARTESIAN_POINT ( 'NONE',  ( -0.5000000000000000000, -2.326752072262516500E-016, -2.149999999999999900 ) ) ;
#2343 = SURFACE_SIDE_STYLE ('',( #641 ) ) ;
#2344 = AXIS2_PLACEMENT_3D ( 'NONE', #581, #371, #2383 ) ;
#2345 = PLANE ( 'NONE',  #2183 ) ;
#2346 = CARTESIAN_POINT ( 'NONE',  ( -4.699999999999997500, -2.450000000000002000, 1.940000000000000400 ) ) ;
#2347 = CARTESIAN_POINT ( 'NONE',  ( -3.600000000000000500, -4.400000000000000400, -3.950000000000002000 ) ) ;
#2348 = EDGE_CURVE ( 'NONE', #2742, #1948, #1752, .T. ) ;
#2349 = LINE ( 'NONE', #1657, #1639 ) ;
#2350 = ORIENTED_EDGE ( 'NONE', *, *, #467, .F. ) ;
#2351 = DIRECTION ( 'NONE',  ( -1.000000000000000000, -8.462065736472235800E-016, 0.0000000000000000000 ) ) ;
#2352 = VECTOR ( 'NONE', #1359, 1000.000000000000000 ) ;
#2353 = EDGE_CURVE ( 'NONE', #430, #1041, #2109, .T. ) ;
#2354 = EDGE_LOOP ( 'NONE', ( #1803, #2712, #910, #1234, #3061 ) ) ;
#2355 = DIRECTION ( 'NONE',  ( 0.0000000000000000000, -1.000000000000000000, -9.856383386231856400E-017 ) ) ;
#2356 = CARTESIAN_POINT ( 'NONE',  ( -1.174999999999998700, -2.100000000000000100, -4.173411897755956400 ) ) ;
#2357 = LINE ( 'NONE', #2852, #2189 ) ;
#2358 = EDGE_CURVE ( 'NONE', #3181, #405, #2414, .T. ) ;
#2359 = CARTESIAN_POINT ( 'NONE',  ( -2.850000000000000100, -3.150000000000000400, 1.950000000000000400 ) ) ;
#2360 = CARTESIAN_POINT ( 'NONE',  ( -0.3000000000000000400, -4.500000000000000900, 1.940000000000000600 ) ) ;
#2361 =( NAMED_UNIT ( * ) PLANE_ANGLE_UNIT ( ) SI_UNIT ( $, .RADIAN. ) );
#2362 = LINE ( 'NONE', #122, #1690 ) ;
#2363 = STYLED_ITEM ( 'NONE', ( #454 ), #1716 ) ;
#2364 = DIRECTION ( 'NONE',  ( 4.587295027599172300E-031, -5.421010862427521200E-016, 1.000000000000000000 ) ) ;
#2365 = ORIENTED_EDGE ( 'NONE', *, *, #100, .T. ) ;
#2366 = VECTOR ( 'NONE', #560, 1000.000000000000000 ) ;
#2367 = DIRECTION ( 'NONE',  ( 1.000000000000000000, 9.637352644315588800E-016, 1.756107340164013700E-031 ) ) ;
#2368 = EDGE_CURVE ( 'NONE', #857, #1022, #1043, .T. ) ;
#2369 = ORIENTED_EDGE ( 'NONE', *, *, #451, .T. ) ;
#2370 = DIRECTION ( 'NONE',  ( -0.0000000000000000000, 1.000000000000000000, -0.0000000000000000000 ) ) ;
#2371 = ORIENTED_EDGE ( 'NONE', *, *, #3058, .T. ) ;
#2372 = CARTESIAN_POINT ( 'NONE',  ( -3.600000000000000500, -4.500000000000003600, -4.850000000000002300 ) ) ;
#2373 = VECTOR ( 'NONE', #575, 1000.000000000000000 ) ;
#2374 = ORIENTED_EDGE ( 'NONE', *, *, #188, .T. ) ;
#2375 = VECTOR ( 'NONE', #1665, 1000.000000000000000 ) ;
#2376 = DIRECTION ( 'NONE',  ( 0.0000000000000000000, 0.0000000000000000000, -1.000000000000000000 ) ) ;
#2377 = EDGE_CURVE ( 'NONE', #1416, #2988, #2528, .T. ) ;
#2378 = VERTEX_POINT ( 'NONE', #2664 ) ;
#2379 = LINE ( 'NONE', #949, #799 ) ;
#2380 = DIRECTION ( 'NONE',  ( 1.000000000000000000, -0.0000000000000000000, -0.0000000000000000000 ) ) ;
#2381 = SURFACE_STYLE_USAGE ( .BOTH. , #622 ) ;
#2382 = LINE ( 'NONE', #1866, #3080 ) ;
#2383 = DIRECTION ( 'NONE',  ( -2.990902544787596100E-016, 1.000000000000000000, 0.0000000000000000000 ) ) ;
#2384 = AXIS2_PLACEMENT_3D ( 'NONE', #1943, #893, #2885 ) ;
#2385 = DIRECTION ( 'NONE',  ( -2.478176394252580200E-016, -1.000000000000000000, 0.0000000000000000000 ) ) ;
#2386 = ORIENTED_EDGE ( 'NONE', *, *, #3168, .F. ) ;
#2387 = CARTESIAN_POINT ( 'NONE',  ( -3.825000000000001500, -2.100000000000000100, -0.04999999999999969700 ) ) ;
#2388 = VECTOR ( 'NONE', #2190, 1000.000000000000000 ) ;
#2389 = ORIENTED_EDGE ( 'NONE', *, *, #2595, .T. ) ;
#2390 = AXIS2_PLACEMENT_3D ( 'NONE', #1953, #426, #2351 ) ;
#2391 = EDGE_CURVE ( 'NONE', #2585, #551, #483, .T. ) ;
#2392 = DIRECTION ( 'NONE',  ( -0.0000000000000000000, 0.0000000000000000000, -1.000000000000000000 ) ) ;
#2393 = DIRECTION ( 'NONE',  ( 0.0000000000000000000, 0.0000000000000000000, -1.000000000000000000 ) ) ;
#2394 = ORIENTED_EDGE ( 'NONE', *, *, #3208, .F. ) ;
#2395 = DIRECTION ( 'NONE',  ( -1.000000000000000000, -8.462065736472234800E-016, -0.0000000000000000000 ) ) ;
#2396 = VECTOR ( 'NONE', #701, 1000.000000000000000 ) ;
#2397 = DIRECTION ( 'NONE',  ( 1.000000000000000000, 8.462065736472233800E-016, 0.0000000000000000000 ) ) ;
#2398 = EDGE_CURVE ( 'NONE', #1239, #738, #1155, .T. ) ;
#2399 = VECTOR ( 'NONE', #1824, 1000.000000000000000 ) ;
#2400 = CARTESIAN_POINT ( 'NONE',  ( -4.500000000000000900, -1.692413147294447000E-015, -4.049999999999999800 ) ) ;
#2401 = ORIENTED_EDGE ( 'NONE', *, *, #2933, .T. ) ;
#2402 = SURFACE_STYLE_FILL_AREA ( #1337 ) ;
#2403 = AXIS2_PLACEMENT_3D ( 'NONE', #2356, #596, #584 ) ;
#2404 =( NAMED_UNIT ( * ) SI_UNIT ( $, .STERADIAN. ) SOLID_ANGLE_UNIT ( ) );
#2405 = VERTEX_POINT ( 'NONE', #137 ) ;
#2406 = ORIENTED_EDGE ( 'NONE', *, *, #1053, .T. ) ;
#2407 = ADVANCED_FACE ( 'NONE', ( #1273 ), #2609, .T. ) ;
#2408 = PRESENTATION_STYLE_ASSIGNMENT (( #63 ) ) ;
#2409 = CARTESIAN_POINT ( 'NONE',  ( -0.5000000000000000000, 0.0000000000000000000, -4.049999999999999800 ) ) ;
#2410 = VERTEX_POINT ( 'NONE', #1608 ) ;
#2411 = FACE_OUTER_BOUND ( 'NONE', #1986, .T. ) ;
#2412 = PLANE ( 'NONE',  #566 ) ;
#2413 = ORIENTED_EDGE ( 'NONE', *, *, #2536, .F. ) ;
#2414 = LINE ( 'NONE', #1852, #325 ) ;
#2415 = DIRECTION ( 'NONE',  ( 0.0000000000000000000, 0.0000000000000000000, 1.000000000000000000 ) ) ;
#2416 = LINE ( 'NONE', #1175, #690 ) ;
#2417 = ORIENTED_EDGE ( 'NONE', *, *, #3083, .T. ) ;
#2418 = AXIS2_PLACEMENT_3D ( 'NONE', #1694, #2013, #1151 ) ;
#2419 = VECTOR ( 'NONE', #2886, 1000.000000000000000 ) ;
#2420 = CARTESIAN_POINT ( 'NONE',  ( -3.400000000000000400, -4.200000000000003700, -4.050000000000002500 ) ) ;
#2421 = VERTEX_POINT ( 'NONE', #348 ) ;
#2422 = CARTESIAN_POINT ( 'NONE',  ( -3.600000000000000500, -4.500000000000003600, -3.850000000000002800 ) ) ;
#2423 = LINE ( 'NONE', #3170, #1404 ) ;
#2424 = CARTESIAN_POINT ( 'NONE',  ( -5.000000000000000000, 8.673617379884033500E-016, 1.950000000000000400 ) ) ;
#2425 = ORIENTED_EDGE ( 'NONE', *, *, #3132, .F. ) ;
#2426 = ORIENTED_EDGE ( 'NONE', *, *, #2704, .F. ) ;
#2427 =( GEOMETRIC_REPRESENTATION_CONTEXT ( 3 ) GLOBAL_UNCERTAINTY_ASSIGNED_CONTEXT ( ( #3104 ) ) GLOBAL_UNIT_ASSIGNED_CONTEXT ( ( #541, #1556, #299 ) ) REPRESENTATION_CONTEXT ( 'NONE', 'WORKASPACE' ) );
#2428 = COLOUR_RGB ( '',0.7529411764705882200, 0.7529411764705882200, 0.7529411764705882200 ) ;
#2429 = UNCERTAINTY_MEASURE_WITH_UNIT (LENGTH_MEASURE( 1.000000000000000100E-005 ), #393, 'distance_accuracy_value', 'NONE');
#2430 = DIRECTION ( 'NONE',  ( 1.000000000000000000, 0.0000000000000000000, 0.0000000000000000000 ) ) ;
#2431 = VECTOR ( 'NONE', #156, 1000.000000000000000 ) ;
#2432 = DIRECTION ( 'NONE',  ( 0.0000000000000000000, 0.0000000000000000000, -1.000000000000000000 ) ) ;
#2433 = EDGE_CURVE ( 'NONE', #4, #1907, #363, .T. ) ;
#2434 = SURFACE_SIDE_STYLE ('',( #2504 ) ) ;
#2435 = EDGE_CURVE ( 'NONE', #2819, #47, #2569, .T. ) ;
#2436 = LINE ( 'NONE', #538, #750 ) ;
#2437 = CARTESIAN_POINT ( 'NONE',  ( -1.600000000000000100, -4.400000000000000400, -3.750000000000000900 ) ) ;
#2438 = ADVANCED_FACE ( 'NONE', ( #140 ), #2206, .F. ) ;
#2439 = ORIENTED_EDGE ( 'NONE', *, *, #531, .T. ) ;
#2440 = SURFACE_STYLE_FILL_AREA ( #872 ) ;
#2441 = AXIS2_PLACEMENT_3D ( 'NONE', #1530, #3016, #1014 ) ;
#2442 = ADVANCED_FACE ( 'NONE', ( #2724 ), #1697, .T. ) ;
#2443 = ORIENTED_EDGE ( 'NONE', *, *, #2705, .F. ) ;
#2444 = CARTESIAN_POINT ( 'NONE',  ( -1.174999999999998500, -2.100000000000000100, -0.04999999999999969700 ) ) ;
#2445 = DIRECTION ( 'NONE',  ( 0.0000000000000000000, 0.0000000000000000000, 1.000000000000000000 ) ) ;
#2446 = PRESENTATION_LAYER_ASSIGNMENT (  '', '', ( #1207 ) ) ;
#2447 = EDGE_LOOP ( 'NONE', ( #2453, #997, #2720, #2196 ) ) ;
#2448 = FACE_OUTER_BOUND ( 'NONE', #569, .T. ) ;
#2449 = VECTOR ( 'NONE', #1931, 1000.000000000000000 ) ;
#2450 = EDGE_CURVE ( 'NONE', #512, #2871, #1626, .T. ) ;
#2451 = VERTEX_POINT ( 'NONE', #721 ) ;
#2452 = ORIENTED_EDGE ( 'NONE', *, *, #514, .T. ) ;
#2453 = ORIENTED_EDGE ( 'NONE', *, *, #1447, .F. ) ;
#2454 = DIRECTION ( 'NONE',  ( 0.0000000000000000000, 0.0000000000000000000, -1.000000000000000000 ) ) ;
#2455 = DIRECTION ( 'NONE',  ( 1.000000000000000000, -8.673617379883996000E-016, 0.0000000000000000000 ) ) ;
#2456 = ORIENTED_EDGE ( 'NONE', *, *, #2145, .T. ) ;
#2457 = ADVANCED_FACE ( 'NONE', ( #2209 ), #861, .T. ) ;
#2458 = DIRECTION ( 'NONE',  ( 1.000000000000000000, 0.0000000000000000000, -0.0000000000000000000 ) ) ;
#2459 = LINE ( 'NONE', #1352, #1797 ) ;
#2460 = EDGE_CURVE ( 'NONE', #2421, #2285, #728, .T. ) ;
#2461 = PRODUCT_DEFINITION_SHAPE ( 'NONE', 'NONE',  #983 ) ;
#2462 = EDGE_LOOP ( 'NONE', ( #3098, #2305, #898, #281 ) ) ;
#2463 = CARTESIAN_POINT ( 'NONE',  ( -0.7499999999999997800, -2.100000000000000100, -2.600000000000000100 ) ) ;
#2464 = MECHANICAL_DESIGN_GEOMETRIC_PRESENTATION_REPRESENTATION (  '', ( #1062 ), #1392 ) ;
#2465 = EDGE_LOOP ( 'NONE', ( #3146, #288, #1740, #1200 ) ) ;
#2466 = VERTEX_POINT ( 'NONE', #2701 ) ;
#2467 = PLANE ( 'NONE',  #463 ) ;
#2468 = CARTESIAN_POINT ( 'NONE',  ( 0.0000000000000000000, -0.6500000000000001300, -3.449999999999999700 ) ) ;
#2469 = ORIENTED_EDGE ( 'NONE', *, *, #2377, .T. ) ;
#2470 = ORIENTED_EDGE ( 'NONE', *, *, #222, .F. ) ;
#2471 = LINE ( 'NONE', #2691, #2783 ) ;
#2472 = ADVANCED_FACE ( 'NONE', ( #960 ), #2010, .F. ) ;
#2473 = CARTESIAN_POINT ( 'NONE',  ( -1.600000000000000100, -4.200000000000002800, -3.950000000000002000 ) ) ;
#2474 = FACE_OUTER_BOUND ( 'NONE', #2647, .T. ) ;
#2475 = CARTESIAN_POINT ( 'NONE',  ( -4.649999999999999500, -2.100000000000000100, -1.799999999999999600 ) ) ;
#2476 = ORIENTED_EDGE ( 'NONE', *, *, #470, .T. ) ;
#2477 = FACE_OUTER_BOUND ( 'NONE', #1521, .T. ) ;
#2478 = CARTESIAN_POINT ( 'NONE',  ( -0.6999999999999988500, -2.100000000000000100, -4.173411897755956400 ) ) ;
#2479 = PLANE ( 'NONE',  #1316 ) ;
#2480 = EDGE_CURVE ( 'NONE', #2600, #948, #1307, .T. ) ;
#2481 = DIRECTION ( 'NONE',  ( 8.462065736472233800E-016, -1.000000000000000000, 1.057758217059029100E-016 ) ) ;
#2482 = EDGE_LOOP ( 'NONE', ( #2101, #2826, #2470, #884 ) ) ;
#2483 = EDGE_LOOP ( 'NONE', ( #620, #1705, #2509, #2639 ) ) ;
#2484 = ORIENTED_EDGE ( 'NONE', *, *, #2566, .F. ) ;
#2485 = DIRECTION ( 'NONE',  ( 0.0000000000000000000, 0.0000000000000000000, -1.000000000000000000 ) ) ;
#2486 = LINE ( 'NONE', #1545, #558 ) ;
#2487 = CARTESIAN_POINT ( 'NONE',  ( -0.5000000000000000000, -4.400000000000001200, -0.2599999999999997900 ) ) ;
#2488 = EDGE_LOOP ( 'NONE', ( #1301, #62, #2151, #2839 ) ) ;
#2489 = COLOUR_RGB ( '',0.7529411764705882200, 0.7529411764705882200, 0.7529411764705882200 ) ;
#2490 = CARTESIAN_POINT ( 'NONE',  ( -2.149999999999999500, -3.150000000000000400, -2.600000000000000100 ) ) ;
#2491 = VECTOR ( 'NONE', #2340, 1000.000000000000000 ) ;
#2492 = ADVANCED_FACE ( 'NONE', ( #64 ), #12, .T. ) ;
#2493 = CARTESIAN_POINT ( 'NONE',  ( -5.000000000000000000, -4.400000000000000400, 1.950000000000000000 ) ) ;
#2494 = EDGE_LOOP ( 'NONE', ( #1633, #602, #1535, #2527, #815, #2167, #1832, #375, #3105, #309, #657, #2684, #2336, #439, #2991, #1881, #1955, #3018, #1625, #2439 ) ) ;
#2495 = CARTESIAN_POINT ( 'NONE',  ( -1.574999999999999500, -1.800000000000000700, -3.450000000000000600 ) ) ;
#2496 = LINE ( 'NONE', #1685, #1831 ) ;
#2497 = UNCERTAINTY_MEASURE_WITH_UNIT (LENGTH_MEASURE( 1.000000000000000100E-005 ), #354, 'distance_accuracy_value', 'NONE');
#2498 = STYLED_ITEM ( 'NONE', ( #434 ), #3180 ) ;
#2499 = EDGE_LOOP ( 'NONE', ( #1886, #534, #205, #131, #836, #202, #1605, #1766, #2804, #133, #2882, #2048, #1845, #1444, #747, #3193, #3001, #182, #1904, #217 ) ) ;
#2500 = SURFACE_SIDE_STYLE ('',( #275 ) ) ;
#2501 = DIRECTION ( 'NONE',  ( 0.0000000000000000000, 1.000000000000000000, 0.0000000000000000000 ) ) ;
#2502 = ORIENTED_EDGE ( 'NONE', *, *, #277, .F. ) ;
#2503 = CARTESIAN_POINT ( 'NONE',  ( -0.5000000000000000000, -2.249999999999999100, -3.449999999999999700 ) ) ;
#2504 = SURFACE_STYLE_FILL_AREA ( #428 ) ;
#2505 = ORIENTED_EDGE ( 'NONE', *, *, #1076, .F. ) ;
#2506 =( GEOMETRIC_REPRESENTATION_CONTEXT ( 3 ) GLOBAL_UNCERTAINTY_ASSIGNED_CONTEXT ( ( #2056 ) ) GLOBAL_UNIT_ASSIGNED_CONTEXT ( ( #2334, #830, #2576 ) ) REPRESENTATION_CONTEXT ( 'NONE', 'WORKASPACE' ) );
#2507 = ADVANCED_FACE ( 'NONE', ( #2681 ), #261, .T. ) ;
#2508 = LINE ( 'NONE', #1324, #2082 ) ;
#2509 = ORIENTED_EDGE ( 'NONE', *, *, #2659, .F. ) ;
#2510 = AXIS2_PLACEMENT_3D ( 'NONE', #2565, #1068, #510 ) ;
#2511 = LINE ( 'NONE', #2309, #941 ) ;
#2512 = EDGE_CURVE ( 'NONE', #856, #3050, #3023, .T. ) ;
#2513 = VECTOR ( 'NONE', #1235, 1000.000000000000000 ) ;
#2514 = FACE_OUTER_BOUND ( 'NONE', #2025, .T. ) ;
#2515 = FILL_AREA_STYLE_COLOUR ( '', #3064 ) ;
#2516 = EDGE_CURVE ( 'NONE', #2694, #919, #1036, .T. ) ;
#2517 = VERTEX_POINT ( 'NONE', #2001 ) ;
#2518 = VECTOR ( 'NONE', #643, 1000.000000000000000 ) ;
#2519 = CARTESIAN_POINT ( 'NONE',  ( -0.3500000000000000300, -0.8000000000000001600, 1.950000000000000400 ) ) ;
#2520 =( LENGTH_UNIT ( ) NAMED_UNIT ( * ) SI_UNIT ( .MILLI., .METRE. ) );
#2521 = ORIENTED_EDGE ( 'NONE', *, *, #1798, .T. ) ;
#2522 = EDGE_CURVE ( 'NONE', #2608, #875, #2140, .T. ) ;
#2523 = ORIENTED_EDGE ( 'NONE', *, *, #1850, .F. ) ;
#2524 = LINE ( 'NONE', #1590, #1624 ) ;
#2525 = CARTESIAN_POINT ( 'NONE',  ( 0.0000000000000000000, 0.0000000000000000000, 0.0000000000000000000 ) ) ;
#2526 = PRESENTATION_LAYER_ASSIGNMENT (  '', '', ( #1062 ) ) ;
#2527 = ORIENTED_EDGE ( 'NONE', *, *, #966, .F. ) ;
#2528 = LINE ( 'NONE', #881, #2375 ) ;
#2529 = ORIENTED_EDGE ( 'NONE', *, *, #1698, .T. ) ;
#2530 = DIRECTION ( 'NONE',  ( 1.000000000000000000, 0.0000000000000000000, -0.0000000000000000000 ) ) ;
#2531 =( NAMED_UNIT ( * ) SI_UNIT ( $, .STERADIAN. ) SOLID_ANGLE_UNIT ( ) );
#2532 = ORIENTED_EDGE ( 'NONE', *, *, #491, .T. ) ;
#2533 = UNCERTAINTY_MEASURE_WITH_UNIT (LENGTH_MEASURE( 1.000000000000000100E-005 ), #2294, 'distance_accuracy_value', 'NONE');
#2534 = FILL_AREA_STYLE ('',( #3025 ) ) ;
#2535 = DIRECTION ( 'NONE',  ( -1.000000000000000000, -8.462065736472233800E-016, 0.0000000000000000000 ) ) ;
#2536 = EDGE_CURVE ( 'NONE', #1380, #2742, #2800, .T. ) ;
#2537 = DIRECTION ( 'NONE',  ( 0.0000000000000000000, -1.000000000000000000, 1.057758217059029200E-016 ) ) ;
#2538 = DIRECTION ( 'NONE',  ( -1.000000000000000000, -0.0000000000000000000, -0.0000000000000000000 ) ) ;
#2539 = VERTEX_POINT ( 'NONE', #2330 ) ;
#2540 = LINE ( 'NONE', #1137, #931 ) ;
#2541 = ORIENTED_EDGE ( 'NONE', *, *, #3097, .T. ) ;
#2542 = PLANE ( 'NONE',  #1667 ) ;
#2543 =( GEOMETRIC_REPRESENTATION_CONTEXT ( 3 ) GLOBAL_UNCERTAINTY_ASSIGNED_CONTEXT ( ( #1325 ) ) GLOBAL_UNIT_ASSIGNED_CONTEXT ( ( #58, #1836, #526 ) ) REPRESENTATION_CONTEXT ( 'NONE', 'WORKASPACE' ) );
#2544 = LINE ( 'NONE', #557, #194 ) ;
#2545 = EDGE_LOOP ( 'NONE', ( #2484, #145, #2389, #882, #209, #1539, #1263, #2898, #2476, #2371, #3003, #1242 ) ) ;
#2546 = CARTESIAN_POINT ( 'NONE',  ( -1.174999999999998500, -2.100000000000000100, -2.600000000000000100 ) ) ;
#2547 = FILL_AREA_STYLE_COLOUR ( '', #2489 ) ;
#2548 = VECTOR ( 'NONE', #780, 1000.000000000000000 ) ;
#2549 =( GEOMETRIC_REPRESENTATION_CONTEXT ( 3 ) GLOBAL_UNCERTAINTY_ASSIGNED_CONTEXT ( ( #164 ) ) GLOBAL_UNIT_ASSIGNED_CONTEXT ( ( #296, #2825, #844 ) ) REPRESENTATION_CONTEXT ( 'NONE', 'WORKASPACE' ) );
#2550 = CARTESIAN_POINT ( 'NONE',  ( -1.375000000000000700, -0.3499999999999993700, -0.04999999999999969700 ) ) ;
#2551 = DIRECTION ( 'NONE',  ( 0.0000000000000000000, 0.7071067811865511300, 0.7071067811865440200 ) ) ;
#2552 = LINE ( 'NONE', #424, #587 ) ;
#2553 = CARTESIAN_POINT ( 'NONE',  ( -0.3500000000000004800, -2.100000000000000100, 1.950000000000000400 ) ) ;
#2554 = EDGE_CURVE ( 'NONE', #251, #1755, #2601, .T. ) ;
#2555 = ORIENTED_EDGE ( 'NONE', *, *, #1957, .F. ) ;
#2556 = FILL_AREA_STYLE ('',( #1046 ) ) ;
#2557 = ORIENTED_EDGE ( 'NONE', *, *, #2685, .T. ) ;
#2558 = FILL_AREA_STYLE ('',( #2515 ) ) ;
#2559 = DIRECTION ( 'NONE',  ( -1.000000000000000000, -8.462065736472234800E-016, -0.0000000000000000000 ) ) ;
#2560 = DIRECTION ( 'NONE',  ( 1.000000000000000000, 1.239088197126291100E-016, 0.0000000000000000000 ) ) ;
#2561 = CARTESIAN_POINT ( 'NONE',  ( -0.6999999999999988500, -0.8000000000000001600, -1.799999999999999600 ) ) ;
#2562 = VERTEX_POINT ( 'NONE', #1557 ) ;
#2563 = PLANE ( 'NONE',  #3176 ) ;
#2564 = ORIENTED_EDGE ( 'NONE', *, *, #1878, .F. ) ;
#2565 = CARTESIAN_POINT ( 'NONE',  ( -4.499999999999999100, -2.450000000000002400, 1.300000000000000300 ) ) ;
#2566 = EDGE_CURVE ( 'NONE', #2243, #1930, #793, .T. ) ;
#2567 = ORIENTED_EDGE ( 'NONE', *, *, #2244, .T. ) ;
#2568 = DIRECTION ( 'NONE',  ( 1.000000000000000000, 1.239088197126291100E-016, 0.0000000000000000000 ) ) ;
#2569 = LINE ( 'NONE', #3189, #797 ) ;
#2570 = ORIENTED_EDGE ( 'NONE', *, *, #2480, .T. ) ;
#2571 = FACE_OUTER_BOUND ( 'NONE', #1251, .T. ) ;
#2572 = DIRECTION ( 'NONE',  ( 1.000000000000000000, 0.0000000000000000000, 0.0000000000000000000 ) ) ;
#2573 = PRESENTATION_STYLE_ASSIGNMENT (( #1964 ) ) ;
#2574 = DIRECTION ( 'NONE',  ( 0.0000000000000000000, 0.0000000000000000000, -1.000000000000000000 ) ) ;
#2575 = EDGE_LOOP ( 'NONE', ( #1499, #498, #791, #2846 ) ) ;
#2576 =( NAMED_UNIT ( * ) SI_UNIT ( $, .STERADIAN. ) SOLID_ANGLE_UNIT ( ) );
#2577 = ORIENTED_EDGE ( 'NONE', *, *, #3118, .T. ) ;
#2578 = PLANE ( 'NONE',  #1501 ) ;
#2579 = FACE_OUTER_BOUND ( 'NONE', #1720, .T. ) ;
#2580 = ORIENTED_EDGE ( 'NONE', *, *, #2512, .F. ) ;
#2581 = PLANE ( 'NONE',  #2878 ) ;
#2582 = CARTESIAN_POINT ( 'NONE',  ( -0.5000000000000000000, -0.6500000000000001300, -3.449999999999999700 ) ) ;
#2583 = VECTOR ( 'NONE', #1312, 1000.000000000000000 ) ;
#2584 = CARTESIAN_POINT ( 'NONE',  ( -3.400000000000000400, -4.500000000000003600, -4.850000000000002300 ) ) ;
#2585 = VERTEX_POINT ( 'NONE', #1074 ) ;
#2586 = PLANE ( 'NONE',  #2510 ) ;
#2587 = VERTEX_POINT ( 'NONE', #68 ) ;
#2588 = DIRECTION ( 'NONE',  ( -1.000000000000000000, -8.462065736472234800E-016, -0.0000000000000000000 ) ) ;
#2589 = CARTESIAN_POINT ( 'NONE',  ( -4.999999999999996400, -3.750000000000003100, 1.300000000000000300 ) ) ;
#2590 = VECTOR ( 'NONE', #3048, 1000.000000000000000 ) ;
#2591 = PLANE ( 'NONE',  #2710 ) ;
#2592 = ORIENTED_EDGE ( 'NONE', *, *, #448, .T. ) ;
#2593 = ORIENTED_EDGE ( 'NONE', *, *, #2744, .F. ) ;
#2594 = FACE_OUTER_BOUND ( 'NONE', #2171, .T. ) ;
#2595 = EDGE_CURVE ( 'NONE', #3206, #3214, #2948, .T. ) ;
#2596 = DIRECTION ( 'NONE',  ( -1.000000000000000000, -0.0000000000000000000, -0.0000000000000000000 ) ) ;
#2597 = ORIENTED_EDGE ( 'NONE', *, *, #2554, .F. ) ;
#2598 = PRESENTATION_STYLE_ASSIGNMENT (( #1833 ) ) ;
#2599 = DIRECTION ( 'NONE',  ( 1.000000000000000000, 0.0000000000000000000, -0.0000000000000000000 ) ) ;
#2600 = VERTEX_POINT ( 'NONE', #1811 ) ;
#2601 = LINE ( 'NONE', #542, #605 ) ;
#2602 = PRESENTATION_LAYER_ASSIGNMENT (  '', '', ( #1641 ) ) ;
#2603 = DIRECTION ( 'NONE',  ( 0.0000000000000000000, 1.000000000000000000, 0.0000000000000000000 ) ) ;
#2604 = VERTEX_POINT ( 'NONE', #287 ) ;
#2605 = EDGE_LOOP ( 'NONE', ( #2369, #1873, #396, #1418 ) ) ;
#2606 = VECTOR ( 'NONE', #2751, 1000.000000000000000 ) ;
#2607 = AXIS2_PLACEMENT_3D ( 'NONE', #2618, #2872, #3096 ) ;
#2608 = VERTEX_POINT ( 'NONE', #2074 ) ;
#2609 = PLANE ( 'NONE',  #2051 ) ;
#2610 = LINE ( 'NONE', #1887, #1962 ) ;
#2611 = DIRECTION ( 'NONE',  ( 0.0000000000000000000, 0.7071067811865511300, 0.7071067811865440200 ) ) ;
#2612 = EDGE_CURVE ( 'NONE', #1782, #3141, #2759, .T. ) ;
#2613 = DIRECTION ( 'NONE',  ( 0.0000000000000000000, 0.0000000000000000000, 1.000000000000000000 ) ) ;
#2614 = EDGE_LOOP ( 'NONE', ( #2634, #723, #1343, #1891 ) ) ;
#2615 = DIRECTION ( 'NONE',  ( 0.0000000000000000000, 0.0000000000000000000, 1.000000000000000000 ) ) ;
#2616 = ADVANCED_FACE ( 'NONE', ( #1508 ), #2820, .F. ) ;
#2617 = LINE ( 'NONE', #2320, #2931 ) ;
#2618 = CARTESIAN_POINT ( 'NONE',  ( -3.425000000000000300, -0.3499999999999992000, -4.050000000000001600 ) ) ;
#2619 = FACE_OUTER_BOUND ( 'NONE', #2462, .T. ) ;
#2620 = CARTESIAN_POINT ( 'NONE',  ( -3.824999999999998400, -0.6000000000000009800, -4.173411897755956400 ) ) ;
#2621 = UNCERTAINTY_MEASURE_WITH_UNIT (LENGTH_MEASURE( 1.000000000000000100E-005 ), #2306, 'distance_accuracy_value', 'NONE');
#2622 = AXIS2_PLACEMENT_3D ( 'NONE', #387, #922, #2154 ) ;
#2623 = CARTESIAN_POINT ( 'NONE',  ( -0.3500000000000004800, -2.100000000000000100, -1.799999999999999600 ) ) ;
#2624 = FACE_OUTER_BOUND ( 'NONE', #2447, .T. ) ;
#2625 = LINE ( 'NONE', #610, #128 ) ;
#2626 = ORIENTED_EDGE ( 'NONE', *, *, #1611, .F. ) ;
#2627 = COLOUR_RGB ( '',0.7529411764705882200, 0.7529411764705882200, 0.7529411764705882200 ) ;
#2628 = ORIENTED_EDGE ( 'NONE', *, *, #470, .F. ) ;
#2629 = SURFACE_SIDE_STYLE ('',( #2940 ) ) ;
#2630 = ORIENTED_EDGE ( 'NONE', *, *, #347, .T. ) ;
#2631 = DIRECTION ( 'NONE',  ( 0.0000000000000000000, 1.000000000000000000, -0.0000000000000000000 ) ) ;
#2632 = VECTOR ( 'NONE', #343, 1000.000000000000000 ) ;
#2633 = VECTOR ( 'NONE', #924, 1000.000000000000000 ) ;
#2634 = ORIENTED_EDGE ( 'NONE', *, *, #3029, .T. ) ;
#2635 = CARTESIAN_POINT ( 'NONE',  ( -4.499999999999997300, -3.750000000000001800, -0.2999999999999999300 ) ) ;
#2636 = COLOUR_RGB ( '',0.7529411764705882200, 0.7529411764705882200, 0.7529411764705882200 ) ;
#2637 = EDGE_CURVE ( 'NONE', #2228, #2327, #2524, .T. ) ;
#2638 = CARTESIAN_POINT ( 'NONE',  ( -3.425000000000000700, -0.3499999999999994200, -0.04999999999999969700 ) ) ;
#2639 = ORIENTED_EDGE ( 'NONE', *, *, #1860, .T. ) ;
#2640 = VECTOR ( 'NONE', #1221, 1000.000000000000000 ) ;
#2641 = CARTESIAN_POINT ( 'NONE',  ( -3.824999999999998400, -2.100000000000000500, -4.173411897755956400 ) ) ;
#2642 = SURFACE_STYLE_FILL_AREA ( #1982 ) ;
#2643 = DIRECTION ( 'NONE',  ( -1.000000000000000000, -8.462065736472233800E-016, -0.0000000000000000000 ) ) ;
#2644 = ADVANCED_FACE ( 'NONE', ( #20 ), #594, .F. ) ;
#2645 = EDGE_LOOP ( 'NONE', ( #2394, #2350, #351, #1150 ) ) ;
#2646 = DIRECTION ( 'NONE',  ( -1.000000000000000000, 0.0000000000000000000, 0.0000000000000000000 ) ) ;
#2647 = EDGE_LOOP ( 'NONE', ( #34, #1128, #14, #1351, #2680, #2425 ) ) ;
#2648 = DIRECTION ( 'NONE',  ( 1.000000000000000000, -0.0000000000000000000, -0.0000000000000000000 ) ) ;
#2649 = EDGE_LOOP ( 'NONE', ( #2687, #208, #1724, #3024 ) ) ;
#2650 = AXIS2_PLACEMENT_3D ( 'NONE', #725, #503, #2958 ) ;
#2651 = LINE ( 'NONE', #2473, #2185 ) ;
#2652 = ORIENTED_EDGE ( 'NONE', *, *, #110, .F. ) ;
#2653 = EDGE_LOOP ( 'NONE', ( #1592, #26, #1674, #644 ) ) ;
#2654 = CARTESIAN_POINT ( 'NONE',  ( -4.699999999999995700, -4.500000000000002700, 1.940000000000000600 ) ) ;
#2655 = FACE_OUTER_BOUND ( 'NONE', #468, .T. ) ;
#2656 = FILL_AREA_STYLE_COLOUR ( '', #1091 ) ;
#2657 = VECTOR ( 'NONE', #975, 1000.000000000000000 ) ;
#2658 = CARTESIAN_POINT ( 'NONE',  ( -4.999999999999999100, -0.6500000000000023500, -2.149999999999999900 ) ) ;
#2659 = EDGE_CURVE ( 'NONE', #1907, #1830, #1949, .T. ) ;
#2660 = LINE ( 'NONE', #56, #1497 ) ;
#2661 = VECTOR ( 'NONE', #1281, 1000.000000000000000 ) ;
#2662 = DIRECTION ( 'NONE',  ( 0.0000000000000000000, 0.0000000000000000000, -1.000000000000000000 ) ) ;
#2663 = EDGE_LOOP ( 'NONE', ( #1586, #1516, #2708, #2386 ) ) ;
#2664 = CARTESIAN_POINT ( 'NONE',  ( -0.5000000000000000000, -2.450000000000000200, 1.950000000000000400 ) ) ;
#2665 = STYLED_ITEM ( 'NONE', ( #2295 ), #2257 ) ;
#2666 = CARTESIAN_POINT ( 'NONE',  ( -3.600000000000000500, -4.500000000000003600, -3.850000000000002800 ) ) ;
#2667 = ORIENTED_EDGE ( 'NONE', *, *, #1522, .T. ) ;
#2668 = CARTESIAN_POINT ( 'NONE',  ( -0.5000000000000000000, -3.750000000000000400, -0.2599999999999996800 ) ) ;
#2669 = CARTESIAN_POINT ( 'NONE',  ( -1.600000000000000100, -4.500000000000003600, -4.850000000000002300 ) ) ;
#2670 = DIRECTION ( 'NONE',  ( -1.000000000000000000, -0.0000000000000000000, -0.0000000000000000000 ) ) ;
#2671 = EDGE_CURVE ( 'NONE', #2945, #112, #1032, .T. ) ;
#2672 = LINE ( 'NONE', #2224, #600 ) ;
#2673 = CARTESIAN_POINT ( 'NONE',  ( -0.6999999999999988500, -0.8000000000000001600, -1.799999999999999600 ) ) ;
#2674 = DIRECTION ( 'NONE',  ( 1.000000000000000000, 8.462065736472233800E-016, -0.0000000000000000000 ) ) ;
#2675 = ORIENTED_EDGE ( 'NONE', *, *, #1045, .F. ) ;
#2676 = LINE ( 'NONE', #1341, #2795 ) ;
#2677 = VECTOR ( 'NONE', #2725, 1000.000000000000000 ) ;
#2678 = PLANE ( 'NONE',  #27 ) ;
#2679 = ADVANCED_FACE ( 'NONE', ( #171 ), #3107, .F. ) ;
#2680 = ORIENTED_EDGE ( 'NONE', *, *, #2972, .F. ) ;
#2681 = FACE_OUTER_BOUND ( 'NONE', #2761, .T. ) ;
#2682 = ADVANCED_FACE ( 'NONE', ( #2875 ), #2829, .F. ) ;
#2683 = SURFACE_STYLE_USAGE ( .BOTH. , #3165 ) ;
#2684 = ORIENTED_EDGE ( 'NONE', *, *, #662, .F. ) ;
#2685 = EDGE_CURVE ( 'NONE', #2228, #114, #59, .T. ) ;
#2686 = DIRECTION ( 'NONE',  ( 0.0000000000000000000, -0.0000000000000000000, 1.000000000000000000 ) ) ;
#2687 = ORIENTED_EDGE ( 'NONE', *, *, #24, .T. ) ;
#2688 = EDGE_CURVE ( 'NONE', #919, #1429, #1423, .T. ) ;
#2689 = SURFACE_STYLE_FILL_AREA ( #932 ) ;
#2690 = ORIENTED_EDGE ( 'NONE', *, *, #3220, .F. ) ;
#2691 = CARTESIAN_POINT ( 'NONE',  ( -3.624999999999999100, -0.6000000000000008700, -0.04999999999999969700 ) ) ;
#2692 = CARTESIAN_POINT ( 'NONE',  ( -0.5000000000000000000, -2.249999999999999100, -3.449999999999999700 ) ) ;
#2693 = DIRECTION ( 'NONE',  ( -2.990902544787596100E-016, 1.000000000000000000, 5.981805089575192300E-016 ) ) ;
#2694 = VERTEX_POINT ( 'NONE', #1334 ) ;
#2695 = LINE ( 'NONE', #384, #1331 ) ;
#2696 = VERTEX_POINT ( 'NONE', #346 ) ;
#2697 = DIRECTION ( 'NONE',  ( -1.000000000000000000, -8.462065736472234800E-016, -0.0000000000000000000 ) ) ;
#2698 = ADVANCED_FACE ( 'NONE', ( #2448 ), #606, .T. ) ;
#2699 = FACE_OUTER_BOUND ( 'NONE', #2649, .T. ) ;
#2700 = VERTEX_POINT ( 'NONE', #859 ) ;
#2701 = CARTESIAN_POINT ( 'NONE',  ( -2.949999999999999300, -1.350000000000000100, -0.6099999999999998800 ) ) ;
#2702 = PLANE ( 'NONE',  #1799 ) ;
#2703 = CARTESIAN_POINT ( 'NONE',  ( 0.0000000000000000000, -2.450000000000000600, 1.300000000000000300 ) ) ;
#2704 = EDGE_CURVE ( 'NONE', #1928, #57, #1783, .T. ) ;
#2705 = EDGE_CURVE ( 'NONE', #1123, #1786, #1459, .T. ) ;
#2706 = DIRECTION ( 'NONE',  ( -1.000000000000000000, 0.0000000000000000000, 0.0000000000000000000 ) ) ;
#2707 = DIRECTION ( 'NONE',  ( 0.0000000000000000000, -0.0000000000000000000, 1.000000000000000000 ) ) ;
#2708 = ORIENTED_EDGE ( 'NONE', *, *, #451, .F. ) ;
#2709 = EDGE_CURVE ( 'NONE', #1558, #2963, #136, .T. ) ;
#2710 = AXIS2_PLACEMENT_3D ( 'NONE', #1094, #108, #1858 ) ;
#2711 = SHAPE_DEFINITION_REPRESENTATION ( #2461, #1460 ) ;
#2712 = ORIENTED_EDGE ( 'NONE', *, *, #2522, .T. ) ;
#2713 =( NAMED_UNIT ( * ) SI_UNIT ( $, .STERADIAN. ) SOLID_ANGLE_UNIT ( ) );
#2714 = CARTESIAN_POINT ( 'NONE',  ( -0.6999999999999988500, -2.100000000000000100, -2.600000000000000100 ) ) ;
#2715 = PRESENTATION_STYLE_ASSIGNMENT (( #1527 ) ) ;
#2716 = SURFACE_STYLE_USAGE ( .BOTH. , #1451 ) ;
#2717 = VERTEX_POINT ( 'NONE', #1166 ) ;
#2718 = AXIS2_PLACEMENT_3D ( 'NONE', #30, #1785, #2041 ) ;
#2719 = ADVANCED_FACE ( 'NONE', ( #2205 ), #175, .F. ) ;
#2720 = ORIENTED_EDGE ( 'NONE', *, *, #2705, .T. ) ;
#2721 = VECTOR ( 'NONE', #417, 1000.000000000000000 ) ;
#2722 = AXIS2_PLACEMENT_3D ( 'NONE', #1133, #1687, #123 ) ;
#2723 = ORIENTED_EDGE ( 'NONE', *, *, #1977, .T. ) ;
#2724 = FACE_OUTER_BOUND ( 'NONE', #976, .T. ) ;
#2725 = DIRECTION ( 'NONE',  ( -0.0000000000000000000, 1.000000000000000000, -1.057758217059028900E-016 ) ) ;
#2726 = ORIENTED_EDGE ( 'NONE', *, *, #1872, .F. ) ;
#2727 = CARTESIAN_POINT ( 'NONE',  ( -0.5000000000000000000, -2.450000000000000600, 1.300000000000000300 ) ) ;
#2728 = VECTOR ( 'NONE', #1722, 1000.000000000000000 ) ;
#2729 = DIRECTION ( 'NONE',  ( 0.0000000000000000000, -1.000000000000000000, 0.0000000000000000000 ) ) ;
#2730 = DIRECTION ( 'NONE',  ( 0.0000000000000000000, 1.000000000000000000, 0.0000000000000000000 ) ) ;
#2731 = VERTEX_POINT ( 'NONE', #2668 ) ;
#2732 = EDGE_CURVE ( 'NONE', #1115, #1398, #918, .T. ) ;
#2733 = ORIENTED_EDGE ( 'NONE', *, *, #2070, .F. ) ;
#2734 = ADVANCED_FACE ( 'NONE', ( #519 ), #2578, .T. ) ;
#2735 = EDGE_LOOP ( 'NONE', ( #253, #871, #2978, #809, #2593, #1298, #316, #3120 ) ) ;
#2736 = CARTESIAN_POINT ( 'NONE',  ( -4.299999999999998000, -2.100000000000000500, -2.600000000000000100 ) ) ;
#2737 = VECTOR ( 'NONE', #1627, 1000.000000000000000 ) ;
#2738 = ORIENTED_EDGE ( 'NONE', *, *, #147, .F. ) ;
#2739 = DIRECTION ( 'NONE',  ( 1.000000000000000000, 1.239088197126291100E-016, 0.0000000000000000000 ) ) ;
#2740 = VERTEX_POINT ( 'NONE', #1635 ) ;
#2741 = EDGE_CURVE ( 'NONE', #1227, #2228, #2676, .T. ) ;
#2742 = VERTEX_POINT ( 'NONE', #2589 ) ;
#2743 = DIRECTION ( 'NONE',  ( 0.0000000000000000000, -1.822188525185721700E-016, 1.000000000000000000 ) ) ;
#2744 = EDGE_CURVE ( 'NONE', #2378, #3138, #2287, .T. ) ;
#2745 = LINE ( 'NONE', #1172, #227 ) ;
#2746 = LINE ( 'NONE', #1788, #2975 ) ;
#2747 = LINE ( 'NONE', #1493, #1180 ) ;
#2748 = PRESENTATION_LAYER_ASSIGNMENT (  '', '', ( #1571 ) ) ;
#2749 = ADVANCED_FACE ( 'NONE', ( #1703 ), #2542, .T. ) ;
#2750 = SURFACE_SIDE_STYLE ('',( #257 ) ) ;
#2751 = DIRECTION ( 'NONE',  ( 0.0000000000000000000, -1.000000000000000000, 0.0000000000000000000 ) ) ;
#2752 = FACE_OUTER_BOUND ( 'NONE', #1643, .T. ) ;
#2753 = DIRECTION ( 'NONE',  ( 0.0000000000000000000, 0.7071067811865511300, 0.7071067811865440200 ) ) ;
#2754 = ORIENTED_EDGE ( 'NONE', *, *, #3219, .F. ) ;
#2755 = AXIS2_PLACEMENT_3D ( 'NONE', #1562, #279, #2823 ) ;
#2756 = VECTOR ( 'NONE', #589, 1000.000000000000000 ) ;
#2757 = EDGE_LOOP ( 'NONE', ( #580, #1430, #798, #1789 ) ) ;
#2758 = EDGE_CURVE ( 'NONE', #849, #738, #3019, .T. ) ;
#2759 = LINE ( 'NONE', #1548, #955 ) ;
#2760 = VECTOR ( 'NONE', #2697, 1000.000000000000000 ) ;
#2761 = EDGE_LOOP ( 'NONE', ( #1329, #663, #1546, #357, #1255, #1518 ) ) ;
#2762 = VECTOR ( 'NONE', #192, 1000.000000000000000 ) ;
#2763 = PRODUCT_DEFINITION_FORMATION_WITH_SPECIFIED_SOURCE ( 'ANY', '', #583, .NOT_KNOWN. ) ;
#2764 = ORIENTED_EDGE ( 'NONE', *, *, #2276, .F. ) ;
#2765 = DIRECTION ( 'NONE',  ( 0.0000000000000000000, -1.000000000000000000, 0.0000000000000000000 ) ) ;
#2766 = FACE_OUTER_BOUND ( 'NONE', #2545, .T. ) ;
#2767 = DIRECTION ( 'NONE',  ( 0.0000000000000000000, -1.000000000000000000, 0.0000000000000000000 ) ) ;
#2768 = EDGE_CURVE ( 'NONE', #551, #3214, #1384, .T. ) ;
#2769 = DIRECTION ( 'NONE',  ( 0.0000000000000000000, 0.0000000000000000000, -1.000000000000000000 ) ) ;
#2770 =( LENGTH_UNIT ( ) NAMED_UNIT ( * ) SI_UNIT ( .MILLI., .METRE. ) );
#2771 = VECTOR ( 'NONE', #2743, 1000.000000000000000 ) ;
#2772 = EDGE_CURVE ( 'NONE', #1555, #3076, #880, .T. ) ;
#2773 = MECHANICAL_DESIGN_GEOMETRIC_PRESENTATION_REPRESENTATION (  '', ( #1641 ), #1408 ) ;
#2774 = ORIENTED_EDGE ( 'NONE', *, *, #2338, .F. ) ;
#2775 = DIRECTION ( 'NONE',  ( 0.0000000000000000000, 0.0000000000000000000, 1.000000000000000000 ) ) ;
#2776 = CARTESIAN_POINT ( 'NONE',  ( 0.0000000000000000000, -0.6500000000000001300, -2.149999999999999900 ) ) ;
#2777 = VECTOR ( 'NONE', #2197, 1000.000000000000000 ) ;
#2778 = VERTEX_POINT ( 'NONE', #1839 ) ;
#2779 = EDGE_LOOP ( 'NONE', ( #1772, #77, #2764, #2061 ) ) ;
#2780 = DIRECTION ( 'NONE',  ( -0.0000000000000000000, 1.000000000000000000, -1.057758217059028900E-016 ) ) ;
#2781 = ORIENTED_EDGE ( 'NONE', *, *, #2709, .F. ) ;
#2782 = EDGE_CURVE ( 'NONE', #2587, #4, #2913, .T. ) ;
#2783 = VECTOR ( 'NONE', #1995, 1000.000000000000000 ) ;
#2784 = VECTOR ( 'NONE', #2986, 1000.000000000000000 ) ;
#2785 = CARTESIAN_POINT ( 'NONE',  ( -4.999999999999996400, -4.400000000000003000, -0.2999999999999999300 ) ) ;
#2786 = EDGE_CURVE ( 'NONE', #522, #1013, #2248, .T. ) ;
#2787 = ORIENTED_EDGE ( 'NONE', *, *, #860, .T. ) ;
#2788 = CARTESIAN_POINT ( 'NONE',  ( -4.499999999999997300, -4.400000000000002100, 1.950000000000000000 ) ) ;
#2789 = SURFACE_SIDE_STYLE ('',( #1769 ) ) ;
#2790 = EDGE_CURVE ( 'NONE', #3181, #2696, #2837, .T. ) ;
#2791 = PLANE ( 'NONE',  #2915 ) ;
#2792 = DIRECTION ( 'NONE',  ( 8.462065736472233800E-016, -1.000000000000000000, -2.224004456380521900E-016 ) ) ;
#2793 = FACE_OUTER_BOUND ( 'NONE', #2735, .T. ) ;
#2794 = EDGE_LOOP ( 'NONE', ( #653, #2887, #3221, #3086 ) ) ;
#2795 = VECTOR ( 'NONE', #2568, 1000.000000000000000 ) ;
#2796 = CARTESIAN_POINT ( 'NONE',  ( -4.499999999999999100, -0.6500000000000019100, -2.149999999999999900 ) ) ;
#2797 = DIRECTION ( 'NONE',  ( 0.0000000000000000000, 0.0000000000000000000, 1.000000000000000000 ) ) ;
#2798 = STYLED_ITEM ( 'NONE', ( #1840 ), #1890 ) ;
#2799 = ORIENTED_EDGE ( 'NONE', *, *, #3083, .F. ) ;
#2800 = LINE ( 'NONE', #3027, #1464 ) ;
#2801 = CARTESIAN_POINT ( 'NONE',  ( -3.600000000000000500, -4.500000000000003600, -3.850000000000002800 ) ) ;
#2802 = PLANE ( 'NONE',  #3100 ) ;
#2803 = EDGE_CURVE ( 'NONE', #3138, #2600, #2329, .T. ) ;
#2804 = ORIENTED_EDGE ( 'NONE', *, *, #2460, .F. ) ;
#2805 = LINE ( 'NONE', #1439, #2762 ) ;
#2806 = DIRECTION ( 'NONE',  ( 0.0000000000000000000, -1.000000000000000000, -2.224004456380521900E-016 ) ) ;
#2807 = VERTEX_POINT ( 'NONE', #79 ) ;
#2808 = PLANE ( 'NONE',  #2104 ) ;
#2809 = VECTOR ( 'NONE', #2821, 1000.000000000000000 ) ;
#2810 = ORIENTED_EDGE ( 'NONE', *, *, #3020, .F. ) ;
#2811 = EDGE_CURVE ( 'NONE', #522, #1227, #404, .T. ) ;
#2812 = CARTESIAN_POINT ( 'NONE',  ( -4.999999999999996400, -3.750000000000003100, 1.300000000000000300 ) ) ;
#2813 = SURFACE_SIDE_STYLE ('',( #2402 ) ) ;
#2814 = CARTESIAN_POINT ( 'NONE',  ( -4.299999999999998000, -1.300000000000000500, -1.799999999999999600 ) ) ;
#2815 = VERTEX_POINT ( 'NONE', #540 ) ;
#2816 = ORIENTED_EDGE ( 'NONE', *, *, #1768, .F. ) ;
#2817 = CARTESIAN_POINT ( 'NONE',  ( -4.499999999999997300, -3.750000000000001800, -0.2999999999999999300 ) ) ;
#2818 = LINE ( 'NONE', #2335, #2352 ) ;
#2819 = VERTEX_POINT ( 'NONE', #2291 ) ;
#2820 = PLANE ( 'NONE',  #1434 ) ;
#2821 = DIRECTION ( 'NONE',  ( -0.0000000000000000000, -0.0000000000000000000, 1.000000000000000000 ) ) ;
#2822 = DIRECTION ( 'NONE',  ( 0.0000000000000000000, 0.0000000000000000000, -1.000000000000000000 ) ) ;
#2823 = DIRECTION ( 'NONE',  ( -0.0000000000000000000, 0.0000000000000000000, 1.000000000000000000 ) ) ;
#2824 = VECTOR ( 'NONE', #2263, 1000.000000000000000 ) ;
#2825 =( NAMED_UNIT ( * ) PLANE_ANGLE_UNIT ( ) SI_UNIT ( $, .RADIAN. ) );
#2826 = ORIENTED_EDGE ( 'NONE', *, *, #1002, .F. ) ;
#2827 =( NAMED_UNIT ( * ) PLANE_ANGLE_UNIT ( ) SI_UNIT ( $, .RADIAN. ) );
#2828 = VECTOR ( 'NONE', #85, 1000.000000000000000 ) ;
#2829 = PLANE ( 'NONE',  #2344 ) ;
#2830 = ORIENTED_EDGE ( 'NONE', *, *, #1878, .T. ) ;
#2831 = DIRECTION ( 'NONE',  ( 0.0000000000000000000, -0.0000000000000000000, 1.000000000000000000 ) ) ;
#2832 = COLOUR_RGB ( '',0.7529411764705882200, 0.7529411764705882200, 0.7529411764705882200 ) ;
#2833 = EDGE_CURVE ( 'NONE', #846, #2929, #553, .T. ) ;
#2834 = CARTESIAN_POINT ( 'NONE',  ( -4.499999999999998200, -2.450000000000002400, 1.940000000000000400 ) ) ;
#2835 = ORIENTED_EDGE ( 'NONE', *, *, #2811, .F. ) ;
#2836 = CARTESIAN_POINT ( 'NONE',  ( -4.249999999999999100, -2.100000000000000500, -2.600000000000000100 ) ) ;
#2837 = LINE ( 'NONE', #321, #837 ) ;
#2838 = LINE ( 'NONE', #749, #1587 ) ;
#2839 = ORIENTED_EDGE ( 'NONE', *, *, #1002, .T. ) ;
#2840 = CARTESIAN_POINT ( 'NONE',  ( 0.0000000000000000000, -3.750000000000000000, -0.2999999999999999300 ) ) ;
#2841 = DIRECTION ( 'NONE',  ( 0.0000000000000000000, 0.0000000000000000000, 1.000000000000000000 ) ) ;
#2842 = VECTOR ( 'NONE', #2572, 1000.000000000000000 ) ;
#2843 = DIRECTION ( 'NONE',  ( -1.000000000000000000, -4.231032868236116900E-016, -0.0000000000000000000 ) ) ;
#2844 = EDGE_CURVE ( 'NONE', #1714, #3188, #2486, .T. ) ;
#2845 = PRESENTATION_STYLE_ASSIGNMENT (( #2683 ) ) ;
#2846 = ORIENTED_EDGE ( 'NONE', *, *, #1552, .T. ) ;
#2847 = CARTESIAN_POINT ( 'NONE',  ( -2.149999999999999500, -3.150000000000000400, 1.950000000000000400 ) ) ;
#2848 =( NAMED_UNIT ( * ) SI_UNIT ( $, .STERADIAN. ) SOLID_ANGLE_UNIT ( ) );
#2849 = DIRECTION ( 'NONE',  ( 0.0000000000000000000, 0.0000000000000000000, 1.000000000000000000 ) ) ;
#2850 = DIRECTION ( 'NONE',  ( -4.587295027599172300E-031, 5.421010862427521200E-016, -1.000000000000000000 ) ) ;
#2851 = ORIENTED_EDGE ( 'NONE', *, *, #336, .F. ) ;
#2852 = CARTESIAN_POINT ( 'NONE',  ( -1.600000000000000100, -3.449999999999999300, -4.050000000000002500 ) ) ;
#2853 = CARTESIAN_POINT ( 'NONE',  ( -2.049999999999999800, -1.349999999999999600, -0.6099999999999998800 ) ) ;
#2854 = LINE ( 'NONE', #627, #86 ) ;
#2855 = ORIENTED_EDGE ( 'NONE', *, *, #419, .F. ) ;
#2856 = LINE ( 'NONE', #838, #459 ) ;
#2857 = PLANE ( 'NONE',  #1826 ) ;
#2858 = AXIS2_PLACEMENT_3D ( 'NONE', #1241, #736, #2739 ) ;
#2859 = VECTOR ( 'NONE', #1005, 1000.000000000000000 ) ;
#2860 =( NAMED_UNIT ( * ) SI_UNIT ( $, .STERADIAN. ) SOLID_ANGLE_UNIT ( ) );
#2861 = CARTESIAN_POINT ( 'NONE',  ( -1.399999999999999900, -4.200000000000002800, -3.950000000000002000 ) ) ;
#2862 = CARTESIAN_POINT ( 'NONE',  ( -5.000000000000000000, 8.673617379884033500E-016, -4.049999999999999800 ) ) ;
#2863 = DIRECTION ( 'NONE',  ( 0.0000000000000000000, 1.822188525185721700E-016, -1.000000000000000000 ) ) ;
#2864 = ADVANCED_FACE ( 'NONE', ( #1269 ), #822, .T. ) ;
#2865 = VECTOR ( 'NONE', #2588, 1000.000000000000000 ) ;
#2866 = DIRECTION ( 'NONE',  ( -5.645901572429751600E-031, 6.672013369141566200E-016, 1.000000000000000000 ) ) ;
#2867 = VERTEX_POINT ( 'NONE', #2081 ) ;
#2868 = VECTOR ( 'NONE', #1169, 1000.000000000000000 ) ;
#2869 =( LENGTH_UNIT ( ) NAMED_UNIT ( * ) SI_UNIT ( .MILLI., .METRE. ) );
#2870 = DIRECTION ( 'NONE',  ( 0.0000000000000000000, -1.000000000000000000, -0.0000000000000000000 ) ) ;
#2871 = VERTEX_POINT ( 'NONE', #1113 ) ;
#2872 = DIRECTION ( 'NONE',  ( -1.000000000000000000, 0.0000000000000000000, -0.0000000000000000000 ) ) ;
#2873 = EDGE_CURVE ( 'NONE', #4, #2018, #2103, .T. ) ;
#2874 = ORIENTED_EDGE ( 'NONE', *, *, #619, .F. ) ;
#2875 = FACE_OUTER_BOUND ( 'NONE', #2039, .T. ) ;
#2876 = ORIENTED_EDGE ( 'NONE', *, *, #788, .T. ) ;
#2877 = VECTOR ( 'NONE', #982, 1000.000000000000000 ) ;
#2878 = AXIS2_PLACEMENT_3D ( 'NONE', #1559, #1085, #1595 ) ;
#2879 = DIRECTION ( 'NONE',  ( -0.0000000000000000000, -0.0000000000000000000, 1.000000000000000000 ) ) ;
#2880 = CARTESIAN_POINT ( 'NONE',  ( -4.499999999999997300, -4.400000000000002100, 1.950000000000000000 ) ) ;
#2881 = ADVANCED_FACE ( 'NONE', ( #2594 ), #2857, .F. ) ;
#2882 = ORIENTED_EDGE ( 'NONE', *, *, #2262, .F. ) ;
#2883 = CARTESIAN_POINT ( 'NONE',  ( -4.299999999999998000, -0.6000000000000009800, -4.173411897755956400 ) ) ;
#2884 = LINE ( 'NONE', #705, #804 ) ;
#2885 = DIRECTION ( 'NONE',  ( 0.0000000000000000000, -5.421010862427521200E-016, 1.000000000000000000 ) ) ;
#2886 = DIRECTION ( 'NONE',  ( -0.0000000000000000000, -0.0000000000000000000, 1.000000000000000000 ) ) ;
#2887 = ORIENTED_EDGE ( 'NONE', *, *, #1636, .F. ) ;
#2888 = DIRECTION ( 'NONE',  ( 0.0000000000000000000, -0.0000000000000000000, 1.000000000000000000 ) ) ;
#2889 = ORIENTED_EDGE ( 'NONE', *, *, #695, .T. ) ;
#2890 = AXIS2_PLACEMENT_3D ( 'NONE', #1283, #1679, #1814 ) ;
#2891 = EDGE_CURVE ( 'NONE', #1139, #1488, #756, .T. ) ;
#2892 = ORIENTED_EDGE ( 'NONE', *, *, #130, .F. ) ;
#2893 = DIRECTION ( 'NONE',  ( -0.0000000000000000000, -0.0000000000000000000, 1.000000000000000000 ) ) ;
#2894 = ORIENTED_EDGE ( 'NONE', *, *, #317, .F. ) ;
#2895 = ORIENTED_EDGE ( 'NONE', *, *, #18, .F. ) ;
#2896 = CARTESIAN_POINT ( 'NONE',  ( -0.7499999999999997800, -2.100000000000000100, -2.600000000000000100 ) ) ;
#2897 = LINE ( 'NONE', #2862, #2230 ) ;
#2898 = ORIENTED_EDGE ( 'NONE', *, *, #773, .F. ) ;
#2899 = VERTEX_POINT ( 'NONE', #2847 ) ;
#2900 =( NAMED_UNIT ( * ) PLANE_ANGLE_UNIT ( ) SI_UNIT ( $, .RADIAN. ) );
#2901 = LINE ( 'NONE', #494, #2548 ) ;
#2902 = VECTOR ( 'NONE', #148, 1000.000000000000000 ) ;
#2903 = AXIS2_PLACEMENT_3D ( 'NONE', #1465, #197, #3205 ) ;
#2904 = CARTESIAN_POINT ( 'NONE',  ( -4.499999999999999100, -2.250000000000000900, -4.050000000000001600 ) ) ;
#2905 = LINE ( 'NONE', #113, #2828 ) ;
#2906 = LINE ( 'NONE', #282, #1414 ) ;
#2907 = EDGE_CURVE ( 'NONE', #1782, #492, #1906, .T. ) ;
#2908 = EDGE_LOOP ( 'NONE', ( #191, #1936, #1920, #1510 ) ) ;
#2909 = ORIENTED_EDGE ( 'NONE', *, *, #1377, .T. ) ;
#2910 = DIRECTION ( 'NONE',  ( 0.0000000000000000000, -1.000000000000000000, 0.0000000000000000000 ) ) ;
#2911 = LINE ( 'NONE', #3114, #3063 ) ;
#2912 = ORIENTED_EDGE ( 'NONE', *, *, #1531, .T. ) ;
#2913 = LINE ( 'NONE', #1806, #2373 ) ;
#2914 = VECTOR ( 'NONE', #801, 1000.000000000000000 ) ;
#2915 = AXIS2_PLACEMENT_3D ( 'NONE', #1315, #2326, #1300 ) ;
#2916 = SURFACE_SIDE_STYLE ('',( #532 ) ) ;
#2917 = CARTESIAN_POINT ( 'NONE',  ( -4.699999999999997500, -3.750000000000002700, 1.300000000000000300 ) ) ;
#2918 = FACE_OUTER_BOUND ( 'NONE', #1378, .T. ) ;
#2919 = ORIENTED_EDGE ( 'NONE', *, *, #280, .T. ) ;
#2920 = PLANE ( 'NONE',  #3201 ) ;
#2921 = VECTOR ( 'NONE', #2693, 1000.000000000000000 ) ;
#2922 = EDGE_CURVE ( 'NONE', #405, #2410, #2911, .T. ) ;
#2923 = CARTESIAN_POINT ( 'NONE',  ( -3.824999999999998400, -0.6000000000000009800, -0.04999999999999969700 ) ) ;
#2924 = ORIENTED_EDGE ( 'NONE', *, *, #2522, .F. ) ;
#2925 = ADVANCED_FACE ( 'NONE', ( #3139 ), #1623, .T. ) ;
#2926 = VECTOR ( 'NONE', #934, 1000.000000000000000 ) ;
#2927 = ADVANCED_FACE ( 'NONE', ( #1304 ), #365, .F. ) ;
#2928 = MECHANICAL_DESIGN_GEOMETRIC_PRESENTATION_REPRESENTATION (  '', ( #146 ), #1715 ) ;
#2929 = VERTEX_POINT ( 'NONE', #2880 ) ;
#2930 = CARTESIAN_POINT ( 'NONE',  ( -1.600000000000000100, -4.500000000000003600, -4.850000000000002300 ) ) ;
#2931 = VECTOR ( 'NONE', #1856, 1000.000000000000000 ) ;
#2932 = DIRECTION ( 'NONE',  ( 0.0000000000000000000, 3.942553354492743000E-016, -1.000000000000000000 ) ) ;
#2933 = EDGE_CURVE ( 'NONE', #677, #1365, #2245, .T. ) ;
#2934 = CARTESIAN_POINT ( 'NONE',  ( -4.999999999999998200, -2.250000000000001300, -4.050000000000001600 ) ) ;
#2935 = VECTOR ( 'NONE', #1846, 1000.000000000000000 ) ;
#2936 = DIRECTION ( 'NONE',  ( 1.000000000000000000, -0.0000000000000000000, -0.0000000000000000000 ) ) ;
#2937 = ORIENTED_EDGE ( 'NONE', *, *, #2143, .T. ) ;
#2938 = LINE ( 'NONE', #195, #2086 ) ;
#2939 = PRESENTATION_LAYER_ASSIGNMENT (  '', '', ( #907 ) ) ;
#2940 = SURFACE_STYLE_FILL_AREA ( #364 ) ;
#2941 = VERTEX_POINT ( 'NONE', #2118 ) ;
#2942 = LINE ( 'NONE', #904, #2518 ) ;
#2943 = ADVANCED_FACE ( 'NONE', ( #1987 ), #1884, .T. ) ;
#2944 = CARTESIAN_POINT ( 'NONE',  ( -0.5000000000000000000, -3.750000000000000000, -0.2999999999999999300 ) ) ;
#2945 = VERTEX_POINT ( 'NONE', #854 ) ;
#2946 = PLANE ( 'NONE',  #1684 ) ;
#2947 = ORIENTED_EDGE ( 'NONE', *, *, #1670, .F. ) ;
#2948 = LINE ( 'NONE', #2785, #1271 ) ;
#2949 = DIRECTION ( 'NONE',  ( 1.734723475976798800E-015, -1.000000000000000000, -0.0000000000000000000 ) ) ;
#2950 = ORIENTED_EDGE ( 'NONE', *, *, #3195, .F. ) ;
#2951 = PLANE ( 'NONE',  #2903 ) ;
#2952 = PLANE ( 'NONE',  #810 ) ;
#2953 = EDGE_LOOP ( 'NONE', ( #1231, #456, #2123, #1368 ) ) ;
#2954 = DIRECTION ( 'NONE',  ( 0.0000000000000000000, -1.000000000000000000, 1.057758217059029200E-016 ) ) ;
#2955 = VERTEX_POINT ( 'NONE', #184 ) ;
#2956 = ADVANCED_FACE ( 'NONE', ( #1232 ), #2141, .T. ) ;
#2957 = VECTOR ( 'NONE', #3155, 1000.000000000000000 ) ;
#2958 = DIRECTION ( 'NONE',  ( -1.000000000000000000, 0.0000000000000000000, -0.0000000000000000000 ) ) ;
#2959 = AXIS2_PLACEMENT_3D ( 'NONE', #2422, #3167, #2753 ) ;
#2960 = CARTESIAN_POINT ( 'NONE',  ( 0.0000000000000000000, -0.6500000000000001300, -2.149999999999999900 ) ) ;
#2961 = ORIENTED_EDGE ( 'NONE', *, *, #361, .F. ) ;
#2962 = PLANE ( 'NONE',  #847 ) ;
#2963 = VERTEX_POINT ( 'NONE', #1433 ) ;
#2964 = UNCERTAINTY_MEASURE_WITH_UNIT (LENGTH_MEASURE( 1.000000000000000100E-005 ), #1015, 'distance_accuracy_value', 'NONE');
#2965 = LINE ( 'NONE', #176, #2998 ) ;
#2966 = VERTEX_POINT ( 'NONE', #2703 ) ;
#2967 = COLOUR_RGB ( '',0.7529411764705882200, 0.7529411764705882200, 0.7529411764705882200 ) ;
#2968 = ORIENTED_EDGE ( 'NONE', *, *, #1739, .F. ) ;
#2969 = CARTESIAN_POINT ( 'NONE',  ( -1.375000000000000700, -0.3499999999999993700, -1.845132307101624800 ) ) ;
#2970 = LINE ( 'NONE', #1205, #344 ) ;
#2971 = DIRECTION ( 'NONE',  ( -0.0000000000000000000, 0.0000000000000000000, 1.000000000000000000 ) ) ;
#2972 = EDGE_CURVE ( 'NONE', #917, #3101, #1157, .T. ) ;
#2973 = ADVANCED_FACE ( 'NONE', ( #484 ), #2952, .F. ) ;
#2974 = FACE_OUTER_BOUND ( 'NONE', #2953, .T. ) ;
#2975 = VECTOR ( 'NONE', #781, 1000.000000000000000 ) ;
#2976 = VECTOR ( 'NONE', #1353, 1000.000000000000000 ) ;
#2977 = CARTESIAN_POINT ( 'NONE',  ( -0.3000000000000000400, -2.450000000000000600, 1.940000000000000400 ) ) ;
#2978 = ORIENTED_EDGE ( 'NONE', *, *, #2833, .T. ) ;
#2979 = PRESENTATION_STYLE_ASSIGNMENT (( #571 ) ) ;
#2980 = CARTESIAN_POINT ( 'NONE',  ( -0.5000000000000000000, -4.400000000000001200, -0.2999999999999999300 ) ) ;
#2981 = ORIENTED_EDGE ( 'NONE', *, *, #1903, .T. ) ;
#2982 = CARTESIAN_POINT ( 'NONE',  ( -0.5000000000000000000, -3.750000000000001300, 1.940000000000000600 ) ) ;
#2983 = FILL_AREA_STYLE ('',( #1237 ) ) ;
#2984 = ORIENTED_EDGE ( 'NONE', *, *, #2709, .T. ) ;
#2985 = ORIENTED_EDGE ( 'NONE', *, *, #258, .F. ) ;
#2986 = DIRECTION ( 'NONE',  ( 1.000000000000000000, -0.0000000000000000000, -0.0000000000000000000 ) ) ;
#2987 = AXIS2_PLACEMENT_3D ( 'NONE', #2047, #50, #1275 ) ;
#2988 = VERTEX_POINT ( 'NONE', #1736 ) ;
#2989 = VECTOR ( 'NONE', #1855, 1000.000000000000000 ) ;
#2990 = ADVANCED_FACE ( 'NONE', ( #3069 ), #2479, .F. ) ;
#2991 = ORIENTED_EDGE ( 'NONE', *, *, #491, .F. ) ;
#2992 = SURFACE_STYLE_FILL_AREA ( #651 ) ;
#2993 = FILL_AREA_STYLE ('',( #998 ) ) ;
#2994 = MECHANICAL_DESIGN_GEOMETRIC_PRESENTATION_REPRESENTATION (  '', ( #771 ), #3160 ) ;
#2995 = LINE ( 'NONE', #2119, #3031 ) ;
#2996 = DIRECTION ( 'NONE',  ( -1.000000000000000000, -1.172110456741085800E-016, 0.0000000000000000000 ) ) ;
#2997 = AXIS2_PLACEMENT_3D ( 'NONE', #1965, #441, #427 ) ;
#2998 = VECTOR ( 'NONE', #2936, 1000.000000000000000 ) ;
#2999 = CARTESIAN_POINT ( 'NONE',  ( -0.5000000000000000000, -2.450000000000000600, 1.940000000000000400 ) ) ;
#3000 = DIRECTION ( 'NONE',  ( 1.000000000000000000, 1.239088197126291100E-016, 0.0000000000000000000 ) ) ;
#3001 = ORIENTED_EDGE ( 'NONE', *, *, #1017, .T. ) ;
#3002 = ADVANCED_FACE ( 'NONE', ( #2411 ), #198, .F. ) ;
#3003 = ORIENTED_EDGE ( 'NONE', *, *, #1815, .T. ) ;
#3004 = EDGE_CURVE ( 'NONE', #856, #512, #520, .T. ) ;
#3005 = VERTEX_POINT ( 'NONE', #2776 ) ;
#3006 = CARTESIAN_POINT ( 'NONE',  ( -4.249999999999999100, -4.000000000000000900, -0.3999999999999997400 ) ) ;
#3007 = VECTOR ( 'NONE', #2102, 1000.000000000000000 ) ;
#3008 = APPLICATION_CONTEXT ( 'automotive_design' ) ;
#3009 = CARTESIAN_POINT ( 'NONE',  ( -1.600000000000000100, -4.200000000000002800, -3.950000000000002000 ) ) ;
#3010 = ORIENTED_EDGE ( 'NONE', *, *, #2671, .T. ) ;
#3011 = VECTOR ( 'NONE', #2866, 1000.000000000000000 ) ;
#3012 = ORIENTED_EDGE ( 'NONE', *, *, #2637, .F. ) ;
#3013 = CARTESIAN_POINT ( 'NONE',  ( -5.000000000000000000, 8.673617379884033500E-016, 1.950000000000000400 ) ) ;
#3014 = DIRECTION ( 'NONE',  ( 1.000000000000000000, 4.231032868236116900E-016, 0.0000000000000000000 ) ) ;
#3015 = CARTESIAN_POINT ( 'NONE',  ( -4.500000000000000900, -1.925088354520698200E-015, -2.149999999999999900 ) ) ;
#3016 = DIRECTION ( 'NONE',  ( 1.000000000000000000, 8.462065736472233800E-016, -0.0000000000000000000 ) ) ;
#3017 = CARTESIAN_POINT ( 'NONE',  ( -1.600000000000000100, -4.500000000000003600, -4.850000000000002300 ) ) ;
#3018 = ORIENTED_EDGE ( 'NONE', *, *, #518, .T. ) ;
#3019 = LINE ( 'NONE', #1070, #2062 ) ;
#3020 = EDGE_CURVE ( 'NONE', #120, #1536, #2288, .T. ) ;
#3021 = VERTEX_POINT ( 'NONE', #3108 ) ;
#3022 = EDGE_CURVE ( 'NONE', #2740, #2539, #2107, .T. ) ;
#3023 = LINE ( 'NONE', #1569, #1706 ) ;
#3024 = ORIENTED_EDGE ( 'NONE', *, *, #753, .T. ) ;
#3025 = FILL_AREA_STYLE_COLOUR ( '', #2170 ) ;
#3026 = LINE ( 'NONE', #1973, #1391 ) ;
#3027 = CARTESIAN_POINT ( 'NONE',  ( -4.499999999999997300, -3.750000000000002700, 1.300000000000000300 ) ) ;
#3028 = DIRECTION ( 'NONE',  ( -1.000000000000000000, -4.231032868236116900E-016, -0.0000000000000000000 ) ) ;
#3029 = EDGE_CURVE ( 'NONE', #1786, #573, #2063, .T. ) ;
#3030 = CARTESIAN_POINT ( 'NONE',  ( -0.3000000000000000400, -4.500000000000000900, 1.940000000000000600 ) ) ;
#3031 = VECTOR ( 'NONE', #1604, 1000.000000000000000 ) ;
#3032 = CARTESIAN_POINT ( 'NONE',  ( -4.499999999999997300, -3.750000000000001800, -0.2999999999999999300 ) ) ;
#3033 = DIRECTION ( 'NONE',  ( -0.0000000000000000000, -0.0000000000000000000, 1.000000000000000000 ) ) ;
#3034 = PRESENTATION_LAYER_ASSIGNMENT (  '', '', ( #285 ) ) ;
#3035 = ORIENTED_EDGE ( 'NONE', *, *, #959, .F. ) ;
#3036 = CARTESIAN_POINT ( 'NONE',  ( -3.600000000000000500, -4.200000000000003700, -4.850000000000002300 ) ) ;
#3037 = CARTESIAN_POINT ( 'NONE',  ( -4.499999999999997300, -3.750000000000003600, -0.2599999999999997900 ) ) ;
#3038 = FACE_OUTER_BOUND ( 'NONE', #2465, .T. ) ;
#3039 = ORIENTED_EDGE ( 'NONE', *, *, #2117, .F. ) ;
#3040 = AXIS2_PLACEMENT_3D ( 'NONE', #2270, #1470, #2996 ) ;
#3041 = FILL_AREA_STYLE_COLOUR ( '', #2428 ) ;
#3042 = CARTESIAN_POINT ( 'NONE',  ( -4.649999999999999500, -2.100000000000000100, -1.799999999999999600 ) ) ;
#3043 = PRESENTATION_STYLE_ASSIGNMENT (( #1248 ) ) ;
#3044 = DIRECTION ( 'NONE',  ( 0.0000000000000000000, -0.0000000000000000000, 1.000000000000000000 ) ) ;
#3045 = ORIENTED_EDGE ( 'NONE', *, *, #116, .T. ) ;
#3046 =( NAMED_UNIT ( * ) PLANE_ANGLE_UNIT ( ) SI_UNIT ( $, .RADIAN. ) );
#3047 = ORIENTED_EDGE ( 'NONE', *, *, #1809, .T. ) ;
#3048 = DIRECTION ( 'NONE',  ( -1.000000000000000000, 0.0000000000000000000, 0.0000000000000000000 ) ) ;
#3049 = EDGE_CURVE ( 'NONE', #2405, #2945, #60, .T. ) ;
#3050 = VERTEX_POINT ( 'NONE', #2437 ) ;
#3051 = DIRECTION ( 'NONE',  ( 2.891205793294678800E-016, 1.000000000000000000, 0.0000000000000000000 ) ) ;
#3052 = DIRECTION ( 'NONE',  ( 8.462065736472233800E-016, -1.000000000000000000, 0.0000000000000000000 ) ) ;
#3053 = LINE ( 'NONE', #1532, #2015 ) ;
#3054 = PRESENTATION_STYLE_ASSIGNMENT (( #310 ) ) ;
#3055 = DIRECTION ( 'NONE',  ( 1.000000000000000000, -0.0000000000000000000, -0.0000000000000000000 ) ) ;
#3056 = EDGE_LOOP ( 'NONE', ( #3012, #2557, #2774, #1851, #1109, #1056 ) ) ;
#3057 = VECTOR ( 'NONE', #267, 1000.000000000000000 ) ;
#3058 = EDGE_CURVE ( 'NONE', #2253, #2173, #1663, .T. ) ;
#3059 = CARTESIAN_POINT ( 'NONE',  ( -0.5000000000000000000, -4.400000000000000400, 1.950000000000000000 ) ) ;
#3060 = EDGE_CURVE ( 'NONE', #114, #2049, #999, .T. ) ;
#3061 = ORIENTED_EDGE ( 'NONE', *, *, #2009, .F. ) ;
#3062 = ORIENTED_EDGE ( 'NONE', *, *, #1860, .F. ) ;
#3063 = VECTOR ( 'NONE', #1614, 1000.000000000000000 ) ;
#3064 = COLOUR_RGB ( '',0.7529411764705882200, 0.7529411764705882200, 0.7529411764705882200 ) ;
#3065 =( NAMED_UNIT ( * ) PLANE_ANGLE_UNIT ( ) SI_UNIT ( $, .RADIAN. ) );
#3066 = VERTEX_POINT ( 'NONE', #178 ) ;
#3067 = PRESENTATION_STYLE_ASSIGNMENT (( #2281 ) ) ;
#3068 = DIRECTION ( 'NONE',  ( 1.000000000000000000, -0.0000000000000000000, -0.0000000000000000000 ) ) ;
#3069 = FACE_OUTER_BOUND ( 'NONE', #1344, .T. ) ;
#3070 = CARTESIAN_POINT ( 'NONE',  ( -0.5000000000000000000, -2.450000000000001100, -0.2599999999999997900 ) ) ;
#3071 = EDGE_CURVE ( 'NONE', #1041, #2717, #240, .T. ) ;
#3072 = ORIENTED_EDGE ( 'NONE', *, *, #252, .T. ) ;
#3073 = VECTOR ( 'NONE', #3215, 1000.000000000000000 ) ;
#3074 = CARTESIAN_POINT ( 'NONE',  ( -0.3000000000000000400, -4.500000000000000900, -0.2599999999999996200 ) ) ;
#3075 = DIRECTION ( 'NONE',  ( 0.0000000000000000000, 5.421010862427521200E-016, -1.000000000000000000 ) ) ;
#3076 = VERTEX_POINT ( 'NONE', #831 ) ;
#3077 = CARTESIAN_POINT ( 'NONE',  ( -2.049999999999998900, -1.800000000000000000, -0.6099999999999999900 ) ) ;
#3078 = CARTESIAN_POINT ( 'NONE',  ( 0.0000000000000000000, -2.249999999999999100, -3.449999999999999700 ) ) ;
#3079 = EDGE_CURVE ( 'NONE', #1928, #22, #2249, .T. ) ;
#3080 = VECTOR ( 'NONE', #2395, 1000.000000000000000 ) ;
#3081 = LINE ( 'NONE', #3115, #2737 ) ;
#3082 = CARTESIAN_POINT ( 'NONE',  ( 0.0000000000000000000, 0.0000000000000000000, -0.3999999999999997400 ) ) ;
#3083 = EDGE_CURVE ( 'NONE', #3182, #1555, #109, .T. ) ;
#3084 = FACE_OUTER_BOUND ( 'NONE', #2231, .T. ) ;
#3085 = ORIENTED_EDGE ( 'NONE', *, *, #2786, .T. ) ;
#3086 = ORIENTED_EDGE ( 'NONE', *, *, #1791, .F. ) ;
#3087 = LINE ( 'NONE', #1246, #3197 ) ;
#3088 = CARTESIAN_POINT ( 'NONE',  ( -1.574999999999999500, -0.3499999999999994200, -0.04999999999999969700 ) ) ;
#3089 = CARTESIAN_POINT ( 'NONE',  ( -0.5000000000000000000, -0.6500000000000001300, -2.149999999999999900 ) ) ;
#3090 = VECTOR ( 'NONE', #1431, 1000.000000000000000 ) ;
#3091 = CARTESIAN_POINT ( 'NONE',  ( -2.149999999999999000, -4.000000000000000900, 1.950000000000000400 ) ) ;
#3092 = LINE ( 'NONE', #78, #2661 ) ;
#3093 = ORIENTED_EDGE ( 'NONE', *, *, #3132, .T. ) ;
#3094 = DIRECTION ( 'NONE',  ( 0.0000000000000000000, -1.057758217059029200E-016, -1.000000000000000000 ) ) ;
#3095 = LINE ( 'NONE', #1407, #15 ) ;
#3096 = DIRECTION ( 'NONE',  ( -0.0000000000000000000, 0.0000000000000000000, 1.000000000000000000 ) ) ;
#3097 = EDGE_CURVE ( 'NONE', #561, #2700, #794, .T. ) ;
#3098 = ORIENTED_EDGE ( 'NONE', *, *, #116, .F. ) ;
#3099 = DIRECTION ( 'NONE',  ( -1.000000000000000000, -0.0000000000000000000, -0.0000000000000000000 ) ) ;
#3100 = AXIS2_PLACEMENT_3D ( 'NONE', #2286, #3044, #75 ) ;
#3101 = VERTEX_POINT ( 'NONE', #173 ) ;
#3102 = CARTESIAN_POINT ( 'NONE',  ( -0.3500000000000004800, -2.100000000000000100, -1.799999999999999600 ) ) ;
#3103 = VECTOR ( 'NONE', #1646, 1000.000000000000000 ) ;
#3104 = UNCERTAINTY_MEASURE_WITH_UNIT (LENGTH_MEASURE( 1.000000000000000100E-005 ), #541, 'distance_accuracy_value', 'NONE');
#3105 = ORIENTED_EDGE ( 'NONE', *, *, #514, .F. ) ;
#3106 = PLANE ( 'NONE',  #1921 ) ;
#3107 = PLANE ( 'NONE',  #1104 ) ;
#3108 = CARTESIAN_POINT ( 'NONE',  ( 0.0000000000000000000, -2.249999999999999100, -4.050000000000001600 ) ) ;
#3109 = ORIENTED_EDGE ( 'NONE', *, *, #3079, .F. ) ;
#3110 = ORIENTED_EDGE ( 'NONE', *, *, #3137, .T. ) ;
#3111 = CARTESIAN_POINT ( 'NONE',  ( -1.574999999999999700, -0.3499999999999989800, -4.050000000000001600 ) ) ;
#3112 = EDGE_CURVE ( 'NONE', #3076, #1925, #2838, .T. ) ;
#3113 = LINE ( 'NONE', #2561, #2809 ) ;
#3114 = CARTESIAN_POINT ( 'NONE',  ( -0.6999999999999988500, -0.6000000000000005300, -2.600000000000000100 ) ) ;
#3115 = CARTESIAN_POINT ( 'NONE',  ( 0.0000000000000000000, -4.400000000000000400, -4.050000000000002500 ) ) ;
#3116 = ADVANCED_FACE ( 'NONE', ( #172 ), #210, .F. ) ;
#3117 = CARTESIAN_POINT ( 'NONE',  ( 0.0000000000000000000, -0.6500000000000001300, -3.449999999999999700 ) ) ;
#3118 = EDGE_CURVE ( 'NONE', #1174, #2517, #839, .T. ) ;
#3119 = LINE ( 'NONE', #2896, #2419 ) ;
#3120 = ORIENTED_EDGE ( 'NONE', *, *, #3049, .F. ) ;
#3121 = ORIENTED_EDGE ( 'NONE', *, *, #1395, .T. ) ;
#3122 =( NAMED_UNIT ( * ) SI_UNIT ( $, .STERADIAN. ) SOLID_ANGLE_UNIT ( ) );
#3123 = PRESENTATION_STYLE_ASSIGNMENT (( #1777 ) ) ;
#3124 = SURFACE_SIDE_STYLE ('',( #2045 ) ) ;
#3125 = ORIENTED_EDGE ( 'NONE', *, *, #1985, .F. ) ;
#3126 = PRESENTATION_LAYER_ASSIGNMENT (  '', '', ( #314 ) ) ;
#3127 = LINE ( 'NONE', #206, #2128 ) ;
#3128 = CARTESIAN_POINT ( 'NONE',  ( -2.949999999999998800, -1.800000000000000700, -1.800000000000000000 ) ) ;
#3129 = LINE ( 'NONE', #601, #986 ) ;
#3130 = DIRECTION ( 'NONE',  ( 1.000000000000000000, -1.626303258728241900E-015, 0.0000000000000000000 ) ) ;
#3131 = CARTESIAN_POINT ( 'NONE',  ( -3.824999999999998400, -2.100000000000000500, -2.600000000000000100 ) ) ;
#3132 = EDGE_CURVE ( 'NONE', #2955, #917, #1350, .T. ) ;
#3133 = VERTEX_POINT ( 'NONE', #3192 ) ;
#3134 = VECTOR ( 'NONE', #2324, 1000.000000000000000 ) ;
#3135 = ORIENTED_EDGE ( 'NONE', *, *, #1197, .T. ) ;
#3136 = EDGE_CURVE ( 'NONE', #634, #2815, #1583, .T. ) ;
#3137 = EDGE_CURVE ( 'NONE', #2608, #2867, #1780, .T. ) ;
#3138 = VERTEX_POINT ( 'NONE', #235 ) ;
#3139 = FACE_OUTER_BOUND ( 'NONE', #1600, .T. ) ;
#3140 = DIRECTION ( 'NONE',  ( 0.0000000000000000000, 1.000000000000000000, 0.0000000000000000000 ) ) ;
#3141 = VERTEX_POINT ( 'NONE', #322 ) ;
#3142 = VECTOR ( 'NONE', #2863, 1000.000000000000000 ) ;
#3143 = AXIS2_PLACEMENT_3D ( 'NONE', #167, #2430, #2662 ) ;
#3144 = CARTESIAN_POINT ( 'NONE',  ( -5.000000000000000000, -4.400000000000000400, 1.950000000000000000 ) ) ;
#3145 = ORIENTED_EDGE ( 'NONE', *, *, #966, .T. ) ;
#3146 = ORIENTED_EDGE ( 'NONE', *, *, #1025, .T. ) ;
#3147 = CARTESIAN_POINT ( 'NONE',  ( -4.249999999999999100, -4.000000000000000900, 1.950000000000000400 ) ) ;
#3148 = ORIENTED_EDGE ( 'NONE', *, *, #1355, .T. ) ;
#3149 = PRODUCT_RELATED_PRODUCT_CATEGORY ( 'part', '', ( #583 ) ) ;
#3150 = FACE_OUTER_BOUND ( 'NONE', #2293, .T. ) ;
#3151 = ORIENTED_EDGE ( 'NONE', *, *, #407, .T. ) ;
#3152 = CARTESIAN_POINT ( 'NONE',  ( -3.425000000000000300, -1.800000000000000700, -4.050000000000001600 ) ) ;
#3153 = VECTOR ( 'NONE', #862, 1000.000000000000000 ) ;
#3154 = ORIENTED_EDGE ( 'NONE', *, *, #547, .T. ) ;
#3155 = DIRECTION ( 'NONE',  ( 0.0000000000000000000, -5.421010862427521200E-016, 1.000000000000000000 ) ) ;
#3156 = EDGE_LOOP ( 'NONE', ( #1763, #1849, #1616, #692 ) ) ;
#3157 = FILL_AREA_STYLE ('',( #2656 ) ) ;
#3158 = VECTOR ( 'NONE', #2313, 1000.000000000000000 ) ;
#3159 = ORIENTED_EDGE ( 'NONE', *, *, #1229, .T. ) ;
#3160 =( GEOMETRIC_REPRESENTATION_CONTEXT ( 3 ) GLOBAL_UNCERTAINTY_ASSIGNED_CONTEXT ( ( #1020 ) ) GLOBAL_UNIT_ASSIGNED_CONTEXT ( ( #2520, #2053, #2274 ) ) REPRESENTATION_CONTEXT ( 'NONE', 'WORKASPACE' ) );
#3161 = DIRECTION ( 'NONE',  ( 0.0000000000000000000, -0.0000000000000000000, -1.000000000000000000 ) ) ;
#3162 = LINE ( 'NONE', #1719, #2657 ) ;
#3163 = AXIS2_PLACEMENT_3D ( 'NONE', #776, #2535, #1034 ) ;
#3164 = ADVANCED_FACE ( 'NONE', ( #323 ), #1463, .T. ) ;
#3165 = SURFACE_SIDE_STYLE ('',( #2689 ) ) ;
#3166 = LINE ( 'NONE', #1289, #2590 ) ;
#3167 = DIRECTION ( 'NONE',  ( 0.0000000000000000000, 0.7071067811865440200, -0.7071067811865511300 ) ) ;
#3168 = EDGE_CURVE ( 'NONE', #875, #2037, #2672, .T. ) ;
#3169 = LINE ( 'NONE', #2147, #469 ) ;
#3170 = CARTESIAN_POINT ( 'NONE',  ( -1.600000000000000100, -4.400000000000000400, -3.750000000000000900 ) ) ;
#3171 = EDGE_LOOP ( 'NONE', ( #3062, #460, #249, #3047 ) ) ;
#3172 = PLANE ( 'NONE',  #3143 ) ;
#3173 = ORIENTED_EDGE ( 'NONE', *, *, #2435, .T. ) ;
#3174 = CARTESIAN_POINT ( 'NONE',  ( -0.5000000000000000000, -2.450000000000000200, 1.950000000000000400 ) ) ;
#3175 = COLOUR_RGB ( '',0.7529411764705882200, 0.7529411764705882200, 0.7529411764705882200 ) ;
#3176 = AXIS2_PLACEMENT_3D ( 'NONE', #1323, #2822, #841 ) ;
#3177 =( LENGTH_UNIT ( ) NAMED_UNIT ( * ) SI_UNIT ( .MILLI., .METRE. ) );
#3178 = ORIENTED_EDGE ( 'NONE', *, *, #1620, .F. ) ;
#3179 =( NAMED_UNIT ( * ) PLANE_ANGLE_UNIT ( ) SI_UNIT ( $, .RADIAN. ) );
#3180 = ADVANCED_FACE ( 'NONE', ( #1188 ), #523, .F. ) ;
#3181 = VERTEX_POINT ( 'NONE', #2546 ) ;
#3182 = VERTEX_POINT ( 'NONE', #2796 ) ;
#3183 =( GEOMETRIC_REPRESENTATION_CONTEXT ( 3 ) GLOBAL_UNCERTAINTY_ASSIGNED_CONTEXT ( ( #777 ) ) GLOBAL_UNIT_ASSIGNED_CONTEXT ( ( #3177, #1691, #947 ) ) REPRESENTATION_CONTEXT ( 'NONE', 'WORKASPACE' ) );
#3184 = ORIENTED_EDGE ( 'NONE', *, *, #1108, .F. ) ;
#3185 = FILL_AREA_STYLE_COLOUR ( '', #1048 ) ;
#3186 = LINE ( 'NONE', #1989, #2771 ) ;
#3187 = VERTEX_POINT ( 'NONE', #1292 ) ;
#3188 = VERTEX_POINT ( 'NONE', #554 ) ;
#3189 = CARTESIAN_POINT ( 'NONE',  ( -1.600000000000000100, -4.200000000000002800, -4.850000000000002300 ) ) ;
#3190 = DIRECTION ( 'NONE',  ( 3.262076464070523000E-031, -3.854941057726238100E-016, -1.000000000000000000 ) ) ;
#3191 = VERTEX_POINT ( 'NONE', #21 ) ;
#3192 = CARTESIAN_POINT ( 'NONE',  ( -2.850000000000000100, -3.150000000000000400, 1.950000000000000400 ) ) ;
#3193 = ORIENTED_EDGE ( 'NONE', *, *, #2043, .F. ) ;
#3194 = DIRECTION ( 'NONE',  ( 1.000000000000000000, -0.0000000000000000000, 0.0000000000000000000 ) ) ;
#3195 = EDGE_CURVE ( 'NONE', #1525, #785, #2100, .T. ) ;
#3196 = ADVANCED_FACE ( 'NONE', ( #1456, #2793 ), #2808, .T. ) ;
#3197 = VECTOR ( 'NONE', #3000, 1000.000000000000000 ) ;
#3198 = PLANE ( 'NONE',  #2959 ) ;
#3199 = MANIFOLD_SOLID_BREP ( '∂Øƒ - âüÇµèoÇµ28', #616 ) ;
#3200 = LINE ( 'NONE', #1787, #821 ) ;
#3201 = AXIS2_PLACEMENT_3D ( 'NONE', #3144, #2172, #3161 ) ;
#3202 = LINE ( 'NONE', #183, #713 ) ;
#3203 = DIRECTION ( 'NONE',  ( -1.000000000000000000, -1.239088197126291100E-016, 0.0000000000000000000 ) ) ;
#3204 = SURFACE_STYLE_FILL_AREA ( #1760 ) ;
#3205 = DIRECTION ( 'NONE',  ( -1.000000000000000000, -8.462065736472233800E-016, 0.0000000000000000000 ) ) ;
#3206 = VERTEX_POINT ( 'NONE', #1820 ) ;
#3207 = LINE ( 'NONE', #1520, #2824 ) ;
#3208 = EDGE_CURVE ( 'NONE', #989, #578, #1114, .T. ) ;
#3209 = ORIENTED_EDGE ( 'NONE', *, *, #3136, .F. ) ;
#3210 = ADVANCED_FACE ( 'NONE', ( #754 ), #273, .F. ) ;
#3211 = VERTEX_POINT ( 'NONE', #66 ) ;
#3212 = COLOUR_RGB ( '',0.7529411764705882200, 0.7529411764705882200, 0.7529411764705882200 ) ;
#3213 = CARTESIAN_POINT ( 'NONE',  ( -1.574999999999999300, -1.800000000000000700, -0.04999999999999969700 ) ) ;
#3214 = VERTEX_POINT ( 'NONE', #286 ) ;
#3215 = DIRECTION ( 'NONE',  ( 1.000000000000000000, 0.0000000000000000000, 0.0000000000000000000 ) ) ;
#3216 = DIRECTION ( 'NONE',  ( 1.000000000000000000, 9.637352644315588800E-016, 1.756107340164013700E-031 ) ) ;
#3217 = CARTESIAN_POINT ( 'NONE',  ( -4.299999999999998000, -1.300000000000000500, -1.799999999999999600 ) ) ;
#3218 = EDGE_LOOP ( 'NONE', ( #461, #2176, #1575, #37, #2186, #1185, #445, #1864, #1837, #106, #751, #727, #834, #2153, #2874, #1161 ) ) ;
#3219 = EDGE_CURVE ( 'NONE', #436, #2945, #429, .T. ) ;
#3220 = EDGE_CURVE ( 'NONE', #1052, #1132, #1072, .T. ) ;
#3221 = ORIENTED_EDGE ( 'NONE', *, *, #1938, .F. ) ;
#3222 = FILL_AREA_STYLE_COLOUR ( '', #2636 ) ;
ENDSEC;
END-ISO-10303-21;
