ISO-10303-21;
HEADER;
FILE_DESCRIPTION (( 'STEP AP214' ),
    '1' );
FILE_NAME ('SM08B-NSHSS.STEP',
    '2019-05-16T02:17:54',
    ( '' ),
    ( '' ),
    'SwSTEP 2.0',
    'SolidWorks 2017',
    '' );
FILE_SCHEMA (( 'AUTOMOTIVE_DESIGN' ));
ENDSEC;

DATA;
#1 = PRESENTATION_LAYER_ASSIGNMENT (  '', '', ( #94 ) ) ;
#2 = DIRECTION ( 'NONE',  ( 1.461845625823152300E-016, -1.000000000000000000, 0.0000000000000000000 ) ) ;
#3 = CARTESIAN_POINT ( 'NONE',  ( -3.600000000000001000, -4.500000000000001800, -4.850000000000002300 ) ) ;
#4 = SURFACE_STYLE_USAGE ( .BOTH. , #1826 ) ;
#5 = CARTESIAN_POINT ( 'NONE',  ( -9.499999999999998200, -2.250000000000003600, -4.049999999999999800 ) ) ;
#6 = CARTESIAN_POINT ( 'NONE',  ( -4.400000000000000400, -3.449999999999998800, -3.950000000000002000 ) ) ;
#7 = EDGE_CURVE ( 'NONE', #526, #4112, #2482, .T. ) ;
#8 = LINE ( 'NONE', #4038, #4355 ) ;
#9 = FILL_AREA_STYLE_COLOUR ( '', #2679 ) ;
#10 = CARTESIAN_POINT ( 'NONE',  ( -3.400000000000000800, -4.400000000000000400, -3.750000000000002200 ) ) ;
#11 = SURFACE_STYLE_FILL_AREA ( #1745 ) ;
#12 =( NAMED_UNIT ( * ) SI_UNIT ( $, .STERADIAN. ) SOLID_ANGLE_UNIT ( ) );
#13 = EDGE_CURVE ( 'NONE', #805, #2443, #4434, .T. ) ;
#14 = DIRECTION ( 'NONE',  ( 0.0000000000000000000, 0.0000000000000000000, 1.000000000000000000 ) ) ;
#15 = STYLED_ITEM ( 'NONE', ( #1285 ), #2031 ) ;
#16 = VECTOR ( 'NONE', #1200, 1000.000000000000000 ) ;
#17 =( NAMED_UNIT ( * ) PLANE_ANGLE_UNIT ( ) SI_UNIT ( $, .RADIAN. ) );
#18 = CARTESIAN_POINT ( 'NONE',  ( -4.599999999999999600, -4.500000000000002700, -3.850000000000002800 ) ) ;
#19 = LINE ( 'NONE', #4361, #1286 ) ;
#20 = FACE_OUTER_BOUND ( 'NONE', #3552, .T. ) ;
#21 = CARTESIAN_POINT ( 'NONE',  ( -0.5000000000000000000, -0.6500000000000001300, -2.149999999999999900 ) ) ;
#22 = CARTESIAN_POINT ( 'NONE',  ( -0.2999999999999989300, -2.100000000000000100, -1.799999999999999600 ) ) ;
#23 = ADVANCED_FACE ( 'NONE', ( #1293 ), #110, .T. ) ;
#24 = VECTOR ( 'NONE', #3069, 1000.000000000000000 ) ;
#25 = FACE_OUTER_BOUND ( 'NONE', #2652, .T. ) ;
#26 = ORIENTED_EDGE ( 'NONE', *, *, #780, .F. ) ;
#27 = DIRECTION ( 'NONE',  ( -1.000000000000000000, 0.0000000000000000000, 0.0000000000000000000 ) ) ;
#28 = ORIENTED_EDGE ( 'NONE', *, *, #200, .F. ) ;
#29 = ORIENTED_EDGE ( 'NONE', *, *, #4603, .F. ) ;
#30 = ORIENTED_EDGE ( 'NONE', *, *, #1024, .T. ) ;
#31 = DIRECTION ( 'NONE',  ( 1.000000000000000000, 1.461845625823152300E-016, 0.0000000000000000000 ) ) ;
#32 = DIRECTION ( 'NONE',  ( -1.000000000000000000, 0.0000000000000000000, 0.0000000000000000000 ) ) ;
#33 = ORIENTED_EDGE ( 'NONE', *, *, #4656, .F. ) ;
#34 = EDGE_CURVE ( 'NONE', #4517, #862, #1069, .T. ) ;
#35 = SURFACE_STYLE_USAGE ( .BOTH. , #2249 ) ;
#36 = ORIENTED_EDGE ( 'NONE', *, *, #1218, .T. ) ;
#37 = STYLED_ITEM ( 'NONE', ( #1687 ), #4580 ) ;
#38 = LINE ( 'NONE', #2146, #148 ) ;
#39 = PLANE ( 'NONE',  #1872 ) ;
#40 = ORIENTED_EDGE ( 'NONE', *, *, #1896, .T. ) ;
#41 = EDGE_CURVE ( 'NONE', #622, #2937, #194, .T. ) ;
#42 = VECTOR ( 'NONE', #645, 1000.000000000000000 ) ;
#43 = DIRECTION ( 'NONE',  ( 0.0000000000000000000, 0.0000000000000000000, 1.000000000000000000 ) ) ;
#44 = UNCERTAINTY_MEASURE_WITH_UNIT (LENGTH_MEASURE( 1.000000000000000100E-005 ), #1717, 'distance_accuracy_value', 'NONE');
#45 = ORIENTED_EDGE ( 'NONE', *, *, #1429, .F. ) ;
#46 = VECTOR ( 'NONE', #3984, 1000.000000000000000 ) ;
#47 = ADVANCED_FACE ( 'NONE', ( #1345 ), #492, .F. ) ;
#48 = CARTESIAN_POINT ( 'NONE',  ( -4.599999999999999600, -3.449999999999998800, -4.050000000000002500 ) ) ;
#49 = VECTOR ( 'NONE', #253, 1000.000000000000000 ) ;
#50 = PRESENTATION_LAYER_ASSIGNMENT (  '', '', ( #2528 ) ) ;
#51 = VERTEX_POINT ( 'NONE', #4128 ) ;
#52 = ORIENTED_EDGE ( 'NONE', *, *, #1077, .T. ) ;
#53 = CARTESIAN_POINT ( 'NONE',  ( -10.00000000000000000, -0.6500000000000044600, -2.149999999999999900 ) ) ;
#54 = VECTOR ( 'NONE', #4116, 1000.000000000000000 ) ;
#55 = CARTESIAN_POINT ( 'NONE',  ( -3.749999999999999600, -1.349999999999999000, -1.800000000000000000 ) ) ;
#56 = CARTESIAN_POINT ( 'NONE',  ( -1.174999999999999600, -0.6000000000000009800, -4.173411897755954700 ) ) ;
#57 = CARTESIAN_POINT ( 'NONE',  ( -7.224999999999999600, -1.950000000000000800, -4.050000000000001600 ) ) ;
#58 = FACE_OUTER_BOUND ( 'NONE', #3164, .T. ) ;
#59 = LINE ( 'NONE', #2612, #3581 ) ;
#60 = EDGE_LOOP ( 'NONE', ( #2565, #2611, #4558, #1164, #3678, #411 ) ) ;
#61 = VERTEX_POINT ( 'NONE', #477 ) ;
#62 = VECTOR ( 'NONE', #1053, 1000.000000000000000 ) ;
#63 = ORIENTED_EDGE ( 'NONE', *, *, #2207, .T. ) ;
#64 = PRESENTATION_STYLE_ASSIGNMENT (( #3415 ) ) ;
#65 = AXIS2_PLACEMENT_3D ( 'NONE', #1427, #3549, #1785 ) ;
#66 = CARTESIAN_POINT ( 'NONE',  ( -0.6999999999999998400, -2.100000000000000100, -2.600000000000000100 ) ) ;
#67 = LINE ( 'NONE', #99, #1332 ) ;
#68 = MECHANICAL_DESIGN_GEOMETRIC_PRESENTATION_REPRESENTATION (  '', ( #573 ), #814 ) ;
#69 = CARTESIAN_POINT ( 'NONE',  ( -1.174999999999999600, -0.6000000000000009800, -2.600000000000000100 ) ) ;
#70 = EDGE_CURVE ( 'NONE', #2622, #2405, #4015, .T. ) ;
#71 = CARTESIAN_POINT ( 'NONE',  ( -0.5000000000000000000, -2.450000000000000600, 1.300000000000000300 ) ) ;
#72 = ADVANCED_FACE ( 'NONE', ( #3155 ), #1972, .F. ) ;
#73 = PRESENTATION_LAYER_ASSIGNMENT (  '', '', ( #4327 ) ) ;
#74 = PRESENTATION_STYLE_ASSIGNMENT (( #3776 ) ) ;
#75 = SURFACE_STYLE_USAGE ( .BOTH. , #4502 ) ;
#76 = DIRECTION ( 'NONE',  ( -1.000000000000000000, 0.0000000000000000000, -0.0000000000000000000 ) ) ;
#77 = AXIS2_PLACEMENT_3D ( 'NONE', #56, #2274, #406 ) ;
#78 = DIRECTION ( 'NONE',  ( 0.0000000000000000000, -1.000000000000000000, 0.0000000000000000000 ) ) ;
#79 = FACE_OUTER_BOUND ( 'NONE', #4115, .T. ) ;
#80 =( NAMED_UNIT ( * ) PLANE_ANGLE_UNIT ( ) SI_UNIT ( $, .RADIAN. ) );
#81 = PLANE ( 'NONE',  #1519 ) ;
#82 = VECTOR ( 'NONE', #3812, 1000.000000000000000 ) ;
#83 = SURFACE_STYLE_FILL_AREA ( #523 ) ;
#84 = LINE ( 'NONE', #2771, #318 ) ;
#85 = DIRECTION ( 'NONE',  ( 0.0000000000000000000, 0.0000000000000000000, -1.000000000000000000 ) ) ;
#86 = CARTESIAN_POINT ( 'NONE',  ( -5.400000000000000400, -4.400000000000000400, -4.050000000000002500 ) ) ;
#87 = ORIENTED_EDGE ( 'NONE', *, *, #4574, .T. ) ;
#88 = VECTOR ( 'NONE', #721, 1000.000000000000000 ) ;
#89 = ORIENTED_EDGE ( 'NONE', *, *, #1124, .F. ) ;
#90 = VERTEX_POINT ( 'NONE', #2665 ) ;
#91 = ORIENTED_EDGE ( 'NONE', *, *, #1563, .F. ) ;
#92 = FILL_AREA_STYLE_COLOUR ( '', #4547 ) ;
#93 = FILL_AREA_STYLE_COLOUR ( '', #1127 ) ;
#94 = STYLED_ITEM ( 'NONE', ( #415 ), #3770 ) ;
#95 = EDGE_CURVE ( 'NONE', #2244, #621, #248, .T. ) ;
#96 = ORIENTED_EDGE ( 'NONE', *, *, #200, .T. ) ;
#97 = ADVANCED_FACE ( 'NONE', ( #4489 ), #506, .F. ) ;
#98 = ORIENTED_EDGE ( 'NONE', *, *, #1921, .T. ) ;
#99 = CARTESIAN_POINT ( 'NONE',  ( -8.400000000000000400, -4.200000000000003700, -3.950000000000002000 ) ) ;
#100 = EDGE_CURVE ( 'NONE', #734, #1880, #3727, .T. ) ;
#101 = ORIENTED_EDGE ( 'NONE', *, *, #448, .F. ) ;
#102 = LINE ( 'NONE', #1365, #4046 ) ;
#103 = ORIENTED_EDGE ( 'NONE', *, *, #688, .F. ) ;
#104 = MECHANICAL_DESIGN_GEOMETRIC_PRESENTATION_REPRESENTATION (  '', ( #4360 ), #520 ) ;
#105 = DIRECTION ( 'NONE',  ( 0.0000000000000000000, -1.000000000000000000, 0.0000000000000000000 ) ) ;
#106 =( GEOMETRIC_REPRESENTATION_CONTEXT ( 3 ) GLOBAL_UNCERTAINTY_ASSIGNED_CONTEXT ( ( #4017 ) ) GLOBAL_UNIT_ASSIGNED_CONTEXT ( ( #1903, #3627, #4441 ) ) REPRESENTATION_CONTEXT ( 'NONE', 'WORKASPACE' ) );
#107 = CLOSED_SHELL ( 'NONE', ( #3673, #3723, #163, #2963, #1866, #4508, #4466, #72, #3081, #2355, #1511, #4121, #1684, #4602, #2295, #3027, #795, #4016, #4191, #2224, #769, #754, #140, #3379, #3751, #1259, #97, #3273, #518, #2397, #1208, #445, #4098, #1467, #1609, #3337, #121, #3630, #2668, #3819, #2919, #4167, #1984, #2762, #1940, #4751, #1120, #3360, #1966, #2647, #1558, #848, #2008, #3794, #2944, #2589, #822, #23, #2690, #3051, #1886, #2269, #871, #1841, #398, #3099, #1231, #3448, #47, #892, #427, #2741, #2334, #561, #2373, #4394, #1581, #4045, #1491, #3845, #3770, #1322, #1169, #4142, #3658, #4553, #3319, #4487, #1146, #1631, #4437, #2630, #2982, #3404, #1532, #946, #4580, #3002, #587, #213, #1183, #3700, #2031, #4220, #376, #539, #4533, #4414, #3300, #2254, #1916, #471, #919, #4067, #2711, #3426, #3132, #1278, #2610, #2571 ) ) ;
#108 = DIRECTION ( 'NONE',  ( -0.0000000000000000000, -0.0000000000000000000, 1.000000000000000000 ) ) ;
#109 = LINE ( 'NONE', #4618, #2779 ) ;
#110 = PLANE ( 'NONE',  #3608 ) ;
#111 = PRODUCT_CONTEXT ( 'NONE', #1206, 'mechanical' ) ;
#112 =( NAMED_UNIT ( * ) SI_UNIT ( $, .STERADIAN. ) SOLID_ANGLE_UNIT ( ) );
#113 =( GEOMETRIC_REPRESENTATION_CONTEXT ( 3 ) GLOBAL_UNCERTAINTY_ASSIGNED_CONTEXT ( ( #1911 ) ) GLOBAL_UNIT_ASSIGNED_CONTEXT ( ( #3774, #483, #2685 ) ) REPRESENTATION_CONTEXT ( 'NONE', 'WORKASPACE' ) );
#114 = ORIENTED_EDGE ( 'NONE', *, *, #2110, .T. ) ;
#115 = COLOUR_RGB ( '',0.7529411764705882200, 0.7529411764705882200, 0.7529411764705882200 ) ;
#116 = LINE ( 'NONE', #291, #3141 ) ;
#117 = CARTESIAN_POINT ( 'NONE',  ( -1.174999999999999600, -1.950000000000000800, -7.701470446914109800 ) ) ;
#118 = CARTESIAN_POINT ( 'NONE',  ( -9.700000000000002800, -2.100000000000000100, 1.950000000000000400 ) ) ;
#119 = ORIENTED_EDGE ( 'NONE', *, *, #1606, .T. ) ;
#120 = CARTESIAN_POINT ( 'NONE',  ( -7.400000000000000400, -4.200000000000002800, -3.950000000000002000 ) ) ;
#121 = ADVANCED_FACE ( 'NONE', ( #4013 ), #1268, .T. ) ;
#122 =( NAMED_UNIT ( * ) PLANE_ANGLE_UNIT ( ) SI_UNIT ( $, .RADIAN. ) );
#123 = LINE ( 'NONE', #1874, #3024 ) ;
#124 = DIRECTION ( 'NONE',  ( 0.0000000000000000000, -5.981805089575194200E-016, 1.000000000000000000 ) ) ;
#125 = EDGE_CURVE ( 'NONE', #4311, #2766, #1178, .T. ) ;
#126 = EDGE_CURVE ( 'NONE', #4104, #2168, #886, .T. ) ;
#127 =( GEOMETRIC_REPRESENTATION_CONTEXT ( 3 ) GLOBAL_UNCERTAINTY_ASSIGNED_CONTEXT ( ( #3083 ) ) GLOBAL_UNIT_ASSIGNED_CONTEXT ( ( #763, #3697, #4420 ) ) REPRESENTATION_CONTEXT ( 'NONE', 'WORKASPACE' ) );
#128 = UNCERTAINTY_MEASURE_WITH_UNIT (LENGTH_MEASURE( 1.000000000000000100E-005 ), #2049, 'distance_accuracy_value', 'NONE');
#129 = VECTOR ( 'NONE', #467, 1000.000000000000000 ) ;
#130 = EDGE_CURVE ( 'NONE', #4569, #4112, #3040, .T. ) ;
#131 = CARTESIAN_POINT ( 'NONE',  ( -0.6999999999999998400, -1.300000000000000500, 1.950000000000000400 ) ) ;
#132 = PLANE ( 'NONE',  #4072 ) ;
#133 = MECHANICAL_DESIGN_GEOMETRIC_PRESENTATION_REPRESENTATION (  '', ( #2145 ), #638 ) ;
#134 = VECTOR ( 'NONE', #630, 1000.000000000000000 ) ;
#135 = CARTESIAN_POINT ( 'NONE',  ( -3.749999999999999600, -1.349999999999999200, -0.6099999999999998800 ) ) ;
#136 = CARTESIAN_POINT ( 'NONE',  ( -2.774999999999999500, -1.950000000000000800, -0.04999999999999969700 ) ) ;
#137 = LINE ( 'NONE', #881, #2099 ) ;
#138 = AXIS2_PLACEMENT_3D ( 'NONE', #4188, #227, #544 ) ;
#139 = LINE ( 'NONE', #468, #3783 ) ;
#140 = ADVANCED_FACE ( 'NONE', ( #20 ), #2039, .F. ) ;
#141 = SURFACE_STYLE_USAGE ( .BOTH. , #3021 ) ;
#142 = DIRECTION ( 'NONE',  ( 0.0000000000000000000, 0.0000000000000000000, -1.000000000000000000 ) ) ;
#143 = ORIENTED_EDGE ( 'NONE', *, *, #2027, .T. ) ;
#144 = CARTESIAN_POINT ( 'NONE',  ( 0.0000000000000000000, -0.6500000000000001300, -2.149999999999999900 ) ) ;
#145 = DIRECTION ( 'NONE',  ( 0.0000000000000000000, 0.0000000000000000000, 1.000000000000000000 ) ) ;
#146 = EDGE_LOOP ( 'NONE', ( #159, #1101, #680, #3058 ) ) ;
#147 = ORIENTED_EDGE ( 'NONE', *, *, #4274, .T. ) ;
#148 = VECTOR ( 'NONE', #2179, 1000.000000000000000 ) ;
#149 = DIRECTION ( 'NONE',  ( 0.0000000000000000000, -1.000000000000000000, 1.057758217059030800E-016 ) ) ;
#150 = FILL_AREA_STYLE ('',( #935 ) ) ;
#151 = ORIENTED_EDGE ( 'NONE', *, *, #1799, .F. ) ;
#152 = CARTESIAN_POINT ( 'NONE',  ( -6.599999999999999600, -4.400000000000000400, -4.050000000000002500 ) ) ;
#153 = ORIENTED_EDGE ( 'NONE', *, *, #601, .F. ) ;
#154 =( GEOMETRIC_REPRESENTATION_CONTEXT ( 3 ) GLOBAL_UNCERTAINTY_ASSIGNED_CONTEXT ( ( #1147 ) ) GLOBAL_UNIT_ASSIGNED_CONTEXT ( ( #241, #3834, #4263 ) ) REPRESENTATION_CONTEXT ( 'NONE', 'WORKASPACE' ) );
#155 = LINE ( 'NONE', #4334, #3121 ) ;
#156 = EDGE_CURVE ( 'NONE', #3036, #675, #3780, .T. ) ;
#157 = STYLED_ITEM ( 'NONE', ( #2386 ), #3099 ) ;
#158 = LINE ( 'NONE', #4612, #1030 ) ;
#159 = ORIENTED_EDGE ( 'NONE', *, *, #3935, .T. ) ;
#160 = CARTESIAN_POINT ( 'NONE',  ( -6.599999999999999600, -4.200000000000002800, -4.850000000000002300 ) ) ;
#161 = ORIENTED_EDGE ( 'NONE', *, *, #351, .T. ) ;
#162 = SURFACE_SIDE_STYLE ('',( #1102 ) ) ;
#163 = ADVANCED_FACE ( 'NONE', ( #3843, #1738 ), #4551, .T. ) ;
#164 = CARTESIAN_POINT ( 'NONE',  ( -10.00000000000000000, -4.400000000000000400, 1.950000000000000000 ) ) ;
#165 = LINE ( 'NONE', #522, #282 ) ;
#166 = FACE_OUTER_BOUND ( 'NONE', #3282, .T. ) ;
#167 = MECHANICAL_DESIGN_GEOMETRIC_PRESENTATION_REPRESENTATION (  '', ( #15 ), #1644 ) ;
#168 = CARTESIAN_POINT ( 'NONE',  ( -9.300000000000000700, -1.300000000000000500, -1.799999999999999600 ) ) ;
#169 = VERTEX_POINT ( 'NONE', #537 ) ;
#170 = SURFACE_STYLE_USAGE ( .BOTH. , #1315 ) ;
#171 = LINE ( 'NONE', #1317, #3310 ) ;
#172 = ORIENTED_EDGE ( 'NONE', *, *, #4011, .F. ) ;
#173 = VERTEX_POINT ( 'NONE', #3136 ) ;
#174 = CARTESIAN_POINT ( 'NONE',  ( -0.7499999999999997800, -3.649999999999999900, 1.950000000000000400 ) ) ;
#175 = LINE ( 'NONE', #1290, #430 ) ;
#176 = EDGE_CURVE ( 'NONE', #2136, #4208, #4136, .T. ) ;
#177 = FILL_AREA_STYLE_COLOUR ( '', #3838 ) ;
#178 = CARTESIAN_POINT ( 'NONE',  ( -8.600000000000001400, -4.500000000000003600, -4.850000000000002300 ) ) ;
#179 = VECTOR ( 'NONE', #2644, 1000.000000000000000 ) ;
#180 = EDGE_CURVE ( 'NONE', #2876, #1716, #1457, .T. ) ;
#181 = DIRECTION ( 'NONE',  ( 5.102127870520020600E-017, -1.000000000000000000, 0.0000000000000000000 ) ) ;
#182 = UNCERTAINTY_MEASURE_WITH_UNIT (LENGTH_MEASURE( 1.000000000000000100E-005 ), #690, 'distance_accuracy_value', 'NONE');
#183 = VECTOR ( 'NONE', #3811, 1000.000000000000000 ) ;
#184 = LINE ( 'NONE', #3297, #4308 ) ;
#185 = CARTESIAN_POINT ( 'NONE',  ( -3.400000000000000800, -4.200000000000001100, -4.850000000000002300 ) ) ;
#186 = VECTOR ( 'NONE', #1734, 1000.000000000000000 ) ;
#187 = CARTESIAN_POINT ( 'NONE',  ( -2.600000000000000500, -4.500000000000001800, -4.850000000000002300 ) ) ;
#188 = ORIENTED_EDGE ( 'NONE', *, *, #3953, .F. ) ;
#189 = EDGE_CURVE ( 'NONE', #4349, #3381, #2158, .T. ) ;
#190 = LINE ( 'NONE', #4227, #1291 ) ;
#191 = PRESENTATION_STYLE_ASSIGNMENT (( #170 ) ) ;
#192 = MECHANICAL_DESIGN_GEOMETRIC_PRESENTATION_REPRESENTATION (  '', ( #1426 ), #1932 ) ;
#193 = PLANE ( 'NONE',  #2994 ) ;
#194 = LINE ( 'NONE', #3393, #382 ) ;
#195 = EDGE_CURVE ( 'NONE', #2514, #2440, #1234, .T. ) ;
#196 = CARTESIAN_POINT ( 'NONE',  ( -9.499999999999996400, -3.750000000000004400, -0.2999999999999999300 ) ) ;
#197 = LINE ( 'NONE', #3394, #3156 ) ;
#198 = FACE_OUTER_BOUND ( 'NONE', #3800, .T. ) ;
#199 = ORIENTED_EDGE ( 'NONE', *, *, #3437, .T. ) ;
#200 = EDGE_CURVE ( 'NONE', #1198, #1888, #2805, .T. ) ;
#201 = DIRECTION ( 'NONE',  ( -1.000000000000000000, 0.0000000000000000000, 0.0000000000000000000 ) ) ;
#202 = MECHANICAL_DESIGN_GEOMETRIC_PRESENTATION_REPRESENTATION (  '', ( #1435 ), #4023 ) ;
#203 = ORIENTED_EDGE ( 'NONE', *, *, #1280, .T. ) ;
#204 = ORIENTED_EDGE ( 'NONE', *, *, #1504, .F. ) ;
#205 = VERTEX_POINT ( 'NONE', #1996 ) ;
#206 = EDGE_LOOP ( 'NONE', ( #1698, #2706, #1193, #2400 ) ) ;
#207 = ORIENTED_EDGE ( 'NONE', *, *, #1038, .T. ) ;
#208 = VERTEX_POINT ( 'NONE', #4565 ) ;
#209 = DIRECTION ( 'NONE',  ( 0.0000000000000000000, 0.7071067811865490200, 0.7071067811865460200 ) ) ;
#210 = DIRECTION ( 'NONE',  ( 0.0000000000000000000, 0.0000000000000000000, -1.000000000000000000 ) ) ;
#211 = LINE ( 'NONE', #1807, #3863 ) ;
#212 = FILL_AREA_STYLE ('',( #229 ) ) ;
#213 = ADVANCED_FACE ( 'NONE', ( #830 ), #3117, .T. ) ;
#214 = CARTESIAN_POINT ( 'NONE',  ( -5.400000000000000400, -4.500000000000002700, -3.850000000000002800 ) ) ;
#215 = VERTEX_POINT ( 'NONE', #4536 ) ;
#216 = DIRECTION ( 'NONE',  ( -0.0000000000000000000, -0.0000000000000000000, 1.000000000000000000 ) ) ;
#217 = CARTESIAN_POINT ( 'NONE',  ( -9.999999999999996400, -3.750000000000004900, -0.2999999999999999300 ) ) ;
#218 = AXIS2_PLACEMENT_3D ( 'NONE', #1143, #2252, #3291 ) ;
#219 = LINE ( 'NONE', #1391, #2394 ) ;
#220 = VERTEX_POINT ( 'NONE', #2815 ) ;
#221 =( LENGTH_UNIT ( ) NAMED_UNIT ( * ) SI_UNIT ( .MILLI., .METRE. ) );
#222 = CARTESIAN_POINT ( 'NONE',  ( 0.0000000000000000000, -4.400000000000000400, -4.050000000000002500 ) ) ;
#223 = MECHANICAL_DESIGN_GEOMETRIC_PRESENTATION_REPRESENTATION (  '', ( #2721 ), #1676 ) ;
#224 = EDGE_CURVE ( 'NONE', #1665, #2396, #3483, .T. ) ;
#225 = SURFACE_STYLE_FILL_AREA ( #1473 ) ;
#226 = AXIS2_PLACEMENT_3D ( 'NONE', #3878, #3508, #2088 ) ;
#227 = DIRECTION ( 'NONE',  ( 1.000000000000000000, -0.0000000000000000000, 0.0000000000000000000 ) ) ;
#228 = ORIENTED_EDGE ( 'NONE', *, *, #1088, .F. ) ;
#229 = FILL_AREA_STYLE_COLOUR ( '', #2399 ) ;
#230 = CARTESIAN_POINT ( 'NONE',  ( -7.599999999999999600, -4.500000000000003600, -3.850000000000002800 ) ) ;
#231 = ORIENTED_EDGE ( 'NONE', *, *, #4461, .T. ) ;
#232 = VECTOR ( 'NONE', #978, 1000.000000000000000 ) ;
#233 = AXIS2_PLACEMENT_3D ( 'NONE', #3893, #2436, #4264 ) ;
#234 = ORIENTED_EDGE ( 'NONE', *, *, #441, .T. ) ;
#235 = PLANE ( 'NONE',  #656 ) ;
#236 = DIRECTION ( 'NONE',  ( 1.000000000000000000, -0.0000000000000000000, -0.0000000000000000000 ) ) ;
#237 = SURFACE_STYLE_FILL_AREA ( #1495 ) ;
#238 = CARTESIAN_POINT ( 'NONE',  ( -4.599999999999999600, -4.400000000000000400, -4.050000000000002500 ) ) ;
#239 = AXIS2_PLACEMENT_3D ( 'NONE', #1669, #181, #1614 ) ;
#240 = DIRECTION ( 'NONE',  ( -1.000000000000000000, 0.0000000000000000000, 0.0000000000000000000 ) ) ;
#241 =( LENGTH_UNIT ( ) NAMED_UNIT ( * ) SI_UNIT ( .MILLI., .METRE. ) );
#242 = CARTESIAN_POINT ( 'NONE',  ( -4.400000000000000400, -4.400000000000000400, -3.950000000000002000 ) ) ;
#243 = EDGE_CURVE ( 'NONE', #1342, #1607, #1344, .T. ) ;
#244 = CARTESIAN_POINT ( 'NONE',  ( -6.599999999999999600, -4.400000000000000400, -3.950000000000002000 ) ) ;
#245 = LINE ( 'NONE', #853, #2860 ) ;
#246 = VECTOR ( 'NONE', #2694, 1000.000000000000000 ) ;
#247 = EDGE_CURVE ( 'NONE', #2003, #4578, #3897, .T. ) ;
#248 = LINE ( 'NONE', #832, #3041 ) ;
#249 = LINE ( 'NONE', #990, #3484 ) ;
#250 = VECTOR ( 'NONE', #1245, 1000.000000000000000 ) ;
#251 = EDGE_CURVE ( 'NONE', #4260, #1204, #1931, .T. ) ;
#252 =( GEOMETRIC_REPRESENTATION_CONTEXT ( 3 ) GLOBAL_UNCERTAINTY_ASSIGNED_CONTEXT ( ( #4735 ) ) GLOBAL_UNIT_ASSIGNED_CONTEXT ( ( #1416, #4657, #3587 ) ) REPRESENTATION_CONTEXT ( 'NONE', 'WORKASPACE' ) );
#253 = DIRECTION ( 'NONE',  ( 0.0000000000000000000, 0.0000000000000000000, 1.000000000000000000 ) ) ;
#254 = CARTESIAN_POINT ( 'NONE',  ( -8.825000000000001100, -0.6000000000000009800, -2.600000000000000100 ) ) ;
#255 = ORIENTED_EDGE ( 'NONE', *, *, #125, .T. ) ;
#256 = ORIENTED_EDGE ( 'NONE', *, *, #514, .T. ) ;
#257 = ORIENTED_EDGE ( 'NONE', *, *, #610, .T. ) ;
#258 = CARTESIAN_POINT ( 'NONE',  ( -7.599999999999999600, -4.500000000000003600, -3.850000000000002800 ) ) ;
#259 = CARTESIAN_POINT ( 'NONE',  ( -1.600000000000000500, -4.500000000000000900, -4.850000000000002300 ) ) ;
#260 = ORIENTED_EDGE ( 'NONE', *, *, #1192, .T. ) ;
#261 = CARTESIAN_POINT ( 'NONE',  ( -2.600000000000000500, -4.400000000000000400, -3.950000000000002000 ) ) ;
#262 = ORIENTED_EDGE ( 'NONE', *, *, #1635, .T. ) ;
#263 = EDGE_LOOP ( 'NONE', ( #2177, #3869, #2720, #3344, #4554, #4747, #1721, #1723, #1585, #3187, #446, #2970, #1494, #1080, #2573, #3743, #2770, #1641, #781, #4269, #579, #965, #2517, #1016, #1579, #52, #2277, #344, #3615, #1181, #586, #326, #703, #1135, #1017, #4031, #3374, #3855, #1329, #1595 ) ) ;
#264 = AXIS2_PLACEMENT_3D ( 'NONE', #3961, #3272, #4029 ) ;
#265 = DIRECTION ( 'NONE',  ( 1.000000000000000000, 0.0000000000000000000, -0.0000000000000000000 ) ) ;
#266 = PRESENTATION_STYLE_ASSIGNMENT (( #663 ) ) ;
#267 = ORIENTED_EDGE ( 'NONE', *, *, #2023, .F. ) ;
#268 = ORIENTED_EDGE ( 'NONE', *, *, #386, .F. ) ;
#269 = VECTOR ( 'NONE', #3617, 1000.000000000000000 ) ;
#270 = ORIENTED_EDGE ( 'NONE', *, *, #850, .T. ) ;
#271 =( LENGTH_UNIT ( ) NAMED_UNIT ( * ) SI_UNIT ( .MILLI., .METRE. ) );
#272 = CARTESIAN_POINT ( 'NONE',  ( -4.599999999999999600, -4.200000000000002000, -4.850000000000002300 ) ) ;
#273 = PRESENTATION_STYLE_ASSIGNMENT (( #2455 ) ) ;
#274 = UNCERTAINTY_MEASURE_WITH_UNIT (LENGTH_MEASURE( 1.000000000000000100E-005 ), #3747, 'distance_accuracy_value', 'NONE');
#275 = FACE_OUTER_BOUND ( 'NONE', #4581, .T. ) ;
#276 = ORIENTED_EDGE ( 'NONE', *, *, #4706, .T. ) ;
#277 = DIRECTION ( 'NONE',  ( 0.0000000000000000000, 0.0000000000000000000, -1.000000000000000000 ) ) ;
#278 = VERTEX_POINT ( 'NONE', #2833 ) ;
#279 = CARTESIAN_POINT ( 'NONE',  ( -9.999999999999998200, -2.250000000000004000, -3.450000000000000200 ) ) ;
#280 = EDGE_CURVE ( 'NONE', #1949, #1661, #1626, .T. ) ;
#281 = VERTEX_POINT ( 'NONE', #3881 ) ;
#282 = VECTOR ( 'NONE', #820, 1000.000000000000000 ) ;
#283 = CARTESIAN_POINT ( 'NONE',  ( -0.3000000000000000400, -4.500000000000000900, 1.940000000000000600 ) ) ;
#284 = AXIS2_PLACEMENT_3D ( 'NONE', #3271, #4710, #2421 ) ;
#285 = LINE ( 'NONE', #2264, #2457 ) ;
#286 = VECTOR ( 'NONE', #3000, 1000.000000000000000 ) ;
#287 = EDGE_CURVE ( 'NONE', #220, #2281, #2696, .T. ) ;
#288 = VERTEX_POINT ( 'NONE', #2118 ) ;
#289 = PLANE ( 'NONE',  #3177 ) ;
#290 = VECTOR ( 'NONE', #4697, 1000.000000000000000 ) ;
#291 = CARTESIAN_POINT ( 'NONE',  ( -7.599999999999999600, -4.200000000000002800, -4.850000000000002300 ) ) ;
#292 = ORIENTED_EDGE ( 'NONE', *, *, #4741, .F. ) ;
#293 = CARTESIAN_POINT ( 'NONE',  ( -9.500000000000000000, -0.6500000000000040200, -3.449999999999999700 ) ) ;
#294 = DIRECTION ( 'NONE',  ( 0.0000000000000000000, 1.000000000000000000, 0.0000000000000000000 ) ) ;
#295 = PRESENTATION_STYLE_ASSIGNMENT (( #3005 ) ) ;
#296 = AXIS2_PLACEMENT_3D ( 'NONE', #1625, #3469, #4186 ) ;
#297 =( NAMED_UNIT ( * ) SI_UNIT ( $, .STERADIAN. ) SOLID_ANGLE_UNIT ( ) );
#298 = DIRECTION ( 'NONE',  ( 1.000000000000000000, 8.462065736472233800E-016, 0.0000000000000000000 ) ) ;
#299 =( NAMED_UNIT ( * ) PLANE_ANGLE_UNIT ( ) SI_UNIT ( $, .RADIAN. ) );
#300 = FACE_OUTER_BOUND ( 'NONE', #963, .T. ) ;
#301 = PLANE ( 'NONE',  #4671 ) ;
#302 = LINE ( 'NONE', #4125, #4481 ) ;
#303 = CARTESIAN_POINT ( 'NONE',  ( 0.0000000000000000000, -4.400000000000000400, -4.050000000000002500 ) ) ;
#304 = CARTESIAN_POINT ( 'NONE',  ( -9.250000000000000000, -2.100000000000001000, -2.600000000000000100 ) ) ;
#305 = DIRECTION ( 'NONE',  ( 0.0000000000000000000, -1.000000000000000000, 0.0000000000000000000 ) ) ;
#306 = CARTESIAN_POINT ( 'NONE',  ( -8.825000000000001100, -2.100000000000000100, -2.600000000000000100 ) ) ;
#307 = LINE ( 'NONE', #1751, #1392 ) ;
#308 = VECTOR ( 'NONE', #3996, 1000.000000000000000 ) ;
#309 = AXIS2_PLACEMENT_3D ( 'NONE', #387, #748, #2545 ) ;
#310 =( NAMED_UNIT ( * ) PLANE_ANGLE_UNIT ( ) SI_UNIT ( $, .RADIAN. ) );
#311 = VECTOR ( 'NONE', #3226, 1000.000000000000000 ) ;
#312 = VECTOR ( 'NONE', #2745, 1000.000000000000000 ) ;
#313 = EDGE_CURVE ( 'NONE', #3760, #3298, #4543, .T. ) ;
#314 = PLANE ( 'NONE',  #3281 ) ;
#315 =( NAMED_UNIT ( * ) PLANE_ANGLE_UNIT ( ) SI_UNIT ( $, .RADIAN. ) );
#316 = AXIS2_PLACEMENT_3D ( 'NONE', #3318, #1510, #3669 ) ;
#317 = CARTESIAN_POINT ( 'NONE',  ( -9.699999999999997500, -3.750000000000004400, 1.300000000000000300 ) ) ;
#318 = VECTOR ( 'NONE', #359, 1000.000000000000000 ) ;
#319 = EDGE_CURVE ( 'NONE', #3849, #1402, #1740, .T. ) ;
#320 = VERTEX_POINT ( 'NONE', #648 ) ;
#321 = VERTEX_POINT ( 'NONE', #1708 ) ;
#322 = CARTESIAN_POINT ( 'NONE',  ( -0.6999999999999998400, -1.300000000000000500, -1.799999999999999600 ) ) ;
#323 = DIRECTION ( 'NONE',  ( -0.0000000000000000000, -0.0000000000000000000, 1.000000000000000000 ) ) ;
#324 = ORIENTED_EDGE ( 'NONE', *, *, #3816, .F. ) ;
#325 = DIRECTION ( 'NONE',  ( 0.0000000000000000000, 0.0000000000000000000, -1.000000000000000000 ) ) ;
#326 = ORIENTED_EDGE ( 'NONE', *, *, #2916, .F. ) ;
#327 = ORIENTED_EDGE ( 'NONE', *, *, #4425, .F. ) ;
#328 = ORIENTED_EDGE ( 'NONE', *, *, #4293, .F. ) ;
#329 =( GEOMETRIC_REPRESENTATION_CONTEXT ( 3 ) GLOBAL_UNCERTAINTY_ASSIGNED_CONTEXT ( ( #4175 ) ) GLOBAL_UNIT_ASSIGNED_CONTEXT ( ( #1946, #2677, #1217 ) ) REPRESENTATION_CONTEXT ( 'NONE', 'WORKASPACE' ) );
#330 = CARTESIAN_POINT ( 'NONE',  ( -0.3000000000000000400, -4.500000000000000900, -0.2599999999999996200 ) ) ;
#331 = VERTEX_POINT ( 'NONE', #3511 ) ;
#332 =( LENGTH_UNIT ( ) NAMED_UNIT ( * ) SI_UNIT ( .MILLI., .METRE. ) );
#333 = CARTESIAN_POINT ( 'NONE',  ( -9.250000000000000000, -4.000000000000000000, -0.3999999999999997400 ) ) ;
#334 = FACE_OUTER_BOUND ( 'NONE', #3518, .T. ) ;
#335 = FILL_AREA_STYLE ('',( #1092 ) ) ;
#336 = DIRECTION ( 'NONE',  ( 0.0000000000000000000, -0.0000000000000000000, 1.000000000000000000 ) ) ;
#337 = EDGE_CURVE ( 'NONE', #2705, #4036, #770, .T. ) ;
#338 = CARTESIAN_POINT ( 'NONE',  ( -9.300000000000000700, -1.300000000000000500, -1.799999999999999600 ) ) ;
#339 = PLANE ( 'NONE',  #1941 ) ;
#340 = VECTOR ( 'NONE', #2895, 1000.000000000000000 ) ;
#341 =( NAMED_UNIT ( * ) PLANE_ANGLE_UNIT ( ) SI_UNIT ( $, .RADIAN. ) );
#342 = VECTOR ( 'NONE', #3971, 1000.000000000000000 ) ;
#343 = ORIENTED_EDGE ( 'NONE', *, *, #2588, .F. ) ;
#344 = ORIENTED_EDGE ( 'NONE', *, *, #3052, .F. ) ;
#345 = VECTOR ( 'NONE', #2119, 1000.000000000000000 ) ;
#346 = UNCERTAINTY_MEASURE_WITH_UNIT (LENGTH_MEASURE( 1.000000000000000100E-005 ), #1019, 'distance_accuracy_value', 'NONE');
#347 =( GEOMETRIC_REPRESENTATION_CONTEXT ( 3 ) GLOBAL_UNCERTAINTY_ASSIGNED_CONTEXT ( ( #4381 ) ) GLOBAL_UNIT_ASSIGNED_CONTEXT ( ( #3896, #1343, #3516 ) ) REPRESENTATION_CONTEXT ( 'NONE', 'WORKASPACE' ) );
#348 = VECTOR ( 'NONE', #4226, 1000.000000000000000 ) ;
#349 = ORIENTED_EDGE ( 'NONE', *, *, #4669, .F. ) ;
#350 = CARTESIAN_POINT ( 'NONE',  ( -0.5000000000000000000, -4.500000000000000900, 1.940000000000000600 ) ) ;
#351 = EDGE_CURVE ( 'NONE', #2495, #4641, #4430, .T. ) ;
#352 = FILL_AREA_STYLE_COLOUR ( '', #1190 ) ;
#353 = EDGE_CURVE ( 'NONE', #496, #624, #4196, .T. ) ;
#354 = LINE ( 'NONE', #2238, #1163 ) ;
#355 = CARTESIAN_POINT ( 'NONE',  ( -9.499999999999996400, -3.750000000000004400, 1.950000000000000400 ) ) ;
#356 = LINE ( 'NONE', #778, #1969 ) ;
#357 = CARTESIAN_POINT ( 'NONE',  ( -9.499999999999998200, -2.250000000000003600, -3.450000000000000200 ) ) ;
#358 = EDGE_CURVE ( 'NONE', #2764, #4056, #307, .T. ) ;
#359 = DIRECTION ( 'NONE',  ( 0.0000000000000000000, 0.0000000000000000000, 1.000000000000000000 ) ) ;
#360 = ORIENTED_EDGE ( 'NONE', *, *, #3353, .F. ) ;
#361 = CARTESIAN_POINT ( 'NONE',  ( -2.400000000000000800, -3.449999999999997500, -3.950000000000002000 ) ) ;
#362 = DIRECTION ( 'NONE',  ( 0.0000000000000000000, -1.000000000000000000, 0.0000000000000000000 ) ) ;
#363 =( GEOMETRIC_REPRESENTATION_CONTEXT ( 3 ) GLOBAL_UNCERTAINTY_ASSIGNED_CONTEXT ( ( #1363 ) ) GLOBAL_UNIT_ASSIGNED_CONTEXT ( ( #2407, #930, #4158 ) ) REPRESENTATION_CONTEXT ( 'NONE', 'WORKASPACE' ) );
#364 = LINE ( 'NONE', #3509, #3410 ) ;
#365 = VERTEX_POINT ( 'NONE', #2480 ) ;
#366 = EDGE_CURVE ( 'NONE', #4695, #4680, #3322, .T. ) ;
#367 = DIRECTION ( 'NONE',  ( 0.0000000000000000000, 0.0000000000000000000, 1.000000000000000000 ) ) ;
#368 = MECHANICAL_DESIGN_GEOMETRIC_PRESENTATION_REPRESENTATION (  '', ( #3422 ), #1334 ) ;
#369 = VECTOR ( 'NONE', #1156, 1000.000000000000000 ) ;
#370 = FILL_AREA_STYLE_COLOUR ( '', #4568 ) ;
#371 = LINE ( 'NONE', #1638, #1615 ) ;
#372 = STYLED_ITEM ( 'NONE', ( #295 ), #1169 ) ;
#373 = CARTESIAN_POINT ( 'NONE',  ( -0.5000000000000000000, -2.250000000000000000, -3.450000000000000200 ) ) ;
#374 = FILL_AREA_STYLE_COLOUR ( '', #1627 ) ;
#375 = CARTESIAN_POINT ( 'NONE',  ( -1.600000000000000500, -4.200000000000000200, -3.950000000000002000 ) ) ;
#376 = ADVANCED_FACE ( 'NONE', ( #2270 ), #2800, .F. ) ;
#377 = VECTOR ( 'NONE', #2287, 1000.000000000000000 ) ;
#378 = PLANE ( 'NONE',  #4077 ) ;
#379 = ORIENTED_EDGE ( 'NONE', *, *, #189, .T. ) ;
#380 = VECTOR ( 'NONE', #1011, 1000.000000000000000 ) ;
#381 = DIRECTION ( 'NONE',  ( -0.0000000000000000000, 1.000000000000000000, 3.942553354492742500E-016 ) ) ;
#382 = VECTOR ( 'NONE', #3347, 1000.000000000000000 ) ;
#383 = PLANE ( 'NONE',  #485 ) ;
#384 = SURFACE_STYLE_FILL_AREA ( #3792 ) ;
#385 = ORIENTED_EDGE ( 'NONE', *, *, #4634, .F. ) ;
#386 = EDGE_CURVE ( 'NONE', #736, #1883, #3955, .T. ) ;
#387 = CARTESIAN_POINT ( 'NONE',  ( -0.5000000000000000000, -3.750000000000000900, -0.2999999999999999300 ) ) ;
#388 = CARTESIAN_POINT ( 'NONE',  ( -3.749999999999999600, -1.349999999999999200, -0.6099999999999998800 ) ) ;
#389 = CARTESIAN_POINT ( 'NONE',  ( -0.7499999999999997800, -2.100000000000000100, -2.600000000000000100 ) ) ;
#390 = EDGE_LOOP ( 'NONE', ( #1953, #1902, #2955, #2717 ) ) ;
#391 = EDGE_CURVE ( 'NONE', #2194, #215, #438, .T. ) ;
#392 = ORIENTED_EDGE ( 'NONE', *, *, #2780, .T. ) ;
#393 = AXIS2_PLACEMENT_3D ( 'NONE', #4250, #4600, #265 ) ;
#394 = ORIENTED_EDGE ( 'NONE', *, *, #1487, .F. ) ;
#395 = VECTOR ( 'NONE', #403, 1000.000000000000000 ) ;
#396 = CARTESIAN_POINT ( 'NONE',  ( -10.00000000000000000, 8.673617379884033500E-016, -4.049999999999999800 ) ) ;
#397 = ORIENTED_EDGE ( 'NONE', *, *, #4268, .F. ) ;
#398 = ADVANCED_FACE ( 'NONE', ( #2153 ), #3181, .F. ) ;
#399 = EDGE_LOOP ( 'NONE', ( #1586, #1256, #4467, #2108, #379, #3250 ) ) ;
#400 = ORIENTED_EDGE ( 'NONE', *, *, #2207, .F. ) ;
#401 = AXIS2_PLACEMENT_3D ( 'NONE', #2417, #3874, #210 ) ;
#402 = CARTESIAN_POINT ( 'NONE',  ( -2.600000000000000500, -4.500000000000001800, -4.850000000000002300 ) ) ;
#403 = DIRECTION ( 'NONE',  ( -0.0000000000000000000, 0.0000000000000000000, -1.000000000000000000 ) ) ;
#404 = ORIENTED_EDGE ( 'NONE', *, *, #95, .F. ) ;
#405 = DIRECTION ( 'NONE',  ( 0.0000000000000000000, 1.000000000000000000, 0.0000000000000000000 ) ) ;
#406 = DIRECTION ( 'NONE',  ( 0.0000000000000000000, -0.0000000000000000000, 1.000000000000000000 ) ) ;
#407 = DIRECTION ( 'NONE',  ( 4.231032868236116900E-016, -1.000000000000000000, -1.822188525185721900E-016 ) ) ;
#408 = SURFACE_STYLE_FILL_AREA ( #3278 ) ;
#409 = DIRECTION ( 'NONE',  ( 1.000000000000000000, -0.0000000000000000000, -0.0000000000000000000 ) ) ;
#410 = SURFACE_STYLE_FILL_AREA ( #4244 ) ;
#411 = ORIENTED_EDGE ( 'NONE', *, *, #1038, .F. ) ;
#412 = ORIENTED_EDGE ( 'NONE', *, *, #2608, .T. ) ;
#413 = CARTESIAN_POINT ( 'NONE',  ( -5.599999999999999600, -4.200000000000002000, -4.850000000000002300 ) ) ;
#414 = LINE ( 'NONE', #1980, #1157 ) ;
#415 = PRESENTATION_STYLE_ASSIGNMENT (( #2566 ) ) ;
#416 = FACE_OUTER_BOUND ( 'NONE', #1914, .T. ) ;
#417 = CARTESIAN_POINT ( 'NONE',  ( -0.6999999999999998400, -1.300000000000000500, -1.799999999999999600 ) ) ;
#418 = DIRECTION ( 'NONE',  ( 0.0000000000000000000, 1.000000000000000000, 0.0000000000000000000 ) ) ;
#419 = ORIENTED_EDGE ( 'NONE', *, *, #2178, .F. ) ;
#420 = DIRECTION ( 'NONE',  ( -8.462065736472233800E-016, 1.000000000000000000, 0.0000000000000000000 ) ) ;
#421 = EDGE_LOOP ( 'NONE', ( #4552, #4562, #1403, #1242, #1439 ) ) ;
#422 = DIRECTION ( 'NONE',  ( -1.000000000000000000, 0.0000000000000000000, 0.0000000000000000000 ) ) ;
#423 = DIRECTION ( 'NONE',  ( -5.645901572429751600E-031, 6.672013369141566200E-016, 1.000000000000000000 ) ) ;
#424 = EDGE_CURVE ( 'NONE', #687, #3611, #3739, .T. ) ;
#425 = DIRECTION ( 'NONE',  ( 0.0000000000000000000, 6.672013369141566200E-016, 1.000000000000000000 ) ) ;
#426 = DIRECTION ( 'NONE',  ( 0.0000000000000000000, 0.0000000000000000000, 1.000000000000000000 ) ) ;
#427 = ADVANCED_FACE ( 'NONE', ( #3106 ), #2515, .F. ) ;
#428 = AXIS2_PLACEMENT_3D ( 'NONE', #355, #4390, #2216 ) ;
#429 = PLANE ( 'NONE',  #913 ) ;
#430 = VECTOR ( 'NONE', #1654, 1000.000000000000000 ) ;
#431 = AXIS2_PLACEMENT_3D ( 'NONE', #2726, #581, #1624 ) ;
#432 = FILL_AREA_STYLE_COLOUR ( '', #2987 ) ;
#433 = DIRECTION ( 'NONE',  ( 0.0000000000000000000, 0.0000000000000000000, -1.000000000000000000 ) ) ;
#434 = DIRECTION ( 'NONE',  ( 1.000000000000000000, 0.0000000000000000000, -0.0000000000000000000 ) ) ;
#435 = DIRECTION ( 'NONE',  ( 0.0000000000000000000, 0.7071067811865490200, 0.7071067811865460200 ) ) ;
#436 = CARTESIAN_POINT ( 'NONE',  ( -10.00000000000000000, -4.463708075462369200E-015, -2.149999999999999900 ) ) ;
#437 = UNCERTAINTY_MEASURE_WITH_UNIT (LENGTH_MEASURE( 1.000000000000000100E-005 ), #4253, 'distance_accuracy_value', 'NONE');
#438 = LINE ( 'NONE', #2089, #4078 ) ;
#439 = CARTESIAN_POINT ( 'NONE',  ( -6.599999999999999600, -4.400000000000000400, -3.750000000000000400 ) ) ;
#440 = VECTOR ( 'NONE', #3364, 1000.000000000000000 ) ;
#441 = EDGE_CURVE ( 'NONE', #2309, #3060, #1943, .T. ) ;
#442 = LINE ( 'NONE', #3585, #3537 ) ;
#443 = ORIENTED_EDGE ( 'NONE', *, *, #3944, .F. ) ;
#444 = ORIENTED_EDGE ( 'NONE', *, *, #2868, .F. ) ;
#445 = ADVANCED_FACE ( 'NONE', ( #1521 ), #1793, .T. ) ;
#446 = ORIENTED_EDGE ( 'NONE', *, *, #2110, .F. ) ;
#447 = EDGE_LOOP ( 'NONE', ( #3591, #908, #2188, #2678 ) ) ;
#448 = EDGE_CURVE ( 'NONE', #281, #3635, #2048, .T. ) ;
#449 = ORIENTED_EDGE ( 'NONE', *, *, #1597, .F. ) ;
#450 = EDGE_LOOP ( 'NONE', ( #1311, #3850, #1622, #4210 ) ) ;
#451 = ORIENTED_EDGE ( 'NONE', *, *, #2581, .F. ) ;
#452 = FILL_AREA_STYLE ('',( #374 ) ) ;
#453 = ORIENTED_EDGE ( 'NONE', *, *, #2808, .T. ) ;
#454 = ORIENTED_EDGE ( 'NONE', *, *, #1868, .T. ) ;
#455 = EDGE_CURVE ( 'NONE', #3401, #777, #2881, .T. ) ;
#456 = VECTOR ( 'NONE', #2865, 1000.000000000000000 ) ;
#457 = CARTESIAN_POINT ( 'NONE',  ( -8.825000000000001100, -1.950000000000000800, -7.701470446914109800 ) ) ;
#458 = FILL_AREA_STYLE_COLOUR ( '', #3100 ) ;
#459 = EDGE_CURVE ( 'NONE', #2654, #331, #802, .T. ) ;
#460 = SURFACE_STYLE_FILL_AREA ( #4347 ) ;
#461 = STYLED_ITEM ( 'NONE', ( #3584 ), #1322 ) ;
#462 = ORIENTED_EDGE ( 'NONE', *, *, #4729, .F. ) ;
#463 = ORIENTED_EDGE ( 'NONE', *, *, #2324, .T. ) ;
#464 = DIRECTION ( 'NONE',  ( 0.0000000000000000000, 1.000000000000000000, 0.0000000000000000000 ) ) ;
#465 = VECTOR ( 'NONE', #585, 1000.000000000000000 ) ;
#466 = ORIENTED_EDGE ( 'NONE', *, *, #877, .F. ) ;
#467 = DIRECTION ( 'NONE',  ( 0.0000000000000000000, -1.000000000000000000, -2.224004456380521900E-016 ) ) ;
#468 = CARTESIAN_POINT ( 'NONE',  ( -0.5000000000000000000, -3.750000000000001300, -0.2599999999999997900 ) ) ;
#469 = ORIENTED_EDGE ( 'NONE', *, *, #3472, .T. ) ;
#470 = CARTESIAN_POINT ( 'NONE',  ( 0.0000000000000000000, 8.673617379884033500E-016, 1.950000000000000400 ) ) ;
#471 = ADVANCED_FACE ( 'NONE', ( #58 ), #1913, .T. ) ;
#472 = VECTOR ( 'NONE', #4064, 1000.000000000000000 ) ;
#473 = EDGE_LOOP ( 'NONE', ( #2601, #3642, #2672, #2174 ) ) ;
#474 = LINE ( 'NONE', #375, #2257 ) ;
#475 = ORIENTED_EDGE ( 'NONE', *, *, #224, .F. ) ;
#476 = FILL_AREA_STYLE_COLOUR ( '', #3074 ) ;
#477 = CARTESIAN_POINT ( 'NONE',  ( -5.400000000000000400, -4.500000000000002700, -4.850000000000002300 ) ) ;
#478 = LINE ( 'NONE', #4392, #1547 ) ;
#479 = LINE ( 'NONE', #322, #1543 ) ;
#480 = DIRECTION ( 'NONE',  ( 1.000000000000000000, 0.0000000000000000000, 0.0000000000000000000 ) ) ;
#481 = ORIENTED_EDGE ( 'NONE', *, *, #688, .T. ) ;
#482 = VECTOR ( 'NONE', #2019, 1000.000000000000000 ) ;
#483 =( NAMED_UNIT ( * ) PLANE_ANGLE_UNIT ( ) SI_UNIT ( $, .RADIAN. ) );
#484 = LINE ( 'NONE', #2603, #4245 ) ;
#485 = AXIS2_PLACEMENT_3D ( 'NONE', #4416, #2529, #1475 ) ;
#486 = CARTESIAN_POINT ( 'NONE',  ( -9.499999999999998200, -2.450000000000004200, 1.950000000000000400 ) ) ;
#487 = EDGE_CURVE ( 'NONE', #3912, #1768, #3699, .T. ) ;
#488 =( NAMED_UNIT ( * ) SI_UNIT ( $, .STERADIAN. ) SOLID_ANGLE_UNIT ( ) );
#489 = FILL_AREA_STYLE ('',( #2661 ) ) ;
#490 = PRESENTATION_STYLE_ASSIGNMENT (( #2922 ) ) ;
#491 = DIRECTION ( 'NONE',  ( 0.0000000000000000000, 0.0000000000000000000, 1.000000000000000000 ) ) ;
#492 = PLANE ( 'NONE',  #1002 ) ;
#493 = FACE_OUTER_BOUND ( 'NONE', #4505, .T. ) ;
#494 = SURFACE_STYLE_USAGE ( .BOTH. , #4426 ) ;
#495 = LINE ( 'NONE', #4296, #4368 ) ;
#496 = VERTEX_POINT ( 'NONE', #1142 ) ;
#497 = UNCERTAINTY_MEASURE_WITH_UNIT (LENGTH_MEASURE( 1.000000000000000100E-005 ), #4462, 'distance_accuracy_value', 'NONE');
#498 = LINE ( 'NONE', #1707, #4259 ) ;
#499 = LINE ( 'NONE', #4499, #1296 ) ;
#500 = ORIENTED_EDGE ( 'NONE', *, *, #4395, .F. ) ;
#501 = FILL_AREA_STYLE_COLOUR ( '', #2199 ) ;
#502 = PLANE ( 'NONE',  #4521 ) ;
#503 = ORIENTED_EDGE ( 'NONE', *, *, #834, .T. ) ;
#504 = VERTEX_POINT ( 'NONE', #815 ) ;
#505 = ORIENTED_EDGE ( 'NONE', *, *, #2080, .T. ) ;
#506 = PLANE ( 'NONE',  #1250 ) ;
#507 = ORIENTED_EDGE ( 'NONE', *, *, #3052, .T. ) ;
#508 =( GEOMETRIC_REPRESENTATION_CONTEXT ( 3 ) GLOBAL_UNCERTAINTY_ASSIGNED_CONTEXT ( ( #1997 ) ) GLOBAL_UNIT_ASSIGNED_CONTEXT ( ( #4025, #80, #2878 ) ) REPRESENTATION_CONTEXT ( 'NONE', 'WORKASPACE' ) );
#509 = ORIENTED_EDGE ( 'NONE', *, *, #4106, .T. ) ;
#510 = ORIENTED_EDGE ( 'NONE', *, *, #907, .T. ) ;
#511 = VERTEX_POINT ( 'NONE', #3317 ) ;
#512 = DIRECTION ( 'NONE',  ( -0.0000000000000000000, -1.000000000000000000, -5.981805089575194200E-016 ) ) ;
#513 = FACE_OUTER_BOUND ( 'NONE', #697, .T. ) ;
#514 = EDGE_CURVE ( 'NONE', #2655, #2555, #3578, .T. ) ;
#515 = VERTEX_POINT ( 'NONE', #2251 ) ;
#516 = DIRECTION ( 'NONE',  ( -1.000000000000000000, 0.0000000000000000000, 0.0000000000000000000 ) ) ;
#517 = FILL_AREA_STYLE_COLOUR ( '', #693 ) ;
#518 = ADVANCED_FACE ( 'NONE', ( #4428 ), #39, .F. ) ;
#519 = ORIENTED_EDGE ( 'NONE', *, *, #3184, .T. ) ;
#520 =( GEOMETRIC_REPRESENTATION_CONTEXT ( 3 ) GLOBAL_UNCERTAINTY_ASSIGNED_CONTEXT ( ( #497 ) ) GLOBAL_UNIT_ASSIGNED_CONTEXT ( ( #4462, #1933, #4145 ) ) REPRESENTATION_CONTEXT ( 'NONE', 'WORKASPACE' ) );
#521 = ORIENTED_EDGE ( 'NONE', *, *, #243, .F. ) ;
#522 = CARTESIAN_POINT ( 'NONE',  ( -8.825000000000001100, -0.6000000000000009800, -2.600000000000000100 ) ) ;
#523 = FILL_AREA_STYLE ('',( #92 ) ) ;
#524 = CARTESIAN_POINT ( 'NONE',  ( -1.174999999999999600, -2.100000000000000100, -2.600000000000000100 ) ) ;
#525 = LINE ( 'NONE', #174, #3349 ) ;
#526 = VERTEX_POINT ( 'NONE', #2232 ) ;
#527 = CARTESIAN_POINT ( 'NONE',  ( -5.599999999999999600, -4.500000000000002700, -4.850000000000002300 ) ) ;
#528 = PRESENTATION_LAYER_ASSIGNMENT (  '', '', ( #461 ) ) ;
#529 = FACE_OUTER_BOUND ( 'NONE', #4340, .T. ) ;
#530 = SURFACE_STYLE_FILL_AREA ( #1376 ) ;
#531 = CARTESIAN_POINT ( 'NONE',  ( -7.400000000000000400, -4.200000000000002800, -4.850000000000002300 ) ) ;
#532 = EDGE_LOOP ( 'NONE', ( #1825, #1407, #2829, #4471, #2761, #3045 ) ) ;
#533 = SURFACE_STYLE_FILL_AREA ( #2620 ) ;
#534 = VERTEX_POINT ( 'NONE', #775 ) ;
#535 = SURFACE_STYLE_USAGE ( .BOTH. , #1662 ) ;
#536 = LINE ( 'NONE', #2307, #939 ) ;
#537 = CARTESIAN_POINT ( 'NONE',  ( -9.250000000000000000, -3.650000000000000400, -2.600000000000000100 ) ) ;
#538 = PLANE ( 'NONE',  #2713 ) ;
#539 = ADVANCED_FACE ( 'NONE', ( #1778 ), #2292, .F. ) ;
#540 = EDGE_CURVE ( 'NONE', #208, #4165, #1235, .T. ) ;
#541 = PRESENTATION_LAYER_ASSIGNMENT (  '', '', ( #632 ) ) ;
#542 = DIRECTION ( 'NONE',  ( -0.0000000000000000000, -0.0000000000000000000, 1.000000000000000000 ) ) ;
#543 = LINE ( 'NONE', #486, #2531 ) ;
#544 = DIRECTION ( 'NONE',  ( 0.0000000000000000000, 0.0000000000000000000, -1.000000000000000000 ) ) ;
#545 = EDGE_CURVE ( 'NONE', #1883, #1782, #1185, .T. ) ;
#546 = EDGE_CURVE ( 'NONE', #4555, #4056, #1004, .T. ) ;
#547 = VECTOR ( 'NONE', #940, 1000.000000000000000 ) ;
#548 = VERTEX_POINT ( 'NONE', #4042 ) ;
#549 = FILL_AREA_STYLE ('',( #4584 ) ) ;
#550 = COLOUR_RGB ( '',0.7529411764705882200, 0.7529411764705882200, 0.7529411764705882200 ) ;
#551 = STYLED_ITEM ( 'NONE', ( #191 ), #213 ) ;
#552 = ORIENTED_EDGE ( 'NONE', *, *, #1032, .T. ) ;
#553 = PRESENTATION_STYLE_ASSIGNMENT (( #880 ) ) ;
#554 = UNCERTAINTY_MEASURE_WITH_UNIT (LENGTH_MEASURE( 1.000000000000000100E-005 ), #4214, 'distance_accuracy_value', 'NONE');
#555 = DIRECTION ( 'NONE',  ( -0.0000000000000000000, 0.0000000000000000000, 1.000000000000000000 ) ) ;
#556 = LINE ( 'NONE', #2969, #4079 ) ;
#557 = ORIENTED_EDGE ( 'NONE', *, *, #1385, .F. ) ;
#558 =( NAMED_UNIT ( * ) PLANE_ANGLE_UNIT ( ) SI_UNIT ( $, .RADIAN. ) );
#559 = DIRECTION ( 'NONE',  ( 0.0000000000000000000, 0.7071067811865460200, -0.7071067811865490200 ) ) ;
#560 = ORIENTED_EDGE ( 'NONE', *, *, #4035, .F. ) ;
#561 = ADVANCED_FACE ( 'NONE', ( #3478 ), #4475, .F. ) ;
#562 = DIRECTION ( 'NONE',  ( 0.0000000000000000000, -1.000000000000000000, -0.0000000000000000000 ) ) ;
#563 = ORIENTED_EDGE ( 'NONE', *, *, #1675, .F. ) ;
#564 = ORIENTED_EDGE ( 'NONE', *, *, #1824, .T. ) ;
#565 = EDGE_LOOP ( 'NONE', ( #671, #895, #2297, #2109 ) ) ;
#566 = VERTEX_POINT ( 'NONE', #1864 ) ;
#567 = DIRECTION ( 'NONE',  ( -1.000000000000000000, 0.0000000000000000000, -0.0000000000000000000 ) ) ;
#568 = VECTOR ( 'NONE', #3547, 1000.000000000000000 ) ;
#569 = DIRECTION ( 'NONE',  ( 8.462065736472233800E-016, -1.000000000000000000, 0.0000000000000000000 ) ) ;
#570 = ORIENTED_EDGE ( 'NONE', *, *, #816, .F. ) ;
#571 = DIRECTION ( 'NONE',  ( 1.000000000000000000, 0.0000000000000000000, 0.0000000000000000000 ) ) ;
#572 = PRESENTATION_LAYER_ASSIGNMENT (  '', '', ( #3265 ) ) ;
#573 = STYLED_ITEM ( 'NONE', ( #3517 ), #1491 ) ;
#574 = EDGE_CURVE ( 'NONE', #2870, #2737, #1682, .T. ) ;
#575 = LINE ( 'NONE', #1358, #3501 ) ;
#576 = AXIS2_PLACEMENT_3D ( 'NONE', #3621, #1079, #3603 ) ;
#577 = VECTOR ( 'NONE', #2825, 1000.000000000000000 ) ;
#578 = ORIENTED_EDGE ( 'NONE', *, *, #4130, .T. ) ;
#579 = ORIENTED_EDGE ( 'NONE', *, *, #1327, .T. ) ;
#580 = ORIENTED_EDGE ( 'NONE', *, *, #4702, .T. ) ;
#581 = DIRECTION ( 'NONE',  ( -8.462065736472233800E-016, 1.000000000000000000, 0.0000000000000000000 ) ) ;
#582 = SURFACE_STYLE_USAGE ( .BOTH. , #2791 ) ;
#583 = DIRECTION ( 'NONE',  ( 0.0000000000000000000, -1.000000000000000000, 0.0000000000000000000 ) ) ;
#584 = LINE ( 'NONE', #2575, #2022 ) ;
#585 = DIRECTION ( 'NONE',  ( 1.000000000000000000, -0.0000000000000000000, -0.0000000000000000000 ) ) ;
#586 = ORIENTED_EDGE ( 'NONE', *, *, #2971, .F. ) ;
#587 = ADVANCED_FACE ( 'NONE', ( #2928 ), #1525, .F. ) ;
#588 = ORIENTED_EDGE ( 'NONE', *, *, #1487, .T. ) ;
#589 = CARTESIAN_POINT ( 'NONE',  ( -0.5000000000000000000, -4.400000000000001200, -0.2999999999999999300 ) ) ;
#590 = EDGE_CURVE ( 'NONE', #4000, #621, #4538, .T. ) ;
#591 = SURFACE_STYLE_FILL_AREA ( #3200 ) ;
#592 = VECTOR ( 'NONE', #4691, 1000.000000000000000 ) ;
#593 = FACE_OUTER_BOUND ( 'NONE', #3675, .T. ) ;
#594 = CARTESIAN_POINT ( 'NONE',  ( -9.500000000000000000, -0.6500000000000040200, -2.149999999999999900 ) ) ;
#595 = CARTESIAN_POINT ( 'NONE',  ( -4.599999999999999600, -4.500000000000002700, -4.850000000000002300 ) ) ;
#596 = COLOUR_RGB ( '',0.7529411764705882200, 0.7529411764705882200, 0.7529411764705882200 ) ;
#597 = MECHANICAL_DESIGN_GEOMETRIC_PRESENTATION_REPRESENTATION (  '', ( #94 ), #508 ) ;
#598 = EDGE_CURVE ( 'NONE', #4458, #2396, #1121, .T. ) ;
#599 = CARTESIAN_POINT ( 'NONE',  ( -3.749999999999999600, -1.799999999999999600, -0.6099999999999999900 ) ) ;
#600 = DIRECTION ( 'NONE',  ( 0.0000000000000000000, -1.000000000000000000, 0.0000000000000000000 ) ) ;
#601 = EDGE_CURVE ( 'NONE', #3333, #4284, #3775, .T. ) ;
#602 = CARTESIAN_POINT ( 'NONE',  ( -9.250000000000000000, -2.100000000000001000, -2.600000000000000100 ) ) ;
#603 = LINE ( 'NONE', #2810, #4359 ) ;
#604 = CARTESIAN_POINT ( 'NONE',  ( -7.225000000000000500, -0.3499999999999992000, 1.950000000000000400 ) ) ;
#605 = EDGE_CURVE ( 'NONE', #904, #90, #3089, .T. ) ;
#606 = MECHANICAL_DESIGN_GEOMETRIC_PRESENTATION_REPRESENTATION (  '', ( #1243 ), #1671 ) ;
#607 = SURFACE_STYLE_FILL_AREA ( #1994 ) ;
#608 = EDGE_CURVE ( 'NONE', #2142, #2058, #543, .T. ) ;
#609 = SURFACE_STYLE_USAGE ( .BOTH. , #4609 ) ;
#610 = EDGE_CURVE ( 'NONE', #4320, #1756, #1501, .T. ) ;
#611 = VECTOR ( 'NONE', #4713, 1000.000000000000000 ) ;
#612 = PRESENTATION_LAYER_ASSIGNMENT (  '', '', ( #3422 ) ) ;
#613 =( NAMED_UNIT ( * ) SI_UNIT ( $, .STERADIAN. ) SOLID_ANGLE_UNIT ( ) );
#614 = VECTOR ( 'NONE', #3899, 1000.000000000000000 ) ;
#615 = VECTOR ( 'NONE', #883, 1000.000000000000000 ) ;
#616 = CARTESIAN_POINT ( 'NONE',  ( -7.599999999999999600, -4.500000000000003600, -4.850000000000002300 ) ) ;
#617 = CARTESIAN_POINT ( 'NONE',  ( 0.0000000000000000000, 8.673617379884033500E-016, -4.049999999999999800 ) ) ;
#618 = MECHANICAL_DESIGN_GEOMETRIC_PRESENTATION_REPRESENTATION (  '', ( #372 ), #3366 ) ;
#619 = CARTESIAN_POINT ( 'NONE',  ( -9.499999999999998200, -2.450000000000008600, 1.940000000000000400 ) ) ;
#620 = PLANE ( 'NONE',  #900 ) ;
#621 = VERTEX_POINT ( 'NONE', #3790 ) ;
#622 = VERTEX_POINT ( 'NONE', #1573 ) ;
#623 = FILL_AREA_STYLE ('',( #652 ) ) ;
#624 = VERTEX_POINT ( 'NONE', #3731 ) ;
#625 = ORIENTED_EDGE ( 'NONE', *, *, #590, .T. ) ;
#626 = CARTESIAN_POINT ( 'NONE',  ( -0.5000000000000000000, -4.400000000000000400, 1.950000000000000000 ) ) ;
#627 = ORIENTED_EDGE ( 'NONE', *, *, #3566, .T. ) ;
#628 = DIRECTION ( 'NONE',  ( 1.000000000000000000, 8.462065736472233800E-016, 0.0000000000000000000 ) ) ;
#629 = CARTESIAN_POINT ( 'NONE',  ( -1.174999999999999600, -2.100000000000000100, -0.04999999999999969700 ) ) ;
#630 = DIRECTION ( 'NONE',  ( -1.000000000000000000, 0.0000000000000000000, 0.0000000000000000000 ) ) ;
#631 = EDGE_CURVE ( 'NONE', #3442, #4036, #4303, .T. ) ;
#632 = STYLED_ITEM ( 'NONE', ( #1691 ), #4394 ) ;
#633 = PRESENTATION_STYLE_ASSIGNMENT (( #1502 ) ) ;
#634 = ORIENTED_EDGE ( 'NONE', *, *, #2547, .T. ) ;
#635 = ORIENTED_EDGE ( 'NONE', *, *, #608, .T. ) ;
#636 = EDGE_CURVE ( 'NONE', #805, #622, #1802, .T. ) ;
#637 = EDGE_LOOP ( 'NONE', ( #1968, #783, #3140, #842, #3283 ) ) ;
#638 =( GEOMETRIC_REPRESENTATION_CONTEXT ( 3 ) GLOBAL_UNCERTAINTY_ASSIGNED_CONTEXT ( ( #4589 ) ) GLOBAL_UNIT_ASSIGNED_CONTEXT ( ( #2897, #726, #4373 ) ) REPRESENTATION_CONTEXT ( 'NONE', 'WORKASPACE' ) );
#639 = SURFACE_STYLE_FILL_AREA ( #3207 ) ;
#640 = ORIENTED_EDGE ( 'NONE', *, *, #313, .F. ) ;
#641 = CARTESIAN_POINT ( 'NONE',  ( -3.749999999999999600, -1.799999999999999600, -0.6099999999999999900 ) ) ;
#642 = LINE ( 'NONE', #4300, #62 ) ;
#643 = UNCERTAINTY_MEASURE_WITH_UNIT (LENGTH_MEASURE( 1.000000000000000100E-005 ), #2501, 'distance_accuracy_value', 'NONE');
#644 = PRESENTATION_LAYER_ASSIGNMENT (  '', '', ( #2211 ) ) ;
#645 = DIRECTION ( 'NONE',  ( 0.0000000000000000000, -1.000000000000000000, 0.0000000000000000000 ) ) ;
#646 = CARTESIAN_POINT ( 'NONE',  ( -6.249999999999999100, -1.800000000000000500, -1.799999999999999600 ) ) ;
#647 = ORIENTED_EDGE ( 'NONE', *, *, #3023, .F. ) ;
#648 = CARTESIAN_POINT ( 'NONE',  ( -2.774999999999999500, -0.3499999999999986500, 1.950000000000000400 ) ) ;
#649 = ORIENTED_EDGE ( 'NONE', *, *, #2463, .F. ) ;
#650 = DIRECTION ( 'NONE',  ( 1.000000000000000000, 0.0000000000000000000, -0.0000000000000000000 ) ) ;
#651 = PRESENTATION_STYLE_ASSIGNMENT (( #3726 ) ) ;
#652 = FILL_AREA_STYLE_COLOUR ( '', #2327 ) ;
#653 = SURFACE_STYLE_FILL_AREA ( #3443 ) ;
#654 = CARTESIAN_POINT ( 'NONE',  ( -0.5000000000000000000, -3.750000000000000900, -0.2999999999999999300 ) ) ;
#655 = VECTOR ( 'NONE', #4516, 1000.000000000000000 ) ;
#656 = AXIS2_PLACEMENT_3D ( 'NONE', #2774, #2744, #3145 ) ;
#657 = EDGE_CURVE ( 'NONE', #3060, #756, #1732, .T. ) ;
#658 = SURFACE_STYLE_USAGE ( .BOTH. , #728 ) ;
#659 =( GEOMETRIC_REPRESENTATION_CONTEXT ( 3 ) GLOBAL_UNCERTAINTY_ASSIGNED_CONTEXT ( ( #3873 ) ) GLOBAL_UNIT_ASSIGNED_CONTEXT ( ( #1118, #4398, #12 ) ) REPRESENTATION_CONTEXT ( 'NONE', 'WORKASPACE' ) );
#660 = VECTOR ( 'NONE', #4292, 1000.000000000000000 ) ;
#661 = ORIENTED_EDGE ( 'NONE', *, *, #2547, .F. ) ;
#662 = DIRECTION ( 'NONE',  ( 1.000000000000000000, 0.0000000000000000000, 0.0000000000000000000 ) ) ;
#663 = SURFACE_STYLE_USAGE ( .BOTH. , #1765 ) ;
#664 = PRESENTATION_LAYER_ASSIGNMENT (  '', '', ( #4087 ) ) ;
#665 = DIRECTION ( 'NONE',  ( 0.0000000000000000000, 0.0000000000000000000, 1.000000000000000000 ) ) ;
#666 = LINE ( 'NONE', #71, #953 ) ;
#667 = ORIENTED_EDGE ( 'NONE', *, *, #3691, .F. ) ;
#668 = ORIENTED_EDGE ( 'NONE', *, *, #3560, .T. ) ;
#669 = CARTESIAN_POINT ( 'NONE',  ( -5.599999999999999600, -4.400000000000000400, -4.050000000000002500 ) ) ;
#670 = CARTESIAN_POINT ( 'NONE',  ( -3.600000000000001000, -4.400000000000000400, -3.950000000000002000 ) ) ;
#671 = ORIENTED_EDGE ( 'NONE', *, *, #1276, .T. ) ;
#672 = ORIENTED_EDGE ( 'NONE', *, *, #3915, .T. ) ;
#673 = CARTESIAN_POINT ( 'NONE',  ( -5.400000000000000400, -4.200000000000002000, -4.850000000000002300 ) ) ;
#674 = ORIENTED_EDGE ( 'NONE', *, *, #2719, .F. ) ;
#675 = VERTEX_POINT ( 'NONE', #3008 ) ;
#676 = ORIENTED_EDGE ( 'NONE', *, *, #4216, .T. ) ;
#677 = CARTESIAN_POINT ( 'NONE',  ( -1.600000000000000500, -4.200000000000000200, -4.850000000000002300 ) ) ;
#678 = COLOUR_RGB ( '',0.7529411764705882200, 0.7529411764705882200, 0.7529411764705882200 ) ;
#679 = DIRECTION ( 'NONE',  ( 1.000000000000000000, 0.0000000000000000000, -0.0000000000000000000 ) ) ;
#680 = ORIENTED_EDGE ( 'NONE', *, *, #1836, .T. ) ;
#681 = CARTESIAN_POINT ( 'NONE',  ( -0.3000000000000000400, -3.750000000000000900, 1.300000000000000300 ) ) ;
#682 = LINE ( 'NONE', #3930, #4677 ) ;
#683 = CARTESIAN_POINT ( 'NONE',  ( -2.400000000000000800, -4.200000000000001100, -3.950000000000002000 ) ) ;
#684 = CARTESIAN_POINT ( 'NONE',  ( -8.400000000000000400, -4.400000000000000400, -4.050000000000002500 ) ) ;
#685 = CARTESIAN_POINT ( 'NONE',  ( -0.5000000000000000000, -0.6500000000000001300, -3.449999999999999700 ) ) ;
#686 = VECTOR ( 'NONE', #1335, 1000.000000000000000 ) ;
#687 = VERTEX_POINT ( 'NONE', #3369 ) ;
#688 = EDGE_CURVE ( 'NONE', #4578, #3054, #1982, .T. ) ;
#689 = PRESENTATION_STYLE_ASSIGNMENT (( #3223 ) ) ;
#690 =( LENGTH_UNIT ( ) NAMED_UNIT ( * ) SI_UNIT ( .MILLI., .METRE. ) );
#691 = DIRECTION ( 'NONE',  ( -1.000000000000000000, 0.0000000000000000000, -0.0000000000000000000 ) ) ;
#692 = DIRECTION ( 'NONE',  ( 0.0000000000000000000, 0.7071067811865490200, 0.7071067811865460200 ) ) ;
#693 = COLOUR_RGB ( '',0.7529411764705882200, 0.7529411764705882200, 0.7529411764705882200 ) ;
#694 = VECTOR ( 'NONE', #2070, 1000.000000000000000 ) ;
#695 = FACE_OUTER_BOUND ( 'NONE', #4092, .T. ) ;
#696 = EDGE_CURVE ( 'NONE', #4032, #2244, #302, .T. ) ;
#697 = EDGE_LOOP ( 'NONE', ( #627, #4442, #466, #2817, #2021, #4322 ) ) ;
#698 = CARTESIAN_POINT ( 'NONE',  ( -9.250000000000000000, -4.000000000000000000, 1.950000000000000400 ) ) ;
#699 = MECHANICAL_DESIGN_GEOMETRIC_PRESENTATION_REPRESENTATION (  '', ( #3446 ), #2520 ) ;
#700 = EDGE_LOOP ( 'NONE', ( #811, #2381, #4526, #588 ) ) ;
#701 = UNCERTAINTY_MEASURE_WITH_UNIT (LENGTH_MEASURE( 1.000000000000000100E-005 ), #1842, 'distance_accuracy_value', 'NONE');
#702 = LINE ( 'NONE', #2195, #3355 ) ;
#703 = ORIENTED_EDGE ( 'NONE', *, *, #3641, .T. ) ;
#704 = PLANE ( 'NONE',  #3558 ) ;
#705 = MECHANICAL_DESIGN_GEOMETRIC_PRESENTATION_REPRESENTATION (  '', ( #461 ), #3218 ) ;
#706 = CARTESIAN_POINT ( 'NONE',  ( -9.499999999999996400, -4.400000000000005700, -0.2999999999999999300 ) ) ;
#707 = CARTESIAN_POINT ( 'NONE',  ( -3.600000000000001000, -4.400000000000000400, -3.750000000000002200 ) ) ;
#708 = DIRECTION ( 'NONE',  ( -0.0000000000000000000, 0.0000000000000000000, 1.000000000000000000 ) ) ;
#709 = DIRECTION ( 'NONE',  ( 1.000000000000000000, 0.0000000000000000000, 0.0000000000000000000 ) ) ;
#710 = DIRECTION ( 'NONE',  ( 0.0000000000000000000, 0.0000000000000000000, -1.000000000000000000 ) ) ;
#711 = CARTESIAN_POINT ( 'NONE',  ( -8.825000000000001100, -2.100000000000000100, -0.04999999999999969700 ) ) ;
#712 = VECTOR ( 'NONE', #2312, 1000.000000000000000 ) ;
#713 = DIRECTION ( 'NONE',  ( 1.000000000000000000, 0.0000000000000000000, 0.0000000000000000000 ) ) ;
#714 = COLOUR_RGB ( '',0.0000000000000000000, 0.0000000000000000000, 0.6274509803921568500 ) ;
#715 = DIRECTION ( 'NONE',  ( -0.0000000000000000000, 0.0000000000000000000, 1.000000000000000000 ) ) ;
#716 = CARTESIAN_POINT ( 'NONE',  ( -2.600000000000000500, -4.500000000000001800, -4.850000000000002300 ) ) ;
#717 = AXIS2_PLACEMENT_3D ( 'NONE', #888, #1587, #4139 ) ;
#718 = CARTESIAN_POINT ( 'NONE',  ( -3.600000000000001000, -4.500000000000001800, -3.850000000000002800 ) ) ;
#719 = LINE ( 'NONE', #1564, #2272 ) ;
#720 = VECTOR ( 'NONE', #3096, 1000.000000000000100 ) ;
#721 = DIRECTION ( 'NONE',  ( -0.0000000000000000000, 0.0000000000000000000, -1.000000000000000000 ) ) ;
#722 = DIRECTION ( 'NONE',  ( -0.0000000000000000000, 0.0000000000000000000, 1.000000000000000000 ) ) ;
#723 = CARTESIAN_POINT ( 'NONE',  ( -5.599999999999999600, -3.449999999999999300, -4.050000000000002500 ) ) ;
#724 = CARTESIAN_POINT ( 'NONE',  ( -8.600000000000001400, -4.200000000000003700, -4.050000000000002500 ) ) ;
#725 = AXIS2_PLACEMENT_3D ( 'NONE', #1599, #124, #1253 ) ;
#726 =( NAMED_UNIT ( * ) PLANE_ANGLE_UNIT ( ) SI_UNIT ( $, .RADIAN. ) );
#727 = EDGE_CURVE ( 'NONE', #3160, #1893, #2976, .T. ) ;
#728 = SURFACE_SIDE_STYLE ('',( #2676 ) ) ;
#729 = DIRECTION ( 'NONE',  ( -0.0000000000000000000, -0.0000000000000000000, 1.000000000000000000 ) ) ;
#730 = VERTEX_POINT ( 'NONE', #2344 ) ;
#731 = VERTEX_POINT ( 'NONE', #160 ) ;
#732 = STYLED_ITEM ( 'NONE', ( #2369 ), #398 ) ;
#733 = PLANE ( 'NONE',  #4728 ) ;
#734 = VERTEX_POINT ( 'NONE', #2995 ) ;
#735 = CARTESIAN_POINT ( 'NONE',  ( -1.600000000000000500, -3.449999999999997100, -4.050000000000002500 ) ) ;
#736 = VERTEX_POINT ( 'NONE', #3357 ) ;
#737 = CARTESIAN_POINT ( 'NONE',  ( -4.400000000000000400, -4.500000000000002700, -3.850000000000002800 ) ) ;
#738 =( LENGTH_UNIT ( ) NAMED_UNIT ( * ) SI_UNIT ( .MILLI., .METRE. ) );
#739 = ORIENTED_EDGE ( 'NONE', *, *, #1482, .T. ) ;
#740 = DIRECTION ( 'NONE',  ( 8.462065736472233800E-016, -1.000000000000000000, -0.0000000000000000000 ) ) ;
#741 = VECTOR ( 'NONE', #2150, 1000.000000000000000 ) ;
#742 = ORIENTED_EDGE ( 'NONE', *, *, #2719, .T. ) ;
#743 = DIRECTION ( 'NONE',  ( 1.000000000000000000, 0.0000000000000000000, -0.0000000000000000000 ) ) ;
#744 =( NAMED_UNIT ( * ) PLANE_ANGLE_UNIT ( ) SI_UNIT ( $, .RADIAN. ) );
#745 = VERTEX_POINT ( 'NONE', #4498 ) ;
#746 = ORIENTED_EDGE ( 'NONE', *, *, #319, .T. ) ;
#747 = SURFACE_SIDE_STYLE ('',( #11 ) ) ;
#748 = DIRECTION ( 'NONE',  ( 0.0000000000000000000, 1.000000000000000000, -0.0000000000000000000 ) ) ;
#749 = VECTOR ( 'NONE', #1372, 1000.000000000000000 ) ;
#750 = ORIENTED_EDGE ( 'NONE', *, *, #2322, .T. ) ;
#751 = DIRECTION ( 'NONE',  ( -1.000000000000000000, 0.0000000000000000000, 0.0000000000000000000 ) ) ;
#752 = EDGE_CURVE ( 'NONE', #4211, #4654, #1056, .T. ) ;
#753 = CARTESIAN_POINT ( 'NONE',  ( -7.225000000000000500, -0.3499999999999992000, 1.950000000000000400 ) ) ;
#754 = ADVANCED_FACE ( 'NONE', ( #4707 ), #1977, .F. ) ;
#755 = ORIENTED_EDGE ( 'NONE', *, *, #455, .T. ) ;
#756 = VERTEX_POINT ( 'NONE', #3385 ) ;
#757 = DIRECTION ( 'NONE',  ( -1.000000000000000000, -0.0000000000000000000, 0.0000000000000000000 ) ) ;
#758 = DIRECTION ( 'NONE',  ( -1.000000000000000000, 0.0000000000000000000, -0.0000000000000000000 ) ) ;
#759 = CARTESIAN_POINT ( 'NONE',  ( -9.999999999999996400, -4.400000000000005700, -0.2999999999999999300 ) ) ;
#760 = COLOUR_RGB ( '',0.7529411764705882200, 0.7529411764705882200, 0.7529411764705882200 ) ;
#761 = PRESENTATION_LAYER_ASSIGNMENT (  '', '', ( #2640 ) ) ;
#762 =( NAMED_UNIT ( * ) SI_UNIT ( $, .STERADIAN. ) SOLID_ANGLE_UNIT ( ) );
#763 =( LENGTH_UNIT ( ) NAMED_UNIT ( * ) SI_UNIT ( .MILLI., .METRE. ) );
#764 = DIRECTION ( 'NONE',  ( 0.0000000000000000000, 0.0000000000000000000, -1.000000000000000000 ) ) ;
#765 = LINE ( 'NONE', #4202, #3662 ) ;
#766 = CARTESIAN_POINT ( 'NONE',  ( -6.400000000000000400, -4.200000000000002800, -4.050000000000002500 ) ) ;
#767 = VECTOR ( 'NONE', #3709, 1000.000000000000000 ) ;
#768 = VECTOR ( 'NONE', #583, 1000.000000000000000 ) ;
#769 = ADVANCED_FACE ( 'NONE', ( #3474 ), #3842, .F. ) ;
#770 = LINE ( 'NONE', #3146, #2983 ) ;
#771 = CARTESIAN_POINT ( 'NONE',  ( -7.224999999999998800, -1.800000000000000700, -0.04999999999999969700 ) ) ;
#772 = EDGE_CURVE ( 'NONE', #3987, #1364, #765, .T. ) ;
#773 = FILL_AREA_STYLE ('',( #3598 ) ) ;
#774 = AXIS2_PLACEMENT_3D ( 'NONE', #2722, #893, #2009 ) ;
#775 = CARTESIAN_POINT ( 'NONE',  ( -6.599999999999999600, -4.200000000000002800, -4.050000000000002500 ) ) ;
#776 = LINE ( 'NONE', #389, #2600 ) ;
#777 = VERTEX_POINT ( 'NONE', #1700 ) ;
#778 = CARTESIAN_POINT ( 'NONE',  ( -6.249999999999999100, -1.800000000000000700, -0.6099999999999999900 ) ) ;
#779 = UNCERTAINTY_MEASURE_WITH_UNIT (LENGTH_MEASURE( 1.000000000000000100E-005 ), #1774, 'distance_accuracy_value', 'NONE');
#780 = EDGE_CURVE ( 'NONE', #3432, #1198, #3718, .T. ) ;
#781 = ORIENTED_EDGE ( 'NONE', *, *, #2166, .F. ) ;
#782 = VERTEX_POINT ( 'NONE', #975 ) ;
#783 = ORIENTED_EDGE ( 'NONE', *, *, #4299, .T. ) ;
#784 = PLANE ( 'NONE',  #2633 ) ;
#785 = COLOUR_RGB ( '',0.7529411764705882200, 0.7529411764705882200, 0.7529411764705882200 ) ;
#786 = VERTEX_POINT ( 'NONE', #1320 ) ;
#787 = ORIENTED_EDGE ( 'NONE', *, *, #1022, .F. ) ;
#788 = DIRECTION ( 'NONE',  ( 0.0000000000000000000, 0.0000000000000000000, -1.000000000000000000 ) ) ;
#789 = FILL_AREA_STYLE ('',( #4057 ) ) ;
#790 = ORIENTED_EDGE ( 'NONE', *, *, #1450, .F. ) ;
#791 = CARTESIAN_POINT ( 'NONE',  ( -9.300000000000000700, -2.100000000000000100, -1.799999999999999600 ) ) ;
#792 = DIRECTION ( 'NONE',  ( 0.0000000000000000000, -1.000000000000000000, 0.0000000000000000000 ) ) ;
#793 = DIRECTION ( 'NONE',  ( 0.0000000000000000000, -1.000000000000000000, 0.0000000000000000000 ) ) ;
#794 = CARTESIAN_POINT ( 'NONE',  ( -0.5000000000000000000, -2.250000000000000000, -3.450000000000000200 ) ) ;
#795 = ADVANCED_FACE ( 'NONE', ( #3943 ), #2371, .F. ) ;
#796 = VECTOR ( 'NONE', #4382, 1000.000000000000100 ) ;
#797 = VERTEX_POINT ( 'NONE', #3127 ) ;
#798 = CARTESIAN_POINT ( 'NONE',  ( -0.7499999999999988900, -2.100000000000000100, -2.600000000000000100 ) ) ;
#799 = FACE_OUTER_BOUND ( 'NONE', #146, .T. ) ;
#800 = LINE ( 'NONE', #4257, #2904 ) ;
#801 = ORIENTED_EDGE ( 'NONE', *, *, #872, .T. ) ;
#802 = LINE ( 'NONE', #3219, #3813 ) ;
#803 = FACE_OUTER_BOUND ( 'NONE', #1545, .T. ) ;
#804 = DIRECTION ( 'NONE',  ( 0.0000000000000000000, 1.000000000000000000, 2.409338161078897200E-016 ) ) ;
#805 = VERTEX_POINT ( 'NONE', #2718 ) ;
#806 = AXIS2_PLACEMENT_3D ( 'NONE', #3821, #4572, #3073 ) ;
#807 = VERTEX_POINT ( 'NONE', #238 ) ;
#808 =( NAMED_UNIT ( * ) PLANE_ANGLE_UNIT ( ) SI_UNIT ( $, .RADIAN. ) );
#809 = COLOUR_RGB ( '',0.7529411764705882200, 0.7529411764705882200, 0.7529411764705882200 ) ;
#810 = UNCERTAINTY_MEASURE_WITH_UNIT (LENGTH_MEASURE( 1.000000000000000100E-005 ), #3846, 'distance_accuracy_value', 'NONE');
#811 = ORIENTED_EDGE ( 'NONE', *, *, #1385, .T. ) ;
#812 = PRESENTATION_STYLE_ASSIGNMENT (( #35 ) ) ;
#813 = LINE ( 'NONE', #3866, #232 ) ;
#814 =( GEOMETRIC_REPRESENTATION_CONTEXT ( 3 ) GLOBAL_UNCERTAINTY_ASSIGNED_CONTEXT ( ( #3166 ) ) GLOBAL_UNIT_ASSIGNED_CONTEXT ( ( #2323, #3764, #1964 ) ) REPRESENTATION_CONTEXT ( 'NONE', 'WORKASPACE' ) );
#815 = CARTESIAN_POINT ( 'NONE',  ( 0.0000000000000000000, -3.750000000000000900, -0.2999999999999999300 ) ) ;
#816 = EDGE_CURVE ( 'NONE', #3072, #1909, #2687, .T. ) ;
#817 = PLANE ( 'NONE',  #4233 ) ;
#818 = VECTOR ( 'NONE', #512, 1000.000000000000000 ) ;
#819 = AXIS2_PLACEMENT_3D ( 'NONE', #3559, #2787, #3527 ) ;
#820 = DIRECTION ( 'NONE',  ( -1.000000000000000000, 0.0000000000000000000, 0.0000000000000000000 ) ) ;
#821 = APPLICATION_PROTOCOL_DEFINITION ( 'draft international standard', 'automotive_design', 1998, #1206 ) ;
#822 = ADVANCED_FACE ( 'NONE', ( #4422 ), #3431, .F. ) ;
#823 = COLOUR_RGB ( '',0.7529411764705882200, 0.7529411764705882200, 0.7529411764705882200 ) ;
#824 = CARTESIAN_POINT ( 'NONE',  ( -9.999999999999996400, -4.400000000000005700, -0.2999999999999999300 ) ) ;
#825 = EDGE_CURVE ( 'NONE', #1661, #4320, #4249, .T. ) ;
#826 = SURFACE_STYLE_FILL_AREA ( #2284 ) ;
#827 = CARTESIAN_POINT ( 'NONE',  ( -8.825000000000001100, -1.950000000000000800, -0.04999999999999969700 ) ) ;
#828 = DIRECTION ( 'NONE',  ( 1.000000000000000000, -0.0000000000000000000, -0.0000000000000000000 ) ) ;
#829 = VECTOR ( 'NONE', #105, 1000.000000000000000 ) ;
#830 = FACE_OUTER_BOUND ( 'NONE', #1107, .T. ) ;
#831 = DIRECTION ( 'NONE',  ( 1.000000000000000000, -0.0000000000000000000, -0.0000000000000000000 ) ) ;
#832 = CARTESIAN_POINT ( 'NONE',  ( -0.5000000000000000000, -3.750000000000000900, 1.940000000000000600 ) ) ;
#833 =( NAMED_UNIT ( * ) SI_UNIT ( $, .STERADIAN. ) SOLID_ANGLE_UNIT ( ) );
#834 = EDGE_CURVE ( 'NONE', #2168, #931, #1862, .T. ) ;
#835 = VECTOR ( 'NONE', #1955, 1000.000000000000000 ) ;
#836 = ORIENTED_EDGE ( 'NONE', *, *, #2536, .F. ) ;
#837 = EDGE_CURVE ( 'NONE', #1756, #3972, #3147, .T. ) ;
#838 = SURFACE_SIDE_STYLE ('',( #3085 ) ) ;
#839 = PRESENTATION_STYLE_ASSIGNMENT (( #2852 ) ) ;
#840 = EDGE_CURVE ( 'NONE', #2046, #3293, #371, .T. ) ;
#841 = EDGE_LOOP ( 'NONE', ( #3839, #1191, #1939, #2374 ) ) ;
#842 = ORIENTED_EDGE ( 'NONE', *, *, #2098, .F. ) ;
#843 = PRODUCT_DEFINITION ( 'UNKNOWN', '', #1922, #4278 ) ;
#844 = EDGE_CURVE ( 'NONE', #3586, #205, #175, .T. ) ;
#845 = DIRECTION ( 'NONE',  ( 0.0000000000000000000, 0.0000000000000000000, 1.000000000000000000 ) ) ;
#846 = CARTESIAN_POINT ( 'NONE',  ( 0.0000000000000000000, -2.450000000000000600, 1.300000000000000300 ) ) ;
#847 = ORIENTED_EDGE ( 'NONE', *, *, #2320, .T. ) ;
#848 = ADVANCED_FACE ( 'NONE', ( #2360 ), #3143, .F. ) ;
#849 = ORIENTED_EDGE ( 'NONE', *, *, #180, .T. ) ;
#850 = EDGE_CURVE ( 'NONE', #3013, #1815, #603, .T. ) ;
#851 = CARTESIAN_POINT ( 'NONE',  ( -3.400000000000000800, -4.500000000000001800, -3.850000000000002800 ) ) ;
#852 = VERTEX_POINT ( 'NONE', #1123 ) ;
#853 = CARTESIAN_POINT ( 'NONE',  ( -7.224999999999999600, -1.800000000000000700, -4.050000000000001600 ) ) ;
#854 = DIRECTION ( 'NONE',  ( 0.0000000000000000000, 1.000000000000000000, 0.0000000000000000000 ) ) ;
#855 = PRESENTATION_STYLE_ASSIGNMENT (( #4620 ) ) ;
#856 = LINE ( 'NONE', #1731, #4332 ) ;
#857 = CARTESIAN_POINT ( 'NONE',  ( -0.5000000000000000000, -4.400000000000001200, -0.2999999999999999300 ) ) ;
#858 = MECHANICAL_DESIGN_GEOMETRIC_PRESENTATION_REPRESENTATION (  '', ( #3287 ), #3957 ) ;
#859 = ORIENTED_EDGE ( 'NONE', *, *, #2660, .T. ) ;
#860 = SURFACE_STYLE_FILL_AREA ( #212 ) ;
#861 = DIRECTION ( 'NONE',  ( 0.0000000000000000000, 0.0000000000000000000, -1.000000000000000000 ) ) ;
#862 = VERTEX_POINT ( 'NONE', #3503 ) ;
#863 = VERTEX_POINT ( 'NONE', #3284 ) ;
#864 = FACE_OUTER_BOUND ( 'NONE', #4622, .T. ) ;
#865 = ORIENTED_EDGE ( 'NONE', *, *, #2267, .F. ) ;
#866 = FACE_OUTER_BOUND ( 'NONE', #447, .T. ) ;
#867 = CARTESIAN_POINT ( 'NONE',  ( -7.225000000000000500, -0.3499999999999992000, 1.950000000000000400 ) ) ;
#868 = LINE ( 'NONE', #4632, #2079 ) ;
#869 = ORIENTED_EDGE ( 'NONE', *, *, #1567, .T. ) ;
#870 = VECTOR ( 'NONE', #3262, 1000.000000000000000 ) ;
#871 = ADVANCED_FACE ( 'NONE', ( #300 ), #3523, .F. ) ;
#872 = EDGE_CURVE ( 'NONE', #208, #3972, #1446, .T. ) ;
#873 = DIRECTION ( 'NONE',  ( 0.0000000000000000000, 0.0000000000000000000, -1.000000000000000000 ) ) ;
#874 = FILL_AREA_STYLE ('',( #3057 ) ) ;
#875 = LINE ( 'NONE', #2936, #3363 ) ;
#876 = DIRECTION ( 'NONE',  ( 0.0000000000000000000, 1.000000000000000000, 0.0000000000000000000 ) ) ;
#877 = EDGE_CURVE ( 'NONE', #2053, #2405, #3028, .T. ) ;
#878 = SURFACE_STYLE_USAGE ( .BOTH. , #162 ) ;
#879 = CARTESIAN_POINT ( 'NONE',  ( -2.774999999999999500, -1.800000000000000300, -3.450000000000000600 ) ) ;
#880 = SURFACE_STYLE_USAGE ( .BOTH. , #3047 ) ;
#881 = CARTESIAN_POINT ( 'NONE',  ( -8.825000000000001100, -1.950000000000000800, -0.04999999999999969700 ) ) ;
#882 = AXIS2_PLACEMENT_3D ( 'NONE', #187, #2403, #3807 ) ;
#883 = DIRECTION ( 'NONE',  ( 1.000000000000000000, -0.0000000000000000000, -0.0000000000000000000 ) ) ;
#884 = VECTOR ( 'NONE', #3133, 1000.000000000000000 ) ;
#885 = CARTESIAN_POINT ( 'NONE',  ( -6.400000000000000400, -4.200000000000002800, -4.850000000000002300 ) ) ;
#886 = LINE ( 'NONE', #3436, #4082 ) ;
#887 = FILL_AREA_STYLE ('',( #4073 ) ) ;
#888 = CARTESIAN_POINT ( 'NONE',  ( -5.599999999999999600, -3.449999999999999300, -3.950000000000002000 ) ) ;
#889 = LINE ( 'NONE', #846, #1936 ) ;
#890 = ORIENTED_EDGE ( 'NONE', *, *, #4239, .T. ) ;
#891 = PLANE ( 'NONE',  #3471 ) ;
#892 = ADVANCED_FACE ( 'NONE', ( #3771 ), #4383, .T. ) ;
#893 = DIRECTION ( 'NONE',  ( 0.0000000000000000000, 0.0000000000000000000, 1.000000000000000000 ) ) ;
#894 = CARTESIAN_POINT ( 'NONE',  ( -8.600000000000001400, -4.500000000000003600, -3.850000000000002800 ) ) ;
#895 = ORIENTED_EDGE ( 'NONE', *, *, #1093, .T. ) ;
#896 = ORIENTED_EDGE ( 'NONE', *, *, #2497, .T. ) ;
#897 = CARTESIAN_POINT ( 'NONE',  ( -3.400000000000000800, -4.500000000000001800, -3.850000000000002800 ) ) ;
#898 = CARTESIAN_POINT ( 'NONE',  ( -0.3000000000000000400, -2.450000000000004600, 1.300000000000000300 ) ) ;
#899 = ORIENTED_EDGE ( 'NONE', *, *, #3213, .T. ) ;
#900 = AXIS2_PLACEMENT_3D ( 'NONE', #2456, #4267, #2415 ) ;
#901 = ORIENTED_EDGE ( 'NONE', *, *, #1305, .T. ) ;
#902 = ORIENTED_EDGE ( 'NONE', *, *, #2389, .T. ) ;
#903 = ORIENTED_EDGE ( 'NONE', *, *, #636, .T. ) ;
#904 = VERTEX_POINT ( 'NONE', #1476 ) ;
#905 = UNCERTAINTY_MEASURE_WITH_UNIT (LENGTH_MEASURE( 1.000000000000000100E-005 ), #271, 'distance_accuracy_value', 'NONE');
#906 = LINE ( 'NONE', #2508, #1701 ) ;
#907 = EDGE_CURVE ( 'NONE', #3710, #745, #3595, .T. ) ;
#908 = ORIENTED_EDGE ( 'NONE', *, *, #4706, .F. ) ;
#909 = FILL_AREA_STYLE ('',( #2767 ) ) ;
#910 = SURFACE_STYLE_USAGE ( .BOTH. , #1620 ) ;
#911 = SURFACE_SIDE_STYLE ('',( #4256 ) ) ;
#912 = ORIENTED_EDGE ( 'NONE', *, *, #2638, .F. ) ;
#913 = AXIS2_PLACEMENT_3D ( 'NONE', #4010, #757, #3686 ) ;
#914 = PRESENTATION_STYLE_ASSIGNMENT (( #1049 ) ) ;
#915 = CARTESIAN_POINT ( 'NONE',  ( -7.599999999999999600, -3.449999999999999700, -4.050000000000002500 ) ) ;
#916 = VECTOR ( 'NONE', #3233, 1000.000000000000000 ) ;
#917 = ORIENTED_EDGE ( 'NONE', *, *, #3134, .T. ) ;
#918 = ORIENTED_EDGE ( 'NONE', *, *, #4546, .F. ) ;
#919 = ADVANCED_FACE ( 'NONE', ( #3831 ), #1390, .T. ) ;
#920 = CARTESIAN_POINT ( 'NONE',  ( -9.499999999999996400, -3.750000000000004400, 1.940000000000000600 ) ) ;
#921 = DIRECTION ( 'NONE',  ( 0.0000000000000000000, 0.0000000000000000000, -1.000000000000000000 ) ) ;
#922 = FACE_OUTER_BOUND ( 'NONE', #3126, .T. ) ;
#923 = SURFACE_STYLE_FILL_AREA ( #1895 ) ;
#924 = LINE ( 'NONE', #604, #3457 ) ;
#925 = VECTOR ( 'NONE', #43, 1000.000000000000000 ) ;
#926 = DIRECTION ( 'NONE',  ( -1.000000000000000000, -0.0000000000000000000, -0.0000000000000000000 ) ) ;
#927 = EDGE_LOOP ( 'NONE', ( #3412, #1582, #2550, #2437, #2663, #2248 ) ) ;
#928 = VECTOR ( 'NONE', #362, 1000.000000000000000 ) ;
#929 = CARTESIAN_POINT ( 'NONE',  ( -3.600000000000001000, -4.200000000000001100, -4.050000000000002500 ) ) ;
#930 =( NAMED_UNIT ( * ) PLANE_ANGLE_UNIT ( ) SI_UNIT ( $, .RADIAN. ) );
#931 = VERTEX_POINT ( 'NONE', #293 ) ;
#932 = COLOUR_RGB ( '',0.7529411764705882200, 0.7529411764705882200, 0.7529411764705882200 ) ;
#933 = VECTOR ( 'NONE', #3562, 1000.000000000000000 ) ;
#934 =( NAMED_UNIT ( * ) PLANE_ANGLE_UNIT ( ) SI_UNIT ( $, .RADIAN. ) );
#935 = FILL_AREA_STYLE_COLOUR ( '', #3372 ) ;
#936 = EDGE_CURVE ( 'NONE', #4206, #1716, #1678, .T. ) ;
#937 = EDGE_CURVE ( 'NONE', #4260, #1737, #3525, .T. ) ;
#938 = CARTESIAN_POINT ( 'NONE',  ( 0.0000000000000000000, -4.400000000000000400, -4.050000000000002500 ) ) ;
#939 = VECTOR ( 'NONE', #2631, 1000.000000000000000 ) ;
#940 = DIRECTION ( 'NONE',  ( -0.0000000000000000000, -0.0000000000000000000, 1.000000000000000000 ) ) ;
#941 = EDGE_CURVE ( 'NONE', #2244, #863, #2205, .T. ) ;
#942 = SURFACE_SIDE_STYLE ('',( #3660 ) ) ;
#943 = EDGE_CURVE ( 'NONE', #1737, #1883, #2086, .T. ) ;
#944 = STYLED_ITEM ( 'NONE', ( #4749 ), #1532 ) ;
#945 = DIRECTION ( 'NONE',  ( 0.0000000000000000000, 0.7071067811865490200, 0.7071067811865460200 ) ) ;
#946 = ADVANCED_FACE ( 'NONE', ( #1859 ), #81, .F. ) ;
#947 = EDGE_CURVE ( 'NONE', #3442, #1944, #1555, .T. ) ;
#948 = SURFACE_STYLE_FILL_AREA ( #2974 ) ;
#949 = CARTESIAN_POINT ( 'NONE',  ( -0.3000000000000000400, -2.450000000000004600, 1.940000000000000400 ) ) ;
#950 = DIRECTION ( 'NONE',  ( 0.0000000000000000000, -1.000000000000000000, -0.0000000000000000000 ) ) ;
#951 = DIRECTION ( 'NONE',  ( 0.0000000000000000000, 0.0000000000000000000, -1.000000000000000000 ) ) ;
#952 = EDGE_CURVE ( 'NONE', #169, #2937, #536, .T. ) ;
#953 = VECTOR ( 'NONE', #425, 1000.000000000000000 ) ;
#954 = AXIS2_PLACEMENT_3D ( 'NONE', #1287, #3823, #555 ) ;
#955 = CARTESIAN_POINT ( 'NONE',  ( 0.0000000000000000000, 8.673617379884033500E-016, 1.950000000000000400 ) ) ;
#956 = LINE ( 'NONE', #1225, #1130 ) ;
#957 = ORIENTED_EDGE ( 'NONE', *, *, #280, .T. ) ;
#958 = ORIENTED_EDGE ( 'NONE', *, *, #3702, .F. ) ;
#959 = DIRECTION ( 'NONE',  ( -0.0000000000000000000, 0.0000000000000000000, -1.000000000000000000 ) ) ;
#960 = SURFACE_STYLE_USAGE ( .BOTH. , #2785 ) ;
#961 = VERTEX_POINT ( 'NONE', #1520 ) ;
#962 = CARTESIAN_POINT ( 'NONE',  ( -9.300000000000000700, -0.6000000000000009800, -4.173411897755954700 ) ) ;
#963 = EDGE_LOOP ( 'NONE', ( #87, #2544, #2029, #231 ) ) ;
#964 = CARTESIAN_POINT ( 'NONE',  ( -9.500000000000000000, -0.6500000000000040200, -2.149999999999999900 ) ) ;
#965 = ORIENTED_EDGE ( 'NONE', *, *, #2233, .T. ) ;
#966 = ORIENTED_EDGE ( 'NONE', *, *, #3206, .T. ) ;
#967 = AXIS2_PLACEMENT_3D ( 'NONE', #2725, #567, #3094 ) ;
#968 = DIRECTION ( 'NONE',  ( 5.981805089575191300E-016, -1.000000000000000000, 0.0000000000000000000 ) ) ;
#969 = ORIENTED_EDGE ( 'NONE', *, *, #358, .T. ) ;
#970 = MECHANICAL_DESIGN_GEOMETRIC_PRESENTATION_REPRESENTATION (  '', ( #1798 ), #1216 ) ;
#971 = EDGE_CURVE ( 'NONE', #852, #3003, #8, .T. ) ;
#972 = LINE ( 'NONE', #724, #3567 ) ;
#973 = MECHANICAL_DESIGN_GEOMETRIC_PRESENTATION_REPRESENTATION (  '', ( #2752 ), #1452 ) ;
#974 = ORIENTED_EDGE ( 'NONE', *, *, #1327, .F. ) ;
#975 = CARTESIAN_POINT ( 'NONE',  ( -2.774999999999999500, -0.3499999999999994200, -3.449999999999999700 ) ) ;
#976 = CARTESIAN_POINT ( 'NONE',  ( -6.599999999999999600, -4.200000000000002800, -4.850000000000002300 ) ) ;
#977 =( GEOMETRIC_REPRESENTATION_CONTEXT ( 3 ) GLOBAL_UNCERTAINTY_ASSIGNED_CONTEXT ( ( #554 ) ) GLOBAL_UNIT_ASSIGNED_CONTEXT ( ( #4214, #3851, #4597 ) ) REPRESENTATION_CONTEXT ( 'NONE', 'WORKASPACE' ) );
#978 = DIRECTION ( 'NONE',  ( 1.000000000000000000, -0.0000000000000000000, -0.0000000000000000000 ) ) ;
#979 = CARTESIAN_POINT ( 'NONE',  ( -4.599999999999999600, -4.200000000000002000, -4.850000000000002300 ) ) ;
#980 = DIRECTION ( 'NONE',  ( 1.000000000000000000, -0.0000000000000000000, -0.0000000000000000000 ) ) ;
#981 = VECTOR ( 'NONE', #1817, 1000.000000000000000 ) ;
#982 = COLOUR_RGB ( '',0.7529411764705882200, 0.7529411764705882200, 0.7529411764705882200 ) ;
#983 = VERTEX_POINT ( 'NONE', #4432 ) ;
#984 = DIRECTION ( 'NONE',  ( 0.0000000000000000000, 0.0000000000000000000, -1.000000000000000000 ) ) ;
#985 = SURFACE_STYLE_FILL_AREA ( #489 ) ;
#986 = ORIENTED_EDGE ( 'NONE', *, *, #4111, .F. ) ;
#987 = LINE ( 'NONE', #2511, #3933 ) ;
#988 = VECTOR ( 'NONE', #3194, 1000.000000000000000 ) ;
#989 = ORIENTED_EDGE ( 'NONE', *, *, #3304, .T. ) ;
#990 = CARTESIAN_POINT ( 'NONE',  ( -2.400000000000000800, -4.500000000000001800, -4.850000000000002300 ) ) ;
#991 = DIRECTION ( 'NONE',  ( -1.000000000000000000, 0.0000000000000000000, 0.0000000000000000000 ) ) ;
#992 = DIRECTION ( 'NONE',  ( -0.0000000000000000000, -0.0000000000000000000, 1.000000000000000000 ) ) ;
#993 = UNCERTAINTY_MEASURE_WITH_UNIT (LENGTH_MEASURE( 1.000000000000000100E-005 ), #1812, 'distance_accuracy_value', 'NONE');
#994 = PRESENTATION_LAYER_ASSIGNMENT (  '', '', ( #3903 ) ) ;
#995 = DIRECTION ( 'NONE',  ( 0.0000000000000000000, -1.000000000000000000, -0.0000000000000000000 ) ) ;
#996 = CARTESIAN_POINT ( 'NONE',  ( -9.300000000000000700, -2.100000000000000100, -1.799999999999999600 ) ) ;
#997 = CARTESIAN_POINT ( 'NONE',  ( -9.300000000000000700, -2.100000000000000100, -4.173411897755954700 ) ) ;
#998 = EDGE_CURVE ( 'NONE', #1999, #504, #875, .T. ) ;
#999 = AXIS2_PLACEMENT_3D ( 'NONE', #1265, #562, #4180 ) ;
#1000 = CARTESIAN_POINT ( 'NONE',  ( -0.2999999999999989300, -1.300000000000000500, -1.799999999999999600 ) ) ;
#1001 = DIRECTION ( 'NONE',  ( 0.0000000000000000000, 0.0000000000000000000, 1.000000000000000000 ) ) ;
#1002 = AXIS2_PLACEMENT_3D ( 'NONE', #2337, #3742, #3375 ) ;
#1003 = PRESENTATION_STYLE_ASSIGNMENT (( #494 ) ) ;
#1004 = LINE ( 'NONE', #4060, #3269 ) ;
#1005 = AXIS2_PLACEMENT_3D ( 'NONE', #1739, #4298, #2122 ) ;
#1006 = DIRECTION ( 'NONE',  ( 0.0000000000000000000, 0.7071067811865490200, 0.7071067811865460200 ) ) ;
#1007 = LINE ( 'NONE', #1981, #24 ) ;
#1008 = DIRECTION ( 'NONE',  ( 1.000000000000000000, -0.0000000000000000000, -0.0000000000000000000 ) ) ;
#1009 = VECTOR ( 'NONE', #4054, 1000.000000000000000 ) ;
#1010 = CARTESIAN_POINT ( 'NONE',  ( -10.00000000000000000, -4.400000000000000400, -4.050000000000002500 ) ) ;
#1011 = DIRECTION ( 'NONE',  ( 0.0000000000000000000, 0.0000000000000000000, 1.000000000000000000 ) ) ;
#1012 = PRESENTATION_LAYER_ASSIGNMENT (  '', '', ( #372 ) ) ;
#1013 = ORIENTED_EDGE ( 'NONE', *, *, #1923, .F. ) ;
#1014 = ORIENTED_EDGE ( 'NONE', *, *, #4574, .F. ) ;
#1015 = ORIENTED_EDGE ( 'NONE', *, *, #3980, .T. ) ;
#1016 = ORIENTED_EDGE ( 'NONE', *, *, #2883, .F. ) ;
#1017 = ORIENTED_EDGE ( 'NONE', *, *, #3327, .T. ) ;
#1018 = ORIENTED_EDGE ( 'NONE', *, *, #3667, .T. ) ;
#1019 =( LENGTH_UNIT ( ) NAMED_UNIT ( * ) SI_UNIT ( .MILLI., .METRE. ) );
#1020 = VECTOR ( 'NONE', #3264, 1000.000000000000000 ) ;
#1021 = ORIENTED_EDGE ( 'NONE', *, *, #2345, .F. ) ;
#1022 = EDGE_CURVE ( 'NONE', #51, #320, #123, .T. ) ;
#1023 = FACE_OUTER_BOUND ( 'NONE', #532, .T. ) ;
#1024 = EDGE_CURVE ( 'NONE', #2004, #2395, #1728, .T. ) ;
#1025 = FILL_AREA_STYLE_COLOUR ( '', #982 ) ;
#1026 = PRESENTATION_LAYER_ASSIGNMENT (  '', '', ( #37 ) ) ;
#1027 = VERTEX_POINT ( 'NONE', #53 ) ;
#1028 = SURFACE_STYLE_FILL_AREA ( #1725 ) ;
#1029 = FILL_AREA_STYLE ('',( #2898 ) ) ;
#1030 = VECTOR ( 'NONE', #665, 1000.000000000000000 ) ;
#1031 = ORIENTED_EDGE ( 'NONE', *, *, #337, .F. ) ;
#1032 = EDGE_CURVE ( 'NONE', #4719, #511, #67, .T. ) ;
#1033 = ORIENTED_EDGE ( 'NONE', *, *, #2293, .F. ) ;
#1034 = DIRECTION ( 'NONE',  ( 1.000000000000000000, 0.0000000000000000000, -0.0000000000000000000 ) ) ;
#1035 = DIRECTION ( 'NONE',  ( -0.0000000000000000000, -0.0000000000000000000, 1.000000000000000000 ) ) ;
#1036 = CARTESIAN_POINT ( 'NONE',  ( -8.600000000000001400, -3.450000000000000200, -4.050000000000002500 ) ) ;
#1038 = EDGE_CURVE ( 'NONE', #3808, #4104, #2683, .T. ) ;
#1037 = LINE ( 'NONE', #2624, #1371 ) ;
#1039 = CARTESIAN_POINT ( 'NONE',  ( -1.174999999999999600, -0.6000000000000009800, -4.173411897755954700 ) ) ;
#1040 = VECTOR ( 'NONE', #3309, 1000.000000000000000 ) ;
#1041 = DIRECTION ( 'NONE',  ( 0.0000000000000000000, 0.0000000000000000000, -1.000000000000000000 ) ) ;
#1042 = PRESENTATION_STYLE_ASSIGNMENT (( #2208 ) ) ;
#1043 = CARTESIAN_POINT ( 'NONE',  ( 0.0000000000000000000, -2.326752072262516500E-016, -2.149999999999999900 ) ) ;
#1044 = DIRECTION ( 'NONE',  ( -1.000000000000000000, -1.218204688185959800E-016, 0.0000000000000000000 ) ) ;
#1045 = ORIENTED_EDGE ( 'NONE', *, *, #1504, .T. ) ;
#1046 = VERTEX_POINT ( 'NONE', #824 ) ;
#1047 = SURFACE_SIDE_STYLE ('',( #639 ) ) ;
#1048 = FACE_OUTER_BOUND ( 'NONE', #60, .T. ) ;
#1049 = SURFACE_STYLE_USAGE ( .BOTH. , #2172 ) ;
#1050 = ORIENTED_EDGE ( 'NONE', *, *, #4197, .F. ) ;
#1051 = COLOUR_RGB ( '',0.7529411764705882200, 0.7529411764705882200, 0.7529411764705882200 ) ;
#1052 = DIRECTION ( 'NONE',  ( -0.0000000000000000000, -0.0000000000000000000, 1.000000000000000000 ) ) ;
#1053 = DIRECTION ( 'NONE',  ( 0.0000000000000000000, -0.0000000000000000000, -1.000000000000000000 ) ) ;
#1054 = UNCERTAINTY_MEASURE_WITH_UNIT (LENGTH_MEASURE( 1.000000000000000100E-005 ), #3848, 'distance_accuracy_value', 'NONE');
#1055 = CARTESIAN_POINT ( 'NONE',  ( -9.300000000000000700, -2.100000000000000100, 1.950000000000000400 ) ) ;
#1056 = LINE ( 'NONE', #3026, #2857 ) ;
#1057 = CARTESIAN_POINT ( 'NONE',  ( -6.400000000000000400, -4.200000000000002800, -4.850000000000002300 ) ) ;
#1058 = DIRECTION ( 'NONE',  ( 0.0000000000000000000, 1.000000000000000000, 0.0000000000000000000 ) ) ;
#1059 = CARTESIAN_POINT ( 'NONE',  ( -2.400000000000000800, -4.200000000000001100, -4.850000000000002300 ) ) ;
#1060 = DIRECTION ( 'NONE',  ( 1.000000000000000000, 0.0000000000000000000, 0.0000000000000000000 ) ) ;
#1061 = PRESENTATION_LAYER_ASSIGNMENT (  '', '', ( #2721 ) ) ;
#1062 = VECTOR ( 'NONE', #2448, 1000.000000000000000 ) ;
#1063 = FILL_AREA_STYLE_COLOUR ( '', #3341 ) ;
#1064 = EDGE_CURVE ( 'NONE', #983, #1342, #3884, .T. ) ;
#1065 = SURFACE_SIDE_STYLE ('',( #530 ) ) ;
#1066 = AXIS2_PLACEMENT_3D ( 'NONE', #677, #1776, #743 ) ;
#1067 = FACE_OUTER_BOUND ( 'NONE', #1219, .T. ) ;
#1068 = CARTESIAN_POINT ( 'NONE',  ( -4.400000000000000400, -4.200000000000002000, -4.850000000000002300 ) ) ;
#1069 = LINE ( 'NONE', #1593, #440 ) ;
#1070 = VECTOR ( 'NONE', #1269, 1000.000000000000000 ) ;
#1071 = PRESENTATION_LAYER_ASSIGNMENT (  '', '', ( #1136 ) ) ;
#1072 = DIRECTION ( 'NONE',  ( 0.0000000000000000000, 0.0000000000000000000, 1.000000000000000000 ) ) ;
#1073 = ORIENTED_EDGE ( 'NONE', *, *, #4101, .T. ) ;
#1074 = PLANE ( 'NONE',  #2368 ) ;
#1075 = ORIENTED_EDGE ( 'NONE', *, *, #3119, .F. ) ;
#1076 =( NAMED_UNIT ( * ) SI_UNIT ( $, .STERADIAN. ) SOLID_ANGLE_UNIT ( ) );
#1077 = EDGE_CURVE ( 'NONE', #3926, #3333, #484, .T. ) ;
#1078 = ORIENTED_EDGE ( 'NONE', *, *, #2557, .F. ) ;
#1079 = DIRECTION ( 'NONE',  ( 0.0000000000000000000, -1.000000000000000000, -0.0000000000000000000 ) ) ;
#1080 = ORIENTED_EDGE ( 'NONE', *, *, #3311, .T. ) ;
#1081 = SURFACE_SIDE_STYLE ('',( #3352 ) ) ;
#1082 = ORIENTED_EDGE ( 'NONE', *, *, #3497, .T. ) ;
#1083 = CARTESIAN_POINT ( 'NONE',  ( -9.499999999999996400, -4.400000000000004800, 1.940000000000000400 ) ) ;
#1084 = FILL_AREA_STYLE_COLOUR ( '', #2342 ) ;
#1085 = CARTESIAN_POINT ( 'NONE',  ( 0.0000000000000000000, -2.450000000000000200, 1.950000000000000400 ) ) ;
#1086 = ORIENTED_EDGE ( 'NONE', *, *, #4006, .T. ) ;
#1087 = CARTESIAN_POINT ( 'NONE',  ( -1.600000000000000500, -4.500000000000000900, -3.850000000000002800 ) ) ;
#1088 = EDGE_CURVE ( 'NONE', #1046, #2832, #4704, .T. ) ;
#1089 =( NAMED_UNIT ( * ) PLANE_ANGLE_UNIT ( ) SI_UNIT ( $, .RADIAN. ) );
#1090 = ORIENTED_EDGE ( 'NONE', *, *, #941, .T. ) ;
#1091 = ORIENTED_EDGE ( 'NONE', *, *, #546, .F. ) ;
#1092 = FILL_AREA_STYLE_COLOUR ( '', #2760 ) ;
#1093 = EDGE_CURVE ( 'NONE', #2169, #3467, #3261, .T. ) ;
#1094 = ORIENTED_EDGE ( 'NONE', *, *, #2181, .T. ) ;
#1095 = PLANE ( 'NONE',  #576 ) ;
#1096 =( NAMED_UNIT ( * ) PLANE_ANGLE_UNIT ( ) SI_UNIT ( $, .RADIAN. ) );
#1097 = DIRECTION ( 'NONE',  ( 0.0000000000000000000, 0.0000000000000000000, -1.000000000000000000 ) ) ;
#1098 = SURFACE_STYLE_USAGE ( .BOTH. , #1837 ) ;
#1099 = VECTOR ( 'NONE', #4235, 1000.000000000000000 ) ;
#1100 = EDGE_CURVE ( 'NONE', #1364, #2655, #4124, .T. ) ;
#1101 = ORIENTED_EDGE ( 'NONE', *, *, #605, .T. ) ;
#1102 = SURFACE_STYLE_FILL_AREA ( #1277 ) ;
#1103 =( GEOMETRIC_REPRESENTATION_CONTEXT ( 3 ) GLOBAL_UNCERTAINTY_ASSIGNED_CONTEXT ( ( #4085 ) ) GLOBAL_UNIT_ASSIGNED_CONTEXT ( ( #4341, #341, #1760 ) ) REPRESENTATION_CONTEXT ( 'NONE', 'WORKASPACE' ) );
#1104 = ORIENTED_EDGE ( 'NONE', *, *, #287, .T. ) ;
#1105 = LINE ( 'NONE', #711, #1324 ) ;
#1106 = DIRECTION ( 'NONE',  ( -0.0000000000000000000, 1.000000000000000000, -1.057758217059030800E-016 ) ) ;
#1107 = EDGE_LOOP ( 'NONE', ( #570, #2081, #4718, #3312, #1653, #454 ) ) ;
#1108 = PRESENTATION_STYLE_ASSIGNMENT (( #4472 ) ) ;
#1109 = DIRECTION ( 'NONE',  ( -1.000000000000000000, -8.462065736472234800E-016, -0.0000000000000000000 ) ) ;
#1110 = STYLED_ITEM ( 'NONE', ( #64 ), #1183 ) ;
#1111 = DIRECTION ( 'NONE',  ( 1.000000000000000000, 0.0000000000000000000, 0.0000000000000000000 ) ) ;
#1112 = CARTESIAN_POINT ( 'NONE',  ( -10.00000000000000000, 8.673617379884033500E-016, 1.950000000000000400 ) ) ;
#1113 = ORIENTED_EDGE ( 'NONE', *, *, #941, .F. ) ;
#1114 = PLANE ( 'NONE',  #2977 ) ;
#1115 = SURFACE_SIDE_STYLE ('',( #3350 ) ) ;
#1116 = VECTOR ( 'NONE', #4668, 1000.000000000000000 ) ;
#1117 = CARTESIAN_POINT ( 'NONE',  ( -2.600000000000000500, -4.500000000000001800, -3.850000000000002800 ) ) ;
#1118 =( LENGTH_UNIT ( ) NAMED_UNIT ( * ) SI_UNIT ( .MILLI., .METRE. ) );
#1119 = DIRECTION ( 'NONE',  ( 0.0000000000000000000, 1.000000000000000000, 2.710505431213761600E-016 ) ) ;
#1120 = ADVANCED_FACE ( 'NONE', ( #4062 ), #1536, .F. ) ;
#1121 = LINE ( 'NONE', #144, #179 ) ;
#1122 = CARTESIAN_POINT ( 'NONE',  ( -1.600000000000000500, -4.400000000000000400, -3.750000000000003100 ) ) ;
#1123 = CARTESIAN_POINT ( 'NONE',  ( -2.600000000000000500, -4.400000000000000400, -4.050000000000002500 ) ) ;
#1124 = EDGE_CURVE ( 'NONE', #3912, #3625, #2524, .T. ) ;
#1125 = CARTESIAN_POINT ( 'NONE',  ( -3.600000000000001000, -4.200000000000001100, -4.850000000000002300 ) ) ;
#1126 = AXIS2_PLACEMENT_3D ( 'NONE', #417, #1889, #2950 ) ;
#1127 = COLOUR_RGB ( '',0.7529411764705882200, 0.7529411764705882200, 0.7529411764705882200 ) ;
#1128 = CARTESIAN_POINT ( 'NONE',  ( -0.5000000000000000000, -2.450000000000000200, 1.950000000000000400 ) ) ;
#1129 = SURFACE_SIDE_STYLE ('',( #2024 ) ) ;
#1130 = VECTOR ( 'NONE', #3425, 1000.000000000000000 ) ;
#1131 = EDGE_CURVE ( 'NONE', #3054, #961, #4478, .T. ) ;
#1132 = VECTOR ( 'NONE', #516, 1000.000000000000000 ) ;
#1133 = DIRECTION ( 'NONE',  ( 0.0000000000000000000, 0.0000000000000000000, -1.000000000000000000 ) ) ;
#1134 = ORIENTED_EDGE ( 'NONE', *, *, #4606, .F. ) ;
#1135 = ORIENTED_EDGE ( 'NONE', *, *, #4035, .T. ) ;
#1136 = STYLED_ITEM ( 'NONE', ( #3316 ), #848 ) ;
#1137 = PLANE ( 'NONE',  #2606 ) ;
#1138 = DIRECTION ( 'NONE',  ( 0.0000000000000000000, 0.0000000000000000000, -1.000000000000000000 ) ) ;
#1139 = FILL_AREA_STYLE_COLOUR ( '', #785 ) ;
#1140 = VERTEX_POINT ( 'NONE', #1634 ) ;
#1141 = LINE ( 'NONE', #4684, #4323 ) ;
#1142 = CARTESIAN_POINT ( 'NONE',  ( -1.600000000000000500, -4.500000000000000900, -4.850000000000002300 ) ) ;
#1143 = CARTESIAN_POINT ( 'NONE',  ( -1.174999999999999600, -2.100000000000000100, -4.173411897755954700 ) ) ;
#1144 = SURFACE_SIDE_STYLE ('',( #533 ) ) ;
#1145 = VERTEX_POINT ( 'NONE', #3075 ) ;
#1146 = ADVANCED_FACE ( 'NONE', ( #3880 ), #2700, .F. ) ;
#1147 = UNCERTAINTY_MEASURE_WITH_UNIT (LENGTH_MEASURE( 1.000000000000000100E-005 ), #241, 'distance_accuracy_value', 'NONE');
#1148 = ORIENTED_EDGE ( 'NONE', *, *, #2260, .T. ) ;
#1149 = COLOUR_RGB ( '',0.7529411764705882200, 0.7529411764705882200, 0.7529411764705882200 ) ;
#1150 = PLANE ( 'NONE',  #2147 ) ;
#1151 = VERTEX_POINT ( 'NONE', #4187 ) ;
#1152 = LINE ( 'NONE', #338, #3299 ) ;
#1153 = ORIENTED_EDGE ( 'NONE', *, *, #3150, .T. ) ;
#1154 = CARTESIAN_POINT ( 'NONE',  ( -8.400000000000000400, -4.500000000000003600, -3.850000000000002800 ) ) ;
#1155 = EDGE_LOOP ( 'NONE', ( #1248, #2401, #3153, #3222, #901, #234 ) ) ;
#1156 = DIRECTION ( 'NONE',  ( 1.000000000000000000, 0.0000000000000000000, 0.0000000000000000000 ) ) ;
#1157 = VECTOR ( 'NONE', #831, 1000.000000000000000 ) ;
#1158 = LINE ( 'NONE', #794, #4051 ) ;
#1159 = CARTESIAN_POINT ( 'NONE',  ( -7.224999999999998800, -1.800000000000000700, -0.04999999999999969700 ) ) ;
#1160 = EDGE_CURVE ( 'NONE', #3293, #2876, #3468, .T. ) ;
#1161 = CARTESIAN_POINT ( 'NONE',  ( -8.600000000000001400, -4.200000000000003700, -4.050000000000002500 ) ) ;
#1162 = AXIS2_PLACEMENT_3D ( 'NONE', #2880, #4328, #2903 ) ;
#1163 = VECTOR ( 'NONE', #27, 1000.000000000000000 ) ;
#1164 = ORIENTED_EDGE ( 'NONE', *, *, #834, .F. ) ;
#1165 = CARTESIAN_POINT ( 'NONE',  ( -0.5000000000000000000, -2.326752072262516500E-016, -2.149999999999999900 ) ) ;
#1166 = CARTESIAN_POINT ( 'NONE',  ( -3.749999999999999600, -1.799999999999999400, -1.800000000000000000 ) ) ;
#1167 = AXIS2_PLACEMENT_3D ( 'NONE', #599, #1252, #2390 ) ;
#1168 = ORIENTED_EDGE ( 'NONE', *, *, #1727, .F. ) ;
#1169 = ADVANCED_FACE ( 'NONE', ( #593 ), #1986, .F. ) ;
#1170 = CARTESIAN_POINT ( 'NONE',  ( -3.600000000000001000, -3.449999999999998000, -4.050000000000002500 ) ) ;
#1171 = PLANE ( 'NONE',  #1474 ) ;
#1172 = CARTESIAN_POINT ( 'NONE',  ( -3.600000000000001000, -4.400000000000000400, -4.050000000000002500 ) ) ;
#1173 =( LENGTH_UNIT ( ) NAMED_UNIT ( * ) SI_UNIT ( .MILLI., .METRE. ) );
#1174 = VECTOR ( 'NONE', #2419, 1000.000000000000000 ) ;
#1175 = EDGE_CURVE ( 'NONE', #2229, #4311, #2738, .T. ) ;
#1176 = EDGE_CURVE ( 'NONE', #1377, #1299, #1915, .T. ) ;
#1177 = SURFACE_STYLE_FILL_AREA ( #452 ) ;
#1178 = LINE ( 'NONE', #3450, #246 ) ;
#1179 = EDGE_CURVE ( 'NONE', #782, #2000, #1789, .T. ) ;
#1180 = EDGE_LOOP ( 'NONE', ( #849, #3170, #385, #276 ) ) ;
#1181 = ORIENTED_EDGE ( 'NONE', *, *, #4513, .T. ) ;
#1182 = DIRECTION ( 'NONE',  ( 0.0000000000000000000, 0.7071067811865490200, 0.7071067811865460200 ) ) ;
#1183 = ADVANCED_FACE ( 'NONE', ( #3255 ), #2673, .F. ) ;
#1184 = EDGE_CURVE ( 'NONE', #3381, #2549, #2790, .T. ) ;
#1185 = LINE ( 'NONE', #1508, #2990 ) ;
#1186 = AXIS2_PLACEMENT_3D ( 'NONE', #4705, #3203, #2161 ) ;
#1187 = ORIENTED_EDGE ( 'NONE', *, *, #1762, .F. ) ;
#1188 = ORIENTED_EDGE ( 'NONE', *, *, #3935, .F. ) ;
#1189 = ORIENTED_EDGE ( 'NONE', *, *, #391, .T. ) ;
#1190 = COLOUR_RGB ( '',0.7529411764705882200, 0.7529411764705882200, 0.7529411764705882200 ) ;
#1191 = ORIENTED_EDGE ( 'NONE', *, *, #2045, .T. ) ;
#1192 = EDGE_CURVE ( 'NONE', #734, #2064, #1784, .T. ) ;
#1193 = ORIENTED_EDGE ( 'NONE', *, *, #1184, .F. ) ;
#1194 = AXIS2_PLACEMENT_3D ( 'NONE', #1274, #4171, #2319 ) ;
#1195 = CARTESIAN_POINT ( 'NONE',  ( -9.499999999999998200, -2.450000000000004600, 1.300000000000000300 ) ) ;
#1196 = FACE_OUTER_BOUND ( 'NONE', #2280, .T. ) ;
#1197 = UNCERTAINTY_MEASURE_WITH_UNIT (LENGTH_MEASURE( 1.000000000000000100E-005 ), #221, 'distance_accuracy_value', 'NONE');
#1198 = VERTEX_POINT ( 'NONE', #185 ) ;
#1199 = DIRECTION ( 'NONE',  ( 0.0000000000000000000, 0.0000000000000000000, 1.000000000000000000 ) ) ;
#1200 = DIRECTION ( 'NONE',  ( 0.0000000000000000000, 0.0000000000000000000, 1.000000000000000000 ) ) ;
#1201 = DIRECTION ( 'NONE',  ( -1.000000000000000000, 0.0000000000000000000, 0.0000000000000000000 ) ) ;
#1202 = CARTESIAN_POINT ( 'NONE',  ( -9.999999999999998200, -2.250000000000004000, -3.450000000000000200 ) ) ;
#1203 = ORIENTED_EDGE ( 'NONE', *, *, #2971, .T. ) ;
#1204 = VERTEX_POINT ( 'NONE', #4135 ) ;
#1205 =( NAMED_UNIT ( * ) SI_UNIT ( $, .STERADIAN. ) SOLID_ANGLE_UNIT ( ) );
#1206 = APPLICATION_CONTEXT ( 'automotive_design' ) ;
#1207 = FACE_OUTER_BOUND ( 'NONE', #4166, .T. ) ;
#1208 = ADVANCED_FACE ( 'NONE', ( #1855 ), #2715, .F. ) ;
#1209 = ORIENTED_EDGE ( 'NONE', *, *, #3785, .T. ) ;
#1210 = AXIS2_PLACEMENT_3D ( 'NONE', #196, #2087, #4510 ) ;
#1211 = ORIENTED_EDGE ( 'NONE', *, *, #4194, .T. ) ;
#1212 = DIRECTION ( 'NONE',  ( 0.0000000000000000000, -1.000000000000000000, 0.0000000000000000000 ) ) ;
#1213 = ORIENTED_EDGE ( 'NONE', *, *, #2463, .T. ) ;
#1214 = LINE ( 'NONE', #1696, #1851 ) ;
#1215 = LINE ( 'NONE', #4731, #4523 ) ;
#1216 =( GEOMETRIC_REPRESENTATION_CONTEXT ( 3 ) GLOBAL_UNCERTAINTY_ASSIGNED_CONTEXT ( ( #4674 ) ) GLOBAL_UNIT_ASSIGNED_CONTEXT ( ( #4195, #4595, #1679 ) ) REPRESENTATION_CONTEXT ( 'NONE', 'WORKASPACE' ) );
#1217 =( NAMED_UNIT ( * ) SI_UNIT ( $, .STERADIAN. ) SOLID_ANGLE_UNIT ( ) );
#1218 = EDGE_CURVE ( 'NONE', #515, #2832, #4411, .T. ) ;
#1219 = EDGE_LOOP ( 'NONE', ( #1995, #4673, #3296, #469 ) ) ;
#1220 = VECTOR ( 'NONE', #542, 1000.000000000000000 ) ;
#1221 = DIRECTION ( 'NONE',  ( 1.000000000000000000, -0.0000000000000000000, -0.0000000000000000000 ) ) ;
#1222 = AXIS2_PLACEMENT_3D ( 'NONE', #361, #2893, #722 ) ;
#1223 = DIRECTION ( 'NONE',  ( -8.462065736472233800E-016, 1.000000000000000000, -1.057758217059030800E-016 ) ) ;
#1224 = VECTOR ( 'NONE', #1942, 1000.000000000000000 ) ;
#1225 = CARTESIAN_POINT ( 'NONE',  ( -0.3000000000000000400, -2.450000000000005100, -0.2599999999999997900 ) ) ;
#1226 =( LENGTH_UNIT ( ) NAMED_UNIT ( * ) SI_UNIT ( .MILLI., .METRE. ) );
#1227 = DIRECTION ( 'NONE',  ( 0.0000000000000000000, -1.000000000000000000, 0.0000000000000000000 ) ) ;
#1228 = CARTESIAN_POINT ( 'NONE',  ( -2.774999999999999500, -1.800000000000000300, -3.450000000000000600 ) ) ;
#1229 = CARTESIAN_POINT ( 'NONE',  ( -1.400000000000000400, -4.400000000000000400, -3.750000000000003100 ) ) ;
#1230 = PLANE ( 'NONE',  #4484 ) ;
#1231 = ADVANCED_FACE ( 'NONE', ( #1908 ), #339, .F. ) ;
#1232 = ORIENTED_EDGE ( 'NONE', *, *, #598, .T. ) ;
#1233 = LINE ( 'NONE', #66, #829 ) ;
#1234 = LINE ( 'NONE', #897, #4601 ) ;
#1235 = LINE ( 'NONE', #69, #2097 ) ;
#1236 = CARTESIAN_POINT ( 'NONE',  ( -1.174999999999999600, -0.6000000000000009800, 1.950000000000000400 ) ) ;
#1237 =( GEOMETRIC_REPRESENTATION_CONTEXT ( 3 ) GLOBAL_UNCERTAINTY_ASSIGNED_CONTEXT ( ( #4236 ) ) GLOBAL_UNIT_ASSIGNED_CONTEXT ( ( #332, #1445, #3256 ) ) REPRESENTATION_CONTEXT ( 'NONE', 'WORKASPACE' ) );
#1238 = ORIENTED_EDGE ( 'NONE', *, *, #3421, .F. ) ;
#1239 = CARTESIAN_POINT ( 'NONE',  ( -9.300000000000000700, -1.300000000000000500, 1.950000000000000400 ) ) ;
#1240 = EDGE_CURVE ( 'NONE', #3463, #2555, #1608, .T. ) ;
#1241 = EDGE_LOOP ( 'NONE', ( #1541, #267, #1907, #3336, #1351, #3692 ) ) ;
#1242 = ORIENTED_EDGE ( 'NONE', *, *, #2240, .F. ) ;
#1243 = STYLED_ITEM ( 'NONE', ( #3666 ), #4751 ) ;
#1244 = DIRECTION ( 'NONE',  ( -1.000000000000000000, 0.0000000000000000000, 0.0000000000000000000 ) ) ;
#1245 = DIRECTION ( 'NONE',  ( 8.462065736472233800E-016, -1.000000000000000000, 1.057758217059031200E-016 ) ) ;
#1246 = PLANE ( 'NONE',  #4238 ) ;
#1247 = ORIENTED_EDGE ( 'NONE', *, *, #3597, .T. ) ;
#1248 = ORIENTED_EDGE ( 'NONE', *, *, #657, .T. ) ;
#1249 = ORIENTED_EDGE ( 'NONE', *, *, #353, .T. ) ;
#1250 = AXIS2_PLACEMENT_3D ( 'NONE', #2709, #2351, #951 ) ;
#1251 = MECHANICAL_DESIGN_GEOMETRIC_PRESENTATION_REPRESENTATION (  '', ( #4611 ), #252 ) ;
#1252 = DIRECTION ( 'NONE',  ( 1.000000000000000000, 0.0000000000000000000, 0.0000000000000000000 ) ) ;
#1253 = DIRECTION ( 'NONE',  ( 0.0000000000000000000, -1.000000000000000000, -5.981805089575194200E-016 ) ) ;
#1254 = ORIENTED_EDGE ( 'NONE', *, *, #1032, .F. ) ;
#1255 = DIRECTION ( 'NONE',  ( 1.000000000000000000, 0.0000000000000000000, 0.0000000000000000000 ) ) ;
#1256 = ORIENTED_EDGE ( 'NONE', *, *, #3216, .F. ) ;
#1257 = EDGE_LOOP ( 'NONE', ( #2120, #204, #1668, #1316 ) ) ;
#1258 = LINE ( 'NONE', #2187, #269 ) ;
#1259 = ADVANCED_FACE ( 'NONE', ( #3460 ), #3638, .F. ) ;
#1260 = DIRECTION ( 'NONE',  ( -0.0000000000000000000, -0.0000000000000000000, 1.000000000000000000 ) ) ;
#1261 = PRESENTATION_LAYER_ASSIGNMENT (  '', '', ( #1110 ) ) ;
#1262 =( LENGTH_UNIT ( ) NAMED_UNIT ( * ) SI_UNIT ( .MILLI., .METRE. ) );
#1263 = EDGE_LOOP ( 'NONE', ( #4168, #4152, #1713, #902, #896, #3224 ) ) ;
#1264 = CARTESIAN_POINT ( 'NONE',  ( -0.6999999999999998400, -2.100000000000000100, 1.950000000000000400 ) ) ;
#1265 = CARTESIAN_POINT ( 'NONE',  ( -8.600000000000001400, -4.200000000000003700, -3.950000000000002000 ) ) ;
#1266 =( LENGTH_UNIT ( ) NAMED_UNIT ( * ) SI_UNIT ( .MILLI., .METRE. ) );
#1267 = CARTESIAN_POINT ( 'NONE',  ( -9.300000000000000700, -2.100000000000000100, -1.799999999999999600 ) ) ;
#1268 = PLANE ( 'NONE',  #3071 ) ;
#1269 = DIRECTION ( 'NONE',  ( 0.0000000000000000000, 0.0000000000000000000, 1.000000000000000000 ) ) ;
#1270 = LINE ( 'NONE', #4459, #4053 ) ;
#1271 = ORIENTED_EDGE ( 'NONE', *, *, #2345, .T. ) ;
#1272 = EDGE_CURVE ( 'NONE', #3652, #2488, #3818, .T. ) ;
#1273 = EDGE_LOOP ( 'NONE', ( #2574, #4321, #1454, #2452 ) ) ;
#1274 = CARTESIAN_POINT ( 'NONE',  ( -6.400000000000000400, -3.449999999999999300, -3.950000000000002000 ) ) ;
#1275 =( NAMED_UNIT ( * ) SI_UNIT ( $, .STERADIAN. ) SOLID_ANGLE_UNIT ( ) );
#1276 = EDGE_CURVE ( 'NONE', #2937, #2169, #2965, .T. ) ;
#1277 = FILL_AREA_STYLE ('',( #501 ) ) ;
#1278 = ADVANCED_FACE ( 'NONE', ( #1437 ), #1114, .T. ) ;
#1279 = DIRECTION ( 'NONE',  ( 0.0000000000000000000, -1.000000000000000000, 0.0000000000000000000 ) ) ;
#1280 = EDGE_CURVE ( 'NONE', #566, #3902, #3704, .T. ) ;
#1281 = UNCERTAINTY_MEASURE_WITH_UNIT (LENGTH_MEASURE( 1.000000000000000100E-005 ), #3031, 'distance_accuracy_value', 'NONE');
#1282 = VECTOR ( 'NONE', #4026, 1000.000000000000000 ) ;
#1283 = STYLED_ITEM ( 'NONE', ( #1108 ), #1120 ) ;
#1284 = PLANE ( 'NONE',  #806 ) ;
#1285 = PRESENTATION_STYLE_ASSIGNMENT (( #2708 ) ) ;
#1286 = VECTOR ( 'NONE', #367, 1000.000000000000000 ) ;
#1287 = CARTESIAN_POINT ( 'NONE',  ( -1.400000000000000400, -3.449999999999997100, -3.950000000000002000 ) ) ;
#1288 = VECTOR ( 'NONE', #2454, 1000.000000000000000 ) ;
#1289 = LINE ( 'NONE', #4007, #1746 ) ;
#1290 = CARTESIAN_POINT ( 'NONE',  ( -8.400000000000000400, -4.400000000000000400, -3.950000000000002000 ) ) ;
#1291 = VECTOR ( 'NONE', #145, 1000.000000000000000 ) ;
#1292 = DIRECTION ( 'NONE',  ( -0.0000000000000000000, 0.0000000000000000000, 1.000000000000000000 ) ) ;
#1293 = FACE_OUTER_BOUND ( 'NONE', #2945, .T. ) ;
#1294 = CARTESIAN_POINT ( 'NONE',  ( -0.6999999999999998400, -1.300000000000000700, -1.799999999999999600 ) ) ;
#1295 = COLOUR_RGB ( '',0.7529411764705882200, 0.7529411764705882200, 0.7529411764705882200 ) ;
#1296 = VECTOR ( 'NONE', #1201, 1000.000000000000000 ) ;
#1297 = DIRECTION ( 'NONE',  ( 0.0000000000000000000, 0.7071067811865490200, 0.7071067811865460200 ) ) ;
#1298 = ORIENTED_EDGE ( 'NONE', *, *, #3062, .T. ) ;
#1299 = VERTEX_POINT ( 'NONE', #1833 ) ;
#1300 = DIRECTION ( 'NONE',  ( 0.0000000000000000000, -1.822188525185721700E-016, 1.000000000000000000 ) ) ;
#1301 =( GEOMETRIC_REPRESENTATION_CONTEXT ( 3 ) GLOBAL_UNCERTAINTY_ASSIGNED_CONTEXT ( ( #1744 ) ) GLOBAL_UNIT_ASSIGNED_CONTEXT ( ( #1173, #2299, #3346 ) ) REPRESENTATION_CONTEXT ( 'NONE', 'WORKASPACE' ) );
#1302 = ORIENTED_EDGE ( 'NONE', *, *, #4519, .F. ) ;
#1303 = EDGE_LOOP ( 'NONE', ( #96, #2335, #1958, #3118 ) ) ;
#1304 = ORIENTED_EDGE ( 'NONE', *, *, #1753, .T. ) ;
#1305 = EDGE_CURVE ( 'NONE', #1665, #2309, #4058, .T. ) ;
#1306 = ORIENTED_EDGE ( 'NONE', *, *, #1131, .T. ) ;
#1307 = STYLED_ITEM ( 'NONE', ( #1649 ), #3051 ) ;
#1308 =( NAMED_UNIT ( * ) PLANE_ANGLE_UNIT ( ) SI_UNIT ( $, .RADIAN. ) );
#1309 =( NAMED_UNIT ( * ) PLANE_ANGLE_UNIT ( ) SI_UNIT ( $, .RADIAN. ) );
#1310 = DIRECTION ( 'NONE',  ( 0.0000000000000000000, -1.000000000000000000, 0.0000000000000000000 ) ) ;
#1311 = ORIENTED_EDGE ( 'NONE', *, *, #2522, .F. ) ;
#1312 = PRESENTATION_LAYER_ASSIGNMENT (  '', '', ( #4583 ) ) ;
#1313 = DIRECTION ( 'NONE',  ( 1.000000000000000000, 0.0000000000000000000, 0.0000000000000000000 ) ) ;
#1314 = COLOUR_RGB ( '',0.7529411764705882200, 0.7529411764705882200, 0.7529411764705882200 ) ;
#1315 = SURFACE_SIDE_STYLE ('',( #3098 ) ) ;
#1316 = ORIENTED_EDGE ( 'NONE', *, *, #1433, .T. ) ;
#1317 = CARTESIAN_POINT ( 'NONE',  ( -10.00000000000000000, 8.673617379884033500E-016, -4.049999999999999800 ) ) ;
#1318 = LINE ( 'NONE', #1656, #348 ) ;
#1319 = LINE ( 'NONE', #439, #286 ) ;
#1320 = CARTESIAN_POINT ( 'NONE',  ( -10.00000000000000000, -0.6500000000000044600, -3.449999999999999700 ) ) ;
#1321 = VECTOR ( 'NONE', #4726, 1000.000000000000000 ) ;
#1322 = ADVANCED_FACE ( 'NONE', ( #2843 ), #4356, .T. ) ;
#1323 = EDGE_LOOP ( 'NONE', ( #2052, #2757, #1642, #625, #404 ) ) ;
#1324 = VECTOR ( 'NONE', #4005, 1000.000000000000000 ) ;
#1325 = FACE_OUTER_BOUND ( 'NONE', #450, .T. ) ;
#1326 = MECHANICAL_DESIGN_GEOMETRIC_PRESENTATION_REPRESENTATION (  '', ( #3265 ), #347 ) ;
#1327 = EDGE_CURVE ( 'NONE', #173, #2239, #3763, .T. ) ;
#1328 = ORIENTED_EDGE ( 'NONE', *, *, #4352, .T. ) ;
#1329 = ORIENTED_EDGE ( 'NONE', *, *, #657, .F. ) ;
#1330 = DIRECTION ( 'NONE',  ( 0.0000000000000000000, -1.000000000000000000, 0.0000000000000000000 ) ) ;
#1331 = EDGE_CURVE ( 'NONE', #1752, #2764, #474, .T. ) ;
#1332 = VECTOR ( 'NONE', #1138, 1000.000000000000000 ) ;
#1333 = EDGE_CURVE ( 'NONE', #1880, #1145, #2128, .T. ) ;
#1334 =( GEOMETRIC_REPRESENTATION_CONTEXT ( 3 ) GLOBAL_UNCERTAINTY_ASSIGNED_CONTEXT ( ( #1054 ) ) GLOBAL_UNIT_ASSIGNED_CONTEXT ( ( #3848, #934, #2012 ) ) REPRESENTATION_CONTEXT ( 'NONE', 'WORKASPACE' ) );
#1335 = DIRECTION ( 'NONE',  ( 1.000000000000000000, 0.0000000000000000000, 0.0000000000000000000 ) ) ;
#1336 = MANIFOLD_SOLID_BREP ( '∂Øƒ - âüÇµèoÇµ31', #107 ) ;
#1337 = FACE_OUTER_BOUND ( 'NONE', #2884, .T. ) ;
#1338 = CARTESIAN_POINT ( 'NONE',  ( -9.500000000000000000, -4.040604788638757500E-015, -2.149999999999999900 ) ) ;
#1339 = CARTESIAN_POINT ( 'NONE',  ( -3.400000000000000800, -4.200000000000001100, -4.050000000000002500 ) ) ;
#1340 = DIRECTION ( 'NONE',  ( -8.462065736472233800E-016, 1.000000000000000000, 0.0000000000000000000 ) ) ;
#1341 = MECHANICAL_DESIGN_GEOMETRIC_PRESENTATION_REPRESENTATION (  '', ( #1110 ), #1584 ) ;
#1342 = VERTEX_POINT ( 'NONE', #1172 ) ;
#1343 =( NAMED_UNIT ( * ) PLANE_ANGLE_UNIT ( ) SI_UNIT ( $, .RADIAN. ) );
#1344 = LINE ( 'NONE', #670, #380 ) ;
#1345 = FACE_OUTER_BOUND ( 'NONE', #1180, .T. ) ;
#1346 = VECTOR ( 'NONE', #662, 1000.000000000000000 ) ;
#1347 = CARTESIAN_POINT ( 'NONE',  ( -5.599999999999999600, -4.200000000000002000, -4.850000000000002300 ) ) ;
#1348 = ORIENTED_EDGE ( 'NONE', *, *, #1088, .T. ) ;
#1349 = FILL_AREA_STYLE ('',( #1715 ) ) ;
#1350 =( NAMED_UNIT ( * ) PLANE_ANGLE_UNIT ( ) SI_UNIT ( $, .RADIAN. ) );
#1351 = ORIENTED_EDGE ( 'NONE', *, *, #366, .F. ) ;
#1352 = CARTESIAN_POINT ( 'NONE',  ( -9.699999999999997500, -4.500000000000004400, -0.2599999999999996200 ) ) ;
#1353 = EDGE_LOOP ( 'NONE', ( #1015, #2818, #3706, #4571 ) ) ;
#1354 = EDGE_CURVE ( 'NONE', #3923, #2253, #3076, .T. ) ;
#1355 = PLANE ( 'NONE',  #1222 ) ;
#1356 = ORIENTED_EDGE ( 'NONE', *, *, #4385, .F. ) ;
#1357 = PRESENTATION_LAYER_ASSIGNMENT (  '', '', ( #1693 ) ) ;
#1358 = CARTESIAN_POINT ( 'NONE',  ( -8.400000000000000400, -3.450000000000000200, -4.050000000000002500 ) ) ;
#1359 = LINE ( 'NONE', #4343, #2707 ) ;
#1360 = ORIENTED_EDGE ( 'NONE', *, *, #2171, .F. ) ;
#1361 = EDGE_CURVE ( 'NONE', #2223, #1198, #4520, .T. ) ;
#1362 = DIRECTION ( 'NONE',  ( -0.0000000000000000000, -0.0000000000000000000, 1.000000000000000000 ) ) ;
#1363 = UNCERTAINTY_MEASURE_WITH_UNIT (LENGTH_MEASURE( 1.000000000000000100E-005 ), #2407, 'distance_accuracy_value', 'NONE');
#1364 = VERTEX_POINT ( 'NONE', #3342 ) ;
#1365 = CARTESIAN_POINT ( 'NONE',  ( -0.3000000000000000400, -2.450000000000004600, 1.940000000000000400 ) ) ;
#1366 = LINE ( 'NONE', #2393, #2066 ) ;
#1367 = MECHANICAL_DESIGN_GEOMETRIC_PRESENTATION_REPRESENTATION (  '', ( #551 ), #977 ) ;
#1368 = EDGE_LOOP ( 'NONE', ( #91, #1394, #3254, #1602 ) ) ;
#1369 = CARTESIAN_POINT ( 'NONE',  ( -7.599999999999999600, -4.200000000000002800, -4.850000000000002300 ) ) ;
#1370 = ORIENTED_EDGE ( 'NONE', *, *, #4395, .T. ) ;
#1371 = VECTOR ( 'NONE', #108, 1000.000000000000000 ) ;
#1372 = DIRECTION ( 'NONE',  ( 0.0000000000000000000, -1.000000000000000000, 0.0000000000000000000 ) ) ;
#1373 = CARTESIAN_POINT ( 'NONE',  ( -0.5000000000000000000, -4.500000000000000900, -0.2599999999999996200 ) ) ;
#1374 = LINE ( 'NONE', #4479, #3190 ) ;
#1375 = VECTOR ( 'NONE', #2733, 1000.000000000000000 ) ;
#1376 = FILL_AREA_STYLE ('',( #3230 ) ) ;
#1377 = VERTEX_POINT ( 'NONE', #3737 ) ;
#1378 = VECTOR ( 'NONE', #3623, 1000.000000000000000 ) ;
#1379 =( NAMED_UNIT ( * ) SI_UNIT ( $, .STERADIAN. ) SOLID_ANGLE_UNIT ( ) );
#1380 = COLOUR_RGB ( '',0.7529411764705882200, 0.7529411764705882200, 0.7529411764705882200 ) ;
#1381 =( GEOMETRIC_REPRESENTATION_CONTEXT ( 3 ) GLOBAL_UNCERTAINTY_ASSIGNED_CONTEXT ( ( #1690 ) ) GLOBAL_UNIT_ASSIGNED_CONTEXT ( ( #2954, #3676, #762 ) ) REPRESENTATION_CONTEXT ( 'NONE', 'WORKASPACE' ) );
#1382 = DIRECTION ( 'NONE',  ( 0.0000000000000000000, 0.0000000000000000000, 1.000000000000000000 ) ) ;
#1383 = CARTESIAN_POINT ( 'NONE',  ( -0.2999999999999989300, -2.100000000000000100, 1.950000000000000400 ) ) ;
#1384 = VECTOR ( 'NONE', #4642, 1000.000000000000000 ) ;
#1385 = EDGE_CURVE ( 'NONE', #1885, #205, #3014, .T. ) ;
#1386 = MECHANICAL_DESIGN_GEOMETRIC_PRESENTATION_REPRESENTATION (  '', ( #1637 ), #2047 ) ;
#1387 = SURFACE_STYLE_USAGE ( .BOTH. , #3546 ) ;
#1388 = DIRECTION ( 'NONE',  ( 1.000000000000000000, -0.0000000000000000000, -0.0000000000000000000 ) ) ;
#1389 = PRESENTATION_STYLE_ASSIGNMENT (( #4213 ) ) ;
#1390 = PLANE ( 'NONE',  #3138 ) ;
#1391 = CARTESIAN_POINT ( 'NONE',  ( -5.400000000000000400, -4.500000000000002700, -4.850000000000002300 ) ) ;
#1392 = VECTOR ( 'NONE', #980, 1000.000000000000000 ) ;
#1393 = VECTOR ( 'NONE', #793, 1000.000000000000000 ) ;
#1394 = ORIENTED_EDGE ( 'NONE', *, *, #2883, .T. ) ;
#1395 = SURFACE_SIDE_STYLE ('',( #4219 ) ) ;
#1396 = LINE ( 'NONE', #938, #2424 ) ;
#1397 = CARTESIAN_POINT ( 'NONE',  ( -0.5000000000000000000, -2.450000000000005100, -0.2599999999999997900 ) ) ;
#1398 = FILL_AREA_STYLE ('',( #2218 ) ) ;
#1399 = SURFACE_STYLE_USAGE ( .BOTH. , #2854 ) ;
#1400 =( NAMED_UNIT ( * ) SI_UNIT ( $, .STERADIAN. ) SOLID_ANGLE_UNIT ( ) );
#1401 = LINE ( 'NONE', #1128, #2271 ) ;
#1402 = VERTEX_POINT ( 'NONE', #3698 ) ;
#1403 = ORIENTED_EDGE ( 'NONE', *, *, #1681, .T. ) ;
#1404 = CARTESIAN_POINT ( 'NONE',  ( -9.499999999999996400, -3.750000000000004400, -0.2999999999999999300 ) ) ;
#1405 = VERTEX_POINT ( 'NONE', #470 ) ;
#1406 = EDGE_LOOP ( 'NONE', ( #3990, #444, #4218, #3958, #2942, #3553, #4270, #449, #3227, #101, #3679, #4733, #3746, #2556, #3354, #2379, #2072, #2016, #1710, #787 ) ) ;
#1407 = ORIENTED_EDGE ( 'NONE', *, *, #3062, .F. ) ;
#1408 = FACE_OUTER_BOUND ( 'NONE', #421, .T. ) ;
#1409 = VERTEX_POINT ( 'NONE', #22 ) ;
#1410 = FILL_AREA_STYLE ('',( #1139 ) ) ;
#1411 = ORIENTED_EDGE ( 'NONE', *, *, #3852, .T. ) ;
#1412 = CARTESIAN_POINT ( 'NONE',  ( -7.225000000000000500, -0.3499999999999992000, -4.050000000000001600 ) ) ;
#1413 =( NAMED_UNIT ( * ) PLANE_ANGLE_UNIT ( ) SI_UNIT ( $, .RADIAN. ) );
#1414 = EDGE_CURVE ( 'NONE', #730, #4325, #4172, .T. ) ;
#1415 = DIRECTION ( 'NONE',  ( -0.0000000000000000000, -0.0000000000000000000, 1.000000000000000000 ) ) ;
#1416 =( LENGTH_UNIT ( ) NAMED_UNIT ( * ) SI_UNIT ( .MILLI., .METRE. ) );
#1417 = FILL_AREA_STYLE ('',( #2855 ) ) ;
#1418 = CARTESIAN_POINT ( 'NONE',  ( -4.400000000000000400, -4.500000000000002700, -4.850000000000002300 ) ) ;
#1419 = MECHANICAL_DESIGN_GEOMETRIC_PRESENTATION_REPRESENTATION (  '', ( #37 ), #363 ) ;
#1420 = ORIENTED_EDGE ( 'NONE', *, *, #1414, .F. ) ;
#1421 = EDGE_CURVE ( 'NONE', #786, #3760, #3306, .T. ) ;
#1422 = DIRECTION ( 'NONE',  ( -1.000000000000000000, -0.0000000000000000000, -0.0000000000000000000 ) ) ;
#1423 = ORIENTED_EDGE ( 'NONE', *, *, #366, .T. ) ;
#1424 = EDGE_CURVE ( 'NONE', #3541, #797, #285, .T. ) ;
#1425 = CARTESIAN_POINT ( 'NONE',  ( -9.999999999999998200, -2.250000000000004000, -4.049999999999999800 ) ) ;
#1426 = STYLED_ITEM ( 'NONE', ( #3753 ), #1841 ) ;
#1427 = CARTESIAN_POINT ( 'NONE',  ( -9.500000000000000000, -0.6500000000000040200, -4.049999999999999800 ) ) ;
#1429 = EDGE_CURVE ( 'NONE', #566, #2555, #1488, .T. ) ;
#1428 = LINE ( 'NONE', #3853, #1961 ) ;
#1430 = ORIENTED_EDGE ( 'NONE', *, *, #4048, .F. ) ;
#1431 = LINE ( 'NONE', #4638, #1490 ) ;
#1432 = VERTEX_POINT ( 'NONE', #3717 ) ;
#1433 = EDGE_CURVE ( 'NONE', #3967, #2227, #356, .T. ) ;
#1434 = LINE ( 'NONE', #1469, #3249 ) ;
#1435 = STYLED_ITEM ( 'NONE', ( #3651 ), #1231 ) ;
#1436 = EDGE_LOOP ( 'NONE', ( #2378, #98, #2908, #1591 ) ) ;
#1437 = FACE_OUTER_BOUND ( 'NONE', #565, .T. ) ;
#1438 =( LENGTH_UNIT ( ) NAMED_UNIT ( * ) SI_UNIT ( .MILLI., .METRE. ) );
#1439 = ORIENTED_EDGE ( 'NONE', *, *, #4352, .F. ) ;
#1440 = FILL_AREA_STYLE_COLOUR ( '', #4113 ) ;
#1441 = LINE ( 'NONE', #3904, #1604 ) ;
#1442 = ORIENTED_EDGE ( 'NONE', *, *, #2398, .F. ) ;
#1443 = CARTESIAN_POINT ( 'NONE',  ( -7.400000000000000400, -4.500000000000003600, -4.850000000000002300 ) ) ;
#1444 = DIRECTION ( 'NONE',  ( 0.0000000000000000000, 0.0000000000000000000, -1.000000000000000000 ) ) ;
#1445 =( NAMED_UNIT ( * ) PLANE_ANGLE_UNIT ( ) SI_UNIT ( $, .RADIAN. ) );
#1446 = LINE ( 'NONE', #1039, #1384 ) ;
#1447 = DIRECTION ( 'NONE',  ( -1.019398895022037800E-031, 2.409338161078897200E-016, -1.000000000000000000 ) ) ;
#1448 =( NAMED_UNIT ( * ) SI_UNIT ( $, .STERADIAN. ) SOLID_ANGLE_UNIT ( ) );
#1449 = VECTOR ( 'NONE', #1297, 1000.000000000000100 ) ;
#1450 = EDGE_CURVE ( 'NONE', #3381, #2766, #2349, .T. ) ;
#1451 = CARTESIAN_POINT ( 'NONE',  ( -9.699999999999997500, -4.500000000000004400, 1.940000000000000600 ) ) ;
#1452 =( GEOMETRIC_REPRESENTATION_CONTEXT ( 3 ) GLOBAL_UNCERTAINTY_ASSIGNED_CONTEXT ( ( #1197 ) ) GLOBAL_UNIT_ASSIGNED_CONTEXT ( ( #221, #2794, #3163 ) ) REPRESENTATION_CONTEXT ( 'NONE', 'WORKASPACE' ) );
#1453 = CARTESIAN_POINT ( 'NONE',  ( -3.600000000000001000, -4.500000000000001800, -4.850000000000002300 ) ) ;
#1454 = ORIENTED_EDGE ( 'NONE', *, *, #3597, .F. ) ;
#1455 = DIRECTION ( 'NONE',  ( 1.000000000000000000, -0.0000000000000000000, -0.0000000000000000000 ) ) ;
#1456 = PRESENTATION_STYLE_ASSIGNMENT (( #2278 ) ) ;
#1457 = LINE ( 'NONE', #3068, #82 ) ;
#1458 = CARTESIAN_POINT ( 'NONE',  ( 0.0000000000000000000, -4.400000000000000400, -4.050000000000002500 ) ) ;
#1459 =( GEOMETRIC_REPRESENTATION_CONTEXT ( 3 ) GLOBAL_UNCERTAINTY_ASSIGNED_CONTEXT ( ( #779 ) ) GLOBAL_UNIT_ASSIGNED_CONTEXT ( ( #1774, #1413, #4370 ) ) REPRESENTATION_CONTEXT ( 'NONE', 'WORKASPACE' ) );
#1460 =( LENGTH_UNIT ( ) NAMED_UNIT ( * ) SI_UNIT ( .MILLI., .METRE. ) );
#1461 = PLANE ( 'NONE',  #3019 ) ;
#1462 = DIRECTION ( 'NONE',  ( 0.0000000000000000000, -0.0000000000000000000, 1.000000000000000000 ) ) ;
#1463 = CARTESIAN_POINT ( 'NONE',  ( -9.499999999999996400, -3.750000000000004400, 1.300000000000000300 ) ) ;
#1464 = ORIENTED_EDGE ( 'NONE', *, *, #1827, .F. ) ;
#1465 = EDGE_LOOP ( 'NONE', ( #3974, #1073, #2699, #1640 ) ) ;
#1466 = FILL_AREA_STYLE ('',( #9 ) ) ;
#1467 = ADVANCED_FACE ( 'NONE', ( #166 ), #1540, .T. ) ;
#1468 = ORIENTED_EDGE ( 'NONE', *, *, #3910, .T. ) ;
#1469 = CARTESIAN_POINT ( 'NONE',  ( -0.5000000000000000000, -4.400000000000000400, 1.950000000000000000 ) ) ;
#1470 = ORIENTED_EDGE ( 'NONE', *, *, #4694, .F. ) ;
#1471 = VERTEX_POINT ( 'NONE', #436 ) ;
#1472 = CARTESIAN_POINT ( 'NONE',  ( -0.5000000000000000000, -4.400000000000000400, 1.950000000000000000 ) ) ;
#1473 = FILL_AREA_STYLE ('',( #1858 ) ) ;
#1474 = AXIS2_PLACEMENT_3D ( 'NONE', #1925, #1199, #4094 ) ;
#1475 = DIRECTION ( 'NONE',  ( 0.0000000000000000000, 0.0000000000000000000, -1.000000000000000000 ) ) ;
#1476 = CARTESIAN_POINT ( 'NONE',  ( -1.174999999999999600, -1.950000000000000800, -0.04999999999999969700 ) ) ;
#1477 = PRESENTATION_STYLE_ASSIGNMENT (( #1098 ) ) ;
#1478 = DIRECTION ( 'NONE',  ( 0.0000000000000000000, -1.057758217059031200E-016, -1.000000000000000000 ) ) ;
#1479 = ORIENTED_EDGE ( 'NONE', *, *, #3785, .F. ) ;
#1480 = DIRECTION ( 'NONE',  ( 1.000000000000000000, -0.0000000000000000000, -0.0000000000000000000 ) ) ;
#1481 =( NAMED_UNIT ( * ) PLANE_ANGLE_UNIT ( ) SI_UNIT ( $, .RADIAN. ) );
#1482 = EDGE_CURVE ( 'NONE', #2309, #3049, #1158, .T. ) ;
#1483 = DIRECTION ( 'NONE',  ( -1.000000000000000000, -1.020425574104004100E-016, 0.0000000000000000000 ) ) ;
#1484 = UNCERTAINTY_MEASURE_WITH_UNIT (LENGTH_MEASURE( 1.000000000000000100E-005 ), #4004, 'distance_accuracy_value', 'NONE');
#1485 = ORIENTED_EDGE ( 'NONE', *, *, #4598, .T. ) ;
#1486 = CARTESIAN_POINT ( 'NONE',  ( -9.699999999999997500, -4.500000000000004400, -0.2599999999999996200 ) ) ;
#1487 = EDGE_CURVE ( 'NONE', #4208, #1885, #1374, .T. ) ;
#1488 = LINE ( 'NONE', #57, #3994 ) ;
#1489 = EDGE_LOOP ( 'NONE', ( #3459, #1328, #4448, #2115 ) ) ;
#1490 = VECTOR ( 'NONE', #4283, 1000.000000000000000 ) ;
#1491 = ADVANCED_FACE ( 'NONE', ( #1905 ), #1246, .F. ) ;
#1492 = VECTOR ( 'NONE', #3928, 1000.000000000000100 ) ;
#1493 = SURFACE_SIDE_STYLE ('',( #460 ) ) ;
#1494 = ORIENTED_EDGE ( 'NONE', *, *, #1064, .T. ) ;
#1495 = FILL_AREA_STYLE ('',( #2213 ) ) ;
#1496 = ORIENTED_EDGE ( 'NONE', *, *, #3534, .T. ) ;
#1497 = MECHANICAL_DESIGN_GEOMETRIC_PRESENTATION_REPRESENTATION (  '', ( #2091 ), #3773 ) ;
#1498 = SURFACE_SIDE_STYLE ('',( #923 ) ) ;
#1499 = CARTESIAN_POINT ( 'NONE',  ( -9.250000000000000000, -2.100000000000001000, -2.600000000000000100 ) ) ;
#1500 = DIRECTION ( 'NONE',  ( 0.0000000000000000000, 1.000000000000000000, -0.0000000000000000000 ) ) ;
#1501 = LINE ( 'NONE', #1264, #712 ) ;
#1502 = SURFACE_STYLE_USAGE ( .BOTH. , #1493 ) ;
#1503 = UNCERTAINTY_MEASURE_WITH_UNIT (LENGTH_MEASURE( 1.000000000000000100E-005 ), #2599, 'distance_accuracy_value', 'NONE');
#1504 = EDGE_CURVE ( 'NONE', #4097, #1151, #3876, .T. ) ;
#1505 = PRESENTATION_LAYER_ASSIGNMENT (  '', '', ( #3532 ) ) ;
#1506 = FACE_OUTER_BOUND ( 'NONE', #1323, .T. ) ;
#1507 = VECTOR ( 'NONE', #3918, 1000.000000000000100 ) ;
#1508 = CARTESIAN_POINT ( 'NONE',  ( -9.999999999999998200, -2.450000000000005100, 1.300000000000000300 ) ) ;
#1509 = CARTESIAN_POINT ( 'NONE',  ( -7.400000000000000400, -4.500000000000003600, -3.850000000000002800 ) ) ;
#1510 = DIRECTION ( 'NONE',  ( 0.0000000000000000000, 0.0000000000000000000, -1.000000000000000000 ) ) ;
#1511 = ADVANCED_FACE ( 'NONE', ( #2308 ), #891, .F. ) ;
#1512 = CARTESIAN_POINT ( 'NONE',  ( -9.250000000000000000, -3.650000000000000400, -0.3999999999999997400 ) ) ;
#1513 = VECTOR ( 'NONE', #1330, 1000.000000000000000 ) ;
#1514 = EDGE_CURVE ( 'NONE', #2053, #504, #3695, .T. ) ;
#1515 = FILL_AREA_STYLE ('',( #3397 ) ) ;
#1516 = PRESENTATION_LAYER_ASSIGNMENT (  '', '', ( #1798 ) ) ;
#1517 = FILL_AREA_STYLE ('',( #3295 ) ) ;
#1518 = PLANE ( 'NONE',  #3390 ) ;
#1519 = AXIS2_PLACEMENT_3D ( 'NONE', #2952, #1891, #2978 ) ;
#1520 = CARTESIAN_POINT ( 'NONE',  ( -9.700000000000002800, -1.300000000000000500, 1.950000000000000400 ) ) ;
#1521 = FACE_OUTER_BOUND ( 'NONE', #2604, .T. ) ;
#1522 = ORIENTED_EDGE ( 'NONE', *, *, #546, .T. ) ;
#1523 = ORIENTED_EDGE ( 'NONE', *, *, #441, .F. ) ;
#1524 = ORIENTED_EDGE ( 'NONE', *, *, #540, .F. ) ;
#1525 = PLANE ( 'NONE',  #3395 ) ;
#1526 = CARTESIAN_POINT ( 'NONE',  ( -0.6999999999999998400, -0.6000000000000009800, -2.600000000000000100 ) ) ;
#1527 = DIRECTION ( 'NONE',  ( 1.000000000000000000, -0.0000000000000000000, -0.0000000000000000000 ) ) ;
#1528 = ORIENTED_EDGE ( 'NONE', *, *, #3500, .F. ) ;
#1529 = CARTESIAN_POINT ( 'NONE',  ( -8.825000000000001100, -1.950000000000000800, -7.701470446914109800 ) ) ;
#1530 = FILL_AREA_STYLE ('',( #458 ) ) ;
#1531 = LINE ( 'NONE', #4066, #741 ) ;
#1532 = ADVANCED_FACE ( 'NONE', ( #922 ), #1230, .F. ) ;
#1533 = MECHANICAL_DESIGN_GEOMETRIC_PRESENTATION_REPRESENTATION (  '', ( #4389 ), #2657 ) ;
#1534 = ORIENTED_EDGE ( 'NONE', *, *, #4173, .T. ) ;
#1535 = ORIENTED_EDGE ( 'NONE', *, *, #3948, .T. ) ;
#1536 = PLANE ( 'NONE',  #3035 ) ;
#1537 = LINE ( 'NONE', #2326, #1775 ) ;
#1538 = FILL_AREA_STYLE_COLOUR ( '', #2804 ) ;
#1539 = EDGE_CURVE ( 'NONE', #3494, #2053, #4402, .T. ) ;
#1540 = PLANE ( 'NONE',  #316 ) ;
#1541 = ORIENTED_EDGE ( 'NONE', *, *, #1724, .F. ) ;
#1542 =( GEOMETRIC_REPRESENTATION_CONTEXT ( 3 ) GLOBAL_UNCERTAINTY_ASSIGNED_CONTEXT ( ( #643 ) ) GLOBAL_UNIT_ASSIGNED_CONTEXT ( ( #2501, #310, #2849 ) ) REPRESENTATION_CONTEXT ( 'NONE', 'WORKASPACE' ) );
#1543 = VECTOR ( 'NONE', #1052, 1000.000000000000000 ) ;
#1544 = EDGE_LOOP ( 'NONE', ( #3622, #2156, #268, #3908 ) ) ;
#1545 = EDGE_LOOP ( 'NONE', ( #2906, #3793, #2258, #2613 ) ) ;
#1546 = DIRECTION ( 'NONE',  ( 0.0000000000000000000, -0.0000000000000000000, 1.000000000000000000 ) ) ;
#1547 = VECTOR ( 'NONE', #1480, 1000.000000000000000 ) ;
#1548 = DIRECTION ( 'NONE',  ( 0.0000000000000000000, 0.0000000000000000000, -1.000000000000000000 ) ) ;
#1549 =( GEOMETRIC_REPRESENTATION_CONTEXT ( 3 ) GLOBAL_UNCERTAINTY_ASSIGNED_CONTEXT ( ( #2806 ) ) GLOBAL_UNIT_ASSIGNED_CONTEXT ( ( #4351, #3258, #3995 ) ) REPRESENTATION_CONTEXT ( 'NONE', 'WORKASPACE' ) );
#1550 = ORIENTED_EDGE ( 'NONE', *, *, #1993, .T. ) ;
#1551 = DIRECTION ( 'NONE',  ( 0.0000000000000000000, -0.0000000000000000000, -1.000000000000000000 ) ) ;
#1552 = DIRECTION ( 'NONE',  ( 0.0000000000000000000, 0.0000000000000000000, -1.000000000000000000 ) ) ;
#1553 =( NAMED_UNIT ( * ) SI_UNIT ( $, .STERADIAN. ) SOLID_ANGLE_UNIT ( ) );
#1554 = EDGE_CURVE ( 'NONE', #797, #2514, #3400, .T. ) ;
#1555 = LINE ( 'NONE', #402, #4643 ) ;
#1556 = DIRECTION ( 'NONE',  ( -0.0000000000000000000, -0.0000000000000000000, 1.000000000000000000 ) ) ;
#1557 = CARTESIAN_POINT ( 'NONE',  ( -10.00000000000000000, -0.6500000000000044600, -3.449999999999999700 ) ) ;
#1558 = ADVANCED_FACE ( 'NONE', ( #1207 ), #132, .F. ) ;
#1559 = DIRECTION ( 'NONE',  ( -1.000000000000000000, 0.0000000000000000000, 0.0000000000000000000 ) ) ;
#1560 = VECTOR ( 'NONE', #1313, 1000.000000000000000 ) ;
#1561 =( NAMED_UNIT ( * ) PLANE_ANGLE_UNIT ( ) SI_UNIT ( $, .RADIAN. ) );
#1562 = MECHANICAL_DESIGN_GEOMETRIC_PRESENTATION_REPRESENTATION (  '', ( #1890 ), #1301 ) ;
#1563 = EDGE_CURVE ( 'NONE', #534, #731, #800, .T. ) ;
#1564 = CARTESIAN_POINT ( 'NONE',  ( -8.600000000000001400, -4.500000000000003600, -4.850000000000002300 ) ) ;
#1565 = VECTOR ( 'NONE', #873, 1000.000000000000000 ) ;
#1566 =( NAMED_UNIT ( * ) PLANE_ANGLE_UNIT ( ) SI_UNIT ( $, .RADIAN. ) );
#1567 = EDGE_CURVE ( 'NONE', #1747, #4344, #2572, .T. ) ;
#1568 = ORIENTED_EDGE ( 'NONE', *, *, #1860, .F. ) ;
#1569 =( GEOMETRIC_REPRESENTATION_CONTEXT ( 3 ) GLOBAL_UNCERTAINTY_ASSIGNED_CONTEXT ( ( #1875 ) ) GLOBAL_UNIT_ASSIGNED_CONTEXT ( ( #1226, #3721, #833 ) ) REPRESENTATION_CONTEXT ( 'NONE', 'WORKASPACE' ) );
#1570 = PRODUCT ( 'SM08B-NSHSS', 'SM08B-NSHSS', '', ( #111 ) ) ;
#1571 = EDGE_CURVE ( 'NONE', #807, #4314, #3574, .T. ) ;
#1572 = LINE ( 'NONE', #2444, #1871 ) ;
#1573 = CARTESIAN_POINT ( 'NONE',  ( -0.7499999999999997800, -3.649999999999999900, -0.3999999999999997400 ) ) ;
#1574 = CARTESIAN_POINT ( 'NONE',  ( -1.400000000000000400, -3.449999999999997100, -4.050000000000002500 ) ) ;
#1575 = FACE_OUTER_BOUND ( 'NONE', #3671, .T. ) ;
#1576 = ORIENTED_EDGE ( 'NONE', *, *, #1240, .F. ) ;
#1577 = EDGE_CURVE ( 'NONE', #2766, #288, #4463, .T. ) ;
#1578 = PRESENTATION_LAYER_ASSIGNMENT (  '', '', ( #2241 ) ) ;
#1579 = ORIENTED_EDGE ( 'NONE', *, *, #3216, .T. ) ;
#1580 = ORIENTED_EDGE ( 'NONE', *, *, #1482, .F. ) ;
#1581 = ADVANCED_FACE ( 'NONE', ( #1962 ), #2065, .F. ) ;
#1582 = ORIENTED_EDGE ( 'NONE', *, *, #3641, .F. ) ;
#1583 = CARTESIAN_POINT ( 'NONE',  ( -3.600000000000001000, -4.500000000000001800, -4.850000000000002300 ) ) ;
#1584 =( GEOMETRIC_REPRESENTATION_CONTEXT ( 3 ) GLOBAL_UNCERTAINTY_ASSIGNED_CONTEXT ( ( #2666 ) ) GLOBAL_UNIT_ASSIGNED_CONTEXT ( ( #1262, #3788, #2002 ) ) REPRESENTATION_CONTEXT ( 'NONE', 'WORKASPACE' ) );
#1585 = ORIENTED_EDGE ( 'NONE', *, *, #2404, .T. ) ;
#1586 = ORIENTED_EDGE ( 'NONE', *, *, #2778, .F. ) ;
#1587 = DIRECTION ( 'NONE',  ( -1.000000000000000000, 0.0000000000000000000, -0.0000000000000000000 ) ) ;
#1588 = LINE ( 'NONE', #4698, #340 ) ;
#1589 = CARTESIAN_POINT ( 'NONE',  ( -8.400000000000000400, -3.450000000000000200, -3.950000000000002000 ) ) ;
#1590 = FACE_OUTER_BOUND ( 'NONE', #1970, .T. ) ;
#1591 = ORIENTED_EDGE ( 'NONE', *, *, #872, .F. ) ;
#1592 = VECTOR ( 'NONE', #854, 1000.000000000000000 ) ;
#1593 = CARTESIAN_POINT ( 'NONE',  ( -0.5000000000000000000, -3.750000000000000900, 1.300000000000000300 ) ) ;
#1594 = CARTESIAN_POINT ( 'NONE',  ( -0.5000000000000000000, 0.0000000000000000000, -4.049999999999999800 ) ) ;
#1595 = ORIENTED_EDGE ( 'NONE', *, *, #2801, .T. ) ;
#1596 = ORIENTED_EDGE ( 'NONE', *, *, #3732, .F. ) ;
#1597 = EDGE_CURVE ( 'NONE', #3911, #2960, #525, .T. ) ;
#1598 = DIRECTION ( 'NONE',  ( 0.0000000000000000000, 0.0000000000000000000, -1.000000000000000000 ) ) ;
#1599 = CARTESIAN_POINT ( 'NONE',  ( -2.774999999999999500, -0.3499999999999994200, -3.449999999999999700 ) ) ;
#1600 =( NAMED_UNIT ( * ) SI_UNIT ( $, .STERADIAN. ) SOLID_ANGLE_UNIT ( ) );
#1601 = VECTOR ( 'NONE', #2943, 1000.000000000000000 ) ;
#1602 = ORIENTED_EDGE ( 'NONE', *, *, #3534, .F. ) ;
#1603 = LINE ( 'NONE', #955, #3589 ) ;
#1604 = VECTOR ( 'NONE', #4645, 1000.000000000000000 ) ;
#1605 = CARTESIAN_POINT ( 'NONE',  ( -1.600000000000000500, -4.500000000000000900, -4.850000000000002300 ) ) ;
#1606 = EDGE_CURVE ( 'NONE', #4284, #1145, #1318, .T. ) ;
#1607 = VERTEX_POINT ( 'NONE', #1677 ) ;
#1608 = LINE ( 'NONE', #2872, #4525 ) ;
#1609 = ADVANCED_FACE ( 'NONE', ( #3135 ), #2740, .T. ) ;
#1610 = ORIENTED_EDGE ( 'NONE', *, *, #4101, .F. ) ;
#1611 = PLANE ( 'NONE',  #3191 ) ;
#1612 = VECTOR ( 'NONE', #1729, 1000.000000000000000 ) ;
#1613 = AXIS2_PLACEMENT_3D ( 'NONE', #3307, #1876, #85 ) ;
#1614 = DIRECTION ( 'NONE',  ( 1.000000000000000000, 5.102127870520020600E-017, 0.0000000000000000000 ) ) ;
#1615 = VECTOR ( 'NONE', #2739, 1000.000000000000000 ) ;
#1616 = CARTESIAN_POINT ( 'NONE',  ( -0.5000000000000000000, -0.6500000000000001300, -2.149999999999999900 ) ) ;
#1617 = CARTESIAN_POINT ( 'NONE',  ( -0.5000000000000000000, -2.450000000000004600, 1.940000000000000400 ) ) ;
#1618 = VECTOR ( 'NONE', #4577, 1000.000000000000000 ) ;
#1619 = SURFACE_STYLE_USAGE ( .BOTH. , #2645 ) ;
#1620 = SURFACE_SIDE_STYLE ('',( #985 ) ) ;
#1621 = SURFACE_STYLE_USAGE ( .BOTH. , #3091 ) ;
#1622 = ORIENTED_EDGE ( 'NONE', *, *, #3732, .T. ) ;
#1623 = FACE_OUTER_BOUND ( 'NONE', #3997, .T. ) ;
#1624 = DIRECTION ( 'NONE',  ( -1.000000000000000000, -8.462065736472233800E-016, 0.0000000000000000000 ) ) ;
#1625 = CARTESIAN_POINT ( 'NONE',  ( -0.5000000000000000000, -3.750000000000000900, 1.300000000000000300 ) ) ;
#1626 = LINE ( 'NONE', #1383, #186 ) ;
#1627 = COLOUR_RGB ( '',0.7529411764705882200, 0.7529411764705882200, 0.7529411764705882200 ) ;
#1628 = STYLED_ITEM ( 'NONE', ( #1813 ), #3845 ) ;
#1629 = ORIENTED_EDGE ( 'NONE', *, *, #1993, .F. ) ;
#1630 = ORIENTED_EDGE ( 'NONE', *, *, #2084, .F. ) ;
#1631 = ADVANCED_FACE ( 'NONE', ( #3186 ), #193, .F. ) ;
#1632 = ORIENTED_EDGE ( 'NONE', *, *, #1361, .F. ) ;
#1633 = STYLED_ITEM ( 'NONE', ( #633 ), #1886 ) ;
#1634 = CARTESIAN_POINT ( 'NONE',  ( -9.499999999999996400, -3.750000000000004400, -0.2599999999999998400 ) ) ;
#1635 = EDGE_CURVE ( 'NONE', #983, #2223, #2899, .T. ) ;
#1636 = VECTOR ( 'NONE', #3682, 1000.000000000000000 ) ;
#1637 = STYLED_ITEM ( 'NONE', ( #273 ), #2690 ) ;
#1638 = CARTESIAN_POINT ( 'NONE',  ( -4.400000000000000400, -4.200000000000002000, -3.950000000000002000 ) ) ;
#1639 = ORIENTED_EDGE ( 'NONE', *, *, #4324, .T. ) ;
#1640 = ORIENTED_EDGE ( 'NONE', *, *, #1554, .T. ) ;
#1641 = ORIENTED_EDGE ( 'NONE', *, *, #1571, .T. ) ;
#1642 = ORIENTED_EDGE ( 'NONE', *, *, #1840, .T. ) ;
#1643 = FACE_OUTER_BOUND ( 'NONE', #3325, .T. ) ;
#1644 =( GEOMETRIC_REPRESENTATION_CONTEXT ( 3 ) GLOBAL_UNCERTAINTY_ASSIGNED_CONTEXT ( ( #3661 ) ) GLOBAL_UNIT_ASSIGNED_CONTEXT ( ( #2479, #3528, #297 ) ) REPRESENTATION_CONTEXT ( 'NONE', 'WORKASPACE' ) );
#1645 = CARTESIAN_POINT ( 'NONE',  ( -3.749999999999999600, -1.349999999999999200, -0.6099999999999998800 ) ) ;
#1646 = CARTESIAN_POINT ( 'NONE',  ( -6.599999999999999600, -4.500000000000003600, -4.850000000000002300 ) ) ;
#1647 = ORIENTED_EDGE ( 'NONE', *, *, #3566, .F. ) ;
#1648 = ORIENTED_EDGE ( 'NONE', *, *, #631, .T. ) ;
#1649 = PRESENTATION_STYLE_ASSIGNMENT (( #4690 ) ) ;
#1650 = VERTEX_POINT ( 'NONE', #3577 ) ;
#1651 = CARTESIAN_POINT ( 'NONE',  ( -7.599999999999999600, -4.200000000000002800, -3.950000000000002000 ) ) ;
#1652 = LINE ( 'NONE', #3952, #49 ) ;
#1653 = ORIENTED_EDGE ( 'NONE', *, *, #1675, .T. ) ;
#1654 = DIRECTION ( 'NONE',  ( 0.0000000000000000000, 0.0000000000000000000, 1.000000000000000000 ) ) ;
#1655 = ORIENTED_EDGE ( 'NONE', *, *, #2836, .F. ) ;
#1656 = CARTESIAN_POINT ( 'NONE',  ( -7.599999999999999600, -4.400000000000000400, -3.750000000000000400 ) ) ;
#1657 = DIRECTION ( 'NONE',  ( 1.000000000000000000, 0.0000000000000000000, 0.0000000000000000000 ) ) ;
#1658 = COLOUR_RGB ( '',0.7529411764705882200, 0.7529411764705882200, 0.7529411764705882200 ) ;
#1659 = PLANE ( 'NONE',  #1210 ) ;
#1660 = VECTOR ( 'NONE', #2646, 1000.000000000000000 ) ;
#1661 = VERTEX_POINT ( 'NONE', #4286 ) ;
#1662 = SURFACE_SIDE_STYLE ('',( #4131 ) ) ;
#1663 = VECTOR ( 'NONE', #792, 1000.000000000000000 ) ;
#1664 = LINE ( 'NONE', #629, #694 ) ;
#1665 = VERTEX_POINT ( 'NONE', #685 ) ;
#1666 = ORIENTED_EDGE ( 'NONE', *, *, #4138, .T. ) ;
#1667 = EDGE_CURVE ( 'NONE', #1650, #61, #3343, .T. ) ;
#1668 = ORIENTED_EDGE ( 'NONE', *, *, #1727, .T. ) ;
#1669 = CARTESIAN_POINT ( 'NONE',  ( -9.250000000000000000, -3.650000000000000400, -2.600000000000000100 ) ) ;
#1670 = LINE ( 'NONE', #1404, #2914 ) ;
#1671 =( GEOMETRIC_REPRESENTATION_CONTEXT ( 3 ) GLOBAL_UNCERTAINTY_ASSIGNED_CONTEXT ( ( #1503 ) ) GLOBAL_UNIT_ASSIGNED_CONTEXT ( ( #2599, #3348, #2302 ) ) REPRESENTATION_CONTEXT ( 'NONE', 'WORKASPACE' ) );
#1672 = COLOUR_RGB ( '',0.7529411764705882200, 0.7529411764705882200, 0.7529411764705882200 ) ;
#1673 = EDGE_LOOP ( 'NONE', ( #2165, #1535, #3789, #4440, #1031, #4616 ) ) ;
#1674 = DIRECTION ( 'NONE',  ( 0.0000000000000000000, 1.000000000000000000, -6.672013369141566200E-016 ) ) ;
#1675 = EDGE_CURVE ( 'NONE', #496, #3013, #158, .T. ) ;
#1676 =( GEOMETRIC_REPRESENTATION_CONTEXT ( 3 ) GLOBAL_UNCERTAINTY_ASSIGNED_CONTEXT ( ( #128 ) ) GLOBAL_UNIT_ASSIGNED_CONTEXT ( ( #2049, #2372, #4205 ) ) REPRESENTATION_CONTEXT ( 'NONE', 'WORKASPACE' ) );
#1677 = CARTESIAN_POINT ( 'NONE',  ( -3.600000000000001000, -4.400000000000000400, -3.750000000000002200 ) ) ;
#1678 = LINE ( 'NONE', #18, #2527 ) ;
#1679 =( NAMED_UNIT ( * ) SI_UNIT ( $, .STERADIAN. ) SOLID_ANGLE_UNIT ( ) );
#1680 = CARTESIAN_POINT ( 'NONE',  ( -2.400000000000000800, -4.500000000000001800, -3.850000000000002800 ) ) ;
#1681 = EDGE_CURVE ( 'NONE', #2776, #2947, #4625, .T. ) ;
#1682 = LINE ( 'NONE', #3715, #129 ) ;
#1683 = STYLED_ITEM ( 'NONE', ( #4291 ), #1336 ) ;
#1684 = ADVANCED_FACE ( 'NONE', ( #3634 ), #2473, .T. ) ;
#1685 = SURFACE_STYLE_FILL_AREA ( #4160 ) ;
#1686 = ORIENTED_EDGE ( 'NONE', *, *, #3304, .F. ) ;
#1687 = PRESENTATION_STYLE_ASSIGNMENT (( #1621 ) ) ;
#1688 = DIRECTION ( 'NONE',  ( 0.0000000000000000000, 0.0000000000000000000, -1.000000000000000000 ) ) ;
#1689 = ORIENTED_EDGE ( 'NONE', *, *, #3007, .F. ) ;
#1690 = UNCERTAINTY_MEASURE_WITH_UNIT (LENGTH_MEASURE( 1.000000000000000100E-005 ), #2954, 'distance_accuracy_value', 'NONE');
#1691 = PRESENTATION_STYLE_ASSIGNMENT (( #1619 ) ) ;
#1692 = DIRECTION ( 'NONE',  ( -0.0000000000000000000, -0.0000000000000000000, 1.000000000000000000 ) ) ;
#1693 = STYLED_ITEM ( 'NONE', ( #4019 ), #4437 ) ;
#1694 = ORIENTED_EDGE ( 'NONE', *, *, #1354, .T. ) ;
#1695 = ORIENTED_EDGE ( 'NONE', *, *, #4659, .T. ) ;
#1696 = CARTESIAN_POINT ( 'NONE',  ( -3.749999999999999600, -1.799999999999999400, -1.800000000000000000 ) ) ;
#1697 = EDGE_CURVE ( 'NONE', #2395, #3293, #2296, .T. ) ;
#1698 = ORIENTED_EDGE ( 'NONE', *, *, #1577, .T. ) ;
#1699 = MECHANICAL_DESIGN_GEOMETRIC_PRESENTATION_REPRESENTATION (  '', ( #1307 ), #1542 ) ;
#1700 = CARTESIAN_POINT ( 'NONE',  ( -8.825000000000001100, -2.100000000000000100, -0.04999999999999969700 ) ) ;
#1701 = VECTOR ( 'NONE', #1388, 1000.000000000000000 ) ;
#1702 =( NAMED_UNIT ( * ) SI_UNIT ( $, .STERADIAN. ) SOLID_ANGLE_UNIT ( ) );
#1703 = ORIENTED_EDGE ( 'NONE', *, *, #4216, .F. ) ;
#1704 = PLANE ( 'NONE',  #4636 ) ;
#1705 = DIRECTION ( 'NONE',  ( 1.000000000000000000, 0.0000000000000000000, 0.0000000000000000000 ) ) ;
#1706 = SURFACE_STYLE_FILL_AREA ( #3208 ) ;
#1707 = CARTESIAN_POINT ( 'NONE',  ( -8.825000000000001100, -2.100000000000000100, 1.950000000000000400 ) ) ;
#1708 = CARTESIAN_POINT ( 'NONE',  ( -5.599999999999999600, -4.200000000000002000, -4.850000000000002300 ) ) ;
#1709 = VERTEX_POINT ( 'NONE', #2811 ) ;
#1710 = ORIENTED_EDGE ( 'NONE', *, *, #4209, .F. ) ;
#1711 = LINE ( 'NONE', #1795, #3241 ) ;
#1712 = VECTOR ( 'NONE', #4179, 1000.000000000000000 ) ;
#1713 = ORIENTED_EDGE ( 'NONE', *, *, #1272, .T. ) ;
#1714 = ORIENTED_EDGE ( 'NONE', *, *, #2778, .T. ) ;
#1715 = FILL_AREA_STYLE_COLOUR ( '', #760 ) ;
#1716 = VERTEX_POINT ( 'NONE', #4650 ) ;
#1717 =( LENGTH_UNIT ( ) NAMED_UNIT ( * ) SI_UNIT ( .MILLI., .METRE. ) );
#1718 = VECTOR ( 'NONE', #3694, 1000.000000000000000 ) ;
#1719 = VECTOR ( 'NONE', #4247, 1000.000000000000000 ) ;
#1720 = AXIS2_PLACEMENT_3D ( 'NONE', #2210, #2918, #1119 ) ;
#1721 = ORIENTED_EDGE ( 'NONE', *, *, #2680, .F. ) ;
#1722 = CARTESIAN_POINT ( 'NONE',  ( -9.699999999999999300, -2.450000000000008600, 1.940000000000000400 ) ) ;
#1723 = ORIENTED_EDGE ( 'NONE', *, *, #2141, .F. ) ;
#1724 = EDGE_CURVE ( 'NONE', #4473, #4723, #2958, .T. ) ;
#1725 = FILL_AREA_STYLE ('',( #3894 ) ) ;
#1726 = DIRECTION ( 'NONE',  ( -0.0000000000000000000, 0.0000000000000000000, -1.000000000000000000 ) ) ;
#1727 = EDGE_CURVE ( 'NONE', #4097, #3967, #4738, .T. ) ;
#1728 = LINE ( 'NONE', #3351, #3656 ) ;
#1729 = DIRECTION ( 'NONE',  ( 0.0000000000000000000, -3.854941057726238100E-016, -1.000000000000000000 ) ) ;
#1730 = EDGE_CURVE ( 'NONE', #863, #3494, #4222, .T. ) ;
#1731 = CARTESIAN_POINT ( 'NONE',  ( -3.600000000000001000, -4.200000000000001100, -3.950000000000002000 ) ) ;
#1732 = LINE ( 'NONE', #2357, #655 ) ;
#1733 = DIRECTION ( 'NONE',  ( 0.0000000000000000000, -1.000000000000000000, 0.0000000000000000000 ) ) ;
#1734 = DIRECTION ( 'NONE',  ( 0.0000000000000000000, 1.000000000000000000, 0.0000000000000000000 ) ) ;
#1735 = FILL_AREA_STYLE_COLOUR ( '', #1658 ) ;
#1736 = PRESENTATION_LAYER_ASSIGNMENT (  '', '', ( #1283 ) ) ;
#1737 = VERTEX_POINT ( 'NONE', #3173 ) ;
#1738 = FACE_OUTER_BOUND ( 'NONE', #2026, .T. ) ;
#1739 = CARTESIAN_POINT ( 'NONE',  ( 0.0000000000000000000, -4.400000000000000400, 1.950000000000000000 ) ) ;
#1740 = LINE ( 'NONE', #617, #1288 ) ;
#1741 = LINE ( 'NONE', #753, #2041 ) ;
#1742 = ORIENTED_EDGE ( 'NONE', *, *, #844, .F. ) ;
#1743 = FILL_AREA_STYLE_COLOUR ( '', #932 ) ;
#1744 = UNCERTAINTY_MEASURE_WITH_UNIT (LENGTH_MEASURE( 1.000000000000000100E-005 ), #1173, 'distance_accuracy_value', 'NONE');
#1745 = FILL_AREA_STYLE ('',( #4273 ) ) ;
#1746 = VECTOR ( 'NONE', #4613, 1000.000000000000000 ) ;
#1747 = VERTEX_POINT ( 'NONE', #2861 ) ;
#1748 = PRODUCT_DEFINITION_SHAPE ( 'NONE', 'NONE',  #843 ) ;
#1749 = DIRECTION ( 'NONE',  ( 0.0000000000000000000, 0.0000000000000000000, -1.000000000000000000 ) ) ;
#1750 = CARTESIAN_POINT ( 'NONE',  ( -0.5000000000000000000, -3.750000000000000900, -0.2999999999999999300 ) ) ;
#1751 = CARTESIAN_POINT ( 'NONE',  ( -1.600000000000000500, -4.200000000000000200, -4.850000000000002300 ) ) ;
#1752 = VERTEX_POINT ( 'NONE', #4672 ) ;
#1753 = EDGE_CURVE ( 'NONE', #983, #3432, #856, .T. ) ;
#1754 = ORIENTED_EDGE ( 'NONE', *, *, #3311, .F. ) ;
#1755 = CARTESIAN_POINT ( 'NONE',  ( -10.00000000000000000, -4.400000000000000400, 1.950000000000000000 ) ) ;
#1756 = VERTEX_POINT ( 'NONE', #1769 ) ;
#1757 = ORIENTED_EDGE ( 'NONE', *, *, #13, .T. ) ;
#1758 = SURFACE_SIDE_STYLE ('',( #3234 ) ) ;
#1759 = ORIENTED_EDGE ( 'NONE', *, *, #4040, .F. ) ;
#1760 =( NAMED_UNIT ( * ) SI_UNIT ( $, .STERADIAN. ) SOLID_ANGLE_UNIT ( ) );
#1761 = DIRECTION ( 'NONE',  ( 0.0000000000000000000, -1.000000000000000000, -9.856383386231856400E-017 ) ) ;
#1762 = EDGE_CURVE ( 'NONE', #61, #1950, #219, .T. ) ;
#1763 =( NAMED_UNIT ( * ) SI_UNIT ( $, .STERADIAN. ) SOLID_ANGLE_UNIT ( ) );
#1764 = LINE ( 'NONE', #3986, #1892 ) ;
#1765 = SURFACE_SIDE_STYLE ('',( #2948 ) ) ;
#1766 = MECHANICAL_DESIGN_GEOMETRIC_PRESENTATION_REPRESENTATION (  '', ( #2290 ), #3946 ) ;
#1767 = CARTESIAN_POINT ( 'NONE',  ( -9.699999999999997500, -3.750000000000004400, -0.2599999999999997900 ) ) ;
#1768 = VERTEX_POINT ( 'NONE', #4315 ) ;
#1769 = CARTESIAN_POINT ( 'NONE',  ( -0.6999999999999998400, -0.6000000000000009800, 1.950000000000000400 ) ) ;
#1770 = FACE_BOUND ( 'NONE', #1257, .T. ) ;
#1771 = PRESENTATION_LAYER_ASSIGNMENT (  '', '', ( #3287 ) ) ;
#1772 = ORIENTED_EDGE ( 'NONE', *, *, #3885, .T. ) ;
#1773 = CARTESIAN_POINT ( 'NONE',  ( -0.5000000000000000000, -4.400000000000001200, 1.940000000000000600 ) ) ;
#1774 =( LENGTH_UNIT ( ) NAMED_UNIT ( * ) SI_UNIT ( .MILLI., .METRE. ) );
#1775 = VECTOR ( 'NONE', #491, 1000.000000000000000 ) ;
#1776 = DIRECTION ( 'NONE',  ( 0.0000000000000000000, 0.0000000000000000000, 1.000000000000000000 ) ) ;
#1777 = ORIENTED_EDGE ( 'NONE', *, *, #1868, .F. ) ;
#1778 = FACE_OUTER_BOUND ( 'NONE', #1436, .T. ) ;
#1779 = ORIENTED_EDGE ( 'NONE', *, *, #4485, .F. ) ;
#1780 = DIRECTION ( 'NONE',  ( -1.000000000000000000, 0.0000000000000000000, 0.0000000000000000000 ) ) ;
#1781 = COLOUR_RGB ( '',0.7529411764705882200, 0.7529411764705882200, 0.7529411764705882200 ) ;
#1782 = VERTEX_POINT ( 'NONE', #2499 ) ;
#1783 = PLANE ( 'NONE',  #4576 ) ;
#1784 = LINE ( 'NONE', #1651, #4692 ) ;
#1785 = DIRECTION ( 'NONE',  ( 0.0000000000000000000, 0.0000000000000000000, 1.000000000000000000 ) ) ;
#1786 = VERTEX_POINT ( 'NONE', #3917 ) ;
#1787 = LINE ( 'NONE', #2068, #988 ) ;
#1788 = ORIENTED_EDGE ( 'NONE', *, *, #4130, .F. ) ;
#1789 = LINE ( 'NONE', #1228, #818 ) ;
#1790 = PLANE ( 'NONE',  #1822 ) ;
#1791 = PRESENTATION_LAYER_ASSIGNMENT (  '', '', ( #4389 ) ) ;
#1792 = SURFACE_STYLE_USAGE ( .BOTH. , #4002 ) ;
#1793 = PLANE ( 'NONE',  #2814 ) ;
#1794 = DIRECTION ( 'NONE',  ( 1.000000000000000000, -0.0000000000000000000, 0.0000000000000000000 ) ) ;
#1795 = CARTESIAN_POINT ( 'NONE',  ( -2.400000000000000800, -3.449999999999997500, -4.050000000000002500 ) ) ;
#1796 = VECTOR ( 'NONE', #3665, 1000.000000000000000 ) ;
#1797 = CARTESIAN_POINT ( 'NONE',  ( -0.5000000000000000000, -0.6500000000000001300, -3.449999999999999700 ) ) ;
#1798 = STYLED_ITEM ( 'NONE', ( #4307 ), #1966 ) ;
#1799 = EDGE_CURVE ( 'NONE', #4680, #3239, #3452, .T. ) ;
#1800 = CARTESIAN_POINT ( 'NONE',  ( -3.600000000000001000, -4.500000000000001800, -3.850000000000002800 ) ) ;
#1801 =( GEOMETRIC_REPRESENTATION_CONTEXT ( 3 ) GLOBAL_UNCERTAINTY_ASSIGNED_CONTEXT ( ( #2055 ) ) GLOBAL_UNIT_ASSIGNED_CONTEXT ( ( #3565, #4715, #1400 ) ) REPRESENTATION_CONTEXT ( 'NONE', 'WORKASPACE' ) );
#1802 = LINE ( 'NONE', #4545, #2034 ) ;
#1803 = LINE ( 'NONE', #4192, #4012 ) ;
#1804 =( GEOMETRIC_REPRESENTATION_CONTEXT ( 3 ) GLOBAL_UNCERTAINTY_ASSIGNED_CONTEXT ( ( #3805 ) ) GLOBAL_UNIT_ASSIGNED_CONTEXT ( ( #3105, #1308, #1379 ) ) REPRESENTATION_CONTEXT ( 'NONE', 'WORKASPACE' ) );
#1805 = FILL_AREA_STYLE ('',( #2202 ) ) ;
#1806 = CARTESIAN_POINT ( 'NONE',  ( -8.600000000000001400, -3.450000000000000200, -3.950000000000002000 ) ) ;
#1807 = CARTESIAN_POINT ( 'NONE',  ( 0.0000000000000000000, -2.250000000000000000, -3.450000000000000200 ) ) ;
#1808 = SURFACE_STYLE_FILL_AREA ( #2051 ) ;
#1809 = VECTOR ( 'NONE', #2758, 1000.000000000000000 ) ;
#1810 = SURFACE_STYLE_USAGE ( .BOTH. , #3205 ) ;
#1811 = CARTESIAN_POINT ( 'NONE',  ( -1.400000000000000400, -4.200000000000000200, -4.850000000000002300 ) ) ;
#1812 =( LENGTH_UNIT ( ) NAMED_UNIT ( * ) SI_UNIT ( .MILLI., .METRE. ) );
#1813 = PRESENTATION_STYLE_ASSIGNMENT (( #1387 ) ) ;
#1814 = LINE ( 'NONE', #527, #835 ) ;
#1815 = VERTEX_POINT ( 'NONE', #3596 ) ;
#1816 = ORIENTED_EDGE ( 'NONE', *, *, #2686, .F. ) ;
#1817 = DIRECTION ( 'NONE',  ( -1.000000000000000000, -8.462065736472234800E-016, -0.0000000000000000000 ) ) ;
#1818 = CARTESIAN_POINT ( 'NONE',  ( -8.825000000000001100, -0.6000000000000009800, -4.173411897755954700 ) ) ;
#1819 = SURFACE_STYLE_FILL_AREA ( #335 ) ;
#1820 = ORIENTED_EDGE ( 'NONE', *, *, #459, .F. ) ;
#1821 = ORIENTED_EDGE ( 'NONE', *, *, #2322, .F. ) ;
#1822 = AXIS2_PLACEMENT_3D ( 'NONE', #4365, #1478, #4022 ) ;
#1823 = DIRECTION ( 'NONE',  ( 0.0000000000000000000, 1.000000000000000000, 0.0000000000000000000 ) ) ;
#1824 = EDGE_CURVE ( 'NONE', #3003, #2440, #1652, .T. ) ;
#1825 = ORIENTED_EDGE ( 'NONE', *, *, #448, .T. ) ;
#1826 = SURFACE_SIDE_STYLE ('',( #2173 ) ) ;
#1827 = EDGE_CURVE ( 'NONE', #4344, #215, #2506, .T. ) ;
#1828 = ORIENTED_EDGE ( 'NONE', *, *, #353, .F. ) ;
#1829 = CARTESIAN_POINT ( 'NONE',  ( -9.700000000000002800, -1.300000000000000500, -1.799999999999999600 ) ) ;
#1830 = DIRECTION ( 'NONE',  ( -1.000000000000000000, -4.231032868236116900E-016, -0.0000000000000000000 ) ) ;
#1831 = EDGE_CURVE ( 'NONE', #1944, #4338, #2828, .T. ) ;
#1832 =( NAMED_UNIT ( * ) PLANE_ANGLE_UNIT ( ) SI_UNIT ( $, .RADIAN. ) );
#1833 = CARTESIAN_POINT ( 'NONE',  ( -9.499999999999996400, -4.500000000000004400, 1.940000000000000600 ) ) ;
#1834 = AXIS2_PLACEMENT_3D ( 'NONE', #2317, #4100, #480 ) ;
#1835 = EDGE_LOOP ( 'NONE', ( #521, #3237, #1304, #1082, #3053, #3006 ) ) ;
#1836 = EDGE_CURVE ( 'NONE', #90, #51, #3125, .T. ) ;
#1837 = SURFACE_SIDE_STYLE ('',( #2294 ) ) ;
#1838 = LINE ( 'NONE', #1087, #796 ) ;
#1839 = ORIENTED_EDGE ( 'NONE', *, *, #1753, .F. ) ;
#1840 = EDGE_CURVE ( 'NONE', #1974, #4000, #102, .T. ) ;
#1841 = ADVANCED_FACE ( 'NONE', ( #1957 ), #733, .T. ) ;
#1842 =( LENGTH_UNIT ( ) NAMED_UNIT ( * ) SI_UNIT ( .MILLI., .METRE. ) );
#1843 = CARTESIAN_POINT ( 'NONE',  ( -9.699999999999999300, -2.450000000000008600, 1.940000000000000400 ) ) ;
#1844 = CARTESIAN_POINT ( 'NONE',  ( -10.00000000000000000, -0.6500000000000044600, -2.149999999999999900 ) ) ;
#1845 = PRESENTATION_STYLE_ASSIGNMENT (( #75 ) ) ;
#1846 = AXIS2_PLACEMENT_3D ( 'NONE', #4573, #3101, #2384 ) ;
#1847 = CARTESIAN_POINT ( 'NONE',  ( -1.600000000000000500, -4.400000000000000400, -4.050000000000002500 ) ) ;
#1848 = ORIENTED_EDGE ( 'NONE', *, *, #3353, .T. ) ;
#1849 = DIRECTION ( 'NONE',  ( 1.000000000000000000, 0.0000000000000000000, -0.0000000000000000000 ) ) ;
#1850 = CARTESIAN_POINT ( 'NONE',  ( -9.499999999999998200, -2.250000000000003600, -4.049999999999999800 ) ) ;
#1851 = VECTOR ( 'NONE', #1830, 1000.000000000000000 ) ;
#1852 = UNCERTAINTY_MEASURE_WITH_UNIT (LENGTH_MEASURE( 1.000000000000000100E-005 ), #2587, 'distance_accuracy_value', 'NONE');
#1853 = LINE ( 'NONE', #1352, #4745 ) ;
#1854 = ORIENTED_EDGE ( 'NONE', *, *, #2996, .F. ) ;
#1855 = FACE_OUTER_BOUND ( 'NONE', #1155, .T. ) ;
#1856 = DIRECTION ( 'NONE',  ( 1.000000000000000000, 0.0000000000000000000, -0.0000000000000000000 ) ) ;
#1857 = SURFACE_SIDE_STYLE ('',( #408 ) ) ;
#1858 = FILL_AREA_STYLE_COLOUR ( '', #3814 ) ;
#1859 = FACE_OUTER_BOUND ( 'NONE', #700, .T. ) ;
#1860 = EDGE_CURVE ( 'NONE', #862, #2253, #3868, .T. ) ;
#1861 = CARTESIAN_POINT ( 'NONE',  ( -4.599999999999999600, -4.500000000000002700, -4.850000000000002300 ) ) ;
#1862 = LINE ( 'NONE', #594, #2924 ) ;
#1863 = STYLED_ITEM ( 'NONE', ( #2866 ), #4553 ) ;
#1864 = CARTESIAN_POINT ( 'NONE',  ( -7.225000000000000500, -1.950000000000000800, 1.950000000000000400 ) ) ;
#1865 = CARTESIAN_POINT ( 'NONE',  ( -9.699999999999999300, -2.450000000000009100, -0.2599999999999997900 ) ) ;
#1866 = ADVANCED_FACE ( 'NONE', ( #1770, #275 ), #1137, .F. ) ;
#1867 = VECTOR ( 'NONE', #828, 1000.000000000000000 ) ;
#1868 = EDGE_CURVE ( 'NONE', #3013, #1909, #1838, .T. ) ;
#1869 = EDGE_LOOP ( 'NONE', ( #3251, #400, #4154, #1496 ) ) ;
#1870 = VECTOR ( 'NONE', #600, 1000.000000000000000 ) ;
#1871 = VECTOR ( 'NONE', #1362, 1000.000000000000000 ) ;
#1872 = AXIS2_PLACEMENT_3D ( 'NONE', #21, #1926, #3681 ) ;
#1873 = LINE ( 'NONE', #1978, #3044 ) ;
#1874 = CARTESIAN_POINT ( 'NONE',  ( -2.774999999999999500, -0.3499999999999986500, 1.950000000000000400 ) ) ;
#1875 = UNCERTAINTY_MEASURE_WITH_UNIT (LENGTH_MEASURE( 1.000000000000000100E-005 ), #1226, 'distance_accuracy_value', 'NONE');
#1876 = DIRECTION ( 'NONE',  ( 0.0000000000000000000, -1.000000000000000000, -0.0000000000000000000 ) ) ;
#1877 = CARTESIAN_POINT ( 'NONE',  ( -8.600000000000001400, -4.500000000000003600, -3.850000000000002800 ) ) ;
#1878 = VECTOR ( 'NONE', #4393, 1000.000000000000000 ) ;
#1879 = ORIENTED_EDGE ( 'NONE', *, *, #3711, .F. ) ;
#1880 = VERTEX_POINT ( 'NONE', #3315 ) ;
#1881 = DIRECTION ( 'NONE',  ( 0.0000000000000000000, 0.0000000000000000000, -1.000000000000000000 ) ) ;
#1882 = VERTEX_POINT ( 'NONE', #4737 ) ;
#1883 = VERTEX_POINT ( 'NONE', #3266 ) ;
#1884 = LINE ( 'NONE', #2228, #4670 ) ;
#1885 = VERTEX_POINT ( 'NONE', #1154 ) ;
#1886 = ADVANCED_FACE ( 'NONE', ( #1590 ), #383, .F. ) ;
#1887 = EDGE_LOOP ( 'NONE', ( #3871, #3920, #1134, #1187, #912, #2203 ) ) ;
#1888 = VERTEX_POINT ( 'NONE', #2212 ) ;
#1889 = DIRECTION ( 'NONE',  ( -0.0000000000000000000, 1.000000000000000000, 0.0000000000000000000 ) ) ;
#1890 = STYLED_ITEM ( 'NONE', ( #3192 ), #3700 ) ;
#1891 = DIRECTION ( 'NONE',  ( 0.0000000000000000000, 0.7071067811865460200, -0.7071067811865490200 ) ) ;
#1892 = VECTOR ( 'NONE', #1035, 1000.000000000000000 ) ;
#1893 = VERTEX_POINT ( 'NONE', #3302 ) ;
#1894 = MECHANICAL_DESIGN_GEOMETRIC_PRESENTATION_REPRESENTATION (  '', ( #1633 ), #2364 ) ;
#1895 = FILL_AREA_STYLE ('',( #1538 ) ) ;
#1896 = EDGE_CURVE ( 'NONE', #2396, #3049, #3368, .T. ) ;
#1897 = CARTESIAN_POINT ( 'NONE',  ( -6.599999999999999600, -4.500000000000003600, -3.850000000000002800 ) ) ;
#1898 = LINE ( 'NONE', #244, #4228 ) ;
#1899 = DIRECTION ( 'NONE',  ( 1.000000000000000000, -0.0000000000000000000, -0.0000000000000000000 ) ) ;
#1900 = PRESENTATION_LAYER_ASSIGNMENT (  '', '', ( #3887 ) ) ;
#1901 = ORIENTED_EDGE ( 'NONE', *, *, #4317, .T. ) ;
#1902 = ORIENTED_EDGE ( 'NONE', *, *, #3210, .F. ) ;
#1903 =( LENGTH_UNIT ( ) NAMED_UNIT ( * ) SI_UNIT ( .MILLI., .METRE. ) );
#1904 = SURFACE_STYLE_FILL_AREA ( #3513 ) ;
#1905 = FACE_OUTER_BOUND ( 'NONE', #2559, .T. ) ;
#1906 = MECHANICAL_DESIGN_GEOMETRIC_PRESENTATION_REPRESENTATION (  '', ( #2949 ), #106 ) ;
#1907 = ORIENTED_EDGE ( 'NONE', *, *, #3451, .T. ) ;
#1908 = FACE_OUTER_BOUND ( 'NONE', #2595, .T. ) ;
#1909 = VERTEX_POINT ( 'NONE', #1122 ) ;
#1910 = VECTOR ( 'NONE', #422, 1000.000000000000000 ) ;
#1911 = UNCERTAINTY_MEASURE_WITH_UNIT (LENGTH_MEASURE( 1.000000000000000100E-005 ), #3774, 'distance_accuracy_value', 'NONE');
#1912 = PRESENTATION_STYLE_ASSIGNMENT (( #658 ) ) ;
#1913 = PLANE ( 'NONE',  #1613 ) ;
#1914 = EDGE_LOOP ( 'NONE', ( #3735, #2701, #2015, #2553 ) ) ;
#1915 = LINE ( 'NONE', #3429, #4241 ) ;
#1916 = ADVANCED_FACE ( 'NONE', ( #1337 ), #3648, .T. ) ;
#1917 = DIRECTION ( 'NONE',  ( -0.0000000000000000000, 1.000000000000000000, 0.0000000000000000000 ) ) ;
#1918 =( NAMED_UNIT ( * ) PLANE_ANGLE_UNIT ( ) SI_UNIT ( $, .RADIAN. ) );
#1919 = DIRECTION ( 'NONE',  ( 0.0000000000000000000, -1.000000000000000000, 0.0000000000000000000 ) ) ;
#1920 = DIRECTION ( 'NONE',  ( -1.000000000000000000, -0.0000000000000000000, -0.0000000000000000000 ) ) ;
#1921 = EDGE_CURVE ( 'NONE', #4165, #1756, #4071, .T. ) ;
#1922 = PRODUCT_DEFINITION_FORMATION_WITH_SPECIFIED_SOURCE ( 'ANY', '', #1570, .NOT_KNOWN. ) ;
#1923 = EDGE_CURVE ( 'NONE', #2947, #4032, #2321, .T. ) ;
#1924 = VECTOR ( 'NONE', #3419, 1000.000000000000000 ) ;
#1925 = CARTESIAN_POINT ( 'NONE',  ( -4.599999999999999600, -4.200000000000002000, -4.850000000000002300 ) ) ;
#1926 = DIRECTION ( 'NONE',  ( 0.0000000000000000000, -1.000000000000000000, -0.0000000000000000000 ) ) ;
#1927 = DIRECTION ( 'NONE',  ( -1.000000000000000000, 0.0000000000000000000, 0.0000000000000000000 ) ) ;
#1928 = LINE ( 'NONE', #2956, #3329 ) ;
#1929 = EDGE_CURVE ( 'NONE', #1471, #3741, #4483, .T. ) ;
#1930 = FACE_OUTER_BOUND ( 'NONE', #2988, .T. ) ;
#1931 = LINE ( 'NONE', #1722, #2931 ) ;
#1932 =( GEOMETRIC_REPRESENTATION_CONTEXT ( 3 ) GLOBAL_UNCERTAINTY_ASSIGNED_CONTEXT ( ( #2388 ) ) GLOBAL_UNIT_ASSIGNED_CONTEXT ( ( #1460, #2225, #2593 ) ) REPRESENTATION_CONTEXT ( 'NONE', 'WORKASPACE' ) );
#1933 =( NAMED_UNIT ( * ) PLANE_ANGLE_UNIT ( ) SI_UNIT ( $, .RADIAN. ) );
#1934 = CARTESIAN_POINT ( 'NONE',  ( -0.3000000000000000400, -2.450000000000004600, 1.940000000000000400 ) ) ;
#1935 = VECTOR ( 'NONE', #4537, 1000.000000000000000 ) ;
#1936 = VECTOR ( 'NONE', #3733, 1000.000000000000000 ) ;
#1937 = ORIENTED_EDGE ( 'NONE', *, *, #1218, .F. ) ;
#1938 = ORIENTED_EDGE ( 'NONE', *, *, #3270, .F. ) ;
#1939 = ORIENTED_EDGE ( 'NONE', *, *, #4203, .F. ) ;
#1940 = ADVANCED_FACE ( 'NONE', ( #3720 ), #2921, .T. ) ;
#1941 = AXIS2_PLACEMENT_3D ( 'NONE', #2192, #3292, #3657 ) ;
#1942 = DIRECTION ( 'NONE',  ( -1.000000000000000000, -8.462065736472234800E-016, -0.0000000000000000000 ) ) ;
#1943 = LINE ( 'NONE', #373, #2493 ) ;
#1944 = VERTEX_POINT ( 'NONE', #1117 ) ;
#1945 = ORIENTED_EDGE ( 'NONE', *, *, #4694, .T. ) ;
#1946 =( LENGTH_UNIT ( ) NAMED_UNIT ( * ) SI_UNIT ( .MILLI., .METRE. ) );
#1947 = DIRECTION ( 'NONE',  ( 0.0000000000000000000, 1.822188525185721700E-016, -1.000000000000000000 ) ) ;
#1948 = ORIENTED_EDGE ( 'NONE', *, *, #1860, .T. ) ;
#1949 = VERTEX_POINT ( 'NONE', #2913 ) ;
#1950 = VERTEX_POINT ( 'NONE', #2542 ) ;
#1951 = DIRECTION ( 'NONE',  ( 1.000000000000000000, -0.0000000000000000000, -0.0000000000000000000 ) ) ;
#1952 = DIRECTION ( 'NONE',  ( 1.000000000000000000, 8.462065736472233800E-016, -0.0000000000000000000 ) ) ;
#1953 = ORIENTED_EDGE ( 'NONE', *, *, #1179, .F. ) ;
#1954 = APPLICATION_CONTEXT ( 'automotive_design' ) ;
#1955 = DIRECTION ( 'NONE',  ( 0.0000000000000000000, 0.0000000000000000000, 1.000000000000000000 ) ) ;
#1956 = STYLED_ITEM ( 'NONE', ( #1456 ), #4487 ) ;
#1957 = FACE_OUTER_BOUND ( 'NONE', #1835, .T. ) ;
#1958 = ORIENTED_EDGE ( 'NONE', *, *, #3497, .F. ) ;
#1959 = CARTESIAN_POINT ( 'NONE',  ( -0.5000000000000000000, -2.326752072262516500E-016, -2.149999999999999900 ) ) ;
#1960 = ORIENTED_EDGE ( 'NONE', *, *, #2045, .F. ) ;
#1961 = VECTOR ( 'NONE', #3137, 1000.000000000000000 ) ;
#1962 = FACE_OUTER_BOUND ( 'NONE', #1887, .T. ) ;
#1963 = EDGE_CURVE ( 'NONE', #3857, #736, #4424, .T. ) ;
#1964 =( NAMED_UNIT ( * ) SI_UNIT ( $, .STERADIAN. ) SOLID_ANGLE_UNIT ( ) );
#1965 = VECTOR ( 'NONE', #2101, 1000.000000000000000 ) ;
#1966 = ADVANCED_FACE ( 'NONE', ( #1506 ), #1611, .T. ) ;
#1967 = MECHANICAL_DESIGN_GEOMETRIC_PRESENTATION_REPRESENTATION (  '', ( #157 ), #2429 ) ;
#1968 = ORIENTED_EDGE ( 'NONE', *, *, #4173, .F. ) ;
#1969 = VECTOR ( 'NONE', #1947, 1000.000000000000000 ) ;
#1970 = EDGE_LOOP ( 'NONE', ( #4449, #4559, #3129, #1238 ) ) ;
#1971 = DIRECTION ( 'NONE',  ( -0.0000000000000000000, -0.0000000000000000000, 1.000000000000000000 ) ) ;
#1972 = PLANE ( 'NONE',  #3765 ) ;
#1973 = VECTOR ( 'NONE', #1382, 1000.000000000000000 ) ;
#1974 = VERTEX_POINT ( 'NONE', #4185 ) ;
#1975 = COLOUR_RGB ( '',0.7529411764705882200, 0.7529411764705882200, 0.7529411764705882200 ) ;
#1976 = DIRECTION ( 'NONE',  ( -1.000000000000000000, 0.0000000000000000000, -0.0000000000000000000 ) ) ;
#1977 = PLANE ( 'NONE',  #4644 ) ;
#1978 = CARTESIAN_POINT ( 'NONE',  ( -7.599999999999999600, -4.500000000000003600, -4.850000000000002300 ) ) ;
#1979 =( LENGTH_UNIT ( ) NAMED_UNIT ( * ) SI_UNIT ( .MILLI., .METRE. ) );
#1980 = CARTESIAN_POINT ( 'NONE',  ( -8.825000000000001100, -0.6000000000000009800, 1.950000000000000400 ) ) ;
#1981 = CARTESIAN_POINT ( 'NONE',  ( -6.249999999999999100, -1.800000000000000500, -1.800000000000000000 ) ) ;
#1982 = LINE ( 'NONE', #3043, #3836 ) ;
#1983 = PRESENTATION_LAYER_ASSIGNMENT (  '', '', ( #1890 ) ) ;
#1984 = ADVANCED_FACE ( 'NONE', ( #2094 ), #3067, .T. ) ;
#1985 = CARTESIAN_POINT ( 'NONE',  ( -0.3000000000000000400, -3.750000000000000900, 1.300000000000000300 ) ) ;
#1986 = PLANE ( 'NONE',  #1194 ) ;
#1987 = EDGE_CURVE ( 'NONE', #526, #4097, #3477, .T. ) ;
#1988 = LINE ( 'NONE', #3913, #1346 ) ;
#1989 = CARTESIAN_POINT ( 'NONE',  ( -2.600000000000000500, -4.500000000000001800, -4.850000000000002300 ) ) ;
#1990 = ORIENTED_EDGE ( 'NONE', *, *, #4048, .T. ) ;
#1991 = DIRECTION ( 'NONE',  ( 0.0000000000000000000, 0.0000000000000000000, 1.000000000000000000 ) ) ;
#1992 = ORIENTED_EDGE ( 'NONE', *, *, #13, .F. ) ;
#1993 = EDGE_CURVE ( 'NONE', #365, #1409, #3092, .T. ) ;
#1994 = FILL_AREA_STYLE ('',( #177 ) ) ;
#1995 = ORIENTED_EDGE ( 'NONE', *, *, #130, .T. ) ;
#1996 = CARTESIAN_POINT ( 'NONE',  ( -8.400000000000000400, -4.400000000000000400, -3.749999999999999600 ) ) ;
#1997 = UNCERTAINTY_MEASURE_WITH_UNIT (LENGTH_MEASURE( 1.000000000000000100E-005 ), #4025, 'distance_accuracy_value', 'NONE');
#1998 = ORIENTED_EDGE ( 'NONE', *, *, #1100, .F. ) ;
#1999 = VERTEX_POINT ( 'NONE', #4563 ) ;
#2000 = VERTEX_POINT ( 'NONE', #879 ) ;
#2001 =( GEOMETRIC_REPRESENTATION_CONTEXT ( 3 ) GLOBAL_UNCERTAINTY_ASSIGNED_CONTEXT ( ( #905 ) ) GLOBAL_UNIT_ASSIGNED_CONTEXT ( ( #271, #3188, #4405 ) ) REPRESENTATION_CONTEXT ( 'NONE', 'WORKASPACE' ) );
#2002 =( NAMED_UNIT ( * ) SI_UNIT ( $, .STERADIAN. ) SOLID_ANGLE_UNIT ( ) );
#2003 = VERTEX_POINT ( 'NONE', #1267 ) ;
#2004 = VERTEX_POINT ( 'NONE', #3833 ) ;
#2005 = DIRECTION ( 'NONE',  ( 8.462065736472233800E-016, -1.000000000000000000, -2.224004456380521900E-016 ) ) ;
#2006 = VECTOR ( 'NONE', #1749, 1000.000000000000000 ) ;
#2007 = CARTESIAN_POINT ( 'NONE',  ( -3.600000000000001000, -4.500000000000001800, -3.850000000000002800 ) ) ;
#2008 = ADVANCED_FACE ( 'NONE', ( #4592 ), #3115, .F. ) ;
#2009 = DIRECTION ( 'NONE',  ( 1.000000000000000000, 0.0000000000000000000, -0.0000000000000000000 ) ) ;
#2010 = ORIENTED_EDGE ( 'NONE', *, *, #287, .F. ) ;
#2011 =( NAMED_UNIT ( * ) SI_UNIT ( $, .STERADIAN. ) SOLID_ANGLE_UNIT ( ) );
#2012 =( NAMED_UNIT ( * ) SI_UNIT ( $, .STERADIAN. ) SOLID_ANGLE_UNIT ( ) );
#2013 = DIRECTION ( 'NONE',  ( -1.000000000000000000, -8.462065736472234800E-016, 0.0000000000000000000 ) ) ;
#2014 = VECTOR ( 'NONE', #2130, 1000.000000000000000 ) ;
#2015 = ORIENTED_EDGE ( 'NONE', *, *, #840, .T. ) ;
#2016 = ORIENTED_EDGE ( 'NONE', *, *, #3761, .F. ) ;
#2017 = EDGE_CURVE ( 'NONE', #4208, #1893, #2363, .T. ) ;
#2018 = MECHANICAL_DESIGN_GEOMETRIC_PRESENTATION_REPRESENTATION (  '', ( #1693 ), #2042 ) ;
#2019 = DIRECTION ( 'NONE',  ( 1.000000000000000000, -0.0000000000000000000, -0.0000000000000000000 ) ) ;
#2020 = VECTOR ( 'NONE', #1899, 1000.000000000000000 ) ;
#2021 = ORIENTED_EDGE ( 'NONE', *, *, #2076, .T. ) ;
#2022 = VECTOR ( 'NONE', #3320, 1000.000000000000000 ) ;
#2023 = EDGE_CURVE ( 'NONE', #1882, #4473, #4252, .T. ) ;
#2024 = SURFACE_STYLE_FILL_AREA ( #1466 ) ;
#2025 = CARTESIAN_POINT ( 'NONE',  ( -4.599999999999999600, -4.200000000000002000, -4.050000000000002500 ) ) ;
#2026 = EDGE_LOOP ( 'NONE', ( #966, #3183, #635, #2784, #4457, #3084, #1528, #661 ) ) ;
#2027 = EDGE_CURVE ( 'NONE', #931, #687, #3321, .T. ) ;
#2028 = LINE ( 'NONE', #55, #2577 ) ;
#2029 = ORIENTED_EDGE ( 'NONE', *, *, #1424, .F. ) ;
#2030 = VECTOR ( 'NONE', #4529, 1000.000000000000000 ) ;
#2031 = ADVANCED_FACE ( 'NONE', ( #493 ), #3406, .F. ) ;
#2032 = COLOUR_RGB ( '',0.7529411764705882200, 0.7529411764705882200, 0.7529411764705882200 ) ;
#2033 = ORIENTED_EDGE ( 'NONE', *, *, #3025, .F. ) ;
#2034 = VECTOR ( 'NONE', #4155, 1000.000000000000000 ) ;
#2035 = CARTESIAN_POINT ( 'NONE',  ( -9.500000000000000000, -0.6500000000000040200, -2.149999999999999900 ) ) ;
#2036 = CARTESIAN_POINT ( 'NONE',  ( -4.599999999999999600, -4.400000000000000400, -3.750000000000001300 ) ) ;
#2037 = COLOUR_RGB ( '',0.7529411764705882200, 0.7529411764705882200, 0.7529411764705882200 ) ;
#2038 = LINE ( 'NONE', #4445, #767 ) ;
#2039 = PLANE ( 'NONE',  #296 ) ;
#2040 = SURFACE_STYLE_FILL_AREA ( #1398 ) ;
#2041 = VECTOR ( 'NONE', #2609, 1000.000000000000000 ) ;
#2042 =( GEOMETRIC_REPRESENTATION_CONTEXT ( 3 ) GLOBAL_UNCERTAINTY_ASSIGNED_CONTEXT ( ( #4265 ) ) GLOBAL_UNIT_ASSIGNED_CONTEXT ( ( #3787, #4527, #112 ) ) REPRESENTATION_CONTEXT ( 'NONE', 'WORKASPACE' ) );
#2043 = SURFACE_STYLE_FILL_AREA ( #1515 ) ;
#2044 = LINE ( 'NONE', #524, #2697 ) ;
#2045 = EDGE_CURVE ( 'NONE', #2281, #4579, #868, .T. ) ;
#2046 = VERTEX_POINT ( 'NONE', #2056 ) ;
#2047 =( GEOMETRIC_REPRESENTATION_CONTEXT ( 3 ) GLOBAL_UNCERTAINTY_ASSIGNED_CONTEXT ( ( #2338 ) ) GLOBAL_UNIT_ASSIGNED_CONTEXT ( ( #2802, #2191, #2533 ) ) REPRESENTATION_CONTEXT ( 'NONE', 'WORKASPACE' ) );
#2048 = LINE ( 'NONE', #3636, #3854 ) ;
#2049 =( LENGTH_UNIT ( ) NAMED_UNIT ( * ) SI_UNIT ( .MILLI., .METRE. ) );
#2050 = ORIENTED_EDGE ( 'NONE', *, *, #1929, .T. ) ;
#2051 = FILL_AREA_STYLE ('',( #2348 ) ) ;
#2052 = ORIENTED_EDGE ( 'NONE', *, *, #696, .F. ) ;
#2053 = VERTEX_POINT ( 'NONE', #1750 ) ;
#2054 = ORIENTED_EDGE ( 'NONE', *, *, #1077, .F. ) ;
#2055 = UNCERTAINTY_MEASURE_WITH_UNIT (LENGTH_MEASURE( 1.000000000000000100E-005 ), #3565, 'distance_accuracy_value', 'NONE');
#2056 = CARTESIAN_POINT ( 'NONE',  ( -4.400000000000000400, -4.200000000000002000, -4.050000000000002500 ) ) ;
#2057 = ORIENTED_EDGE ( 'NONE', *, *, #2916, .T. ) ;
#2058 = VERTEX_POINT ( 'NONE', #2756 ) ;
#2059 = DIRECTION ( 'NONE',  ( 1.000000000000000000, 0.0000000000000000000, 0.0000000000000000000 ) ) ;
#2060 = EDGE_LOOP ( 'NONE', ( #3229, #2170, #1348, #3687, #3649, #2991, #3403, #2438, #2710, #4608, #3551, #4258 ) ) ;
#2061 = LINE ( 'NONE', #2206, #2183 ) ;
#2062 = ORIENTED_EDGE ( 'NONE', *, *, #4182, .T. ) ;
#2063 = DIRECTION ( 'NONE',  ( -1.000000000000000000, -0.0000000000000000000, -0.0000000000000000000 ) ) ;
#2064 = VERTEX_POINT ( 'NONE', #1369 ) ;
#2065 = PLANE ( 'NONE',  #2139 ) ;
#2066 = VECTOR ( 'NONE', #201, 1000.000000000000000 ) ;
#2067 =( GEOMETRIC_REPRESENTATION_CONTEXT ( 3 ) GLOBAL_UNCERTAINTY_ASSIGNED_CONTEXT ( ( #3365 ) ) GLOBAL_UNIT_ASSIGNED_CONTEXT ( ( #4313, #744, #4748 ) ) REPRESENTATION_CONTEXT ( 'NONE', 'WORKASPACE' ) );
#2068 = CARTESIAN_POINT ( 'NONE',  ( -9.500000000000000000, -4.040604788638757500E-015, -2.149999999999999900 ) ) ;
#2069 = ORIENTED_EDGE ( 'NONE', *, *, #1100, .T. ) ;
#2070 = DIRECTION ( 'NONE',  ( 0.0000000000000000000, -1.000000000000000000, 0.0000000000000000000 ) ) ;
#2071 = DIRECTION ( 'NONE',  ( 1.000000000000000000, -0.0000000000000000000, -0.0000000000000000000 ) ) ;
#2072 = ORIENTED_EDGE ( 'NONE', *, *, #1280, .F. ) ;
#2073 = ORIENTED_EDGE ( 'NONE', *, *, #243, .T. ) ;
#2074 = SURFACE_STYLE_USAGE ( .BOTH. , #4251 ) ;
#2075 = VECTOR ( 'NONE', #1182, 1000.000000000000100 ) ;
#2076 = EDGE_CURVE ( 'NONE', #504, #862, #4237, .T. ) ;
#2077 = ORIENTED_EDGE ( 'NONE', *, *, #4606, .T. ) ;
#2078 = VECTOR ( 'NONE', #3616, 1000.000000000000000 ) ;
#2079 = VECTOR ( 'NONE', #240, 1000.000000000000000 ) ;
#2080 = EDGE_CURVE ( 'NONE', #2279, #2215, #2735, .T. ) ;
#2081 = ORIENTED_EDGE ( 'NONE', *, *, #3416, .F. ) ;
#2082 = CARTESIAN_POINT ( 'NONE',  ( -6.599999999999999600, -4.200000000000002800, -4.850000000000002300 ) ) ;
#2083 = CARTESIAN_POINT ( 'NONE',  ( -0.6999999999999998400, -1.300000000000000500, 1.950000000000000400 ) ) ;
#2084 = EDGE_CURVE ( 'NONE', #2896, #515, #1441, .T. ) ;
#2085 = PRESENTATION_LAYER_ASSIGNMENT (  '', '', ( #3610 ) ) ;
#2086 = LINE ( 'NONE', #1195, #1224 ) ;
#2087 = DIRECTION ( 'NONE',  ( 8.462065736472234800E-016, -1.000000000000000000, 0.0000000000000000000 ) ) ;
#2088 = DIRECTION ( 'NONE',  ( 0.0000000000000000000, 0.7071067811865490200, 0.7071067811865460200 ) ) ;
#2089 = CARTESIAN_POINT ( 'NONE',  ( -7.599999999999999600, -4.500000000000003600, -4.850000000000002300 ) ) ;
#2090 = COLOUR_RGB ( '',0.7529411764705882200, 0.7529411764705882200, 0.7529411764705882200 ) ;
#2091 = STYLED_ITEM ( 'NONE', ( #490 ), #892 ) ;
#2092 = PLANE ( 'NONE',  #3738 ) ;
#2093 = CARTESIAN_POINT ( 'NONE',  ( -0.5000000000000000000, -4.400000000000001200, -0.2999999999999999300 ) ) ;
#2094 = FACE_OUTER_BOUND ( 'NONE', #3004, .T. ) ;
#2095 = SURFACE_SIDE_STYLE ('',( #4534 ) ) ;
#2096 = LINE ( 'NONE', #2474, #1174 ) ;
#2097 = VECTOR ( 'NONE', #3290, 1000.000000000000000 ) ;
#2098 = EDGE_CURVE ( 'NONE', #2488, #1377, #1853, .T. ) ;
#2099 = VECTOR ( 'NONE', #1255, 1000.000000000000000 ) ;
#2100 = LINE ( 'NONE', #1574, #3378 ) ;
#2101 = DIRECTION ( 'NONE',  ( 3.262076464070523000E-031, -3.854941057726238100E-016, -1.000000000000000000 ) ) ;
#2102 = ORIENTED_EDGE ( 'NONE', *, *, #4133, .F. ) ;
#2103 = DIRECTION ( 'NONE',  ( -0.0000000000000000000, 0.0000000000000000000, -1.000000000000000000 ) ) ;
#2104 = EDGE_CURVE ( 'NONE', #4680, #2003, #2201, .T. ) ;
#2105 = PLANE ( 'NONE',  #3189 ) ;
#2106 = MECHANICAL_DESIGN_GEOMETRIC_PRESENTATION_REPRESENTATION (  '', ( #1863 ), #2803 ) ;
#2107 = CARTESIAN_POINT ( 'NONE',  ( -5.599999999999999600, -4.500000000000002700, -3.850000000000002800 ) ) ;
#2108 = ORIENTED_EDGE ( 'NONE', *, *, #4074, .T. ) ;
#2109 = ORIENTED_EDGE ( 'NONE', *, *, #41, .T. ) ;
#2110 = EDGE_CURVE ( 'NONE', #2223, #3003, #2410, .T. ) ;
#2111 = ORIENTED_EDGE ( 'NONE', *, *, #1433, .F. ) ;
#2112 = ORIENTED_EDGE ( 'NONE', *, *, #34, .T. ) ;
#2113 = CARTESIAN_POINT ( 'NONE',  ( -9.300000000000000700, -2.100000000000000100, -2.600000000000000100 ) ) ;
#2114 = ORIENTED_EDGE ( 'NONE', *, *, #2080, .F. ) ;
#2115 = ORIENTED_EDGE ( 'NONE', *, *, #1539, .T. ) ;
#2116 = AXIS2_PLACEMENT_3D ( 'NONE', #2618, #2262, #434 ) ;
#2117 = CARTESIAN_POINT ( 'NONE',  ( -9.499999999999998200, -2.450000000000004200, 1.950000000000000400 ) ) ;
#2118 = CARTESIAN_POINT ( 'NONE',  ( -6.400000000000000400, -4.400000000000000400, -3.750000000000000400 ) ) ;
#2119 = DIRECTION ( 'NONE',  ( -0.0000000000000000000, -1.000000000000000000, -0.0000000000000000000 ) ) ;
#2120 = ORIENTED_EDGE ( 'NONE', *, *, #3526, .F. ) ;
#2121 = LINE ( 'NONE', #4711, #345 ) ;
#2122 = DIRECTION ( 'NONE',  ( 0.0000000000000000000, 0.0000000000000000000, -1.000000000000000000 ) ) ;
#2123 = SURFACE_STYLE_FILL_AREA ( #1805 ) ;
#2124 = ORIENTED_EDGE ( 'NONE', *, *, #1987, .T. ) ;
#2125 = ORIENTED_EDGE ( 'NONE', *, *, #3356, .F. ) ;
#2126 = CARTESIAN_POINT ( 'NONE',  ( -8.825000000000001100, -1.950000000000000800, 1.950000000000000400 ) ) ;
#2127 = DIRECTION ( 'NONE',  ( 1.000000000000000000, -0.0000000000000000000, -0.0000000000000000000 ) ) ;
#2128 = LINE ( 'NONE', #4712, #1321 ) ;
#2129 = VERTEX_POINT ( 'NONE', #4305 ) ;
#2130 = DIRECTION ( 'NONE',  ( 1.000000000000000000, -0.0000000000000000000, -0.0000000000000000000 ) ) ;
#2131 = CARTESIAN_POINT ( 'NONE',  ( -2.600000000000000500, -4.200000000000001100, -3.950000000000002000 ) ) ;
#2132 = VERTEX_POINT ( 'NONE', #258 ) ;
#2133 = AXIS2_PLACEMENT_3D ( 'NONE', #388, #1447, #804 ) ;
#2134 = DIRECTION ( 'NONE',  ( 0.0000000000000000000, -1.000000000000000000, 0.0000000000000000000 ) ) ;
#2135 = ORIENTED_EDGE ( 'NONE', *, *, #2178, .T. ) ;
#2136 = VERTEX_POINT ( 'NONE', #3179 ) ;
#2137 = DIRECTION ( 'NONE',  ( -1.000000000000000000, -8.462065736472234800E-016, -0.0000000000000000000 ) ) ;
#2138 = CARTESIAN_POINT ( 'NONE',  ( -9.499999999999998200, -2.450000000000004200, 1.950000000000000400 ) ) ;
#2139 = AXIS2_PLACEMENT_3D ( 'NONE', #3844, #4590, #1292 ) ;
#2140 = DIRECTION ( 'NONE',  ( 0.0000000000000000000, 0.0000000000000000000, 1.000000000000000000 ) ) ;
#2141 = EDGE_CURVE ( 'NONE', #2650, #4399, #3590, .T. ) ;
#2142 = VERTEX_POINT ( 'NONE', #2117 ) ;
#2143 = UNCERTAINTY_MEASURE_WITH_UNIT (LENGTH_MEASURE( 1.000000000000000100E-005 ), #3263, 'distance_accuracy_value', 'NONE');
#2144 = CARTESIAN_POINT ( 'NONE',  ( -7.599999999999999600, -4.500000000000003600, -3.850000000000002800 ) ) ;
#2145 = STYLED_ITEM ( 'NONE', ( #1477 ), #2982 ) ;
#2146 = CARTESIAN_POINT ( 'NONE',  ( -6.249999999999999100, -1.350000000000000300, -0.6099999999999998800 ) ) ;
#2147 = AXIS2_PLACEMENT_3D ( 'NONE', #4423, #1500, #3277 ) ;
#2148 = CARTESIAN_POINT ( 'NONE',  ( -4.400000000000000400, -3.449999999999998800, -4.050000000000002500 ) ) ;
#2149 = DIRECTION ( 'NONE',  ( 0.0000000000000000000, 0.0000000000000000000, 1.000000000000000000 ) ) ;
#2150 = DIRECTION ( 'NONE',  ( 0.0000000000000000000, 0.0000000000000000000, 1.000000000000000000 ) ) ;
#2151 = VECTOR ( 'NONE', #2742, 1000.000000000000100 ) ;
#2152 = CARTESIAN_POINT ( 'NONE',  ( -9.500000000000000000, -0.6500000000000040200, -2.149999999999999900 ) ) ;
#2153 = FACE_OUTER_BOUND ( 'NONE', #2819, .T. ) ;
#2154 = LINE ( 'NONE', #3221, #4310 ) ;
#2155 = SURFACE_STYLE_USAGE ( .BOTH. , #1857 ) ;
#2156 = ORIENTED_EDGE ( 'NONE', *, *, #943, .T. ) ;
#2157 = FACE_OUTER_BOUND ( 'NONE', #3580, .T. ) ;
#2158 = LINE ( 'NONE', #1646, #1809 ) ;
#2159 = CARTESIAN_POINT ( 'NONE',  ( -0.2999999999999989300, -2.100000000000000100, -1.799999999999999600 ) ) ;
#2160 = PRESENTATION_STYLE_ASSIGNMENT (( #3602 ) ) ;
#2161 = DIRECTION ( 'NONE',  ( 0.0000000000000000000, 1.000000000000000000, 3.942553354492743000E-016 ) ) ;
#2162 = ORIENTED_EDGE ( 'NONE', *, *, #4447, .F. ) ;
#2163 = ORIENTED_EDGE ( 'NONE', *, *, #1597, .T. ) ;
#2164 = CARTESIAN_POINT ( 'NONE',  ( -9.500000000000000000, -0.6500000000000040200, -3.449999999999999700 ) ) ;
#2165 = ORIENTED_EDGE ( 'NONE', *, *, #2680, .T. ) ;
#2166 = EDGE_CURVE ( 'NONE', #3710, #4314, #364, .T. ) ;
#2167 = CARTESIAN_POINT ( 'NONE',  ( -7.400000000000000400, -3.449999999999999700, -4.050000000000002500 ) ) ;
#2168 = VERTEX_POINT ( 'NONE', #964 ) ;
#2169 = VERTEX_POINT ( 'NONE', #4653 ) ;
#2170 = ORIENTED_EDGE ( 'NONE', *, *, #3560, .F. ) ;
#2171 = EDGE_CURVE ( 'NONE', #3467, #622, #2578, .T. ) ;
#2172 = SURFACE_SIDE_STYLE ('',( #1706 ) ) ;
#2173 = SURFACE_STYLE_FILL_AREA ( #2923 ) ;
#2174 = ORIENTED_EDGE ( 'NONE', *, *, #2940, .F. ) ;
#2175 = DIRECTION ( 'NONE',  ( 1.000000000000000000, -0.0000000000000000000, -0.0000000000000000000 ) ) ;
#2176 = VERTEX_POINT ( 'NONE', #1010 ) ;
#2177 = ORIENTED_EDGE ( 'NONE', *, *, #319, .F. ) ;
#2178 = EDGE_CURVE ( 'NONE', #2129, #1885, #3646, .T. ) ;
#2179 = DIRECTION ( 'NONE',  ( 0.0000000000000000000, -1.000000000000000000, -2.409338161078897200E-016 ) ) ;
#2180 = AXIS2_PLACEMENT_3D ( 'NONE', #2035, #3475, #3864 ) ;
#2181 = EDGE_CURVE ( 'NONE', #4104, #1471, #1787, .T. ) ;
#2182 =( NAMED_UNIT ( * ) SI_UNIT ( $, .STERADIAN. ) SOLID_ANGLE_UNIT ( ) );
#2183 = VECTOR ( 'NONE', #2484, 1000.000000000000000 ) ;
#2184 = FILL_AREA_STYLE ('',( #3217 ) ) ;
#2185 = AXIS2_PLACEMENT_3D ( 'NONE', #2552, #691, #3588 ) ;
#2186 = ORIENTED_EDGE ( 'NONE', *, *, #100, .F. ) ;
#2187 = CARTESIAN_POINT ( 'NONE',  ( -0.2999999999999989300, -2.100000000000000100, -1.799999999999999600 ) ) ;
#2188 = ORIENTED_EDGE ( 'NONE', *, *, #3885, .F. ) ;
#2189 = DIRECTION ( 'NONE',  ( 0.0000000000000000000, -1.000000000000000000, 0.0000000000000000000 ) ) ;
#2190 = FACE_OUTER_BOUND ( 'NONE', #3993, .T. ) ;
#2191 =( NAMED_UNIT ( * ) PLANE_ANGLE_UNIT ( ) SI_UNIT ( $, .RADIAN. ) );
#2192 = CARTESIAN_POINT ( 'NONE',  ( -3.600000000000001000, -4.200000000000001100, -3.950000000000002000 ) ) ;
#2193 = FILL_AREA_STYLE ('',( #1063 ) ) ;
#2194 = VERTEX_POINT ( 'NONE', #616 ) ;
#2195 = CARTESIAN_POINT ( 'NONE',  ( 0.0000000000000000000, 8.673617379884033500E-016, 1.950000000000000400 ) ) ;
#2196 = VECTOR ( 'NONE', #4396, 1000.000000000000000 ) ;
#2197 = ORIENTED_EDGE ( 'NONE', *, *, #2831, .F. ) ;
#2198 = PLANE ( 'NONE',  #1162 ) ;
#2199 = COLOUR_RGB ( '',0.7529411764705882200, 0.7529411764705882200, 0.7529411764705882200 ) ;
#2200 = VERTEX_POINT ( 'NONE', #3922 ) ;
#2201 = LINE ( 'NONE', #3159, #2907 ) ;
#2202 = FILL_AREA_STYLE_COLOUR ( '', #2243 ) ;
#2203 = ORIENTED_EDGE ( 'NONE', *, *, #907, .F. ) ;
#2204 = AXIS2_PLACEMENT_3D ( 'NONE', #4357, #2894, #1097 ) ;
#2205 = LINE ( 'NONE', #626, #1612 ) ;
#2206 = CARTESIAN_POINT ( 'NONE',  ( -1.174999999999999600, -2.100000000000000100, 1.950000000000000400 ) ) ;
#2207 = EDGE_CURVE ( 'NONE', #4349, #4311, #813, .T. ) ;
#2208 = SURFACE_STYLE_USAGE ( .BOTH. , #1115 ) ;
#2209 = PRESENTATION_STYLE_ASSIGNMENT (( #3650 ) ) ;
#2210 = CARTESIAN_POINT ( 'NONE',  ( -9.500000000000000000, -0.6500000000000040200, -3.449999999999999700 ) ) ;
#2211 = STYLED_ITEM ( 'NONE', ( #74 ), #587 ) ;
#2212 = CARTESIAN_POINT ( 'NONE',  ( -3.400000000000000800, -4.500000000000001800, -4.850000000000002300 ) ) ;
#2213 = FILL_AREA_STYLE_COLOUR ( '', #596 ) ;
#2214 = DIRECTION ( 'NONE',  ( 1.000000000000000000, -0.0000000000000000000, -0.0000000000000000000 ) ) ;
#2215 = VERTEX_POINT ( 'NONE', #3492 ) ;
#2216 = DIRECTION ( 'NONE',  ( 0.0000000000000000000, 0.0000000000000000000, 1.000000000000000000 ) ) ;
#2217 = VECTOR ( 'NONE', #2071, 1000.000000000000000 ) ;
#2218 = FILL_AREA_STYLE_COLOUR ( '', #550 ) ;
#2219 = VECTOR ( 'NONE', #1559, 1000.000000000000000 ) ;
#2220 = FACE_OUTER_BOUND ( 'NONE', #1869, .T. ) ;
#2221 = VECTOR ( 'NONE', #1919, 1000.000000000000000 ) ;
#2222 = CARTESIAN_POINT ( 'NONE',  ( -2.600000000000000500, -4.200000000000001100, -4.850000000000002300 ) ) ;
#2223 = VERTEX_POINT ( 'NONE', #1339 ) ;
#2224 = ADVANCED_FACE ( 'NONE', ( #1325 ), #3959, .F. ) ;
#2225 =( NAMED_UNIT ( * ) PLANE_ANGLE_UNIT ( ) SI_UNIT ( $, .RADIAN. ) );
#2226 = CARTESIAN_POINT ( 'NONE',  ( -5.400000000000000400, -4.200000000000002000, -3.950000000000002000 ) ) ;
#2227 = VERTEX_POINT ( 'NONE', #646 ) ;
#2228 = CARTESIAN_POINT ( 'NONE',  ( -2.600000000000000500, -4.200000000000001100, -4.850000000000002300 ) ) ;
#2229 = VERTEX_POINT ( 'NONE', #1057 ) ;
#2230 = ORIENTED_EDGE ( 'NONE', *, *, #2588, .T. ) ;
#2231 = VECTOR ( 'NONE', #3231, 1000.000000000000000 ) ;
#2232 = CARTESIAN_POINT ( 'NONE',  ( -3.749999999999999600, -1.349999999999999200, -0.6099999999999998800 ) ) ;
#2233 = EDGE_CURVE ( 'NONE', #2239, #4641, #2311, .T. ) ;
#2234 = CARTESIAN_POINT ( 'NONE',  ( -7.225000000000000500, -0.3499999999999992000, -4.050000000000001600 ) ) ;
#2235 = VERTEX_POINT ( 'NONE', #3582 ) ;
#2236 = ORIENTED_EDGE ( 'NONE', *, *, #1577, .F. ) ;
#2237 = LINE ( 'NONE', #2465, #2006 ) ;
#2238 = CARTESIAN_POINT ( 'NONE',  ( -8.825000000000001100, -2.100000000000000100, 1.950000000000000400 ) ) ;
#2239 = VERTEX_POINT ( 'NONE', #669 ) ;
#2240 = EDGE_CURVE ( 'NONE', #863, #2947, #3142, .T. ) ;
#2241 = STYLED_ITEM ( 'NONE', ( #1845 ), #2589 ) ;
#2242 = VECTOR ( 'NONE', #3481, 1000.000000000000000 ) ;
#2243 = COLOUR_RGB ( '',0.7529411764705882200, 0.7529411764705882200, 0.7529411764705882200 ) ;
#2244 = VERTEX_POINT ( 'NONE', #1773 ) ;
#2245 = DIRECTION ( 'NONE',  ( -1.000000000000000000, -0.0000000000000000000, -0.0000000000000000000 ) ) ;
#2246 = EDGE_LOOP ( 'NONE', ( #4234, #750, #1777, #270 ) ) ;
#2247 = CARTESIAN_POINT ( 'NONE',  ( -9.500000000000000000, -3.807929581412505600E-015, -4.049999999999999800 ) ) ;
#2248 = ORIENTED_EDGE ( 'NONE', *, *, #2017, .T. ) ;
#2249 = SURFACE_SIDE_STYLE ('',( #2675 ) ) ;
#2250 = AXIS2_PLACEMENT_3D ( 'NONE', #3, #3202, #1001 ) ;
#2251 = CARTESIAN_POINT ( 'NONE',  ( -9.499999999999996400, -3.750000000000004400, -0.2999999999999999300 ) ) ;
#2252 = DIRECTION ( 'NONE',  ( 0.0000000000000000000, -1.000000000000000000, 0.0000000000000000000 ) ) ;
#2253 = VERTEX_POINT ( 'NONE', #2851 ) ;
#2254 = ADVANCED_FACE ( 'NONE', ( #4346 ), #2502, .F. ) ;
#2255 = FACE_OUTER_BOUND ( 'NONE', #3301, .T. ) ;
#2256 = EDGE_LOOP ( 'NONE', ( #3502, #1104, #4727, #2681, #2285, #3825 ) ) ;
#2257 = VECTOR ( 'NONE', #2504, 1000.000000000000000 ) ;
#2258 = ORIENTED_EDGE ( 'NONE', *, *, #4194, .F. ) ;
#2259 = CARTESIAN_POINT ( 'NONE',  ( -4.599999999999999600, -4.200000000000002000, -4.850000000000002300 ) ) ;
#2260 = EDGE_CURVE ( 'NONE', #2168, #1027, #4119, .T. ) ;
#2261 = UNCERTAINTY_MEASURE_WITH_UNIT (LENGTH_MEASURE( 1.000000000000000100E-005 ), #4177, 'distance_accuracy_value', 'NONE');
#2262 = DIRECTION ( 'NONE',  ( 0.0000000000000000000, 0.0000000000000000000, 1.000000000000000000 ) ) ;
#2263 = CARTESIAN_POINT ( 'NONE',  ( -0.2999999999999989300, -2.100000000000000100, -1.799999999999999600 ) ) ;
#2264 = CARTESIAN_POINT ( 'NONE',  ( -3.600000000000001000, -4.500000000000001800, -4.850000000000002300 ) ) ;
#2265 = EDGE_CURVE ( 'NONE', #3860, #4511, #3017, .T. ) ;
#2266 =( GEOMETRIC_REPRESENTATION_CONTEXT ( 3 ) GLOBAL_UNCERTAINTY_ASSIGNED_CONTEXT ( ( #3225 ) ) GLOBAL_UNIT_ASSIGNED_CONTEXT ( ( #1979, #3065, #3010 ) ) REPRESENTATION_CONTEXT ( 'NONE', 'WORKASPACE' ) );
#2267 = EDGE_CURVE ( 'NONE', #4056, #624, #1215, .T. ) ;
#2268 = DIRECTION ( 'NONE',  ( -0.0000000000000000000, -0.0000000000000000000, 1.000000000000000000 ) ) ;
#2269 = ADVANCED_FACE ( 'NONE', ( #4752 ), #2469, .F. ) ;
#2270 = FACE_OUTER_BOUND ( 'NONE', #2298, .T. ) ;
#2271 = VECTOR ( 'NONE', #2926, 1000.000000000000000 ) ;
#2272 = VECTOR ( 'NONE', #4134, 1000.000000000000000 ) ;
#2273 = LINE ( 'NONE', #3048, #3042 ) ;
#2274 = DIRECTION ( 'NONE',  ( -0.0000000000000000000, 1.000000000000000000, 0.0000000000000000000 ) ) ;
#2275 = PLANE ( 'NONE',  #218 ) ;
#2276 = VECTOR ( 'NONE', #2331, 1000.000000000000100 ) ;
#2277 = ORIENTED_EDGE ( 'NONE', *, *, #4106, .F. ) ;
#2278 = SURFACE_STYLE_USAGE ( .BOTH. , #4439 ) ;
#2279 = VERTEX_POINT ( 'NONE', #1083 ) ;
#2280 = EDGE_LOOP ( 'NONE', ( #3103, #2102, #3015, #1298 ) ) ;
#2281 = VERTEX_POINT ( 'NONE', #4701 ) ;
#2282 = SURFACE_STYLE_USAGE ( .BOTH. , #2651 ) ;
#2283 = ORIENTED_EDGE ( 'NONE', *, *, #752, .F. ) ;
#2284 = FILL_AREA_STYLE ('',( #93 ) ) ;
#2285 = ORIENTED_EDGE ( 'NONE', *, *, #1160, .F. ) ;
#2286 = ORIENTED_EDGE ( 'NONE', *, *, #1921, .F. ) ;
#2287 = DIRECTION ( 'NONE',  ( -0.0000000000000000000, -0.0000000000000000000, 1.000000000000000000 ) ) ;
#2288 = COLOUR_RGB ( '',0.7529411764705882200, 0.7529411764705882200, 0.7529411764705882200 ) ;
#2289 = EDGE_LOOP ( 'NONE', ( #2598, #674, #103, #3806 ) ) ;
#2290 = STYLED_ITEM ( 'NONE', ( #4744 ), #1558 ) ;
#2291 = CARTESIAN_POINT ( 'NONE',  ( -3.600000000000001000, -4.200000000000001100, -4.850000000000002300 ) ) ;
#2292 = PLANE ( 'NONE',  #77 ) ;
#2293 = EDGE_CURVE ( 'NONE', #3625, #1405, #702, .T. ) ;
#2294 = SURFACE_STYLE_FILL_AREA ( #2193 ) ;
#2295 = ADVANCED_FACE ( 'NONE', ( #3465 ), #2505, .T. ) ;
#2296 = LINE ( 'NONE', #272, #2614 ) ;
#2297 = ORIENTED_EDGE ( 'NONE', *, *, #2171, .T. ) ;
#2298 = EDGE_LOOP ( 'NONE', ( #4229, #4667, #1209, #3458, #578, #801 ) ) ;
#2299 =( NAMED_UNIT ( * ) PLANE_ANGLE_UNIT ( ) SI_UNIT ( $, .RADIAN. ) );
#2300 = FACE_OUTER_BOUND ( 'NONE', #3519, .T. ) ;
#2301 = CARTESIAN_POINT ( 'NONE',  ( -0.5000000000000000000, -3.750000000000000900, -0.2599999999999997300 ) ) ;
#2302 =( NAMED_UNIT ( * ) SI_UNIT ( $, .STERADIAN. ) SOLID_ANGLE_UNIT ( ) );
#2303 = AXIS2_PLACEMENT_3D ( 'NONE', #4655, #4615, #2775 ) ;
#2304 = ORIENTED_EDGE ( 'NONE', *, *, #1923, .T. ) ;
#2305 = FACE_OUTER_BOUND ( 'NONE', #2446, .T. ) ;
#2306 = ORIENTED_EDGE ( 'NONE', *, *, #2751, .T. ) ;
#2307 = CARTESIAN_POINT ( 'NONE',  ( -9.250000000000000000, -3.650000000000000400, -2.600000000000000100 ) ) ;
#2308 = FACE_OUTER_BOUND ( 'NONE', #2060, .T. ) ;
#2309 = VERTEX_POINT ( 'NONE', #2856 ) ;
#2310 = LINE ( 'NONE', #4664, #4118 ) ;
#2311 = LINE ( 'NONE', #3204, #933 ) ;
#2312 = DIRECTION ( 'NONE',  ( 0.0000000000000000000, 1.000000000000000000, 0.0000000000000000000 ) ) ;
#2313 = ORIENTED_EDGE ( 'NONE', *, *, #2632, .T. ) ;
#2314 = PRESENTATION_STYLE_ASSIGNMENT (( #2366 ) ) ;
#2315 = CARTESIAN_POINT ( 'NONE',  ( -5.599999999999999600, -4.200000000000002000, -3.950000000000002000 ) ) ;
#2316 =( LENGTH_UNIT ( ) NAMED_UNIT ( * ) SI_UNIT ( .MILLI., .METRE. ) );
#2317 = CARTESIAN_POINT ( 'NONE',  ( 0.0000000000000000000, 0.0000000000000000000, 0.0000000000000000000 ) ) ;
#2318 = DIRECTION ( 'NONE',  ( 1.000000000000000000, 8.462065736472234800E-016, 0.0000000000000000000 ) ) ;
#2319 = DIRECTION ( 'NONE',  ( -0.0000000000000000000, 0.0000000000000000000, 1.000000000000000000 ) ) ;
#2320 = EDGE_CURVE ( 'NONE', #4511, #4320, #479, .T. ) ;
#2321 = LINE ( 'NONE', #350, #547 ) ;
#2322 = EDGE_CURVE ( 'NONE', #4325, #1909, #3012, .T. ) ;
#2323 =( LENGTH_UNIT ( ) NAMED_UNIT ( * ) SI_UNIT ( .MILLI., .METRE. ) );
#2324 = EDGE_CURVE ( 'NONE', #3684, #331, #3992, .T. ) ;
#2325 = PRESENTATION_LAYER_ASSIGNMENT (  '', '', ( #2949 ) ) ;
#2326 = CARTESIAN_POINT ( 'NONE',  ( -6.400000000000000400, -4.400000000000000400, -3.950000000000002000 ) ) ;
#2327 = COLOUR_RGB ( '',0.7529411764705882200, 0.7529411764705882200, 0.7529411764705882200 ) ;
#2328 = LINE ( 'NONE', #2591, #3898 ) ;
#2329 = SURFACE_SIDE_STYLE ('',( #4586 ) ) ;
#2330 = DIRECTION ( 'NONE',  ( 0.0000000000000000000, 1.000000000000000000, -0.0000000000000000000 ) ) ;
#2331 = DIRECTION ( 'NONE',  ( 0.0000000000000000000, 0.7071067811865490200, 0.7071067811865460200 ) ) ;
#2332 = CARTESIAN_POINT ( 'NONE',  ( -0.5000000000000000000, -4.400000000000001200, -0.2999999999999999300 ) ) ;
#2333 = ORIENTED_EDGE ( 'NONE', *, *, #4011, .T. ) ;
#2334 = ADVANCED_FACE ( 'NONE', ( #416 ), #301, .F. ) ;
#2335 = ORIENTED_EDGE ( 'NONE', *, *, #4461, .F. ) ;
#2336 = EDGE_LOOP ( 'NONE', ( #509, #2649, #397, #2782, #1464, #3968 ) ) ;
#2337 = CARTESIAN_POINT ( 'NONE',  ( -4.599999999999999600, -4.500000000000002700, -4.850000000000002300 ) ) ;
#2338 = UNCERTAINTY_MEASURE_WITH_UNIT (LENGTH_MEASURE( 1.000000000000000100E-005 ), #2802, 'distance_accuracy_value', 'NONE');
#2339 = EDGE_CURVE ( 'NONE', #797, #1607, #4289, .T. ) ;
#2340 = MECHANICAL_DESIGN_GEOMETRIC_PRESENTATION_REPRESENTATION (  '', ( #632 ), #2747 ) ;
#2341 = ORIENTED_EDGE ( 'NONE', *, *, #3791, .T. ) ;
#2342 = COLOUR_RGB ( '',0.7529411764705882200, 0.7529411764705882200, 0.7529411764705882200 ) ;
#2343 = ORIENTED_EDGE ( 'NONE', *, *, #189, .F. ) ;
#2344 = CARTESIAN_POINT ( 'NONE',  ( -1.400000000000000400, -4.400000000000000400, -4.050000000000002500 ) ) ;
#2345 = EDGE_CURVE ( 'NONE', #2132, #278, #3701, .T. ) ;
#2346 = ORIENTED_EDGE ( 'NONE', *, *, #4656, .T. ) ;
#2347 = FILL_AREA_STYLE ('',( #517 ) ) ;
#2348 = FILL_AREA_STYLE_COLOUR ( '', #4081 ) ;
#2349 = LINE ( 'NONE', #2957, #2962 ) ;
#2350 = DIRECTION ( 'NONE',  ( 0.0000000000000000000, -1.000000000000000000, -2.409338161078897200E-016 ) ) ;
#2351 = DIRECTION ( 'NONE',  ( 0.0000000000000000000, -1.000000000000000000, -0.0000000000000000000 ) ) ;
#2352 = LINE ( 'NONE', #1451, #925 ) ;
#2353 = EDGE_LOOP ( 'NONE', ( #4661, #1550, #3169, #3111 ) ) ;
#2354 = VECTOR ( 'NONE', #4199, 1000.000000000000100 ) ;
#2355 = ADVANCED_FACE ( 'NONE', ( #695 ), #429, .F. ) ;
#2356 = FILL_AREA_STYLE_COLOUR ( '', #1975 ) ;
#2357 = CARTESIAN_POINT ( 'NONE',  ( -0.5000000000000000000, -2.250000000000000000, -4.049999999999999800 ) ) ;
#2358 = SURFACE_SIDE_STYLE ('',( #2509 ) ) ;
#2359 = CARTESIAN_POINT ( 'NONE',  ( -5.599999999999999600, -4.200000000000002000, -4.050000000000002500 ) ) ;
#2360 = FACE_OUTER_BOUND ( 'NONE', #637, .T. ) ;
#2361 = DIRECTION ( 'NONE',  ( 0.0000000000000000000, -9.856383386231857600E-017, 1.000000000000000000 ) ) ;
#2362 = PRESENTATION_LAYER_ASSIGNMENT (  '', '', ( #1628 ) ) ;
#2363 = LINE ( 'NONE', #894, #1449 ) ;
#2364 =( GEOMETRIC_REPRESENTATION_CONTEXT ( 3 ) GLOBAL_UNCERTAINTY_ASSIGNED_CONTEXT ( ( #701 ) ) GLOBAL_UNIT_ASSIGNED_CONTEXT ( ( #1842, #17, #2182 ) ) REPRESENTATION_CONTEXT ( 'NONE', 'WORKASPACE' ) );
#2365 = VECTOR ( 'NONE', #1133, 1000.000000000000000 ) ;
#2366 = SURFACE_STYLE_USAGE ( .BOTH. , #838 ) ;
#2367 = EDGE_CURVE ( 'NONE', #777, #1709, #584, .T. ) ;
#2368 = AXIS2_PLACEMENT_3D ( 'NONE', #718, #3600, #4367 ) ;
#2369 = PRESENTATION_STYLE_ASSIGNMENT (( #1810 ) ) ;
#2370 = LINE ( 'NONE', #1850, #308 ) ;
#2371 = PLANE ( 'NONE',  #138 ) ;
#2372 =( NAMED_UNIT ( * ) PLANE_ANGLE_UNIT ( ) SI_UNIT ( $, .RADIAN. ) );
#2373 = ADVANCED_FACE ( 'NONE', ( #2305 ), #1150, .F. ) ;
#2374 = ORIENTED_EDGE ( 'NONE', *, *, #936, .T. ) ;
#2375 = AXIS2_PLACEMENT_3D ( 'NONE', #1412, #4318, #1044 ) ;
#2376 = FACE_OUTER_BOUND ( 'NONE', #3294, .T. ) ;
#2377 = FILL_AREA_STYLE_COLOUR ( '', #3428 ) ;
#2378 = ORIENTED_EDGE ( 'NONE', *, *, #540, .T. ) ;
#2379 = ORIENTED_EDGE ( 'NONE', *, *, #3816, .T. ) ;
#2380 = PLANE ( 'NONE',  #239 ) ;
#2381 = ORIENTED_EDGE ( 'NONE', *, *, #3444, .T. ) ;
#2382 = ORIENTED_EDGE ( 'NONE', *, *, #3530, .T. ) ;
#2383 = ORIENTED_EDGE ( 'NONE', *, *, #459, .T. ) ;
#2384 = DIRECTION ( 'NONE',  ( 0.0000000000000000000, 0.0000000000000000000, 1.000000000000000000 ) ) ;
#2385 = SURFACE_STYLE_USAGE ( .BOTH. , #942 ) ;
#2386 = PRESENTATION_STYLE_ASSIGNMENT (( #3975 ) ) ;
#2387 = CARTESIAN_POINT ( 'NONE',  ( -6.400000000000000400, -4.500000000000003600, -3.850000000000002800 ) ) ;
#2388 = UNCERTAINTY_MEASURE_WITH_UNIT (LENGTH_MEASURE( 1.000000000000000100E-005 ), #1460, 'distance_accuracy_value', 'NONE');
#2389 = EDGE_CURVE ( 'NONE', #2488, #3384, #2352, .T. ) ;
#2390 = DIRECTION ( 'NONE',  ( 0.0000000000000000000, 0.0000000000000000000, -1.000000000000000000 ) ) ;
#2391 = FACE_OUTER_BOUND ( 'NONE', #1241, .T. ) ;
#2392 = DIRECTION ( 'NONE',  ( 0.0000000000000000000, 1.000000000000000000, -0.0000000000000000000 ) ) ;
#2393 = CARTESIAN_POINT ( 'NONE',  ( -0.3000000000000000400, -4.500000000000000900, 1.940000000000000600 ) ) ;
#2394 = VECTOR ( 'NONE', #1072, 1000.000000000000000 ) ;
#2395 = VERTEX_POINT ( 'NONE', #2259 ) ;
#2396 = VERTEX_POINT ( 'NONE', #2961 ) ;
#2397 = ADVANCED_FACE ( 'NONE', ( #2255 ), #4001, .F. ) ;
#2398 = EDGE_CURVE ( 'NONE', #1999, #3849, #59, .T. ) ;
#2399 = COLOUR_RGB ( '',0.7529411764705882200, 0.7529411764705882200, 0.7529411764705882200 ) ;
#2400 = ORIENTED_EDGE ( 'NONE', *, *, #1450, .T. ) ;
#2401 = ORIENTED_EDGE ( 'NONE', *, *, #3940, .T. ) ;
#2402 = LINE ( 'NONE', #2929, #472 ) ;
#2403 = DIRECTION ( 'NONE',  ( 0.0000000000000000000, 1.000000000000000000, -0.0000000000000000000 ) ) ;
#2404 = EDGE_CURVE ( 'NONE', #2650, #852, #2512, .T. ) ;
#2405 = VERTEX_POINT ( 'NONE', #4377 ) ;
#2406 = DIRECTION ( 'NONE',  ( 0.0000000000000000000, 0.0000000000000000000, -1.000000000000000000 ) ) ;
#2407 =( LENGTH_UNIT ( ) NAMED_UNIT ( * ) SI_UNIT ( .MILLI., .METRE. ) );
#2408 = EDGE_LOOP ( 'NONE', ( #519, #1168, #3628, #2992 ) ) ;
#2409 = LINE ( 'NONE', #735, #2078 ) ;
#2410 = LINE ( 'NONE', #2772, #4409 ) ;
#2411 = ORIENTED_EDGE ( 'NONE', *, *, #4299, .F. ) ;
#2412 = DIRECTION ( 'NONE',  ( 0.0000000000000000000, -1.000000000000000000, -9.856383386231857600E-017 ) ) ;
#2413 = PRESENTATION_LAYER_ASSIGNMENT (  '', '', ( #1683 ) ) ;
#2414 = FILL_AREA_STYLE_COLOUR ( '', #2773 ) ;
#2415 = DIRECTION ( 'NONE',  ( -1.000000000000000000, -1.020425574104004100E-016, 0.0000000000000000000 ) ) ;
#2416 = CARTESIAN_POINT ( 'NONE',  ( -5.400000000000000400, -4.200000000000002000, -4.050000000000002500 ) ) ;
#2417 = CARTESIAN_POINT ( 'NONE',  ( -2.774999999999999500, -0.3499999999999986500, -4.050000000000001600 ) ) ;
#2418 = CARTESIAN_POINT ( 'NONE',  ( 0.0000000000000000000, -4.400000000000000400, -4.050000000000002500 ) ) ;
#2419 = DIRECTION ( 'NONE',  ( 0.0000000000000000000, -1.971276677246371500E-016, -1.000000000000000000 ) ) ;
#2420 = VECTOR ( 'NONE', #2560, 1000.000000000000000 ) ;
#2421 = DIRECTION ( 'NONE',  ( 0.0000000000000000000, 0.7071067811865490200, 0.7071067811865460200 ) ) ;
#2422 = CARTESIAN_POINT ( 'NONE',  ( -6.599999999999999600, -4.500000000000003600, -4.850000000000002300 ) ) ;
#2423 = PRESENTATION_LAYER_ASSIGNMENT (  '', '', ( #1863 ) ) ;
#2424 = VECTOR ( 'NONE', #3786, 1000.000000000000000 ) ;
#2425 = DIRECTION ( 'NONE',  ( 0.0000000000000000000, -1.000000000000000000, -0.0000000000000000000 ) ) ;
#2426 = EDGE_CURVE ( 'NONE', #2215, #1377, #2402, .T. ) ;
#2427 = LINE ( 'NONE', #3358, #1132 ) ;
#2428 = CARTESIAN_POINT ( 'NONE',  ( -9.699999999999997500, -3.750000000000004400, 1.300000000000000300 ) ) ;
#2429 =( GEOMETRIC_REPRESENTATION_CONTEXT ( 3 ) GLOBAL_UNCERTAINTY_ASSIGNED_CONTEXT ( ( #1484 ) ) GLOBAL_UNIT_ASSIGNED_CONTEXT ( ( #4004, #3268, #3288 ) ) REPRESENTATION_CONTEXT ( 'NONE', 'WORKASPACE' ) );
#2430 = DIRECTION ( 'NONE',  ( 1.000000000000000000, -0.0000000000000000000, -0.0000000000000000000 ) ) ;
#2431 = EDGE_LOOP ( 'NONE', ( #1816, #847, #257, #2286, #4412, #3522 ) ) ;
#2432 = ORIENTED_EDGE ( 'NONE', *, *, #1824, .F. ) ;
#2433 = PLANE ( 'NONE',  #2485 ) ;
#2434 = PRESENTATION_LAYER_ASSIGNMENT (  '', '', ( #3891 ) ) ;
#2435 = CARTESIAN_POINT ( 'NONE',  ( -1.600000000000000500, -4.200000000000000200, -3.950000000000002000 ) ) ;
#2436 = DIRECTION ( 'NONE',  ( -1.000000000000000000, 0.0000000000000000000, -0.0000000000000000000 ) ) ;
#2437 = ORIENTED_EDGE ( 'NONE', *, *, #4111, .T. ) ;
#2438 = ORIENTED_EDGE ( 'NONE', *, *, #1929, .F. ) ;
#2439 = CARTESIAN_POINT ( 'NONE',  ( -0.3000000000000000400, -4.500000000000000900, -0.2599999999999996200 ) ) ;
#2440 = VERTEX_POINT ( 'NONE', #10 ) ;
#2441 = DIRECTION ( 'NONE',  ( -5.645901572429751600E-031, 6.672013369141566200E-016, 1.000000000000000000 ) ) ;
#2442 = LINE ( 'NONE', #4734, #3909 ) ;
#2443 = VERTEX_POINT ( 'NONE', #798 ) ;
#2444 = CARTESIAN_POINT ( 'NONE',  ( -0.3000000000000000400, -4.500000000000000900, 1.940000000000000600 ) ) ;
#2445 = FACE_OUTER_BOUND ( 'NONE', #4271, .T. ) ;
#2446 = EDGE_LOOP ( 'NONE', ( #4335, #451, #3557, #3736 ) ) ;
#2447 = CARTESIAN_POINT ( 'NONE',  ( -0.5000000000000000000, -4.400000000000000400, 1.950000000000000000 ) ) ;
#2448 = DIRECTION ( 'NONE',  ( 1.000000000000000000, -0.0000000000000000000, -0.0000000000000000000 ) ) ;
#2449 = PRESENTATION_STYLE_ASSIGNMENT (( #2155 ) ) ;
#2450 = STYLED_ITEM ( 'NONE', ( #4342 ), #3794 ) ;
#2451 = ORIENTED_EDGE ( 'NONE', *, *, #1124, .T. ) ;
#2452 = ORIENTED_EDGE ( 'NONE', *, *, #3023, .T. ) ;
#2453 = FILL_AREA_STYLE_COLOUR ( '', #1672 ) ;
#2454 = DIRECTION ( 'NONE',  ( -0.0000000000000000000, 1.000000000000000000, 3.942553354492742500E-016 ) ) ;
#2455 = SURFACE_STYLE_USAGE ( .BOTH. , #3531 ) ;
#2456 = CARTESIAN_POINT ( 'NONE',  ( -0.7499999999999997800, -2.100000000000000100, -2.600000000000000100 ) ) ;
#2457 = VECTOR ( 'NONE', #426, 1000.000000000000000 ) ;
#2458 = EDGE_CURVE ( 'NONE', #321, #1650, #3193, .T. ) ;
#2459 = LINE ( 'NONE', #920, #1375 ) ;
#2460 = ORIENTED_EDGE ( 'NONE', *, *, #3862, .F. ) ;
#2461 = ORIENTED_EDGE ( 'NONE', *, *, #4268, .T. ) ;
#2462 = DIRECTION ( 'NONE',  ( 0.0000000000000000000, -1.000000000000000000, 1.057758217059031200E-016 ) ) ;
#2463 = EDGE_CURVE ( 'NONE', #2737, #2244, #1434, .T. ) ;
#2464 = AXIS2_PLACEMENT_3D ( 'NONE', #3966, #2525, #4358 ) ;
#2465 = CARTESIAN_POINT ( 'NONE',  ( -6.400000000000000400, -4.200000000000002800, -3.950000000000002000 ) ) ;
#2466 = DIRECTION ( 'NONE',  ( 0.0000000000000000000, 0.0000000000000000000, -1.000000000000000000 ) ) ;
#2467 = DIRECTION ( 'NONE',  ( -0.0000000000000000000, -0.0000000000000000000, 1.000000000000000000 ) ) ;
#2468 = CARTESIAN_POINT ( 'NONE',  ( -9.499999999999998200, -2.450000000000004600, 1.300000000000000300 ) ) ;
#2469 = PLANE ( 'NONE',  #3916 ) ;
#2470 = DIRECTION ( 'NONE',  ( -1.000000000000000000, 0.0000000000000000000, 0.0000000000000000000 ) ) ;
#2471 = DIRECTION ( 'NONE',  ( -0.0000000000000000000, 0.0000000000000000000, 1.000000000000000000 ) ) ;
#2472 = LINE ( 'NONE', #962, #1924 ) ;
#2473 = PLANE ( 'NONE',  #1186 ) ;
#2474 = CARTESIAN_POINT ( 'NONE',  ( -0.3000000000000000400, -2.450000000000004600, 1.940000000000000400 ) ) ;
#2475 = VECTOR ( 'NONE', #1340, 1000.000000000000000 ) ;
#2476 = PRESENTATION_STYLE_ASSIGNMENT (( #3328 ) ) ;
#2477 = ORIENTED_EDGE ( 'NONE', *, *, #1539, .F. ) ;
#2478 = CARTESIAN_POINT ( 'NONE',  ( 0.0000000000000000000, -2.250000000000000000, -3.450000000000000200 ) ) ;
#2479 =( LENGTH_UNIT ( ) NAMED_UNIT ( * ) SI_UNIT ( .MILLI., .METRE. ) );
#2480 = CARTESIAN_POINT ( 'NONE',  ( -0.6999999999999998400, -2.100000000000000100, -1.799999999999999600 ) ) ;
#2481 = EDGE_CURVE ( 'NONE', #281, #4387, #354, .T. ) ;
#2482 = LINE ( 'NONE', #135, #2986 ) ;
#2483 = DIRECTION ( 'NONE',  ( -0.0000000000000000000, 0.0000000000000000000, 1.000000000000000000 ) ) ;
#2484 = DIRECTION ( 'NONE',  ( -0.0000000000000000000, -1.000000000000000000, -0.0000000000000000000 ) ) ;
#2485 = AXIS2_PLACEMENT_3D ( 'NONE', #1112, #3490, #336 ) ;
#2486 = FILL_AREA_STYLE_COLOUR ( '', #1314 ) ;
#2487 = FACE_OUTER_BOUND ( 'NONE', #206, .T. ) ;
#2488 = VERTEX_POINT ( 'NONE', #1486 ) ;
#2489 = DIRECTION ( 'NONE',  ( 0.0000000000000000000, 0.7071067811865490200, 0.7071067811865460200 ) ) ;
#2490 = ORIENTED_EDGE ( 'NONE', *, *, #2076, .F. ) ;
#2491 = EDGE_CURVE ( 'NONE', #288, #2549, #1319, .T. ) ;
#2492 = DIRECTION ( 'NONE',  ( 0.0000000000000000000, 1.000000000000000000, 5.981805089575194200E-016 ) ) ;
#2493 = VECTOR ( 'NONE', #2867, 1000.000000000000000 ) ;
#2494 = PRESENTATION_LAYER_ASSIGNMENT (  '', '', ( #2290 ) ) ;
#2495 = VERTEX_POINT ( 'NONE', #766 ) ;
#2496 = PLANE ( 'NONE',  #65 ) ;
#2497 = EDGE_CURVE ( 'NONE', #3384, #4260, #1270, .T. ) ;
#2498 = LINE ( 'NONE', #3945, #568 ) ;
#2499 = CARTESIAN_POINT ( 'NONE',  ( -10.00000000000000000, -2.450000000000005100, 1.950000000000000200 ) ) ;
#2500 = ORIENTED_EDGE ( 'NONE', *, *, #1176, .T. ) ;
#2501 =( LENGTH_UNIT ( ) NAMED_UNIT ( * ) SI_UNIT ( .MILLI., .METRE. ) );
#2502 = PLANE ( 'NONE',  #2464 ) ;
#2503 = DIRECTION ( 'NONE',  ( 1.000000000000000000, 0.0000000000000000000, 0.0000000000000000000 ) ) ;
#2504 = DIRECTION ( 'NONE',  ( 0.0000000000000000000, 0.0000000000000000000, -1.000000000000000000 ) ) ;
#2505 = PLANE ( 'NONE',  #1005 ) ;
#2506 = LINE ( 'NONE', #2848, #3689 ) ;
#2507 = ORIENTED_EDGE ( 'NONE', *, *, #125, .F. ) ;
#2508 = CARTESIAN_POINT ( 'NONE',  ( -0.5000000000000000000, -0.6500000000000001300, -2.149999999999999900 ) ) ;
#2509 = SURFACE_STYLE_FILL_AREA ( #2347 ) ;
#2510 = LINE ( 'NONE', #3116, #2627 ) ;
#2511 = CARTESIAN_POINT ( 'NONE',  ( -2.600000000000000500, -4.200000000000001100, -4.850000000000002300 ) ) ;
#2512 = LINE ( 'NONE', #2973, #2196 ) ;
#2513 = MECHANICAL_DESIGN_GEOMETRIC_PRESENTATION_REPRESENTATION (  '', ( #1956 ), #4721 ) ;
#2514 = VERTEX_POINT ( 'NONE', #851 ) ;
#2515 = PLANE ( 'NONE',  #4492 ) ;
#2516 = CARTESIAN_POINT ( 'NONE',  ( -8.600000000000001400, -4.200000000000003700, -4.850000000000002300 ) ) ;
#2517 = ORIENTED_EDGE ( 'NONE', *, *, #351, .F. ) ;
#2518 = DIRECTION ( 'NONE',  ( 1.000000000000000000, 0.0000000000000000000, 0.0000000000000000000 ) ) ;
#2519 = VECTOR ( 'NONE', #4329, 1000.000000000000000 ) ;
#2520 =( GEOMETRIC_REPRESENTATION_CONTEXT ( 3 ) GLOBAL_UNCERTAINTY_ASSIGNED_CONTEXT ( ( #44 ) ) GLOBAL_UNIT_ASSIGNED_CONTEXT ( ( #1717, #1350, #613 ) ) REPRESENTATION_CONTEXT ( 'NONE', 'WORKASPACE' ) );
#2521 = CARTESIAN_POINT ( 'NONE',  ( -9.999999999999996400, -3.750000000000004900, -0.2999999999999999300 ) ) ;
#2522 = EDGE_CURVE ( 'NONE', #2235, #3936, #1037, .T. ) ;
#2523 = EDGE_LOOP ( 'NONE', ( #2500, #1938, #4730, #3486 ) ) ;
#2524 = LINE ( 'NONE', #1959, #482 ) ;
#2525 = DIRECTION ( 'NONE',  ( 0.0000000000000000000, 0.0000000000000000000, -1.000000000000000000 ) ) ;
#2526 = MECHANICAL_DESIGN_GEOMETRIC_PRESENTATION_REPRESENTATION (  '', ( #3887 ), #659 ) ;
#2527 = VECTOR ( 'NONE', #2580, 1000.000000000000000 ) ;
#2528 = STYLED_ITEM ( 'NONE', ( #4575 ), #561 ) ;
#2529 = DIRECTION ( 'NONE',  ( 0.0000000000000000000, -1.000000000000000000, -0.0000000000000000000 ) ) ;
#2530 = PLANE ( 'NONE',  #2133 ) ;
#2531 = VECTOR ( 'NONE', #2005, 1000.000000000000000 ) ;
#2532 = FILL_AREA_STYLE ('',( #2912 ) ) ;
#2533 =( NAMED_UNIT ( * ) SI_UNIT ( $, .STERADIAN. ) SOLID_ANGLE_UNIT ( ) );
#2534 = UNCERTAINTY_MEASURE_WITH_UNIT (LENGTH_MEASURE( 1.000000000000000100E-005 ), #738, 'distance_accuracy_value', 'NONE');
#2535 = CARTESIAN_POINT ( 'NONE',  ( -0.5000000000000000000, -2.450000000000000200, 1.950000000000000400 ) ) ;
#2536 = EDGE_CURVE ( 'NONE', #4723, #4277, #414, .T. ) ;
#2537 =( NAMED_UNIT ( * ) PLANE_ANGLE_UNIT ( ) SI_UNIT ( $, .RADIAN. ) );
#2538 = COLOUR_RGB ( '',0.7529411764705882200, 0.7529411764705882200, 0.7529411764705882200 ) ;
#2539 = DIRECTION ( 'NONE',  ( 0.0000000000000000000, -1.000000000000000000, 0.0000000000000000000 ) ) ;
#2540 = CARTESIAN_POINT ( 'NONE',  ( -0.7499999999999997800, -4.000000000000000000, 1.950000000000000400 ) ) ;
#2541 = VECTOR ( 'NONE', #3886, 1000.000000000000000 ) ;
#2542 = CARTESIAN_POINT ( 'NONE',  ( -5.400000000000000400, -4.500000000000002700, -3.850000000000002800 ) ) ;
#2543 = LINE ( 'NONE', #1583, #615 ) ;
#2544 = ORIENTED_EDGE ( 'NONE', *, *, #1554, .F. ) ;
#2545 = DIRECTION ( 'NONE',  ( 0.0000000000000000000, 0.0000000000000000000, 1.000000000000000000 ) ) ;
#2546 = DIRECTION ( 'NONE',  ( -0.0000000000000000000, 0.0000000000000000000, 1.000000000000000000 ) ) ;
#2547 = EDGE_CURVE ( 'NONE', #3741, #1405, #2723, .T. ) ;
#2548 = CARTESIAN_POINT ( 'NONE',  ( -3.750000000000000000, -1.800000000000000300, -0.6099999999999998800 ) ) ;
#2549 = VERTEX_POINT ( 'NONE', #2648 ) ;
#2550 = ORIENTED_EDGE ( 'NONE', *, *, #752, .T. ) ;
#2551 = ORIENTED_EDGE ( 'NONE', *, *, #2458, .F. ) ;
#2552 = CARTESIAN_POINT ( 'NONE',  ( -6.599999999999999600, -3.449999999999999300, -3.950000000000002000 ) ) ;
#2553 = ORIENTED_EDGE ( 'NONE', *, *, #1697, .F. ) ;
#2554 = PLANE ( 'NONE',  #1066 ) ;
#2555 = VERTEX_POINT ( 'NONE', #2664 ) ;
#2556 = ORIENTED_EDGE ( 'NONE', *, *, #1724, .T. ) ;
#2557 = EDGE_CURVE ( 'NONE', #2200, #365, #3759, .T. ) ;
#2558 = MECHANICAL_DESIGN_GEOMETRIC_PRESENTATION_REPRESENTATION (  '', ( #3610 ), #3030 ) ;
#2559 = EDGE_LOOP ( 'NONE', ( #500, #1485, #510, #2732 ) ) ;
#2560 = DIRECTION ( 'NONE',  ( 0.0000000000000000000, -1.000000000000000000, -2.710505431213761600E-016 ) ) ;
#2561 = CARTESIAN_POINT ( 'NONE',  ( -9.699999999999999300, -2.450000000000009100, -0.2599999999999997900 ) ) ;
#2562 = LINE ( 'NONE', #2468, #4624 ) ;
#2563 = CARTESIAN_POINT ( 'NONE',  ( -8.825000000000001100, -2.100000000000000100, -2.600000000000000100 ) ) ;
#2564 = PRESENTATION_LAYER_ASSIGNMENT (  '', '', ( #2091 ) ) ;
#2565 = ORIENTED_EDGE ( 'NONE', *, *, #3122, .F. ) ;
#2566 = SURFACE_STYLE_USAGE ( .BOTH. , #4708 ) ;
#2567 = DIRECTION ( 'NONE',  ( 0.0000000000000000000, -1.000000000000000000, 0.0000000000000000000 ) ) ;
#2568 = ORIENTED_EDGE ( 'NONE', *, *, #1840, .F. ) ;
#2569 = PLANE ( 'NONE',  #4041 ) ;
#2570 = COLOUR_RGB ( '',0.7529411764705882200, 0.7529411764705882200, 0.7529411764705882200 ) ;
#2571 = ADVANCED_FACE ( 'NONE', ( #799 ), #3373, .F. ) ;
#2572 = LINE ( 'NONE', #120, #3456 ) ;
#2573 = ORIENTED_EDGE ( 'NONE', *, *, #3029, .F. ) ;
#2574 = ORIENTED_EDGE ( 'NONE', *, *, #1827, .T. ) ;
#2575 = CARTESIAN_POINT ( 'NONE',  ( -7.224999999999998800, -2.100000000000000100, -0.04999999999999969700 ) ) ;
#2576 = DIRECTION ( 'NONE',  ( 0.0000000000000000000, 0.7071067811865490200, 0.7071067811865460200 ) ) ;
#2577 = VECTOR ( 'NONE', #3714, 1000.000000000000000 ) ;
#2578 = LINE ( 'NONE', #3879, #2786 ) ;
#2579 = CARTESIAN_POINT ( 'NONE',  ( 0.0000000000000000000, -0.6500000000000001300, -3.449999999999999700 ) ) ;
#2580 = DIRECTION ( 'NONE',  ( 1.000000000000000000, -0.0000000000000000000, -0.0000000000000000000 ) ) ;
#2581 = EDGE_CURVE ( 'NONE', #3684, #1950, #3405, .T. ) ;
#2582 = ORIENTED_EDGE ( 'NONE', *, *, #1571, .F. ) ;
#2583 = SURFACE_STYLE_USAGE ( .BOTH. , #3954 ) ;
#2584 = SURFACE_SIDE_STYLE ('',( #4099 ) ) ;
#2585 = DIRECTION ( 'NONE',  ( 0.0000000000000000000, -1.000000000000000000, 0.0000000000000000000 ) ) ;
#2586 = CARTESIAN_POINT ( 'NONE',  ( -4.599999999999999600, -4.500000000000002700, -3.850000000000002800 ) ) ;
#2587 =( LENGTH_UNIT ( ) NAMED_UNIT ( * ) SI_UNIT ( .MILLI., .METRE. ) );
#2588 = EDGE_CURVE ( 'NONE', #4641, #288, #1537, .T. ) ;
#2589 = ADVANCED_FACE ( 'NONE', ( #4050 ), #3362, .F. ) ;
#2590 = VECTOR ( 'NONE', #2430, 1000.000000000000000 ) ;
#2591 = CARTESIAN_POINT ( 'NONE',  ( -5.599999999999999600, -4.200000000000002000, -3.950000000000002000 ) ) ;
#2592 = MECHANICAL_DESIGN_GEOMETRIC_PRESENTATION_REPRESENTATION (  '', ( #4583 ), #3479 ) ;
#2593 =( NAMED_UNIT ( * ) SI_UNIT ( $, .STERADIAN. ) SOLID_ANGLE_UNIT ( ) );
#2594 = CARTESIAN_POINT ( 'NONE',  ( -9.250000000000000000, -4.000000000000000000, -0.3999999999999997400 ) ) ;
#2595 = EDGE_LOOP ( 'NONE', ( #1839, #262, #4088, #26 ) ) ;
#2596 = LINE ( 'NONE', #1499, #1393 ) ;
#2597 = DIRECTION ( 'NONE',  ( 0.0000000000000000000, 0.0000000000000000000, 1.000000000000000000 ) ) ;
#2598 = ORIENTED_EDGE ( 'NONE', *, *, #3451, .F. ) ;
#2599 =( LENGTH_UNIT ( ) NAMED_UNIT ( * ) SI_UNIT ( .MILLI., .METRE. ) );
#2600 = VECTOR ( 'NONE', #1483, 1000.000000000000000 ) ;
#2601 = ORIENTED_EDGE ( 'NONE', *, *, #3707, .F. ) ;
#2602 = MECHANICAL_DESIGN_GEOMETRIC_PRESENTATION_REPRESENTATION (  '', ( #3903 ), #4567 ) ;
#2603 = CARTESIAN_POINT ( 'NONE',  ( 0.0000000000000000000, -4.400000000000000400, -4.050000000000002500 ) ) ;
#2604 = EDGE_LOOP ( 'NONE', ( #228, #4282, #3820, #36 ) ) ;
#2605 = ORIENTED_EDGE ( 'NONE', *, *, #1831, .F. ) ;
#2606 = AXIS2_PLACEMENT_3D ( 'NONE', #4364, #2, #31 ) ;
#2607 = FACE_OUTER_BOUND ( 'NONE', #4120, .T. ) ;
#2608 = EDGE_CURVE ( 'NONE', #4686, #4695, #165, .T. ) ;
#2609 = DIRECTION ( 'NONE',  ( -1.000000000000000000, -1.218204688185959800E-016, -0.0000000000000000000 ) ) ;
#2610 = ADVANCED_FACE ( 'NONE', ( #864 ), #502, .F. ) ;
#2611 = ORIENTED_EDGE ( 'NONE', *, *, #424, .F. ) ;
#2612 = CARTESIAN_POINT ( 'NONE',  ( 0.0000000000000000000, -4.400000000000000400, 1.950000000000000000 ) ) ;
#2613 = ORIENTED_EDGE ( 'NONE', *, *, #3599, .T. ) ;
#2614 = VECTOR ( 'NONE', #3556, 1000.000000000000000 ) ;
#2615 = ORIENTED_EDGE ( 'NONE', *, *, #3856, .F. ) ;
#2616 = PRESENTATION_STYLE_ASSIGNMENT (( #960 ) ) ;
#2617 = ORIENTED_EDGE ( 'NONE', *, *, #1514, .F. ) ;
#2618 = CARTESIAN_POINT ( 'NONE',  ( -5.599999999999999600, -4.200000000000002000, -4.850000000000002300 ) ) ;
#2619 = CARTESIAN_POINT ( 'NONE',  ( -9.699999999999999300, -2.450000000000004200, 1.940000000000000400 ) ) ;
#2620 = FILL_AREA_STYLE ('',( #1440 ) ) ;
#2621 = VECTOR ( 'NONE', #2759, 1000.000000000000000 ) ;
#2622 = VERTEX_POINT ( 'NONE', #3182 ) ;
#2623 = ORIENTED_EDGE ( 'NONE', *, *, #4348, .T. ) ;
#2624 = CARTESIAN_POINT ( 'NONE',  ( -7.225000000000000500, -0.3499999999999992000, -4.050000000000001600 ) ) ;
#2625 = CARTESIAN_POINT ( 'NONE',  ( -2.600000000000000500, -3.449999999999997500, -3.950000000000002000 ) ) ;
#2626 = LINE ( 'NONE', #791, #1718 ) ;
#2627 = VECTOR ( 'NONE', #4230, 1000.000000000000000 ) ;
#2628 =( NAMED_UNIT ( * ) SI_UNIT ( $, .STERADIAN. ) SOLID_ANGLE_UNIT ( ) );
#2629 = EDGE_CURVE ( 'NONE', #2058, #2737, #4635, .T. ) ;
#2630 = ADVANCED_FACE ( 'NONE', ( #3924 ), #314, .F. ) ;
#2631 = DIRECTION ( 'NONE',  ( -0.0000000000000000000, -0.0000000000000000000, 1.000000000000000000 ) ) ;
#2632 = EDGE_CURVE ( 'NONE', #687, #3760, #3693, .T. ) ;
#2633 = AXIS2_PLACEMENT_3D ( 'NONE', #1934, #3001, #1548 ) ;
#2634 =( NAMED_UNIT ( * ) PLANE_ANGLE_UNIT ( ) SI_UNIT ( $, .RADIAN. ) );
#2635 = STYLED_ITEM ( 'NONE', ( #553 ), #23 ) ;
#2636 = PRESENTATION_LAYER_ASSIGNMENT (  '', '', ( #573 ) ) ;
#2637 = CARTESIAN_POINT ( 'NONE',  ( -0.6999999999999998400, -2.100000000000000100, -4.173411897755954700 ) ) ;
#2638 = EDGE_CURVE ( 'NONE', #745, #61, #3573, .T. ) ;
#2639 = ORIENTED_EDGE ( 'NONE', *, *, #2491, .F. ) ;
#2640 = STYLED_ITEM ( 'NONE', ( #651 ), #946 ) ;
#2641 = CARTESIAN_POINT ( 'NONE',  ( -7.400000000000000400, -3.449999999999999700, -3.950000000000002000 ) ) ;
#2642 = SURFACE_STYLE_FILL_AREA ( #1530 ) ;
#2643 = VECTOR ( 'NONE', #4163, 1000.000000000000000 ) ;
#2644 = DIRECTION ( 'NONE',  ( 0.0000000000000000000, 0.0000000000000000000, -1.000000000000000000 ) ) ;
#2645 = SURFACE_SIDE_STYLE ('',( #384 ) ) ;
#2646 = DIRECTION ( 'NONE',  ( 1.000000000000000000, -0.0000000000000000000, -0.0000000000000000000 ) ) ;
#2647 = ADVANCED_FACE ( 'NONE', ( #4285 ), #2105, .T. ) ;
#2648 = CARTESIAN_POINT ( 'NONE',  ( -6.599999999999999600, -4.400000000000000400, -3.750000000000000400 ) ) ;
#2649 = ORIENTED_EDGE ( 'NONE', *, *, #601, .T. ) ;
#2650 = VERTEX_POINT ( 'NONE', #3941 ) ;
#2651 = SURFACE_SIDE_STYLE ('',( #83 ) ) ;
#2652 = EDGE_LOOP ( 'NONE', ( #3570, #507, #869, #647 ) ) ;
#2653 = APPLICATION_PROTOCOL_DEFINITION ( 'draft international standard', 'automotive_design', 1998, #1954 ) ;
#2654 = VERTEX_POINT ( 'NONE', #4306 ) ;
#2655 = VERTEX_POINT ( 'NONE', #3960 ) ;
#2656 = CARTESIAN_POINT ( 'NONE',  ( -7.599999999999999600, -4.200000000000002800, -3.950000000000002000 ) ) ;
#2657 =( GEOMETRIC_REPRESENTATION_CONTEXT ( 3 ) GLOBAL_UNCERTAINTY_ASSIGNED_CONTEXT ( ( #3925 ) ) GLOBAL_UNIT_ASSIGNED_CONTEXT ( ( #1438, #1832, #1076 ) ) REPRESENTATION_CONTEXT ( 'NONE', 'WORKASPACE' ) );
#2658 = CARTESIAN_POINT ( 'NONE',  ( -9.700000000000002800, -1.300000000000000500, -1.799999999999999600 ) ) ;
#2659 = EDGE_LOOP ( 'NONE', ( #4225, #746, #4500, #3861, #4585, #1689, #4455, #4049, #1356, #1568, #2490, #4330 ) ) ;
#2660 = EDGE_CURVE ( 'NONE', #852, #4338, #3804, .T. ) ;
#2661 = FILL_AREA_STYLE_COLOUR ( '', #115 ) ;
#2662 = VECTOR ( 'NONE', #418, 1000.000000000000000 ) ;
#2663 = ORIENTED_EDGE ( 'NONE', *, *, #176, .T. ) ;
#2664 = CARTESIAN_POINT ( 'NONE',  ( -7.224999999999998800, -1.950000000000000800, -0.04999999999999969700 ) ) ;
#2665 = CARTESIAN_POINT ( 'NONE',  ( -1.174999999999999600, -1.950000000000000800, 1.950000000000000400 ) ) ;
#2666 = UNCERTAINTY_MEASURE_WITH_UNIT (LENGTH_MEASURE( 1.000000000000000100E-005 ), #1262, 'distance_accuracy_value', 'NONE');
#2667 = AXIS2_PLACEMENT_3D ( 'NONE', #4162, #2361, #2412 ) ;
#2668 = ADVANCED_FACE ( 'NONE', ( #2300 ), #3162, .T. ) ;
#2669 = ORIENTED_EDGE ( 'NONE', *, *, #2801, .F. ) ;
#2670 = PRESENTATION_STYLE_ASSIGNMENT (( #1399 ) ) ;
#2671 = CARTESIAN_POINT ( 'NONE',  ( -10.00000000000000000, -4.463708075462369200E-015, -2.149999999999999900 ) ) ;
#2672 = ORIENTED_EDGE ( 'NONE', *, *, #608, .F. ) ;
#2673 = PLANE ( 'NONE',  #954 ) ;
#2674 = ORIENTED_EDGE ( 'NONE', *, *, #3386, .F. ) ;
#2675 = SURFACE_STYLE_FILL_AREA ( #773 ) ;
#2676 = SURFACE_STYLE_FILL_AREA ( #1029 ) ;
#2677 =( NAMED_UNIT ( * ) PLANE_ANGLE_UNIT ( ) SI_UNIT ( $, .RADIAN. ) );
#2678 = ORIENTED_EDGE ( 'NONE', *, *, #1697, .T. ) ;
#2679 = COLOUR_RGB ( '',0.7529411764705882200, 0.7529411764705882200, 0.7529411764705882200 ) ;
#2680 = EDGE_CURVE ( 'NONE', #4399, #2809, #1711, .T. ) ;
#2681 = ORIENTED_EDGE ( 'NONE', *, *, #180, .F. ) ;
#2682 = DIRECTION ( 'NONE',  ( -0.0000000000000000000, 1.000000000000000000, 0.0000000000000000000 ) ) ;
#2683 = LINE ( 'NONE', #2247, #2743 ) ;
#2684 = STYLED_ITEM ( 'NONE', ( #812 ), #3448 ) ;
#2685 =( NAMED_UNIT ( * ) SI_UNIT ( $, .STERADIAN. ) SOLID_ANGLE_UNIT ( ) );
#2686 = EDGE_CURVE ( 'NONE', #4511, #365, #2121, .T. ) ;
#2687 = LINE ( 'NONE', #3487, #1618 ) ;
#2688 = PLANE ( 'NONE',  #717 ) ;
#2689 = CARTESIAN_POINT ( 'NONE',  ( -10.00000000000000000, -4.400000000000000400, 1.950000000000000000 ) ) ;
#2690 = ADVANCED_FACE ( 'NONE', ( #3919 ), #1355, .F. ) ;
#2691 =( NAMED_UNIT ( * ) PLANE_ANGLE_UNIT ( ) SI_UNIT ( $, .RADIAN. ) );
#2692 =( GEOMETRIC_REPRESENTATION_CONTEXT ( 3 ) GLOBAL_UNCERTAINTY_ASSIGNED_CONTEXT ( ( #3314 ) ) GLOBAL_UNIT_ASSIGNED_CONTEXT ( ( #2316, #1918, #3719 ) ) REPRESENTATION_CONTEXT ( 'NONE', 'WORKASPACE' ) );
#2693 = AXIS2_PLACEMENT_3D ( 'NONE', #2435, #995, #277 ) ;
#2694 = DIRECTION ( 'NONE',  ( 0.0000000000000000000, 0.0000000000000000000, 1.000000000000000000 ) ) ;
#2695 = DIRECTION ( 'NONE',  ( 0.0000000000000000000, -1.000000000000000000, 0.0000000000000000000 ) ) ;
#2696 = LINE ( 'NONE', #242, #660 ) ;
#2697 = VECTOR ( 'NONE', #4129, 1000.000000000000000 ) ;
#2698 = LINE ( 'NONE', #3674, #1009 ) ;
#2699 = ORIENTED_EDGE ( 'NONE', *, *, #2339, .F. ) ;
#2700 = PLANE ( 'NONE',  #4366 ) ;
#2701 = ORIENTED_EDGE ( 'NONE', *, *, #4594, .T. ) ;
#2702 = CARTESIAN_POINT ( 'NONE',  ( -8.600000000000001400, -4.400000000000000400, -3.950000000000002000 ) ) ;
#2703 = ORIENTED_EDGE ( 'NONE', *, *, #2522, .T. ) ;
#2704 = DIRECTION ( 'NONE',  ( 0.0000000000000000000, -0.0000000000000000000, -1.000000000000000000 ) ) ;
#2705 = VERTEX_POINT ( 'NONE', #1059 ) ;
#2706 = ORIENTED_EDGE ( 'NONE', *, *, #2491, .T. ) ;
#2707 = VECTOR ( 'NONE', #2539, 1000.000000000000000 ) ;
#2708 = SURFACE_STYLE_USAGE ( .BOTH. , #3781 ) ;
#2709 = CARTESIAN_POINT ( 'NONE',  ( -0.5000000000000000000, -2.250000000000000000, -3.450000000000000200 ) ) ;
#2710 = ORIENTED_EDGE ( 'NONE', *, *, #4456, .T. ) ;
#2711 = ADVANCED_FACE ( 'NONE', ( #4628 ), #1095, .T. ) ;
#2712 = EDGE_CURVE ( 'NONE', #2960, #1949, #3988, .T. ) ;
#2713 = AXIS2_PLACEMENT_3D ( 'NONE', #3409, #3561, #2850 ) ;
#2714 = EDGE_LOOP ( 'NONE', ( #207, #1094, #2050, #634, #1033, #89, #2813, #1879 ) ) ;
#2715 = PLANE ( 'NONE',  #1846 ) ;
#2716 = VECTOR ( 'NONE', #3962, 1000.000000000000000 ) ;
#2717 = ORIENTED_EDGE ( 'NONE', *, *, #4348, .F. ) ;
#2718 = CARTESIAN_POINT ( 'NONE',  ( -0.7499999999999997800, -3.649999999999999900, -2.600000000000000100 ) ) ;
#2719 = EDGE_CURVE ( 'NONE', #3054, #1882, #1152, .T. ) ;
#2720 = ORIENTED_EDGE ( 'NONE', *, *, #4317, .F. ) ;
#2721 = STYLED_ITEM ( 'NONE', ( #2616 ), #1581 ) ;
#2722 = CARTESIAN_POINT ( 'NONE',  ( -7.599999999999999600, -4.200000000000002800, -4.850000000000002300 ) ) ;
#2723 = LINE ( 'NONE', #4083, #54 ) ;
#2724 = UNCERTAINTY_MEASURE_WITH_UNIT (LENGTH_MEASURE( 1.000000000000000100E-005 ), #4482, 'distance_accuracy_value', 'NONE');
#2725 = CARTESIAN_POINT ( 'NONE',  ( -7.599999999999999600, -3.449999999999999700, -3.950000000000002000 ) ) ;
#2726 = CARTESIAN_POINT ( 'NONE',  ( -9.699999999999997500, -4.500000000000004400, 1.940000000000000600 ) ) ;
#2727 = VECTOR ( 'NONE', #2585, 1000.000000000000000 ) ;
#2728 = LINE ( 'NONE', #3438, #1099 ) ;
#2729 = PRESENTATION_STYLE_ASSIGNMENT (( #4326 ) ) ;
#2730 = CARTESIAN_POINT ( 'NONE',  ( -6.400000000000000400, -4.500000000000003600, -3.850000000000002800 ) ) ;
#2731 = ORIENTED_EDGE ( 'NONE', *, *, #1667, .F. ) ;
#2732 = ORIENTED_EDGE ( 'NONE', *, *, #3910, .F. ) ;
#2733 = DIRECTION ( 'NONE',  ( -8.462065736472233800E-016, 1.000000000000000000, -1.057758217059030800E-016 ) ) ;
#2734 = LINE ( 'NONE', #3235, #1910 ) ;
#2735 = LINE ( 'NONE', #4279, #1965 ) ;
#2736 = CARTESIAN_POINT ( 'NONE',  ( -9.499999999999996400, -3.750000000000004400, -0.2999999999999999300 ) ) ;
#2737 = VERTEX_POINT ( 'NONE', #1472 ) ;
#2738 = LINE ( 'NONE', #885, #2030 ) ;
#2739 = DIRECTION ( 'NONE',  ( 0.0000000000000000000, 0.0000000000000000000, -1.000000000000000000 ) ) ;
#2740 = PLANE ( 'NONE',  #2180 ) ;
#2741 = ADVANCED_FACE ( 'NONE', ( #3872 ), #3260, .F. ) ;
#2742 = DIRECTION ( 'NONE',  ( 0.0000000000000000000, 0.7071067811865490200, 0.7071067811865460200 ) ) ;
#2743 = VECTOR ( 'NONE', #2964, 1000.000000000000000 ) ;
#2744 = DIRECTION ( 'NONE',  ( -1.000000000000000000, -8.462065736472233800E-016, 0.0000000000000000000 ) ) ;
#2745 = DIRECTION ( 'NONE',  ( 0.0000000000000000000, 0.0000000000000000000, 1.000000000000000000 ) ) ;
#2746 = SURFACE_STYLE_FILL_AREA ( #887 ) ;
#2747 =( GEOMETRIC_REPRESENTATION_CONTEXT ( 3 ) GLOBAL_UNCERTAINTY_ASSIGNED_CONTEXT ( ( #2261 ) ) GLOBAL_UNIT_ASSIGNED_CONTEXT ( ( #4177, #2634, #488 ) ) REPRESENTATION_CONTEXT ( 'NONE', 'WORKASPACE' ) );
#2748 = VECTOR ( 'NONE', #323, 1000.000000000000000 ) ;
#2749 = PRESENTATION_LAYER_ASSIGNMENT (  '', '', ( #944 ) ) ;
#2750 = VECTOR ( 'NONE', #1657, 1000.000000000000000 ) ;
#2751 = EDGE_CURVE ( 'NONE', #215, #278, #4401, .T. ) ;
#2752 = STYLED_ITEM ( 'NONE', ( #855 ), #2944 ) ;
#2753 = FILL_AREA_STYLE ('',( #4679 ) ) ;
#2754 = FACE_OUTER_BOUND ( 'NONE', #3123, .T. ) ;
#2755 = VECTOR ( 'NONE', #788, 1000.000000000000000 ) ;
#2756 = CARTESIAN_POINT ( 'NONE',  ( -9.499999999999996400, -4.400000000000004800, 1.950000000000000000 ) ) ;
#2757 = ORIENTED_EDGE ( 'NONE', *, *, #2780, .F. ) ;
#2758 = DIRECTION ( 'NONE',  ( 0.0000000000000000000, 0.0000000000000000000, 1.000000000000000000 ) ) ;
#2759 = DIRECTION ( 'NONE',  ( -1.000000000000000000, 0.0000000000000000000, 0.0000000000000000000 ) ) ;
#2760 = COLOUR_RGB ( '',0.7529411764705882200, 0.7529411764705882200, 0.7529411764705882200 ) ;
#2761 = ORIENTED_EDGE ( 'NONE', *, *, #4138, .F. ) ;
#2762 = ADVANCED_FACE ( 'NONE', ( #2190 ), #3569, .F. ) ;
#2763 = ORIENTED_EDGE ( 'NONE', *, *, #3184, .F. ) ;
#2764 = VERTEX_POINT ( 'NONE', #3607 ) ;
#2765 = ORIENTED_EDGE ( 'NONE', *, *, #4703, .T. ) ;
#2766 = VERTEX_POINT ( 'NONE', #2730 ) ;
#2767 = FILL_AREA_STYLE_COLOUR ( '', #2032 ) ;
#2768 = FACE_OUTER_BOUND ( 'NONE', #3510, .T. ) ;
#2769 = SURFACE_STYLE_USAGE ( .BOTH. , #3505 ) ;
#2770 = ORIENTED_EDGE ( 'NONE', *, *, #4425, .T. ) ;
#2771 = CARTESIAN_POINT ( 'NONE',  ( -5.400000000000000400, -4.400000000000000400, -3.950000000000002000 ) ) ;
#2772 = CARTESIAN_POINT ( 'NONE',  ( -3.400000000000000800, -3.449999999999998000, -4.050000000000002500 ) ) ;
#2773 = COLOUR_RGB ( '',0.7529411764705882200, 0.7529411764705882200, 0.7529411764705882200 ) ;
#2774 = CARTESIAN_POINT ( 'NONE',  ( -9.699999999999999300, -2.450000000000008600, 1.940000000000000400 ) ) ;
#2775 = DIRECTION ( 'NONE',  ( 0.0000000000000000000, 0.0000000000000000000, 1.000000000000000000 ) ) ;
#2776 = VERTEX_POINT ( 'NONE', #2439 ) ;
#2777 = DIRECTION ( 'NONE',  ( 1.000000000000000000, -0.0000000000000000000, 0.0000000000000000000 ) ) ;
#2778 = EDGE_CURVE ( 'NONE', #3926, #2549, #1898, .T. ) ;
#2779 = VECTOR ( 'NONE', #2930, 1000.000000000000000 ) ;
#2780 = EDGE_CURVE ( 'NONE', #1974, #4032, #1366, .T. ) ;
#2781 = ORIENTED_EDGE ( 'NONE', *, *, #2497, .F. ) ;
#2782 = ORIENTED_EDGE ( 'NONE', *, *, #2751, .F. ) ;
#2783 = DIRECTION ( 'NONE',  ( -1.000000000000000000, 0.0000000000000000000, -0.0000000000000000000 ) ) ;
#2784 = ORIENTED_EDGE ( 'NONE', *, *, #2629, .T. ) ;
#2785 = SURFACE_SIDE_STYLE ('',( #410 ) ) ;
#2786 = VECTOR ( 'NONE', #4614, 1000.000000000000000 ) ;
#2787 = DIRECTION ( 'NONE',  ( -1.000000000000000000, 0.0000000000000000000, -0.0000000000000000000 ) ) ;
#2788 = CARTESIAN_POINT ( 'NONE',  ( 0.0000000000000000000, -3.750000000000000900, -0.2999999999999999300 ) ) ;
#2789 = ORIENTED_EDGE ( 'NONE', *, *, #1421, .F. ) ;
#2790 = LINE ( 'NONE', #3441, #2354 ) ;
#2791 = SURFACE_SIDE_STYLE ('',( #4474 ) ) ;
#2792 = DIRECTION ( 'NONE',  ( 1.000000000000000000, -0.0000000000000000000, -0.0000000000000000000 ) ) ;
#2793 = MECHANICAL_DESIGN_GEOMETRIC_PRESENTATION_REPRESENTATION (  '', ( #2640 ), #4528 ) ;
#2794 =( NAMED_UNIT ( * ) PLANE_ANGLE_UNIT ( ) SI_UNIT ( $, .RADIAN. ) );
#2795 = CARTESIAN_POINT ( 'NONE',  ( -6.599999999999999600, -4.200000000000002800, -3.950000000000002000 ) ) ;
#2796 = DIRECTION ( 'NONE',  ( -0.0000000000000000000, 0.0000000000000000000, 1.000000000000000000 ) ) ;
#2797 = CARTESIAN_POINT ( 'NONE',  ( -2.600000000000000500, -4.500000000000001800, -3.850000000000002800 ) ) ;
#2798 = CARTESIAN_POINT ( 'NONE',  ( -2.774999999999999500, -1.800000000000000000, -4.050000000000001600 ) ) ;
#2799 = CARTESIAN_POINT ( 'NONE',  ( -2.600000000000000500, -4.200000000000001100, -4.050000000000002500 ) ) ;
#2800 = PLANE ( 'NONE',  #2303 ) ;
#2801 = EDGE_CURVE ( 'NONE', #3060, #1402, #3185, .T. ) ;
#2802 =( LENGTH_UNIT ( ) NAMED_UNIT ( * ) SI_UNIT ( .MILLI., .METRE. ) );
#2803 =( GEOMETRIC_REPRESENTATION_CONTEXT ( 3 ) GLOBAL_UNCERTAINTY_ASSIGNED_CONTEXT ( ( #810 ) ) GLOBAL_UNIT_ASSIGNED_CONTEXT ( ( #3846, #2691, #3830 ) ) REPRESENTATION_CONTEXT ( 'NONE', 'WORKASPACE' ) );
#2804 = COLOUR_RGB ( '',0.7529411764705882200, 0.7529411764705882200, 0.7529411764705882200 ) ;
#2805 = LINE ( 'NONE', #3407, #768 ) ;
#2806 = UNCERTAINTY_MEASURE_WITH_UNIT (LENGTH_MEASURE( 1.000000000000000100E-005 ), #4351, 'distance_accuracy_value', 'NONE');
#2807 = LINE ( 'NONE', #3376, #2643 ) ;
#2808 = EDGE_CURVE ( 'NONE', #2443, #2960, #1428, .T. ) ;
#2809 = VERTEX_POINT ( 'NONE', #4232 ) ;
#2810 = CARTESIAN_POINT ( 'NONE',  ( -1.600000000000000500, -4.500000000000000900, -3.850000000000002800 ) ) ;
#2811 = CARTESIAN_POINT ( 'NONE',  ( -1.174999999999999600, -2.100000000000000100, -0.04999999999999969700 ) ) ;
#2812 = VECTOR ( 'NONE', #2853, 1000.000000000000000 ) ;
#2813 = ORIENTED_EDGE ( 'NONE', *, *, #3940, .F. ) ;
#2814 = AXIS2_PLACEMENT_3D ( 'NONE', #706, #1462, #1849 ) ;
#2815 = CARTESIAN_POINT ( 'NONE',  ( -4.400000000000000400, -4.400000000000000400, -4.050000000000002500 ) ) ;
#2816 = ORIENTED_EDGE ( 'NONE', *, *, #424, .T. ) ;
#2817 = ORIENTED_EDGE ( 'NONE', *, *, #1514, .T. ) ;
#2818 = ORIENTED_EDGE ( 'NONE', *, *, #3472, .F. ) ;
#2819 = EDGE_LOOP ( 'NONE', ( #114, #564, #4159, #1014, #28, #1632 ) ) ;
#2820 = ORIENTED_EDGE ( 'NONE', *, *, #2426, .F. ) ;
#2821 = DIRECTION ( 'NONE',  ( 0.0000000000000000000, 0.0000000000000000000, 1.000000000000000000 ) ) ;
#2822 = FACE_OUTER_BOUND ( 'NONE', #1465, .T. ) ;
#2823 = FILL_AREA_STYLE_COLOUR ( '', #678 ) ;
#2824 = ORIENTED_EDGE ( 'NONE', *, *, #4741, .T. ) ;
#2825 = DIRECTION ( 'NONE',  ( 0.0000000000000000000, -3.854941057726238100E-016, -1.000000000000000000 ) ) ;
#2826 = VECTOR ( 'NONE', #4647, 1000.000000000000000 ) ;
#2827 = STYLED_ITEM ( 'NONE', ( #3172 ), #3360 ) ;
#2828 = LINE ( 'NONE', #2797, #3983 ) ;
#2829 = ORIENTED_EDGE ( 'NONE', *, *, #1276, .F. ) ;
#2830 = CARTESIAN_POINT ( 'NONE',  ( -2.400000000000000800, -4.500000000000001800, -3.850000000000002800 ) ) ;
#2831 = EDGE_CURVE ( 'NONE', #3239, #281, #4161, .T. ) ;
#2832 = VERTEX_POINT ( 'NONE', #217 ) ;
#2833 = CARTESIAN_POINT ( 'NONE',  ( -7.400000000000000400, -4.500000000000003600, -3.850000000000002800 ) ) ;
#2834 = VECTOR ( 'NONE', #2503, 1000.000000000000000 ) ;
#2835 = CARTESIAN_POINT ( 'NONE',  ( -9.499999999999998200, -2.250000000000003600, -3.450000000000000200 ) ) ;
#2836 = EDGE_CURVE ( 'NONE', #961, #4473, #109, .T. ) ;
#2837 = ORIENTED_EDGE ( 'NONE', *, *, #2660, .F. ) ;
#2838 = PRESENTATION_STYLE_ASSIGNMENT (( #2074 ) ) ;
#2839 = CARTESIAN_POINT ( 'NONE',  ( -4.599999999999999600, -4.200000000000002000, -3.950000000000002000 ) ) ;
#2840 = VECTOR ( 'NONE', #1780, 1000.000000000000000 ) ;
#2841 = EDGE_LOOP ( 'NONE', ( #2306, #1021, #3907, #1189 ) ) ;
#2842 = DIRECTION ( 'NONE',  ( 0.0000000000000000000, 0.0000000000000000000, 1.000000000000000000 ) ) ;
#2843 = FACE_OUTER_BOUND ( 'NONE', #399, .T. ) ;
#2844 = ORIENTED_EDGE ( 'NONE', *, *, #1354, .F. ) ;
#2845 = ORIENTED_EDGE ( 'NONE', *, *, #1176, .F. ) ;
#2846 = COLOUR_RGB ( '',0.7529411764705882200, 0.7529411764705882200, 0.7529411764705882200 ) ;
#2847 = PRESENTATION_LAYER_ASSIGNMENT (  '', '', ( #15 ) ) ;
#2848 = CARTESIAN_POINT ( 'NONE',  ( -7.400000000000000400, -4.200000000000002800, -4.850000000000002300 ) ) ;
#2849 =( NAMED_UNIT ( * ) SI_UNIT ( $, .STERADIAN. ) SOLID_ANGLE_UNIT ( ) );
#2850 = DIRECTION ( 'NONE',  ( 1.000000000000000000, 0.0000000000000000000, 0.0000000000000000000 ) ) ;
#2851 = CARTESIAN_POINT ( 'NONE',  ( 0.0000000000000000000, -2.450000000000000600, 1.300000000000000300 ) ) ;
#2852 = SURFACE_STYLE_USAGE ( .BOTH. , #3939 ) ;
#2853 = DIRECTION ( 'NONE',  ( 0.0000000000000000000, -1.000000000000000000, 0.0000000000000000000 ) ) ;
#2854 = SURFACE_SIDE_STYLE ('',( #1904 ) ) ;
#2855 = FILL_AREA_STYLE_COLOUR ( '', #809 ) ;
#2856 = CARTESIAN_POINT ( 'NONE',  ( -0.5000000000000000000, -2.250000000000000000, -3.450000000000000200 ) ) ;
#2857 = VECTOR ( 'NONE', #861, 1000.000000000000000 ) ;
#2858 = FILL_AREA_STYLE ('',( #2823 ) ) ;
#2859 = DIRECTION ( 'NONE',  ( 0.0000000000000000000, 0.0000000000000000000, 1.000000000000000000 ) ) ;
#2860 = VECTOR ( 'NONE', #2268, 1000.000000000000000 ) ;
#2861 = CARTESIAN_POINT ( 'NONE',  ( -7.400000000000000400, -4.200000000000002800, -4.050000000000002500 ) ) ;
#2862 = EDGE_CURVE ( 'NONE', #1151, #548, #3756, .T. ) ;
#2863 = DIRECTION ( 'NONE',  ( -1.000000000000000000, 0.0000000000000000000, -0.0000000000000000000 ) ) ;
#2864 = FACE_OUTER_BOUND ( 'NONE', #1544, .T. ) ;
#2865 = DIRECTION ( 'NONE',  ( -0.0000000000000000000, -0.0000000000000000000, 1.000000000000000000 ) ) ;
#2866 = PRESENTATION_STYLE_ASSIGNMENT (( #3109 ) ) ;
#2867 = DIRECTION ( 'NONE',  ( 0.0000000000000000000, 0.0000000000000000000, -1.000000000000000000 ) ) ;
#2868 = EDGE_CURVE ( 'NONE', #3972, #90, #2061, .T. ) ;
#2869 = DIRECTION ( 'NONE',  ( 1.000000000000000000, 0.0000000000000000000, -0.0000000000000000000 ) ) ;
#2870 = VERTEX_POINT ( 'NONE', #2535 ) ;
#2871 = CARTESIAN_POINT ( 'NONE',  ( -4.599999999999999600, -4.500000000000002700, -3.850000000000002800 ) ) ;
#2872 = CARTESIAN_POINT ( 'NONE',  ( -8.825000000000001100, -1.950000000000000800, -0.04999999999999969700 ) ) ;
#2873 = UNCERTAINTY_MEASURE_WITH_UNIT (LENGTH_MEASURE( 1.000000000000000100E-005 ), #3447, 'distance_accuracy_value', 'NONE');
#2874 = PLANE ( 'NONE',  #2204 ) ;
#2875 = SURFACE_STYLE_FILL_AREA ( #623 ) ;
#2876 = VERTEX_POINT ( 'NONE', #1418 ) ;
#2877 = DIRECTION ( 'NONE',  ( 0.0000000000000000000, -1.000000000000000000, -0.0000000000000000000 ) ) ;
#2878 =( NAMED_UNIT ( * ) SI_UNIT ( $, .STERADIAN. ) SOLID_ANGLE_UNIT ( ) );
#2879 = EDGE_CURVE ( 'NONE', #624, #1815, #1531, .T. ) ;
#2880 = CARTESIAN_POINT ( 'NONE',  ( -0.5000000000000000000, -0.6500000000000001300, -3.449999999999999700 ) ) ;
#2881 = LINE ( 'NONE', #4693, #4464 ) ;
#2882 = ORIENTED_EDGE ( 'NONE', *, *, #1179, .T. ) ;
#2883 = EDGE_CURVE ( 'NONE', #534, #2495, #1588, .T. ) ;
#2884 = EDGE_LOOP ( 'NONE', ( #2197, #151, #3543, #3965, #917, #3389 ) ) ;
#2885 = DIRECTION ( 'NONE',  ( 0.0000000000000000000, -0.0000000000000000000, 1.000000000000000000 ) ) ;
#2886 = ORIENTED_EDGE ( 'NONE', *, *, #1414, .T. ) ;
#2887 = CARTESIAN_POINT ( 'NONE',  ( -10.00000000000000000, 0.0000000000000000000, -1.799999999999999600 ) ) ;
#2888 = ORIENTED_EDGE ( 'NONE', *, *, #545, .F. ) ;
#2889 = MECHANICAL_DESIGN_GEOMETRIC_PRESENTATION_REPRESENTATION (  '', ( #3989 ), #2001 ) ;
#2890 = FILL_AREA_STYLE_COLOUR ( '', #2288 ) ;
#2891 = LINE ( 'NONE', #683, #2231 ) ;
#2892 = DIRECTION ( 'NONE',  ( 0.0000000000000000000, -1.000000000000000000, 0.0000000000000000000 ) ) ;
#2893 = DIRECTION ( 'NONE',  ( -1.000000000000000000, 0.0000000000000000000, -0.0000000000000000000 ) ) ;
#2894 = DIRECTION ( 'NONE',  ( 1.000000000000000000, -0.0000000000000000000, 0.0000000000000000000 ) ) ;
#2895 = DIRECTION ( 'NONE',  ( 1.000000000000000000, 0.0000000000000000000, 0.0000000000000000000 ) ) ;
#2896 = VERTEX_POINT ( 'NONE', #3482 ) ;
#2897 =( LENGTH_UNIT ( ) NAMED_UNIT ( * ) SI_UNIT ( .MILLI., .METRE. ) );
#2898 = FILL_AREA_STYLE_COLOUR ( '', #2846 ) ;
#2899 = LINE ( 'NONE', #929, #686 ) ;
#2900 = DIRECTION ( 'NONE',  ( 0.0000000000000000000, 0.7071067811865460200, -0.7071067811865490200 ) ) ;
#2901 = ORIENTED_EDGE ( 'NONE', *, *, #1681, .F. ) ;
#2902 = CARTESIAN_POINT ( 'NONE',  ( -8.400000000000000400, -4.200000000000003700, -4.050000000000002500 ) ) ;
#2903 = DIRECTION ( 'NONE',  ( 0.0000000000000000000, -1.000000000000000000, -2.710505431213761600E-016 ) ) ;
#2904 = VECTOR ( 'NONE', #2406, 1000.000000000000000 ) ;
#2905 = CARTESIAN_POINT ( 'NONE',  ( 0.0000000000000000000, -3.750000000000000900, 1.300000000000000300 ) ) ;
#2906 = ORIENTED_EDGE ( 'NONE', *, *, #2367, .F. ) ;
#2907 = VECTOR ( 'NONE', #1692, 1000.000000000000000 ) ;
#2908 = ORIENTED_EDGE ( 'NONE', *, *, #837, .T. ) ;
#2909 = DIRECTION ( 'NONE',  ( -8.462065736472233800E-016, 1.000000000000000000, 0.0000000000000000000 ) ) ;
#2910 = ORIENTED_EDGE ( 'NONE', *, *, #4203, .T. ) ;
#2911 = VECTOR ( 'NONE', #1221, 1000.000000000000000 ) ;
#2912 = FILL_AREA_STYLE_COLOUR ( '', #1295 ) ;
#2913 = CARTESIAN_POINT ( 'NONE',  ( -0.2999999999999989300, -2.100000000000000100, 1.950000000000000400 ) ) ;
#2914 = VECTOR ( 'NONE', #2859, 1000.000000000000000 ) ;
#2915 = CARTESIAN_POINT ( 'NONE',  ( -8.600000000000001400, -4.500000000000003600, -4.850000000000002300 ) ) ;
#2916 = EDGE_CURVE ( 'NONE', #4211, #4719, #972, .T. ) ;
#2917 = AXIS2_PLACEMENT_3D ( 'NONE', #4248, #571, #4217 ) ;
#2918 = DIRECTION ( 'NONE',  ( -2.293647513799587000E-031, 2.710505431213761600E-016, -1.000000000000000000 ) ) ;
#2919 = ADVANCED_FACE ( 'NONE', ( #3396 ), #4658, .F. ) ;
#2920 = MECHANICAL_DESIGN_GEOMETRIC_PRESENTATION_REPRESENTATION (  '', ( #3891 ), #1459 ) ;
#2921 = PLANE ( 'NONE',  #725 ) ;
#2922 = SURFACE_STYLE_USAGE ( .BOTH. , #747 ) ;
#2923 = FILL_AREA_STYLE ('',( #352 ) ) ;
#2924 = VECTOR ( 'NONE', #959, 1000.000000000000000 ) ;
#2925 = FILL_AREA_STYLE ('',( #2890 ) ) ;
#2926 = DIRECTION ( 'NONE',  ( 1.000000000000000000, -0.0000000000000000000, -0.0000000000000000000 ) ) ;
#2927 = DIRECTION ( 'NONE',  ( 0.0000000000000000000, -1.000000000000000000, -2.710505431213761600E-016 ) ) ;
#2928 = FACE_OUTER_BOUND ( 'NONE', #2941, .T. ) ;
#2929 = CARTESIAN_POINT ( 'NONE',  ( -9.499999999999998200, -2.450000000000009100, -0.2599999999999997900 ) ) ;
#2930 = DIRECTION ( 'NONE',  ( 1.000000000000000000, -0.0000000000000000000, -0.0000000000000000000 ) ) ;
#2931 = VECTOR ( 'NONE', #298, 1000.000000000000000 ) ;
#2932 = MECHANICAL_DESIGN_GEOMETRIC_PRESENTATION_REPRESENTATION (  '', ( #2684 ), #1381 ) ;
#2933 = ORIENTED_EDGE ( 'NONE', *, *, #2629, .F. ) ;
#2934 = CARTESIAN_POINT ( 'NONE',  ( -8.825000000000001100, -1.950000000000000800, 1.950000000000000400 ) ) ;
#2935 = LINE ( 'NONE', #3009, #250 ) ;
#2936 = CARTESIAN_POINT ( 'NONE',  ( 0.0000000000000000000, -4.400000000000001200, -0.2999999999999999300 ) ) ;
#2937 = VERTEX_POINT ( 'NONE', #1512 ) ;
#2938 = DIRECTION ( 'NONE',  ( 0.0000000000000000000, -1.000000000000000000, 0.0000000000000000000 ) ) ;
#2939 = CARTESIAN_POINT ( 'NONE',  ( -0.5000000000000000000, -2.326752072262516500E-016, -2.149999999999999900 ) ) ;
#2940 = EDGE_CURVE ( 'NONE', #1204, #2142, #2562, .T. ) ;
#2941 = EDGE_LOOP ( 'NONE', ( #4663, #3901, #563, #1249 ) ) ;
#2942 = ORIENTED_EDGE ( 'NONE', *, *, #825, .F. ) ;
#2943 = DIRECTION ( 'NONE',  ( 8.462065736472233800E-016, -1.000000000000000000, -2.710505431213761600E-016 ) ) ;
#2944 = ADVANCED_FACE ( 'NONE', ( #2445 ), #3515, .F. ) ;
#2945 = EDGE_LOOP ( 'NONE', ( #2837, #3690, #580, #1848, #3198, #3413 ) ) ;
#2946 = DIRECTION ( 'NONE',  ( 0.0000000000000000000, -1.000000000000000000, 0.0000000000000000000 ) ) ;
#2947 = VERTEX_POINT ( 'NONE', #1373 ) ;
#2948 = SURFACE_STYLE_FILL_AREA ( #2858 ) ;
#2949 = STYLED_ITEM ( 'NONE', ( #1042 ), #2373 ) ;
#2950 = DIRECTION ( 'NONE',  ( 0.0000000000000000000, -0.0000000000000000000, 1.000000000000000000 ) ) ;
#2951 = SURFACE_STYLE_USAGE ( .BOTH. , #3664 ) ;
#2952 = CARTESIAN_POINT ( 'NONE',  ( -8.600000000000001400, -4.500000000000003600, -3.850000000000002800 ) ) ;
#2953 = LINE ( 'NONE', #2148, #2999 ) ;
#2954 =( LENGTH_UNIT ( ) NAMED_UNIT ( * ) SI_UNIT ( .MILLI., .METRE. ) );
#2955 = ORIENTED_EDGE ( 'NONE', *, *, #3213, .F. ) ;
#2956 = CARTESIAN_POINT ( 'NONE',  ( -2.600000000000000500, -4.400000000000000400, -3.750000000000002200 ) ) ;
#2957 = CARTESIAN_POINT ( 'NONE',  ( -6.599999999999999600, -4.500000000000003600, -3.850000000000002800 ) ) ;
#2958 = LINE ( 'NONE', #1055, #4454 ) ;
#2959 = ORIENTED_EDGE ( 'NONE', *, *, #2862, .T. ) ;
#2960 = VERTEX_POINT ( 'NONE', #3883 ) ;
#2961 = CARTESIAN_POINT ( 'NONE',  ( 0.0000000000000000000, -0.6500000000000001300, -3.449999999999999700 ) ) ;
#2962 = VECTOR ( 'NONE', #4076, 1000.000000000000000 ) ;
#2963 = ADVANCED_FACE ( 'NONE', ( #2391 ), #2092, .T. ) ;
#2964 = DIRECTION ( 'NONE',  ( 1.036269946734653100E-031, -1.224606353822377300E-016, 1.000000000000000000 ) ) ;
#2965 = LINE ( 'NONE', #4372, #928 ) ;
#2966 = EDGE_CURVE ( 'NONE', #2832, #736, #4507, .T. ) ;
#2967 = ORIENTED_EDGE ( 'NONE', *, *, #2632, .F. ) ;
#2968 = FACE_OUTER_BOUND ( 'NONE', #2289, .T. ) ;
#2969 = CARTESIAN_POINT ( 'NONE',  ( -9.499999999999996400, -3.750000000000004400, -0.2599999999999997300 ) ) ;
#2970 = ORIENTED_EDGE ( 'NONE', *, *, #1635, .F. ) ;
#2971 = EDGE_CURVE ( 'NONE', #4719, #3586, #575, .T. ) ;
#2972 =( GEOMETRIC_REPRESENTATION_CONTEXT ( 3 ) GLOBAL_UNCERTAINTY_ASSIGNED_CONTEXT ( ( #1852 ) ) GLOBAL_UNIT_ASSIGNED_CONTEXT ( ( #2587, #4044, #2981 ) ) REPRESENTATION_CONTEXT ( 'NONE', 'WORKASPACE' ) );
#2973 = CARTESIAN_POINT ( 'NONE',  ( -2.600000000000000500, -3.449999999999997500, -4.050000000000002500 ) ) ;
#2974 = FILL_AREA_STYLE ('',( #4132 ) ) ;
#2975 = EDGE_CURVE ( 'NONE', #1737, #3857, #4331, .T. ) ;
#2976 = LINE ( 'NONE', #2702, #16 ) ;
#2977 = AXIS2_PLACEMENT_3D ( 'NONE', #3998, #708, #1060 ) ;
#2978 = DIRECTION ( 'NONE',  ( 0.0000000000000000000, 0.7071067811865490200, 0.7071067811865460200 ) ) ;
#2979 = VECTOR ( 'NONE', #3809, 1000.000000000000000 ) ;
#2980 = DIRECTION ( 'NONE',  ( 0.0000000000000000000, 0.0000000000000000000, -1.000000000000000000 ) ) ;
#2981 =( NAMED_UNIT ( * ) SI_UNIT ( $, .STERADIAN. ) SOLID_ANGLE_UNIT ( ) );
#2982 = ADVANCED_FACE ( 'NONE', ( #4280 ), #378, .F. ) ;
#2983 = VECTOR ( 'NONE', #4646, 1000.000000000000000 ) ;
#2984 = FACE_OUTER_BOUND ( 'NONE', #2714, .T. ) ;
#2985 = CARTESIAN_POINT ( 'NONE',  ( -2.600000000000000500, -4.200000000000001100, -4.850000000000002300 ) ) ;
#2986 = VECTOR ( 'NONE', #3708, 1000.000000000000000 ) ;
#2987 = COLOUR_RGB ( '',0.7529411764705882200, 0.7529411764705882200, 0.7529411764705882200 ) ;
#2988 = EDGE_LOOP ( 'NONE', ( #4477, #2186, #260, #1247, #147, #3340 ) ) ;
#2989 = SURFACE_SIDE_STYLE ('',( #237 ) ) ;
#2990 = VECTOR ( 'NONE', #423, 1000.000000000000000 ) ;
#2991 = ORIENTED_EDGE ( 'NONE', *, *, #545, .T. ) ;
#2992 = ORIENTED_EDGE ( 'NONE', *, *, #7, .T. ) ;
#2993 = EDGE_LOOP ( 'NONE', ( #255, #790, #2343, #63 ) ) ;
#2994 = AXIS2_PLACEMENT_3D ( 'NONE', #3889, #559, #3090 ) ;
#2995 = CARTESIAN_POINT ( 'NONE',  ( -7.599999999999999600, -4.200000000000002800, -4.050000000000002500 ) ) ;
#2996 = EDGE_CURVE ( 'NONE', #1815, #4325, #4682, .T. ) ;
#2997 = EDGE_LOOP ( 'NONE', ( #668, #560, #4047, #3165, #1742, #3797, #4683, #4200, #153, #2054, #1714, #2639, #343, #3195, #2765, #1820, #1759, #2582, #1639, #1960, #2010, #1754, #2073, #1610, #2432, #4148, #859, #4140, #3398, #328, #3440, #1821, #1420, #667, #1442, #1302, #3620, #1113, #649, #2933, #4626, #505, #3120, #199 ) ) ;
#2998 = PRESENTATION_LAYER_ASSIGNMENT (  '', '', ( #2752 ) ) ;
#2999 = VECTOR ( 'NONE', #4304, 1000.000000000000000 ) ;
#3000 = DIRECTION ( 'NONE',  ( -1.000000000000000000, 0.0000000000000000000, 0.0000000000000000000 ) ) ;
#3001 = DIRECTION ( 'NONE',  ( 1.000000000000000000, 0.0000000000000000000, 0.0000000000000000000 ) ) ;
#3002 = ADVANCED_FACE ( 'NONE', ( #4564 ), #2554, .F. ) ;
#3003 = VERTEX_POINT ( 'NONE', #3921 ) ;
#3004 = EDGE_LOOP ( 'NONE', ( #2124, #1045, #2959, #672 ) ) ;
#3005 = SURFACE_STYLE_USAGE ( .BOTH. , #3803 ) ;
#3006 = ORIENTED_EDGE ( 'NONE', *, *, #2339, .T. ) ;
#3007 = EDGE_CURVE ( 'NONE', #3625, #4458, #3445, .T. ) ;
#3008 = CARTESIAN_POINT ( 'NONE',  ( -2.400000000000000800, -4.400000000000000400, -3.750000000000002200 ) ) ;
#3009 = CARTESIAN_POINT ( 'NONE',  ( -9.499999999999996400, -3.750000000000004900, -0.2599999999999997900 ) ) ;
#3010 =( NAMED_UNIT ( * ) SI_UNIT ( $, .STERADIAN. ) SOLID_ANGLE_UNIT ( ) );
#3011 = ORIENTED_EDGE ( 'NONE', *, *, #487, .F. ) ;
#3012 = LINE ( 'NONE', #3545, #2840 ) ;
#3013 = VERTEX_POINT ( 'NONE', #3178 ) ;
#3014 = LINE ( 'NONE', #4436, #2075 ) ;
#3015 = ORIENTED_EDGE ( 'NONE', *, *, #1093, .F. ) ;
#3016 = LINE ( 'NONE', #2291, #4345 ) ;
#3017 = LINE ( 'NONE', #3606, #4699 ) ;
#3018 =( LENGTH_UNIT ( ) NAMED_UNIT ( * ) SI_UNIT ( .MILLI., .METRE. ) );
#3019 = AXIS2_PLACEMENT_3D ( 'NONE', #1806, #2863, #4406 ) ;
#3020 = ORIENTED_EDGE ( 'NONE', *, *, #2808, .F. ) ;
#3021 = SURFACE_SIDE_STYLE ('',( #3964 ) ) ;
#3022 = DIRECTION ( 'NONE',  ( -0.0000000000000000000, 0.0000000000000000000, 1.000000000000000000 ) ) ;
#3023 = EDGE_CURVE ( 'NONE', #2064, #4344, #3748, .T. ) ;
#3024 = VECTOR ( 'NONE', #4417, 1000.000000000000000 ) ;
#3025 = EDGE_CURVE ( 'NONE', #2495, #2229, #2237, .T. ) ;
#3026 = CARTESIAN_POINT ( 'NONE',  ( -8.600000000000001400, -4.200000000000003700, -3.950000000000002000 ) ) ;
#3027 = ADVANCED_FACE ( 'NONE', ( #1023 ), #4676, .F. ) ;
#3028 = LINE ( 'NONE', #654, #1116 ) ;
#3029 = EDGE_CURVE ( 'NONE', #2046, #220, #2953, .T. ) ;
#3030 =( GEOMETRIC_REPRESENTATION_CONTEXT ( 3 ) GLOBAL_UNCERTAINTY_ASSIGNED_CONTEXT ( ( #182 ) ) GLOBAL_UNIT_ASSIGNED_CONTEXT ( ( #690, #299, #3906 ) ) REPRESENTATION_CONTEXT ( 'NONE', 'WORKASPACE' ) );
#3031 =( LENGTH_UNIT ( ) NAMED_UNIT ( * ) SI_UNIT ( .MILLI., .METRE. ) );
#3032 = DIRECTION ( 'NONE',  ( 0.0000000000000000000, 1.000000000000000000, -1.057758217059030800E-016 ) ) ;
#3033 = CARTESIAN_POINT ( 'NONE',  ( -2.400000000000000800, -4.400000000000000400, -3.950000000000002000 ) ) ;
#3034 = FILL_AREA_STYLE ('',( #432 ) ) ;
#3035 = AXIS2_PLACEMENT_3D ( 'NONE', #1617, #3399, #142 ) ;
#3036 = VERTEX_POINT ( 'NONE', #2830 ) ;
#3037 = CARTESIAN_POINT ( 'NONE',  ( -10.00000000000000000, 8.673617379884033500E-016, 1.950000000000000400 ) ) ;
#3038 = VECTOR ( 'NONE', #992, 1000.000000000000000 ) ;
#3039 = FILL_AREA_STYLE ('',( #4150 ) ) ;
#3040 = LINE ( 'NONE', #3799, #4369 ) ;
#3041 = VECTOR ( 'NONE', #3032, 1000.000000000000000 ) ;
#3042 = VECTOR ( 'NONE', #2695, 1000.000000000000000 ) ;
#3043 = CARTESIAN_POINT ( 'NONE',  ( -9.700000000000002800, -2.100000000000000100, -1.799999999999999600 ) ) ;
#3044 = VECTOR ( 'NONE', #1991, 1000.000000000000000 ) ;
#3045 = ORIENTED_EDGE ( 'NONE', *, *, #2831, .T. ) ;
#3046 = ORIENTED_EDGE ( 'NONE', *, *, #4456, .F. ) ;
#3047 = SURFACE_SIDE_STYLE ('',( #2642 ) ) ;
#3048 = CARTESIAN_POINT ( 'NONE',  ( -8.400000000000000400, -4.200000000000003700, -4.850000000000002300 ) ) ;
#3049 = VERTEX_POINT ( 'NONE', #2478 ) ;
#3050 = ORIENTED_EDGE ( 'NONE', *, *, #2181, .F. ) ;
#3051 = ADVANCED_FACE ( 'NONE', ( #2768 ), #4316, .F. ) ;
#3052 = EDGE_CURVE ( 'NONE', #734, #1747, #155, .T. ) ;
#3053 = ORIENTED_EDGE ( 'NONE', *, *, #1424, .T. ) ;
#3054 = VERTEX_POINT ( 'NONE', #1829 ) ;
#3055 = ORIENTED_EDGE ( 'NONE', *, *, #772, .F. ) ;
#3056 = DIRECTION ( 'NONE',  ( 8.462065736472233800E-016, -1.000000000000000000, 0.0000000000000000000 ) ) ;
#3057 = FILL_AREA_STYLE_COLOUR ( '', #1051 ) ;
#3058 = ORIENTED_EDGE ( 'NONE', *, *, #3791, .F. ) ;
#3059 = EDGE_LOOP ( 'NONE', ( #4090, #327, #30, #1772, #4379, #2910 ) ) ;
#3060 = VERTEX_POINT ( 'NONE', #3938 ) ;
#3061 = SURFACE_SIDE_STYLE ('',( #2746 ) ) ;
#3062 = EDGE_CURVE ( 'NONE', #2169, #3635, #3064, .T. ) ;
#3063 = CARTESIAN_POINT ( 'NONE',  ( -6.599999999999999600, -4.500000000000003600, -4.850000000000002300 ) ) ;
#3064 = LINE ( 'NONE', #333, #456 ) ;
#3065 =( NAMED_UNIT ( * ) PLANE_ANGLE_UNIT ( ) SI_UNIT ( $, .RADIAN. ) );
#3066 = ORIENTED_EDGE ( 'NONE', *, *, #358, .F. ) ;
#3067 = PLANE ( 'NONE',  #1167 ) ;
#3068 = CARTESIAN_POINT ( 'NONE',  ( -4.400000000000000400, -4.500000000000002700, -4.850000000000002300 ) ) ;
#3069 = DIRECTION ( 'NONE',  ( 0.0000000000000000000, 1.000000000000000000, 0.0000000000000000000 ) ) ;
#3070 = VECTOR ( 'NONE', #4687, 1000.000000000000000 ) ;
#3071 = AXIS2_PLACEMENT_3D ( 'NONE', #4588, #3424, #2013 ) ;
#3072 = VERTEX_POINT ( 'NONE', #1847 ) ;
#3073 = DIRECTION ( 'NONE',  ( 0.0000000000000000000, 0.7071067811865490200, 0.7071067811865460200 ) ) ;
#3074 = COLOUR_RGB ( '',0.7529411764705882200, 0.7529411764705882200, 0.7529411764705882200 ) ;
#3075 = CARTESIAN_POINT ( 'NONE',  ( -7.599999999999999600, -4.400000000000000400, -3.750000000000000400 ) ) ;
#3076 = LINE ( 'NONE', #3359, #2020 ) ;
#3077 = VECTOR ( 'NONE', #2175, 1000.000000000000000 ) ;
#3078 = DIRECTION ( 'NONE',  ( 0.0000000000000000000, 6.672013369141566200E-016, 1.000000000000000000 ) ) ;
#3079 = ORIENTED_EDGE ( 'NONE', *, *, #631, .F. ) ;
#3080 = DIRECTION ( 'NONE',  ( 0.0000000000000000000, 1.822188525185721700E-016, -1.000000000000000000 ) ) ;
#3081 = ADVANCED_FACE ( 'NONE', ( #334 ), #4024, .F. ) ;
#3082 = ORIENTED_EDGE ( 'NONE', *, *, #1175, .F. ) ;
#3083 = UNCERTAINTY_MEASURE_WITH_UNIT (LENGTH_MEASURE( 1.000000000000000100E-005 ), #763, 'distance_accuracy_value', 'NONE');
#3084 = ORIENTED_EDGE ( 'NONE', *, *, #4197, .T. ) ;
#3085 = SURFACE_STYLE_FILL_AREA ( #4556 ) ;
#3086 = AXIS2_PLACEMENT_3D ( 'NONE', #589, #4221, #3802 ) ;
#3087 = AXIS2_PLACEMENT_3D ( 'NONE', #3253, #1823, #2885 ) ;
#3088 = EDGE_CURVE ( 'NONE', #4387, #961, #4560, .T. ) ;
#3089 = LINE ( 'NONE', #117, #3890 ) ;
#3090 = DIRECTION ( 'NONE',  ( 0.0000000000000000000, 0.7071067811865490200, 0.7071067811865460200 ) ) ;
#3091 = SURFACE_SIDE_STYLE ('',( #1808 ) ) ;
#3092 = LINE ( 'NONE', #3095, #1560 ) ;
#3093 = LINE ( 'NONE', #214, #2151 ) ;
#3094 = DIRECTION ( 'NONE',  ( -0.0000000000000000000, 0.0000000000000000000, 1.000000000000000000 ) ) ;
#3095 = CARTESIAN_POINT ( 'NONE',  ( -0.6999999999999998400, -2.100000000000000100, -1.799999999999999600 ) ) ;
#3096 = DIRECTION ( 'NONE',  ( 0.0000000000000000000, 0.7071067811865490200, 0.7071067811865460200 ) ) ;
#3097 = VECTOR ( 'NONE', #435, 1000.000000000000100 ) ;
#3098 = SURFACE_STYLE_FILL_AREA ( #150 ) ;
#3099 = ADVANCED_FACE ( 'NONE', ( #2822 ), #1074, .F. ) ;
#3100 = COLOUR_RGB ( '',0.7529411764705882200, 0.7529411764705882200, 0.7529411764705882200 ) ;
#3101 = DIRECTION ( 'NONE',  ( -1.000000000000000000, 0.0000000000000000000, 0.0000000000000000000 ) ) ;
#3102 = SURFACE_STYLE_FILL_AREA ( #2532 ) ;
#3103 = ORIENTED_EDGE ( 'NONE', *, *, #3246, .T. ) ;
#3104 = ORIENTED_EDGE ( 'NONE', *, *, #2581, .T. ) ;
#3105 =( LENGTH_UNIT ( ) NAMED_UNIT ( * ) SI_UNIT ( .MILLI., .METRE. ) );
#3106 = FACE_OUTER_BOUND ( 'NONE', #2256, .T. ) ;
#3107 = FILL_AREA_STYLE_COLOUR ( '', #4514 ) ;
#3108 = ORIENTED_EDGE ( 'NONE', *, *, #3270, .T. ) ;
#3109 = SURFACE_STYLE_USAGE ( .BOTH. , #911 ) ;
#3110 = ORIENTED_EDGE ( 'NONE', *, *, #3667, .F. ) ;
#3111 = ORIENTED_EDGE ( 'NONE', *, *, #2265, .T. ) ;
#3112 = ORIENTED_EDGE ( 'NONE', *, *, #2320, .F. ) ;
#3113 = PRESENTATION_STYLE_ASSIGNMENT (( #4 ) ) ;
#3114 = EDGE_CURVE ( 'NONE', #3049, #1402, #211, .T. ) ;
#3115 = PLANE ( 'NONE',  #431 ) ;
#3116 = CARTESIAN_POINT ( 'NONE',  ( -2.774999999999999500, -1.950000000000000800, -4.050000000000001600 ) ) ;
#3117 = PLANE ( 'NONE',  #233 ) ;
#3118 = ORIENTED_EDGE ( 'NONE', *, *, #780, .T. ) ;
#3119 = EDGE_CURVE ( 'NONE', #1409, #3860, #1258, .T. ) ;
#3120 = ORIENTED_EDGE ( 'NONE', *, *, #3702, .T. ) ;
#3121 = VECTOR ( 'NONE', #1111, 1000.000000000000000 ) ;
#3122 = EDGE_CURVE ( 'NONE', #3611, #3808, #3976, .T. ) ;
#3123 = EDGE_LOOP ( 'NONE', ( #2077, #2383, #3740, #3104 ) ) ;
#3124 = EDGE_CURVE ( 'NONE', #1716, #2281, #4450, .T. ) ;
#3125 = LINE ( 'NONE', #2934, #4102 ) ;
#3126 = EDGE_LOOP ( 'NONE', ( #1203, #3914, #557, #419, #172, #1254 ) ) ;
#3127 = CARTESIAN_POINT ( 'NONE',  ( -3.600000000000001000, -4.500000000000001800, -3.850000000000002800 ) ) ;
#3128 = PRESENTATION_LAYER_ASSIGNMENT (  '', '', ( #2635 ) ) ;
#3129 = ORIENTED_EDGE ( 'NONE', *, *, #3167, .T. ) ;
#3130 = AXIS2_PLACEMENT_3D ( 'NONE', #2985, #4522, #3766 ) ;
#3131 = SURFACE_STYLE_USAGE ( .BOTH. , #2358 ) ;
#3132 = ADVANCED_FACE ( 'NONE', ( #1196 ), #1518, .F. ) ;
#3133 = DIRECTION ( 'NONE',  ( 0.0000000000000000000, 0.0000000000000000000, 1.000000000000000000 ) ) ;
#3134 = EDGE_CURVE ( 'NONE', #4578, #4387, #682, .T. ) ;
#3135 = FACE_OUTER_BOUND ( 'NONE', #4495, .T. ) ;
#3136 = CARTESIAN_POINT ( 'NONE',  ( -5.599999999999999600, -4.200000000000002000, -4.050000000000002500 ) ) ;
#3137 = DIRECTION ( 'NONE',  ( -0.0000000000000000000, -0.0000000000000000000, 1.000000000000000000 ) ) ;
#3138 = AXIS2_PLACEMENT_3D ( 'NONE', #3934, #3888, #2796 ) ;
#3139 = ORIENTED_EDGE ( 'NONE', *, *, #2260, .F. ) ;
#3140 = ORIENTED_EDGE ( 'NONE', *, *, #2426, .T. ) ;
#3141 = VECTOR ( 'NONE', #305, 1000.000000000000000 ) ;
#3142 = LINE ( 'NONE', #1397, #592 ) ;
#3143 = PLANE ( 'NONE',  #4246 ) ;
#3144 = CARTESIAN_POINT ( 'NONE',  ( -9.700000000000002800, -2.100000000000000100, -1.799999999999999600 ) ) ;
#3145 = DIRECTION ( 'NONE',  ( -0.0000000000000000000, 0.0000000000000000000, -1.000000000000000000 ) ) ;
#3146 = CARTESIAN_POINT ( 'NONE',  ( -2.400000000000000800, -4.200000000000001100, -4.850000000000002300 ) ) ;
#3147 = LINE ( 'NONE', #4254, #4648 ) ;
#3148 = AXIS2_PLACEMENT_3D ( 'NONE', #4493, #4149, #2318 ) ;
#3149 = DIRECTION ( 'NONE',  ( 0.0000000000000000000, 0.0000000000000000000, -1.000000000000000000 ) ) ;
#3150 = EDGE_CURVE ( 'NONE', #3860, #1661, #1764, .T. ) ;
#3151 =( NAMED_UNIT ( * ) PLANE_ANGLE_UNIT ( ) SI_UNIT ( $, .RADIAN. ) );
#3152 = PRESENTATION_LAYER_ASSIGNMENT (  '', '', ( #1307 ) ) ;
#3153 = ORIENTED_EDGE ( 'NONE', *, *, #487, .T. ) ;
#3154 = FACE_OUTER_BOUND ( 'NONE', #3969, .T. ) ;
#3155 = FACE_OUTER_BOUND ( 'NONE', #473, .T. ) ;
#3156 = VECTOR ( 'NONE', #3769, 1000.000000000000000 ) ;
#3157 =( GEOMETRIC_REPRESENTATION_CONTEXT ( 3 ) GLOBAL_UNCERTAINTY_ASSIGNED_CONTEXT ( ( #4444 ) ) GLOBAL_UNIT_ASSIGNED_CONTEXT ( ( #3654, #1481, #3326 ) ) REPRESENTATION_CONTEXT ( 'NONE', 'WORKASPACE' ) );
#3158 = LINE ( 'NONE', #48, #2221 ) ;
#3159 = CARTESIAN_POINT ( 'NONE',  ( -9.300000000000000700, -2.100000000000000100, -4.173411897755954700 ) ) ;
#3160 = VERTEX_POINT ( 'NONE', #4362 ) ;
#3161 = PLANE ( 'NONE',  #3411 ) ;
#3162 = PLANE ( 'NONE',  #3473 ) ;
#3163 =( NAMED_UNIT ( * ) SI_UNIT ( $, .STERADIAN. ) SOLID_ANGLE_UNIT ( ) );
#3164 = EDGE_LOOP ( 'NONE', ( #4665, #836, #3754, #3276 ) ) ;
#3165 = ORIENTED_EDGE ( 'NONE', *, *, #3444, .F. ) ;
#3166 = UNCERTAINTY_MEASURE_WITH_UNIT (LENGTH_MEASURE( 1.000000000000000100E-005 ), #2323, 'distance_accuracy_value', 'NONE');
#3167 = EDGE_CURVE ( 'NONE', #4399, #2705, #2891, .T. ) ;
#3168 = EDGE_LOOP ( 'NONE', ( #1655, #4201, #742, #4496 ) ) ;
#3169 = ORIENTED_EDGE ( 'NONE', *, *, #3119, .T. ) ;
#3170 = ORIENTED_EDGE ( 'NONE', *, *, #936, .F. ) ;
#3171 = DIRECTION ( 'NONE',  ( -8.950819566047186400E-032, 1.057758217059031200E-016, 1.000000000000000000 ) ) ;
#3172 = PRESENTATION_STYLE_ASSIGNMENT (( #2583 ) ) ;
#3173 = CARTESIAN_POINT ( 'NONE',  ( -9.699999999999999300, -2.450000000000004600, 1.300000000000000300 ) ) ;
#3174 = ORIENTED_EDGE ( 'NONE', *, *, #1240, .T. ) ;
#3175 = ORIENTED_EDGE ( 'NONE', *, *, #4468, .F. ) ;
#3176 = ORIENTED_EDGE ( 'NONE', *, *, #4070, .T. ) ;
#3177 = AXIS2_PLACEMENT_3D ( 'NONE', #3280, #4378, #14 ) ;
#3178 = CARTESIAN_POINT ( 'NONE',  ( -1.600000000000000500, -4.500000000000000900, -3.850000000000002800 ) ) ;
#3179 = CARTESIAN_POINT ( 'NONE',  ( -8.600000000000001400, -4.500000000000003600, -4.850000000000002300 ) ) ;
#3180 = VECTOR ( 'NONE', #1008, 1000.000000000000000 ) ;
#3181 = PLANE ( 'NONE',  #4055 ) ;
#3182 = CARTESIAN_POINT ( 'NONE',  ( -0.3000000000000000400, -3.750000000000000900, -0.2599999999999996800 ) ) ;
#3183 = ORIENTED_EDGE ( 'NONE', *, *, #4539, .F. ) ;
#3184 = EDGE_CURVE ( 'NONE', #4112, #3967, #38, .T. ) ;
#3185 = LINE ( 'NONE', #4566, #465 ) ;
#3186 = FACE_OUTER_BOUND ( 'NONE', #4750, .T. ) ;
#3187 = ORIENTED_EDGE ( 'NONE', *, *, #971, .T. ) ;
#3188 =( NAMED_UNIT ( * ) PLANE_ANGLE_UNIT ( ) SI_UNIT ( $, .RADIAN. ) );
#3189 = AXIS2_PLACEMENT_3D ( 'NONE', #283, #4281, #2466 ) ;
#3190 = VECTOR ( 'NONE', #1527, 1000.000000000000000 ) ;
#3191 = AXIS2_PLACEMENT_3D ( 'NONE', #949, #4535, #149 ) ;
#3192 = PRESENTATION_STYLE_ASSIGNMENT (( #1792 ) ) ;
#3193 = LINE ( 'NONE', #413, #4231 ) ;
#3194 = DIRECTION ( 'NONE',  ( -1.000000000000000000, -8.462065736472234800E-016, -0.0000000000000000000 ) ) ;
#3195 = ORIENTED_EDGE ( 'NONE', *, *, #2233, .F. ) ;
#3196 = VECTOR ( 'NONE', #2927, 1000.000000000000000 ) ;
#3197 = UNCERTAINTY_MEASURE_WITH_UNIT (LENGTH_MEASURE( 1.000000000000000100E-005 ), #3018, 'distance_accuracy_value', 'NONE');
#3198 = ORIENTED_EDGE ( 'NONE', *, *, #947, .T. ) ;
#3199 = CARTESIAN_POINT ( 'NONE',  ( -5.599999999999999600, -4.500000000000002700, -3.850000000000002800 ) ) ;
#3200 = FILL_AREA_STYLE ('',( #1743 ) ) ;
#3201 = VECTOR ( 'NONE', #2063, 1000.000000000000000 ) ;
#3202 = DIRECTION ( 'NONE',  ( 0.0000000000000000000, 1.000000000000000000, -0.0000000000000000000 ) ) ;
#3203 = DIRECTION ( 'NONE',  ( 0.0000000000000000000, 3.942553354492743000E-016, -1.000000000000000000 ) ) ;
#3204 = CARTESIAN_POINT ( 'NONE',  ( 0.0000000000000000000, -4.400000000000000400, -4.050000000000002500 ) ) ;
#3205 = SURFACE_SIDE_STYLE ('',( #2040 ) ) ;
#3206 = EDGE_CURVE ( 'NONE', #3741, #1782, #2498, .T. ) ;
#3207 = FILL_AREA_STYLE ('',( #1735 ) ) ;
#3208 = FILL_AREA_STYLE ('',( #2486 ) ) ;
#3209 = VECTOR ( 'NONE', #236, 1000.000000000000000 ) ;
#3210 = EDGE_CURVE ( 'NONE', #2235, #782, #1141, .T. ) ;
#3211 = LINE ( 'NONE', #2138, #311 ) ;
#3212 = DIRECTION ( 'NONE',  ( 1.000000000000000000, -0.0000000000000000000, -0.0000000000000000000 ) ) ;
#3213 = EDGE_CURVE ( 'NONE', #1432, #2235, #2442, .T. ) ;
#3214 = LINE ( 'NONE', #2586, #3097 ) ;
#3215 = ORIENTED_EDGE ( 'NONE', *, *, #937, .F. ) ;
#3216 = EDGE_CURVE ( 'NONE', #534, #3926, #1359, .T. ) ;
#3217 = FILL_AREA_STYLE_COLOUR ( '', #4288 ) ;
#3218 =( GEOMETRIC_REPRESENTATION_CONTEXT ( 3 ) GLOBAL_UNCERTAINTY_ASSIGNED_CONTEXT ( ( #993 ) ) GLOBAL_UNIT_ASSIGNED_CONTEXT ( ( #1812, #1096, #4742 ) ) REPRESENTATION_CONTEXT ( 'NONE', 'WORKASPACE' ) );
#3219 = CARTESIAN_POINT ( 'NONE',  ( -5.599999999999999600, -4.400000000000000400, -3.750000000000001300 ) ) ;
#3220 = ORIENTED_EDGE ( 'NONE', *, *, #4133, .T. ) ;
#3221 = CARTESIAN_POINT ( 'NONE',  ( -1.174999999999999600, -2.100000000000000100, -2.600000000000000100 ) ) ;
#3222 = ORIENTED_EDGE ( 'NONE', *, *, #4485, .T. ) ;
#3223 = SURFACE_STYLE_USAGE ( .BOTH. , #1047 ) ;
#3224 = ORIENTED_EDGE ( 'NONE', *, *, #937, .T. ) ;
#3225 = UNCERTAINTY_MEASURE_WITH_UNIT (LENGTH_MEASURE( 1.000000000000000100E-005 ), #1979, 'distance_accuracy_value', 'NONE');
#3226 = DIRECTION ( 'NONE',  ( -1.000000000000000000, -8.462065736472234800E-016, -0.0000000000000000000 ) ) ;
#3227 = ORIENTED_EDGE ( 'NONE', *, *, #3246, .F. ) ;
#3228 = VECTOR ( 'NONE', #381, 1000.000000000000000 ) ;
#3229 = ORIENTED_EDGE ( 'NONE', *, *, #3327, .F. ) ;
#3230 = FILL_AREA_STYLE_COLOUR ( '', #4469 ) ;
#3231 = DIRECTION ( 'NONE',  ( 0.0000000000000000000, 0.0000000000000000000, -1.000000000000000000 ) ) ;
#3232 = CARTESIAN_POINT ( 'NONE',  ( -1.174999999999999600, -2.100000000000000100, -4.173411897755954700 ) ) ;
#3233 = DIRECTION ( 'NONE',  ( -1.000000000000000000, -4.231032868236116900E-016, -0.0000000000000000000 ) ) ;
#3234 = SURFACE_STYLE_FILL_AREA ( #3870 ) ;
#3235 = CARTESIAN_POINT ( 'NONE',  ( -8.600000000000001400, -4.400000000000000400, -3.749999999999999600 ) ) ;
#3236 = MECHANICAL_DESIGN_GEOMETRIC_PRESENTATION_REPRESENTATION (  '', ( #1628 ), #3470 ) ;
#3237 = ORIENTED_EDGE ( 'NONE', *, *, #1064, .F. ) ;
#3238 = CARTESIAN_POINT ( 'NONE',  ( -9.700000000000002800, -2.100000000000000100, 1.950000000000000400 ) ) ;
#3239 = VERTEX_POINT ( 'NONE', #304 ) ;
#3240 = DIRECTION ( 'NONE',  ( -0.0000000000000000000, -0.0000000000000000000, 1.000000000000000000 ) ) ;
#3241 = VECTOR ( 'NONE', #4295, 1000.000000000000000 ) ;
#3242 = CARTESIAN_POINT ( 'NONE',  ( -1.174999999999999600, -2.100000000000000100, 1.950000000000000400 ) ) ;
#3243 = DIRECTION ( 'NONE',  ( 8.462065736472233800E-016, -1.000000000000000000, 1.057758217059031100E-016 ) ) ;
#3244 = MECHANICAL_DESIGN_GEOMETRIC_PRESENTATION_REPRESENTATION (  '', ( #1683 ), #2972 ) ;
#3245 = VECTOR ( 'NONE', #991, 1000.000000000000000 ) ;
#3246 = EDGE_CURVE ( 'NONE', #3635, #3911, #4151, .T. ) ;
#3247 = ORIENTED_EDGE ( 'NONE', *, *, #2367, .T. ) ;
#3248 = CARTESIAN_POINT ( 'NONE',  ( -3.600000000000001000, -4.200000000000001100, -4.850000000000002300 ) ) ;
#3249 = VECTOR ( 'NONE', #3659, 1000.000000000000000 ) ;
#3250 = ORIENTED_EDGE ( 'NONE', *, *, #1184, .T. ) ;
#3251 = ORIENTED_EDGE ( 'NONE', *, *, #1175, .T. ) ;
#3252 = LINE ( 'NONE', #3232, #3877 ) ;
#3253 = CARTESIAN_POINT ( 'NONE',  ( -8.825000000000001100, -2.100000000000000100, -4.173411897755954700 ) ) ;
#3254 = ORIENTED_EDGE ( 'NONE', *, *, #3025, .T. ) ;
#3255 = FACE_OUTER_BOUND ( 'NONE', #4103, .T. ) ;
#3256 =( NAMED_UNIT ( * ) SI_UNIT ( $, .STERADIAN. ) SOLID_ANGLE_UNIT ( ) );
#3257 = DIRECTION ( 'NONE',  ( 0.0000000000000000000, 0.0000000000000000000, -1.000000000000000000 ) ) ;
#3258 =( NAMED_UNIT ( * ) PLANE_ANGLE_UNIT ( ) SI_UNIT ( $, .RADIAN. ) );
#3259 = SURFACE_SIDE_STYLE ('',( #3102 ) ) ;
#3260 = PLANE ( 'NONE',  #3331 ) ;
#3261 = LINE ( 'NONE', #2594, #369 ) ;
#3262 = DIRECTION ( 'NONE',  ( 0.0000000000000000000, -1.000000000000000000, 0.0000000000000000000 ) ) ;
#3263 =( LENGTH_UNIT ( ) NAMED_UNIT ( * ) SI_UNIT ( .MILLI., .METRE. ) );
#3264 = DIRECTION ( 'NONE',  ( -0.0000000000000000000, -0.0000000000000000000, 1.000000000000000000 ) ) ;
#3265 = STYLED_ITEM ( 'NONE', ( #2838 ), #3658 ) ;
#3266 = CARTESIAN_POINT ( 'NONE',  ( -9.999999999999998200, -2.450000000000005100, 1.300000000000000300 ) ) ;
#3267 = VERTEX_POINT ( 'NONE', #1085 ) ;
#3268 =( NAMED_UNIT ( * ) PLANE_ANGLE_UNIT ( ) SI_UNIT ( $, .RADIAN. ) );
#3269 = VECTOR ( 'NONE', #2980, 1000.000000000000000 ) ;
#3270 = EDGE_CURVE ( 'NONE', #3384, #1299, #4212, .T. ) ;
#3271 = CARTESIAN_POINT ( 'NONE',  ( -5.599999999999999600, -4.500000000000002700, -3.850000000000002800 ) ) ;
#3272 = DIRECTION ( 'NONE',  ( -1.000000000000000000, -0.0000000000000000000, 0.0000000000000000000 ) ) ;
#3273 = ADVANCED_FACE ( 'NONE', ( #2607 ), #2198, .F. ) ;
#3274 = LINE ( 'NONE', #4743, #3782 ) ;
#3275 = VECTOR ( 'NONE', #3749, 1000.000000000000000 ) ;
#3276 = ORIENTED_EDGE ( 'NONE', *, *, #2608, .F. ) ;
#3277 = DIRECTION ( 'NONE',  ( 0.0000000000000000000, 0.0000000000000000000, 1.000000000000000000 ) ) ;
#3278 = FILL_AREA_STYLE ('',( #1084 ) ) ;
#3279 = EDGE_CURVE ( 'NONE', #4686, #4277, #3289, .T. ) ;
#3280 = CARTESIAN_POINT ( 'NONE',  ( -7.599999999999999600, -4.500000000000003600, -4.850000000000002300 ) ) ;
#3281 = AXIS2_PLACEMENT_3D ( 'NONE', #4678, #2149, #650 ) ;
#3282 = EDGE_LOOP ( 'NONE', ( #3046, #3050, #3865, #1148 ) ) ;
#3283 = ORIENTED_EDGE ( 'NONE', *, *, #1272, .F. ) ;
#3284 = CARTESIAN_POINT ( 'NONE',  ( -0.5000000000000000000, -4.400000000000001200, -0.2599999999999997900 ) ) ;
#3285 =( LENGTH_UNIT ( ) NAMED_UNIT ( * ) SI_UNIT ( .MILLI., .METRE. ) );
#3286 = ORIENTED_EDGE ( 'NONE', *, *, #95, .T. ) ;
#3287 = STYLED_ITEM ( 'NONE', ( #2314 ), #1146 ) ;
#3288 =( NAMED_UNIT ( * ) SI_UNIT ( $, .STERADIAN. ) SOLID_ANGLE_UNIT ( ) );
#3289 = LINE ( 'NONE', #1818, #1020 ) ;
#3290 = DIRECTION ( 'NONE',  ( 1.000000000000000000, 0.0000000000000000000, 0.0000000000000000000 ) ) ;
#3291 = DIRECTION ( 'NONE',  ( 0.0000000000000000000, -0.0000000000000000000, -1.000000000000000000 ) ) ;
#3292 = DIRECTION ( 'NONE',  ( 0.0000000000000000000, -1.000000000000000000, -0.0000000000000000000 ) ) ;
#3293 = VERTEX_POINT ( 'NONE', #1068 ) ;
#3294 = EDGE_LOOP ( 'NONE', ( #4272, #4034, #4725, #292, #899, #2703 ) ) ;
#3295 = FILL_AREA_STYLE_COLOUR ( '', #1781 ) ;
#3296 = ORIENTED_EDGE ( 'NONE', *, *, #3915, .F. ) ;
#3297 = CARTESIAN_POINT ( 'NONE',  ( -4.599999999999999600, -4.500000000000002700, -4.850000000000002300 ) ) ;
#3298 = VERTEX_POINT ( 'NONE', #1425 ) ;
#3299 = VECTOR ( 'NONE', #4354, 1000.000000000000000 ) ;
#3300 = ADVANCED_FACE ( 'NONE', ( #1643 ), #1783, .F. ) ;
#3301 = EDGE_LOOP ( 'NONE', ( #3391, #1686, #3011, #2451 ) ) ;
#3302 = CARTESIAN_POINT ( 'NONE',  ( -8.600000000000001400, -4.400000000000000400, -3.749999999999999600 ) ) ;
#3303 = ORIENTED_EDGE ( 'NONE', *, *, #3279, .F. ) ;
#3304 = EDGE_CURVE ( 'NONE', #1768, #4458, #906, .T. ) ;
#3305 = MECHANICAL_DESIGN_GEOMETRIC_PRESENTATION_REPRESENTATION (  '', ( #3532 ), #127 ) ;
#3306 = LINE ( 'NONE', #1557, #1601 ) ;
#3307 = CARTESIAN_POINT ( 'NONE',  ( -8.825000000000001100, -0.6000000000000009800, -4.173411897755954700 ) ) ;
#3308 = DIRECTION ( 'NONE',  ( -1.000000000000000000, -8.462065736472234800E-016, 2.189528850507526700E-047 ) ) ;
#3309 = DIRECTION ( 'NONE',  ( 0.0000000000000000000, 0.0000000000000000000, -1.000000000000000000 ) ) ;
#3310 = VECTOR ( 'NONE', #2059, 1000.000000000000000 ) ;
#3311 = EDGE_CURVE ( 'NONE', #1342, #220, #4391, .T. ) ;
#3312 = ORIENTED_EDGE ( 'NONE', *, *, #4603, .T. ) ;
#3313 = VECTOR ( 'NONE', #1212, 1000.000000000000000 ) ;
#3314 = UNCERTAINTY_MEASURE_WITH_UNIT (LENGTH_MEASURE( 1.000000000000000100E-005 ), #2316, 'distance_accuracy_value', 'NONE');
#3315 = CARTESIAN_POINT ( 'NONE',  ( -7.599999999999999600, -4.400000000000000400, -4.050000000000002500 ) ) ;
#3316 = PRESENTATION_STYLE_ASSIGNMENT (( #609 ) ) ;
#3317 = CARTESIAN_POINT ( 'NONE',  ( -8.400000000000000400, -4.200000000000003700, -4.850000000000002300 ) ) ;
#3318 = CARTESIAN_POINT ( 'NONE',  ( -9.500000000000000000, -4.040604788638757500E-015, -2.149999999999999900 ) ) ;
#3319 = ADVANCED_FACE ( 'NONE', ( #3798 ), #289, .F. ) ;
#3320 = DIRECTION ( 'NONE',  ( 1.000000000000000000, 0.0000000000000000000, 0.0000000000000000000 ) ) ;
#3321 = LINE ( 'NONE', #4549, #4193 ) ;
#3322 = LINE ( 'NONE', #3480, #1513 ) ;
#3323 = LINE ( 'NONE', #707, #1878 ) ;
#3324 = ORIENTED_EDGE ( 'NONE', *, *, #2879, .F. ) ;
#3325 = EDGE_LOOP ( 'NONE', ( #957, #4435, #1075, #676 ) ) ;
#3326 =( NAMED_UNIT ( * ) SI_UNIT ( $, .STERADIAN. ) SOLID_ANGLE_UNIT ( ) );
#3327 = EDGE_CURVE ( 'NONE', #2176, #3298, #3680, .T. ) ;
#3328 = SURFACE_STYLE_USAGE ( .BOTH. , #4043 ) ;
#3329 = VECTOR ( 'NONE', #1927, 1000.000000000000000 ) ;
#3330 = SURFACE_STYLE_USAGE ( .BOTH. , #1144 ) ;
#3331 = AXIS2_PLACEMENT_3D ( 'NONE', #2871, #2900, #2576 ) ;
#3332 = ORIENTED_EDGE ( 'NONE', *, *, #636, .F. ) ;
#3333 = VERTEX_POINT ( 'NONE', #4400 ) ;
#3334 = VERTEX_POINT ( 'NONE', #2222 ) ;
#3335 = AXIS2_PLACEMENT_3D ( 'NONE', #457, #2682, #4490 ) ;
#3336 = ORIENTED_EDGE ( 'NONE', *, *, #2104, .F. ) ;
#3337 = ADVANCED_FACE ( 'NONE', ( #3392 ), #4662, .T. ) ;
#3338 = CARTESIAN_POINT ( 'NONE',  ( -9.250000000000000000, -4.000000000000000000, -0.3999999999999997400 ) ) ;
#3339 = DIRECTION ( 'NONE',  ( -1.000000000000000000, 0.0000000000000000000, 0.0000000000000000000 ) ) ;
#3340 = ORIENTED_EDGE ( 'NONE', *, *, #4669, .T. ) ;
#3341 = COLOUR_RGB ( '',0.7529411764705882200, 0.7529411764705882200, 0.7529411764705882200 ) ;
#3342 = CARTESIAN_POINT ( 'NONE',  ( -2.774999999999999500, -1.800000000000000000, -0.04999999999999969700 ) ) ;
#3343 = LINE ( 'NONE', #3524, #2014 ) ;
#3344 = ORIENTED_EDGE ( 'NONE', *, *, #3824, .F. ) ;
#3345 = ORIENTED_EDGE ( 'NONE', *, *, #251, .F. ) ;
#3346 =( NAMED_UNIT ( * ) SI_UNIT ( $, .STERADIAN. ) SOLID_ANGLE_UNIT ( ) );
#3347 = DIRECTION ( 'NONE',  ( -1.000000000000000000, -0.0000000000000000000, -0.0000000000000000000 ) ) ;
#3348 =( NAMED_UNIT ( * ) PLANE_ANGLE_UNIT ( ) SI_UNIT ( $, .RADIAN. ) );
#3349 = VECTOR ( 'NONE', #3461, 1000.000000000000000 ) ;
#3350 = SURFACE_STYLE_FILL_AREA ( #1517 ) ;
#3351 = CARTESIAN_POINT ( 'NONE',  ( -4.599999999999999600, -4.200000000000002000, -3.950000000000002000 ) ) ;
#3352 = SURFACE_STYLE_FILL_AREA ( #1417 ) ;
#3353 = EDGE_CURVE ( 'NONE', #3334, #3442, #1884, .T. ) ;
#3354 = ORIENTED_EDGE ( 'NONE', *, *, #2536, .T. ) ;
#3355 = VECTOR ( 'NONE', #4716, 1000.000000000000000 ) ;
#3356 = EDGE_CURVE ( 'NONE', #1027, #786, #4501, .T. ) ;
#3357 = CARTESIAN_POINT ( 'NONE',  ( -9.999999999999996400, -3.750000000000004900, 1.300000000000000300 ) ) ;
#3358 = CARTESIAN_POINT ( 'NONE',  ( 0.0000000000000000000, -4.400000000000000400, -4.050000000000002500 ) ) ;
#3359 = CARTESIAN_POINT ( 'NONE',  ( -0.5000000000000000000, -2.450000000000000600, 1.300000000000000300 ) ) ;
#3360 = ADVANCED_FACE ( 'NONE', ( #1408 ), #1790, .T. ) ;
#3361 = MECHANICAL_DESIGN_GEOMETRIC_PRESENTATION_REPRESENTATION (  '', ( #2635 ), #2692 ) ;
#3362 = PLANE ( 'NONE',  #3130 ) ;
#3363 = VECTOR ( 'NONE', #464, 1000.000000000000000 ) ;
#3364 = DIRECTION ( 'NONE',  ( 1.000000000000000000, -0.0000000000000000000, -0.0000000000000000000 ) ) ;
#3365 = UNCERTAINTY_MEASURE_WITH_UNIT (LENGTH_MEASURE( 1.000000000000000100E-005 ), #4313, 'distance_accuracy_value', 'NONE');
#3366 =( GEOMETRIC_REPRESENTATION_CONTEXT ( 3 ) GLOBAL_UNCERTAINTY_ASSIGNED_CONTEXT ( ( #3498 ) ) GLOBAL_UNIT_ASSIGNED_CONTEXT ( ( #3380, #1566, #4542 ) ) REPRESENTATION_CONTEXT ( 'NONE', 'WORKASPACE' ) );
#3367 =( NAMED_UNIT ( * ) PLANE_ANGLE_UNIT ( ) SI_UNIT ( $, .RADIAN. ) );
#3368 = LINE ( 'NONE', #2579, #2420 ) ;
#3369 = CARTESIAN_POINT ( 'NONE',  ( -9.499999999999998200, -2.250000000000003600, -3.450000000000000200 ) ) ;
#3370 = EDGE_LOOP ( 'NONE', ( #1232, #475, #1779, #989 ) ) ;
#3371 = FACE_OUTER_BOUND ( 'NONE', #1273, .T. ) ;
#3372 = COLOUR_RGB ( '',0.7529411764705882200, 0.7529411764705882200, 0.7529411764705882200 ) ;
#3373 = PLANE ( 'NONE',  #3335 ) ;
#3374 = ORIENTED_EDGE ( 'NONE', *, *, #3122, .T. ) ;
#3375 = DIRECTION ( 'NONE',  ( 0.0000000000000000000, 0.0000000000000000000, 1.000000000000000000 ) ) ;
#3376 = CARTESIAN_POINT ( 'NONE',  ( -3.749999999999999600, -1.349999999999999000, -1.800000000000000000 ) ) ;
#3377 = FACE_OUTER_BOUND ( 'NONE', #2408, .T. ) ;
#3378 = VECTOR ( 'NONE', #3387, 1000.000000000000000 ) ;
#3379 = ADVANCED_FACE ( 'NONE', ( #513 ), #4386, .F. ) ;
#3380 =( LENGTH_UNIT ( ) NAMED_UNIT ( * ) SI_UNIT ( .MILLI., .METRE. ) );
#3381 = VERTEX_POINT ( 'NONE', #4003 ) ;
#3382 = ORIENTED_EDGE ( 'NONE', *, *, #943, .F. ) ;
#3383 = VERTEX_POINT ( 'NONE', #1861 ) ;
#3384 = VERTEX_POINT ( 'NONE', #3991 ) ;
#3385 = CARTESIAN_POINT ( 'NONE',  ( -0.5000000000000000000, 0.0000000000000000000, -4.049999999999999800 ) ) ;
#3386 = EDGE_CURVE ( 'NONE', #931, #786, #4033, .T. ) ;
#3387 = DIRECTION ( 'NONE',  ( 0.0000000000000000000, -1.000000000000000000, 0.0000000000000000000 ) ) ;
#3388 = ORIENTED_EDGE ( 'NONE', *, *, #337, .T. ) ;
#3389 = ORIENTED_EDGE ( 'NONE', *, *, #2481, .F. ) ;
#3390 = AXIS2_PLACEMENT_3D ( 'NONE', #3338, #78, #1551 ) ;
#3391 = ORIENTED_EDGE ( 'NONE', *, *, #3007, .T. ) ;
#3392 = FACE_OUTER_BOUND ( 'NONE', #4153, .T. ) ;
#3393 = CARTESIAN_POINT ( 'NONE',  ( -9.250000000000000000, -3.650000000000000400, -0.3999999999999997400 ) ) ;
#3394 = CARTESIAN_POINT ( 'NONE',  ( -9.499999999999998200, -2.450000000000008600, 1.940000000000000400 ) ) ;
#3395 = AXIS2_PLACEMENT_3D ( 'NONE', #1605, #2330, #845 ) ;
#3396 = FACE_OUTER_BOUND ( 'NONE', #1353, .T. ) ;
#3397 = FILL_AREA_STYLE_COLOUR ( '', #2538 ) ;
#3398 = ORIENTED_EDGE ( 'NONE', *, *, #3948, .F. ) ;
#3399 = DIRECTION ( 'NONE',  ( 1.000000000000000000, 0.0000000000000000000, 0.0000000000000000000 ) ) ;
#3400 = LINE ( 'NONE', #2007, #1660 ) ;
#3401 = VERTEX_POINT ( 'NONE', #2563 ) ;
#3402 = CARTESIAN_POINT ( 'NONE',  ( -0.3000000000000000400, -2.450000000000004600, 1.940000000000000400 ) ) ;
#3403 = ORIENTED_EDGE ( 'NONE', *, *, #3206, .F. ) ;
#3404 = ADVANCED_FACE ( 'NONE', ( #3970 ), #1461, .T. ) ;
#3405 = LINE ( 'NONE', #3755, #4460 ) ;
#3406 = PLANE ( 'NONE',  #2693 ) ;
#3407 = CARTESIAN_POINT ( 'NONE',  ( -3.400000000000000800, -4.200000000000001100, -4.850000000000002300 ) ) ;
#3408 = LINE ( 'NONE', #3455, #4052 ) ;
#3409 = CARTESIAN_POINT ( 'NONE',  ( -9.250000000000000000, -3.650000000000000400, -2.600000000000000100 ) ) ;
#3410 = VECTOR ( 'NONE', #1733, 1000.000000000000000 ) ;
#3411 = AXIS2_PLACEMENT_3D ( 'NONE', #2422, #2392, #4587 ) ;
#3412 = ORIENTED_EDGE ( 'NONE', *, *, #727, .F. ) ;
#3413 = ORIENTED_EDGE ( 'NONE', *, *, #1831, .T. ) ;
#3414 = CARTESIAN_POINT ( 'NONE',  ( 0.0000000000000000000, -0.6500000000000001300, -2.149999999999999900 ) ) ;
#3415 = SURFACE_STYLE_USAGE ( .BOTH. , #2329 ) ;
#3416 = EDGE_CURVE ( 'NONE', #1752, #3072, #2409, .T. ) ;
#3417 = FILL_AREA_STYLE_COLOUR ( '', #3613 ) ;
#3418 = DIRECTION ( 'NONE',  ( -1.000000000000000000, 0.0000000000000000000, -0.0000000000000000000 ) ) ;
#3419 = DIRECTION ( 'NONE',  ( -0.0000000000000000000, -0.0000000000000000000, 1.000000000000000000 ) ) ;
#3420 = COLOUR_RGB ( '',0.7529411764705882200, 0.7529411764705882200, 0.7529411764705882200 ) ;
#3421 = EDGE_CURVE ( 'NONE', #3334, #2705, #987, .T. ) ;
#3422 = STYLED_ITEM ( 'NONE', ( #1389 ), #2008 ) ;
#3423 = CARTESIAN_POINT ( 'NONE',  ( -9.499999999999996400, -3.750000000000004400, 1.300000000000000300 ) ) ;
#3424 = DIRECTION ( 'NONE',  ( -8.462065736472234800E-016, 1.000000000000000000, 0.0000000000000000000 ) ) ;
#3425 = DIRECTION ( 'NONE',  ( 0.0000000000000000000, -1.000000000000000000, 1.057758217059031100E-016 ) ) ;
#3426 = ADVANCED_FACE ( 'NONE', ( #2968 ), #704, .F. ) ;
#3427 = CARTESIAN_POINT ( 'NONE',  ( -10.00000000000000000, 8.673617379884033500E-016, 1.950000000000000400 ) ) ;
#3428 = COLOUR_RGB ( '',0.7529411764705882200, 0.7529411764705882200, 0.7529411764705882200 ) ;
#3429 = CARTESIAN_POINT ( 'NONE',  ( -9.499999999999996400, -4.500000000000004400, 1.940000000000000600 ) ) ;
#3430 = VECTOR ( 'NONE', #3867, 1000.000000000000000 ) ;
#3431 = PLANE ( 'NONE',  #882 ) ;
#3432 = VERTEX_POINT ( 'NONE', #1125 ) ;
#3433 = DIRECTION ( 'NONE',  ( 0.0000000000000000000, -1.000000000000000000, -0.0000000000000000000 ) ) ;
#3434 = VECTOR ( 'NONE', #4084, 1000.000000000000000 ) ;
#3435 = FACE_OUTER_BOUND ( 'NONE', #3929, .T. ) ;
#3436 = CARTESIAN_POINT ( 'NONE',  ( -9.500000000000000000, -4.040604788638757500E-015, -2.149999999999999900 ) ) ;
#3437 = EDGE_CURVE ( 'NONE', #2896, #1046, #3999, .T. ) ;
#3438 = CARTESIAN_POINT ( 'NONE',  ( -9.499999999999996400, -4.400000000000004800, 1.950000000000000000 ) ) ;
#3439 = ORIENTED_EDGE ( 'NONE', *, *, #4659, .F. ) ;
#3440 = ORIENTED_EDGE ( 'NONE', *, *, #816, .T. ) ;
#3441 = CARTESIAN_POINT ( 'NONE',  ( -6.599999999999999600, -4.500000000000003600, -3.850000000000002800 ) ) ;
#3442 = VERTEX_POINT ( 'NONE', #716 ) ;
#3443 = FILL_AREA_STYLE ('',( #4243 ) ) ;
#3444 = EDGE_CURVE ( 'NONE', #205, #1893, #2734, .T. ) ;
#3445 = LINE ( 'NONE', #1043, #42 ) ;
#3446 = STYLED_ITEM ( 'NONE', ( #3640 ), #1631 ) ;
#3447 =( LENGTH_UNIT ( ) NAMED_UNIT ( * ) SI_UNIT ( .MILLI., .METRE. ) );
#3448 = ADVANCED_FACE ( 'NONE', ( #866 ), #1171, .F. ) ;
#3449 = DIRECTION ( 'NONE',  ( 8.462065736472233800E-016, -1.000000000000000000, -2.710505431213761600E-016 ) ) ;
#3450 = CARTESIAN_POINT ( 'NONE',  ( -6.400000000000000400, -4.500000000000003600, -4.850000000000002300 ) ) ;
#3451 = EDGE_CURVE ( 'NONE', #1882, #2003, #2626, .T. ) ;
#3452 = LINE ( 'NONE', #306, #342 ) ;
#3453 = ORIENTED_EDGE ( 'NONE', *, *, #590, .F. ) ;
#3454 = ORIENTED_EDGE ( 'NONE', *, *, #3088, .F. ) ;
#3455 = CARTESIAN_POINT ( 'NONE',  ( -2.774999999999999500, -0.3499999999999986500, -4.050000000000001600 ) ) ;
#3456 = VECTOR ( 'NONE', #1688, 1000.000000000000000 ) ;
#3457 = VECTOR ( 'NONE', #968, 1000.000000000000000 ) ;
#3458 = ORIENTED_EDGE ( 'NONE', *, *, #3599, .F. ) ;
#3459 = ORIENTED_EDGE ( 'NONE', *, *, #877, .T. ) ;
#3460 = FACE_OUTER_BOUND ( 'NONE', #1489, .T. ) ;
#3461 = DIRECTION ( 'NONE',  ( 0.0000000000000000000, 1.000000000000000000, 0.0000000000000000000 ) ) ;
#3462 = PLANE ( 'NONE',  #999 ) ;
#3463 = VERTEX_POINT ( 'NONE', #827 ) ;
#3464 = LINE ( 'NONE', #1036, #2519 ) ;
#3465 = FACE_OUTER_BOUND ( 'NONE', #2659, .T. ) ;
#3466 = SURFACE_SIDE_STYLE ('',( #1685 ) ) ;
#3467 = VERTEX_POINT ( 'NONE', #3730 ) ;
#3468 = LINE ( 'NONE', #4512, #3313 ) ;
#3469 = DIRECTION ( 'NONE',  ( 0.0000000000000000000, 0.0000000000000000000, -1.000000000000000000 ) ) ;
#3470 =( GEOMETRIC_REPRESENTATION_CONTEXT ( 3 ) GLOBAL_UNCERTAINTY_ASSIGNED_CONTEXT ( ( #437 ) ) GLOBAL_UNIT_ASSIGNED_CONTEXT ( ( #4253, #3151, #1763 ) ) REPRESENTATION_CONTEXT ( 'NONE', 'WORKASPACE' ) );
#3471 = AXIS2_PLACEMENT_3D ( 'NONE', #2689, #4486, #4157 ) ;
#3472 = EDGE_CURVE ( 'NONE', #548, #4569, #2028, .T. ) ;
#3473 = AXIS2_PLACEMENT_3D ( 'NONE', #3563, #2483, #4696 ) ;
#3474 = FACE_OUTER_BOUND ( 'NONE', #3576, .T. ) ;
#3475 = DIRECTION ( 'NONE',  ( -8.462065736472234800E-016, 1.000000000000000000, 0.0000000000000000000 ) ) ;
#3476 = CARTESIAN_POINT ( 'NONE',  ( -6.400000000000000400, -4.400000000000000400, -4.050000000000002500 ) ) ;
#3477 = LINE ( 'NONE', #1645, #4009 ) ;
#3478 = FACE_OUTER_BOUND ( 'NONE', #4143, .T. ) ;
#3479 =( GEOMETRIC_REPRESENTATION_CONTEXT ( 3 ) GLOBAL_UNCERTAINTY_ASSIGNED_CONTEXT ( ( #3564 ) ) GLOBAL_UNIT_ASSIGNED_CONTEXT ( ( #4224, #558, #1275 ) ) REPRESENTATION_CONTEXT ( 'NONE', 'WORKASPACE' ) );
#3480 = CARTESIAN_POINT ( 'NONE',  ( -9.300000000000000700, -2.100000000000000100, -2.600000000000000100 ) ) ;
#3481 = DIRECTION ( 'NONE',  ( -0.0000000000000000000, -0.0000000000000000000, 1.000000000000000000 ) ) ;
#3482 = CARTESIAN_POINT ( 'NONE',  ( -9.499999999999996400, -4.400000000000005700, -0.2999999999999999300 ) ) ;
#3483 = LINE ( 'NONE', #3542, #2217 ) ;
#3484 = VECTOR ( 'NONE', #2842, 1000.000000000000000 ) ;
#3485 = FACE_OUTER_BOUND ( 'NONE', #4524, .T. ) ;
#3486 = ORIENTED_EDGE ( 'NONE', *, *, #2098, .T. ) ;
#3487 = CARTESIAN_POINT ( 'NONE',  ( -1.600000000000000500, -4.400000000000000400, -3.950000000000002000 ) ) ;
#3488 = CARTESIAN_POINT ( 'NONE',  ( -9.699999999999999300, -2.450000000000008600, 1.940000000000000400 ) ) ;
#3489 = ORIENTED_EDGE ( 'NONE', *, *, #947, .F. ) ;
#3490 = DIRECTION ( 'NONE',  ( -0.0000000000000000000, 1.000000000000000000, 0.0000000000000000000 ) ) ;
#3491 = PRESENTATION_LAYER_ASSIGNMENT (  '', '', ( #2827 ) ) ;
#3492 = CARTESIAN_POINT ( 'NONE',  ( -9.499999999999996400, -4.400000000000005700, -0.2599999999999996200 ) ) ;
#3493 = CARTESIAN_POINT ( 'NONE',  ( -9.999999999999996400, -3.750000000000004900, 1.300000000000000300 ) ) ;
#3494 = VERTEX_POINT ( 'NONE', #857 ) ;
#3495 = ORIENTED_EDGE ( 'NONE', *, *, #2265, .F. ) ;
#3496 = VECTOR ( 'NONE', #3593, 1000.000000000000000 ) ;
#3497 = EDGE_CURVE ( 'NONE', #3432, #3541, #3016, .T. ) ;
#3498 = UNCERTAINTY_MEASURE_WITH_UNIT (LENGTH_MEASURE( 1.000000000000000100E-005 ), #3380, 'distance_accuracy_value', 'NONE');
#3499 = PRESENTATION_LAYER_ASSIGNMENT (  '', '', ( #3942 ) ) ;
#3500 = EDGE_CURVE ( 'NONE', #1405, #3267, #1603, .T. ) ;
#3501 = VECTOR ( 'NONE', #3895, 1000.000000000000000 ) ;
#3502 = ORIENTED_EDGE ( 'NONE', *, *, #3029, .T. ) ;
#3503 = CARTESIAN_POINT ( 'NONE',  ( 0.0000000000000000000, -3.750000000000000900, 1.300000000000000300 ) ) ;
#3504 = PRESENTATION_LAYER_ASSIGNMENT (  '', '', ( #4611 ) ) ;
#3505 = SURFACE_SIDE_STYLE ('',( #860 ) ) ;
#3506 = VECTOR ( 'NONE', #3978, 1000.000000000000000 ) ;
#3507 = ORIENTED_EDGE ( 'NONE', *, *, #3601, .F. ) ;
#3508 = DIRECTION ( 'NONE',  ( 0.0000000000000000000, 0.7071067811865460200, -0.7071067811865490200 ) ) ;
#3509 = CARTESIAN_POINT ( 'NONE',  ( -5.400000000000000400, -3.449999999999999300, -4.050000000000002500 ) ) ;
#3510 = EDGE_LOOP ( 'NONE', ( #4380, #2062, #2605, #2346 ) ) ;
#3511 = CARTESIAN_POINT ( 'NONE',  ( -5.599999999999999600, -4.400000000000000400, -3.750000000000001300 ) ) ;
#3512 = VECTOR ( 'NONE', #1971, 1000.000000000000000 ) ;
#3513 = FILL_AREA_STYLE ('',( #1025 ) ) ;
#3514 = PRESENTATION_LAYER_ASSIGNMENT (  '', '', ( #1435 ) ) ;
#3515 = PLANE ( 'NONE',  #4397 ) ;
#3516 =( NAMED_UNIT ( * ) SI_UNIT ( $, .STERADIAN. ) SOLID_ANGLE_UNIT ( ) );
#3517 = PRESENTATION_STYLE_ASSIGNMENT (( #878 ) ) ;
#3518 = EDGE_LOOP ( 'NONE', ( #2411, #3507, #1630, #958 ) ) ;
#3519 = EDGE_LOOP ( 'NONE', ( #256, #1576, #4746, #3247, #1479, #1188, #4431, #2069 ) ) ;
#3520 = DIRECTION ( 'NONE',  ( 1.000000000000000000, -0.0000000000000000000, -0.0000000000000000000 ) ) ;
#3521 = VECTOR ( 'NONE', #3243, 1000.000000000000000 ) ;
#3522 = ORIENTED_EDGE ( 'NONE', *, *, #2557, .T. ) ;
#3523 = PLANE ( 'NONE',  #2250 ) ;
#3524 = CARTESIAN_POINT ( 'NONE',  ( -5.599999999999999600, -4.500000000000002700, -4.850000000000002300 ) ) ;
#3525 = LINE ( 'NONE', #1843, #3767 ) ;
#3526 = EDGE_CURVE ( 'NONE', #1151, #2227, #1214, .T. ) ;
#3527 = DIRECTION ( 'NONE',  ( -0.0000000000000000000, 0.0000000000000000000, 1.000000000000000000 ) ) ;
#3528 =( NAMED_UNIT ( * ) PLANE_ANGLE_UNIT ( ) SI_UNIT ( $, .RADIAN. ) );
#3529 = CARTESIAN_POINT ( 'NONE',  ( -6.400000000000000400, -3.449999999999999300, -4.050000000000002500 ) ) ;
#3530 = EDGE_CURVE ( 'NONE', #777, #3463, #1105, .T. ) ;
#3531 = SURFACE_SIDE_STYLE ('',( #1028 ) ) ;
#3532 = STYLED_ITEM ( 'NONE', ( #2476 ), #4142 ) ;
#3533 = DIRECTION ( 'NONE',  ( 0.0000000000000000000, 0.0000000000000000000, 1.000000000000000000 ) ) ;
#3534 = EDGE_CURVE ( 'NONE', #731, #2229, #478, .T. ) ;
#3535 = CARTESIAN_POINT ( 'NONE',  ( -9.499999999999998200, -2.250000000000003600, -4.049999999999999800 ) ) ;
#3536 =( NAMED_UNIT ( * ) PLANE_ANGLE_UNIT ( ) SI_UNIT ( $, .RADIAN. ) );
#3537 = VECTOR ( 'NONE', #1415, 1000.000000000000000 ) ;
#3538 = MECHANICAL_DESIGN_GEOMETRIC_PRESENTATION_REPRESENTATION (  '', ( #2528 ), #3157 ) ;
#3539 = FILL_AREA_STYLE_COLOUR ( '', #1149 ) ;
#3540 = COLOUR_RGB ( '',0.7529411764705882200, 0.7529411764705882200, 0.7529411764705882200 ) ;
#3541 = VERTEX_POINT ( 'NONE', #1453 ) ;
#3542 = CARTESIAN_POINT ( 'NONE',  ( -0.5000000000000000000, -0.6500000000000001300, -3.449999999999999700 ) ) ;
#3543 = ORIENTED_EDGE ( 'NONE', *, *, #2104, .T. ) ;
#3544 = LINE ( 'NONE', #2167, #3841 ) ;
#3545 = CARTESIAN_POINT ( 'NONE',  ( -1.600000000000000500, -4.400000000000000400, -3.750000000000003100 ) ) ;
#3546 = SURFACE_SIDE_STYLE ('',( #2875 ) ) ;
#3547 = DIRECTION ( 'NONE',  ( 0.0000000000000000000, -1.000000000000000000, -9.856383386231856400E-017 ) ) ;
#3548 = ORIENTED_EDGE ( 'NONE', *, *, #3856, .T. ) ;
#3549 = DIRECTION ( 'NONE',  ( 1.000000000000000000, 8.462065736472233800E-016, -0.0000000000000000000 ) ) ;
#3550 = ORIENTED_EDGE ( 'NONE', *, *, #4451, .T. ) ;
#3551 = ORIENTED_EDGE ( 'NONE', *, *, #1421, .T. ) ;
#3552 = EDGE_LOOP ( 'NONE', ( #2844, #3548, #2112, #1948 ) ) ;
#3553 = ORIENTED_EDGE ( 'NONE', *, *, #280, .F. ) ;
#3554 = DIRECTION ( 'NONE',  ( 0.0000000000000000000, 0.0000000000000000000, -1.000000000000000000 ) ) ;
#3555 = VECTOR ( 'NONE', #2470, 1000.000000000000000 ) ;
#3556 = DIRECTION ( 'NONE',  ( 1.000000000000000000, -0.0000000000000000000, -0.0000000000000000000 ) ) ;
#3557 = ORIENTED_EDGE ( 'NONE', *, *, #4451, .F. ) ;
#3558 = AXIS2_PLACEMENT_3D ( 'NONE', #2887, #3973, #3653 ) ;
#3559 = CARTESIAN_POINT ( 'NONE',  ( -9.250000000000000000, -2.100000000000001000, -2.600000000000000100 ) ) ;
#3560 = EDGE_CURVE ( 'NONE', #1046, #2176, #2310, .T. ) ;
#3561 = DIRECTION ( 'NONE',  ( -0.0000000000000000000, 0.0000000000000000000, 1.000000000000000000 ) ) ;
#3562 = DIRECTION ( 'NONE',  ( -1.000000000000000000, 0.0000000000000000000, 0.0000000000000000000 ) ) ;
#3563 = CARTESIAN_POINT ( 'NONE',  ( -7.224999999999998800, -2.100000000000000100, -0.04999999999999969700 ) ) ;
#3564 = UNCERTAINTY_MEASURE_WITH_UNIT (LENGTH_MEASURE( 1.000000000000000100E-005 ), #4224, 'distance_accuracy_value', 'NONE');
#3565 =( LENGTH_UNIT ( ) NAMED_UNIT ( * ) SI_UNIT ( .MILLI., .METRE. ) );
#3566 = EDGE_CURVE ( 'NONE', #4517, #2622, #642, .T. ) ;
#3567 = VECTOR ( 'NONE', #709, 1000.000000000000000 ) ;
#3568 = DIRECTION ( 'NONE',  ( 0.0000000000000000000, -1.000000000000000000, 0.0000000000000000000 ) ) ;
#3569 = PLANE ( 'NONE',  #2917 ) ;
#3570 = ORIENTED_EDGE ( 'NONE', *, *, #1192, .F. ) ;
#3571 = EDGE_LOOP ( 'NONE', ( #1013, #2901, #4110, #392 ) ) ;
#3572 = CARTESIAN_POINT ( 'NONE',  ( -9.699999999999997500, -4.500000000000004400, 1.940000000000000600 ) ) ;
#3573 = LINE ( 'NONE', #673, #749 ) ;
#3574 = LINE ( 'NONE', #2418, #3245 ) ;
#3575 = MECHANICAL_DESIGN_GEOMETRIC_PRESENTATION_REPRESENTATION (  '', ( #2241 ), #3832 ) ;
#3576 = EDGE_LOOP ( 'NONE', ( #3055, #2341, #4021, #1596, #2882, #1695 ) ) ;
#3577 = CARTESIAN_POINT ( 'NONE',  ( -5.599999999999999600, -4.500000000000002700, -4.850000000000002300 ) ) ;
#3578 = LINE ( 'NONE', #1159, #1663 ) ;
#3579 = LINE ( 'NONE', #222, #2621 ) ;
#3580 = EDGE_LOOP ( 'NONE', ( #4633, #1534, #2162, #4178, #3985, #1937 ) ) ;
#3581 = VECTOR ( 'NONE', #1881, 1000.000000000000000 ) ;
#3582 = CARTESIAN_POINT ( 'NONE',  ( -7.225000000000000500, -0.3499999999999994200, -3.449999999999999700 ) ) ;
#3583 = ORIENTED_EDGE ( 'NONE', *, *, #130, .F. ) ;
#3584 = PRESENTATION_STYLE_ASSIGNMENT (( #4337 ) ) ;
#3585 = CARTESIAN_POINT ( 'NONE',  ( -0.7499999999999997800, -4.000000000000000000, -0.3999999999999997400 ) ) ;
#3586 = VERTEX_POINT ( 'NONE', #684 ) ;
#3587 =( NAMED_UNIT ( * ) SI_UNIT ( $, .STERADIAN. ) SOLID_ANGLE_UNIT ( ) );
#3588 = DIRECTION ( 'NONE',  ( -0.0000000000000000000, 0.0000000000000000000, 1.000000000000000000 ) ) ;
#3589 = VECTOR ( 'NONE', #1761, 1000.000000000000000 ) ;
#3590 = LINE ( 'NONE', #2799, #4639 ) ;
#3591 = ORIENTED_EDGE ( 'NONE', *, *, #1160, .T. ) ;
#3592 = COLOUR_RGB ( '',0.7529411764705882200, 0.7529411764705882200, 0.7529411764705882200 ) ;
#3593 = DIRECTION ( 'NONE',  ( 1.000000000000000000, 8.462065736472233800E-016, 0.0000000000000000000 ) ) ;
#3594 = CARTESIAN_POINT ( 'NONE',  ( 0.0000000000000000000, 8.673617379884033500E-016, -2.149999999999999900 ) ) ;
#3595 = LINE ( 'NONE', #2226, #4413 ) ;
#3596 = CARTESIAN_POINT ( 'NONE',  ( -1.400000000000000400, -4.500000000000000900, -3.850000000000002800 ) ) ;
#3597 = EDGE_CURVE ( 'NONE', #2064, #2194, #116, .T. ) ;
#3598 = FILL_AREA_STYLE_COLOUR ( '', #4582 ) ;
#3599 = EDGE_CURVE ( 'NONE', #1786, #1709, #3252, .T. ) ;
#3600 = DIRECTION ( 'NONE',  ( 0.0000000000000000000, 0.7071067811865460200, -0.7071067811865490200 ) ) ;
#3601 = EDGE_CURVE ( 'NONE', #515, #1140, #1670, .T. ) ;
#3602 = SURFACE_STYLE_USAGE ( .BOTH. , #3259 ) ;
#3603 = DIRECTION ( 'NONE',  ( 0.0000000000000000000, 0.0000000000000000000, -1.000000000000000000 ) ) ;
#3604 = MECHANICAL_DESIGN_GEOMETRIC_PRESENTATION_REPRESENTATION (  '', ( #3942 ), #4198 ) ;
#3605 = LINE ( 'NONE', #2798, #3038 ) ;
#3606 = CARTESIAN_POINT ( 'NONE',  ( -0.6999999999999998400, -1.300000000000000500, -1.799999999999999600 ) ) ;
#3607 = CARTESIAN_POINT ( 'NONE',  ( -1.600000000000000500, -4.200000000000000200, -4.850000000000002300 ) ) ;
#3608 = AXIS2_PLACEMENT_3D ( 'NONE', #2625, #76, #3768 ) ;
#3609 = LINE ( 'NONE', #1616, #1565 ) ;
#3610 = STYLED_ITEM ( 'NONE', ( #2670 ), #2630 ) ;
#3611 = VERTEX_POINT ( 'NONE', #3535 ) ;
#3612 = CARTESIAN_POINT ( 'NONE',  ( -0.6999999999999998400, -0.6000000000000009800, -4.173411897755954700 ) ) ;
#3613 = COLOUR_RGB ( '',0.7529411764705882200, 0.7529411764705882200, 0.7529411764705882200 ) ;
#3614 = ORIENTED_EDGE ( 'NONE', *, *, #3953, .T. ) ;
#3615 = ORIENTED_EDGE ( 'NONE', *, *, #100, .T. ) ;
#3616 = DIRECTION ( 'NONE',  ( 0.0000000000000000000, -1.000000000000000000, 0.0000000000000000000 ) ) ;
#3617 = DIRECTION ( 'NONE',  ( 0.0000000000000000000, 1.000000000000000000, 0.0000000000000000000 ) ) ;
#3618 = DIRECTION ( 'NONE',  ( -1.000000000000000000, 0.0000000000000000000, -0.0000000000000000000 ) ) ;
#3619 = CARTESIAN_POINT ( 'NONE',  ( -6.249999999999999100, -1.350000000000000300, -0.6099999999999998800 ) ) ;
#3620 = ORIENTED_EDGE ( 'NONE', *, *, #1730, .F. ) ;
#3621 = CARTESIAN_POINT ( 'NONE',  ( -9.300000000000000700, -1.300000000000000500, -1.799999999999999600 ) ) ;
#3622 = ORIENTED_EDGE ( 'NONE', *, *, #2975, .F. ) ;
#3623 = DIRECTION ( 'NONE',  ( -1.000000000000000000, -8.462065736472234800E-016, -0.0000000000000000000 ) ) ;
#3624 = CARTESIAN_POINT ( 'NONE',  ( -1.400000000000000400, -4.200000000000000200, -4.050000000000002500 ) ) ;
#3625 = VERTEX_POINT ( 'NONE', #3594 ) ;
#3626 = EDGE_LOOP ( 'NONE', ( #4333, #3453, #1945, #1694, #3762, #1050 ) ) ;
#3627 =( NAMED_UNIT ( * ) PLANE_ANGLE_UNIT ( ) SI_UNIT ( $, .RADIAN. ) );
#3628 = ORIENTED_EDGE ( 'NONE', *, *, #1987, .F. ) ;
#3629 = DIRECTION ( 'NONE',  ( 1.000000000000000000, -0.0000000000000000000, 0.0000000000000000000 ) ) ;
#3630 = ADVANCED_FACE ( 'NONE', ( #1048 ), #2496, .F. ) ;
#3631 = CARTESIAN_POINT ( 'NONE',  ( -3.600000000000001000, -3.449999999999998000, -3.950000000000002000 ) ) ;
#3632 = DIRECTION ( 'NONE',  ( -1.000000000000000000, -8.462065736472234800E-016, -0.0000000000000000000 ) ) ;
#3633 = AXIS2_PLACEMENT_3D ( 'NONE', #3144, #1794, #4629 ) ;
#3634 = FACE_OUTER_BOUND ( 'NONE', #263, .T. ) ;
#3635 = VERTEX_POINT ( 'NONE', #3947 ) ;
#3636 = CARTESIAN_POINT ( 'NONE',  ( -9.250000000000000000, -2.100000000000001000, 1.950000000000000400 ) ) ;
#3637 = ORIENTED_EDGE ( 'NONE', *, *, #3134, .F. ) ;
#3638 = PLANE ( 'NONE',  #264 ) ;
#3639 = DIRECTION ( 'NONE',  ( 0.0000000000000000000, 1.000000000000000000, -0.0000000000000000000 ) ) ;
#3640 = PRESENTATION_STYLE_ASSIGNMENT (( #2769 ) ) ;
#3641 = EDGE_CURVE ( 'NONE', #4211, #3160, #3464, .T. ) ;
#3642 = ORIENTED_EDGE ( 'NONE', *, *, #4419, .F. ) ;
#3643 = VECTOR ( 'NONE', #4096, 1000.000000000000000 ) ;
#3644 = EDGE_LOOP ( 'NONE', ( #4059, #2669, #1523, #739 ) ) ;
#3645 = VECTOR ( 'NONE', #3632, 1000.000000000000000 ) ;
#3646 = LINE ( 'NONE', #4262, #1973 ) ;
#3647 = MECHANICAL_DESIGN_GEOMETRIC_PRESENTATION_REPRESENTATION (  '', ( #732 ), #1549 ) ;
#3648 = PLANE ( 'NONE',  #3087 ) ;
#3649 = ORIENTED_EDGE ( 'NONE', *, *, #386, .T. ) ;
#3650 = SURFACE_STYLE_USAGE ( .BOTH. , #2095 ) ;
#3651 = PRESENTATION_STYLE_ASSIGNMENT (( #4008 ) ) ;
#3652 = VERTEX_POINT ( 'NONE', #1767 ) ;
#3653 = DIRECTION ( 'NONE',  ( 1.000000000000000000, 0.0000000000000000000, 0.0000000000000000000 ) ) ;
#3654 =( LENGTH_UNIT ( ) NAMED_UNIT ( * ) SI_UNIT ( .MILLI., .METRE. ) );
#3655 = CARTESIAN_POINT ( 'NONE',  ( -3.749999999999999600, -1.349999999999999000, -1.800000000000000000 ) ) ;
#3656 = VECTOR ( 'NONE', #433, 1000.000000000000000 ) ;
#3657 = DIRECTION ( 'NONE',  ( 0.0000000000000000000, 0.0000000000000000000, -1.000000000000000000 ) ) ;
#3658 = ADVANCED_FACE ( 'NONE', ( #3822 ), #4621, .F. ) ;
#3659 = DIRECTION ( 'NONE',  ( 0.0000000000000000000, -3.854941057726238100E-016, -1.000000000000000000 ) ) ;
#3660 = SURFACE_STYLE_FILL_AREA ( #909 ) ;
#3661 = UNCERTAINTY_MEASURE_WITH_UNIT (LENGTH_MEASURE( 1.000000000000000100E-005 ), #2479, 'distance_accuracy_value', 'NONE');
#3662 = VECTOR ( 'NONE', #3828, 1000.000000000000000 ) ;
#3663 = MECHANICAL_DESIGN_GEOMETRIC_PRESENTATION_REPRESENTATION (  '', ( #2827 ), #1237 ) ;
#3664 = SURFACE_SIDE_STYLE ('',( #2123 ) ) ;
#3665 = DIRECTION ( 'NONE',  ( 0.0000000000000000000, -1.000000000000000000, 0.0000000000000000000 ) ) ;
#3666 = PRESENTATION_STYLE_ASSIGNMENT (( #4480 ) ) ;
#3667 = EDGE_CURVE ( 'NONE', #3401, #4686, #1431, .T. ) ;
#3668 = DIRECTION ( 'NONE',  ( -1.000000000000000000, -5.981805089575192300E-016, 0.0000000000000000000 ) ) ;
#3669 = DIRECTION ( 'NONE',  ( -1.000000000000000000, 0.0000000000000000000, -0.0000000000000000000 ) ) ;
#3670 = LINE ( 'NONE', #1347, #4651 ) ;
#3671 = EDGE_LOOP ( 'NONE', ( #3784, #3112, #3495, #1153 ) ) ;
#3672 = ORIENTED_EDGE ( 'NONE', *, *, #574, .T. ) ;
#3673 = ADVANCED_FACE ( 'NONE', ( #803 ), #620, .F. ) ;
#3674 = CARTESIAN_POINT ( 'NONE',  ( -9.499999999999996400, -4.400000000000004800, 1.950000000000000000 ) ) ;
#3675 = EDGE_LOOP ( 'NONE', ( #161, #2230, #2236, #2507, #3082, #2033 ) ) ;
#3676 =( NAMED_UNIT ( * ) PLANE_ANGLE_UNIT ( ) SI_UNIT ( $, .RADIAN. ) );
#3677 = ORIENTED_EDGE ( 'NONE', *, *, #251, .T. ) ;
#3678 = ORIENTED_EDGE ( 'NONE', *, *, #126, .F. ) ;
#3679 = ORIENTED_EDGE ( 'NONE', *, *, #2481, .T. ) ;
#3680 = LINE ( 'NONE', #396, #3228 ) ;
#3681 = DIRECTION ( 'NONE',  ( 0.0000000000000000000, 0.0000000000000000000, -1.000000000000000000 ) ) ;
#3682 = DIRECTION ( 'NONE',  ( -0.0000000000000000000, -0.0000000000000000000, 1.000000000000000000 ) ) ;
#3683 = CARTESIAN_POINT ( 'NONE',  ( -1.400000000000000400, -4.400000000000000400, -3.950000000000002000 ) ) ;
#3684 = VERTEX_POINT ( 'NONE', #2107 ) ;
#3685 = VECTOR ( 'NONE', #2909, 1000.000000000000000 ) ;
#3686 = DIRECTION ( 'NONE',  ( 0.0000000000000000000, 0.0000000000000000000, 1.000000000000000000 ) ) ;
#3687 = ORIENTED_EDGE ( 'NONE', *, *, #2966, .T. ) ;
#3688 = VECTOR ( 'NONE', #692, 1000.000000000000100 ) ;
#3689 = VECTOR ( 'NONE', #4276, 1000.000000000000000 ) ;
#3690 = ORIENTED_EDGE ( 'NONE', *, *, #2404, .F. ) ;
#3691 = EDGE_CURVE ( 'NONE', #3849, #730, #3579, .T. ) ;
#3692 = ORIENTED_EDGE ( 'NONE', *, *, #4640, .T. ) ;
#3693 = LINE ( 'NONE', #2835, #4518 ) ;
#3694 = DIRECTION ( 'NONE',  ( 0.0000000000000000000, -1.000000000000000000, -0.0000000000000000000 ) ) ;
#3695 = LINE ( 'NONE', #4141, #2911 ) ;
#3696 = CARTESIAN_POINT ( 'NONE',  ( -7.400000000000000400, -4.400000000000000400, -3.950000000000002000 ) ) ;
#3697 =( NAMED_UNIT ( * ) PLANE_ANGLE_UNIT ( ) SI_UNIT ( $, .RADIAN. ) );
#3698 = CARTESIAN_POINT ( 'NONE',  ( 0.0000000000000000000, -2.250000000000000000, -4.049999999999999800 ) ) ;
#3699 = LINE ( 'NONE', #2939, #2727 ) ;
#3700 = ADVANCED_FACE ( 'NONE', ( #4339 ), #1284, .F. ) ;
#3701 = LINE ( 'NONE', #2144, #3077 ) ;
#3702 = EDGE_CURVE ( 'NONE', #2215, #2896, #2728, .T. ) ;
#3703 = ORIENTED_EDGE ( 'NONE', *, *, #2638, .T. ) ;
#3704 = LINE ( 'NONE', #4408, #290 ) ;
#3705 = MECHANICAL_DESIGN_GEOMETRIC_PRESENTATION_REPRESENTATION (  '', ( #944 ), #2266 ) ;
#3706 = ORIENTED_EDGE ( 'NONE', *, *, #2862, .F. ) ;
#3707 = EDGE_CURVE ( 'NONE', #2279, #1204, #2459, .T. ) ;
#3708 = DIRECTION ( 'NONE',  ( -1.000000000000000000, -4.231032868236116900E-016, -0.0000000000000000000 ) ) ;
#3709 = DIRECTION ( 'NONE',  ( 1.000000000000000000, 5.102127870520020600E-017, 0.0000000000000000000 ) ) ;
#3710 = VERTEX_POINT ( 'NONE', #2416 ) ;
#3711 = EDGE_CURVE ( 'NONE', #3808, #756, #171, .T. ) ;
#3712 = CARTESIAN_POINT ( 'NONE',  ( -9.699999999999997500, -3.750000000000004400, -0.2999999999999999300 ) ) ;
#3713 = VECTOR ( 'NONE', #420, 1000.000000000000000 ) ;
#3714 = DIRECTION ( 'NONE',  ( -1.000000000000000000, -4.231032868236116900E-016, -0.0000000000000000000 ) ) ;
#3715 = CARTESIAN_POINT ( 'NONE',  ( -0.5000000000000000000, -2.450000000000000200, 1.950000000000000400 ) ) ;
#3716 = DIRECTION ( 'NONE',  ( 0.0000000000000000000, 0.7071067811865490200, 0.7071067811865460200 ) ) ;
#3717 = CARTESIAN_POINT ( 'NONE',  ( -7.225000000000000500, -1.800000000000000300, -3.450000000000000600 ) ) ;
#3718 = LINE ( 'NONE', #4531, #2590 ) ;
#3719 =( NAMED_UNIT ( * ) SI_UNIT ( $, .STERADIAN. ) SOLID_ANGLE_UNIT ( ) );
#3720 = FACE_OUTER_BOUND ( 'NONE', #390, .T. ) ;
#3721 =( NAMED_UNIT ( * ) PLANE_ANGLE_UNIT ( ) SI_UNIT ( $, .RADIAN. ) );
#3722 = LINE ( 'NONE', #2359, #2750 ) ;
#3723 = ADVANCED_FACE ( 'NONE', ( #4465 ), #2380, .F. ) ;
#3724 = LINE ( 'NONE', #1509, #2276 ) ;
#3725 = AXIS2_PLACEMENT_3D ( 'NONE', #2082, #2821, #1034 ) ;
#3726 = SURFACE_STYLE_USAGE ( .BOTH. , #2989 ) ;
#3727 = LINE ( 'NONE', #915, #1870 ) ;
#3728 = PRESENTATION_LAYER_ASSIGNMENT (  '', '', ( #1426 ) ) ;
#3729 = FACE_OUTER_BOUND ( 'NONE', #3963, .T. ) ;
#3730 = CARTESIAN_POINT ( 'NONE',  ( -0.7499999999999997800, -4.000000000000000000, -0.3999999999999997400 ) ) ;
#3731 = CARTESIAN_POINT ( 'NONE',  ( -1.400000000000000400, -4.500000000000000900, -4.850000000000002300 ) ) ;
#3732 = EDGE_CURVE ( 'NONE', #782, #320, #3408, .T. ) ;
#3733 = DIRECTION ( 'NONE',  ( 0.0000000000000000000, 6.672013369141566200E-016, 1.000000000000000000 ) ) ;
#3734 = LINE ( 'NONE', #3712, #2755 ) ;
#3735 = ORIENTED_EDGE ( 'NONE', *, *, #1024, .F. ) ;
#3736 = ORIENTED_EDGE ( 'NONE', *, *, #1667, .T. ) ;
#3737 = CARTESIAN_POINT ( 'NONE',  ( -9.499999999999996400, -4.500000000000004400, -0.2599999999999996200 ) ) ;
#3738 = AXIS2_PLACEMENT_3D ( 'NONE', #997, #2777, #3149 ) ;
#3739 = LINE ( 'NONE', #357, #88 ) ;
#3740 = ORIENTED_EDGE ( 'NONE', *, *, #2324, .F. ) ;
#3741 = VERTEX_POINT ( 'NONE', #3427 ) ;
#3742 = DIRECTION ( 'NONE',  ( 0.0000000000000000000, 1.000000000000000000, -0.0000000000000000000 ) ) ;
#3743 = ORIENTED_EDGE ( 'NONE', *, *, #4594, .F. ) ;
#3744 = SURFACE_SIDE_STYLE ('',( #826 ) ) ;
#3745 = MECHANICAL_DESIGN_GEOMETRIC_PRESENTATION_REPRESENTATION (  '', ( #1136 ), #1804 ) ;
#3746 = ORIENTED_EDGE ( 'NONE', *, *, #2836, .T. ) ;
#3747 =( LENGTH_UNIT ( ) NAMED_UNIT ( * ) SI_UNIT ( .MILLI., .METRE. ) );
#3748 = LINE ( 'NONE', #4290, #3180 ) ;
#3749 = DIRECTION ( 'NONE',  ( 0.0000000000000000000, 0.0000000000000000000, 1.000000000000000000 ) ) ;
#3750 = DIRECTION ( 'NONE',  ( -0.0000000000000000000, 0.0000000000000000000, 1.000000000000000000 ) ) ;
#3751 = ADVANCED_FACE ( 'NONE', ( #529 ), #3837, .F. ) ;
#3752 = ADVANCED_BREP_SHAPE_REPRESENTATION ( 'SM08B-NSHSS', ( #1336, #1834 ), #1569 ) ;
#3753 = PRESENTATION_STYLE_ASSIGNMENT (( #2951 ) ) ;
#3754 = ORIENTED_EDGE ( 'NONE', *, *, #4640, .F. ) ;
#3755 = CARTESIAN_POINT ( 'NONE',  ( -5.599999999999999600, -4.500000000000002700, -3.850000000000002800 ) ) ;
#3756 = LINE ( 'NONE', #1166, #1592 ) ;
#3757 = CARTESIAN_POINT ( 'NONE',  ( -0.7499999999999997800, -3.649999999999999900, -2.600000000000000100 ) ) ;
#3758 = CARTESIAN_POINT ( 'NONE',  ( -0.5000000000000000000, -4.500000000000000900, 1.940000000000000600 ) ) ;
#3759 = LINE ( 'NONE', #2637, #3512 ) ;
#3760 = VERTEX_POINT ( 'NONE', #1202 ) ;
#3761 = EDGE_CURVE ( 'NONE', #3936, #566, #924, .T. ) ;
#3762 = ORIENTED_EDGE ( 'NONE', *, *, #4385, .T. ) ;
#3763 = LINE ( 'NONE', #723, #870 ) ;
#3764 =( NAMED_UNIT ( * ) PLANE_ANGLE_UNIT ( ) SI_UNIT ( $, .RADIAN. ) );
#3765 = AXIS2_PLACEMENT_3D ( 'NONE', #4117, #1952, #4503 ) ;
#3766 = DIRECTION ( 'NONE',  ( 1.000000000000000000, 0.0000000000000000000, -0.0000000000000000000 ) ) ;
#3767 = VECTOR ( 'NONE', #3900, 1000.000000000000000 ) ;
#3768 = DIRECTION ( 'NONE',  ( -0.0000000000000000000, 0.0000000000000000000, 1.000000000000000000 ) ) ;
#3769 = DIRECTION ( 'NONE',  ( -8.462065736472233800E-016, 1.000000000000000000, -1.057758217059030800E-016 ) ) ;
#3770 = ADVANCED_FACE ( 'NONE', ( #3927 ), #3161, .F. ) ;
#3771 = FACE_OUTER_BOUND ( 'NONE', #3059, .T. ) ;
#3772 = PLANE ( 'NONE',  #967 ) ;
#3773 =( GEOMETRIC_REPRESENTATION_CONTEXT ( 3 ) GLOBAL_UNCERTAINTY_ASSIGNED_CONTEXT ( ( #346 ) ) GLOBAL_UNIT_ASSIGNED_CONTEXT ( ( #1019, #3536, #4020 ) ) REPRESENTATION_CONTEXT ( 'NONE', 'WORKASPACE' ) );
#3774 =( LENGTH_UNIT ( ) NAMED_UNIT ( * ) SI_UNIT ( .MILLI., .METRE. ) );
#3775 = LINE ( 'NONE', #3696, #1282 ) ;
#3776 = SURFACE_STYLE_USAGE ( .BOTH. , #3061 ) ;
#3777 = CARTESIAN_POINT ( 'NONE',  ( -4.599999999999999600, -4.400000000000000400, -3.950000000000002000 ) ) ;
#3778 = CARTESIAN_POINT ( 'NONE',  ( -3.749999999999999600, -1.799999999999999600, -0.6099999999999999900 ) ) ;
#3779 = CARTESIAN_POINT ( 'NONE',  ( -6.249999999999999100, -1.350000000000000100, -1.800000000000000000 ) ) ;
#3780 = LINE ( 'NONE', #1680, #720 ) ;
#3781 = SURFACE_SIDE_STYLE ('',( #607 ) ) ;
#3782 = VECTOR ( 'NONE', #4433, 1000.000000000000000 ) ;
#3783 = VECTOR ( 'NONE', #4476, 1000.000000000000000 ) ;
#3784 = ORIENTED_EDGE ( 'NONE', *, *, #825, .T. ) ;
#3785 = EDGE_CURVE ( 'NONE', #904, #1709, #1664, .T. ) ;
#3786 = DIRECTION ( 'NONE',  ( -1.000000000000000000, 0.0000000000000000000, 0.0000000000000000000 ) ) ;
#3787 =( LENGTH_UNIT ( ) NAMED_UNIT ( * ) SI_UNIT ( .MILLI., .METRE. ) );
#3788 =( NAMED_UNIT ( * ) PLANE_ANGLE_UNIT ( ) SI_UNIT ( $, .RADIAN. ) );
#3789 = ORIENTED_EDGE ( 'NONE', *, *, #156, .F. ) ;
#3790 = CARTESIAN_POINT ( 'NONE',  ( -0.5000000000000000000, -2.450000000000004600, 1.940000000000000400 ) ) ;
#3791 = EDGE_CURVE ( 'NONE', #3987, #51, #2510, .T. ) ;
#3792 = FILL_AREA_STYLE ('',( #3417 ) ) ;
#3793 = ORIENTED_EDGE ( 'NONE', *, *, #455, .F. ) ;
#3794 = ADVANCED_FACE ( 'NONE', ( #4688 ), #235, .T. ) ;
#3795 = PLANE ( 'NONE',  #774 ) ;
#3796 = ORIENTED_EDGE ( 'NONE', *, *, #2712, .T. ) ;
#3797 = ORIENTED_EDGE ( 'NONE', *, *, #4513, .F. ) ;
#3798 = FACE_OUTER_BOUND ( 'NONE', #2841, .T. ) ;
#3799 = CARTESIAN_POINT ( 'NONE',  ( -6.249999999999999100, -1.350000000000000100, -1.800000000000000000 ) ) ;
#3800 = EDGE_LOOP ( 'NONE', ( #3215, #3677, #3810, #4181, #2888, #3382 ) ) ;
#3801 = PRESENTATION_LAYER_ASSIGNMENT (  '', '', ( #732 ) ) ;
#3802 = DIRECTION ( 'NONE',  ( -1.000000000000000000, 0.0000000000000000000, -0.0000000000000000000 ) ) ;
#3803 = SURFACE_SIDE_STYLE ('',( #4700 ) ) ;
#3804 = LINE ( 'NONE', #261, #2826 ) ;
#3805 = UNCERTAINTY_MEASURE_WITH_UNIT (LENGTH_MEASURE( 1.000000000000000100E-005 ), #3105, 'distance_accuracy_value', 'NONE');
#3806 = ORIENTED_EDGE ( 'NONE', *, *, #247, .F. ) ;
#3807 = DIRECTION ( 'NONE',  ( 0.0000000000000000000, 0.0000000000000000000, 1.000000000000000000 ) ) ;
#3808 = VERTEX_POINT ( 'NONE', #3892 ) ;
#3809 = DIRECTION ( 'NONE',  ( 1.000000000000000000, 0.0000000000000000000, 0.0000000000000000000 ) ) ;
#3810 = ORIENTED_EDGE ( 'NONE', *, *, #2940, .T. ) ;
#3811 = DIRECTION ( 'NONE',  ( -1.000000000000000000, -8.462065736472234800E-016, -0.0000000000000000000 ) ) ;
#3812 = DIRECTION ( 'NONE',  ( 0.0000000000000000000, 0.0000000000000000000, 1.000000000000000000 ) ) ;
#3813 = VECTOR ( 'NONE', #751, 1000.000000000000000 ) ;
#3814 = COLOUR_RGB ( '',0.7529411764705882200, 0.7529411764705882200, 0.7529411764705882200 ) ;
#3815 = DIRECTION ( 'NONE',  ( 0.0000000000000000000, 0.0000000000000000000, 1.000000000000000000 ) ) ;
#3816 = EDGE_CURVE ( 'NONE', #4277, #3902, #498, .T. ) ;
#3817 = ORIENTED_EDGE ( 'NONE', *, *, #1305, .F. ) ;
#3818 = LINE ( 'NONE', #1865, #3521 ) ;
#3819 = ADVANCED_FACE ( 'NONE', ( #3377 ), #2530, .F. ) ;
#3820 = ORIENTED_EDGE ( 'NONE', *, *, #2084, .T. ) ;
#3821 = CARTESIAN_POINT ( 'NONE',  ( -1.600000000000000500, -4.500000000000000900, -3.850000000000002800 ) ) ;
#3822 = FACE_OUTER_BOUND ( 'NONE', #1368, .T. ) ;
#3823 = DIRECTION ( 'NONE',  ( -1.000000000000000000, 0.0000000000000000000, -0.0000000000000000000 ) ) ;
#3824 = EDGE_CURVE ( 'NONE', #1752, #4555, #1988, .T. ) ;
#3825 = ORIENTED_EDGE ( 'NONE', *, *, #840, .F. ) ;
#3826 = VECTOR ( 'NONE', #1920, 1000.000000000000000 ) ;
#3827 = PRESENTATION_LAYER_ASSIGNMENT (  '', '', ( #157 ) ) ;
#3828 = DIRECTION ( 'NONE',  ( -0.0000000000000000000, 1.000000000000000000, -0.0000000000000000000 ) ) ;
#3829 = DIRECTION ( 'NONE',  ( 0.0000000000000000000, 1.000000000000000000, -1.057758217059030800E-016 ) ) ;
#3830 =( NAMED_UNIT ( * ) SI_UNIT ( $, .STERADIAN. ) SOLID_ANGLE_UNIT ( ) );
#3831 = FACE_OUTER_BOUND ( 'NONE', #4080, .T. ) ;
#3832 =( GEOMETRIC_REPRESENTATION_CONTEXT ( 3 ) GLOBAL_UNCERTAINTY_ASSIGNED_CONTEXT ( ( #1281 ) ) GLOBAL_UNIT_ASSIGNED_CONTEXT ( ( #3031, #122, #1205 ) ) REPRESENTATION_CONTEXT ( 'NONE', 'WORKASPACE' ) );
#3833 = CARTESIAN_POINT ( 'NONE',  ( -4.599999999999999600, -4.200000000000002000, -4.050000000000002500 ) ) ;
#3834 =( NAMED_UNIT ( * ) PLANE_ANGLE_UNIT ( ) SI_UNIT ( $, .RADIAN. ) );
#3835 = DIRECTION ( 'NONE',  ( 0.0000000000000000000, 0.7071067811865490200, 0.7071067811865460200 ) ) ;
#3836 = VECTOR ( 'NONE', #876, 1000.000000000000000 ) ;
#3837 = PLANE ( 'NONE',  #3086 ) ;
#3838 = COLOUR_RGB ( '',0.7529411764705882200, 0.7529411764705882200, 0.7529411764705882200 ) ;
#3839 = ORIENTED_EDGE ( 'NONE', *, *, #3124, .T. ) ;
#3840 = LINE ( 'NONE', #2131, #2365 ) ;
#3841 = VECTOR ( 'NONE', #2189, 1000.000000000000000 ) ;
#3842 = PLANE ( 'NONE',  #401 ) ;
#3843 = FACE_BOUND ( 'NONE', #1406, .T. ) ;
#3844 = CARTESIAN_POINT ( 'NONE',  ( -5.400000000000000400, -3.449999999999999300, -3.950000000000002000 ) ) ;
#3845 = ADVANCED_FACE ( 'NONE', ( #2220 ), #4623, .F. ) ;
#3846 =( LENGTH_UNIT ( ) NAMED_UNIT ( * ) SI_UNIT ( .MILLI., .METRE. ) );
#3847 = PRESENTATION_STYLE_ASSIGNMENT (( #2282 ) ) ;
#3848 =( LENGTH_UNIT ( ) NAMED_UNIT ( * ) SI_UNIT ( .MILLI., .METRE. ) );
#3849 = VERTEX_POINT ( 'NONE', #303 ) ;
#3850 = ORIENTED_EDGE ( 'NONE', *, *, #3210, .T. ) ;
#3851 =( NAMED_UNIT ( * ) PLANE_ANGLE_UNIT ( ) SI_UNIT ( $, .RADIAN. ) );
#3852 = EDGE_CURVE ( 'NONE', #4036, #3036, #249, .T. ) ;
#3853 = CARTESIAN_POINT ( 'NONE',  ( -0.7499999999999997800, -2.100000000000000100, -2.600000000000000100 ) ) ;
#3854 = VECTOR ( 'NONE', #2567, 1000.000000000000000 ) ;
#3855 = ORIENTED_EDGE ( 'NONE', *, *, #3711, .T. ) ;
#3856 = EDGE_CURVE ( 'NONE', #3923, #4517, #4018, .T. ) ;
#3857 = VERTEX_POINT ( 'NONE', #2428 ) ;
#3858 = EDGE_LOOP ( 'NONE', ( #2135, #394, #4443, #4319 ) ) ;
#3859 = AXIS2_PLACEMENT_3D ( 'NONE', #164, #1279, #2704 ) ;
#3860 = VERTEX_POINT ( 'NONE', #1000 ) ;
#3861 = ORIENTED_EDGE ( 'NONE', *, *, #1896, .F. ) ;
#3862 = EDGE_CURVE ( 'NONE', #2776, #1974, #1572, .T. ) ;
#3863 = VECTOR ( 'NONE', #3257, 1000.000000000000000 ) ;
#3864 = DIRECTION ( 'NONE',  ( -1.000000000000000000, -8.462065736472234800E-016, 0.0000000000000000000 ) ) ;
#3865 = ORIENTED_EDGE ( 'NONE', *, *, #126, .T. ) ;
#3866 = CARTESIAN_POINT ( 'NONE',  ( -6.599999999999999600, -4.500000000000003600, -4.850000000000002300 ) ) ;
#3867 = DIRECTION ( 'NONE',  ( 0.0000000000000000000, -1.000000000000000000, 0.0000000000000000000 ) ) ;
#3868 = LINE ( 'NONE', #2905, #2662 ) ;
#3869 = ORIENTED_EDGE ( 'NONE', *, *, #3691, .T. ) ;
#3870 = FILL_AREA_STYLE ('',( #2414 ) ) ;
#3871 = ORIENTED_EDGE ( 'NONE', *, *, #2166, .T. ) ;
#3872 = FACE_OUTER_BOUND ( 'NONE', #841, .T. ) ;
#3873 = UNCERTAINTY_MEASURE_WITH_UNIT (LENGTH_MEASURE( 1.000000000000000100E-005 ), #1118, 'distance_accuracy_value', 'NONE');
#3874 = DIRECTION ( 'NONE',  ( 1.000000000000000000, 0.0000000000000000000, 0.0000000000000000000 ) ) ;
#3875 = ORIENTED_EDGE ( 'NONE', *, *, #4546, .T. ) ;
#3876 = LINE ( 'NONE', #3778, #4685 ) ;
#3877 = VECTOR ( 'NONE', #3931, 1000.000000000000000 ) ;
#3878 = CARTESIAN_POINT ( 'NONE',  ( -2.600000000000000500, -4.500000000000001800, -3.850000000000002800 ) ) ;
#3879 = CARTESIAN_POINT ( 'NONE',  ( -0.7499999999999988900, -3.650000000000000400, -0.3999999999999997400 ) ) ;
#3880 = FACE_OUTER_BOUND ( 'NONE', #2336, .T. ) ;
#3881 = CARTESIAN_POINT ( 'NONE',  ( -9.249999999999998200, -2.100000000000000100, 1.950000000000000400 ) ) ;
#3882 = AXIS2_PLACEMENT_3D ( 'NONE', #2656, #4170, #1598 ) ;
#3883 = CARTESIAN_POINT ( 'NONE',  ( -0.7499999999999997800, -2.100000000000000100, 1.950000000000000400 ) ) ;
#3884 = LINE ( 'NONE', #1170, #1796 ) ;
#3885 = EDGE_CURVE ( 'NONE', #2395, #3383, #4137, .T. ) ;
#3886 = DIRECTION ( 'NONE',  ( 0.0000000000000000000, -1.000000000000000000, 0.0000000000000000000 ) ) ;
#3887 = STYLED_ITEM ( 'NONE', ( #2449 ), #2741 ) ;
#3888 = DIRECTION ( 'NONE',  ( -1.000000000000000000, 0.0000000000000000000, -0.0000000000000000000 ) ) ;
#3889 = CARTESIAN_POINT ( 'NONE',  ( -7.599999999999999600, -4.500000000000003600, -3.850000000000002800 ) ) ;
#3890 = VECTOR ( 'NONE', #1556, 1000.000000000000000 ) ;
#3891 = STYLED_ITEM ( 'NONE', ( #839 ), #427 ) ;
#3892 = CARTESIAN_POINT ( 'NONE',  ( -9.499999999999998200, 8.673617379884033500E-016, -4.049999999999999800 ) ) ;
#3893 = CARTESIAN_POINT ( 'NONE',  ( -1.600000000000000500, -3.449999999999997100, -3.950000000000002000 ) ) ;
#3894 = FILL_AREA_STYLE_COLOUR ( '', #2570 ) ;
#3895 = DIRECTION ( 'NONE',  ( 0.0000000000000000000, -1.000000000000000000, 0.0000000000000000000 ) ) ;
#3896 =( LENGTH_UNIT ( ) NAMED_UNIT ( * ) SI_UNIT ( .MILLI., .METRE. ) );
#3897 = LINE ( 'NONE', #996, #134 ) ;
#3898 = VECTOR ( 'NONE', #1552, 1000.000000000000000 ) ;
#3899 = DIRECTION ( 'NONE',  ( 0.0000000000000000000, -1.000000000000000000, 0.0000000000000000000 ) ) ;
#3900 = DIRECTION ( 'NONE',  ( 1.668107282763335500E-031, -1.971276677246371500E-016, -1.000000000000000000 ) ) ;
#3901 = ORIENTED_EDGE ( 'NONE', *, *, #850, .F. ) ;
#3902 = VERTEX_POINT ( 'NONE', #2126 ) ;
#3903 = STYLED_ITEM ( 'NONE', ( #3113 ), #3404 ) ;
#3904 = CARTESIAN_POINT ( 'NONE',  ( -9.499999999999996400, -4.400000000000005700, -0.2999999999999999300 ) ) ;
#3905 = EDGE_LOOP ( 'NONE', ( #640, #2967, #2816, #3176 ) ) ;
#3906 =( NAMED_UNIT ( * ) SI_UNIT ( $, .STERADIAN. ) SOLID_ANGLE_UNIT ( ) );
#3907 = ORIENTED_EDGE ( 'NONE', *, *, #4274, .F. ) ;
#3908 = ORIENTED_EDGE ( 'NONE', *, *, #1963, .F. ) ;
#3909 = VECTOR ( 'NONE', #2492, 1000.000000000000000 ) ;
#3910 = EDGE_CURVE ( 'NONE', #321, #745, #3670, .T. ) ;
#3911 = VERTEX_POINT ( 'NONE', #2540 ) ;
#3912 = VERTEX_POINT ( 'NONE', #3949 ) ;
#3913 = CARTESIAN_POINT ( 'NONE',  ( -1.600000000000000500, -4.200000000000000200, -4.050000000000002500 ) ) ;
#3914 = ORIENTED_EDGE ( 'NONE', *, *, #844, .T. ) ;
#3915 = EDGE_CURVE ( 'NONE', #548, #526, #2807, .T. ) ;
#3916 = AXIS2_PLACEMENT_3D ( 'NONE', #3248, #3533, #679 ) ;
#3917 = CARTESIAN_POINT ( 'NONE',  ( -1.174999999999998900, -2.100000000000000100, -2.600000000000000100 ) ) ;
#3918 = DIRECTION ( 'NONE',  ( 0.0000000000000000000, 0.7071067811865490200, 0.7071067811865460200 ) ) ;
#3919 = FACE_OUTER_BOUND ( 'NONE', #1673, .T. ) ;
#3920 = ORIENTED_EDGE ( 'NONE', *, *, #4040, .T. ) ;
#3921 = CARTESIAN_POINT ( 'NONE',  ( -3.400000000000000800, -4.400000000000000400, -4.050000000000002500 ) ) ;
#3922 = CARTESIAN_POINT ( 'NONE',  ( -0.6999999999999998400, -2.100000000000000100, -2.600000000000000100 ) ) ;
#3923 = VERTEX_POINT ( 'NONE', #898 ) ;
#3924 = FACE_OUTER_BOUND ( 'NONE', #4374, .T. ) ;
#3925 = UNCERTAINTY_MEASURE_WITH_UNIT (LENGTH_MEASURE( 1.000000000000000100E-005 ), #1438, 'distance_accuracy_value', 'NONE');
#3926 = VERTEX_POINT ( 'NONE', #152 ) ;
#3927 = FACE_OUTER_BOUND ( 'NONE', #2993, .T. ) ;
#3928 = DIRECTION ( 'NONE',  ( 0.0000000000000000000, 0.7071067811865490200, 0.7071067811865460200 ) ) ;
#3929 = EDGE_LOOP ( 'NONE', ( #3796, #1703, #1629, #1078, #1086, #453 ) ) ;
#3930 = CARTESIAN_POINT ( 'NONE',  ( -9.700000000000002800, -2.100000000000000100, -1.799999999999999600 ) ) ;
#3931 = DIRECTION ( 'NONE',  ( -0.0000000000000000000, -0.0000000000000000000, 1.000000000000000000 ) ) ;
#3932 = ORIENTED_EDGE ( 'NONE', *, *, #1799, .T. ) ;
#3933 = VECTOR ( 'NONE', #2214, 1000.000000000000000 ) ;
#3934 = CARTESIAN_POINT ( 'NONE',  ( -8.825000000000001100, -2.100000000000000100, -4.173411897755954700 ) ) ;
#3935 = EDGE_CURVE ( 'NONE', #3987, #904, #137, .T. ) ;
#3936 = VERTEX_POINT ( 'NONE', #867 ) ;
#3937 = SURFACE_STYLE_FILL_AREA ( #789 ) ;
#3938 = CARTESIAN_POINT ( 'NONE',  ( -0.5000000000000000000, -2.250000000000000000, -4.049999999999999800 ) ) ;
#3939 = SURFACE_SIDE_STYLE ('',( #1819 ) ) ;
#3940 = EDGE_CURVE ( 'NONE', #756, #3912, #4086, .T. ) ;
#3941 = CARTESIAN_POINT ( 'NONE',  ( -2.600000000000000500, -4.200000000000001100, -4.050000000000002500 ) ) ;
#3942 = STYLED_ITEM ( 'NONE', ( #1003 ), #3752 ) ;
#3943 = FACE_OUTER_BOUND ( 'NONE', #4240, .T. ) ;
#3944 = EDGE_CURVE ( 'NONE', #2622, #2776, #956, .T. ) ;
#3945 = CARTESIAN_POINT ( 'NONE',  ( -10.00000000000000000, 8.673617379884033500E-016, 1.950000000000000400 ) ) ;
#3946 =( GEOMETRIC_REPRESENTATION_CONTEXT ( 3 ) GLOBAL_UNCERTAINTY_ASSIGNED_CONTEXT ( ( #2873 ) ) GLOBAL_UNIT_ASSIGNED_CONTEXT ( ( #3447, #1309, #1702 ) ) REPRESENTATION_CONTEXT ( 'NONE', 'WORKASPACE' ) );
#3947 = CARTESIAN_POINT ( 'NONE',  ( -9.250000000000000000, -4.000000000000000000, 1.950000000000000400 ) ) ;
#3948 = EDGE_CURVE ( 'NONE', #2809, #675, #4717, .T. ) ;
#3949 = CARTESIAN_POINT ( 'NONE',  ( -0.5000000000000000000, -2.326752072262516500E-016, -2.149999999999999900 ) ) ;
#3950 = VECTOR ( 'NONE', #216, 1000.000000000000000 ) ;
#3951 = LINE ( 'NONE', #230, #1507 ) ;
#3952 = CARTESIAN_POINT ( 'NONE',  ( -3.400000000000000800, -4.400000000000000400, -3.950000000000002000 ) ) ;
#3953 = EDGE_CURVE ( 'NONE', #1299, #2279, #197, .T. ) ;
#3954 = SURFACE_SIDE_STYLE ('',( #4557 ) ) ;
#3955 = LINE ( 'NONE', #3493, #2475 ) ;
#3956 = VECTOR ( 'NONE', #2892, 1000.000000000000000 ) ;
#3957 =( GEOMETRIC_REPRESENTATION_CONTEXT ( 3 ) GLOBAL_UNCERTAINTY_ASSIGNED_CONTEXT ( ( #274 ) ) GLOBAL_UNIT_ASSIGNED_CONTEXT ( ( #3747, #3367, #1600 ) ) REPRESENTATION_CONTEXT ( 'NONE', 'WORKASPACE' ) );
#3958 = ORIENTED_EDGE ( 'NONE', *, *, #610, .F. ) ;
#3959 = PLANE ( 'NONE',  #2375 ) ;
#3960 = CARTESIAN_POINT ( 'NONE',  ( -7.224999999999998800, -1.800000000000000700, -0.04999999999999969700 ) ) ;
#3961 = CARTESIAN_POINT ( 'NONE',  ( -0.5000000000000000000, -3.750000000000000900, 1.950000000000000400 ) ) ;
#3962 = DIRECTION ( 'NONE',  ( 0.0000000000000000000, 0.0000000000000000000, 1.000000000000000000 ) ) ;
#3963 = EDGE_LOOP ( 'NONE', ( #1666, #4091, #1757, #4497, #4604, #1524, #1788, #1211, #1018, #412, #1423, #3932 ) ) ;
#3964 = SURFACE_STYLE_FILL_AREA ( #3034 ) ;
#3965 = ORIENTED_EDGE ( 'NONE', *, *, #247, .T. ) ;
#3966 = CARTESIAN_POINT ( 'NONE',  ( 0.0000000000000000000, 0.0000000000000000000, -1.799999999999999600 ) ) ;
#3967 = VERTEX_POINT ( 'NONE', #4146 ) ;
#3968 = ORIENTED_EDGE ( 'NONE', *, *, #1567, .F. ) ;
#3969 = EDGE_LOOP ( 'NONE', ( #2283, #2057, #552, #1430 ) ) ;
#3970 = FACE_OUTER_BOUND ( 'NONE', #927, .T. ) ;
#3971 = DIRECTION ( 'NONE',  ( 1.000000000000000000, -0.0000000000000000000, 0.0000000000000000000 ) ) ;
#3972 = VERTEX_POINT ( 'NONE', #1236 ) ;
#3973 = DIRECTION ( 'NONE',  ( 0.0000000000000000000, 0.0000000000000000000, -1.000000000000000000 ) ) ;
#3974 = ORIENTED_EDGE ( 'NONE', *, *, #195, .T. ) ;
#3975 = SURFACE_STYLE_USAGE ( .BOTH. , #2584 ) ;
#3976 = LINE ( 'NONE', #5, #3685 ) ;
#3977 = CARTESIAN_POINT ( 'NONE',  ( -2.400000000000000800, -4.500000000000001800, -4.850000000000002300 ) ) ;
#3978 = DIRECTION ( 'NONE',  ( 1.000000000000000000, 0.0000000000000000000, 0.0000000000000000000 ) ) ;
#3979 = PRESENTATION_LAYER_ASSIGNMENT (  '', '', ( #1633 ) ) ;
#3980 = EDGE_CURVE ( 'NONE', #2227, #4569, #1007, .T. ) ;
#3981 =( NAMED_UNIT ( * ) SI_UNIT ( $, .STERADIAN. ) SOLID_ANGLE_UNIT ( ) );
#3982 = PRESENTATION_LAYER_ASSIGNMENT (  '', '', ( #2145 ) ) ;
#3983 = VECTOR ( 'NONE', #1006, 1000.000000000000100 ) ;
#3984 = DIRECTION ( 'NONE',  ( 0.0000000000000000000, 0.0000000000000000000, 1.000000000000000000 ) ) ;
#3985 = ORIENTED_EDGE ( 'NONE', *, *, #2966, .F. ) ;
#3986 = CARTESIAN_POINT ( 'NONE',  ( -0.2999999999999989300, -1.300000000000000500, -1.799999999999999600 ) ) ;
#3987 = VERTEX_POINT ( 'NONE', #136 ) ;
#3988 = LINE ( 'NONE', #3242, #3506 ) ;
#3989 = STYLED_ITEM ( 'NONE', ( #2209 ), #871 ) ;
#3990 = ORIENTED_EDGE ( 'NONE', *, *, #1836, .F. ) ;
#3991 = CARTESIAN_POINT ( 'NONE',  ( -9.699999999999997500, -4.500000000000004400, 1.940000000000000600 ) ) ;
#3992 = LINE ( 'NONE', #3199, #1492 ) ;
#3993 = EDGE_LOOP ( 'NONE', ( #2763, #3583, #4028, #2111 ) ) ;
#3994 = VECTOR ( 'NONE', #764, 1000.000000000000000 ) ;
#3995 =( NAMED_UNIT ( * ) SI_UNIT ( $, .STERADIAN. ) SOLID_ANGLE_UNIT ( ) );
#3996 = DIRECTION ( 'NONE',  ( -1.000000000000000000, -8.462065736472234800E-016, -0.0000000000000000000 ) ) ;
#3997 = EDGE_LOOP ( 'NONE', ( #2615, #1470, #2568, #2460, #443, #1647 ) ) ;
#3998 = CARTESIAN_POINT ( 'NONE',  ( 0.0000000000000000000, 0.0000000000000000000, -0.3999999999999997400 ) ) ;
#3999 = LINE ( 'NONE', #4720, #3645 ) ;
#4000 = VERTEX_POINT ( 'NONE', #4504 ) ;
#4001 = PLANE ( 'NONE',  #4275 ) ;
#4002 = SURFACE_SIDE_STYLE ('',( #225 ) ) ;
#4003 = CARTESIAN_POINT ( 'NONE',  ( -6.599999999999999600, -4.500000000000003600, -3.850000000000002800 ) ) ;
#4004 =( LENGTH_UNIT ( ) NAMED_UNIT ( * ) SI_UNIT ( .MILLI., .METRE. ) );
#4005 = DIRECTION ( 'NONE',  ( 0.0000000000000000000, 1.000000000000000000, 0.0000000000000000000 ) ) ;
#4006 = EDGE_CURVE ( 'NONE', #2200, #2443, #2044, .T. ) ;
#4007 = CARTESIAN_POINT ( 'NONE',  ( -8.600000000000001400, -4.200000000000003700, -4.850000000000002300 ) ) ;
#4008 = SURFACE_STYLE_USAGE ( .BOTH. , #1129 ) ;
#4009 = VECTOR ( 'NONE', #2350, 1000.000000000000000 ) ;
#4010 = CARTESIAN_POINT ( 'NONE',  ( -0.5000000000000000000, -3.750000000000000900, 1.950000000000000400 ) ) ;
#4011 = EDGE_CURVE ( 'NONE', #511, #2129, #2273, .T. ) ;
#4012 = VECTOR ( 'NONE', #1310, 1000.000000000000000 ) ;
#4013 = FACE_OUTER_BOUND ( 'NONE', #3905, .T. ) ;
#4014 = MECHANICAL_DESIGN_GEOMETRIC_PRESENTATION_REPRESENTATION (  '', ( #4087 ), #4363 ) ;
#4015 = LINE ( 'NONE', #2301, #2219 ) ;
#4016 = ADVANCED_FACE ( 'NONE', ( #3729 ), #538, .T. ) ;
#4017 = UNCERTAINTY_MEASURE_WITH_UNIT (LENGTH_MEASURE( 1.000000000000000100E-005 ), #1903, 'distance_accuracy_value', 'NONE');
#4018 = LINE ( 'NONE', #681, #2541 ) ;
#4019 = PRESENTATION_STYLE_ASSIGNMENT (( #141 ) ) ;
#4020 =( NAMED_UNIT ( * ) SI_UNIT ( $, .STERADIAN. ) SOLID_ANGLE_UNIT ( ) );
#4021 = ORIENTED_EDGE ( 'NONE', *, *, #1022, .T. ) ;
#4022 = DIRECTION ( 'NONE',  ( 0.0000000000000000000, 1.000000000000000000, -1.057758217059031200E-016 ) ) ;
#4023 =( GEOMETRIC_REPRESENTATION_CONTEXT ( 3 ) GLOBAL_UNCERTAINTY_ASSIGNED_CONTEXT ( ( #2534 ) ) GLOBAL_UNIT_ASSIGNED_CONTEXT ( ( #738, #315, #1448 ) ) REPRESENTATION_CONTEXT ( 'NONE', 'WORKASPACE' ) );
#4024 = PLANE ( 'NONE',  #428 ) ;
#4025 =( LENGTH_UNIT ( ) NAMED_UNIT ( * ) SI_UNIT ( .MILLI., .METRE. ) );
#4026 = DIRECTION ( 'NONE',  ( 0.0000000000000000000, 0.0000000000000000000, 1.000000000000000000 ) ) ;
#4027 = DIRECTION ( 'NONE',  ( 0.0000000000000000000, 0.7071067811865460200, -0.7071067811865490200 ) ) ;
#4028 = ORIENTED_EDGE ( 'NONE', *, *, #3980, .F. ) ;
#4029 = DIRECTION ( 'NONE',  ( 0.0000000000000000000, 0.0000000000000000000, 1.000000000000000000 ) ) ;
#4030 = ORIENTED_EDGE ( 'NONE', *, *, #41, .F. ) ;
#4031 = ORIENTED_EDGE ( 'NONE', *, *, #4070, .F. ) ;
#4032 = VERTEX_POINT ( 'NONE', #3758 ) ;
#4033 = LINE ( 'NONE', #2164, #4093 ) ;
#4034 = ORIENTED_EDGE ( 'NONE', *, *, #1429, .T. ) ;
#4035 = EDGE_CURVE ( 'NONE', #3160, #2176, #3274, .T. ) ;
#4036 = VERTEX_POINT ( 'NONE', #3977 ) ;
#4037 = PLANE ( 'NONE',  #1126 ) ;
#4038 = CARTESIAN_POINT ( 'NONE',  ( 0.0000000000000000000, -4.400000000000000400, -4.050000000000002500 ) ) ;
#4039 = VECTOR ( 'NONE', #209, 1000.000000000000100 ) ;
#4040 = EDGE_CURVE ( 'NONE', #4314, #2654, #84, .T. ) ;
#4041 = AXIS2_PLACEMENT_3D ( 'NONE', #3655, #407, #4407 ) ;
#4042 = CARTESIAN_POINT ( 'NONE',  ( -3.749999999999999600, -1.349999999999999000, -1.800000000000000000 ) ) ;
#4043 = SURFACE_SIDE_STYLE ('',( #1177 ) ) ;
#4044 =( NAMED_UNIT ( * ) PLANE_ANGLE_UNIT ( ) SI_UNIT ( $, .RADIAN. ) );
#4045 = ADVANCED_FACE ( 'NONE', ( #2754 ), #4353, .F. ) ;
#4046 = VECTOR ( 'NONE', #1106, 1000.000000000000000 ) ;
#4047 = ORIENTED_EDGE ( 'NONE', *, *, #727, .T. ) ;
#4048 = EDGE_CURVE ( 'NONE', #4654, #511, #1289, .T. ) ;
#4049 = ORIENTED_EDGE ( 'NONE', *, *, #3500, .T. ) ;
#4050 = FACE_OUTER_BOUND ( 'NONE', #4223, .T. ) ;
#4051 = VECTOR ( 'NONE', #409, 1000.000000000000000 ) ;
#4052 = VECTOR ( 'NONE', #1260, 1000.000000000000000 ) ;
#4053 = VECTOR ( 'NONE', #1223, 1000.000000000000000 ) ;
#4054 = DIRECTION ( 'NONE',  ( 3.262076464070523000E-031, -3.854941057726238100E-016, -1.000000000000000000 ) ) ;
#4055 = AXIS2_PLACEMENT_3D ( 'NONE', #4722, #3618, #4336 ) ;
#4056 = VERTEX_POINT ( 'NONE', #1811 ) ;
#4057 = FILL_AREA_STYLE_COLOUR ( '', #3592 ) ;
#4058 = LINE ( 'NONE', #1797, #3196 ) ;
#4059 = ORIENTED_EDGE ( 'NONE', *, *, #3114, .T. ) ;
#4060 = CARTESIAN_POINT ( 'NONE',  ( -1.400000000000000400, -4.200000000000000200, -3.950000000000002000 ) ) ;
#4061 = CARTESIAN_POINT ( 'NONE',  ( -8.825000000000001100, -0.6000000000000009800, 1.950000000000000400 ) ) ;
#4062 = FACE_OUTER_BOUND ( 'NONE', #4388, .T. ) ;
#4063 = CARTESIAN_POINT ( 'NONE',  ( -3.400000000000000800, -4.200000000000001100, -3.950000000000002000 ) ) ;
#4064 = DIRECTION ( 'NONE',  ( 8.462065736472233800E-016, -1.000000000000000000, 1.057758217059031100E-016 ) ) ;
#4065 = PRESENTATION_STYLE_ASSIGNMENT (( #2385 ) ) ;
#4066 = CARTESIAN_POINT ( 'NONE',  ( -1.400000000000000400, -4.500000000000000900, -4.850000000000002300 ) ) ;
#4067 = ADVANCED_FACE ( 'NONE', ( #79 ), #4371, .T. ) ;
#4068 = VECTOR ( 'NONE', #1244, 1000.000000000000000 ) ;
#4069 = AXIS2_PLACEMENT_3D ( 'NONE', #2795, #2425, #984 ) ;
#4070 = EDGE_CURVE ( 'NONE', #3611, #3298, #2370, .T. ) ;
#4071 = LINE ( 'NONE', #3612, #377 ) ;
#4072 = AXIS2_PLACEMENT_3D ( 'NONE', #3488, #4627, #3829 ) ;
#4073 = FILL_AREA_STYLE_COLOUR ( '', #823 ) ;
#4074 = EDGE_CURVE ( 'NONE', #731, #4349, #4660, .T. ) ;
#4075 = PLANE ( 'NONE',  #4297 ) ;
#4076 = DIRECTION ( 'NONE',  ( 1.000000000000000000, -0.0000000000000000000, -0.0000000000000000000 ) ) ;
#4077 = AXIS2_PLACEMENT_3D ( 'NONE', #2915, #3639, #2140 ) ;
#4078 = VECTOR ( 'NONE', #2792, 1000.000000000000000 ) ;
#4079 = VECTOR ( 'NONE', #3308, 1000.000000000000000 ) ;
#4080 = EDGE_LOOP ( 'NONE', ( #3875, #324, #3303, #3110, #755, #2382 ) ) ;
#4081 = COLOUR_RGB ( '',0.7529411764705882200, 0.7529411764705882200, 0.7529411764705882200 ) ;
#4082 = VECTOR ( 'NONE', #569, 1000.000000000000000 ) ;
#4083 = CARTESIAN_POINT ( 'NONE',  ( -10.00000000000000000, 8.673617379884033500E-016, 1.950000000000000400 ) ) ;
#4084 = DIRECTION ( 'NONE',  ( 0.0000000000000000000, 1.000000000000000000, 0.0000000000000000000 ) ) ;
#4085 = UNCERTAINTY_MEASURE_WITH_UNIT (LENGTH_MEASURE( 1.000000000000000100E-005 ), #4341, 'distance_accuracy_value', 'NONE');
#4086 = LINE ( 'NONE', #1594, #1935 ) ;
#4087 = STYLED_ITEM ( 'NONE', ( #1912 ), #2269 ) ;
#4088 = ORIENTED_EDGE ( 'NONE', *, *, #1361, .T. ) ;
#4089 = SURFACE_SIDE_STYLE ('',( #3937 ) ) ;
#4090 = ORIENTED_EDGE ( 'NONE', *, *, #4324, .F. ) ;
#4091 = ORIENTED_EDGE ( 'NONE', *, *, #4729, .T. ) ;
#4092 = EDGE_LOOP ( 'NONE', ( #1213, #3286, #890, #3672 ) ) ;
#4093 = VECTOR ( 'NONE', #1109, 1000.000000000000000 ) ;
#4094 = DIRECTION ( 'NONE',  ( 1.000000000000000000, 0.0000000000000000000, -0.0000000000000000000 ) ) ;
#4095 = DIRECTION ( 'NONE',  ( 5.981805089575192300E-016, -1.000000000000000000, 0.0000000000000000000 ) ) ;
#4096 = DIRECTION ( 'NONE',  ( 0.0000000000000000000, 0.0000000000000000000, 1.000000000000000000 ) ) ;
#4097 = VERTEX_POINT ( 'NONE', #2548 ) ;
#4098 = ADVANCED_FACE ( 'NONE', ( #2864 ), #1704, .T. ) ;
#4099 = SURFACE_STYLE_FILL_AREA ( #2925 ) ;
#4100 = DIRECTION ( 'NONE',  ( 0.0000000000000000000, 0.0000000000000000000, 1.000000000000000000 ) ) ;
#4101 = EDGE_CURVE ( 'NONE', #2440, #1607, #3323, .T. ) ;
#4102 = VECTOR ( 'NONE', #2245, 1000.000000000000000 ) ;
#4103 = EDGE_LOOP ( 'NONE', ( #1901, #2886, #1854, #3324, #865, #1091 ) ) ;
#4104 = VERTEX_POINT ( 'NONE', #1338 ) ;
#4105 = DIRECTION ( 'NONE',  ( 0.0000000000000000000, 0.0000000000000000000, 1.000000000000000000 ) ) ;
#4106 = EDGE_CURVE ( 'NONE', #1747, #3333, #3544, .T. ) ;
#4107 = PRESENTATION_LAYER_ASSIGNMENT (  '', '', ( #1243 ) ) ;
#4108 = CARTESIAN_POINT ( 'NONE',  ( -0.5000000000000000000, -2.450000000000000600, 1.300000000000000300 ) ) ;
#4109 = CARTESIAN_POINT ( 'NONE',  ( -7.400000000000000400, -4.400000000000000400, -3.750000000000000400 ) ) ;
#4110 = ORIENTED_EDGE ( 'NONE', *, *, #3862, .T. ) ;
#4111 = EDGE_CURVE ( 'NONE', #4654, #2136, #4544, .T. ) ;
#4112 = VERTEX_POINT ( 'NONE', #3619 ) ;
#4113 = COLOUR_RGB ( '',0.0000000000000000000, 0.0000000000000000000, 0.6274509803921568500 ) ;
#4114 = STYLED_ITEM ( 'NONE', ( #2729 ), #2334 ) ;
#4115 = EDGE_LOOP ( 'NONE', ( #3454, #3637, #481, #1306 ) ) ;
#4116 = DIRECTION ( 'NONE',  ( 1.000000000000000000, 0.0000000000000000000, 0.0000000000000000000 ) ) ;
#4117 = CARTESIAN_POINT ( 'NONE',  ( -9.499999999999996400, -3.750000000000004400, 1.950000000000000400 ) ) ;
#4118 = VECTOR ( 'NONE', #325, 1000.000000000000000 ) ;
#4119 = LINE ( 'NONE', #2152, #981 ) ;
#4120 = EDGE_LOOP ( 'NONE', ( #40, #1580, #3817, #4403 ) ) ;
#4121 = ADVANCED_FACE ( 'NONE', ( #2984 ), #2433, .T. ) ;
#4122 = PLANE ( 'NONE',  #3148 ) ;
#4123 = PRESENTATION_LAYER_ASSIGNMENT (  '', '', ( #3989 ) ) ;
#4124 = LINE ( 'NONE', #771, #3826 ) ;
#4125 = CARTESIAN_POINT ( 'NONE',  ( -0.5000000000000000000, -2.450000000000004600, 1.940000000000000400 ) ) ;
#4126 = CARTESIAN_POINT ( 'NONE',  ( -6.400000000000000400, -4.500000000000003600, -4.850000000000002300 ) ) ;
#4127 = FILL_AREA_STYLE ('',( #476 ) ) ;
#4128 = CARTESIAN_POINT ( 'NONE',  ( -2.775000000000001200, -1.950000000000000800, 1.950000000000000400 ) ) ;
#4129 = DIRECTION ( 'NONE',  ( -1.000000000000000000, 0.0000000000000000000, 0.0000000000000000000 ) ) ;
#4130 = EDGE_CURVE ( 'NONE', #1786, #208, #2154, .T. ) ;
#4131 = SURFACE_STYLE_FILL_AREA ( #549 ) ;
#4132 = FILL_AREA_STYLE_COLOUR ( '', #714 ) ;
#4133 = EDGE_CURVE ( 'NONE', #3467, #3911, #442, .T. ) ;
#4134 = DIRECTION ( 'NONE',  ( 1.000000000000000000, -0.0000000000000000000, -0.0000000000000000000 ) ) ;
#4135 = CARTESIAN_POINT ( 'NONE',  ( -9.499999999999998200, -2.450000000000004200, 1.940000000000000400 ) ) ;
#4136 = LINE ( 'NONE', #178, #312 ) ;
#4137 = LINE ( 'NONE', #979, #614 ) ;
#4138 = EDGE_CURVE ( 'NONE', #3239, #169, #2596, .T. ) ;
#4139 = DIRECTION ( 'NONE',  ( -0.0000000000000000000, 0.0000000000000000000, 1.000000000000000000 ) ) ;
#4140 = ORIENTED_EDGE ( 'NONE', *, *, #4182, .F. ) ;
#4141 = CARTESIAN_POINT ( 'NONE',  ( -0.5000000000000000000, -3.750000000000000900, -0.2999999999999999300 ) ) ;
#4142 = ADVANCED_FACE ( 'NONE', ( #2487 ), #817, .F. ) ;
#4143 = EDGE_LOOP ( 'NONE', ( #3703, #2731, #2551, #1468 ) ) ;
#4144 = ORIENTED_EDGE ( 'NONE', *, *, #3421, .T. ) ;
#4145 =( NAMED_UNIT ( * ) SI_UNIT ( $, .STERADIAN. ) SOLID_ANGLE_UNIT ( ) );
#4146 = CARTESIAN_POINT ( 'NONE',  ( -6.249999999999999100, -1.800000000000000700, -0.6099999999999999900 ) ) ;
#4147 = MECHANICAL_DESIGN_GEOMETRIC_PRESENTATION_REPRESENTATION (  '', ( #2211 ), #329 ) ;
#4148 = ORIENTED_EDGE ( 'NONE', *, *, #971, .F. ) ;
#4149 = DIRECTION ( 'NONE',  ( 8.462065736472234800E-016, -1.000000000000000000, 6.672013369141566200E-016 ) ) ;
#4150 = FILL_AREA_STYLE_COLOUR ( '', #1380 ) ;
#4151 = LINE ( 'NONE', #698, #4446 ) ;
#4152 = ORIENTED_EDGE ( 'NONE', *, *, #4447, .T. ) ;
#4153 = EDGE_LOOP ( 'NONE', ( #2789, #2674, #143, #2313 ) ) ;
#4154 = ORIENTED_EDGE ( 'NONE', *, *, #4074, .F. ) ;
#4155 = DIRECTION ( 'NONE',  ( -0.0000000000000000000, -0.0000000000000000000, 1.000000000000000000 ) ) ;
#4156 = VECTOR ( 'NONE', #405, 1000.000000000000000 ) ;
#4157 = DIRECTION ( 'NONE',  ( 0.0000000000000000000, 0.0000000000000000000, -1.000000000000000000 ) ) ;
#4158 =( NAMED_UNIT ( * ) SI_UNIT ( $, .STERADIAN. ) SOLID_ANGLE_UNIT ( ) );
#4159 = ORIENTED_EDGE ( 'NONE', *, *, #195, .F. ) ;
#4160 = FILL_AREA_STYLE ('',( #2377 ) ) ;
#4161 = LINE ( 'NONE', #602, #2242 ) ;
#4162 = CARTESIAN_POINT ( 'NONE',  ( -10.00000000000000000, 8.673617379884033500E-016, 1.950000000000000400 ) ) ;
#4163 = DIRECTION ( 'NONE',  ( 0.0000000000000000000, -1.822188525185721700E-016, 1.000000000000000000 ) ) ;
#4164 = PRESENTATION_LAYER_ASSIGNMENT (  '', '', ( #2450 ) ) ;
#4165 = VERTEX_POINT ( 'NONE', #1526 ) ;
#4166 = EDGE_LOOP ( 'NONE', ( #3614, #4675, #3345, #2781, #3108 ) ) ;
#4167 = ADVANCED_FACE ( 'NONE', ( #1067 ), #2569, .F. ) ;
#4168 = ORIENTED_EDGE ( 'NONE', *, *, #2975, .T. ) ;
#4169 = SURFACE_STYLE_FILL_AREA ( #4127 ) ;
#4170 = DIRECTION ( 'NONE',  ( 0.0000000000000000000, -1.000000000000000000, -0.0000000000000000000 ) ) ;
#4171 = DIRECTION ( 'NONE',  ( -1.000000000000000000, 0.0000000000000000000, -0.0000000000000000000 ) ) ;
#4172 = LINE ( 'NONE', #3683, #3643 ) ;
#4173 = EDGE_CURVE ( 'NONE', #1140, #3652, #556, .T. ) ;
#4174 = SURFACE_STYLE_FILL_AREA ( #2184 ) ;
#4175 = UNCERTAINTY_MEASURE_WITH_UNIT (LENGTH_MEASURE( 1.000000000000000100E-005 ), #1946, 'distance_accuracy_value', 'NONE');
#4176 = DIRECTION ( 'NONE',  ( -0.0000000000000000000, 1.000000000000000000, -1.057758217059030800E-016 ) ) ;
#4177 =( LENGTH_UNIT ( ) NAMED_UNIT ( * ) SI_UNIT ( .MILLI., .METRE. ) );
#4178 = ORIENTED_EDGE ( 'NONE', *, *, #1963, .T. ) ;
#4179 = DIRECTION ( 'NONE',  ( 0.0000000000000000000, 1.000000000000000000, 0.0000000000000000000 ) ) ;
#4180 = DIRECTION ( 'NONE',  ( 0.0000000000000000000, 0.0000000000000000000, -1.000000000000000000 ) ) ;
#4181 = ORIENTED_EDGE ( 'NONE', *, *, #4539, .T. ) ;
#4182 = EDGE_CURVE ( 'NONE', #675, #4338, #1928, .T. ) ;
#4183 =( NAMED_UNIT ( * ) PLANE_ANGLE_UNIT ( ) SI_UNIT ( $, .RADIAN. ) );
#4184 = PRESENTATION_LAYER_ASSIGNMENT (  '', '', ( #4114 ) ) ;
#4185 = CARTESIAN_POINT ( 'NONE',  ( -0.3000000000000000400, -4.500000000000000900, 1.940000000000000600 ) ) ;
#4186 = DIRECTION ( 'NONE',  ( -1.000000000000000000, 0.0000000000000000000, -0.0000000000000000000 ) ) ;
#4187 = CARTESIAN_POINT ( 'NONE',  ( -3.750000000000000000, -1.800000000000000300, -1.800000000000000000 ) ) ;
#4188 = CARTESIAN_POINT ( 'NONE',  ( -0.7499999999999997800, -3.649999999999999900, -2.600000000000000100 ) ) ;
#4189 = CARTESIAN_POINT ( 'NONE',  ( -2.400000000000000800, -4.200000000000001100, -4.050000000000002500 ) ) ;
#4190 = DIRECTION ( 'NONE',  ( 0.0000000000000000000, 0.0000000000000000000, -1.000000000000000000 ) ) ;
#4191 = ADVANCED_FACE ( 'NONE', ( #2376 ), #4075, .F. ) ;
#4192 = CARTESIAN_POINT ( 'NONE',  ( -1.600000000000000500, -4.200000000000000200, -4.850000000000002300 ) ) ;
#4193 = VECTOR ( 'NONE', #3449, 1000.000000000000000 ) ;
#4194 = EDGE_CURVE ( 'NONE', #1786, #3401, #776, .T. ) ;
#4195 =( LENGTH_UNIT ( ) NAMED_UNIT ( * ) SI_UNIT ( .MILLI., .METRE. ) );
#4196 = LINE ( 'NONE', #259, #3209 ) ;
#4197 = EDGE_CURVE ( 'NONE', #2870, #3267, #1401, .T. ) ;
#4198 =( GEOMETRIC_REPRESENTATION_CONTEXT ( 3 ) GLOBAL_UNCERTAINTY_ASSIGNED_CONTEXT ( ( #3197 ) ) GLOBAL_UNIT_ASSIGNED_CONTEXT ( ( #3018, #1561, #2628 ) ) REPRESENTATION_CONTEXT ( 'NONE', 'WORKASPACE' ) );
#4199 = DIRECTION ( 'NONE',  ( 0.0000000000000000000, 0.7071067811865490200, 0.7071067811865460200 ) ) ;
#4200 = ORIENTED_EDGE ( 'NONE', *, *, #1606, .F. ) ;
#4201 = ORIENTED_EDGE ( 'NONE', *, *, #1131, .F. ) ;
#4202 = CARTESIAN_POINT ( 'NONE',  ( -2.774999999999999500, -1.800000000000000700, -0.04999999999999969700 ) ) ;
#4203 = EDGE_CURVE ( 'NONE', #4206, #4579, #3214, .T. ) ;
#4204 = PRESENTATION_LAYER_ASSIGNMENT (  '', '', ( #3446 ) ) ;
#4205 =( NAMED_UNIT ( * ) SI_UNIT ( $, .STERADIAN. ) SOLID_ANGLE_UNIT ( ) );
#4206 = VERTEX_POINT ( 'NONE', #4452 ) ;
#4207 = PLANE ( 'NONE',  #3859 ) ;
#4208 = VERTEX_POINT ( 'NONE', #1877 ) ;
#4209 = EDGE_CURVE ( 'NONE', #320, #3936, #1741, .T. ) ;
#4210 = ORIENTED_EDGE ( 'NONE', *, *, #4209, .T. ) ;
#4211 = VERTEX_POINT ( 'NONE', #1161 ) ;
#4212 = LINE ( 'NONE', #3572, #3496 ) ;
#4213 = SURFACE_STYLE_USAGE ( .BOTH. , #3466 ) ;
#4214 =( LENGTH_UNIT ( ) NAMED_UNIT ( * ) SI_UNIT ( .MILLI., .METRE. ) );
#4215 = ORIENTED_EDGE ( 'NONE', *, *, #952, .T. ) ;
#4216 = EDGE_CURVE ( 'NONE', #1409, #1949, #4548, .T. ) ;
#4217 = DIRECTION ( 'NONE',  ( 0.0000000000000000000, 0.0000000000000000000, -1.000000000000000000 ) ) ;
#4218 = ORIENTED_EDGE ( 'NONE', *, *, #837, .F. ) ;
#4219 = SURFACE_STYLE_FILL_AREA ( #4631 ) ;
#4220 = ADVANCED_FACE ( 'NONE', ( #3435 ), #2275, .F. ) ;
#4221 = DIRECTION ( 'NONE',  ( 0.0000000000000000000, 0.0000000000000000000, -1.000000000000000000 ) ) ;
#4222 = LINE ( 'NONE', #2447, #577 ) ;
#4223 = EDGE_LOOP ( 'NONE', ( #3388, #3079, #360, #4144 ) ) ;
#4224 =( LENGTH_UNIT ( ) NAMED_UNIT ( * ) SI_UNIT ( .MILLI., .METRE. ) );
#4225 = ORIENTED_EDGE ( 'NONE', *, *, #2398, .T. ) ;
#4226 = DIRECTION ( 'NONE',  ( -1.000000000000000000, 0.0000000000000000000, 0.0000000000000000000 ) ) ;
#4227 = CARTESIAN_POINT ( 'NONE',  ( -3.400000000000000800, -4.500000000000001800, -4.850000000000002300 ) ) ;
#4228 = VECTOR ( 'NONE', #3815, 1000.000000000000000 ) ;
#4229 = ORIENTED_EDGE ( 'NONE', *, *, #2868, .T. ) ;
#4230 = DIRECTION ( 'NONE',  ( 0.0000000000000000000, -0.0000000000000000000, 1.000000000000000000 ) ) ;
#4231 = VECTOR ( 'NONE', #2946, 1000.000000000000000 ) ;
#4232 = CARTESIAN_POINT ( 'NONE',  ( -2.400000000000000800, -4.400000000000000400, -4.050000000000002500 ) ) ;
#4233 = AXIS2_PLACEMENT_3D ( 'NONE', #1897, #4027, #3716 ) ;
#4234 = ORIENTED_EDGE ( 'NONE', *, *, #2996, .T. ) ;
#4235 = DIRECTION ( 'NONE',  ( 3.262076464070523000E-031, -3.854941057726238100E-016, -1.000000000000000000 ) ) ;
#4236 = UNCERTAINTY_MEASURE_WITH_UNIT (LENGTH_MEASURE( 1.000000000000000100E-005 ), #332, 'distance_accuracy_value', 'NONE');
#4237 = LINE ( 'NONE', #2788, #1719 ) ;
#4238 = AXIS2_PLACEMENT_3D ( 'NONE', #2315, #3433, #4190 ) ;
#4239 = EDGE_CURVE ( 'NONE', #621, #2870, #666, .T. ) ;
#4240 = EDGE_LOOP ( 'NONE', ( #2163, #3020, #1992, #903, #1360, #3220 ) ) ;
#4241 = VECTOR ( 'NONE', #4494, 1000.000000000000000 ) ;
#4242 = PRESENTATION_LAYER_ASSIGNMENT (  '', '', ( #1637 ) ) ;
#4243 = FILL_AREA_STYLE_COLOUR ( '', #2090 ) ;
#4244 = FILL_AREA_STYLE ('',( #3107 ) ) ;
#4245 = VECTOR ( 'NONE', #3339, 1000.000000000000000 ) ;
#4246 = AXIS2_PLACEMENT_3D ( 'NONE', #2561, #3171, #2462 ) ;
#4247 = DIRECTION ( 'NONE',  ( 0.0000000000000000000, 0.0000000000000000000, 1.000000000000000000 ) ) ;
#4248 = CARTESIAN_POINT ( 'NONE',  ( -6.249999999999999100, -1.800000000000000700, -0.6099999999999999900 ) ) ;
#4249 = LINE ( 'NONE', #2083, #3201 ) ;
#4250 = CARTESIAN_POINT ( 'NONE',  ( -3.749999999999999600, -1.799999999999999400, -1.800000000000000000 ) ) ;
#4251 = SURFACE_SIDE_STYLE ('',( #591 ) ) ;
#4252 = LINE ( 'NONE', #168, #3950 ) ;
#4253 =( LENGTH_UNIT ( ) NAMED_UNIT ( * ) SI_UNIT ( .MILLI., .METRE. ) );
#4254 = CARTESIAN_POINT ( 'NONE',  ( -1.174999999999999600, -0.6000000000000009800, 1.950000000000000400 ) ) ;
#4255 = EDGE_LOOP ( 'NONE', ( #4030, #3332, #462, #4215 ) ) ;
#4256 = SURFACE_STYLE_FILL_AREA ( #2753 ) ;
#4257 = CARTESIAN_POINT ( 'NONE',  ( -6.599999999999999600, -4.200000000000002800, -3.950000000000002000 ) ) ;
#4258 = ORIENTED_EDGE ( 'NONE', *, *, #313, .T. ) ;
#4259 = VECTOR ( 'NONE', #950, 1000.000000000000000 ) ;
#4260 = VERTEX_POINT ( 'NONE', #2619 ) ;
#4261 = LINE ( 'NONE', #3777, #3275 ) ;
#4262 = CARTESIAN_POINT ( 'NONE',  ( -8.400000000000000400, -4.500000000000003600, -4.850000000000002300 ) ) ;
#4263 =( NAMED_UNIT ( * ) SI_UNIT ( $, .STERADIAN. ) SOLID_ANGLE_UNIT ( ) );
#4264 = DIRECTION ( 'NONE',  ( -0.0000000000000000000, 0.0000000000000000000, 1.000000000000000000 ) ) ;
#4265 = UNCERTAINTY_MEASURE_WITH_UNIT (LENGTH_MEASURE( 1.000000000000000100E-005 ), #3787, 'distance_accuracy_value', 'NONE');
#4266 = DIRECTION ( 'NONE',  ( -1.000000000000000000, -8.462065736472233800E-016, 0.0000000000000000000 ) ) ;
#4267 = DIRECTION ( 'NONE',  ( -1.020425574104004100E-016, 1.000000000000000000, 0.0000000000000000000 ) ) ;
#4268 = EDGE_CURVE ( 'NONE', #278, #4284, #3724, .T. ) ;
#4269 = ORIENTED_EDGE ( 'NONE', *, *, #4598, .F. ) ;
#4270 = ORIENTED_EDGE ( 'NONE', *, *, #2712, .F. ) ;
#4271 = EDGE_LOOP ( 'NONE', ( #2114, #188, #2845, #2820 ) ) ;
#4272 = ORIENTED_EDGE ( 'NONE', *, *, #3761, .T. ) ;
#4273 = FILL_AREA_STYLE_COLOUR ( '', #3420 ) ;
#4274 = EDGE_CURVE ( 'NONE', #2194, #2132, #1873, .T. ) ;
#4275 = AXIS2_PLACEMENT_3D ( 'NONE', #1165, #2597, #1856 ) ;
#4276 = DIRECTION ( 'NONE',  ( 0.0000000000000000000, -1.000000000000000000, 0.0000000000000000000 ) ) ;
#4277 = VERTEX_POINT ( 'NONE', #4061 ) ;
#4278 = PRODUCT_DEFINITION_CONTEXT ( 'detailed design', #1954, 'design' ) ;
#4279 = CARTESIAN_POINT ( 'NONE',  ( -9.499999999999996400, -4.400000000000004800, 1.950000000000000000 ) ) ;
#4280 = FACE_OUTER_BOUND ( 'NONE', #3858, .T. ) ;
#4281 = DIRECTION ( 'NONE',  ( 0.0000000000000000000, -1.000000000000000000, -0.0000000000000000000 ) ) ;
#4282 = ORIENTED_EDGE ( 'NONE', *, *, #3437, .F. ) ;
#4283 = DIRECTION ( 'NONE',  ( 0.0000000000000000000, 1.000000000000000000, 0.0000000000000000000 ) ) ;
#4284 = VERTEX_POINT ( 'NONE', #4109 ) ;
#4285 = FACE_OUTER_BOUND ( 'NONE', #3571, .T. ) ;
#4286 = CARTESIAN_POINT ( 'NONE',  ( -0.2999999999999989300, -1.300000000000000500, 1.950000000000000400 ) ) ;
#4287 = CARTESIAN_POINT ( 'NONE',  ( -9.300000000000000700, -0.6000000000000009800, -2.600000000000000100 ) ) ;
#4288 = COLOUR_RGB ( '',0.7529411764705882200, 0.7529411764705882200, 0.7529411764705882200 ) ;
#4289 = LINE ( 'NONE', #1800, #4689 ) ;
#4290 = CARTESIAN_POINT ( 'NONE',  ( -7.599999999999999600, -4.200000000000002800, -4.850000000000002300 ) ) ;
#4291 = PRESENTATION_STYLE_ASSIGNMENT (( #3330 ) ) ;
#4292 = DIRECTION ( 'NONE',  ( 0.0000000000000000000, 0.0000000000000000000, 1.000000000000000000 ) ) ;
#4293 = EDGE_CURVE ( 'NONE', #3072, #2809, #2427, .T. ) ;
#4294 = ORIENTED_EDGE ( 'NONE', *, *, #3386, .T. ) ;
#4295 = DIRECTION ( 'NONE',  ( 0.0000000000000000000, -1.000000000000000000, 0.0000000000000000000 ) ) ;
#4296 = CARTESIAN_POINT ( 'NONE',  ( -8.825000000000001100, -1.950000000000000800, -7.701470446914109800 ) ) ;
#4297 = AXIS2_PLACEMENT_3D ( 'NONE', #2234, #3668, #4095 ) ;
#4298 = DIRECTION ( 'NONE',  ( 1.000000000000000000, 0.0000000000000000000, 0.0000000000000000000 ) ) ;
#4299 = EDGE_CURVE ( 'NONE', #1140, #2215, #2935, .T. ) ;
#4300 = CARTESIAN_POINT ( 'NONE',  ( -0.3000000000000000400, -3.750000000000000900, -0.2999999999999999300 ) ) ;
#4301 = CARTESIAN_POINT ( 'NONE',  ( -4.599999999999999600, -3.449999999999998800, -3.950000000000002000 ) ) ;
#4302 = CARTESIAN_POINT ( 'NONE',  ( -8.600000000000001400, -4.200000000000003700, -4.850000000000002300 ) ) ;
#4303 = LINE ( 'NONE', #1989, #1867 ) ;
#4304 = DIRECTION ( 'NONE',  ( 0.0000000000000000000, -1.000000000000000000, 0.0000000000000000000 ) ) ;
#4305 = CARTESIAN_POINT ( 'NONE',  ( -8.400000000000000400, -4.500000000000003600, -4.850000000000002300 ) ) ;
#4306 = CARTESIAN_POINT ( 'NONE',  ( -5.400000000000000400, -4.400000000000000400, -3.750000000000001300 ) ) ;
#4307 = PRESENTATION_STYLE_ASSIGNMENT (( #535 ) ) ;
#4308 = VECTOR ( 'NONE', #1455, 1000.000000000000000 ) ;
#4309 = VECTOR ( 'NONE', #2103, 1000.000000000000000 ) ;
#4310 = VECTOR ( 'NONE', #1058, 1000.000000000000000 ) ;
#4311 = VERTEX_POINT ( 'NONE', #4126 ) ;
#4312 = LINE ( 'NONE', #2093, #611 ) ;
#4313 =( LENGTH_UNIT ( ) NAMED_UNIT ( * ) SI_UNIT ( .MILLI., .METRE. ) );
#4314 = VERTEX_POINT ( 'NONE', #86 ) ;
#4315 = CARTESIAN_POINT ( 'NONE',  ( -0.5000000000000000000, -0.6500000000000001300, -2.149999999999999900 ) ) ;
#4316 = PLANE ( 'NONE',  #226 ) ;
#4317 = EDGE_CURVE ( 'NONE', #4555, #730, #2100, .T. ) ;
#4318 = DIRECTION ( 'NONE',  ( -1.218204688185959800E-016, 1.000000000000000000, 0.0000000000000000000 ) ) ;
#4319 = ORIENTED_EDGE ( 'NONE', *, *, #4468, .T. ) ;
#4320 = VERTEX_POINT ( 'NONE', #131 ) ;
#4321 = ORIENTED_EDGE ( 'NONE', *, *, #391, .F. ) ;
#4322 = ORIENTED_EDGE ( 'NONE', *, *, #34, .F. ) ;
#4323 = VECTOR ( 'NONE', #3212, 1000.000000000000000 ) ;
#4324 = EDGE_CURVE ( 'NONE', #807, #4579, #4261, .T. ) ;
#4325 = VERTEX_POINT ( 'NONE', #1229 ) ;
#4326 = SURFACE_STYLE_USAGE ( .BOTH. , #1065 ) ;
#4327 = STYLED_ITEM ( 'NONE', ( #266 ), #3319 ) ;
#4328 = DIRECTION ( 'NONE',  ( 0.0000000000000000000, -2.710505431213761600E-016, 1.000000000000000000 ) ) ;
#4329 = DIRECTION ( 'NONE',  ( 0.0000000000000000000, -1.000000000000000000, 0.0000000000000000000 ) ) ;
#4330 = ORIENTED_EDGE ( 'NONE', *, *, #998, .F. ) ;
#4331 = LINE ( 'NONE', #317, #4453 ) ;
#4332 = VECTOR ( 'NONE', #1041, 1000.000000000000000 ) ;
#4333 = ORIENTED_EDGE ( 'NONE', *, *, #4239, .F. ) ;
#4334 = CARTESIAN_POINT ( 'NONE',  ( -7.599999999999999600, -4.200000000000002800, -4.050000000000002500 ) ) ;
#4335 = ORIENTED_EDGE ( 'NONE', *, *, #1762, .T. ) ;
#4336 = DIRECTION ( 'NONE',  ( -0.0000000000000000000, 0.0000000000000000000, 1.000000000000000000 ) ) ;
#4337 = SURFACE_STYLE_USAGE ( .BOTH. , #1081 ) ;
#4338 = VERTEX_POINT ( 'NONE', #4532 ) ;
#4339 = FACE_OUTER_BOUND ( 'NONE', #2246, .T. ) ;
#4340 = EDGE_LOOP ( 'NONE', ( #4410, #2617, #2477, #4739 ) ) ;
#4341 =( LENGTH_UNIT ( ) NAMED_UNIT ( * ) SI_UNIT ( .MILLI., .METRE. ) );
#4342 = PRESENTATION_STYLE_ASSIGNMENT (( #582 ) ) ;
#4343 = CARTESIAN_POINT ( 'NONE',  ( -6.599999999999999600, -3.449999999999999300, -4.050000000000002500 ) ) ;
#4344 = VERTEX_POINT ( 'NONE', #531 ) ;
#4345 = VECTOR ( 'NONE', #1227, 1000.000000000000000 ) ;
#4346 = FACE_OUTER_BOUND ( 'NONE', #2353, .T. ) ;
#4347 = FILL_AREA_STYLE ('',( #370 ) ) ;
#4348 = EDGE_CURVE ( 'NONE', #2000, #1432, #499, .T. ) ;
#4349 = VERTEX_POINT ( 'NONE', #3063 ) ;
#4350 =( NAMED_UNIT ( * ) SI_UNIT ( $, .STERADIAN. ) SOLID_ANGLE_UNIT ( ) );
#4351 =( LENGTH_UNIT ( ) NAMED_UNIT ( * ) SI_UNIT ( .MILLI., .METRE. ) );
#4352 = EDGE_CURVE ( 'NONE', #2405, #863, #139, .T. ) ;
#4353 = PLANE ( 'NONE',  #284 ) ;
#4354 = DIRECTION ( 'NONE',  ( 1.000000000000000000, -0.0000000000000000000, -0.0000000000000000000 ) ) ;
#4355 = VECTOR ( 'NONE', #32, 1000.000000000000000 ) ;
#4356 = PLANE ( 'NONE',  #2185 ) ;
#4357 = CARTESIAN_POINT ( 'NONE',  ( -0.6999999999999998400, -2.100000000000000100, -4.173411897755954700 ) ) ;
#4358 = DIRECTION ( 'NONE',  ( -1.000000000000000000, 0.0000000000000000000, -0.0000000000000000000 ) ) ;
#4359 = VECTOR ( 'NONE', #2127, 1000.000000000000000 ) ;
#4360 = STYLED_ITEM ( 'NONE', ( #3847 ), #47 ) ;
#4361 = CARTESIAN_POINT ( 'NONE',  ( -5.599999999999999600, -4.400000000000000400, -3.950000000000002000 ) ) ;
#4362 = CARTESIAN_POINT ( 'NONE',  ( -8.600000000000001400, -4.400000000000000400, -4.050000000000002500 ) ) ;
#4363 =( GEOMETRIC_REPRESENTATION_CONTEXT ( 3 ) GLOBAL_UNCERTAINTY_ASSIGNED_CONTEXT ( ( #2143 ) ) GLOBAL_UNIT_ASSIGNED_CONTEXT ( ( #3263, #2537, #3981 ) ) REPRESENTATION_CONTEXT ( 'NONE', 'WORKASPACE' ) );
#4364 = CARTESIAN_POINT ( 'NONE',  ( -7.224999999999999600, -1.800000000000000700, -4.050000000000001600 ) ) ;
#4365 = CARTESIAN_POINT ( 'NONE',  ( -0.3000000000000000400, -2.450000000000005100, -0.2599999999999997900 ) ) ;
#4366 = AXIS2_PLACEMENT_3D ( 'NONE', #2641, #1976, #3022 ) ;
#4367 = DIRECTION ( 'NONE',  ( 0.0000000000000000000, 0.7071067811865490200, 0.7071067811865460200 ) ) ;
#4368 = VECTOR ( 'NONE', #2467, 1000.000000000000000 ) ;
#4369 = VECTOR ( 'NONE', #1300, 1000.000000000000000 ) ;
#4370 =( NAMED_UNIT ( * ) SI_UNIT ( $, .STERADIAN. ) SOLID_ANGLE_UNIT ( ) );
#4371 = PLANE ( 'NONE',  #3633 ) ;
#4372 = CARTESIAN_POINT ( 'NONE',  ( -9.250000000000000000, -3.650000000000000400, -0.3999999999999997400 ) ) ;
#4373 =( NAMED_UNIT ( * ) SI_UNIT ( $, .STERADIAN. ) SOLID_ANGLE_UNIT ( ) );
#4374 = EDGE_LOOP ( 'NONE', ( #2333, #3175, #986, #1990 ) ) ;
#4375 = VECTOR ( 'NONE', #3056, 1000.000000000000000 ) ;
#4376 = ORIENTED_EDGE ( 'NONE', *, *, #2458, .T. ) ;
#4377 = CARTESIAN_POINT ( 'NONE',  ( -0.5000000000000000000, -3.750000000000000900, -0.2599999999999996800 ) ) ;
#4378 = DIRECTION ( 'NONE',  ( 0.0000000000000000000, 1.000000000000000000, -0.0000000000000000000 ) ) ;
#4379 = ORIENTED_EDGE ( 'NONE', *, *, #4634, .T. ) ;
#4380 = ORIENTED_EDGE ( 'NONE', *, *, #156, .T. ) ;
#4381 = UNCERTAINTY_MEASURE_WITH_UNIT (LENGTH_MEASURE( 1.000000000000000100E-005 ), #3896, 'distance_accuracy_value', 'NONE');
#4382 = DIRECTION ( 'NONE',  ( 0.0000000000000000000, 0.7071067811865490200, 0.7071067811865460200 ) ) ;
#4383 = PLANE ( 'NONE',  #4709 ) ;
#4384 = EDGE_LOOP ( 'NONE', ( #4550, #1828, #29, #969 ) ) ;
#4385 = EDGE_CURVE ( 'NONE', #2253, #3267, #889, .T. ) ;
#4386 = PLANE ( 'NONE',  #309 ) ;
#4387 = VERTEX_POINT ( 'NONE', #118 ) ;
#4388 = EDGE_LOOP ( 'NONE', ( #1090, #4637, #2304, #4515 ) ) ;
#4389 = STYLED_ITEM ( 'NONE', ( #2160 ), #4045 ) ;
#4390 = DIRECTION ( 'NONE',  ( 1.000000000000000000, 8.462065736472233800E-016, -0.0000000000000000000 ) ) ;
#4391 = LINE ( 'NONE', #1458, #3555 ) ;
#4392 = CARTESIAN_POINT ( 'NONE',  ( -6.599999999999999600, -4.200000000000002800, -4.850000000000002300 ) ) ;
#4393 = DIRECTION ( 'NONE',  ( -1.000000000000000000, 0.0000000000000000000, 0.0000000000000000000 ) ) ;
#4394 = ADVANCED_FACE ( 'NONE', ( #3485 ), #2688, .T. ) ;
#4395 = EDGE_CURVE ( 'NONE', #173, #321, #2328, .T. ) ;
#4396 = DIRECTION ( 'NONE',  ( 0.0000000000000000000, -1.000000000000000000, 0.0000000000000000000 ) ) ;
#4397 = AXIS2_PLACEMENT_3D ( 'NONE', #619, #4266, #1726 ) ;
#4398 =( NAMED_UNIT ( * ) PLANE_ANGLE_UNIT ( ) SI_UNIT ( $, .RADIAN. ) );
#4399 = VERTEX_POINT ( 'NONE', #4189 ) ;
#4400 = CARTESIAN_POINT ( 'NONE',  ( -7.400000000000000400, -4.400000000000000400, -4.050000000000002500 ) ) ;
#4401 = LINE ( 'NONE', #1443, #46 ) ;
#4402 = LINE ( 'NONE', #2332, #1712 ) ;
#4403 = ORIENTED_EDGE ( 'NONE', *, *, #224, .T. ) ;
#4404 = ORIENTED_EDGE ( 'NONE', *, *, #4703, .F. ) ;
#4405 =( NAMED_UNIT ( * ) SI_UNIT ( $, .STERADIAN. ) SOLID_ANGLE_UNIT ( ) );
#4406 = DIRECTION ( 'NONE',  ( -0.0000000000000000000, 0.0000000000000000000, 1.000000000000000000 ) ) ;
#4407 = DIRECTION ( 'NONE',  ( 1.000000000000000000, 4.231032868236116900E-016, 0.0000000000000000000 ) ) ;
#4408 = CARTESIAN_POINT ( 'NONE',  ( -8.825000000000001100, -1.950000000000000800, 1.950000000000000400 ) ) ;
#4409 = VECTOR ( 'NONE', #2134, 1000.000000000000000 ) ;
#4410 = ORIENTED_EDGE ( 'NONE', *, *, #998, .T. ) ;
#4411 = LINE ( 'NONE', #2736, #1378 ) ;
#4412 = ORIENTED_EDGE ( 'NONE', *, *, #4509, .T. ) ;
#4413 = VECTOR ( 'NONE', #3554, 1000.000000000000000 ) ;
#4414 = ADVANCED_FACE ( 'NONE', ( #1575 ), #4037, .F. ) ;
#4415 = MECHANICAL_DESIGN_GEOMETRIC_PRESENTATION_REPRESENTATION (  '', ( #2450 ), #154 ) ;
#4416 = CARTESIAN_POINT ( 'NONE',  ( -2.600000000000000500, -4.200000000000001100, -3.950000000000002000 ) ) ;
#4417 = DIRECTION ( 'NONE',  ( -0.0000000000000000000, 1.000000000000000000, -0.0000000000000000000 ) ) ;
#4418 = SURFACE_STYLE_USAGE ( .BOTH. , #1498 ) ;
#4419 = EDGE_CURVE ( 'NONE', #2058, #2279, #2698, .T. ) ;
#4420 =( NAMED_UNIT ( * ) SI_UNIT ( $, .STERADIAN. ) SOLID_ANGLE_UNIT ( ) );
#4421 = STYLED_ITEM ( 'NONE', ( #914 ), #3002 ) ;
#4422 = FACE_OUTER_BOUND ( 'NONE', #4438, .T. ) ;
#4423 = CARTESIAN_POINT ( 'NONE',  ( -5.599999999999999600, -4.500000000000002700, -4.850000000000002300 ) ) ;
#4424 = LINE ( 'NONE', #3423, #183 ) ;
#4425 = EDGE_CURVE ( 'NONE', #2004, #807, #3158, .T. ) ;
#4426 = SURFACE_SIDE_STYLE ('',( #948 ) ) ;
#4427 = LINE ( 'NONE', #2025, #2979 ) ;
#4428 = FACE_OUTER_BOUND ( 'NONE', #3370, .T. ) ;
#4429 = MECHANICAL_DESIGN_GEOMETRIC_PRESENTATION_REPRESENTATION (  '', ( #4114 ), #1103 ) ;
#4430 = LINE ( 'NONE', #3529, #3430 ) ;
#4431 = ORIENTED_EDGE ( 'NONE', *, *, #772, .T. ) ;
#4432 = CARTESIAN_POINT ( 'NONE',  ( -3.600000000000001000, -4.200000000000001100, -4.050000000000002500 ) ) ;
#4433 = DIRECTION ( 'NONE',  ( -1.000000000000000000, 0.0000000000000000000, 0.0000000000000000000 ) ) ;
#4434 = LINE ( 'NONE', #3757, #3434 ) ;
#4435 = ORIENTED_EDGE ( 'NONE', *, *, #3150, .F. ) ;
#4436 = CARTESIAN_POINT ( 'NONE',  ( -8.400000000000000400, -4.500000000000003600, -3.850000000000002800 ) ) ;
#4437 = ADVANCED_FACE ( 'NONE', ( #25 ), #4470, .F. ) ;
#4438 = EDGE_LOOP ( 'NONE', ( #1411, #33, #3489, #1648 ) ) ;
#4439 = SURFACE_SIDE_STYLE ('',( #2043 ) ) ;
#4440 = ORIENTED_EDGE ( 'NONE', *, *, #3852, .F. ) ;
#4441 =( NAMED_UNIT ( * ) SI_UNIT ( $, .STERADIAN. ) SOLID_ANGLE_UNIT ( ) );
#4442 = ORIENTED_EDGE ( 'NONE', *, *, #70, .T. ) ;
#4443 = ORIENTED_EDGE ( 'NONE', *, *, #176, .F. ) ;
#4444 = UNCERTAINTY_MEASURE_WITH_UNIT (LENGTH_MEASURE( 1.000000000000000100E-005 ), #3654, 'distance_accuracy_value', 'NONE');
#4445 = CARTESIAN_POINT ( 'NONE',  ( -9.250000000000000000, -3.650000000000000400, -2.600000000000000100 ) ) ;
#4446 = VECTOR ( 'NONE', #713, 1000.000000000000000 ) ;
#4447 = EDGE_CURVE ( 'NONE', #3857, #3652, #3734, .T. ) ;
#4448 = ORIENTED_EDGE ( 'NONE', *, *, #1730, .T. ) ;
#4449 = ORIENTED_EDGE ( 'NONE', *, *, #4702, .F. ) ;
#4450 = LINE ( 'NONE', #737, #4039 ) ;
#4451 = EDGE_CURVE ( 'NONE', #1650, #3684, #1814, .T. ) ;
#4452 = CARTESIAN_POINT ( 'NONE',  ( -4.599999999999999600, -4.500000000000002700, -3.850000000000002800 ) ) ;
#4453 = VECTOR ( 'NONE', #740, 1000.000000000000000 ) ;
#4454 = VECTOR ( 'NONE', #294, 1000.000000000000000 ) ;
#4455 = ORIENTED_EDGE ( 'NONE', *, *, #2293, .T. ) ;
#4456 = EDGE_CURVE ( 'NONE', #1471, #1027, #4607, .T. ) ;
#4457 = ORIENTED_EDGE ( 'NONE', *, *, #574, .F. ) ;
#4458 = VERTEX_POINT ( 'NONE', #3414 ) ;
#4459 = CARTESIAN_POINT ( 'NONE',  ( -9.699999999999999300, -2.450000000000008600, 1.940000000000000400 ) ) ;
#4461 = EDGE_CURVE ( 'NONE', #3541, #1888, #2543, .T. ) ;
#4460 = VECTOR ( 'NONE', #1951, 1000.000000000000000 ) ;
#4462 =( LENGTH_UNIT ( ) NAMED_UNIT ( * ) SI_UNIT ( .MILLI., .METRE. ) );
#4463 = LINE ( 'NONE', #2387, #4630 ) ;
#4464 = VECTOR ( 'NONE', #3240, 1000.000000000000000 ) ;
#4465 = FACE_OUTER_BOUND ( 'NONE', #4255, .T. ) ;
#4466 = ADVANCED_FACE ( 'NONE', ( #198 ), #4122, .T. ) ;
#4467 = ORIENTED_EDGE ( 'NONE', *, *, #1563, .T. ) ;
#4468 = EDGE_CURVE ( 'NONE', #2136, #2129, #719, .T. ) ;
#4469 = COLOUR_RGB ( '',0.7529411764705882200, 0.7529411764705882200, 0.7529411764705882200 ) ;
#4470 = PLANE ( 'NONE',  #3882 ) ;
#4471 = ORIENTED_EDGE ( 'NONE', *, *, #952, .F. ) ;
#4472 = SURFACE_STYLE_USAGE ( .BOTH. , #4089 ) ;
#4473 = VERTEX_POINT ( 'NONE', #1239 ) ;
#4474 = SURFACE_STYLE_FILL_AREA ( #4596 ) ;
#4475 = PLANE ( 'NONE',  #2116 ) ;
#4476 = DIRECTION ( 'NONE',  ( 0.0000000000000000000, -1.000000000000000000, 1.057758217059031200E-016 ) ) ;
#4477 = ORIENTED_EDGE ( 'NONE', *, *, #1333, .F. ) ;
#4478 = LINE ( 'NONE', #2658, #1220 ) ;
#4479 = CARTESIAN_POINT ( 'NONE',  ( -8.600000000000001400, -4.500000000000003600, -3.850000000000002800 ) ) ;
#4480 = SURFACE_STYLE_USAGE ( .BOTH. , #3744 ) ;
#4481 = VECTOR ( 'NONE', #4176, 1000.000000000000000 ) ;
#4482 =( LENGTH_UNIT ( ) NAMED_UNIT ( * ) SI_UNIT ( .MILLI., .METRE. ) );
#4483 = LINE ( 'NONE', #3037, #2748 ) ;
#4484 = AXIS2_PLACEMENT_3D ( 'NONE', #1589, #3418, #3750 ) ;
#4485 = EDGE_CURVE ( 'NONE', #1768, #1665, #3609, .T. ) ;
#4486 = DIRECTION ( 'NONE',  ( 1.000000000000000000, 0.0000000000000000000, 0.0000000000000000000 ) ) ;
#4487 = ADVANCED_FACE ( 'NONE', ( #1930 ), #3772, .T. ) ;
#4488 = PRESENTATION_LAYER_ASSIGNMENT (  '', '', ( #4421 ) ) ;
#4489 = FACE_OUTER_BOUND ( 'NONE', #3644, .T. ) ;
#4490 = DIRECTION ( 'NONE',  ( 0.0000000000000000000, -0.0000000000000000000, 1.000000000000000000 ) ) ;
#4491 = CARTESIAN_POINT ( 'NONE',  ( -9.300000000000000700, -0.6000000000000009800, 1.950000000000000400 ) ) ;
#4492 = AXIS2_PLACEMENT_3D ( 'NONE', #6, #4740, #2546 ) ;
#4493 = CARTESIAN_POINT ( 'NONE',  ( -9.499999999999998200, -2.450000000000004600, 1.300000000000000300 ) ) ;
#4494 = DIRECTION ( 'NONE',  ( 0.0000000000000000000, 0.0000000000000000000, 1.000000000000000000 ) ) ;
#4495 = EDGE_LOOP ( 'NONE', ( #2125, #3139, #503, #4294 ) ) ;
#4496 = ORIENTED_EDGE ( 'NONE', *, *, #2023, .T. ) ;
#4497 = ORIENTED_EDGE ( 'NONE', *, *, #4006, .F. ) ;
#4498 = CARTESIAN_POINT ( 'NONE',  ( -5.400000000000000400, -4.200000000000002000, -4.850000000000002300 ) ) ;
#4499 = CARTESIAN_POINT ( 'NONE',  ( -6.399999999999999500, -1.800000000000000300, -3.450000000000000600 ) ) ;
#4500 = ORIENTED_EDGE ( 'NONE', *, *, #3114, .F. ) ;
#4501 = LINE ( 'NONE', #1844, #395 ) ;
#4502 = SURFACE_SIDE_STYLE ('',( #4169 ) ) ;
#4503 = DIRECTION ( 'NONE',  ( 0.0000000000000000000, 0.0000000000000000000, 1.000000000000000000 ) ) ;
#4504 = CARTESIAN_POINT ( 'NONE',  ( -0.3000000000000000400, -2.450000000000004600, 1.940000000000000400 ) ) ;
#4505 = EDGE_LOOP ( 'NONE', ( #4570, #4666, #1522, #3066 ) ) ;
#4506 = PRESENTATION_LAYER_ASSIGNMENT (  '', '', ( #2684 ) ) ;
#4507 = LINE ( 'NONE', #2521, #2716 ) ;
#4508 = ADVANCED_FACE ( 'NONE', ( #2157 ), #1659, .T. ) ;
#4509 = EDGE_CURVE ( 'NONE', #4165, #2200, #1233, .T. ) ;
#4510 = DIRECTION ( 'NONE',  ( 1.000000000000000000, 8.462065736472234800E-016, 0.0000000000000000000 ) ) ;
#4511 = VERTEX_POINT ( 'NONE', #1294 ) ;
#4512 = CARTESIAN_POINT ( 'NONE',  ( -4.400000000000000400, -4.200000000000002000, -4.850000000000002300 ) ) ;
#4513 = EDGE_CURVE ( 'NONE', #1880, #3586, #1396, .T. ) ;
#4514 = COLOUR_RGB ( '',0.7529411764705882200, 0.7529411764705882200, 0.7529411764705882200 ) ;
#4515 = ORIENTED_EDGE ( 'NONE', *, *, #696, .T. ) ;
#4516 = DIRECTION ( 'NONE',  ( 0.0000000000000000000, 1.000000000000000000, 0.0000000000000000000 ) ) ;
#4517 = VERTEX_POINT ( 'NONE', #1985 ) ;
#4518 = VECTOR ( 'NONE', #2137, 1000.000000000000000 ) ;
#4519 = EDGE_CURVE ( 'NONE', #3494, #1999, #4312, .T. ) ;
#4520 = LINE ( 'NONE', #4063, #1040 ) ;
#4521 = AXIS2_PLACEMENT_3D ( 'NONE', #1529, #1917, #1546 ) ;
#4522 = DIRECTION ( 'NONE',  ( 0.0000000000000000000, 0.0000000000000000000, 1.000000000000000000 ) ) ;
#4523 = VECTOR ( 'NONE', #3568, 1000.000000000000000 ) ;
#4524 = EDGE_LOOP ( 'NONE', ( #4404, #974, #1370, #4376, #3550, #463 ) ) ;
#4525 = VECTOR ( 'NONE', #2518, 1000.000000000000000 ) ;
#4526 = ORIENTED_EDGE ( 'NONE', *, *, #2017, .F. ) ;
#4527 =( NAMED_UNIT ( * ) PLANE_ANGLE_UNIT ( ) SI_UNIT ( $, .RADIAN. ) );
#4528 =( GEOMETRIC_REPRESENTATION_CONTEXT ( 3 ) GLOBAL_UNCERTAINTY_ASSIGNED_CONTEXT ( ( #2724 ) ) GLOBAL_UNIT_ASSIGNED_CONTEXT ( ( #4482, #808, #1553 ) ) REPRESENTATION_CONTEXT ( 'NONE', 'WORKASPACE' ) );
#4529 = DIRECTION ( 'NONE',  ( 0.0000000000000000000, -1.000000000000000000, 0.0000000000000000000 ) ) ;
#4530 = UNCERTAINTY_MEASURE_WITH_UNIT (LENGTH_MEASURE( 1.000000000000000100E-005 ), #3285, 'distance_accuracy_value', 'NONE');
#4531 = CARTESIAN_POINT ( 'NONE',  ( -3.600000000000001000, -4.200000000000001100, -4.850000000000002300 ) ) ;
#4532 = CARTESIAN_POINT ( 'NONE',  ( -2.600000000000000500, -4.400000000000000400, -3.750000000000002200 ) ) ;
#4533 = ADVANCED_FACE ( 'NONE', ( #4599 ), #2874, .F. ) ;
#4534 = SURFACE_STYLE_FILL_AREA ( #1349 ) ;
#4535 = DIRECTION ( 'NONE',  ( 0.0000000000000000000, 1.057758217059030800E-016, 1.000000000000000000 ) ) ;
#4536 = CARTESIAN_POINT ( 'NONE',  ( -7.400000000000000400, -4.500000000000003600, -4.850000000000002300 ) ) ;
#4537 = DIRECTION ( 'NONE',  ( 0.0000000000000000000, -1.224606353822377300E-016, 1.000000000000000000 ) ) ;
#4538 = LINE ( 'NONE', #3402, #4068 ) ;
#4539 = EDGE_CURVE ( 'NONE', #2142, #1782, #3211, .T. ) ;
#4540 = PRESENTATION_LAYER_ASSIGNMENT (  '', '', ( #1956 ) ) ;
#4541 = FACE_OUTER_BOUND ( 'NONE', #2997, .T. ) ;
#4542 =( NAMED_UNIT ( * ) SI_UNIT ( $, .STERADIAN. ) SOLID_ANGLE_UNIT ( ) );
#4543 = LINE ( 'NONE', #279, #4309 ) ;
#4544 = LINE ( 'NONE', #2516, #3956 ) ;
#4545 = CARTESIAN_POINT ( 'NONE',  ( -0.7499999999999997800, -3.649999999999999900, -2.600000000000000100 ) ) ;
#4546 = EDGE_CURVE ( 'NONE', #3463, #3902, #495, .T. ) ;
#4547 = COLOUR_RGB ( '',0.7529411764705882200, 0.7529411764705882200, 0.7529411764705882200 ) ;
#4548 = LINE ( 'NONE', #2263, #1636 ) ;
#4549 = CARTESIAN_POINT ( 'NONE',  ( -9.500000000000000000, -0.6500000000000040200, -3.449999999999999700 ) ) ;
#4550 = ORIENTED_EDGE ( 'NONE', *, *, #2267, .T. ) ;
#4551 = PLANE ( 'NONE',  #2667 ) ;
#4552 = ORIENTED_EDGE ( 'NONE', *, *, #70, .F. ) ;
#4553 = ADVANCED_FACE ( 'NONE', ( #3371 ), #3795, .F. ) ;
#4554 = ORIENTED_EDGE ( 'NONE', *, *, #3416, .T. ) ;
#4555 = VERTEX_POINT ( 'NONE', #3624 ) ;
#4556 = FILL_AREA_STYLE ('',( #2356 ) ) ;
#4557 = SURFACE_STYLE_FILL_AREA ( #1410 ) ;
#4558 = ORIENTED_EDGE ( 'NONE', *, *, #2027, .F. ) ;
#4559 = ORIENTED_EDGE ( 'NONE', *, *, #2141, .T. ) ;
#4560 = LINE ( 'NONE', #3238, #4156 ) ;
#4561 = CARTESIAN_POINT ( 'NONE',  ( -2.600000000000000500, -4.500000000000001800, -3.850000000000002800 ) ) ;
#4562 = ORIENTED_EDGE ( 'NONE', *, *, #3944, .T. ) ;
#4563 = CARTESIAN_POINT ( 'NONE',  ( 0.0000000000000000000, -4.400000000000000400, -0.2999999999999999300 ) ) ;
#4564 = FACE_OUTER_BOUND ( 'NONE', #4384, .T. ) ;
#4565 = CARTESIAN_POINT ( 'NONE',  ( -1.174999999999999600, -0.6000000000000009800, -2.600000000000000100 ) ) ;
#4566 = CARTESIAN_POINT ( 'NONE',  ( -0.5000000000000000000, -2.250000000000000000, -4.049999999999999800 ) ) ;
#4567 =( GEOMETRIC_REPRESENTATION_CONTEXT ( 3 ) GLOBAL_UNCERTAINTY_ASSIGNED_CONTEXT ( ( #4530 ) ) GLOBAL_UNIT_ASSIGNED_CONTEXT ( ( #3285, #1089, #4350 ) ) REPRESENTATION_CONTEXT ( 'NONE', 'WORKASPACE' ) );
#4568 = COLOUR_RGB ( '',0.7529411764705882200, 0.7529411764705882200, 0.7529411764705882200 ) ;
#4569 = VERTEX_POINT ( 'NONE', #3779 ) ;
#4570 = ORIENTED_EDGE ( 'NONE', *, *, #1331, .F. ) ;
#4571 = ORIENTED_EDGE ( 'NONE', *, *, #3526, .T. ) ;
#4572 = DIRECTION ( 'NONE',  ( 0.0000000000000000000, 0.7071067811865460200, -0.7071067811865490200 ) ) ;
#4573 = CARTESIAN_POINT ( 'NONE',  ( -0.5000000000000000000, -0.6500000000000001300, -4.049999999999999800 ) ) ;
#4574 = EDGE_CURVE ( 'NONE', #1888, #2514, #190, .T. ) ;
#4575 = PRESENTATION_STYLE_ASSIGNMENT (( #4418 ) ) ;
#4576 = AXIS2_PLACEMENT_3D ( 'NONE', #2159, #3629, #1444 ) ;
#4577 = DIRECTION ( 'NONE',  ( 0.0000000000000000000, 0.0000000000000000000, 1.000000000000000000 ) ) ;
#4578 = VERTEX_POINT ( 'NONE', #4591 ) ;
#4579 = VERTEX_POINT ( 'NONE', #2036 ) ;
#4580 = ADVANCED_FACE ( 'NONE', ( #3154 ), #3462, .F. ) ;
#4581 = EDGE_LOOP ( 'NONE', ( #3439, #2623, #2824, #1998 ) ) ;
#4582 = COLOUR_RGB ( '',0.7529411764705882200, 0.7529411764705882200, 0.7529411764705882200 ) ;
#4583 = STYLED_ITEM ( 'NONE', ( #4065 ), #822 ) ;
#4584 = FILL_AREA_STYLE_COLOUR ( '', #2037 ) ;
#4585 = ORIENTED_EDGE ( 'NONE', *, *, #598, .F. ) ;
#4586 = SURFACE_STYLE_FILL_AREA ( #874 ) ;
#4587 = DIRECTION ( 'NONE',  ( 0.0000000000000000000, 0.0000000000000000000, 1.000000000000000000 ) ) ;
#4588 = CARTESIAN_POINT ( 'NONE',  ( -9.499999999999998200, -2.250000000000003600, -3.450000000000000200 ) ) ;
#4589 = UNCERTAINTY_MEASURE_WITH_UNIT (LENGTH_MEASURE( 1.000000000000000100E-005 ), #2897, 'distance_accuracy_value', 'NONE');
#4590 = DIRECTION ( 'NONE',  ( -1.000000000000000000, 0.0000000000000000000, -0.0000000000000000000 ) ) ;
#4591 = CARTESIAN_POINT ( 'NONE',  ( -9.700000000000002800, -2.100000000000000100, -1.799999999999999600 ) ) ;
#4592 = FACE_OUTER_BOUND ( 'NONE', #2523, .T. ) ;
#4593 = LINE ( 'NONE', #4561, #1062 ) ;
#4594 = EDGE_CURVE ( 'NONE', #2004, #2046, #4427, .T. ) ;
#4595 =( NAMED_UNIT ( * ) PLANE_ANGLE_UNIT ( ) SI_UNIT ( $, .RADIAN. ) );
#4596 = FILL_AREA_STYLE ('',( #2453 ) ) ;
#4597 =( NAMED_UNIT ( * ) SI_UNIT ( $, .STERADIAN. ) SOLID_ANGLE_UNIT ( ) );
#4598 = EDGE_CURVE ( 'NONE', #173, #3710, #3722, .T. ) ;
#4599 = FACE_OUTER_BOUND ( 'NONE', #2431, .T. ) ;
#4600 = DIRECTION ( 'NONE',  ( 0.0000000000000000000, 0.0000000000000000000, 1.000000000000000000 ) ) ;
#4601 = VECTOR ( 'NONE', #3835, 1000.000000000000100 ) ;
#4602 = ADVANCED_FACE ( 'NONE', ( #4541 ), #4207, .T. ) ;
#4603 = EDGE_CURVE ( 'NONE', #2764, #496, #1803, .T. ) ;
#4604 = ORIENTED_EDGE ( 'NONE', *, *, #4509, .F. ) ;
#4605 = PRODUCT_RELATED_PRODUCT_CATEGORY ( 'part', '', ( #1570 ) ) ;
#4606 = EDGE_CURVE ( 'NONE', #1950, #2654, #3093, .T. ) ;
#4607 = LINE ( 'NONE', #2671, #4375 ) ;
#4608 = ORIENTED_EDGE ( 'NONE', *, *, #3356, .T. ) ;
#4609 = SURFACE_SIDE_STYLE ('',( #653 ) ) ;
#4610 = PRESENTATION_LAYER_ASSIGNMENT (  '', '', ( #4360 ) ) ;
#4611 = STYLED_ITEM ( 'NONE', ( #689 ), #2647 ) ;
#4612 = CARTESIAN_POINT ( 'NONE',  ( -1.600000000000000500, -4.500000000000000900, -4.850000000000002300 ) ) ;
#4613 = DIRECTION ( 'NONE',  ( 1.000000000000000000, -0.0000000000000000000, -0.0000000000000000000 ) ) ;
#4614 = DIRECTION ( 'NONE',  ( 2.478176394252584500E-015, 1.000000000000000000, -0.0000000000000000000 ) ) ;
#4615 = DIRECTION ( 'NONE',  ( -1.000000000000000000, 0.0000000000000000000, 0.0000000000000000000 ) ) ;
#4616 = ORIENTED_EDGE ( 'NONE', *, *, #3167, .F. ) ;
#4617 = UNCERTAINTY_MEASURE_WITH_UNIT (LENGTH_MEASURE( 1.000000000000000100E-005 ), #1266, 'distance_accuracy_value', 'NONE');
#4618 = CARTESIAN_POINT ( 'NONE',  ( -9.300000000000000700, -1.300000000000000500, 1.950000000000000400 ) ) ;
#4619 = MECHANICAL_DESIGN_GEOMETRIC_PRESENTATION_REPRESENTATION (  '', ( #1283 ), #113 ) ;
#4620 = SURFACE_STYLE_USAGE ( .BOTH. , #1758 ) ;
#4621 = PLANE ( 'NONE',  #4069 ) ;
#4622 = EDGE_LOOP ( 'NONE', ( #203, #918, #3174, #45 ) ) ;
#4623 = PLANE ( 'NONE',  #3725 ) ;
#4624 = VECTOR ( 'NONE', #2441, 1000.000000000000000 ) ;
#4625 = LINE ( 'NONE', #330, #3070 ) ;
#4626 = ORIENTED_EDGE ( 'NONE', *, *, #4419, .T. ) ;
#4627 = DIRECTION ( 'NONE',  ( 8.950819566047184200E-032, -1.057758217059030800E-016, -1.000000000000000000 ) ) ;
#4628 = FACE_OUTER_BOUND ( 'NONE', #3168, .T. ) ;
#4629 = DIRECTION ( 'NONE',  ( 0.0000000000000000000, 0.0000000000000000000, -1.000000000000000000 ) ) ;
#4630 = VECTOR ( 'NONE', #945, 1000.000000000000100 ) ;
#4631 = FILL_AREA_STYLE ('',( #3539 ) ) ;
#4632 = CARTESIAN_POINT ( 'NONE',  ( -4.599999999999999600, -4.400000000000000400, -3.750000000000001300 ) ) ;
#4633 = ORIENTED_EDGE ( 'NONE', *, *, #3601, .T. ) ;
#4634 = EDGE_CURVE ( 'NONE', #3383, #4206, #4649, .T. ) ;
#4635 = LINE ( 'NONE', #1755, #2834 ) ;
#4636 = AXIS2_PLACEMENT_3D ( 'NONE', #1463, #4724, #2869 ) ;
#4637 = ORIENTED_EDGE ( 'NONE', *, *, #2240, .T. ) ;
#4638 = CARTESIAN_POINT ( 'NONE',  ( -8.825000000000001100, -2.100000000000000100, -2.600000000000000100 ) ) ;
#4639 = VECTOR ( 'NONE', #1705, 1000.000000000000000 ) ;
#4640 = EDGE_CURVE ( 'NONE', #4695, #4723, #2472, .T. ) ;
#4641 = VERTEX_POINT ( 'NONE', #3476 ) ;
#4642 = DIRECTION ( 'NONE',  ( -0.0000000000000000000, -0.0000000000000000000, 1.000000000000000000 ) ) ;
#4643 = VECTOR ( 'NONE', #4105, 1000.000000000000000 ) ;
#4644 = AXIS2_PLACEMENT_3D ( 'NONE', #4108, #1674, #3078 ) ;
#4645 = DIRECTION ( 'NONE',  ( -8.462065736472233800E-016, 1.000000000000000000, 0.0000000000000000000 ) ) ;
#4646 = DIRECTION ( 'NONE',  ( 0.0000000000000000000, -1.000000000000000000, 0.0000000000000000000 ) ) ;
#4647 = DIRECTION ( 'NONE',  ( 0.0000000000000000000, 0.0000000000000000000, 1.000000000000000000 ) ) ;
#4648 = VECTOR ( 'NONE', #926, 1000.000000000000000 ) ;
#4649 = LINE ( 'NONE', #595, #884 ) ;
#4650 = CARTESIAN_POINT ( 'NONE',  ( -4.400000000000000400, -4.500000000000002700, -3.850000000000002800 ) ) ;
#4651 = VECTOR ( 'NONE', #3520, 1000.000000000000000 ) ;
#4652 = MECHANICAL_DESIGN_GEOMETRIC_PRESENTATION_REPRESENTATION (  '', ( #4327 ), #2067 ) ;
#4653 = CARTESIAN_POINT ( 'NONE',  ( -9.250000000000000000, -4.000000000000000000, -0.3999999999999997400 ) ) ;
#4654 = VERTEX_POINT ( 'NONE', #4302 ) ;
#4655 = CARTESIAN_POINT ( 'NONE',  ( -1.174999999999999600, -2.100000000000000100, -4.173411897755954700 ) ) ;
#4656 = EDGE_CURVE ( 'NONE', #1944, #3036, #4593, .T. ) ;
#4657 =( NAMED_UNIT ( * ) PLANE_ANGLE_UNIT ( ) SI_UNIT ( $, .RADIAN. ) );
#4658 = PLANE ( 'NONE',  #393 ) ;
#4659 = EDGE_CURVE ( 'NONE', #2000, #1364, #3605, .T. ) ;
#4660 = LINE ( 'NONE', #976, #2812 ) ;
#4661 = ORIENTED_EDGE ( 'NONE', *, *, #2686, .T. ) ;
#4662 = PLANE ( 'NONE',  #1720 ) ;
#4663 = ORIENTED_EDGE ( 'NONE', *, *, #2879, .T. ) ;
#4664 = CARTESIAN_POINT ( 'NONE',  ( -10.00000000000000000, -4.400000000000000400, 1.950000000000000000 ) ) ;
#4665 = ORIENTED_EDGE ( 'NONE', *, *, #3279, .T. ) ;
#4666 = ORIENTED_EDGE ( 'NONE', *, *, #3824, .T. ) ;
#4667 = ORIENTED_EDGE ( 'NONE', *, *, #605, .F. ) ;
#4668 = DIRECTION ( 'NONE',  ( 0.0000000000000000000, 0.0000000000000000000, 1.000000000000000000 ) ) ;
#4669 = EDGE_CURVE ( 'NONE', #2132, #1145, #3951, .T. ) ;
#4670 = VECTOR ( 'NONE', #2938, 1000.000000000000000 ) ;
#4671 = AXIS2_PLACEMENT_3D ( 'NONE', #2839, #2877, #710 ) ;
#4672 = CARTESIAN_POINT ( 'NONE',  ( -1.600000000000000500, -4.200000000000000200, -4.050000000000002500 ) ) ;
#4673 = ORIENTED_EDGE ( 'NONE', *, *, #7, .F. ) ;
#4674 = UNCERTAINTY_MEASURE_WITH_UNIT (LENGTH_MEASURE( 1.000000000000000100E-005 ), #4195, 'distance_accuracy_value', 'NONE');
#4675 = ORIENTED_EDGE ( 'NONE', *, *, #3707, .T. ) ;
#4676 = PLANE ( 'NONE',  #819 ) ;
#4677 = VECTOR ( 'NONE', #729, 1000.000000000000000 ) ;
#4678 = CARTESIAN_POINT ( 'NONE',  ( -8.600000000000001400, -4.200000000000003700, -4.850000000000002300 ) ) ;
#4679 = FILL_AREA_STYLE_COLOUR ( '', #3540 ) ;
#4680 = VERTEX_POINT ( 'NONE', #2113 ) ;
#4681 = CARTESIAN_POINT ( 'NONE',  ( -1.400000000000000400, -4.500000000000000900, -3.850000000000002800 ) ) ;
#4682 = LINE ( 'NONE', #4681, #3688 ) ;
#4683 = ORIENTED_EDGE ( 'NONE', *, *, #1333, .T. ) ;
#4684 = CARTESIAN_POINT ( 'NONE',  ( -2.774999999999999500, -0.3499999999999994200, -3.449999999999999700 ) ) ;
#4685 = VECTOR ( 'NONE', #3080, 1000.000000000000000 ) ;
#4686 = VERTEX_POINT ( 'NONE', #254 ) ;
#4687 = DIRECTION ( 'NONE',  ( -1.000000000000000000, 0.0000000000000000000, 0.0000000000000000000 ) ) ;
#4688 = FACE_OUTER_BOUND ( 'NONE', #1263, .T. ) ;
#4689 = VECTOR ( 'NONE', #2489, 1000.000000000000100 ) ;
#4690 = SURFACE_STYLE_USAGE ( .BOTH. , #1395 ) ;
#4691 = DIRECTION ( 'NONE',  ( 0.0000000000000000000, -1.000000000000000000, 1.057758217059031100E-016 ) ) ;
#4692 = VECTOR ( 'NONE', #921, 1000.000000000000000 ) ;
#4693 = CARTESIAN_POINT ( 'NONE',  ( -8.825000000000001100, -2.100000000000000100, -4.173411897755954700 ) ) ;
#4694 = EDGE_CURVE ( 'NONE', #4000, #3923, #2096, .T. ) ;
#4695 = VERTEX_POINT ( 'NONE', #4287 ) ;
#4696 = DIRECTION ( 'NONE',  ( 1.000000000000000000, 0.0000000000000000000, 0.0000000000000000000 ) ) ;
#4697 = DIRECTION ( 'NONE',  ( -1.000000000000000000, -0.0000000000000000000, -0.0000000000000000000 ) ) ;
#4698 = CARTESIAN_POINT ( 'NONE',  ( -6.599999999999999600, -4.200000000000002800, -4.050000000000002500 ) ) ;
#4699 = VECTOR ( 'NONE', #1422, 1000.000000000000000 ) ;
#4700 = SURFACE_STYLE_FILL_AREA ( #3039 ) ;
#4701 = CARTESIAN_POINT ( 'NONE',  ( -4.400000000000000400, -4.400000000000000400, -3.750000000000001300 ) ) ;
#4702 = EDGE_CURVE ( 'NONE', #2650, #3334, #3840, .T. ) ;
#4703 = EDGE_CURVE ( 'NONE', #2239, #331, #19, .T. ) ;
#4704 = LINE ( 'NONE', #759, #3713 ) ;
#4705 = CARTESIAN_POINT ( 'NONE',  ( -10.00000000000000000, 8.673617379884033500E-016, -4.049999999999999800 ) ) ;
#4706 = EDGE_CURVE ( 'NONE', #3383, #2876, #184, .T. ) ;
#4707 = FACE_OUTER_BOUND ( 'NONE', #3626, .T. ) ;
#4708 = SURFACE_SIDE_STYLE ('',( #4174 ) ) ;
#4709 = AXIS2_PLACEMENT_3D ( 'NONE', #4301, #2783, #2471 ) ;
#4710 = DIRECTION ( 'NONE',  ( 0.0000000000000000000, 0.7071067811865460200, -0.7071067811865490200 ) ) ;
#4711 = CARTESIAN_POINT ( 'NONE',  ( -0.6999999999999998400, -2.100000000000000100, -1.799999999999999600 ) ) ;
#4712 = CARTESIAN_POINT ( 'NONE',  ( -7.599999999999999600, -4.400000000000000400, -3.950000000000002000 ) ) ;
#4713 = DIRECTION ( 'NONE',  ( 1.000000000000000000, -0.0000000000000000000, -0.0000000000000000000 ) ) ;
#4714 = SHAPE_DEFINITION_REPRESENTATION ( #1748, #3752 ) ;
#4715 =( NAMED_UNIT ( * ) PLANE_ANGLE_UNIT ( ) SI_UNIT ( $, .RADIAN. ) );
#4716 = DIRECTION ( 'NONE',  ( -0.0000000000000000000, -0.0000000000000000000, 1.000000000000000000 ) ) ;
#4717 = LINE ( 'NONE', #3033, #1070 ) ;
#4718 = ORIENTED_EDGE ( 'NONE', *, *, #1331, .T. ) ;
#4719 = VERTEX_POINT ( 'NONE', #2902 ) ;
#4720 = CARTESIAN_POINT ( 'NONE',  ( -9.499999999999996400, -4.400000000000005700, -0.2999999999999999300 ) ) ;
#4721 =( GEOMETRIC_REPRESENTATION_CONTEXT ( 3 ) GLOBAL_UNCERTAINTY_ASSIGNED_CONTEXT ( ( #4617 ) ) GLOBAL_UNIT_ASSIGNED_CONTEXT ( ( #1266, #4183, #2011 ) ) REPRESENTATION_CONTEXT ( 'NONE', 'WORKASPACE' ) );
#4722 = CARTESIAN_POINT ( 'NONE',  ( -3.400000000000000800, -3.449999999999998000, -3.950000000000002000 ) ) ;
#4723 = VERTEX_POINT ( 'NONE', #4491 ) ;
#4724 = DIRECTION ( 'NONE',  ( 0.0000000000000000000, -0.0000000000000000000, 1.000000000000000000 ) ) ;
#4725 = ORIENTED_EDGE ( 'NONE', *, *, #514, .F. ) ;
#4726 = DIRECTION ( 'NONE',  ( 0.0000000000000000000, 0.0000000000000000000, 1.000000000000000000 ) ) ;
#4727 = ORIENTED_EDGE ( 'NONE', *, *, #3124, .F. ) ;
#4728 = AXIS2_PLACEMENT_3D ( 'NONE', #3631, #758, #715 ) ;
#4729 = EDGE_CURVE ( 'NONE', #169, #805, #2038, .T. ) ;
#4730 = ORIENTED_EDGE ( 'NONE', *, *, #2389, .F. ) ;
#4731 = CARTESIAN_POINT ( 'NONE',  ( -1.400000000000000400, -4.200000000000000200, -4.850000000000002300 ) ) ;
#4732 = MECHANICAL_DESIGN_GEOMETRIC_PRESENTATION_REPRESENTATION (  '', ( #4421 ), #1801 ) ;
#4733 = ORIENTED_EDGE ( 'NONE', *, *, #3088, .T. ) ;
#4734 = CARTESIAN_POINT ( 'NONE',  ( -7.225000000000000500, -1.800000000000000300, -3.450000000000000600 ) ) ;
#4735 = UNCERTAINTY_MEASURE_WITH_UNIT (LENGTH_MEASURE( 1.000000000000000100E-005 ), #1416, 'distance_accuracy_value', 'NONE');
#4736 = PRESENTATION_LAYER_ASSIGNMENT (  '', '', ( #551 ) ) ;
#4737 = CARTESIAN_POINT ( 'NONE',  ( -9.300000000000000700, -1.300000000000000500, -1.799999999999999600 ) ) ;
#4738 = LINE ( 'NONE', #641, #916 ) ;
#4739 = ORIENTED_EDGE ( 'NONE', *, *, #4519, .T. ) ;
#4740 = DIRECTION ( 'NONE',  ( -1.000000000000000000, 0.0000000000000000000, -0.0000000000000000000 ) ) ;
#4741 = EDGE_CURVE ( 'NONE', #1432, #2655, #245, .T. ) ;
#4742 =( NAMED_UNIT ( * ) SI_UNIT ( $, .STERADIAN. ) SOLID_ANGLE_UNIT ( ) );
#4743 = CARTESIAN_POINT ( 'NONE',  ( 0.0000000000000000000, -4.400000000000000400, -4.050000000000002500 ) ) ;
#4744 = PRESENTATION_STYLE_ASSIGNMENT (( #3131 ) ) ;
#4745 = VECTOR ( 'NONE', #628, 1000.000000000000000 ) ;
#4746 = ORIENTED_EDGE ( 'NONE', *, *, #3530, .F. ) ;
#4747 = ORIENTED_EDGE ( 'NONE', *, *, #4293, .T. ) ;
#4748 =( NAMED_UNIT ( * ) SI_UNIT ( $, .STERADIAN. ) SOLID_ANGLE_UNIT ( ) );
#4749 = PRESENTATION_STYLE_ASSIGNMENT (( #910 ) ) ;
#4750 = EDGE_LOOP ( 'NONE', ( #2461, #119, #349, #1271 ) ) ;
#4751 = ADVANCED_FACE ( 'NONE', ( #1623 ), #784, .T. ) ;
#4752 = FACE_OUTER_BOUND ( 'NONE', #1303, .T. ) ;
ENDSEC;
END-ISO-10303-21;
