ISO-10303-21;
HEADER;
FILE_DESCRIPTION (( 'STEP AP203' ),
    '1' );
FILE_NAME ('SM28B-NSHDZS-TF.STEP',
    '2017-08-22T06:28:13',
    ( '' ),
    ( '' ),
    'SwSTEP 2.0',
    'SolidWorks 2005235',
    '' );
FILE_SCHEMA (( 'CONFIG_CONTROL_DESIGN' ));
ENDSEC;

DATA;
#1 = VERTEX_POINT ( 'NONE', #4788 ) ;
#2 = ORIENTED_EDGE ( 'NONE', *, *, #3425, .T. ) ;
#3 = EDGE_CURVE ( 'NONE', #4, #5, #4787, .T. ) ;
#4 = VERTEX_POINT ( 'NONE', #4783 ) ;
#5 = VERTEX_POINT ( 'NONE', #4782 ) ;
#6 = ORIENTED_EDGE ( 'NONE', *, *, #7, .T. ) ;
#7 = EDGE_CURVE ( 'NONE', #4, #8, #4781, .T. ) ;
#8 = VERTEX_POINT ( 'NONE', #4777 ) ;
#9 = ORIENTED_EDGE ( 'NONE', *, *, #10, .T. ) ;
#10 = EDGE_CURVE ( 'NONE', #8, #11, #4776, .T. ) ;
#11 = VERTEX_POINT ( 'NONE', #4838 ) ;
#12 = ORIENTED_EDGE ( 'NONE', *, *, #13, .F. ) ;
#13 = EDGE_CURVE ( 'NONE', #3121, #61, #4837, .T. ) ;
#14 = EDGE_LOOP ( 'NONE', ( #15, #19, #22, #25 ) ) ;
#15 = ORIENTED_EDGE ( 'NONE', *, *, #16, .F. ) ;
#16 = EDGE_CURVE ( 'NONE', #17, #18, #4833, .T. ) ;
#17 = VERTEX_POINT ( 'NONE', #4829 ) ;
#18 = VERTEX_POINT ( 'NONE', #4828 ) ;
#19 = ORIENTED_EDGE ( 'NONE', *, *, #20, .T. ) ;
#20 = EDGE_CURVE ( 'NONE', #17, #21, #4827, .T. ) ;
#21 = VERTEX_POINT ( 'NONE', #4823 ) ;
#22 = ORIENTED_EDGE ( 'NONE', *, *, #23, .T. ) ;
#23 = EDGE_CURVE ( 'NONE', #21, #24, #4822, .T. ) ;
#24 = VERTEX_POINT ( 'NONE', #4818 ) ;
#25 = ORIENTED_EDGE ( 'NONE', *, *, #26, .F. ) ;
#26 = EDGE_CURVE ( 'NONE', #18, #24, #4817, .T. ) ;
#27 = EDGE_LOOP ( 'NONE', ( #28, #32, #35, #38 ) ) ;
#28 = ORIENTED_EDGE ( 'NONE', *, *, #29, .T. ) ;
#29 = EDGE_CURVE ( 'NONE', #30, #31, #4813, .T. ) ;
#30 = VERTEX_POINT ( 'NONE', #4809 ) ;
#31 = VERTEX_POINT ( 'NONE', #4808 ) ;
#32 = ORIENTED_EDGE ( 'NONE', *, *, #33, .T. ) ;
#33 = EDGE_CURVE ( 'NONE', #31, #34, #4871, .T. ) ;
#34 = VERTEX_POINT ( 'NONE', #4867 ) ;
#35 = ORIENTED_EDGE ( 'NONE', *, *, #36, .T. ) ;
#36 = EDGE_CURVE ( 'NONE', #34, #37, #4866, .T. ) ;
#37 = VERTEX_POINT ( 'NONE', #4862 ) ;
#38 = ORIENTED_EDGE ( 'NONE', *, *, #39, .F. ) ;
#39 = EDGE_CURVE ( 'NONE', #30, #37, #4861, .T. ) ;
#40 = EDGE_LOOP ( 'NONE', ( #41, #65, #68, #71 ) ) ;
#41 = ORIENTED_EDGE ( 'NONE', *, *, #62, .F. ) ;
#42 = ORIENTED_EDGE ( 'NONE', *, *, #60, .T. ) ;
#43 = VERTEX_POINT ( 'NONE', #4857 ) ;
#44 = VERTEX_POINT ( 'NONE', #4856 ) ;
#45 = ORIENTED_EDGE ( 'NONE', *, *, #46, .T. ) ;
#46 = EDGE_CURVE ( 'NONE', #44, #47, #4855, .T. ) ;
#47 = VERTEX_POINT ( 'NONE', #4851 ) ;
#48 = ORIENTED_EDGE ( 'NONE', *, *, #49, .T. ) ;
#49 = EDGE_CURVE ( 'NONE', #47, #50, #4850, .T. ) ;
#50 = VERTEX_POINT ( 'NONE', #4846 ) ;
#51 = ORIENTED_EDGE ( 'NONE', *, *, #52, .F. ) ;
#52 = EDGE_CURVE ( 'NONE', #43, #50, #4845, .T. ) ;
#53 = EDGE_LOOP ( 'NONE', ( #54, #58, #101, #104 ) ) ;
#54 = ORIENTED_EDGE ( 'NONE', *, *, #55, .F. ) ;
#55 = EDGE_CURVE ( 'NONE', #56, #57, #4903, .T. ) ;
#56 = VERTEX_POINT ( 'NONE', #4899 ) ;
#57 = VERTEX_POINT ( 'NONE', #4898 ) ;
#58 = ORIENTED_EDGE ( 'NONE', *, *, #100, .T. ) ;
#59 = VERTEX_POINT ( 'NONE', #4897 ) ;
#60 = EDGE_CURVE ( 'NONE', #3040, #61, #4896, .T. ) ;
#61 = VERTEX_POINT ( 'NONE', #4892 ) ;
#62 = EDGE_CURVE ( 'NONE', #63, #64, #4891, .T. ) ;
#63 = VERTEX_POINT ( 'NONE', #4887 ) ;
#64 = VERTEX_POINT ( 'NONE', #4886 ) ;
#65 = ORIENTED_EDGE ( 'NONE', *, *, #66, .T. ) ;
#66 = EDGE_CURVE ( 'NONE', #63, #67, #4885, .T. ) ;
#67 = VERTEX_POINT ( 'NONE', #4881 ) ;
#68 = ORIENTED_EDGE ( 'NONE', *, *, #69, .T. ) ;
#69 = EDGE_CURVE ( 'NONE', #67, #70, #4880, .T. ) ;
#70 = VERTEX_POINT ( 'NONE', #4876 ) ;
#71 = ORIENTED_EDGE ( 'NONE', *, *, #72, .F. ) ;
#72 = EDGE_CURVE ( 'NONE', #64, #70, #4875, .T. ) ;
#73 = EDGE_LOOP ( 'NONE', ( #74, #45, #48, #51 ) ) ;
#74 = ORIENTED_EDGE ( 'NONE', *, *, #75, .T. ) ;
#75 = EDGE_CURVE ( 'NONE', #43, #44, #4935, .T. ) ;
#76 = EDGE_CURVE ( 'NONE', #94, #77, #4931, .T. ) ;
#77 = VERTEX_POINT ( 'NONE', #4927 ) ;
#78 = EDGE_CURVE ( 'NONE', #138, #79, #4926, .T. ) ;
#79 = VERTEX_POINT ( 'NONE', #4922 ) ;
#80 = ORIENTED_EDGE ( 'NONE', *, *, #81, .T. ) ;
#81 = EDGE_CURVE ( 'NONE', #88, #89, #4921, .T. ) ;
#82 = ORIENTED_EDGE ( 'NONE', *, *, #161, .T. ) ;
#83 = EDGE_LOOP ( 'NONE', ( #98, #84, #143, #99, #145, #157, #3132, #3141, #3160, #3128, #3145, #3130, #3159, #3148, #3142, #3126, #3154, #3155, #3149, #3151, #3138, #3139, #3163, #3212, #3194, #3199, #3214, #3178, #3210, #3177, #3200, #3203, #3180, #3211, #3201, #3204, #3181, #3183, #3176, #3184, #3207, #3185, #3191, #3208, #3826, #3827, #3830, #3833, #3835, #3836, #3908, #3911, #3079, #3818, #3821, #3824, #3895, #3896, #3899, #3902, #3904, #3905, #3881, #3884, #3886, #3887, #3890, #3893, #3867, #3868, #3871, #3874 ) ) ;
#84 = ORIENTED_EDGE ( 'NONE', *, *, #153, .F. ) ;
#85 = EDGE_CURVE ( 'NONE', #141, #3728, #4917, .T. ) ;
#86 = EDGE_CURVE ( 'NONE', #151, #87, #4913, .T. ) ;
#87 = VERTEX_POINT ( 'NONE', #4909 ) ;
#88 = VERTEX_POINT ( 'NONE', #4908 ) ;
#89 = VERTEX_POINT ( 'NONE', #4907 ) ;
#90 = ORIENTED_EDGE ( 'NONE', *, *, #76, .T. ) ;
#91 = EDGE_CURVE ( 'NONE', #96, #147, #4906, .T. ) ;
#92 = ORIENTED_EDGE ( 'NONE', *, *, #78, .T. ) ;
#93 = EDGE_CURVE ( 'NONE', #156, #94, #4965, .T. ) ;
#94 = VERTEX_POINT ( 'NONE', #4961 ) ;
#95 = EDGE_CURVE ( 'NONE', #77, #96, #4960, .T. ) ;
#96 = VERTEX_POINT ( 'NONE', #4956 ) ;
#97 = ORIENTED_EDGE ( 'NONE', *, *, #86, .T. ) ;
#98 = ORIENTED_EDGE ( 'NONE', *, *, #3799, .T. ) ;
#99 = ORIENTED_EDGE ( 'NONE', *, *, #85, .T. ) ;
#100 = EDGE_CURVE ( 'NONE', #56, #59, #4955, .T. ) ;
#101 = ORIENTED_EDGE ( 'NONE', *, *, #102, .T. ) ;
#102 = EDGE_CURVE ( 'NONE', #59, #103, #4951, .T. ) ;
#103 = VERTEX_POINT ( 'NONE', #4947 ) ;
#104 = ORIENTED_EDGE ( 'NONE', *, *, #105, .F. ) ;
#105 = EDGE_CURVE ( 'NONE', #57, #103, #4946, .T. ) ;
#106 = EDGE_LOOP ( 'NONE', ( #107, #111, #115, #117 ) ) ;
#107 = ORIENTED_EDGE ( 'NONE', *, *, #108, .T. ) ;
#108 = EDGE_CURVE ( 'NONE', #109, #110, #4942, .T. ) ;
#109 = VERTEX_POINT ( 'NONE', #4938 ) ;
#110 = VERTEX_POINT ( 'NONE', #4937 ) ;
#111 = ORIENTED_EDGE ( 'NONE', *, *, #112, .T. ) ;
#112 = EDGE_CURVE ( 'NONE', #110, #113, #4936, .T. ) ;
#113 = VERTEX_POINT ( 'NONE', #4996 ) ;
#114 = VERTEX_POINT ( 'NONE', #4995 ) ;
#115 = ORIENTED_EDGE ( 'NONE', *, *, #116, .T. ) ;
#116 = EDGE_CURVE ( 'NONE', #113, #114, #4994, .T. ) ;
#117 = ORIENTED_EDGE ( 'NONE', *, *, #118, .F. ) ;
#118 = EDGE_CURVE ( 'NONE', #109, #114, #4990, .T. ) ;
#119 = EDGE_LOOP ( 'NONE', ( #120, #6, #9, #3449 ) ) ;
#120 = ORIENTED_EDGE ( 'NONE', *, *, #3, .F. ) ;
#121 = EDGE_CURVE ( 'NONE', #122, #4800, #4986, .T. ) ;
#122 = VERTEX_POINT ( 'NONE', #4982 ) ;
#123 = ORIENTED_EDGE ( 'NONE', *, *, #124, .F. ) ;
#124 = EDGE_CURVE ( 'NONE', #125, #122, #4981, .T. ) ;
#125 = VERTEX_POINT ( 'NONE', #4977 ) ;
#126 = ORIENTED_EDGE ( 'NONE', *, *, #127, .T. ) ;
#127 = EDGE_CURVE ( 'NONE', #125, #4799, #4976, .T. ) ;
#128 = ADVANCED_FACE ( 'NONE', ( #4972 ), #4971, .F. ) ;
#129 = EDGE_LOOP ( 'NONE', ( #130, #133, #190, #192 ) ) ;
#130 = ORIENTED_EDGE ( 'NONE', *, *, #131, .T. ) ;
#131 = EDGE_CURVE ( 'NONE', #4800, #132, #5032, .T. ) ;
#132 = VERTEX_POINT ( 'NONE', #5028 ) ;
#133 = ORIENTED_EDGE ( 'NONE', *, *, #134, .F. ) ;
#134 = EDGE_CURVE ( 'NONE', #135, #132, #5027, .T. ) ;
#135 = VERTEX_POINT ( 'NONE', #5023 ) ;
#136 = ORIENTED_EDGE ( 'NONE', *, *, #148, .T. ) ;
#137 = EDGE_CURVE ( 'NONE', #142, #138, #5022, .T. ) ;
#138 = VERTEX_POINT ( 'NONE', #5018 ) ;
#139 = ORIENTED_EDGE ( 'NONE', *, *, #93, .T. ) ;
#140 = EDGE_CURVE ( 'NONE', #154, #141, #5017, .T. ) ;
#141 = VERTEX_POINT ( 'NONE', #5013 ) ;
#142 = VERTEX_POINT ( 'NONE', #5012 ) ;
#143 = ORIENTED_EDGE ( 'NONE', *, *, #140, .T. ) ;
#144 = ORIENTED_EDGE ( 'NONE', *, *, #137, .T. ) ;
#145 = ORIENTED_EDGE ( 'NONE', *, *, #3671, .T. ) ;
#146 = ORIENTED_EDGE ( 'NONE', *, *, #91, .T. ) ;
#147 = VERTEX_POINT ( 'NONE', #5011 ) ;
#148 = EDGE_CURVE ( 'NONE', #89, #142, #5010, .T. ) ;
#149 = ORIENTED_EDGE ( 'NONE', *, *, #95, .T. ) ;
#150 = EDGE_CURVE ( 'NONE', #147, #151, #5006, .T. ) ;
#151 = VERTEX_POINT ( 'NONE', #5002 ) ;
#152 = ADVANCED_FACE ( 'NONE', ( #5001, #5000 ), #5063, .F. ) ;
#153 = EDGE_CURVE ( 'NONE', #154, #3796, #5058, .T. ) ;
#154 = VERTEX_POINT ( 'NONE', #5054 ) ;
#155 = EDGE_CURVE ( 'NONE', #79, #156, #5053, .T. ) ;
#156 = VERTEX_POINT ( 'NONE', #5049 ) ;
#157 = ORIENTED_EDGE ( 'NONE', *, *, #158, .T. ) ;
#158 = EDGE_CURVE ( 'NONE', #3656, #159, #5048, .T. ) ;
#159 = VERTEX_POINT ( 'NONE', #5044 ) ;
#160 = ORIENTED_EDGE ( 'NONE', *, *, #150, .T. ) ;
#161 = EDGE_CURVE ( 'NONE', #87, #88, #5043, .T. ) ;
#162 = EDGE_CURVE ( 'NONE', #3526, #3637, #5039, .T. ) ;
#163 = EDGE_LOOP ( 'NONE', ( #80, #136, #144, #92, #164, #139, #90, #149, #146, #160, #97, #82 ) ) ;
#164 = ORIENTED_EDGE ( 'NONE', *, *, #155, .T. ) ;
#165 = EDGE_LOOP ( 'NONE', ( #221, #222, #225, #228 ) ) ;
#166 = ADVANCED_FACE ( 'NONE', ( #5035 ), #5034, .F. ) ;
#167 = ORIENTED_EDGE ( 'NONE', *, *, #168, .T. ) ;
#168 = EDGE_CURVE ( 'NONE', #200, #3484, #5096, .T. ) ;
#169 = ORIENTED_EDGE ( 'NONE', *, *, #3483, .T. ) ;
#170 = ORIENTED_EDGE ( 'NONE', *, *, #4095, .T. ) ;
#171 = ORIENTED_EDGE ( 'NONE', *, *, #172, .T. ) ;
#172 = EDGE_CURVE ( 'NONE', #4093, #125, #5092, .T. ) ;
#173 = ORIENTED_EDGE ( 'NONE', *, *, #124, .T. ) ;
#174 = ORIENTED_EDGE ( 'NONE', *, *, #191, .T. ) ;
#175 = ORIENTED_EDGE ( 'NONE', *, *, #202, .T. ) ;
#176 = ADVANCED_FACE ( 'NONE', ( #5088 ), #5087, .F. ) ;
#177 = EDGE_LOOP ( 'NONE', ( #235, #236, #237, #238 ) ) ;
#178 = ORIENTED_EDGE ( 'NONE', *, *, #134, .T. ) ;
#179 = ADVANCED_FACE ( 'NONE', ( #5082 ), #5081, .T. ) ;
#180 = ORIENTED_EDGE ( 'NONE', *, *, #3472, .F. ) ;
#181 = ORIENTED_EDGE ( 'NONE', *, *, #182, .F. ) ;
#182 = EDGE_CURVE ( 'NONE', #197, #3493, #5076, .T. ) ;
#183 = ORIENTED_EDGE ( 'NONE', *, *, #196, .F. ) ;
#184 = ORIENTED_EDGE ( 'NONE', *, *, #131, .F. ) ;
#185 = ORIENTED_EDGE ( 'NONE', *, *, #4798, .F. ) ;
#186 = ORIENTED_EDGE ( 'NONE', *, *, #187, .F. ) ;
#187 = EDGE_CURVE ( 'NONE', #4090, #4799, #5072, .T. ) ;
#188 = ORIENTED_EDGE ( 'NONE', *, *, #4021, .F. ) ;
#189 = EDGE_LOOP ( 'NONE', ( #167, #169, #170, #171, #173, #174, #175 ) ) ;
#190 = ORIENTED_EDGE ( 'NONE', *, *, #191, .F. ) ;
#191 = EDGE_CURVE ( 'NONE', #122, #135, #5067, .T. ) ;
#192 = ORIENTED_EDGE ( 'NONE', *, *, #121, .T. ) ;
#193 = ADVANCED_FACE ( 'NONE', ( #5129 ), #5128, .F. ) ;
#194 = EDGE_LOOP ( 'NONE', ( #195, #198, #201, #178 ) ) ;
#195 = ORIENTED_EDGE ( 'NONE', *, *, #196, .T. ) ;
#196 = EDGE_CURVE ( 'NONE', #132, #197, #5123, .T. ) ;
#197 = VERTEX_POINT ( 'NONE', #5119 ) ;
#198 = ORIENTED_EDGE ( 'NONE', *, *, #199, .F. ) ;
#199 = EDGE_CURVE ( 'NONE', #200, #197, #5118, .T. ) ;
#200 = VERTEX_POINT ( 'NONE', #5114 ) ;
#201 = ORIENTED_EDGE ( 'NONE', *, *, #202, .F. ) ;
#202 = EDGE_CURVE ( 'NONE', #135, #200, #5113, .T. ) ;
#203 = EDGE_LOOP ( 'NONE', ( #180, #181, #183, #184, #185, #186, #188 ) ) ;
#204 = EDGE_LOOP ( 'NONE', ( #205, #206, #207, #12467 ) ) ;
#205 = ORIENTED_EDGE ( 'NONE', *, *, #223, .F. ) ;
#206 = ORIENTED_EDGE ( 'NONE', *, *, #3568, .T. ) ;
#207 = ORIENTED_EDGE ( 'NONE', *, *, #12439, .F. ) ;
#208 = ORIENTED_EDGE ( 'NONE', *, *, #209, .F. ) ;
#209 = EDGE_CURVE ( 'NONE', #210, #234, #5109, .T. ) ;
#210 = VERTEX_POINT ( 'NONE', #5105 ) ;
#211 = ORIENTED_EDGE ( 'NONE', *, *, #212, .F. ) ;
#212 = EDGE_CURVE ( 'NONE', #227, #210, #5104, .T. ) ;
#213 = ORIENTED_EDGE ( 'NONE', *, *, #226, .T. ) ;
#214 = ADVANCED_FACE ( 'NONE', ( #5100 ), #5164, .F. ) ;
#215 = EDGE_LOOP ( 'NONE', ( #216, #217, #219, #220 ) ) ;
#216 = ORIENTED_EDGE ( 'NONE', *, *, #3453, .F. ) ;
#217 = ORIENTED_EDGE ( 'NONE', *, *, #218, .F. ) ;
#218 = EDGE_CURVE ( 'NONE', #210, #3502, #5159, .T. ) ;
#219 = ORIENTED_EDGE ( 'NONE', *, *, #209, .T. ) ;
#220 = ORIENTED_EDGE ( 'NONE', *, *, #12439, .T. ) ;
#221 = ORIENTED_EDGE ( 'NONE', *, *, #3542, .F. ) ;
#222 = ORIENTED_EDGE ( 'NONE', *, *, #223, .T. ) ;
#223 = EDGE_CURVE ( 'NONE', #3588, #224, #5155, .T. ) ;
#224 = VERTEX_POINT ( 'NONE', #5151 ) ;
#225 = ORIENTED_EDGE ( 'NONE', *, *, #226, .F. ) ;
#226 = EDGE_CURVE ( 'NONE', #227, #224, #5150, .T. ) ;
#227 = VERTEX_POINT ( 'NONE', #5146 ) ;
#228 = ORIENTED_EDGE ( 'NONE', *, *, #229, .F. ) ;
#229 = EDGE_CURVE ( 'NONE', #3543, #227, #5145, .T. ) ;
#230 = ADVANCED_FACE ( 'NONE', ( #5141 ), #5140, .F. ) ;
#231 = EDGE_LOOP ( 'NONE', ( #232, #208, #211, #213 ) ) ;
#232 = ORIENTED_EDGE ( 'NONE', *, *, #233, .T. ) ;
#233 = EDGE_CURVE ( 'NONE', #224, #234, #5135, .T. ) ;
#234 = VERTEX_POINT ( 'NONE', #5131 ) ;
#235 = ORIENTED_EDGE ( 'NONE', *, *, #172, .F. ) ;
#236 = ORIENTED_EDGE ( 'NONE', *, *, #4092, .T. ) ;
#237 = ORIENTED_EDGE ( 'NONE', *, *, #187, .T. ) ;
#238 = ORIENTED_EDGE ( 'NONE', *, *, #127, .F. ) ;
#239 = ADVANCED_FACE ( 'NONE', ( #5130 ), #5198, .F. ) ;
#240 = EDGE_LOOP ( 'NONE', ( #241, #242, #243, #244 ) ) ;
#241 = ORIENTED_EDGE ( 'NONE', *, *, #182, .T. ) ;
#242 = ORIENTED_EDGE ( 'NONE', *, *, #3492, .F. ) ;
#243 = ORIENTED_EDGE ( 'NONE', *, *, #168, .F. ) ;
#244 = ORIENTED_EDGE ( 'NONE', *, *, #199, .T. ) ;
#245 = ADVANCED_FACE ( 'NONE', ( #5197 ), #5192, .F. ) ;
#246 = ADVANCED_FACE ( 'NONE', ( #5187 ), #5186, .F. ) ;
#247 = EDGE_LOOP ( 'NONE', ( #301, #303, #304, #306 ) ) ;
#248 = ORIENTED_EDGE ( 'NONE', *, *, #265, .T. ) ;
#249 = ORIENTED_EDGE ( 'NONE', *, *, #12437, .F. ) ;
#250 = ORIENTED_EDGE ( 'NONE', *, *, #12476, .F. ) ;
#251 = ORIENTED_EDGE ( 'NONE', *, *, #3378, .T. ) ;
#252 = ADVANCED_FACE ( 'NONE', ( #5181 ), #5180, .F. ) ;
#253 = EDGE_LOOP ( 'NONE', ( #254, #258, #313, #315 ) ) ;
#254 = ORIENTED_EDGE ( 'NONE', *, *, #255, .T. ) ;
#255 = EDGE_CURVE ( 'NONE', #256, #257, #5175, .T. ) ;
#256 = VERTEX_POINT ( 'NONE', #5171 ) ;
#257 = VERTEX_POINT ( 'NONE', #5170 ) ;
#258 = ORIENTED_EDGE ( 'NONE', *, *, #259, .F. ) ;
#259 = EDGE_CURVE ( 'NONE', #260, #257, #5169, .T. ) ;
#260 = VERTEX_POINT ( 'NONE', #5165 ) ;
#261 = VERTEX_POINT ( 'NONE', #5230 ) ;
#262 = ORIENTED_EDGE ( 'NONE', *, *, #12474, .F. ) ;
#263 = ORIENTED_EDGE ( 'NONE', *, *, #12469, .F. ) ;
#264 = ORIENTED_EDGE ( 'NONE', *, *, #265, .F. ) ;
#265 = EDGE_CURVE ( 'NONE', #3441, #1, #5229, .T. ) ;
#266 = ADVANCED_FACE ( 'NONE', ( #5225 ), #5224, .F. ) ;
#267 = EDGE_LOOP ( 'NONE', ( #268, #269, #270, #271 ) ) ;
#268 = ORIENTED_EDGE ( 'NONE', *, *, #284, .T. ) ;
#269 = ORIENTED_EDGE ( 'NONE', *, *, #3182, .F. ) ;
#270 = ORIENTED_EDGE ( 'NONE', *, *, #278, .F. ) ;
#271 = ORIENTED_EDGE ( 'NONE', *, *, #12487, .T. ) ;
#272 = ADVANCED_FACE ( 'NONE', ( #5219 ), #5218, .F. ) ;
#273 = EDGE_LOOP ( 'NONE', ( #248, #249, #250, #251 ) ) ;
#274 = ORIENTED_EDGE ( 'NONE', *, *, #12428, .T. ) ;
#275 = ORIENTED_EDGE ( 'NONE', *, *, #12456, .T. ) ;
#276 = ORIENTED_EDGE ( 'NONE', *, *, #12484, .T. ) ;
#277 = ORIENTED_EDGE ( 'NONE', *, *, #278, .T. ) ;
#278 = EDGE_CURVE ( 'NONE', #12486, #3164, #5213, .T. ) ;
#279 = ADVANCED_FACE ( 'NONE', ( #5209 ), #5208, .T. ) ;
#280 = EDGE_LOOP ( 'NONE', ( #281, #282, #283, #12490, #262, #263, #264 ) ) ;
#281 = ORIENTED_EDGE ( 'NONE', *, *, #3440, .F. ) ;
#282 = ORIENTED_EDGE ( 'NONE', *, *, #3213, .F. ) ;
#283 = ORIENTED_EDGE ( 'NONE', *, *, #284, .F. ) ;
#284 = EDGE_CURVE ( 'NONE', #12489, #3202, #5203, .T. ) ;
#285 = ORIENTED_EDGE ( 'NONE', *, *, #286, .F. ) ;
#286 = EDGE_CURVE ( 'NONE', #287, #366, #5199, .T. ) ;
#287 = VERTEX_POINT ( 'NONE', #5261 ) ;
#288 = ORIENTED_EDGE ( 'NONE', *, *, #321, .T. ) ;
#289 = ADVANCED_FACE ( 'NONE', ( #5260 ), #5259, .T. ) ;
#290 = EDGE_LOOP ( 'NONE', ( #291, #292, #293, #294 ) ) ;
#291 = ORIENTED_EDGE ( 'NONE', *, *, #302, .F. ) ;
#292 = ORIENTED_EDGE ( 'NONE', *, *, #3563, .T. ) ;
#293 = ORIENTED_EDGE ( 'NONE', *, *, #324, .F. ) ;
#294 = ORIENTED_EDGE ( 'NONE', *, *, #255, .F. ) ;
#295 = ADVANCED_FACE ( 'NONE', ( #5254 ), #5253, .F. ) ;
#296 = EDGE_LOOP ( 'NONE', ( #297, #354, #357, #360 ) ) ;
#297 = ORIENTED_EDGE ( 'NONE', *, *, #298, .T. ) ;
#298 = EDGE_CURVE ( 'NONE', #299, #300, #5248, .T. ) ;
#299 = VERTEX_POINT ( 'NONE', #5244 ) ;
#300 = VERTEX_POINT ( 'NONE', #5243 ) ;
#301 = ORIENTED_EDGE ( 'NONE', *, *, #302, .T. ) ;
#302 = EDGE_CURVE ( 'NONE', #3504, #256, #5242, .T. ) ;
#303 = ORIENTED_EDGE ( 'NONE', *, *, #316, .F. ) ;
#304 = ORIENTED_EDGE ( 'NONE', *, *, #305, .F. ) ;
#305 = EDGE_CURVE ( 'NONE', #3635, #261, #5238, .T. ) ;
#306 = ORIENTED_EDGE ( 'NONE', *, *, #3503, .T. ) ;
#307 = ADVANCED_FACE ( 'NONE', ( #5234 ), #5233, .F. ) ;
#308 = EDGE_LOOP ( 'NONE', ( #309, #310, #311, #288 ) ) ;
#309 = ORIENTED_EDGE ( 'NONE', *, *, #3512, .F. ) ;
#310 = ORIENTED_EDGE ( 'NONE', *, *, #305, .T. ) ;
#311 = ORIENTED_EDGE ( 'NONE', *, *, #314, .T. ) ;
#312 = EDGE_CURVE ( 'NONE', #517, #3353, #5296, .T. ) ;
#313 = ORIENTED_EDGE ( 'NONE', *, *, #314, .F. ) ;
#314 = EDGE_CURVE ( 'NONE', #261, #260, #5292, .T. ) ;
#315 = ORIENTED_EDGE ( 'NONE', *, *, #316, .T. ) ;
#316 = EDGE_CURVE ( 'NONE', #261, #256, #5288, .T. ) ;
#317 = ADVANCED_FACE ( 'NONE', ( #5284 ), #5283, .F. ) ;
#318 = EDGE_LOOP ( 'NONE', ( #319, #320, #322, #323 ) ) ;
#319 = ORIENTED_EDGE ( 'NONE', *, *, #3537, .F. ) ;
#320 = ORIENTED_EDGE ( 'NONE', *, *, #321, .F. ) ;
#321 = EDGE_CURVE ( 'NONE', #260, #3505, #5278, .T. ) ;
#322 = ORIENTED_EDGE ( 'NONE', *, *, #259, .T. ) ;
#323 = ORIENTED_EDGE ( 'NONE', *, *, #324, .T. ) ;
#324 = EDGE_CURVE ( 'NONE', #257, #3538, #5274, .T. ) ;
#325 = ORIENTED_EDGE ( 'NONE', *, *, #358, .T. ) ;
#326 = ORIENTED_EDGE ( 'NONE', *, *, #341, .T. ) ;
#327 = ORIENTED_EDGE ( 'NONE', *, *, #352, .T. ) ;
#328 = ORIENTED_EDGE ( 'NONE', *, *, #286, .T. ) ;
#329 = ADVANCED_FACE ( 'NONE', ( #5270 ), #5269, .T. ) ;
#330 = ORIENTED_EDGE ( 'NONE', *, *, #3462, .F. ) ;
#331 = ORIENTED_EDGE ( 'NONE', *, *, #332, .F. ) ;
#332 = EDGE_CURVE ( 'NONE', #347, #3407, #5330, .T. ) ;
#333 = ORIENTED_EDGE ( 'NONE', *, *, #346, .F. ) ;
#334 = ORIENTED_EDGE ( 'NONE', *, *, #365, .F. ) ;
#335 = ORIENTED_EDGE ( 'NONE', *, *, #298, .F. ) ;
#336 = ORIENTED_EDGE ( 'NONE', *, *, #337, .F. ) ;
#337 = EDGE_CURVE ( 'NONE', #4013, #299, #5326, .T. ) ;
#338 = ORIENTED_EDGE ( 'NONE', *, *, #4012, .F. ) ;
#339 = EDGE_LOOP ( 'NONE', ( #399, #401, #402, #403, #325, #326, #327 ) ) ;
#340 = ORIENTED_EDGE ( 'NONE', *, *, #341, .F. ) ;
#341 = EDGE_CURVE ( 'NONE', #356, #287, #5322, .T. ) ;
#342 = ORIENTED_EDGE ( 'NONE', *, *, #355, .T. ) ;
#343 = ADVANCED_FACE ( 'NONE', ( #5318 ), #5317, .F. ) ;
#344 = EDGE_LOOP ( 'NONE', ( #345, #348, #351, #328 ) ) ;
#345 = ORIENTED_EDGE ( 'NONE', *, *, #346, .T. ) ;
#346 = EDGE_CURVE ( 'NONE', #366, #347, #5312, .T. ) ;
#347 = VERTEX_POINT ( 'NONE', #5308 ) ;
#348 = ORIENTED_EDGE ( 'NONE', *, *, #349, .F. ) ;
#349 = EDGE_CURVE ( 'NONE', #350, #347, #5307, .T. ) ;
#350 = VERTEX_POINT ( 'NONE', #5303 ) ;
#351 = ORIENTED_EDGE ( 'NONE', *, *, #352, .F. ) ;
#352 = EDGE_CURVE ( 'NONE', #287, #350, #5302, .T. ) ;
#353 = EDGE_LOOP ( 'NONE', ( #330, #331, #333, #334, #335, #336, #338 ) ) ;
#354 = ORIENTED_EDGE ( 'NONE', *, *, #355, .F. ) ;
#355 = EDGE_CURVE ( 'NONE', #356, #300, #5361, .T. ) ;
#356 = VERTEX_POINT ( 'NONE', #5357 ) ;
#357 = ORIENTED_EDGE ( 'NONE', *, *, #358, .F. ) ;
#358 = EDGE_CURVE ( 'NONE', #359, #356, #5356, .T. ) ;
#359 = VERTEX_POINT ( 'NONE', #5352 ) ;
#360 = ORIENTED_EDGE ( 'NONE', *, *, #361, .T. ) ;
#361 = EDGE_CURVE ( 'NONE', #359, #299, #5351, .T. ) ;
#362 = ADVANCED_FACE ( 'NONE', ( #5347 ), #5346, .F. ) ;
#363 = EDGE_LOOP ( 'NONE', ( #364, #285, #340, #342 ) ) ;
#364 = ORIENTED_EDGE ( 'NONE', *, *, #365, .T. ) ;
#365 = EDGE_CURVE ( 'NONE', #300, #366, #5341, .T. ) ;
#366 = VERTEX_POINT ( 'NONE', #5337 ) ;
#367 = EDGE_LOOP ( 'NONE', ( #368, #369, #371, #424 ) ) ;
#368 = ORIENTED_EDGE ( 'NONE', *, *, #3533, .F. ) ;
#369 = ORIENTED_EDGE ( 'NONE', *, *, #370, .F. ) ;
#370 = EDGE_CURVE ( 'NONE', #440, #3271, #5336, .T. ) ;
#371 = ORIENTED_EDGE ( 'NONE', *, *, #439, .T. ) ;
#372 = ADVANCED_FACE ( 'NONE', ( #5332 ), #5395, .F. ) ;
#373 = EDGE_LOOP ( 'NONE', ( #374, #375, #378, #381 ) ) ;
#374 = ORIENTED_EDGE ( 'NONE', *, *, #3361, .F. ) ;
#375 = ORIENTED_EDGE ( 'NONE', *, *, #376, .T. ) ;
#376 = EDGE_CURVE ( 'NONE', #3266, #377, #5390, .T. ) ;
#377 = VERTEX_POINT ( 'NONE', #5386 ) ;
#378 = ORIENTED_EDGE ( 'NONE', *, *, #379, .F. ) ;
#379 = EDGE_CURVE ( 'NONE', #380, #377, #5385, .T. ) ;
#380 = VERTEX_POINT ( 'NONE', #5381 ) ;
#381 = ORIENTED_EDGE ( 'NONE', *, *, #382, .F. ) ;
#382 = EDGE_CURVE ( 'NONE', #3267, #380, #5380, .T. ) ;
#383 = ADVANCED_FACE ( 'NONE', ( #5376 ), #5375, .F. ) ;
#384 = EDGE_LOOP ( 'NONE', ( #385, #438, #441, #443 ) ) ;
#385 = ORIENTED_EDGE ( 'NONE', *, *, #436, .T. ) ;
#386 = ADVANCED_FACE ( 'NONE', ( #5370 ), #5369, .F. ) ;
#387 = EDGE_LOOP ( 'NONE', ( #388, #389, #390, #391 ) ) ;
#388 = ORIENTED_EDGE ( 'NONE', *, *, #404, .F. ) ;
#389 = ORIENTED_EDGE ( 'NONE', *, *, #4015, .T. ) ;
#390 = ORIENTED_EDGE ( 'NONE', *, *, #337, .T. ) ;
#391 = ORIENTED_EDGE ( 'NONE', *, *, #361, .F. ) ;
#392 = ADVANCED_FACE ( 'NONE', ( #5364 ), #5363, .F. ) ;
#393 = EDGE_LOOP ( 'NONE', ( #394, #395, #396, #397 ) ) ;
#394 = ORIENTED_EDGE ( 'NONE', *, *, #332, .T. ) ;
#395 = ORIENTED_EDGE ( 'NONE', *, *, #3497, .F. ) ;
#396 = ORIENTED_EDGE ( 'NONE', *, *, #400, .F. ) ;
#397 = ORIENTED_EDGE ( 'NONE', *, *, #349, .T. ) ;
#398 = ADVANCED_FACE ( 'NONE', ( #5427 ), #5426, .F. ) ;
#399 = ORIENTED_EDGE ( 'NONE', *, *, #400, .T. ) ;
#400 = EDGE_CURVE ( 'NONE', #350, #3496, #5421, .T. ) ;
#401 = ORIENTED_EDGE ( 'NONE', *, *, #3495, .T. ) ;
#402 = ORIENTED_EDGE ( 'NONE', *, *, #4018, .T. ) ;
#403 = ORIENTED_EDGE ( 'NONE', *, *, #404, .T. ) ;
#404 = EDGE_CURVE ( 'NONE', #4016, #359, #5417, .T. ) ;
#405 = ADVANCED_FACE ( 'NONE', ( #5413 ), #5412, .F. ) ;
#406 = EDGE_LOOP ( 'NONE', ( #463, #466, #469, #471 ) ) ;
#407 = ORIENTED_EDGE ( 'NONE', *, *, #425, .F. ) ;
#408 = ORIENTED_EDGE ( 'NONE', *, *, #436, .F. ) ;
#409 = ADVANCED_FACE ( 'NONE', ( #5407 ), #5406, .F. ) ;
#410 = EDGE_LOOP ( 'NONE', ( #411, #415, #418, #421 ) ) ;
#411 = ORIENTED_EDGE ( 'NONE', *, *, #412, .T. ) ;
#412 = EDGE_CURVE ( 'NONE', #413, #414, #5401, .T. ) ;
#413 = VERTEX_POINT ( 'NONE', #5397 ) ;
#414 = VERTEX_POINT ( 'NONE', #5396 ) ;
#415 = ORIENTED_EDGE ( 'NONE', *, *, #416, .F. ) ;
#416 = EDGE_CURVE ( 'NONE', #417, #414, #5462, .T. ) ;
#417 = VERTEX_POINT ( 'NONE', #5458 ) ;
#418 = ORIENTED_EDGE ( 'NONE', *, *, #419, .F. ) ;
#419 = EDGE_CURVE ( 'NONE', #420, #417, #5457, .T. ) ;
#420 = VERTEX_POINT ( 'NONE', #5453 ) ;
#421 = ORIENTED_EDGE ( 'NONE', *, *, #422, .T. ) ;
#422 = EDGE_CURVE ( 'NONE', #420, #413, #5452, .T. ) ;
#423 = EDGE_LOOP ( 'NONE', ( #477, #480, #483, #485 ) ) ;
#424 = ORIENTED_EDGE ( 'NONE', *, *, #425, .T. ) ;
#425 = EDGE_CURVE ( 'NONE', #437, #3506, #5448, .T. ) ;
#426 = ADVANCED_FACE ( 'NONE', ( #5444 ), #5443, .F. ) ;
#427 = EDGE_LOOP ( 'NONE', ( #428, #429, #430, #431 ) ) ;
#428 = ORIENTED_EDGE ( 'NONE', *, *, #3269, .F. ) ;
#429 = ORIENTED_EDGE ( 'NONE', *, *, #382, .T. ) ;
#430 = ORIENTED_EDGE ( 'NONE', *, *, #442, .T. ) ;
#431 = ORIENTED_EDGE ( 'NONE', *, *, #370, .T. ) ;
#432 = ADVANCED_FACE ( 'NONE', ( #5438 ), #5437, .T. ) ;
#433 = EDGE_LOOP ( 'NONE', ( #434, #435, #407, #408 ) ) ;
#434 = ORIENTED_EDGE ( 'NONE', *, *, #376, .F. ) ;
#435 = ORIENTED_EDGE ( 'NONE', *, *, #3575, .T. ) ;
#436 = EDGE_CURVE ( 'NONE', #377, #437, #5432, .T. ) ;
#437 = VERTEX_POINT ( 'NONE', #5493 ) ;
#438 = ORIENTED_EDGE ( 'NONE', *, *, #439, .F. ) ;
#439 = EDGE_CURVE ( 'NONE', #440, #437, #5492, .T. ) ;
#440 = VERTEX_POINT ( 'NONE', #5488 ) ;
#441 = ORIENTED_EDGE ( 'NONE', *, *, #442, .F. ) ;
#442 = EDGE_CURVE ( 'NONE', #380, #440, #5487, .T. ) ;
#443 = ORIENTED_EDGE ( 'NONE', *, *, #379, .T. ) ;
#444 = ADVANCED_FACE ( 'NONE', ( #5483 ), #5482, .F. ) ;
#445 = EDGE_LOOP ( 'NONE', ( #446, #447, #448, #449 ) ) ;
#446 = ORIENTED_EDGE ( 'NONE', *, *, #462, .T. ) ;
#447 = ORIENTED_EDGE ( 'NONE', *, *, #3215, .F. ) ;
#448 = ORIENTED_EDGE ( 'NONE', *, *, #456, .F. ) ;
#449 = ORIENTED_EDGE ( 'NONE', *, *, #467, .T. ) ;
#450 = ORIENTED_EDGE ( 'NONE', *, *, #451, .T. ) ;
#451 = EDGE_CURVE ( 'NONE', #3402, #420, #5477, .T. ) ;
#452 = ORIENTED_EDGE ( 'NONE', *, *, #419, .T. ) ;
#453 = ORIENTED_EDGE ( 'NONE', *, *, #484, .T. ) ;
#454 = ORIENTED_EDGE ( 'NONE', *, *, #470, .T. ) ;
#455 = ORIENTED_EDGE ( 'NONE', *, *, #456, .T. ) ;
#456 = EDGE_CURVE ( 'NONE', #468, #3206, #5473, .T. ) ;
#457 = ADVANCED_FACE ( 'NONE', ( #5469 ), #5468, .T. ) ;
#458 = EDGE_LOOP ( 'NONE', ( #459, #460, #461, #520, #521, #522, #523 ) ) ;
#459 = ORIENTED_EDGE ( 'NONE', *, *, #3342, .F. ) ;
#460 = ORIENTED_EDGE ( 'NONE', *, *, #3179, .F. ) ;
#461 = ORIENTED_EDGE ( 'NONE', *, *, #462, .F. ) ;
#462 = EDGE_CURVE ( 'NONE', #465, #3216, #5463, .T. ) ;
#463 = ORIENTED_EDGE ( 'NONE', *, *, #464, .T. ) ;
#464 = EDGE_CURVE ( 'NONE', #479, #465, #5525, .T. ) ;
#465 = VERTEX_POINT ( 'NONE', #5521 ) ;
#466 = ORIENTED_EDGE ( 'NONE', *, *, #467, .F. ) ;
#467 = EDGE_CURVE ( 'NONE', #468, #465, #5520, .T. ) ;
#468 = VERTEX_POINT ( 'NONE', #5516 ) ;
#469 = ORIENTED_EDGE ( 'NONE', *, *, #470, .F. ) ;
#470 = EDGE_CURVE ( 'NONE', #482, #468, #5515, .T. ) ;
#471 = ORIENTED_EDGE ( 'NONE', *, *, #481, .T. ) ;
#472 = ADVANCED_FACE ( 'NONE', ( #5511 ), #5510, .F. ) ;
#473 = EDGE_LOOP ( 'NONE', ( #474, #475, #450, #452, #453, #454, #455 ) ) ;
#474 = ORIENTED_EDGE ( 'NONE', *, *, #3205, .T. ) ;
#475 = ORIENTED_EDGE ( 'NONE', *, *, #3374, .T. ) ;
#476 = ADVANCED_FACE ( 'NONE', ( #5505 ), #5504, .F. ) ;
#477 = ORIENTED_EDGE ( 'NONE', *, *, #478, .T. ) ;
#478 = EDGE_CURVE ( 'NONE', #414, #479, #5499, .T. ) ;
#479 = VERTEX_POINT ( 'NONE', #5560 ) ;
#480 = ORIENTED_EDGE ( 'NONE', *, *, #481, .F. ) ;
#481 = EDGE_CURVE ( 'NONE', #482, #479, #5559, .T. ) ;
#482 = VERTEX_POINT ( 'NONE', #5555 ) ;
#483 = ORIENTED_EDGE ( 'NONE', *, *, #484, .F. ) ;
#484 = EDGE_CURVE ( 'NONE', #417, #482, #5554, .T. ) ;
#485 = ORIENTED_EDGE ( 'NONE', *, *, #416, .T. ) ;
#486 = ORIENTED_EDGE ( 'NONE', *, *, #487, .F. ) ;
#487 = EDGE_CURVE ( 'NONE', #3240, #496, #5550, .T. ) ;
#488 = ORIENTED_EDGE ( 'NONE', *, *, #3239, .T. ) ;
#489 = ADVANCED_FACE ( 'NONE', ( #5546 ), #5545, .F. ) ;
#490 = EDGE_LOOP ( 'NONE', ( #491, #492, #547, #548 ) ) ;
#491 = ORIENTED_EDGE ( 'NONE', *, *, #3283, .F. ) ;
#492 = ORIENTED_EDGE ( 'NONE', *, *, #487, .T. ) ;
#493 = VERTEX_POINT ( 'NONE', #5540 ) ;
#494 = ORIENTED_EDGE ( 'NONE', *, *, #495, .F. ) ;
#495 = EDGE_CURVE ( 'NONE', #496, #493, #5539, .T. ) ;
#496 = VERTEX_POINT ( 'NONE', #5535 ) ;
#497 = ORIENTED_EDGE ( 'NONE', *, *, #498, .T. ) ;
#498 = EDGE_CURVE ( 'NONE', #496, #516, #5534, .T. ) ;
#499 = ADVANCED_FACE ( 'NONE', ( #5530 ), #5529, .F. ) ;
#500 = EDGE_LOOP ( 'NONE', ( #501, #502, #504, #505 ) ) ;
#501 = ORIENTED_EDGE ( 'NONE', *, *, #3351, .F. ) ;
#502 = ORIENTED_EDGE ( 'NONE', *, *, #503, .F. ) ;
#503 = EDGE_CURVE ( 'NONE', #493, #3284, #5591, .T. ) ;
#504 = ORIENTED_EDGE ( 'NONE', *, *, #519, .T. ) ;
#505 = ORIENTED_EDGE ( 'NONE', *, *, #312, .T. ) ;
#506 = ADVANCED_FACE ( 'NONE', ( #5587 ), #5586, .F. ) ;
#507 = EDGE_LOOP ( 'NONE', ( #508, #509, #510, #511 ) ) ;
#508 = ORIENTED_EDGE ( 'NONE', *, *, #524, .T. ) ;
#509 = ORIENTED_EDGE ( 'NONE', *, *, #422, .F. ) ;
#510 = ORIENTED_EDGE ( 'NONE', *, *, #451, .F. ) ;
#511 = ORIENTED_EDGE ( 'NONE', *, *, #3401, .T. ) ;
#512 = ADVANCED_FACE ( 'NONE', ( #5581 ), #5580, .F. ) ;
#513 = EDGE_LOOP ( 'NONE', ( #514, #518, #494, #497 ) ) ;
#514 = ORIENTED_EDGE ( 'NONE', *, *, #515, .T. ) ;
#515 = EDGE_CURVE ( 'NONE', #516, #517, #5575, .T. ) ;
#516 = VERTEX_POINT ( 'NONE', #5571 ) ;
#517 = VERTEX_POINT ( 'NONE', #5570 ) ;
#518 = ORIENTED_EDGE ( 'NONE', *, *, #519, .F. ) ;
#519 = EDGE_CURVE ( 'NONE', #493, #517, #5569, .T. ) ;
#520 = ORIENTED_EDGE ( 'NONE', *, *, #464, .F. ) ;
#521 = ORIENTED_EDGE ( 'NONE', *, *, #478, .F. ) ;
#522 = ORIENTED_EDGE ( 'NONE', *, *, #412, .F. ) ;
#523 = ORIENTED_EDGE ( 'NONE', *, *, #524, .F. ) ;
#524 = EDGE_CURVE ( 'NONE', #3343, #413, #5565, .T. ) ;
#525 = ADVANCED_FACE ( 'NONE', ( #5561 ), #5626, .F. ) ;
#526 = VERTEX_POINT ( 'NONE', #5621 ) ;
#527 = ORIENTED_EDGE ( 'NONE', *, *, #528, .F. ) ;
#528 = EDGE_CURVE ( 'NONE', #529, #526, #5620, .T. ) ;
#529 = VERTEX_POINT ( 'NONE', #5616 ) ;
#530 = ORIENTED_EDGE ( 'NONE', *, *, #531, .F. ) ;
#531 = EDGE_CURVE ( 'NONE', #598, #529, #5615, .T. ) ;
#532 = ORIENTED_EDGE ( 'NONE', *, *, #533, .F. ) ;
#533 = EDGE_CURVE ( 'NONE', #534, #560, #5611, .T. ) ;
#534 = VERTEX_POINT ( 'NONE', #5607 ) ;
#535 = ORIENTED_EDGE ( 'NONE', *, *, #536, .F. ) ;
#536 = EDGE_CURVE ( 'NONE', #537, #534, #5606, .T. ) ;
#537 = VERTEX_POINT ( 'NONE', #5602 ) ;
#538 = ORIENTED_EDGE ( 'NONE', *, *, #539, .T. ) ;
#539 = EDGE_CURVE ( 'NONE', #537, #559, #5601, .T. ) ;
#540 = ADVANCED_FACE ( 'NONE', ( #5597 ), #5596, .F. ) ;
#541 = EDGE_LOOP ( 'NONE', ( #542, #545, #599, #601 ) ) ;
#542 = ORIENTED_EDGE ( 'NONE', *, *, #543, .T. ) ;
#543 = EDGE_CURVE ( 'NONE', #560, #544, #5659, .T. ) ;
#544 = VERTEX_POINT ( 'NONE', #5655 ) ;
#545 = ORIENTED_EDGE ( 'NONE', *, *, #546, .F. ) ;
#546 = EDGE_CURVE ( 'NONE', #598, #544, #5654, .T. ) ;
#547 = ORIENTED_EDGE ( 'NONE', *, *, #495, .T. ) ;
#548 = ORIENTED_EDGE ( 'NONE', *, *, #503, .T. ) ;
#549 = ADVANCED_FACE ( 'NONE', ( #5650 ), #5649, .T. ) ;
#550 = EDGE_LOOP ( 'NONE', ( #551, #552, #553, #554 ) ) ;
#551 = ORIENTED_EDGE ( 'NONE', *, *, #564, .F. ) ;
#552 = ORIENTED_EDGE ( 'NONE', *, *, #3355, .T. ) ;
#553 = ORIENTED_EDGE ( 'NONE', *, *, #312, .F. ) ;
#554 = ORIENTED_EDGE ( 'NONE', *, *, #515, .F. ) ;
#555 = ADVANCED_FACE ( 'NONE', ( #5644 ), #5643, .F. ) ;
#556 = EDGE_LOOP ( 'NONE', ( #557, #532, #535, #538 ) ) ;
#557 = ORIENTED_EDGE ( 'NONE', *, *, #558, .T. ) ;
#558 = EDGE_CURVE ( 'NONE', #559, #560, #5638, .T. ) ;
#559 = VERTEX_POINT ( 'NONE', #5634 ) ;
#560 = VERTEX_POINT ( 'NONE', #5633 ) ;
#561 = ADVANCED_FACE ( 'NONE', ( #5632 ), #5631, .F. ) ;
#562 = EDGE_LOOP ( 'NONE', ( #563, #565, #486, #488 ) ) ;
#563 = ORIENTED_EDGE ( 'NONE', *, *, #564, .T. ) ;
#564 = EDGE_CURVE ( 'NONE', #3277, #516, #5692, .T. ) ;
#565 = ORIENTED_EDGE ( 'NONE', *, *, #498, .F. ) ;
#566 = ORIENTED_EDGE ( 'NONE', *, *, #596, .T. ) ;
#567 = ORIENTED_EDGE ( 'NONE', *, *, #539, .F. ) ;
#568 = ADVANCED_FACE ( 'NONE', ( #5688 ), #5687, .F. ) ;
#569 = EDGE_LOOP ( 'NONE', ( #570, #571, #572, #573 ) ) ;
#570 = ORIENTED_EDGE ( 'NONE', *, *, #591, .T. ) ;
#571 = ORIENTED_EDGE ( 'NONE', *, *, #3420, .F. ) ;
#572 = ORIENTED_EDGE ( 'NONE', *, *, #578, .F. ) ;
#573 = ORIENTED_EDGE ( 'NONE', *, *, #528, .T. ) ;
#574 = EDGE_LOOP ( 'NONE', ( #628, #629, #632, #635 ) ) ;
#575 = ORIENTED_EDGE ( 'NONE', *, *, #4030, .F. ) ;
#576 = ADVANCED_FACE ( 'NONE', ( #5682 ), #5681, .F. ) ;
#577 = ORIENTED_EDGE ( 'NONE', *, *, #578, .T. ) ;
#578 = EDGE_CURVE ( 'NONE', #529, #3413, #5676, .T. ) ;
#579 = ORIENTED_EDGE ( 'NONE', *, *, #3412, .T. ) ;
#580 = ORIENTED_EDGE ( 'NONE', *, *, #4009, .T. ) ;
#581 = ORIENTED_EDGE ( 'NONE', *, *, #582, .T. ) ;
#582 = EDGE_CURVE ( 'NONE', #4034, #537, #5672, .T. ) ;
#583 = ORIENTED_EDGE ( 'NONE', *, *, #536, .T. ) ;
#584 = ORIENTED_EDGE ( 'NONE', *, *, #600, .T. ) ;
#585 = ORIENTED_EDGE ( 'NONE', *, *, #531, .T. ) ;
#586 = ORIENTED_EDGE ( 'NONE', *, *, #546, .T. ) ;
#587 = ADVANCED_FACE ( 'NONE', ( #5668 ), #5667, .T. ) ;
#588 = EDGE_LOOP ( 'NONE', ( #589, #590, #592, #593, #594, #595, #575 ) ) ;
#589 = ORIENTED_EDGE ( 'NONE', *, *, #3636, .F. ) ;
#590 = ORIENTED_EDGE ( 'NONE', *, *, #591, .F. ) ;
#591 = EDGE_CURVE ( 'NONE', #526, #3421, #5662, .T. ) ;
#592 = ORIENTED_EDGE ( 'NONE', *, *, #605, .F. ) ;
#593 = ORIENTED_EDGE ( 'NONE', *, *, #543, .F. ) ;
#594 = ORIENTED_EDGE ( 'NONE', *, *, #558, .F. ) ;
#595 = ORIENTED_EDGE ( 'NONE', *, *, #596, .F. ) ;
#596 = EDGE_CURVE ( 'NONE', #4031, #559, #5723, .T. ) ;
#597 = EDGE_LOOP ( 'NONE', ( #577, #579, #580, #581, #583, #584, #585 ) ) ;
#598 = VERTEX_POINT ( 'NONE', #5719 ) ;
#599 = ORIENTED_EDGE ( 'NONE', *, *, #600, .F. ) ;
#600 = EDGE_CURVE ( 'NONE', #534, #598, #5718, .T. ) ;
#601 = ORIENTED_EDGE ( 'NONE', *, *, #533, .T. ) ;
#602 = ADVANCED_FACE ( 'NONE', ( #5714 ), #5713, .F. ) ;
#603 = EDGE_LOOP ( 'NONE', ( #604, #527, #530, #586 ) ) ;
#604 = ORIENTED_EDGE ( 'NONE', *, *, #605, .T. ) ;
#605 = EDGE_CURVE ( 'NONE', #544, #526, #5708, .T. ) ;
#606 = EDGE_LOOP ( 'NONE', ( #607, #608, #609, #610 ) ) ;
#607 = ORIENTED_EDGE ( 'NONE', *, *, #3260, .F. ) ;
#608 = ORIENTED_EDGE ( 'NONE', *, *, #636, .T. ) ;
#609 = ORIENTED_EDGE ( 'NONE', *, *, #620, .T. ) ;
#610 = ORIENTED_EDGE ( 'NONE', *, *, #626, .T. ) ;
#611 = ADVANCED_FACE ( 'NONE', ( #5704 ), #5703, .T. ) ;
#612 = EDGE_LOOP ( 'NONE', ( #613, #665, #666, #667 ) ) ;
#613 = ORIENTED_EDGE ( 'NONE', *, *, #630, .F. ) ;
#614 = EDGE_CURVE ( 'NONE', #631, #615, #5698, .T. ) ;
#615 = VERTEX_POINT ( 'NONE', #5693 ) ;
#616 = ORIENTED_EDGE ( 'NONE', *, *, #617, .F. ) ;
#617 = EDGE_CURVE ( 'NONE', #618, #615, #5694, .T. ) ;
#618 = VERTEX_POINT ( 'NONE', #5755 ) ;
#619 = ORIENTED_EDGE ( 'NONE', *, *, #620, .F. ) ;
#620 = EDGE_CURVE ( 'NONE', #634, #618, #5754, .T. ) ;
#621 = ORIENTED_EDGE ( 'NONE', *, *, #633, .T. ) ;
#622 = ADVANCED_FACE ( 'NONE', ( #5750 ), #5749, .F. ) ;
#623 = EDGE_LOOP ( 'NONE', ( #624, #625, #680, #681 ) ) ;
#624 = ORIENTED_EDGE ( 'NONE', *, *, #3255, .F. ) ;
#625 = ORIENTED_EDGE ( 'NONE', *, *, #626, .F. ) ;
#626 = EDGE_CURVE ( 'NONE', #618, #3261, #5744, .T. ) ;
#627 = ADVANCED_FACE ( 'NONE', ( #5740 ), #5739, .F. ) ;
#628 = ORIENTED_EDGE ( 'NONE', *, *, #3265, .F. ) ;
#629 = ORIENTED_EDGE ( 'NONE', *, *, #630, .T. ) ;
#630 = EDGE_CURVE ( 'NONE', #3262, #631, #5734, .T. ) ;
#631 = VERTEX_POINT ( 'NONE', #5730 ) ;
#632 = ORIENTED_EDGE ( 'NONE', *, *, #633, .F. ) ;
#633 = EDGE_CURVE ( 'NONE', #634, #631, #5729, .T. ) ;
#634 = VERTEX_POINT ( 'NONE', #5725 ) ;
#635 = ORIENTED_EDGE ( 'NONE', *, *, #636, .F. ) ;
#636 = EDGE_CURVE ( 'NONE', #3264, #634, #5791, .T. ) ;
#637 = ADVANCED_FACE ( 'NONE', ( #5787 ), #5786, .F. ) ;
#638 = EDGE_LOOP ( 'NONE', ( #639, #616, #619, #621 ) ) ;
#639 = ORIENTED_EDGE ( 'NONE', *, *, #614, .T. ) ;
#640 = ADVANCED_FACE ( 'NONE', ( #5781 ), #5780, .F. ) ;
#641 = EDGE_LOOP ( 'NONE', ( #642, #643, #566, #567 ) ) ;
#642 = ORIENTED_EDGE ( 'NONE', *, *, #582, .F. ) ;
#643 = ORIENTED_EDGE ( 'NONE', *, *, #4033, .T. ) ;
#644 = EDGE_CURVE ( 'NONE', #659, #724, #5775, .T. ) ;
#645 = ORIENTED_EDGE ( 'NONE', *, *, #658, .T. ) ;
#646 = ADVANCED_FACE ( 'NONE', ( #5771 ), #5770, .F. ) ;
#647 = EDGE_LOOP ( 'NONE', ( #648, #649, #707, #709, #710, #711, #712 ) ) ;
#648 = ORIENTED_EDGE ( 'NONE', *, *, #3172, .T. ) ;
#649 = ORIENTED_EDGE ( 'NONE', *, *, #3338, .T. ) ;
#650 = ORIENTED_EDGE ( 'NONE', *, *, #651, .T. ) ;
#651 = EDGE_CURVE ( 'NONE', #679, #672, #5765, .T. ) ;
#652 = ADVANCED_FACE ( 'NONE', ( #5761 ), #5760, .F. ) ;
#653 = EDGE_LOOP ( 'NONE', ( #654, #657, #660, #662 ) ) ;
#654 = ORIENTED_EDGE ( 'NONE', *, *, #655, .T. ) ;
#655 = EDGE_CURVE ( 'NONE', #673, #656, #5823, .T. ) ;
#656 = VERTEX_POINT ( 'NONE', #5819 ) ;
#657 = ORIENTED_EDGE ( 'NONE', *, *, #658, .F. ) ;
#658 = EDGE_CURVE ( 'NONE', #659, #656, #5818, .T. ) ;
#659 = VERTEX_POINT ( 'NONE', #5814 ) ;
#660 = ORIENTED_EDGE ( 'NONE', *, *, #661, .F. ) ;
#661 = EDGE_CURVE ( 'NONE', #676, #659, #5813, .T. ) ;
#662 = ORIENTED_EDGE ( 'NONE', *, *, #675, .T. ) ;
#663 = ADVANCED_FACE ( 'NONE', ( #5809 ), #5808, .F. ) ;
#664 = EDGE_LOOP ( 'NONE', ( #719, #722, #725, #645 ) ) ;
#665 = ORIENTED_EDGE ( 'NONE', *, *, #3236, .T. ) ;
#666 = ORIENTED_EDGE ( 'NONE', *, *, #682, .F. ) ;
#667 = ORIENTED_EDGE ( 'NONE', *, *, #614, .F. ) ;
#668 = ADVANCED_FACE ( 'NONE', ( #5803 ), #5802, .F. ) ;
#669 = EDGE_LOOP ( 'NONE', ( #670, #674, #677, #650 ) ) ;
#670 = ORIENTED_EDGE ( 'NONE', *, *, #671, .T. ) ;
#671 = EDGE_CURVE ( 'NONE', #672, #673, #5797, .T. ) ;
#672 = VERTEX_POINT ( 'NONE', #5793 ) ;
#673 = VERTEX_POINT ( 'NONE', #5792 ) ;
#674 = ORIENTED_EDGE ( 'NONE', *, *, #675, .F. ) ;
#675 = EDGE_CURVE ( 'NONE', #676, #673, #5858, .T. ) ;
#676 = VERTEX_POINT ( 'NONE', #5854 ) ;
#677 = ORIENTED_EDGE ( 'NONE', *, *, #678, .F. ) ;
#678 = EDGE_CURVE ( 'NONE', #679, #676, #5853, .T. ) ;
#679 = VERTEX_POINT ( 'NONE', #5849 ) ;
#680 = ORIENTED_EDGE ( 'NONE', *, *, #617, .T. ) ;
#681 = ORIENTED_EDGE ( 'NONE', *, *, #682, .T. ) ;
#682 = EDGE_CURVE ( 'NONE', #615, #3234, #5848, .T. ) ;
#683 = ADVANCED_FACE ( 'NONE', ( #5844 ), #5843, .F. ) ;
#684 = ORIENTED_EDGE ( 'NONE', *, *, #700, .T. ) ;
#685 = ORIENTED_EDGE ( 'NONE', *, *, #651, .F. ) ;
#686 = ORIENTED_EDGE ( 'NONE', *, *, #708, .F. ) ;
#687 = ORIENTED_EDGE ( 'NONE', *, *, #3390, .T. ) ;
#688 = ADVANCED_FACE ( 'NONE', ( #5838 ), #5837, .F. ) ;
#689 = EDGE_LOOP ( 'NONE', ( #690, #694, #751, #754 ) ) ;
#690 = ORIENTED_EDGE ( 'NONE', *, *, #691, .T. ) ;
#691 = EDGE_CURVE ( 'NONE', #692, #693, #5832, .T. ) ;
#692 = VERTEX_POINT ( 'NONE', #5828 ) ;
#693 = VERTEX_POINT ( 'NONE', #5827 ) ;
#694 = ORIENTED_EDGE ( 'NONE', *, *, #749, .F. ) ;
#695 = EDGE_CURVE ( 'NONE', #721, #3196, #5894, .T. ) ;
#696 = ORIENTED_EDGE ( 'NONE', *, *, #720, .F. ) ;
#697 = ORIENTED_EDGE ( 'NONE', *, *, #655, .F. ) ;
#698 = ORIENTED_EDGE ( 'NONE', *, *, #671, .F. ) ;
#699 = ORIENTED_EDGE ( 'NONE', *, *, #700, .F. ) ;
#700 = EDGE_CURVE ( 'NONE', #3322, #672, #5890, .T. ) ;
#701 = ADVANCED_FACE ( 'NONE', ( #5886 ), #5885, .F. ) ;
#702 = EDGE_LOOP ( 'NONE', ( #703, #704, #705, #762 ) ) ;
#703 = ORIENTED_EDGE ( 'NONE', *, *, #695, .T. ) ;
#704 = ORIENTED_EDGE ( 'NONE', *, *, #3195, .F. ) ;
#705 = ORIENTED_EDGE ( 'NONE', *, *, #713, .F. ) ;
#706 = EDGE_LOOP ( 'NONE', ( #684, #685, #686, #687 ) ) ;
#707 = ORIENTED_EDGE ( 'NONE', *, *, #708, .T. ) ;
#708 = EDGE_CURVE ( 'NONE', #3439, #679, #5880, .T. ) ;
#709 = ORIENTED_EDGE ( 'NONE', *, *, #678, .T. ) ;
#710 = ORIENTED_EDGE ( 'NONE', *, *, #661, .T. ) ;
#711 = ORIENTED_EDGE ( 'NONE', *, *, #644, .T. ) ;
#712 = ORIENTED_EDGE ( 'NONE', *, *, #713, .T. ) ;
#713 = EDGE_CURVE ( 'NONE', #724, #3173, #5876, .T. ) ;
#714 = ADVANCED_FACE ( 'NONE', ( #5872 ), #5871, .T. ) ;
#715 = EDGE_LOOP ( 'NONE', ( #716, #717, #718, #696, #697, #698, #699 ) ) ;
#716 = ORIENTED_EDGE ( 'NONE', *, *, #3435, .F. ) ;
#717 = ORIENTED_EDGE ( 'NONE', *, *, #3217, .F. ) ;
#718 = ORIENTED_EDGE ( 'NONE', *, *, #695, .F. ) ;
#719 = ORIENTED_EDGE ( 'NONE', *, *, #720, .T. ) ;
#720 = EDGE_CURVE ( 'NONE', #656, #721, #5865, .T. ) ;
#721 = VERTEX_POINT ( 'NONE', #5925 ) ;
#722 = ORIENTED_EDGE ( 'NONE', *, *, #723, .F. ) ;
#723 = EDGE_CURVE ( 'NONE', #724, #721, #5924, .T. ) ;
#724 = VERTEX_POINT ( 'NONE', #5920 ) ;
#725 = ORIENTED_EDGE ( 'NONE', *, *, #644, .F. ) ;
#726 = EDGE_LOOP ( 'NONE', ( #727, #728, #729, #730 ) ) ;
#727 = ORIENTED_EDGE ( 'NONE', *, *, #741, .F. ) ;
#728 = ORIENTED_EDGE ( 'NONE', *, *, #3364, .T. ) ;
#729 = ORIENTED_EDGE ( 'NONE', *, *, #737, .F. ) ;
#730 = ORIENTED_EDGE ( 'NONE', *, *, #691, .F. ) ;
#731 = ADVANCED_FACE ( 'NONE', ( #5919 ), #5918, .F. ) ;
#732 = EDGE_LOOP ( 'NONE', ( #733, #789, #792, #795 ) ) ;
#733 = ORIENTED_EDGE ( 'NONE', *, *, #734, .T. ) ;
#734 = EDGE_CURVE ( 'NONE', #735, #788, #5913, .T. ) ;
#735 = VERTEX_POINT ( 'NONE', #5909 ) ;
#736 = ORIENTED_EDGE ( 'NONE', *, *, #737, .T. ) ;
#737 = EDGE_CURVE ( 'NONE', #693, #3446, #5908, .T. ) ;
#738 = ADVANCED_FACE ( 'NONE', ( #5904 ), #5903, .F. ) ;
#739 = EDGE_LOOP ( 'NONE', ( #740, #742, #743, #745 ) ) ;
#740 = ORIENTED_EDGE ( 'NONE', *, *, #741, .T. ) ;
#741 = EDGE_CURVE ( 'NONE', #3433, #692, #5898, .T. ) ;
#742 = ORIENTED_EDGE ( 'NONE', *, *, #755, .F. ) ;
#743 = ORIENTED_EDGE ( 'NONE', *, *, #744, .F. ) ;
#744 = EDGE_CURVE ( 'NONE', #3431, #753, #5959, .T. ) ;
#745 = ORIENTED_EDGE ( 'NONE', *, *, #3430, .T. ) ;
#746 = ADVANCED_FACE ( 'NONE', ( #5955 ), #5954, .F. ) ;
#747 = EDGE_LOOP ( 'NONE', ( #748, #802, #803, #804 ) ) ;
#748 = ORIENTED_EDGE ( 'NONE', *, *, #3437, .F. ) ;
#749 = EDGE_CURVE ( 'NONE', #750, #693, #5949, .T. ) ;
#750 = VERTEX_POINT ( 'NONE', #5945 ) ;
#751 = ORIENTED_EDGE ( 'NONE', *, *, #752, .F. ) ;
#752 = EDGE_CURVE ( 'NONE', #753, #750, #5944, .T. ) ;
#753 = VERTEX_POINT ( 'NONE', #5940 ) ;
#754 = ORIENTED_EDGE ( 'NONE', *, *, #755, .T. ) ;
#755 = EDGE_CURVE ( 'NONE', #753, #692, #5939, .T. ) ;
#756 = ADVANCED_FACE ( 'NONE', ( #5935 ), #5934, .F. ) ;
#757 = EDGE_LOOP ( 'NONE', ( #758, #759, #761, #736 ) ) ;
#758 = ORIENTED_EDGE ( 'NONE', *, *, #3445, .F. ) ;
#759 = ORIENTED_EDGE ( 'NONE', *, *, #760, .F. ) ;
#760 = EDGE_CURVE ( 'NONE', #750, #3438, #5929, .T. ) ;
#761 = ORIENTED_EDGE ( 'NONE', *, *, #749, .T. ) ;
#762 = ORIENTED_EDGE ( 'NONE', *, *, #723, .T. ) ;
#763 = ADVANCED_FACE ( 'NONE', ( #5992 ), #5991, .F. ) ;
#764 = ADVANCED_FACE ( 'NONE', ( #5986 ), #5985, .T. ) ;
#765 = EDGE_LOOP ( 'NONE', ( #766, #767, #769, #770, #771, #772, #832 ) ) ;
#766 = ORIENTED_EDGE ( 'NONE', *, *, #3558, .F. ) ;
#767 = ORIENTED_EDGE ( 'NONE', *, *, #768, .F. ) ;
#768 = EDGE_CURVE ( 'NONE', #783, #3524, #5980, .T. ) ;
#769 = ORIENTED_EDGE ( 'NONE', *, *, #782, .F. ) ;
#770 = ORIENTED_EDGE ( 'NONE', *, *, #800, .F. ) ;
#771 = ORIENTED_EDGE ( 'NONE', *, *, #734, .F. ) ;
#772 = ORIENTED_EDGE ( 'NONE', *, *, #831, .F. ) ;
#773 = ORIENTED_EDGE ( 'NONE', *, *, #774, .F. ) ;
#774 = EDGE_CURVE ( 'NONE', #775, #801, #5976, .T. ) ;
#775 = VERTEX_POINT ( 'NONE', #5972 ) ;
#776 = ORIENTED_EDGE ( 'NONE', *, *, #777, .F. ) ;
#777 = EDGE_CURVE ( 'NONE', #791, #775, #5971, .T. ) ;
#778 = ORIENTED_EDGE ( 'NONE', *, *, #790, .T. ) ;
#779 = ADVANCED_FACE ( 'NONE', ( #5967 ), #5966, .F. ) ;
#780 = EDGE_LOOP ( 'NONE', ( #781, #784, #787, #844 ) ) ;
#781 = ORIENTED_EDGE ( 'NONE', *, *, #782, .T. ) ;
#782 = EDGE_CURVE ( 'NONE', #801, #783, #5961, .T. ) ;
#783 = VERTEX_POINT ( 'NONE', #6023 ) ;
#784 = ORIENTED_EDGE ( 'NONE', *, *, #785, .F. ) ;
#785 = EDGE_CURVE ( 'NONE', #786, #783, #6022, .T. ) ;
#786 = VERTEX_POINT ( 'NONE', #6018 ) ;
#787 = ORIENTED_EDGE ( 'NONE', *, *, #843, .F. ) ;
#788 = VERTEX_POINT ( 'NONE', #6017 ) ;
#789 = ORIENTED_EDGE ( 'NONE', *, *, #790, .F. ) ;
#790 = EDGE_CURVE ( 'NONE', #791, #788, #6016, .T. ) ;
#791 = VERTEX_POINT ( 'NONE', #6012 ) ;
#792 = ORIENTED_EDGE ( 'NONE', *, *, #793, .F. ) ;
#793 = EDGE_CURVE ( 'NONE', #794, #791, #6011, .T. ) ;
#794 = VERTEX_POINT ( 'NONE', #6007 ) ;
#795 = ORIENTED_EDGE ( 'NONE', *, *, #796, .T. ) ;
#796 = EDGE_CURVE ( 'NONE', #794, #735, #6006, .T. ) ;
#797 = ADVANCED_FACE ( 'NONE', ( #6002 ), #6001, .F. ) ;
#798 = EDGE_LOOP ( 'NONE', ( #799, #773, #776, #778 ) ) ;
#799 = ORIENTED_EDGE ( 'NONE', *, *, #800, .T. ) ;
#800 = EDGE_CURVE ( 'NONE', #788, #801, #5996, .T. ) ;
#801 = VERTEX_POINT ( 'NONE', #6060 ) ;
#802 = ORIENTED_EDGE ( 'NONE', *, *, #744, .T. ) ;
#803 = ORIENTED_EDGE ( 'NONE', *, *, #752, .T. ) ;
#804 = ORIENTED_EDGE ( 'NONE', *, *, #760, .T. ) ;
#805 = ADVANCED_FACE ( 'NONE', ( #6059 ), #6058, .T. ) ;
#806 = ORIENTED_EDGE ( 'NONE', *, *, #836, .F. ) ;
#807 = ORIENTED_EDGE ( 'NONE', *, *, #785, .T. ) ;
#808 = ADVANCED_FACE ( 'NONE', ( #6053 ), #6052, .F. ) ;
#809 = EDGE_LOOP ( 'NONE', ( #810, #811, #814, #817 ) ) ;
#810 = ORIENTED_EDGE ( 'NONE', *, *, #3326, .F. ) ;
#811 = ORIENTED_EDGE ( 'NONE', *, *, #812, .T. ) ;
#812 = EDGE_CURVE ( 'NONE', #3327, #813, #6047, .T. ) ;
#813 = VERTEX_POINT ( 'NONE', #6043 ) ;
#814 = ORIENTED_EDGE ( 'NONE', *, *, #815, .F. ) ;
#815 = EDGE_CURVE ( 'NONE', #816, #813, #6042, .T. ) ;
#816 = VERTEX_POINT ( 'NONE', #6038 ) ;
#817 = ORIENTED_EDGE ( 'NONE', *, *, #818, .F. ) ;
#818 = EDGE_CURVE ( 'NONE', #3319, #816, #6037, .T. ) ;
#819 = ADVANCED_FACE ( 'NONE', ( #6033 ), #6032, .F. ) ;
#820 = ORIENTED_EDGE ( 'NONE', *, *, #843, .T. ) ;
#821 = ADVANCED_FACE ( 'NONE', ( #6027 ), #6026, .F. ) ;
#822 = EDGE_LOOP ( 'NONE', ( #823, #824, #825, #826 ) ) ;
#823 = ORIENTED_EDGE ( 'NONE', *, *, #840, .F. ) ;
#824 = ORIENTED_EDGE ( 'NONE', *, *, #4024, .T. ) ;
#825 = ORIENTED_EDGE ( 'NONE', *, *, #831, .T. ) ;
#826 = ORIENTED_EDGE ( 'NONE', *, *, #796, .F. ) ;
#827 = ADVANCED_FACE ( 'NONE', ( #6092 ), #6087, .F. ) ;
#828 = EDGE_LOOP ( 'NONE', ( #829, #830, #806, #807 ) ) ;
#829 = ORIENTED_EDGE ( 'NONE', *, *, #768, .T. ) ;
#830 = ORIENTED_EDGE ( 'NONE', *, *, #3523, .F. ) ;
#831 = EDGE_CURVE ( 'NONE', #4049, #735, #6082, .T. ) ;
#832 = ORIENTED_EDGE ( 'NONE', *, *, #4022, .F. ) ;
#833 = ADVANCED_FACE ( 'NONE', ( #6078 ), #6077, .F. ) ;
#834 = EDGE_LOOP ( 'NONE', ( #835, #837, #838, #839, #841, #842, #820 ) ) ;
#835 = ORIENTED_EDGE ( 'NONE', *, *, #836, .T. ) ;
#836 = EDGE_CURVE ( 'NONE', #786, #3536, #6072, .T. ) ;
#837 = ORIENTED_EDGE ( 'NONE', *, *, #3535, .T. ) ;
#838 = ORIENTED_EDGE ( 'NONE', *, *, #4027, .T. ) ;
#839 = ORIENTED_EDGE ( 'NONE', *, *, #840, .T. ) ;
#840 = EDGE_CURVE ( 'NONE', #4025, #794, #6068, .T. ) ;
#841 = ORIENTED_EDGE ( 'NONE', *, *, #793, .T. ) ;
#842 = ORIENTED_EDGE ( 'NONE', *, *, #777, .T. ) ;
#843 = EDGE_CURVE ( 'NONE', #775, #786, #6064, .T. ) ;
#844 = ORIENTED_EDGE ( 'NONE', *, *, #774, .T. ) ;
#845 = ORIENTED_EDGE ( 'NONE', *, *, #861, .F. ) ;
#846 = ORIENTED_EDGE ( 'NONE', *, *, #872, .F. ) ;
#847 = ADVANCED_FACE ( 'NONE', ( #6124 ), #6123, .F. ) ;
#848 = EDGE_LOOP ( 'NONE', ( #849, #853, #856, #912 ) ) ;
#849 = ORIENTED_EDGE ( 'NONE', *, *, #850, .T. ) ;
#850 = EDGE_CURVE ( 'NONE', #851, #852, #6118, .T. ) ;
#851 = VERTEX_POINT ( 'NONE', #6114 ) ;
#852 = VERTEX_POINT ( 'NONE', #6113 ) ;
#853 = ORIENTED_EDGE ( 'NONE', *, *, #854, .F. ) ;
#854 = EDGE_CURVE ( 'NONE', #855, #852, #6112, .T. ) ;
#855 = VERTEX_POINT ( 'NONE', #6108 ) ;
#856 = ORIENTED_EDGE ( 'NONE', *, *, #857, .F. ) ;
#857 = EDGE_CURVE ( 'NONE', #911, #855, #6107, .T. ) ;
#858 = EDGE_CURVE ( 'NONE', #876, #3348, #6103, .T. ) ;
#859 = ORIENTED_EDGE ( 'NONE', *, *, #875, .T. ) ;
#860 = ORIENTED_EDGE ( 'NONE', *, *, #861, .T. ) ;
#861 = EDGE_CURVE ( 'NONE', #873, #3330, #6099, .T. ) ;
#862 = ADVANCED_FACE ( 'NONE', ( #6095 ), #6093, .F. ) ;
#863 = EDGE_LOOP ( 'NONE', ( #864, #865, #866, #867 ) ) ;
#864 = ORIENTED_EDGE ( 'NONE', *, *, #3347, .F. ) ;
#865 = ORIENTED_EDGE ( 'NONE', *, *, #818, .T. ) ;
#866 = ORIENTED_EDGE ( 'NONE', *, *, #878, .T. ) ;
#867 = ORIENTED_EDGE ( 'NONE', *, *, #858, .T. ) ;
#868 = ADVANCED_FACE ( 'NONE', ( #6156 ), #6155, .T. ) ;
#869 = EDGE_LOOP ( 'NONE', ( #12427, #2, #845, #846 ) ) ;
#870 = EDGE_LOOP ( 'NONE', ( #871, #874, #877, #879 ) ) ;
#871 = ORIENTED_EDGE ( 'NONE', *, *, #872, .T. ) ;
#872 = EDGE_CURVE ( 'NONE', #813, #873, #6150, .T. ) ;
#873 = VERTEX_POINT ( 'NONE', #6146 ) ;
#874 = ORIENTED_EDGE ( 'NONE', *, *, #875, .F. ) ;
#875 = EDGE_CURVE ( 'NONE', #876, #873, #6145, .T. ) ;
#876 = VERTEX_POINT ( 'NONE', #6141 ) ;
#877 = ORIENTED_EDGE ( 'NONE', *, *, #878, .F. ) ;
#878 = EDGE_CURVE ( 'NONE', #816, #876, #6140, .T. ) ;
#879 = ORIENTED_EDGE ( 'NONE', *, *, #815, .T. ) ;
#880 = ADVANCED_FACE ( 'NONE', ( #6136 ), #6135, .F. ) ;
#881 = EDGE_LOOP ( 'NONE', ( #882, #883, #859, #860 ) ) ;
#882 = ORIENTED_EDGE ( 'NONE', *, *, #3329, .F. ) ;
#883 = ORIENTED_EDGE ( 'NONE', *, *, #858, .F. ) ;
#884 = ORIENTED_EDGE ( 'NONE', *, *, #3197, .F. ) ;
#885 = ORIENTED_EDGE ( 'NONE', *, *, #3220, .T. ) ;
#886 = ORIENTED_EDGE ( 'NONE', *, *, #887, .T. ) ;
#887 = EDGE_CURVE ( 'NONE', #3312, #911, #6129, .T. ) ;
#888 = ORIENTED_EDGE ( 'NONE', *, *, #857, .T. ) ;
#889 = ORIENTED_EDGE ( 'NONE', *, *, #923, .T. ) ;
#890 = ORIENTED_EDGE ( 'NONE', *, *, #906, .T. ) ;
#891 = ORIENTED_EDGE ( 'NONE', *, *, #892, .T. ) ;
#892 = EDGE_CURVE ( 'NONE', #904, #3175, #6191, .T. ) ;
#893 = ADVANCED_FACE ( 'NONE', ( #6187 ), #6186, .T. ) ;
#894 = EDGE_LOOP ( 'NONE', ( #895, #896, #953, #955, #956, #957, #958 ) ) ;
#895 = ORIENTED_EDGE ( 'NONE', *, *, #3291, .F. ) ;
#896 = ORIENTED_EDGE ( 'NONE', *, *, #3218, .F. ) ;
#897 = ADVANCED_FACE ( 'NONE', ( #6181 ), #6180, .F. ) ;
#898 = EDGE_LOOP ( 'NONE', ( #899, #902, #905, #907 ) ) ;
#899 = ORIENTED_EDGE ( 'NONE', *, *, #900, .T. ) ;
#900 = EDGE_CURVE ( 'NONE', #918, #901, #6175, .T. ) ;
#901 = VERTEX_POINT ( 'NONE', #6171 ) ;
#902 = ORIENTED_EDGE ( 'NONE', *, *, #903, .F. ) ;
#903 = EDGE_CURVE ( 'NONE', #904, #901, #6170, .T. ) ;
#904 = VERTEX_POINT ( 'NONE', #6166 ) ;
#905 = ORIENTED_EDGE ( 'NONE', *, *, #906, .F. ) ;
#906 = EDGE_CURVE ( 'NONE', #921, #904, #6165, .T. ) ;
#907 = ORIENTED_EDGE ( 'NONE', *, *, #920, .T. ) ;
#908 = ADVANCED_FACE ( 'NONE', ( #6161 ), #6160, .F. ) ;
#909 = EDGE_LOOP ( 'NONE', ( #910, #885, #886, #888, #889, #890, #891 ) ) ;
#910 = ORIENTED_EDGE ( 'NONE', *, *, #3174, .T. ) ;
#911 = VERTEX_POINT ( 'NONE', #6221 ) ;
#912 = ORIENTED_EDGE ( 'NONE', *, *, #913, .T. ) ;
#913 = EDGE_CURVE ( 'NONE', #911, #851, #6220, .T. ) ;
#914 = ADVANCED_FACE ( 'NONE', ( #6216 ), #6215, .F. ) ;
#915 = EDGE_LOOP ( 'NONE', ( #916, #919, #922, #12423 ) ) ;
#916 = ORIENTED_EDGE ( 'NONE', *, *, #917, .T. ) ;
#917 = EDGE_CURVE ( 'NONE', #852, #918, #6210, .T. ) ;
#918 = VERTEX_POINT ( 'NONE', #6206 ) ;
#919 = ORIENTED_EDGE ( 'NONE', *, *, #920, .F. ) ;
#920 = EDGE_CURVE ( 'NONE', #921, #918, #6205, .T. ) ;
#921 = VERTEX_POINT ( 'NONE', #6201 ) ;
#922 = ORIENTED_EDGE ( 'NONE', *, *, #923, .F. ) ;
#923 = EDGE_CURVE ( 'NONE', #855, #921, #6200, .T. ) ;
#924 = ADVANCED_FACE ( 'NONE', ( #6196 ), #6195, .F. ) ;
#925 = EDGE_LOOP ( 'NONE', ( #981, #982, #983, #984 ) ) ;
#926 = ORIENTED_EDGE ( 'NONE', *, *, #927, .F. ) ;
#927 = EDGE_CURVE ( 'NONE', #928, #952, #6257, .T. ) ;
#928 = VERTEX_POINT ( 'NONE', #6253 ) ;
#929 = ORIENTED_EDGE ( 'NONE', *, *, #930, .F. ) ;
#930 = EDGE_CURVE ( 'NONE', #931, #928, #6252, .T. ) ;
#931 = VERTEX_POINT ( 'NONE', #6248 ) ;
#932 = ORIENTED_EDGE ( 'NONE', *, *, #933, .T. ) ;
#933 = EDGE_CURVE ( 'NONE', #931, #951, #6247, .T. ) ;
#934 = ADVANCED_FACE ( 'NONE', ( #6243 ), #6242, .F. ) ;
#935 = EDGE_LOOP ( 'NONE', ( #936, #937, #993, #994 ) ) ;
#936 = ORIENTED_EDGE ( 'NONE', *, *, #3381, .F. ) ;
#937 = ORIENTED_EDGE ( 'NONE', *, *, #938, .F. ) ;
#938 = EDGE_CURVE ( 'NONE', #928, #3373, #6237, .T. ) ;
#939 = ORIENTED_EDGE ( 'NONE', *, *, #892, .F. ) ;
#940 = ORIENTED_EDGE ( 'NONE', *, *, #903, .T. ) ;
#941 = ADVANCED_FACE ( 'NONE', ( #6233 ), #6232, .F. ) ;
#942 = EDGE_LOOP ( 'NONE', ( #943, #944, #945, #946 ) ) ;
#943 = ORIENTED_EDGE ( 'NONE', *, *, #959, .T. ) ;
#944 = ORIENTED_EDGE ( 'NONE', *, *, #913, .F. ) ;
#945 = ORIENTED_EDGE ( 'NONE', *, *, #887, .F. ) ;
#946 = ORIENTED_EDGE ( 'NONE', *, *, #3311, .T. ) ;
#947 = ADVANCED_FACE ( 'NONE', ( #6231 ), #6226, .F. ) ;
#948 = EDGE_LOOP ( 'NONE', ( #949, #926, #929, #932 ) ) ;
#949 = ORIENTED_EDGE ( 'NONE', *, *, #950, .T. ) ;
#950 = EDGE_CURVE ( 'NONE', #951, #952, #6287, .T. ) ;
#951 = VERTEX_POINT ( 'NONE', #6283 ) ;
#952 = VERTEX_POINT ( 'NONE', #6282 ) ;
#953 = ORIENTED_EDGE ( 'NONE', *, *, #954, .F. ) ;
#954 = EDGE_CURVE ( 'NONE', #901, #3198, #6281, .T. ) ;
#955 = ORIENTED_EDGE ( 'NONE', *, *, #900, .F. ) ;
#956 = ORIENTED_EDGE ( 'NONE', *, *, #917, .F. ) ;
#957 = ORIENTED_EDGE ( 'NONE', *, *, #850, .F. ) ;
#958 = ORIENTED_EDGE ( 'NONE', *, *, #959, .F. ) ;
#959 = EDGE_CURVE ( 'NONE', #3292, #851, #6277, .T. ) ;
#960 = ADVANCED_FACE ( 'NONE', ( #6273 ), #6272, .F. ) ;
#961 = EDGE_LOOP ( 'NONE', ( #962, #884, #939, #940 ) ) ;
#962 = ORIENTED_EDGE ( 'NONE', *, *, #954, .T. ) ;
#963 = EDGE_CURVE ( 'NONE', #980, #964, #6267, .T. ) ;
#964 = VERTEX_POINT ( 'NONE', #6263 ) ;
#965 = ORIENTED_EDGE ( 'NONE', *, *, #1021, .F. ) ;
#966 = ORIENTED_EDGE ( 'NONE', *, *, #967, .T. ) ;
#967 = EDGE_CURVE ( 'NONE', #968, #969, #6262, .T. ) ;
#968 = VERTEX_POINT ( 'NONE', #6324 ) ;
#969 = VERTEX_POINT ( 'NONE', #6323 ) ;
#970 = ORIENTED_EDGE ( 'NONE', *, *, #971, .F. ) ;
#971 = EDGE_CURVE ( 'NONE', #972, #969, #6322, .T. ) ;
#972 = VERTEX_POINT ( 'NONE', #6318 ) ;
#973 = ORIENTED_EDGE ( 'NONE', *, *, #974, .F. ) ;
#974 = EDGE_CURVE ( 'NONE', #975, #972, #6317, .T. ) ;
#975 = VERTEX_POINT ( 'NONE', #6313 ) ;
#976 = ORIENTED_EDGE ( 'NONE', *, *, #977, .T. ) ;
#977 = EDGE_CURVE ( 'NONE', #975, #968, #6312, .T. ) ;
#978 = ADVANCED_FACE ( 'NONE', ( #6308 ), #6307, .F. ) ;
#979 = EDGE_LOOP ( 'NONE', ( #1033, #1035, #1038, #1040 ) ) ;
#980 = VERTEX_POINT ( 'NONE', #6302 ) ;
#981 = ORIENTED_EDGE ( 'NONE', *, *, #3372, .F. ) ;
#982 = ORIENTED_EDGE ( 'NONE', *, *, #1002, .T. ) ;
#983 = ORIENTED_EDGE ( 'NONE', *, *, #930, .T. ) ;
#984 = ORIENTED_EDGE ( 'NONE', *, *, #938, .T. ) ;
#985 = ADVANCED_FACE ( 'NONE', ( #6301 ), #6300, .T. ) ;
#986 = EDGE_LOOP ( 'NONE', ( #987, #988, #989, #990 ) ) ;
#987 = ORIENTED_EDGE ( 'NONE', *, *, #999, .F. ) ;
#988 = ORIENTED_EDGE ( 'NONE', *, *, #3399, .T. ) ;
#989 = ORIENTED_EDGE ( 'NONE', *, *, #995, .F. ) ;
#990 = ORIENTED_EDGE ( 'NONE', *, *, #950, .F. ) ;
#991 = ADVANCED_FACE ( 'NONE', ( #6295 ), #6294, .F. ) ;
#992 = EDGE_LOOP ( 'NONE', ( #966, #970, #973, #976 ) ) ;
#993 = ORIENTED_EDGE ( 'NONE', *, *, #927, .T. ) ;
#994 = ORIENTED_EDGE ( 'NONE', *, *, #995, .T. ) ;
#995 = EDGE_CURVE ( 'NONE', #952, #3382, #6355, .T. ) ;
#996 = ADVANCED_FACE ( 'NONE', ( #6351 ), #6350, .F. ) ;
#997 = EDGE_LOOP ( 'NONE', ( #998, #1000, #1001, #1003 ) ) ;
#998 = ORIENTED_EDGE ( 'NONE', *, *, #999, .T. ) ;
#999 = EDGE_CURVE ( 'NONE', #3334, #951, #6345, .T. ) ;
#1000 = ORIENTED_EDGE ( 'NONE', *, *, #933, .F. ) ;
#1001 = ORIENTED_EDGE ( 'NONE', *, *, #1002, .F. ) ;
#1002 = EDGE_CURVE ( 'NONE', #3333, #931, #6341, .T. ) ;
#1003 = ORIENTED_EDGE ( 'NONE', *, *, #3396, .T. ) ;
#1004 = ADVANCED_FACE ( 'NONE', ( #6337 ), #6336, .F. ) ;
#1005 = EDGE_LOOP ( 'NONE', ( #1006, #1007, #1062, #1063 ) ) ;
#1006 = ORIENTED_EDGE ( 'NONE', *, *, #1030, .T. ) ;
#1007 = ORIENTED_EDGE ( 'NONE', *, *, #3578, .F. ) ;
#1008 = ORIENTED_EDGE ( 'NONE', *, *, #967, .F. ) ;
#1009 = ORIENTED_EDGE ( 'NONE', *, *, #1010, .F. ) ;
#1010 = EDGE_CURVE ( 'NONE', #4041, #968, #6331, .T. ) ;
#1011 = ORIENTED_EDGE ( 'NONE', *, *, #4040, .F. ) ;
#1012 = ADVANCED_FACE ( 'NONE', ( #6327 ), #6326, .F. ) ;
#1013 = EDGE_LOOP ( 'NONE', ( #1014, #1016, #1017, #1018, #1020, #1075, #1076 ) ) ;
#1014 = ORIENTED_EDGE ( 'NONE', *, *, #1015, .T. ) ;
#1015 = EDGE_CURVE ( 'NONE', #1022, #3552, #6387, .T. ) ;
#1016 = ORIENTED_EDGE ( 'NONE', *, *, #3551, .T. ) ;
#1017 = ORIENTED_EDGE ( 'NONE', *, *, #4046, .T. ) ;
#1018 = ORIENTED_EDGE ( 'NONE', *, *, #1019, .T. ) ;
#1019 = EDGE_CURVE ( 'NONE', #4044, #975, #6383, .T. ) ;
#1020 = ORIENTED_EDGE ( 'NONE', *, *, #974, .T. ) ;
#1021 = EDGE_CURVE ( 'NONE', #1022, #964, #6379, .T. ) ;
#1022 = VERTEX_POINT ( 'NONE', #6375 ) ;
#1023 = ORIENTED_EDGE ( 'NONE', *, *, #1024, .F. ) ;
#1024 = EDGE_CURVE ( 'NONE', #1037, #1022, #6374, .T. ) ;
#1025 = ORIENTED_EDGE ( 'NONE', *, *, #1036, .T. ) ;
#1026 = ADVANCED_FACE ( 'NONE', ( #6370 ), #6369, .T. ) ;
#1027 = EDGE_LOOP ( 'NONE', ( #1028, #1029, #1031, #1032, #1008, #1009, #1011 ) ) ;
#1028 = ORIENTED_EDGE ( 'NONE', *, *, #3517, .F. ) ;
#1029 = ORIENTED_EDGE ( 'NONE', *, *, #1030, .F. ) ;
#1030 = EDGE_CURVE ( 'NONE', #964, #3579, #6364, .T. ) ;
#1031 = ORIENTED_EDGE ( 'NONE', *, *, #963, .F. ) ;
#1032 = ORIENTED_EDGE ( 'NONE', *, *, #1034, .F. ) ;
#1033 = ORIENTED_EDGE ( 'NONE', *, *, #1034, .T. ) ;
#1034 = EDGE_CURVE ( 'NONE', #969, #980, #6360, .T. ) ;
#1035 = ORIENTED_EDGE ( 'NONE', *, *, #1036, .F. ) ;
#1036 = EDGE_CURVE ( 'NONE', #1037, #980, #6423, .T. ) ;
#1037 = VERTEX_POINT ( 'NONE', #6419 ) ;
#1038 = ORIENTED_EDGE ( 'NONE', *, *, #1039, .F. ) ;
#1039 = EDGE_CURVE ( 'NONE', #972, #1037, #6418, .T. ) ;
#1040 = ORIENTED_EDGE ( 'NONE', *, *, #971, .T. ) ;
#1041 = ADVANCED_FACE ( 'NONE', ( #6414 ), #6413, .F. ) ;
#1042 = EDGE_LOOP ( 'NONE', ( #1043, #965, #1023, #1025 ) ) ;
#1043 = ORIENTED_EDGE ( 'NONE', *, *, #963, .T. ) ;
#1044 = ORIENTED_EDGE ( 'NONE', *, *, #1114, .T. ) ;
#1045 = ADVANCED_FACE ( 'NONE', ( #6408 ), #6407, .T. ) ;
#1046 = EDGE_LOOP ( 'NONE', ( #1100, #1101, #1102, #1103 ) ) ;
#1047 = ADVANCED_FACE ( 'NONE', ( #6402 ), #6401, .F. ) ;
#1048 = EDGE_LOOP ( 'NONE', ( #1049, #1052, #1055, #1057 ) ) ;
#1049 = ORIENTED_EDGE ( 'NONE', *, *, #1050, .T. ) ;
#1050 = EDGE_CURVE ( 'NONE', #1069, #1051, #6395, .T. ) ;
#1051 = VERTEX_POINT ( 'NONE', #6391 ) ;
#1052 = ORIENTED_EDGE ( 'NONE', *, *, #1053, .F. ) ;
#1053 = EDGE_CURVE ( 'NONE', #1054, #1051, #5861, .T. ) ;
#1054 = VERTEX_POINT ( 'NONE', #6457 ) ;
#1055 = ORIENTED_EDGE ( 'NONE', *, *, #1056, .F. ) ;
#1056 = EDGE_CURVE ( 'NONE', #1072, #1054, #6456, .T. ) ;
#1057 = ORIENTED_EDGE ( 'NONE', *, *, #1071, .T. ) ;
#1058 = ADVANCED_FACE ( 'NONE', ( #6452 ), #6451, .F. ) ;
#1059 = EDGE_LOOP ( 'NONE', ( #1060, #1061, #1115, #1116 ) ) ;
#1060 = ORIENTED_EDGE ( 'NONE', *, *, #3393, .F. ) ;
#1061 = ORIENTED_EDGE ( 'NONE', *, *, #1114, .F. ) ;
#1062 = ORIENTED_EDGE ( 'NONE', *, *, #1015, .F. ) ;
#1063 = ORIENTED_EDGE ( 'NONE', *, *, #1021, .T. ) ;
#1064 = ADVANCED_FACE ( 'NONE', ( #6446 ), #6445, .F. ) ;
#1065 = EDGE_LOOP ( 'NONE', ( #1066, #1067, #1070, #1073 ) ) ;
#1066 = ORIENTED_EDGE ( 'NONE', *, *, #3388, .F. ) ;
#1067 = ORIENTED_EDGE ( 'NONE', *, *, #1068, .T. ) ;
#1068 = EDGE_CURVE ( 'NONE', #3389, #1069, #6440, .T. ) ;
#1069 = VERTEX_POINT ( 'NONE', #6436 ) ;
#1070 = ORIENTED_EDGE ( 'NONE', *, *, #1071, .F. ) ;
#1071 = EDGE_CURVE ( 'NONE', #1072, #1069, #6435, .T. ) ;
#1072 = VERTEX_POINT ( 'NONE', #6431 ) ;
#1073 = ORIENTED_EDGE ( 'NONE', *, *, #1074, .F. ) ;
#1074 = EDGE_CURVE ( 'NONE', #3403, #1072, #6430, .T. ) ;
#1075 = ORIENTED_EDGE ( 'NONE', *, *, #1039, .T. ) ;
#1076 = ORIENTED_EDGE ( 'NONE', *, *, #1024, .T. ) ;
#1077 = ADVANCED_FACE ( 'NONE', ( #6426 ), #6425, .F. ) ;
#1078 = EDGE_LOOP ( 'NONE', ( #1079, #1080, #1081, #1082 ) ) ;
#1079 = ORIENTED_EDGE ( 'NONE', *, *, #1019, .F. ) ;
#1080 = ORIENTED_EDGE ( 'NONE', *, *, #4043, .T. ) ;
#1081 = ORIENTED_EDGE ( 'NONE', *, *, #1010, .T. ) ;
#1082 = ORIENTED_EDGE ( 'NONE', *, *, #977, .F. ) ;
#1083 = ORIENTED_EDGE ( 'NONE', *, *, #1096, .T. ) ;
#1084 = ADVANCED_FACE ( 'NONE', ( #6489 ), #6484, .F. ) ;
#1085 = EDGE_LOOP ( 'NONE', ( #1141, #1142, #1143, #1145, #1146, #1147, #1148 ) ) ;
#1086 = ORIENTED_EDGE ( 'NONE', *, *, #1087, .F. ) ;
#1087 = EDGE_CURVE ( 'NONE', #1113, #1112, #6479, .T. ) ;
#1088 = ORIENTED_EDGE ( 'NONE', *, *, #1089, .T. ) ;
#1089 = EDGE_CURVE ( 'NONE', #1113, #1108, #6475, .T. ) ;
#1090 = ADVANCED_FACE ( 'NONE', ( #6471 ), #6470, .F. ) ;
#1091 = EDGE_LOOP ( 'NONE', ( #1092, #1095, #1098, #1153 ) ) ;
#1092 = ORIENTED_EDGE ( 'NONE', *, *, #1093, .T. ) ;
#1093 = EDGE_CURVE ( 'NONE', #1109, #1094, #6465, .T. ) ;
#1094 = VERTEX_POINT ( 'NONE', #6461 ) ;
#1095 = ORIENTED_EDGE ( 'NONE', *, *, #1096, .F. ) ;
#1096 = EDGE_CURVE ( 'NONE', #1097, #1094, #6460, .T. ) ;
#1097 = VERTEX_POINT ( 'NONE', #6522 ) ;
#1098 = ORIENTED_EDGE ( 'NONE', *, *, #1099, .F. ) ;
#1099 = EDGE_CURVE ( 'NONE', #1112, #1097, #6521, .T. ) ;
#1100 = ORIENTED_EDGE ( 'NONE', *, *, #1068, .F. ) ;
#1101 = ORIENTED_EDGE ( 'NONE', *, *, #3339, .T. ) ;
#1102 = ORIENTED_EDGE ( 'NONE', *, *, #1117, .F. ) ;
#1103 = ORIENTED_EDGE ( 'NONE', *, *, #1050, .F. ) ;
#1104 = ADVANCED_FACE ( 'NONE', ( #6517 ), #6516, .F. ) ;
#1105 = EDGE_LOOP ( 'NONE', ( #1106, #1110, #1086, #1088 ) ) ;
#1106 = ORIENTED_EDGE ( 'NONE', *, *, #1107, .T. ) ;
#1107 = EDGE_CURVE ( 'NONE', #1108, #1109, #6511, .T. ) ;
#1108 = VERTEX_POINT ( 'NONE', #6507 ) ;
#1109 = VERTEX_POINT ( 'NONE', #6506 ) ;
#1110 = ORIENTED_EDGE ( 'NONE', *, *, #1111, .F. ) ;
#1111 = EDGE_CURVE ( 'NONE', #1112, #1109, #6505, .T. ) ;
#1112 = VERTEX_POINT ( 'NONE', #6501 ) ;
#1113 = VERTEX_POINT ( 'NONE', #6500 ) ;
#1114 = EDGE_CURVE ( 'NONE', #1054, #3321, #6499, .T. ) ;
#1115 = ORIENTED_EDGE ( 'NONE', *, *, #1053, .T. ) ;
#1116 = ORIENTED_EDGE ( 'NONE', *, *, #1117, .T. ) ;
#1117 = EDGE_CURVE ( 'NONE', #1051, #3315, #6495, .T. ) ;
#1118 = ADVANCED_FACE ( 'NONE', ( #6491 ), #6490, .F. ) ;
#1119 = EDGE_LOOP ( 'NONE', ( #1120, #1121, #1122, #1044 ) ) ;
#1120 = ORIENTED_EDGE ( 'NONE', *, *, #3423, .F. ) ;
#1121 = ORIENTED_EDGE ( 'NONE', *, *, #1074, .T. ) ;
#1122 = ORIENTED_EDGE ( 'NONE', *, *, #1056, .T. ) ;
#1123 = ORIENTED_EDGE ( 'NONE', *, *, #1089, .F. ) ;
#1124 = ORIENTED_EDGE ( 'NONE', *, *, #1144, .F. ) ;
#1125 = ORIENTED_EDGE ( 'NONE', *, *, #3305, .T. ) ;
#1126 = ADVANCED_FACE ( 'NONE', ( #6552 ), #6551, .F. ) ;
#1127 = EDGE_LOOP ( 'NONE', ( #1128, #1184, #1187, #1190 ) ) ;
#1128 = ORIENTED_EDGE ( 'NONE', *, *, #1129, .T. ) ;
#1129 = EDGE_CURVE ( 'NONE', #1182, #1183, #6546, .T. ) ;
#1130 = ORIENTED_EDGE ( 'NONE', *, *, #3190, .F. ) ;
#1131 = ORIENTED_EDGE ( 'NONE', *, *, #1132, .F. ) ;
#1132 = EDGE_CURVE ( 'NONE', #1158, #3124, #6542, .T. ) ;
#1133 = ORIENTED_EDGE ( 'NONE', *, *, #1157, .F. ) ;
#1134 = ORIENTED_EDGE ( 'NONE', *, *, #1093, .F. ) ;
#1135 = ORIENTED_EDGE ( 'NONE', *, *, #1107, .F. ) ;
#1136 = ORIENTED_EDGE ( 'NONE', *, *, #1137, .F. ) ;
#1137 = EDGE_CURVE ( 'NONE', #3225, #1108, #6538, .T. ) ;
#1138 = ADVANCED_FACE ( 'NONE', ( #6534 ), #6533, .F. ) ;
#1139 = EDGE_LOOP ( 'NONE', ( #1140, #1197, #1198, #1199 ) ) ;
#1140 = ORIENTED_EDGE ( 'NONE', *, *, #1132, .T. ) ;
#1141 = ORIENTED_EDGE ( 'NONE', *, *, #3188, .T. ) ;
#1142 = ORIENTED_EDGE ( 'NONE', *, *, #3296, .T. ) ;
#1143 = ORIENTED_EDGE ( 'NONE', *, *, #1144, .T. ) ;
#1144 = EDGE_CURVE ( 'NONE', #3306, #1113, #6528, .T. ) ;
#1145 = ORIENTED_EDGE ( 'NONE', *, *, #1087, .T. ) ;
#1146 = ORIENTED_EDGE ( 'NONE', *, *, #1099, .T. ) ;
#1147 = ORIENTED_EDGE ( 'NONE', *, *, #1163, .T. ) ;
#1148 = ORIENTED_EDGE ( 'NONE', *, *, #1149, .T. ) ;
#1149 = EDGE_CURVE ( 'NONE', #1161, #3189, #6524, .T. ) ;
#1150 = ADVANCED_FACE ( 'NONE', ( #6585 ), #6584, .T. ) ;
#1151 = EDGE_LOOP ( 'NONE', ( #1152, #1130, #1131, #1133, #1134, #1135, #1136 ) ) ;
#1152 = ORIENTED_EDGE ( 'NONE', *, *, #3224, .F. ) ;
#1153 = ORIENTED_EDGE ( 'NONE', *, *, #1111, .T. ) ;
#1154 = ADVANCED_FACE ( 'NONE', ( #6579 ), #6578, .F. ) ;
#1155 = EDGE_LOOP ( 'NONE', ( #1156, #1159, #1162, #1083 ) ) ;
#1156 = ORIENTED_EDGE ( 'NONE', *, *, #1157, .T. ) ;
#1157 = EDGE_CURVE ( 'NONE', #1094, #1158, #6573, .T. ) ;
#1158 = VERTEX_POINT ( 'NONE', #6569 ) ;
#1159 = ORIENTED_EDGE ( 'NONE', *, *, #1160, .F. ) ;
#1160 = EDGE_CURVE ( 'NONE', #1161, #1158, #6568, .T. ) ;
#1161 = VERTEX_POINT ( 'NONE', #6564 ) ;
#1162 = ORIENTED_EDGE ( 'NONE', *, *, #1163, .F. ) ;
#1163 = EDGE_CURVE ( 'NONE', #1097, #1161, #6563, .T. ) ;
#1164 = EDGE_LOOP ( 'NONE', ( #1165, #1166, #1167, #1168 ) ) ;
#1165 = ORIENTED_EDGE ( 'NONE', *, *, #1176, .F. ) ;
#1166 = ORIENTED_EDGE ( 'NONE', *, *, #3450, .T. ) ;
#1167 = ORIENTED_EDGE ( 'NONE', *, *, #1172, .F. ) ;
#1168 = ORIENTED_EDGE ( 'NONE', *, *, #1129, .F. ) ;
#1169 = ADVANCED_FACE ( 'NONE', ( #6559 ), #6558, .F. ) ;
#1170 = ORIENTED_EDGE ( 'NONE', *, *, #1185, .T. ) ;
#1171 = ORIENTED_EDGE ( 'NONE', *, *, #1172, .T. ) ;
#1172 = EDGE_CURVE ( 'NONE', #1183, #11, #6619, .T. ) ;
#1173 = ADVANCED_FACE ( 'NONE', ( #6615 ), #6614, .F. ) ;
#1174 = EDGE_LOOP ( 'NONE', ( #1175, #1177, #1178, #1180 ) ) ;
#1175 = ORIENTED_EDGE ( 'NONE', *, *, #1176, .T. ) ;
#1176 = EDGE_CURVE ( 'NONE', #5, #1182, #6609, .T. ) ;
#1177 = ORIENTED_EDGE ( 'NONE', *, *, #1191, .F. ) ;
#1178 = ORIENTED_EDGE ( 'NONE', *, *, #1179, .F. ) ;
#1179 = EDGE_CURVE ( 'NONE', #4, #1189, #6605, .T. ) ;
#1180 = ORIENTED_EDGE ( 'NONE', *, *, #3, .T. ) ;
#1181 = ADVANCED_FACE ( 'NONE', ( #6601 ), #6600, .F. ) ;
#1182 = VERTEX_POINT ( 'NONE', #6595 ) ;
#1183 = VERTEX_POINT ( 'NONE', #6594 ) ;
#1184 = ORIENTED_EDGE ( 'NONE', *, *, #1185, .F. ) ;
#1185 = EDGE_CURVE ( 'NONE', #1186, #1183, #6593, .T. ) ;
#1186 = VERTEX_POINT ( 'NONE', #6589 ) ;
#1187 = ORIENTED_EDGE ( 'NONE', *, *, #1188, .F. ) ;
#1188 = EDGE_CURVE ( 'NONE', #1189, #1186, #6655, .T. ) ;
#1189 = VERTEX_POINT ( 'NONE', #6651 ) ;
#1190 = ORIENTED_EDGE ( 'NONE', *, *, #1191, .T. ) ;
#1191 = EDGE_CURVE ( 'NONE', #1189, #1182, #6650, .T. ) ;
#1192 = ADVANCED_FACE ( 'NONE', ( #6646 ), #6645, .F. ) ;
#1193 = EDGE_LOOP ( 'NONE', ( #1194, #1195, #1170, #1171 ) ) ;
#1194 = ORIENTED_EDGE ( 'NONE', *, *, #10, .F. ) ;
#1195 = ORIENTED_EDGE ( 'NONE', *, *, #1196, .F. ) ;
#1196 = EDGE_CURVE ( 'NONE', #1186, #8, #6640, .T. ) ;
#1197 = ORIENTED_EDGE ( 'NONE', *, *, #3219, .F. ) ;
#1198 = ORIENTED_EDGE ( 'NONE', *, *, #1149, .F. ) ;
#1199 = ORIENTED_EDGE ( 'NONE', *, *, #1160, .T. ) ;
#1200 = ADVANCED_FACE ( 'NONE', ( #6636 ), #6635, .F. ) ;
#1201 = EDGE_LOOP ( 'NONE', ( #1202, #1123, #1124, #1125 ) ) ;
#1202 = ORIENTED_EDGE ( 'NONE', *, *, #1137, .T. ) ;
#1203 = EDGE_LOOP ( 'NONE', ( #1204, #1205, #1207, #1208, #1265, #1266, #1268 ) ) ;
#1204 = ORIENTED_EDGE ( 'NONE', *, *, #3590, .F. ) ;
#1205 = ORIENTED_EDGE ( 'NONE', *, *, #1206, .F. ) ;
#1206 = EDGE_CURVE ( 'NONE', #1222, #3584, #6630, .T. ) ;
#1207 = ORIENTED_EDGE ( 'NONE', *, *, #1221, .F. ) ;
#1208 = ORIENTED_EDGE ( 'NONE', *, *, #1210, .F. ) ;
#1209 = ORIENTED_EDGE ( 'NONE', *, *, #1210, .T. ) ;
#1210 = EDGE_CURVE ( 'NONE', #1228, #1211, #6626, .T. ) ;
#1211 = VERTEX_POINT ( 'NONE', #6690 ) ;
#1212 = ORIENTED_EDGE ( 'NONE', *, *, #1213, .F. ) ;
#1213 = EDGE_CURVE ( 'NONE', #1214, #1211, #6689, .T. ) ;
#1214 = VERTEX_POINT ( 'NONE', #6685 ) ;
#1215 = ORIENTED_EDGE ( 'NONE', *, *, #1216, .F. ) ;
#1216 = EDGE_CURVE ( 'NONE', #1231, #1214, #6684, .T. ) ;
#1217 = ORIENTED_EDGE ( 'NONE', *, *, #1230, .T. ) ;
#1218 = ADVANCED_FACE ( 'NONE', ( #6680 ), #6679, .F. ) ;
#1219 = EDGE_LOOP ( 'NONE', ( #1220, #1278, #1280, #1282 ) ) ;
#1220 = ORIENTED_EDGE ( 'NONE', *, *, #1221, .T. ) ;
#1221 = EDGE_CURVE ( 'NONE', #1211, #1222, #6674, .T. ) ;
#1222 = VERTEX_POINT ( 'NONE', #6670 ) ;
#1223 = VERTEX_POINT ( 'NONE', #6669 ) ;
#1224 = EDGE_LOOP ( 'NONE', ( #1225, #1229, #1232, #1235 ) ) ;
#1225 = ORIENTED_EDGE ( 'NONE', *, *, #1226, .T. ) ;
#1226 = EDGE_CURVE ( 'NONE', #1227, #1228, #6668, .T. ) ;
#1227 = VERTEX_POINT ( 'NONE', #6664 ) ;
#1228 = VERTEX_POINT ( 'NONE', #6663 ) ;
#1229 = ORIENTED_EDGE ( 'NONE', *, *, #1230, .F. ) ;
#1230 = EDGE_CURVE ( 'NONE', #1231, #1228, #6661, .T. ) ;
#1231 = VERTEX_POINT ( 'NONE', #6722 ) ;
#1232 = ORIENTED_EDGE ( 'NONE', *, *, #1233, .F. ) ;
#1233 = EDGE_CURVE ( 'NONE', #1234, #1231, #6721, .T. ) ;
#1234 = VERTEX_POINT ( 'NONE', #6717 ) ;
#1235 = ORIENTED_EDGE ( 'NONE', *, *, #1236, .T. ) ;
#1236 = EDGE_CURVE ( 'NONE', #1234, #1227, #6716, .T. ) ;
#1237 = ADVANCED_FACE ( 'NONE', ( #6712 ), #6711, .F. ) ;
#1238 = EDGE_LOOP ( 'NONE', ( #1209, #1212, #1215, #1217 ) ) ;
#1239 = EDGE_LOOP ( 'NONE', ( #1240, #1241, #1242, #1243 ) ) ;
#1240 = ORIENTED_EDGE ( 'NONE', *, *, #7, .F. ) ;
#1241 = ORIENTED_EDGE ( 'NONE', *, *, #1179, .T. ) ;
#1242 = ORIENTED_EDGE ( 'NONE', *, *, #1188, .T. ) ;
#1243 = ORIENTED_EDGE ( 'NONE', *, *, #1196, .T. ) ;
#1244 = ADVANCED_FACE ( 'NONE', ( #6706 ), #6705, .T. ) ;
#1245 = ORIENTED_EDGE ( 'NONE', *, *, #108, .F. ) ;
#1246 = ORIENTED_EDGE ( 'NONE', *, *, #1247, .T. ) ;
#1247 = EDGE_CURVE ( 'NONE', #109, #1248, #6700, .T. ) ;
#1248 = VERTEX_POINT ( 'NONE', #6696 ) ;
#1249 = ORIENTED_EDGE ( 'NONE', *, *, #1250, .F. ) ;
#1250 = EDGE_CURVE ( 'NONE', #1251, #1248, #6695, .T. ) ;
#1251 = VERTEX_POINT ( 'NONE', #6691 ) ;
#1252 = ORIENTED_EDGE ( 'NONE', *, *, #1306, .F. ) ;
#1253 = EDGE_LOOP ( 'NONE', ( #1308, #1311, #1314, #1316 ) ) ;
#1254 = ORIENTED_EDGE ( 'NONE', *, *, #1216, .T. ) ;
#1255 = ORIENTED_EDGE ( 'NONE', *, *, #1281, .T. ) ;
#1256 = ADVANCED_FACE ( 'NONE', ( #6756 ), #6755, .F. ) ;
#1257 = EDGE_LOOP ( 'NONE', ( #1258, #1259, #1260, #1261 ) ) ;
#1258 = ORIENTED_EDGE ( 'NONE', *, *, #1276, .F. ) ;
#1259 = ORIENTED_EDGE ( 'NONE', *, *, #3967, .T. ) ;
#1260 = ORIENTED_EDGE ( 'NONE', *, *, #1267, .T. ) ;
#1261 = ORIENTED_EDGE ( 'NONE', *, *, #1236, .F. ) ;
#1262 = ADVANCED_FACE ( 'NONE', ( #6754 ), #6749, .F. ) ;
#1263 = EDGE_LOOP ( 'NONE', ( #1264, #1319, #1320, #1321 ) ) ;
#1264 = ORIENTED_EDGE ( 'NONE', *, *, #1206, .T. ) ;
#1265 = ORIENTED_EDGE ( 'NONE', *, *, #1226, .F. ) ;
#1266 = ORIENTED_EDGE ( 'NONE', *, *, #1267, .F. ) ;
#1267 = EDGE_CURVE ( 'NONE', #3965, #1227, #6744, .T. ) ;
#1268 = ORIENTED_EDGE ( 'NONE', *, *, #3964, .F. ) ;
#1269 = ADVANCED_FACE ( 'NONE', ( #6740 ), #6739, .F. ) ;
#1270 = EDGE_LOOP ( 'NONE', ( #1271, #1273, #1274, #1275, #1277, #1254, #1255 ) ) ;
#1271 = ORIENTED_EDGE ( 'NONE', *, *, #1272, .T. ) ;
#1272 = EDGE_CURVE ( 'NONE', #1223, #3458, #6734, .T. ) ;
#1273 = ORIENTED_EDGE ( 'NONE', *, *, #3457, .T. ) ;
#1274 = ORIENTED_EDGE ( 'NONE', *, *, #4037, .T. ) ;
#1275 = ORIENTED_EDGE ( 'NONE', *, *, #1276, .T. ) ;
#1276 = EDGE_CURVE ( 'NONE', #3968, #1234, #6730, .T. ) ;
#1277 = ORIENTED_EDGE ( 'NONE', *, *, #1233, .T. ) ;
#1278 = ORIENTED_EDGE ( 'NONE', *, *, #1279, .F. ) ;
#1279 = EDGE_CURVE ( 'NONE', #1223, #1222, #6726, .T. ) ;
#1280 = ORIENTED_EDGE ( 'NONE', *, *, #1281, .F. ) ;
#1281 = EDGE_CURVE ( 'NONE', #1214, #1223, #6787, .T. ) ;
#1282 = ORIENTED_EDGE ( 'NONE', *, *, #1213, .T. ) ;
#1283 = ADVANCED_FACE ( 'NONE', ( #6783 ), #6782, .T. ) ;
#1284 = ADVANCED_FACE ( 'NONE', ( #6777 ), #6776, .F. ) ;
#1285 = EDGE_LOOP ( 'NONE', ( #1286, #1290, #1342, #1345 ) ) ;
#1286 = ORIENTED_EDGE ( 'NONE', *, *, #1287, .T. ) ;
#1287 = EDGE_CURVE ( 'NONE', #1288, #1289, #6771, .T. ) ;
#1288 = VERTEX_POINT ( 'NONE', #6767 ) ;
#1289 = VERTEX_POINT ( 'NONE', #6766 ) ;
#1290 = ORIENTED_EDGE ( 'NONE', *, *, #1291, .F. ) ;
#1291 = EDGE_CURVE ( 'NONE', #1292, #1289, #6765, .T. ) ;
#1292 = VERTEX_POINT ( 'NONE', #6761 ) ;
#1293 = ORIENTED_EDGE ( 'NONE', *, *, #116, .F. ) ;
#1294 = ORIENTED_EDGE ( 'NONE', *, *, #1295, .F. ) ;
#1295 = EDGE_CURVE ( 'NONE', #1313, #113, #6760, .T. ) ;
#1296 = ORIENTED_EDGE ( 'NONE', *, *, #1312, .T. ) ;
#1297 = ORIENTED_EDGE ( 'NONE', *, *, #1298, .T. ) ;
#1298 = EDGE_CURVE ( 'NONE', #1310, #114, #6821, .T. ) ;
#1299 = ADVANCED_FACE ( 'NONE', ( #6817 ), #6816, .F. ) ;
#1300 = EDGE_LOOP ( 'NONE', ( #1301, #1302, #1303, #1304 ) ) ;
#1301 = ORIENTED_EDGE ( 'NONE', *, *, #112, .F. ) ;
#1302 = ORIENTED_EDGE ( 'NONE', *, *, #1306, .T. ) ;
#1303 = ORIENTED_EDGE ( 'NONE', *, *, #1315, .T. ) ;
#1304 = ORIENTED_EDGE ( 'NONE', *, *, #1295, .T. ) ;
#1305 = EDGE_LOOP ( 'NONE', ( #1358, #1359, #1360, #1361 ) ) ;
#1306 = EDGE_CURVE ( 'NONE', #110, #1251, #6811, .T. ) ;
#1307 = ADVANCED_FACE ( 'NONE', ( #6807 ), #6806, .F. ) ;
#1308 = ORIENTED_EDGE ( 'NONE', *, *, #1309, .T. ) ;
#1309 = EDGE_CURVE ( 'NONE', #1248, #1310, #6801, .T. ) ;
#1310 = VERTEX_POINT ( 'NONE', #6797 ) ;
#1311 = ORIENTED_EDGE ( 'NONE', *, *, #1312, .F. ) ;
#1312 = EDGE_CURVE ( 'NONE', #1313, #1310, #6796, .T. ) ;
#1313 = VERTEX_POINT ( 'NONE', #6792 ) ;
#1314 = ORIENTED_EDGE ( 'NONE', *, *, #1315, .F. ) ;
#1315 = EDGE_CURVE ( 'NONE', #1251, #1313, #6791, .T. ) ;
#1316 = ORIENTED_EDGE ( 'NONE', *, *, #1250, .T. ) ;
#1317 = ADVANCED_FACE ( 'NONE', ( #6854 ), #6853, .F. ) ;
#1318 = EDGE_LOOP ( 'NONE', ( #1293, #1294, #1296, #1297 ) ) ;
#1319 = ORIENTED_EDGE ( 'NONE', *, *, #3583, .F. ) ;
#1320 = ORIENTED_EDGE ( 'NONE', *, *, #1272, .F. ) ;
#1321 = ORIENTED_EDGE ( 'NONE', *, *, #1279, .T. ) ;
#1322 = ADVANCED_FACE ( 'NONE', ( #6848 ), #6847, .F. ) ;
#1323 = EDGE_LOOP ( 'NONE', ( #1245, #1246, #1249, #1252 ) ) ;
#1324 = ORIENTED_EDGE ( 'NONE', *, *, #1325, .T. ) ;
#1325 = EDGE_CURVE ( 'NONE', #1336, #3187, #6842, .T. ) ;
#1326 = ADVANCED_FACE ( 'NONE', ( #6838 ), #6837, .T. ) ;
#1327 = EDGE_LOOP ( 'NONE', ( #1385, #1386, #1387, #1389, #1390, #1391, #1392 ) ) ;
#1328 = ORIENTED_EDGE ( 'NONE', *, *, #1291, .T. ) ;
#1329 = ADVANCED_FACE ( 'NONE', ( #6832 ), #6831, .F. ) ;
#1330 = EDGE_LOOP ( 'NONE', ( #1331, #1334, #1337, #1339 ) ) ;
#1331 = ORIENTED_EDGE ( 'NONE', *, *, #1332, .T. ) ;
#1332 = EDGE_CURVE ( 'NONE', #1351, #1333, #6826, .T. ) ;
#1333 = VERTEX_POINT ( 'NONE', #6822 ) ;
#1334 = ORIENTED_EDGE ( 'NONE', *, *, #1335, .F. ) ;
#1335 = EDGE_CURVE ( 'NONE', #1336, #1333, #6888, .T. ) ;
#1336 = VERTEX_POINT ( 'NONE', #6884 ) ;
#1337 = ORIENTED_EDGE ( 'NONE', *, *, #1338, .F. ) ;
#1338 = EDGE_CURVE ( 'NONE', #1354, #1336, #6883, .T. ) ;
#1339 = ORIENTED_EDGE ( 'NONE', *, *, #1353, .T. ) ;
#1340 = ADVANCED_FACE ( 'NONE', ( #6879 ), #6878, .F. ) ;
#1341 = EDGE_LOOP ( 'NONE', ( #1396, #1397, #1398, #1400, #1401, #1402, #1324 ) ) ;
#1342 = ORIENTED_EDGE ( 'NONE', *, *, #1343, .F. ) ;
#1343 = EDGE_CURVE ( 'NONE', #1344, #1292, #6873, .T. ) ;
#1344 = VERTEX_POINT ( 'NONE', #6869 ) ;
#1345 = ORIENTED_EDGE ( 'NONE', *, *, #1346, .T. ) ;
#1346 = EDGE_CURVE ( 'NONE', #1344, #1288, #6868, .T. ) ;
#1347 = ADVANCED_FACE ( 'NONE', ( #6864 ), #6863, .F. ) ;
#1348 = EDGE_LOOP ( 'NONE', ( #1349, #1352, #1355, #1328 ) ) ;
#1349 = ORIENTED_EDGE ( 'NONE', *, *, #1350, .T. ) ;
#1350 = EDGE_CURVE ( 'NONE', #1289, #1351, #6858, .T. ) ;
#1351 = VERTEX_POINT ( 'NONE', #6919 ) ;
#1352 = ORIENTED_EDGE ( 'NONE', *, *, #1353, .F. ) ;
#1353 = EDGE_CURVE ( 'NONE', #1354, #1351, #6918, .T. ) ;
#1354 = VERTEX_POINT ( 'NONE', #6914 ) ;
#1355 = ORIENTED_EDGE ( 'NONE', *, *, #1356, .F. ) ;
#1356 = EDGE_CURVE ( 'NONE', #1292, #1354, #6913, .T. ) ;
#1357 = ADVANCED_FACE ( 'NONE', ( #6909 ), #6908, .T. ) ;
#1358 = ORIENTED_EDGE ( 'NONE', *, *, #1247, .F. ) ;
#1359 = ORIENTED_EDGE ( 'NONE', *, *, #118, .T. ) ;
#1360 = ORIENTED_EDGE ( 'NONE', *, *, #1298, .F. ) ;
#1361 = ORIENTED_EDGE ( 'NONE', *, *, #1309, .F. ) ;
#1362 = EDGE_CURVE ( 'NONE', #1363, #1441, #6903, .T. ) ;
#1363 = VERTEX_POINT ( 'NONE', #6899 ) ;
#1364 = ORIENTED_EDGE ( 'NONE', *, *, #1365, .F. ) ;
#1365 = EDGE_CURVE ( 'NONE', #1366, #1363, #6898, .T. ) ;
#1366 = VERTEX_POINT ( 'NONE', #6894 ) ;
#1367 = ORIENTED_EDGE ( 'NONE', *, *, #1368, .T. ) ;
#1368 = EDGE_CURVE ( 'NONE', #1366, #1440, #6893, .T. ) ;
#1369 = ADVANCED_FACE ( 'NONE', ( #6889 ), #6956, .F. ) ;
#1370 = EDGE_LOOP ( 'NONE', ( #1371, #1426, #1428, #1429 ) ) ;
#1371 = ORIENTED_EDGE ( 'NONE', *, *, #102, .F. ) ;
#1372 = ORIENTED_EDGE ( 'NONE', *, *, #1388, .T. ) ;
#1373 = ORIENTED_EDGE ( 'NONE', *, *, #3192, .F. ) ;
#1374 = ORIENTED_EDGE ( 'NONE', *, *, #1325, .F. ) ;
#1375 = ORIENTED_EDGE ( 'NONE', *, *, #1335, .T. ) ;
#1376 = ADVANCED_FACE ( 'NONE', ( #6951 ), #6950, .F. ) ;
#1377 = EDGE_LOOP ( 'NONE', ( #1378, #1379, #1380, #1381 ) ) ;
#1378 = ORIENTED_EDGE ( 'NONE', *, *, #1393, .T. ) ;
#1379 = ORIENTED_EDGE ( 'NONE', *, *, #1346, .F. ) ;
#1380 = ORIENTED_EDGE ( 'NONE', *, *, #1399, .F. ) ;
#1381 = ORIENTED_EDGE ( 'NONE', *, *, #3309, .T. ) ;
#1382 = ADVANCED_FACE ( 'NONE', ( #6945 ), #6944, .F. ) ;
#1383 = EDGE_LOOP ( 'NONE', ( #1384, #1442, #1364, #1367 ) ) ;
#1384 = ORIENTED_EDGE ( 'NONE', *, *, #1439, .T. ) ;
#1385 = ORIENTED_EDGE ( 'NONE', *, *, #3223, .F. ) ;
#1386 = ORIENTED_EDGE ( 'NONE', *, *, #3209, .F. ) ;
#1387 = ORIENTED_EDGE ( 'NONE', *, *, #1388, .F. ) ;
#1388 = EDGE_CURVE ( 'NONE', #1333, #3193, #6939, .T. ) ;
#1389 = ORIENTED_EDGE ( 'NONE', *, *, #1332, .F. ) ;
#1390 = ORIENTED_EDGE ( 'NONE', *, *, #1350, .F. ) ;
#1391 = ORIENTED_EDGE ( 'NONE', *, *, #1287, .F. ) ;
#1392 = ORIENTED_EDGE ( 'NONE', *, *, #1393, .F. ) ;
#1393 = EDGE_CURVE ( 'NONE', #3229, #1288, #6935, .T. ) ;
#1394 = ADVANCED_FACE ( 'NONE', ( #6931 ), #6930, .F. ) ;
#1395 = EDGE_LOOP ( 'NONE', ( #1372, #1373, #1374, #1375 ) ) ;
#1396 = ORIENTED_EDGE ( 'NONE', *, *, #3186, .T. ) ;
#1397 = ORIENTED_EDGE ( 'NONE', *, *, #3281, .T. ) ;
#1398 = ORIENTED_EDGE ( 'NONE', *, *, #1399, .T. ) ;
#1399 = EDGE_CURVE ( 'NONE', #3302, #1344, #6924, .T. ) ;
#1400 = ORIENTED_EDGE ( 'NONE', *, *, #1343, .T. ) ;
#1401 = ORIENTED_EDGE ( 'NONE', *, *, #1356, .T. ) ;
#1402 = ORIENTED_EDGE ( 'NONE', *, *, #1338, .T. ) ;
#1403 = VERTEX_POINT ( 'NONE', #6989 ) ;
#1404 = ORIENTED_EDGE ( 'NONE', *, *, #1405, .F. ) ;
#1405 = EDGE_CURVE ( 'NONE', #1406, #1403, #6988, .T. ) ;
#1406 = VERTEX_POINT ( 'NONE', #6984 ) ;
#1407 = ORIENTED_EDGE ( 'NONE', *, *, #1408, .F. ) ;
#1408 = EDGE_CURVE ( 'NONE', #1409, #1406, #6983, .T. ) ;
#1409 = VERTEX_POINT ( 'NONE', #6979 ) ;
#1410 = ORIENTED_EDGE ( 'NONE', *, *, #1411, .T. ) ;
#1411 = EDGE_CURVE ( 'NONE', #1409, #1482, #6978, .T. ) ;
#1412 = ADVANCED_FACE ( 'NONE', ( #6974 ), #6973, .F. ) ;
#1413 = ADVANCED_FACE ( 'NONE', ( #6968 ), #6967, .F. ) ;
#1414 = EDGE_LOOP ( 'NONE', ( #1415, #1416, #1417, #1418 ) ) ;
#1415 = ORIENTED_EDGE ( 'NONE', *, *, #100, .F. ) ;
#1416 = ORIENTED_EDGE ( 'NONE', *, *, #1437, .T. ) ;
#1417 = ORIENTED_EDGE ( 'NONE', *, *, #1365, .T. ) ;
#1418 = ORIENTED_EDGE ( 'NONE', *, *, #1427, .T. ) ;
#1419 = ADVANCED_FACE ( 'NONE', ( #6962 ), #6961, .T. ) ;
#1420 = EDGE_LOOP ( 'NONE', ( #1421, #1422, #1423, #1424 ) ) ;
#1421 = ORIENTED_EDGE ( 'NONE', *, *, #1434, .F. ) ;
#1422 = ORIENTED_EDGE ( 'NONE', *, *, #105, .T. ) ;
#1423 = ORIENTED_EDGE ( 'NONE', *, *, #1430, .F. ) ;
#1424 = ORIENTED_EDGE ( 'NONE', *, *, #1439, .F. ) ;
#1425 = EDGE_LOOP ( 'NONE', ( #1480, #1404, #1407, #1410 ) ) ;
#1426 = ORIENTED_EDGE ( 'NONE', *, *, #1427, .F. ) ;
#1427 = EDGE_CURVE ( 'NONE', #1363, #59, #7022, .T. ) ;
#1428 = ORIENTED_EDGE ( 'NONE', *, *, #1362, .T. ) ;
#1429 = ORIENTED_EDGE ( 'NONE', *, *, #1430, .T. ) ;
#1430 = EDGE_CURVE ( 'NONE', #1441, #103, #7018, .T. ) ;
#1431 = ADVANCED_FACE ( 'NONE', ( #7014 ), #7013, .F. ) ;
#1432 = EDGE_LOOP ( 'NONE', ( #1433, #1435, #1436, #1438 ) ) ;
#1433 = ORIENTED_EDGE ( 'NONE', *, *, #1434, .T. ) ;
#1434 = EDGE_CURVE ( 'NONE', #57, #1440, #7008, .T. ) ;
#1435 = ORIENTED_EDGE ( 'NONE', *, *, #1368, .F. ) ;
#1436 = ORIENTED_EDGE ( 'NONE', *, *, #1437, .F. ) ;
#1437 = EDGE_CURVE ( 'NONE', #56, #1366, #7004, .T. ) ;
#1438 = ORIENTED_EDGE ( 'NONE', *, *, #55, .T. ) ;
#1439 = EDGE_CURVE ( 'NONE', #1440, #1441, #7000, .T. ) ;
#1440 = VERTEX_POINT ( 'NONE', #6996 ) ;
#1441 = VERTEX_POINT ( 'NONE', #6995 ) ;
#1442 = ORIENTED_EDGE ( 'NONE', *, *, #1362, .F. ) ;
#1443 = ORIENTED_EDGE ( 'NONE', *, *, #4050, .F. ) ;
#1444 = ADVANCED_FACE ( 'NONE', ( #6994 ), #6993, .F. ) ;
#1445 = EDGE_LOOP ( 'NONE', ( #1446, #1448, #1449, #1450, #1508, #1509, #1510 ) ) ;
#1446 = ORIENTED_EDGE ( 'NONE', *, *, #1447, .T. ) ;
#1447 = EDGE_CURVE ( 'NONE', #1454, #3540, #7053, .T. ) ;
#1448 = ORIENTED_EDGE ( 'NONE', *, *, #3539, .T. ) ;
#1449 = ORIENTED_EDGE ( 'NONE', *, *, #3961, .T. ) ;
#1450 = ORIENTED_EDGE ( 'NONE', *, *, #1451, .T. ) ;
#1451 = EDGE_CURVE ( 'NONE', #3959, #1409, #7049, .T. ) ;
#1452 = ORIENTED_EDGE ( 'NONE', *, *, #1453, .F. ) ;
#1453 = EDGE_CURVE ( 'NONE', #1454, #1478, #7045, .T. ) ;
#1454 = VERTEX_POINT ( 'NONE', #7041 ) ;
#1455 = ORIENTED_EDGE ( 'NONE', *, *, #1456, .F. ) ;
#1456 = EDGE_CURVE ( 'NONE', #1470, #1454, #7040, .T. ) ;
#1457 = ORIENTED_EDGE ( 'NONE', *, *, #1469, .T. ) ;
#1458 = ADVANCED_FACE ( 'NONE', ( #7036 ), #7035, .T. ) ;
#1459 = EDGE_LOOP ( 'NONE', ( #1460, #1461, #1463, #1519, #1520, #1521, #1443 ) ) ;
#1460 = ORIENTED_EDGE ( 'NONE', *, *, #3634, .F. ) ;
#1461 = ORIENTED_EDGE ( 'NONE', *, *, #1462, .F. ) ;
#1462 = EDGE_CURVE ( 'NONE', #1478, #3511, #7030, .T. ) ;
#1463 = ORIENTED_EDGE ( 'NONE', *, *, #1477, .F. ) ;
#1464 = EDGE_LOOP ( 'NONE', ( #1465, #1468, #1471, #1473 ) ) ;
#1465 = ORIENTED_EDGE ( 'NONE', *, *, #1466, .T. ) ;
#1466 = EDGE_CURVE ( 'NONE', #1403, #1467, #7026, .T. ) ;
#1467 = VERTEX_POINT ( 'NONE', #7086 ) ;
#1468 = ORIENTED_EDGE ( 'NONE', *, *, #1469, .F. ) ;
#1469 = EDGE_CURVE ( 'NONE', #1470, #1467, #7085, .T. ) ;
#1470 = VERTEX_POINT ( 'NONE', #7081 ) ;
#1471 = ORIENTED_EDGE ( 'NONE', *, *, #1472, .F. ) ;
#1472 = EDGE_CURVE ( 'NONE', #1406, #1470, #7080, .T. ) ;
#1473 = ORIENTED_EDGE ( 'NONE', *, *, #1405, .T. ) ;
#1474 = ADVANCED_FACE ( 'NONE', ( #7076 ), #7075, .F. ) ;
#1475 = EDGE_LOOP ( 'NONE', ( #1476, #1452, #1455, #1457 ) ) ;
#1476 = ORIENTED_EDGE ( 'NONE', *, *, #1477, .T. ) ;
#1477 = EDGE_CURVE ( 'NONE', #1467, #1478, #7070, .T. ) ;
#1478 = VERTEX_POINT ( 'NONE', #7066 ) ;
#1479 = ADVANCED_FACE ( 'NONE', ( #7065 ), #7064, .F. ) ;
#1480 = ORIENTED_EDGE ( 'NONE', *, *, #1481, .T. ) ;
#1481 = EDGE_CURVE ( 'NONE', #1482, #1403, #7059, .T. ) ;
#1482 = VERTEX_POINT ( 'NONE', #7055 ) ;
#1483 = ORIENTED_EDGE ( 'NONE', *, *, #1484, .T. ) ;
#1484 = EDGE_CURVE ( 'NONE', #1503, #1485, #7120, .T. ) ;
#1485 = VERTEX_POINT ( 'NONE', #7116 ) ;
#1486 = ORIENTED_EDGE ( 'NONE', *, *, #1487, .F. ) ;
#1487 = EDGE_CURVE ( 'NONE', #1488, #1485, #7115, .T. ) ;
#1488 = VERTEX_POINT ( 'NONE', #7111 ) ;
#1489 = ORIENTED_EDGE ( 'NONE', *, *, #1490, .F. ) ;
#1490 = EDGE_CURVE ( 'NONE', #1506, #1488, #7110, .T. ) ;
#1491 = ORIENTED_EDGE ( 'NONE', *, *, #1505, .T. ) ;
#1492 = ADVANCED_FACE ( 'NONE', ( #7106 ), #7105, .F. ) ;
#1493 = EDGE_LOOP ( 'NONE', ( #1548, #1549, #1551, #1552 ) ) ;
#1494 = ORIENTED_EDGE ( 'NONE', *, *, #1462, .T. ) ;
#1495 = ORIENTED_EDGE ( 'NONE', *, *, #3510, .F. ) ;
#1496 = ORIENTED_EDGE ( 'NONE', *, *, #1447, .F. ) ;
#1497 = ORIENTED_EDGE ( 'NONE', *, *, #1453, .T. ) ;
#1498 = ADVANCED_FACE ( 'NONE', ( #7100 ), #7099, .F. ) ;
#1499 = EDGE_LOOP ( 'NONE', ( #1500, #1501, #1504, #1559 ) ) ;
#1500 = ORIENTED_EDGE ( 'NONE', *, *, #75, .F. ) ;
#1501 = ORIENTED_EDGE ( 'NONE', *, *, #1502, .T. ) ;
#1502 = EDGE_CURVE ( 'NONE', #43, #1503, #7094, .T. ) ;
#1503 = VERTEX_POINT ( 'NONE', #7090 ) ;
#1504 = ORIENTED_EDGE ( 'NONE', *, *, #1505, .F. ) ;
#1505 = EDGE_CURVE ( 'NONE', #1506, #1503, #7089, .T. ) ;
#1506 = VERTEX_POINT ( 'NONE', #7152 ) ;
#1507 = EDGE_LOOP ( 'NONE', ( #1483, #1486, #1489, #1491 ) ) ;
#1508 = ORIENTED_EDGE ( 'NONE', *, *, #1408, .T. ) ;
#1509 = ORIENTED_EDGE ( 'NONE', *, *, #1472, .T. ) ;
#1510 = ORIENTED_EDGE ( 'NONE', *, *, #1456, .T. ) ;
#1511 = ADVANCED_FACE ( 'NONE', ( #7151 ), #7150, .F. ) ;
#1512 = EDGE_LOOP ( 'NONE', ( #1513, #1514, #1515, #1516 ) ) ;
#1513 = ORIENTED_EDGE ( 'NONE', *, *, #1451, .F. ) ;
#1514 = ORIENTED_EDGE ( 'NONE', *, *, #4053, .T. ) ;
#1515 = ORIENTED_EDGE ( 'NONE', *, *, #1522, .T. ) ;
#1516 = ORIENTED_EDGE ( 'NONE', *, *, #1411, .F. ) ;
#1517 = ADVANCED_FACE ( 'NONE', ( #7145 ), #7144, .F. ) ;
#1518 = EDGE_LOOP ( 'NONE', ( #1494, #1495, #1496, #1497 ) ) ;
#1519 = ORIENTED_EDGE ( 'NONE', *, *, #1466, .F. ) ;
#1520 = ORIENTED_EDGE ( 'NONE', *, *, #1481, .F. ) ;
#1521 = ORIENTED_EDGE ( 'NONE', *, *, #1522, .F. ) ;
#1522 = EDGE_CURVE ( 'NONE', #4051, #1482, #7139, .T. ) ;
#1523 = ORIENTED_EDGE ( 'NONE', *, *, #1524, .T. ) ;
#1524 = EDGE_CURVE ( 'NONE', #1602, #1544, #7135, .T. ) ;
#1525 = ADVANCED_FACE ( 'NONE', ( #7131 ), #7130, .F. ) ;
#1526 = EDGE_LOOP ( 'NONE', ( #1527, #1530, #1585, #1587 ) ) ;
#1527 = ORIENTED_EDGE ( 'NONE', *, *, #1528, .T. ) ;
#1528 = EDGE_CURVE ( 'NONE', #1545, #1529, #7125, .T. ) ;
#1529 = VERTEX_POINT ( 'NONE', #7121 ) ;
#1530 = ORIENTED_EDGE ( 'NONE', *, *, #1531, .F. ) ;
#1531 = EDGE_CURVE ( 'NONE', #1532, #1529, #7186, .T. ) ;
#1532 = VERTEX_POINT ( 'NONE', #7182 ) ;
#1533 = ORIENTED_EDGE ( 'NONE', *, *, #1550, .T. ) ;
#1534 = ADVANCED_FACE ( 'NONE', ( #7181 ), #7180, .T. ) ;
#1535 = EDGE_LOOP ( 'NONE', ( #1536, #1537, #1538, #1539 ) ) ;
#1536 = ORIENTED_EDGE ( 'NONE', *, *, #1502, .F. ) ;
#1537 = ORIENTED_EDGE ( 'NONE', *, *, #52, .T. ) ;
#1538 = ORIENTED_EDGE ( 'NONE', *, *, #1553, .F. ) ;
#1539 = ORIENTED_EDGE ( 'NONE', *, *, #1484, .F. ) ;
#1540 = ADVANCED_FACE ( 'NONE', ( #7175 ), #7174, .F. ) ;
#1541 = EDGE_LOOP ( 'NONE', ( #1542, #1546, #1600, #1523 ) ) ;
#1542 = ORIENTED_EDGE ( 'NONE', *, *, #1543, .T. ) ;
#1543 = EDGE_CURVE ( 'NONE', #1544, #1545, #7169, .T. ) ;
#1544 = VERTEX_POINT ( 'NONE', #7165 ) ;
#1545 = VERTEX_POINT ( 'NONE', #7164 ) ;
#1546 = ORIENTED_EDGE ( 'NONE', *, *, #1547, .F. ) ;
#1547 = EDGE_CURVE ( 'NONE', #1599, #1545, #7163, .T. ) ;
#1548 = ORIENTED_EDGE ( 'NONE', *, *, #49, .F. ) ;
#1549 = ORIENTED_EDGE ( 'NONE', *, *, #1550, .F. ) ;
#1550 = EDGE_CURVE ( 'NONE', #1488, #47, #7159, .T. ) ;
#1551 = ORIENTED_EDGE ( 'NONE', *, *, #1487, .T. ) ;
#1552 = ORIENTED_EDGE ( 'NONE', *, *, #1553, .T. ) ;
#1553 = EDGE_CURVE ( 'NONE', #1485, #50, #7155, .T. ) ;
#1554 = ADVANCED_FACE ( 'NONE', ( #7217 ), #7216, .F. ) ;
#1555 = EDGE_LOOP ( 'NONE', ( #1556, #1557, #1558, #1533 ) ) ;
#1556 = ORIENTED_EDGE ( 'NONE', *, *, #46, .F. ) ;
#1557 = ORIENTED_EDGE ( 'NONE', *, *, #1560, .T. ) ;
#1558 = ORIENTED_EDGE ( 'NONE', *, *, #1490, .T. ) ;
#1559 = ORIENTED_EDGE ( 'NONE', *, *, #1560, .F. ) ;
#1560 = EDGE_CURVE ( 'NONE', #44, #1506, #7211, .T. ) ;
#1561 = ADVANCED_FACE ( 'NONE', ( #7207 ), #7206, .F. ) ;
#1562 = ORIENTED_EDGE ( 'NONE', *, *, #3834, .F. ) ;
#1563 = ORIENTED_EDGE ( 'NONE', *, *, #1564, .F. ) ;
#1564 = EDGE_CURVE ( 'NONE', #1592, #3832, #7201, .T. ) ;
#1565 = ORIENTED_EDGE ( 'NONE', *, *, #1591, .F. ) ;
#1566 = ORIENTED_EDGE ( 'NONE', *, *, #1528, .F. ) ;
#1567 = ORIENTED_EDGE ( 'NONE', *, *, #1543, .F. ) ;
#1568 = ORIENTED_EDGE ( 'NONE', *, *, #1569, .F. ) ;
#1569 = EDGE_CURVE ( 'NONE', #3278, #1544, #7197, .T. ) ;
#1570 = ADVANCED_FACE ( 'NONE', ( #7193 ), #7192, .F. ) ;
#1571 = EDGE_LOOP ( 'NONE', ( #1630, #1631, #1632, #1633 ) ) ;
#1572 = ADVANCED_FACE ( 'NONE', ( #7187 ), #6656, .F. ) ;
#1573 = EDGE_LOOP ( 'NONE', ( #1574, #1575, #1576, #1578, #1579, #1580, #1581 ) ) ;
#1574 = ORIENTED_EDGE ( 'NONE', *, *, #3828, .T. ) ;
#1575 = ORIENTED_EDGE ( 'NONE', *, *, #3352, .T. ) ;
#1576 = ORIENTED_EDGE ( 'NONE', *, *, #1577, .T. ) ;
#1577 = EDGE_CURVE ( 'NONE', #3227, #1602, #7248, .T. ) ;
#1578 = ORIENTED_EDGE ( 'NONE', *, *, #1601, .T. ) ;
#1579 = ORIENTED_EDGE ( 'NONE', *, *, #1586, .T. ) ;
#1580 = ORIENTED_EDGE ( 'NONE', *, *, #1597, .T. ) ;
#1581 = ORIENTED_EDGE ( 'NONE', *, *, #1582, .T. ) ;
#1582 = EDGE_CURVE ( 'NONE', #1595, #3829, #7244, .T. ) ;
#1583 = ADVANCED_FACE ( 'NONE', ( #7240 ), #7239, .T. ) ;
#1584 = EDGE_LOOP ( 'NONE', ( #1642, #1562, #1563, #1565, #1566, #1567, #1568 ) ) ;
#1585 = ORIENTED_EDGE ( 'NONE', *, *, #1586, .F. ) ;
#1586 = EDGE_CURVE ( 'NONE', #1599, #1532, #7234, .T. ) ;
#1587 = ORIENTED_EDGE ( 'NONE', *, *, #1547, .T. ) ;
#1588 = ADVANCED_FACE ( 'NONE', ( #7230 ), #7229, .F. ) ;
#1589 = EDGE_LOOP ( 'NONE', ( #1590, #1593, #1596, #1598 ) ) ;
#1590 = ORIENTED_EDGE ( 'NONE', *, *, #1591, .T. ) ;
#1591 = EDGE_CURVE ( 'NONE', #1529, #1592, #7224, .T. ) ;
#1592 = VERTEX_POINT ( 'NONE', #7220 ) ;
#1593 = ORIENTED_EDGE ( 'NONE', *, *, #1594, .F. ) ;
#1594 = EDGE_CURVE ( 'NONE', #1595, #1592, #7282, .T. ) ;
#1595 = VERTEX_POINT ( 'NONE', #7278 ) ;
#1596 = ORIENTED_EDGE ( 'NONE', *, *, #1597, .F. ) ;
#1597 = EDGE_CURVE ( 'NONE', #1532, #1595, #7277, .T. ) ;
#1598 = ORIENTED_EDGE ( 'NONE', *, *, #1531, .T. ) ;
#1599 = VERTEX_POINT ( 'NONE', #7273 ) ;
#1600 = ORIENTED_EDGE ( 'NONE', *, *, #1601, .F. ) ;
#1601 = EDGE_CURVE ( 'NONE', #1602, #1599, #7272, .T. ) ;
#1602 = VERTEX_POINT ( 'NONE', #7268 ) ;
#1603 = ORIENTED_EDGE ( 'NONE', *, *, #1604, .F. ) ;
#1604 = EDGE_CURVE ( 'NONE', #1621, #67, #7267, .T. ) ;
#1605 = ORIENTED_EDGE ( 'NONE', *, *, #1620, .T. ) ;
#1606 = ORIENTED_EDGE ( 'NONE', *, *, #1607, .T. ) ;
#1607 = EDGE_CURVE ( 'NONE', #1618, #70, #7263, .T. ) ;
#1608 = ADVANCED_FACE ( 'NONE', ( #7259 ), #7258, .F. ) ;
#1609 = EDGE_LOOP ( 'NONE', ( #1610, #1612, #1613, #1671 ) ) ;
#1610 = ORIENTED_EDGE ( 'NONE', *, *, #1611, .T. ) ;
#1611 = EDGE_CURVE ( 'NONE', #64, #1617, #7253, .T. ) ;
#1612 = ORIENTED_EDGE ( 'NONE', *, *, #1626, .F. ) ;
#1613 = ORIENTED_EDGE ( 'NONE', *, *, #1614, .F. ) ;
#1614 = EDGE_CURVE ( 'NONE', #63, #1624, #7249, .T. ) ;
#1615 = ORIENTED_EDGE ( 'NONE', *, *, #1616, .T. ) ;
#1616 = EDGE_CURVE ( 'NONE', #1617, #1618, #7313, .T. ) ;
#1617 = VERTEX_POINT ( 'NONE', #7309 ) ;
#1618 = VERTEX_POINT ( 'NONE', #7308 ) ;
#1619 = ORIENTED_EDGE ( 'NONE', *, *, #1620, .F. ) ;
#1620 = EDGE_CURVE ( 'NONE', #1621, #1618, #7307, .T. ) ;
#1621 = VERTEX_POINT ( 'NONE', #7303 ) ;
#1622 = ORIENTED_EDGE ( 'NONE', *, *, #1623, .F. ) ;
#1623 = EDGE_CURVE ( 'NONE', #1624, #1621, #7302, .T. ) ;
#1624 = VERTEX_POINT ( 'NONE', #7298 ) ;
#1625 = ORIENTED_EDGE ( 'NONE', *, *, #1626, .T. ) ;
#1626 = EDGE_CURVE ( 'NONE', #1624, #1617, #7297, .T. ) ;
#1627 = ADVANCED_FACE ( 'NONE', ( #7293 ), #7292, .F. ) ;
#1628 = EDGE_LOOP ( 'NONE', ( #1629, #1603, #1605, #1606 ) ) ;
#1629 = ORIENTED_EDGE ( 'NONE', *, *, #69, .F. ) ;
#1630 = ORIENTED_EDGE ( 'NONE', *, *, #1564, .T. ) ;
#1631 = ORIENTED_EDGE ( 'NONE', *, *, #3831, .F. ) ;
#1632 = ORIENTED_EDGE ( 'NONE', *, *, #1582, .F. ) ;
#1633 = ORIENTED_EDGE ( 'NONE', *, *, #1594, .T. ) ;
#1634 = ADVANCED_FACE ( 'NONE', ( #7287 ), #7285, .F. ) ;
#1635 = EDGE_LOOP ( 'NONE', ( #1636, #1637, #1638, #1639 ) ) ;
#1636 = ORIENTED_EDGE ( 'NONE', *, *, #1569, .T. ) ;
#1637 = ORIENTED_EDGE ( 'NONE', *, *, #1524, .F. ) ;
#1638 = ORIENTED_EDGE ( 'NONE', *, *, #1577, .F. ) ;
#1639 = ORIENTED_EDGE ( 'NONE', *, *, #3222, .T. ) ;
#1640 = ADVANCED_FACE ( 'NONE', ( #7286 ), #7347, .F. ) ;
#1641 = EDGE_LOOP ( 'NONE', ( #1615, #1619, #1622, #1625 ) ) ;
#1642 = ORIENTED_EDGE ( 'NONE', *, *, #3285, .F. ) ;
#1643 = EDGE_LOOP ( 'NONE', ( #1644, #1647, #1650, #1652 ) ) ;
#1644 = ORIENTED_EDGE ( 'NONE', *, *, #1645, .T. ) ;
#1645 = EDGE_CURVE ( 'NONE', #1662, #1646, #7342, .T. ) ;
#1646 = VERTEX_POINT ( 'NONE', #7338 ) ;
#1647 = ORIENTED_EDGE ( 'NONE', *, *, #1648, .F. ) ;
#1648 = EDGE_CURVE ( 'NONE', #1649, #1646, #7337, .T. ) ;
#1649 = VERTEX_POINT ( 'NONE', #7333 ) ;
#1650 = ORIENTED_EDGE ( 'NONE', *, *, #1651, .F. ) ;
#1651 = EDGE_CURVE ( 'NONE', #1665, #1649, #7332, .T. ) ;
#1652 = ORIENTED_EDGE ( 'NONE', *, *, #1664, .T. ) ;
#1653 = ADVANCED_FACE ( 'NONE', ( #7328 ), #7327, .F. ) ;
#1654 = EDGE_LOOP ( 'NONE', ( #1655, #1711, #1714, #1716 ) ) ;
#1655 = ORIENTED_EDGE ( 'NONE', *, *, #1709, .T. ) ;
#1656 = ORIENTED_EDGE ( 'NONE', *, *, #1616, .F. ) ;
#1657 = ADVANCED_FACE ( 'NONE', ( #7322 ), #7321, .F. ) ;
#1658 = EDGE_LOOP ( 'NONE', ( #1659, #1663, #1666, #1669 ) ) ;
#1659 = ORIENTED_EDGE ( 'NONE', *, *, #1660, .T. ) ;
#1660 = EDGE_CURVE ( 'NONE', #1661, #1662, #7382, .T. ) ;
#1661 = VERTEX_POINT ( 'NONE', #7378 ) ;
#1662 = VERTEX_POINT ( 'NONE', #7377 ) ;
#1663 = ORIENTED_EDGE ( 'NONE', *, *, #1664, .F. ) ;
#1664 = EDGE_CURVE ( 'NONE', #1665, #1662, #7376, .T. ) ;
#1665 = VERTEX_POINT ( 'NONE', #7372 ) ;
#1666 = ORIENTED_EDGE ( 'NONE', *, *, #1667, .F. ) ;
#1667 = EDGE_CURVE ( 'NONE', #1668, #1665, #7371, .T. ) ;
#1668 = VERTEX_POINT ( 'NONE', #7367 ) ;
#1669 = ORIENTED_EDGE ( 'NONE', *, *, #1670, .T. ) ;
#1670 = EDGE_CURVE ( 'NONE', #1668, #1661, #7366, .T. ) ;
#1671 = ORIENTED_EDGE ( 'NONE', *, *, #62, .T. ) ;
#1672 = ADVANCED_FACE ( 'NONE', ( #7362 ), #7361, .F. ) ;
#1673 = EDGE_LOOP ( 'NONE', ( #1674, #1675, #1676, #1677 ) ) ;
#1674 = ORIENTED_EDGE ( 'NONE', *, *, #66, .F. ) ;
#1675 = ORIENTED_EDGE ( 'NONE', *, *, #1614, .T. ) ;
#1676 = ORIENTED_EDGE ( 'NONE', *, *, #1623, .T. ) ;
#1677 = ORIENTED_EDGE ( 'NONE', *, *, #1604, .T. ) ;
#1678 = ADVANCED_FACE ( 'NONE', ( #7356 ), #7355, .T. ) ;
#1679 = EDGE_LOOP ( 'NONE', ( #1680, #1681, #1682, #1656 ) ) ;
#1680 = ORIENTED_EDGE ( 'NONE', *, *, #1611, .F. ) ;
#1681 = ORIENTED_EDGE ( 'NONE', *, *, #72, .T. ) ;
#1682 = ORIENTED_EDGE ( 'NONE', *, *, #1607, .F. ) ;
#1683 = ORIENTED_EDGE ( 'NONE', *, *, #1684, .F. ) ;
#1684 = EDGE_CURVE ( 'NONE', #1737, #1762, #7350, .T. ) ;
#1685 = ORIENTED_EDGE ( 'NONE', *, *, #1686, .T. ) ;
#1686 = EDGE_CURVE ( 'NONE', #3977, #1668, #7413, .T. ) ;
#1687 = ORIENTED_EDGE ( 'NONE', *, *, #1667, .T. ) ;
#1688 = ORIENTED_EDGE ( 'NONE', *, *, #1651, .T. ) ;
#1689 = ORIENTED_EDGE ( 'NONE', *, *, #1715, .T. ) ;
#1690 = ADVANCED_FACE ( 'NONE', ( #7409 ), #7408, .F. ) ;
#1691 = EDGE_LOOP ( 'NONE', ( #1692, #1693, #1694, #1695 ) ) ;
#1692 = ORIENTED_EDGE ( 'NONE', *, *, #1686, .F. ) ;
#1693 = ORIENTED_EDGE ( 'NONE', *, *, #3976, .T. ) ;
#1694 = ORIENTED_EDGE ( 'NONE', *, *, #1701, .T. ) ;
#1695 = ORIENTED_EDGE ( 'NONE', *, *, #1670, .F. ) ;
#1696 = ADVANCED_FACE ( 'NONE', ( #7403 ), #7402, .F. ) ;
#1697 = ORIENTED_EDGE ( 'NONE', *, *, #1709, .F. ) ;
#1698 = ORIENTED_EDGE ( 'NONE', *, *, #1645, .F. ) ;
#1699 = ORIENTED_EDGE ( 'NONE', *, *, #1660, .F. ) ;
#1700 = ORIENTED_EDGE ( 'NONE', *, *, #1701, .F. ) ;
#1701 = EDGE_CURVE ( 'NONE', #3974, #1661, #7397, .T. ) ;
#1702 = ORIENTED_EDGE ( 'NONE', *, *, #3973, .F. ) ;
#1703 = ADVANCED_FACE ( 'NONE', ( #7393 ), #7392, .F. ) ;
#1704 = EDGE_LOOP ( 'NONE', ( #1705, #1707, #1708, #1685, #1687, #1688, #1689 ) ) ;
#1705 = ORIENTED_EDGE ( 'NONE', *, *, #1706, .T. ) ;
#1706 = EDGE_CURVE ( 'NONE', #1713, #3628, #7386, .T. ) ;
#1707 = ORIENTED_EDGE ( 'NONE', *, *, #3627, .T. ) ;
#1708 = ORIENTED_EDGE ( 'NONE', *, *, #3979, .T. ) ;
#1709 = EDGE_CURVE ( 'NONE', #1646, #1710, #7387, .T. ) ;
#1710 = VERTEX_POINT ( 'NONE', #7446 ) ;
#1711 = ORIENTED_EDGE ( 'NONE', *, *, #1712, .F. ) ;
#1712 = EDGE_CURVE ( 'NONE', #1713, #1710, #7445, .T. ) ;
#1713 = VERTEX_POINT ( 'NONE', #7441 ) ;
#1714 = ORIENTED_EDGE ( 'NONE', *, *, #1715, .F. ) ;
#1715 = EDGE_CURVE ( 'NONE', #1649, #1713, #7440, .T. ) ;
#1716 = ORIENTED_EDGE ( 'NONE', *, *, #1648, .T. ) ;
#1717 = ADVANCED_FACE ( 'NONE', ( #7436 ), #7435, .T. ) ;
#1718 = EDGE_LOOP ( 'NONE', ( #1719, #1720, #1697, #1698, #1699, #1700, #1702 ) ) ;
#1719 = ORIENTED_EDGE ( 'NONE', *, *, #3631, .F. ) ;
#1720 = ORIENTED_EDGE ( 'NONE', *, *, #1721, .F. ) ;
#1721 = EDGE_CURVE ( 'NONE', #1710, #3629, #7430, .T. ) ;
#1722 = ADVANCED_FACE ( 'NONE', ( #7426 ), #7425, .F. ) ;
#1723 = EDGE_CURVE ( 'NONE', #1724, #1725, #7420, .T. ) ;
#1724 = VERTEX_POINT ( 'NONE', #7485 ) ;
#1725 = VERTEX_POINT ( 'NONE', #7484 ) ;
#1726 = ADVANCED_FACE ( 'NONE', ( #7483 ), #7482, .F. ) ;
#1727 = ORIENTED_EDGE ( 'NONE', *, *, #36, .F. ) ;
#1728 = ORIENTED_EDGE ( 'NONE', *, *, #1729, .F. ) ;
#1729 = EDGE_CURVE ( 'NONE', #1747, #34, #7477, .T. ) ;
#1730 = ORIENTED_EDGE ( 'NONE', *, *, #1746, .T. ) ;
#1731 = ORIENTED_EDGE ( 'NONE', *, *, #1732, .T. ) ;
#1732 = EDGE_CURVE ( 'NONE', #1744, #37, #7473, .T. ) ;
#1733 = ADVANCED_FACE ( 'NONE', ( #7469 ), #7468, .F. ) ;
#1734 = EDGE_LOOP ( 'NONE', ( #1735, #1736, #1792, #1793 ) ) ;
#1735 = ORIENTED_EDGE ( 'NONE', *, *, #33, .F. ) ;
#1736 = ORIENTED_EDGE ( 'NONE', *, *, #1739, .T. ) ;
#1737 = VERTEX_POINT ( 'NONE', #7463 ) ;
#1738 = ORIENTED_EDGE ( 'NONE', *, *, #1739, .F. ) ;
#1739 = EDGE_CURVE ( 'NONE', #31, #1737, #7462, .T. ) ;
#1740 = ADVANCED_FACE ( 'NONE', ( #7458 ), #7457, .F. ) ;
#1741 = EDGE_LOOP ( 'NONE', ( #1742, #1745, #1748, #1750 ) ) ;
#1742 = ORIENTED_EDGE ( 'NONE', *, *, #1743, .T. ) ;
#1743 = EDGE_CURVE ( 'NONE', #1762, #1744, #7516, .T. ) ;
#1744 = VERTEX_POINT ( 'NONE', #7512 ) ;
#1745 = ORIENTED_EDGE ( 'NONE', *, *, #1746, .F. ) ;
#1746 = EDGE_CURVE ( 'NONE', #1747, #1744, #7511, .T. ) ;
#1747 = VERTEX_POINT ( 'NONE', #7507 ) ;
#1748 = ORIENTED_EDGE ( 'NONE', *, *, #1749, .F. ) ;
#1749 = EDGE_CURVE ( 'NONE', #1737, #1747, #7506, .T. ) ;
#1750 = ORIENTED_EDGE ( 'NONE', *, *, #1684, .T. ) ;
#1751 = EDGE_LOOP ( 'NONE', ( #1727, #1728, #1730, #1731 ) ) ;
#1752 = EDGE_LOOP ( 'NONE', ( #1753, #1754, #1755, #1756 ) ) ;
#1753 = ORIENTED_EDGE ( 'NONE', *, *, #1721, .T. ) ;
#1754 = ORIENTED_EDGE ( 'NONE', *, *, #3624, .F. ) ;
#1755 = ORIENTED_EDGE ( 'NONE', *, *, #1706, .F. ) ;
#1756 = ORIENTED_EDGE ( 'NONE', *, *, #1712, .T. ) ;
#1757 = ADVANCED_FACE ( 'NONE', ( #7502 ), #7501, .F. ) ;
#1758 = EDGE_LOOP ( 'NONE', ( #1759, #1760, #1683, #1738 ) ) ;
#1759 = ORIENTED_EDGE ( 'NONE', *, *, #29, .F. ) ;
#1760 = ORIENTED_EDGE ( 'NONE', *, *, #1761, .T. ) ;
#1761 = EDGE_CURVE ( 'NONE', #30, #1762, #7496, .T. ) ;
#1762 = VERTEX_POINT ( 'NONE', #7492 ) ;
#1763 = VERTEX_POINT ( 'NONE', #7491 ) ;
#1764 = ORIENTED_EDGE ( 'NONE', *, *, #1765, .F. ) ;
#1765 = EDGE_CURVE ( 'NONE', #1779, #1763, #7490, .T. ) ;
#1766 = ORIENTED_EDGE ( 'NONE', *, *, #1778, .T. ) ;
#1767 = ADVANCED_FACE ( 'NONE', ( #7486 ), #7547, .F. ) ;
#1768 = EDGE_LOOP ( 'NONE', ( #1769, #1772, #1775, #1830 ) ) ;
#1769 = ORIENTED_EDGE ( 'NONE', *, *, #1770, .T. ) ;
#1770 = EDGE_CURVE ( 'NONE', #1789, #1771, #7542, .T. ) ;
#1771 = VERTEX_POINT ( 'NONE', #7538 ) ;
#1772 = ORIENTED_EDGE ( 'NONE', *, *, #1773, .F. ) ;
#1773 = EDGE_CURVE ( 'NONE', #1774, #1771, #7537, .T. ) ;
#1774 = VERTEX_POINT ( 'NONE', #7533 ) ;
#1775 = ORIENTED_EDGE ( 'NONE', *, *, #1776, .F. ) ;
#1776 = EDGE_CURVE ( 'NONE', #1763, #1774, #7532, .T. ) ;
#1777 = ORIENTED_EDGE ( 'NONE', *, *, #1778, .F. ) ;
#1778 = EDGE_CURVE ( 'NONE', #1779, #1725, #7528, .T. ) ;
#1779 = VERTEX_POINT ( 'NONE', #7524 ) ;
#1780 = ORIENTED_EDGE ( 'NONE', *, *, #1781, .F. ) ;
#1781 = EDGE_CURVE ( 'NONE', #1782, #1779, #7523, .T. ) ;
#1782 = VERTEX_POINT ( 'NONE', #7519 ) ;
#1783 = ORIENTED_EDGE ( 'NONE', *, *, #1784, .T. ) ;
#1784 = EDGE_CURVE ( 'NONE', #1782, #1724, #7518, .T. ) ;
#1785 = ADVANCED_FACE ( 'NONE', ( #7581 ), #7580, .F. ) ;
#1786 = EDGE_LOOP ( 'NONE', ( #1787, #1790, #1764, #1766 ) ) ;
#1787 = ORIENTED_EDGE ( 'NONE', *, *, #1788, .T. ) ;
#1788 = EDGE_CURVE ( 'NONE', #1725, #1789, #7575, .T. ) ;
#1789 = VERTEX_POINT ( 'NONE', #7571 ) ;
#1790 = ORIENTED_EDGE ( 'NONE', *, *, #1791, .F. ) ;
#1791 = EDGE_CURVE ( 'NONE', #1763, #1789, #7570, .T. ) ;
#1792 = ORIENTED_EDGE ( 'NONE', *, *, #1749, .T. ) ;
#1793 = ORIENTED_EDGE ( 'NONE', *, *, #1729, .T. ) ;
#1794 = ADVANCED_FACE ( 'NONE', ( #7566 ), #7565, .T. ) ;
#1795 = EDGE_LOOP ( 'NONE', ( #1796, #1797, #1798, #1799 ) ) ;
#1796 = ORIENTED_EDGE ( 'NONE', *, *, #1761, .F. ) ;
#1797 = ORIENTED_EDGE ( 'NONE', *, *, #39, .T. ) ;
#1798 = ORIENTED_EDGE ( 'NONE', *, *, #1732, .F. ) ;
#1799 = ORIENTED_EDGE ( 'NONE', *, *, #1743, .F. ) ;
#1800 = ADVANCED_FACE ( 'NONE', ( #7560 ), #7559, .F. ) ;
#1801 = EDGE_LOOP ( 'NONE', ( #1802, #1777, #1780, #1783 ) ) ;
#1802 = ORIENTED_EDGE ( 'NONE', *, *, #1723, .T. ) ;
#1803 = ADVANCED_FACE ( 'NONE', ( #7554 ), #7552, .F. ) ;
#1804 = EDGE_LOOP ( 'NONE', ( #1856, #1857, #1859, #1860 ) ) ;
#1805 = EDGE_LOOP ( 'NONE', ( #1806, #1807, #1808, #1809 ) ) ;
#1806 = ORIENTED_EDGE ( 'NONE', *, *, #1823, .T. ) ;
#1807 = ORIENTED_EDGE ( 'NONE', *, *, #3909, .F. ) ;
#1808 = ORIENTED_EDGE ( 'NONE', *, *, #1817, .F. ) ;
#1809 = ORIENTED_EDGE ( 'NONE', *, *, #1773, .T. ) ;
#1810 = ADVANCED_FACE ( 'NONE', ( #7553 ), #7616, .F. ) ;
#1811 = EDGE_LOOP ( 'NONE', ( #1812, #1813, #1814, #1815 ) ) ;
#1812 = ORIENTED_EDGE ( 'NONE', *, *, #1828, .T. ) ;
#1813 = ORIENTED_EDGE ( 'NONE', *, *, #1784, .F. ) ;
#1814 = ORIENTED_EDGE ( 'NONE', *, *, #1836, .F. ) ;
#1815 = ORIENTED_EDGE ( 'NONE', *, *, #3253, .T. ) ;
#1816 = EDGE_LOOP ( 'NONE', ( #1870, #1874, #1877, #1880 ) ) ;
#1817 = EDGE_CURVE ( 'NONE', #1774, #3838, #7611, .T. ) ;
#1818 = ADVANCED_FACE ( 'NONE', ( #7607 ), #7606, .T. ) ;
#1819 = EDGE_LOOP ( 'NONE', ( #1820, #1821, #1822, #1824, #1825, #1826, #1827 ) ) ;
#1820 = ORIENTED_EDGE ( 'NONE', *, *, #3251, .F. ) ;
#1821 = ORIENTED_EDGE ( 'NONE', *, *, #3912, .F. ) ;
#1822 = ORIENTED_EDGE ( 'NONE', *, *, #1823, .F. ) ;
#1823 = EDGE_CURVE ( 'NONE', #1771, #3910, #7601, .T. ) ;
#1824 = ORIENTED_EDGE ( 'NONE', *, *, #1770, .F. ) ;
#1825 = ORIENTED_EDGE ( 'NONE', *, *, #1788, .F. ) ;
#1826 = ORIENTED_EDGE ( 'NONE', *, *, #1723, .F. ) ;
#1827 = ORIENTED_EDGE ( 'NONE', *, *, #1828, .F. ) ;
#1828 = EDGE_CURVE ( 'NONE', #3252, #1724, #7597, .T. ) ;
#1829 = ADVANCED_FACE ( 'NONE', ( #7593 ), #7592, .F. ) ;
#1830 = ORIENTED_EDGE ( 'NONE', *, *, #1791, .T. ) ;
#1831 = ADVANCED_FACE ( 'NONE', ( #7587 ), #7586, .F. ) ;
#1832 = EDGE_LOOP ( 'NONE', ( #1833, #1834, #1835, #1837, #1838, #1839, #1840 ) ) ;
#1833 = ORIENTED_EDGE ( 'NONE', *, *, #3837, .T. ) ;
#1834 = ORIENTED_EDGE ( 'NONE', *, *, #3275, .T. ) ;
#1835 = ORIENTED_EDGE ( 'NONE', *, *, #1836, .T. ) ;
#1836 = EDGE_CURVE ( 'NONE', #3254, #1782, #7647, .T. ) ;
#1837 = ORIENTED_EDGE ( 'NONE', *, *, #1781, .T. ) ;
#1838 = ORIENTED_EDGE ( 'NONE', *, *, #1765, .T. ) ;
#1839 = ORIENTED_EDGE ( 'NONE', *, *, #1776, .T. ) ;
#1840 = ORIENTED_EDGE ( 'NONE', *, *, #1817, .T. ) ;
#1841 = VERTEX_POINT ( 'NONE', #7643 ) ;
#1842 = ORIENTED_EDGE ( 'NONE', *, *, #1843, .F. ) ;
#1843 = EDGE_CURVE ( 'NONE', #1844, #1841, #7642, .T. ) ;
#1844 = VERTEX_POINT ( 'NONE', #7638 ) ;
#1845 = ORIENTED_EDGE ( 'NONE', *, *, #16, .T. ) ;
#1846 = ADVANCED_FACE ( 'NONE', ( #7637 ), #7636, .F. ) ;
#1847 = EDGE_LOOP ( 'NONE', ( #1848, #1849, #1850, #1851 ) ) ;
#1848 = ORIENTED_EDGE ( 'NONE', *, *, #20, .F. ) ;
#1849 = ORIENTED_EDGE ( 'NONE', *, *, #1868, .T. ) ;
#1850 = ORIENTED_EDGE ( 'NONE', *, *, #1878, .T. ) ;
#1851 = ORIENTED_EDGE ( 'NONE', *, *, #1858, .T. ) ;
#1852 = ADVANCED_FACE ( 'NONE', ( #7635 ), #7630, .T. ) ;
#1853 = EDGE_LOOP ( 'NONE', ( #1854, #1855, #1913, #1914 ) ) ;
#1854 = ORIENTED_EDGE ( 'NONE', *, *, #1865, .F. ) ;
#1855 = ORIENTED_EDGE ( 'NONE', *, *, #26, .T. ) ;
#1856 = ORIENTED_EDGE ( 'NONE', *, *, #23, .F. ) ;
#1857 = ORIENTED_EDGE ( 'NONE', *, *, #1858, .F. ) ;
#1858 = EDGE_CURVE ( 'NONE', #1876, #21, #7625, .T. ) ;
#1859 = ORIENTED_EDGE ( 'NONE', *, *, #1875, .T. ) ;
#1860 = ORIENTED_EDGE ( 'NONE', *, *, #1861, .T. ) ;
#1861 = EDGE_CURVE ( 'NONE', #1873, #24, #7621, .T. ) ;
#1862 = ADVANCED_FACE ( 'NONE', ( #7617 ), #7683, .F. ) ;
#1863 = EDGE_LOOP ( 'NONE', ( #1864, #1866, #1867, #1845 ) ) ;
#1864 = ORIENTED_EDGE ( 'NONE', *, *, #1865, .T. ) ;
#1865 = EDGE_CURVE ( 'NONE', #18, #1872, #7678, .T. ) ;
#1866 = ORIENTED_EDGE ( 'NONE', *, *, #1881, .F. ) ;
#1867 = ORIENTED_EDGE ( 'NONE', *, *, #1868, .F. ) ;
#1868 = EDGE_CURVE ( 'NONE', #17, #1879, #7674, .T. ) ;
#1869 = ADVANCED_FACE ( 'NONE', ( #7670 ), #7669, .F. ) ;
#1870 = ORIENTED_EDGE ( 'NONE', *, *, #1871, .T. ) ;
#1871 = EDGE_CURVE ( 'NONE', #1872, #1873, #7664, .T. ) ;
#1872 = VERTEX_POINT ( 'NONE', #7660 ) ;
#1873 = VERTEX_POINT ( 'NONE', #7659 ) ;
#1874 = ORIENTED_EDGE ( 'NONE', *, *, #1875, .F. ) ;
#1875 = EDGE_CURVE ( 'NONE', #1876, #1873, #7658, .T. ) ;
#1876 = VERTEX_POINT ( 'NONE', #7654 ) ;
#1877 = ORIENTED_EDGE ( 'NONE', *, *, #1878, .F. ) ;
#1878 = EDGE_CURVE ( 'NONE', #1879, #1876, #7653, .T. ) ;
#1879 = VERTEX_POINT ( 'NONE', #7713 ) ;
#1880 = ORIENTED_EDGE ( 'NONE', *, *, #1881, .T. ) ;
#1881 = EDGE_CURVE ( 'NONE', #1879, #1872, #7712, .T. ) ;
#1882 = ORIENTED_EDGE ( 'NONE', *, *, #3618, .T. ) ;
#1883 = ORIENTED_EDGE ( 'NONE', *, *, #3970, .T. ) ;
#1884 = EDGE_CURVE ( 'NONE', #1903, #1885, #7708, .T. ) ;
#1885 = VERTEX_POINT ( 'NONE', #7704 ) ;
#1886 = ORIENTED_EDGE ( 'NONE', *, *, #1887, .F. ) ;
#1887 = EDGE_CURVE ( 'NONE', #1888, #1885, #7703, .T. ) ;
#1888 = VERTEX_POINT ( 'NONE', #7699 ) ;
#1889 = ORIENTED_EDGE ( 'NONE', *, *, #1890, .F. ) ;
#1890 = EDGE_CURVE ( 'NONE', #1906, #1888, #7698, .T. ) ;
#1891 = ORIENTED_EDGE ( 'NONE', *, *, #1905, .T. ) ;
#1892 = ADVANCED_FACE ( 'NONE', ( #7694 ), #7693, .T. ) ;
#1893 = EDGE_LOOP ( 'NONE', ( #1894, #1895, #1953, #1954, #1955, #1956, #1958 ) ) ;
#1894 = ORIENTED_EDGE ( 'NONE', *, *, #3613, .F. ) ;
#1895 = ORIENTED_EDGE ( 'NONE', *, *, #1896, .F. ) ;
#1896 = EDGE_CURVE ( 'NONE', #1885, #3610, #7688, .T. ) ;
#1897 = ORIENTED_EDGE ( 'NONE', *, *, #1898, .T. ) ;
#1898 = EDGE_CURVE ( 'NONE', #1844, #1919, #7684, .T. ) ;
#1899 = ADVANCED_FACE ( 'NONE', ( #7747 ), #7746, .F. ) ;
#1900 = EDGE_LOOP ( 'NONE', ( #1901, #1904, #1907, #1909 ) ) ;
#1901 = ORIENTED_EDGE ( 'NONE', *, *, #1902, .T. ) ;
#1902 = EDGE_CURVE ( 'NONE', #1920, #1903, #7741, .T. ) ;
#1903 = VERTEX_POINT ( 'NONE', #7737 ) ;
#1904 = ORIENTED_EDGE ( 'NONE', *, *, #1905, .F. ) ;
#1905 = EDGE_CURVE ( 'NONE', #1906, #1903, #7736, .T. ) ;
#1906 = VERTEX_POINT ( 'NONE', #7732 ) ;
#1907 = ORIENTED_EDGE ( 'NONE', *, *, #1908, .F. ) ;
#1908 = EDGE_CURVE ( 'NONE', #1841, #1906, #7731, .T. ) ;
#1909 = ORIENTED_EDGE ( 'NONE', *, *, #1922, .T. ) ;
#1910 = ADVANCED_FACE ( 'NONE', ( #7727 ), #7726, .F. ) ;
#1911 = EDGE_LOOP ( 'NONE', ( #1912, #1886, #1889, #1891 ) ) ;
#1912 = ORIENTED_EDGE ( 'NONE', *, *, #1884, .T. ) ;
#1913 = ORIENTED_EDGE ( 'NONE', *, *, #1861, .F. ) ;
#1914 = ORIENTED_EDGE ( 'NONE', *, *, #1871, .F. ) ;
#1915 = ADVANCED_FACE ( 'NONE', ( #7721 ), #7718, .F. ) ;
#1916 = EDGE_LOOP ( 'NONE', ( #1917, #1921, #1842, #1897 ) ) ;
#1917 = ORIENTED_EDGE ( 'NONE', *, *, #1918, .T. ) ;
#1918 = EDGE_CURVE ( 'NONE', #1919, #1920, #7782, .T. ) ;
#1919 = VERTEX_POINT ( 'NONE', #7778 ) ;
#1920 = VERTEX_POINT ( 'NONE', #7777 ) ;
#1921 = ORIENTED_EDGE ( 'NONE', *, *, #1922, .F. ) ;
#1922 = EDGE_CURVE ( 'NONE', #1841, #1920, #7776, .T. ) ;
#1923 = VERTEX_POINT ( 'NONE', #7772 ) ;
#1924 = ORIENTED_EDGE ( 'NONE', *, *, #1925, .F. ) ;
#1925 = EDGE_CURVE ( 'NONE', #1926, #1923, #7771, .T. ) ;
#1926 = VERTEX_POINT ( 'NONE', #7767 ) ;
#1927 = ORIENTED_EDGE ( 'NONE', *, *, #1928, .F. ) ;
#1928 = EDGE_CURVE ( 'NONE', #1995, #1926, #7766, .T. ) ;
#1929 = ORIENTED_EDGE ( 'NONE', *, *, #1994, .T. ) ;
#1930 = ADVANCED_FACE ( 'NONE', ( #7762 ), #7761, .F. ) ;
#1931 = ORIENTED_EDGE ( 'NONE', *, *, #1896, .T. ) ;
#1932 = ORIENTED_EDGE ( 'NONE', *, *, #3616, .F. ) ;
#1933 = ORIENTED_EDGE ( 'NONE', *, *, #1962, .F. ) ;
#1934 = ORIENTED_EDGE ( 'NONE', *, *, #1887, .T. ) ;
#1935 = ADVANCED_FACE ( 'NONE', ( #7756 ), #7755, .F. ) ;
#1936 = EDGE_LOOP ( 'NONE', ( #1937, #1938, #1993, #1996 ) ) ;
#1937 = ORIENTED_EDGE ( 'NONE', *, *, #3120, .F. ) ;
#1938 = ORIENTED_EDGE ( 'NONE', *, *, #1939, .T. ) ;
#1939 = EDGE_CURVE ( 'NONE', #3121, #1940, #7815, .T. ) ;
#1940 = VERTEX_POINT ( 'NONE', #7811 ) ;
#1941 = ORIENTED_EDGE ( 'NONE', *, *, #1942, .T. ) ;
#1942 = EDGE_CURVE ( 'NONE', #3993, #1844, #7810, .T. ) ;
#1943 = ORIENTED_EDGE ( 'NONE', *, *, #1843, .T. ) ;
#1944 = ORIENTED_EDGE ( 'NONE', *, *, #1908, .T. ) ;
#1945 = ORIENTED_EDGE ( 'NONE', *, *, #1890, .T. ) ;
#1946 = ADVANCED_FACE ( 'NONE', ( #7806 ), #7805, .F. ) ;
#1947 = EDGE_LOOP ( 'NONE', ( #1948, #1949, #1950, #1951 ) ) ;
#1948 = ORIENTED_EDGE ( 'NONE', *, *, #1942, .F. ) ;
#1949 = ORIENTED_EDGE ( 'NONE', *, *, #3992, .T. ) ;
#1950 = ORIENTED_EDGE ( 'NONE', *, *, #1957, .T. ) ;
#1951 = ORIENTED_EDGE ( 'NONE', *, *, #1898, .F. ) ;
#1952 = EDGE_LOOP ( 'NONE', ( #1931, #1932, #1933, #1934 ) ) ;
#1953 = ORIENTED_EDGE ( 'NONE', *, *, #1884, .F. ) ;
#1954 = ORIENTED_EDGE ( 'NONE', *, *, #1902, .F. ) ;
#1955 = ORIENTED_EDGE ( 'NONE', *, *, #1918, .F. ) ;
#1956 = ORIENTED_EDGE ( 'NONE', *, *, #1957, .F. ) ;
#1957 = EDGE_CURVE ( 'NONE', #3990, #1919, #7800, .T. ) ;
#1958 = ORIENTED_EDGE ( 'NONE', *, *, #3989, .F. ) ;
#1959 = ADVANCED_FACE ( 'NONE', ( #7796 ), #7795, .F. ) ;
#1960 = EDGE_LOOP ( 'NONE', ( #1961, #1882, #1883, #1941, #1943, #1944, #1945 ) ) ;
#1961 = ORIENTED_EDGE ( 'NONE', *, *, #1962, .T. ) ;
#1962 = EDGE_CURVE ( 'NONE', #1888, #3614, #7790, .T. ) ;
#1963 = EDGE_LOOP ( 'NONE', ( #1964, #2019, #2021, #2023 ) ) ;
#1964 = ORIENTED_EDGE ( 'NONE', *, *, #1965, .T. ) ;
#1965 = EDGE_CURVE ( 'NONE', #2033, #1966, #7786, .T. ) ;
#1966 = VERTEX_POINT ( 'NONE', #7849 ) ;
#1967 = VERTEX_POINT ( 'NONE', #7848 ) ;
#1968 = ORIENTED_EDGE ( 'NONE', *, *, #1928, .T. ) ;
#1969 = ORIENTED_EDGE ( 'NONE', *, *, #1985, .T. ) ;
#1970 = ADVANCED_FACE ( 'NONE', ( #7847 ), #7846, .T. ) ;
#1971 = EDGE_LOOP ( 'NONE', ( #1972, #1973, #1974, #1975 ) ) ;
#1972 = ORIENTED_EDGE ( 'NONE', *, *, #1939, .F. ) ;
#1973 = ORIENTED_EDGE ( 'NONE', *, *, #13, .T. ) ;
#1974 = ORIENTED_EDGE ( 'NONE', *, *, #1988, .F. ) ;
#1975 = ORIENTED_EDGE ( 'NONE', *, *, #2001, .F. ) ;
#1976 = ADVANCED_FACE ( 'NONE', ( #7845 ), #7840, .F. ) ;
#1977 = EDGE_LOOP ( 'NONE', ( #1978, #2034, #2037, #2040 ) ) ;
#1978 = ORIENTED_EDGE ( 'NONE', *, *, #1979, .T. ) ;
#1979 = EDGE_CURVE ( 'NONE', #1980, #2033, #7835, .T. ) ;
#1980 = VERTEX_POINT ( 'NONE', #7831 ) ;
#1981 = ADVANCED_FACE ( 'NONE', ( #7830 ), #7829, .F. ) ;
#1982 = EDGE_LOOP ( 'NONE', ( #1983, #1984, #1986, #1987 ) ) ;
#1983 = ORIENTED_EDGE ( 'NONE', *, *, #60, .F. ) ;
#1984 = ORIENTED_EDGE ( 'NONE', *, *, #1985, .F. ) ;
#1985 = EDGE_CURVE ( 'NONE', #1926, #3040, #7824, .T. ) ;
#1986 = ORIENTED_EDGE ( 'NONE', *, *, #1925, .T. ) ;
#1987 = ORIENTED_EDGE ( 'NONE', *, *, #1988, .T. ) ;
#1988 = EDGE_CURVE ( 'NONE', #1923, #61, #7820, .T. ) ;
#1989 = ADVANCED_FACE ( 'NONE', ( #7816 ), #7882, .F. ) ;
#1990 = EDGE_LOOP ( 'NONE', ( #1991, #1992, #1968, #1969 ) ) ;
#1991 = ORIENTED_EDGE ( 'NONE', *, *, #3039, .F. ) ;
#1992 = ORIENTED_EDGE ( 'NONE', *, *, #1997, .T. ) ;
#1993 = ORIENTED_EDGE ( 'NONE', *, *, #1994, .F. ) ;
#1994 = EDGE_CURVE ( 'NONE', #1995, #1940, #7877, .T. ) ;
#1995 = VERTEX_POINT ( 'NONE', #7873 ) ;
#1996 = ORIENTED_EDGE ( 'NONE', *, *, #1997, .F. ) ;
#1997 = EDGE_CURVE ( 'NONE', #3122, #1995, #7872, .T. ) ;
#1998 = ADVANCED_FACE ( 'NONE', ( #7868 ), #7867, .F. ) ;
#1999 = EDGE_LOOP ( 'NONE', ( #2000, #1924, #1927, #1929 ) ) ;
#2000 = ORIENTED_EDGE ( 'NONE', *, *, #2001, .T. ) ;
#2001 = EDGE_CURVE ( 'NONE', #1940, #1923, #7862, .T. ) ;
#2002 = ORIENTED_EDGE ( 'NONE', *, *, #2027, .F. ) ;
#2003 = ORIENTED_EDGE ( 'NONE', *, *, #1965, .F. ) ;
#2004 = ORIENTED_EDGE ( 'NONE', *, *, #1979, .F. ) ;
#2005 = ORIENTED_EDGE ( 'NONE', *, *, #2006, .F. ) ;
#2006 = EDGE_CURVE ( 'NONE', #3241, #1980, #7858, .T. ) ;
#2007 = EDGE_LOOP ( 'NONE', ( #2066, #2067, #2068, #2069 ) ) ;
#2008 = EDGE_CURVE ( 'NONE', #1967, #2031, #7854, .T. ) ;
#2009 = ORIENTED_EDGE ( 'NONE', *, *, #2020, .T. ) ;
#2010 = ADVANCED_FACE ( 'NONE', ( #7914 ), #7850, .F. ) ;
#2011 = EDGE_LOOP ( 'NONE', ( #2012, #2013, #2014, #2016, #2017, #2018, #2075 ) ) ;
#2012 = ORIENTED_EDGE ( 'NONE', *, *, #3819, .T. ) ;
#2013 = ORIENTED_EDGE ( 'NONE', *, *, #3243, .T. ) ;
#2014 = ORIENTED_EDGE ( 'NONE', *, *, #2015, .T. ) ;
#2015 = EDGE_CURVE ( 'NONE', #3258, #2039, #7909, .T. ) ;
#2016 = ORIENTED_EDGE ( 'NONE', *, *, #2038, .T. ) ;
#2017 = ORIENTED_EDGE ( 'NONE', *, *, #2022, .T. ) ;
#2018 = ORIENTED_EDGE ( 'NONE', *, *, #2008, .T. ) ;
#2019 = ORIENTED_EDGE ( 'NONE', *, *, #2020, .F. ) ;
#2020 = EDGE_CURVE ( 'NONE', #1967, #1966, #7905, .T. ) ;
#2021 = ORIENTED_EDGE ( 'NONE', *, *, #2022, .F. ) ;
#2022 = EDGE_CURVE ( 'NONE', #2036, #1967, #7901, .T. ) ;
#2023 = ORIENTED_EDGE ( 'NONE', *, *, #2035, .T. ) ;
#2024 = ADVANCED_FACE ( 'NONE', ( #7897 ), #7896, .F. ) ;
#2025 = EDGE_LOOP ( 'NONE', ( #2026, #2029, #2032, #2009 ) ) ;
#2026 = ORIENTED_EDGE ( 'NONE', *, *, #2027, .T. ) ;
#2027 = EDGE_CURVE ( 'NONE', #1966, #2028, #7891, .T. ) ;
#2028 = VERTEX_POINT ( 'NONE', #7887 ) ;
#2029 = ORIENTED_EDGE ( 'NONE', *, *, #2030, .F. ) ;
#2030 = EDGE_CURVE ( 'NONE', #2031, #2028, #7886, .T. ) ;
#2031 = VERTEX_POINT ( 'NONE', #7946 ) ;
#2032 = ORIENTED_EDGE ( 'NONE', *, *, #2008, .F. ) ;
#2033 = VERTEX_POINT ( 'NONE', #7945 ) ;
#2034 = ORIENTED_EDGE ( 'NONE', *, *, #2035, .F. ) ;
#2035 = EDGE_CURVE ( 'NONE', #2036, #2033, #7944, .T. ) ;
#2036 = VERTEX_POINT ( 'NONE', #7940 ) ;
#2037 = ORIENTED_EDGE ( 'NONE', *, *, #2038, .F. ) ;
#2038 = EDGE_CURVE ( 'NONE', #2039, #2036, #7939, .T. ) ;
#2039 = VERTEX_POINT ( 'NONE', #7935 ) ;
#2040 = ORIENTED_EDGE ( 'NONE', *, *, #2041, .T. ) ;
#2041 = EDGE_CURVE ( 'NONE', #2039, #1980, #7934, .T. ) ;
#2042 = ADVANCED_FACE ( 'NONE', ( #7930 ), #7929, .F. ) ;
#2043 = ORIENTED_EDGE ( 'NONE', *, *, #2044, .T. ) ;
#2044 = EDGE_CURVE ( 'NONE', #2056, #3115, #7924, .T. ) ;
#2045 = ADVANCED_FACE ( 'NONE', ( #7920 ), #7919, .F. ) ;
#2046 = EDGE_LOOP ( 'NONE', ( #2047, #2049, #2103, #2105 ) ) ;
#2047 = ORIENTED_EDGE ( 'NONE', *, *, #2048, .T. ) ;
#2048 = EDGE_CURVE ( 'NONE', #3053, #2055, #7980, .T. ) ;
#2049 = ORIENTED_EDGE ( 'NONE', *, *, #2064, .F. ) ;
#2050 = ORIENTED_EDGE ( 'NONE', *, *, #3256, .T. ) ;
#2051 = ADVANCED_FACE ( 'NONE', ( #7976 ), #7975, .F. ) ;
#2052 = EDGE_LOOP ( 'NONE', ( #2053, #2057, #2060, #2063 ) ) ;
#2053 = ORIENTED_EDGE ( 'NONE', *, *, #2054, .T. ) ;
#2054 = EDGE_CURVE ( 'NONE', #2055, #2056, #7970, .T. ) ;
#2055 = VERTEX_POINT ( 'NONE', #7966 ) ;
#2056 = VERTEX_POINT ( 'NONE', #7965 ) ;
#2057 = ORIENTED_EDGE ( 'NONE', *, *, #2058, .F. ) ;
#2058 = EDGE_CURVE ( 'NONE', #2059, #2056, #7964, .T. ) ;
#2059 = VERTEX_POINT ( 'NONE', #7960 ) ;
#2060 = ORIENTED_EDGE ( 'NONE', *, *, #2061, .F. ) ;
#2061 = EDGE_CURVE ( 'NONE', #2062, #2059, #7959, .T. ) ;
#2062 = VERTEX_POINT ( 'NONE', #7955 ) ;
#2063 = ORIENTED_EDGE ( 'NONE', *, *, #2064, .T. ) ;
#2064 = EDGE_CURVE ( 'NONE', #2062, #2055, #7954, .T. ) ;
#2065 = ADVANCED_FACE ( 'NONE', ( #7950 ), #7949, .F. ) ;
#2066 = ORIENTED_EDGE ( 'NONE', *, *, #2082, .T. ) ;
#2067 = ORIENTED_EDGE ( 'NONE', *, *, #3822, .F. ) ;
#2068 = ORIENTED_EDGE ( 'NONE', *, *, #2076, .F. ) ;
#2069 = ORIENTED_EDGE ( 'NONE', *, *, #2030, .T. ) ;
#2070 = ADVANCED_FACE ( 'NONE', ( #8011 ), #8010, .F. ) ;
#2071 = EDGE_LOOP ( 'NONE', ( #2072, #2073, #2074, #2050 ) ) ;
#2072 = ORIENTED_EDGE ( 'NONE', *, *, #2006, .T. ) ;
#2073 = ORIENTED_EDGE ( 'NONE', *, *, #2041, .F. ) ;
#2074 = ORIENTED_EDGE ( 'NONE', *, *, #2015, .F. ) ;
#2075 = ORIENTED_EDGE ( 'NONE', *, *, #2076, .T. ) ;
#2076 = EDGE_CURVE ( 'NONE', #2031, #3820, #8005, .T. ) ;
#2077 = ADVANCED_FACE ( 'NONE', ( #8001 ), #8000, .T. ) ;
#2078 = EDGE_LOOP ( 'NONE', ( #2079, #2080, #2081, #2002, #2003, #2004, #2005 ) ) ;
#2079 = ORIENTED_EDGE ( 'NONE', *, *, #3245, .F. ) ;
#2080 = ORIENTED_EDGE ( 'NONE', *, *, #3825, .F. ) ;
#2081 = ORIENTED_EDGE ( 'NONE', *, *, #2082, .F. ) ;
#2082 = EDGE_CURVE ( 'NONE', #2028, #3823, #7995, .T. ) ;
#2083 = ORIENTED_EDGE ( 'NONE', *, *, #2084, .F. ) ;
#2084 = EDGE_CURVE ( 'NONE', #2099, #2161, #7991, .T. ) ;
#2085 = ORIENTED_EDGE ( 'NONE', *, *, #2098, .T. ) ;
#2086 = ADVANCED_FACE ( 'NONE', ( #7987 ), #7986, .F. ) ;
#2087 = EDGE_LOOP ( 'NONE', ( #2138, #2141, #2144, #2146 ) ) ;
#2088 = ORIENTED_EDGE ( 'NONE', *, *, #3117, .T. ) ;
#2089 = ORIENTED_EDGE ( 'NONE', *, *, #2044, .F. ) ;
#2090 = ORIENTED_EDGE ( 'NONE', *, *, #2054, .F. ) ;
#2091 = ADVANCED_FACE ( 'NONE', ( #7981 ), #6925, .F. ) ;
#2092 = EDGE_LOOP ( 'NONE', ( #2093, #2097, #2100, #2152 ) ) ;
#2093 = ORIENTED_EDGE ( 'NONE', *, *, #2094, .T. ) ;
#2094 = EDGE_CURVE ( 'NONE', #2095, #2096, #8044, .T. ) ;
#2095 = VERTEX_POINT ( 'NONE', #8040 ) ;
#2096 = VERTEX_POINT ( 'NONE', #8039 ) ;
#2097 = ORIENTED_EDGE ( 'NONE', *, *, #2098, .F. ) ;
#2098 = EDGE_CURVE ( 'NONE', #2099, #2096, #8038, .T. ) ;
#2099 = VERTEX_POINT ( 'NONE', #8034 ) ;
#2100 = ORIENTED_EDGE ( 'NONE', *, *, #2101, .F. ) ;
#2101 = EDGE_CURVE ( 'NONE', #2102, #2099, #8033, .T. ) ;
#2102 = VERTEX_POINT ( 'NONE', #8029 ) ;
#2103 = ORIENTED_EDGE ( 'NONE', *, *, #2104, .F. ) ;
#2104 = EDGE_CURVE ( 'NONE', #3052, #2062, #8028, .T. ) ;
#2105 = ORIENTED_EDGE ( 'NONE', *, *, #3051, .T. ) ;
#2106 = ADVANCED_FACE ( 'NONE', ( #8024 ), #8023, .F. ) ;
#2107 = EDGE_LOOP ( 'NONE', ( #2108, #2109, #2110, #2111 ) ) ;
#2108 = ORIENTED_EDGE ( 'NONE', *, *, #3111, .F. ) ;
#2109 = ORIENTED_EDGE ( 'NONE', *, *, #2104, .T. ) ;
#2110 = ORIENTED_EDGE ( 'NONE', *, *, #2061, .T. ) ;
#2111 = ORIENTED_EDGE ( 'NONE', *, *, #2119, .T. ) ;
#2112 = ADVANCED_FACE ( 'NONE', ( #8018 ), #8017, .T. ) ;
#2113 = EDGE_LOOP ( 'NONE', ( #2114, #2088, #2089, #2090 ) ) ;
#2114 = ORIENTED_EDGE ( 'NONE', *, *, #2048, .F. ) ;
#2115 = ADVANCED_FACE ( 'NONE', ( #8078 ), #8077, .F. ) ;
#2116 = EDGE_LOOP ( 'NONE', ( #2117, #2118, #2120, #2043 ) ) ;
#2117 = ORIENTED_EDGE ( 'NONE', *, *, #3114, .F. ) ;
#2118 = ORIENTED_EDGE ( 'NONE', *, *, #2119, .F. ) ;
#2119 = EDGE_CURVE ( 'NONE', #2059, #3112, #8072, .T. ) ;
#2120 = ORIENTED_EDGE ( 'NONE', *, *, #2058, .T. ) ;
#2121 = ORIENTED_EDGE ( 'NONE', *, *, #2145, .T. ) ;
#2122 = ADVANCED_FACE ( 'NONE', ( #8068 ), #8067, .F. ) ;
#2123 = EDGE_LOOP ( 'NONE', ( #2124, #2125, #2126, #2188 ) ) ;
#2124 = ORIENTED_EDGE ( 'NONE', *, *, #2202, .F. ) ;
#2125 = ORIENTED_EDGE ( 'NONE', *, *, #3983, .T. ) ;
#2126 = ORIENTED_EDGE ( 'NONE', *, *, #2131, .T. ) ;
#2127 = ORIENTED_EDGE ( 'NONE', *, *, #2139, .F. ) ;
#2128 = ORIENTED_EDGE ( 'NONE', *, *, #2157, .F. ) ;
#2129 = ORIENTED_EDGE ( 'NONE', *, *, #2094, .F. ) ;
#2130 = ORIENTED_EDGE ( 'NONE', *, *, #2131, .F. ) ;
#2131 = EDGE_CURVE ( 'NONE', #3915, #2095, #8062, .T. ) ;
#2132 = ORIENTED_EDGE ( 'NONE', *, *, #3914, .F. ) ;
#2133 = ADVANCED_FACE ( 'NONE', ( #8058 ), #8057, .F. ) ;
#2134 = EDGE_LOOP ( 'NONE', ( #2135, #2137, #2200, #2201, #12426, #12424, #2121 ) ) ;
#2135 = ORIENTED_EDGE ( 'NONE', *, *, #2136, .T. ) ;
#2136 = EDGE_CURVE ( 'NONE', #2143, #3604, #8052, .T. ) ;
#2137 = ORIENTED_EDGE ( 'NONE', *, *, #3603, .T. ) ;
#2138 = ORIENTED_EDGE ( 'NONE', *, *, #2139, .T. ) ;
#2139 = EDGE_CURVE ( 'NONE', #2158, #2140, #8048, .T. ) ;
#2140 = VERTEX_POINT ( 'NONE', #8110 ) ;
#2141 = ORIENTED_EDGE ( 'NONE', *, *, #2142, .F. ) ;
#2142 = EDGE_CURVE ( 'NONE', #2143, #2140, #8109, .T. ) ;
#2143 = VERTEX_POINT ( 'NONE', #8105 ) ;
#2144 = ORIENTED_EDGE ( 'NONE', *, *, #2145, .F. ) ;
#2145 = EDGE_CURVE ( 'NONE', #2161, #2143, #8104, .T. ) ;
#2146 = ORIENTED_EDGE ( 'NONE', *, *, #2160, .T. ) ;
#2147 = ADVANCED_FACE ( 'NONE', ( #8100 ), #8099, .T. ) ;
#2148 = EDGE_LOOP ( 'NONE', ( #2149, #2150, #2127, #2128, #2129, #2130, #2132 ) ) ;
#2149 = ORIENTED_EDGE ( 'NONE', *, *, #3601, .F. ) ;
#2150 = ORIENTED_EDGE ( 'NONE', *, *, #2151, .F. ) ;
#2151 = EDGE_CURVE ( 'NONE', #2140, #3598, #8094, .T. ) ;
#2152 = ORIENTED_EDGE ( 'NONE', *, *, #2153, .T. ) ;
#2153 = EDGE_CURVE ( 'NONE', #2102, #2095, #8090, .T. ) ;
#2154 = ADVANCED_FACE ( 'NONE', ( #8086 ), #8085, .F. ) ;
#2155 = EDGE_LOOP ( 'NONE', ( #2156, #2159, #2083, #2085 ) ) ;
#2156 = ORIENTED_EDGE ( 'NONE', *, *, #2157, .T. ) ;
#2157 = EDGE_CURVE ( 'NONE', #2096, #2158, #8080, .T. ) ;
#2158 = VERTEX_POINT ( 'NONE', #8141 ) ;
#2159 = ORIENTED_EDGE ( 'NONE', *, *, #2160, .F. ) ;
#2160 = EDGE_CURVE ( 'NONE', #2161, #2158, #8140, .T. ) ;
#2161 = VERTEX_POINT ( 'NONE', #8136 ) ;
#2162 = EDGE_LOOP ( 'NONE', ( #2163, #2164, #2166, #2167 ) ) ;
#2163 = ORIENTED_EDGE ( 'NONE', *, *, #3045, .F. ) ;
#2164 = ORIENTED_EDGE ( 'NONE', *, *, #2165, .F. ) ;
#2165 = EDGE_CURVE ( 'NONE', #2184, #3043, #8135, .T. ) ;
#2166 = ORIENTED_EDGE ( 'NONE', *, *, #2183, .T. ) ;
#2167 = ORIENTED_EDGE ( 'NONE', *, *, #2168, .T. ) ;
#2168 = EDGE_CURVE ( 'NONE', #2181, #3046, #8131, .T. ) ;
#2169 = ADVANCED_FACE ( 'NONE', ( #8127 ), #8126, .F. ) ;
#2170 = EDGE_LOOP ( 'NONE', ( #2226, #2227, #2228, #2229 ) ) ;
#2171 = VERTEX_POINT ( 'NONE', #8121 ) ;
#2172 = ORIENTED_EDGE ( 'NONE', *, *, #2173, .F. ) ;
#2173 = EDGE_CURVE ( 'NONE', #2174, #2171, #8120, .T. ) ;
#2174 = VERTEX_POINT ( 'NONE', #8116 ) ;
#2175 = ORIENTED_EDGE ( 'NONE', *, *, #2176, .F. ) ;
#2176 = EDGE_CURVE ( 'NONE', #3107, #2174, #8115, .T. ) ;
#2177 = ADVANCED_FACE ( 'NONE', ( #8111 ), #8177, .F. ) ;
#2178 = EDGE_LOOP ( 'NONE', ( #2179, #2182, #2185, #2240 ) ) ;
#2179 = ORIENTED_EDGE ( 'NONE', *, *, #2180, .T. ) ;
#2180 = EDGE_CURVE ( 'NONE', #2171, #2181, #8172, .T. ) ;
#2181 = VERTEX_POINT ( 'NONE', #8168 ) ;
#2182 = ORIENTED_EDGE ( 'NONE', *, *, #2183, .F. ) ;
#2183 = EDGE_CURVE ( 'NONE', #2184, #2181, #8167, .T. ) ;
#2184 = VERTEX_POINT ( 'NONE', #8163 ) ;
#2185 = ORIENTED_EDGE ( 'NONE', *, *, #2239, .F. ) ;
#2186 = ORIENTED_EDGE ( 'NONE', *, *, #2477, .F. ) ;
#2187 = ORIENTED_EDGE ( 'NONE', *, *, #3928, .T. ) ;
#2188 = ORIENTED_EDGE ( 'NONE', *, *, #2153, .F. ) ;
#2189 = ADVANCED_FACE ( 'NONE', ( #8162 ), #8161, .F. ) ;
#2190 = EDGE_LOOP ( 'NONE', ( #2191, #2192, #2193, #2194 ) ) ;
#2191 = ORIENTED_EDGE ( 'NONE', *, *, #2151, .T. ) ;
#2192 = ORIENTED_EDGE ( 'NONE', *, *, #3597, .F. ) ;
#2193 = ORIENTED_EDGE ( 'NONE', *, *, #2136, .F. ) ;
#2194 = ORIENTED_EDGE ( 'NONE', *, *, #2142, .T. ) ;
#2195 = ADVANCED_FACE ( 'NONE', ( #8160 ), #8155, .F. ) ;
#2196 = EDGE_LOOP ( 'NONE', ( #2197, #2198, #2172, #2175 ) ) ;
#2197 = ORIENTED_EDGE ( 'NONE', *, *, #3109, .F. ) ;
#2198 = ORIENTED_EDGE ( 'NONE', *, *, #2199, .T. ) ;
#2199 = EDGE_CURVE ( 'NONE', #3110, #2171, #8150, .T. ) ;
#2200 = ORIENTED_EDGE ( 'NONE', *, *, #3986, .T. ) ;
#2201 = ORIENTED_EDGE ( 'NONE', *, *, #2202, .T. ) ;
#2202 = EDGE_CURVE ( 'NONE', #3984, #2102, #8146, .T. ) ;
#2203 = ADVANCED_FACE ( 'NONE', ( #8208 ), #8207, .F. ) ;
#2204 = EDGE_LOOP ( 'NONE', ( #2205, #2208, #2263, #2265 ) ) ;
#2205 = ORIENTED_EDGE ( 'NONE', *, *, #2206, .T. ) ;
#2206 = EDGE_CURVE ( 'NONE', #2275, #2207, #8202, .T. ) ;
#2207 = VERTEX_POINT ( 'NONE', #8198 ) ;
#2208 = ORIENTED_EDGE ( 'NONE', *, *, #2209, .F. ) ;
#2209 = EDGE_CURVE ( 'NONE', #2210, #2207, #8197, .T. ) ;
#2210 = VERTEX_POINT ( 'NONE', #8193 ) ;
#2211 = ORIENTED_EDGE ( 'NONE', *, *, #2212, .T. ) ;
#2212 = EDGE_CURVE ( 'NONE', #2238, #2213, #8192, .T. ) ;
#2213 = VERTEX_POINT ( 'NONE', #8188 ) ;
#2214 = ORIENTED_EDGE ( 'NONE', *, *, #2215, .F. ) ;
#2215 = EDGE_CURVE ( 'NONE', #2216, #2213, #8187, .T. ) ;
#2216 = VERTEX_POINT ( 'NONE', #8183 ) ;
#2217 = ORIENTED_EDGE ( 'NONE', *, *, #2218, .F. ) ;
#2218 = EDGE_CURVE ( 'NONE', #2219, #2216, #8182, .T. ) ;
#2219 = VERTEX_POINT ( 'NONE', #8178 ) ;
#2220 = ORIENTED_EDGE ( 'NONE', *, *, #2221, .T. ) ;
#2221 = EDGE_CURVE ( 'NONE', #2219, #2238, #8243, .T. ) ;
#2222 = ADVANCED_FACE ( 'NONE', ( #8239 ), #8238, .F. ) ;
#2223 = EDGE_LOOP ( 'NONE', ( #2224, #2276, #2279, #2281 ) ) ;
#2224 = ORIENTED_EDGE ( 'NONE', *, *, #2225, .T. ) ;
#2225 = EDGE_CURVE ( 'NONE', #2213, #2275, #8233, .T. ) ;
#2226 = ORIENTED_EDGE ( 'NONE', *, *, #3042, .F. ) ;
#2227 = ORIENTED_EDGE ( 'NONE', *, *, #2176, .T. ) ;
#2228 = ORIENTED_EDGE ( 'NONE', *, *, #2239, .T. ) ;
#2229 = ORIENTED_EDGE ( 'NONE', *, *, #2165, .T. ) ;
#2230 = ADVANCED_FACE ( 'NONE', ( #8229 ), #8228, .T. ) ;
#2231 = EDGE_LOOP ( 'NONE', ( #2232, #2233, #2234, #2235 ) ) ;
#2232 = ORIENTED_EDGE ( 'NONE', *, *, #2199, .F. ) ;
#2233 = ORIENTED_EDGE ( 'NONE', *, *, #3048, .T. ) ;
#2234 = ORIENTED_EDGE ( 'NONE', *, *, #2168, .F. ) ;
#2235 = ORIENTED_EDGE ( 'NONE', *, *, #2180, .F. ) ;
#2236 = ADVANCED_FACE ( 'NONE', ( #8223 ), #8222, .F. ) ;
#2237 = EDGE_LOOP ( 'NONE', ( #2211, #2214, #2217, #2220 ) ) ;
#2238 = VERTEX_POINT ( 'NONE', #8217 ) ;
#2239 = EDGE_CURVE ( 'NONE', #2174, #2184, #8216, .T. ) ;
#2240 = ORIENTED_EDGE ( 'NONE', *, *, #2173, .T. ) ;
#2241 = ADVANCED_FACE ( 'NONE', ( #8212 ), #8211, .F. ) ;
#2242 = ADVANCED_FACE ( 'NONE', ( #8274 ), #8273, .F. ) ;
#2243 = EDGE_LOOP ( 'NONE', ( #2244, #2245, #2246, #2247 ) ) ;
#2244 = ORIENTED_EDGE ( 'NONE', *, *, #2259, .T. ) ;
#2245 = ORIENTED_EDGE ( 'NONE', *, *, #3900, .F. ) ;
#2246 = ORIENTED_EDGE ( 'NONE', *, *, #2253, .F. ) ;
#2247 = ORIENTED_EDGE ( 'NONE', *, *, #2209, .T. ) ;
#2248 = ADVANCED_FACE ( 'NONE', ( #8268 ), #8267, .F. ) ;
#2249 = EDGE_LOOP ( 'NONE', ( #2250, #2251, #2303, #2304 ) ) ;
#2250 = ORIENTED_EDGE ( 'NONE', *, *, #2319, .T. ) ;
#2251 = ORIENTED_EDGE ( 'NONE', *, *, #2221, .F. ) ;
#2252 = ORIENTED_EDGE ( 'NONE', *, *, #2253, .T. ) ;
#2253 = EDGE_CURVE ( 'NONE', #2210, #3898, #8262, .T. ) ;
#2254 = ADVANCED_FACE ( 'NONE', ( #8258 ), #8257, .T. ) ;
#2255 = EDGE_LOOP ( 'NONE', ( #2256, #2257, #2258, #2260, #2261, #2262, #2318 ) ) ;
#2256 = ORIENTED_EDGE ( 'NONE', *, *, #3841, .F. ) ;
#2257 = ORIENTED_EDGE ( 'NONE', *, *, #3903, .F. ) ;
#2258 = ORIENTED_EDGE ( 'NONE', *, *, #2259, .F. ) ;
#2259 = EDGE_CURVE ( 'NONE', #2207, #3901, #8252, .T. ) ;
#2260 = ORIENTED_EDGE ( 'NONE', *, *, #2206, .F. ) ;
#2261 = ORIENTED_EDGE ( 'NONE', *, *, #2225, .F. ) ;
#2262 = ORIENTED_EDGE ( 'NONE', *, *, #2212, .F. ) ;
#2263 = ORIENTED_EDGE ( 'NONE', *, *, #2264, .F. ) ;
#2264 = EDGE_CURVE ( 'NONE', #2278, #2210, #8247, .T. ) ;
#2265 = ORIENTED_EDGE ( 'NONE', *, *, #2277, .T. ) ;
#2266 = ADVANCED_FACE ( 'NONE', ( #8310 ), #8309, .F. ) ;
#2267 = EDGE_LOOP ( 'NONE', ( #2268, #2269, #2270, #2272, #2273, #2274, #2252 ) ) ;
#2268 = ORIENTED_EDGE ( 'NONE', *, *, #3897, .T. ) ;
#2269 = ORIENTED_EDGE ( 'NONE', *, *, #3847, .T. ) ;
#2270 = ORIENTED_EDGE ( 'NONE', *, *, #2271, .T. ) ;
#2271 = EDGE_CURVE ( 'NONE', #3845, #2219, #8304, .T. ) ;
#2272 = ORIENTED_EDGE ( 'NONE', *, *, #2218, .T. ) ;
#2273 = ORIENTED_EDGE ( 'NONE', *, *, #2280, .T. ) ;
#2274 = ORIENTED_EDGE ( 'NONE', *, *, #2264, .T. ) ;
#2275 = VERTEX_POINT ( 'NONE', #8300 ) ;
#2276 = ORIENTED_EDGE ( 'NONE', *, *, #2277, .F. ) ;
#2277 = EDGE_CURVE ( 'NONE', #2278, #2275, #8299, .T. ) ;
#2278 = VERTEX_POINT ( 'NONE', #8295 ) ;
#2279 = ORIENTED_EDGE ( 'NONE', *, *, #2280, .F. ) ;
#2280 = EDGE_CURVE ( 'NONE', #2216, #2278, #8294, .T. ) ;
#2281 = ORIENTED_EDGE ( 'NONE', *, *, #2215, .T. ) ;
#2282 = ADVANCED_FACE ( 'NONE', ( #8290 ), #8289, .F. ) ;
#2283 = EDGE_LOOP ( 'NONE', ( #2284, #2285, #2286, #2287 ) ) ;
#2284 = ORIENTED_EDGE ( 'NONE', *, *, #3168, .F. ) ;
#2285 = ORIENTED_EDGE ( 'NONE', *, *, #2361, .T. ) ;
#2286 = ORIENTED_EDGE ( 'NONE', *, *, #2315, .T. ) ;
#2287 = ORIENTED_EDGE ( 'NONE', *, *, #2295, .T. ) ;
#2288 = ADVANCED_FACE ( 'NONE', ( #8284 ), #8283, .T. ) ;
#2289 = EDGE_LOOP ( 'NONE', ( #2345, #2346, #2347, #2348 ) ) ;
#2290 = EDGE_CURVE ( 'NONE', #2316, #2309, #8344, .T. ) ;
#2291 = ADVANCED_FACE ( 'NONE', ( #8340 ), #8339, .F. ) ;
#2292 = EDGE_LOOP ( 'NONE', ( #2293, #2294, #2296, #2297 ) ) ;
#2293 = ORIENTED_EDGE ( 'NONE', *, *, #3171, .F. ) ;
#2294 = ORIENTED_EDGE ( 'NONE', *, *, #2295, .F. ) ;
#2295 = EDGE_CURVE ( 'NONE', #2313, #3169, #8334, .T. ) ;
#2296 = ORIENTED_EDGE ( 'NONE', *, *, #2312, .T. ) ;
#2297 = ORIENTED_EDGE ( 'NONE', *, *, #2298, .T. ) ;
#2298 = EDGE_CURVE ( 'NONE', #2310, #3080, #8330, .T. ) ;
#2299 = ADVANCED_FACE ( 'NONE', ( #8326 ), #8325, .F. ) ;
#2300 = EDGE_LOOP ( 'NONE', ( #2301, #2359, #2360, #2362 ) ) ;
#2301 = ORIENTED_EDGE ( 'NONE', *, *, #2302, .T. ) ;
#2302 = EDGE_CURVE ( 'NONE', #3166, #2309, #8320, .T. ) ;
#2303 = ORIENTED_EDGE ( 'NONE', *, *, #2271, .F. ) ;
#2304 = ORIENTED_EDGE ( 'NONE', *, *, #3844, .T. ) ;
#2305 = ADVANCED_FACE ( 'NONE', ( #8316 ), #8315, .F. ) ;
#2306 = EDGE_LOOP ( 'NONE', ( #2307, #2311, #2314, #2317 ) ) ;
#2307 = ORIENTED_EDGE ( 'NONE', *, *, #2308, .T. ) ;
#2308 = EDGE_CURVE ( 'NONE', #2309, #2310, #8375, .T. ) ;
#2309 = VERTEX_POINT ( 'NONE', #8371 ) ;
#2310 = VERTEX_POINT ( 'NONE', #8370 ) ;
#2311 = ORIENTED_EDGE ( 'NONE', *, *, #2312, .F. ) ;
#2312 = EDGE_CURVE ( 'NONE', #2313, #2310, #8369, .T. ) ;
#2313 = VERTEX_POINT ( 'NONE', #8365 ) ;
#2314 = ORIENTED_EDGE ( 'NONE', *, *, #2315, .F. ) ;
#2315 = EDGE_CURVE ( 'NONE', #2316, #2313, #8364, .T. ) ;
#2316 = VERTEX_POINT ( 'NONE', #8360 ) ;
#2317 = ORIENTED_EDGE ( 'NONE', *, *, #2290, .T. ) ;
#2318 = ORIENTED_EDGE ( 'NONE', *, *, #2319, .F. ) ;
#2319 = EDGE_CURVE ( 'NONE', #3842, #2238, #8359, .T. ) ;
#2320 = ORIENTED_EDGE ( 'NONE', *, *, #2321, .T. ) ;
#2321 = EDGE_CURVE ( 'NONE', #2339, #2322, #8355, .T. ) ;
#2322 = VERTEX_POINT ( 'NONE', #8351 ) ;
#2323 = ORIENTED_EDGE ( 'NONE', *, *, #2324, .F. ) ;
#2324 = EDGE_CURVE ( 'NONE', #2325, #2322, #8350, .T. ) ;
#2325 = VERTEX_POINT ( 'NONE', #8346 ) ;
#2326 = ORIENTED_EDGE ( 'NONE', *, *, #2327, .F. ) ;
#2327 = EDGE_CURVE ( 'NONE', #2342, #2325, #8345, .T. ) ;
#2328 = ORIENTED_EDGE ( 'NONE', *, *, #2341, .T. ) ;
#2329 = ADVANCED_FACE ( 'NONE', ( #8406 ), #8405, .T. ) ;
#2330 = EDGE_LOOP ( 'NONE', ( #2387, #2388, #2390, #2391, #2392, #2393, #2395 ) ) ;
#2331 = EDGE_CURVE ( 'NONE', #2332, #2357, #8400, .T. ) ;
#2332 = VERTEX_POINT ( 'NONE', #8396 ) ;
#2333 = ORIENTED_EDGE ( 'NONE', *, *, #2334, .T. ) ;
#2334 = EDGE_CURVE ( 'NONE', #2332, #2353, #8395, .T. ) ;
#2335 = ADVANCED_FACE ( 'NONE', ( #8391 ), #8390, .F. ) ;
#2336 = EDGE_LOOP ( 'NONE', ( #2337, #2340, #2343, #2399 ) ) ;
#2337 = ORIENTED_EDGE ( 'NONE', *, *, #2338, .T. ) ;
#2338 = EDGE_CURVE ( 'NONE', #2354, #2339, #8385, .T. ) ;
#2339 = VERTEX_POINT ( 'NONE', #8381 ) ;
#2340 = ORIENTED_EDGE ( 'NONE', *, *, #2341, .F. ) ;
#2341 = EDGE_CURVE ( 'NONE', #2342, #2339, #8380, .T. ) ;
#2342 = VERTEX_POINT ( 'NONE', #8376 ) ;
#2343 = ORIENTED_EDGE ( 'NONE', *, *, #2344, .F. ) ;
#2344 = EDGE_CURVE ( 'NONE', #2357, #2342, #8442, .T. ) ;
#2345 = ORIENTED_EDGE ( 'NONE', *, *, #2302, .F. ) ;
#2346 = ORIENTED_EDGE ( 'NONE', *, *, #3105, .T. ) ;
#2347 = ORIENTED_EDGE ( 'NONE', *, *, #2298, .F. ) ;
#2348 = ORIENTED_EDGE ( 'NONE', *, *, #2308, .F. ) ;
#2349 = ADVANCED_FACE ( 'NONE', ( #8438 ), #8437, .F. ) ;
#2350 = EDGE_LOOP ( 'NONE', ( #2351, #2355, #2358, #2333 ) ) ;
#2351 = ORIENTED_EDGE ( 'NONE', *, *, #2352, .T. ) ;
#2352 = EDGE_CURVE ( 'NONE', #2353, #2354, #8432, .T. ) ;
#2353 = VERTEX_POINT ( 'NONE', #8428 ) ;
#2354 = VERTEX_POINT ( 'NONE', #8427 ) ;
#2355 = ORIENTED_EDGE ( 'NONE', *, *, #2356, .F. ) ;
#2356 = EDGE_CURVE ( 'NONE', #2357, #2354, #8426, .T. ) ;
#2357 = VERTEX_POINT ( 'NONE', #8422 ) ;
#2358 = ORIENTED_EDGE ( 'NONE', *, *, #2331, .F. ) ;
#2359 = ORIENTED_EDGE ( 'NONE', *, *, #2290, .F. ) ;
#2360 = ORIENTED_EDGE ( 'NONE', *, *, #2361, .F. ) ;
#2361 = EDGE_CURVE ( 'NONE', #3165, #2316, #8421, .T. ) ;
#2362 = ORIENTED_EDGE ( 'NONE', *, *, #3089, .T. ) ;
#2363 = ORIENTED_EDGE ( 'NONE', *, *, #4001, .T. ) ;
#2364 = ORIENTED_EDGE ( 'NONE', *, *, #2394, .T. ) ;
#2365 = ORIENTED_EDGE ( 'NONE', *, *, #2334, .F. ) ;
#2366 = ADVANCED_FACE ( 'NONE', ( #8417 ), #8415, .F. ) ;
#2367 = EDGE_LOOP ( 'NONE', ( #2368, #2369, #2370, #2371 ) ) ;
#2368 = ORIENTED_EDGE ( 'NONE', *, *, #2389, .T. ) ;
#2369 = ORIENTED_EDGE ( 'NONE', *, *, #3591, .F. ) ;
#2370 = ORIENTED_EDGE ( 'NONE', *, *, #2376, .F. ) ;
#2371 = ORIENTED_EDGE ( 'NONE', *, *, #2324, .T. ) ;
#2372 = ADVANCED_FACE ( 'NONE', ( #8410 ), #8416, .F. ) ;
#2373 = EDGE_LOOP ( 'NONE', ( #2374, #2375, #2427, #2430 ) ) ;
#2374 = ORIENTED_EDGE ( 'NONE', *, *, #3097, .F. ) ;
#2375 = ORIENTED_EDGE ( 'NONE', *, *, #2425, .T. ) ;
#2376 = EDGE_CURVE ( 'NONE', #2325, #3596, #8472, .T. ) ;
#2377 = ORIENTED_EDGE ( 'NONE', *, *, #3682, .T. ) ;
#2378 = ORIENTED_EDGE ( 'NONE', *, *, #4004, .T. ) ;
#2379 = ORIENTED_EDGE ( 'NONE', *, *, #2380, .T. ) ;
#2380 = EDGE_CURVE ( 'NONE', #4002, #2332, #8468, .T. ) ;
#2381 = ORIENTED_EDGE ( 'NONE', *, *, #2331, .T. ) ;
#2382 = ORIENTED_EDGE ( 'NONE', *, *, #2344, .T. ) ;
#2383 = ORIENTED_EDGE ( 'NONE', *, *, #2327, .T. ) ;
#2384 = ADVANCED_FACE ( 'NONE', ( #8464 ), #8463, .F. ) ;
#2385 = EDGE_LOOP ( 'NONE', ( #2386, #2363, #2364, #2365 ) ) ;
#2386 = ORIENTED_EDGE ( 'NONE', *, *, #2380, .F. ) ;
#2387 = ORIENTED_EDGE ( 'NONE', *, *, #3679, .F. ) ;
#2388 = ORIENTED_EDGE ( 'NONE', *, *, #2389, .F. ) ;
#2389 = EDGE_CURVE ( 'NONE', #2322, #3605, #8458, .T. ) ;
#2390 = ORIENTED_EDGE ( 'NONE', *, *, #2321, .F. ) ;
#2391 = ORIENTED_EDGE ( 'NONE', *, *, #2338, .F. ) ;
#2392 = ORIENTED_EDGE ( 'NONE', *, *, #2352, .F. ) ;
#2393 = ORIENTED_EDGE ( 'NONE', *, *, #2394, .F. ) ;
#2394 = EDGE_CURVE ( 'NONE', #3999, #2353, #8454, .T. ) ;
#2395 = ORIENTED_EDGE ( 'NONE', *, *, #3998, .F. ) ;
#2396 = ADVANCED_FACE ( 'NONE', ( #8450 ), #8449, .F. ) ;
#2397 = EDGE_LOOP ( 'NONE', ( #2398, #2377, #2378, #2379, #2381, #2382, #2383 ) ) ;
#2398 = ORIENTED_EDGE ( 'NONE', *, *, #2376, .T. ) ;
#2399 = ORIENTED_EDGE ( 'NONE', *, *, #2356, .T. ) ;
#2400 = ADVANCED_FACE ( 'NONE', ( #8448 ), #8443, .F. ) ;
#2401 = EDGE_LOOP ( 'NONE', ( #2320, #2323, #2326, #2328 ) ) ;
#2402 = ORIENTED_EDGE ( 'NONE', *, *, #2413, .T. ) ;
#2403 = ORIENTED_EDGE ( 'NONE', *, *, #2419, .T. ) ;
#2404 = ADVANCED_FACE ( 'NONE', ( #8507 ), #8506, .T. ) ;
#2405 = EDGE_LOOP ( 'NONE', ( #2406, #2407, #2408, #2409 ) ) ;
#2406 = ORIENTED_EDGE ( 'NONE', *, *, #2425, .F. ) ;
#2407 = ORIENTED_EDGE ( 'NONE', *, *, #3086, .T. ) ;
#2408 = ORIENTED_EDGE ( 'NONE', *, *, #2422, .F. ) ;
#2409 = ORIENTED_EDGE ( 'NONE', *, *, #2435, .F. ) ;
#2410 = ADVANCED_FACE ( 'NONE', ( #8501 ), #8500, .F. ) ;
#2411 = EDGE_LOOP ( 'NONE', ( #2466, #2470, #2473, #2476 ) ) ;
#2412 = ORIENTED_EDGE ( 'NONE', *, *, #2413, .F. ) ;
#2413 = EDGE_CURVE ( 'NONE', #2429, #2439, #8495, .T. ) ;
#2414 = ORIENTED_EDGE ( 'NONE', *, *, #2428, .T. ) ;
#2415 = ADVANCED_FACE ( 'NONE', ( #8491 ), #8490, .F. ) ;
#2416 = EDGE_LOOP ( 'NONE', ( #2417, #2418, #2420, #2421 ) ) ;
#2417 = ORIENTED_EDGE ( 'NONE', *, *, #3104, .F. ) ;
#2418 = ORIENTED_EDGE ( 'NONE', *, *, #2419, .F. ) ;
#2419 = EDGE_CURVE ( 'NONE', #2439, #3102, #8485, .T. ) ;
#2420 = ORIENTED_EDGE ( 'NONE', *, *, #2438, .T. ) ;
#2421 = ORIENTED_EDGE ( 'NONE', *, *, #2422, .T. ) ;
#2422 = EDGE_CURVE ( 'NONE', #2436, #3084, #8481, .T. ) ;
#2423 = ADVANCED_FACE ( 'NONE', ( #8477 ), #8541, .F. ) ;
#2424 = EDGE_LOOP ( 'NONE', ( #2480, #2481, #2402, #2403 ) ) ;
#2425 = EDGE_CURVE ( 'NONE', #3098, #2426, #8536, .T. ) ;
#2426 = VERTEX_POINT ( 'NONE', #8532 ) ;
#2427 = ORIENTED_EDGE ( 'NONE', *, *, #2428, .F. ) ;
#2428 = EDGE_CURVE ( 'NONE', #2429, #2426, #8531, .T. ) ;
#2429 = VERTEX_POINT ( 'NONE', #8527 ) ;
#2430 = ORIENTED_EDGE ( 'NONE', *, *, #2431, .F. ) ;
#2431 = EDGE_CURVE ( 'NONE', #3099, #2429, #8526, .T. ) ;
#2432 = ADVANCED_FACE ( 'NONE', ( #8522 ), #8521, .F. ) ;
#2433 = EDGE_LOOP ( 'NONE', ( #2434, #2437, #2412, #2414 ) ) ;
#2434 = ORIENTED_EDGE ( 'NONE', *, *, #2435, .T. ) ;
#2435 = EDGE_CURVE ( 'NONE', #2426, #2436, #8516, .T. ) ;
#2436 = VERTEX_POINT ( 'NONE', #8512 ) ;
#2437 = ORIENTED_EDGE ( 'NONE', *, *, #2438, .F. ) ;
#2438 = EDGE_CURVE ( 'NONE', #2439, #2436, #7720, .T. ) ;
#2439 = VERTEX_POINT ( 'NONE', #8572 ) ;
#2440 = EDGE_CURVE ( 'NONE', #2454, #2465, #8571, .T. ) ;
#2441 = ORIENTED_EDGE ( 'NONE', *, *, #2453, .T. ) ;
#2442 = ADVANCED_FACE ( 'NONE', ( #8567 ), #8566, .F. ) ;
#2443 = EDGE_LOOP ( 'NONE', ( #2444, #2445, #2446, #2448, #2512, #2513, #2514 ) ) ;
#2444 = ORIENTED_EDGE ( 'NONE', *, *, #3906, .T. ) ;
#2445 = ORIENTED_EDGE ( 'NONE', *, *, #3865, .T. ) ;
#2446 = ORIENTED_EDGE ( 'NONE', *, *, #2447, .T. ) ;
#2447 = EDGE_CURVE ( 'NONE', #3863, #2475, #8561, .T. ) ;
#2448 = ORIENTED_EDGE ( 'NONE', *, *, #2474, .T. ) ;
#2449 = ORIENTED_EDGE ( 'NONE', *, *, #2450, .T. ) ;
#2450 = EDGE_CURVE ( 'NONE', #2469, #2451, #8557, .T. ) ;
#2451 = VERTEX_POINT ( 'NONE', #8553 ) ;
#2452 = ORIENTED_EDGE ( 'NONE', *, *, #2453, .F. ) ;
#2453 = EDGE_CURVE ( 'NONE', #2454, #2451, #8552, .T. ) ;
#2454 = VERTEX_POINT ( 'NONE', #8548 ) ;
#2455 = ORIENTED_EDGE ( 'NONE', *, *, #2456, .F. ) ;
#2456 = EDGE_CURVE ( 'NONE', #2472, #2454, #8547, .T. ) ;
#2457 = ORIENTED_EDGE ( 'NONE', *, *, #2471, .T. ) ;
#2458 = ADVANCED_FACE ( 'NONE', ( #8543 ), #8542, .F. ) ;
#2459 = EDGE_LOOP ( 'NONE', ( #2460, #2463, #12425, #2441 ) ) ;
#2460 = ORIENTED_EDGE ( 'NONE', *, *, #2461, .T. ) ;
#2461 = EDGE_CURVE ( 'NONE', #2451, #2462, #8601, .T. ) ;
#2462 = VERTEX_POINT ( 'NONE', #8597 ) ;
#2463 = ORIENTED_EDGE ( 'NONE', *, *, #2464, .F. ) ;
#2464 = EDGE_CURVE ( 'NONE', #2465, #2462, #8596, .T. ) ;
#2465 = VERTEX_POINT ( 'NONE', #8592 ) ;
#2466 = ORIENTED_EDGE ( 'NONE', *, *, #2467, .T. ) ;
#2467 = EDGE_CURVE ( 'NONE', #2468, #2469, #8591, .T. ) ;
#2468 = VERTEX_POINT ( 'NONE', #8587 ) ;
#2469 = VERTEX_POINT ( 'NONE', #8586 ) ;
#2470 = ORIENTED_EDGE ( 'NONE', *, *, #2471, .F. ) ;
#2471 = EDGE_CURVE ( 'NONE', #2472, #2469, #8585, .T. ) ;
#2472 = VERTEX_POINT ( 'NONE', #8581 ) ;
#2473 = ORIENTED_EDGE ( 'NONE', *, *, #2474, .F. ) ;
#2474 = EDGE_CURVE ( 'NONE', #2475, #2472, #8580, .T. ) ;
#2475 = VERTEX_POINT ( 'NONE', #8576 ) ;
#2476 = ORIENTED_EDGE ( 'NONE', *, *, #2477, .T. ) ;
#2477 = EDGE_CURVE ( 'NONE', #2475, #2468, #8575, .T. ) ;
#2478 = ADVANCED_FACE ( 'NONE', ( #8638 ), #8637, .F. ) ;
#2479 = EDGE_LOOP ( 'NONE', ( #2449, #2452, #2455, #2457 ) ) ;
#2480 = ORIENTED_EDGE ( 'NONE', *, *, #3101, .F. ) ;
#2481 = ORIENTED_EDGE ( 'NONE', *, *, #2431, .T. ) ;
#2482 = ADVANCED_FACE ( 'NONE', ( #8632 ), #8631, .F. ) ;
#2483 = EDGE_LOOP ( 'NONE', ( #2484, #2539, #2540, #2542 ) ) ;
#2484 = ORIENTED_EDGE ( 'NONE', *, *, #2485, .T. ) ;
#2485 = EDGE_CURVE ( 'NONE', #3058, #2492, #8626, .T. ) ;
#2486 = ORIENTED_EDGE ( 'NONE', *, *, #2447, .F. ) ;
#2487 = ORIENTED_EDGE ( 'NONE', *, *, #3862, .T. ) ;
#2488 = ADVANCED_FACE ( 'NONE', ( #8622 ), #8621, .F. ) ;
#2489 = EDGE_LOOP ( 'NONE', ( #2490, #2494, #2497, #2551 ) ) ;
#2490 = ORIENTED_EDGE ( 'NONE', *, *, #2491, .T. ) ;
#2491 = EDGE_CURVE ( 'NONE', #2492, #2493, #8616, .T. ) ;
#2492 = VERTEX_POINT ( 'NONE', #8612 ) ;
#2493 = VERTEX_POINT ( 'NONE', #8611 ) ;
#2494 = ORIENTED_EDGE ( 'NONE', *, *, #2495, .F. ) ;
#2495 = EDGE_CURVE ( 'NONE', #2496, #2493, #8610, .T. ) ;
#2496 = VERTEX_POINT ( 'NONE', #8606 ) ;
#2497 = ORIENTED_EDGE ( 'NONE', *, *, #2498, .F. ) ;
#2498 = EDGE_CURVE ( 'NONE', #2499, #2496, #8671, .T. ) ;
#2499 = VERTEX_POINT ( 'NONE', #8667 ) ;
#2500 = ORIENTED_EDGE ( 'NONE', *, *, #2467, .F. ) ;
#2501 = ORIENTED_EDGE ( 'NONE', *, *, #2502, .F. ) ;
#2502 = EDGE_CURVE ( 'NONE', #3860, #2468, #8666, .T. ) ;
#2503 = ADVANCED_FACE ( 'NONE', ( #8662 ), #8661, .F. ) ;
#2504 = EDGE_LOOP ( 'NONE', ( #2505, #2506, #2507, #2508 ) ) ;
#2505 = ORIENTED_EDGE ( 'NONE', *, *, #2521, .T. ) ;
#2506 = ORIENTED_EDGE ( 'NONE', *, *, #3882, .F. ) ;
#2507 = ORIENTED_EDGE ( 'NONE', *, *, #2515, .F. ) ;
#2508 = ORIENTED_EDGE ( 'NONE', *, *, #2464, .T. ) ;
#2509 = ADVANCED_FACE ( 'NONE', ( #8656 ), #8655, .F. ) ;
#2510 = EDGE_LOOP ( 'NONE', ( #2511, #2186, #2486, #2487 ) ) ;
#2511 = ORIENTED_EDGE ( 'NONE', *, *, #2502, .T. ) ;
#2512 = ORIENTED_EDGE ( 'NONE', *, *, #2456, .T. ) ;
#2513 = ORIENTED_EDGE ( 'NONE', *, *, #2440, .T. ) ;
#2514 = ORIENTED_EDGE ( 'NONE', *, *, #2515, .T. ) ;
#2515 = EDGE_CURVE ( 'NONE', #2465, #3907, #8650, .T. ) ;
#2516 = ADVANCED_FACE ( 'NONE', ( #8646 ), #8645, .T. ) ;
#2517 = EDGE_LOOP ( 'NONE', ( #2518, #2519, #2520, #12440, #12446, #2500, #2501 ) ) ;
#2518 = ORIENTED_EDGE ( 'NONE', *, *, #3859, .F. ) ;
#2519 = ORIENTED_EDGE ( 'NONE', *, *, #3885, .F. ) ;
#2520 = ORIENTED_EDGE ( 'NONE', *, *, #2521, .F. ) ;
#2521 = EDGE_CURVE ( 'NONE', #2462, #3883, #8640, .T. ) ;
#2522 = EDGE_CURVE ( 'NONE', #2523, #2598, #8702, .T. ) ;
#2523 = VERTEX_POINT ( 'NONE', #8698 ) ;
#2524 = ORIENTED_EDGE ( 'NONE', *, *, #2525, .F. ) ;
#2525 = EDGE_CURVE ( 'NONE', #2538, #2523, #8697, .T. ) ;
#2526 = ORIENTED_EDGE ( 'NONE', *, *, #2485, .F. ) ;
#2527 = ORIENTED_EDGE ( 'NONE', *, *, #3094, .T. ) ;
#2528 = ORIENTED_EDGE ( 'NONE', *, *, #2560, .F. ) ;
#2529 = ORIENTED_EDGE ( 'NONE', *, *, #2491, .F. ) ;
#2530 = ADVANCED_FACE ( 'NONE', ( #8693 ), #8692, .F. ) ;
#2531 = EDGE_LOOP ( 'NONE', ( #2532, #2536, #2589, #2592 ) ) ;
#2532 = ORIENTED_EDGE ( 'NONE', *, *, #2533, .T. ) ;
#2533 = EDGE_CURVE ( 'NONE', #2534, #2535, #8687, .T. ) ;
#2534 = VERTEX_POINT ( 'NONE', #8683 ) ;
#2535 = VERTEX_POINT ( 'NONE', #8682 ) ;
#2536 = ORIENTED_EDGE ( 'NONE', *, *, #2537, .F. ) ;
#2537 = EDGE_CURVE ( 'NONE', #2538, #2535, #8681, .T. ) ;
#2538 = VERTEX_POINT ( 'NONE', #8677 ) ;
#2539 = ORIENTED_EDGE ( 'NONE', *, *, #2552, .F. ) ;
#2540 = ORIENTED_EDGE ( 'NONE', *, *, #2541, .F. ) ;
#2541 = EDGE_CURVE ( 'NONE', #3057, #2499, #8676, .T. ) ;
#2542 = ORIENTED_EDGE ( 'NONE', *, *, #3056, .T. ) ;
#2543 = ADVANCED_FACE ( 'NONE', ( #8672 ), #8737, .F. ) ;
#2544 = EDGE_LOOP ( 'NONE', ( #2545, #2546, #2547, #2548 ) ) ;
#2545 = ORIENTED_EDGE ( 'NONE', *, *, #3081, .F. ) ;
#2546 = ORIENTED_EDGE ( 'NONE', *, *, #2541, .T. ) ;
#2547 = ORIENTED_EDGE ( 'NONE', *, *, #2498, .T. ) ;
#2548 = ORIENTED_EDGE ( 'NONE', *, *, #2557, .T. ) ;
#2549 = ADVANCED_FACE ( 'NONE', ( #8732 ), #8731, .T. ) ;
#2550 = EDGE_LOOP ( 'NONE', ( #2526, #2527, #2528, #2529 ) ) ;
#2551 = ORIENTED_EDGE ( 'NONE', *, *, #2552, .T. ) ;
#2552 = EDGE_CURVE ( 'NONE', #2499, #2492, #8726, .T. ) ;
#2553 = ADVANCED_FACE ( 'NONE', ( #8722 ), #8721, .F. ) ;
#2554 = EDGE_LOOP ( 'NONE', ( #2555, #2556, #2558, #2559 ) ) ;
#2555 = ORIENTED_EDGE ( 'NONE', *, *, #3091, .F. ) ;
#2556 = ORIENTED_EDGE ( 'NONE', *, *, #2557, .F. ) ;
#2557 = EDGE_CURVE ( 'NONE', #2496, #3082, #8716, .T. ) ;
#2558 = ORIENTED_EDGE ( 'NONE', *, *, #2495, .T. ) ;
#2559 = ORIENTED_EDGE ( 'NONE', *, *, #2560, .T. ) ;
#2560 = EDGE_CURVE ( 'NONE', #2493, #3092, #8712, .T. ) ;
#2561 = ADVANCED_FACE ( 'NONE', ( #8708 ), #8707, .F. ) ;
#2562 = EDGE_LOOP ( 'NONE', ( #2563, #2187, #2618, #2619 ) ) ;
#2563 = ORIENTED_EDGE ( 'NONE', *, *, #2636, .F. ) ;
#2564 = ORIENTED_EDGE ( 'NONE', *, *, #3676, .F. ) ;
#2565 = ORIENTED_EDGE ( 'NONE', *, *, #2566, .F. ) ;
#2566 = EDGE_CURVE ( 'NONE', #2580, #3714, #8767, .T. ) ;
#2567 = ORIENTED_EDGE ( 'NONE', *, *, #2579, .F. ) ;
#2568 = ORIENTED_EDGE ( 'NONE', *, *, #2597, .F. ) ;
#2569 = ORIENTED_EDGE ( 'NONE', *, *, #2533, .F. ) ;
#2570 = ORIENTED_EDGE ( 'NONE', *, *, #2571, .F. ) ;
#2571 = EDGE_CURVE ( 'NONE', #3926, #2534, #8763, .T. ) ;
#2572 = ORIENTED_EDGE ( 'NONE', *, *, #3925, .F. ) ;
#2573 = ADVANCED_FACE ( 'NONE', ( #8759 ), #8758, .F. ) ;
#2574 = EDGE_LOOP ( 'NONE', ( #2631, #2633, #2634, #2635, #2637, #2638, #2639 ) ) ;
#2575 = ORIENTED_EDGE ( 'NONE', *, *, #2537, .T. ) ;
#2576 = ADVANCED_FACE ( 'NONE', ( #8753 ), #8752, .F. ) ;
#2577 = EDGE_LOOP ( 'NONE', ( #2578, #2581, #2584, #2586 ) ) ;
#2578 = ORIENTED_EDGE ( 'NONE', *, *, #2579, .T. ) ;
#2579 = EDGE_CURVE ( 'NONE', #2598, #2580, #8747, .T. ) ;
#2580 = VERTEX_POINT ( 'NONE', #8743 ) ;
#2581 = ORIENTED_EDGE ( 'NONE', *, *, #2582, .F. ) ;
#2582 = EDGE_CURVE ( 'NONE', #2583, #2580, #8742, .T. ) ;
#2583 = VERTEX_POINT ( 'NONE', #8738 ) ;
#2584 = ORIENTED_EDGE ( 'NONE', *, *, #2585, .F. ) ;
#2585 = EDGE_CURVE ( 'NONE', #2523, #2583, #8805, .T. ) ;
#2586 = ORIENTED_EDGE ( 'NONE', *, *, #2522, .T. ) ;
#2587 = ADVANCED_FACE ( 'NONE', ( #8801 ), #8800, .T. ) ;
#2588 = EDGE_LOOP ( 'NONE', ( #2564, #2565, #2567, #2568, #2569, #2570, #2572 ) ) ;
#2589 = ORIENTED_EDGE ( 'NONE', *, *, #2590, .F. ) ;
#2590 = EDGE_CURVE ( 'NONE', #2591, #2538, #8795, .T. ) ;
#2591 = VERTEX_POINT ( 'NONE', #8791 ) ;
#2592 = ORIENTED_EDGE ( 'NONE', *, *, #2593, .T. ) ;
#2593 = EDGE_CURVE ( 'NONE', #2591, #2534, #8790, .T. ) ;
#2594 = ADVANCED_FACE ( 'NONE', ( #8786 ), #8785, .F. ) ;
#2595 = EDGE_LOOP ( 'NONE', ( #2596, #2599, #2524, #2575 ) ) ;
#2596 = ORIENTED_EDGE ( 'NONE', *, *, #2597, .T. ) ;
#2597 = EDGE_CURVE ( 'NONE', #2535, #2598, #8780, .T. ) ;
#2598 = VERTEX_POINT ( 'NONE', #8776 ) ;
#2599 = ORIENTED_EDGE ( 'NONE', *, *, #2522, .F. ) ;
#2600 = ORIENTED_EDGE ( 'NONE', *, *, #2617, .T. ) ;
#2601 = ORIENTED_EDGE ( 'NONE', *, *, #2602, .T. ) ;
#2602 = EDGE_CURVE ( 'NONE', #2615, #3769, #8774, .T. ) ;
#2603 = ADVANCED_FACE ( 'NONE', ( #8836 ), #8835, .F. ) ;
#2604 = EDGE_LOOP ( 'NONE', ( #2659, #2660, #2661, #2662 ) ) ;
#2605 = EDGE_CURVE ( 'NONE', #3695, #2630, #8830, .T. ) ;
#2606 = ORIENTED_EDGE ( 'NONE', *, *, #2607, .F. ) ;
#2607 = EDGE_CURVE ( 'NONE', #2608, #2630, #8826, .T. ) ;
#2608 = VERTEX_POINT ( 'NONE', #8822 ) ;
#2609 = ORIENTED_EDGE ( 'NONE', *, *, #2610, .F. ) ;
#2610 = EDGE_CURVE ( 'NONE', #3689, #2608, #8821, .T. ) ;
#2611 = ADVANCED_FACE ( 'NONE', ( #8817 ), #8816, .F. ) ;
#2612 = EDGE_LOOP ( 'NONE', ( #2613, #2616, #2672, #2674 ) ) ;
#2613 = ORIENTED_EDGE ( 'NONE', *, *, #2614, .T. ) ;
#2614 = EDGE_CURVE ( 'NONE', #2630, #2615, #8811, .T. ) ;
#2615 = VERTEX_POINT ( 'NONE', #8806 ) ;
#2616 = ORIENTED_EDGE ( 'NONE', *, *, #2617, .F. ) ;
#2617 = EDGE_CURVE ( 'NONE', #2671, #2615, #8807, .T. ) ;
#2618 = ORIENTED_EDGE ( 'NONE', *, *, #2571, .T. ) ;
#2619 = ORIENTED_EDGE ( 'NONE', *, *, #2593, .F. ) ;
#2620 = ADVANCED_FACE ( 'NONE', ( #8867 ), #8866, .F. ) ;
#2621 = EDGE_LOOP ( 'NONE', ( #2622, #2623, #2624, #2625 ) ) ;
#2622 = ORIENTED_EDGE ( 'NONE', *, *, #2566, .T. ) ;
#2623 = ORIENTED_EDGE ( 'NONE', *, *, #3643, .F. ) ;
#2624 = ORIENTED_EDGE ( 'NONE', *, *, #2632, .F. ) ;
#2625 = ORIENTED_EDGE ( 'NONE', *, *, #2582, .T. ) ;
#2626 = ADVANCED_FACE ( 'NONE', ( #8861 ), #8860, .F. ) ;
#2627 = EDGE_LOOP ( 'NONE', ( #2628, #2629, #2606, #2609 ) ) ;
#2628 = ORIENTED_EDGE ( 'NONE', *, *, #3694, .F. ) ;
#2629 = ORIENTED_EDGE ( 'NONE', *, *, #2605, .T. ) ;
#2630 = VERTEX_POINT ( 'NONE', #8855 ) ;
#2631 = ORIENTED_EDGE ( 'NONE', *, *, #2632, .T. ) ;
#2632 = EDGE_CURVE ( 'NONE', #2583, #3658, #8854, .T. ) ;
#2633 = ORIENTED_EDGE ( 'NONE', *, *, #3707, .T. ) ;
#2634 = ORIENTED_EDGE ( 'NONE', *, *, #3995, .T. ) ;
#2635 = ORIENTED_EDGE ( 'NONE', *, *, #2636, .T. ) ;
#2636 = EDGE_CURVE ( 'NONE', #3929, #2591, #8850, .T. ) ;
#2637 = ORIENTED_EDGE ( 'NONE', *, *, #2590, .T. ) ;
#2638 = ORIENTED_EDGE ( 'NONE', *, *, #2525, .T. ) ;
#2639 = ORIENTED_EDGE ( 'NONE', *, *, #2585, .T. ) ;
#2640 = ORIENTED_EDGE ( 'NONE', *, *, #2641, .T. ) ;
#2641 = EDGE_CURVE ( 'NONE', #2658, #2642, #8846, .T. ) ;
#2642 = VERTEX_POINT ( 'NONE', #8842 ) ;
#2643 = ORIENTED_EDGE ( 'NONE', *, *, #2699, .F. ) ;
#2644 = ORIENTED_EDGE ( 'NONE', *, *, #2645, .T. ) ;
#2645 = EDGE_CURVE ( 'NONE', #2646, #2647, #8841, .T. ) ;
#2646 = VERTEX_POINT ( 'NONE', #8837 ) ;
#2647 = VERTEX_POINT ( 'NONE', #8902 ) ;
#2648 = ORIENTED_EDGE ( 'NONE', *, *, #2649, .F. ) ;
#2649 = EDGE_CURVE ( 'NONE', #2650, #2647, #8901, .T. ) ;
#2650 = VERTEX_POINT ( 'NONE', #8897 ) ;
#2651 = ORIENTED_EDGE ( 'NONE', *, *, #2652, .F. ) ;
#2652 = EDGE_CURVE ( 'NONE', #2653, #2650, #8896, .T. ) ;
#2653 = VERTEX_POINT ( 'NONE', #8892 ) ;
#2654 = ORIENTED_EDGE ( 'NONE', *, *, #2655, .T. ) ;
#2655 = EDGE_CURVE ( 'NONE', #2653, #2646, #8891, .T. ) ;
#2656 = ADVANCED_FACE ( 'NONE', ( #8887 ), #8886, .F. ) ;
#2657 = EDGE_LOOP ( 'NONE', ( #2711, #2713, #2716, #2718 ) ) ;
#2658 = VERTEX_POINT ( 'NONE', #8881 ) ;
#2659 = ORIENTED_EDGE ( 'NONE', *, *, #3698, .F. ) ;
#2660 = ORIENTED_EDGE ( 'NONE', *, *, #2610, .T. ) ;
#2661 = ORIENTED_EDGE ( 'NONE', *, *, #2673, .T. ) ;
#2662 = ORIENTED_EDGE ( 'NONE', *, *, #2679, .T. ) ;
#2663 = ADVANCED_FACE ( 'NONE', ( #8880 ), #8879, .T. ) ;
#2664 = EDGE_LOOP ( 'NONE', ( #2665, #2666, #2667, #2668 ) ) ;
#2665 = ORIENTED_EDGE ( 'NONE', *, *, #2605, .F. ) ;
#2666 = ORIENTED_EDGE ( 'NONE', *, *, #3768, .T. ) ;
#2667 = ORIENTED_EDGE ( 'NONE', *, *, #2602, .F. ) ;
#2668 = ORIENTED_EDGE ( 'NONE', *, *, #2614, .F. ) ;
#2669 = ADVANCED_FACE ( 'NONE', ( #8874 ), #8873, .F. ) ;
#2670 = EDGE_LOOP ( 'NONE', ( #2644, #2648, #2651, #2654 ) ) ;
#2671 = VERTEX_POINT ( 'NONE', #8934 ) ;
#2672 = ORIENTED_EDGE ( 'NONE', *, *, #2673, .F. ) ;
#2673 = EDGE_CURVE ( 'NONE', #2608, #2671, #8933, .T. ) ;
#2674 = ORIENTED_EDGE ( 'NONE', *, *, #2607, .T. ) ;
#2675 = ADVANCED_FACE ( 'NONE', ( #8929 ), #8928, .F. ) ;
#2676 = EDGE_LOOP ( 'NONE', ( #2677, #2678, #2600, #2601 ) ) ;
#2677 = ORIENTED_EDGE ( 'NONE', *, *, #3770, .F. ) ;
#2678 = ORIENTED_EDGE ( 'NONE', *, *, #2679, .F. ) ;
#2679 = EDGE_CURVE ( 'NONE', #2671, #3696, #8923, .T. ) ;
#2680 = ORIENTED_EDGE ( 'NONE', *, *, #2696, .T. ) ;
#2681 = ORIENTED_EDGE ( 'NONE', *, *, #3891, .F. ) ;
#2682 = ORIENTED_EDGE ( 'NONE', *, *, #2690, .F. ) ;
#2683 = ORIENTED_EDGE ( 'NONE', *, *, #2699, .T. ) ;
#2684 = ADVANCED_FACE ( 'NONE', ( #8919 ), #8918, .F. ) ;
#2685 = EDGE_LOOP ( 'NONE', ( #2686, #2740, #2741, #2742 ) ) ;
#2686 = ORIENTED_EDGE ( 'NONE', *, *, #2757, .T. ) ;
#2687 = ORIENTED_EDGE ( 'NONE', *, *, #2717, .T. ) ;
#2688 = ORIENTED_EDGE ( 'NONE', *, *, #2702, .T. ) ;
#2689 = ORIENTED_EDGE ( 'NONE', *, *, #2690, .T. ) ;
#2690 = EDGE_CURVE ( 'NONE', #2700, #3889, #8913, .T. ) ;
#2691 = ADVANCED_FACE ( 'NONE', ( #8909 ), #8908, .T. ) ;
#2692 = EDGE_LOOP ( 'NONE', ( #2693, #2694, #2695, #2697, #2698, #2755, #2756 ) ) ;
#2693 = ORIENTED_EDGE ( 'NONE', *, *, #3814, .F. ) ;
#2694 = ORIENTED_EDGE ( 'NONE', *, *, #3894, .F. ) ;
#2695 = ORIENTED_EDGE ( 'NONE', *, *, #2696, .F. ) ;
#2696 = EDGE_CURVE ( 'NONE', #2642, #3892, #8903, .T. ) ;
#2697 = ORIENTED_EDGE ( 'NONE', *, *, #2641, .F. ) ;
#2698 = ORIENTED_EDGE ( 'NONE', *, *, #2712, .F. ) ;
#2699 = EDGE_CURVE ( 'NONE', #2700, #2642, #8964, .T. ) ;
#2700 = VERTEX_POINT ( 'NONE', #8960 ) ;
#2701 = ORIENTED_EDGE ( 'NONE', *, *, #2702, .F. ) ;
#2702 = EDGE_CURVE ( 'NONE', #2715, #2700, #8959, .T. ) ;
#2703 = ORIENTED_EDGE ( 'NONE', *, *, #2714, .T. ) ;
#2704 = ADVANCED_FACE ( 'NONE', ( #8955 ), #8954, .F. ) ;
#2705 = EDGE_LOOP ( 'NONE', ( #2706, #2707, #2708, #2710, #2687, #2688, #2689 ) ) ;
#2706 = ORIENTED_EDGE ( 'NONE', *, *, #3888, .T. ) ;
#2707 = ORIENTED_EDGE ( 'NONE', *, *, #3853, .T. ) ;
#2708 = ORIENTED_EDGE ( 'NONE', *, *, #2709, .T. ) ;
#2709 = EDGE_CURVE ( 'NONE', #3729, #2653, #8949, .T. ) ;
#2710 = ORIENTED_EDGE ( 'NONE', *, *, #2652, .T. ) ;
#2711 = ORIENTED_EDGE ( 'NONE', *, *, #2712, .T. ) ;
#2712 = EDGE_CURVE ( 'NONE', #2647, #2658, #8945, .T. ) ;
#2713 = ORIENTED_EDGE ( 'NONE', *, *, #2714, .F. ) ;
#2714 = EDGE_CURVE ( 'NONE', #2715, #2658, #8941, .T. ) ;
#2715 = VERTEX_POINT ( 'NONE', #8937 ) ;
#2716 = ORIENTED_EDGE ( 'NONE', *, *, #2717, .F. ) ;
#2717 = EDGE_CURVE ( 'NONE', #2650, #2715, #9002, .T. ) ;
#2718 = ORIENTED_EDGE ( 'NONE', *, *, #2649, .T. ) ;
#2719 = ADVANCED_FACE ( 'NONE', ( #8998 ), #8997, .F. ) ;
#2720 = EDGE_LOOP ( 'NONE', ( #2640, #2643, #2701, #2703 ) ) ;
#2721 = ORIENTED_EDGE ( 'NONE', *, *, #3771, .F. ) ;
#2722 = ORIENTED_EDGE ( 'NONE', *, *, #2797, .T. ) ;
#2723 = ORIENTED_EDGE ( 'NONE', *, *, #2753, .T. ) ;
#2724 = ORIENTED_EDGE ( 'NONE', *, *, #2732, .T. ) ;
#2725 = ADVANCED_FACE ( 'NONE', ( #8992 ), #8991, .T. ) ;
#2726 = ORIENTED_EDGE ( 'NONE', *, *, #2727, .T. ) ;
#2727 = EDGE_CURVE ( 'NONE', #2754, #2747, #8986, .T. ) ;
#2728 = ADVANCED_FACE ( 'NONE', ( #8982 ), #8981, .F. ) ;
#2729 = EDGE_LOOP ( 'NONE', ( #2730, #2731, #2733, #2734 ) ) ;
#2730 = ORIENTED_EDGE ( 'NONE', *, *, #3687, .F. ) ;
#2731 = ORIENTED_EDGE ( 'NONE', *, *, #2732, .F. ) ;
#2732 = EDGE_CURVE ( 'NONE', #2751, #3684, #8976, .T. ) ;
#2733 = ORIENTED_EDGE ( 'NONE', *, *, #2750, .T. ) ;
#2734 = ORIENTED_EDGE ( 'NONE', *, *, #2735, .T. ) ;
#2735 = EDGE_CURVE ( 'NONE', #2748, #3685, #8972, .T. ) ;
#2736 = ADVANCED_FACE ( 'NONE', ( #8968 ), #9035, .F. ) ;
#2737 = EDGE_LOOP ( 'NONE', ( #2738, #2795, #2796, #2798 ) ) ;
#2738 = ORIENTED_EDGE ( 'NONE', *, *, #2739, .T. ) ;
#2739 = EDGE_CURVE ( 'NONE', #3649, #2747, #9030, .T. ) ;
#2740 = ORIENTED_EDGE ( 'NONE', *, *, #2655, .F. ) ;
#2741 = ORIENTED_EDGE ( 'NONE', *, *, #2709, .F. ) ;
#2742 = ORIENTED_EDGE ( 'NONE', *, *, #3817, .T. ) ;
#2743 = ADVANCED_FACE ( 'NONE', ( #9026 ), #9025, .F. ) ;
#2744 = EDGE_LOOP ( 'NONE', ( #2745, #2749, #2752, #2726 ) ) ;
#2745 = ORIENTED_EDGE ( 'NONE', *, *, #2746, .T. ) ;
#2746 = EDGE_CURVE ( 'NONE', #2747, #2748, #9020, .T. ) ;
#2747 = VERTEX_POINT ( 'NONE', #9016 ) ;
#2748 = VERTEX_POINT ( 'NONE', #9015 ) ;
#2749 = ORIENTED_EDGE ( 'NONE', *, *, #2750, .F. ) ;
#2750 = EDGE_CURVE ( 'NONE', #2751, #2748, #9014, .T. ) ;
#2751 = VERTEX_POINT ( 'NONE', #9010 ) ;
#2752 = ORIENTED_EDGE ( 'NONE', *, *, #2753, .F. ) ;
#2753 = EDGE_CURVE ( 'NONE', #2754, #2751, #9009, .T. ) ;
#2754 = VERTEX_POINT ( 'NONE', #9005 ) ;
#2755 = ORIENTED_EDGE ( 'NONE', *, *, #2645, .F. ) ;
#2756 = ORIENTED_EDGE ( 'NONE', *, *, #2757, .F. ) ;
#2757 = EDGE_CURVE ( 'NONE', #3815, #2646, #9004, .T. ) ;
#2758 = ADVANCED_FACE ( 'NONE', ( #9067 ), #9066, .F. ) ;
#2759 = EDGE_LOOP ( 'NONE', ( #2680, #2681, #2682, #2683 ) ) ;
#2760 = ORIENTED_EDGE ( 'NONE', *, *, #2761, .F. ) ;
#2761 = EDGE_CURVE ( 'NONE', #2762, #12441, #9061, .T. ) ;
#2762 = VERTEX_POINT ( 'NONE', #9057 ) ;
#2763 = ORIENTED_EDGE ( 'NONE', *, *, #2764, .F. ) ;
#2764 = EDGE_CURVE ( 'NONE', #2779, #2762, #9056, .T. ) ;
#2765 = ORIENTED_EDGE ( 'NONE', *, *, #2778, .T. ) ;
#2766 = ADVANCED_FACE ( 'NONE', ( #9052 ), #9051, .T. ) ;
#2767 = ORIENTED_EDGE ( 'NONE', *, *, #2768, .F. ) ;
#2768 = EDGE_CURVE ( 'NONE', #2769, #2794, #9046, .T. ) ;
#2769 = VERTEX_POINT ( 'NONE', #9042 ) ;
#2770 = ORIENTED_EDGE ( 'NONE', *, *, #2771, .T. ) ;
#2771 = EDGE_CURVE ( 'NONE', #2769, #2790, #9041, .T. ) ;
#2772 = ADVANCED_FACE ( 'NONE', ( #9102 ), #9101, .F. ) ;
#2773 = EDGE_LOOP ( 'NONE', ( #2774, #2777, #2780, #2835 ) ) ;
#2774 = ORIENTED_EDGE ( 'NONE', *, *, #2775, .T. ) ;
#2775 = EDGE_CURVE ( 'NONE', #2791, #2776, #9096, .T. ) ;
#2776 = VERTEX_POINT ( 'NONE', #9092 ) ;
#2777 = ORIENTED_EDGE ( 'NONE', *, *, #2778, .F. ) ;
#2778 = EDGE_CURVE ( 'NONE', #2779, #2776, #9091, .T. ) ;
#2779 = VERTEX_POINT ( 'NONE', #9087 ) ;
#2780 = ORIENTED_EDGE ( 'NONE', *, *, #2834, .F. ) ;
#2781 = EDGE_LOOP ( 'NONE', ( #2782, #2783, #2784, #2785 ) ) ;
#2782 = ORIENTED_EDGE ( 'NONE', *, *, #2739, .F. ) ;
#2783 = ORIENTED_EDGE ( 'NONE', *, *, #3691, .T. ) ;
#2784 = ORIENTED_EDGE ( 'NONE', *, *, #2735, .F. ) ;
#2785 = ORIENTED_EDGE ( 'NONE', *, *, #2746, .F. ) ;
#2786 = ADVANCED_FACE ( 'NONE', ( #9086 ), #9085, .F. ) ;
#2787 = EDGE_LOOP ( 'NONE', ( #2788, #2792, #2767, #2770 ) ) ;
#2788 = ORIENTED_EDGE ( 'NONE', *, *, #2789, .T. ) ;
#2789 = EDGE_CURVE ( 'NONE', #2790, #2791, #9080, .T. ) ;
#2790 = VERTEX_POINT ( 'NONE', #9076 ) ;
#2791 = VERTEX_POINT ( 'NONE', #9075 ) ;
#2792 = ORIENTED_EDGE ( 'NONE', *, *, #2793, .F. ) ;
#2793 = EDGE_CURVE ( 'NONE', #2794, #2791, #9074, .T. ) ;
#2794 = VERTEX_POINT ( 'NONE', #9070 ) ;
#2795 = ORIENTED_EDGE ( 'NONE', *, *, #2727, .F. ) ;
#2796 = ORIENTED_EDGE ( 'NONE', *, *, #2797, .F. ) ;
#2797 = EDGE_CURVE ( 'NONE', #3644, #2754, #9134, .T. ) ;
#2798 = ORIENTED_EDGE ( 'NONE', *, *, #3653, .T. ) ;
#2799 = ADVANCED_FACE ( 'NONE', ( #9130 ), #9129, .F. ) ;
#2800 = EDGE_LOOP ( 'NONE', ( #2721, #2722, #2723, #2724 ) ) ;
#2801 = ADVANCED_FACE ( 'NONE', ( #9124 ), #9123, .F. ) ;
#2802 = EDGE_LOOP ( 'NONE', ( #2803, #2804, #2805, #2806 ) ) ;
#2803 = ORIENTED_EDGE ( 'NONE', *, *, #2824, .T. ) ;
#2804 = ORIENTED_EDGE ( 'NONE', *, *, #3654, .F. ) ;
#2805 = ORIENTED_EDGE ( 'NONE', *, *, #2811, .F. ) ;
#2806 = ORIENTED_EDGE ( 'NONE', *, *, #2761, .T. ) ;
#2807 = ADVANCED_FACE ( 'NONE', ( #9118 ), #9117, .F. ) ;
#2808 = EDGE_LOOP ( 'NONE', ( #2809, #2861, #2864, #2867 ) ) ;
#2809 = ORIENTED_EDGE ( 'NONE', *, *, #3725, .F. ) ;
#2810 = ORIENTED_EDGE ( 'NONE', *, *, #2811, .T. ) ;
#2811 = EDGE_CURVE ( 'NONE', #2762, #3645, #9112, .T. ) ;
#2812 = ORIENTED_EDGE ( 'NONE', *, *, #3727, .T. ) ;
#2813 = ORIENTED_EDGE ( 'NONE', *, *, #3921, .T. ) ;
#2814 = ORIENTED_EDGE ( 'NONE', *, *, #2815, .T. ) ;
#2815 = EDGE_CURVE ( 'NONE', #3922, #2769, #9108, .T. ) ;
#2816 = ORIENTED_EDGE ( 'NONE', *, *, #2768, .T. ) ;
#2817 = ORIENTED_EDGE ( 'NONE', *, *, #2834, .T. ) ;
#2818 = ORIENTED_EDGE ( 'NONE', *, *, #2764, .T. ) ;
#2819 = ADVANCED_FACE ( 'NONE', ( #9104 ), #9103, .F. ) ;
#2820 = EDGE_LOOP ( 'NONE', ( #2876, #2877, #2878, #2879 ) ) ;
#2821 = EDGE_LOOP ( 'NONE', ( #2822, #2823, #2825, #2826, #2827, #2828, #2830 ) ) ;
#2822 = ORIENTED_EDGE ( 'NONE', *, *, #3721, .F. ) ;
#2823 = ORIENTED_EDGE ( 'NONE', *, *, #2824, .F. ) ;
#2824 = EDGE_CURVE ( 'NONE', #12441, #3719, #9163, .T. ) ;
#2825 = ORIENTED_EDGE ( 'NONE', *, *, #2839, .F. ) ;
#2826 = ORIENTED_EDGE ( 'NONE', *, *, #2775, .F. ) ;
#2827 = ORIENTED_EDGE ( 'NONE', *, *, #2789, .F. ) ;
#2828 = ORIENTED_EDGE ( 'NONE', *, *, #2829, .F. ) ;
#2829 = EDGE_CURVE ( 'NONE', #4062, #2790, #9159, .T. ) ;
#2830 = ORIENTED_EDGE ( 'NONE', *, *, #4061, .F. ) ;
#2831 = ADVANCED_FACE ( 'NONE', ( #9155 ), #9154, .F. ) ;
#2832 = EDGE_LOOP ( 'NONE', ( #2810, #2812, #2813, #2814, #2816, #2817, #2818 ) ) ;
#2833 = ORIENTED_EDGE ( 'NONE', *, *, #2911, .T. ) ;
#2834 = EDGE_CURVE ( 'NONE', #2794, #2779, #9149, .T. ) ;
#2835 = ORIENTED_EDGE ( 'NONE', *, *, #2793, .T. ) ;
#2836 = ADVANCED_FACE ( 'NONE', ( #9145 ), #9144, .F. ) ;
#2837 = EDGE_LOOP ( 'NONE', ( #2838, #2760, #2763, #2765 ) ) ;
#2838 = ORIENTED_EDGE ( 'NONE', *, *, #2839, .T. ) ;
#2839 = EDGE_CURVE ( 'NONE', #2776, #12441, #9139, .T. ) ;
#2840 = ORIENTED_EDGE ( 'NONE', *, *, #2851, .T. ) ;
#2841 = ORIENTED_EDGE ( 'NONE', *, *, #2857, .T. ) ;
#2842 = ADVANCED_FACE ( 'NONE', ( #9135 ), #9200, .T. ) ;
#2843 = EDGE_LOOP ( 'NONE', ( #2844, #2845, #2846, #2847 ) ) ;
#2844 = ORIENTED_EDGE ( 'NONE', *, *, #2862, .F. ) ;
#2845 = ORIENTED_EDGE ( 'NONE', *, *, #3646, .T. ) ;
#2846 = ORIENTED_EDGE ( 'NONE', *, *, #2860, .F. ) ;
#2847 = ORIENTED_EDGE ( 'NONE', *, *, #2872, .F. ) ;
#2848 = EDGE_LOOP ( 'NONE', ( #2903, #2907, #2910, #2913 ) ) ;
#2849 = EDGE_CURVE ( 'NONE', #2875, #2873, #9195, .T. ) ;
#2850 = ORIENTED_EDGE ( 'NONE', *, *, #2851, .F. ) ;
#2851 = EDGE_CURVE ( 'NONE', #2866, #2875, #9191, .T. ) ;
#2852 = ORIENTED_EDGE ( 'NONE', *, *, #2865, .T. ) ;
#2853 = ADVANCED_FACE ( 'NONE', ( #9187 ), #9186, .F. ) ;
#2854 = EDGE_LOOP ( 'NONE', ( #2855, #2856, #2858, #2859 ) ) ;
#2855 = ORIENTED_EDGE ( 'NONE', *, *, #3713, .F. ) ;
#2856 = ORIENTED_EDGE ( 'NONE', *, *, #2857, .F. ) ;
#2857 = EDGE_CURVE ( 'NONE', #2875, #3701, #9181, .T. ) ;
#2858 = ORIENTED_EDGE ( 'NONE', *, *, #2849, .T. ) ;
#2859 = ORIENTED_EDGE ( 'NONE', *, *, #2860, .T. ) ;
#2860 = EDGE_CURVE ( 'NONE', #2873, #3702, #9177, .T. ) ;
#2861 = ORIENTED_EDGE ( 'NONE', *, *, #2862, .T. ) ;
#2862 = EDGE_CURVE ( 'NONE', #3700, #2863, #9173, .T. ) ;
#2863 = VERTEX_POINT ( 'NONE', #9169 ) ;
#2864 = ORIENTED_EDGE ( 'NONE', *, *, #2865, .F. ) ;
#2865 = EDGE_CURVE ( 'NONE', #2866, #2863, #9168, .T. ) ;
#2866 = VERTEX_POINT ( 'NONE', #9231 ) ;
#2867 = ORIENTED_EDGE ( 'NONE', *, *, #2868, .F. ) ;
#2868 = EDGE_CURVE ( 'NONE', #3715, #2866, #9230, .T. ) ;
#2869 = ADVANCED_FACE ( 'NONE', ( #9226 ), #9225, .F. ) ;
#2870 = EDGE_LOOP ( 'NONE', ( #2871, #2874, #2850, #2852 ) ) ;
#2871 = ORIENTED_EDGE ( 'NONE', *, *, #2872, .T. ) ;
#2872 = EDGE_CURVE ( 'NONE', #2863, #2873, #9220, .T. ) ;
#2873 = VERTEX_POINT ( 'NONE', #9216 ) ;
#2874 = ORIENTED_EDGE ( 'NONE', *, *, #2849, .F. ) ;
#2875 = VERTEX_POINT ( 'NONE', #9215 ) ;
#2876 = ORIENTED_EDGE ( 'NONE', *, *, #2815, .F. ) ;
#2877 = ORIENTED_EDGE ( 'NONE', *, *, #4064, .T. ) ;
#2878 = ORIENTED_EDGE ( 'NONE', *, *, #2829, .T. ) ;
#2879 = ORIENTED_EDGE ( 'NONE', *, *, #2771, .F. ) ;
#2880 = ORIENTED_EDGE ( 'NONE', *, *, #2892, .T. ) ;
#2881 = ADVANCED_FACE ( 'NONE', ( #9214 ), #9213, .F. ) ;
#2882 = EDGE_LOOP ( 'NONE', ( #2883, #2884, #2885, #2833, #2944, #2945, #2946 ) ) ;
#2883 = ORIENTED_EDGE ( 'NONE', *, *, #3869, .T. ) ;
#2884 = ORIENTED_EDGE ( 'NONE', *, *, #3808, .T. ) ;
#2885 = ORIENTED_EDGE ( 'NONE', *, *, #2886, .T. ) ;
#2886 = EDGE_CURVE ( 'NONE', #3806, #2912, #9208, .T. ) ;
#2887 = EDGE_LOOP ( 'NONE', ( #2888, #2891, #2894, #2896 ) ) ;
#2888 = ORIENTED_EDGE ( 'NONE', *, *, #2889, .T. ) ;
#2889 = EDGE_CURVE ( 'NONE', #2906, #2890, #9204, .T. ) ;
#2890 = VERTEX_POINT ( 'NONE', #9267 ) ;
#2891 = ORIENTED_EDGE ( 'NONE', *, *, #2892, .F. ) ;
#2892 = EDGE_CURVE ( 'NONE', #2893, #2890, #9266, .T. ) ;
#2893 = VERTEX_POINT ( 'NONE', #9262 ) ;
#2894 = ORIENTED_EDGE ( 'NONE', *, *, #2895, .F. ) ;
#2895 = EDGE_CURVE ( 'NONE', #2909, #2893, #9261, .T. ) ;
#2896 = ORIENTED_EDGE ( 'NONE', *, *, #2908, .T. ) ;
#2897 = ADVANCED_FACE ( 'NONE', ( #9257 ), #9256, .F. ) ;
#2898 = EDGE_LOOP ( 'NONE', ( #2899, #2955, #2958, #2880 ) ) ;
#2899 = ORIENTED_EDGE ( 'NONE', *, *, #2900, .T. ) ;
#2900 = EDGE_CURVE ( 'NONE', #2890, #2901, #9251, .T. ) ;
#2901 = VERTEX_POINT ( 'NONE', #9247 ) ;
#2902 = ADVANCED_FACE ( 'NONE', ( #9246 ), #9245, .F. ) ;
#2903 = ORIENTED_EDGE ( 'NONE', *, *, #2904, .T. ) ;
#2904 = EDGE_CURVE ( 'NONE', #2905, #2906, #9240, .T. ) ;
#2905 = VERTEX_POINT ( 'NONE', #9235 ) ;
#2906 = VERTEX_POINT ( 'NONE', #9236 ) ;
#2907 = ORIENTED_EDGE ( 'NONE', *, *, #2908, .F. ) ;
#2908 = EDGE_CURVE ( 'NONE', #2909, #2906, #9299, .T. ) ;
#2909 = VERTEX_POINT ( 'NONE', #9295 ) ;
#2910 = ORIENTED_EDGE ( 'NONE', *, *, #2911, .F. ) ;
#2911 = EDGE_CURVE ( 'NONE', #2912, #2909, #9294, .T. ) ;
#2912 = VERTEX_POINT ( 'NONE', #9290 ) ;
#2913 = ORIENTED_EDGE ( 'NONE', *, *, #2914, .T. ) ;
#2914 = EDGE_CURVE ( 'NONE', #2912, #2905, #9289, .T. ) ;
#2915 = ADVANCED_FACE ( 'NONE', ( #9285 ), #9284, .F. ) ;
#2916 = ADVANCED_FACE ( 'NONE', ( #9279 ), #9278, .F. ) ;
#2917 = EDGE_LOOP ( 'NONE', ( #2918, #2919, #2840, #2841 ) ) ;
#2918 = ORIENTED_EDGE ( 'NONE', *, *, #3664, .F. ) ;
#2919 = ORIENTED_EDGE ( 'NONE', *, *, #2868, .T. ) ;
#2920 = ORIENTED_EDGE ( 'NONE', *, *, #2886, .F. ) ;
#2921 = ORIENTED_EDGE ( 'NONE', *, *, #3805, .T. ) ;
#2922 = ADVANCED_FACE ( 'NONE', ( #9273 ), #9272, .F. ) ;
#2923 = EDGE_LOOP ( 'NONE', ( #2924, #2928, #2931, #2987 ) ) ;
#2924 = ORIENTED_EDGE ( 'NONE', *, *, #2925, .T. ) ;
#2925 = EDGE_CURVE ( 'NONE', #2926, #2927, #9335, .T. ) ;
#2926 = VERTEX_POINT ( 'NONE', #9331 ) ;
#2927 = VERTEX_POINT ( 'NONE', #9330 ) ;
#2928 = ORIENTED_EDGE ( 'NONE', *, *, #2929, .F. ) ;
#2929 = EDGE_CURVE ( 'NONE', #2930, #2927, #9329, .T. ) ;
#2930 = VERTEX_POINT ( 'NONE', #9325 ) ;
#2931 = ORIENTED_EDGE ( 'NONE', *, *, #2985, .F. ) ;
#2932 = ORIENTED_EDGE ( 'NONE', *, *, #2889, .F. ) ;
#2933 = ORIENTED_EDGE ( 'NONE', *, *, #2904, .F. ) ;
#2934 = ORIENTED_EDGE ( 'NONE', *, *, #2935, .F. ) ;
#2935 = EDGE_CURVE ( 'NONE', #3803, #2905, #9324, .T. ) ;
#2936 = ADVANCED_FACE ( 'NONE', ( #9320 ), #9319, .F. ) ;
#2937 = EDGE_LOOP ( 'NONE', ( #2938, #2939, #2940, #2941 ) ) ;
#2938 = ORIENTED_EDGE ( 'NONE', *, *, #2953, .T. ) ;
#2939 = ORIENTED_EDGE ( 'NONE', *, *, #3872, .F. ) ;
#2940 = ORIENTED_EDGE ( 'NONE', *, *, #2947, .F. ) ;
#2941 = ORIENTED_EDGE ( 'NONE', *, *, #2956, .T. ) ;
#2942 = ADVANCED_FACE ( 'NONE', ( #9314 ), #9313, .F. ) ;
#2943 = EDGE_LOOP ( 'NONE', ( #2999, #3000, #2920, #2921 ) ) ;
#2944 = ORIENTED_EDGE ( 'NONE', *, *, #2895, .T. ) ;
#2945 = ORIENTED_EDGE ( 'NONE', *, *, #2959, .T. ) ;
#2946 = ORIENTED_EDGE ( 'NONE', *, *, #2947, .T. ) ;
#2947 = EDGE_CURVE ( 'NONE', #2957, #3870, #9308, .T. ) ;
#2948 = ADVANCED_FACE ( 'NONE', ( #9304 ), #9303, .T. ) ;
#2949 = EDGE_LOOP ( 'NONE', ( #2950, #2951, #2952, #2954, #2932, #2933, #2934 ) ) ;
#2950 = ORIENTED_EDGE ( 'NONE', *, *, #3802, .F. ) ;
#2951 = ORIENTED_EDGE ( 'NONE', *, *, #3875, .F. ) ;
#2952 = ORIENTED_EDGE ( 'NONE', *, *, #2953, .F. ) ;
#2953 = EDGE_CURVE ( 'NONE', #2901, #3873, #9365, .T. ) ;
#2954 = ORIENTED_EDGE ( 'NONE', *, *, #2900, .F. ) ;
#2955 = ORIENTED_EDGE ( 'NONE', *, *, #2956, .F. ) ;
#2956 = EDGE_CURVE ( 'NONE', #2957, #2901, #9361, .T. ) ;
#2957 = VERTEX_POINT ( 'NONE', #9357 ) ;
#2958 = ORIENTED_EDGE ( 'NONE', *, *, #2959, .F. ) ;
#2959 = EDGE_CURVE ( 'NONE', #2893, #2957, #9356, .T. ) ;
#2960 = EDGE_LOOP ( 'NONE', ( #2961, #2962, #2963, #2964 ) ) ;
#2961 = ORIENTED_EDGE ( 'NONE', *, *, #2974, .F. ) ;
#2962 = ORIENTED_EDGE ( 'NONE', *, *, #3711, .T. ) ;
#2963 = ORIENTED_EDGE ( 'NONE', *, *, #2996, .F. ) ;
#2964 = ORIENTED_EDGE ( 'NONE', *, *, #2925, .F. ) ;
#2965 = ADVANCED_FACE ( 'NONE', ( #9352 ), #9351, .T. ) ;
#2966 = EDGE_LOOP ( 'NONE', ( #2967, #2968, #2971, #3027 ) ) ;
#2967 = ORIENTED_EDGE ( 'NONE', *, *, #3323, .F. ) ;
#2968 = ORIENTED_EDGE ( 'NONE', *, *, #2969, .T. ) ;
#2969 = EDGE_CURVE ( 'NONE', #3332, #2970, #9346, .T. ) ;
#2970 = VERTEX_POINT ( 'NONE', #9342 ) ;
#2971 = ORIENTED_EDGE ( 'NONE', *, *, #3026, .T. ) ;
#2972 = VERTEX_POINT ( 'NONE', #9341 ) ;
#2973 = ORIENTED_EDGE ( 'NONE', *, *, #2974, .T. ) ;
#2974 = EDGE_CURVE ( 'NONE', #3724, #2926, #9340, .T. ) ;
#2975 = ORIENTED_EDGE ( 'NONE', *, *, #2988, .F. ) ;
#2976 = ORIENTED_EDGE ( 'NONE', *, *, #2977, .F. ) ;
#2977 = EDGE_CURVE ( 'NONE', #3640, #2986, #9336, .T. ) ;
#2978 = ORIENTED_EDGE ( 'NONE', *, *, #3663, .T. ) ;
#2979 = ADVANCED_FACE ( 'NONE', ( #9395 ), #9394, .F. ) ;
#2980 = EDGE_LOOP ( 'NONE', ( #2981, #2982, #2983, #2984 ) ) ;
#2981 = ORIENTED_EDGE ( 'NONE', *, *, #3642, .F. ) ;
#2982 = ORIENTED_EDGE ( 'NONE', *, *, #2977, .T. ) ;
#2983 = ORIENTED_EDGE ( 'NONE', *, *, #2985, .T. ) ;
#2984 = ORIENTED_EDGE ( 'NONE', *, *, #2993, .T. ) ;
#2985 = EDGE_CURVE ( 'NONE', #2986, #2930, #9389, .T. ) ;
#2986 = VERTEX_POINT ( 'NONE', #9385 ) ;
#2987 = ORIENTED_EDGE ( 'NONE', *, *, #2988, .T. ) ;
#2988 = EDGE_CURVE ( 'NONE', #2986, #2926, #9384, .T. ) ;
#2989 = ADVANCED_FACE ( 'NONE', ( #9380 ), #9379, .F. ) ;
#2990 = EDGE_LOOP ( 'NONE', ( #2991, #2992, #2994, #2995 ) ) ;
#2991 = ORIENTED_EDGE ( 'NONE', *, *, #3716, .F. ) ;
#2992 = ORIENTED_EDGE ( 'NONE', *, *, #2993, .F. ) ;
#2993 = EDGE_CURVE ( 'NONE', #2930, #3650, #9374, .T. ) ;
#2994 = ORIENTED_EDGE ( 'NONE', *, *, #2929, .T. ) ;
#2995 = ORIENTED_EDGE ( 'NONE', *, *, #2996, .T. ) ;
#2996 = EDGE_CURVE ( 'NONE', #2927, #3651, #9370, .T. ) ;
#2997 = ADVANCED_FACE ( 'NONE', ( #9366 ), #9434, .F. ) ;
#2998 = EDGE_LOOP ( 'NONE', ( #2973, #2975, #2976, #2978 ) ) ;
#2999 = ORIENTED_EDGE ( 'NONE', *, *, #2935, .T. ) ;
#3000 = ORIENTED_EDGE ( 'NONE', *, *, #2914, .F. ) ;
#3001 = ADVANCED_FACE ( 'NONE', ( #9429 ), #9428, .F. ) ;
#3002 = EDGE_LOOP ( 'NONE', ( #3003, #3006, #3007, #3010 ) ) ;
#3003 = ORIENTED_EDGE ( 'NONE', *, *, #3004, .F. ) ;
#3004 = EDGE_CURVE ( 'NONE', #3797, #3005, #9423, .T. ) ;
#3005 = VERTEX_POINT ( 'NONE', #9419 ) ;
#3006 = ORIENTED_EDGE ( 'NONE', *, *, #3661, .T. ) ;
#3007 = ORIENTED_EDGE ( 'NONE', *, *, #3008, .T. ) ;
#3008 = EDGE_CURVE ( 'NONE', #3723, #3009, #9418, .T. ) ;
#3009 = VERTEX_POINT ( 'NONE', #9414 ) ;
#3010 = ORIENTED_EDGE ( 'NONE', *, *, #3011, .F. ) ;
#3011 = EDGE_CURVE ( 'NONE', #3005, #3009, #9413, .T. ) ;
#3012 = ADVANCED_FACE ( 'NONE', ( #9409 ), #9408, .F. ) ;
#3013 = EDGE_LOOP ( 'NONE', ( #3014, #3066, #3067, #3068 ) ) ;
#3014 = ORIENTED_EDGE ( 'NONE', *, *, #153, .T. ) ;
#3015 = ORIENTED_EDGE ( 'NONE', *, *, #3467, .F. ) ;
#3016 = ORIENTED_EDGE ( 'NONE', *, *, #3028, .T. ) ;
#3017 = ORIENTED_EDGE ( 'NONE', *, *, #3018, .T. ) ;
#3018 = EDGE_CURVE ( 'NONE', #2972, #3134, #9402, .T. ) ;
#3019 = ORIENTED_EDGE ( 'NONE', *, *, #3133, .T. ) ;
#3020 = ADVANCED_FACE ( 'NONE', ( #9464 ), #9403, .T. ) ;
#3021 = EDGE_LOOP ( 'NONE', ( #3022, #3023, #3024, #3025 ) ) ;
#3022 = ORIENTED_EDGE ( 'NONE', *, *, #3018, .F. ) ;
#3023 = ORIENTED_EDGE ( 'NONE', *, *, #3026, .F. ) ;
#3024 = ORIENTED_EDGE ( 'NONE', *, *, #3035, .T. ) ;
#3025 = ORIENTED_EDGE ( 'NONE', *, *, #3143, .T. ) ;
#3026 = EDGE_CURVE ( 'NONE', #2970, #2972, #9459, .T. ) ;
#3027 = ORIENTED_EDGE ( 'NONE', *, *, #3028, .F. ) ;
#3028 = EDGE_CURVE ( 'NONE', #3324, #2972, #9455, .T. ) ;
#3029 = ADVANCED_FACE ( 'NONE', ( #9451 ), #9450, .F. ) ;
#3030 = EDGE_LOOP ( 'NONE', ( #3031, #3032, #3033, #3034 ) ) ;
#3031 = ORIENTED_EDGE ( 'NONE', *, *, #2969, .F. ) ;
#3032 = ORIENTED_EDGE ( 'NONE', *, *, #3331, .T. ) ;
#3033 = ORIENTED_EDGE ( 'NONE', *, *, #3127, .F. ) ;
#3034 = ORIENTED_EDGE ( 'NONE', *, *, #3035, .F. ) ;
#3035 = EDGE_CURVE ( 'NONE', #2970, #3135, #9445, .T. ) ;
#3036 = ADVANCED_FACE ( 'NONE', ( #9441 ), #9440, .T. ) ;
#3037 = EDGE_LOOP ( 'NONE', ( #3015, #3016, #3017, #3019 ) ) ;
#3038 = ADVANCED_FACE ( 'NONE', ( #9435 ), #9499, .T. ) ;
#3039 = EDGE_CURVE ( 'NONE', #3122, #3040, #9494, .T. ) ;
#3040 = VERTEX_POINT ( 'NONE', #9490 ) ;
#3041 = ORIENTED_EDGE ( 'NONE', *, *, #3042, .T. ) ;
#3042 = EDGE_CURVE ( 'NONE', #3107, #3043, #9489, .T. ) ;
#3043 = VERTEX_POINT ( 'NONE', #9485 ) ;
#3044 = ORIENTED_EDGE ( 'NONE', *, *, #3045, .T. ) ;
#3045 = EDGE_CURVE ( 'NONE', #3043, #3046, #9484, .T. ) ;
#3046 = VERTEX_POINT ( 'NONE', #9480 ) ;
#3047 = ORIENTED_EDGE ( 'NONE', *, *, #3048, .F. ) ;
#3048 = EDGE_CURVE ( 'NONE', #3110, #3046, #9479, .T. ) ;
#3049 = EDGE_LOOP ( 'NONE', ( #3050, #3054, #3113, #3116 ) ) ;
#3050 = ORIENTED_EDGE ( 'NONE', *, *, #3051, .F. ) ;
#3051 = EDGE_CURVE ( 'NONE', #3052, #3053, #9475, .T. ) ;
#3052 = VERTEX_POINT ( 'NONE', #9471 ) ;
#3053 = VERTEX_POINT ( 'NONE', #9470 ) ;
#3054 = ORIENTED_EDGE ( 'NONE', *, *, #3111, .T. ) ;
#3055 = ORIENTED_EDGE ( 'NONE', *, *, #3105, .F. ) ;
#3056 = EDGE_CURVE ( 'NONE', #3057, #3058, #9469, .T. ) ;
#3057 = VERTEX_POINT ( 'NONE', #9465 ) ;
#3058 = VERTEX_POINT ( 'NONE', #9526 ) ;
#3059 = EDGE_LOOP ( 'NONE', ( #3060, #3083, #3090, #3093 ) ) ;
#3060 = ORIENTED_EDGE ( 'NONE', *, *, #3056, .F. ) ;
#3061 = ORIENTED_EDGE ( 'NONE', *, *, #3075, .T. ) ;
#3062 = ORIENTED_EDGE ( 'NONE', *, *, #140, .F. ) ;
#3063 = ORIENTED_EDGE ( 'NONE', *, *, #3069, .F. ) ;
#3064 = ORIENTED_EDGE ( 'NONE', *, *, #3011, .T. ) ;
#3065 = CLOSED_SHELL ( 'NONE', ( #2948, #2915, #152, #2902, #2936, #2942, #2897, #3747, #2881, #4200, #266, #4258, #1583, #4145, #2077, #1326, #1084, #960, #3036, #4367, #4241, #2691, #2758, #472, #279, #4252, #4210, #4298, #2065, #1572, #1138, #1340, #4270, #4379, #3077, #4262, #2010, #714, #12482, #2704, #1150, #4720, #3029, #2503, #3012, #2266, #1818, #4774, #4291, #646, #4131, #4190, #2516, #2242, #525, #3070, #893, #701, #4707, #4248, #1831, #1570, #1394, #3020, #1829, #4231, #4218, #2442, #2254, #908, #457, #4161, #2831, #2620, #2396, #1262, #568, #329, #179, #4637, #3918, #1810, #1717, #833, #941, #2509, #4380, #2329, #2147, #2189, #1444, #1004, #4700, #4347, #4492, #1959, #2965, #4387, #2573, #392, #2248, #4532, #4474, #1012, #764, #587, #239, #2366, #1703, #1376, #1634, #4513, #2587, #1892, #1930, #1458, #4429, #827, #576, #2070, #4471, #1517, #1026, #272, #4399, #1269, #4679, #763, #2766, #4407, #4649, #2684, #4441, #3001, #1696, #1283, #398, #166, #4498, #2133, #1200, #4416, #2801, #506, #4449, #4483, #3659, #12454, #1525, #1540, #1588, #4139, #4153, #2024, #2042, #1976, #1347, #1329, #1284, #1090, #1154, #1104, #897, #4360, #2656, #2669, #2719, #476, #405, #409, #12477, #12468, #4288, #4338, #4277, #4372, #668, #652, #663, #4659, #4735, #4672, #2458, #2203, #2236, #2222, #1785, #1800, #1767, #4311, #4320, #4065, #4574, #4564, #4557, #4304, #2410, #2478, #914, #847, #2819, #2836, #2786, #2772, #2576, #2335, #2384, #2400, #2349, #1218, #602, #343, #362, #295, #386, #176, #128, #193, #4795, #4585, #4615, #4626, #4690, #1946, #1690, #640, #1511, #1077, #2122, #2561, #821, #1256, #1722, #1657, #1653, #779, #731, #797, #4423, #2154, #2086, #2091, #1474, #1412, #1479, #1041, #4406, #4465, #1899, #1910, #1915, #2594, #2530, #4504, #978, #991, #555, #540, #1169, #1237, #4744, #746, #2372, #2482, #2807, #561, #805, #1244, #1794, #1981, #2045, #499, #1357, #1413, #1492, #1672, #2291, #2543, #4752, #246, #808, #1299, #1369, #1627, #1846, #2241, #2725, #2989, #489, #924, #1498, #1852, #1989, #2663, #2603, #2842, #738, #1045, #2299, #2553, #4598, #683, #868, #985, #934, #2169, #2736, #4607, #4579, #307, #317, #1317, #1733, #1862, #4789, #996, #1181, #1322, #2115, #2288, #2675, #2979, #880, #1058, #1726, #2423, #2626, #2799, #4590, #12458, #289, #756, #1192, #2728, #2916, #3038, #12459, #622, #1118, #1064, #1419, #1678, #1970, #1935, #2404, #2549, #862, #2195, #426, #549, #1173, #1534, #1554, #1803, #4736, #214, #432, #444, #1757, #2106, #2415, #2853, #2997, #245, #372, #611, #627, #1431, #1608, #2112, #2230, #2282, #4537, #4758, #688, #2432, #2488, #2869, #512, #1126, #1740, #1998, #2051, #1307, #1382, #1561, #1640, #2305, #252, #819, #1869, #2177, #2743, #2922, #947, #2611, #1047, #4542, #637, #230, #383 ) ) ;
#3066 = ORIENTED_EDGE ( 'NONE', *, *, #3795, .T. ) ;
#3067 = ORIENTED_EDGE ( 'NONE', *, *, #3004, .T. ) ;
#3068 = ORIENTED_EDGE ( 'NONE', *, *, #3069, .T. ) ;
#3069 = EDGE_CURVE ( 'NONE', #3005, #154, #9525, .T. ) ;
#3070 = ADVANCED_FACE ( 'NONE', ( #9521 ), #9520, .T. ) ;
#3071 = EDGE_LOOP ( 'NONE', ( #3072, #3073, #3074, #3076 ) ) ;
#3072 = ORIENTED_EDGE ( 'NONE', *, *, #3639, .F. ) ;
#3073 = ORIENTED_EDGE ( 'NONE', *, *, #85, .F. ) ;
#3074 = ORIENTED_EDGE ( 'NONE', *, *, #3075, .F. ) ;
#3075 = EDGE_CURVE ( 'NONE', #3009, #141, #9515, .T. ) ;
#3076 = ORIENTED_EDGE ( 'NONE', *, *, #3008, .F. ) ;
#3077 = ADVANCED_FACE ( 'NONE', ( #9511 ), #9510, .F. ) ;
#3078 = EDGE_LOOP ( 'NONE', ( #3061, #3062, #3063, #3064 ) ) ;
#3079 = ORIENTED_EDGE ( 'NONE', *, *, #3249, .T. ) ;
#3080 = VERTEX_POINT ( 'NONE', #9505 ) ;
#3081 = EDGE_CURVE ( 'NONE', #3057, #3082, #9504, .T. ) ;
#3082 = VERTEX_POINT ( 'NONE', #9500 ) ;
#3083 = ORIENTED_EDGE ( 'NONE', *, *, #3081, .T. ) ;
#3084 = VERTEX_POINT ( 'NONE', #9559 ) ;
#3085 = ORIENTED_EDGE ( 'NONE', *, *, #3086, .F. ) ;
#3086 = EDGE_CURVE ( 'NONE', #3098, #3084, #9558, .T. ) ;
#3087 = EDGE_LOOP ( 'NONE', ( #3088, #3167, #3170, #3055 ) ) ;
#3088 = ORIENTED_EDGE ( 'NONE', *, *, #3089, .F. ) ;
#3089 = EDGE_CURVE ( 'NONE', #3165, #3166, #9554, .T. ) ;
#3090 = ORIENTED_EDGE ( 'NONE', *, *, #3091, .T. ) ;
#3091 = EDGE_CURVE ( 'NONE', #3082, #3092, #9550, .T. ) ;
#3092 = VERTEX_POINT ( 'NONE', #9546 ) ;
#3093 = ORIENTED_EDGE ( 'NONE', *, *, #3094, .F. ) ;
#3094 = EDGE_CURVE ( 'NONE', #3058, #3092, #9545, .T. ) ;
#3095 = EDGE_LOOP ( 'NONE', ( #3096, #3100, #3103, #3085 ) ) ;
#3096 = ORIENTED_EDGE ( 'NONE', *, *, #3097, .T. ) ;
#3097 = EDGE_CURVE ( 'NONE', #3098, #3099, #9541, .T. ) ;
#3098 = VERTEX_POINT ( 'NONE', #9537 ) ;
#3099 = VERTEX_POINT ( 'NONE', #9536 ) ;
#3100 = ORIENTED_EDGE ( 'NONE', *, *, #3101, .T. ) ;
#3101 = EDGE_CURVE ( 'NONE', #3099, #3102, #9535, .T. ) ;
#3102 = VERTEX_POINT ( 'NONE', #9531 ) ;
#3103 = ORIENTED_EDGE ( 'NONE', *, *, #3104, .T. ) ;
#3104 = EDGE_CURVE ( 'NONE', #3102, #3084, #9530, .T. ) ;
#3105 = EDGE_CURVE ( 'NONE', #3166, #3080, #9591, .T. ) ;
#3106 = EDGE_LOOP ( 'NONE', ( #3108, #3041, #3044, #3047 ) ) ;
#3107 = VERTEX_POINT ( 'NONE', #9587 ) ;
#3108 = ORIENTED_EDGE ( 'NONE', *, *, #3109, .T. ) ;
#3109 = EDGE_CURVE ( 'NONE', #3110, #3107, #9586, .T. ) ;
#3110 = VERTEX_POINT ( 'NONE', #9582 ) ;
#3111 = EDGE_CURVE ( 'NONE', #3052, #3112, #9581, .T. ) ;
#3112 = VERTEX_POINT ( 'NONE', #9577 ) ;
#3113 = ORIENTED_EDGE ( 'NONE', *, *, #3114, .T. ) ;
#3114 = EDGE_CURVE ( 'NONE', #3112, #3115, #9576, .T. ) ;
#3115 = VERTEX_POINT ( 'NONE', #9572 ) ;
#3116 = ORIENTED_EDGE ( 'NONE', *, *, #3117, .F. ) ;
#3117 = EDGE_CURVE ( 'NONE', #3053, #3115, #9571, .T. ) ;
#3118 = EDGE_LOOP ( 'NONE', ( #3119, #3123, #42, #12 ) ) ;
#3119 = ORIENTED_EDGE ( 'NONE', *, *, #3120, .T. ) ;
#3120 = EDGE_CURVE ( 'NONE', #3121, #3122, #9567, .T. ) ;
#3121 = VERTEX_POINT ( 'NONE', #9561 ) ;
#3122 = VERTEX_POINT ( 'NONE', #9560 ) ;
#3123 = ORIENTED_EDGE ( 'NONE', *, *, #3039, .T. ) ;
#3124 = VERTEX_POINT ( 'NONE', #9563 ) ;
#3125 = EDGE_CURVE ( 'NONE', #3144, #159, #9036, .T. ) ;
#3126 = ORIENTED_EDGE ( 'NONE', *, *, #3127, .T. ) ;
#3127 = EDGE_CURVE ( 'NONE', #3135, #3314, #9620, .T. ) ;
#3128 = ORIENTED_EDGE ( 'NONE', *, *, #3152, .F. ) ;
#3129 = VERTEX_POINT ( 'NONE', #9616 ) ;
#3130 = ORIENTED_EDGE ( 'NONE', *, *, #3131, .F. ) ;
#3131 = EDGE_CURVE ( 'NONE', #3476, #3136, #9615, .T. ) ;
#3132 = ORIENTED_EDGE ( 'NONE', *, *, #3125, .F. ) ;
#3133 = EDGE_CURVE ( 'NONE', #3134, #3416, #9611, .T. ) ;
#3134 = VERTEX_POINT ( 'NONE', #9607 ) ;
#3135 = VERTEX_POINT ( 'NONE', #9606 ) ;
#3136 = VERTEX_POINT ( 'NONE', #9605 ) ;
#3137 = EDGE_CURVE ( 'NONE', #3158, #3443, #9604, .T. ) ;
#3138 = ORIENTED_EDGE ( 'NONE', *, *, #3442, .T. ) ;
#3139 = ORIENTED_EDGE ( 'NONE', *, *, #3140, .F. ) ;
#3140 = EDGE_CURVE ( 'NONE', #3164, #3434, #9600, .T. ) ;
#3141 = ORIENTED_EDGE ( 'NONE', *, *, #3162, .F. ) ;
#3142 = ORIENTED_EDGE ( 'NONE', *, *, #3143, .F. ) ;
#3143 = EDGE_CURVE ( 'NONE', #3135, #3134, #9596, .T. ) ;
#3144 = VERTEX_POINT ( 'NONE', #9592 ) ;
#3145 = ORIENTED_EDGE ( 'NONE', *, *, #3146, .F. ) ;
#3146 = EDGE_CURVE ( 'NONE', #3136, #3153, #9654, .T. ) ;
#3147 = VERTEX_POINT ( 'NONE', #9650 ) ;
#3148 = ORIENTED_EDGE ( 'NONE', *, *, #3133, .F. ) ;
#3149 = ORIENTED_EDGE ( 'NONE', *, *, #3150, .T. ) ;
#3150 = EDGE_CURVE ( 'NONE', #3157, #3158, #9649, .T. ) ;
#3151 = ORIENTED_EDGE ( 'NONE', *, *, #3137, .T. ) ;
#3152 = EDGE_CURVE ( 'NONE', #3153, #3129, #9645, .T. ) ;
#3153 = VERTEX_POINT ( 'NONE', #9641 ) ;
#3154 = ORIENTED_EDGE ( 'NONE', *, *, #3406, .T. ) ;
#3155 = ORIENTED_EDGE ( 'NONE', *, *, #3156, .F. ) ;
#3156 = EDGE_CURVE ( 'NONE', #3157, #3341, #9640, .T. ) ;
#3157 = VERTEX_POINT ( 'NONE', #9636 ) ;
#3158 = VERTEX_POINT ( 'NONE', #9635 ) ;
#3159 = ORIENTED_EDGE ( 'NONE', *, *, #3475, .T. ) ;
#3160 = ORIENTED_EDGE ( 'NONE', *, *, #3161, .F. ) ;
#3161 = EDGE_CURVE ( 'NONE', #3129, #3147, #9634, .T. ) ;
#3162 = EDGE_CURVE ( 'NONE', #3147, #3144, #9630, .T. ) ;
#3163 = ORIENTED_EDGE ( 'NONE', *, *, #3182, .T. ) ;
#3164 = VERTEX_POINT ( 'NONE', #9626 ) ;
#3165 = VERTEX_POINT ( 'NONE', #9625 ) ;
#3166 = VERTEX_POINT ( 'NONE', #9624 ) ;
#3167 = ORIENTED_EDGE ( 'NONE', *, *, #3168, .T. ) ;
#3168 = EDGE_CURVE ( 'NONE', #3165, #3169, #9623, .T. ) ;
#3169 = VERTEX_POINT ( 'NONE', #9683 ) ;
#3170 = ORIENTED_EDGE ( 'NONE', *, *, #3171, .T. ) ;
#3171 = EDGE_CURVE ( 'NONE', #3169, #3080, #9682, .T. ) ;
#3172 = EDGE_CURVE ( 'NONE', #3173, #3404, #9678, .T. ) ;
#3173 = VERTEX_POINT ( 'NONE', #9674 ) ;
#3174 = EDGE_CURVE ( 'NONE', #3175, #3221, #9673, .T. ) ;
#3175 = VERTEX_POINT ( 'NONE', #9669 ) ;
#3176 = ORIENTED_EDGE ( 'NONE', *, *, #3219, .T. ) ;
#3177 = ORIENTED_EDGE ( 'NONE', *, *, #3172, .F. ) ;
#3178 = ORIENTED_EDGE ( 'NONE', *, *, #3179, .T. ) ;
#3179 = EDGE_CURVE ( 'NONE', #3216, #3384, #9668, .T. ) ;
#3180 = ORIENTED_EDGE ( 'NONE', *, *, #3272, .T. ) ;
#3181 = ORIENTED_EDGE ( 'NONE', *, *, #3232, .T. ) ;
#3182 = EDGE_CURVE ( 'NONE', #3164, #3202, #9664, .T. ) ;
#3183 = ORIENTED_EDGE ( 'NONE', *, *, #3188, .F. ) ;
#3184 = ORIENTED_EDGE ( 'NONE', *, *, #3190, .T. ) ;
#3185 = ORIENTED_EDGE ( 'NONE', *, *, #3186, .F. ) ;
#3186 = EDGE_CURVE ( 'NONE', #3187, #3288, #9660, .T. ) ;
#3187 = VERTEX_POINT ( 'NONE', #9656 ) ;
#3188 = EDGE_CURVE ( 'NONE', #3189, #3297, #9655, .T. ) ;
#3189 = VERTEX_POINT ( 'NONE', #9714 ) ;
#3190 = EDGE_CURVE ( 'NONE', #3124, #3293, #9713, .T. ) ;
#3191 = ORIENTED_EDGE ( 'NONE', *, *, #3192, .T. ) ;
#3192 = EDGE_CURVE ( 'NONE', #3187, #3193, #9709, .T. ) ;
#3193 = VERTEX_POINT ( 'NONE', #9705 ) ;
#3194 = ORIENTED_EDGE ( 'NONE', *, *, #3345, .T. ) ;
#3195 = EDGE_CURVE ( 'NONE', #3173, #3196, #9704, .T. ) ;
#3196 = VERTEX_POINT ( 'NONE', #9700 ) ;
#3197 = EDGE_CURVE ( 'NONE', #3175, #3198, #9699, .T. ) ;
#3198 = VERTEX_POINT ( 'NONE', #9695 ) ;
#3199 = ORIENTED_EDGE ( 'NONE', *, *, #3205, .F. ) ;
#3200 = ORIENTED_EDGE ( 'NONE', *, *, #3195, .T. ) ;
#3201 = ORIENTED_EDGE ( 'NONE', *, *, #3197, .T. ) ;
#3202 = VERTEX_POINT ( 'NONE', #9694 ) ;
#3203 = ORIENTED_EDGE ( 'NONE', *, *, #3217, .T. ) ;
#3204 = ORIENTED_EDGE ( 'NONE', *, *, #3218, .T. ) ;
#3205 = EDGE_CURVE ( 'NONE', #3206, #3375, #9693, .T. ) ;
#3206 = VERTEX_POINT ( 'NONE', #9689 ) ;
#3207 = ORIENTED_EDGE ( 'NONE', *, *, #3298, .T. ) ;
#3208 = ORIENTED_EDGE ( 'NONE', *, *, #3209, .T. ) ;
#3209 = EDGE_CURVE ( 'NONE', #3193, #3286, #9688, .T. ) ;
#3210 = ORIENTED_EDGE ( 'NONE', *, *, #3383, .T. ) ;
#3211 = ORIENTED_EDGE ( 'NONE', *, *, #3174, .F. ) ;
#3212 = ORIENTED_EDGE ( 'NONE', *, *, #3213, .T. ) ;
#3213 = EDGE_CURVE ( 'NONE', #3202, #3346, #9748, .T. ) ;
#3214 = ORIENTED_EDGE ( 'NONE', *, *, #3215, .T. ) ;
#3215 = EDGE_CURVE ( 'NONE', #3206, #3216, #9744, .T. ) ;
#3216 = VERTEX_POINT ( 'NONE', #9740 ) ;
#3217 = EDGE_CURVE ( 'NONE', #3196, #3273, #9739, .T. ) ;
#3218 = EDGE_CURVE ( 'NONE', #3198, #3233, #9735, .T. ) ;
#3219 = EDGE_CURVE ( 'NONE', #3189, #3124, #9731, .T. ) ;
#3220 = EDGE_CURVE ( 'NONE', #3221, #3312, #9727, .T. ) ;
#3221 = VERTEX_POINT ( 'NONE', #9723 ) ;
#3222 = EDGE_CURVE ( 'NONE', #3227, #3278, #9722, .T. ) ;
#3223 = EDGE_CURVE ( 'NONE', #3286, #3229, #9718, .T. ) ;
#3224 = EDGE_CURVE ( 'NONE', #3293, #3225, #9776, .T. ) ;
#3225 = VERTEX_POINT ( 'NONE', #9772 ) ;
#3226 = ORIENTED_EDGE ( 'NONE', *, *, #3285, .T. ) ;
#3227 = VERTEX_POINT ( 'NONE', #9771 ) ;
#3228 = ORIENTED_EDGE ( 'NONE', *, *, #3352, .F. ) ;
#3229 = VERTEX_POINT ( 'NONE', #9770 ) ;
#3230 = ORIENTED_EDGE ( 'NONE', *, *, #3309, .F. ) ;
#3231 = ORIENTED_EDGE ( 'NONE', *, *, #3232, .F. ) ;
#3232 = EDGE_CURVE ( 'NONE', #3233, #3297, #9769, .T. ) ;
#3233 = VERTEX_POINT ( 'NONE', #9765 ) ;
#3234 = VERTEX_POINT ( 'NONE', #9764 ) ;
#3235 = ORIENTED_EDGE ( 'NONE', *, *, #3236, .F. ) ;
#3236 = EDGE_CURVE ( 'NONE', #3262, #3234, #9763, .T. ) ;
#3237 = EDGE_LOOP ( 'NONE', ( #3238, #3282, #3350, #3354 ) ) ;
#3238 = ORIENTED_EDGE ( 'NONE', *, *, #3239, .F. ) ;
#3239 = EDGE_CURVE ( 'NONE', #3240, #3277, #9759, .T. ) ;
#3240 = VERTEX_POINT ( 'NONE', #9755 ) ;
#3241 = VERTEX_POINT ( 'NONE', #9754 ) ;
#3242 = ORIENTED_EDGE ( 'NONE', *, *, #3253, .F. ) ;
#3243 = EDGE_CURVE ( 'NONE', #3244, #3258, #9753, .T. ) ;
#3244 = VERTEX_POINT ( 'NONE', #9749 ) ;
#3245 = EDGE_CURVE ( 'NONE', #3851, #3241, #9812, .T. ) ;
#3246 = ORIENTED_EDGE ( 'NONE', *, *, #3251, .T. ) ;
#3247 = ORIENTED_EDGE ( 'NONE', *, *, #3256, .F. ) ;
#3248 = ORIENTED_EDGE ( 'NONE', *, *, #3243, .F. ) ;
#3249 = EDGE_CURVE ( 'NONE', #3250, #3244, #9808, .T. ) ;
#3250 = VERTEX_POINT ( 'NONE', #9804 ) ;
#3251 = EDGE_CURVE ( 'NONE', #3250, #3252, #9803, .T. ) ;
#3252 = VERTEX_POINT ( 'NONE', #9799 ) ;
#3253 = EDGE_CURVE ( 'NONE', #3254, #3252, #9798, .T. ) ;
#3254 = VERTEX_POINT ( 'NONE', #9794 ) ;
#3255 = EDGE_CURVE ( 'NONE', #3261, #3234, #9793, .T. ) ;
#3256 = EDGE_CURVE ( 'NONE', #3258, #3241, #9789, .T. ) ;
#3257 = ORIENTED_EDGE ( 'NONE', *, *, #3255, .T. ) ;
#3258 = VERTEX_POINT ( 'NONE', #9785 ) ;
#3259 = ORIENTED_EDGE ( 'NONE', *, *, #3249, .F. ) ;
#3260 = EDGE_CURVE ( 'NONE', #3264, #3261, #9784, .T. ) ;
#3261 = VERTEX_POINT ( 'NONE', #9780 ) ;
#3262 = VERTEX_POINT ( 'NONE', #9847 ) ;
#3263 = ORIENTED_EDGE ( 'NONE', *, *, #3260, .T. ) ;
#3264 = VERTEX_POINT ( 'NONE', #9846 ) ;
#3265 = EDGE_CURVE ( 'NONE', #3262, #3264, #9845, .T. ) ;
#3266 = VERTEX_POINT ( 'NONE', #9841 ) ;
#3267 = VERTEX_POINT ( 'NONE', #9840 ) ;
#3268 = ORIENTED_EDGE ( 'NONE', *, *, #3269, .T. ) ;
#3269 = EDGE_CURVE ( 'NONE', #3267, #3271, #9839, .T. ) ;
#3270 = ORIENTED_EDGE ( 'NONE', *, *, #3272, .F. ) ;
#3271 = VERTEX_POINT ( 'NONE', #9835 ) ;
#3272 = EDGE_CURVE ( 'NONE', #3273, #3221, #9834, .T. ) ;
#3273 = VERTEX_POINT ( 'NONE', #9830 ) ;
#3274 = ORIENTED_EDGE ( 'NONE', *, *, #3275, .F. ) ;
#3275 = EDGE_CURVE ( 'NONE', #3276, #3254, #9829, .T. ) ;
#3276 = VERTEX_POINT ( 'NONE', #9825 ) ;
#3277 = VERTEX_POINT ( 'NONE', #9824 ) ;
#3278 = VERTEX_POINT ( 'NONE', #9823 ) ;
#3279 = ORIENTED_EDGE ( 'NONE', *, *, #3222, .F. ) ;
#3280 = EDGE_CURVE ( 'NONE', #3286, #3307, #9822, .T. ) ;
#3281 = EDGE_CURVE ( 'NONE', #3288, #3302, #9817, .T. ) ;
#3282 = ORIENTED_EDGE ( 'NONE', *, *, #3283, .T. ) ;
#3283 = EDGE_CURVE ( 'NONE', #3240, #3284, #9878, .T. ) ;
#3284 = VERTEX_POINT ( 'NONE', #9874 ) ;
#3285 = EDGE_CURVE ( 'NONE', #3301, #3278, #9873, .T. ) ;
#3286 = VERTEX_POINT ( 'NONE', #9869 ) ;
#3287 = ORIENTED_EDGE ( 'NONE', *, *, #3223, .T. ) ;
#3288 = VERTEX_POINT ( 'NONE', #9868 ) ;
#3289 = ORIENTED_EDGE ( 'NONE', *, *, #3298, .F. ) ;
#3290 = ORIENTED_EDGE ( 'NONE', *, *, #3291, .T. ) ;
#3291 = EDGE_CURVE ( 'NONE', #3233, #3292, #9867, .T. ) ;
#3292 = VERTEX_POINT ( 'NONE', #9863 ) ;
#3293 = VERTEX_POINT ( 'NONE', #9862 ) ;
#3294 = ORIENTED_EDGE ( 'NONE', *, *, #3224, .T. ) ;
#3295 = ORIENTED_EDGE ( 'NONE', *, *, #3296, .F. ) ;
#3296 = EDGE_CURVE ( 'NONE', #3297, #3306, #9861, .T. ) ;
#3297 = VERTEX_POINT ( 'NONE', #9857 ) ;
#3298 = EDGE_CURVE ( 'NONE', #3293, #3288, #9856, .T. ) ;
#3299 = ORIENTED_EDGE ( 'NONE', *, *, #3300, .F. ) ;
#3300 = EDGE_CURVE ( 'NONE', #3301, #3276, #9852, .T. ) ;
#3301 = VERTEX_POINT ( 'NONE', #9848 ) ;
#3302 = VERTEX_POINT ( 'NONE', #9909 ) ;
#3303 = ORIENTED_EDGE ( 'NONE', *, *, #3281, .F. ) ;
#3304 = ORIENTED_EDGE ( 'NONE', *, *, #3305, .F. ) ;
#3305 = EDGE_CURVE ( 'NONE', #3306, #3225, #9908, .T. ) ;
#3306 = VERTEX_POINT ( 'NONE', #9904 ) ;
#3307 = VERTEX_POINT ( 'NONE', #9903 ) ;
#3308 = ORIENTED_EDGE ( 'NONE', *, *, #3280, .F. ) ;
#3309 = EDGE_CURVE ( 'NONE', #3302, #3229, #9902, .T. ) ;
#3310 = ORIENTED_EDGE ( 'NONE', *, *, #3311, .F. ) ;
#3311 = EDGE_CURVE ( 'NONE', #3312, #3292, #9898, .T. ) ;
#3312 = VERTEX_POINT ( 'NONE', #9894 ) ;
#3313 = ORIENTED_EDGE ( 'NONE', *, *, #3220, .F. ) ;
#3314 = VERTEX_POINT ( 'NONE', #9893 ) ;
#3315 = VERTEX_POINT ( 'NONE', #9892 ) ;
#3316 = ORIENTED_EDGE ( 'NONE', *, *, #3339, .F. ) ;
#3317 = ORIENTED_EDGE ( 'NONE', *, *, #3432, .F. ) ;
#3318 = ORIENTED_EDGE ( 'NONE', *, *, #3342, .T. ) ;
#3319 = VERTEX_POINT ( 'NONE', #9891 ) ;
#3320 = ORIENTED_EDGE ( 'NONE', *, *, #3345, .F. ) ;
#3321 = VERTEX_POINT ( 'NONE', #9890 ) ;
#3322 = VERTEX_POINT ( 'NONE', #9889 ) ;
#3323 = EDGE_CURVE ( 'NONE', #3332, #3324, #9888, .T. ) ;
#3324 = VERTEX_POINT ( 'NONE', #9884 ) ;
#3325 = ORIENTED_EDGE ( 'NONE', *, *, #3326, .T. ) ;
#3326 = EDGE_CURVE ( 'NONE', #3327, #3319, #9883, .T. ) ;
#3327 = VERTEX_POINT ( 'NONE', #9879 ) ;
#3328 = ORIENTED_EDGE ( 'NONE', *, *, #3323, .T. ) ;
#3329 = EDGE_CURVE ( 'NONE', #3348, #3330, #9942, .T. ) ;
#3330 = VERTEX_POINT ( 'NONE', #9938 ) ;
#3331 = EDGE_CURVE ( 'NONE', #3332, #3314, #9937, .T. ) ;
#3332 = VERTEX_POINT ( 'NONE', #9933 ) ;
#3333 = VERTEX_POINT ( 'NONE', #9932 ) ;
#3334 = VERTEX_POINT ( 'NONE', #9931 ) ;
#3335 = ORIENTED_EDGE ( 'NONE', *, *, #3331, .F. ) ;
#3336 = ORIENTED_EDGE ( 'NONE', *, *, #3393, .T. ) ;
#3337 = ORIENTED_EDGE ( 'NONE', *, *, #3338, .F. ) ;
#3338 = EDGE_CURVE ( 'NONE', #3404, #3439, #9930, .T. ) ;
#3339 = EDGE_CURVE ( 'NONE', #3389, #3315, #9926, .T. ) ;
#3340 = EDGE_CURVE ( 'NONE', #3341, #3395, #9922, .T. ) ;
#3341 = VERTEX_POINT ( 'NONE', #9918 ) ;
#3342 = EDGE_CURVE ( 'NONE', #3384, #3343, #9917, .T. ) ;
#3343 = VERTEX_POINT ( 'NONE', #9913 ) ;
#3344 = ORIENTED_EDGE ( 'NONE', *, *, #3425, .F. ) ;
#3345 = EDGE_CURVE ( 'NONE', #3346, #3375, #9912, .T. ) ;
#3346 = VERTEX_POINT ( 'NONE', #9972 ) ;
#3347 = EDGE_CURVE ( 'NONE', #3319, #3348, #9971, .T. ) ;
#3348 = VERTEX_POINT ( 'NONE', #9967 ) ;
#3349 = ORIENTED_EDGE ( 'NONE', *, *, #3467, .T. ) ;
#3350 = ORIENTED_EDGE ( 'NONE', *, *, #3351, .T. ) ;
#3351 = EDGE_CURVE ( 'NONE', #3284, #3353, #9966, .T. ) ;
#3352 = EDGE_CURVE ( 'NONE', #3307, #3227, #9962, .T. ) ;
#3353 = VERTEX_POINT ( 'NONE', #9958 ) ;
#3354 = ORIENTED_EDGE ( 'NONE', *, *, #3355, .F. ) ;
#3355 = EDGE_CURVE ( 'NONE', #3277, #3353, #9957, .T. ) ;
#3356 = ORIENTED_EDGE ( 'NONE', *, *, #3435, .T. ) ;
#3357 = ORIENTED_EDGE ( 'NONE', *, *, #3636, .T. ) ;
#3358 = VERTEX_POINT ( 'NONE', #9953 ) ;
#3359 = EDGE_LOOP ( 'NONE', ( #3360, #3268, #3369, #3574 ) ) ;
#3360 = ORIENTED_EDGE ( 'NONE', *, *, #3361, .T. ) ;
#3361 = EDGE_CURVE ( 'NONE', #3266, #3267, #9952, .T. ) ;
#3362 = ORIENTED_EDGE ( 'NONE', *, *, #3390, .F. ) ;
#3363 = ORIENTED_EDGE ( 'NONE', *, *, #3364, .F. ) ;
#3364 = EDGE_CURVE ( 'NONE', #3433, #3446, #9948, .T. ) ;
#3365 = EDGE_LOOP ( 'NONE', ( #3368, #3263, #3257, #3235 ) ) ;
#3366 = ORIENTED_EDGE ( 'NONE', *, *, #3383, .F. ) ;
#3367 = ORIENTED_EDGE ( 'NONE', *, *, #3374, .F. ) ;
#3368 = ORIENTED_EDGE ( 'NONE', *, *, #3265, .T. ) ;
#3369 = ORIENTED_EDGE ( 'NONE', *, *, #3533, .T. ) ;
#3370 = ORIENTED_EDGE ( 'NONE', *, *, #3378, .F. ) ;
#3371 = ORIENTED_EDGE ( 'NONE', *, *, #3372, .T. ) ;
#3372 = EDGE_CURVE ( 'NONE', #3333, #3373, #9944, .T. ) ;
#3373 = VERTEX_POINT ( 'NONE', #10004 ) ;
#3374 = EDGE_CURVE ( 'NONE', #3375, #3402, #10003, .T. ) ;
#3375 = VERTEX_POINT ( 'NONE', #9999 ) ;
#3376 = EDGE_LOOP ( 'NONE', ( #3377, #3371, #3380, #3397 ) ) ;
#3377 = ORIENTED_EDGE ( 'NONE', *, *, #3396, .F. ) ;
#3378 = EDGE_CURVE ( 'NONE', #3379, #3441, #9998, .T. ) ;
#3379 = VERTEX_POINT ( 'NONE', #9994 ) ;
#3380 = ORIENTED_EDGE ( 'NONE', *, *, #3381, .T. ) ;
#3381 = EDGE_CURVE ( 'NONE', #3373, #3382, #9993, .T. ) ;
#3382 = VERTEX_POINT ( 'NONE', #9989 ) ;
#3383 = EDGE_CURVE ( 'NONE', #3384, #3404, #9988, .T. ) ;
#3384 = VERTEX_POINT ( 'NONE', #9984 ) ;
#3385 = ORIENTED_EDGE ( 'NONE', *, *, #3347, .T. ) ;
#3386 = ORIENTED_EDGE ( 'NONE', *, *, #3394, .F. ) ;
#3387 = ORIENTED_EDGE ( 'NONE', *, *, #3388, .T. ) ;
#3388 = EDGE_CURVE ( 'NONE', #3389, #3403, #9983, .T. ) ;
#3389 = VERTEX_POINT ( 'NONE', #9979 ) ;
#3390 = EDGE_CURVE ( 'NONE', #3439, #3322, #9978, .T. ) ;
#3391 = ORIENTED_EDGE ( 'NONE', *, *, #3447, .T. ) ;
#3392 = VERTEX_POINT ( 'NONE', #9974 ) ;
#3393 = EDGE_CURVE ( 'NONE', #3321, #3315, #10037, .T. ) ;
#3394 = EDGE_CURVE ( 'NONE', #3395, #3392, #10033, .T. ) ;
#3395 = VERTEX_POINT ( 'NONE', #10029 ) ;
#3396 = EDGE_CURVE ( 'NONE', #3333, #3334, #10028, .T. ) ;
#3397 = ORIENTED_EDGE ( 'NONE', *, *, #3399, .F. ) ;
#3398 = ORIENTED_EDGE ( 'NONE', *, *, #3406, .F. ) ;
#3399 = EDGE_CURVE ( 'NONE', #3334, #3382, #10024, .T. ) ;
#3400 = EDGE_LOOP ( 'NONE', ( #3325, #3385, #3405, #3344 ) ) ;
#3401 = EDGE_CURVE ( 'NONE', #3402, #3343, #10020, .T. ) ;
#3402 = VERTEX_POINT ( 'NONE', #10016 ) ;
#3403 = VERTEX_POINT ( 'NONE', #10015 ) ;
#3404 = VERTEX_POINT ( 'NONE', #10014 ) ;
#3405 = ORIENTED_EDGE ( 'NONE', *, *, #3329, .T. ) ;
#3406 = EDGE_CURVE ( 'NONE', #3314, #3341, #10013, .T. ) ;
#3407 = VERTEX_POINT ( 'NONE', #10009 ) ;
#3408 = ORIENTED_EDGE ( 'NONE', *, *, #3409, .T. ) ;
#3409 = EDGE_CURVE ( 'NONE', #3489, #3468, #10008, .T. ) ;
#3410 = ORIENTED_EDGE ( 'NONE', *, *, #3414, .T. ) ;
#3411 = ORIENTED_EDGE ( 'NONE', *, *, #3412, .F. ) ;
#3412 = EDGE_CURVE ( 'NONE', #3413, #3468, #10067, .T. ) ;
#3413 = VERTEX_POINT ( 'NONE', #10063 ) ;
#3414 = EDGE_CURVE ( 'NONE', #3470, #3415, #10062, .T. ) ;
#3415 = VERTEX_POINT ( 'NONE', #10058 ) ;
#3416 = VERTEX_POINT ( 'NONE', #10057 ) ;
#3417 = ORIENTED_EDGE ( 'NONE', *, *, #3465, .T. ) ;
#3418 = EDGE_LOOP ( 'NONE', ( #4726, #4729, #4732, #4734 ) ) ;
#3419 = ORIENTED_EDGE ( 'NONE', *, *, #3420, .T. ) ;
#3420 = EDGE_CURVE ( 'NONE', #3413, #3421, #10056, .T. ) ;
#3421 = VERTEX_POINT ( 'NONE', #10052 ) ;
#3422 = ORIENTED_EDGE ( 'NONE', *, *, #3423, .T. ) ;
#3423 = EDGE_CURVE ( 'NONE', #3403, #3321, #10051, .T. ) ;
#3424 = ORIENTED_EDGE ( 'NONE', *, *, #3442, .F. ) ;
#3425 = EDGE_CURVE ( 'NONE', #3327, #3330, #10047, .T. ) ;
#3426 = EDGE_LOOP ( 'NONE', ( #3428, #3436, #3444, #3363 ) ) ;
#3427 = ORIENTED_EDGE ( 'NONE', *, *, #3401, .F. ) ;
#3428 = ORIENTED_EDGE ( 'NONE', *, *, #3430, .F. ) ;
#3429 = ORIENTED_EDGE ( 'NONE', *, *, #3440, .T. ) ;
#3430 = EDGE_CURVE ( 'NONE', #3431, #3433, #10043, .T. ) ;
#3431 = VERTEX_POINT ( 'NONE', #10038 ) ;
#3432 = EDGE_CURVE ( 'NONE', #3434, #3379, #10039, .T. ) ;
#3433 = VERTEX_POINT ( 'NONE', #10099 ) ;
#3434 = VERTEX_POINT ( 'NONE', #10098 ) ;
#3435 = EDGE_CURVE ( 'NONE', #3273, #3322, #10097, .T. ) ;
#3436 = ORIENTED_EDGE ( 'NONE', *, *, #3437, .T. ) ;
#3437 = EDGE_CURVE ( 'NONE', #3431, #3438, #10093, .T. ) ;
#3438 = VERTEX_POINT ( 'NONE', #10089 ) ;
#3439 = VERTEX_POINT ( 'NONE', #10088 ) ;
#3440 = EDGE_CURVE ( 'NONE', #3346, #3441, #10087, .T. ) ;
#3441 = VERTEX_POINT ( 'NONE', #10083 ) ;
#3442 = EDGE_CURVE ( 'NONE', #3443, #3434, #10082, .T. ) ;
#3443 = VERTEX_POINT ( 'NONE', #10078 ) ;
#3444 = ORIENTED_EDGE ( 'NONE', *, *, #3445, .T. ) ;
#3445 = EDGE_CURVE ( 'NONE', #3438, #3446, #10077, .T. ) ;
#3446 = VERTEX_POINT ( 'NONE', #10073 ) ;
#3447 = EDGE_CURVE ( 'NONE', #3443, #3392, #10072, .T. ) ;
#3448 = ORIENTED_EDGE ( 'NONE', *, *, #3340, .F. ) ;
#3449 = ORIENTED_EDGE ( 'NONE', *, *, #3450, .F. ) ;
#3450 = EDGE_CURVE ( 'NONE', #5, #11, #10131, .T. ) ;
#3451 = EDGE_LOOP ( 'NONE', ( #3387, #3422, #3336, #3316 ) ) ;
#3452 = VERTEX_POINT ( 'NONE', #10127 ) ;
#3453 = EDGE_CURVE ( 'NONE', #3502, #3566, #10126, .T. ) ;
#3454 = EDGE_LOOP ( 'NONE', ( #3456, #3582, #3585, #3518 ) ) ;
#3455 = ORIENTED_EDGE ( 'NONE', *, *, #3517, .T. ) ;
#3456 = ORIENTED_EDGE ( 'NONE', *, *, #3514, .F. ) ;
#3457 = EDGE_CURVE ( 'NONE', #3458, #3571, #10122, .T. ) ;
#3458 = VERTEX_POINT ( 'NONE', #10118 ) ;
#3459 = ORIENTED_EDGE ( 'NONE', *, *, #3488, .T. ) ;
#3460 = ORIENTED_EDGE ( 'NONE', *, *, #3497, .T. ) ;
#3461 = ORIENTED_EDGE ( 'NONE', *, *, #3462, .T. ) ;
#3462 = EDGE_CURVE ( 'NONE', #3407, #3489, #10117, .T. ) ;
#3463 = EDGE_CURVE ( 'NONE', #3494, #3476, #10113, .T. ) ;
#3464 = VERTEX_POINT ( 'NONE', #10109 ) ;
#3465 = EDGE_CURVE ( 'NONE', #3415, #3466, #10108, .T. ) ;
#3466 = VERTEX_POINT ( 'NONE', #10104 ) ;
#3467 = EDGE_CURVE ( 'NONE', #3324, #3416, #10103, .T. ) ;
#3468 = VERTEX_POINT ( 'NONE', #10161 ) ;
#3469 = ORIENTED_EDGE ( 'NONE', *, *, #3482, .F. ) ;
#3470 = VERTEX_POINT ( 'NONE', #10160 ) ;
#3471 = ORIENTED_EDGE ( 'NONE', *, *, #3483, .F. ) ;
#3472 = EDGE_CURVE ( 'NONE', #3493, #3473, #10159, .T. ) ;
#3473 = VERTEX_POINT ( 'NONE', #10155 ) ;
#3474 = ORIENTED_EDGE ( 'NONE', *, *, #3475, .F. ) ;
#3475 = EDGE_CURVE ( 'NONE', #3476, #3416, #10154, .T. ) ;
#3476 = VERTEX_POINT ( 'NONE', #10150 ) ;
#3477 = ORIENTED_EDGE ( 'NONE', *, *, #3490, .T. ) ;
#3478 = ORIENTED_EDGE ( 'NONE', *, *, #3492, .T. ) ;
#3479 = ORIENTED_EDGE ( 'NONE', *, *, #3495, .F. ) ;
#3480 = EDGE_CURVE ( 'NONE', #3473, #3481, #10149, .T. ) ;
#3481 = VERTEX_POINT ( 'NONE', #10145 ) ;
#3482 = EDGE_CURVE ( 'NONE', #3470, #3464, #10144, .T. ) ;
#3483 = EDGE_CURVE ( 'NONE', #3484, #3491, #10140, .T. ) ;
#3484 = VERTEX_POINT ( 'NONE', #10136 ) ;
#3485 = ORIENTED_EDGE ( 'NONE', *, *, #3480, .T. ) ;
#3486 = ORIENTED_EDGE ( 'NONE', *, *, #3463, .F. ) ;
#3487 = ORIENTED_EDGE ( 'NONE', *, *, #3472, .T. ) ;
#3488 = EDGE_CURVE ( 'NONE', #3494, #3464, #10135, .T. ) ;
#3489 = VERTEX_POINT ( 'NONE', #10197 ) ;
#3490 = EDGE_CURVE ( 'NONE', #3466, #3491, #10196, .T. ) ;
#3491 = VERTEX_POINT ( 'NONE', #10192 ) ;
#3492 = EDGE_CURVE ( 'NONE', #3484, #3493, #10191, .T. ) ;
#3493 = VERTEX_POINT ( 'NONE', #10187 ) ;
#3494 = VERTEX_POINT ( 'NONE', #10186 ) ;
#3495 = EDGE_CURVE ( 'NONE', #3496, #3481, #10185, .T. ) ;
#3496 = VERTEX_POINT ( 'NONE', #10181 ) ;
#3497 = EDGE_CURVE ( 'NONE', #3496, #3407, #10180, .T. ) ;
#3498 = ORIENTED_EDGE ( 'NONE', *, *, #3563, .F. ) ;
#3499 = VERTEX_POINT ( 'NONE', #10176 ) ;
#3500 = EDGE_CURVE ( 'NONE', #3499, #3501, #10175, .T. ) ;
#3501 = VERTEX_POINT ( 'NONE', #10171 ) ;
#3502 = VERTEX_POINT ( 'NONE', #10170 ) ;
#3503 = EDGE_CURVE ( 'NONE', #3635, #3504, #10169, .T. ) ;
#3504 = VERTEX_POINT ( 'NONE', #10165 ) ;
#3505 = VERTEX_POINT ( 'NONE', #10229 ) ;
#3506 = VERTEX_POINT ( 'NONE', #10228 ) ;
#3507 = ORIENTED_EDGE ( 'NONE', *, *, #3590, .T. ) ;
#3508 = EDGE_CURVE ( 'NONE', #3549, #3589, #10227, .T. ) ;
#3509 = ORIENTED_EDGE ( 'NONE', *, *, #3453, .T. ) ;
#3510 = EDGE_CURVE ( 'NONE', #3540, #3511, #10223, .T. ) ;
#3511 = VERTEX_POINT ( 'NONE', #10219 ) ;
#3512 = EDGE_CURVE ( 'NONE', #3635, #3505, #10218, .T. ) ;
#3513 = ORIENTED_EDGE ( 'NONE', *, *, #3583, .T. ) ;
#3514 = EDGE_CURVE ( 'NONE', #3569, #3515, #10214, .T. ) ;
#3515 = VERTEX_POINT ( 'NONE', #10210 ) ;
#3516 = VERTEX_POINT ( 'NONE', #10209 ) ;
#3517 = EDGE_CURVE ( 'NONE', #3579, #3519, #10208, .T. ) ;
#3518 = ORIENTED_EDGE ( 'NONE', *, *, #3572, .F. ) ;
#3519 = VERTEX_POINT ( 'NONE', #10204 ) ;
#3520 = ORIENTED_EDGE ( 'NONE', *, *, #3525, .T. ) ;
#3521 = VERTEX_POINT ( 'NONE', #10203 ) ;
#3522 = ORIENTED_EDGE ( 'NONE', *, *, #3523, .T. ) ;
#3523 = EDGE_CURVE ( 'NONE', #3536, #3524, #10202, .T. ) ;
#3524 = VERTEX_POINT ( 'NONE', #10198 ) ;
#3525 = EDGE_CURVE ( 'NONE', #3526, #3521, #10258, .T. ) ;
#3526 = VERTEX_POINT ( 'NONE', #10254 ) ;
#3527 = ORIENTED_EDGE ( 'NONE', *, *, #3551, .F. ) ;
#3528 = VERTEX_POINT ( 'NONE', #10253 ) ;
#3529 = ORIENTED_EDGE ( 'NONE', *, *, #3539, .F. ) ;
#3530 = ORIENTED_EDGE ( 'NONE', *, *, #3531, .T. ) ;
#3531 = EDGE_CURVE ( 'NONE', #3521, #3528, #10252, .T. ) ;
#3532 = ORIENTED_EDGE ( 'NONE', *, *, #3510, .T. ) ;
#3533 = EDGE_CURVE ( 'NONE', #3271, #3506, #10248, .T. ) ;
#3534 = ORIENTED_EDGE ( 'NONE', *, *, #3535, .F. ) ;
#3535 = EDGE_CURVE ( 'NONE', #3536, #3589, #10244, .T. ) ;
#3536 = VERTEX_POINT ( 'NONE', #10240 ) ;
#3537 = EDGE_CURVE ( 'NONE', #3505, #3538, #10239, .T. ) ;
#3538 = VERTEX_POINT ( 'NONE', #10235 ) ;
#3539 = EDGE_CURVE ( 'NONE', #3540, #3501, #10234, .T. ) ;
#3540 = VERTEX_POINT ( 'NONE', #10230 ) ;
#3541 = ORIENTED_EDGE ( 'NONE', *, *, #3542, .T. ) ;
#3542 = EDGE_CURVE ( 'NONE', #3588, #3543, #10291, .T. ) ;
#3543 = VERTEX_POINT ( 'NONE', #10287 ) ;
#3544 = ORIENTED_EDGE ( 'NONE', *, *, #3545, .T. ) ;
#3545 = EDGE_CURVE ( 'NONE', #3559, #3452, #10286, .T. ) ;
#3546 = ORIENTED_EDGE ( 'NONE', *, *, #3547, .T. ) ;
#3547 = EDGE_CURVE ( 'NONE', #3528, #3637, #10282, .T. ) ;
#3548 = ORIENTED_EDGE ( 'NONE', *, *, #162, .F. ) ;
#3549 = VERTEX_POINT ( 'NONE', #10278 ) ;
#3550 = EDGE_CURVE ( 'NONE', #3569, #3516, #10277, .T. ) ;
#3551 = EDGE_CURVE ( 'NONE', #3552, #3452, #10273, .T. ) ;
#3552 = VERTEX_POINT ( 'NONE', #10269 ) ;
#3553 = EDGE_CURVE ( 'NONE', #3516, #3554, #10268, .T. ) ;
#3554 = VERTEX_POINT ( 'NONE', #10264 ) ;
#3555 = ORIENTED_EDGE ( 'NONE', *, *, #3570, .T. ) ;
#3556 = ORIENTED_EDGE ( 'NONE', *, *, #3537, .T. ) ;
#3557 = ORIENTED_EDGE ( 'NONE', *, *, #3558, .T. ) ;
#3558 = EDGE_CURVE ( 'NONE', #3524, #3559, #10263, .T. ) ;
#3559 = VERTEX_POINT ( 'NONE', #10259 ) ;
#3560 = ORIENTED_EDGE ( 'NONE', *, *, #3634, .T. ) ;
#3561 = ORIENTED_EDGE ( 'NONE', *, *, #3503, .F. ) ;
#3562 = ORIENTED_EDGE ( 'NONE', *, *, #3508, .T. ) ;
#3563 = EDGE_CURVE ( 'NONE', #3504, #3538, #10323, .T. ) ;
#3564 = EDGE_LOOP ( 'NONE', ( #3541, #3577, #3509, #3580 ) ) ;
#3565 = EDGE_CURVE ( 'NONE', #3543, #3502, #10319, .T. ) ;
#3566 = VERTEX_POINT ( 'NONE', #10315 ) ;
#3567 = ORIENTED_EDGE ( 'NONE', *, *, #3578, .T. ) ;
#3568 = EDGE_CURVE ( 'NONE', #3588, #3566, #10314, .T. ) ;
#3569 = VERTEX_POINT ( 'NONE', #10310 ) ;
#3570 = EDGE_CURVE ( 'NONE', #3519, #3571, #10309, .T. ) ;
#3571 = VERTEX_POINT ( 'NONE', #10305 ) ;
#3572 = EDGE_CURVE ( 'NONE', #3515, #3554, #10304, .T. ) ;
#3573 = EDGE_LOOP ( 'NONE', ( #3520, #3530, #3546, #3548 ) ) ;
#3574 = ORIENTED_EDGE ( 'NONE', *, *, #3575, .F. ) ;
#3575 = EDGE_CURVE ( 'NONE', #3266, #3506, #10300, .T. ) ;
#3576 = EDGE_LOOP ( 'NONE', ( #3561, #3587, #3556, #3498 ) ) ;
#3577 = ORIENTED_EDGE ( 'NONE', *, *, #3565, .T. ) ;
#3578 = EDGE_CURVE ( 'NONE', #3552, #3579, #10296, .T. ) ;
#3579 = VERTEX_POINT ( 'NONE', #10292 ) ;
#3580 = ORIENTED_EDGE ( 'NONE', *, *, #3568, .F. ) ;
#3581 = ORIENTED_EDGE ( 'NONE', *, *, #3457, .F. ) ;
#3582 = ORIENTED_EDGE ( 'NONE', *, *, #3550, .T. ) ;
#3583 = EDGE_CURVE ( 'NONE', #3458, #3584, #10354, .T. ) ;
#3584 = VERTEX_POINT ( 'NONE', #10350 ) ;
#3585 = ORIENTED_EDGE ( 'NONE', *, *, #3553, .T. ) ;
#3586 = ORIENTED_EDGE ( 'NONE', *, *, #3500, .T. ) ;
#3587 = ORIENTED_EDGE ( 'NONE', *, *, #3512, .T. ) ;
#3588 = VERTEX_POINT ( 'NONE', #10349 ) ;
#3589 = VERTEX_POINT ( 'NONE', #10348 ) ;
#3590 = EDGE_CURVE ( 'NONE', #3584, #3499, #10347, .T. ) ;
#3591 = EDGE_CURVE ( 'NONE', #3596, #3605, #10343, .T. ) ;
#3592 = VERTEX_POINT ( 'NONE', #10339 ) ;
#3593 = VERTEX_POINT ( 'NONE', #10338 ) ;
#3594 = ORIENTED_EDGE ( 'NONE', *, *, #3595, .T. ) ;
#3595 = EDGE_CURVE ( 'NONE', #3592, #3593, #10337, .T. ) ;
#3596 = VERTEX_POINT ( 'NONE', #10333 ) ;
#3597 = EDGE_CURVE ( 'NONE', #3604, #3598, #10332, .T. ) ;
#3598 = VERTEX_POINT ( 'NONE', #10328 ) ;
#3599 = ORIENTED_EDGE ( 'NONE', *, *, #3682, .F. ) ;
#3600 = ORIENTED_EDGE ( 'NONE', *, *, #3601, .T. ) ;
#3601 = EDGE_CURVE ( 'NONE', #3598, #3592, #10327, .T. ) ;
#3602 = ORIENTED_EDGE ( 'NONE', *, *, #3597, .T. ) ;
#3603 = EDGE_CURVE ( 'NONE', #3604, #3607, #10070, .T. ) ;
#3604 = VERTEX_POINT ( 'NONE', #10384 ) ;
#3605 = VERTEX_POINT ( 'NONE', #10383 ) ;
#3606 = EDGE_CURVE ( 'NONE', #3612, #3607, #10382, .T. ) ;
#3607 = VERTEX_POINT ( 'NONE', #10378 ) ;
#3608 = ORIENTED_EDGE ( 'NONE', *, *, #3603, .F. ) ;
#3609 = ORIENTED_EDGE ( 'NONE', *, *, #3606, .T. ) ;
#3610 = VERTEX_POINT ( 'NONE', #10377 ) ;
#3611 = ORIENTED_EDGE ( 'NONE', *, *, #3613, .T. ) ;
#3612 = VERTEX_POINT ( 'NONE', #10376 ) ;
#3613 = EDGE_CURVE ( 'NONE', #3610, #3612, #10375, .T. ) ;
#3614 = VERTEX_POINT ( 'NONE', #10371 ) ;
#3615 = ORIENTED_EDGE ( 'NONE', *, *, #3618, .F. ) ;
#3616 = EDGE_CURVE ( 'NONE', #3614, #3610, #10370, .T. ) ;
#3617 = EDGE_CURVE ( 'NONE', #3620, #3622, #10366, .T. ) ;
#3618 = EDGE_CURVE ( 'NONE', #3614, #3622, #10362, .T. ) ;
#3619 = ORIENTED_EDGE ( 'NONE', *, *, #3616, .T. ) ;
#3620 = VERTEX_POINT ( 'NONE', #10358 ) ;
#3621 = ORIENTED_EDGE ( 'NONE', *, *, #3617, .T. ) ;
#3622 = VERTEX_POINT ( 'NONE', #10357 ) ;
#3623 = ORIENTED_EDGE ( 'NONE', *, *, #3624, .T. ) ;
#3624 = EDGE_CURVE ( 'NONE', #3628, #3629, #10356, .T. ) ;
#3625 = ORIENTED_EDGE ( 'NONE', *, *, #3626, .T. ) ;
#3626 = EDGE_CURVE ( 'NONE', #3358, #3632, #10416, .T. ) ;
#3627 = EDGE_CURVE ( 'NONE', #3628, #3632, #10412, .T. ) ;
#3628 = VERTEX_POINT ( 'NONE', #10408 ) ;
#3629 = VERTEX_POINT ( 'NONE', #10407 ) ;
#3630 = ORIENTED_EDGE ( 'NONE', *, *, #3631, .T. ) ;
#3631 = EDGE_CURVE ( 'NONE', #3629, #3620, #10406, .T. ) ;
#3632 = VERTEX_POINT ( 'NONE', #10402 ) ;
#3633 = ORIENTED_EDGE ( 'NONE', *, *, #3627, .F. ) ;
#3634 = EDGE_CURVE ( 'NONE', #3511, #3358, #10401, .T. ) ;
#3635 = VERTEX_POINT ( 'NONE', #10397 ) ;
#3636 = EDGE_CURVE ( 'NONE', #3421, #3549, #10396, .T. ) ;
#3637 = VERTEX_POINT ( 'NONE', #10392 ) ;
#3638 = ORIENTED_EDGE ( 'NONE', *, *, #3639, .T. ) ;
#3639 = EDGE_CURVE ( 'NONE', #3728, #3723, #10391, .T. ) ;
#3640 = VERTEX_POINT ( 'NONE', #10387 ) ;
#3641 = ORIENTED_EDGE ( 'NONE', *, *, #3642, .T. ) ;
#3642 = EDGE_CURVE ( 'NONE', #3640, #3650, #10453, .T. ) ;
#3643 = EDGE_CURVE ( 'NONE', #3658, #3714, #10449, .T. ) ;
#3644 = VERTEX_POINT ( 'NONE', #10445 ) ;
#3645 = VERTEX_POINT ( 'NONE', #10444 ) ;
#3646 = EDGE_CURVE ( 'NONE', #3700, #3702, #10443, .T. ) ;
#3647 = EDGE_CURVE ( 'NONE', #3680, #3672, #10439, .T. ) ;
#3648 = ORIENTED_EDGE ( 'NONE', *, *, #3661, .F. ) ;
#3649 = VERTEX_POINT ( 'NONE', #10435 ) ;
#3650 = VERTEX_POINT ( 'NONE', #10434 ) ;
#3651 = VERTEX_POINT ( 'NONE', #10433 ) ;
#3652 = ORIENTED_EDGE ( 'NONE', *, *, #3653, .F. ) ;
#3653 = EDGE_CURVE ( 'NONE', #3644, #3649, #10432, .T. ) ;
#3654 = EDGE_CURVE ( 'NONE', #3645, #3719, #10428, .T. ) ;
#3655 = ORIENTED_EDGE ( 'NONE', *, *, #3722, .T. ) ;
#3656 = VERTEX_POINT ( 'NONE', #10424 ) ;
#3657 = ORIENTED_EDGE ( 'NONE', *, *, #3707, .F. ) ;
#3658 = VERTEX_POINT ( 'NONE', #10423 ) ;
#3659 = ADVANCED_FACE ( 'NONE', ( #10422, #10421, #10420, #10419, #10497, #10496, #10495, #10494, #10493, #10492, #10491, #10490, #10489, #10488, #10487, #10486, #10485, #10484, #10483, #10482, #10481, #10480, #10479, #10478, #10477, #10476, #10475, #10474, #10473 ), #10472, .T. ) ;
#3660 = EDGE_LOOP ( 'NONE', ( #3662, #3641, #3709, #3710 ) ) ;
#3661 = EDGE_CURVE ( 'NONE', #3797, #3723, #10467, .T. ) ;
#3662 = ORIENTED_EDGE ( 'NONE', *, *, #3663, .F. ) ;
#3663 = EDGE_CURVE ( 'NONE', #3640, #3724, #10463, .T. ) ;
#3664 = EDGE_CURVE ( 'NONE', #3715, #3701, #10459, .T. ) ;
#3665 = ORIENTED_EDGE ( 'NONE', *, *, #3646, .F. ) ;
#3666 = VERTEX_POINT ( 'NONE', #10455 ) ;
#3667 = VERTEX_POINT ( 'NONE', #10454 ) ;
#3668 = ORIENTED_EDGE ( 'NONE', *, *, #3654, .T. ) ;
#3669 = ORIENTED_EDGE ( 'NONE', *, *, #3670, .T. ) ;
#3670 = EDGE_CURVE ( 'NONE', #3677, #3656, #10527, .T. ) ;
#3671 = EDGE_CURVE ( 'NONE', #3728, #3656, #10523, .T. ) ;
#3672 = VERTEX_POINT ( 'NONE', #10519 ) ;
#3673 = ORIENTED_EDGE ( 'NONE', *, *, #3725, .T. ) ;
#3674 = ORIENTED_EDGE ( 'NONE', *, *, #3664, .T. ) ;
#3675 = ORIENTED_EDGE ( 'NONE', *, *, #3676, .T. ) ;
#3676 = EDGE_CURVE ( 'NONE', #3714, #3666, #10518, .T. ) ;
#3677 = VERTEX_POINT ( 'NONE', #10514 ) ;
#3678 = ORIENTED_EDGE ( 'NONE', *, *, #3647, .T. ) ;
#3679 = EDGE_CURVE ( 'NONE', #3605, #3680, #10513, .T. ) ;
#3680 = VERTEX_POINT ( 'NONE', #10509 ) ;
#3681 = ORIENTED_EDGE ( 'NONE', *, *, #3679, .T. ) ;
#3682 = EDGE_CURVE ( 'NONE', #3596, #3593, #10508, .T. ) ;
#3683 = ORIENTED_EDGE ( 'NONE', *, *, #3591, .T. ) ;
#3684 = VERTEX_POINT ( 'NONE', #10504 ) ;
#3685 = VERTEX_POINT ( 'NONE', #10503 ) ;
#3686 = ORIENTED_EDGE ( 'NONE', *, *, #3687, .T. ) ;
#3687 = EDGE_CURVE ( 'NONE', #3684, #3685, #10502, .T. ) ;
#3688 = ORIENTED_EDGE ( 'NONE', *, *, #3691, .F. ) ;
#3689 = VERTEX_POINT ( 'NONE', #10498 ) ;
#3690 = EDGE_LOOP ( 'NONE', ( #3693, #3697, #3692, #3767 ) ) ;
#3691 = EDGE_CURVE ( 'NONE', #3649, #3685, #10561, .T. ) ;
#3692 = ORIENTED_EDGE ( 'NONE', *, *, #3770, .T. ) ;
#3693 = ORIENTED_EDGE ( 'NONE', *, *, #3694, .T. ) ;
#3694 = EDGE_CURVE ( 'NONE', #3695, #3689, #10557, .T. ) ;
#3695 = VERTEX_POINT ( 'NONE', #10553 ) ;
#3696 = VERTEX_POINT ( 'NONE', #10552 ) ;
#3697 = ORIENTED_EDGE ( 'NONE', *, *, #3698, .T. ) ;
#3698 = EDGE_CURVE ( 'NONE', #3689, #3696, #10551, .T. ) ;
#3699 = EDGE_LOOP ( 'NONE', ( #3652, #3706, #3686, #3688 ) ) ;
#3700 = VERTEX_POINT ( 'NONE', #10547 ) ;
#3701 = VERTEX_POINT ( 'NONE', #10546 ) ;
#3702 = VERTEX_POINT ( 'NONE', #10545 ) ;
#3703 = EDGE_CURVE ( 'NONE', #3666, #3667, #10544, .T. ) ;
#3704 = VERTEX_POINT ( 'NONE', #10540 ) ;
#3705 = ORIENTED_EDGE ( 'NONE', *, *, #3671, .F. ) ;
#3706 = ORIENTED_EDGE ( 'NONE', *, *, #3771, .T. ) ;
#3707 = EDGE_CURVE ( 'NONE', #3658, #3672, #10539, .T. ) ;
#3708 = ORIENTED_EDGE ( 'NONE', *, *, #3643, .T. ) ;
#3709 = ORIENTED_EDGE ( 'NONE', *, *, #3716, .T. ) ;
#3710 = ORIENTED_EDGE ( 'NONE', *, *, #3711, .F. ) ;
#3711 = EDGE_CURVE ( 'NONE', #3724, #3651, #10535, .T. ) ;
#3712 = ORIENTED_EDGE ( 'NONE', *, *, #3713, .T. ) ;
#3713 = EDGE_CURVE ( 'NONE', #3701, #3702, #10531, .T. ) ;
#3714 = VERTEX_POINT ( 'NONE', #10592 ) ;
#3715 = VERTEX_POINT ( 'NONE', #10591 ) ;
#3716 = EDGE_CURVE ( 'NONE', #3650, #3651, #10590, .T. ) ;
#3717 = EDGE_LOOP ( 'NONE', ( #3673, #3674, #3712, #3665 ) ) ;
#3718 = ORIENTED_EDGE ( 'NONE', *, *, #3703, .T. ) ;
#3719 = VERTEX_POINT ( 'NONE', #10586 ) ;
#3720 = ORIENTED_EDGE ( 'NONE', *, *, #3721, .T. ) ;
#3721 = EDGE_CURVE ( 'NONE', #3719, #3704, #10585, .T. ) ;
#3722 = EDGE_CURVE ( 'NONE', #3704, #3677, #10581, .T. ) ;
#3723 = VERTEX_POINT ( 'NONE', #10577 ) ;
#3724 = VERTEX_POINT ( 'NONE', #10576 ) ;
#3725 = EDGE_CURVE ( 'NONE', #3700, #3715, #10575, .T. ) ;
#3726 = ORIENTED_EDGE ( 'NONE', *, *, #3727, .F. ) ;
#3727 = EDGE_CURVE ( 'NONE', #3645, #3667, #10571, .T. ) ;
#3728 = VERTEX_POINT ( 'NONE', #10567 ) ;
#3729 = VERTEX_POINT ( 'NONE', #10566 ) ;
#3730 = ORIENTED_EDGE ( 'NONE', *, *, #3853, .F. ) ;
#3731 = EDGE_CURVE ( 'NONE', #3732, #3764, #10565, .T. ) ;
#3732 = VERTEX_POINT ( 'NONE', #10629 ) ;
#3733 = ORIENTED_EDGE ( 'NONE', *, *, #3734, .F. ) ;
#3734 = EDGE_CURVE ( 'NONE', #3735, #3732, #10628, .T. ) ;
#3735 = VERTEX_POINT ( 'NONE', #10624 ) ;
#3736 = ORIENTED_EDGE ( 'NONE', *, *, #3737, .F. ) ;
#3737 = EDGE_CURVE ( 'NONE', #3765, #3735, #10623, .T. ) ;
#3738 = EDGE_LOOP ( 'NONE', ( #3739, #3743, #3775, #3778 ) ) ;
#3739 = ORIENTED_EDGE ( 'NONE', *, *, #3740, .F. ) ;
#3740 = EDGE_CURVE ( 'NONE', #3741, #3742, #10619, .T. ) ;
#3741 = VERTEX_POINT ( 'NONE', #10615 ) ;
#3742 = VERTEX_POINT ( 'NONE', #10614 ) ;
#3743 = ORIENTED_EDGE ( 'NONE', *, *, #3744, .F. ) ;
#3744 = EDGE_CURVE ( 'NONE', #3745, #3741, #10613, .T. ) ;
#3745 = VERTEX_POINT ( 'NONE', #10609 ) ;
#3746 = MANIFOLD_SOLID_BREP ( 'NONE', #3065 ) ;
#3747 = ADVANCED_FACE ( 'NONE', ( #10608, #10607, #10606, #10605, #10604 ), #10603, .F. ) ;
#3748 = EDGE_LOOP ( 'NONE', ( #3749, #3753, #3756, #3759 ) ) ;
#3749 = ORIENTED_EDGE ( 'NONE', *, *, #3750, .F. ) ;
#3750 = EDGE_CURVE ( 'NONE', #3751, #3752, #10597, .T. ) ;
#3751 = VERTEX_POINT ( 'NONE', #10660 ) ;
#3752 = VERTEX_POINT ( 'NONE', #10659 ) ;
#3753 = ORIENTED_EDGE ( 'NONE', *, *, #3754, .F. ) ;
#3754 = EDGE_CURVE ( 'NONE', #3755, #3751, #10658, .T. ) ;
#3755 = VERTEX_POINT ( 'NONE', #10654 ) ;
#3756 = ORIENTED_EDGE ( 'NONE', *, *, #3757, .F. ) ;
#3757 = EDGE_CURVE ( 'NONE', #3758, #3755, #10653, .T. ) ;
#3758 = VERTEX_POINT ( 'NONE', #10649 ) ;
#3759 = ORIENTED_EDGE ( 'NONE', *, *, #3760, .F. ) ;
#3760 = EDGE_CURVE ( 'NONE', #3752, #3758, #10648, .T. ) ;
#3761 = EDGE_LOOP ( 'NONE', ( #3762, #3766, #3733, #3736 ) ) ;
#3762 = ORIENTED_EDGE ( 'NONE', *, *, #3763, .F. ) ;
#3763 = EDGE_CURVE ( 'NONE', #3764, #3765, #10644, .T. ) ;
#3764 = VERTEX_POINT ( 'NONE', #10640 ) ;
#3765 = VERTEX_POINT ( 'NONE', #10639 ) ;
#3766 = ORIENTED_EDGE ( 'NONE', *, *, #3731, .F. ) ;
#3767 = ORIENTED_EDGE ( 'NONE', *, *, #3768, .F. ) ;
#3768 = EDGE_CURVE ( 'NONE', #3695, #3769, #10638, .T. ) ;
#3769 = VERTEX_POINT ( 'NONE', #10634 ) ;
#3770 = EDGE_CURVE ( 'NONE', #3696, #3769, #10633, .T. ) ;
#3771 = EDGE_CURVE ( 'NONE', #3644, #3684, #10692, .T. ) ;
#3772 = VERTEX_POINT ( 'NONE', #10688 ) ;
#3773 = ORIENTED_EDGE ( 'NONE', *, *, #3774, .F. ) ;
#3774 = EDGE_CURVE ( 'NONE', #3839, #3772, #10687, .T. ) ;
#3775 = ORIENTED_EDGE ( 'NONE', *, *, #3776, .F. ) ;
#3776 = EDGE_CURVE ( 'NONE', #3777, #3745, #10683, .T. ) ;
#3777 = VERTEX_POINT ( 'NONE', #10679 ) ;
#3778 = ORIENTED_EDGE ( 'NONE', *, *, #3779, .F. ) ;
#3779 = EDGE_CURVE ( 'NONE', #3742, #3777, #10678, .T. ) ;
#3780 = EDGE_LOOP ( 'NONE', ( #3781, #3785, #3788, #3791 ) ) ;
#3781 = ORIENTED_EDGE ( 'NONE', *, *, #3782, .F. ) ;
#3782 = EDGE_CURVE ( 'NONE', #3783, #3784, #10674, .T. ) ;
#3783 = VERTEX_POINT ( 'NONE', #10670 ) ;
#3784 = VERTEX_POINT ( 'NONE', #10669 ) ;
#3785 = ORIENTED_EDGE ( 'NONE', *, *, #3786, .F. ) ;
#3786 = EDGE_CURVE ( 'NONE', #3787, #3783, #10668, .T. ) ;
#3787 = VERTEX_POINT ( 'NONE', #10664 ) ;
#3788 = ORIENTED_EDGE ( 'NONE', *, *, #3789, .F. ) ;
#3789 = EDGE_CURVE ( 'NONE', #3790, #3787, #10663, .T. ) ;
#3790 = VERTEX_POINT ( 'NONE', #10721 ) ;
#3791 = ORIENTED_EDGE ( 'NONE', *, *, #3792, .F. ) ;
#3792 = EDGE_CURVE ( 'NONE', #3784, #3790, #10720, .T. ) ;
#3793 = EDGE_LOOP ( 'NONE', ( #3794, #3798, #3801, #3804, #3807, #3810, #3813, #3816, #3730, #3855, #3858, #3861, #3864, #3773, #3840, #3843, #3846, #3849, #3852, #3247, #3248, #3259, #3246, #3242, #3274, #3299, #3226, #3279, #3228, #3308, #3287, #3230, #3303, #3289, #3294, #3304, #3295, #3231, #3290, #3310, #3313, #3270, #3356, #3362, #3337, #3366, #3318, #3427, #3367, #3320, #3429, #3370, #3317, #3424, #3391, #3386, #3448, #3398, #3335, #3328, #3349, #3474, #3486, #3459, #3469, #3410, #3417, #3477, #3471, #3478, #3487, #3485, #3479, #3460, #3461, #3408, #3411, #3419, #3357, #3562, #3534, #3522, #3557, #3544, #3527, #3567, #3455, #3555, #3581, #3513, #3507, #3586, #3529, #3532, #3560, #3625, #3633, #3623, #3630, #3621, #3615, #3619, #3611, #3609, #3608, #3602, #3600, #3594, #3599, #3683, #3681, #3678, #3657, #3708, #3675, #3718, #3726, #3668, #3720, #3655, #3669, #3705, #3638, #3648 ) ) ;
#3794 = ORIENTED_EDGE ( 'NONE', *, *, #3795, .F. ) ;
#3795 = EDGE_CURVE ( 'NONE', #3796, #3797, #10716, .T. ) ;
#3796 = VERTEX_POINT ( 'NONE', #10712 ) ;
#3797 = VERTEX_POINT ( 'NONE', #10711 ) ;
#3798 = ORIENTED_EDGE ( 'NONE', *, *, #3799, .F. ) ;
#3799 = EDGE_CURVE ( 'NONE', #3800, #3796, #10710, .T. ) ;
#3800 = VERTEX_POINT ( 'NONE', #10706 ) ;
#3801 = ORIENTED_EDGE ( 'NONE', *, *, #3802, .T. ) ;
#3802 = EDGE_CURVE ( 'NONE', #3800, #3803, #10705, .T. ) ;
#3803 = VERTEX_POINT ( 'NONE', #10701 ) ;
#3804 = ORIENTED_EDGE ( 'NONE', *, *, #3805, .F. ) ;
#3805 = EDGE_CURVE ( 'NONE', #3806, #3803, #10700, .T. ) ;
#3806 = VERTEX_POINT ( 'NONE', #10696 ) ;
#3807 = ORIENTED_EDGE ( 'NONE', *, *, #3808, .F. ) ;
#3808 = EDGE_CURVE ( 'NONE', #3809, #3806, #10695, .T. ) ;
#3809 = VERTEX_POINT ( 'NONE', #10751 ) ;
#3810 = ORIENTED_EDGE ( 'NONE', *, *, #3811, .F. ) ;
#3811 = EDGE_CURVE ( 'NONE', #3812, #3809, #10750, .T. ) ;
#3812 = VERTEX_POINT ( 'NONE', #10746 ) ;
#3813 = ORIENTED_EDGE ( 'NONE', *, *, #3814, .T. ) ;
#3814 = EDGE_CURVE ( 'NONE', #3812, #3815, #10745, .T. ) ;
#3815 = VERTEX_POINT ( 'NONE', #10741 ) ;
#3816 = ORIENTED_EDGE ( 'NONE', *, *, #3817, .F. ) ;
#3817 = EDGE_CURVE ( 'NONE', #3729, #3815, #10740, .T. ) ;
#3818 = ORIENTED_EDGE ( 'NONE', *, *, #3819, .F. ) ;
#3819 = EDGE_CURVE ( 'NONE', #3820, #3244, #10736, .T. ) ;
#3820 = VERTEX_POINT ( 'NONE', #10732 ) ;
#3821 = ORIENTED_EDGE ( 'NONE', *, *, #3822, .T. ) ;
#3822 = EDGE_CURVE ( 'NONE', #3820, #3823, #10731, .T. ) ;
#3823 = VERTEX_POINT ( 'NONE', #10727 ) ;
#3824 = ORIENTED_EDGE ( 'NONE', *, *, #3825, .T. ) ;
#3825 = EDGE_CURVE ( 'NONE', #3823, #3851, #10726, .T. ) ;
#3826 = ORIENTED_EDGE ( 'NONE', *, *, #3280, .T. ) ;
#3827 = ORIENTED_EDGE ( 'NONE', *, *, #3828, .F. ) ;
#3828 = EDGE_CURVE ( 'NONE', #3829, #3307, #10786, .T. ) ;
#3829 = VERTEX_POINT ( 'NONE', #10782 ) ;
#3830 = ORIENTED_EDGE ( 'NONE', *, *, #3831, .T. ) ;
#3831 = EDGE_CURVE ( 'NONE', #3829, #3832, #10781, .T. ) ;
#3832 = VERTEX_POINT ( 'NONE', #10777 ) ;
#3833 = ORIENTED_EDGE ( 'NONE', *, *, #3834, .T. ) ;
#3834 = EDGE_CURVE ( 'NONE', #3832, #3301, #10776, .T. ) ;
#3835 = ORIENTED_EDGE ( 'NONE', *, *, #3300, .T. ) ;
#3836 = ORIENTED_EDGE ( 'NONE', *, *, #3837, .F. ) ;
#3837 = EDGE_CURVE ( 'NONE', #3838, #3276, #10772, .T. ) ;
#3838 = VERTEX_POINT ( 'NONE', #10768 ) ;
#3839 = VERTEX_POINT ( 'NONE', #10767 ) ;
#3840 = ORIENTED_EDGE ( 'NONE', *, *, #3841, .T. ) ;
#3841 = EDGE_CURVE ( 'NONE', #3839, #3842, #10766, .T. ) ;
#3842 = VERTEX_POINT ( 'NONE', #10762 ) ;
#3843 = ORIENTED_EDGE ( 'NONE', *, *, #3844, .F. ) ;
#3844 = EDGE_CURVE ( 'NONE', #3845, #3842, #10761, .T. ) ;
#3845 = VERTEX_POINT ( 'NONE', #10757 ) ;
#3846 = ORIENTED_EDGE ( 'NONE', *, *, #3847, .F. ) ;
#3847 = EDGE_CURVE ( 'NONE', #3848, #3845, #10756, .T. ) ;
#3848 = VERTEX_POINT ( 'NONE', #10817 ) ;
#3849 = ORIENTED_EDGE ( 'NONE', *, *, #3850, .F. ) ;
#3850 = EDGE_CURVE ( 'NONE', #3851, #3848, #10816, .T. ) ;
#3851 = VERTEX_POINT ( 'NONE', #10812 ) ;
#3852 = ORIENTED_EDGE ( 'NONE', *, *, #3245, .T. ) ;
#3853 = EDGE_CURVE ( 'NONE', #3854, #3729, #10811, .T. ) ;
#3854 = VERTEX_POINT ( 'NONE', #10807 ) ;
#3855 = ORIENTED_EDGE ( 'NONE', *, *, #3856, .F. ) ;
#3856 = EDGE_CURVE ( 'NONE', #3857, #3854, #10806, .T. ) ;
#3857 = VERTEX_POINT ( 'NONE', #10802 ) ;
#3858 = ORIENTED_EDGE ( 'NONE', *, *, #3859, .T. ) ;
#3859 = EDGE_CURVE ( 'NONE', #3857, #3860, #10801, .T. ) ;
#3860 = VERTEX_POINT ( 'NONE', #10797 ) ;
#3861 = ORIENTED_EDGE ( 'NONE', *, *, #3862, .F. ) ;
#3862 = EDGE_CURVE ( 'NONE', #3863, #3860, #10796, .T. ) ;
#3863 = VERTEX_POINT ( 'NONE', #10792 ) ;
#3864 = ORIENTED_EDGE ( 'NONE', *, *, #3865, .F. ) ;
#3865 = EDGE_CURVE ( 'NONE', #3772, #3863, #10791, .T. ) ;
#3866 = VERTEX_POINT ( 'NONE', #10787 ) ;
#3867 = ORIENTED_EDGE ( 'NONE', *, *, #3811, .T. ) ;
#3868 = ORIENTED_EDGE ( 'NONE', *, *, #3869, .F. ) ;
#3869 = EDGE_CURVE ( 'NONE', #3870, #3809, #10849, .T. ) ;
#3870 = VERTEX_POINT ( 'NONE', #10845 ) ;
#3871 = ORIENTED_EDGE ( 'NONE', *, *, #3872, .T. ) ;
#3872 = EDGE_CURVE ( 'NONE', #3870, #3873, #10844, .T. ) ;
#3873 = VERTEX_POINT ( 'NONE', #10840 ) ;
#3874 = ORIENTED_EDGE ( 'NONE', *, *, #3875, .T. ) ;
#3875 = EDGE_CURVE ( 'NONE', #3873, #3800, #10839, .T. ) ;
#3876 = EDGE_LOOP ( 'NONE', ( #3877, #3944, #3947, #3950, #3953, #3956, #3930, #3932, #3935, #3938, #3941, #3916 ) ) ;
#3877 = ORIENTED_EDGE ( 'NONE', *, *, #3878, .F. ) ;
#3878 = EDGE_CURVE ( 'NONE', #3879, #3880, #10835, .T. ) ;
#3879 = VERTEX_POINT ( 'NONE', #10831 ) ;
#3880 = VERTEX_POINT ( 'NONE', #10830 ) ;
#3881 = ORIENTED_EDGE ( 'NONE', *, *, #3882, .T. ) ;
#3882 = EDGE_CURVE ( 'NONE', #3907, #3883, #10829, .T. ) ;
#3883 = VERTEX_POINT ( 'NONE', #10825 ) ;
#3884 = ORIENTED_EDGE ( 'NONE', *, *, #3885, .T. ) ;
#3885 = EDGE_CURVE ( 'NONE', #3883, #3857, #10824, .T. ) ;
#3886 = ORIENTED_EDGE ( 'NONE', *, *, #3856, .T. ) ;
#3887 = ORIENTED_EDGE ( 'NONE', *, *, #3888, .F. ) ;
#3888 = EDGE_CURVE ( 'NONE', #3889, #3854, #10820, .T. ) ;
#3889 = VERTEX_POINT ( 'NONE', #10881 ) ;
#3890 = ORIENTED_EDGE ( 'NONE', *, *, #3891, .T. ) ;
#3891 = EDGE_CURVE ( 'NONE', #3889, #3892, #10880, .T. ) ;
#3892 = VERTEX_POINT ( 'NONE', #10876 ) ;
#3893 = ORIENTED_EDGE ( 'NONE', *, *, #3894, .T. ) ;
#3894 = EDGE_CURVE ( 'NONE', #3892, #3812, #10875, .T. ) ;
#3895 = ORIENTED_EDGE ( 'NONE', *, *, #3850, .T. ) ;
#3896 = ORIENTED_EDGE ( 'NONE', *, *, #3897, .F. ) ;
#3897 = EDGE_CURVE ( 'NONE', #3898, #3848, #10871, .T. ) ;
#3898 = VERTEX_POINT ( 'NONE', #10867 ) ;
#3899 = ORIENTED_EDGE ( 'NONE', *, *, #3900, .T. ) ;
#3900 = EDGE_CURVE ( 'NONE', #3898, #3901, #10866, .T. ) ;
#3901 = VERTEX_POINT ( 'NONE', #10862 ) ;
#3902 = ORIENTED_EDGE ( 'NONE', *, *, #3903, .T. ) ;
#3903 = EDGE_CURVE ( 'NONE', #3901, #3839, #10861, .T. ) ;
#3904 = ORIENTED_EDGE ( 'NONE', *, *, #3774, .T. ) ;
#3905 = ORIENTED_EDGE ( 'NONE', *, *, #3906, .F. ) ;
#3906 = EDGE_CURVE ( 'NONE', #3907, #3772, #10857, .T. ) ;
#3907 = VERTEX_POINT ( 'NONE', #10853 ) ;
#3908 = ORIENTED_EDGE ( 'NONE', *, *, #3909, .T. ) ;
#3909 = EDGE_CURVE ( 'NONE', #3838, #3910, #10851, .T. ) ;
#3910 = VERTEX_POINT ( 'NONE', #10912 ) ;
#3911 = ORIENTED_EDGE ( 'NONE', *, *, #3912, .T. ) ;
#3912 = EDGE_CURVE ( 'NONE', #3910, #3250, #10911, .T. ) ;
#3913 = ORIENTED_EDGE ( 'NONE', *, *, #3914, .T. ) ;
#3914 = EDGE_CURVE ( 'NONE', #3592, #3915, #10907, .T. ) ;
#3915 = VERTEX_POINT ( 'NONE', #10903 ) ;
#3916 = ORIENTED_EDGE ( 'NONE', *, *, #3917, .F. ) ;
#3917 = EDGE_CURVE ( 'NONE', #3880, #3943, #10902, .T. ) ;
#3918 = ADVANCED_FACE ( 'NONE', ( #10898 ), #10897, .F. ) ;
#3919 = EDGE_LOOP ( 'NONE', ( #3920, #3923, #3924, #3927, #3994, #3996, #3997, #4000, #4003, #4005, #3913, #3982, #3985, #3987, #3988, #3991, #3969, #3971, #3972, #3975, #3978, #3980, #3981, #4052, #3960, #3962, #3963, #3966, #4036, #4038, #4039, #4042, #4045, #4047, #4048, #4023, #4026, #4028, #4029, #4032, #4035, #4010, #4011, #4014, #4017, #4019, #4020, #4091, #4094, #4096, #4097, #4006, #4077, #4079, #4080, #4083, #4086, #4088, #4089, #4063 ) ) ;
#3920 = ORIENTED_EDGE ( 'NONE', *, *, #3921, .F. ) ;
#3921 = EDGE_CURVE ( 'NONE', #3667, #3922, #10892, .T. ) ;
#3922 = VERTEX_POINT ( 'NONE', #10888 ) ;
#3923 = ORIENTED_EDGE ( 'NONE', *, *, #3703, .F. ) ;
#3924 = ORIENTED_EDGE ( 'NONE', *, *, #3925, .T. ) ;
#3925 = EDGE_CURVE ( 'NONE', #3666, #3926, #10887, .T. ) ;
#3926 = VERTEX_POINT ( 'NONE', #10883 ) ;
#3927 = ORIENTED_EDGE ( 'NONE', *, *, #3928, .F. ) ;
#3928 = EDGE_CURVE ( 'NONE', #3929, #3926, #10945, .T. ) ;
#3929 = VERTEX_POINT ( 'NONE', #10941 ) ;
#3930 = ORIENTED_EDGE ( 'NONE', *, *, #3931, .F. ) ;
#3931 = EDGE_CURVE ( 'NONE', #3866, #3958, #10940, .T. ) ;
#3932 = ORIENTED_EDGE ( 'NONE', *, *, #3933, .F. ) ;
#3933 = EDGE_CURVE ( 'NONE', #3934, #3866, #10936, .T. ) ;
#3934 = VERTEX_POINT ( 'NONE', #10932 ) ;
#3935 = ORIENTED_EDGE ( 'NONE', *, *, #3936, .F. ) ;
#3936 = EDGE_CURVE ( 'NONE', #3937, #3934, #10931, .T. ) ;
#3937 = VERTEX_POINT ( 'NONE', #10927 ) ;
#3938 = ORIENTED_EDGE ( 'NONE', *, *, #3939, .F. ) ;
#3939 = EDGE_CURVE ( 'NONE', #3940, #3937, #10926, .T. ) ;
#3940 = VERTEX_POINT ( 'NONE', #10922 ) ;
#3941 = ORIENTED_EDGE ( 'NONE', *, *, #3942, .F. ) ;
#3942 = EDGE_CURVE ( 'NONE', #3943, #3940, #10921, .T. ) ;
#3943 = VERTEX_POINT ( 'NONE', #10917 ) ;
#3944 = ORIENTED_EDGE ( 'NONE', *, *, #3945, .F. ) ;
#3945 = EDGE_CURVE ( 'NONE', #3946, #3879, #10916, .T. ) ;
#3946 = VERTEX_POINT ( 'NONE', #10976 ) ;
#3947 = ORIENTED_EDGE ( 'NONE', *, *, #3948, .F. ) ;
#3948 = EDGE_CURVE ( 'NONE', #3949, #3946, #10975, .T. ) ;
#3949 = VERTEX_POINT ( 'NONE', #10971 ) ;
#3950 = ORIENTED_EDGE ( 'NONE', *, *, #3951, .F. ) ;
#3951 = EDGE_CURVE ( 'NONE', #3952, #3949, #10970, .T. ) ;
#3952 = VERTEX_POINT ( 'NONE', #10966 ) ;
#3953 = ORIENTED_EDGE ( 'NONE', *, *, #3954, .F. ) ;
#3954 = EDGE_CURVE ( 'NONE', #3955, #3952, #10965, .T. ) ;
#3955 = VERTEX_POINT ( 'NONE', #10961 ) ;
#3956 = ORIENTED_EDGE ( 'NONE', *, *, #3957, .F. ) ;
#3957 = EDGE_CURVE ( 'NONE', #3958, #3955, #10960, .T. ) ;
#3958 = VERTEX_POINT ( 'NONE', #10956 ) ;
#3959 = VERTEX_POINT ( 'NONE', #10955 ) ;
#3960 = ORIENTED_EDGE ( 'NONE', *, *, #3961, .F. ) ;
#3961 = EDGE_CURVE ( 'NONE', #3501, #3959, #10954, .T. ) ;
#3962 = ORIENTED_EDGE ( 'NONE', *, *, #3500, .F. ) ;
#3963 = ORIENTED_EDGE ( 'NONE', *, *, #3964, .T. ) ;
#3964 = EDGE_CURVE ( 'NONE', #3499, #3965, #10950, .T. ) ;
#3965 = VERTEX_POINT ( 'NONE', #10946 ) ;
#3966 = ORIENTED_EDGE ( 'NONE', *, *, #3967, .F. ) ;
#3967 = EDGE_CURVE ( 'NONE', #3968, #3965, #11008, .T. ) ;
#3968 = VERTEX_POINT ( 'NONE', #11004 ) ;
#3969 = ORIENTED_EDGE ( 'NONE', *, *, #3970, .F. ) ;
#3970 = EDGE_CURVE ( 'NONE', #3622, #3993, #11003, .T. ) ;
#3971 = ORIENTED_EDGE ( 'NONE', *, *, #3617, .F. ) ;
#3972 = ORIENTED_EDGE ( 'NONE', *, *, #3973, .T. ) ;
#3973 = EDGE_CURVE ( 'NONE', #3620, #3974, #10999, .T. ) ;
#3974 = VERTEX_POINT ( 'NONE', #10995 ) ;
#3975 = ORIENTED_EDGE ( 'NONE', *, *, #3976, .F. ) ;
#3976 = EDGE_CURVE ( 'NONE', #3977, #3974, #10994, .T. ) ;
#3977 = VERTEX_POINT ( 'NONE', #10990 ) ;
#3978 = ORIENTED_EDGE ( 'NONE', *, *, #3979, .F. ) ;
#3979 = EDGE_CURVE ( 'NONE', #3632, #3977, #10989, .T. ) ;
#3980 = ORIENTED_EDGE ( 'NONE', *, *, #3626, .F. ) ;
#3981 = ORIENTED_EDGE ( 'NONE', *, *, #4050, .T. ) ;
#3982 = ORIENTED_EDGE ( 'NONE', *, *, #3983, .F. ) ;
#3983 = EDGE_CURVE ( 'NONE', #3984, #3915, #10985, .T. ) ;
#3984 = VERTEX_POINT ( 'NONE', #10981 ) ;
#3985 = ORIENTED_EDGE ( 'NONE', *, *, #3986, .F. ) ;
#3986 = EDGE_CURVE ( 'NONE', #3607, #3984, #10980, .T. ) ;
#3987 = ORIENTED_EDGE ( 'NONE', *, *, #3606, .F. ) ;
#3988 = ORIENTED_EDGE ( 'NONE', *, *, #3989, .T. ) ;
#3989 = EDGE_CURVE ( 'NONE', #3612, #3990, #11040, .T. ) ;
#3990 = VERTEX_POINT ( 'NONE', #11036 ) ;
#3991 = ORIENTED_EDGE ( 'NONE', *, *, #3992, .F. ) ;
#3992 = EDGE_CURVE ( 'NONE', #3993, #3990, #11035, .T. ) ;
#3993 = VERTEX_POINT ( 'NONE', #11031 ) ;
#3994 = ORIENTED_EDGE ( 'NONE', *, *, #3995, .F. ) ;
#3995 = EDGE_CURVE ( 'NONE', #3672, #3929, #11030, .T. ) ;
#3996 = ORIENTED_EDGE ( 'NONE', *, *, #3647, .F. ) ;
#3997 = ORIENTED_EDGE ( 'NONE', *, *, #3998, .T. ) ;
#3998 = EDGE_CURVE ( 'NONE', #3680, #3999, #11026, .T. ) ;
#3999 = VERTEX_POINT ( 'NONE', #11022 ) ;
#4000 = ORIENTED_EDGE ( 'NONE', *, *, #4001, .F. ) ;
#4001 = EDGE_CURVE ( 'NONE', #4002, #3999, #11021, .T. ) ;
#4002 = VERTEX_POINT ( 'NONE', #11017 ) ;
#4003 = ORIENTED_EDGE ( 'NONE', *, *, #4004, .F. ) ;
#4004 = EDGE_CURVE ( 'NONE', #3593, #4002, #11016, .T. ) ;
#4005 = ORIENTED_EDGE ( 'NONE', *, *, #3595, .F. ) ;
#4006 = ORIENTED_EDGE ( 'NONE', *, *, #4007, .F. ) ;
#4007 = EDGE_CURVE ( 'NONE', #4008, #4099, #11012, .T. ) ;
#4008 = VERTEX_POINT ( 'NONE', #11072 ) ;
#4009 = EDGE_CURVE ( 'NONE', #3468, #4034, #11071, .T. ) ;
#4010 = ORIENTED_EDGE ( 'NONE', *, *, #3409, .F. ) ;
#4011 = ORIENTED_EDGE ( 'NONE', *, *, #4012, .T. ) ;
#4012 = EDGE_CURVE ( 'NONE', #3489, #4013, #11067, .T. ) ;
#4013 = VERTEX_POINT ( 'NONE', #11063 ) ;
#4014 = ORIENTED_EDGE ( 'NONE', *, *, #4015, .F. ) ;
#4015 = EDGE_CURVE ( 'NONE', #4016, #4013, #11062, .T. ) ;
#4016 = VERTEX_POINT ( 'NONE', #11058 ) ;
#4017 = ORIENTED_EDGE ( 'NONE', *, *, #4018, .F. ) ;
#4018 = EDGE_CURVE ( 'NONE', #3481, #4016, #11057, .T. ) ;
#4019 = ORIENTED_EDGE ( 'NONE', *, *, #3480, .F. ) ;
#4020 = ORIENTED_EDGE ( 'NONE', *, *, #4021, .T. ) ;
#4021 = EDGE_CURVE ( 'NONE', #3473, #4090, #11053, .T. ) ;
#4022 = EDGE_CURVE ( 'NONE', #3559, #4049, #11049, .T. ) ;
#4023 = ORIENTED_EDGE ( 'NONE', *, *, #4024, .F. ) ;
#4024 = EDGE_CURVE ( 'NONE', #4025, #4049, #11045, .T. ) ;
#4025 = VERTEX_POINT ( 'NONE', #11041 ) ;
#4026 = ORIENTED_EDGE ( 'NONE', *, *, #4027, .F. ) ;
#4027 = EDGE_CURVE ( 'NONE', #3589, #4025, #11102, .T. ) ;
#4028 = ORIENTED_EDGE ( 'NONE', *, *, #3508, .F. ) ;
#4029 = ORIENTED_EDGE ( 'NONE', *, *, #4030, .T. ) ;
#4030 = EDGE_CURVE ( 'NONE', #3549, #4031, #11098, .T. ) ;
#4031 = VERTEX_POINT ( 'NONE', #11094 ) ;
#4032 = ORIENTED_EDGE ( 'NONE', *, *, #4033, .F. ) ;
#4033 = EDGE_CURVE ( 'NONE', #4034, #4031, #11093, .T. ) ;
#4034 = VERTEX_POINT ( 'NONE', #11089 ) ;
#4035 = ORIENTED_EDGE ( 'NONE', *, *, #4009, .F. ) ;
#4036 = ORIENTED_EDGE ( 'NONE', *, *, #4037, .F. ) ;
#4037 = EDGE_CURVE ( 'NONE', #3571, #3968, #11088, .T. ) ;
#4038 = ORIENTED_EDGE ( 'NONE', *, *, #3570, .F. ) ;
#4039 = ORIENTED_EDGE ( 'NONE', *, *, #4040, .T. ) ;
#4040 = EDGE_CURVE ( 'NONE', #3519, #4041, #11084, .T. ) ;
#4041 = VERTEX_POINT ( 'NONE', #11080 ) ;
#4042 = ORIENTED_EDGE ( 'NONE', *, *, #4043, .F. ) ;
#4043 = EDGE_CURVE ( 'NONE', #4044, #4041, #11079, .T. ) ;
#4044 = VERTEX_POINT ( 'NONE', #11075 ) ;
#4045 = ORIENTED_EDGE ( 'NONE', *, *, #4046, .F. ) ;
#4046 = EDGE_CURVE ( 'NONE', #3452, #4044, #11074, .T. ) ;
#4047 = ORIENTED_EDGE ( 'NONE', *, *, #3545, .F. ) ;
#4048 = ORIENTED_EDGE ( 'NONE', *, *, #4022, .T. ) ;
#4049 = VERTEX_POINT ( 'NONE', #11133 ) ;
#4050 = EDGE_CURVE ( 'NONE', #3358, #4051, #11132, .T. ) ;
#4051 = VERTEX_POINT ( 'NONE', #11128 ) ;
#4052 = ORIENTED_EDGE ( 'NONE', *, *, #4053, .F. ) ;
#4053 = EDGE_CURVE ( 'NONE', #3959, #4051, #11127, .T. ) ;
#4054 = VERTEX_POINT ( 'NONE', #11123 ) ;
#4055 = ORIENTED_EDGE ( 'NONE', *, *, #4084, .F. ) ;
#4056 = ORIENTED_EDGE ( 'NONE', *, *, #4057, .F. ) ;
#4057 = EDGE_CURVE ( 'NONE', #4076, #4082, #11122, .T. ) ;
#4058 = ORIENTED_EDGE ( 'NONE', *, *, #4075, .T. ) ;
#4059 = ORIENTED_EDGE ( 'NONE', *, *, #4060, .F. ) ;
#4060 = EDGE_CURVE ( 'NONE', #4122, #4073, #11118, .T. ) ;
#4061 = EDGE_CURVE ( 'NONE', #3704, #4062, #11114, .T. ) ;
#4062 = VERTEX_POINT ( 'NONE', #11110 ) ;
#4063 = ORIENTED_EDGE ( 'NONE', *, *, #4064, .F. ) ;
#4064 = EDGE_CURVE ( 'NONE', #3922, #4062, #11109, .T. ) ;
#4065 = ADVANCED_FACE ( 'NONE', ( #11105 ), #11103, .F. ) ;
#4066 = EDGE_LOOP ( 'NONE', ( #4067, #4071, #4074, #4137 ) ) ;
#4067 = ORIENTED_EDGE ( 'NONE', *, *, #4068, .T. ) ;
#4068 = EDGE_CURVE ( 'NONE', #4069, #4070, #11165, .T. ) ;
#4069 = VERTEX_POINT ( 'NONE', #11161 ) ;
#4070 = VERTEX_POINT ( 'NONE', #11160 ) ;
#4071 = ORIENTED_EDGE ( 'NONE', *, *, #4072, .F. ) ;
#4072 = EDGE_CURVE ( 'NONE', #4073, #4070, #11159, .T. ) ;
#4073 = VERTEX_POINT ( 'NONE', #11155 ) ;
#4074 = ORIENTED_EDGE ( 'NONE', *, *, #4075, .F. ) ;
#4075 = EDGE_CURVE ( 'NONE', #4076, #4073, #11154, .T. ) ;
#4076 = VERTEX_POINT ( 'NONE', #11150 ) ;
#4077 = ORIENTED_EDGE ( 'NONE', *, *, #4078, .F. ) ;
#4078 = EDGE_CURVE ( 'NONE', #3464, #4008, #11149, .T. ) ;
#4079 = ORIENTED_EDGE ( 'NONE', *, *, #3488, .F. ) ;
#4080 = ORIENTED_EDGE ( 'NONE', *, *, #4081, .F. ) ;
#4081 = EDGE_CURVE ( 'NONE', #4082, #3494, #11145, .T. ) ;
#4082 = VERTEX_POINT ( 'NONE', #11141 ) ;
#4083 = ORIENTED_EDGE ( 'NONE', *, *, #4084, .T. ) ;
#4084 = EDGE_CURVE ( 'NONE', #4082, #4085, #11140, .T. ) ;
#4085 = VERTEX_POINT ( 'NONE', #11136 ) ;
#4086 = ORIENTED_EDGE ( 'NONE', *, *, #4087, .T. ) ;
#4087 = EDGE_CURVE ( 'NONE', #4085, #3677, #11197, .T. ) ;
#4088 = ORIENTED_EDGE ( 'NONE', *, *, #3722, .F. ) ;
#4089 = ORIENTED_EDGE ( 'NONE', *, *, #4061, .T. ) ;
#4090 = VERTEX_POINT ( 'NONE', #11193 ) ;
#4091 = ORIENTED_EDGE ( 'NONE', *, *, #4092, .F. ) ;
#4092 = EDGE_CURVE ( 'NONE', #4093, #4090, #11192, .T. ) ;
#4093 = VERTEX_POINT ( 'NONE', #11188 ) ;
#4094 = ORIENTED_EDGE ( 'NONE', *, *, #4095, .F. ) ;
#4095 = EDGE_CURVE ( 'NONE', #3491, #4093, #11187, .T. ) ;
#4096 = ORIENTED_EDGE ( 'NONE', *, *, #3490, .F. ) ;
#4097 = ORIENTED_EDGE ( 'NONE', *, *, #4098, .T. ) ;
#4098 = EDGE_CURVE ( 'NONE', #3466, #4099, #11183, .T. ) ;
#4099 = VERTEX_POINT ( 'NONE', #11179 ) ;
#4100 = VERTEX_POINT ( 'NONE', #11178 ) ;
#4101 = ORIENTED_EDGE ( 'NONE', *, *, #4102, .F. ) ;
#4102 = EDGE_CURVE ( 'NONE', #4103, #4100, #11177, .T. ) ;
#4103 = VERTEX_POINT ( 'NONE', #11173 ) ;
#4104 = ORIENTED_EDGE ( 'NONE', *, *, #4105, .T. ) ;
#4105 = EDGE_CURVE ( 'NONE', #4103, #3144, #11172, .T. ) ;
#4106 = ORIENTED_EDGE ( 'NONE', *, *, #3125, .T. ) ;
#4107 = ORIENTED_EDGE ( 'NONE', *, *, #4108, .F. ) ;
#4108 = EDGE_CURVE ( 'NONE', #4109, #4135, #11168, .T. ) ;
#4109 = VERTEX_POINT ( 'NONE', #11227 ) ;
#4110 = ORIENTED_EDGE ( 'NONE', *, *, #4111, .F. ) ;
#4111 = EDGE_CURVE ( 'NONE', #4136, #4109, #11226, .T. ) ;
#4112 = EDGE_LOOP ( 'NONE', ( #4113, #4114, #4117, #4120, #4180, #4183, #4101, #4104, #4106, #4164, #4167, #4170, #4173, #4176, #4178, #4151 ) ) ;
#4113 = ORIENTED_EDGE ( 'NONE', *, *, #3146, .T. ) ;
#4114 = ORIENTED_EDGE ( 'NONE', *, *, #4115, .F. ) ;
#4115 = EDGE_CURVE ( 'NONE', #4116, #3153, #11222, .T. ) ;
#4116 = VERTEX_POINT ( 'NONE', #11218 ) ;
#4117 = ORIENTED_EDGE ( 'NONE', *, *, #4118, .F. ) ;
#4118 = EDGE_CURVE ( 'NONE', #4119, #4116, #11217, .T. ) ;
#4119 = VERTEX_POINT ( 'NONE', #11213 ) ;
#4120 = ORIENTED_EDGE ( 'NONE', *, *, #4121, .F. ) ;
#4121 = EDGE_CURVE ( 'NONE', #4179, #4119, #11212, .T. ) ;
#4122 = VERTEX_POINT ( 'NONE', #11208 ) ;
#4123 = ORIENTED_EDGE ( 'NONE', *, *, #4124, .F. ) ;
#4124 = EDGE_CURVE ( 'NONE', #4125, #4122, #11207, .T. ) ;
#4125 = VERTEX_POINT ( 'NONE', #11203 ) ;
#4126 = ORIENTED_EDGE ( 'NONE', *, *, #4127, .T. ) ;
#4127 = EDGE_CURVE ( 'NONE', #4125, #4128, #11202, .T. ) ;
#4128 = VERTEX_POINT ( 'NONE', #11198 ) ;
#4129 = ORIENTED_EDGE ( 'NONE', *, *, #4130, .T. ) ;
#4130 = EDGE_CURVE ( 'NONE', #4128, #4054, #11262, .T. ) ;
#4131 = ADVANCED_FACE ( 'NONE', ( #11258, #11257 ), #11256, .F. ) ;
#4132 = EDGE_LOOP ( 'NONE', ( #4133, #4107, #4110 ) ) ;
#4133 = ORIENTED_EDGE ( 'NONE', *, *, #4134, .F. ) ;
#4134 = EDGE_CURVE ( 'NONE', #4135, #4136, #11251, .T. ) ;
#4135 = VERTEX_POINT ( 'NONE', #11247 ) ;
#4136 = VERTEX_POINT ( 'NONE', #11246 ) ;
#4137 = ORIENTED_EDGE ( 'NONE', *, *, #4138, .F. ) ;
#4138 = EDGE_CURVE ( 'NONE', #4069, #4076, #11245, .T. ) ;
#4139 = ADVANCED_FACE ( 'NONE', ( #11241 ), #11240, .F. ) ;
#4140 = EDGE_LOOP ( 'NONE', ( #4141, #4055, #4056, #4058, #4059, #4123, #4126, #4129 ) ) ;
#4141 = ORIENTED_EDGE ( 'NONE', *, *, #4142, .T. ) ;
#4142 = EDGE_CURVE ( 'NONE', #4054, #4085, #11235, .T. ) ;
#4143 = ORIENTED_EDGE ( 'NONE', *, *, #4152, .T. ) ;
#4144 = ORIENTED_EDGE ( 'NONE', *, *, #4138, .T. ) ;
#4145 = ADVANCED_FACE ( 'NONE', ( #11231 ), #11230, .F. ) ;
#4146 = EDGE_LOOP ( 'NONE', ( #4147, #4148, #4149, #4150, #4208, #4209 ) ) ;
#4147 = ORIENTED_EDGE ( 'NONE', *, *, #4142, .F. ) ;
#4148 = ORIENTED_EDGE ( 'NONE', *, *, #4160, .F. ) ;
#4149 = ORIENTED_EDGE ( 'NONE', *, *, #4165, .F. ) ;
#4150 = ORIENTED_EDGE ( 'NONE', *, *, #158, .F. ) ;
#4151 = ORIENTED_EDGE ( 'NONE', *, *, #4152, .F. ) ;
#4152 = EDGE_CURVE ( 'NONE', #3136, #4069, #11292, .T. ) ;
#4153 = ADVANCED_FACE ( 'NONE', ( #11288 ), #11287, .F. ) ;
#4154 = EDGE_LOOP ( 'NONE', ( #4155, #4156, #4158, #4159 ) ) ;
#4155 = ORIENTED_EDGE ( 'NONE', *, *, #4130, .F. ) ;
#4156 = ORIENTED_EDGE ( 'NONE', *, *, #4157, .F. ) ;
#4157 = EDGE_CURVE ( 'NONE', #4169, #4128, #11282, .T. ) ;
#4158 = ORIENTED_EDGE ( 'NONE', *, *, #4168, .T. ) ;
#4159 = ORIENTED_EDGE ( 'NONE', *, *, #4160, .T. ) ;
#4160 = EDGE_CURVE ( 'NONE', #4166, #4054, #11278, .T. ) ;
#4161 = ADVANCED_FACE ( 'NONE', ( #11274 ), #11273, .T. ) ;
#4162 = EDGE_LOOP ( 'NONE', ( #4163, #4221, #4222, #4223, #4143, #4144 ) ) ;
#4163 = ORIENTED_EDGE ( 'NONE', *, *, #4057, .T. ) ;
#4164 = ORIENTED_EDGE ( 'NONE', *, *, #4165, .T. ) ;
#4165 = EDGE_CURVE ( 'NONE', #159, #4166, #11268, .T. ) ;
#4166 = VERTEX_POINT ( 'NONE', #11263 ) ;
#4167 = ORIENTED_EDGE ( 'NONE', *, *, #4168, .F. ) ;
#4168 = EDGE_CURVE ( 'NONE', #4169, #4166, #11264, .T. ) ;
#4169 = VERTEX_POINT ( 'NONE', #11326 ) ;
#4170 = ORIENTED_EDGE ( 'NONE', *, *, #4171, .F. ) ;
#4171 = EDGE_CURVE ( 'NONE', #4172, #4169, #11325, .T. ) ;
#4172 = VERTEX_POINT ( 'NONE', #11321 ) ;
#4173 = ORIENTED_EDGE ( 'NONE', *, *, #4174, .F. ) ;
#4174 = EDGE_CURVE ( 'NONE', #4175, #4172, #11320, .T. ) ;
#4175 = VERTEX_POINT ( 'NONE', #11316 ) ;
#4176 = ORIENTED_EDGE ( 'NONE', *, *, #4177, .T. ) ;
#4177 = EDGE_CURVE ( 'NONE', #4175, #4070, #11315, .T. ) ;
#4178 = ORIENTED_EDGE ( 'NONE', *, *, #4068, .F. ) ;
#4179 = VERTEX_POINT ( 'NONE', #11311 ) ;
#4180 = ORIENTED_EDGE ( 'NONE', *, *, #4181, .F. ) ;
#4181 = EDGE_CURVE ( 'NONE', #4182, #4179, #11310, .T. ) ;
#4182 = VERTEX_POINT ( 'NONE', #11306 ) ;
#4183 = ORIENTED_EDGE ( 'NONE', *, *, #4184, .T. ) ;
#4184 = EDGE_CURVE ( 'NONE', #4182, #4100, #11305, .T. ) ;
#4185 = ORIENTED_EDGE ( 'NONE', *, *, #3954, .T. ) ;
#4186 = ORIENTED_EDGE ( 'NONE', *, *, #4206, .F. ) ;
#4187 = ORIENTED_EDGE ( 'NONE', *, *, #137, .F. ) ;
#4188 = ORIENTED_EDGE ( 'NONE', *, *, #4189, .T. ) ;
#4189 = EDGE_CURVE ( 'NONE', #142, #3955, #11300, .T. ) ;
#4190 = ADVANCED_FACE ( 'NONE', ( #11296 ), #11301, .F. ) ;
#4191 = EDGE_LOOP ( 'NONE', ( #4192, #4193, #4194, #4250 ) ) ;
#4192 = ORIENTED_EDGE ( 'NONE', *, *, #3957, .T. ) ;
#4193 = ORIENTED_EDGE ( 'NONE', *, *, #4189, .F. ) ;
#4194 = ORIENTED_EDGE ( 'NONE', *, *, #148, .F. ) ;
#4195 = EDGE_LOOP ( 'NONE', ( #4253, #4254, #4255, #4256 ) ) ;
#4196 = ORIENTED_EDGE ( 'NONE', *, *, #4217, .F. ) ;
#4197 = ORIENTED_EDGE ( 'NONE', *, *, #155, .F. ) ;
#4198 = ORIENTED_EDGE ( 'NONE', *, *, #4199, .T. ) ;
#4199 = EDGE_CURVE ( 'NONE', #79, #3949, #11358, .T. ) ;
#4200 = ADVANCED_FACE ( 'NONE', ( #11354 ), #11353, .F. ) ;
#4201 = EDGE_LOOP ( 'NONE', ( #4202, #4203, #4204, #4205 ) ) ;
#4202 = ORIENTED_EDGE ( 'NONE', *, *, #3951, .T. ) ;
#4203 = ORIENTED_EDGE ( 'NONE', *, *, #4199, .F. ) ;
#4204 = ORIENTED_EDGE ( 'NONE', *, *, #78, .F. ) ;
#4205 = ORIENTED_EDGE ( 'NONE', *, *, #4206, .T. ) ;
#4206 = EDGE_CURVE ( 'NONE', #138, #3952, #11348, .T. ) ;
#4207 = EDGE_LOOP ( 'NONE', ( #4185, #4186, #4187, #4188 ) ) ;
#4208 = ORIENTED_EDGE ( 'NONE', *, *, #3670, .F. ) ;
#4209 = ORIENTED_EDGE ( 'NONE', *, *, #4087, .F. ) ;
#4210 = ADVANCED_FACE ( 'NONE', ( #11344 ), #11343, .F. ) ;
#4211 = EDGE_LOOP ( 'NONE', ( #4212, #4213, #4215, #4216 ) ) ;
#4212 = ORIENTED_EDGE ( 'NONE', *, *, #3945, .T. ) ;
#4213 = ORIENTED_EDGE ( 'NONE', *, *, #4214, .F. ) ;
#4214 = EDGE_CURVE ( 'NONE', #94, #3879, #11338, .T. ) ;
#4215 = ORIENTED_EDGE ( 'NONE', *, *, #93, .F. ) ;
#4216 = ORIENTED_EDGE ( 'NONE', *, *, #4217, .T. ) ;
#4217 = EDGE_CURVE ( 'NONE', #156, #3946, #11334, .T. ) ;
#4218 = ADVANCED_FACE ( 'NONE', ( #11330 ), #11394, .F. ) ;
#4219 = EDGE_LOOP ( 'NONE', ( #4220, #4196, #4197, #4198 ) ) ;
#4220 = ORIENTED_EDGE ( 'NONE', *, *, #3948, .T. ) ;
#4221 = ORIENTED_EDGE ( 'NONE', *, *, #4081, .T. ) ;
#4222 = ORIENTED_EDGE ( 'NONE', *, *, #3463, .T. ) ;
#4223 = ORIENTED_EDGE ( 'NONE', *, *, #3131, .T. ) ;
#4224 = ORIENTED_EDGE ( 'NONE', *, *, #4297, .F. ) ;
#4225 = ORIENTED_EDGE ( 'NONE', *, *, #76, .F. ) ;
#4226 = ORIENTED_EDGE ( 'NONE', *, *, #3939, .T. ) ;
#4227 = ORIENTED_EDGE ( 'NONE', *, *, #4247, .F. ) ;
#4228 = ORIENTED_EDGE ( 'NONE', *, *, #150, .F. ) ;
#4229 = ORIENTED_EDGE ( 'NONE', *, *, #4230, .T. ) ;
#4230 = EDGE_CURVE ( 'NONE', #147, #3940, #11389, .T. ) ;
#4231 = ADVANCED_FACE ( 'NONE', ( #11385 ), #11384, .F. ) ;
#4232 = EDGE_LOOP ( 'NONE', ( #4233, #4234, #4235, #4236 ) ) ;
#4233 = ORIENTED_EDGE ( 'NONE', *, *, #3942, .T. ) ;
#4234 = ORIENTED_EDGE ( 'NONE', *, *, #4230, .F. ) ;
#4235 = ORIENTED_EDGE ( 'NONE', *, *, #91, .F. ) ;
#4236 = ORIENTED_EDGE ( 'NONE', *, *, #4237, .T. ) ;
#4237 = EDGE_CURVE ( 'NONE', #96, #3943, #11379, .T. ) ;
#4238 = ORIENTED_EDGE ( 'NONE', *, *, #161, .F. ) ;
#4239 = ORIENTED_EDGE ( 'NONE', *, *, #4240, .T. ) ;
#4240 = EDGE_CURVE ( 'NONE', #87, #3934, #11375, .T. ) ;
#4241 = ADVANCED_FACE ( 'NONE', ( #11371 ), #11370, .F. ) ;
#4242 = EDGE_LOOP ( 'NONE', ( #4243, #4244, #4245, #4246 ) ) ;
#4243 = ORIENTED_EDGE ( 'NONE', *, *, #3936, .T. ) ;
#4244 = ORIENTED_EDGE ( 'NONE', *, *, #4240, .F. ) ;
#4245 = ORIENTED_EDGE ( 'NONE', *, *, #86, .F. ) ;
#4246 = ORIENTED_EDGE ( 'NONE', *, *, #4247, .T. ) ;
#4247 = EDGE_CURVE ( 'NONE', #151, #3937, #11365, .T. ) ;
#4248 = ADVANCED_FACE ( 'NONE', ( #11427 ), #11426, .F. ) ;
#4249 = EDGE_LOOP ( 'NONE', ( #4226, #4227, #4228, #4229 ) ) ;
#4250 = ORIENTED_EDGE ( 'NONE', *, *, #4251, .T. ) ;
#4251 = EDGE_CURVE ( 'NONE', #89, #3958, #11421, .T. ) ;
#4252 = ADVANCED_FACE ( 'NONE', ( #11417 ), #11416, .F. ) ;
#4253 = ORIENTED_EDGE ( 'NONE', *, *, #3931, .T. ) ;
#4254 = ORIENTED_EDGE ( 'NONE', *, *, #4251, .F. ) ;
#4255 = ORIENTED_EDGE ( 'NONE', *, *, #81, .F. ) ;
#4256 = ORIENTED_EDGE ( 'NONE', *, *, #4257, .T. ) ;
#4257 = EDGE_CURVE ( 'NONE', #88, #3866, #11411, .T. ) ;
#4258 = ADVANCED_FACE ( 'NONE', ( #11407 ), #11406, .F. ) ;
#4259 = EDGE_LOOP ( 'NONE', ( #4260, #4261, #4238, #4239 ) ) ;
#4260 = ORIENTED_EDGE ( 'NONE', *, *, #3933, .T. ) ;
#4261 = ORIENTED_EDGE ( 'NONE', *, *, #4257, .F. ) ;
#4262 = ADVANCED_FACE ( 'NONE', ( #11401 ), #11400, .F. ) ;
#4263 = EDGE_CURVE ( 'NONE', #4290, #4264, #11395, .T. ) ;
#4264 = VERTEX_POINT ( 'NONE', #11458 ) ;
#4265 = ORIENTED_EDGE ( 'NONE', *, *, #4266, .T. ) ;
#4266 = EDGE_CURVE ( 'NONE', #4264, #4100, #11457, .T. ) ;
#4267 = ORIENTED_EDGE ( 'NONE', *, *, #4184, .F. ) ;
#4268 = ORIENTED_EDGE ( 'NONE', *, *, #4269, .F. ) ;
#4269 = EDGE_CURVE ( 'NONE', #4290, #4182, #11453, .T. ) ;
#4270 = ADVANCED_FACE ( 'NONE', ( #11449 ), #11448, .F. ) ;
#4271 = EDGE_LOOP ( 'NONE', ( #4272, #4273, #4327, #4329, #4330, #4333, #4335, #4336 ) ) ;
#4272 = ORIENTED_EDGE ( 'NONE', *, *, #4284, .T. ) ;
#4273 = ORIENTED_EDGE ( 'NONE', *, *, #4274, .F. ) ;
#4274 = EDGE_CURVE ( 'NONE', #4275, #4282, #11443, .T. ) ;
#4275 = VERTEX_POINT ( 'NONE', #11439 ) ;
#4276 = ORIENTED_EDGE ( 'NONE', *, *, #4214, .T. ) ;
#4277 = ADVANCED_FACE ( 'NONE', ( #11438 ), #11437, .F. ) ;
#4278 = EDGE_LOOP ( 'NONE', ( #4279, #4280, #4283, #4286 ) ) ;
#4279 = ORIENTED_EDGE ( 'NONE', *, *, #4121, .T. ) ;
#4280 = ORIENTED_EDGE ( 'NONE', *, *, #4281, .T. ) ;
#4281 = EDGE_CURVE ( 'NONE', #4119, #4282, #11432, .T. ) ;
#4282 = VERTEX_POINT ( 'NONE', #11428 ) ;
#4283 = ORIENTED_EDGE ( 'NONE', *, *, #4284, .F. ) ;
#4284 = EDGE_CURVE ( 'NONE', #4285, #4282, #11495, .T. ) ;
#4285 = VERTEX_POINT ( 'NONE', #11491 ) ;
#4286 = ORIENTED_EDGE ( 'NONE', *, *, #4287, .F. ) ;
#4287 = EDGE_CURVE ( 'NONE', #4179, #4285, #11490, .T. ) ;
#4288 = ADVANCED_FACE ( 'NONE', ( #11486 ), #11485, .F. ) ;
#4289 = EDGE_LOOP ( 'NONE', ( #4340, #4265, #4267, #4268 ) ) ;
#4290 = VERTEX_POINT ( 'NONE', #11480 ) ;
#4291 = ADVANCED_FACE ( 'NONE', ( #11479 ), #11478, .F. ) ;
#4292 = EDGE_LOOP ( 'NONE', ( #4293, #4294, #4295, #4296 ) ) ;
#4293 = ORIENTED_EDGE ( 'NONE', *, *, #3917, .T. ) ;
#4294 = ORIENTED_EDGE ( 'NONE', *, *, #4237, .F. ) ;
#4295 = ORIENTED_EDGE ( 'NONE', *, *, #95, .F. ) ;
#4296 = ORIENTED_EDGE ( 'NONE', *, *, #4297, .T. ) ;
#4297 = EDGE_CURVE ( 'NONE', #77, #3880, #11473, .T. ) ;
#4298 = ADVANCED_FACE ( 'NONE', ( #11469 ), #11468, .F. ) ;
#4299 = EDGE_LOOP ( 'NONE', ( #4300, #4224, #4225, #4276 ) ) ;
#4300 = ORIENTED_EDGE ( 'NONE', *, *, #3878, .T. ) ;
#4301 = EDGE_LOOP ( 'NONE', ( #4302, #4303, #4358, #4359 ) ) ;
#4302 = ORIENTED_EDGE ( 'NONE', *, *, #3162, .T. ) ;
#4303 = ORIENTED_EDGE ( 'NONE', *, *, #4105, .F. ) ;
#4304 = ADVANCED_FACE ( 'NONE', ( #11462 ), #11467, .F. ) ;
#4305 = EDGE_LOOP ( 'NONE', ( #4306, #4307, #4308, #4310 ) ) ;
#4306 = ORIENTED_EDGE ( 'NONE', *, *, #4157, .T. ) ;
#4307 = ORIENTED_EDGE ( 'NONE', *, *, #4127, .F. ) ;
#4308 = ORIENTED_EDGE ( 'NONE', *, *, #4309, .F. ) ;
#4309 = EDGE_CURVE ( 'NONE', #4172, #4125, #11524, .T. ) ;
#4310 = ORIENTED_EDGE ( 'NONE', *, *, #4171, .T. ) ;
#4311 = ADVANCED_FACE ( 'NONE', ( #11520 ), #11519, .F. ) ;
#4312 = EDGE_LOOP ( 'NONE', ( #4313, #4314, #4315, #4371 ) ) ;
#4313 = ORIENTED_EDGE ( 'NONE', *, *, #4325, .T. ) ;
#4314 = ORIENTED_EDGE ( 'NONE', *, *, #4174, .T. ) ;
#4315 = ORIENTED_EDGE ( 'NONE', *, *, #4309, .T. ) ;
#4316 = ORIENTED_EDGE ( 'NONE', *, *, #4287, .T. ) ;
#4317 = ORIENTED_EDGE ( 'NONE', *, *, #4337, .T. ) ;
#4318 = ORIENTED_EDGE ( 'NONE', *, *, #4269, .T. ) ;
#4319 = ORIENTED_EDGE ( 'NONE', *, *, #4181, .T. ) ;
#4320 = ADVANCED_FACE ( 'NONE', ( #11514 ), #11513, .F. ) ;
#4321 = EDGE_LOOP ( 'NONE', ( #4322, #4323, #4324, #4326 ) ) ;
#4322 = ORIENTED_EDGE ( 'NONE', *, *, #4072, .T. ) ;
#4323 = ORIENTED_EDGE ( 'NONE', *, *, #4177, .F. ) ;
#4324 = ORIENTED_EDGE ( 'NONE', *, *, #4325, .F. ) ;
#4325 = EDGE_CURVE ( 'NONE', #4122, #4175, #11508, .T. ) ;
#4326 = ORIENTED_EDGE ( 'NONE', *, *, #4060, .T. ) ;
#4327 = ORIENTED_EDGE ( 'NONE', *, *, #4328, .T. ) ;
#4328 = EDGE_CURVE ( 'NONE', #4275, #3129, #11504, .T. ) ;
#4329 = ORIENTED_EDGE ( 'NONE', *, *, #3161, .T. ) ;
#4330 = ORIENTED_EDGE ( 'NONE', *, *, #4331, .F. ) ;
#4331 = EDGE_CURVE ( 'NONE', #4332, #3147, #11500, .T. ) ;
#4332 = VERTEX_POINT ( 'NONE', #11496 ) ;
#4333 = ORIENTED_EDGE ( 'NONE', *, *, #4334, .F. ) ;
#4334 = EDGE_CURVE ( 'NONE', #4264, #4332, #11559, .T. ) ;
#4335 = ORIENTED_EDGE ( 'NONE', *, *, #4263, .F. ) ;
#4336 = ORIENTED_EDGE ( 'NONE', *, *, #4337, .F. ) ;
#4337 = EDGE_CURVE ( 'NONE', #4285, #4290, #11555, .T. ) ;
#4338 = ADVANCED_FACE ( 'NONE', ( #11551 ), #11550, .T. ) ;
#4339 = EDGE_LOOP ( 'NONE', ( #4316, #4317, #4318, #4319 ) ) ;
#4340 = ORIENTED_EDGE ( 'NONE', *, *, #4263, .T. ) ;
#4341 = EDGE_LOOP ( 'NONE', ( #4342, #4343, #4396, #4398 ) ) ;
#4342 = ORIENTED_EDGE ( 'NONE', *, *, #3734, .T. ) ;
#4343 = ORIENTED_EDGE ( 'NONE', *, *, #4395, .F. ) ;
#4344 = VERTEX_POINT ( 'NONE', #11545 ) ;
#4345 = ORIENTED_EDGE ( 'NONE', *, *, #4364, .F. ) ;
#4346 = ORIENTED_EDGE ( 'NONE', *, *, #4115, .T. ) ;
#4347 = ADVANCED_FACE ( 'NONE', ( #11544 ), #11543, .F. ) ;
#4348 = EDGE_LOOP ( 'NONE', ( #4349, #4350, #4353, #4356 ) ) ;
#4349 = ORIENTED_EDGE ( 'NONE', *, *, #3763, .T. ) ;
#4350 = ORIENTED_EDGE ( 'NONE', *, *, #4351, .F. ) ;
#4351 = EDGE_CURVE ( 'NONE', #4352, #3765, #11538, .T. ) ;
#4352 = VERTEX_POINT ( 'NONE', #11534 ) ;
#4353 = ORIENTED_EDGE ( 'NONE', *, *, #4354, .F. ) ;
#4354 = EDGE_CURVE ( 'NONE', #4355, #4352, #11533, .T. ) ;
#4355 = VERTEX_POINT ( 'NONE', #11529 ) ;
#4356 = ORIENTED_EDGE ( 'NONE', *, *, #4357, .T. ) ;
#4357 = EDGE_CURVE ( 'NONE', #4355, #3764, #11595, .T. ) ;
#4358 = ORIENTED_EDGE ( 'NONE', *, *, #4376, .F. ) ;
#4359 = ORIENTED_EDGE ( 'NONE', *, *, #4331, .T. ) ;
#4360 = ADVANCED_FACE ( 'NONE', ( #11591 ), #11590, .F. ) ;
#4361 = EDGE_LOOP ( 'NONE', ( #4362, #4363, #4365, #4366 ) ) ;
#4362 = ORIENTED_EDGE ( 'NONE', *, *, #4118, .T. ) ;
#4363 = ORIENTED_EDGE ( 'NONE', *, *, #4364, .T. ) ;
#4364 = EDGE_CURVE ( 'NONE', #4116, #4275, #11585, .T. ) ;
#4365 = ORIENTED_EDGE ( 'NONE', *, *, #4274, .T. ) ;
#4366 = ORIENTED_EDGE ( 'NONE', *, *, #4281, .F. ) ;
#4367 = ADVANCED_FACE ( 'NONE', ( #11581 ), #11580, .F. ) ;
#4368 = EDGE_LOOP ( 'NONE', ( #4369, #4370, #4345, #4346 ) ) ;
#4369 = ORIENTED_EDGE ( 'NONE', *, *, #3152, .T. ) ;
#4370 = ORIENTED_EDGE ( 'NONE', *, *, #4328, .F. ) ;
#4371 = ORIENTED_EDGE ( 'NONE', *, *, #4124, .T. ) ;
#4372 = ADVANCED_FACE ( 'NONE', ( #11575 ), #11574, .F. ) ;
#4373 = EDGE_LOOP ( 'NONE', ( #4374, #4375, #4377, #4378 ) ) ;
#4374 = ORIENTED_EDGE ( 'NONE', *, *, #4334, .T. ) ;
#4375 = ORIENTED_EDGE ( 'NONE', *, *, #4376, .T. ) ;
#4376 = EDGE_CURVE ( 'NONE', #4332, #4103, #11569, .T. ) ;
#4377 = ORIENTED_EDGE ( 'NONE', *, *, #4102, .T. ) ;
#4378 = ORIENTED_EDGE ( 'NONE', *, *, #4266, .F. ) ;
#4379 = ADVANCED_FACE ( 'NONE', ( #11565 ), #11564, .F. ) ;
#4380 = ADVANCED_FACE ( 'NONE', ( #11563 ), #11626, .F. ) ;
#4381 = EDGE_LOOP ( 'NONE', ( #4434, #4435, #4438, #4440 ) ) ;
#4382 = EDGE_LOOP ( 'NONE', ( #4383, #4384, #4385, #4386 ) ) ;
#4383 = ORIENTED_EDGE ( 'NONE', *, *, #4354, .T. ) ;
#4384 = ORIENTED_EDGE ( 'NONE', *, *, #4414, .T. ) ;
#4385 = ORIENTED_EDGE ( 'NONE', *, *, #4397, .T. ) ;
#4386 = ORIENTED_EDGE ( 'NONE', *, *, #4404, .T. ) ;
#4387 = ADVANCED_FACE ( 'NONE', ( #11621 ), #11620, .F. ) ;
#4388 = EDGE_LOOP ( 'NONE', ( #4389, #4390, #4393, #4447 ) ) ;
#4389 = ORIENTED_EDGE ( 'NONE', *, *, #3740, .T. ) ;
#4390 = ORIENTED_EDGE ( 'NONE', *, *, #4391, .F. ) ;
#4391 = EDGE_CURVE ( 'NONE', #4392, #3742, #11615, .T. ) ;
#4392 = VERTEX_POINT ( 'NONE', #11611 ) ;
#4393 = ORIENTED_EDGE ( 'NONE', *, *, #4394, .F. ) ;
#4394 = EDGE_CURVE ( 'NONE', #4446, #4392, #11610, .T. ) ;
#4395 = EDGE_CURVE ( 'NONE', #4344, #3732, #11606, .T. ) ;
#4396 = ORIENTED_EDGE ( 'NONE', *, *, #4397, .F. ) ;
#4397 = EDGE_CURVE ( 'NONE', #4412, #4344, #11602, .T. ) ;
#4398 = ORIENTED_EDGE ( 'NONE', *, *, #4411, .T. ) ;
#4399 = ADVANCED_FACE ( 'NONE', ( #11598 ), #11597, .F. ) ;
#4400 = EDGE_LOOP ( 'NONE', ( #4401, #4402, #4403, #4405 ) ) ;
#4401 = ORIENTED_EDGE ( 'NONE', *, *, #3731, .T. ) ;
#4402 = ORIENTED_EDGE ( 'NONE', *, *, #4357, .F. ) ;
#4403 = ORIENTED_EDGE ( 'NONE', *, *, #4404, .F. ) ;
#4404 = EDGE_CURVE ( 'NONE', #4344, #4355, #11661, .T. ) ;
#4405 = ORIENTED_EDGE ( 'NONE', *, *, #4395, .T. ) ;
#4406 = ADVANCED_FACE ( 'NONE', ( #11657 ), #11656, .T. ) ;
#4407 = ADVANCED_FACE ( 'NONE', ( #11651 ), #11650, .F. ) ;
#4408 = EDGE_LOOP ( 'NONE', ( #4409, #4410, #4413, #4415 ) ) ;
#4409 = ORIENTED_EDGE ( 'NONE', *, *, #3737, .T. ) ;
#4410 = ORIENTED_EDGE ( 'NONE', *, *, #4411, .F. ) ;
#4411 = EDGE_CURVE ( 'NONE', #4412, #3735, #11645, .T. ) ;
#4412 = VERTEX_POINT ( 'NONE', #11641 ) ;
#4413 = ORIENTED_EDGE ( 'NONE', *, *, #4414, .F. ) ;
#4414 = EDGE_CURVE ( 'NONE', #4352, #4412, #11640, .T. ) ;
#4415 = ORIENTED_EDGE ( 'NONE', *, *, #4351, .T. ) ;
#4416 = ADVANCED_FACE ( 'NONE', ( #11636 ), #11635, .F. ) ;
#4417 = EDGE_CURVE ( 'NONE', #4418, #3758, #11695, .T. ) ;
#4418 = VERTEX_POINT ( 'NONE', #11691 ) ;
#4419 = ORIENTED_EDGE ( 'NONE', *, *, #4420, .F. ) ;
#4420 = EDGE_CURVE ( 'NONE', #4486, #4418, #11690, .T. ) ;
#4421 = EDGE_CURVE ( 'NONE', #4437, #4446, #11686, .T. ) ;
#4422 = ORIENTED_EDGE ( 'NONE', *, *, #4436, .T. ) ;
#4423 = ADVANCED_FACE ( 'NONE', ( #11682 ), #11681, .T. ) ;
#4424 = EDGE_LOOP ( 'NONE', ( #4425, #4426, #4427, #4428 ) ) ;
#4425 = ORIENTED_EDGE ( 'NONE', *, *, #4394, .T. ) ;
#4426 = ORIENTED_EDGE ( 'NONE', *, *, #4456, .T. ) ;
#4427 = ORIENTED_EDGE ( 'NONE', *, *, #4439, .T. ) ;
#4428 = ORIENTED_EDGE ( 'NONE', *, *, #4421, .T. ) ;
#4429 = ADVANCED_FACE ( 'NONE', ( #11676 ), #11675, .F. ) ;
#4430 = EDGE_LOOP ( 'NONE', ( #4431, #4432, #4487, #4490 ) ) ;
#4431 = ORIENTED_EDGE ( 'NONE', *, *, #3750, .T. ) ;
#4432 = ORIENTED_EDGE ( 'NONE', *, *, #4433, .F. ) ;
#4433 = EDGE_CURVE ( 'NONE', #4486, #3752, #11670, .T. ) ;
#4434 = ORIENTED_EDGE ( 'NONE', *, *, #3776, .T. ) ;
#4435 = ORIENTED_EDGE ( 'NONE', *, *, #4436, .F. ) ;
#4436 = EDGE_CURVE ( 'NONE', #4437, #3745, #11666, .T. ) ;
#4437 = VERTEX_POINT ( 'NONE', #11726 ) ;
#4438 = ORIENTED_EDGE ( 'NONE', *, *, #4439, .F. ) ;
#4439 = EDGE_CURVE ( 'NONE', #4454, #4437, #11725, .T. ) ;
#4440 = ORIENTED_EDGE ( 'NONE', *, *, #4453, .T. ) ;
#4441 = ADVANCED_FACE ( 'NONE', ( #11721 ), #11720, .F. ) ;
#4442 = EDGE_LOOP ( 'NONE', ( #4443, #4444, #4445, #4422 ) ) ;
#4443 = ORIENTED_EDGE ( 'NONE', *, *, #3744, .T. ) ;
#4444 = ORIENTED_EDGE ( 'NONE', *, *, #4448, .F. ) ;
#4445 = ORIENTED_EDGE ( 'NONE', *, *, #4421, .F. ) ;
#4446 = VERTEX_POINT ( 'NONE', #11715 ) ;
#4447 = ORIENTED_EDGE ( 'NONE', *, *, #4448, .T. ) ;
#4448 = EDGE_CURVE ( 'NONE', #4446, #3741, #11714, .T. ) ;
#4449 = ADVANCED_FACE ( 'NONE', ( #11710 ), #11709, .F. ) ;
#4450 = EDGE_LOOP ( 'NONE', ( #4451, #4452, #4455, #4457 ) ) ;
#4451 = ORIENTED_EDGE ( 'NONE', *, *, #3779, .T. ) ;
#4452 = ORIENTED_EDGE ( 'NONE', *, *, #4453, .F. ) ;
#4453 = EDGE_CURVE ( 'NONE', #4454, #3777, #11704, .T. ) ;
#4454 = VERTEX_POINT ( 'NONE', #11700 ) ;
#4455 = ORIENTED_EDGE ( 'NONE', *, *, #4456, .F. ) ;
#4456 = EDGE_CURVE ( 'NONE', #4392, #4454, #11699, .T. ) ;
#4457 = ORIENTED_EDGE ( 'NONE', *, *, #4391, .T. ) ;
#4458 = ORIENTED_EDGE ( 'NONE', *, *, #4459, .F. ) ;
#4459 = EDGE_CURVE ( 'NONE', #4460, #3790, #11760, .T. ) ;
#4460 = VERTEX_POINT ( 'NONE', #11756 ) ;
#4461 = ORIENTED_EDGE ( 'NONE', *, *, #4491, .F. ) ;
#4462 = ORIENTED_EDGE ( 'NONE', *, *, #4463, .F. ) ;
#4463 = EDGE_CURVE ( 'NONE', #4479, #4489, #11755, .T. ) ;
#4464 = ORIENTED_EDGE ( 'NONE', *, *, #4478, .T. ) ;
#4465 = ADVANCED_FACE ( 'NONE', ( #11751 ), #11750, .T. ) ;
#4466 = EDGE_LOOP ( 'NONE', ( #4467, #4468, #4469, #4470 ) ) ;
#4467 = ORIENTED_EDGE ( 'NONE', *, *, #4488, .T. ) ;
#4468 = ORIENTED_EDGE ( 'NONE', *, *, #4420, .T. ) ;
#4469 = ORIENTED_EDGE ( 'NONE', *, *, #4481, .T. ) ;
#4470 = ORIENTED_EDGE ( 'NONE', *, *, #4463, .T. ) ;
#4471 = ADVANCED_FACE ( 'NONE', ( #11745 ), #11744, .F. ) ;
#4472 = EDGE_LOOP ( 'NONE', ( #4523, #4524, #4527, #4530 ) ) ;
#4473 = ORIENTED_EDGE ( 'NONE', *, *, #4433, .T. ) ;
#4474 = ADVANCED_FACE ( 'NONE', ( #11739 ), #11738, .F. ) ;
#4475 = EDGE_LOOP ( 'NONE', ( #4476, #4477, #4480, #4482 ) ) ;
#4476 = ORIENTED_EDGE ( 'NONE', *, *, #3757, .T. ) ;
#4477 = ORIENTED_EDGE ( 'NONE', *, *, #4478, .F. ) ;
#4478 = EDGE_CURVE ( 'NONE', #4479, #3755, #11733, .T. ) ;
#4479 = VERTEX_POINT ( 'NONE', #11729 ) ;
#4480 = ORIENTED_EDGE ( 'NONE', *, *, #4481, .F. ) ;
#4481 = EDGE_CURVE ( 'NONE', #4418, #4479, #11796, .T. ) ;
#4482 = ORIENTED_EDGE ( 'NONE', *, *, #4417, .T. ) ;
#4483 = ADVANCED_FACE ( 'NONE', ( #11792 ), #11791, .F. ) ;
#4484 = EDGE_LOOP ( 'NONE', ( #4485, #4461, #4462, #4464 ) ) ;
#4485 = ORIENTED_EDGE ( 'NONE', *, *, #3754, .T. ) ;
#4486 = VERTEX_POINT ( 'NONE', #11786 ) ;
#4487 = ORIENTED_EDGE ( 'NONE', *, *, #4488, .F. ) ;
#4488 = EDGE_CURVE ( 'NONE', #4489, #4486, #11785, .T. ) ;
#4489 = VERTEX_POINT ( 'NONE', #11781 ) ;
#4490 = ORIENTED_EDGE ( 'NONE', *, *, #4491, .T. ) ;
#4491 = EDGE_CURVE ( 'NONE', #4489, #3751, #11780, .T. ) ;
#4492 = ADVANCED_FACE ( 'NONE', ( #11776 ), #11775, .F. ) ;
#4493 = EDGE_LOOP ( 'NONE', ( #4494, #4495, #4419, #4473 ) ) ;
#4494 = ORIENTED_EDGE ( 'NONE', *, *, #3760, .T. ) ;
#4495 = ORIENTED_EDGE ( 'NONE', *, *, #4417, .F. ) ;
#4496 = EDGE_LOOP ( 'NONE', ( #4497, #4551, #4552, #4555 ) ) ;
#4497 = ORIENTED_EDGE ( 'NONE', *, *, #4111, .T. ) ;
#4498 = ADVANCED_FACE ( 'NONE', ( #11770 ), #11769, .F. ) ;
#4499 = ORIENTED_EDGE ( 'NONE', *, *, #3786, .T. ) ;
#4500 = ORIENTED_EDGE ( 'NONE', *, *, #4531, .F. ) ;
#4501 = ORIENTED_EDGE ( 'NONE', *, *, #4502, .F. ) ;
#4502 = EDGE_CURVE ( 'NONE', #4518, #4529, #11764, .T. ) ;
#4503 = ORIENTED_EDGE ( 'NONE', *, *, #4517, .T. ) ;
#4504 = ADVANCED_FACE ( 'NONE', ( #11826 ), #11825, .T. ) ;
#4505 = EDGE_LOOP ( 'NONE', ( #4506, #4507, #4508, #4563 ) ) ;
#4506 = ORIENTED_EDGE ( 'NONE', *, *, #4528, .T. ) ;
#4507 = ORIENTED_EDGE ( 'NONE', *, *, #4511, .T. ) ;
#4508 = ORIENTED_EDGE ( 'NONE', *, *, #4520, .T. ) ;
#4509 = EDGE_LOOP ( 'NONE', ( #4565, #4566, #4569, #4572 ) ) ;
#4510 = ORIENTED_EDGE ( 'NONE', *, *, #4511, .F. ) ;
#4511 = EDGE_CURVE ( 'NONE', #4526, #4460, #11820, .T. ) ;
#4512 = ORIENTED_EDGE ( 'NONE', *, *, #4525, .T. ) ;
#4513 = ADVANCED_FACE ( 'NONE', ( #11816 ), #11815, .F. ) ;
#4514 = EDGE_LOOP ( 'NONE', ( #4515, #4516, #4519, #4521 ) ) ;
#4515 = ORIENTED_EDGE ( 'NONE', *, *, #3789, .T. ) ;
#4516 = ORIENTED_EDGE ( 'NONE', *, *, #4517, .F. ) ;
#4517 = EDGE_CURVE ( 'NONE', #4518, #3787, #11810, .T. ) ;
#4518 = VERTEX_POINT ( 'NONE', #11806 ) ;
#4519 = ORIENTED_EDGE ( 'NONE', *, *, #4520, .F. ) ;
#4520 = EDGE_CURVE ( 'NONE', #4460, #4518, #11805, .T. ) ;
#4521 = ORIENTED_EDGE ( 'NONE', *, *, #4459, .T. ) ;
#4522 = EDGE_LOOP ( 'NONE', ( #4499, #4500, #4501, #4503 ) ) ;
#4523 = ORIENTED_EDGE ( 'NONE', *, *, #3782, .T. ) ;
#4524 = ORIENTED_EDGE ( 'NONE', *, *, #4525, .F. ) ;
#4525 = EDGE_CURVE ( 'NONE', #4526, #3784, #11801, .T. ) ;
#4526 = VERTEX_POINT ( 'NONE', #11797 ) ;
#4527 = ORIENTED_EDGE ( 'NONE', *, *, #4528, .F. ) ;
#4528 = EDGE_CURVE ( 'NONE', #4529, #4526, #11862, .T. ) ;
#4529 = VERTEX_POINT ( 'NONE', #11858 ) ;
#4530 = ORIENTED_EDGE ( 'NONE', *, *, #4531, .T. ) ;
#4531 = EDGE_CURVE ( 'NONE', #4529, #3783, #11857, .T. ) ;
#4532 = ADVANCED_FACE ( 'NONE', ( #11853 ), #11852, .F. ) ;
#4533 = EDGE_LOOP ( 'NONE', ( #4534, #4458, #4510, #4512 ) ) ;
#4534 = ORIENTED_EDGE ( 'NONE', *, *, #3792, .T. ) ;
#4535 = ORIENTED_EDGE ( 'NONE', *, *, #4545, .F. ) ;
#4536 = ORIENTED_EDGE ( 'NONE', *, *, #4567, .T. ) ;
#4537 = ADVANCED_FACE ( 'NONE', ( #11847 ), #11846, .T. ) ;
#4538 = EDGE_LOOP ( 'NONE', ( #4539, #4540, #4541 ) ) ;
#4539 = ORIENTED_EDGE ( 'NONE', *, *, #4570, .T. ) ;
#4540 = ORIENTED_EDGE ( 'NONE', *, *, #4562, .T. ) ;
#4541 = ORIENTED_EDGE ( 'NONE', *, *, #4553, .T. ) ;
#4542 = ADVANCED_FACE ( 'NONE', ( #11841 ), #11840, .F. ) ;
#4543 = EDGE_LOOP ( 'NONE', ( #4544, #4548, #4602, #4605 ) ) ;
#4544 = ORIENTED_EDGE ( 'NONE', *, *, #4545, .T. ) ;
#4545 = EDGE_CURVE ( 'NONE', #4546, #4547, #11835, .T. ) ;
#4546 = VERTEX_POINT ( 'NONE', #11831 ) ;
#4547 = VERTEX_POINT ( 'NONE', #11830 ) ;
#4548 = ORIENTED_EDGE ( 'NONE', *, *, #4549, .F. ) ;
#4549 = EDGE_CURVE ( 'NONE', #4550, #4547, #11829, .T. ) ;
#4550 = VERTEX_POINT ( 'NONE', #11893 ) ;
#4551 = ORIENTED_EDGE ( 'NONE', *, *, #4573, .F. ) ;
#4552 = ORIENTED_EDGE ( 'NONE', *, *, #4553, .F. ) ;
#4553 = EDGE_CURVE ( 'NONE', #4554, #4571, #11892, .T. ) ;
#4554 = VERTEX_POINT ( 'NONE', #11888 ) ;
#4555 = ORIENTED_EDGE ( 'NONE', *, *, #4556, .T. ) ;
#4556 = EDGE_CURVE ( 'NONE', #4554, #4136, #11887, .T. ) ;
#4557 = ADVANCED_FACE ( 'NONE', ( #11883 ), #11882, .F. ) ;
#4558 = EDGE_LOOP ( 'NONE', ( #4559, #4560, #4561, #4536 ) ) ;
#4559 = ORIENTED_EDGE ( 'NONE', *, *, #4134, .T. ) ;
#4560 = ORIENTED_EDGE ( 'NONE', *, *, #4556, .F. ) ;
#4561 = ORIENTED_EDGE ( 'NONE', *, *, #4562, .F. ) ;
#4562 = EDGE_CURVE ( 'NONE', #4568, #4554, #11877, .T. ) ;
#4563 = ORIENTED_EDGE ( 'NONE', *, *, #4502, .T. ) ;
#4564 = ADVANCED_FACE ( 'NONE', ( #11873 ), #11872, .F. ) ;
#4565 = ORIENTED_EDGE ( 'NONE', *, *, #4108, .T. ) ;
#4566 = ORIENTED_EDGE ( 'NONE', *, *, #4567, .F. ) ;
#4567 = EDGE_CURVE ( 'NONE', #4568, #4135, #11867, .T. ) ;
#4568 = VERTEX_POINT ( 'NONE', #11863 ) ;
#4569 = ORIENTED_EDGE ( 'NONE', *, *, #4570, .F. ) ;
#4570 = EDGE_CURVE ( 'NONE', #4571, #4568, #11927, .T. ) ;
#4571 = VERTEX_POINT ( 'NONE', #11923 ) ;
#4572 = ORIENTED_EDGE ( 'NONE', *, *, #4573, .T. ) ;
#4573 = EDGE_CURVE ( 'NONE', #4571, #4109, #11922, .T. ) ;
#4574 = ADVANCED_FACE ( 'NONE', ( #11918 ), #11917, .F. ) ;
#4575 = ORIENTED_EDGE ( 'NONE', *, *, #4078, .T. ) ;
#4576 = ORIENTED_EDGE ( 'NONE', *, *, #4588, .T. ) ;
#4577 = ORIENTED_EDGE ( 'NONE', *, *, #4549, .T. ) ;
#4578 = ORIENTED_EDGE ( 'NONE', *, *, #4613, .T. ) ;
#4579 = ADVANCED_FACE ( 'NONE', ( #11912 ), #11911, .F. ) ;
#4580 = EDGE_LOOP ( 'NONE', ( #4581, #4582, #4583, #4584 ) ) ;
#4581 = ORIENTED_EDGE ( 'NONE', *, *, #3525, .F. ) ;
#4582 = ORIENTED_EDGE ( 'NONE', *, *, #4610, .T. ) ;
#4583 = ORIENTED_EDGE ( 'NONE', *, *, #4606, .F. ) ;
#4584 = ORIENTED_EDGE ( 'NONE', *, *, #4594, .F. ) ;
#4585 = ADVANCED_FACE ( 'NONE', ( #11906 ), #11905, .F. ) ;
#4586 = EDGE_LOOP ( 'NONE', ( #4587, #4643, #4644, #4647 ) ) ;
#4587 = ORIENTED_EDGE ( 'NONE', *, *, #4588, .F. ) ;
#4588 = EDGE_CURVE ( 'NONE', #4008, #4589, #11900, .T. ) ;
#4589 = VERTEX_POINT ( 'NONE', #11896 ) ;
#4590 = ADVANCED_FACE ( 'NONE', ( #11895 ), #11630, .F. ) ;
#4591 = EDGE_LOOP ( 'NONE', ( #4592, #4593, #4595, #4596 ) ) ;
#4592 = ORIENTED_EDGE ( 'NONE', *, *, #3531, .F. ) ;
#4593 = ORIENTED_EDGE ( 'NONE', *, *, #4594, .T. ) ;
#4594 = EDGE_CURVE ( 'NONE', #3521, #4604, #11960, .T. ) ;
#4595 = ORIENTED_EDGE ( 'NONE', *, *, #4603, .T. ) ;
#4596 = ORIENTED_EDGE ( 'NONE', *, *, #4597, .T. ) ;
#4597 = EDGE_CURVE ( 'NONE', #4550, #3528, #11956, .T. ) ;
#4598 = ADVANCED_FACE ( 'NONE', ( #11952 ), #11951, .F. ) ;
#4599 = EDGE_LOOP ( 'NONE', ( #4600, #4601, #4577, #4578 ) ) ;
#4600 = ORIENTED_EDGE ( 'NONE', *, *, #3547, .F. ) ;
#4601 = ORIENTED_EDGE ( 'NONE', *, *, #4597, .F. ) ;
#4602 = ORIENTED_EDGE ( 'NONE', *, *, #4603, .F. ) ;
#4603 = EDGE_CURVE ( 'NONE', #4604, #4550, #11946, .T. ) ;
#4604 = VERTEX_POINT ( 'NONE', #11942 ) ;
#4605 = ORIENTED_EDGE ( 'NONE', *, *, #4606, .T. ) ;
#4606 = EDGE_CURVE ( 'NONE', #4604, #4546, #11941, .T. ) ;
#4607 = ADVANCED_FACE ( 'NONE', ( #11937 ), #11936, .T. ) ;
#4608 = EDGE_LOOP ( 'NONE', ( #4609, #4611, #4612, #4535 ) ) ;
#4609 = ORIENTED_EDGE ( 'NONE', *, *, #4610, .F. ) ;
#4610 = EDGE_CURVE ( 'NONE', #3526, #4546, #11931, .T. ) ;
#4611 = ORIENTED_EDGE ( 'NONE', *, *, #162, .T. ) ;
#4612 = ORIENTED_EDGE ( 'NONE', *, *, #4613, .F. ) ;
#4613 = EDGE_CURVE ( 'NONE', #4547, #3637, #11991, .T. ) ;
#4614 = ORIENTED_EDGE ( 'NONE', *, *, #4687, .T. ) ;
#4615 = ADVANCED_FACE ( 'NONE', ( #11987 ), #11986, .F. ) ;
#4616 = ORIENTED_EDGE ( 'NONE', *, *, #4617, .F. ) ;
#4617 = EDGE_CURVE ( 'NONE', #4618, #4642, #11981, .T. ) ;
#4618 = VERTEX_POINT ( 'NONE', #11977 ) ;
#4619 = ORIENTED_EDGE ( 'NONE', *, *, #4620, .F. ) ;
#4620 = EDGE_CURVE ( 'NONE', #4621, #4618, #11976, .T. ) ;
#4621 = VERTEX_POINT ( 'NONE', #11972 ) ;
#4622 = ORIENTED_EDGE ( 'NONE', *, *, #4623, .F. ) ;
#4623 = EDGE_CURVE ( 'NONE', #4646, #4621, #11971, .T. ) ;
#4624 = ORIENTED_EDGE ( 'NONE', *, *, #4645, .F. ) ;
#4625 = ORIENTED_EDGE ( 'NONE', *, *, #4098, .F. ) ;
#4626 = ADVANCED_FACE ( 'NONE', ( #11967 ), #11966, .F. ) ;
#4627 = EDGE_LOOP ( 'NONE', ( #4628, #4686, #4688, #4689 ) ) ;
#4628 = ORIENTED_EDGE ( 'NONE', *, *, #4623, .T. ) ;
#4629 = ORIENTED_EDGE ( 'NONE', *, *, #4630, .T. ) ;
#4630 = EDGE_CURVE ( 'NONE', #4589, #4631, #11961, .T. ) ;
#4631 = VERTEX_POINT ( 'NONE', #12022 ) ;
#4632 = ORIENTED_EDGE ( 'NONE', *, *, #4633, .T. ) ;
#4633 = EDGE_CURVE ( 'NONE', #4631, #4634, #12021, .T. ) ;
#4634 = VERTEX_POINT ( 'NONE', #12017 ) ;
#4635 = ORIENTED_EDGE ( 'NONE', *, *, #4636, .T. ) ;
#4636 = EDGE_CURVE ( 'NONE', #4634, #4653, #12016, .T. ) ;
#4637 = ADVANCED_FACE ( 'NONE', ( #12012 ), #12011, .T. ) ;
#4638 = EDGE_LOOP ( 'NONE', ( #4639, #4640, #4616, #4619, #4622, #4624, #4625 ) ) ;
#4639 = ORIENTED_EDGE ( 'NONE', *, *, #3465, .F. ) ;
#4640 = ORIENTED_EDGE ( 'NONE', *, *, #4641, .F. ) ;
#4641 = EDGE_CURVE ( 'NONE', #4642, #3415, #12006, .T. ) ;
#4642 = VERTEX_POINT ( 'NONE', #12002 ) ;
#4643 = ORIENTED_EDGE ( 'NONE', *, *, #4007, .T. ) ;
#4644 = ORIENTED_EDGE ( 'NONE', *, *, #4645, .T. ) ;
#4645 = EDGE_CURVE ( 'NONE', #4099, #4646, #12001, .T. ) ;
#4646 = VERTEX_POINT ( 'NONE', #11997 ) ;
#4647 = ORIENTED_EDGE ( 'NONE', *, *, #4648, .F. ) ;
#4648 = EDGE_CURVE ( 'NONE', #4589, #4646, #11996, .T. ) ;
#4649 = ADVANCED_FACE ( 'NONE', ( #11992 ), #12057, .F. ) ;
#4650 = EDGE_LOOP ( 'NONE', ( #4651, #4654, #4575, #4576, #4629, #4632, #4635 ) ) ;
#4651 = ORIENTED_EDGE ( 'NONE', *, *, #4652, .T. ) ;
#4652 = EDGE_CURVE ( 'NONE', #4653, #3470, #12052, .T. ) ;
#4653 = VERTEX_POINT ( 'NONE', #12048 ) ;
#4654 = ORIENTED_EDGE ( 'NONE', *, *, #3482, .T. ) ;
#4655 = EDGE_LOOP ( 'NONE', ( #4656, #4714, #4717, #4719 ) ) ;
#4656 = ORIENTED_EDGE ( 'NONE', *, *, #4657, .T. ) ;
#4657 = EDGE_CURVE ( 'NONE', #4728, #4658, #12047, .T. ) ;
#4658 = VERTEX_POINT ( 'NONE', #12043 ) ;
#4659 = ADVANCED_FACE ( 'NONE', ( #12042 ), #12041, .F. ) ;
#4660 = ORIENTED_EDGE ( 'NONE', *, *, #4661, .T. ) ;
#4661 = EDGE_CURVE ( 'NONE', #4662, #4663, #12036, .T. ) ;
#4662 = VERTEX_POINT ( 'NONE', #12032 ) ;
#4663 = VERTEX_POINT ( 'NONE', #12031 ) ;
#4664 = ORIENTED_EDGE ( 'NONE', *, *, #4665, .F. ) ;
#4665 = EDGE_CURVE ( 'NONE', #4666, #4663, #12030, .T. ) ;
#4666 = VERTEX_POINT ( 'NONE', #12026 ) ;
#4667 = ORIENTED_EDGE ( 'NONE', *, *, #4668, .F. ) ;
#4668 = EDGE_CURVE ( 'NONE', #4669, #4666, #12091, .T. ) ;
#4669 = VERTEX_POINT ( 'NONE', #12087 ) ;
#4670 = ORIENTED_EDGE ( 'NONE', *, *, #4671, .T. ) ;
#4671 = EDGE_CURVE ( 'NONE', #4669, #4662, #12086, .T. ) ;
#4672 = ADVANCED_FACE ( 'NONE', ( #12082 ), #12081, .F. ) ;
#4673 = EDGE_LOOP ( 'NONE', ( #4674, #4675, #4677, #4678 ) ) ;
#4674 = ORIENTED_EDGE ( 'NONE', *, *, #4617, .T. ) ;
#4675 = ORIENTED_EDGE ( 'NONE', *, *, #4676, .F. ) ;
#4676 = EDGE_CURVE ( 'NONE', #4653, #4642, #12076, .T. ) ;
#4677 = ORIENTED_EDGE ( 'NONE', *, *, #4636, .F. ) ;
#4678 = ORIENTED_EDGE ( 'NONE', *, *, #4694, .T. ) ;
#4679 = ADVANCED_FACE ( 'NONE', ( #12072 ), #12071, .F. ) ;
#4680 = EDGE_LOOP ( 'NONE', ( #4681, #4682, #4683, #4684 ) ) ;
#4681 = ORIENTED_EDGE ( 'NONE', *, *, #4641, .T. ) ;
#4682 = ORIENTED_EDGE ( 'NONE', *, *, #3414, .F. ) ;
#4683 = ORIENTED_EDGE ( 'NONE', *, *, #4652, .F. ) ;
#4684 = ORIENTED_EDGE ( 'NONE', *, *, #4676, .T. ) ;
#4685 = EDGE_LOOP ( 'NONE', ( #4660, #4664, #4667, #4670 ) ) ;
#4686 = ORIENTED_EDGE ( 'NONE', *, *, #4687, .F. ) ;
#4687 = EDGE_CURVE ( 'NONE', #4631, #4621, #12066, .T. ) ;
#4688 = ORIENTED_EDGE ( 'NONE', *, *, #4630, .F. ) ;
#4689 = ORIENTED_EDGE ( 'NONE', *, *, #4648, .T. ) ;
#4690 = ADVANCED_FACE ( 'NONE', ( #12062 ), #12061, .F. ) ;
#4691 = EDGE_LOOP ( 'NONE', ( #4692, #4693, #4695, #4614 ) ) ;
#4692 = ORIENTED_EDGE ( 'NONE', *, *, #4620, .T. ) ;
#4693 = ORIENTED_EDGE ( 'NONE', *, *, #4694, .F. ) ;
#4694 = EDGE_CURVE ( 'NONE', #4634, #4618, #12123, .T. ) ;
#4695 = ORIENTED_EDGE ( 'NONE', *, *, #4633, .F. ) ;
#4696 = ORIENTED_EDGE ( 'NONE', *, *, #4712, .T. ) ;
#4697 = ORIENTED_EDGE ( 'NONE', *, *, #3150, .F. ) ;
#4698 = ORIENTED_EDGE ( 'NONE', *, *, #4706, .F. ) ;
#4699 = ORIENTED_EDGE ( 'NONE', *, *, #4715, .T. ) ;
#4700 = ADVANCED_FACE ( 'NONE', ( #12119 ), #12118, .F. ) ;
#4701 = EDGE_LOOP ( 'NONE', ( #4754, #4755, #4756, #4757 ) ) ;
#4702 = ORIENTED_EDGE ( 'NONE', *, *, #4668, .T. ) ;
#4703 = ORIENTED_EDGE ( 'NONE', *, *, #4733, .T. ) ;
#4704 = ORIENTED_EDGE ( 'NONE', *, *, #4718, .T. ) ;
#4705 = ORIENTED_EDGE ( 'NONE', *, *, #4706, .T. ) ;
#4706 = EDGE_CURVE ( 'NONE', #4716, #3157, #12113, .T. ) ;
#4707 = ADVANCED_FACE ( 'NONE', ( #12109 ), #12108, .T. ) ;
#4708 = EDGE_LOOP ( 'NONE', ( #4709, #4710, #4711, #4713, #4770, #4771, #4772 ) ) ;
#4709 = ORIENTED_EDGE ( 'NONE', *, *, #3447, .F. ) ;
#4710 = ORIENTED_EDGE ( 'NONE', *, *, #3137, .F. ) ;
#4711 = ORIENTED_EDGE ( 'NONE', *, *, #4712, .F. ) ;
#4712 = EDGE_CURVE ( 'NONE', #4658, #3158, #12103, .T. ) ;
#4713 = ORIENTED_EDGE ( 'NONE', *, *, #4657, .F. ) ;
#4714 = ORIENTED_EDGE ( 'NONE', *, *, #4715, .F. ) ;
#4715 = EDGE_CURVE ( 'NONE', #4716, #4658, #12099, .T. ) ;
#4716 = VERTEX_POINT ( 'NONE', #12095 ) ;
#4717 = ORIENTED_EDGE ( 'NONE', *, *, #4718, .F. ) ;
#4718 = EDGE_CURVE ( 'NONE', #4731, #4716, #12094, .T. ) ;
#4719 = ORIENTED_EDGE ( 'NONE', *, *, #4730, .T. ) ;
#4720 = ADVANCED_FACE ( 'NONE', ( #12156 ), #12155, .F. ) ;
#4721 = EDGE_LOOP ( 'NONE', ( #4722, #4723, #4724, #4702, #4703, #4704, #4705 ) ) ;
#4722 = ORIENTED_EDGE ( 'NONE', *, *, #3156, .T. ) ;
#4723 = ORIENTED_EDGE ( 'NONE', *, *, #3340, .T. ) ;
#4724 = ORIENTED_EDGE ( 'NONE', *, *, #4725, .T. ) ;
#4725 = EDGE_CURVE ( 'NONE', #3395, #4669, #12150, .T. ) ;
#4726 = ORIENTED_EDGE ( 'NONE', *, *, #4727, .T. ) ;
#4727 = EDGE_CURVE ( 'NONE', #4663, #4728, #12146, .T. ) ;
#4728 = VERTEX_POINT ( 'NONE', #12142 ) ;
#4729 = ORIENTED_EDGE ( 'NONE', *, *, #4730, .F. ) ;
#4730 = EDGE_CURVE ( 'NONE', #4731, #4728, #12141, .T. ) ;
#4731 = VERTEX_POINT ( 'NONE', #12137 ) ;
#4732 = ORIENTED_EDGE ( 'NONE', *, *, #4733, .F. ) ;
#4733 = EDGE_CURVE ( 'NONE', #4666, #4731, #12136, .T. ) ;
#4734 = ORIENTED_EDGE ( 'NONE', *, *, #4665, .T. ) ;
#4735 = ADVANCED_FACE ( 'NONE', ( #12132 ), #12131, .F. ) ;
#4736 = ADVANCED_FACE ( 'NONE', ( #12126 ), #12125, .F. ) ;
#4737 = EDGE_LOOP ( 'NONE', ( #4738, #4739, #4740, #4741 ) ) ;
#4738 = ORIENTED_EDGE ( 'NONE', *, *, #3550, .F. ) ;
#4739 = ORIENTED_EDGE ( 'NONE', *, *, #4806, .T. ) ;
#4740 = ORIENTED_EDGE ( 'NONE', *, *, #4768, .T. ) ;
#4741 = ORIENTED_EDGE ( 'NONE', *, *, #4748, .T. ) ;
#4742 = ORIENTED_EDGE ( 'NONE', *, *, #4743, .T. ) ;
#4743 = EDGE_CURVE ( 'NONE', #4769, #4762, #12187, .T. ) ;
#4744 = ADVANCED_FACE ( 'NONE', ( #12183 ), #12182, .F. ) ;
#4745 = EDGE_LOOP ( 'NONE', ( #4746, #4747, #4749, #4750 ) ) ;
#4746 = ORIENTED_EDGE ( 'NONE', *, *, #3553, .F. ) ;
#4747 = ORIENTED_EDGE ( 'NONE', *, *, #4748, .F. ) ;
#4748 = EDGE_CURVE ( 'NONE', #4766, #3516, #12177, .T. ) ;
#4749 = ORIENTED_EDGE ( 'NONE', *, *, #4765, .T. ) ;
#4750 = ORIENTED_EDGE ( 'NONE', *, *, #4751, .T. ) ;
#4751 = EDGE_CURVE ( 'NONE', #4763, #3554, #12173, .T. ) ;
#4752 = ADVANCED_FACE ( 'NONE', ( #12169 ), #12168, .F. ) ;
#4753 = EDGE_LOOP ( 'NONE', ( #4802, #4804, #4805, #4807 ) ) ;
#4754 = ORIENTED_EDGE ( 'NONE', *, *, #4773, .T. ) ;
#4755 = ORIENTED_EDGE ( 'NONE', *, *, #4671, .F. ) ;
#4756 = ORIENTED_EDGE ( 'NONE', *, *, #4725, .F. ) ;
#4757 = ORIENTED_EDGE ( 'NONE', *, *, #3394, .T. ) ;
#4758 = ADVANCED_FACE ( 'NONE', ( #12163 ), #12162, .F. ) ;
#4759 = EDGE_LOOP ( 'NONE', ( #4760, #4764, #4767, #4742 ) ) ;
#4760 = ORIENTED_EDGE ( 'NONE', *, *, #4761, .T. ) ;
#4761 = EDGE_CURVE ( 'NONE', #4762, #4763, #12224, .T. ) ;
#4762 = VERTEX_POINT ( 'NONE', #12220 ) ;
#4763 = VERTEX_POINT ( 'NONE', #12219 ) ;
#4764 = ORIENTED_EDGE ( 'NONE', *, *, #4765, .F. ) ;
#4765 = EDGE_CURVE ( 'NONE', #4766, #4763, #12218, .T. ) ;
#4766 = VERTEX_POINT ( 'NONE', #12214 ) ;
#4767 = ORIENTED_EDGE ( 'NONE', *, *, #4768, .F. ) ;
#4768 = EDGE_CURVE ( 'NONE', #4769, #4766, #12213, .T. ) ;
#4769 = VERTEX_POINT ( 'NONE', #12209 ) ;
#4770 = ORIENTED_EDGE ( 'NONE', *, *, #4727, .F. ) ;
#4771 = ORIENTED_EDGE ( 'NONE', *, *, #4661, .F. ) ;
#4772 = ORIENTED_EDGE ( 'NONE', *, *, #4773, .F. ) ;
#4773 = EDGE_CURVE ( 'NONE', #3392, #4662, #12208, .T. ) ;
#4774 = ADVANCED_FACE ( 'NONE', ( #12204 ), #12203, .F. ) ;
#4775 = EDGE_LOOP ( 'NONE', ( #4696, #4697, #4698, #4699 ) ) ;
#4776 = LINE ( 'NONE', #4841, #4840 ) ;
#4777 = CARTESIAN_POINT ( 'NONE',  ( 1.600000000000000800, 2.099999999999999600, -0.4000000000000004100 ) ) ;
#4778 = DIRECTION ( 'NONE',  ( 0.0000000000000000000, -0.0000000000000000000, 1.000000000000000000 ) ) ;
#4779 = VECTOR ( 'NONE', #4778, 1000.000000000000000 ) ;
#4780 = CARTESIAN_POINT ( 'NONE',  ( 1.599999999999999000, 2.099999999999999600, -2.100000000000001000 ) ) ;
#4781 = LINE ( 'NONE', #4780, #4779 ) ;
#4782 = CARTESIAN_POINT ( 'NONE',  ( 1.400000000000000100, 2.099999999999999600, -0.9000000000000003600 ) ) ;
#4783 = CARTESIAN_POINT ( 'NONE',  ( 1.599999999999999000, 2.099999999999999600, -0.9000000000000003600 ) ) ;
#4784 = DIRECTION ( 'NONE',  ( -1.000000000000000000, -0.0000000000000000000, -0.0000000000000000000 ) ) ;
#4785 = VECTOR ( 'NONE', #4784, 1000.000000000000000 ) ;
#4786 = CARTESIAN_POINT ( 'NONE',  ( 1.599999999999999600, 2.099999999999999600, -0.9000000000000003600 ) ) ;
#4787 = LINE ( 'NONE', #4786, #4785 ) ;
#4788 = CARTESIAN_POINT ( 'NONE',  ( 5.399999999999999500, 4.999999999999999100, -2.999999999999999600 ) ) ;
#4789 = ADVANCED_FACE ( 'NONE', ( #12198 ), #12197, .T. ) ;
#4790 = EDGE_LOOP ( 'NONE', ( #4791, #4792, #4793, #4794 ) ) ;
#4791 = ORIENTED_EDGE ( 'NONE', *, *, #4803, .F. ) ;
#4792 = ORIENTED_EDGE ( 'NONE', *, *, #3572, .T. ) ;
#4793 = ORIENTED_EDGE ( 'NONE', *, *, #4751, .F. ) ;
#4794 = ORIENTED_EDGE ( 'NONE', *, *, #4761, .F. ) ;
#4795 = ADVANCED_FACE ( 'NONE', ( #12192 ), #12254, .F. ) ;
#4796 = EDGE_LOOP ( 'NONE', ( #4797, #4801, #123, #126 ) ) ;
#4797 = ORIENTED_EDGE ( 'NONE', *, *, #4798, .T. ) ;
#4798 = EDGE_CURVE ( 'NONE', #4799, #4800, #12249, .T. ) ;
#4799 = VERTEX_POINT ( 'NONE', #12245 ) ;
#4800 = VERTEX_POINT ( 'NONE', #12244 ) ;
#4801 = ORIENTED_EDGE ( 'NONE', *, *, #121, .F. ) ;
#4802 = ORIENTED_EDGE ( 'NONE', *, *, #4803, .T. ) ;
#4803 = EDGE_CURVE ( 'NONE', #3515, #4762, #12243, .T. ) ;
#4804 = ORIENTED_EDGE ( 'NONE', *, *, #4743, .F. ) ;
#4805 = ORIENTED_EDGE ( 'NONE', *, *, #4806, .F. ) ;
#4806 = EDGE_CURVE ( 'NONE', #3569, #4769, #12239, .T. ) ;
#4807 = ORIENTED_EDGE ( 'NONE', *, *, #3514, .T. ) ;
#4808 = CARTESIAN_POINT ( 'NONE',  ( -1.400000000000000100, 2.099999999999999600, 0.3999999999999997400 ) ) ;
#4809 = CARTESIAN_POINT ( 'NONE',  ( -1.600000000000000800, 2.099999999999999600, 0.3999999999999997400 ) ) ;
#4810 = DIRECTION ( 'NONE',  ( 1.000000000000000000, -0.0000000000000000000, 0.0000000000000000000 ) ) ;
#4811 = VECTOR ( 'NONE', #4810, 1000.000000000000000 ) ;
#4812 = CARTESIAN_POINT ( 'NONE',  ( -7.049999999999998900, 2.099999999999999600, 0.3999999999999997400 ) ) ;
#4813 = LINE ( 'NONE', #4812, #4811 ) ;
#4814 = DIRECTION ( 'NONE',  ( 0.0000000000000000000, -0.0000000000000000000, 1.000000000000000000 ) ) ;
#4815 = VECTOR ( 'NONE', #4814, 1000.000000000000000 ) ;
#4816 = CARTESIAN_POINT ( 'NONE',  ( -1.600000000000000800, 2.099999999999999600, -2.100000000000001000 ) ) ;
#4817 = LINE ( 'NONE', #4816, #4815 ) ;
#4818 = CARTESIAN_POINT ( 'NONE',  ( -1.600000000000000500, 2.099999999999999600, -0.4000000000000006300 ) ) ;
#4819 = DIRECTION ( 'NONE',  ( -1.000000000000000000, 0.0000000000000000000, 0.0000000000000000000 ) ) ;
#4820 = VECTOR ( 'NONE', #4819, 1000.000000000000000 ) ;
#4821 = CARTESIAN_POINT ( 'NONE',  ( -7.049999999999998900, 2.099999999999999600, -0.4000000000000006300 ) ) ;
#4822 = LINE ( 'NONE', #4821, #4820 ) ;
#4823 = CARTESIAN_POINT ( 'NONE',  ( -1.400000000000000100, 2.099999999999999600, -0.4000000000000006300 ) ) ;
#4824 = DIRECTION ( 'NONE',  ( 0.0000000000000000000, -0.0000000000000000000, 1.000000000000000000 ) ) ;
#4825 = VECTOR ( 'NONE', #4824, 1000.000000000000000 ) ;
#4826 = CARTESIAN_POINT ( 'NONE',  ( -1.400000000000000100, 2.099999999999999600, -2.100000000000001000 ) ) ;
#4827 = LINE ( 'NONE', #4826, #4825 ) ;
#4828 = CARTESIAN_POINT ( 'NONE',  ( -1.600000000000000800, 2.099999999999999600, -0.9000000000000003600 ) ) ;
#4829 = CARTESIAN_POINT ( 'NONE',  ( -1.400000000000000100, 2.099999999999999600, -0.9000000000000003600 ) ) ;
#4830 = DIRECTION ( 'NONE',  ( -1.000000000000000000, -0.0000000000000000000, -0.0000000000000000000 ) ) ;
#4831 = VECTOR ( 'NONE', #4830, 1000.000000000000000 ) ;
#4832 = CARTESIAN_POINT ( 'NONE',  ( -1.400000000000000400, 2.099999999999999600, -0.9000000000000003600 ) ) ;
#4833 = LINE ( 'NONE', #4832, #4831 ) ;
#4834 = DIRECTION ( 'NONE',  ( 0.0000000000000000000, 0.0000000000000000000, 1.000000000000000000 ) ) ;
#4835 = VECTOR ( 'NONE', #4834, 1000.000000000000000 ) ;
#4836 = CARTESIAN_POINT ( 'NONE',  ( -2.600000000000001400, 2.099999999999999600, -2.100000000000001000 ) ) ;
#4837 = LINE ( 'NONE', #4836, #4835 ) ;
#4838 = CARTESIAN_POINT ( 'NONE',  ( 1.399999999999999500, 2.099999999999999600, -0.4000000000000005200 ) ) ;
#4839 = DIRECTION ( 'NONE',  ( -1.000000000000000000, 0.0000000000000000000, 0.0000000000000000000 ) ) ;
#4840 = VECTOR ( 'NONE', #4839, 1000.000000000000000 ) ;
#4841 = CARTESIAN_POINT ( 'NONE',  ( -7.049999999999998900, 2.099999999999999600, -0.4000000000000004100 ) ) ;
#4842 = DIRECTION ( 'NONE',  ( 0.0000000000000000000, 0.0000000000000000000, 1.000000000000000000 ) ) ;
#4843 = VECTOR ( 'NONE', #4842, 1000.000000000000000 ) ;
#4844 = CARTESIAN_POINT ( 'NONE',  ( -0.6000000000000007500, 2.099999999999999600, -2.100000000000001000 ) ) ;
#4845 = LINE ( 'NONE', #4844, #4843 ) ;
#4846 = CARTESIAN_POINT ( 'NONE',  ( -0.6000000000000005300, 2.099999999999999600, 0.8999999999999998000 ) ) ;
#4847 = DIRECTION ( 'NONE',  ( -1.000000000000000000, 0.0000000000000000000, 0.0000000000000000000 ) ) ;
#4848 = VECTOR ( 'NONE', #4847, 1000.000000000000000 ) ;
#4849 = CARTESIAN_POINT ( 'NONE',  ( -7.049999999999998900, 2.099999999999999600, 0.8999999999999998000 ) ) ;
#4850 = LINE ( 'NONE', #4849, #4848 ) ;
#4851 = CARTESIAN_POINT ( 'NONE',  ( -0.4000000000000001900, 2.099999999999999600, 0.8999999999999998000 ) ) ;
#4852 = DIRECTION ( 'NONE',  ( 0.0000000000000000000, 0.0000000000000000000, 1.000000000000000000 ) ) ;
#4853 = VECTOR ( 'NONE', #4852, 1000.000000000000000 ) ;
#4854 = CARTESIAN_POINT ( 'NONE',  ( -0.4000000000000001900, 2.099999999999999600, -2.100000000000001000 ) ) ;
#4855 = LINE ( 'NONE', #4854, #4853 ) ;
#4856 = CARTESIAN_POINT ( 'NONE',  ( -0.4000000000000001900, 2.099999999999999600, 0.3999999999999997400 ) ) ;
#4857 = CARTESIAN_POINT ( 'NONE',  ( -0.6000000000000007500, 2.099999999999999600, 0.3999999999999997400 ) ) ;
#4858 = DIRECTION ( 'NONE',  ( 0.0000000000000000000, 0.0000000000000000000, 1.000000000000000000 ) ) ;
#4859 = VECTOR ( 'NONE', #4858, 1000.000000000000000 ) ;
#4860 = CARTESIAN_POINT ( 'NONE',  ( -1.600000000000000800, 2.099999999999999600, -2.100000000000001000 ) ) ;
#4861 = LINE ( 'NONE', #4860, #4859 ) ;
#4862 = CARTESIAN_POINT ( 'NONE',  ( -1.600000000000000500, 2.099999999999999600, 0.8999999999999998000 ) ) ;
#4863 = DIRECTION ( 'NONE',  ( -1.000000000000000000, 0.0000000000000000000, 0.0000000000000000000 ) ) ;
#4864 = VECTOR ( 'NONE', #4863, 1000.000000000000000 ) ;
#4865 = CARTESIAN_POINT ( 'NONE',  ( -7.049999999999998900, 2.099999999999999600, 0.8999999999999998000 ) ) ;
#4866 = LINE ( 'NONE', #4865, #4864 ) ;
#4867 = CARTESIAN_POINT ( 'NONE',  ( -1.400000000000000100, 2.099999999999999600, 0.8999999999999998000 ) ) ;
#4868 = DIRECTION ( 'NONE',  ( 0.0000000000000000000, 0.0000000000000000000, 1.000000000000000000 ) ) ;
#4869 = VECTOR ( 'NONE', #4868, 1000.000000000000000 ) ;
#4870 = CARTESIAN_POINT ( 'NONE',  ( -1.400000000000000100, 2.099999999999999600, -2.100000000000001000 ) ) ;
#4871 = LINE ( 'NONE', #4870, #4869 ) ;
#4872 = DIRECTION ( 'NONE',  ( 0.0000000000000000000, -0.0000000000000000000, 1.000000000000000000 ) ) ;
#4873 = VECTOR ( 'NONE', #4872, 1000.000000000000000 ) ;
#4874 = CARTESIAN_POINT ( 'NONE',  ( -0.6000000000000007500, 2.099999999999999600, -2.100000000000001000 ) ) ;
#4875 = LINE ( 'NONE', #4874, #4873 ) ;
#4876 = CARTESIAN_POINT ( 'NONE',  ( -0.6000000000000005300, 2.099999999999999600, -0.4000000000000005800 ) ) ;
#4877 = DIRECTION ( 'NONE',  ( -1.000000000000000000, 0.0000000000000000000, 0.0000000000000000000 ) ) ;
#4878 = VECTOR ( 'NONE', #4877, 1000.000000000000000 ) ;
#4879 = CARTESIAN_POINT ( 'NONE',  ( -7.049999999999998900, 2.099999999999999600, -0.4000000000000006300 ) ) ;
#4880 = LINE ( 'NONE', #4879, #4878 ) ;
#4881 = CARTESIAN_POINT ( 'NONE',  ( -0.4000000000000001900, 2.099999999999999600, -0.4000000000000006300 ) ) ;
#4882 = DIRECTION ( 'NONE',  ( 0.0000000000000000000, -0.0000000000000000000, 1.000000000000000000 ) ) ;
#4883 = VECTOR ( 'NONE', #4882, 1000.000000000000000 ) ;
#4884 = CARTESIAN_POINT ( 'NONE',  ( -0.4000000000000001900, 2.099999999999999600, -2.100000000000001000 ) ) ;
#4885 = LINE ( 'NONE', #4884, #4883 ) ;
#4886 = CARTESIAN_POINT ( 'NONE',  ( -0.6000000000000007500, 2.099999999999999600, -0.9000000000000003600 ) ) ;
#4887 = CARTESIAN_POINT ( 'NONE',  ( -0.4000000000000001900, 2.099999999999999600, -0.9000000000000003600 ) ) ;
#4888 = DIRECTION ( 'NONE',  ( -1.000000000000000000, -0.0000000000000000000, -0.0000000000000000000 ) ) ;
#4889 = VECTOR ( 'NONE', #4888, 1000.000000000000000 ) ;
#4890 = CARTESIAN_POINT ( 'NONE',  ( -0.4000000000000005200, 2.099999999999999600, -0.9000000000000003600 ) ) ;
#4891 = LINE ( 'NONE', #4890, #4889 ) ;
#4892 = CARTESIAN_POINT ( 'NONE',  ( -2.600000000000001000, 2.099999999999999600, 0.8999999999999996900 ) ) ;
#4893 = DIRECTION ( 'NONE',  ( -1.000000000000000000, 0.0000000000000000000, 0.0000000000000000000 ) ) ;
#4894 = VECTOR ( 'NONE', #4893, 1000.000000000000000 ) ;
#4895 = CARTESIAN_POINT ( 'NONE',  ( -7.049999999999998900, 2.099999999999999600, 0.8999999999999998000 ) ) ;
#4896 = LINE ( 'NONE', #4895, #4894 ) ;
#4897 = CARTESIAN_POINT ( 'NONE',  ( 0.5999999999999998700, 2.099999999999999600, -0.4000000000000006300 ) ) ;
#4898 = CARTESIAN_POINT ( 'NONE',  ( 0.3999999999999993000, 2.099999999999999600, -0.9000000000000003600 ) ) ;
#4899 = CARTESIAN_POINT ( 'NONE',  ( 0.5999999999999998700, 2.099999999999999600, -0.9000000000000003600 ) ) ;
#4900 = DIRECTION ( 'NONE',  ( -1.000000000000000000, -0.0000000000000000000, -0.0000000000000000000 ) ) ;
#4901 = VECTOR ( 'NONE', #4900, 1000.000000000000000 ) ;
#4902 = CARTESIAN_POINT ( 'NONE',  ( 0.5999999999999996400, 2.099999999999999600, -0.9000000000000003600 ) ) ;
#4903 = LINE ( 'NONE', #4902, #4901 ) ;
#4904 = VECTOR ( 'NONE', #4966, 1000.000000000000000 ) ;
#4905 = CARTESIAN_POINT ( 'NONE',  ( 7.049999999999998900, 2.099999999999999600, 2.600000000000001900 ) ) ;
#4906 = LINE ( 'NONE', #4905, #4904 ) ;
#4907 = CARTESIAN_POINT ( 'NONE',  ( -7.200000000000000200, 2.099999999999999600, -2.100000000000001000 ) ) ;
#4908 = CARTESIAN_POINT ( 'NONE',  ( 7.200000000000000200, 2.099999999999999600, -2.100000000000001000 ) ) ;
#4909 = CARTESIAN_POINT ( 'NONE',  ( 7.200000000000000200, 2.099999999999999600, 0.1500000000000006900 ) ) ;
#4910 = DIRECTION ( 'NONE',  ( -1.000000000000000000, 0.0000000000000000000, -6.776263578034385500E-017 ) ) ;
#4911 = VECTOR ( 'NONE', #4910, 1000.000000000000000 ) ;
#4912 = CARTESIAN_POINT ( 'NONE',  ( 7.600000000000000500, 2.099999999999999600, 0.1500000000000007200 ) ) ;
#4913 = LINE ( 'NONE', #4912, #4911 ) ;
#4914 = DIRECTION ( 'NONE',  ( 0.0000000000000000000, -6.938893903907228400E-016, 1.000000000000000000 ) ) ;
#4915 = VECTOR ( 'NONE', #4914, 1000.000000000000000 ) ;
#4916 = CARTESIAN_POINT ( 'NONE',  ( -7.799999999999999800, 5.099999999999998800, -1.700000000000000000 ) ) ;
#4917 = LINE ( 'NONE', #4916, #4915 ) ;
#4918 = DIRECTION ( 'NONE',  ( -1.000000000000000000, -0.0000000000000000000, -0.0000000000000000000 ) ) ;
#4919 = VECTOR ( 'NONE', #4918, 1000.000000000000000 ) ;
#4920 = CARTESIAN_POINT ( 'NONE',  ( -7.200000000000000200, 2.099999999999999600, -2.100000000000001000 ) ) ;
#4921 = LINE ( 'NONE', #4920, #4919 ) ;
#4922 = CARTESIAN_POINT ( 'NONE',  ( -7.599999999999998800, 2.099999999999999600, 2.600000000000001000 ) ) ;
#4923 = DIRECTION ( 'NONE',  ( 7.080503983578803800E-016, -0.0000000000000000000, 1.000000000000000000 ) ) ;
#4924 = VECTOR ( 'NONE', #4923, 1000.000000000000000 ) ;
#4925 = CARTESIAN_POINT ( 'NONE',  ( -7.599999999999998800, 2.099999999999999600, 2.600000000000001000 ) ) ;
#4926 = LINE ( 'NONE', #4925, #4924 ) ;
#4927 = CARTESIAN_POINT ( 'NONE',  ( 7.049999999999998900, 2.099999999999999600, 2.100000000000001400 ) ) ;
#4928 = DIRECTION ( 'NONE',  ( 1.000000000000000000, -0.0000000000000000000, -0.0000000000000000000 ) ) ;
#4929 = VECTOR ( 'NONE', #4928, 1000.000000000000000 ) ;
#4930 = CARTESIAN_POINT ( 'NONE',  ( 7.049999999999998900, 2.099999999999999600, 2.100000000000001400 ) ) ;
#4931 = LINE ( 'NONE', #4930, #4929 ) ;
#4932 = DIRECTION ( 'NONE',  ( 1.000000000000000000, -0.0000000000000000000, 0.0000000000000000000 ) ) ;
#4933 = VECTOR ( 'NONE', #4932, 1000.000000000000000 ) ;
#4934 = CARTESIAN_POINT ( 'NONE',  ( -7.049999999999998900, 2.099999999999999600, 0.3999999999999997400 ) ) ;
#4935 = LINE ( 'NONE', #4934, #4933 ) ;
#4936 = LINE ( 'NONE', #4999, #4998 ) ;
#4937 = CARTESIAN_POINT ( 'NONE',  ( 0.5999999999999998700, 2.099999999999999600, 0.3999999999999997400 ) ) ;
#4938 = CARTESIAN_POINT ( 'NONE',  ( 0.3999999999999993000, 2.099999999999999600, 0.3999999999999997400 ) ) ;
#4939 = DIRECTION ( 'NONE',  ( 1.000000000000000000, -0.0000000000000000000, 0.0000000000000000000 ) ) ;
#4940 = VECTOR ( 'NONE', #4939, 1000.000000000000000 ) ;
#4941 = CARTESIAN_POINT ( 'NONE',  ( -7.049999999999998900, 2.099999999999999600, 0.3999999999999997400 ) ) ;
#4942 = LINE ( 'NONE', #4941, #4940 ) ;
#4943 = DIRECTION ( 'NONE',  ( 0.0000000000000000000, -0.0000000000000000000, 1.000000000000000000 ) ) ;
#4944 = VECTOR ( 'NONE', #4943, 1000.000000000000000 ) ;
#4945 = CARTESIAN_POINT ( 'NONE',  ( 0.3999999999999993000, 2.099999999999999600, -2.100000000000001000 ) ) ;
#4946 = LINE ( 'NONE', #4945, #4944 ) ;
#4947 = CARTESIAN_POINT ( 'NONE',  ( 0.3999999999999995800, 2.099999999999999600, -0.4000000000000005800 ) ) ;
#4948 = DIRECTION ( 'NONE',  ( -1.000000000000000000, 0.0000000000000000000, 0.0000000000000000000 ) ) ;
#4949 = VECTOR ( 'NONE', #4948, 1000.000000000000000 ) ;
#4950 = CARTESIAN_POINT ( 'NONE',  ( -7.049999999999998900, 2.099999999999999600, -0.4000000000000006300 ) ) ;
#4951 = LINE ( 'NONE', #4950, #4949 ) ;
#4952 = DIRECTION ( 'NONE',  ( 0.0000000000000000000, -0.0000000000000000000, 1.000000000000000000 ) ) ;
#4953 = VECTOR ( 'NONE', #4952, 1000.000000000000000 ) ;
#4954 = CARTESIAN_POINT ( 'NONE',  ( 0.5999999999999998700, 2.099999999999999600, -2.100000000000001000 ) ) ;
#4955 = LINE ( 'NONE', #4954, #4953 ) ;
#4956 = CARTESIAN_POINT ( 'NONE',  ( 7.049999999999998900, 2.099999999999999600, 2.600000000000001900 ) ) ;
#4957 = DIRECTION ( 'NONE',  ( 0.0000000000000000000, 0.0000000000000000000, 1.000000000000000000 ) ) ;
#4958 = VECTOR ( 'NONE', #4957, 1000.000000000000000 ) ;
#4959 = CARTESIAN_POINT ( 'NONE',  ( 7.049999999999998900, 2.099999999999999600, 2.100000000000001400 ) ) ;
#4960 = LINE ( 'NONE', #4959, #4958 ) ;
#4961 = CARTESIAN_POINT ( 'NONE',  ( -7.049999999999998900, 2.099999999999999600, 2.100000000000001400 ) ) ;
#4962 = DIRECTION ( 'NONE',  ( -0.0000000000000000000, -0.0000000000000000000, -1.000000000000000000 ) ) ;
#4963 = VECTOR ( 'NONE', #4962, 1000.000000000000000 ) ;
#4964 = CARTESIAN_POINT ( 'NONE',  ( -7.049999999999998900, 2.099999999999999600, 2.100000000000001400 ) ) ;
#4965 = LINE ( 'NONE', #4964, #4963 ) ;
#4966 = DIRECTION ( 'NONE',  ( 1.000000000000000000, 0.0000000000000000000, -1.577021341797097000E-015 ) ) ;
#4967 = DIRECTION ( 'NONE',  ( 0.0000000000000000000, -0.0000000000000000000, 1.000000000000000000 ) ) ;
#4968 = DIRECTION ( 'NONE',  ( -0.0000000000000000000, 1.000000000000000000, 0.0000000000000000000 ) ) ;
#4969 = CARTESIAN_POINT ( 'NONE',  ( 5.599999999999998800, -0.6999999999999999600, -2.799999999999999400 ) ) ;
#4970 = AXIS2_PLACEMENT_3D ( 'NONE', #4969, #4968, #4967 ) ;
#4971 = PLANE ( 'NONE',  #4970 ) ;
#4972 = FACE_OUTER_BOUND ( 'NONE', #129, .T. ) ;
#4973 = DIRECTION ( 'NONE',  ( -1.000000000000000000, -0.0000000000000000000, -0.0000000000000000000 ) ) ;
#4974 = VECTOR ( 'NONE', #4973, 1000.000000000000000 ) ;
#4975 = CARTESIAN_POINT ( 'NONE',  ( 5.599999999999998800, -0.1999999999999999800, -2.799999999999999400 ) ) ;
#4976 = LINE ( 'NONE', #4975, #4974 ) ;
#4977 = CARTESIAN_POINT ( 'NONE',  ( 5.599999999999998800, -0.1999999999999999800, -2.799999999999999400 ) ) ;
#4978 = DIRECTION ( 'NONE',  ( 0.0000000000000000000, -1.000000000000000000, 0.0000000000000000000 ) ) ;
#4979 = VECTOR ( 'NONE', #4978, 1000.000000000000000 ) ;
#4980 = CARTESIAN_POINT ( 'NONE',  ( 5.599999999999998800, -0.1999999999999999800, -2.799999999999999400 ) ) ;
#4981 = LINE ( 'NONE', #4980, #4979 ) ;
#4982 = CARTESIAN_POINT ( 'NONE',  ( 5.599999999999998800, -0.6999999999999999600, -2.799999999999999400 ) ) ;
#4983 = DIRECTION ( 'NONE',  ( -1.000000000000000000, -0.0000000000000000000, -0.0000000000000000000 ) ) ;
#4984 = VECTOR ( 'NONE', #4983, 1000.000000000000000 ) ;
#4985 = CARTESIAN_POINT ( 'NONE',  ( 5.599999999999998800, -0.6999999999999999600, -2.799999999999999400 ) ) ;
#4986 = LINE ( 'NONE', #4985, #4984 ) ;
#4987 = DIRECTION ( 'NONE',  ( 0.0000000000000000000, 0.0000000000000000000, 1.000000000000000000 ) ) ;
#4988 = VECTOR ( 'NONE', #4987, 1000.000000000000000 ) ;
#4989 = CARTESIAN_POINT ( 'NONE',  ( 0.3999999999999993000, 2.099999999999999600, -2.100000000000001000 ) ) ;
#4990 = LINE ( 'NONE', #4989, #4988 ) ;
#4991 = DIRECTION ( 'NONE',  ( -1.000000000000000000, 0.0000000000000000000, 0.0000000000000000000 ) ) ;
#4992 = VECTOR ( 'NONE', #4991, 1000.000000000000000 ) ;
#4993 = CARTESIAN_POINT ( 'NONE',  ( -7.049999999999998900, 2.099999999999999600, 0.8999999999999998000 ) ) ;
#4994 = LINE ( 'NONE', #4993, #4992 ) ;
#4995 = CARTESIAN_POINT ( 'NONE',  ( 0.3999999999999995800, 2.099999999999999600, 0.8999999999999998000 ) ) ;
#4996 = CARTESIAN_POINT ( 'NONE',  ( 0.5999999999999998700, 2.099999999999999600, 0.8999999999999998000 ) ) ;
#4997 = DIRECTION ( 'NONE',  ( 0.0000000000000000000, 0.0000000000000000000, 1.000000000000000000 ) ) ;
#4998 = VECTOR ( 'NONE', #4997, 1000.000000000000000 ) ;
#4999 = CARTESIAN_POINT ( 'NONE',  ( 0.5999999999999998700, 2.099999999999999600, -2.100000000000001000 ) ) ;
#5000 = FACE_BOUND ( 'NONE', #3876, .T. ) ;
#5001 = FACE_OUTER_BOUND ( 'NONE', #83, .T. ) ;
#5002 = CARTESIAN_POINT ( 'NONE',  ( 7.600000000000000500, 2.099999999999999600, 0.1500000000000007200 ) ) ;
#5003 = DIRECTION ( 'NONE',  ( 7.080503983578803800E-016, 0.0000000000000000000, -1.000000000000000000 ) ) ;
#5004 = VECTOR ( 'NONE', #5003, 1000.000000000000000 ) ;
#5005 = CARTESIAN_POINT ( 'NONE',  ( 7.599999999999998800, 2.099999999999999600, 2.600000000000001000 ) ) ;
#5006 = LINE ( 'NONE', #5005, #5004 ) ;
#5007 = DIRECTION ( 'NONE',  ( -0.0000000000000000000, -0.0000000000000000000, 1.000000000000000000 ) ) ;
#5008 = VECTOR ( 'NONE', #5007, 1000.000000000000000 ) ;
#5009 = CARTESIAN_POINT ( 'NONE',  ( -7.200000000000000200, 2.099999999999999600, 0.1500000000000006900 ) ) ;
#5010 = LINE ( 'NONE', #5009, #5008 ) ;
#5011 = CARTESIAN_POINT ( 'NONE',  ( 7.599999999999998800, 2.099999999999999600, 2.600000000000001000 ) ) ;
#5012 = CARTESIAN_POINT ( 'NONE',  ( -7.200000000000000200, 2.099999999999999600, 0.1500000000000006900 ) ) ;
#5013 = CARTESIAN_POINT ( 'NONE',  ( -7.799999999999999800, 5.099999999999999600, -2.949999999999999700 ) ) ;
#5014 = DIRECTION ( 'NONE',  ( -1.000000000000000000, 0.0000000000000000000, 0.0000000000000000000 ) ) ;
#5015 = VECTOR ( 'NONE', #5014, 1000.000000000000000 ) ;
#5016 = CARTESIAN_POINT ( 'NONE',  ( -7.599999999999999600, 5.099999999999999600, -2.949999999999999700 ) ) ;
#5017 = LINE ( 'NONE', #5016, #5015 ) ;
#5018 = CARTESIAN_POINT ( 'NONE',  ( -7.600000000000000500, 2.099999999999999600, 0.1500000000000007200 ) ) ;
#5019 = DIRECTION ( 'NONE',  ( -1.000000000000000000, -0.0000000000000000000, 6.776263578034385500E-017 ) ) ;
#5020 = VECTOR ( 'NONE', #5019, 1000.000000000000000 ) ;
#5021 = CARTESIAN_POINT ( 'NONE',  ( -7.600000000000000500, 2.099999999999999600, 0.1500000000000007200 ) ) ;
#5022 = LINE ( 'NONE', #5021, #5020 ) ;
#5023 = CARTESIAN_POINT ( 'NONE',  ( 5.599999999999998800, -0.6999999999999999600, -2.999999999999999600 ) ) ;
#5024 = DIRECTION ( 'NONE',  ( -1.000000000000000000, -0.0000000000000000000, -0.0000000000000000000 ) ) ;
#5025 = VECTOR ( 'NONE', #5024, 1000.000000000000000 ) ;
#5026 = CARTESIAN_POINT ( 'NONE',  ( 5.599999999999998800, -0.6999999999999999600, -2.999999999999999600 ) ) ;
#5027 = LINE ( 'NONE', #5026, #5025 ) ;
#5028 = CARTESIAN_POINT ( 'NONE',  ( 5.399999999999999500, -0.6999999999999999600, -2.999999999999999600 ) ) ;
#5029 = DIRECTION ( 'NONE',  ( 0.0000000000000000000, 0.0000000000000000000, -1.000000000000000000 ) ) ;
#5030 = VECTOR ( 'NONE', #5029, 1000.000000000000000 ) ;
#5031 = CARTESIAN_POINT ( 'NONE',  ( 5.399999999999999500, -0.6999999999999999600, -2.799999999999999400 ) ) ;
#5032 = LINE ( 'NONE', #5031, #5030 ) ;
#5033 = AXIS2_PLACEMENT_3D ( 'NONE', #5099, #5098, #5097 ) ;
#5034 = PLANE ( 'NONE',  #5033 ) ;
#5035 = FACE_OUTER_BOUND ( 'NONE', #189, .T. ) ;
#5036 = DIRECTION ( 'NONE',  ( 0.0000000000000000000, 0.0000000000000000000, 1.000000000000000000 ) ) ;
#5037 = VECTOR ( 'NONE', #5036, 1000.000000000000000 ) ;
#5038 = CARTESIAN_POINT ( 'NONE',  ( 6.399999999999999500, 2.099999999999999600, -2.100000000000001000 ) ) ;
#5039 = LINE ( 'NONE', #5038, #5037 ) ;
#5040 = DIRECTION ( 'NONE',  ( 0.0000000000000000000, 0.0000000000000000000, -1.000000000000000000 ) ) ;
#5041 = VECTOR ( 'NONE', #5040, 1000.000000000000000 ) ;
#5042 = CARTESIAN_POINT ( 'NONE',  ( 7.200000000000000200, 2.099999999999999600, 0.1500000000000006900 ) ) ;
#5043 = LINE ( 'NONE', #5042, #5041 ) ;
#5044 = CARTESIAN_POINT ( 'NONE',  ( -8.099999999999999600, 5.099999999999998800, 3.100000000000001000 ) ) ;
#5045 = DIRECTION ( 'NONE',  ( 0.0000000000000000000, -1.457750820148577400E-016, 1.000000000000000000 ) ) ;
#5046 = VECTOR ( 'NONE', #5045, 1000.000000000000000 ) ;
#5047 = CARTESIAN_POINT ( 'NONE',  ( -8.099999999999999600, 5.099999999999999600, -2.849999999999999600 ) ) ;
#5048 = LINE ( 'NONE', #5047, #5046 ) ;
#5049 = CARTESIAN_POINT ( 'NONE',  ( -7.049999999999998900, 2.099999999999999600, 2.600000000000001900 ) ) ;
#5050 = DIRECTION ( 'NONE',  ( 1.000000000000000000, -0.0000000000000000000, 1.577021341797097000E-015 ) ) ;
#5051 = VECTOR ( 'NONE', #5050, 1000.000000000000000 ) ;
#5052 = CARTESIAN_POINT ( 'NONE',  ( -7.049999999999998900, 2.099999999999999600, 2.600000000000001900 ) ) ;
#5053 = LINE ( 'NONE', #5052, #5051 ) ;
#5054 = CARTESIAN_POINT ( 'NONE',  ( -7.599999999999999600, 5.099999999999999600, -2.949999999999999700 ) ) ;
#5055 = DIRECTION ( 'NONE',  ( 0.0000000000000000000, -6.938893903907228400E-016, 1.000000000000000000 ) ) ;
#5056 = VECTOR ( 'NONE', #5055, 1000.000000000000000 ) ;
#5057 = CARTESIAN_POINT ( 'NONE',  ( -7.599999999999999600, 5.099999999999998800, -1.700000000000000000 ) ) ;
#5058 = LINE ( 'NONE', #5057, #5056 ) ;
#5059 = DIRECTION ( 'NONE',  ( 0.0000000000000000000, 1.457750820148577400E-016, -1.000000000000000000 ) ) ;
#5060 = DIRECTION ( 'NONE',  ( 0.0000000000000000000, -1.000000000000000000, -1.457750820148577400E-016 ) ) ;
#5061 = CARTESIAN_POINT ( 'NONE',  ( 8.099999999999999600, 5.099999999999999600, -2.849999999999999600 ) ) ;
#5062 = AXIS2_PLACEMENT_3D ( 'NONE', #5061, #5060, #5059 ) ;
#5063 = PLANE ( 'NONE',  #5062 ) ;
#5064 = DIRECTION ( 'NONE',  ( 0.0000000000000000000, 0.0000000000000000000, -1.000000000000000000 ) ) ;
#5065 = VECTOR ( 'NONE', #5064, 1000.000000000000000 ) ;
#5066 = CARTESIAN_POINT ( 'NONE',  ( 5.599999999999998800, -0.6999999999999999600, -2.799999999999999400 ) ) ;
#5067 = LINE ( 'NONE', #5066, #5065 ) ;
#5068 = AXIS2_PLACEMENT_3D ( 'NONE', #5331, #12442, #12443 ) ;
#5069 = DIRECTION ( 'NONE',  ( 0.0000000000000000000, -0.7071067811865462400, -0.7071067811865489100 ) ) ;
#5070 = VECTOR ( 'NONE', #5069, 1000.000000000000000 ) ;
#5071 = CARTESIAN_POINT ( 'NONE',  ( 5.399999999999999500, 0.09999999999999917300, -2.499999999999999100 ) ) ;
#5072 = LINE ( 'NONE', #5071, #5070 ) ;
#5073 = DIRECTION ( 'NONE',  ( -0.0000000000000000000, 0.7071067811865510100, 0.7071067811865441300 ) ) ;
#5074 = VECTOR ( 'NONE', #5073, 1000.000000000000000 ) ;
#5075 = CARTESIAN_POINT ( 'NONE',  ( 5.399999999999999500, 0.2500000000000014400, -2.849999999999999600 ) ) ;
#5076 = LINE ( 'NONE', #5075, #5074 ) ;
#5077 = DIRECTION ( 'NONE',  ( 0.0000000000000000000, 0.0000000000000000000, 1.000000000000000000 ) ) ;
#5078 = DIRECTION ( 'NONE',  ( -1.000000000000000000, -0.0000000000000000000, 0.0000000000000000000 ) ) ;
#5079 = CARTESIAN_POINT ( 'NONE',  ( 5.399999999999999500, -0.1999999999999999800, -2.799999999999999400 ) ) ;
#5080 = AXIS2_PLACEMENT_3D ( 'NONE', #5079, #5078, #5077 ) ;
#5081 = PLANE ( 'NONE',  #5080 ) ;
#5082 = FACE_OUTER_BOUND ( 'NONE', #203, .T. ) ;
#5083 = DIRECTION ( 'NONE',  ( 0.0000000000000000000, 0.7071067811865462400, 0.7071067811865489100 ) ) ;
#5084 = DIRECTION ( 'NONE',  ( 0.0000000000000000000, 0.7071067811865489100, -0.7071067811865462400 ) ) ;
#5085 = CARTESIAN_POINT ( 'NONE',  ( 5.599999999999998800, 0.09999999999999917300, -2.499999999999999100 ) ) ;
#5086 = AXIS2_PLACEMENT_3D ( 'NONE', #5085, #5084, #5083 ) ;
#5087 = PLANE ( 'NONE',  #5086 ) ;
#5088 = FACE_OUTER_BOUND ( 'NONE', #177, .T. ) ;
#5089 = DIRECTION ( 'NONE',  ( 0.0000000000000000000, -0.7071067811865462400, -0.7071067811865489100 ) ) ;
#5090 = VECTOR ( 'NONE', #5089, 1000.000000000000000 ) ;
#5091 = CARTESIAN_POINT ( 'NONE',  ( 5.599999999999998800, 0.09999999999999917300, -2.499999999999999100 ) ) ;
#5092 = LINE ( 'NONE', #5091, #5090 ) ;
#5093 = DIRECTION ( 'NONE',  ( -0.0000000000000000000, 0.7071067811865510100, 0.7071067811865441300 ) ) ;
#5094 = VECTOR ( 'NONE', #5093, 1000.000000000000000 ) ;
#5095 = CARTESIAN_POINT ( 'NONE',  ( 5.599999999999998800, 0.2500000000000014400, -2.849999999999999600 ) ) ;
#5096 = LINE ( 'NONE', #5095, #5094 ) ;
#5097 = DIRECTION ( 'NONE',  ( 0.0000000000000000000, 0.0000000000000000000, 1.000000000000000000 ) ) ;
#5098 = DIRECTION ( 'NONE',  ( -1.000000000000000000, -0.0000000000000000000, 0.0000000000000000000 ) ) ;
#5099 = CARTESIAN_POINT ( 'NONE',  ( 5.599999999999998800, -0.1999999999999999800, -2.799999999999999400 ) ) ;
#5100 = FACE_OUTER_BOUND ( 'NONE', #215, .T. ) ;
#5101 = DIRECTION ( 'NONE',  ( -0.0000000000000000000, -0.0000000000000000000, 1.000000000000000000 ) ) ;
#5102 = VECTOR ( 'NONE', #5101, 1000.000000000000000 ) ;
#5103 = CARTESIAN_POINT ( 'NONE',  ( 5.599999999999998800, 3.849999999999999200, 0.9000000000000002400 ) ) ;
#5104 = LINE ( 'NONE', #5103, #5102 ) ;
#5105 = CARTESIAN_POINT ( 'NONE',  ( 5.599999999999998800, 3.849999999999999200, 0.9000000000000002400 ) ) ;
#5106 = DIRECTION ( 'NONE',  ( -1.000000000000000000, -0.0000000000000000000, -0.0000000000000000000 ) ) ;
#5107 = VECTOR ( 'NONE', #5106, 1000.000000000000000 ) ;
#5108 = CARTESIAN_POINT ( 'NONE',  ( 5.599999999999998800, 3.849999999999999200, 0.9000000000000002400 ) ) ;
#5109 = LINE ( 'NONE', #5108, #5107 ) ;
#5110 = DIRECTION ( 'NONE',  ( 0.0000000000000000000, 1.000000000000000000, 0.0000000000000000000 ) ) ;
#5111 = VECTOR ( 'NONE', #5110, 1000.000000000000000 ) ;
#5112 = CARTESIAN_POINT ( 'NONE',  ( 5.599999999999998800, -0.6999999999999999600, -2.999999999999999600 ) ) ;
#5113 = LINE ( 'NONE', #5112, #5111 ) ;
#5114 = CARTESIAN_POINT ( 'NONE',  ( 5.599999999999998800, 0.1000000000000000500, -2.999999999999999600 ) ) ;
#5115 = DIRECTION ( 'NONE',  ( -1.000000000000000000, -0.0000000000000000000, -0.0000000000000000000 ) ) ;
#5116 = VECTOR ( 'NONE', #5115, 1000.000000000000000 ) ;
#5117 = CARTESIAN_POINT ( 'NONE',  ( 5.599999999999998800, 0.1000000000000000500, -2.999999999999999600 ) ) ;
#5118 = LINE ( 'NONE', #5117, #5116 ) ;
#5119 = CARTESIAN_POINT ( 'NONE',  ( 5.399999999999999500, 0.1000000000000000500, -2.999999999999999600 ) ) ;
#5120 = DIRECTION ( 'NONE',  ( 0.0000000000000000000, 1.000000000000000000, 0.0000000000000000000 ) ) ;
#5121 = VECTOR ( 'NONE', #5120, 1000.000000000000000 ) ;
#5122 = CARTESIAN_POINT ( 'NONE',  ( 5.399999999999999500, -0.6999999999999999600, -2.999999999999999600 ) ) ;
#5123 = LINE ( 'NONE', #5122, #5121 ) ;
#5124 = DIRECTION ( 'NONE',  ( 1.000000000000000000, 0.0000000000000000000, -0.0000000000000000000 ) ) ;
#5125 = DIRECTION ( 'NONE',  ( 0.0000000000000000000, 0.0000000000000000000, 1.000000000000000000 ) ) ;
#5126 = CARTESIAN_POINT ( 'NONE',  ( 5.599999999999998800, -0.6999999999999999600, -2.999999999999999600 ) ) ;
#5127 = AXIS2_PLACEMENT_3D ( 'NONE', #5126, #5125, #5124 ) ;
#5128 = PLANE ( 'NONE',  #5127 ) ;
#5129 = FACE_OUTER_BOUND ( 'NONE', #194, .T. ) ;
#5130 = FACE_OUTER_BOUND ( 'NONE', #240, .T. ) ;
#5131 = CARTESIAN_POINT ( 'NONE',  ( 5.399999999999999500, 3.849999999999999200, 0.9000000000000002400 ) ) ;
#5132 = DIRECTION ( 'NONE',  ( -0.0000000000000000000, -0.0000000000000000000, 1.000000000000000000 ) ) ;
#5133 = VECTOR ( 'NONE', #5132, 1000.000000000000000 ) ;
#5134 = CARTESIAN_POINT ( 'NONE',  ( 5.399999999999999500, 3.849999999999999200, 0.9000000000000002400 ) ) ;
#5135 = LINE ( 'NONE', #5134, #5133 ) ;
#5136 = DIRECTION ( 'NONE',  ( 0.0000000000000000000, -0.0000000000000000000, -1.000000000000000000 ) ) ;
#5137 = DIRECTION ( 'NONE',  ( 0.0000000000000000000, -1.000000000000000000, 0.0000000000000000000 ) ) ;
#5138 = CARTESIAN_POINT ( 'NONE',  ( 5.599999999999998800, 3.849999999999999200, 0.9000000000000002400 ) ) ;
#5139 = AXIS2_PLACEMENT_3D ( 'NONE', #5138, #5137, #5136 ) ;
#5140 = PLANE ( 'NONE',  #5139 ) ;
#5141 = FACE_OUTER_BOUND ( 'NONE', #231, .T. ) ;
#5142 = DIRECTION ( 'NONE',  ( 0.0000000000000000000, 1.000000000000000000, -1.642730564371976600E-017 ) ) ;
#5143 = VECTOR ( 'NONE', #5142, 1000.000000000000000 ) ;
#5144 = CARTESIAN_POINT ( 'NONE',  ( 5.599999999999998800, 0.5499999999999992700, 0.3999999999999999700 ) ) ;
#5145 = LINE ( 'NONE', #5144, #5143 ) ;
#5146 = CARTESIAN_POINT ( 'NONE',  ( 5.599999999999998800, 3.849999999999999200, 0.3999999999999999100 ) ) ;
#5147 = DIRECTION ( 'NONE',  ( -1.000000000000000000, -0.0000000000000000000, -0.0000000000000000000 ) ) ;
#5148 = VECTOR ( 'NONE', #5147, 1000.000000000000000 ) ;
#5149 = CARTESIAN_POINT ( 'NONE',  ( 5.599999999999998800, 3.849999999999999200, 0.3999999999999999100 ) ) ;
#5150 = LINE ( 'NONE', #5149, #5148 ) ;
#5151 = CARTESIAN_POINT ( 'NONE',  ( 5.399999999999999500, 3.849999999999999200, 0.3999999999999999100 ) ) ;
#5152 = DIRECTION ( 'NONE',  ( 0.0000000000000000000, 1.000000000000000000, -1.642730564371976600E-017 ) ) ;
#5153 = VECTOR ( 'NONE', #5152, 1000.000000000000000 ) ;
#5154 = CARTESIAN_POINT ( 'NONE',  ( 5.399999999999999500, 0.5499999999999992700, 0.3999999999999999700 ) ) ;
#5155 = LINE ( 'NONE', #5154, #5153 ) ;
#5156 = DIRECTION ( 'NONE',  ( 0.0000000000000000000, -1.000000000000000000, -1.156482317317871500E-016 ) ) ;
#5157 = VECTOR ( 'NONE', #5156, 1000.000000000000000 ) ;
#5158 = CARTESIAN_POINT ( 'NONE',  ( 5.599999999999998800, 3.849999999999999200, 0.9000000000000002400 ) ) ;
#5159 = LINE ( 'NONE', #5158, #5157 ) ;
#5160 = DIRECTION ( 'NONE',  ( 0.0000000000000000000, 1.000000000000000000, 1.156482317317871500E-016 ) ) ;
#5161 = DIRECTION ( 'NONE',  ( 0.0000000000000000000, 1.156482317317871500E-016, -1.000000000000000000 ) ) ;
#5162 = CARTESIAN_POINT ( 'NONE',  ( 5.599999999999998800, 3.849999999999999200, 0.9000000000000002400 ) ) ;
#5163 = AXIS2_PLACEMENT_3D ( 'NONE', #5162, #5161, #5160 ) ;
#5164 = PLANE ( 'NONE',  #5163 ) ;
#5165 = CARTESIAN_POINT ( 'NONE',  ( 5.599999999999998800, 3.849999999999999200, -0.4000000000000001900 ) ) ;
#5166 = DIRECTION ( 'NONE',  ( -1.000000000000000000, -0.0000000000000000000, -0.0000000000000000000 ) ) ;
#5167 = VECTOR ( 'NONE', #5166, 1000.000000000000000 ) ;
#5168 = CARTESIAN_POINT ( 'NONE',  ( 5.599999999999998800, 3.849999999999999200, -0.4000000000000001900 ) ) ;
#5169 = LINE ( 'NONE', #5168, #5167 ) ;
#5170 = CARTESIAN_POINT ( 'NONE',  ( 5.399999999999999500, 3.849999999999999200, -0.4000000000000001900 ) ) ;
#5171 = CARTESIAN_POINT ( 'NONE',  ( 5.399999999999999500, 3.849999999999999200, -0.9000000000000002400 ) ) ;
#5172 = DIRECTION ( 'NONE',  ( 0.0000000000000000000, 0.0000000000000000000, 1.000000000000000000 ) ) ;
#5173 = VECTOR ( 'NONE', #5172, 1000.000000000000000 ) ;
#5174 = CARTESIAN_POINT ( 'NONE',  ( 5.399999999999999500, 3.849999999999999200, -0.9000000000000002400 ) ) ;
#5175 = LINE ( 'NONE', #5174, #5173 ) ;
#5176 = DIRECTION ( 'NONE',  ( 0.0000000000000000000, -0.0000000000000000000, -1.000000000000000000 ) ) ;
#5177 = DIRECTION ( 'NONE',  ( 0.0000000000000000000, -1.000000000000000000, 0.0000000000000000000 ) ) ;
#5178 = CARTESIAN_POINT ( 'NONE',  ( 5.599999999999998800, 3.849999999999999200, -0.9000000000000002400 ) ) ;
#5179 = AXIS2_PLACEMENT_3D ( 'NONE', #5178, #5177, #5176 ) ;
#5180 = PLANE ( 'NONE',  #5179 ) ;
#5181 = FACE_OUTER_BOUND ( 'NONE', #253, .T. ) ;
#5182 = DIRECTION ( 'NONE',  ( 1.000000000000000000, 0.0000000000000000000, -0.0000000000000000000 ) ) ;
#5183 = DIRECTION ( 'NONE',  ( 0.0000000000000000000, 0.0000000000000000000, 1.000000000000000000 ) ) ;
#5184 = CARTESIAN_POINT ( 'NONE',  ( 5.599999999999998800, 2.099999999999999600, -0.9000000000000002400 ) ) ;
#5185 = AXIS2_PLACEMENT_3D ( 'NONE', #5184, #5183, #5182 ) ;
#5186 = PLANE ( 'NONE',  #5185 ) ;
#5187 = FACE_OUTER_BOUND ( 'NONE', #247, .T. ) ;
#5188 = DIRECTION ( 'NONE',  ( 0.0000000000000000000, -1.000000000000000000, 1.642730564371976600E-017 ) ) ;
#5189 = DIRECTION ( 'NONE',  ( -0.0000000000000000000, 1.642730564371976600E-017, 1.000000000000000000 ) ) ;
#5190 = CARTESIAN_POINT ( 'NONE',  ( 5.599999999999998800, 0.5499999999999992700, 0.3999999999999999700 ) ) ;
#5191 = AXIS2_PLACEMENT_3D ( 'NONE', #5190, #5189, #5188 ) ;
#5192 = PLANE ( 'NONE',  #5191 ) ;
#5193 = DIRECTION ( 'NONE',  ( 0.0000000000000000000, -0.7071067811865510100, -0.7071067811865441300 ) ) ;
#5194 = DIRECTION ( 'NONE',  ( 0.0000000000000000000, -0.7071067811865441300, 0.7071067811865510100 ) ) ;
#5195 = CARTESIAN_POINT ( 'NONE',  ( 5.599999999999998800, 0.2500000000000014400, -2.849999999999999600 ) ) ;
#5196 = AXIS2_PLACEMENT_3D ( 'NONE', #5195, #5194, #5193 ) ;
#5197 = FACE_OUTER_BOUND ( 'NONE', #165, .T. ) ;
#5198 = PLANE ( 'NONE',  #5196 ) ;
#5199 = LINE ( 'NONE', #5264, #5263 ) ;
#5200 = DIRECTION ( 'NONE',  ( 0.0000000000000000000, -0.7071067811865460200, 0.7071067811865490200 ) ) ;
#5201 = VECTOR ( 'NONE', #5200, 1000.000000000000100 ) ;
#5202 = CARTESIAN_POINT ( 'NONE',  ( 5.399999999999999500, 5.300000000000000700, -2.799999999999999800 ) ) ;
#5203 = LINE ( 'NONE', #5202, #5201 ) ;
#5204 = DIRECTION ( 'NONE',  ( 0.0000000000000000000, 0.0000000000000000000, 1.000000000000000000 ) ) ;
#5205 = DIRECTION ( 'NONE',  ( -1.000000000000000000, 0.0000000000000000000, 0.0000000000000000000 ) ) ;
#5206 = CARTESIAN_POINT ( 'NONE',  ( 5.399999999999999500, 3.849999999999998300, -2.500000000000000400 ) ) ;
#5207 = AXIS2_PLACEMENT_3D ( 'NONE', #5206, #5205, #5204 ) ;
#5208 = PLANE ( 'NONE',  #5207 ) ;
#5209 = FACE_OUTER_BOUND ( 'NONE', #280, .T. ) ;
#5210 = DIRECTION ( 'NONE',  ( 0.0000000000000000000, -0.7071067811865460200, 0.7071067811865490200 ) ) ;
#5211 = VECTOR ( 'NONE', #5210, 1000.000000000000100 ) ;
#5212 = CARTESIAN_POINT ( 'NONE',  ( 5.599999999999998800, 5.300000000000000700, -2.799999999999999800 ) ) ;
#5213 = LINE ( 'NONE', #5212, #5211 ) ;
#5214 = DIRECTION ( 'NONE',  ( 0.0000000000000000000, -0.7071067811865454600, 0.7071067811865495700 ) ) ;
#5215 = DIRECTION ( 'NONE',  ( -0.0000000000000000000, 0.7071067811865495700, 0.7071067811865454600 ) ) ;
#5216 = CARTESIAN_POINT ( 'NONE',  ( 5.599999999999998800, 4.850000000000000500, -2.849999999999999600 ) ) ;
#5217 = AXIS2_PLACEMENT_3D ( 'NONE', #5216, #5215, #5214 ) ;
#5218 = PLANE ( 'NONE',  #5217 ) ;
#5219 = FACE_OUTER_BOUND ( 'NONE', #273, .T. ) ;
#5220 = DIRECTION ( 'NONE',  ( 0.0000000000000000000, 0.7071067811865460200, -0.7071067811865490200 ) ) ;
#5221 = DIRECTION ( 'NONE',  ( 0.0000000000000000000, -0.7071067811865490200, -0.7071067811865460200 ) ) ;
#5222 = CARTESIAN_POINT ( 'NONE',  ( 5.599999999999998800, 5.300000000000000700, -2.799999999999999800 ) ) ;
#5223 = AXIS2_PLACEMENT_3D ( 'NONE', #5222, #5221, #5220 ) ;
#5224 = PLANE ( 'NONE',  #5223 ) ;
#5225 = FACE_OUTER_BOUND ( 'NONE', #267, .T. ) ;
#5226 = DIRECTION ( 'NONE',  ( 0.0000000000000000000, 0.7071067811865454600, -0.7071067811865495700 ) ) ;
#5227 = VECTOR ( 'NONE', #5226, 1000.000000000000000 ) ;
#5228 = CARTESIAN_POINT ( 'NONE',  ( 5.399999999999999500, 4.850000000000000500, -2.849999999999999600 ) ) ;
#5229 = LINE ( 'NONE', #5228, #5227 ) ;
#5230 = CARTESIAN_POINT ( 'NONE',  ( 5.599999999999998800, 3.849999999999999200, -0.9000000000000002400 ) ) ;
#5231 = CARTESIAN_POINT ( 'NONE',  ( 5.599999999999998800, 3.849999999999998300, -2.500000000000000400 ) ) ;
#5232 = AXIS2_PLACEMENT_3D ( 'NONE', #5231, #5298, #5297 ) ;
#5233 = PLANE ( 'NONE',  #5232 ) ;
#5234 = FACE_OUTER_BOUND ( 'NONE', #308, .T. ) ;
#5235 = DIRECTION ( 'NONE',  ( 0.0000000000000000000, 1.000000000000000000, 0.0000000000000000000 ) ) ;
#5236 = VECTOR ( 'NONE', #5235, 1000.000000000000000 ) ;
#5237 = CARTESIAN_POINT ( 'NONE',  ( 5.599999999999998800, 2.099999999999999600, -0.9000000000000002400 ) ) ;
#5238 = LINE ( 'NONE', #5237, #5236 ) ;
#5239 = DIRECTION ( 'NONE',  ( 0.0000000000000000000, 1.000000000000000000, 0.0000000000000000000 ) ) ;
#5240 = VECTOR ( 'NONE', #5239, 1000.000000000000000 ) ;
#5241 = CARTESIAN_POINT ( 'NONE',  ( 5.399999999999999500, 2.099999999999999600, -0.9000000000000002400 ) ) ;
#5242 = LINE ( 'NONE', #5241, #5240 ) ;
#5243 = CARTESIAN_POINT ( 'NONE',  ( 4.399999999999999500, -0.6999999999999999600, -2.799999999999999400 ) ) ;
#5244 = CARTESIAN_POINT ( 'NONE',  ( 4.399999999999999500, -0.1999999999999999800, -2.799999999999999400 ) ) ;
#5245 = DIRECTION ( 'NONE',  ( 0.0000000000000000000, -1.000000000000000000, 0.0000000000000000000 ) ) ;
#5246 = VECTOR ( 'NONE', #5245, 1000.000000000000000 ) ;
#5247 = CARTESIAN_POINT ( 'NONE',  ( 4.399999999999999500, -0.1999999999999999800, -2.799999999999999400 ) ) ;
#5248 = LINE ( 'NONE', #5247, #5246 ) ;
#5249 = DIRECTION ( 'NONE',  ( -1.000000000000000000, 0.0000000000000000000, -0.0000000000000000000 ) ) ;
#5250 = DIRECTION ( 'NONE',  ( 0.0000000000000000000, 0.0000000000000000000, -1.000000000000000000 ) ) ;
#5251 = CARTESIAN_POINT ( 'NONE',  ( 4.599999999999998800, -0.1999999999999999800, -2.799999999999999400 ) ) ;
#5252 = AXIS2_PLACEMENT_3D ( 'NONE', #5251, #5250, #5249 ) ;
#5253 = PLANE ( 'NONE',  #5252 ) ;
#5254 = FACE_OUTER_BOUND ( 'NONE', #296, .T. ) ;
#5255 = DIRECTION ( 'NONE',  ( 0.0000000000000000000, 0.0000000000000000000, 1.000000000000000000 ) ) ;
#5256 = DIRECTION ( 'NONE',  ( -1.000000000000000000, 0.0000000000000000000, 0.0000000000000000000 ) ) ;
#5257 = CARTESIAN_POINT ( 'NONE',  ( 5.399999999999999500, 3.849999999999998300, -2.500000000000000400 ) ) ;
#5258 = AXIS2_PLACEMENT_3D ( 'NONE', #5257, #5256, #5255 ) ;
#5259 = PLANE ( 'NONE',  #5258 ) ;
#5260 = FACE_OUTER_BOUND ( 'NONE', #290, .T. ) ;
#5261 = CARTESIAN_POINT ( 'NONE',  ( 4.599999999999998800, -0.6999999999999999600, -2.999999999999999600 ) ) ;
#5262 = DIRECTION ( 'NONE',  ( -1.000000000000000000, -0.0000000000000000000, -0.0000000000000000000 ) ) ;
#5263 = VECTOR ( 'NONE', #5262, 1000.000000000000000 ) ;
#5264 = CARTESIAN_POINT ( 'NONE',  ( 4.599999999999998800, -0.6999999999999999600, -2.999999999999999600 ) ) ;
#5265 = DIRECTION ( 'NONE',  ( 0.0000000000000000000, 0.0000000000000000000, 1.000000000000000000 ) ) ;
#5266 = DIRECTION ( 'NONE',  ( -1.000000000000000000, -0.0000000000000000000, 0.0000000000000000000 ) ) ;
#5267 = CARTESIAN_POINT ( 'NONE',  ( 4.399999999999999500, -0.1999999999999999800, -2.799999999999999400 ) ) ;
#5268 = AXIS2_PLACEMENT_3D ( 'NONE', #5267, #5266, #5265 ) ;
#5269 = PLANE ( 'NONE',  #5268 ) ;
#5270 = FACE_OUTER_BOUND ( 'NONE', #353, .T. ) ;
#5271 = DIRECTION ( 'NONE',  ( 0.0000000000000000000, -1.000000000000000000, -1.232047923278982200E-016 ) ) ;
#5272 = VECTOR ( 'NONE', #5271, 1000.000000000000000 ) ;
#5273 = CARTESIAN_POINT ( 'NONE',  ( 5.399999999999999500, 3.849999999999999200, -0.4000000000000001900 ) ) ;
#5274 = LINE ( 'NONE', #5273, #5272 ) ;
#5275 = DIRECTION ( 'NONE',  ( 0.0000000000000000000, -1.000000000000000000, -1.232047923278982200E-016 ) ) ;
#5276 = VECTOR ( 'NONE', #5275, 1000.000000000000000 ) ;
#5277 = CARTESIAN_POINT ( 'NONE',  ( 5.599999999999998800, 3.849999999999999200, -0.4000000000000001900 ) ) ;
#5278 = LINE ( 'NONE', #5277, #5276 ) ;
#5279 = DIRECTION ( 'NONE',  ( 0.0000000000000000000, 1.000000000000000000, 1.232047923278982200E-016 ) ) ;
#5280 = DIRECTION ( 'NONE',  ( 0.0000000000000000000, 1.232047923278982200E-016, -1.000000000000000000 ) ) ;
#5281 = CARTESIAN_POINT ( 'NONE',  ( 5.599999999999998800, 3.849999999999999200, -0.4000000000000001900 ) ) ;
#5282 = AXIS2_PLACEMENT_3D ( 'NONE', #5281, #5280, #5279 ) ;
#5283 = PLANE ( 'NONE',  #5282 ) ;
#5284 = FACE_OUTER_BOUND ( 'NONE', #318, .T. ) ;
#5285 = DIRECTION ( 'NONE',  ( -1.000000000000000000, -0.0000000000000000000, -0.0000000000000000000 ) ) ;
#5286 = VECTOR ( 'NONE', #5285, 1000.000000000000000 ) ;
#5287 = CARTESIAN_POINT ( 'NONE',  ( 5.599999999999998800, 3.849999999999999200, -0.9000000000000002400 ) ) ;
#5288 = LINE ( 'NONE', #5287, #5286 ) ;
#5289 = DIRECTION ( 'NONE',  ( 0.0000000000000000000, 0.0000000000000000000, 1.000000000000000000 ) ) ;
#5290 = VECTOR ( 'NONE', #5289, 1000.000000000000000 ) ;
#5291 = CARTESIAN_POINT ( 'NONE',  ( 5.599999999999998800, 3.849999999999999200, -0.9000000000000002400 ) ) ;
#5292 = LINE ( 'NONE', #5291, #5290 ) ;
#5293 = DIRECTION ( 'NONE',  ( 0.0000000000000000000, -1.000000000000000000, -1.232047923278982200E-016 ) ) ;
#5294 = VECTOR ( 'NONE', #5293, 1000.000000000000000 ) ;
#5295 = CARTESIAN_POINT ( 'NONE',  ( 4.399999999999999500, 3.849999999999999200, -0.4000000000000001900 ) ) ;
#5296 = LINE ( 'NONE', #5295, #5294 ) ;
#5297 = DIRECTION ( 'NONE',  ( 0.0000000000000000000, 0.0000000000000000000, 1.000000000000000000 ) ) ;
#5298 = DIRECTION ( 'NONE',  ( -1.000000000000000000, 0.0000000000000000000, 0.0000000000000000000 ) ) ;
#5299 = DIRECTION ( 'NONE',  ( 0.0000000000000000000, 1.000000000000000000, 0.0000000000000000000 ) ) ;
#5300 = VECTOR ( 'NONE', #5299, 1000.000000000000000 ) ;
#5301 = CARTESIAN_POINT ( 'NONE',  ( 4.599999999999998800, -0.6999999999999999600, -2.999999999999999600 ) ) ;
#5302 = LINE ( 'NONE', #5301, #5300 ) ;
#5303 = CARTESIAN_POINT ( 'NONE',  ( 4.599999999999998800, 0.1000000000000000500, -2.999999999999999600 ) ) ;
#5304 = DIRECTION ( 'NONE',  ( -1.000000000000000000, -0.0000000000000000000, -0.0000000000000000000 ) ) ;
#5305 = VECTOR ( 'NONE', #5304, 1000.000000000000000 ) ;
#5306 = CARTESIAN_POINT ( 'NONE',  ( 4.599999999999998800, 0.1000000000000000500, -2.999999999999999600 ) ) ;
#5307 = LINE ( 'NONE', #5306, #5305 ) ;
#5308 = CARTESIAN_POINT ( 'NONE',  ( 4.399999999999999500, 0.1000000000000000500, -2.999999999999999600 ) ) ;
#5309 = DIRECTION ( 'NONE',  ( 0.0000000000000000000, 1.000000000000000000, 0.0000000000000000000 ) ) ;
#5310 = VECTOR ( 'NONE', #5309, 1000.000000000000000 ) ;
#5311 = CARTESIAN_POINT ( 'NONE',  ( 4.399999999999999500, -0.6999999999999999600, -2.999999999999999600 ) ) ;
#5312 = LINE ( 'NONE', #5311, #5310 ) ;
#5313 = DIRECTION ( 'NONE',  ( 1.000000000000000000, 0.0000000000000000000, -0.0000000000000000000 ) ) ;
#5314 = DIRECTION ( 'NONE',  ( 0.0000000000000000000, 0.0000000000000000000, 1.000000000000000000 ) ) ;
#5315 = CARTESIAN_POINT ( 'NONE',  ( 4.599999999999998800, -0.6999999999999999600, -2.999999999999999600 ) ) ;
#5316 = AXIS2_PLACEMENT_3D ( 'NONE', #5315, #5314, #5313 ) ;
#5317 = PLANE ( 'NONE',  #5316 ) ;
#5318 = FACE_OUTER_BOUND ( 'NONE', #344, .T. ) ;
#5319 = DIRECTION ( 'NONE',  ( 0.0000000000000000000, 0.0000000000000000000, -1.000000000000000000 ) ) ;
#5320 = VECTOR ( 'NONE', #5319, 1000.000000000000000 ) ;
#5321 = CARTESIAN_POINT ( 'NONE',  ( 4.599999999999998800, -0.6999999999999999600, -2.799999999999999400 ) ) ;
#5322 = LINE ( 'NONE', #5321, #5320 ) ;
#5323 = DIRECTION ( 'NONE',  ( 0.0000000000000000000, -0.7071067811865462400, -0.7071067811865489100 ) ) ;
#5324 = VECTOR ( 'NONE', #5323, 1000.000000000000000 ) ;
#5325 = CARTESIAN_POINT ( 'NONE',  ( 4.399999999999999500, 0.09999999999999917300, -2.499999999999999100 ) ) ;
#5326 = LINE ( 'NONE', #5325, #5324 ) ;
#5327 = DIRECTION ( 'NONE',  ( -0.0000000000000000000, 0.7071067811865510100, 0.7071067811865441300 ) ) ;
#5328 = VECTOR ( 'NONE', #5327, 1000.000000000000000 ) ;
#5329 = CARTESIAN_POINT ( 'NONE',  ( 4.399999999999999500, 0.2500000000000014400, -2.849999999999999600 ) ) ;
#5330 = LINE ( 'NONE', #5329, #5328 ) ;
#5331 = CARTESIAN_POINT ( 'NONE',  ( 3.600000000000000100, -0.6999999999999999600, -2.799999999999999400 ) ) ;
#5332 = FACE_OUTER_BOUND ( 'NONE', #373, .T. ) ;
#5333 = DIRECTION ( 'NONE',  ( 0.0000000000000000000, -1.000000000000000000, -1.156482317317871500E-016 ) ) ;
#5334 = VECTOR ( 'NONE', #5333, 1000.000000000000000 ) ;
#5335 = CARTESIAN_POINT ( 'NONE',  ( 4.599999999999998800, 3.849999999999999200, 0.9000000000000001300 ) ) ;
#5336 = LINE ( 'NONE', #5335, #5334 ) ;
#5337 = CARTESIAN_POINT ( 'NONE',  ( 4.399999999999999500, -0.6999999999999999600, -2.999999999999999600 ) ) ;
#5338 = DIRECTION ( 'NONE',  ( 0.0000000000000000000, 0.0000000000000000000, -1.000000000000000000 ) ) ;
#5339 = VECTOR ( 'NONE', #5338, 1000.000000000000000 ) ;
#5340 = CARTESIAN_POINT ( 'NONE',  ( 4.399999999999999500, -0.6999999999999999600, -2.799999999999999400 ) ) ;
#5341 = LINE ( 'NONE', #5340, #5339 ) ;
#5342 = DIRECTION ( 'NONE',  ( 0.0000000000000000000, -0.0000000000000000000, 1.000000000000000000 ) ) ;
#5343 = DIRECTION ( 'NONE',  ( -0.0000000000000000000, 1.000000000000000000, 0.0000000000000000000 ) ) ;
#5344 = CARTESIAN_POINT ( 'NONE',  ( 4.599999999999998800, -0.6999999999999999600, -2.799999999999999400 ) ) ;
#5345 = AXIS2_PLACEMENT_3D ( 'NONE', #5344, #5343, #5342 ) ;
#5346 = PLANE ( 'NONE',  #5345 ) ;
#5347 = FACE_OUTER_BOUND ( 'NONE', #363, .T. ) ;
#5348 = DIRECTION ( 'NONE',  ( -1.000000000000000000, -0.0000000000000000000, -0.0000000000000000000 ) ) ;
#5349 = VECTOR ( 'NONE', #5348, 1000.000000000000000 ) ;
#5350 = CARTESIAN_POINT ( 'NONE',  ( 4.599999999999998800, -0.1999999999999999800, -2.799999999999999400 ) ) ;
#5351 = LINE ( 'NONE', #5350, #5349 ) ;
#5352 = CARTESIAN_POINT ( 'NONE',  ( 4.599999999999998800, -0.1999999999999999800, -2.799999999999999400 ) ) ;
#5353 = DIRECTION ( 'NONE',  ( 0.0000000000000000000, -1.000000000000000000, 0.0000000000000000000 ) ) ;
#5354 = VECTOR ( 'NONE', #5353, 1000.000000000000000 ) ;
#5355 = CARTESIAN_POINT ( 'NONE',  ( 4.599999999999998800, -0.1999999999999999800, -2.799999999999999400 ) ) ;
#5356 = LINE ( 'NONE', #5355, #5354 ) ;
#5357 = CARTESIAN_POINT ( 'NONE',  ( 4.599999999999998800, -0.6999999999999999600, -2.799999999999999400 ) ) ;
#5358 = DIRECTION ( 'NONE',  ( -1.000000000000000000, -0.0000000000000000000, -0.0000000000000000000 ) ) ;
#5359 = VECTOR ( 'NONE', #5358, 1000.000000000000000 ) ;
#5360 = CARTESIAN_POINT ( 'NONE',  ( 4.599999999999998800, -0.6999999999999999600, -2.799999999999999400 ) ) ;
#5361 = LINE ( 'NONE', #5360, #5359 ) ;
#5362 = AXIS2_PLACEMENT_3D ( 'NONE', #5430, #5429, #5428 ) ;
#5363 = PLANE ( 'NONE',  #5362 ) ;
#5364 = FACE_OUTER_BOUND ( 'NONE', #393, .T. ) ;
#5365 = DIRECTION ( 'NONE',  ( 0.0000000000000000000, 0.7071067811865462400, 0.7071067811865489100 ) ) ;
#5366 = DIRECTION ( 'NONE',  ( 0.0000000000000000000, 0.7071067811865489100, -0.7071067811865462400 ) ) ;
#5367 = CARTESIAN_POINT ( 'NONE',  ( 4.599999999999998800, 0.09999999999999917300, -2.499999999999999100 ) ) ;
#5368 = AXIS2_PLACEMENT_3D ( 'NONE', #5367, #5366, #5365 ) ;
#5369 = PLANE ( 'NONE',  #5368 ) ;
#5370 = FACE_OUTER_BOUND ( 'NONE', #387, .T. ) ;
#5371 = DIRECTION ( 'NONE',  ( 0.0000000000000000000, -0.0000000000000000000, -1.000000000000000000 ) ) ;
#5372 = DIRECTION ( 'NONE',  ( 0.0000000000000000000, -1.000000000000000000, 0.0000000000000000000 ) ) ;
#5373 = CARTESIAN_POINT ( 'NONE',  ( 4.599999999999998800, 3.849999999999999200, 0.9000000000000001300 ) ) ;
#5374 = AXIS2_PLACEMENT_3D ( 'NONE', #5373, #5372, #5371 ) ;
#5375 = PLANE ( 'NONE',  #5374 ) ;
#5376 = FACE_OUTER_BOUND ( 'NONE', #384, .T. ) ;
#5377 = DIRECTION ( 'NONE',  ( 0.0000000000000000000, 1.000000000000000000, -1.642730564371976600E-017 ) ) ;
#5378 = VECTOR ( 'NONE', #5377, 1000.000000000000000 ) ;
#5379 = CARTESIAN_POINT ( 'NONE',  ( 4.599999999999998800, 0.5499999999999992700, 0.3999999999999999700 ) ) ;
#5380 = LINE ( 'NONE', #5379, #5378 ) ;
#5381 = CARTESIAN_POINT ( 'NONE',  ( 4.599999999999998800, 3.849999999999999200, 0.3999999999999999100 ) ) ;
#5382 = DIRECTION ( 'NONE',  ( -1.000000000000000000, -0.0000000000000000000, -0.0000000000000000000 ) ) ;
#5383 = VECTOR ( 'NONE', #5382, 1000.000000000000000 ) ;
#5384 = CARTESIAN_POINT ( 'NONE',  ( 4.599999999999998800, 3.849999999999999200, 0.3999999999999999100 ) ) ;
#5385 = LINE ( 'NONE', #5384, #5383 ) ;
#5386 = CARTESIAN_POINT ( 'NONE',  ( 4.399999999999999500, 3.849999999999999200, 0.3999999999999999100 ) ) ;
#5387 = DIRECTION ( 'NONE',  ( 0.0000000000000000000, 1.000000000000000000, -1.642730564371976600E-017 ) ) ;
#5388 = VECTOR ( 'NONE', #5387, 1000.000000000000000 ) ;
#5389 = CARTESIAN_POINT ( 'NONE',  ( 4.399999999999999500, 0.5499999999999992700, 0.3999999999999999700 ) ) ;
#5390 = LINE ( 'NONE', #5389, #5388 ) ;
#5391 = DIRECTION ( 'NONE',  ( 0.0000000000000000000, -1.000000000000000000, 1.642730564371976600E-017 ) ) ;
#5392 = DIRECTION ( 'NONE',  ( -0.0000000000000000000, 1.642730564371976600E-017, 1.000000000000000000 ) ) ;
#5393 = CARTESIAN_POINT ( 'NONE',  ( 4.599999999999998800, 0.5499999999999992700, 0.3999999999999999700 ) ) ;
#5394 = AXIS2_PLACEMENT_3D ( 'NONE', #5393, #5392, #5391 ) ;
#5395 = PLANE ( 'NONE',  #5394 ) ;
#5396 = CARTESIAN_POINT ( 'NONE',  ( 4.399999999999999500, 5.799999999999999800, -2.999999999999999600 ) ) ;
#5397 = CARTESIAN_POINT ( 'NONE',  ( 4.399999999999999500, 4.999999999999999100, -2.999999999999999600 ) ) ;
#5398 = DIRECTION ( 'NONE',  ( 0.0000000000000000000, 1.000000000000000000, 0.0000000000000000000 ) ) ;
#5399 = VECTOR ( 'NONE', #5398, 1000.000000000000000 ) ;
#5400 = CARTESIAN_POINT ( 'NONE',  ( 4.399999999999999500, 4.999999999999999100, -2.999999999999999600 ) ) ;
#5401 = LINE ( 'NONE', #5400, #5399 ) ;
#5402 = DIRECTION ( 'NONE',  ( 1.000000000000000000, 0.0000000000000000000, -0.0000000000000000000 ) ) ;
#5403 = DIRECTION ( 'NONE',  ( 0.0000000000000000000, 0.0000000000000000000, 1.000000000000000000 ) ) ;
#5404 = CARTESIAN_POINT ( 'NONE',  ( 4.599999999999998800, 4.999999999999999100, -2.999999999999999600 ) ) ;
#5405 = AXIS2_PLACEMENT_3D ( 'NONE', #5404, #5403, #5402 ) ;
#5406 = PLANE ( 'NONE',  #5405 ) ;
#5407 = FACE_OUTER_BOUND ( 'NONE', #410, .T. ) ;
#5408 = DIRECTION ( 'NONE',  ( 0.0000000000000000000, 1.000000000000000000, 8.673617379884043400E-016 ) ) ;
#5409 = DIRECTION ( 'NONE',  ( 0.0000000000000000000, 8.673617379884043400E-016, -1.000000000000000000 ) ) ;
#5410 = CARTESIAN_POINT ( 'NONE',  ( 4.599999999999998800, 5.800000000000000700, -2.799999999999999400 ) ) ;
#5411 = AXIS2_PLACEMENT_3D ( 'NONE', #5410, #5409, #5408 ) ;
#5412 = PLANE ( 'NONE',  #5411 ) ;
#5413 = FACE_OUTER_BOUND ( 'NONE', #406, .T. ) ;
#5414 = DIRECTION ( 'NONE',  ( 0.0000000000000000000, -0.7071067811865462400, -0.7071067811865489100 ) ) ;
#5415 = VECTOR ( 'NONE', #5414, 1000.000000000000000 ) ;
#5416 = CARTESIAN_POINT ( 'NONE',  ( 4.599999999999998800, 0.09999999999999917300, -2.499999999999999100 ) ) ;
#5417 = LINE ( 'NONE', #5416, #5415 ) ;
#5418 = DIRECTION ( 'NONE',  ( -0.0000000000000000000, 0.7071067811865510100, 0.7071067811865441300 ) ) ;
#5419 = VECTOR ( 'NONE', #5418, 1000.000000000000000 ) ;
#5420 = CARTESIAN_POINT ( 'NONE',  ( 4.599999999999998800, 0.2500000000000014400, -2.849999999999999600 ) ) ;
#5421 = LINE ( 'NONE', #5420, #5419 ) ;
#5422 = DIRECTION ( 'NONE',  ( 0.0000000000000000000, 0.0000000000000000000, 1.000000000000000000 ) ) ;
#5423 = DIRECTION ( 'NONE',  ( -1.000000000000000000, -0.0000000000000000000, 0.0000000000000000000 ) ) ;
#5424 = CARTESIAN_POINT ( 'NONE',  ( 4.599999999999998800, -0.1999999999999999800, -2.799999999999999400 ) ) ;
#5425 = AXIS2_PLACEMENT_3D ( 'NONE', #5424, #5423, #5422 ) ;
#5426 = PLANE ( 'NONE',  #5425 ) ;
#5427 = FACE_OUTER_BOUND ( 'NONE', #339, .T. ) ;
#5428 = DIRECTION ( 'NONE',  ( 0.0000000000000000000, -0.7071067811865510100, -0.7071067811865441300 ) ) ;
#5429 = DIRECTION ( 'NONE',  ( 0.0000000000000000000, -0.7071067811865441300, 0.7071067811865510100 ) ) ;
#5430 = CARTESIAN_POINT ( 'NONE',  ( 4.599999999999998800, 0.2500000000000014400, -2.849999999999999600 ) ) ;
#5431 = CARTESIAN_POINT ( 'NONE',  ( 4.399999999999999500, 3.849999999999999200, 0.9000000000000001300 ) ) ;
#5432 = LINE ( 'NONE', #5431, #5495 ) ;
#5433 = DIRECTION ( 'NONE',  ( 0.0000000000000000000, 0.0000000000000000000, 1.000000000000000000 ) ) ;
#5434 = DIRECTION ( 'NONE',  ( -1.000000000000000000, -0.0000000000000000000, 0.0000000000000000000 ) ) ;
#5435 = CARTESIAN_POINT ( 'NONE',  ( 4.399999999999999500, -0.1999999999999999800, -2.799999999999999400 ) ) ;
#5436 = AXIS2_PLACEMENT_3D ( 'NONE', #5435, #5434, #5433 ) ;
#5437 = PLANE ( 'NONE',  #5436 ) ;
#5438 = FACE_OUTER_BOUND ( 'NONE', #433, .T. ) ;
#5439 = DIRECTION ( 'NONE',  ( 0.0000000000000000000, 0.0000000000000000000, 1.000000000000000000 ) ) ;
#5440 = DIRECTION ( 'NONE',  ( -1.000000000000000000, -0.0000000000000000000, 0.0000000000000000000 ) ) ;
#5441 = CARTESIAN_POINT ( 'NONE',  ( 4.599999999999998800, -0.1999999999999999800, -2.799999999999999400 ) ) ;
#5442 = AXIS2_PLACEMENT_3D ( 'NONE', #5441, #5440, #5439 ) ;
#5443 = PLANE ( 'NONE',  #5442 ) ;
#5444 = FACE_OUTER_BOUND ( 'NONE', #427, .T. ) ;
#5445 = DIRECTION ( 'NONE',  ( 0.0000000000000000000, -1.000000000000000000, -1.156482317317871500E-016 ) ) ;
#5446 = VECTOR ( 'NONE', #5445, 1000.000000000000000 ) ;
#5447 = CARTESIAN_POINT ( 'NONE',  ( 4.399999999999999500, 3.849999999999999200, 0.9000000000000001300 ) ) ;
#5448 = LINE ( 'NONE', #5447, #5446 ) ;
#5449 = DIRECTION ( 'NONE',  ( -1.000000000000000000, -0.0000000000000000000, -0.0000000000000000000 ) ) ;
#5450 = VECTOR ( 'NONE', #5449, 1000.000000000000000 ) ;
#5451 = CARTESIAN_POINT ( 'NONE',  ( 4.599999999999998800, 4.999999999999999100, -2.999999999999999600 ) ) ;
#5452 = LINE ( 'NONE', #5451, #5450 ) ;
#5453 = CARTESIAN_POINT ( 'NONE',  ( 4.599999999999998800, 4.999999999999999100, -2.999999999999999600 ) ) ;
#5454 = DIRECTION ( 'NONE',  ( 0.0000000000000000000, 1.000000000000000000, 0.0000000000000000000 ) ) ;
#5455 = VECTOR ( 'NONE', #5454, 1000.000000000000000 ) ;
#5456 = CARTESIAN_POINT ( 'NONE',  ( 4.599999999999998800, 4.999999999999999100, -2.999999999999999600 ) ) ;
#5457 = LINE ( 'NONE', #5456, #5455 ) ;
#5458 = CARTESIAN_POINT ( 'NONE',  ( 4.599999999999998800, 5.799999999999999800, -2.999999999999999600 ) ) ;
#5459 = DIRECTION ( 'NONE',  ( -1.000000000000000000, -0.0000000000000000000, -0.0000000000000000000 ) ) ;
#5460 = VECTOR ( 'NONE', #5459, 1000.000000000000000 ) ;
#5461 = CARTESIAN_POINT ( 'NONE',  ( 4.599999999999998800, 5.799999999999999800, -2.999999999999999600 ) ) ;
#5462 = LINE ( 'NONE', #5461, #5460 ) ;
#5463 = LINE ( 'NONE', #5528, #5527 ) ;
#5464 = DIRECTION ( 'NONE',  ( 0.0000000000000000000, 0.0000000000000000000, 1.000000000000000000 ) ) ;
#5465 = DIRECTION ( 'NONE',  ( -1.000000000000000000, 0.0000000000000000000, 0.0000000000000000000 ) ) ;
#5466 = CARTESIAN_POINT ( 'NONE',  ( 4.399999999999999500, 3.849999999999998300, -2.500000000000000400 ) ) ;
#5467 = AXIS2_PLACEMENT_3D ( 'NONE', #5466, #5465, #5464 ) ;
#5468 = PLANE ( 'NONE',  #5467 ) ;
#5469 = FACE_OUTER_BOUND ( 'NONE', #458, .T. ) ;
#5470 = DIRECTION ( 'NONE',  ( 0.0000000000000000000, -0.7071067811865460200, 0.7071067811865490200 ) ) ;
#5471 = VECTOR ( 'NONE', #5470, 1000.000000000000100 ) ;
#5472 = CARTESIAN_POINT ( 'NONE',  ( 4.599999999999998800, 5.300000000000000700, -2.799999999999999800 ) ) ;
#5473 = LINE ( 'NONE', #5472, #5471 ) ;
#5474 = DIRECTION ( 'NONE',  ( 0.0000000000000000000, 0.7071067811865454600, -0.7071067811865495700 ) ) ;
#5475 = VECTOR ( 'NONE', #5474, 1000.000000000000000 ) ;
#5476 = CARTESIAN_POINT ( 'NONE',  ( 4.599999999999998800, 4.850000000000000500, -2.849999999999999600 ) ) ;
#5477 = LINE ( 'NONE', #5476, #5475 ) ;
#5478 = DIRECTION ( 'NONE',  ( 0.0000000000000000000, 1.000000000000000000, 1.156482317317871500E-016 ) ) ;
#5479 = DIRECTION ( 'NONE',  ( 0.0000000000000000000, 1.156482317317871500E-016, -1.000000000000000000 ) ) ;
#5480 = CARTESIAN_POINT ( 'NONE',  ( 4.599999999999998800, 3.849999999999999200, 0.9000000000000001300 ) ) ;
#5481 = AXIS2_PLACEMENT_3D ( 'NONE', #5480, #5479, #5478 ) ;
#5482 = PLANE ( 'NONE',  #5481 ) ;
#5483 = FACE_OUTER_BOUND ( 'NONE', #367, .T. ) ;
#5484 = DIRECTION ( 'NONE',  ( -0.0000000000000000000, -0.0000000000000000000, 1.000000000000000000 ) ) ;
#5485 = VECTOR ( 'NONE', #5484, 1000.000000000000000 ) ;
#5486 = CARTESIAN_POINT ( 'NONE',  ( 4.599999999999998800, 3.849999999999999200, 0.9000000000000001300 ) ) ;
#5487 = LINE ( 'NONE', #5486, #5485 ) ;
#5488 = CARTESIAN_POINT ( 'NONE',  ( 4.599999999999998800, 3.849999999999999200, 0.9000000000000001300 ) ) ;
#5489 = DIRECTION ( 'NONE',  ( -1.000000000000000000, -0.0000000000000000000, -0.0000000000000000000 ) ) ;
#5490 = VECTOR ( 'NONE', #5489, 1000.000000000000000 ) ;
#5491 = CARTESIAN_POINT ( 'NONE',  ( 4.599999999999998800, 3.849999999999999200, 0.9000000000000001300 ) ) ;
#5492 = LINE ( 'NONE', #5491, #5490 ) ;
#5493 = CARTESIAN_POINT ( 'NONE',  ( 4.399999999999999500, 3.849999999999999200, 0.9000000000000001300 ) ) ;
#5494 = DIRECTION ( 'NONE',  ( -0.0000000000000000000, -0.0000000000000000000, 1.000000000000000000 ) ) ;
#5495 = VECTOR ( 'NONE', #5494, 1000.000000000000000 ) ;
#5496 = DIRECTION ( 'NONE',  ( 0.0000000000000000000, 4.336808689942016200E-015, 1.000000000000000000 ) ) ;
#5497 = VECTOR ( 'NONE', #5496, 1000.000000000000000 ) ;
#5498 = CARTESIAN_POINT ( 'NONE',  ( 4.399999999999999500, 5.799999999999999800, -2.999999999999999600 ) ) ;
#5499 = LINE ( 'NONE', #5498, #5497 ) ;
#5500 = DIRECTION ( 'NONE',  ( 0.0000000000000000000, -4.336808689942016200E-015, -1.000000000000000000 ) ) ;
#5501 = DIRECTION ( 'NONE',  ( 0.0000000000000000000, -1.000000000000000000, 4.336808689942016200E-015 ) ) ;
#5502 = CARTESIAN_POINT ( 'NONE',  ( 4.599999999999998800, 5.799999999999999800, -2.999999999999999600 ) ) ;
#5503 = AXIS2_PLACEMENT_3D ( 'NONE', #5502, #5501, #5500 ) ;
#5504 = PLANE ( 'NONE',  #5503 ) ;
#5505 = FACE_OUTER_BOUND ( 'NONE', #423, .T. ) ;
#5506 = DIRECTION ( 'NONE',  ( 0.0000000000000000000, 0.0000000000000000000, 1.000000000000000000 ) ) ;
#5507 = DIRECTION ( 'NONE',  ( -1.000000000000000000, 0.0000000000000000000, 0.0000000000000000000 ) ) ;
#5508 = CARTESIAN_POINT ( 'NONE',  ( 4.599999999999998800, 3.849999999999998300, -2.500000000000000400 ) ) ;
#5509 = AXIS2_PLACEMENT_3D ( 'NONE', #5508, #5507, #5506 ) ;
#5510 = PLANE ( 'NONE',  #5509 ) ;
#5511 = FACE_OUTER_BOUND ( 'NONE', #473, .T. ) ;
#5512 = DIRECTION ( 'NONE',  ( 0.0000000000000000000, -1.000000000000000000, -8.673617379884042400E-016 ) ) ;
#5513 = VECTOR ( 'NONE', #5512, 1000.000000000000000 ) ;
#5514 = CARTESIAN_POINT ( 'NONE',  ( 4.599999999999998800, 5.800000000000000700, -2.799999999999999400 ) ) ;
#5515 = LINE ( 'NONE', #5514, #5513 ) ;
#5516 = CARTESIAN_POINT ( 'NONE',  ( 4.599999999999998800, 5.300000000000000700, -2.799999999999999800 ) ) ;
#5517 = DIRECTION ( 'NONE',  ( -1.000000000000000000, -0.0000000000000000000, -0.0000000000000000000 ) ) ;
#5518 = VECTOR ( 'NONE', #5517, 1000.000000000000000 ) ;
#5519 = CARTESIAN_POINT ( 'NONE',  ( 4.599999999999998800, 5.300000000000000700, -2.799999999999999800 ) ) ;
#5520 = LINE ( 'NONE', #5519, #5518 ) ;
#5521 = CARTESIAN_POINT ( 'NONE',  ( 4.399999999999999500, 5.300000000000000700, -2.799999999999999800 ) ) ;
#5522 = DIRECTION ( 'NONE',  ( 0.0000000000000000000, -1.000000000000000000, -8.673617379884042400E-016 ) ) ;
#5523 = VECTOR ( 'NONE', #5522, 1000.000000000000000 ) ;
#5524 = CARTESIAN_POINT ( 'NONE',  ( 4.399999999999999500, 5.800000000000000700, -2.799999999999999400 ) ) ;
#5525 = LINE ( 'NONE', #5524, #5523 ) ;
#5526 = DIRECTION ( 'NONE',  ( 0.0000000000000000000, -0.7071067811865460200, 0.7071067811865490200 ) ) ;
#5527 = VECTOR ( 'NONE', #5526, 1000.000000000000100 ) ;
#5528 = CARTESIAN_POINT ( 'NONE',  ( 4.399999999999999500, 5.300000000000000700, -2.799999999999999800 ) ) ;
#5529 = PLANE ( 'NONE',  #5595 ) ;
#5530 = FACE_OUTER_BOUND ( 'NONE', #500, .T. ) ;
#5531 = DIRECTION ( 'NONE',  ( -1.000000000000000000, -0.0000000000000000000, -0.0000000000000000000 ) ) ;
#5532 = VECTOR ( 'NONE', #5531, 1000.000000000000000 ) ;
#5533 = CARTESIAN_POINT ( 'NONE',  ( 4.599999999999998800, 3.849999999999999200, -0.9000000000000003600 ) ) ;
#5534 = LINE ( 'NONE', #5533, #5532 ) ;
#5535 = CARTESIAN_POINT ( 'NONE',  ( 4.599999999999998800, 3.849999999999999200, -0.9000000000000003600 ) ) ;
#5536 = DIRECTION ( 'NONE',  ( 0.0000000000000000000, 0.0000000000000000000, 1.000000000000000000 ) ) ;
#5537 = VECTOR ( 'NONE', #5536, 1000.000000000000000 ) ;
#5538 = CARTESIAN_POINT ( 'NONE',  ( 4.599999999999998800, 3.849999999999999200, -0.9000000000000003600 ) ) ;
#5539 = LINE ( 'NONE', #5538, #5537 ) ;
#5540 = CARTESIAN_POINT ( 'NONE',  ( 4.599999999999998800, 3.849999999999999200, -0.4000000000000001900 ) ) ;
#5541 = DIRECTION ( 'NONE',  ( 0.0000000000000000000, 0.0000000000000000000, 1.000000000000000000 ) ) ;
#5542 = DIRECTION ( 'NONE',  ( -1.000000000000000000, 0.0000000000000000000, 0.0000000000000000000 ) ) ;
#5543 = CARTESIAN_POINT ( 'NONE',  ( 4.599999999999998800, 3.849999999999998300, -2.500000000000000400 ) ) ;
#5544 = AXIS2_PLACEMENT_3D ( 'NONE', #5543, #5542, #5541 ) ;
#5545 = PLANE ( 'NONE',  #5544 ) ;
#5546 = FACE_OUTER_BOUND ( 'NONE', #490, .T. ) ;
#5547 = DIRECTION ( 'NONE',  ( 0.0000000000000000000, 1.000000000000000000, 0.0000000000000000000 ) ) ;
#5548 = VECTOR ( 'NONE', #5547, 1000.000000000000000 ) ;
#5549 = CARTESIAN_POINT ( 'NONE',  ( 4.599999999999998800, 2.099999999999999600, -0.9000000000000003600 ) ) ;
#5550 = LINE ( 'NONE', #5549, #5548 ) ;
#5551 = DIRECTION ( 'NONE',  ( 0.0000000000000000000, 4.336808689942016200E-015, 1.000000000000000000 ) ) ;
#5552 = VECTOR ( 'NONE', #5551, 1000.000000000000000 ) ;
#5553 = CARTESIAN_POINT ( 'NONE',  ( 4.599999999999998800, 5.799999999999999800, -2.999999999999999600 ) ) ;
#5554 = LINE ( 'NONE', #5553, #5552 ) ;
#5555 = CARTESIAN_POINT ( 'NONE',  ( 4.599999999999998800, 5.800000000000000700, -2.799999999999999400 ) ) ;
#5556 = DIRECTION ( 'NONE',  ( -1.000000000000000000, -0.0000000000000000000, -0.0000000000000000000 ) ) ;
#5557 = VECTOR ( 'NONE', #5556, 1000.000000000000000 ) ;
#5558 = CARTESIAN_POINT ( 'NONE',  ( 4.599999999999998800, 5.800000000000000700, -2.799999999999999400 ) ) ;
#5559 = LINE ( 'NONE', #5558, #5557 ) ;
#5560 = CARTESIAN_POINT ( 'NONE',  ( 4.399999999999999500, 5.800000000000000700, -2.799999999999999400 ) ) ;
#5561 = FACE_OUTER_BOUND ( 'NONE', #445, .T. ) ;
#5562 = DIRECTION ( 'NONE',  ( 0.0000000000000000000, 0.7071067811865454600, -0.7071067811865495700 ) ) ;
#5563 = VECTOR ( 'NONE', #5562, 1000.000000000000000 ) ;
#5564 = CARTESIAN_POINT ( 'NONE',  ( 4.399999999999999500, 4.850000000000000500, -2.849999999999999600 ) ) ;
#5565 = LINE ( 'NONE', #5564, #5563 ) ;
#5566 = DIRECTION ( 'NONE',  ( -1.000000000000000000, -0.0000000000000000000, -0.0000000000000000000 ) ) ;
#5567 = VECTOR ( 'NONE', #5566, 1000.000000000000000 ) ;
#5568 = CARTESIAN_POINT ( 'NONE',  ( 4.599999999999998800, 3.849999999999999200, -0.4000000000000001900 ) ) ;
#5569 = LINE ( 'NONE', #5568, #5567 ) ;
#5570 = CARTESIAN_POINT ( 'NONE',  ( 4.399999999999999500, 3.849999999999999200, -0.4000000000000001900 ) ) ;
#5571 = CARTESIAN_POINT ( 'NONE',  ( 4.399999999999999500, 3.849999999999999200, -0.9000000000000003600 ) ) ;
#5572 = DIRECTION ( 'NONE',  ( 0.0000000000000000000, 0.0000000000000000000, 1.000000000000000000 ) ) ;
#5573 = VECTOR ( 'NONE', #5572, 1000.000000000000000 ) ;
#5574 = CARTESIAN_POINT ( 'NONE',  ( 4.399999999999999500, 3.849999999999999200, -0.9000000000000003600 ) ) ;
#5575 = LINE ( 'NONE', #5574, #5573 ) ;
#5576 = DIRECTION ( 'NONE',  ( 0.0000000000000000000, -0.0000000000000000000, -1.000000000000000000 ) ) ;
#5577 = DIRECTION ( 'NONE',  ( 0.0000000000000000000, -1.000000000000000000, 0.0000000000000000000 ) ) ;
#5578 = CARTESIAN_POINT ( 'NONE',  ( 4.599999999999998800, 3.849999999999999200, -0.9000000000000003600 ) ) ;
#5579 = AXIS2_PLACEMENT_3D ( 'NONE', #5578, #5577, #5576 ) ;
#5580 = PLANE ( 'NONE',  #5579 ) ;
#5581 = FACE_OUTER_BOUND ( 'NONE', #513, .T. ) ;
#5582 = DIRECTION ( 'NONE',  ( 0.0000000000000000000, -0.7071067811865454600, 0.7071067811865495700 ) ) ;
#5583 = DIRECTION ( 'NONE',  ( -0.0000000000000000000, 0.7071067811865495700, 0.7071067811865454600 ) ) ;
#5584 = CARTESIAN_POINT ( 'NONE',  ( 4.599999999999998800, 4.850000000000000500, -2.849999999999999600 ) ) ;
#5585 = AXIS2_PLACEMENT_3D ( 'NONE', #5584, #5583, #5582 ) ;
#5586 = PLANE ( 'NONE',  #5585 ) ;
#5587 = FACE_OUTER_BOUND ( 'NONE', #507, .T. ) ;
#5588 = DIRECTION ( 'NONE',  ( 0.0000000000000000000, -1.000000000000000000, -1.232047923278982200E-016 ) ) ;
#5589 = VECTOR ( 'NONE', #5588, 1000.000000000000000 ) ;
#5590 = CARTESIAN_POINT ( 'NONE',  ( 4.599999999999998800, 3.849999999999999200, -0.4000000000000001900 ) ) ;
#5591 = LINE ( 'NONE', #5590, #5589 ) ;
#5592 = DIRECTION ( 'NONE',  ( 0.0000000000000000000, 1.000000000000000000, 1.232047923278982200E-016 ) ) ;
#5593 = DIRECTION ( 'NONE',  ( 0.0000000000000000000, 1.232047923278982200E-016, -1.000000000000000000 ) ) ;
#5594 = CARTESIAN_POINT ( 'NONE',  ( 4.599999999999998800, 3.849999999999999200, -0.4000000000000001900 ) ) ;
#5595 = AXIS2_PLACEMENT_3D ( 'NONE', #5594, #5593, #5592 ) ;
#5596 = PLANE ( 'NONE',  #5068 ) ;
#5597 = FACE_OUTER_BOUND ( 'NONE', #541, .T. ) ;
#5598 = DIRECTION ( 'NONE',  ( -1.000000000000000000, -0.0000000000000000000, -0.0000000000000000000 ) ) ;
#5599 = VECTOR ( 'NONE', #5598, 1000.000000000000000 ) ;
#5600 = CARTESIAN_POINT ( 'NONE',  ( 3.600000000000000100, -0.1999999999999999800, -2.799999999999999400 ) ) ;
#5601 = LINE ( 'NONE', #5600, #5599 ) ;
#5602 = CARTESIAN_POINT ( 'NONE',  ( 3.600000000000000100, -0.1999999999999999800, -2.799999999999999400 ) ) ;
#5603 = DIRECTION ( 'NONE',  ( 0.0000000000000000000, -1.000000000000000000, 0.0000000000000000000 ) ) ;
#5604 = VECTOR ( 'NONE', #5603, 1000.000000000000000 ) ;
#5605 = CARTESIAN_POINT ( 'NONE',  ( 3.600000000000000100, -0.1999999999999999800, -2.799999999999999400 ) ) ;
#5606 = LINE ( 'NONE', #5605, #5604 ) ;
#5607 = CARTESIAN_POINT ( 'NONE',  ( 3.600000000000000100, -0.6999999999999999600, -2.799999999999999400 ) ) ;
#5608 = DIRECTION ( 'NONE',  ( -1.000000000000000000, -0.0000000000000000000, -0.0000000000000000000 ) ) ;
#5609 = VECTOR ( 'NONE', #5608, 1000.000000000000000 ) ;
#5610 = CARTESIAN_POINT ( 'NONE',  ( 3.600000000000000100, -0.6999999999999999600, -2.799999999999999400 ) ) ;
#5611 = LINE ( 'NONE', #5610, #5609 ) ;
#5612 = DIRECTION ( 'NONE',  ( 0.0000000000000000000, 1.000000000000000000, 0.0000000000000000000 ) ) ;
#5613 = VECTOR ( 'NONE', #5612, 1000.000000000000000 ) ;
#5614 = CARTESIAN_POINT ( 'NONE',  ( 3.600000000000000100, -0.6999999999999999600, -2.999999999999999600 ) ) ;
#5615 = LINE ( 'NONE', #5614, #5613 ) ;
#5616 = CARTESIAN_POINT ( 'NONE',  ( 3.600000000000000100, 0.1000000000000000500, -2.999999999999999600 ) ) ;
#5617 = DIRECTION ( 'NONE',  ( -1.000000000000000000, -0.0000000000000000000, -0.0000000000000000000 ) ) ;
#5618 = VECTOR ( 'NONE', #5617, 1000.000000000000000 ) ;
#5619 = CARTESIAN_POINT ( 'NONE',  ( 3.600000000000000100, 0.1000000000000000500, -2.999999999999999600 ) ) ;
#5620 = LINE ( 'NONE', #5619, #5618 ) ;
#5621 = CARTESIAN_POINT ( 'NONE',  ( 3.399999999999999900, 0.1000000000000000500, -2.999999999999999600 ) ) ;
#5622 = DIRECTION ( 'NONE',  ( 0.0000000000000000000, 0.7071067811865460200, -0.7071067811865490200 ) ) ;
#5623 = DIRECTION ( 'NONE',  ( 0.0000000000000000000, -0.7071067811865490200, -0.7071067811865460200 ) ) ;
#5624 = CARTESIAN_POINT ( 'NONE',  ( 4.599999999999998800, 5.300000000000000700, -2.799999999999999800 ) ) ;
#5625 = AXIS2_PLACEMENT_3D ( 'NONE', #5624, #5623, #5622 ) ;
#5626 = PLANE ( 'NONE',  #5625 ) ;
#5627 = DIRECTION ( 'NONE',  ( 1.000000000000000000, 0.0000000000000000000, -0.0000000000000000000 ) ) ;
#5628 = DIRECTION ( 'NONE',  ( 0.0000000000000000000, 0.0000000000000000000, 1.000000000000000000 ) ) ;
#5629 = CARTESIAN_POINT ( 'NONE',  ( 4.599999999999998800, 2.099999999999999600, -0.9000000000000003600 ) ) ;
#5630 = AXIS2_PLACEMENT_3D ( 'NONE', #5629, #5628, #5627 ) ;
#5631 = PLANE ( 'NONE',  #5630 ) ;
#5632 = FACE_OUTER_BOUND ( 'NONE', #562, .T. ) ;
#5633 = CARTESIAN_POINT ( 'NONE',  ( 3.399999999999999900, -0.6999999999999999600, -2.799999999999999400 ) ) ;
#5634 = CARTESIAN_POINT ( 'NONE',  ( 3.399999999999999900, -0.1999999999999999800, -2.799999999999999400 ) ) ;
#5635 = DIRECTION ( 'NONE',  ( 0.0000000000000000000, -1.000000000000000000, 0.0000000000000000000 ) ) ;
#5636 = VECTOR ( 'NONE', #5635, 1000.000000000000000 ) ;
#5637 = CARTESIAN_POINT ( 'NONE',  ( 3.399999999999999900, -0.1999999999999999800, -2.799999999999999400 ) ) ;
#5638 = LINE ( 'NONE', #5637, #5636 ) ;
#5639 = DIRECTION ( 'NONE',  ( -1.000000000000000000, 0.0000000000000000000, -0.0000000000000000000 ) ) ;
#5640 = DIRECTION ( 'NONE',  ( 0.0000000000000000000, 0.0000000000000000000, -1.000000000000000000 ) ) ;
#5641 = CARTESIAN_POINT ( 'NONE',  ( 3.600000000000000100, -0.1999999999999999800, -2.799999999999999400 ) ) ;
#5642 = AXIS2_PLACEMENT_3D ( 'NONE', #5641, #5640, #5639 ) ;
#5643 = PLANE ( 'NONE',  #5642 ) ;
#5644 = FACE_OUTER_BOUND ( 'NONE', #556, .T. ) ;
#5645 = DIRECTION ( 'NONE',  ( 0.0000000000000000000, 0.0000000000000000000, 1.000000000000000000 ) ) ;
#5646 = DIRECTION ( 'NONE',  ( -1.000000000000000000, 0.0000000000000000000, 0.0000000000000000000 ) ) ;
#5647 = CARTESIAN_POINT ( 'NONE',  ( 4.399999999999999500, 3.849999999999998300, -2.500000000000000400 ) ) ;
#5648 = AXIS2_PLACEMENT_3D ( 'NONE', #5647, #5646, #5645 ) ;
#5649 = PLANE ( 'NONE',  #5648 ) ;
#5650 = FACE_OUTER_BOUND ( 'NONE', #550, .T. ) ;
#5651 = DIRECTION ( 'NONE',  ( -1.000000000000000000, -0.0000000000000000000, -0.0000000000000000000 ) ) ;
#5652 = VECTOR ( 'NONE', #5651, 1000.000000000000000 ) ;
#5653 = CARTESIAN_POINT ( 'NONE',  ( 3.600000000000000100, -0.6999999999999999600, -2.999999999999999600 ) ) ;
#5654 = LINE ( 'NONE', #5653, #5652 ) ;
#5655 = CARTESIAN_POINT ( 'NONE',  ( 3.399999999999999900, -0.6999999999999999600, -2.999999999999999600 ) ) ;
#5656 = DIRECTION ( 'NONE',  ( 0.0000000000000000000, 0.0000000000000000000, -1.000000000000000000 ) ) ;
#5657 = VECTOR ( 'NONE', #5656, 1000.000000000000000 ) ;
#5658 = CARTESIAN_POINT ( 'NONE',  ( 3.399999999999999900, -0.6999999999999999600, -2.799999999999999400 ) ) ;
#5659 = LINE ( 'NONE', #5658, #5657 ) ;
#5660 = DIRECTION ( 'NONE',  ( -0.0000000000000000000, 0.7071067811865510100, 0.7071067811865441300 ) ) ;
#5661 = CARTESIAN_POINT ( 'NONE',  ( 3.399999999999999900, 0.2500000000000014400, -2.849999999999999600 ) ) ;
#5662 = LINE ( 'NONE', #5661, #5724 ) ;
#5663 = DIRECTION ( 'NONE',  ( 0.0000000000000000000, 0.0000000000000000000, 1.000000000000000000 ) ) ;
#5664 = DIRECTION ( 'NONE',  ( -1.000000000000000000, -0.0000000000000000000, 0.0000000000000000000 ) ) ;
#5665 = CARTESIAN_POINT ( 'NONE',  ( 3.399999999999999900, -0.1999999999999999800, -2.799999999999999400 ) ) ;
#5666 = AXIS2_PLACEMENT_3D ( 'NONE', #5665, #5664, #5663 ) ;
#5667 = PLANE ( 'NONE',  #5666 ) ;
#5668 = FACE_OUTER_BOUND ( 'NONE', #588, .T. ) ;
#5669 = DIRECTION ( 'NONE',  ( 0.0000000000000000000, -0.7071067811865462400, -0.7071067811865489100 ) ) ;
#5670 = VECTOR ( 'NONE', #5669, 1000.000000000000000 ) ;
#5671 = CARTESIAN_POINT ( 'NONE',  ( 3.600000000000000100, 0.09999999999999917300, -2.499999999999999100 ) ) ;
#5672 = LINE ( 'NONE', #5671, #5670 ) ;
#5673 = DIRECTION ( 'NONE',  ( -0.0000000000000000000, 0.7071067811865510100, 0.7071067811865441300 ) ) ;
#5674 = VECTOR ( 'NONE', #5673, 1000.000000000000000 ) ;
#5675 = CARTESIAN_POINT ( 'NONE',  ( 3.600000000000000100, 0.2500000000000014400, -2.849999999999999600 ) ) ;
#5676 = LINE ( 'NONE', #5675, #5674 ) ;
#5677 = DIRECTION ( 'NONE',  ( 0.0000000000000000000, 0.0000000000000000000, 1.000000000000000000 ) ) ;
#5678 = DIRECTION ( 'NONE',  ( -1.000000000000000000, -0.0000000000000000000, 0.0000000000000000000 ) ) ;
#5679 = CARTESIAN_POINT ( 'NONE',  ( 3.600000000000000100, -0.1999999999999999800, -2.799999999999999400 ) ) ;
#5680 = AXIS2_PLACEMENT_3D ( 'NONE', #5679, #5678, #5677 ) ;
#5681 = PLANE ( 'NONE',  #5680 ) ;
#5682 = FACE_OUTER_BOUND ( 'NONE', #597, .T. ) ;
#5683 = DIRECTION ( 'NONE',  ( 0.0000000000000000000, -0.7071067811865510100, -0.7071067811865441300 ) ) ;
#5684 = DIRECTION ( 'NONE',  ( 0.0000000000000000000, -0.7071067811865441300, 0.7071067811865510100 ) ) ;
#5685 = CARTESIAN_POINT ( 'NONE',  ( 3.600000000000000100, 0.2500000000000014400, -2.849999999999999600 ) ) ;
#5686 = AXIS2_PLACEMENT_3D ( 'NONE', #5685, #5684, #5683 ) ;
#5687 = PLANE ( 'NONE',  #5686 ) ;
#5688 = FACE_OUTER_BOUND ( 'NONE', #569, .T. ) ;
#5689 = DIRECTION ( 'NONE',  ( 0.0000000000000000000, 1.000000000000000000, 0.0000000000000000000 ) ) ;
#5690 = VECTOR ( 'NONE', #5689, 1000.000000000000000 ) ;
#5691 = CARTESIAN_POINT ( 'NONE',  ( 4.399999999999999500, 2.099999999999999600, -0.9000000000000003600 ) ) ;
#5692 = LINE ( 'NONE', #5691, #5690 ) ;
#5693 = CARTESIAN_POINT ( 'NONE',  ( 3.399999999999999900, 3.849999999999999200, 0.9000000000000001300 ) ) ;
#5694 = LINE ( 'NONE', #5758, #5757 ) ;
#5695 = DIRECTION ( 'NONE',  ( -0.0000000000000000000, -0.0000000000000000000, 1.000000000000000000 ) ) ;
#5696 = VECTOR ( 'NONE', #5695, 1000.000000000000000 ) ;
#5697 = CARTESIAN_POINT ( 'NONE',  ( 3.399999999999999900, 3.849999999999999200, 0.9000000000000001300 ) ) ;
#5698 = LINE ( 'NONE', #5697, #5696 ) ;
#5699 = DIRECTION ( 'NONE',  ( 0.0000000000000000000, 0.0000000000000000000, 1.000000000000000000 ) ) ;
#5700 = DIRECTION ( 'NONE',  ( -1.000000000000000000, -0.0000000000000000000, 0.0000000000000000000 ) ) ;
#5701 = CARTESIAN_POINT ( 'NONE',  ( 3.399999999999999900, -0.1999999999999999800, -2.799999999999999400 ) ) ;
#5702 = AXIS2_PLACEMENT_3D ( 'NONE', #5701, #5700, #5699 ) ;
#5703 = PLANE ( 'NONE',  #5702 ) ;
#5704 = FACE_OUTER_BOUND ( 'NONE', #612, .T. ) ;
#5705 = DIRECTION ( 'NONE',  ( 0.0000000000000000000, 1.000000000000000000, 0.0000000000000000000 ) ) ;
#5706 = VECTOR ( 'NONE', #5705, 1000.000000000000000 ) ;
#5707 = CARTESIAN_POINT ( 'NONE',  ( 3.399999999999999900, -0.6999999999999999600, -2.999999999999999600 ) ) ;
#5708 = LINE ( 'NONE', #5707, #5706 ) ;
#5709 = DIRECTION ( 'NONE',  ( 1.000000000000000000, 0.0000000000000000000, -0.0000000000000000000 ) ) ;
#5710 = DIRECTION ( 'NONE',  ( 0.0000000000000000000, 0.0000000000000000000, 1.000000000000000000 ) ) ;
#5711 = CARTESIAN_POINT ( 'NONE',  ( 3.600000000000000100, -0.6999999999999999600, -2.999999999999999600 ) ) ;
#5712 = AXIS2_PLACEMENT_3D ( 'NONE', #5711, #5710, #5709 ) ;
#5713 = PLANE ( 'NONE',  #5712 ) ;
#5714 = FACE_OUTER_BOUND ( 'NONE', #603, .T. ) ;
#5715 = DIRECTION ( 'NONE',  ( 0.0000000000000000000, 0.0000000000000000000, -1.000000000000000000 ) ) ;
#5716 = VECTOR ( 'NONE', #5715, 1000.000000000000000 ) ;
#5717 = CARTESIAN_POINT ( 'NONE',  ( 3.600000000000000100, -0.6999999999999999600, -2.799999999999999400 ) ) ;
#5718 = LINE ( 'NONE', #5717, #5716 ) ;
#5719 = CARTESIAN_POINT ( 'NONE',  ( 3.600000000000000100, -0.6999999999999999600, -2.999999999999999600 ) ) ;
#5720 = DIRECTION ( 'NONE',  ( 0.0000000000000000000, -0.7071067811865462400, -0.7071067811865489100 ) ) ;
#5721 = VECTOR ( 'NONE', #5720, 1000.000000000000000 ) ;
#5722 = CARTESIAN_POINT ( 'NONE',  ( 3.399999999999999900, 0.09999999999999917300, -2.499999999999999100 ) ) ;
#5723 = LINE ( 'NONE', #5722, #5721 ) ;
#5724 = VECTOR ( 'NONE', #5660, 1000.000000000000000 ) ;
#5725 = CARTESIAN_POINT ( 'NONE',  ( 3.600000000000000100, 3.849999999999999200, 0.3999999999999998600 ) ) ;
#5726 = DIRECTION ( 'NONE',  ( -1.000000000000000000, -0.0000000000000000000, -0.0000000000000000000 ) ) ;
#5727 = VECTOR ( 'NONE', #5726, 1000.000000000000000 ) ;
#5728 = CARTESIAN_POINT ( 'NONE',  ( 3.600000000000000100, 3.849999999999999200, 0.3999999999999998600 ) ) ;
#5729 = LINE ( 'NONE', #5728, #5727 ) ;
#5730 = CARTESIAN_POINT ( 'NONE',  ( 3.399999999999999900, 3.849999999999999200, 0.3999999999999998600 ) ) ;
#5731 = DIRECTION ( 'NONE',  ( 0.0000000000000000000, 1.000000000000000000, -1.642730564371976600E-017 ) ) ;
#5732 = VECTOR ( 'NONE', #5731, 1000.000000000000000 ) ;
#5733 = CARTESIAN_POINT ( 'NONE',  ( 3.399999999999999900, 0.5499999999999992700, 0.3999999999999999100 ) ) ;
#5734 = LINE ( 'NONE', #5733, #5732 ) ;
#5735 = DIRECTION ( 'NONE',  ( 0.0000000000000000000, -1.000000000000000000, 1.642730564371976600E-017 ) ) ;
#5736 = DIRECTION ( 'NONE',  ( -0.0000000000000000000, 1.642730564371976600E-017, 1.000000000000000000 ) ) ;
#5737 = CARTESIAN_POINT ( 'NONE',  ( 3.600000000000000100, 0.5499999999999992700, 0.3999999999999999100 ) ) ;
#5738 = AXIS2_PLACEMENT_3D ( 'NONE', #5737, #5736, #5735 ) ;
#5739 = PLANE ( 'NONE',  #5738 ) ;
#5740 = FACE_OUTER_BOUND ( 'NONE', #574, .T. ) ;
#5741 = DIRECTION ( 'NONE',  ( 0.0000000000000000000, -1.000000000000000000, -1.156482317317871500E-016 ) ) ;
#5742 = VECTOR ( 'NONE', #5741, 1000.000000000000000 ) ;
#5743 = CARTESIAN_POINT ( 'NONE',  ( 3.600000000000000100, 3.849999999999999200, 0.9000000000000001300 ) ) ;
#5744 = LINE ( 'NONE', #5743, #5742 ) ;
#5745 = DIRECTION ( 'NONE',  ( 0.0000000000000000000, 1.000000000000000000, 1.156482317317871500E-016 ) ) ;
#5746 = DIRECTION ( 'NONE',  ( 0.0000000000000000000, 1.156482317317871500E-016, -1.000000000000000000 ) ) ;
#5747 = CARTESIAN_POINT ( 'NONE',  ( 3.600000000000000100, 3.849999999999999200, 0.9000000000000001300 ) ) ;
#5748 = AXIS2_PLACEMENT_3D ( 'NONE', #5747, #5746, #5745 ) ;
#5749 = PLANE ( 'NONE',  #5748 ) ;
#5750 = FACE_OUTER_BOUND ( 'NONE', #623, .T. ) ;
#5751 = DIRECTION ( 'NONE',  ( -0.0000000000000000000, -0.0000000000000000000, 1.000000000000000000 ) ) ;
#5752 = VECTOR ( 'NONE', #5751, 1000.000000000000000 ) ;
#5753 = CARTESIAN_POINT ( 'NONE',  ( 3.600000000000000100, 3.849999999999999200, 0.9000000000000001300 ) ) ;
#5754 = LINE ( 'NONE', #5753, #5752 ) ;
#5755 = CARTESIAN_POINT ( 'NONE',  ( 3.600000000000000100, 3.849999999999999200, 0.9000000000000001300 ) ) ;
#5756 = DIRECTION ( 'NONE',  ( -1.000000000000000000, -0.0000000000000000000, -0.0000000000000000000 ) ) ;
#5757 = VECTOR ( 'NONE', #5756, 1000.000000000000000 ) ;
#5758 = CARTESIAN_POINT ( 'NONE',  ( 3.600000000000000100, 3.849999999999999200, 0.9000000000000001300 ) ) ;
#5759 = AXIS2_PLACEMENT_3D ( 'NONE', #5826, #5825, #5824 ) ;
#5760 = PLANE ( 'NONE',  #5759 ) ;
#5761 = FACE_OUTER_BOUND ( 'NONE', #653, .T. ) ;
#5762 = DIRECTION ( 'NONE',  ( -1.000000000000000000, -0.0000000000000000000, -0.0000000000000000000 ) ) ;
#5763 = VECTOR ( 'NONE', #5762, 1000.000000000000000 ) ;
#5764 = CARTESIAN_POINT ( 'NONE',  ( 3.600000000000000100, 4.999999999999999100, -2.999999999999999600 ) ) ;
#5765 = LINE ( 'NONE', #5764, #5763 ) ;
#5766 = DIRECTION ( 'NONE',  ( 0.0000000000000000000, 0.0000000000000000000, 1.000000000000000000 ) ) ;
#5767 = DIRECTION ( 'NONE',  ( -1.000000000000000000, 0.0000000000000000000, 0.0000000000000000000 ) ) ;
#5768 = CARTESIAN_POINT ( 'NONE',  ( 3.600000000000000100, 3.849999999999998300, -2.500000000000000400 ) ) ;
#5769 = AXIS2_PLACEMENT_3D ( 'NONE', #5768, #5767, #5766 ) ;
#5770 = PLANE ( 'NONE',  #5769 ) ;
#5771 = FACE_OUTER_BOUND ( 'NONE', #647, .T. ) ;
#5772 = DIRECTION ( 'NONE',  ( 0.0000000000000000000, -1.000000000000000000, -8.673617379884042400E-016 ) ) ;
#5773 = VECTOR ( 'NONE', #5772, 1000.000000000000000 ) ;
#5774 = CARTESIAN_POINT ( 'NONE',  ( 3.600000000000000100, 5.800000000000000700, -2.799999999999999400 ) ) ;
#5775 = LINE ( 'NONE', #5774, #5773 ) ;
#5776 = DIRECTION ( 'NONE',  ( 0.0000000000000000000, 0.7071067811865462400, 0.7071067811865489100 ) ) ;
#5777 = DIRECTION ( 'NONE',  ( 0.0000000000000000000, 0.7071067811865489100, -0.7071067811865462400 ) ) ;
#5778 = CARTESIAN_POINT ( 'NONE',  ( 3.600000000000000100, 0.09999999999999917300, -2.499999999999999100 ) ) ;
#5779 = AXIS2_PLACEMENT_3D ( 'NONE', #5778, #5777, #5776 ) ;
#5780 = PLANE ( 'NONE',  #5779 ) ;
#5781 = FACE_OUTER_BOUND ( 'NONE', #641, .T. ) ;
#5782 = DIRECTION ( 'NONE',  ( 0.0000000000000000000, -0.0000000000000000000, -1.000000000000000000 ) ) ;
#5783 = DIRECTION ( 'NONE',  ( 0.0000000000000000000, -1.000000000000000000, 0.0000000000000000000 ) ) ;
#5784 = CARTESIAN_POINT ( 'NONE',  ( 3.600000000000000100, 3.849999999999999200, 0.9000000000000001300 ) ) ;
#5785 = AXIS2_PLACEMENT_3D ( 'NONE', #5784, #5783, #5782 ) ;
#5786 = PLANE ( 'NONE',  #5785 ) ;
#5787 = FACE_OUTER_BOUND ( 'NONE', #638, .T. ) ;
#5788 = DIRECTION ( 'NONE',  ( 0.0000000000000000000, 1.000000000000000000, -1.642730564371976600E-017 ) ) ;
#5789 = VECTOR ( 'NONE', #5788, 1000.000000000000000 ) ;
#5790 = CARTESIAN_POINT ( 'NONE',  ( 3.600000000000000100, 0.5499999999999992700, 0.3999999999999999100 ) ) ;
#5791 = LINE ( 'NONE', #5790, #5789 ) ;
#5792 = CARTESIAN_POINT ( 'NONE',  ( 3.399999999999999900, 5.799999999999999800, -2.999999999999999600 ) ) ;
#5793 = CARTESIAN_POINT ( 'NONE',  ( 3.399999999999999900, 4.999999999999999100, -2.999999999999999600 ) ) ;
#5794 = DIRECTION ( 'NONE',  ( 0.0000000000000000000, 1.000000000000000000, 0.0000000000000000000 ) ) ;
#5795 = VECTOR ( 'NONE', #5794, 1000.000000000000000 ) ;
#5796 = CARTESIAN_POINT ( 'NONE',  ( 3.399999999999999900, 4.999999999999999100, -2.999999999999999600 ) ) ;
#5797 = LINE ( 'NONE', #5796, #5795 ) ;
#5798 = DIRECTION ( 'NONE',  ( 1.000000000000000000, 0.0000000000000000000, -0.0000000000000000000 ) ) ;
#5799 = DIRECTION ( 'NONE',  ( 0.0000000000000000000, 0.0000000000000000000, 1.000000000000000000 ) ) ;
#5800 = CARTESIAN_POINT ( 'NONE',  ( 3.600000000000000100, 4.999999999999999100, -2.999999999999999600 ) ) ;
#5801 = AXIS2_PLACEMENT_3D ( 'NONE', #5800, #5799, #5798 ) ;
#5802 = PLANE ( 'NONE',  #5801 ) ;
#5803 = FACE_OUTER_BOUND ( 'NONE', #669, .T. ) ;
#5804 = DIRECTION ( 'NONE',  ( 0.0000000000000000000, 1.000000000000000000, 8.673617379884043400E-016 ) ) ;
#5805 = DIRECTION ( 'NONE',  ( 0.0000000000000000000, 8.673617379884043400E-016, -1.000000000000000000 ) ) ;
#5806 = CARTESIAN_POINT ( 'NONE',  ( 3.600000000000000100, 5.800000000000000700, -2.799999999999999400 ) ) ;
#5807 = AXIS2_PLACEMENT_3D ( 'NONE', #5806, #5805, #5804 ) ;
#5808 = PLANE ( 'NONE',  #5807 ) ;
#5809 = FACE_OUTER_BOUND ( 'NONE', #664, .T. ) ;
#5810 = DIRECTION ( 'NONE',  ( 0.0000000000000000000, 4.336808689942016200E-015, 1.000000000000000000 ) ) ;
#5811 = VECTOR ( 'NONE', #5810, 1000.000000000000000 ) ;
#5812 = CARTESIAN_POINT ( 'NONE',  ( 3.600000000000000100, 5.799999999999999800, -2.999999999999999600 ) ) ;
#5813 = LINE ( 'NONE', #5812, #5811 ) ;
#5814 = CARTESIAN_POINT ( 'NONE',  ( 3.600000000000000100, 5.800000000000000700, -2.799999999999999400 ) ) ;
#5815 = DIRECTION ( 'NONE',  ( -1.000000000000000000, -0.0000000000000000000, -0.0000000000000000000 ) ) ;
#5816 = VECTOR ( 'NONE', #5815, 1000.000000000000000 ) ;
#5817 = CARTESIAN_POINT ( 'NONE',  ( 3.600000000000000100, 5.800000000000000700, -2.799999999999999400 ) ) ;
#5818 = LINE ( 'NONE', #5817, #5816 ) ;
#5819 = CARTESIAN_POINT ( 'NONE',  ( 3.399999999999999900, 5.800000000000000700, -2.799999999999999400 ) ) ;
#5820 = DIRECTION ( 'NONE',  ( 0.0000000000000000000, 4.336808689942016200E-015, 1.000000000000000000 ) ) ;
#5821 = VECTOR ( 'NONE', #5820, 1000.000000000000000 ) ;
#5822 = CARTESIAN_POINT ( 'NONE',  ( 3.399999999999999900, 5.799999999999999800, -2.999999999999999600 ) ) ;
#5823 = LINE ( 'NONE', #5822, #5821 ) ;
#5824 = DIRECTION ( 'NONE',  ( 0.0000000000000000000, -4.336808689942016200E-015, -1.000000000000000000 ) ) ;
#5825 = DIRECTION ( 'NONE',  ( 0.0000000000000000000, -1.000000000000000000, 4.336808689942016200E-015 ) ) ;
#5826 = CARTESIAN_POINT ( 'NONE',  ( 3.600000000000000100, 5.799999999999999800, -2.999999999999999600 ) ) ;
#5827 = CARTESIAN_POINT ( 'NONE',  ( 3.399999999999999900, 3.849999999999999200, -0.4000000000000002400 ) ) ;
#5828 = CARTESIAN_POINT ( 'NONE',  ( 3.399999999999999900, 3.849999999999999200, -0.9000000000000003600 ) ) ;
#5829 = DIRECTION ( 'NONE',  ( 0.0000000000000000000, 0.0000000000000000000, 1.000000000000000000 ) ) ;
#5830 = VECTOR ( 'NONE', #5829, 1000.000000000000000 ) ;
#5831 = CARTESIAN_POINT ( 'NONE',  ( 3.399999999999999900, 3.849999999999999200, -0.9000000000000003600 ) ) ;
#5832 = LINE ( 'NONE', #5831, #5830 ) ;
#5833 = DIRECTION ( 'NONE',  ( 0.0000000000000000000, -0.0000000000000000000, -1.000000000000000000 ) ) ;
#5834 = DIRECTION ( 'NONE',  ( 0.0000000000000000000, -1.000000000000000000, 0.0000000000000000000 ) ) ;
#5835 = CARTESIAN_POINT ( 'NONE',  ( 3.600000000000000100, 3.849999999999999200, -0.9000000000000003600 ) ) ;
#5836 = AXIS2_PLACEMENT_3D ( 'NONE', #5835, #5834, #5833 ) ;
#5837 = PLANE ( 'NONE',  #5836 ) ;
#5838 = FACE_OUTER_BOUND ( 'NONE', #689, .T. ) ;
#5839 = DIRECTION ( 'NONE',  ( 0.0000000000000000000, 0.0000000000000000000, 1.000000000000000000 ) ) ;
#5840 = DIRECTION ( 'NONE',  ( -1.000000000000000000, -0.0000000000000000000, 0.0000000000000000000 ) ) ;
#5841 = CARTESIAN_POINT ( 'NONE',  ( 3.600000000000000100, -0.1999999999999999800, -2.799999999999999400 ) ) ;
#5842 = AXIS2_PLACEMENT_3D ( 'NONE', #5841, #5840, #5839 ) ;
#5843 = PLANE ( 'NONE',  #5842 ) ;
#5844 = FACE_OUTER_BOUND ( 'NONE', #606, .T. ) ;
#5845 = DIRECTION ( 'NONE',  ( 0.0000000000000000000, -1.000000000000000000, -1.156482317317871500E-016 ) ) ;
#5846 = VECTOR ( 'NONE', #5845, 1000.000000000000000 ) ;
#5847 = CARTESIAN_POINT ( 'NONE',  ( 3.399999999999999900, 3.849999999999999200, 0.9000000000000001300 ) ) ;
#5848 = LINE ( 'NONE', #5847, #5846 ) ;
#5849 = CARTESIAN_POINT ( 'NONE',  ( 3.600000000000000100, 4.999999999999999100, -2.999999999999999600 ) ) ;
#5850 = DIRECTION ( 'NONE',  ( 0.0000000000000000000, 1.000000000000000000, 0.0000000000000000000 ) ) ;
#5851 = VECTOR ( 'NONE', #5850, 1000.000000000000000 ) ;
#5852 = CARTESIAN_POINT ( 'NONE',  ( 3.600000000000000100, 4.999999999999999100, -2.999999999999999600 ) ) ;
#5853 = LINE ( 'NONE', #5852, #5851 ) ;
#5854 = CARTESIAN_POINT ( 'NONE',  ( 3.600000000000000100, 5.799999999999999800, -2.999999999999999600 ) ) ;
#5855 = DIRECTION ( 'NONE',  ( -1.000000000000000000, -0.0000000000000000000, -0.0000000000000000000 ) ) ;
#5856 = VECTOR ( 'NONE', #5855, 1000.000000000000000 ) ;
#5857 = CARTESIAN_POINT ( 'NONE',  ( 3.600000000000000100, 5.799999999999999800, -2.999999999999999600 ) ) ;
#5858 = LINE ( 'NONE', #5857, #5856 ) ;
#5859 = VECTOR ( 'NONE', #6130, 1000.000000000000000 ) ;
#5860 = CARTESIAN_POINT ( 'NONE',  ( 1.599999999999999600, 3.849999999999999200, 0.9000000000000000200 ) ) ;
#5861 = LINE ( 'NONE', #5860, #5859 ) ;
#5862 = DIRECTION ( 'NONE',  ( 0.0000000000000000000, -1.000000000000000000, -8.673617379884042400E-016 ) ) ;
#5863 = VECTOR ( 'NONE', #5862, 1000.000000000000000 ) ;
#5864 = CARTESIAN_POINT ( 'NONE',  ( 3.399999999999999900, 5.800000000000000700, -2.799999999999999400 ) ) ;
#5865 = LINE ( 'NONE', #5864, #5863 ) ;
#5866 = CARTESIAN_POINT ( 'NONE',  ( -0.4000000000000005200, 3.849999999999998300, -2.500000000000000900 ) ) ;
#5867 = DIRECTION ( 'NONE',  ( 0.0000000000000000000, 0.0000000000000000000, 1.000000000000000000 ) ) ;
#5868 = DIRECTION ( 'NONE',  ( -1.000000000000000000, 0.0000000000000000000, 0.0000000000000000000 ) ) ;
#5869 = CARTESIAN_POINT ( 'NONE',  ( 3.399999999999999900, 3.849999999999998300, -2.500000000000000400 ) ) ;
#5870 = AXIS2_PLACEMENT_3D ( 'NONE', #5869, #5868, #5867 ) ;
#5871 = PLANE ( 'NONE',  #5870 ) ;
#5872 = FACE_OUTER_BOUND ( 'NONE', #715, .T. ) ;
#5873 = DIRECTION ( 'NONE',  ( 0.0000000000000000000, -0.7071067811865460200, 0.7071067811865490200 ) ) ;
#5874 = VECTOR ( 'NONE', #5873, 1000.000000000000100 ) ;
#5875 = CARTESIAN_POINT ( 'NONE',  ( 3.600000000000000100, 5.300000000000000700, -2.799999999999999800 ) ) ;
#5876 = LINE ( 'NONE', #5875, #5874 ) ;
#5877 = DIRECTION ( 'NONE',  ( 0.0000000000000000000, 0.7071067811865454600, -0.7071067811865495700 ) ) ;
#5878 = VECTOR ( 'NONE', #5877, 1000.000000000000000 ) ;
#5879 = CARTESIAN_POINT ( 'NONE',  ( 3.600000000000000100, 4.850000000000000500, -2.849999999999999600 ) ) ;
#5880 = LINE ( 'NONE', #5879, #5878 ) ;
#5881 = DIRECTION ( 'NONE',  ( 0.0000000000000000000, 0.7071067811865460200, -0.7071067811865490200 ) ) ;
#5882 = DIRECTION ( 'NONE',  ( 0.0000000000000000000, -0.7071067811865490200, -0.7071067811865460200 ) ) ;
#5883 = CARTESIAN_POINT ( 'NONE',  ( 3.600000000000000100, 5.300000000000000700, -2.799999999999999800 ) ) ;
#5884 = AXIS2_PLACEMENT_3D ( 'NONE', #5883, #5882, #5881 ) ;
#5885 = PLANE ( 'NONE',  #5884 ) ;
#5886 = FACE_OUTER_BOUND ( 'NONE', #702, .T. ) ;
#5887 = DIRECTION ( 'NONE',  ( 0.0000000000000000000, 0.7071067811865454600, -0.7071067811865495700 ) ) ;
#5888 = VECTOR ( 'NONE', #5887, 1000.000000000000000 ) ;
#5889 = CARTESIAN_POINT ( 'NONE',  ( 3.399999999999999900, 4.850000000000000500, -2.849999999999999600 ) ) ;
#5890 = LINE ( 'NONE', #5889, #5888 ) ;
#5891 = DIRECTION ( 'NONE',  ( 0.0000000000000000000, -0.7071067811865460200, 0.7071067811865490200 ) ) ;
#5892 = VECTOR ( 'NONE', #5891, 1000.000000000000100 ) ;
#5893 = CARTESIAN_POINT ( 'NONE',  ( 3.399999999999999900, 5.300000000000000700, -2.799999999999999800 ) ) ;
#5894 = LINE ( 'NONE', #5893, #5892 ) ;
#5895 = DIRECTION ( 'NONE',  ( 0.0000000000000000000, 1.000000000000000000, 0.0000000000000000000 ) ) ;
#5896 = VECTOR ( 'NONE', #5895, 1000.000000000000000 ) ;
#5897 = CARTESIAN_POINT ( 'NONE',  ( 3.399999999999999900, 2.099999999999999600, -0.9000000000000003600 ) ) ;
#5898 = LINE ( 'NONE', #5897, #5896 ) ;
#5899 = DIRECTION ( 'NONE',  ( 1.000000000000000000, 0.0000000000000000000, -0.0000000000000000000 ) ) ;
#5900 = DIRECTION ( 'NONE',  ( 0.0000000000000000000, 0.0000000000000000000, 1.000000000000000000 ) ) ;
#5901 = CARTESIAN_POINT ( 'NONE',  ( 3.600000000000000100, 2.099999999999999600, -0.9000000000000003600 ) ) ;
#5902 = AXIS2_PLACEMENT_3D ( 'NONE', #5901, #5900, #5899 ) ;
#5903 = PLANE ( 'NONE',  #5902 ) ;
#5904 = FACE_OUTER_BOUND ( 'NONE', #739, .T. ) ;
#5905 = DIRECTION ( 'NONE',  ( 0.0000000000000000000, -1.000000000000000000, -1.232047923278982200E-016 ) ) ;
#5906 = VECTOR ( 'NONE', #5905, 1000.000000000000000 ) ;
#5907 = CARTESIAN_POINT ( 'NONE',  ( 3.399999999999999900, 3.849999999999999200, -0.4000000000000002400 ) ) ;
#5908 = LINE ( 'NONE', #5907, #5906 ) ;
#5909 = CARTESIAN_POINT ( 'NONE',  ( 2.399999999999999900, -0.1999999999999999800, -2.799999999999999400 ) ) ;
#5910 = DIRECTION ( 'NONE',  ( 0.0000000000000000000, -1.000000000000000000, 0.0000000000000000000 ) ) ;
#5911 = VECTOR ( 'NONE', #5910, 1000.000000000000000 ) ;
#5912 = CARTESIAN_POINT ( 'NONE',  ( 2.399999999999999900, -0.1999999999999999800, -2.799999999999999400 ) ) ;
#5913 = LINE ( 'NONE', #5912, #5911 ) ;
#5914 = DIRECTION ( 'NONE',  ( -1.000000000000000000, 0.0000000000000000000, -0.0000000000000000000 ) ) ;
#5915 = DIRECTION ( 'NONE',  ( 0.0000000000000000000, 0.0000000000000000000, -1.000000000000000000 ) ) ;
#5916 = CARTESIAN_POINT ( 'NONE',  ( 2.600000000000000100, -0.1999999999999999800, -2.799999999999999400 ) ) ;
#5917 = AXIS2_PLACEMENT_3D ( 'NONE', #5916, #5915, #5914 ) ;
#5918 = PLANE ( 'NONE',  #5917 ) ;
#5919 = FACE_OUTER_BOUND ( 'NONE', #732, .T. ) ;
#5920 = CARTESIAN_POINT ( 'NONE',  ( 3.600000000000000100, 5.300000000000000700, -2.799999999999999800 ) ) ;
#5921 = DIRECTION ( 'NONE',  ( -1.000000000000000000, -0.0000000000000000000, -0.0000000000000000000 ) ) ;
#5922 = VECTOR ( 'NONE', #5921, 1000.000000000000000 ) ;
#5923 = CARTESIAN_POINT ( 'NONE',  ( 3.600000000000000100, 5.300000000000000700, -2.799999999999999800 ) ) ;
#5924 = LINE ( 'NONE', #5923, #5922 ) ;
#5925 = CARTESIAN_POINT ( 'NONE',  ( 3.399999999999999900, 5.300000000000000700, -2.799999999999999800 ) ) ;
#5926 = DIRECTION ( 'NONE',  ( 0.0000000000000000000, -1.000000000000000000, -1.232047923278982200E-016 ) ) ;
#5927 = VECTOR ( 'NONE', #5926, 1000.000000000000000 ) ;
#5928 = CARTESIAN_POINT ( 'NONE',  ( 3.600000000000000100, 3.849999999999999200, -0.4000000000000002400 ) ) ;
#5929 = LINE ( 'NONE', #5928, #5927 ) ;
#5930 = DIRECTION ( 'NONE',  ( 0.0000000000000000000, 1.000000000000000000, 1.232047923278982200E-016 ) ) ;
#5931 = DIRECTION ( 'NONE',  ( 0.0000000000000000000, 1.232047923278982200E-016, -1.000000000000000000 ) ) ;
#5932 = CARTESIAN_POINT ( 'NONE',  ( 3.600000000000000100, 3.849999999999999200, -0.4000000000000002400 ) ) ;
#5933 = AXIS2_PLACEMENT_3D ( 'NONE', #5932, #5931, #5930 ) ;
#5934 = PLANE ( 'NONE',  #5933 ) ;
#5935 = FACE_OUTER_BOUND ( 'NONE', #757, .T. ) ;
#5936 = DIRECTION ( 'NONE',  ( -1.000000000000000000, -0.0000000000000000000, -0.0000000000000000000 ) ) ;
#5937 = VECTOR ( 'NONE', #5936, 1000.000000000000000 ) ;
#5938 = CARTESIAN_POINT ( 'NONE',  ( 3.600000000000000100, 3.849999999999999200, -0.9000000000000003600 ) ) ;
#5939 = LINE ( 'NONE', #5938, #5937 ) ;
#5940 = CARTESIAN_POINT ( 'NONE',  ( 3.600000000000000100, 3.849999999999999200, -0.9000000000000003600 ) ) ;
#5941 = DIRECTION ( 'NONE',  ( 0.0000000000000000000, 0.0000000000000000000, 1.000000000000000000 ) ) ;
#5942 = VECTOR ( 'NONE', #5941, 1000.000000000000000 ) ;
#5943 = CARTESIAN_POINT ( 'NONE',  ( 3.600000000000000100, 3.849999999999999200, -0.9000000000000003600 ) ) ;
#5944 = LINE ( 'NONE', #5943, #5942 ) ;
#5945 = CARTESIAN_POINT ( 'NONE',  ( 3.600000000000000100, 3.849999999999999200, -0.4000000000000002400 ) ) ;
#5946 = DIRECTION ( 'NONE',  ( -1.000000000000000000, -0.0000000000000000000, -0.0000000000000000000 ) ) ;
#5947 = VECTOR ( 'NONE', #5946, 1000.000000000000000 ) ;
#5948 = CARTESIAN_POINT ( 'NONE',  ( 3.600000000000000100, 3.849999999999999200, -0.4000000000000002400 ) ) ;
#5949 = LINE ( 'NONE', #5948, #5947 ) ;
#5950 = DIRECTION ( 'NONE',  ( 0.0000000000000000000, 0.0000000000000000000, 1.000000000000000000 ) ) ;
#5951 = DIRECTION ( 'NONE',  ( -1.000000000000000000, 0.0000000000000000000, 0.0000000000000000000 ) ) ;
#5952 = CARTESIAN_POINT ( 'NONE',  ( 3.600000000000000100, 3.849999999999998300, -2.500000000000000400 ) ) ;
#5953 = AXIS2_PLACEMENT_3D ( 'NONE', #5952, #5951, #5950 ) ;
#5954 = PLANE ( 'NONE',  #5953 ) ;
#5955 = FACE_OUTER_BOUND ( 'NONE', #747, .T. ) ;
#5956 = DIRECTION ( 'NONE',  ( 0.0000000000000000000, 1.000000000000000000, 0.0000000000000000000 ) ) ;
#5957 = VECTOR ( 'NONE', #5956, 1000.000000000000000 ) ;
#5958 = CARTESIAN_POINT ( 'NONE',  ( 3.600000000000000100, 2.099999999999999600, -0.9000000000000003600 ) ) ;
#5959 = LINE ( 'NONE', #5958, #5957 ) ;
#5960 = CARTESIAN_POINT ( 'NONE',  ( 2.399999999999999900, -0.6999999999999999600, -2.999999999999999600 ) ) ;
#5961 = LINE ( 'NONE', #5960, #6025 ) ;
#5962 = DIRECTION ( 'NONE',  ( 1.000000000000000000, 0.0000000000000000000, -0.0000000000000000000 ) ) ;
#5963 = DIRECTION ( 'NONE',  ( 0.0000000000000000000, 0.0000000000000000000, 1.000000000000000000 ) ) ;
#5964 = CARTESIAN_POINT ( 'NONE',  ( 2.600000000000000100, -0.6999999999999999600, -2.999999999999999600 ) ) ;
#5965 = AXIS2_PLACEMENT_3D ( 'NONE', #5964, #5963, #5962 ) ;
#5966 = PLANE ( 'NONE',  #5965 ) ;
#5967 = FACE_OUTER_BOUND ( 'NONE', #780, .T. ) ;
#5968 = DIRECTION ( 'NONE',  ( 0.0000000000000000000, 0.0000000000000000000, -1.000000000000000000 ) ) ;
#5969 = VECTOR ( 'NONE', #5968, 1000.000000000000000 ) ;
#5970 = CARTESIAN_POINT ( 'NONE',  ( 2.600000000000000100, -0.6999999999999999600, -2.799999999999999400 ) ) ;
#5971 = LINE ( 'NONE', #5970, #5969 ) ;
#5972 = CARTESIAN_POINT ( 'NONE',  ( 2.600000000000000100, -0.6999999999999999600, -2.999999999999999600 ) ) ;
#5973 = DIRECTION ( 'NONE',  ( -1.000000000000000000, -0.0000000000000000000, -0.0000000000000000000 ) ) ;
#5974 = VECTOR ( 'NONE', #5973, 1000.000000000000000 ) ;
#5975 = CARTESIAN_POINT ( 'NONE',  ( 2.600000000000000100, -0.6999999999999999600, -2.999999999999999600 ) ) ;
#5976 = LINE ( 'NONE', #5975, #5974 ) ;
#5977 = DIRECTION ( 'NONE',  ( -0.0000000000000000000, 0.7071067811865510100, 0.7071067811865441300 ) ) ;
#5978 = VECTOR ( 'NONE', #5977, 1000.000000000000000 ) ;
#5979 = CARTESIAN_POINT ( 'NONE',  ( 2.399999999999999900, 0.2500000000000014400, -2.849999999999999600 ) ) ;
#5980 = LINE ( 'NONE', #5979, #5978 ) ;
#5981 = DIRECTION ( 'NONE',  ( 0.0000000000000000000, 0.0000000000000000000, 1.000000000000000000 ) ) ;
#5982 = DIRECTION ( 'NONE',  ( -1.000000000000000000, -0.0000000000000000000, 0.0000000000000000000 ) ) ;
#5983 = CARTESIAN_POINT ( 'NONE',  ( 2.399999999999999900, -0.1999999999999999800, -2.799999999999999400 ) ) ;
#5984 = AXIS2_PLACEMENT_3D ( 'NONE', #5983, #5982, #5981 ) ;
#5985 = PLANE ( 'NONE',  #5984 ) ;
#5986 = FACE_OUTER_BOUND ( 'NONE', #765, .T. ) ;
#5987 = DIRECTION ( 'NONE',  ( 0.0000000000000000000, -0.7071067811865454600, 0.7071067811865495700 ) ) ;
#5988 = DIRECTION ( 'NONE',  ( -0.0000000000000000000, 0.7071067811865495700, 0.7071067811865454600 ) ) ;
#5989 = CARTESIAN_POINT ( 'NONE',  ( 3.600000000000000100, 4.850000000000000500, -2.849999999999999600 ) ) ;
#5990 = AXIS2_PLACEMENT_3D ( 'NONE', #5989, #5988, #5987 ) ;
#5991 = PLANE ( 'NONE',  #5990 ) ;
#5992 = FACE_OUTER_BOUND ( 'NONE', #706, .T. ) ;
#5993 = DIRECTION ( 'NONE',  ( 0.0000000000000000000, 0.0000000000000000000, -1.000000000000000000 ) ) ;
#5994 = VECTOR ( 'NONE', #5993, 1000.000000000000000 ) ;
#5995 = CARTESIAN_POINT ( 'NONE',  ( 2.399999999999999900, -0.6999999999999999600, -2.799999999999999400 ) ) ;
#5996 = LINE ( 'NONE', #5995, #5994 ) ;
#5997 = DIRECTION ( 'NONE',  ( 0.0000000000000000000, -0.0000000000000000000, 1.000000000000000000 ) ) ;
#5998 = DIRECTION ( 'NONE',  ( -0.0000000000000000000, 1.000000000000000000, 0.0000000000000000000 ) ) ;
#5999 = CARTESIAN_POINT ( 'NONE',  ( 2.600000000000000100, -0.6999999999999999600, -2.799999999999999400 ) ) ;
#6000 = AXIS2_PLACEMENT_3D ( 'NONE', #5999, #5998, #5997 ) ;
#6001 = PLANE ( 'NONE',  #6000 ) ;
#6002 = FACE_OUTER_BOUND ( 'NONE', #798, .T. ) ;
#6003 = DIRECTION ( 'NONE',  ( -1.000000000000000000, -0.0000000000000000000, -0.0000000000000000000 ) ) ;
#6004 = VECTOR ( 'NONE', #6003, 1000.000000000000000 ) ;
#6005 = CARTESIAN_POINT ( 'NONE',  ( 2.600000000000000100, -0.1999999999999999800, -2.799999999999999400 ) ) ;
#6006 = LINE ( 'NONE', #6005, #6004 ) ;
#6007 = CARTESIAN_POINT ( 'NONE',  ( 2.600000000000000100, -0.1999999999999999800, -2.799999999999999400 ) ) ;
#6008 = DIRECTION ( 'NONE',  ( 0.0000000000000000000, -1.000000000000000000, 0.0000000000000000000 ) ) ;
#6009 = VECTOR ( 'NONE', #6008, 1000.000000000000000 ) ;
#6010 = CARTESIAN_POINT ( 'NONE',  ( 2.600000000000000100, -0.1999999999999999800, -2.799999999999999400 ) ) ;
#6011 = LINE ( 'NONE', #6010, #6009 ) ;
#6012 = CARTESIAN_POINT ( 'NONE',  ( 2.600000000000000100, -0.6999999999999999600, -2.799999999999999400 ) ) ;
#6013 = DIRECTION ( 'NONE',  ( -1.000000000000000000, -0.0000000000000000000, -0.0000000000000000000 ) ) ;
#6014 = VECTOR ( 'NONE', #6013, 1000.000000000000000 ) ;
#6015 = CARTESIAN_POINT ( 'NONE',  ( 2.600000000000000100, -0.6999999999999999600, -2.799999999999999400 ) ) ;
#6016 = LINE ( 'NONE', #6015, #6014 ) ;
#6017 = CARTESIAN_POINT ( 'NONE',  ( 2.399999999999999900, -0.6999999999999999600, -2.799999999999999400 ) ) ;
#6018 = CARTESIAN_POINT ( 'NONE',  ( 2.600000000000000100, 0.1000000000000000500, -2.999999999999999600 ) ) ;
#6019 = DIRECTION ( 'NONE',  ( -1.000000000000000000, -0.0000000000000000000, -0.0000000000000000000 ) ) ;
#6020 = VECTOR ( 'NONE', #6019, 1000.000000000000000 ) ;
#6021 = CARTESIAN_POINT ( 'NONE',  ( 2.600000000000000100, 0.1000000000000000500, -2.999999999999999600 ) ) ;
#6022 = LINE ( 'NONE', #6021, #6020 ) ;
#6023 = CARTESIAN_POINT ( 'NONE',  ( 2.399999999999999900, 0.1000000000000000500, -2.999999999999999600 ) ) ;
#6024 = DIRECTION ( 'NONE',  ( 0.0000000000000000000, 1.000000000000000000, 0.0000000000000000000 ) ) ;
#6025 = VECTOR ( 'NONE', #6024, 1000.000000000000000 ) ;
#6026 = PLANE ( 'NONE',  #6091 ) ;
#6027 = FACE_OUTER_BOUND ( 'NONE', #822, .T. ) ;
#6028 = DIRECTION ( 'NONE',  ( 0.0000000000000000000, -0.0000000000000000000, -1.000000000000000000 ) ) ;
#6029 = DIRECTION ( 'NONE',  ( 0.0000000000000000000, -1.000000000000000000, 0.0000000000000000000 ) ) ;
#6030 = CARTESIAN_POINT ( 'NONE',  ( 2.600000000000000100, 3.849999999999999200, 0.9000000000000001300 ) ) ;
#6031 = AXIS2_PLACEMENT_3D ( 'NONE', #6030, #6029, #6028 ) ;
#6032 = PLANE ( 'NONE',  #6031 ) ;
#6033 = FACE_OUTER_BOUND ( 'NONE', #870, .T. ) ;
#6034 = DIRECTION ( 'NONE',  ( 0.0000000000000000000, 1.000000000000000000, -1.642730564371976600E-017 ) ) ;
#6035 = VECTOR ( 'NONE', #6034, 1000.000000000000000 ) ;
#6036 = CARTESIAN_POINT ( 'NONE',  ( 2.600000000000000100, 0.5499999999999992700, 0.3999999999999999100 ) ) ;
#6037 = LINE ( 'NONE', #6036, #6035 ) ;
#6038 = CARTESIAN_POINT ( 'NONE',  ( 2.600000000000000100, 3.849999999999999200, 0.3999999999999998600 ) ) ;
#6039 = DIRECTION ( 'NONE',  ( -1.000000000000000000, -0.0000000000000000000, -0.0000000000000000000 ) ) ;
#6040 = VECTOR ( 'NONE', #6039, 1000.000000000000000 ) ;
#6041 = CARTESIAN_POINT ( 'NONE',  ( 2.600000000000000100, 3.849999999999999200, 0.3999999999999998600 ) ) ;
#6042 = LINE ( 'NONE', #6041, #6040 ) ;
#6043 = CARTESIAN_POINT ( 'NONE',  ( 2.399999999999999900, 3.849999999999999200, 0.3999999999999998600 ) ) ;
#6044 = DIRECTION ( 'NONE',  ( 0.0000000000000000000, 1.000000000000000000, -1.642730564371976600E-017 ) ) ;
#6045 = VECTOR ( 'NONE', #6044, 1000.000000000000000 ) ;
#6046 = CARTESIAN_POINT ( 'NONE',  ( 2.399999999999999900, 0.5499999999999992700, 0.3999999999999999100 ) ) ;
#6047 = LINE ( 'NONE', #6046, #6045 ) ;
#6048 = DIRECTION ( 'NONE',  ( 0.0000000000000000000, -1.000000000000000000, 1.642730564371976600E-017 ) ) ;
#6049 = DIRECTION ( 'NONE',  ( -0.0000000000000000000, 1.642730564371976600E-017, 1.000000000000000000 ) ) ;
#6050 = CARTESIAN_POINT ( 'NONE',  ( 2.600000000000000100, 0.5499999999999992700, 0.3999999999999999100 ) ) ;
#6051 = AXIS2_PLACEMENT_3D ( 'NONE', #6050, #6049, #6048 ) ;
#6052 = PLANE ( 'NONE',  #6051 ) ;
#6053 = FACE_OUTER_BOUND ( 'NONE', #809, .T. ) ;
#6054 = DIRECTION ( 'NONE',  ( 0.0000000000000000000, 0.0000000000000000000, 1.000000000000000000 ) ) ;
#6055 = DIRECTION ( 'NONE',  ( -1.000000000000000000, 0.0000000000000000000, 0.0000000000000000000 ) ) ;
#6056 = CARTESIAN_POINT ( 'NONE',  ( 3.399999999999999900, 3.849999999999998300, -2.500000000000000400 ) ) ;
#6057 = AXIS2_PLACEMENT_3D ( 'NONE', #6056, #6055, #6054 ) ;
#6058 = PLANE ( 'NONE',  #6057 ) ;
#6059 = FACE_OUTER_BOUND ( 'NONE', #726, .T. ) ;
#6060 = CARTESIAN_POINT ( 'NONE',  ( 2.399999999999999900, -0.6999999999999999600, -2.999999999999999600 ) ) ;
#6061 = DIRECTION ( 'NONE',  ( 0.0000000000000000000, 1.000000000000000000, 0.0000000000000000000 ) ) ;
#6062 = VECTOR ( 'NONE', #6061, 1000.000000000000000 ) ;
#6063 = CARTESIAN_POINT ( 'NONE',  ( 2.600000000000000100, -0.6999999999999999600, -2.999999999999999600 ) ) ;
#6064 = LINE ( 'NONE', #6063, #6062 ) ;
#6065 = DIRECTION ( 'NONE',  ( 0.0000000000000000000, -0.7071067811865462400, -0.7071067811865489100 ) ) ;
#6066 = VECTOR ( 'NONE', #6065, 1000.000000000000000 ) ;
#6067 = CARTESIAN_POINT ( 'NONE',  ( 2.600000000000000100, 0.09999999999999917300, -2.499999999999999100 ) ) ;
#6068 = LINE ( 'NONE', #6067, #6066 ) ;
#6069 = DIRECTION ( 'NONE',  ( -0.0000000000000000000, 0.7071067811865510100, 0.7071067811865441300 ) ) ;
#6070 = VECTOR ( 'NONE', #6069, 1000.000000000000000 ) ;
#6071 = CARTESIAN_POINT ( 'NONE',  ( 2.600000000000000100, 0.2500000000000014400, -2.849999999999999600 ) ) ;
#6072 = LINE ( 'NONE', #6071, #6070 ) ;
#6073 = DIRECTION ( 'NONE',  ( 0.0000000000000000000, 0.0000000000000000000, 1.000000000000000000 ) ) ;
#6074 = DIRECTION ( 'NONE',  ( -1.000000000000000000, -0.0000000000000000000, 0.0000000000000000000 ) ) ;
#6075 = CARTESIAN_POINT ( 'NONE',  ( 2.600000000000000100, -0.1999999999999999800, -2.799999999999999400 ) ) ;
#6076 = AXIS2_PLACEMENT_3D ( 'NONE', #6075, #6074, #6073 ) ;
#6077 = PLANE ( 'NONE',  #6076 ) ;
#6078 = FACE_OUTER_BOUND ( 'NONE', #834, .T. ) ;
#6079 = DIRECTION ( 'NONE',  ( 0.0000000000000000000, -0.7071067811865462400, -0.7071067811865489100 ) ) ;
#6080 = VECTOR ( 'NONE', #6079, 1000.000000000000000 ) ;
#6081 = CARTESIAN_POINT ( 'NONE',  ( 2.399999999999999900, 0.09999999999999917300, -2.499999999999999100 ) ) ;
#6082 = LINE ( 'NONE', #6081, #6080 ) ;
#6083 = DIRECTION ( 'NONE',  ( 0.0000000000000000000, -0.7071067811865510100, -0.7071067811865441300 ) ) ;
#6084 = DIRECTION ( 'NONE',  ( 0.0000000000000000000, -0.7071067811865441300, 0.7071067811865510100 ) ) ;
#6085 = CARTESIAN_POINT ( 'NONE',  ( 2.600000000000000100, 0.2500000000000014400, -2.849999999999999600 ) ) ;
#6086 = AXIS2_PLACEMENT_3D ( 'NONE', #6085, #6084, #6083 ) ;
#6087 = PLANE ( 'NONE',  #6086 ) ;
#6088 = DIRECTION ( 'NONE',  ( 0.0000000000000000000, 0.7071067811865462400, 0.7071067811865489100 ) ) ;
#6089 = DIRECTION ( 'NONE',  ( 0.0000000000000000000, 0.7071067811865489100, -0.7071067811865462400 ) ) ;
#6090 = CARTESIAN_POINT ( 'NONE',  ( 2.600000000000000100, 0.09999999999999917300, -2.499999999999999100 ) ) ;
#6091 = AXIS2_PLACEMENT_3D ( 'NONE', #6090, #6089, #6088 ) ;
#6092 = FACE_OUTER_BOUND ( 'NONE', #828, .T. ) ;
#6093 = PLANE ( 'NONE',  #6094 ) ;
#6094 = AXIS2_PLACEMENT_3D ( 'NONE', #6159, #6158, #6157 ) ;
#6095 = FACE_OUTER_BOUND ( 'NONE', #863, .T. ) ;
#6096 = DIRECTION ( 'NONE',  ( 0.0000000000000000000, -1.000000000000000000, -1.156482317317871500E-016 ) ) ;
#6097 = VECTOR ( 'NONE', #6096, 1000.000000000000000 ) ;
#6098 = CARTESIAN_POINT ( 'NONE',  ( 2.399999999999999900, 3.849999999999999200, 0.9000000000000001300 ) ) ;
#6099 = LINE ( 'NONE', #6098, #6097 ) ;
#6100 = DIRECTION ( 'NONE',  ( 0.0000000000000000000, -1.000000000000000000, -1.156482317317871500E-016 ) ) ;
#6101 = VECTOR ( 'NONE', #6100, 1000.000000000000000 ) ;
#6102 = CARTESIAN_POINT ( 'NONE',  ( 2.600000000000000100, 3.849999999999999200, 0.9000000000000001300 ) ) ;
#6103 = LINE ( 'NONE', #6102, #6101 ) ;
#6104 = DIRECTION ( 'NONE',  ( 0.0000000000000000000, 1.000000000000000000, 0.0000000000000000000 ) ) ;
#6105 = VECTOR ( 'NONE', #6104, 1000.000000000000000 ) ;
#6106 = CARTESIAN_POINT ( 'NONE',  ( 2.600000000000000100, 4.999999999999999100, -2.999999999999999600 ) ) ;
#6107 = LINE ( 'NONE', #6106, #6105 ) ;
#6108 = CARTESIAN_POINT ( 'NONE',  ( 2.600000000000000100, 5.799999999999999800, -2.999999999999999600 ) ) ;
#6109 = DIRECTION ( 'NONE',  ( -1.000000000000000000, -0.0000000000000000000, -0.0000000000000000000 ) ) ;
#6110 = VECTOR ( 'NONE', #6109, 1000.000000000000000 ) ;
#6111 = CARTESIAN_POINT ( 'NONE',  ( 2.600000000000000100, 5.799999999999999800, -2.999999999999999600 ) ) ;
#6112 = LINE ( 'NONE', #6111, #6110 ) ;
#6113 = CARTESIAN_POINT ( 'NONE',  ( 2.399999999999999900, 5.799999999999999800, -2.999999999999999600 ) ) ;
#6114 = CARTESIAN_POINT ( 'NONE',  ( 2.399999999999999900, 4.999999999999999100, -2.999999999999999600 ) ) ;
#6115 = DIRECTION ( 'NONE',  ( 0.0000000000000000000, 1.000000000000000000, 0.0000000000000000000 ) ) ;
#6116 = VECTOR ( 'NONE', #6115, 1000.000000000000000 ) ;
#6117 = CARTESIAN_POINT ( 'NONE',  ( 2.399999999999999900, 4.999999999999999100, -2.999999999999999600 ) ) ;
#6118 = LINE ( 'NONE', #6117, #6116 ) ;
#6119 = DIRECTION ( 'NONE',  ( 1.000000000000000000, 0.0000000000000000000, -0.0000000000000000000 ) ) ;
#6120 = DIRECTION ( 'NONE',  ( 0.0000000000000000000, 0.0000000000000000000, 1.000000000000000000 ) ) ;
#6121 = CARTESIAN_POINT ( 'NONE',  ( 2.600000000000000100, 4.999999999999999100, -2.999999999999999600 ) ) ;
#6122 = AXIS2_PLACEMENT_3D ( 'NONE', #6121, #6120, #6119 ) ;
#6123 = PLANE ( 'NONE',  #6122 ) ;
#6124 = FACE_OUTER_BOUND ( 'NONE', #848, .T. ) ;
#6125 = DIRECTION ( 'NONE',  ( -1.000000000000000000, 0.0000000000000000000, 0.0000000000000000000 ) ) ;
#6126 = DIRECTION ( 'NONE',  ( 0.0000000000000000000, 0.7071067811865454600, -0.7071067811865495700 ) ) ;
#6127 = VECTOR ( 'NONE', #6126, 1000.000000000000000 ) ;
#6128 = CARTESIAN_POINT ( 'NONE',  ( 2.600000000000000100, 4.850000000000000500, -2.849999999999999600 ) ) ;
#6129 = LINE ( 'NONE', #6128, #6127 ) ;
#6130 = DIRECTION ( 'NONE',  ( -1.000000000000000000, -0.0000000000000000000, -0.0000000000000000000 ) ) ;
#6131 = DIRECTION ( 'NONE',  ( 0.0000000000000000000, 1.000000000000000000, 1.156482317317871500E-016 ) ) ;
#6132 = DIRECTION ( 'NONE',  ( 0.0000000000000000000, 1.156482317317871500E-016, -1.000000000000000000 ) ) ;
#6133 = CARTESIAN_POINT ( 'NONE',  ( 2.600000000000000100, 3.849999999999999200, 0.9000000000000001300 ) ) ;
#6134 = AXIS2_PLACEMENT_3D ( 'NONE', #6133, #6132, #6131 ) ;
#6135 = PLANE ( 'NONE',  #6134 ) ;
#6136 = FACE_OUTER_BOUND ( 'NONE', #881, .T. ) ;
#6137 = DIRECTION ( 'NONE',  ( -0.0000000000000000000, -0.0000000000000000000, 1.000000000000000000 ) ) ;
#6138 = VECTOR ( 'NONE', #6137, 1000.000000000000000 ) ;
#6139 = CARTESIAN_POINT ( 'NONE',  ( 2.600000000000000100, 3.849999999999999200, 0.9000000000000001300 ) ) ;
#6140 = LINE ( 'NONE', #6139, #6138 ) ;
#6141 = CARTESIAN_POINT ( 'NONE',  ( 2.600000000000000100, 3.849999999999999200, 0.9000000000000001300 ) ) ;
#6142 = DIRECTION ( 'NONE',  ( -1.000000000000000000, -0.0000000000000000000, -0.0000000000000000000 ) ) ;
#6143 = VECTOR ( 'NONE', #6142, 1000.000000000000000 ) ;
#6144 = CARTESIAN_POINT ( 'NONE',  ( 2.600000000000000100, 3.849999999999999200, 0.9000000000000001300 ) ) ;
#6145 = LINE ( 'NONE', #6144, #6143 ) ;
#6146 = CARTESIAN_POINT ( 'NONE',  ( 2.399999999999999900, 3.849999999999999200, 0.9000000000000001300 ) ) ;
#6147 = DIRECTION ( 'NONE',  ( -0.0000000000000000000, -0.0000000000000000000, 1.000000000000000000 ) ) ;
#6148 = VECTOR ( 'NONE', #6147, 1000.000000000000000 ) ;
#6149 = CARTESIAN_POINT ( 'NONE',  ( 2.399999999999999900, 3.849999999999999200, 0.9000000000000001300 ) ) ;
#6150 = LINE ( 'NONE', #6149, #6148 ) ;
#6151 = DIRECTION ( 'NONE',  ( 0.0000000000000000000, 0.0000000000000000000, 1.000000000000000000 ) ) ;
#6152 = DIRECTION ( 'NONE',  ( -1.000000000000000000, -0.0000000000000000000, 0.0000000000000000000 ) ) ;
#6153 = CARTESIAN_POINT ( 'NONE',  ( 2.399999999999999900, -0.1999999999999999800, -2.799999999999999400 ) ) ;
#6154 = AXIS2_PLACEMENT_3D ( 'NONE', #6153, #6152, #6151 ) ;
#6155 = PLANE ( 'NONE',  #6154 ) ;
#6156 = FACE_OUTER_BOUND ( 'NONE', #869, .T. ) ;
#6157 = DIRECTION ( 'NONE',  ( 0.0000000000000000000, 0.0000000000000000000, 1.000000000000000000 ) ) ;
#6158 = DIRECTION ( 'NONE',  ( -1.000000000000000000, -0.0000000000000000000, 0.0000000000000000000 ) ) ;
#6159 = CARTESIAN_POINT ( 'NONE',  ( 2.600000000000000100, -0.1999999999999999800, -2.799999999999999400 ) ) ;
#6160 = PLANE ( 'NONE',  #6225 ) ;
#6161 = FACE_OUTER_BOUND ( 'NONE', #909, .T. ) ;
#6162 = DIRECTION ( 'NONE',  ( 0.0000000000000000000, -1.000000000000000000, -8.673617379884042400E-016 ) ) ;
#6163 = VECTOR ( 'NONE', #6162, 1000.000000000000000 ) ;
#6164 = CARTESIAN_POINT ( 'NONE',  ( 2.600000000000000100, 5.800000000000000700, -2.799999999999999400 ) ) ;
#6165 = LINE ( 'NONE', #6164, #6163 ) ;
#6166 = CARTESIAN_POINT ( 'NONE',  ( 2.600000000000000100, 5.300000000000000700, -2.799999999999999800 ) ) ;
#6167 = DIRECTION ( 'NONE',  ( -1.000000000000000000, -0.0000000000000000000, -0.0000000000000000000 ) ) ;
#6168 = VECTOR ( 'NONE', #6167, 1000.000000000000000 ) ;
#6169 = CARTESIAN_POINT ( 'NONE',  ( 2.600000000000000100, 5.300000000000000700, -2.799999999999999800 ) ) ;
#6170 = LINE ( 'NONE', #6169, #6168 ) ;
#6171 = CARTESIAN_POINT ( 'NONE',  ( 2.399999999999999900, 5.300000000000000700, -2.799999999999999800 ) ) ;
#6172 = DIRECTION ( 'NONE',  ( 0.0000000000000000000, -1.000000000000000000, -8.673617379884042400E-016 ) ) ;
#6173 = VECTOR ( 'NONE', #6172, 1000.000000000000000 ) ;
#6174 = CARTESIAN_POINT ( 'NONE',  ( 2.399999999999999900, 5.800000000000000700, -2.799999999999999400 ) ) ;
#6175 = LINE ( 'NONE', #6174, #6173 ) ;
#6176 = DIRECTION ( 'NONE',  ( 0.0000000000000000000, 1.000000000000000000, 8.673617379884043400E-016 ) ) ;
#6177 = DIRECTION ( 'NONE',  ( 0.0000000000000000000, 8.673617379884043400E-016, -1.000000000000000000 ) ) ;
#6178 = CARTESIAN_POINT ( 'NONE',  ( 2.600000000000000100, 5.800000000000000700, -2.799999999999999400 ) ) ;
#6179 = AXIS2_PLACEMENT_3D ( 'NONE', #6178, #6177, #6176 ) ;
#6180 = PLANE ( 'NONE',  #6179 ) ;
#6181 = FACE_OUTER_BOUND ( 'NONE', #898, .T. ) ;
#6182 = DIRECTION ( 'NONE',  ( 0.0000000000000000000, 0.0000000000000000000, 1.000000000000000000 ) ) ;
#6183 = DIRECTION ( 'NONE',  ( -1.000000000000000000, 0.0000000000000000000, 0.0000000000000000000 ) ) ;
#6184 = CARTESIAN_POINT ( 'NONE',  ( 2.399999999999999900, 3.849999999999998300, -2.500000000000000400 ) ) ;
#6185 = AXIS2_PLACEMENT_3D ( 'NONE', #6184, #6183, #6182 ) ;
#6186 = PLANE ( 'NONE',  #6185 ) ;
#6187 = FACE_OUTER_BOUND ( 'NONE', #894, .T. ) ;
#6188 = DIRECTION ( 'NONE',  ( 0.0000000000000000000, -0.7071067811865460200, 0.7071067811865490200 ) ) ;
#6189 = VECTOR ( 'NONE', #6188, 1000.000000000000100 ) ;
#6190 = CARTESIAN_POINT ( 'NONE',  ( 2.600000000000000100, 5.300000000000000700, -2.799999999999999800 ) ) ;
#6191 = LINE ( 'NONE', #6190, #6189 ) ;
#6192 = DIRECTION ( 'NONE',  ( -1.000000000000000000, 0.0000000000000000000, 0.0000000000000000000 ) ) ;
#6193 = CARTESIAN_POINT ( 'NONE',  ( 2.600000000000000100, 3.849999999999998300, -2.500000000000000400 ) ) ;
#6194 = AXIS2_PLACEMENT_3D ( 'NONE', #6193, #6192, #6258 ) ;
#6195 = PLANE ( 'NONE',  #6194 ) ;
#6196 = FACE_OUTER_BOUND ( 'NONE', #925, .T. ) ;
#6197 = DIRECTION ( 'NONE',  ( 0.0000000000000000000, 4.336808689942016200E-015, 1.000000000000000000 ) ) ;
#6198 = VECTOR ( 'NONE', #6197, 1000.000000000000000 ) ;
#6199 = CARTESIAN_POINT ( 'NONE',  ( 2.600000000000000100, 5.799999999999999800, -2.999999999999999600 ) ) ;
#6200 = LINE ( 'NONE', #6199, #6198 ) ;
#6201 = CARTESIAN_POINT ( 'NONE',  ( 2.600000000000000100, 5.800000000000000700, -2.799999999999999400 ) ) ;
#6202 = DIRECTION ( 'NONE',  ( -1.000000000000000000, -0.0000000000000000000, -0.0000000000000000000 ) ) ;
#6203 = VECTOR ( 'NONE', #6202, 1000.000000000000000 ) ;
#6204 = CARTESIAN_POINT ( 'NONE',  ( 2.600000000000000100, 5.800000000000000700, -2.799999999999999400 ) ) ;
#6205 = LINE ( 'NONE', #6204, #6203 ) ;
#6206 = CARTESIAN_POINT ( 'NONE',  ( 2.399999999999999900, 5.800000000000000700, -2.799999999999999400 ) ) ;
#6207 = DIRECTION ( 'NONE',  ( 0.0000000000000000000, 4.336808689942016200E-015, 1.000000000000000000 ) ) ;
#6208 = VECTOR ( 'NONE', #6207, 1000.000000000000000 ) ;
#6209 = CARTESIAN_POINT ( 'NONE',  ( 2.399999999999999900, 5.799999999999999800, -2.999999999999999600 ) ) ;
#6210 = LINE ( 'NONE', #6209, #6208 ) ;
#6211 = DIRECTION ( 'NONE',  ( 0.0000000000000000000, -4.336808689942016200E-015, -1.000000000000000000 ) ) ;
#6212 = DIRECTION ( 'NONE',  ( 0.0000000000000000000, -1.000000000000000000, 4.336808689942016200E-015 ) ) ;
#6213 = CARTESIAN_POINT ( 'NONE',  ( 2.600000000000000100, 5.799999999999999800, -2.999999999999999600 ) ) ;
#6214 = AXIS2_PLACEMENT_3D ( 'NONE', #6213, #6212, #6211 ) ;
#6215 = PLANE ( 'NONE',  #6214 ) ;
#6216 = FACE_OUTER_BOUND ( 'NONE', #915, .T. ) ;
#6217 = DIRECTION ( 'NONE',  ( -1.000000000000000000, -0.0000000000000000000, -0.0000000000000000000 ) ) ;
#6218 = VECTOR ( 'NONE', #6217, 1000.000000000000000 ) ;
#6219 = CARTESIAN_POINT ( 'NONE',  ( 2.600000000000000100, 4.999999999999999100, -2.999999999999999600 ) ) ;
#6220 = LINE ( 'NONE', #6219, #6218 ) ;
#6221 = CARTESIAN_POINT ( 'NONE',  ( 2.600000000000000100, 4.999999999999999100, -2.999999999999999600 ) ) ;
#6222 = DIRECTION ( 'NONE',  ( 0.0000000000000000000, 0.0000000000000000000, 1.000000000000000000 ) ) ;
#6223 = DIRECTION ( 'NONE',  ( -1.000000000000000000, 0.0000000000000000000, 0.0000000000000000000 ) ) ;
#6224 = CARTESIAN_POINT ( 'NONE',  ( 2.600000000000000100, 3.849999999999998300, -2.500000000000000400 ) ) ;
#6225 = AXIS2_PLACEMENT_3D ( 'NONE', #6224, #6223, #6222 ) ;
#6226 = PLANE ( 'NONE',  #6291 ) ;
#6227 = DIRECTION ( 'NONE',  ( 0.0000000000000000000, -0.7071067811865454600, 0.7071067811865495700 ) ) ;
#6228 = DIRECTION ( 'NONE',  ( -0.0000000000000000000, 0.7071067811865495700, 0.7071067811865454600 ) ) ;
#6229 = CARTESIAN_POINT ( 'NONE',  ( 2.600000000000000100, 4.850000000000000500, -2.849999999999999600 ) ) ;
#6230 = AXIS2_PLACEMENT_3D ( 'NONE', #6229, #6228, #6227 ) ;
#6231 = FACE_OUTER_BOUND ( 'NONE', #948, .T. ) ;
#6232 = PLANE ( 'NONE',  #6230 ) ;
#6233 = FACE_OUTER_BOUND ( 'NONE', #942, .T. ) ;
#6234 = DIRECTION ( 'NONE',  ( 0.0000000000000000000, -1.000000000000000000, -1.232047923278982200E-016 ) ) ;
#6235 = VECTOR ( 'NONE', #6234, 1000.000000000000000 ) ;
#6236 = CARTESIAN_POINT ( 'NONE',  ( 2.600000000000000100, 3.849999999999999200, -0.4000000000000002400 ) ) ;
#6237 = LINE ( 'NONE', #6236, #6235 ) ;
#6238 = DIRECTION ( 'NONE',  ( 0.0000000000000000000, 1.000000000000000000, 1.232047923278982200E-016 ) ) ;
#6239 = DIRECTION ( 'NONE',  ( 0.0000000000000000000, 1.232047923278982200E-016, -1.000000000000000000 ) ) ;
#6240 = CARTESIAN_POINT ( 'NONE',  ( 2.600000000000000100, 3.849999999999999200, -0.4000000000000002400 ) ) ;
#6241 = AXIS2_PLACEMENT_3D ( 'NONE', #6240, #6239, #6238 ) ;
#6242 = PLANE ( 'NONE',  #6241 ) ;
#6243 = FACE_OUTER_BOUND ( 'NONE', #935, .T. ) ;
#6244 = DIRECTION ( 'NONE',  ( -1.000000000000000000, -0.0000000000000000000, -0.0000000000000000000 ) ) ;
#6245 = VECTOR ( 'NONE', #6244, 1000.000000000000000 ) ;
#6246 = CARTESIAN_POINT ( 'NONE',  ( 2.600000000000000100, 3.849999999999999200, -0.9000000000000003600 ) ) ;
#6247 = LINE ( 'NONE', #6246, #6245 ) ;
#6248 = CARTESIAN_POINT ( 'NONE',  ( 2.600000000000000100, 3.849999999999999200, -0.9000000000000003600 ) ) ;
#6249 = DIRECTION ( 'NONE',  ( 0.0000000000000000000, 0.0000000000000000000, 1.000000000000000000 ) ) ;
#6250 = VECTOR ( 'NONE', #6249, 1000.000000000000000 ) ;
#6251 = CARTESIAN_POINT ( 'NONE',  ( 2.600000000000000100, 3.849999999999999200, -0.9000000000000003600 ) ) ;
#6252 = LINE ( 'NONE', #6251, #6250 ) ;
#6253 = CARTESIAN_POINT ( 'NONE',  ( 2.600000000000000100, 3.849999999999999200, -0.4000000000000002400 ) ) ;
#6254 = DIRECTION ( 'NONE',  ( -1.000000000000000000, -0.0000000000000000000, -0.0000000000000000000 ) ) ;
#6255 = VECTOR ( 'NONE', #6254, 1000.000000000000000 ) ;
#6256 = CARTESIAN_POINT ( 'NONE',  ( 2.600000000000000100, 3.849999999999999200, -0.4000000000000002400 ) ) ;
#6257 = LINE ( 'NONE', #6256, #6255 ) ;
#6258 = DIRECTION ( 'NONE',  ( 0.0000000000000000000, 0.0000000000000000000, 1.000000000000000000 ) ) ;
#6259 = DIRECTION ( 'NONE',  ( 0.0000000000000000000, -1.000000000000000000, 0.0000000000000000000 ) ) ;
#6260 = VECTOR ( 'NONE', #6259, 1000.000000000000000 ) ;
#6261 = CARTESIAN_POINT ( 'NONE',  ( 1.399999999999999500, -0.1999999999999999800, -2.799999999999999400 ) ) ;
#6262 = LINE ( 'NONE', #6261, #6260 ) ;
#6263 = CARTESIAN_POINT ( 'NONE',  ( 1.399999999999999500, 0.1000000000000000500, -2.999999999999999600 ) ) ;
#6264 = DIRECTION ( 'NONE',  ( 0.0000000000000000000, 1.000000000000000000, 0.0000000000000000000 ) ) ;
#6265 = VECTOR ( 'NONE', #6264, 1000.000000000000000 ) ;
#6266 = CARTESIAN_POINT ( 'NONE',  ( 1.399999999999999500, -0.6999999999999999600, -2.999999999999999600 ) ) ;
#6267 = LINE ( 'NONE', #6266, #6265 ) ;
#6268 = DIRECTION ( 'NONE',  ( 0.0000000000000000000, 0.7071067811865460200, -0.7071067811865490200 ) ) ;
#6269 = DIRECTION ( 'NONE',  ( 0.0000000000000000000, -0.7071067811865490200, -0.7071067811865460200 ) ) ;
#6270 = CARTESIAN_POINT ( 'NONE',  ( 2.600000000000000100, 5.300000000000000700, -2.799999999999999800 ) ) ;
#6271 = AXIS2_PLACEMENT_3D ( 'NONE', #6270, #6269, #6268 ) ;
#6272 = PLANE ( 'NONE',  #6271 ) ;
#6273 = FACE_OUTER_BOUND ( 'NONE', #961, .T. ) ;
#6274 = DIRECTION ( 'NONE',  ( 0.0000000000000000000, 0.7071067811865454600, -0.7071067811865495700 ) ) ;
#6275 = VECTOR ( 'NONE', #6274, 1000.000000000000000 ) ;
#6276 = CARTESIAN_POINT ( 'NONE',  ( 2.399999999999999900, 4.850000000000000500, -2.849999999999999600 ) ) ;
#6277 = LINE ( 'NONE', #6276, #6275 ) ;
#6278 = DIRECTION ( 'NONE',  ( 0.0000000000000000000, -0.7071067811865460200, 0.7071067811865490200 ) ) ;
#6279 = VECTOR ( 'NONE', #6278, 1000.000000000000100 ) ;
#6280 = CARTESIAN_POINT ( 'NONE',  ( 2.399999999999999900, 5.300000000000000700, -2.799999999999999800 ) ) ;
#6281 = LINE ( 'NONE', #6280, #6279 ) ;
#6282 = CARTESIAN_POINT ( 'NONE',  ( 2.399999999999999900, 3.849999999999999200, -0.4000000000000002400 ) ) ;
#6283 = CARTESIAN_POINT ( 'NONE',  ( 2.399999999999999900, 3.849999999999999200, -0.9000000000000003600 ) ) ;
#6284 = DIRECTION ( 'NONE',  ( 0.0000000000000000000, 0.0000000000000000000, 1.000000000000000000 ) ) ;
#6285 = VECTOR ( 'NONE', #6284, 1000.000000000000000 ) ;
#6286 = CARTESIAN_POINT ( 'NONE',  ( 2.399999999999999900, 3.849999999999999200, -0.9000000000000003600 ) ) ;
#6287 = LINE ( 'NONE', #6286, #6285 ) ;
#6288 = DIRECTION ( 'NONE',  ( 0.0000000000000000000, -0.0000000000000000000, -1.000000000000000000 ) ) ;
#6289 = DIRECTION ( 'NONE',  ( 0.0000000000000000000, -1.000000000000000000, 0.0000000000000000000 ) ) ;
#6290 = CARTESIAN_POINT ( 'NONE',  ( 2.600000000000000100, 3.849999999999999200, -0.9000000000000003600 ) ) ;
#6291 = AXIS2_PLACEMENT_3D ( 'NONE', #6290, #6289, #6288 ) ;
#6292 = CARTESIAN_POINT ( 'NONE',  ( 1.599999999999999600, -0.1999999999999999800, -2.799999999999999400 ) ) ;
#6293 = AXIS2_PLACEMENT_3D ( 'NONE', #6292, #6357, #6356 ) ;
#6294 = PLANE ( 'NONE',  #6293 ) ;
#6295 = FACE_OUTER_BOUND ( 'NONE', #992, .T. ) ;
#6296 = DIRECTION ( 'NONE',  ( 0.0000000000000000000, 0.0000000000000000000, 1.000000000000000000 ) ) ;
#6297 = DIRECTION ( 'NONE',  ( -1.000000000000000000, 0.0000000000000000000, 0.0000000000000000000 ) ) ;
#6298 = CARTESIAN_POINT ( 'NONE',  ( 2.399999999999999900, 3.849999999999998300, -2.500000000000000400 ) ) ;
#6299 = AXIS2_PLACEMENT_3D ( 'NONE', #6298, #6297, #6296 ) ;
#6300 = PLANE ( 'NONE',  #6299 ) ;
#6301 = FACE_OUTER_BOUND ( 'NONE', #986, .T. ) ;
#6302 = CARTESIAN_POINT ( 'NONE',  ( 1.399999999999999500, -0.6999999999999999600, -2.999999999999999600 ) ) ;
#6303 = DIRECTION ( 'NONE',  ( 0.0000000000000000000, -0.0000000000000000000, 1.000000000000000000 ) ) ;
#6304 = DIRECTION ( 'NONE',  ( -0.0000000000000000000, 1.000000000000000000, 0.0000000000000000000 ) ) ;
#6305 = CARTESIAN_POINT ( 'NONE',  ( 1.599999999999999600, -0.6999999999999999600, -2.799999999999999400 ) ) ;
#6306 = AXIS2_PLACEMENT_3D ( 'NONE', #6305, #6304, #6303 ) ;
#6307 = PLANE ( 'NONE',  #6306 ) ;
#6308 = FACE_OUTER_BOUND ( 'NONE', #979, .T. ) ;
#6309 = DIRECTION ( 'NONE',  ( -1.000000000000000000, -0.0000000000000000000, -0.0000000000000000000 ) ) ;
#6310 = VECTOR ( 'NONE', #6309, 1000.000000000000000 ) ;
#6311 = CARTESIAN_POINT ( 'NONE',  ( 1.599999999999999600, -0.1999999999999999800, -2.799999999999999400 ) ) ;
#6312 = LINE ( 'NONE', #6311, #6310 ) ;
#6313 = CARTESIAN_POINT ( 'NONE',  ( 1.599999999999999600, -0.1999999999999999800, -2.799999999999999400 ) ) ;
#6314 = DIRECTION ( 'NONE',  ( 0.0000000000000000000, -1.000000000000000000, 0.0000000000000000000 ) ) ;
#6315 = VECTOR ( 'NONE', #6314, 1000.000000000000000 ) ;
#6316 = CARTESIAN_POINT ( 'NONE',  ( 1.599999999999999600, -0.1999999999999999800, -2.799999999999999400 ) ) ;
#6317 = LINE ( 'NONE', #6316, #6315 ) ;
#6318 = CARTESIAN_POINT ( 'NONE',  ( 1.599999999999999600, -0.6999999999999999600, -2.799999999999999400 ) ) ;
#6319 = DIRECTION ( 'NONE',  ( -1.000000000000000000, -0.0000000000000000000, -0.0000000000000000000 ) ) ;
#6320 = VECTOR ( 'NONE', #6319, 1000.000000000000000 ) ;
#6321 = CARTESIAN_POINT ( 'NONE',  ( 1.599999999999999600, -0.6999999999999999600, -2.799999999999999400 ) ) ;
#6322 = LINE ( 'NONE', #6321, #6320 ) ;
#6323 = CARTESIAN_POINT ( 'NONE',  ( 1.399999999999999500, -0.6999999999999999600, -2.799999999999999400 ) ) ;
#6324 = CARTESIAN_POINT ( 'NONE',  ( 1.399999999999999500, -0.1999999999999999800, -2.799999999999999400 ) ) ;
#6325 = AXIS2_PLACEMENT_3D ( 'NONE', #6390, #6389, #6388 ) ;
#6326 = PLANE ( 'NONE',  #6325 ) ;
#6327 = FACE_OUTER_BOUND ( 'NONE', #1013, .T. ) ;
#6328 = DIRECTION ( 'NONE',  ( 0.0000000000000000000, -0.7071067811865462400, -0.7071067811865489100 ) ) ;
#6329 = VECTOR ( 'NONE', #6328, 1000.000000000000000 ) ;
#6330 = CARTESIAN_POINT ( 'NONE',  ( 1.399999999999999500, 0.09999999999999917300, -2.499999999999999100 ) ) ;
#6331 = LINE ( 'NONE', #6330, #6329 ) ;
#6332 = DIRECTION ( 'NONE',  ( 0.0000000000000000000, -0.7071067811865510100, -0.7071067811865441300 ) ) ;
#6333 = DIRECTION ( 'NONE',  ( 0.0000000000000000000, -0.7071067811865441300, 0.7071067811865510100 ) ) ;
#6334 = CARTESIAN_POINT ( 'NONE',  ( 1.599999999999999600, 0.2500000000000014400, -2.849999999999999600 ) ) ;
#6335 = AXIS2_PLACEMENT_3D ( 'NONE', #6334, #6333, #6332 ) ;
#6336 = PLANE ( 'NONE',  #6335 ) ;
#6337 = FACE_OUTER_BOUND ( 'NONE', #1005, .T. ) ;
#6338 = DIRECTION ( 'NONE',  ( 0.0000000000000000000, 1.000000000000000000, 0.0000000000000000000 ) ) ;
#6339 = VECTOR ( 'NONE', #6338, 1000.000000000000000 ) ;
#6340 = CARTESIAN_POINT ( 'NONE',  ( 2.600000000000000100, 2.099999999999999600, -0.9000000000000003600 ) ) ;
#6341 = LINE ( 'NONE', #6340, #6339 ) ;
#6342 = DIRECTION ( 'NONE',  ( 0.0000000000000000000, 1.000000000000000000, 0.0000000000000000000 ) ) ;
#6343 = VECTOR ( 'NONE', #6342, 1000.000000000000000 ) ;
#6344 = CARTESIAN_POINT ( 'NONE',  ( 2.399999999999999900, 2.099999999999999600, -0.9000000000000003600 ) ) ;
#6345 = LINE ( 'NONE', #6344, #6343 ) ;
#6346 = DIRECTION ( 'NONE',  ( 1.000000000000000000, 0.0000000000000000000, -0.0000000000000000000 ) ) ;
#6347 = DIRECTION ( 'NONE',  ( 0.0000000000000000000, 0.0000000000000000000, 1.000000000000000000 ) ) ;
#6348 = CARTESIAN_POINT ( 'NONE',  ( 2.600000000000000100, 2.099999999999999600, -0.9000000000000003600 ) ) ;
#6349 = AXIS2_PLACEMENT_3D ( 'NONE', #6348, #6347, #6346 ) ;
#6350 = PLANE ( 'NONE',  #6349 ) ;
#6351 = FACE_OUTER_BOUND ( 'NONE', #997, .T. ) ;
#6352 = DIRECTION ( 'NONE',  ( 0.0000000000000000000, -1.000000000000000000, -1.232047923278982200E-016 ) ) ;
#6353 = VECTOR ( 'NONE', #6352, 1000.000000000000000 ) ;
#6354 = CARTESIAN_POINT ( 'NONE',  ( 2.399999999999999900, 3.849999999999999200, -0.4000000000000002400 ) ) ;
#6355 = LINE ( 'NONE', #6354, #6353 ) ;
#6356 = DIRECTION ( 'NONE',  ( -1.000000000000000000, 0.0000000000000000000, -0.0000000000000000000 ) ) ;
#6357 = DIRECTION ( 'NONE',  ( 0.0000000000000000000, 0.0000000000000000000, -1.000000000000000000 ) ) ;
#6358 = DIRECTION ( 'NONE',  ( 0.0000000000000000000, 0.0000000000000000000, -1.000000000000000000 ) ) ;
#6359 = CARTESIAN_POINT ( 'NONE',  ( 1.399999999999999500, -0.6999999999999999600, -2.799999999999999400 ) ) ;
#6360 = LINE ( 'NONE', #6359, #6424 ) ;
#6361 = DIRECTION ( 'NONE',  ( -0.0000000000000000000, 0.7071067811865510100, 0.7071067811865441300 ) ) ;
#6362 = VECTOR ( 'NONE', #6361, 1000.000000000000000 ) ;
#6363 = CARTESIAN_POINT ( 'NONE',  ( 1.399999999999999500, 0.2500000000000014400, -2.849999999999999600 ) ) ;
#6364 = LINE ( 'NONE', #6363, #6362 ) ;
#6365 = DIRECTION ( 'NONE',  ( 0.0000000000000000000, 0.0000000000000000000, 1.000000000000000000 ) ) ;
#6366 = DIRECTION ( 'NONE',  ( -1.000000000000000000, -0.0000000000000000000, 0.0000000000000000000 ) ) ;
#6367 = CARTESIAN_POINT ( 'NONE',  ( 1.399999999999999500, -0.1999999999999999800, -2.799999999999999400 ) ) ;
#6368 = AXIS2_PLACEMENT_3D ( 'NONE', #6367, #6366, #6365 ) ;
#6369 = PLANE ( 'NONE',  #6368 ) ;
#6370 = FACE_OUTER_BOUND ( 'NONE', #1027, .T. ) ;
#6371 = DIRECTION ( 'NONE',  ( 0.0000000000000000000, 1.000000000000000000, 0.0000000000000000000 ) ) ;
#6372 = VECTOR ( 'NONE', #6371, 1000.000000000000000 ) ;
#6373 = CARTESIAN_POINT ( 'NONE',  ( 1.599999999999999600, -0.6999999999999999600, -2.999999999999999600 ) ) ;
#6374 = LINE ( 'NONE', #6373, #6372 ) ;
#6375 = CARTESIAN_POINT ( 'NONE',  ( 1.599999999999999600, 0.1000000000000000500, -2.999999999999999600 ) ) ;
#6376 = DIRECTION ( 'NONE',  ( -1.000000000000000000, -0.0000000000000000000, -0.0000000000000000000 ) ) ;
#6377 = VECTOR ( 'NONE', #6376, 1000.000000000000000 ) ;
#6378 = CARTESIAN_POINT ( 'NONE',  ( 1.599999999999999600, 0.1000000000000000500, -2.999999999999999600 ) ) ;
#6379 = LINE ( 'NONE', #6378, #6377 ) ;
#6380 = DIRECTION ( 'NONE',  ( 0.0000000000000000000, -0.7071067811865462400, -0.7071067811865489100 ) ) ;
#6381 = VECTOR ( 'NONE', #6380, 1000.000000000000000 ) ;
#6382 = CARTESIAN_POINT ( 'NONE',  ( 1.599999999999999600, 0.09999999999999917300, -2.499999999999999100 ) ) ;
#6383 = LINE ( 'NONE', #6382, #6381 ) ;
#6384 = DIRECTION ( 'NONE',  ( -0.0000000000000000000, 0.7071067811865510100, 0.7071067811865441300 ) ) ;
#6385 = VECTOR ( 'NONE', #6384, 1000.000000000000000 ) ;
#6386 = CARTESIAN_POINT ( 'NONE',  ( 1.599999999999999600, 0.2500000000000014400, -2.849999999999999600 ) ) ;
#6387 = LINE ( 'NONE', #6386, #6385 ) ;
#6388 = DIRECTION ( 'NONE',  ( 0.0000000000000000000, 0.0000000000000000000, 1.000000000000000000 ) ) ;
#6389 = DIRECTION ( 'NONE',  ( -1.000000000000000000, -0.0000000000000000000, 0.0000000000000000000 ) ) ;
#6390 = CARTESIAN_POINT ( 'NONE',  ( 1.599999999999999600, -0.1999999999999999800, -2.799999999999999400 ) ) ;
#6391 = CARTESIAN_POINT ( 'NONE',  ( 1.399999999999999500, 3.849999999999999200, 0.9000000000000000200 ) ) ;
#6392 = DIRECTION ( 'NONE',  ( -0.0000000000000000000, -0.0000000000000000000, 1.000000000000000000 ) ) ;
#6393 = VECTOR ( 'NONE', #6392, 1000.000000000000000 ) ;
#6394 = CARTESIAN_POINT ( 'NONE',  ( 1.399999999999999500, 3.849999999999999200, 0.9000000000000000200 ) ) ;
#6395 = LINE ( 'NONE', #6394, #6393 ) ;
#6396 = DIRECTION ( 'NONE',  ( 0.0000000000000000000, 0.0000000000000000000, 1.000000000000000000 ) ) ;
#6397 = DIRECTION ( 'NONE',  ( 0.0000000000000000000, -0.0000000000000000000, -1.000000000000000000 ) ) ;
#6398 = DIRECTION ( 'NONE',  ( 0.0000000000000000000, -1.000000000000000000, 0.0000000000000000000 ) ) ;
#6399 = CARTESIAN_POINT ( 'NONE',  ( 1.599999999999999600, 3.849999999999999200, 0.9000000000000000200 ) ) ;
#6400 = AXIS2_PLACEMENT_3D ( 'NONE', #6399, #6398, #6397 ) ;
#6401 = PLANE ( 'NONE',  #6400 ) ;
#6402 = FACE_OUTER_BOUND ( 'NONE', #1048, .T. ) ;
#6403 = DIRECTION ( 'NONE',  ( 0.0000000000000000000, 0.0000000000000000000, 1.000000000000000000 ) ) ;
#6404 = DIRECTION ( 'NONE',  ( -1.000000000000000000, -0.0000000000000000000, 0.0000000000000000000 ) ) ;
#6405 = CARTESIAN_POINT ( 'NONE',  ( 1.399999999999999500, -0.1999999999999999800, -2.799999999999999400 ) ) ;
#6406 = AXIS2_PLACEMENT_3D ( 'NONE', #6405, #6404, #6403 ) ;
#6407 = PLANE ( 'NONE',  #6406 ) ;
#6408 = FACE_OUTER_BOUND ( 'NONE', #1046, .T. ) ;
#6409 = DIRECTION ( 'NONE',  ( 1.000000000000000000, 0.0000000000000000000, -0.0000000000000000000 ) ) ;
#6410 = DIRECTION ( 'NONE',  ( 0.0000000000000000000, 0.0000000000000000000, 1.000000000000000000 ) ) ;
#6411 = CARTESIAN_POINT ( 'NONE',  ( 1.599999999999999600, -0.6999999999999999600, -2.999999999999999600 ) ) ;
#6412 = AXIS2_PLACEMENT_3D ( 'NONE', #6411, #6410, #6409 ) ;
#6413 = PLANE ( 'NONE',  #6412 ) ;
#6414 = FACE_OUTER_BOUND ( 'NONE', #1042, .T. ) ;
#6415 = DIRECTION ( 'NONE',  ( 0.0000000000000000000, 0.0000000000000000000, -1.000000000000000000 ) ) ;
#6416 = VECTOR ( 'NONE', #6415, 1000.000000000000000 ) ;
#6417 = CARTESIAN_POINT ( 'NONE',  ( 1.599999999999999600, -0.6999999999999999600, -2.799999999999999400 ) ) ;
#6418 = LINE ( 'NONE', #6417, #6416 ) ;
#6419 = CARTESIAN_POINT ( 'NONE',  ( 1.599999999999999600, -0.6999999999999999600, -2.999999999999999600 ) ) ;
#6420 = DIRECTION ( 'NONE',  ( -1.000000000000000000, -0.0000000000000000000, -0.0000000000000000000 ) ) ;
#6421 = VECTOR ( 'NONE', #6420, 1000.000000000000000 ) ;
#6422 = CARTESIAN_POINT ( 'NONE',  ( 1.599999999999999600, -0.6999999999999999600, -2.999999999999999600 ) ) ;
#6423 = LINE ( 'NONE', #6422, #6421 ) ;
#6424 = VECTOR ( 'NONE', #6358, 1000.000000000000000 ) ;
#6425 = PLANE ( 'NONE',  #6488 ) ;
#6426 = FACE_OUTER_BOUND ( 'NONE', #1078, .T. ) ;
#6427 = DIRECTION ( 'NONE',  ( 0.0000000000000000000, 1.000000000000000000, -1.642730564371976600E-017 ) ) ;
#6428 = VECTOR ( 'NONE', #6427, 1000.000000000000000 ) ;
#6429 = CARTESIAN_POINT ( 'NONE',  ( 1.599999999999999600, 0.5499999999999992700, 0.3999999999999998600 ) ) ;
#6430 = LINE ( 'NONE', #6429, #6428 ) ;
#6431 = CARTESIAN_POINT ( 'NONE',  ( 1.599999999999999600, 3.849999999999999200, 0.3999999999999998000 ) ) ;
#6432 = DIRECTION ( 'NONE',  ( -1.000000000000000000, -0.0000000000000000000, -0.0000000000000000000 ) ) ;
#6433 = VECTOR ( 'NONE', #6432, 1000.000000000000000 ) ;
#6434 = CARTESIAN_POINT ( 'NONE',  ( 1.599999999999999600, 3.849999999999999200, 0.3999999999999998000 ) ) ;
#6435 = LINE ( 'NONE', #6434, #6433 ) ;
#6436 = CARTESIAN_POINT ( 'NONE',  ( 1.399999999999999500, 3.849999999999999200, 0.3999999999999998000 ) ) ;
#6437 = DIRECTION ( 'NONE',  ( 0.0000000000000000000, 1.000000000000000000, -1.642730564371976600E-017 ) ) ;
#6438 = VECTOR ( 'NONE', #6437, 1000.000000000000000 ) ;
#6439 = CARTESIAN_POINT ( 'NONE',  ( 1.399999999999999500, 0.5499999999999992700, 0.3999999999999998600 ) ) ;
#6440 = LINE ( 'NONE', #6439, #6438 ) ;
#6441 = DIRECTION ( 'NONE',  ( 0.0000000000000000000, -1.000000000000000000, 1.642730564371976600E-017 ) ) ;
#6442 = DIRECTION ( 'NONE',  ( -0.0000000000000000000, 1.642730564371976600E-017, 1.000000000000000000 ) ) ;
#6443 = CARTESIAN_POINT ( 'NONE',  ( 1.599999999999999600, 0.5499999999999992700, 0.3999999999999998600 ) ) ;
#6444 = AXIS2_PLACEMENT_3D ( 'NONE', #6443, #6442, #6441 ) ;
#6445 = PLANE ( 'NONE',  #6444 ) ;
#6446 = FACE_OUTER_BOUND ( 'NONE', #1065, .T. ) ;
#6447 = DIRECTION ( 'NONE',  ( 0.0000000000000000000, 1.000000000000000000, 1.156482317317871500E-016 ) ) ;
#6448 = DIRECTION ( 'NONE',  ( 0.0000000000000000000, 1.156482317317871500E-016, -1.000000000000000000 ) ) ;
#6449 = CARTESIAN_POINT ( 'NONE',  ( 1.599999999999999600, 3.849999999999999200, 0.9000000000000000200 ) ) ;
#6450 = AXIS2_PLACEMENT_3D ( 'NONE', #6449, #6448, #6447 ) ;
#6451 = PLANE ( 'NONE',  #6450 ) ;
#6452 = FACE_OUTER_BOUND ( 'NONE', #1059, .T. ) ;
#6453 = DIRECTION ( 'NONE',  ( -0.0000000000000000000, -0.0000000000000000000, 1.000000000000000000 ) ) ;
#6454 = VECTOR ( 'NONE', #6453, 1000.000000000000000 ) ;
#6455 = CARTESIAN_POINT ( 'NONE',  ( 1.599999999999999600, 3.849999999999999200, 0.9000000000000000200 ) ) ;
#6456 = LINE ( 'NONE', #6455, #6454 ) ;
#6457 = CARTESIAN_POINT ( 'NONE',  ( 1.599999999999999600, 3.849999999999999200, 0.9000000000000000200 ) ) ;
#6458 = VECTOR ( 'NONE', #6523, 1000.000000000000000 ) ;
#6459 = CARTESIAN_POINT ( 'NONE',  ( 1.599999999999999600, 5.800000000000000700, -2.799999999999999400 ) ) ;
#6460 = LINE ( 'NONE', #6459, #6458 ) ;
#6461 = CARTESIAN_POINT ( 'NONE',  ( 1.399999999999999500, 5.800000000000000700, -2.799999999999999400 ) ) ;
#6462 = DIRECTION ( 'NONE',  ( 0.0000000000000000000, 4.336808689942016200E-015, 1.000000000000000000 ) ) ;
#6463 = VECTOR ( 'NONE', #6462, 1000.000000000000000 ) ;
#6464 = CARTESIAN_POINT ( 'NONE',  ( 1.399999999999999500, 5.799999999999999800, -2.999999999999999600 ) ) ;
#6465 = LINE ( 'NONE', #6464, #6463 ) ;
#6466 = DIRECTION ( 'NONE',  ( 0.0000000000000000000, -4.336808689942016200E-015, -1.000000000000000000 ) ) ;
#6467 = DIRECTION ( 'NONE',  ( 0.0000000000000000000, -1.000000000000000000, 4.336808689942016200E-015 ) ) ;
#6468 = CARTESIAN_POINT ( 'NONE',  ( 1.599999999999999600, 5.799999999999999800, -2.999999999999999600 ) ) ;
#6469 = AXIS2_PLACEMENT_3D ( 'NONE', #6468, #6467, #6466 ) ;
#6470 = PLANE ( 'NONE',  #6469 ) ;
#6471 = FACE_OUTER_BOUND ( 'NONE', #1091, .T. ) ;
#6472 = DIRECTION ( 'NONE',  ( -1.000000000000000000, -0.0000000000000000000, -0.0000000000000000000 ) ) ;
#6473 = VECTOR ( 'NONE', #6472, 1000.000000000000000 ) ;
#6474 = CARTESIAN_POINT ( 'NONE',  ( 1.599999999999999600, 4.999999999999999100, -2.999999999999999600 ) ) ;
#6475 = LINE ( 'NONE', #6474, #6473 ) ;
#6476 = DIRECTION ( 'NONE',  ( 0.0000000000000000000, 1.000000000000000000, 0.0000000000000000000 ) ) ;
#6477 = VECTOR ( 'NONE', #6476, 1000.000000000000000 ) ;
#6478 = CARTESIAN_POINT ( 'NONE',  ( 1.599999999999999600, 4.999999999999999100, -2.999999999999999600 ) ) ;
#6479 = LINE ( 'NONE', #6478, #6477 ) ;
#6480 = DIRECTION ( 'NONE',  ( 0.0000000000000000000, 0.0000000000000000000, 1.000000000000000000 ) ) ;
#6481 = DIRECTION ( 'NONE',  ( -1.000000000000000000, 0.0000000000000000000, 0.0000000000000000000 ) ) ;
#6482 = CARTESIAN_POINT ( 'NONE',  ( 1.599999999999999600, 3.849999999999998300, -2.500000000000000400 ) ) ;
#6483 = AXIS2_PLACEMENT_3D ( 'NONE', #6482, #6481, #6480 ) ;
#6484 = PLANE ( 'NONE',  #6483 ) ;
#6485 = DIRECTION ( 'NONE',  ( 0.0000000000000000000, 0.7071067811865462400, 0.7071067811865489100 ) ) ;
#6486 = DIRECTION ( 'NONE',  ( 0.0000000000000000000, 0.7071067811865489100, -0.7071067811865462400 ) ) ;
#6487 = CARTESIAN_POINT ( 'NONE',  ( 1.599999999999999600, 0.09999999999999917300, -2.499999999999999100 ) ) ;
#6488 = AXIS2_PLACEMENT_3D ( 'NONE', #6487, #6486, #6485 ) ;
#6489 = FACE_OUTER_BOUND ( 'NONE', #1085, .T. ) ;
#6490 = PLANE ( 'NONE',  #6556 ) ;
#6491 = FACE_OUTER_BOUND ( 'NONE', #1119, .T. ) ;
#6492 = DIRECTION ( 'NONE',  ( 0.0000000000000000000, -1.000000000000000000, -1.156482317317871500E-016 ) ) ;
#6493 = VECTOR ( 'NONE', #6492, 1000.000000000000000 ) ;
#6494 = CARTESIAN_POINT ( 'NONE',  ( 1.399999999999999500, 3.849999999999999200, 0.9000000000000000200 ) ) ;
#6495 = LINE ( 'NONE', #6494, #6493 ) ;
#6496 = DIRECTION ( 'NONE',  ( 0.0000000000000000000, -1.000000000000000000, -1.156482317317871500E-016 ) ) ;
#6497 = VECTOR ( 'NONE', #6496, 1000.000000000000000 ) ;
#6498 = CARTESIAN_POINT ( 'NONE',  ( 1.599999999999999600, 3.849999999999999200, 0.9000000000000000200 ) ) ;
#6499 = LINE ( 'NONE', #6498, #6497 ) ;
#6500 = CARTESIAN_POINT ( 'NONE',  ( 1.599999999999999600, 4.999999999999999100, -2.999999999999999600 ) ) ;
#6501 = CARTESIAN_POINT ( 'NONE',  ( 1.599999999999999600, 5.799999999999999800, -2.999999999999999600 ) ) ;
#6502 = DIRECTION ( 'NONE',  ( -1.000000000000000000, -0.0000000000000000000, -0.0000000000000000000 ) ) ;
#6503 = VECTOR ( 'NONE', #6502, 1000.000000000000000 ) ;
#6504 = CARTESIAN_POINT ( 'NONE',  ( 1.599999999999999600, 5.799999999999999800, -2.999999999999999600 ) ) ;
#6505 = LINE ( 'NONE', #6504, #6503 ) ;
#6506 = CARTESIAN_POINT ( 'NONE',  ( 1.399999999999999500, 5.799999999999999800, -2.999999999999999600 ) ) ;
#6507 = CARTESIAN_POINT ( 'NONE',  ( 1.399999999999999500, 4.999999999999999100, -2.999999999999999600 ) ) ;
#6508 = DIRECTION ( 'NONE',  ( 0.0000000000000000000, 1.000000000000000000, 0.0000000000000000000 ) ) ;
#6509 = VECTOR ( 'NONE', #6508, 1000.000000000000000 ) ;
#6510 = CARTESIAN_POINT ( 'NONE',  ( 1.399999999999999500, 4.999999999999999100, -2.999999999999999600 ) ) ;
#6511 = LINE ( 'NONE', #6510, #6509 ) ;
#6512 = DIRECTION ( 'NONE',  ( 1.000000000000000000, 0.0000000000000000000, -0.0000000000000000000 ) ) ;
#6513 = DIRECTION ( 'NONE',  ( 0.0000000000000000000, 0.0000000000000000000, 1.000000000000000000 ) ) ;
#6514 = CARTESIAN_POINT ( 'NONE',  ( 1.599999999999999600, 4.999999999999999100, -2.999999999999999600 ) ) ;
#6515 = AXIS2_PLACEMENT_3D ( 'NONE', #6514, #6513, #6512 ) ;
#6516 = PLANE ( 'NONE',  #6515 ) ;
#6517 = FACE_OUTER_BOUND ( 'NONE', #1105, .T. ) ;
#6518 = DIRECTION ( 'NONE',  ( 0.0000000000000000000, 4.336808689942016200E-015, 1.000000000000000000 ) ) ;
#6519 = VECTOR ( 'NONE', #6518, 1000.000000000000000 ) ;
#6520 = CARTESIAN_POINT ( 'NONE',  ( 1.599999999999999600, 5.799999999999999800, -2.999999999999999600 ) ) ;
#6521 = LINE ( 'NONE', #6520, #6519 ) ;
#6522 = CARTESIAN_POINT ( 'NONE',  ( 1.599999999999999600, 5.800000000000000700, -2.799999999999999400 ) ) ;
#6523 = DIRECTION ( 'NONE',  ( -1.000000000000000000, -0.0000000000000000000, -0.0000000000000000000 ) ) ;
#6524 = LINE ( 'NONE', #6588, #6587 ) ;
#6525 = DIRECTION ( 'NONE',  ( 0.0000000000000000000, 0.7071067811865454600, -0.7071067811865495700 ) ) ;
#6526 = VECTOR ( 'NONE', #6525, 1000.000000000000000 ) ;
#6527 = CARTESIAN_POINT ( 'NONE',  ( 1.599999999999999600, 4.850000000000000500, -2.849999999999999600 ) ) ;
#6528 = LINE ( 'NONE', #6527, #6526 ) ;
#6529 = DIRECTION ( 'NONE',  ( 0.0000000000000000000, 0.7071067811865460200, -0.7071067811865490200 ) ) ;
#6530 = DIRECTION ( 'NONE',  ( 0.0000000000000000000, -0.7071067811865490200, -0.7071067811865460200 ) ) ;
#6531 = CARTESIAN_POINT ( 'NONE',  ( 1.599999999999999600, 5.300000000000000700, -2.799999999999999800 ) ) ;
#6532 = AXIS2_PLACEMENT_3D ( 'NONE', #6531, #6530, #6529 ) ;
#6533 = PLANE ( 'NONE',  #6532 ) ;
#6534 = FACE_OUTER_BOUND ( 'NONE', #1139, .T. ) ;
#6535 = DIRECTION ( 'NONE',  ( 0.0000000000000000000, 0.7071067811865454600, -0.7071067811865495700 ) ) ;
#6536 = VECTOR ( 'NONE', #6535, 1000.000000000000000 ) ;
#6537 = CARTESIAN_POINT ( 'NONE',  ( 1.399999999999999500, 4.850000000000000500, -2.849999999999999600 ) ) ;
#6538 = LINE ( 'NONE', #6537, #6536 ) ;
#6539 = DIRECTION ( 'NONE',  ( 0.0000000000000000000, -0.7071067811865460200, 0.7071067811865490200 ) ) ;
#6540 = VECTOR ( 'NONE', #6539, 1000.000000000000100 ) ;
#6541 = CARTESIAN_POINT ( 'NONE',  ( 1.399999999999999500, 5.300000000000000700, -2.799999999999999800 ) ) ;
#6542 = LINE ( 'NONE', #6541, #6540 ) ;
#6543 = DIRECTION ( 'NONE',  ( 0.0000000000000000000, 0.0000000000000000000, 1.000000000000000000 ) ) ;
#6544 = VECTOR ( 'NONE', #6543, 1000.000000000000000 ) ;
#6545 = CARTESIAN_POINT ( 'NONE',  ( 1.399999999999999500, 3.849999999999999200, -0.9000000000000003600 ) ) ;
#6546 = LINE ( 'NONE', #6545, #6544 ) ;
#6547 = DIRECTION ( 'NONE',  ( 0.0000000000000000000, -0.0000000000000000000, -1.000000000000000000 ) ) ;
#6548 = DIRECTION ( 'NONE',  ( 0.0000000000000000000, -1.000000000000000000, 0.0000000000000000000 ) ) ;
#6549 = CARTESIAN_POINT ( 'NONE',  ( 1.599999999999999600, 3.849999999999999200, -0.9000000000000003600 ) ) ;
#6550 = AXIS2_PLACEMENT_3D ( 'NONE', #6549, #6548, #6547 ) ;
#6551 = PLANE ( 'NONE',  #6550 ) ;
#6552 = FACE_OUTER_BOUND ( 'NONE', #1127, .T. ) ;
#6553 = DIRECTION ( 'NONE',  ( 0.0000000000000000000, 0.0000000000000000000, 1.000000000000000000 ) ) ;
#6554 = DIRECTION ( 'NONE',  ( -1.000000000000000000, -0.0000000000000000000, 0.0000000000000000000 ) ) ;
#6555 = CARTESIAN_POINT ( 'NONE',  ( 1.599999999999999600, -0.1999999999999999800, -2.799999999999999400 ) ) ;
#6556 = AXIS2_PLACEMENT_3D ( 'NONE', #6555, #6554, #6553 ) ;
#6557 = AXIS2_PLACEMENT_3D ( 'NONE', #6622, #6621, #6620 ) ;
#6558 = PLANE ( 'NONE',  #6557 ) ;
#6559 = FACE_OUTER_BOUND ( 'NONE', #1224, .T. ) ;
#6560 = DIRECTION ( 'NONE',  ( 0.0000000000000000000, -1.000000000000000000, -8.673617379884042400E-016 ) ) ;
#6561 = VECTOR ( 'NONE', #6560, 1000.000000000000000 ) ;
#6562 = CARTESIAN_POINT ( 'NONE',  ( 1.599999999999999600, 5.800000000000000700, -2.799999999999999400 ) ) ;
#6563 = LINE ( 'NONE', #6562, #6561 ) ;
#6564 = CARTESIAN_POINT ( 'NONE',  ( 1.599999999999999600, 5.300000000000000700, -2.799999999999999800 ) ) ;
#6565 = DIRECTION ( 'NONE',  ( -1.000000000000000000, -0.0000000000000000000, -0.0000000000000000000 ) ) ;
#6566 = VECTOR ( 'NONE', #6565, 1000.000000000000000 ) ;
#6567 = CARTESIAN_POINT ( 'NONE',  ( 1.599999999999999600, 5.300000000000000700, -2.799999999999999800 ) ) ;
#6568 = LINE ( 'NONE', #6567, #6566 ) ;
#6569 = CARTESIAN_POINT ( 'NONE',  ( 1.399999999999999500, 5.300000000000000700, -2.799999999999999800 ) ) ;
#6570 = DIRECTION ( 'NONE',  ( 0.0000000000000000000, -1.000000000000000000, -8.673617379884042400E-016 ) ) ;
#6571 = VECTOR ( 'NONE', #6570, 1000.000000000000000 ) ;
#6572 = CARTESIAN_POINT ( 'NONE',  ( 1.399999999999999500, 5.800000000000000700, -2.799999999999999400 ) ) ;
#6573 = LINE ( 'NONE', #6572, #6571 ) ;
#6574 = DIRECTION ( 'NONE',  ( 0.0000000000000000000, 1.000000000000000000, 8.673617379884043400E-016 ) ) ;
#6575 = DIRECTION ( 'NONE',  ( 0.0000000000000000000, 8.673617379884043400E-016, -1.000000000000000000 ) ) ;
#6576 = CARTESIAN_POINT ( 'NONE',  ( 1.599999999999999600, 5.800000000000000700, -2.799999999999999400 ) ) ;
#6577 = AXIS2_PLACEMENT_3D ( 'NONE', #6576, #6575, #6574 ) ;
#6578 = PLANE ( 'NONE',  #6577 ) ;
#6579 = FACE_OUTER_BOUND ( 'NONE', #1155, .T. ) ;
#6580 = DIRECTION ( 'NONE',  ( 0.0000000000000000000, 0.0000000000000000000, 1.000000000000000000 ) ) ;
#6581 = DIRECTION ( 'NONE',  ( -1.000000000000000000, 0.0000000000000000000, 0.0000000000000000000 ) ) ;
#6582 = CARTESIAN_POINT ( 'NONE',  ( 1.399999999999999500, 3.849999999999998300, -2.500000000000000400 ) ) ;
#6583 = AXIS2_PLACEMENT_3D ( 'NONE', #6582, #6581, #6580 ) ;
#6584 = PLANE ( 'NONE',  #6583 ) ;
#6585 = FACE_OUTER_BOUND ( 'NONE', #1151, .T. ) ;
#6586 = DIRECTION ( 'NONE',  ( 0.0000000000000000000, -0.7071067811865460200, 0.7071067811865490200 ) ) ;
#6587 = VECTOR ( 'NONE', #6586, 1000.000000000000100 ) ;
#6588 = CARTESIAN_POINT ( 'NONE',  ( 1.599999999999999600, 5.300000000000000700, -2.799999999999999800 ) ) ;
#6589 = CARTESIAN_POINT ( 'NONE',  ( 1.599999999999999600, 3.849999999999999200, -0.4000000000000003000 ) ) ;
#6590 = DIRECTION ( 'NONE',  ( -1.000000000000000000, -0.0000000000000000000, -0.0000000000000000000 ) ) ;
#6591 = VECTOR ( 'NONE', #6590, 1000.000000000000000 ) ;
#6592 = CARTESIAN_POINT ( 'NONE',  ( 1.599999999999999600, 3.849999999999999200, -0.4000000000000003000 ) ) ;
#6593 = LINE ( 'NONE', #6592, #6591 ) ;
#6594 = CARTESIAN_POINT ( 'NONE',  ( 1.399999999999999500, 3.849999999999999200, -0.4000000000000003000 ) ) ;
#6595 = CARTESIAN_POINT ( 'NONE',  ( 1.399999999999999500, 3.849999999999999200, -0.9000000000000003600 ) ) ;
#6596 = DIRECTION ( 'NONE',  ( 0.0000000000000000000, 0.0000000000000000000, 1.000000000000000000 ) ) ;
#6597 = DIRECTION ( 'NONE',  ( -1.000000000000000000, 0.0000000000000000000, 0.0000000000000000000 ) ) ;
#6598 = CARTESIAN_POINT ( 'NONE',  ( 1.599999999999999600, 3.849999999999998300, -2.500000000000000400 ) ) ;
#6599 = AXIS2_PLACEMENT_3D ( 'NONE', #6598, #6597, #6596 ) ;
#6600 = PLANE ( 'NONE',  #6599 ) ;
#6601 = FACE_OUTER_BOUND ( 'NONE', #1239, .T. ) ;
#6602 = DIRECTION ( 'NONE',  ( 0.0000000000000000000, 1.000000000000000000, 0.0000000000000000000 ) ) ;
#6603 = VECTOR ( 'NONE', #6602, 1000.000000000000000 ) ;
#6604 = CARTESIAN_POINT ( 'NONE',  ( 1.599999999999999600, 2.099999999999999600, -0.9000000000000003600 ) ) ;
#6605 = LINE ( 'NONE', #6604, #6603 ) ;
#6606 = DIRECTION ( 'NONE',  ( 0.0000000000000000000, 1.000000000000000000, 0.0000000000000000000 ) ) ;
#6607 = VECTOR ( 'NONE', #6606, 1000.000000000000000 ) ;
#6608 = CARTESIAN_POINT ( 'NONE',  ( 1.399999999999999500, 2.099999999999999600, -0.9000000000000003600 ) ) ;
#6609 = LINE ( 'NONE', #6608, #6607 ) ;
#6610 = DIRECTION ( 'NONE',  ( 1.000000000000000000, 0.0000000000000000000, -0.0000000000000000000 ) ) ;
#6611 = DIRECTION ( 'NONE',  ( 0.0000000000000000000, 0.0000000000000000000, 1.000000000000000000 ) ) ;
#6612 = CARTESIAN_POINT ( 'NONE',  ( 1.599999999999999600, 2.099999999999999600, -0.9000000000000003600 ) ) ;
#6613 = AXIS2_PLACEMENT_3D ( 'NONE', #6612, #6611, #6610 ) ;
#6614 = PLANE ( 'NONE',  #6613 ) ;
#6615 = FACE_OUTER_BOUND ( 'NONE', #1174, .T. ) ;
#6616 = DIRECTION ( 'NONE',  ( 0.0000000000000000000, -1.000000000000000000, -1.232047923278982200E-016 ) ) ;
#6617 = VECTOR ( 'NONE', #6616, 1000.000000000000000 ) ;
#6618 = CARTESIAN_POINT ( 'NONE',  ( 1.399999999999999500, 3.849999999999999200, -0.4000000000000003000 ) ) ;
#6619 = LINE ( 'NONE', #6618, #6617 ) ;
#6620 = DIRECTION ( 'NONE',  ( -1.000000000000000000, 0.0000000000000000000, -0.0000000000000000000 ) ) ;
#6621 = DIRECTION ( 'NONE',  ( 0.0000000000000000000, 0.0000000000000000000, -1.000000000000000000 ) ) ;
#6622 = CARTESIAN_POINT ( 'NONE',  ( 0.5999999999999996400, -0.1999999999999999800, -2.799999999999999400 ) ) ;
#6623 = DIRECTION ( 'NONE',  ( 0.0000000000000000000, 0.0000000000000000000, -1.000000000000000000 ) ) ;
#6624 = VECTOR ( 'NONE', #6623, 1000.000000000000000 ) ;
#6625 = CARTESIAN_POINT ( 'NONE',  ( 0.3999999999999995800, -0.6999999999999999600, -2.799999999999999400 ) ) ;
#6626 = LINE ( 'NONE', #6625, #6624 ) ;
#6627 = DIRECTION ( 'NONE',  ( -0.0000000000000000000, 0.7071067811865510100, 0.7071067811865441300 ) ) ;
#6628 = VECTOR ( 'NONE', #6627, 1000.000000000000000 ) ;
#6629 = CARTESIAN_POINT ( 'NONE',  ( 0.3999999999999995800, 0.2500000000000014400, -2.849999999999999600 ) ) ;
#6630 = LINE ( 'NONE', #6629, #6628 ) ;
#6631 = DIRECTION ( 'NONE',  ( 0.0000000000000000000, -0.7071067811865454600, 0.7071067811865495700 ) ) ;
#6632 = DIRECTION ( 'NONE',  ( -0.0000000000000000000, 0.7071067811865495700, 0.7071067811865454600 ) ) ;
#6633 = CARTESIAN_POINT ( 'NONE',  ( 1.599999999999999600, 4.850000000000000500, -2.849999999999999600 ) ) ;
#6634 = AXIS2_PLACEMENT_3D ( 'NONE', #6633, #6632, #6631 ) ;
#6635 = PLANE ( 'NONE',  #6634 ) ;
#6636 = FACE_OUTER_BOUND ( 'NONE', #1201, .T. ) ;
#6637 = DIRECTION ( 'NONE',  ( 0.0000000000000000000, -1.000000000000000000, -1.232047923278982200E-016 ) ) ;
#6638 = VECTOR ( 'NONE', #6637, 1000.000000000000000 ) ;
#6639 = CARTESIAN_POINT ( 'NONE',  ( 1.599999999999999600, 3.849999999999999200, -0.4000000000000003000 ) ) ;
#6640 = LINE ( 'NONE', #6639, #6638 ) ;
#6641 = DIRECTION ( 'NONE',  ( 0.0000000000000000000, 1.000000000000000000, 1.232047923278982200E-016 ) ) ;
#6642 = DIRECTION ( 'NONE',  ( 0.0000000000000000000, 1.232047923278982200E-016, -1.000000000000000000 ) ) ;
#6643 = CARTESIAN_POINT ( 'NONE',  ( 1.599999999999999600, 3.849999999999999200, -0.4000000000000003000 ) ) ;
#6644 = AXIS2_PLACEMENT_3D ( 'NONE', #6643, #6642, #6641 ) ;
#6645 = PLANE ( 'NONE',  #6644 ) ;
#6646 = FACE_OUTER_BOUND ( 'NONE', #1193, .T. ) ;
#6647 = DIRECTION ( 'NONE',  ( -1.000000000000000000, -0.0000000000000000000, -0.0000000000000000000 ) ) ;
#6648 = VECTOR ( 'NONE', #6647, 1000.000000000000000 ) ;
#6649 = CARTESIAN_POINT ( 'NONE',  ( 1.599999999999999600, 3.849999999999999200, -0.9000000000000003600 ) ) ;
#6650 = LINE ( 'NONE', #6649, #6648 ) ;
#6651 = CARTESIAN_POINT ( 'NONE',  ( 1.599999999999999600, 3.849999999999999200, -0.9000000000000003600 ) ) ;
#6652 = DIRECTION ( 'NONE',  ( 0.0000000000000000000, 0.0000000000000000000, 1.000000000000000000 ) ) ;
#6653 = VECTOR ( 'NONE', #6652, 1000.000000000000000 ) ;
#6654 = CARTESIAN_POINT ( 'NONE',  ( 1.599999999999999600, 3.849999999999999200, -0.9000000000000003600 ) ) ;
#6655 = LINE ( 'NONE', #6654, #6653 ) ;
#6656 = PLANE ( 'NONE',  #6662 ) ;
#6657 = DIRECTION ( 'NONE',  ( -1.000000000000000000, 0.0000000000000000000, 0.0000000000000000000 ) ) ;
#6658 = DIRECTION ( 'NONE',  ( -1.000000000000000000, -0.0000000000000000000, -0.0000000000000000000 ) ) ;
#6659 = VECTOR ( 'NONE', #6658, 1000.000000000000000 ) ;
#6660 = CARTESIAN_POINT ( 'NONE',  ( 0.5999999999999996400, -0.6999999999999999600, -2.799999999999999400 ) ) ;
#6661 = LINE ( 'NONE', #6660, #6659 ) ;
#6662 = AXIS2_PLACEMENT_3D ( 'NONE', #5866, #6125, #6396 ) ;
#6663 = CARTESIAN_POINT ( 'NONE',  ( 0.3999999999999995800, -0.6999999999999999600, -2.799999999999999400 ) ) ;
#6664 = CARTESIAN_POINT ( 'NONE',  ( 0.3999999999999995800, -0.1999999999999999800, -2.799999999999999400 ) ) ;
#6665 = DIRECTION ( 'NONE',  ( 0.0000000000000000000, -1.000000000000000000, 0.0000000000000000000 ) ) ;
#6666 = VECTOR ( 'NONE', #6665, 1000.000000000000000 ) ;
#6667 = CARTESIAN_POINT ( 'NONE',  ( 0.3999999999999995800, -0.1999999999999999800, -2.799999999999999400 ) ) ;
#6668 = LINE ( 'NONE', #6667, #6666 ) ;
#6669 = CARTESIAN_POINT ( 'NONE',  ( 0.5999999999999996400, 0.1000000000000000500, -2.999999999999999600 ) ) ;
#6670 = CARTESIAN_POINT ( 'NONE',  ( 0.3999999999999995800, 0.1000000000000000500, -2.999999999999999600 ) ) ;
#6671 = DIRECTION ( 'NONE',  ( 0.0000000000000000000, 1.000000000000000000, 0.0000000000000000000 ) ) ;
#6672 = VECTOR ( 'NONE', #6671, 1000.000000000000000 ) ;
#6673 = CARTESIAN_POINT ( 'NONE',  ( 0.3999999999999995800, -0.6999999999999999600, -2.999999999999999600 ) ) ;
#6674 = LINE ( 'NONE', #6673, #6672 ) ;
#6675 = DIRECTION ( 'NONE',  ( 1.000000000000000000, 0.0000000000000000000, -0.0000000000000000000 ) ) ;
#6676 = DIRECTION ( 'NONE',  ( 0.0000000000000000000, 0.0000000000000000000, 1.000000000000000000 ) ) ;
#6677 = CARTESIAN_POINT ( 'NONE',  ( 0.5999999999999996400, -0.6999999999999999600, -2.999999999999999600 ) ) ;
#6678 = AXIS2_PLACEMENT_3D ( 'NONE', #6677, #6676, #6675 ) ;
#6679 = PLANE ( 'NONE',  #6678 ) ;
#6680 = FACE_OUTER_BOUND ( 'NONE', #1219, .T. ) ;
#6681 = DIRECTION ( 'NONE',  ( 0.0000000000000000000, 0.0000000000000000000, -1.000000000000000000 ) ) ;
#6682 = VECTOR ( 'NONE', #6681, 1000.000000000000000 ) ;
#6683 = CARTESIAN_POINT ( 'NONE',  ( 0.5999999999999996400, -0.6999999999999999600, -2.799999999999999400 ) ) ;
#6684 = LINE ( 'NONE', #6683, #6682 ) ;
#6685 = CARTESIAN_POINT ( 'NONE',  ( 0.5999999999999996400, -0.6999999999999999600, -2.999999999999999600 ) ) ;
#6686 = DIRECTION ( 'NONE',  ( -1.000000000000000000, -0.0000000000000000000, -0.0000000000000000000 ) ) ;
#6687 = VECTOR ( 'NONE', #6686, 1000.000000000000000 ) ;
#6688 = CARTESIAN_POINT ( 'NONE',  ( 0.5999999999999996400, -0.6999999999999999600, -2.999999999999999600 ) ) ;
#6689 = LINE ( 'NONE', #6688, #6687 ) ;
#6690 = CARTESIAN_POINT ( 'NONE',  ( 0.3999999999999995800, -0.6999999999999999600, -2.999999999999999600 ) ) ;
#6691 = CARTESIAN_POINT ( 'NONE',  ( 0.5999999999999996400, 3.849999999999999200, 0.3999999999999997400 ) ) ;
#6692 = DIRECTION ( 'NONE',  ( -1.000000000000000000, -0.0000000000000000000, -0.0000000000000000000 ) ) ;
#6693 = VECTOR ( 'NONE', #6692, 1000.000000000000000 ) ;
#6694 = CARTESIAN_POINT ( 'NONE',  ( 0.5999999999999996400, 3.849999999999999200, 0.3999999999999997400 ) ) ;
#6695 = LINE ( 'NONE', #6694, #6693 ) ;
#6696 = CARTESIAN_POINT ( 'NONE',  ( 0.3999999999999995800, 3.849999999999999200, 0.3999999999999997400 ) ) ;
#6697 = DIRECTION ( 'NONE',  ( 0.0000000000000000000, 1.000000000000000000, -1.642730564371976600E-017 ) ) ;
#6698 = VECTOR ( 'NONE', #6697, 1000.000000000000000 ) ;
#6699 = CARTESIAN_POINT ( 'NONE',  ( 0.3999999999999995800, 0.5499999999999992700, 0.3999999999999998000 ) ) ;
#6700 = LINE ( 'NONE', #6699, #6698 ) ;
#6701 = DIRECTION ( 'NONE',  ( 0.0000000000000000000, 0.0000000000000000000, 1.000000000000000000 ) ) ;
#6702 = DIRECTION ( 'NONE',  ( -1.000000000000000000, 0.0000000000000000000, 0.0000000000000000000 ) ) ;
#6703 = CARTESIAN_POINT ( 'NONE',  ( 1.399999999999999500, 3.849999999999998300, -2.500000000000000400 ) ) ;
#6704 = AXIS2_PLACEMENT_3D ( 'NONE', #6703, #6702, #6701 ) ;
#6705 = PLANE ( 'NONE',  #6704 ) ;
#6706 = FACE_OUTER_BOUND ( 'NONE', #1164, .T. ) ;
#6707 = DIRECTION ( 'NONE',  ( 0.0000000000000000000, -0.0000000000000000000, 1.000000000000000000 ) ) ;
#6708 = DIRECTION ( 'NONE',  ( -0.0000000000000000000, 1.000000000000000000, 0.0000000000000000000 ) ) ;
#6709 = CARTESIAN_POINT ( 'NONE',  ( 0.5999999999999996400, -0.6999999999999999600, -2.799999999999999400 ) ) ;
#6710 = AXIS2_PLACEMENT_3D ( 'NONE', #6709, #6708, #6707 ) ;
#6711 = PLANE ( 'NONE',  #6710 ) ;
#6712 = FACE_OUTER_BOUND ( 'NONE', #1238, .T. ) ;
#6713 = DIRECTION ( 'NONE',  ( -1.000000000000000000, -0.0000000000000000000, -0.0000000000000000000 ) ) ;
#6714 = VECTOR ( 'NONE', #6713, 1000.000000000000000 ) ;
#6715 = CARTESIAN_POINT ( 'NONE',  ( 0.5999999999999996400, -0.1999999999999999800, -2.799999999999999400 ) ) ;
#6716 = LINE ( 'NONE', #6715, #6714 ) ;
#6717 = CARTESIAN_POINT ( 'NONE',  ( 0.5999999999999996400, -0.1999999999999999800, -2.799999999999999400 ) ) ;
#6718 = DIRECTION ( 'NONE',  ( 0.0000000000000000000, -1.000000000000000000, 0.0000000000000000000 ) ) ;
#6719 = VECTOR ( 'NONE', #6718, 1000.000000000000000 ) ;
#6720 = CARTESIAN_POINT ( 'NONE',  ( 0.5999999999999996400, -0.1999999999999999800, -2.799999999999999400 ) ) ;
#6721 = LINE ( 'NONE', #6720, #6719 ) ;
#6722 = CARTESIAN_POINT ( 'NONE',  ( 0.5999999999999996400, -0.6999999999999999600, -2.799999999999999400 ) ) ;
#6723 = DIRECTION ( 'NONE',  ( -1.000000000000000000, -0.0000000000000000000, -0.0000000000000000000 ) ) ;
#6724 = VECTOR ( 'NONE', #6723, 1000.000000000000000 ) ;
#6725 = CARTESIAN_POINT ( 'NONE',  ( 0.5999999999999996400, 0.1000000000000000500, -2.999999999999999600 ) ) ;
#6726 = LINE ( 'NONE', #6725, #6724 ) ;
#6727 = DIRECTION ( 'NONE',  ( 0.0000000000000000000, -0.7071067811865462400, -0.7071067811865489100 ) ) ;
#6728 = VECTOR ( 'NONE', #6727, 1000.000000000000000 ) ;
#6729 = CARTESIAN_POINT ( 'NONE',  ( 0.5999999999999996400, 0.09999999999999917300, -2.499999999999999100 ) ) ;
#6730 = LINE ( 'NONE', #6729, #6728 ) ;
#6731 = DIRECTION ( 'NONE',  ( -0.0000000000000000000, 0.7071067811865510100, 0.7071067811865441300 ) ) ;
#6732 = VECTOR ( 'NONE', #6731, 1000.000000000000000 ) ;
#6733 = CARTESIAN_POINT ( 'NONE',  ( 0.5999999999999996400, 0.2500000000000014400, -2.849999999999999600 ) ) ;
#6734 = LINE ( 'NONE', #6733, #6732 ) ;
#6735 = DIRECTION ( 'NONE',  ( 0.0000000000000000000, 0.0000000000000000000, 1.000000000000000000 ) ) ;
#6736 = DIRECTION ( 'NONE',  ( -1.000000000000000000, -0.0000000000000000000, 0.0000000000000000000 ) ) ;
#6737 = CARTESIAN_POINT ( 'NONE',  ( 0.5999999999999996400, -0.1999999999999999800, -2.799999999999999400 ) ) ;
#6738 = AXIS2_PLACEMENT_3D ( 'NONE', #6737, #6736, #6735 ) ;
#6739 = PLANE ( 'NONE',  #6738 ) ;
#6740 = FACE_OUTER_BOUND ( 'NONE', #1270, .T. ) ;
#6741 = DIRECTION ( 'NONE',  ( 0.0000000000000000000, -0.7071067811865462400, -0.7071067811865489100 ) ) ;
#6742 = VECTOR ( 'NONE', #6741, 1000.000000000000000 ) ;
#6743 = CARTESIAN_POINT ( 'NONE',  ( 0.3999999999999995800, 0.09999999999999917300, -2.499999999999999100 ) ) ;
#6744 = LINE ( 'NONE', #6743, #6742 ) ;
#6745 = DIRECTION ( 'NONE',  ( 0.0000000000000000000, -0.7071067811865510100, -0.7071067811865441300 ) ) ;
#6746 = DIRECTION ( 'NONE',  ( 0.0000000000000000000, -0.7071067811865441300, 0.7071067811865510100 ) ) ;
#6747 = CARTESIAN_POINT ( 'NONE',  ( 0.5999999999999996400, 0.2500000000000014400, -2.849999999999999600 ) ) ;
#6748 = AXIS2_PLACEMENT_3D ( 'NONE', #6747, #6746, #6745 ) ;
#6749 = PLANE ( 'NONE',  #6748 ) ;
#6750 = DIRECTION ( 'NONE',  ( 0.0000000000000000000, 0.7071067811865462400, 0.7071067811865489100 ) ) ;
#6751 = DIRECTION ( 'NONE',  ( 0.0000000000000000000, 0.7071067811865489100, -0.7071067811865462400 ) ) ;
#6752 = CARTESIAN_POINT ( 'NONE',  ( 0.5999999999999996400, 0.09999999999999917300, -2.499999999999999100 ) ) ;
#6753 = AXIS2_PLACEMENT_3D ( 'NONE', #6752, #6751, #6750 ) ;
#6754 = FACE_OUTER_BOUND ( 'NONE', #1263, .T. ) ;
#6755 = PLANE ( 'NONE',  #6753 ) ;
#6756 = FACE_OUTER_BOUND ( 'NONE', #1257, .T. ) ;
#6757 = DIRECTION ( 'NONE',  ( 0.0000000000000000000, -1.000000000000000000, -1.156482317317871500E-016 ) ) ;
#6758 = VECTOR ( 'NONE', #6757, 1000.000000000000000 ) ;
#6759 = CARTESIAN_POINT ( 'NONE',  ( 0.5999999999999996400, 3.849999999999999200, 0.9000000000000000200 ) ) ;
#6760 = LINE ( 'NONE', #6759, #6758 ) ;
#6761 = CARTESIAN_POINT ( 'NONE',  ( 0.5999999999999996400, 5.799999999999999800, -2.999999999999999600 ) ) ;
#6762 = DIRECTION ( 'NONE',  ( -1.000000000000000000, -0.0000000000000000000, -0.0000000000000000000 ) ) ;
#6763 = VECTOR ( 'NONE', #6762, 1000.000000000000000 ) ;
#6764 = CARTESIAN_POINT ( 'NONE',  ( 0.5999999999999996400, 5.799999999999999800, -2.999999999999999600 ) ) ;
#6765 = LINE ( 'NONE', #6764, #6763 ) ;
#6766 = CARTESIAN_POINT ( 'NONE',  ( 0.3999999999999995800, 5.799999999999999800, -2.999999999999999600 ) ) ;
#6767 = CARTESIAN_POINT ( 'NONE',  ( 0.3999999999999995800, 4.999999999999999100, -2.999999999999999600 ) ) ;
#6768 = DIRECTION ( 'NONE',  ( 0.0000000000000000000, 1.000000000000000000, 0.0000000000000000000 ) ) ;
#6769 = VECTOR ( 'NONE', #6768, 1000.000000000000000 ) ;
#6770 = CARTESIAN_POINT ( 'NONE',  ( 0.3999999999999995800, 4.999999999999999100, -2.999999999999999600 ) ) ;
#6771 = LINE ( 'NONE', #6770, #6769 ) ;
#6772 = DIRECTION ( 'NONE',  ( 1.000000000000000000, 0.0000000000000000000, -0.0000000000000000000 ) ) ;
#6773 = DIRECTION ( 'NONE',  ( 0.0000000000000000000, 0.0000000000000000000, 1.000000000000000000 ) ) ;
#6774 = CARTESIAN_POINT ( 'NONE',  ( 0.5999999999999996400, 4.999999999999999100, -2.999999999999999600 ) ) ;
#6775 = AXIS2_PLACEMENT_3D ( 'NONE', #6774, #6773, #6772 ) ;
#6776 = PLANE ( 'NONE',  #6775 ) ;
#6777 = FACE_OUTER_BOUND ( 'NONE', #1285, .T. ) ;
#6778 = DIRECTION ( 'NONE',  ( 0.0000000000000000000, 0.0000000000000000000, 1.000000000000000000 ) ) ;
#6779 = DIRECTION ( 'NONE',  ( -1.000000000000000000, -0.0000000000000000000, 0.0000000000000000000 ) ) ;
#6780 = CARTESIAN_POINT ( 'NONE',  ( 0.3999999999999995800, -0.1999999999999999800, -2.799999999999999400 ) ) ;
#6781 = AXIS2_PLACEMENT_3D ( 'NONE', #6780, #6779, #6778 ) ;
#6782 = PLANE ( 'NONE',  #6781 ) ;
#6783 = FACE_OUTER_BOUND ( 'NONE', #1203, .T. ) ;
#6784 = DIRECTION ( 'NONE',  ( 0.0000000000000000000, 1.000000000000000000, 0.0000000000000000000 ) ) ;
#6785 = VECTOR ( 'NONE', #6784, 1000.000000000000000 ) ;
#6786 = CARTESIAN_POINT ( 'NONE',  ( 0.5999999999999996400, -0.6999999999999999600, -2.999999999999999600 ) ) ;
#6787 = LINE ( 'NONE', #6786, #6785 ) ;
#6788 = DIRECTION ( 'NONE',  ( -0.0000000000000000000, -0.0000000000000000000, 1.000000000000000000 ) ) ;
#6789 = VECTOR ( 'NONE', #6788, 1000.000000000000000 ) ;
#6790 = CARTESIAN_POINT ( 'NONE',  ( 0.5999999999999996400, 3.849999999999999200, 0.9000000000000000200 ) ) ;
#6791 = LINE ( 'NONE', #6790, #6789 ) ;
#6792 = CARTESIAN_POINT ( 'NONE',  ( 0.5999999999999996400, 3.849999999999999200, 0.9000000000000000200 ) ) ;
#6793 = DIRECTION ( 'NONE',  ( -1.000000000000000000, -0.0000000000000000000, -0.0000000000000000000 ) ) ;
#6794 = VECTOR ( 'NONE', #6793, 1000.000000000000000 ) ;
#6795 = CARTESIAN_POINT ( 'NONE',  ( 0.5999999999999996400, 3.849999999999999200, 0.9000000000000000200 ) ) ;
#6796 = LINE ( 'NONE', #6795, #6794 ) ;
#6797 = CARTESIAN_POINT ( 'NONE',  ( 0.3999999999999995800, 3.849999999999999200, 0.9000000000000000200 ) ) ;
#6798 = DIRECTION ( 'NONE',  ( -0.0000000000000000000, -0.0000000000000000000, 1.000000000000000000 ) ) ;
#6799 = VECTOR ( 'NONE', #6798, 1000.000000000000000 ) ;
#6800 = CARTESIAN_POINT ( 'NONE',  ( 0.3999999999999995800, 3.849999999999999200, 0.9000000000000000200 ) ) ;
#6801 = LINE ( 'NONE', #6800, #6799 ) ;
#6802 = DIRECTION ( 'NONE',  ( 0.0000000000000000000, -0.0000000000000000000, -1.000000000000000000 ) ) ;
#6803 = DIRECTION ( 'NONE',  ( 0.0000000000000000000, -1.000000000000000000, 0.0000000000000000000 ) ) ;
#6804 = CARTESIAN_POINT ( 'NONE',  ( 0.5999999999999996400, 3.849999999999999200, 0.9000000000000000200 ) ) ;
#6805 = AXIS2_PLACEMENT_3D ( 'NONE', #6804, #6803, #6802 ) ;
#6806 = PLANE ( 'NONE',  #6805 ) ;
#6807 = FACE_OUTER_BOUND ( 'NONE', #1253, .T. ) ;
#6808 = DIRECTION ( 'NONE',  ( 0.0000000000000000000, 1.000000000000000000, -1.642730564371976600E-017 ) ) ;
#6809 = VECTOR ( 'NONE', #6808, 1000.000000000000000 ) ;
#6810 = CARTESIAN_POINT ( 'NONE',  ( 0.5999999999999996400, 0.5499999999999992700, 0.3999999999999998000 ) ) ;
#6811 = LINE ( 'NONE', #6810, #6809 ) ;
#6812 = DIRECTION ( 'NONE',  ( 0.0000000000000000000, 0.0000000000000000000, 1.000000000000000000 ) ) ;
#6813 = DIRECTION ( 'NONE',  ( -1.000000000000000000, -0.0000000000000000000, 0.0000000000000000000 ) ) ;
#6814 = CARTESIAN_POINT ( 'NONE',  ( 0.5999999999999996400, -0.1999999999999999800, -2.799999999999999400 ) ) ;
#6815 = AXIS2_PLACEMENT_3D ( 'NONE', #6814, #6813, #6812 ) ;
#6816 = PLANE ( 'NONE',  #6815 ) ;
#6817 = FACE_OUTER_BOUND ( 'NONE', #1300, .T. ) ;
#6818 = DIRECTION ( 'NONE',  ( 0.0000000000000000000, -1.000000000000000000, -1.156482317317871500E-016 ) ) ;
#6819 = VECTOR ( 'NONE', #6818, 1000.000000000000000 ) ;
#6820 = CARTESIAN_POINT ( 'NONE',  ( 0.3999999999999995800, 3.849999999999999200, 0.9000000000000000200 ) ) ;
#6821 = LINE ( 'NONE', #6820, #6819 ) ;
#6822 = CARTESIAN_POINT ( 'NONE',  ( 0.3999999999999995800, 5.300000000000000700, -2.799999999999999800 ) ) ;
#6823 = DIRECTION ( 'NONE',  ( 0.0000000000000000000, -1.000000000000000000, -8.673617379884042400E-016 ) ) ;
#6824 = VECTOR ( 'NONE', #6823, 1000.000000000000000 ) ;
#6825 = CARTESIAN_POINT ( 'NONE',  ( 0.3999999999999995800, 5.800000000000000700, -2.799999999999999400 ) ) ;
#6826 = LINE ( 'NONE', #6825, #6824 ) ;
#6827 = DIRECTION ( 'NONE',  ( 0.0000000000000000000, 1.000000000000000000, 8.673617379884043400E-016 ) ) ;
#6828 = DIRECTION ( 'NONE',  ( 0.0000000000000000000, 8.673617379884043400E-016, -1.000000000000000000 ) ) ;
#6829 = CARTESIAN_POINT ( 'NONE',  ( 0.5999999999999996400, 5.800000000000000700, -2.799999999999999400 ) ) ;
#6830 = AXIS2_PLACEMENT_3D ( 'NONE', #6829, #6828, #6827 ) ;
#6831 = PLANE ( 'NONE',  #6830 ) ;
#6832 = FACE_OUTER_BOUND ( 'NONE', #1330, .T. ) ;
#6833 = DIRECTION ( 'NONE',  ( 0.0000000000000000000, 0.0000000000000000000, 1.000000000000000000 ) ) ;
#6834 = DIRECTION ( 'NONE',  ( -1.000000000000000000, 0.0000000000000000000, 0.0000000000000000000 ) ) ;
#6835 = CARTESIAN_POINT ( 'NONE',  ( 0.3999999999999995800, 3.849999999999998300, -2.500000000000000400 ) ) ;
#6836 = AXIS2_PLACEMENT_3D ( 'NONE', #6835, #6834, #6833 ) ;
#6837 = PLANE ( 'NONE',  #6836 ) ;
#6838 = FACE_OUTER_BOUND ( 'NONE', #1327, .T. ) ;
#6839 = DIRECTION ( 'NONE',  ( 0.0000000000000000000, -0.7071067811865460200, 0.7071067811865490200 ) ) ;
#6840 = VECTOR ( 'NONE', #6839, 1000.000000000000100 ) ;
#6841 = CARTESIAN_POINT ( 'NONE',  ( 0.5999999999999996400, 5.300000000000000700, -2.799999999999999800 ) ) ;
#6842 = LINE ( 'NONE', #6841, #6840 ) ;
#6843 = DIRECTION ( 'NONE',  ( 0.0000000000000000000, -1.000000000000000000, 1.642730564371976600E-017 ) ) ;
#6844 = DIRECTION ( 'NONE',  ( -0.0000000000000000000, 1.642730564371976600E-017, 1.000000000000000000 ) ) ;
#6845 = CARTESIAN_POINT ( 'NONE',  ( 0.5999999999999996400, 0.5499999999999992700, 0.3999999999999998000 ) ) ;
#6846 = AXIS2_PLACEMENT_3D ( 'NONE', #6845, #6844, #6843 ) ;
#6847 = PLANE ( 'NONE',  #6846 ) ;
#6848 = FACE_OUTER_BOUND ( 'NONE', #1323, .T. ) ;
#6849 = DIRECTION ( 'NONE',  ( 0.0000000000000000000, 1.000000000000000000, 1.156482317317871500E-016 ) ) ;
#6850 = DIRECTION ( 'NONE',  ( 0.0000000000000000000, 1.156482317317871500E-016, -1.000000000000000000 ) ) ;
#6851 = CARTESIAN_POINT ( 'NONE',  ( 0.5999999999999996400, 3.849999999999999200, 0.9000000000000000200 ) ) ;
#6852 = AXIS2_PLACEMENT_3D ( 'NONE', #6851, #6850, #6849 ) ;
#6853 = PLANE ( 'NONE',  #6852 ) ;
#6854 = FACE_OUTER_BOUND ( 'NONE', #1318, .T. ) ;
#6855 = DIRECTION ( 'NONE',  ( 0.0000000000000000000, 4.336808689942016200E-015, 1.000000000000000000 ) ) ;
#6856 = VECTOR ( 'NONE', #6855, 1000.000000000000000 ) ;
#6857 = CARTESIAN_POINT ( 'NONE',  ( 0.3999999999999995800, 5.799999999999999800, -2.999999999999999600 ) ) ;
#6858 = LINE ( 'NONE', #6857, #6856 ) ;
#6859 = DIRECTION ( 'NONE',  ( 0.0000000000000000000, -4.336808689942016200E-015, -1.000000000000000000 ) ) ;
#6860 = DIRECTION ( 'NONE',  ( 0.0000000000000000000, -1.000000000000000000, 4.336808689942016200E-015 ) ) ;
#6861 = CARTESIAN_POINT ( 'NONE',  ( 0.5999999999999996400, 5.799999999999999800, -2.999999999999999600 ) ) ;
#6862 = AXIS2_PLACEMENT_3D ( 'NONE', #6861, #6860, #6859 ) ;
#6863 = PLANE ( 'NONE',  #6862 ) ;
#6864 = FACE_OUTER_BOUND ( 'NONE', #1348, .T. ) ;
#6865 = DIRECTION ( 'NONE',  ( -1.000000000000000000, -0.0000000000000000000, -0.0000000000000000000 ) ) ;
#6866 = VECTOR ( 'NONE', #6865, 1000.000000000000000 ) ;
#6867 = CARTESIAN_POINT ( 'NONE',  ( 0.5999999999999996400, 4.999999999999999100, -2.999999999999999600 ) ) ;
#6868 = LINE ( 'NONE', #6867, #6866 ) ;
#6869 = CARTESIAN_POINT ( 'NONE',  ( 0.5999999999999996400, 4.999999999999999100, -2.999999999999999600 ) ) ;
#6870 = DIRECTION ( 'NONE',  ( 0.0000000000000000000, 1.000000000000000000, 0.0000000000000000000 ) ) ;
#6871 = VECTOR ( 'NONE', #6870, 1000.000000000000000 ) ;
#6872 = CARTESIAN_POINT ( 'NONE',  ( 0.5999999999999996400, 4.999999999999999100, -2.999999999999999600 ) ) ;
#6873 = LINE ( 'NONE', #6872, #6871 ) ;
#6874 = DIRECTION ( 'NONE',  ( 0.0000000000000000000, 0.0000000000000000000, 1.000000000000000000 ) ) ;
#6875 = DIRECTION ( 'NONE',  ( -1.000000000000000000, 0.0000000000000000000, 0.0000000000000000000 ) ) ;
#6876 = CARTESIAN_POINT ( 'NONE',  ( 0.5999999999999996400, 3.849999999999998300, -2.500000000000000400 ) ) ;
#6877 = AXIS2_PLACEMENT_3D ( 'NONE', #6876, #6875, #6874 ) ;
#6878 = PLANE ( 'NONE',  #6877 ) ;
#6879 = FACE_OUTER_BOUND ( 'NONE', #1341, .T. ) ;
#6880 = DIRECTION ( 'NONE',  ( 0.0000000000000000000, -1.000000000000000000, -8.673617379884042400E-016 ) ) ;
#6881 = VECTOR ( 'NONE', #6880, 1000.000000000000000 ) ;
#6882 = CARTESIAN_POINT ( 'NONE',  ( 0.5999999999999996400, 5.800000000000000700, -2.799999999999999400 ) ) ;
#6883 = LINE ( 'NONE', #6882, #6881 ) ;
#6884 = CARTESIAN_POINT ( 'NONE',  ( 0.5999999999999996400, 5.300000000000000700, -2.799999999999999800 ) ) ;
#6885 = DIRECTION ( 'NONE',  ( -1.000000000000000000, -0.0000000000000000000, -0.0000000000000000000 ) ) ;
#6886 = VECTOR ( 'NONE', #6885, 1000.000000000000000 ) ;
#6887 = CARTESIAN_POINT ( 'NONE',  ( 0.5999999999999996400, 5.300000000000000700, -2.799999999999999800 ) ) ;
#6888 = LINE ( 'NONE', #6887, #6886 ) ;
#6889 = FACE_OUTER_BOUND ( 'NONE', #1370, .T. ) ;
#6890 = DIRECTION ( 'NONE',  ( -1.000000000000000000, -0.0000000000000000000, -0.0000000000000000000 ) ) ;
#6891 = VECTOR ( 'NONE', #6890, 1000.000000000000000 ) ;
#6892 = CARTESIAN_POINT ( 'NONE',  ( 0.5999999999999996400, 3.849999999999999200, -0.9000000000000003600 ) ) ;
#6893 = LINE ( 'NONE', #6892, #6891 ) ;
#6894 = CARTESIAN_POINT ( 'NONE',  ( 0.5999999999999996400, 3.849999999999999200, -0.9000000000000003600 ) ) ;
#6895 = DIRECTION ( 'NONE',  ( 0.0000000000000000000, 0.0000000000000000000, 1.000000000000000000 ) ) ;
#6896 = VECTOR ( 'NONE', #6895, 1000.000000000000000 ) ;
#6897 = CARTESIAN_POINT ( 'NONE',  ( 0.5999999999999996400, 3.849999999999999200, -0.9000000000000003600 ) ) ;
#6898 = LINE ( 'NONE', #6897, #6896 ) ;
#6899 = CARTESIAN_POINT ( 'NONE',  ( 0.5999999999999996400, 3.849999999999999200, -0.4000000000000003600 ) ) ;
#6900 = DIRECTION ( 'NONE',  ( -1.000000000000000000, -0.0000000000000000000, -0.0000000000000000000 ) ) ;
#6901 = VECTOR ( 'NONE', #6900, 1000.000000000000000 ) ;
#6902 = CARTESIAN_POINT ( 'NONE',  ( 0.5999999999999996400, 3.849999999999999200, -0.4000000000000003600 ) ) ;
#6903 = LINE ( 'NONE', #6902, #6901 ) ;
#6904 = DIRECTION ( 'NONE',  ( 0.0000000000000000000, 0.0000000000000000000, 1.000000000000000000 ) ) ;
#6905 = DIRECTION ( 'NONE',  ( -1.000000000000000000, -0.0000000000000000000, 0.0000000000000000000 ) ) ;
#6906 = CARTESIAN_POINT ( 'NONE',  ( 0.3999999999999995800, -0.1999999999999999800, -2.799999999999999400 ) ) ;
#6907 = AXIS2_PLACEMENT_3D ( 'NONE', #6906, #6905, #6904 ) ;
#6908 = PLANE ( 'NONE',  #6907 ) ;
#6909 = FACE_OUTER_BOUND ( 'NONE', #1305, .T. ) ;
#6910 = DIRECTION ( 'NONE',  ( 0.0000000000000000000, 4.336808689942016200E-015, 1.000000000000000000 ) ) ;
#6911 = VECTOR ( 'NONE', #6910, 1000.000000000000000 ) ;
#6912 = CARTESIAN_POINT ( 'NONE',  ( 0.5999999999999996400, 5.799999999999999800, -2.999999999999999600 ) ) ;
#6913 = LINE ( 'NONE', #6912, #6911 ) ;
#6914 = CARTESIAN_POINT ( 'NONE',  ( 0.5999999999999996400, 5.800000000000000700, -2.799999999999999400 ) ) ;
#6915 = DIRECTION ( 'NONE',  ( -1.000000000000000000, -0.0000000000000000000, -0.0000000000000000000 ) ) ;
#6916 = VECTOR ( 'NONE', #6915, 1000.000000000000000 ) ;
#6917 = CARTESIAN_POINT ( 'NONE',  ( 0.5999999999999996400, 5.800000000000000700, -2.799999999999999400 ) ) ;
#6918 = LINE ( 'NONE', #6917, #6916 ) ;
#6919 = CARTESIAN_POINT ( 'NONE',  ( 0.3999999999999995800, 5.800000000000000700, -2.799999999999999400 ) ) ;
#6920 = AXIS2_PLACEMENT_3D ( 'NONE', #7456, #7451, #7450 ) ;
#6921 = DIRECTION ( 'NONE',  ( 0.0000000000000000000, 0.7071067811865454600, -0.7071067811865495700 ) ) ;
#6922 = VECTOR ( 'NONE', #6921, 1000.000000000000000 ) ;
#6923 = CARTESIAN_POINT ( 'NONE',  ( 0.5999999999999996400, 4.850000000000000500, -2.849999999999999600 ) ) ;
#6924 = LINE ( 'NONE', #6923, #6922 ) ;
#6925 = PLANE ( 'NONE',  #6920 ) ;
#6926 = DIRECTION ( 'NONE',  ( 0.0000000000000000000, 0.7071067811865460200, -0.7071067811865490200 ) ) ;
#6927 = DIRECTION ( 'NONE',  ( 0.0000000000000000000, -0.7071067811865490200, -0.7071067811865460200 ) ) ;
#6928 = CARTESIAN_POINT ( 'NONE',  ( 0.5999999999999996400, 5.300000000000000700, -2.799999999999999800 ) ) ;
#6929 = AXIS2_PLACEMENT_3D ( 'NONE', #6928, #6927, #6926 ) ;
#6930 = PLANE ( 'NONE',  #6929 ) ;
#6931 = FACE_OUTER_BOUND ( 'NONE', #1395, .T. ) ;
#6932 = DIRECTION ( 'NONE',  ( 0.0000000000000000000, 0.7071067811865454600, -0.7071067811865495700 ) ) ;
#6933 = VECTOR ( 'NONE', #6932, 1000.000000000000000 ) ;
#6934 = CARTESIAN_POINT ( 'NONE',  ( 0.3999999999999995800, 4.850000000000000500, -2.849999999999999600 ) ) ;
#6935 = LINE ( 'NONE', #6934, #6933 ) ;
#6936 = DIRECTION ( 'NONE',  ( 0.0000000000000000000, -0.7071067811865460200, 0.7071067811865490200 ) ) ;
#6937 = VECTOR ( 'NONE', #6936, 1000.000000000000100 ) ;
#6938 = CARTESIAN_POINT ( 'NONE',  ( 0.3999999999999995800, 5.300000000000000700, -2.799999999999999800 ) ) ;
#6939 = LINE ( 'NONE', #6938, #6937 ) ;
#6940 = DIRECTION ( 'NONE',  ( 0.0000000000000000000, -0.0000000000000000000, -1.000000000000000000 ) ) ;
#6941 = DIRECTION ( 'NONE',  ( 0.0000000000000000000, -1.000000000000000000, 0.0000000000000000000 ) ) ;
#6942 = CARTESIAN_POINT ( 'NONE',  ( 0.5999999999999996400, 3.849999999999999200, -0.9000000000000003600 ) ) ;
#6943 = AXIS2_PLACEMENT_3D ( 'NONE', #6942, #6941, #6940 ) ;
#6944 = PLANE ( 'NONE',  #6943 ) ;
#6945 = FACE_OUTER_BOUND ( 'NONE', #1383, .T. ) ;
#6946 = DIRECTION ( 'NONE',  ( 0.0000000000000000000, -0.7071067811865454600, 0.7071067811865495700 ) ) ;
#6947 = DIRECTION ( 'NONE',  ( -0.0000000000000000000, 0.7071067811865495700, 0.7071067811865454600 ) ) ;
#6948 = CARTESIAN_POINT ( 'NONE',  ( 0.5999999999999996400, 4.850000000000000500, -2.849999999999999600 ) ) ;
#6949 = AXIS2_PLACEMENT_3D ( 'NONE', #6948, #6947, #6946 ) ;
#6950 = PLANE ( 'NONE',  #6949 ) ;
#6951 = FACE_OUTER_BOUND ( 'NONE', #1377, .T. ) ;
#6952 = DIRECTION ( 'NONE',  ( 0.0000000000000000000, 1.000000000000000000, 1.232047923278982200E-016 ) ) ;
#6953 = DIRECTION ( 'NONE',  ( 0.0000000000000000000, 1.232047923278982200E-016, -1.000000000000000000 ) ) ;
#6954 = CARTESIAN_POINT ( 'NONE',  ( 0.5999999999999996400, 3.849999999999999200, -0.4000000000000003600 ) ) ;
#6955 = AXIS2_PLACEMENT_3D ( 'NONE', #6954, #6953, #6952 ) ;
#6956 = PLANE ( 'NONE',  #6955 ) ;
#6957 = DIRECTION ( 'NONE',  ( 0.0000000000000000000, 0.0000000000000000000, 1.000000000000000000 ) ) ;
#6958 = DIRECTION ( 'NONE',  ( -1.000000000000000000, 0.0000000000000000000, 0.0000000000000000000 ) ) ;
#6959 = CARTESIAN_POINT ( 'NONE',  ( 0.3999999999999995800, 3.849999999999998300, -2.500000000000000400 ) ) ;
#6960 = AXIS2_PLACEMENT_3D ( 'NONE', #6959, #6958, #6957 ) ;
#6961 = PLANE ( 'NONE',  #6960 ) ;
#6962 = FACE_OUTER_BOUND ( 'NONE', #1420, .T. ) ;
#6963 = DIRECTION ( 'NONE',  ( 0.0000000000000000000, 0.0000000000000000000, 1.000000000000000000 ) ) ;
#6964 = DIRECTION ( 'NONE',  ( -1.000000000000000000, 0.0000000000000000000, 0.0000000000000000000 ) ) ;
#6965 = CARTESIAN_POINT ( 'NONE',  ( 0.5999999999999996400, 3.849999999999998300, -2.500000000000000400 ) ) ;
#6966 = AXIS2_PLACEMENT_3D ( 'NONE', #6965, #6964, #6963 ) ;
#6967 = PLANE ( 'NONE',  #6966 ) ;
#6968 = FACE_OUTER_BOUND ( 'NONE', #1414, .T. ) ;
#6969 = DIRECTION ( 'NONE',  ( 0.0000000000000000000, -0.0000000000000000000, 1.000000000000000000 ) ) ;
#6970 = DIRECTION ( 'NONE',  ( -0.0000000000000000000, 1.000000000000000000, 0.0000000000000000000 ) ) ;
#6971 = CARTESIAN_POINT ( 'NONE',  ( -0.4000000000000005200, -0.6999999999999999600, -2.799999999999999800 ) ) ;
#6972 = AXIS2_PLACEMENT_3D ( 'NONE', #6971, #6970, #6969 ) ;
#6973 = PLANE ( 'NONE',  #6972 ) ;
#6974 = FACE_OUTER_BOUND ( 'NONE', #1464, .T. ) ;
#6975 = DIRECTION ( 'NONE',  ( -1.000000000000000000, -0.0000000000000000000, -0.0000000000000000000 ) ) ;
#6976 = VECTOR ( 'NONE', #6975, 1000.000000000000000 ) ;
#6977 = CARTESIAN_POINT ( 'NONE',  ( -0.4000000000000005200, -0.1999999999999999800, -2.799999999999999800 ) ) ;
#6978 = LINE ( 'NONE', #6977, #6976 ) ;
#6979 = CARTESIAN_POINT ( 'NONE',  ( -0.4000000000000005200, -0.1999999999999999800, -2.799999999999999800 ) ) ;
#6980 = DIRECTION ( 'NONE',  ( 0.0000000000000000000, -1.000000000000000000, 0.0000000000000000000 ) ) ;
#6981 = VECTOR ( 'NONE', #6980, 1000.000000000000000 ) ;
#6982 = CARTESIAN_POINT ( 'NONE',  ( -0.4000000000000005200, -0.1999999999999999800, -2.799999999999999800 ) ) ;
#6983 = LINE ( 'NONE', #6982, #6981 ) ;
#6984 = CARTESIAN_POINT ( 'NONE',  ( -0.4000000000000005200, -0.6999999999999999600, -2.799999999999999800 ) ) ;
#6985 = DIRECTION ( 'NONE',  ( -1.000000000000000000, -0.0000000000000000000, -0.0000000000000000000 ) ) ;
#6986 = VECTOR ( 'NONE', #6985, 1000.000000000000000 ) ;
#6987 = CARTESIAN_POINT ( 'NONE',  ( -0.4000000000000005200, -0.6999999999999999600, -2.799999999999999800 ) ) ;
#6988 = LINE ( 'NONE', #6987, #6986 ) ;
#6989 = CARTESIAN_POINT ( 'NONE',  ( -0.6000000000000005300, -0.6999999999999999600, -2.799999999999999800 ) ) ;
#6990 = DIRECTION ( 'NONE',  ( -1.000000000000000000, -0.0000000000000000000, 0.0000000000000000000 ) ) ;
#6991 = CARTESIAN_POINT ( 'NONE',  ( -0.4000000000000005200, -0.1999999999999999800, -2.799999999999999800 ) ) ;
#6992 = AXIS2_PLACEMENT_3D ( 'NONE', #6991, #6990, #7054 ) ;
#6993 = PLANE ( 'NONE',  #6992 ) ;
#6994 = FACE_OUTER_BOUND ( 'NONE', #1445, .T. ) ;
#6995 = CARTESIAN_POINT ( 'NONE',  ( 0.3999999999999995800, 3.849999999999999200, -0.4000000000000003600 ) ) ;
#6996 = CARTESIAN_POINT ( 'NONE',  ( 0.3999999999999995800, 3.849999999999999200, -0.9000000000000003600 ) ) ;
#6997 = DIRECTION ( 'NONE',  ( 0.0000000000000000000, 0.0000000000000000000, 1.000000000000000000 ) ) ;
#6998 = VECTOR ( 'NONE', #6997, 1000.000000000000000 ) ;
#6999 = CARTESIAN_POINT ( 'NONE',  ( 0.3999999999999995800, 3.849999999999999200, -0.9000000000000003600 ) ) ;
#7000 = LINE ( 'NONE', #6999, #6998 ) ;
#7001 = DIRECTION ( 'NONE',  ( 0.0000000000000000000, 1.000000000000000000, 0.0000000000000000000 ) ) ;
#7002 = VECTOR ( 'NONE', #7001, 1000.000000000000000 ) ;
#7003 = CARTESIAN_POINT ( 'NONE',  ( 0.5999999999999996400, 2.099999999999999600, -0.9000000000000003600 ) ) ;
#7004 = LINE ( 'NONE', #7003, #7002 ) ;
#7005 = DIRECTION ( 'NONE',  ( 0.0000000000000000000, 1.000000000000000000, 0.0000000000000000000 ) ) ;
#7006 = VECTOR ( 'NONE', #7005, 1000.000000000000000 ) ;
#7007 = CARTESIAN_POINT ( 'NONE',  ( 0.3999999999999995800, 2.099999999999999600, -0.9000000000000003600 ) ) ;
#7008 = LINE ( 'NONE', #7007, #7006 ) ;
#7009 = DIRECTION ( 'NONE',  ( 1.000000000000000000, 0.0000000000000000000, -0.0000000000000000000 ) ) ;
#7010 = DIRECTION ( 'NONE',  ( 0.0000000000000000000, 0.0000000000000000000, 1.000000000000000000 ) ) ;
#7011 = CARTESIAN_POINT ( 'NONE',  ( 0.5999999999999996400, 2.099999999999999600, -0.9000000000000003600 ) ) ;
#7012 = AXIS2_PLACEMENT_3D ( 'NONE', #7011, #7010, #7009 ) ;
#7013 = PLANE ( 'NONE',  #7012 ) ;
#7014 = FACE_OUTER_BOUND ( 'NONE', #1432, .T. ) ;
#7015 = DIRECTION ( 'NONE',  ( 0.0000000000000000000, -1.000000000000000000, -1.232047923278982200E-016 ) ) ;
#7016 = VECTOR ( 'NONE', #7015, 1000.000000000000000 ) ;
#7017 = CARTESIAN_POINT ( 'NONE',  ( 0.3999999999999995800, 3.849999999999999200, -0.4000000000000003600 ) ) ;
#7018 = LINE ( 'NONE', #7017, #7016 ) ;
#7019 = DIRECTION ( 'NONE',  ( 0.0000000000000000000, -1.000000000000000000, -1.232047923278982200E-016 ) ) ;
#7020 = VECTOR ( 'NONE', #7019, 1000.000000000000000 ) ;
#7021 = CARTESIAN_POINT ( 'NONE',  ( 0.5999999999999996400, 3.849999999999999200, -0.4000000000000003600 ) ) ;
#7022 = LINE ( 'NONE', #7021, #7020 ) ;
#7023 = DIRECTION ( 'NONE',  ( 0.0000000000000000000, 0.0000000000000000000, -1.000000000000000000 ) ) ;
#7024 = VECTOR ( 'NONE', #7023, 1000.000000000000000 ) ;
#7025 = CARTESIAN_POINT ( 'NONE',  ( -0.6000000000000005300, -0.6999999999999999600, -2.799999999999999800 ) ) ;
#7026 = LINE ( 'NONE', #7025, #7024 ) ;
#7027 = DIRECTION ( 'NONE',  ( -0.0000000000000000000, 0.7071067811865510100, 0.7071067811865441300 ) ) ;
#7028 = VECTOR ( 'NONE', #7027, 1000.000000000000000 ) ;
#7029 = CARTESIAN_POINT ( 'NONE',  ( -0.6000000000000005300, 0.2500000000000014400, -2.850000000000000100 ) ) ;
#7030 = LINE ( 'NONE', #7029, #7028 ) ;
#7031 = DIRECTION ( 'NONE',  ( 0.0000000000000000000, 0.0000000000000000000, 1.000000000000000000 ) ) ;
#7032 = DIRECTION ( 'NONE',  ( -1.000000000000000000, -0.0000000000000000000, 0.0000000000000000000 ) ) ;
#7033 = CARTESIAN_POINT ( 'NONE',  ( -0.6000000000000005300, -0.1999999999999999800, -2.799999999999999800 ) ) ;
#7034 = AXIS2_PLACEMENT_3D ( 'NONE', #7033, #7032, #7031 ) ;
#7035 = PLANE ( 'NONE',  #7034 ) ;
#7036 = FACE_OUTER_BOUND ( 'NONE', #1459, .T. ) ;
#7037 = DIRECTION ( 'NONE',  ( 0.0000000000000000000, 1.000000000000000000, 0.0000000000000000000 ) ) ;
#7038 = VECTOR ( 'NONE', #7037, 1000.000000000000000 ) ;
#7039 = CARTESIAN_POINT ( 'NONE',  ( -0.4000000000000005200, -0.6999999999999999600, -3.000000000000000000 ) ) ;
#7040 = LINE ( 'NONE', #7039, #7038 ) ;
#7041 = CARTESIAN_POINT ( 'NONE',  ( -0.4000000000000005200, 0.1000000000000000500, -3.000000000000000000 ) ) ;
#7042 = DIRECTION ( 'NONE',  ( -1.000000000000000000, -0.0000000000000000000, -0.0000000000000000000 ) ) ;
#7043 = VECTOR ( 'NONE', #7042, 1000.000000000000000 ) ;
#7044 = CARTESIAN_POINT ( 'NONE',  ( -0.4000000000000005200, 0.1000000000000000500, -3.000000000000000000 ) ) ;
#7045 = LINE ( 'NONE', #7044, #7043 ) ;
#7046 = DIRECTION ( 'NONE',  ( 0.0000000000000000000, -0.7071067811865462400, -0.7071067811865489100 ) ) ;
#7047 = VECTOR ( 'NONE', #7046, 1000.000000000000000 ) ;
#7048 = CARTESIAN_POINT ( 'NONE',  ( -0.4000000000000005200, 0.09999999999999917300, -2.499999999999999600 ) ) ;
#7049 = LINE ( 'NONE', #7048, #7047 ) ;
#7050 = DIRECTION ( 'NONE',  ( -0.0000000000000000000, 0.7071067811865510100, 0.7071067811865441300 ) ) ;
#7051 = VECTOR ( 'NONE', #7050, 1000.000000000000000 ) ;
#7052 = CARTESIAN_POINT ( 'NONE',  ( -0.4000000000000005200, 0.2500000000000014400, -2.850000000000000100 ) ) ;
#7053 = LINE ( 'NONE', #7052, #7051 ) ;
#7054 = DIRECTION ( 'NONE',  ( 0.0000000000000000000, 0.0000000000000000000, 1.000000000000000000 ) ) ;
#7055 = CARTESIAN_POINT ( 'NONE',  ( -0.6000000000000005300, -0.1999999999999999800, -2.799999999999999800 ) ) ;
#7056 = DIRECTION ( 'NONE',  ( 0.0000000000000000000, -1.000000000000000000, 0.0000000000000000000 ) ) ;
#7057 = VECTOR ( 'NONE', #7056, 1000.000000000000000 ) ;
#7058 = CARTESIAN_POINT ( 'NONE',  ( -0.6000000000000005300, -0.1999999999999999800, -2.799999999999999800 ) ) ;
#7059 = LINE ( 'NONE', #7058, #7057 ) ;
#7060 = DIRECTION ( 'NONE',  ( -1.000000000000000000, 0.0000000000000000000, -0.0000000000000000000 ) ) ;
#7061 = DIRECTION ( 'NONE',  ( 0.0000000000000000000, 0.0000000000000000000, -1.000000000000000000 ) ) ;
#7062 = CARTESIAN_POINT ( 'NONE',  ( -0.4000000000000005200, -0.1999999999999999800, -2.799999999999999800 ) ) ;
#7063 = AXIS2_PLACEMENT_3D ( 'NONE', #7062, #7061, #7060 ) ;
#7064 = PLANE ( 'NONE',  #7063 ) ;
#7065 = FACE_OUTER_BOUND ( 'NONE', #1425, .T. ) ;
#7066 = CARTESIAN_POINT ( 'NONE',  ( -0.6000000000000005300, 0.1000000000000000500, -3.000000000000000000 ) ) ;
#7067 = DIRECTION ( 'NONE',  ( 0.0000000000000000000, 1.000000000000000000, 0.0000000000000000000 ) ) ;
#7068 = VECTOR ( 'NONE', #7067, 1000.000000000000000 ) ;
#7069 = CARTESIAN_POINT ( 'NONE',  ( -0.6000000000000005300, -0.6999999999999999600, -3.000000000000000000 ) ) ;
#7070 = LINE ( 'NONE', #7069, #7068 ) ;
#7071 = DIRECTION ( 'NONE',  ( 1.000000000000000000, 0.0000000000000000000, -0.0000000000000000000 ) ) ;
#7072 = DIRECTION ( 'NONE',  ( 0.0000000000000000000, 0.0000000000000000000, 1.000000000000000000 ) ) ;
#7073 = CARTESIAN_POINT ( 'NONE',  ( -0.4000000000000005200, -0.6999999999999999600, -3.000000000000000000 ) ) ;
#7074 = AXIS2_PLACEMENT_3D ( 'NONE', #7073, #7072, #7071 ) ;
#7075 = PLANE ( 'NONE',  #7074 ) ;
#7076 = FACE_OUTER_BOUND ( 'NONE', #1475, .T. ) ;
#7077 = DIRECTION ( 'NONE',  ( 0.0000000000000000000, 0.0000000000000000000, -1.000000000000000000 ) ) ;
#7078 = VECTOR ( 'NONE', #7077, 1000.000000000000000 ) ;
#7079 = CARTESIAN_POINT ( 'NONE',  ( -0.4000000000000005200, -0.6999999999999999600, -2.799999999999999800 ) ) ;
#7080 = LINE ( 'NONE', #7079, #7078 ) ;
#7081 = CARTESIAN_POINT ( 'NONE',  ( -0.4000000000000005200, -0.6999999999999999600, -3.000000000000000000 ) ) ;
#7082 = DIRECTION ( 'NONE',  ( -1.000000000000000000, -0.0000000000000000000, -0.0000000000000000000 ) ) ;
#7083 = VECTOR ( 'NONE', #7082, 1000.000000000000000 ) ;
#7084 = CARTESIAN_POINT ( 'NONE',  ( -0.4000000000000005200, -0.6999999999999999600, -3.000000000000000000 ) ) ;
#7085 = LINE ( 'NONE', #7084, #7083 ) ;
#7086 = CARTESIAN_POINT ( 'NONE',  ( -0.6000000000000005300, -0.6999999999999999600, -3.000000000000000000 ) ) ;
#7087 = VECTOR ( 'NONE', #7153, 1000.000000000000000 ) ;
#7088 = CARTESIAN_POINT ( 'NONE',  ( -0.4000000000000005200, 3.849999999999999200, 0.3999999999999997400 ) ) ;
#7089 = LINE ( 'NONE', #7088, #7087 ) ;
#7090 = CARTESIAN_POINT ( 'NONE',  ( -0.6000000000000005300, 3.849999999999999200, 0.3999999999999997400 ) ) ;
#7091 = DIRECTION ( 'NONE',  ( 0.0000000000000000000, 1.000000000000000000, -1.642730564371976600E-017 ) ) ;
#7092 = VECTOR ( 'NONE', #7091, 1000.000000000000000 ) ;
#7093 = CARTESIAN_POINT ( 'NONE',  ( -0.6000000000000005300, 0.5499999999999992700, 0.3999999999999998000 ) ) ;
#7094 = LINE ( 'NONE', #7093, #7092 ) ;
#7095 = DIRECTION ( 'NONE',  ( 0.0000000000000000000, -1.000000000000000000, 1.642730564371976600E-017 ) ) ;
#7096 = DIRECTION ( 'NONE',  ( -0.0000000000000000000, 1.642730564371976600E-017, 1.000000000000000000 ) ) ;
#7097 = CARTESIAN_POINT ( 'NONE',  ( -0.4000000000000005200, 0.5499999999999992700, 0.3999999999999998000 ) ) ;
#7098 = AXIS2_PLACEMENT_3D ( 'NONE', #7097, #7096, #7095 ) ;
#7099 = PLANE ( 'NONE',  #7098 ) ;
#7100 = FACE_OUTER_BOUND ( 'NONE', #1499, .T. ) ;
#7101 = DIRECTION ( 'NONE',  ( 0.0000000000000000000, 1.000000000000000000, 1.156482317317871500E-016 ) ) ;
#7102 = DIRECTION ( 'NONE',  ( 0.0000000000000000000, 1.156482317317871500E-016, -1.000000000000000000 ) ) ;
#7103 = CARTESIAN_POINT ( 'NONE',  ( -0.4000000000000005200, 3.849999999999999200, 0.9000000000000000200 ) ) ;
#7104 = AXIS2_PLACEMENT_3D ( 'NONE', #7103, #7102, #7101 ) ;
#7105 = PLANE ( 'NONE',  #7104 ) ;
#7106 = FACE_OUTER_BOUND ( 'NONE', #1493, .T. ) ;
#7107 = DIRECTION ( 'NONE',  ( -0.0000000000000000000, -0.0000000000000000000, 1.000000000000000000 ) ) ;
#7108 = VECTOR ( 'NONE', #7107, 1000.000000000000000 ) ;
#7109 = CARTESIAN_POINT ( 'NONE',  ( -0.4000000000000005200, 3.849999999999999200, 0.9000000000000000200 ) ) ;
#7110 = LINE ( 'NONE', #7109, #7108 ) ;
#7111 = CARTESIAN_POINT ( 'NONE',  ( -0.4000000000000005200, 3.849999999999999200, 0.9000000000000000200 ) ) ;
#7112 = DIRECTION ( 'NONE',  ( -1.000000000000000000, -0.0000000000000000000, -0.0000000000000000000 ) ) ;
#7113 = VECTOR ( 'NONE', #7112, 1000.000000000000000 ) ;
#7114 = CARTESIAN_POINT ( 'NONE',  ( -0.4000000000000005200, 3.849999999999999200, 0.9000000000000000200 ) ) ;
#7115 = LINE ( 'NONE', #7114, #7113 ) ;
#7116 = CARTESIAN_POINT ( 'NONE',  ( -0.6000000000000005300, 3.849999999999999200, 0.9000000000000000200 ) ) ;
#7117 = DIRECTION ( 'NONE',  ( -0.0000000000000000000, -0.0000000000000000000, 1.000000000000000000 ) ) ;
#7118 = VECTOR ( 'NONE', #7117, 1000.000000000000000 ) ;
#7119 = CARTESIAN_POINT ( 'NONE',  ( -0.6000000000000005300, 3.849999999999999200, 0.9000000000000000200 ) ) ;
#7120 = LINE ( 'NONE', #7119, #7118 ) ;
#7121 = CARTESIAN_POINT ( 'NONE',  ( -0.6000000000000005300, 5.800000000000000700, -2.799999999999999800 ) ) ;
#7122 = DIRECTION ( 'NONE',  ( 0.0000000000000000000, 4.336808689942016200E-015, 1.000000000000000000 ) ) ;
#7123 = VECTOR ( 'NONE', #7122, 1000.000000000000000 ) ;
#7124 = CARTESIAN_POINT ( 'NONE',  ( -0.6000000000000005300, 5.799999999999999800, -3.000000000000000000 ) ) ;
#7125 = LINE ( 'NONE', #7124, #7123 ) ;
#7126 = DIRECTION ( 'NONE',  ( 0.0000000000000000000, -4.336808689942016200E-015, -1.000000000000000000 ) ) ;
#7127 = DIRECTION ( 'NONE',  ( 0.0000000000000000000, -1.000000000000000000, 4.336808689942016200E-015 ) ) ;
#7128 = CARTESIAN_POINT ( 'NONE',  ( -0.4000000000000005200, 5.799999999999999800, -3.000000000000000000 ) ) ;
#7129 = AXIS2_PLACEMENT_3D ( 'NONE', #7128, #7127, #7126 ) ;
#7130 = PLANE ( 'NONE',  #7129 ) ;
#7131 = FACE_OUTER_BOUND ( 'NONE', #1526, .T. ) ;
#7132 = DIRECTION ( 'NONE',  ( -1.000000000000000000, -0.0000000000000000000, -0.0000000000000000000 ) ) ;
#7133 = VECTOR ( 'NONE', #7132, 1000.000000000000000 ) ;
#7134 = CARTESIAN_POINT ( 'NONE',  ( -0.4000000000000005200, 4.999999999999999100, -3.000000000000000000 ) ) ;
#7135 = LINE ( 'NONE', #7134, #7133 ) ;
#7136 = DIRECTION ( 'NONE',  ( 0.0000000000000000000, -0.7071067811865462400, -0.7071067811865489100 ) ) ;
#7137 = VECTOR ( 'NONE', #7136, 1000.000000000000000 ) ;
#7138 = CARTESIAN_POINT ( 'NONE',  ( -0.6000000000000005300, 0.09999999999999917300, -2.499999999999999600 ) ) ;
#7139 = LINE ( 'NONE', #7138, #7137 ) ;
#7140 = DIRECTION ( 'NONE',  ( 0.0000000000000000000, -0.7071067811865510100, -0.7071067811865441300 ) ) ;
#7141 = DIRECTION ( 'NONE',  ( 0.0000000000000000000, -0.7071067811865441300, 0.7071067811865510100 ) ) ;
#7142 = CARTESIAN_POINT ( 'NONE',  ( -0.4000000000000005200, 0.2500000000000014400, -2.850000000000000100 ) ) ;
#7143 = AXIS2_PLACEMENT_3D ( 'NONE', #7142, #7141, #7140 ) ;
#7144 = PLANE ( 'NONE',  #7143 ) ;
#7145 = FACE_OUTER_BOUND ( 'NONE', #1518, .T. ) ;
#7146 = DIRECTION ( 'NONE',  ( 0.0000000000000000000, 0.7071067811865462400, 0.7071067811865489100 ) ) ;
#7147 = DIRECTION ( 'NONE',  ( 0.0000000000000000000, 0.7071067811865489100, -0.7071067811865462400 ) ) ;
#7148 = CARTESIAN_POINT ( 'NONE',  ( -0.4000000000000005200, 0.09999999999999917300, -2.499999999999999600 ) ) ;
#7149 = AXIS2_PLACEMENT_3D ( 'NONE', #7148, #7147, #7146 ) ;
#7150 = PLANE ( 'NONE',  #7149 ) ;
#7151 = FACE_OUTER_BOUND ( 'NONE', #1512, .T. ) ;
#7152 = CARTESIAN_POINT ( 'NONE',  ( -0.4000000000000005200, 3.849999999999999200, 0.3999999999999997400 ) ) ;
#7153 = DIRECTION ( 'NONE',  ( -1.000000000000000000, -0.0000000000000000000, -0.0000000000000000000 ) ) ;
#7154 = CARTESIAN_POINT ( 'NONE',  ( -0.6000000000000005300, 3.849999999999999200, 0.9000000000000000200 ) ) ;
#7155 = LINE ( 'NONE', #7154, #7219 ) ;
#7156 = DIRECTION ( 'NONE',  ( 0.0000000000000000000, -1.000000000000000000, -1.156482317317871500E-016 ) ) ;
#7157 = VECTOR ( 'NONE', #7156, 1000.000000000000000 ) ;
#7158 = CARTESIAN_POINT ( 'NONE',  ( -0.4000000000000005200, 3.849999999999999200, 0.9000000000000000200 ) ) ;
#7159 = LINE ( 'NONE', #7158, #7157 ) ;
#7160 = DIRECTION ( 'NONE',  ( -1.000000000000000000, -0.0000000000000000000, -0.0000000000000000000 ) ) ;
#7161 = VECTOR ( 'NONE', #7160, 1000.000000000000000 ) ;
#7162 = CARTESIAN_POINT ( 'NONE',  ( -0.4000000000000005200, 5.799999999999999800, -3.000000000000000000 ) ) ;
#7163 = LINE ( 'NONE', #7162, #7161 ) ;
#7164 = CARTESIAN_POINT ( 'NONE',  ( -0.6000000000000005300, 5.799999999999999800, -3.000000000000000000 ) ) ;
#7165 = CARTESIAN_POINT ( 'NONE',  ( -0.6000000000000005300, 4.999999999999999100, -3.000000000000000000 ) ) ;
#7166 = DIRECTION ( 'NONE',  ( 0.0000000000000000000, 1.000000000000000000, 0.0000000000000000000 ) ) ;
#7167 = VECTOR ( 'NONE', #7166, 1000.000000000000000 ) ;
#7168 = CARTESIAN_POINT ( 'NONE',  ( -0.6000000000000005300, 4.999999999999999100, -3.000000000000000000 ) ) ;
#7169 = LINE ( 'NONE', #7168, #7167 ) ;
#7170 = DIRECTION ( 'NONE',  ( 1.000000000000000000, 0.0000000000000000000, -0.0000000000000000000 ) ) ;
#7171 = DIRECTION ( 'NONE',  ( 0.0000000000000000000, 0.0000000000000000000, 1.000000000000000000 ) ) ;
#7172 = CARTESIAN_POINT ( 'NONE',  ( -0.4000000000000005200, 4.999999999999999100, -3.000000000000000000 ) ) ;
#7173 = AXIS2_PLACEMENT_3D ( 'NONE', #7172, #7171, #7170 ) ;
#7174 = PLANE ( 'NONE',  #7173 ) ;
#7175 = FACE_OUTER_BOUND ( 'NONE', #1541, .T. ) ;
#7176 = DIRECTION ( 'NONE',  ( 0.0000000000000000000, 0.0000000000000000000, 1.000000000000000000 ) ) ;
#7177 = DIRECTION ( 'NONE',  ( -1.000000000000000000, -0.0000000000000000000, 0.0000000000000000000 ) ) ;
#7178 = CARTESIAN_POINT ( 'NONE',  ( -0.6000000000000005300, -0.1999999999999999800, -2.799999999999999800 ) ) ;
#7179 = AXIS2_PLACEMENT_3D ( 'NONE', #7178, #7177, #7176 ) ;
#7180 = PLANE ( 'NONE',  #7179 ) ;
#7181 = FACE_OUTER_BOUND ( 'NONE', #1535, .T. ) ;
#7182 = CARTESIAN_POINT ( 'NONE',  ( -0.4000000000000005200, 5.800000000000000700, -2.799999999999999800 ) ) ;
#7183 = DIRECTION ( 'NONE',  ( -1.000000000000000000, -0.0000000000000000000, -0.0000000000000000000 ) ) ;
#7184 = VECTOR ( 'NONE', #7183, 1000.000000000000000 ) ;
#7185 = CARTESIAN_POINT ( 'NONE',  ( -0.4000000000000005200, 5.800000000000000700, -2.799999999999999800 ) ) ;
#7186 = LINE ( 'NONE', #7185, #7184 ) ;
#7187 = FACE_OUTER_BOUND ( 'NONE', #1573, .T. ) ;
#7188 = DIRECTION ( 'NONE',  ( 0.0000000000000000000, 0.7071067811865460200, -0.7071067811865490200 ) ) ;
#7189 = DIRECTION ( 'NONE',  ( 0.0000000000000000000, -0.7071067811865490200, -0.7071067811865460200 ) ) ;
#7190 = CARTESIAN_POINT ( 'NONE',  ( -0.4000000000000005200, 5.300000000000000700, -2.800000000000000300 ) ) ;
#7191 = AXIS2_PLACEMENT_3D ( 'NONE', #7190, #7189, #7188 ) ;
#7192 = PLANE ( 'NONE',  #7191 ) ;
#7193 = FACE_OUTER_BOUND ( 'NONE', #1571, .T. ) ;
#7194 = DIRECTION ( 'NONE',  ( 0.0000000000000000000, 0.7071067811865454600, -0.7071067811865495700 ) ) ;
#7195 = VECTOR ( 'NONE', #7194, 1000.000000000000000 ) ;
#7196 = CARTESIAN_POINT ( 'NONE',  ( -0.6000000000000005300, 4.850000000000000500, -2.850000000000000100 ) ) ;
#7197 = LINE ( 'NONE', #7196, #7195 ) ;
#7198 = DIRECTION ( 'NONE',  ( 0.0000000000000000000, -0.7071067811865460200, 0.7071067811865490200 ) ) ;
#7199 = VECTOR ( 'NONE', #7198, 1000.000000000000100 ) ;
#7200 = CARTESIAN_POINT ( 'NONE',  ( -0.6000000000000005300, 5.300000000000000700, -2.800000000000000300 ) ) ;
#7201 = LINE ( 'NONE', #7200, #7199 ) ;
#7202 = DIRECTION ( 'NONE',  ( 0.0000000000000000000, -0.0000000000000000000, -1.000000000000000000 ) ) ;
#7203 = DIRECTION ( 'NONE',  ( 0.0000000000000000000, -1.000000000000000000, 0.0000000000000000000 ) ) ;
#7204 = CARTESIAN_POINT ( 'NONE',  ( -0.4000000000000005200, 3.849999999999999200, 0.9000000000000000200 ) ) ;
#7205 = AXIS2_PLACEMENT_3D ( 'NONE', #7204, #7203, #7202 ) ;
#7206 = PLANE ( 'NONE',  #7205 ) ;
#7207 = FACE_OUTER_BOUND ( 'NONE', #1507, .T. ) ;
#7208 = DIRECTION ( 'NONE',  ( 0.0000000000000000000, 1.000000000000000000, -1.642730564371976600E-017 ) ) ;
#7209 = VECTOR ( 'NONE', #7208, 1000.000000000000000 ) ;
#7210 = CARTESIAN_POINT ( 'NONE',  ( -0.4000000000000005200, 0.5499999999999992700, 0.3999999999999998000 ) ) ;
#7211 = LINE ( 'NONE', #7210, #7209 ) ;
#7212 = DIRECTION ( 'NONE',  ( 0.0000000000000000000, 0.0000000000000000000, 1.000000000000000000 ) ) ;
#7213 = DIRECTION ( 'NONE',  ( -1.000000000000000000, -0.0000000000000000000, 0.0000000000000000000 ) ) ;
#7214 = CARTESIAN_POINT ( 'NONE',  ( -0.4000000000000005200, -0.1999999999999999800, -2.799999999999999800 ) ) ;
#7215 = AXIS2_PLACEMENT_3D ( 'NONE', #7214, #7213, #7212 ) ;
#7216 = PLANE ( 'NONE',  #7215 ) ;
#7217 = FACE_OUTER_BOUND ( 'NONE', #1555, .T. ) ;
#7218 = DIRECTION ( 'NONE',  ( 0.0000000000000000000, -1.000000000000000000, -1.156482317317871500E-016 ) ) ;
#7219 = VECTOR ( 'NONE', #7218, 1000.000000000000000 ) ;
#7220 = CARTESIAN_POINT ( 'NONE',  ( -0.6000000000000005300, 5.300000000000000700, -2.800000000000000300 ) ) ;
#7221 = DIRECTION ( 'NONE',  ( 0.0000000000000000000, -1.000000000000000000, -8.673617379884042400E-016 ) ) ;
#7222 = VECTOR ( 'NONE', #7221, 1000.000000000000000 ) ;
#7223 = CARTESIAN_POINT ( 'NONE',  ( -0.6000000000000005300, 5.800000000000000700, -2.799999999999999800 ) ) ;
#7224 = LINE ( 'NONE', #7223, #7222 ) ;
#7225 = DIRECTION ( 'NONE',  ( 0.0000000000000000000, 1.000000000000000000, 8.673617379884043400E-016 ) ) ;
#7226 = DIRECTION ( 'NONE',  ( 0.0000000000000000000, 8.673617379884043400E-016, -1.000000000000000000 ) ) ;
#7227 = CARTESIAN_POINT ( 'NONE',  ( -0.4000000000000005200, 5.800000000000000700, -2.799999999999999800 ) ) ;
#7228 = AXIS2_PLACEMENT_3D ( 'NONE', #7227, #7226, #7225 ) ;
#7229 = PLANE ( 'NONE',  #7228 ) ;
#7230 = FACE_OUTER_BOUND ( 'NONE', #1589, .T. ) ;
#7231 = DIRECTION ( 'NONE',  ( 0.0000000000000000000, 4.336808689942016200E-015, 1.000000000000000000 ) ) ;
#7232 = VECTOR ( 'NONE', #7231, 1000.000000000000000 ) ;
#7233 = CARTESIAN_POINT ( 'NONE',  ( -0.4000000000000005200, 5.799999999999999800, -3.000000000000000000 ) ) ;
#7234 = LINE ( 'NONE', #7233, #7232 ) ;
#7235 = DIRECTION ( 'NONE',  ( 0.0000000000000000000, 0.0000000000000000000, 1.000000000000000000 ) ) ;
#7236 = DIRECTION ( 'NONE',  ( -1.000000000000000000, 0.0000000000000000000, 0.0000000000000000000 ) ) ;
#7237 = CARTESIAN_POINT ( 'NONE',  ( -0.6000000000000005300, 3.849999999999998300, -2.500000000000000900 ) ) ;
#7238 = AXIS2_PLACEMENT_3D ( 'NONE', #7237, #7236, #7235 ) ;
#7239 = PLANE ( 'NONE',  #7238 ) ;
#7240 = FACE_OUTER_BOUND ( 'NONE', #1584, .T. ) ;
#7241 = DIRECTION ( 'NONE',  ( 0.0000000000000000000, -0.7071067811865460200, 0.7071067811865490200 ) ) ;
#7242 = VECTOR ( 'NONE', #7241, 1000.000000000000100 ) ;
#7243 = CARTESIAN_POINT ( 'NONE',  ( -0.4000000000000005200, 5.300000000000000700, -2.800000000000000300 ) ) ;
#7244 = LINE ( 'NONE', #7243, #7242 ) ;
#7245 = DIRECTION ( 'NONE',  ( 0.0000000000000000000, 0.7071067811865454600, -0.7071067811865495700 ) ) ;
#7246 = VECTOR ( 'NONE', #7245, 1000.000000000000000 ) ;
#7247 = CARTESIAN_POINT ( 'NONE',  ( -0.4000000000000005200, 4.850000000000000500, -2.850000000000000100 ) ) ;
#7248 = LINE ( 'NONE', #7247, #7246 ) ;
#7249 = LINE ( 'NONE', #7316, #7315 ) ;
#7250 = DIRECTION ( 'NONE',  ( 0.0000000000000000000, 1.000000000000000000, 0.0000000000000000000 ) ) ;
#7251 = VECTOR ( 'NONE', #7250, 1000.000000000000000 ) ;
#7252 = CARTESIAN_POINT ( 'NONE',  ( -0.6000000000000005300, 2.099999999999999600, -0.9000000000000003600 ) ) ;
#7253 = LINE ( 'NONE', #7252, #7251 ) ;
#7254 = DIRECTION ( 'NONE',  ( 1.000000000000000000, 0.0000000000000000000, -0.0000000000000000000 ) ) ;
#7255 = DIRECTION ( 'NONE',  ( 0.0000000000000000000, 0.0000000000000000000, 1.000000000000000000 ) ) ;
#7256 = CARTESIAN_POINT ( 'NONE',  ( -0.4000000000000005200, 2.099999999999999600, -0.9000000000000003600 ) ) ;
#7257 = AXIS2_PLACEMENT_3D ( 'NONE', #7256, #7255, #7254 ) ;
#7258 = PLANE ( 'NONE',  #7257 ) ;
#7259 = FACE_OUTER_BOUND ( 'NONE', #1609, .T. ) ;
#7260 = DIRECTION ( 'NONE',  ( 0.0000000000000000000, -1.000000000000000000, -1.232047923278982200E-016 ) ) ;
#7261 = VECTOR ( 'NONE', #7260, 1000.000000000000000 ) ;
#7262 = CARTESIAN_POINT ( 'NONE',  ( -0.6000000000000005300, 3.849999999999999200, -0.4000000000000003600 ) ) ;
#7263 = LINE ( 'NONE', #7262, #7261 ) ;
#7264 = DIRECTION ( 'NONE',  ( 0.0000000000000000000, -1.000000000000000000, -1.232047923278982200E-016 ) ) ;
#7265 = VECTOR ( 'NONE', #7264, 1000.000000000000000 ) ;
#7266 = CARTESIAN_POINT ( 'NONE',  ( -0.4000000000000005200, 3.849999999999999200, -0.4000000000000003600 ) ) ;
#7267 = LINE ( 'NONE', #7266, #7265 ) ;
#7268 = CARTESIAN_POINT ( 'NONE',  ( -0.4000000000000005200, 4.999999999999999100, -3.000000000000000000 ) ) ;
#7269 = DIRECTION ( 'NONE',  ( 0.0000000000000000000, 1.000000000000000000, 0.0000000000000000000 ) ) ;
#7270 = VECTOR ( 'NONE', #7269, 1000.000000000000000 ) ;
#7271 = CARTESIAN_POINT ( 'NONE',  ( -0.4000000000000005200, 4.999999999999999100, -3.000000000000000000 ) ) ;
#7272 = LINE ( 'NONE', #7271, #7270 ) ;
#7273 = CARTESIAN_POINT ( 'NONE',  ( -0.4000000000000005200, 5.799999999999999800, -3.000000000000000000 ) ) ;
#7274 = DIRECTION ( 'NONE',  ( 0.0000000000000000000, -1.000000000000000000, -8.673617379884042400E-016 ) ) ;
#7275 = VECTOR ( 'NONE', #7274, 1000.000000000000000 ) ;
#7276 = CARTESIAN_POINT ( 'NONE',  ( -0.4000000000000005200, 5.800000000000000700, -2.799999999999999800 ) ) ;
#7277 = LINE ( 'NONE', #7276, #7275 ) ;
#7278 = CARTESIAN_POINT ( 'NONE',  ( -0.4000000000000005200, 5.300000000000000700, -2.800000000000000300 ) ) ;
#7279 = DIRECTION ( 'NONE',  ( -1.000000000000000000, -0.0000000000000000000, -0.0000000000000000000 ) ) ;
#7280 = VECTOR ( 'NONE', #7279, 1000.000000000000000 ) ;
#7281 = CARTESIAN_POINT ( 'NONE',  ( -0.4000000000000005200, 5.300000000000000700, -2.800000000000000300 ) ) ;
#7282 = LINE ( 'NONE', #7281, #7280 ) ;
#7283 = CARTESIAN_POINT ( 'NONE',  ( -0.4000000000000005200, 4.850000000000000500, -2.850000000000000100 ) ) ;
#7284 = AXIS2_PLACEMENT_3D ( 'NONE', #7283, #7349, #7348 ) ;
#7285 = PLANE ( 'NONE',  #7284 ) ;
#7286 = FACE_OUTER_BOUND ( 'NONE', #1641, .T. ) ;
#7287 = FACE_OUTER_BOUND ( 'NONE', #1635, .T. ) ;
#7288 = DIRECTION ( 'NONE',  ( 0.0000000000000000000, 1.000000000000000000, 1.232047923278982200E-016 ) ) ;
#7289 = DIRECTION ( 'NONE',  ( 0.0000000000000000000, 1.232047923278982200E-016, -1.000000000000000000 ) ) ;
#7290 = CARTESIAN_POINT ( 'NONE',  ( -0.4000000000000005200, 3.849999999999999200, -0.4000000000000003600 ) ) ;
#7291 = AXIS2_PLACEMENT_3D ( 'NONE', #7290, #7289, #7288 ) ;
#7292 = PLANE ( 'NONE',  #7291 ) ;
#7293 = FACE_OUTER_BOUND ( 'NONE', #1628, .T. ) ;
#7294 = DIRECTION ( 'NONE',  ( -1.000000000000000000, -0.0000000000000000000, -0.0000000000000000000 ) ) ;
#7295 = VECTOR ( 'NONE', #7294, 1000.000000000000000 ) ;
#7296 = CARTESIAN_POINT ( 'NONE',  ( -0.4000000000000005200, 3.849999999999999200, -0.9000000000000003600 ) ) ;
#7297 = LINE ( 'NONE', #7296, #7295 ) ;
#7298 = CARTESIAN_POINT ( 'NONE',  ( -0.4000000000000005200, 3.849999999999999200, -0.9000000000000003600 ) ) ;
#7299 = DIRECTION ( 'NONE',  ( 0.0000000000000000000, 0.0000000000000000000, 1.000000000000000000 ) ) ;
#7300 = VECTOR ( 'NONE', #7299, 1000.000000000000000 ) ;
#7301 = CARTESIAN_POINT ( 'NONE',  ( -0.4000000000000005200, 3.849999999999999200, -0.9000000000000003600 ) ) ;
#7302 = LINE ( 'NONE', #7301, #7300 ) ;
#7303 = CARTESIAN_POINT ( 'NONE',  ( -0.4000000000000005200, 3.849999999999999200, -0.4000000000000003600 ) ) ;
#7304 = DIRECTION ( 'NONE',  ( -1.000000000000000000, -0.0000000000000000000, -0.0000000000000000000 ) ) ;
#7305 = VECTOR ( 'NONE', #7304, 1000.000000000000000 ) ;
#7306 = CARTESIAN_POINT ( 'NONE',  ( -0.4000000000000005200, 3.849999999999999200, -0.4000000000000003600 ) ) ;
#7307 = LINE ( 'NONE', #7306, #7305 ) ;
#7308 = CARTESIAN_POINT ( 'NONE',  ( -0.6000000000000005300, 3.849999999999999200, -0.4000000000000003600 ) ) ;
#7309 = CARTESIAN_POINT ( 'NONE',  ( -0.6000000000000005300, 3.849999999999999200, -0.9000000000000003600 ) ) ;
#7310 = DIRECTION ( 'NONE',  ( 0.0000000000000000000, 0.0000000000000000000, 1.000000000000000000 ) ) ;
#7311 = VECTOR ( 'NONE', #7310, 1000.000000000000000 ) ;
#7312 = CARTESIAN_POINT ( 'NONE',  ( -0.6000000000000005300, 3.849999999999999200, -0.9000000000000003600 ) ) ;
#7313 = LINE ( 'NONE', #7312, #7311 ) ;
#7314 = DIRECTION ( 'NONE',  ( 0.0000000000000000000, 1.000000000000000000, 0.0000000000000000000 ) ) ;
#7315 = VECTOR ( 'NONE', #7314, 1000.000000000000000 ) ;
#7316 = CARTESIAN_POINT ( 'NONE',  ( -0.4000000000000005200, 2.099999999999999600, -0.9000000000000003600 ) ) ;
#7317 = DIRECTION ( 'NONE',  ( -1.000000000000000000, 0.0000000000000000000, -0.0000000000000000000 ) ) ;
#7318 = DIRECTION ( 'NONE',  ( 0.0000000000000000000, 0.0000000000000000000, -1.000000000000000000 ) ) ;
#7319 = CARTESIAN_POINT ( 'NONE',  ( -1.400000000000000400, -0.1999999999999999800, -2.799999999999999800 ) ) ;
#7320 = AXIS2_PLACEMENT_3D ( 'NONE', #7319, #7318, #7317 ) ;
#7321 = PLANE ( 'NONE',  #7320 ) ;
#7322 = FACE_OUTER_BOUND ( 'NONE', #1658, .T. ) ;
#7323 = DIRECTION ( 'NONE',  ( 1.000000000000000000, 0.0000000000000000000, -0.0000000000000000000 ) ) ;
#7324 = DIRECTION ( 'NONE',  ( 0.0000000000000000000, 0.0000000000000000000, 1.000000000000000000 ) ) ;
#7325 = CARTESIAN_POINT ( 'NONE',  ( -1.400000000000000400, -0.6999999999999999600, -3.000000000000000000 ) ) ;
#7326 = AXIS2_PLACEMENT_3D ( 'NONE', #7325, #7324, #7323 ) ;
#7327 = PLANE ( 'NONE',  #7326 ) ;
#7328 = FACE_OUTER_BOUND ( 'NONE', #1654, .T. ) ;
#7329 = DIRECTION ( 'NONE',  ( 0.0000000000000000000, 0.0000000000000000000, -1.000000000000000000 ) ) ;
#7330 = VECTOR ( 'NONE', #7329, 1000.000000000000000 ) ;
#7331 = CARTESIAN_POINT ( 'NONE',  ( -1.400000000000000400, -0.6999999999999999600, -2.799999999999999800 ) ) ;
#7332 = LINE ( 'NONE', #7331, #7330 ) ;
#7333 = CARTESIAN_POINT ( 'NONE',  ( -1.400000000000000400, -0.6999999999999999600, -3.000000000000000000 ) ) ;
#7334 = DIRECTION ( 'NONE',  ( -1.000000000000000000, -0.0000000000000000000, -0.0000000000000000000 ) ) ;
#7335 = VECTOR ( 'NONE', #7334, 1000.000000000000000 ) ;
#7336 = CARTESIAN_POINT ( 'NONE',  ( -1.400000000000000400, -0.6999999999999999600, -3.000000000000000000 ) ) ;
#7337 = LINE ( 'NONE', #7336, #7335 ) ;
#7338 = CARTESIAN_POINT ( 'NONE',  ( -1.600000000000000500, -0.6999999999999999600, -3.000000000000000000 ) ) ;
#7339 = DIRECTION ( 'NONE',  ( 0.0000000000000000000, 0.0000000000000000000, -1.000000000000000000 ) ) ;
#7340 = VECTOR ( 'NONE', #7339, 1000.000000000000000 ) ;
#7341 = CARTESIAN_POINT ( 'NONE',  ( -1.600000000000000500, -0.6999999999999999600, -2.799999999999999800 ) ) ;
#7342 = LINE ( 'NONE', #7341, #7340 ) ;
#7343 = DIRECTION ( 'NONE',  ( 0.0000000000000000000, -0.0000000000000000000, -1.000000000000000000 ) ) ;
#7344 = DIRECTION ( 'NONE',  ( 0.0000000000000000000, -1.000000000000000000, 0.0000000000000000000 ) ) ;
#7345 = CARTESIAN_POINT ( 'NONE',  ( -0.4000000000000005200, 3.849999999999999200, -0.9000000000000003600 ) ) ;
#7346 = AXIS2_PLACEMENT_3D ( 'NONE', #7345, #7344, #7343 ) ;
#7347 = PLANE ( 'NONE',  #7346 ) ;
#7348 = DIRECTION ( 'NONE',  ( 0.0000000000000000000, -0.7071067811865454600, 0.7071067811865495700 ) ) ;
#7349 = DIRECTION ( 'NONE',  ( -0.0000000000000000000, 0.7071067811865495700, 0.7071067811865454600 ) ) ;
#7350 = LINE ( 'NONE', #7416, #7415 ) ;
#7351 = DIRECTION ( 'NONE',  ( 0.0000000000000000000, 0.0000000000000000000, 1.000000000000000000 ) ) ;
#7352 = DIRECTION ( 'NONE',  ( -1.000000000000000000, 0.0000000000000000000, 0.0000000000000000000 ) ) ;
#7353 = CARTESIAN_POINT ( 'NONE',  ( -0.6000000000000005300, 3.849999999999998300, -2.500000000000000900 ) ) ;
#7354 = AXIS2_PLACEMENT_3D ( 'NONE', #7353, #7352, #7351 ) ;
#7355 = PLANE ( 'NONE',  #7354 ) ;
#7356 = FACE_OUTER_BOUND ( 'NONE', #1679, .T. ) ;
#7357 = DIRECTION ( 'NONE',  ( 0.0000000000000000000, 0.0000000000000000000, 1.000000000000000000 ) ) ;
#7358 = DIRECTION ( 'NONE',  ( -1.000000000000000000, 0.0000000000000000000, 0.0000000000000000000 ) ) ;
#7359 = CARTESIAN_POINT ( 'NONE',  ( -0.4000000000000005200, 3.849999999999998300, -2.500000000000000900 ) ) ;
#7360 = AXIS2_PLACEMENT_3D ( 'NONE', #7359, #7358, #7357 ) ;
#7361 = PLANE ( 'NONE',  #7360 ) ;
#7362 = FACE_OUTER_BOUND ( 'NONE', #1673, .T. ) ;
#7363 = DIRECTION ( 'NONE',  ( -1.000000000000000000, -0.0000000000000000000, -0.0000000000000000000 ) ) ;
#7364 = VECTOR ( 'NONE', #7363, 1000.000000000000000 ) ;
#7365 = CARTESIAN_POINT ( 'NONE',  ( -1.400000000000000400, -0.1999999999999999800, -2.799999999999999800 ) ) ;
#7366 = LINE ( 'NONE', #7365, #7364 ) ;
#7367 = CARTESIAN_POINT ( 'NONE',  ( -1.400000000000000400, -0.1999999999999999800, -2.799999999999999800 ) ) ;
#7368 = DIRECTION ( 'NONE',  ( 0.0000000000000000000, -1.000000000000000000, 0.0000000000000000000 ) ) ;
#7369 = VECTOR ( 'NONE', #7368, 1000.000000000000000 ) ;
#7370 = CARTESIAN_POINT ( 'NONE',  ( -1.400000000000000400, -0.1999999999999999800, -2.799999999999999800 ) ) ;
#7371 = LINE ( 'NONE', #7370, #7369 ) ;
#7372 = CARTESIAN_POINT ( 'NONE',  ( -1.400000000000000400, -0.6999999999999999600, -2.799999999999999800 ) ) ;
#7373 = DIRECTION ( 'NONE',  ( -1.000000000000000000, -0.0000000000000000000, -0.0000000000000000000 ) ) ;
#7374 = VECTOR ( 'NONE', #7373, 1000.000000000000000 ) ;
#7375 = CARTESIAN_POINT ( 'NONE',  ( -1.400000000000000400, -0.6999999999999999600, -2.799999999999999800 ) ) ;
#7376 = LINE ( 'NONE', #7375, #7374 ) ;
#7377 = CARTESIAN_POINT ( 'NONE',  ( -1.600000000000000500, -0.6999999999999999600, -2.799999999999999800 ) ) ;
#7378 = CARTESIAN_POINT ( 'NONE',  ( -1.600000000000000500, -0.1999999999999999800, -2.799999999999999800 ) ) ;
#7379 = DIRECTION ( 'NONE',  ( 0.0000000000000000000, -1.000000000000000000, 0.0000000000000000000 ) ) ;
#7380 = VECTOR ( 'NONE', #7379, 1000.000000000000000 ) ;
#7381 = CARTESIAN_POINT ( 'NONE',  ( -1.600000000000000500, -0.1999999999999999800, -2.799999999999999800 ) ) ;
#7382 = LINE ( 'NONE', #7381, #7380 ) ;
#7383 = DIRECTION ( 'NONE',  ( -0.0000000000000000000, 0.7071067811865510100, 0.7071067811865441300 ) ) ;
#7384 = VECTOR ( 'NONE', #7383, 1000.000000000000000 ) ;
#7385 = CARTESIAN_POINT ( 'NONE',  ( -1.400000000000000400, 0.2500000000000014400, -2.850000000000000100 ) ) ;
#7386 = LINE ( 'NONE', #7385, #7384 ) ;
#7387 = LINE ( 'NONE', #7449, #7448 ) ;
#7388 = DIRECTION ( 'NONE',  ( 0.0000000000000000000, 0.0000000000000000000, 1.000000000000000000 ) ) ;
#7389 = DIRECTION ( 'NONE',  ( -1.000000000000000000, -0.0000000000000000000, 0.0000000000000000000 ) ) ;
#7390 = CARTESIAN_POINT ( 'NONE',  ( -1.400000000000000400, -0.1999999999999999800, -2.799999999999999800 ) ) ;
#7391 = AXIS2_PLACEMENT_3D ( 'NONE', #7390, #7389, #7388 ) ;
#7392 = PLANE ( 'NONE',  #7391 ) ;
#7393 = FACE_OUTER_BOUND ( 'NONE', #1704, .T. ) ;
#7394 = DIRECTION ( 'NONE',  ( 0.0000000000000000000, -0.7071067811865462400, -0.7071067811865489100 ) ) ;
#7395 = VECTOR ( 'NONE', #7394, 1000.000000000000000 ) ;
#7396 = CARTESIAN_POINT ( 'NONE',  ( -1.600000000000000500, 0.09999999999999917300, -2.499999999999999600 ) ) ;
#7397 = LINE ( 'NONE', #7396, #7395 ) ;
#7398 = DIRECTION ( 'NONE',  ( 0.0000000000000000000, -0.7071067811865510100, -0.7071067811865441300 ) ) ;
#7399 = DIRECTION ( 'NONE',  ( 0.0000000000000000000, -0.7071067811865441300, 0.7071067811865510100 ) ) ;
#7400 = CARTESIAN_POINT ( 'NONE',  ( -1.400000000000000400, 0.2500000000000014400, -2.850000000000000100 ) ) ;
#7401 = AXIS2_PLACEMENT_3D ( 'NONE', #7400, #7399, #7398 ) ;
#7402 = PLANE ( 'NONE',  #7401 ) ;
#7403 = FACE_OUTER_BOUND ( 'NONE', #1752, .T. ) ;
#7404 = DIRECTION ( 'NONE',  ( 0.0000000000000000000, 0.7071067811865462400, 0.7071067811865489100 ) ) ;
#7405 = DIRECTION ( 'NONE',  ( 0.0000000000000000000, 0.7071067811865489100, -0.7071067811865462400 ) ) ;
#7406 = CARTESIAN_POINT ( 'NONE',  ( -1.400000000000000400, 0.09999999999999917300, -2.499999999999999600 ) ) ;
#7407 = AXIS2_PLACEMENT_3D ( 'NONE', #7406, #7405, #7404 ) ;
#7408 = PLANE ( 'NONE',  #7407 ) ;
#7409 = FACE_OUTER_BOUND ( 'NONE', #1691, .T. ) ;
#7410 = DIRECTION ( 'NONE',  ( 0.0000000000000000000, -0.7071067811865462400, -0.7071067811865489100 ) ) ;
#7411 = VECTOR ( 'NONE', #7410, 1000.000000000000000 ) ;
#7412 = CARTESIAN_POINT ( 'NONE',  ( -1.400000000000000400, 0.09999999999999917300, -2.499999999999999600 ) ) ;
#7413 = LINE ( 'NONE', #7412, #7411 ) ;
#7414 = DIRECTION ( 'NONE',  ( -1.000000000000000000, -0.0000000000000000000, -0.0000000000000000000 ) ) ;
#7415 = VECTOR ( 'NONE', #7414, 1000.000000000000000 ) ;
#7416 = CARTESIAN_POINT ( 'NONE',  ( -1.400000000000000400, 3.849999999999999200, 0.3999999999999996900 ) ) ;
#7417 = DIRECTION ( 'NONE',  ( 0.0000000000000000000, 1.000000000000000000, 0.0000000000000000000 ) ) ;
#7418 = VECTOR ( 'NONE', #7417, 1000.000000000000000 ) ;
#7419 = CARTESIAN_POINT ( 'NONE',  ( -1.600000000000000500, 4.999999999999999100, -3.000000000000000000 ) ) ;
#7420 = LINE ( 'NONE', #7419, #7418 ) ;
#7421 = DIRECTION ( 'NONE',  ( 0.0000000000000000000, -0.0000000000000000000, 1.000000000000000000 ) ) ;
#7422 = DIRECTION ( 'NONE',  ( -0.0000000000000000000, 1.000000000000000000, 0.0000000000000000000 ) ) ;
#7423 = CARTESIAN_POINT ( 'NONE',  ( -1.400000000000000400, -0.6999999999999999600, -2.799999999999999800 ) ) ;
#7424 = AXIS2_PLACEMENT_3D ( 'NONE', #7423, #7422, #7421 ) ;
#7425 = PLANE ( 'NONE',  #7424 ) ;
#7426 = FACE_OUTER_BOUND ( 'NONE', #1643, .T. ) ;
#7427 = DIRECTION ( 'NONE',  ( -0.0000000000000000000, 0.7071067811865510100, 0.7071067811865441300 ) ) ;
#7428 = VECTOR ( 'NONE', #7427, 1000.000000000000000 ) ;
#7429 = CARTESIAN_POINT ( 'NONE',  ( -1.600000000000000500, 0.2500000000000014400, -2.850000000000000100 ) ) ;
#7430 = LINE ( 'NONE', #7429, #7428 ) ;
#7431 = DIRECTION ( 'NONE',  ( 0.0000000000000000000, 0.0000000000000000000, 1.000000000000000000 ) ) ;
#7432 = DIRECTION ( 'NONE',  ( -1.000000000000000000, -0.0000000000000000000, 0.0000000000000000000 ) ) ;
#7433 = CARTESIAN_POINT ( 'NONE',  ( -1.600000000000000500, -0.1999999999999999800, -2.799999999999999800 ) ) ;
#7434 = AXIS2_PLACEMENT_3D ( 'NONE', #7433, #7432, #7431 ) ;
#7435 = PLANE ( 'NONE',  #7434 ) ;
#7436 = FACE_OUTER_BOUND ( 'NONE', #1718, .T. ) ;
#7437 = DIRECTION ( 'NONE',  ( 0.0000000000000000000, 1.000000000000000000, 0.0000000000000000000 ) ) ;
#7438 = VECTOR ( 'NONE', #7437, 1000.000000000000000 ) ;
#7439 = CARTESIAN_POINT ( 'NONE',  ( -1.400000000000000400, -0.6999999999999999600, -3.000000000000000000 ) ) ;
#7440 = LINE ( 'NONE', #7439, #7438 ) ;
#7441 = CARTESIAN_POINT ( 'NONE',  ( -1.400000000000000400, 0.1000000000000000500, -3.000000000000000000 ) ) ;
#7442 = DIRECTION ( 'NONE',  ( -1.000000000000000000, -0.0000000000000000000, -0.0000000000000000000 ) ) ;
#7443 = VECTOR ( 'NONE', #7442, 1000.000000000000000 ) ;
#7444 = CARTESIAN_POINT ( 'NONE',  ( -1.400000000000000400, 0.1000000000000000500, -3.000000000000000000 ) ) ;
#7445 = LINE ( 'NONE', #7444, #7443 ) ;
#7446 = CARTESIAN_POINT ( 'NONE',  ( -1.600000000000000500, 0.1000000000000000500, -3.000000000000000000 ) ) ;
#7447 = DIRECTION ( 'NONE',  ( 0.0000000000000000000, 1.000000000000000000, 0.0000000000000000000 ) ) ;
#7448 = VECTOR ( 'NONE', #7447, 1000.000000000000000 ) ;
#7449 = CARTESIAN_POINT ( 'NONE',  ( -1.600000000000000500, -0.6999999999999999600, -3.000000000000000000 ) ) ;
#7450 = DIRECTION ( 'NONE',  ( -1.000000000000000000, 0.0000000000000000000, -0.0000000000000000000 ) ) ;
#7451 = DIRECTION ( 'NONE',  ( 0.0000000000000000000, 0.0000000000000000000, -1.000000000000000000 ) ) ;
#7452 = DIRECTION ( 'NONE',  ( 0.0000000000000000000, -0.0000000000000000000, -1.000000000000000000 ) ) ;
#7453 = DIRECTION ( 'NONE',  ( 0.0000000000000000000, -1.000000000000000000, 0.0000000000000000000 ) ) ;
#7454 = CARTESIAN_POINT ( 'NONE',  ( -1.400000000000000400, 3.849999999999999200, 0.9000000000000000200 ) ) ;
#7455 = AXIS2_PLACEMENT_3D ( 'NONE', #7454, #7453, #7452 ) ;
#7456 = CARTESIAN_POINT ( 'NONE',  ( -3.400000000000000400, -0.1999999999999999800, -2.799999999999999800 ) ) ;
#7457 = PLANE ( 'NONE',  #7455 ) ;
#7458 = FACE_OUTER_BOUND ( 'NONE', #1741, .T. ) ;
#7459 = DIRECTION ( 'NONE',  ( 0.0000000000000000000, 1.000000000000000000, -1.642730564371976600E-017 ) ) ;
#7460 = VECTOR ( 'NONE', #7459, 1000.000000000000000 ) ;
#7461 = CARTESIAN_POINT ( 'NONE',  ( -1.400000000000000400, 0.5499999999999992700, 0.3999999999999997400 ) ) ;
#7462 = LINE ( 'NONE', #7461, #7460 ) ;
#7463 = CARTESIAN_POINT ( 'NONE',  ( -1.400000000000000400, 3.849999999999999200, 0.3999999999999996900 ) ) ;
#7464 = DIRECTION ( 'NONE',  ( 0.0000000000000000000, 0.0000000000000000000, 1.000000000000000000 ) ) ;
#7465 = DIRECTION ( 'NONE',  ( -1.000000000000000000, -0.0000000000000000000, 0.0000000000000000000 ) ) ;
#7466 = CARTESIAN_POINT ( 'NONE',  ( -1.400000000000000400, -0.1999999999999999800, -2.799999999999999800 ) ) ;
#7467 = AXIS2_PLACEMENT_3D ( 'NONE', #7466, #7465, #7464 ) ;
#7468 = PLANE ( 'NONE',  #7467 ) ;
#7469 = FACE_OUTER_BOUND ( 'NONE', #1734, .T. ) ;
#7470 = DIRECTION ( 'NONE',  ( 0.0000000000000000000, -1.000000000000000000, -1.156482317317871500E-016 ) ) ;
#7471 = VECTOR ( 'NONE', #7470, 1000.000000000000000 ) ;
#7472 = CARTESIAN_POINT ( 'NONE',  ( -1.600000000000000500, 3.849999999999999200, 0.9000000000000000200 ) ) ;
#7473 = LINE ( 'NONE', #7472, #7471 ) ;
#7474 = DIRECTION ( 'NONE',  ( 0.0000000000000000000, -1.000000000000000000, -1.156482317317871500E-016 ) ) ;
#7475 = VECTOR ( 'NONE', #7474, 1000.000000000000000 ) ;
#7476 = CARTESIAN_POINT ( 'NONE',  ( -1.400000000000000400, 3.849999999999999200, 0.9000000000000000200 ) ) ;
#7477 = LINE ( 'NONE', #7476, #7475 ) ;
#7478 = DIRECTION ( 'NONE',  ( 0.0000000000000000000, 1.000000000000000000, 1.156482317317871500E-016 ) ) ;
#7479 = DIRECTION ( 'NONE',  ( 0.0000000000000000000, 1.156482317317871500E-016, -1.000000000000000000 ) ) ;
#7480 = CARTESIAN_POINT ( 'NONE',  ( -1.400000000000000400, 3.849999999999999200, 0.9000000000000000200 ) ) ;
#7481 = AXIS2_PLACEMENT_3D ( 'NONE', #7480, #7479, #7478 ) ;
#7482 = PLANE ( 'NONE',  #7481 ) ;
#7483 = FACE_OUTER_BOUND ( 'NONE', #1751, .T. ) ;
#7484 = CARTESIAN_POINT ( 'NONE',  ( -1.600000000000000500, 5.799999999999999800, -3.000000000000000000 ) ) ;
#7485 = CARTESIAN_POINT ( 'NONE',  ( -1.600000000000000500, 4.999999999999999100, -3.000000000000000000 ) ) ;
#7486 = FACE_OUTER_BOUND ( 'NONE', #1768, .T. ) ;
#7487 = DIRECTION ( 'NONE',  ( 0.0000000000000000000, 4.336808689942016200E-015, 1.000000000000000000 ) ) ;
#7488 = VECTOR ( 'NONE', #7487, 1000.000000000000000 ) ;
#7489 = CARTESIAN_POINT ( 'NONE',  ( -1.400000000000000400, 5.799999999999999800, -3.000000000000000000 ) ) ;
#7490 = LINE ( 'NONE', #7489, #7488 ) ;
#7491 = CARTESIAN_POINT ( 'NONE',  ( -1.400000000000000400, 5.800000000000000700, -2.799999999999999800 ) ) ;
#7492 = CARTESIAN_POINT ( 'NONE',  ( -1.600000000000000500, 3.849999999999999200, 0.3999999999999996900 ) ) ;
#7493 = DIRECTION ( 'NONE',  ( 0.0000000000000000000, 1.000000000000000000, -1.642730564371976600E-017 ) ) ;
#7494 = VECTOR ( 'NONE', #7493, 1000.000000000000000 ) ;
#7495 = CARTESIAN_POINT ( 'NONE',  ( -1.600000000000000500, 0.5499999999999992700, 0.3999999999999997400 ) ) ;
#7496 = LINE ( 'NONE', #7495, #7494 ) ;
#7497 = DIRECTION ( 'NONE',  ( 0.0000000000000000000, -1.000000000000000000, 1.642730564371976600E-017 ) ) ;
#7498 = DIRECTION ( 'NONE',  ( -0.0000000000000000000, 1.642730564371976600E-017, 1.000000000000000000 ) ) ;
#7499 = CARTESIAN_POINT ( 'NONE',  ( -1.400000000000000400, 0.5499999999999992700, 0.3999999999999997400 ) ) ;
#7500 = AXIS2_PLACEMENT_3D ( 'NONE', #7499, #7498, #7497 ) ;
#7501 = PLANE ( 'NONE',  #7500 ) ;
#7502 = FACE_OUTER_BOUND ( 'NONE', #1758, .T. ) ;
#7503 = DIRECTION ( 'NONE',  ( -0.0000000000000000000, -0.0000000000000000000, 1.000000000000000000 ) ) ;
#7504 = VECTOR ( 'NONE', #7503, 1000.000000000000000 ) ;
#7505 = CARTESIAN_POINT ( 'NONE',  ( -1.400000000000000400, 3.849999999999999200, 0.9000000000000000200 ) ) ;
#7506 = LINE ( 'NONE', #7505, #7504 ) ;
#7507 = CARTESIAN_POINT ( 'NONE',  ( -1.400000000000000400, 3.849999999999999200, 0.9000000000000000200 ) ) ;
#7508 = DIRECTION ( 'NONE',  ( -1.000000000000000000, -0.0000000000000000000, -0.0000000000000000000 ) ) ;
#7509 = VECTOR ( 'NONE', #7508, 1000.000000000000000 ) ;
#7510 = CARTESIAN_POINT ( 'NONE',  ( -1.400000000000000400, 3.849999999999999200, 0.9000000000000000200 ) ) ;
#7511 = LINE ( 'NONE', #7510, #7509 ) ;
#7512 = CARTESIAN_POINT ( 'NONE',  ( -1.600000000000000500, 3.849999999999999200, 0.9000000000000000200 ) ) ;
#7513 = DIRECTION ( 'NONE',  ( -0.0000000000000000000, -0.0000000000000000000, 1.000000000000000000 ) ) ;
#7514 = VECTOR ( 'NONE', #7513, 1000.000000000000000 ) ;
#7515 = CARTESIAN_POINT ( 'NONE',  ( -1.600000000000000500, 3.849999999999999200, 0.9000000000000000200 ) ) ;
#7516 = LINE ( 'NONE', #7515, #7514 ) ;
#7517 = CARTESIAN_POINT ( 'NONE',  ( -1.400000000000000400, 4.999999999999999100, -3.000000000000000000 ) ) ;
#7518 = LINE ( 'NONE', #7517, #7583 ) ;
#7519 = CARTESIAN_POINT ( 'NONE',  ( -1.400000000000000400, 4.999999999999999100, -3.000000000000000000 ) ) ;
#7520 = DIRECTION ( 'NONE',  ( 0.0000000000000000000, 1.000000000000000000, 0.0000000000000000000 ) ) ;
#7521 = VECTOR ( 'NONE', #7520, 1000.000000000000000 ) ;
#7522 = CARTESIAN_POINT ( 'NONE',  ( -1.400000000000000400, 4.999999999999999100, -3.000000000000000000 ) ) ;
#7523 = LINE ( 'NONE', #7522, #7521 ) ;
#7524 = CARTESIAN_POINT ( 'NONE',  ( -1.400000000000000400, 5.799999999999999800, -3.000000000000000000 ) ) ;
#7525 = DIRECTION ( 'NONE',  ( -1.000000000000000000, -0.0000000000000000000, -0.0000000000000000000 ) ) ;
#7526 = VECTOR ( 'NONE', #7525, 1000.000000000000000 ) ;
#7527 = CARTESIAN_POINT ( 'NONE',  ( -1.400000000000000400, 5.799999999999999800, -3.000000000000000000 ) ) ;
#7528 = LINE ( 'NONE', #7527, #7526 ) ;
#7529 = DIRECTION ( 'NONE',  ( 0.0000000000000000000, -1.000000000000000000, -8.673617379884042400E-016 ) ) ;
#7530 = VECTOR ( 'NONE', #7529, 1000.000000000000000 ) ;
#7531 = CARTESIAN_POINT ( 'NONE',  ( -1.400000000000000400, 5.800000000000000700, -2.799999999999999800 ) ) ;
#7532 = LINE ( 'NONE', #7531, #7530 ) ;
#7533 = CARTESIAN_POINT ( 'NONE',  ( -1.400000000000000400, 5.300000000000000700, -2.800000000000000300 ) ) ;
#7534 = DIRECTION ( 'NONE',  ( -1.000000000000000000, -0.0000000000000000000, -0.0000000000000000000 ) ) ;
#7535 = VECTOR ( 'NONE', #7534, 1000.000000000000000 ) ;
#7536 = CARTESIAN_POINT ( 'NONE',  ( -1.400000000000000400, 5.300000000000000700, -2.800000000000000300 ) ) ;
#7537 = LINE ( 'NONE', #7536, #7535 ) ;
#7538 = CARTESIAN_POINT ( 'NONE',  ( -1.600000000000000500, 5.300000000000000700, -2.800000000000000300 ) ) ;
#7539 = DIRECTION ( 'NONE',  ( 0.0000000000000000000, -1.000000000000000000, -8.673617379884042400E-016 ) ) ;
#7540 = VECTOR ( 'NONE', #7539, 1000.000000000000000 ) ;
#7541 = CARTESIAN_POINT ( 'NONE',  ( -1.600000000000000500, 5.800000000000000700, -2.799999999999999800 ) ) ;
#7542 = LINE ( 'NONE', #7541, #7540 ) ;
#7543 = DIRECTION ( 'NONE',  ( 0.0000000000000000000, 1.000000000000000000, 8.673617379884043400E-016 ) ) ;
#7544 = DIRECTION ( 'NONE',  ( 0.0000000000000000000, 8.673617379884043400E-016, -1.000000000000000000 ) ) ;
#7545 = CARTESIAN_POINT ( 'NONE',  ( -1.400000000000000400, 5.800000000000000700, -2.799999999999999800 ) ) ;
#7546 = AXIS2_PLACEMENT_3D ( 'NONE', #7545, #7544, #7543 ) ;
#7547 = PLANE ( 'NONE',  #7546 ) ;
#7548 = DIRECTION ( 'NONE',  ( 0.0000000000000000000, 1.000000000000000000, 1.232047923278982200E-016 ) ) ;
#7549 = DIRECTION ( 'NONE',  ( 0.0000000000000000000, 1.232047923278982200E-016, -1.000000000000000000 ) ) ;
#7550 = CARTESIAN_POINT ( 'NONE',  ( -1.400000000000000400, 3.849999999999999200, -0.4000000000000004100 ) ) ;
#7551 = AXIS2_PLACEMENT_3D ( 'NONE', #7550, #7549, #7548 ) ;
#7552 = PLANE ( 'NONE',  #7551 ) ;
#7553 = FACE_OUTER_BOUND ( 'NONE', #1811, .T. ) ;
#7554 = FACE_OUTER_BOUND ( 'NONE', #1804, .T. ) ;
#7555 = DIRECTION ( 'NONE',  ( 1.000000000000000000, 0.0000000000000000000, -0.0000000000000000000 ) ) ;
#7556 = DIRECTION ( 'NONE',  ( 0.0000000000000000000, 0.0000000000000000000, 1.000000000000000000 ) ) ;
#7557 = CARTESIAN_POINT ( 'NONE',  ( -1.400000000000000400, 4.999999999999999100, -3.000000000000000000 ) ) ;
#7558 = AXIS2_PLACEMENT_3D ( 'NONE', #7557, #7556, #7555 ) ;
#7559 = PLANE ( 'NONE',  #7558 ) ;
#7560 = FACE_OUTER_BOUND ( 'NONE', #1801, .T. ) ;
#7561 = DIRECTION ( 'NONE',  ( 0.0000000000000000000, 0.0000000000000000000, 1.000000000000000000 ) ) ;
#7562 = DIRECTION ( 'NONE',  ( -1.000000000000000000, -0.0000000000000000000, 0.0000000000000000000 ) ) ;
#7563 = CARTESIAN_POINT ( 'NONE',  ( -1.600000000000000500, -0.1999999999999999800, -2.799999999999999800 ) ) ;
#7564 = AXIS2_PLACEMENT_3D ( 'NONE', #7563, #7562, #7561 ) ;
#7565 = PLANE ( 'NONE',  #7564 ) ;
#7566 = FACE_OUTER_BOUND ( 'NONE', #1795, .T. ) ;
#7567 = DIRECTION ( 'NONE',  ( -1.000000000000000000, -0.0000000000000000000, -0.0000000000000000000 ) ) ;
#7568 = VECTOR ( 'NONE', #7567, 1000.000000000000000 ) ;
#7569 = CARTESIAN_POINT ( 'NONE',  ( -1.400000000000000400, 5.800000000000000700, -2.799999999999999800 ) ) ;
#7570 = LINE ( 'NONE', #7569, #7568 ) ;
#7571 = CARTESIAN_POINT ( 'NONE',  ( -1.600000000000000500, 5.800000000000000700, -2.799999999999999800 ) ) ;
#7572 = DIRECTION ( 'NONE',  ( 0.0000000000000000000, 4.336808689942016200E-015, 1.000000000000000000 ) ) ;
#7573 = VECTOR ( 'NONE', #7572, 1000.000000000000000 ) ;
#7574 = CARTESIAN_POINT ( 'NONE',  ( -1.600000000000000500, 5.799999999999999800, -3.000000000000000000 ) ) ;
#7575 = LINE ( 'NONE', #7574, #7573 ) ;
#7576 = DIRECTION ( 'NONE',  ( 0.0000000000000000000, -4.336808689942016200E-015, -1.000000000000000000 ) ) ;
#7577 = DIRECTION ( 'NONE',  ( 0.0000000000000000000, -1.000000000000000000, 4.336808689942016200E-015 ) ) ;
#7578 = CARTESIAN_POINT ( 'NONE',  ( -1.400000000000000400, 5.799999999999999800, -3.000000000000000000 ) ) ;
#7579 = AXIS2_PLACEMENT_3D ( 'NONE', #7578, #7577, #7576 ) ;
#7580 = PLANE ( 'NONE',  #7579 ) ;
#7581 = FACE_OUTER_BOUND ( 'NONE', #1786, .T. ) ;
#7582 = DIRECTION ( 'NONE',  ( -1.000000000000000000, -0.0000000000000000000, -0.0000000000000000000 ) ) ;
#7583 = VECTOR ( 'NONE', #7582, 1000.000000000000000 ) ;
#7584 = CARTESIAN_POINT ( 'NONE',  ( -1.400000000000000400, 3.849999999999998300, -2.500000000000000900 ) ) ;
#7585 = AXIS2_PLACEMENT_3D ( 'NONE', #7584, #7649, #7648 ) ;
#7586 = PLANE ( 'NONE',  #7585 ) ;
#7587 = FACE_OUTER_BOUND ( 'NONE', #1832, .T. ) ;
#7588 = DIRECTION ( 'NONE',  ( 0.0000000000000000000, 0.7071067811865460200, -0.7071067811865490200 ) ) ;
#7589 = DIRECTION ( 'NONE',  ( 0.0000000000000000000, -0.7071067811865490200, -0.7071067811865460200 ) ) ;
#7590 = CARTESIAN_POINT ( 'NONE',  ( -1.400000000000000400, 5.300000000000000700, -2.800000000000000300 ) ) ;
#7591 = AXIS2_PLACEMENT_3D ( 'NONE', #7590, #7589, #7588 ) ;
#7592 = PLANE ( 'NONE',  #7591 ) ;
#7593 = FACE_OUTER_BOUND ( 'NONE', #1805, .T. ) ;
#7594 = DIRECTION ( 'NONE',  ( 0.0000000000000000000, 0.7071067811865454600, -0.7071067811865495700 ) ) ;
#7595 = VECTOR ( 'NONE', #7594, 1000.000000000000000 ) ;
#7596 = CARTESIAN_POINT ( 'NONE',  ( -1.600000000000000500, 4.850000000000000500, -2.850000000000000100 ) ) ;
#7597 = LINE ( 'NONE', #7596, #7595 ) ;
#7598 = DIRECTION ( 'NONE',  ( 0.0000000000000000000, -0.7071067811865460200, 0.7071067811865490200 ) ) ;
#7599 = VECTOR ( 'NONE', #7598, 1000.000000000000100 ) ;
#7600 = CARTESIAN_POINT ( 'NONE',  ( -1.600000000000000500, 5.300000000000000700, -2.800000000000000300 ) ) ;
#7601 = LINE ( 'NONE', #7600, #7599 ) ;
#7602 = DIRECTION ( 'NONE',  ( 0.0000000000000000000, 0.0000000000000000000, 1.000000000000000000 ) ) ;
#7603 = DIRECTION ( 'NONE',  ( -1.000000000000000000, 0.0000000000000000000, 0.0000000000000000000 ) ) ;
#7604 = CARTESIAN_POINT ( 'NONE',  ( -1.600000000000000500, 3.849999999999998300, -2.500000000000000900 ) ) ;
#7605 = AXIS2_PLACEMENT_3D ( 'NONE', #7604, #7603, #7602 ) ;
#7606 = PLANE ( 'NONE',  #7605 ) ;
#7607 = FACE_OUTER_BOUND ( 'NONE', #1819, .T. ) ;
#7608 = DIRECTION ( 'NONE',  ( 0.0000000000000000000, -0.7071067811865460200, 0.7071067811865490200 ) ) ;
#7609 = VECTOR ( 'NONE', #7608, 1000.000000000000100 ) ;
#7610 = CARTESIAN_POINT ( 'NONE',  ( -1.400000000000000400, 5.300000000000000700, -2.800000000000000300 ) ) ;
#7611 = LINE ( 'NONE', #7610, #7609 ) ;
#7612 = DIRECTION ( 'NONE',  ( 0.0000000000000000000, -0.7071067811865454600, 0.7071067811865495700 ) ) ;
#7613 = DIRECTION ( 'NONE',  ( -0.0000000000000000000, 0.7071067811865495700, 0.7071067811865454600 ) ) ;
#7614 = CARTESIAN_POINT ( 'NONE',  ( -1.400000000000000400, 4.850000000000000500, -2.850000000000000100 ) ) ;
#7615 = AXIS2_PLACEMENT_3D ( 'NONE', #7614, #7613, #7612 ) ;
#7616 = PLANE ( 'NONE',  #7615 ) ;
#7617 = FACE_OUTER_BOUND ( 'NONE', #1863, .T. ) ;
#7618 = DIRECTION ( 'NONE',  ( 0.0000000000000000000, -1.000000000000000000, -1.232047923278982200E-016 ) ) ;
#7619 = VECTOR ( 'NONE', #7618, 1000.000000000000000 ) ;
#7620 = CARTESIAN_POINT ( 'NONE',  ( -1.600000000000000500, 3.849999999999999200, -0.4000000000000004100 ) ) ;
#7621 = LINE ( 'NONE', #7620, #7619 ) ;
#7622 = DIRECTION ( 'NONE',  ( 0.0000000000000000000, -1.000000000000000000, -1.232047923278982200E-016 ) ) ;
#7623 = VECTOR ( 'NONE', #7622, 1000.000000000000000 ) ;
#7624 = CARTESIAN_POINT ( 'NONE',  ( -1.400000000000000400, 3.849999999999999200, -0.4000000000000004100 ) ) ;
#7625 = LINE ( 'NONE', #7624, #7623 ) ;
#7626 = DIRECTION ( 'NONE',  ( 0.0000000000000000000, 0.0000000000000000000, 1.000000000000000000 ) ) ;
#7627 = DIRECTION ( 'NONE',  ( -1.000000000000000000, 0.0000000000000000000, 0.0000000000000000000 ) ) ;
#7628 = CARTESIAN_POINT ( 'NONE',  ( -1.600000000000000500, 3.849999999999998300, -2.500000000000000900 ) ) ;
#7629 = AXIS2_PLACEMENT_3D ( 'NONE', #7628, #7627, #7626 ) ;
#7630 = PLANE ( 'NONE',  #7629 ) ;
#7631 = DIRECTION ( 'NONE',  ( 0.0000000000000000000, 0.0000000000000000000, 1.000000000000000000 ) ) ;
#7632 = DIRECTION ( 'NONE',  ( -1.000000000000000000, 0.0000000000000000000, 0.0000000000000000000 ) ) ;
#7633 = CARTESIAN_POINT ( 'NONE',  ( -1.400000000000000400, 3.849999999999998300, -2.500000000000000900 ) ) ;
#7634 = AXIS2_PLACEMENT_3D ( 'NONE', #7633, #7632, #7631 ) ;
#7635 = FACE_OUTER_BOUND ( 'NONE', #1853, .T. ) ;
#7636 = PLANE ( 'NONE',  #7634 ) ;
#7637 = FACE_OUTER_BOUND ( 'NONE', #1847, .T. ) ;
#7638 = CARTESIAN_POINT ( 'NONE',  ( -2.400000000000001200, -0.1999999999999999800, -2.799999999999999800 ) ) ;
#7639 = DIRECTION ( 'NONE',  ( 0.0000000000000000000, -1.000000000000000000, 0.0000000000000000000 ) ) ;
#7640 = VECTOR ( 'NONE', #7639, 1000.000000000000000 ) ;
#7641 = CARTESIAN_POINT ( 'NONE',  ( -2.400000000000001200, -0.1999999999999999800, -2.799999999999999800 ) ) ;
#7642 = LINE ( 'NONE', #7641, #7640 ) ;
#7643 = CARTESIAN_POINT ( 'NONE',  ( -2.400000000000001200, -0.6999999999999999600, -2.799999999999999800 ) ) ;
#7644 = DIRECTION ( 'NONE',  ( 0.0000000000000000000, 0.7071067811865454600, -0.7071067811865495700 ) ) ;
#7645 = VECTOR ( 'NONE', #7644, 1000.000000000000000 ) ;
#7646 = CARTESIAN_POINT ( 'NONE',  ( -1.400000000000000400, 4.850000000000000500, -2.850000000000000100 ) ) ;
#7647 = LINE ( 'NONE', #7646, #7645 ) ;
#7648 = DIRECTION ( 'NONE',  ( 0.0000000000000000000, 0.0000000000000000000, 1.000000000000000000 ) ) ;
#7649 = DIRECTION ( 'NONE',  ( -1.000000000000000000, 0.0000000000000000000, 0.0000000000000000000 ) ) ;
#7650 = DIRECTION ( 'NONE',  ( 0.0000000000000000000, 0.0000000000000000000, 1.000000000000000000 ) ) ;
#7651 = VECTOR ( 'NONE', #7650, 1000.000000000000000 ) ;
#7652 = CARTESIAN_POINT ( 'NONE',  ( -1.400000000000000400, 3.849999999999999200, -0.9000000000000003600 ) ) ;
#7653 = LINE ( 'NONE', #7652, #7651 ) ;
#7654 = CARTESIAN_POINT ( 'NONE',  ( -1.400000000000000400, 3.849999999999999200, -0.4000000000000004100 ) ) ;
#7655 = DIRECTION ( 'NONE',  ( -1.000000000000000000, -0.0000000000000000000, -0.0000000000000000000 ) ) ;
#7656 = VECTOR ( 'NONE', #7655, 1000.000000000000000 ) ;
#7657 = CARTESIAN_POINT ( 'NONE',  ( -1.400000000000000400, 3.849999999999999200, -0.4000000000000004100 ) ) ;
#7658 = LINE ( 'NONE', #7657, #7656 ) ;
#7659 = CARTESIAN_POINT ( 'NONE',  ( -1.600000000000000500, 3.849999999999999200, -0.4000000000000004100 ) ) ;
#7660 = CARTESIAN_POINT ( 'NONE',  ( -1.600000000000000500, 3.849999999999999200, -0.9000000000000003600 ) ) ;
#7661 = DIRECTION ( 'NONE',  ( 0.0000000000000000000, 0.0000000000000000000, 1.000000000000000000 ) ) ;
#7662 = VECTOR ( 'NONE', #7661, 1000.000000000000000 ) ;
#7663 = CARTESIAN_POINT ( 'NONE',  ( -1.600000000000000500, 3.849999999999999200, -0.9000000000000003600 ) ) ;
#7664 = LINE ( 'NONE', #7663, #7662 ) ;
#7665 = DIRECTION ( 'NONE',  ( 0.0000000000000000000, -0.0000000000000000000, -1.000000000000000000 ) ) ;
#7666 = DIRECTION ( 'NONE',  ( 0.0000000000000000000, -1.000000000000000000, 0.0000000000000000000 ) ) ;
#7667 = CARTESIAN_POINT ( 'NONE',  ( -1.400000000000000400, 3.849999999999999200, -0.9000000000000003600 ) ) ;
#7668 = AXIS2_PLACEMENT_3D ( 'NONE', #7667, #7666, #7665 ) ;
#7669 = PLANE ( 'NONE',  #7668 ) ;
#7670 = FACE_OUTER_BOUND ( 'NONE', #1816, .T. ) ;
#7671 = DIRECTION ( 'NONE',  ( 0.0000000000000000000, 1.000000000000000000, 0.0000000000000000000 ) ) ;
#7672 = VECTOR ( 'NONE', #7671, 1000.000000000000000 ) ;
#7673 = CARTESIAN_POINT ( 'NONE',  ( -1.400000000000000400, 2.099999999999999600, -0.9000000000000003600 ) ) ;
#7674 = LINE ( 'NONE', #7673, #7672 ) ;
#7675 = DIRECTION ( 'NONE',  ( 0.0000000000000000000, 1.000000000000000000, 0.0000000000000000000 ) ) ;
#7676 = VECTOR ( 'NONE', #7675, 1000.000000000000000 ) ;
#7677 = CARTESIAN_POINT ( 'NONE',  ( -1.600000000000000500, 2.099999999999999600, -0.9000000000000003600 ) ) ;
#7678 = LINE ( 'NONE', #7677, #7676 ) ;
#7679 = DIRECTION ( 'NONE',  ( 1.000000000000000000, 0.0000000000000000000, -0.0000000000000000000 ) ) ;
#7680 = DIRECTION ( 'NONE',  ( 0.0000000000000000000, 0.0000000000000000000, 1.000000000000000000 ) ) ;
#7681 = CARTESIAN_POINT ( 'NONE',  ( -1.400000000000000400, 2.099999999999999600, -0.9000000000000003600 ) ) ;
#7682 = AXIS2_PLACEMENT_3D ( 'NONE', #7681, #7680, #7679 ) ;
#7683 = PLANE ( 'NONE',  #7682 ) ;
#7684 = LINE ( 'NONE', #7750, #7749 ) ;
#7685 = DIRECTION ( 'NONE',  ( -0.0000000000000000000, 0.7071067811865510100, 0.7071067811865441300 ) ) ;
#7686 = VECTOR ( 'NONE', #7685, 1000.000000000000000 ) ;
#7687 = CARTESIAN_POINT ( 'NONE',  ( -2.600000000000001000, 0.2500000000000014400, -2.850000000000000100 ) ) ;
#7688 = LINE ( 'NONE', #7687, #7686 ) ;
#7689 = DIRECTION ( 'NONE',  ( 0.0000000000000000000, 0.0000000000000000000, 1.000000000000000000 ) ) ;
#7690 = DIRECTION ( 'NONE',  ( -1.000000000000000000, -0.0000000000000000000, 0.0000000000000000000 ) ) ;
#7691 = CARTESIAN_POINT ( 'NONE',  ( -2.600000000000001000, -0.1999999999999999800, -2.799999999999999800 ) ) ;
#7692 = AXIS2_PLACEMENT_3D ( 'NONE', #7691, #7690, #7689 ) ;
#7693 = PLANE ( 'NONE',  #7692 ) ;
#7694 = FACE_OUTER_BOUND ( 'NONE', #1893, .T. ) ;
#7695 = DIRECTION ( 'NONE',  ( 0.0000000000000000000, 1.000000000000000000, 0.0000000000000000000 ) ) ;
#7696 = VECTOR ( 'NONE', #7695, 1000.000000000000000 ) ;
#7697 = CARTESIAN_POINT ( 'NONE',  ( -2.400000000000001200, -0.6999999999999999600, -3.000000000000000000 ) ) ;
#7698 = LINE ( 'NONE', #7697, #7696 ) ;
#7699 = CARTESIAN_POINT ( 'NONE',  ( -2.400000000000001200, 0.1000000000000000500, -3.000000000000000000 ) ) ;
#7700 = DIRECTION ( 'NONE',  ( -1.000000000000000000, -0.0000000000000000000, -0.0000000000000000000 ) ) ;
#7701 = VECTOR ( 'NONE', #7700, 1000.000000000000000 ) ;
#7702 = CARTESIAN_POINT ( 'NONE',  ( -2.400000000000001200, 0.1000000000000000500, -3.000000000000000000 ) ) ;
#7703 = LINE ( 'NONE', #7702, #7701 ) ;
#7704 = CARTESIAN_POINT ( 'NONE',  ( -2.600000000000001000, 0.1000000000000000500, -3.000000000000000000 ) ) ;
#7705 = DIRECTION ( 'NONE',  ( 0.0000000000000000000, 1.000000000000000000, 0.0000000000000000000 ) ) ;
#7706 = VECTOR ( 'NONE', #7705, 1000.000000000000000 ) ;
#7707 = CARTESIAN_POINT ( 'NONE',  ( -2.600000000000001000, -0.6999999999999999600, -3.000000000000000000 ) ) ;
#7708 = LINE ( 'NONE', #7707, #7706 ) ;
#7709 = DIRECTION ( 'NONE',  ( -1.000000000000000000, -0.0000000000000000000, -0.0000000000000000000 ) ) ;
#7710 = VECTOR ( 'NONE', #7709, 1000.000000000000000 ) ;
#7711 = CARTESIAN_POINT ( 'NONE',  ( -1.400000000000000400, 3.849999999999999200, -0.9000000000000003600 ) ) ;
#7712 = LINE ( 'NONE', #7711, #7710 ) ;
#7713 = CARTESIAN_POINT ( 'NONE',  ( -1.400000000000000400, 3.849999999999999200, -0.9000000000000003600 ) ) ;
#7714 = DIRECTION ( 'NONE',  ( -1.000000000000000000, 0.0000000000000000000, -0.0000000000000000000 ) ) ;
#7715 = DIRECTION ( 'NONE',  ( 0.0000000000000000000, 0.0000000000000000000, -1.000000000000000000 ) ) ;
#7716 = CARTESIAN_POINT ( 'NONE',  ( -2.400000000000001200, -0.1999999999999999800, -2.799999999999999800 ) ) ;
#7717 = AXIS2_PLACEMENT_3D ( 'NONE', #7716, #7715, #7714 ) ;
#7718 = PLANE ( 'NONE',  #7717 ) ;
#7719 = CARTESIAN_POINT ( 'NONE',  ( -4.400000000000000400, 3.849999999999999200, 0.8999999999999999100 ) ) ;
#7720 = LINE ( 'NONE', #7719, #8248 ) ;
#7721 = FACE_OUTER_BOUND ( 'NONE', #1916, .T. ) ;
#7722 = DIRECTION ( 'NONE',  ( 1.000000000000000000, 0.0000000000000000000, -0.0000000000000000000 ) ) ;
#7723 = DIRECTION ( 'NONE',  ( 0.0000000000000000000, 0.0000000000000000000, 1.000000000000000000 ) ) ;
#7724 = CARTESIAN_POINT ( 'NONE',  ( -2.400000000000001200, -0.6999999999999999600, -3.000000000000000000 ) ) ;
#7725 = AXIS2_PLACEMENT_3D ( 'NONE', #7724, #7723, #7722 ) ;
#7726 = PLANE ( 'NONE',  #7725 ) ;
#7727 = FACE_OUTER_BOUND ( 'NONE', #1911, .T. ) ;
#7728 = DIRECTION ( 'NONE',  ( 0.0000000000000000000, 0.0000000000000000000, -1.000000000000000000 ) ) ;
#7729 = VECTOR ( 'NONE', #7728, 1000.000000000000000 ) ;
#7730 = CARTESIAN_POINT ( 'NONE',  ( -2.400000000000001200, -0.6999999999999999600, -2.799999999999999800 ) ) ;
#7731 = LINE ( 'NONE', #7730, #7729 ) ;
#7732 = CARTESIAN_POINT ( 'NONE',  ( -2.400000000000001200, -0.6999999999999999600, -3.000000000000000000 ) ) ;
#7733 = DIRECTION ( 'NONE',  ( -1.000000000000000000, -0.0000000000000000000, -0.0000000000000000000 ) ) ;
#7734 = VECTOR ( 'NONE', #7733, 1000.000000000000000 ) ;
#7735 = CARTESIAN_POINT ( 'NONE',  ( -2.400000000000001200, -0.6999999999999999600, -3.000000000000000000 ) ) ;
#7736 = LINE ( 'NONE', #7735, #7734 ) ;
#7737 = CARTESIAN_POINT ( 'NONE',  ( -2.600000000000001000, -0.6999999999999999600, -3.000000000000000000 ) ) ;
#7738 = DIRECTION ( 'NONE',  ( 0.0000000000000000000, 0.0000000000000000000, -1.000000000000000000 ) ) ;
#7739 = VECTOR ( 'NONE', #7738, 1000.000000000000000 ) ;
#7740 = CARTESIAN_POINT ( 'NONE',  ( -2.600000000000001000, -0.6999999999999999600, -2.799999999999999800 ) ) ;
#7741 = LINE ( 'NONE', #7740, #7739 ) ;
#7742 = DIRECTION ( 'NONE',  ( 0.0000000000000000000, -0.0000000000000000000, 1.000000000000000000 ) ) ;
#7743 = DIRECTION ( 'NONE',  ( -0.0000000000000000000, 1.000000000000000000, 0.0000000000000000000 ) ) ;
#7744 = CARTESIAN_POINT ( 'NONE',  ( -2.400000000000001200, -0.6999999999999999600, -2.799999999999999800 ) ) ;
#7745 = AXIS2_PLACEMENT_3D ( 'NONE', #7744, #7743, #7742 ) ;
#7746 = PLANE ( 'NONE',  #7745 ) ;
#7747 = FACE_OUTER_BOUND ( 'NONE', #1900, .T. ) ;
#7748 = DIRECTION ( 'NONE',  ( -1.000000000000000000, -0.0000000000000000000, -0.0000000000000000000 ) ) ;
#7749 = VECTOR ( 'NONE', #7748, 1000.000000000000000 ) ;
#7750 = CARTESIAN_POINT ( 'NONE',  ( -2.400000000000001200, -0.1999999999999999800, -2.799999999999999800 ) ) ;
#7751 = DIRECTION ( 'NONE',  ( 0.0000000000000000000, -1.000000000000000000, 1.642730564371976600E-017 ) ) ;
#7752 = DIRECTION ( 'NONE',  ( -0.0000000000000000000, 1.642730564371976600E-017, 1.000000000000000000 ) ) ;
#7753 = CARTESIAN_POINT ( 'NONE',  ( -2.400000000000001200, 0.5499999999999992700, 0.3999999999999997400 ) ) ;
#7754 = AXIS2_PLACEMENT_3D ( 'NONE', #7753, #7752, #7751 ) ;
#7755 = PLANE ( 'NONE',  #7754 ) ;
#7756 = FACE_OUTER_BOUND ( 'NONE', #1936, .T. ) ;
#7757 = DIRECTION ( 'NONE',  ( 0.0000000000000000000, -0.7071067811865510100, -0.7071067811865441300 ) ) ;
#7758 = DIRECTION ( 'NONE',  ( 0.0000000000000000000, -0.7071067811865441300, 0.7071067811865510100 ) ) ;
#7759 = CARTESIAN_POINT ( 'NONE',  ( -2.400000000000001200, 0.2500000000000014400, -2.850000000000000100 ) ) ;
#7760 = AXIS2_PLACEMENT_3D ( 'NONE', #7759, #7758, #7757 ) ;
#7761 = PLANE ( 'NONE',  #7760 ) ;
#7762 = FACE_OUTER_BOUND ( 'NONE', #1952, .T. ) ;
#7763 = DIRECTION ( 'NONE',  ( -0.0000000000000000000, -0.0000000000000000000, 1.000000000000000000 ) ) ;
#7764 = VECTOR ( 'NONE', #7763, 1000.000000000000000 ) ;
#7765 = CARTESIAN_POINT ( 'NONE',  ( -2.400000000000001200, 3.849999999999999200, 0.8999999999999999100 ) ) ;
#7766 = LINE ( 'NONE', #7765, #7764 ) ;
#7767 = CARTESIAN_POINT ( 'NONE',  ( -2.400000000000001200, 3.849999999999999200, 0.8999999999999999100 ) ) ;
#7768 = DIRECTION ( 'NONE',  ( -1.000000000000000000, -0.0000000000000000000, -0.0000000000000000000 ) ) ;
#7769 = VECTOR ( 'NONE', #7768, 1000.000000000000000 ) ;
#7770 = CARTESIAN_POINT ( 'NONE',  ( -2.400000000000001200, 3.849999999999999200, 0.8999999999999999100 ) ) ;
#7771 = LINE ( 'NONE', #7770, #7769 ) ;
#7772 = CARTESIAN_POINT ( 'NONE',  ( -2.600000000000001000, 3.849999999999999200, 0.8999999999999999100 ) ) ;
#7773 = DIRECTION ( 'NONE',  ( -1.000000000000000000, -0.0000000000000000000, -0.0000000000000000000 ) ) ;
#7774 = VECTOR ( 'NONE', #7773, 1000.000000000000000 ) ;
#7775 = CARTESIAN_POINT ( 'NONE',  ( -2.400000000000001200, -0.6999999999999999600, -2.799999999999999800 ) ) ;
#7776 = LINE ( 'NONE', #7775, #7774 ) ;
#7777 = CARTESIAN_POINT ( 'NONE',  ( -2.600000000000001000, -0.6999999999999999600, -2.799999999999999800 ) ) ;
#7778 = CARTESIAN_POINT ( 'NONE',  ( -2.600000000000001000, -0.1999999999999999800, -2.799999999999999800 ) ) ;
#7779 = DIRECTION ( 'NONE',  ( 0.0000000000000000000, -1.000000000000000000, 0.0000000000000000000 ) ) ;
#7780 = VECTOR ( 'NONE', #7779, 1000.000000000000000 ) ;
#7781 = CARTESIAN_POINT ( 'NONE',  ( -2.600000000000001000, -0.1999999999999999800, -2.799999999999999800 ) ) ;
#7782 = LINE ( 'NONE', #7781, #7780 ) ;
#7783 = DIRECTION ( 'NONE',  ( 0.0000000000000000000, 4.336808689942016200E-015, 1.000000000000000000 ) ) ;
#7784 = VECTOR ( 'NONE', #7783, 1000.000000000000000 ) ;
#7785 = CARTESIAN_POINT ( 'NONE',  ( -2.600000000000001000, 5.799999999999999800, -3.000000000000000000 ) ) ;
#7786 = LINE ( 'NONE', #7785, #7784 ) ;
#7787 = DIRECTION ( 'NONE',  ( -0.0000000000000000000, 0.7071067811865510100, 0.7071067811865441300 ) ) ;
#7788 = VECTOR ( 'NONE', #7787, 1000.000000000000000 ) ;
#7789 = CARTESIAN_POINT ( 'NONE',  ( -2.400000000000001200, 0.2500000000000014400, -2.850000000000000100 ) ) ;
#7790 = LINE ( 'NONE', #7789, #7788 ) ;
#7791 = DIRECTION ( 'NONE',  ( 0.0000000000000000000, 0.0000000000000000000, 1.000000000000000000 ) ) ;
#7792 = DIRECTION ( 'NONE',  ( -1.000000000000000000, -0.0000000000000000000, 0.0000000000000000000 ) ) ;
#7793 = CARTESIAN_POINT ( 'NONE',  ( -2.400000000000001200, -0.1999999999999999800, -2.799999999999999800 ) ) ;
#7794 = AXIS2_PLACEMENT_3D ( 'NONE', #7793, #7792, #7791 ) ;
#7795 = PLANE ( 'NONE',  #7794 ) ;
#7796 = FACE_OUTER_BOUND ( 'NONE', #1960, .T. ) ;
#7797 = DIRECTION ( 'NONE',  ( 0.0000000000000000000, -0.7071067811865462400, -0.7071067811865489100 ) ) ;
#7798 = VECTOR ( 'NONE', #7797, 1000.000000000000000 ) ;
#7799 = CARTESIAN_POINT ( 'NONE',  ( -2.600000000000001000, 0.09999999999999917300, -2.499999999999999600 ) ) ;
#7800 = LINE ( 'NONE', #7799, #7798 ) ;
#7801 = DIRECTION ( 'NONE',  ( 0.0000000000000000000, 0.7071067811865462400, 0.7071067811865489100 ) ) ;
#7802 = DIRECTION ( 'NONE',  ( 0.0000000000000000000, 0.7071067811865489100, -0.7071067811865462400 ) ) ;
#7803 = CARTESIAN_POINT ( 'NONE',  ( -2.400000000000001200, 0.09999999999999917300, -2.499999999999999600 ) ) ;
#7804 = AXIS2_PLACEMENT_3D ( 'NONE', #7803, #7802, #7801 ) ;
#7805 = PLANE ( 'NONE',  #7804 ) ;
#7806 = FACE_OUTER_BOUND ( 'NONE', #1947, .T. ) ;
#7807 = DIRECTION ( 'NONE',  ( 0.0000000000000000000, -0.7071067811865462400, -0.7071067811865489100 ) ) ;
#7808 = VECTOR ( 'NONE', #7807, 1000.000000000000000 ) ;
#7809 = CARTESIAN_POINT ( 'NONE',  ( -2.400000000000001200, 0.09999999999999917300, -2.499999999999999600 ) ) ;
#7810 = LINE ( 'NONE', #7809, #7808 ) ;
#7811 = CARTESIAN_POINT ( 'NONE',  ( -2.600000000000001000, 3.849999999999999200, 0.3999999999999996900 ) ) ;
#7812 = DIRECTION ( 'NONE',  ( 0.0000000000000000000, 1.000000000000000000, -1.642730564371976600E-017 ) ) ;
#7813 = VECTOR ( 'NONE', #7812, 1000.000000000000000 ) ;
#7814 = CARTESIAN_POINT ( 'NONE',  ( -2.600000000000001000, 0.5499999999999992700, 0.3999999999999997400 ) ) ;
#7815 = LINE ( 'NONE', #7814, #7813 ) ;
#7816 = FACE_OUTER_BOUND ( 'NONE', #1990, .T. ) ;
#7817 = DIRECTION ( 'NONE',  ( 0.0000000000000000000, -1.000000000000000000, -1.156482317317871500E-016 ) ) ;
#7818 = VECTOR ( 'NONE', #7817, 1000.000000000000000 ) ;
#7819 = CARTESIAN_POINT ( 'NONE',  ( -2.600000000000001000, 3.849999999999999200, 0.8999999999999999100 ) ) ;
#7820 = LINE ( 'NONE', #7819, #7818 ) ;
#7821 = DIRECTION ( 'NONE',  ( 0.0000000000000000000, -1.000000000000000000, -1.156482317317871500E-016 ) ) ;
#7822 = VECTOR ( 'NONE', #7821, 1000.000000000000000 ) ;
#7823 = CARTESIAN_POINT ( 'NONE',  ( -2.400000000000001200, 3.849999999999999200, 0.8999999999999999100 ) ) ;
#7824 = LINE ( 'NONE', #7823, #7822 ) ;
#7825 = DIRECTION ( 'NONE',  ( 0.0000000000000000000, 1.000000000000000000, 1.156482317317871500E-016 ) ) ;
#7826 = DIRECTION ( 'NONE',  ( 0.0000000000000000000, 1.156482317317871500E-016, -1.000000000000000000 ) ) ;
#7827 = CARTESIAN_POINT ( 'NONE',  ( -2.400000000000001200, 3.849999999999999200, 0.8999999999999999100 ) ) ;
#7828 = AXIS2_PLACEMENT_3D ( 'NONE', #7827, #7826, #7825 ) ;
#7829 = PLANE ( 'NONE',  #7828 ) ;
#7830 = FACE_OUTER_BOUND ( 'NONE', #1982, .T. ) ;
#7831 = CARTESIAN_POINT ( 'NONE',  ( -2.600000000000001000, 4.999999999999999100, -3.000000000000000000 ) ) ;
#7832 = DIRECTION ( 'NONE',  ( 0.0000000000000000000, 1.000000000000000000, 0.0000000000000000000 ) ) ;
#7833 = VECTOR ( 'NONE', #7832, 1000.000000000000000 ) ;
#7834 = CARTESIAN_POINT ( 'NONE',  ( -2.600000000000001000, 4.999999999999999100, -3.000000000000000000 ) ) ;
#7835 = LINE ( 'NONE', #7834, #7833 ) ;
#7836 = DIRECTION ( 'NONE',  ( 1.000000000000000000, 0.0000000000000000000, -0.0000000000000000000 ) ) ;
#7837 = DIRECTION ( 'NONE',  ( 0.0000000000000000000, 0.0000000000000000000, 1.000000000000000000 ) ) ;
#7838 = CARTESIAN_POINT ( 'NONE',  ( -2.400000000000001200, 4.999999999999999100, -3.000000000000000000 ) ) ;
#7839 = AXIS2_PLACEMENT_3D ( 'NONE', #7838, #7837, #7836 ) ;
#7840 = PLANE ( 'NONE',  #7839 ) ;
#7841 = DIRECTION ( 'NONE',  ( 0.0000000000000000000, 0.0000000000000000000, 1.000000000000000000 ) ) ;
#7842 = DIRECTION ( 'NONE',  ( -1.000000000000000000, -0.0000000000000000000, 0.0000000000000000000 ) ) ;
#7843 = CARTESIAN_POINT ( 'NONE',  ( -2.600000000000001000, -0.1999999999999999800, -2.799999999999999800 ) ) ;
#7844 = AXIS2_PLACEMENT_3D ( 'NONE', #7843, #7842, #7841 ) ;
#7845 = FACE_OUTER_BOUND ( 'NONE', #1977, .T. ) ;
#7846 = PLANE ( 'NONE',  #7844 ) ;
#7847 = FACE_OUTER_BOUND ( 'NONE', #1971, .T. ) ;
#7848 = CARTESIAN_POINT ( 'NONE',  ( -2.400000000000001200, 5.800000000000000700, -2.799999999999999800 ) ) ;
#7849 = CARTESIAN_POINT ( 'NONE',  ( -2.600000000000001000, 5.800000000000000700, -2.799999999999999800 ) ) ;
#7850 = PLANE ( 'NONE',  #7913 ) ;
#7851 = DIRECTION ( 'NONE',  ( 0.0000000000000000000, -1.000000000000000000, -8.673617379884042400E-016 ) ) ;
#7852 = VECTOR ( 'NONE', #7851, 1000.000000000000000 ) ;
#7853 = CARTESIAN_POINT ( 'NONE',  ( -2.400000000000001200, 5.800000000000000700, -2.799999999999999800 ) ) ;
#7854 = LINE ( 'NONE', #7853, #7852 ) ;
#7855 = DIRECTION ( 'NONE',  ( 0.0000000000000000000, 0.7071067811865454600, -0.7071067811865495700 ) ) ;
#7856 = VECTOR ( 'NONE', #7855, 1000.000000000000000 ) ;
#7857 = CARTESIAN_POINT ( 'NONE',  ( -2.600000000000001000, 4.850000000000000500, -2.850000000000000100 ) ) ;
#7858 = LINE ( 'NONE', #7857, #7856 ) ;
#7859 = DIRECTION ( 'NONE',  ( -0.0000000000000000000, -0.0000000000000000000, 1.000000000000000000 ) ) ;
#7860 = VECTOR ( 'NONE', #7859, 1000.000000000000000 ) ;
#7861 = CARTESIAN_POINT ( 'NONE',  ( -2.600000000000001000, 3.849999999999999200, 0.8999999999999999100 ) ) ;
#7862 = LINE ( 'NONE', #7861, #7860 ) ;
#7863 = DIRECTION ( 'NONE',  ( 0.0000000000000000000, -0.0000000000000000000, -1.000000000000000000 ) ) ;
#7864 = DIRECTION ( 'NONE',  ( 0.0000000000000000000, -1.000000000000000000, 0.0000000000000000000 ) ) ;
#7865 = CARTESIAN_POINT ( 'NONE',  ( -2.400000000000001200, 3.849999999999999200, 0.8999999999999999100 ) ) ;
#7866 = AXIS2_PLACEMENT_3D ( 'NONE', #7865, #7864, #7863 ) ;
#7867 = PLANE ( 'NONE',  #7866 ) ;
#7868 = FACE_OUTER_BOUND ( 'NONE', #1999, .T. ) ;
#7869 = DIRECTION ( 'NONE',  ( 0.0000000000000000000, 1.000000000000000000, -1.642730564371976600E-017 ) ) ;
#7870 = VECTOR ( 'NONE', #7869, 1000.000000000000000 ) ;
#7871 = CARTESIAN_POINT ( 'NONE',  ( -2.400000000000001200, 0.5499999999999992700, 0.3999999999999997400 ) ) ;
#7872 = LINE ( 'NONE', #7871, #7870 ) ;
#7873 = CARTESIAN_POINT ( 'NONE',  ( -2.400000000000001200, 3.849999999999999200, 0.3999999999999996900 ) ) ;
#7874 = DIRECTION ( 'NONE',  ( -1.000000000000000000, -0.0000000000000000000, -0.0000000000000000000 ) ) ;
#7875 = VECTOR ( 'NONE', #7874, 1000.000000000000000 ) ;
#7876 = CARTESIAN_POINT ( 'NONE',  ( -2.400000000000001200, 3.849999999999999200, 0.3999999999999996900 ) ) ;
#7877 = LINE ( 'NONE', #7876, #7875 ) ;
#7878 = DIRECTION ( 'NONE',  ( 0.0000000000000000000, 0.0000000000000000000, 1.000000000000000000 ) ) ;
#7879 = DIRECTION ( 'NONE',  ( -1.000000000000000000, -0.0000000000000000000, 0.0000000000000000000 ) ) ;
#7880 = CARTESIAN_POINT ( 'NONE',  ( -2.400000000000001200, -0.1999999999999999800, -2.799999999999999800 ) ) ;
#7881 = AXIS2_PLACEMENT_3D ( 'NONE', #7880, #7879, #7878 ) ;
#7882 = PLANE ( 'NONE',  #7881 ) ;
#7883 = DIRECTION ( 'NONE',  ( -1.000000000000000000, -0.0000000000000000000, -0.0000000000000000000 ) ) ;
#7884 = VECTOR ( 'NONE', #7883, 1000.000000000000000 ) ;
#7885 = CARTESIAN_POINT ( 'NONE',  ( -2.400000000000001200, 5.300000000000000700, -2.800000000000000300 ) ) ;
#7886 = LINE ( 'NONE', #7885, #7884 ) ;
#7887 = CARTESIAN_POINT ( 'NONE',  ( -2.600000000000001000, 5.300000000000000700, -2.800000000000000300 ) ) ;
#7888 = DIRECTION ( 'NONE',  ( 0.0000000000000000000, -1.000000000000000000, -8.673617379884042400E-016 ) ) ;
#7889 = VECTOR ( 'NONE', #7888, 1000.000000000000000 ) ;
#7890 = CARTESIAN_POINT ( 'NONE',  ( -2.600000000000001000, 5.800000000000000700, -2.799999999999999800 ) ) ;
#7891 = LINE ( 'NONE', #7890, #7889 ) ;
#7892 = DIRECTION ( 'NONE',  ( 0.0000000000000000000, 1.000000000000000000, 8.673617379884043400E-016 ) ) ;
#7893 = DIRECTION ( 'NONE',  ( 0.0000000000000000000, 8.673617379884043400E-016, -1.000000000000000000 ) ) ;
#7894 = CARTESIAN_POINT ( 'NONE',  ( -2.400000000000001200, 5.800000000000000700, -2.799999999999999800 ) ) ;
#7895 = AXIS2_PLACEMENT_3D ( 'NONE', #7894, #7893, #7892 ) ;
#7896 = PLANE ( 'NONE',  #7895 ) ;
#7897 = FACE_OUTER_BOUND ( 'NONE', #2025, .T. ) ;
#7898 = DIRECTION ( 'NONE',  ( 0.0000000000000000000, 4.336808689942016200E-015, 1.000000000000000000 ) ) ;
#7899 = VECTOR ( 'NONE', #7898, 1000.000000000000000 ) ;
#7900 = CARTESIAN_POINT ( 'NONE',  ( -2.400000000000001200, 5.799999999999999800, -3.000000000000000000 ) ) ;
#7901 = LINE ( 'NONE', #7900, #7899 ) ;
#7902 = DIRECTION ( 'NONE',  ( -1.000000000000000000, -0.0000000000000000000, -0.0000000000000000000 ) ) ;
#7903 = VECTOR ( 'NONE', #7902, 1000.000000000000000 ) ;
#7904 = CARTESIAN_POINT ( 'NONE',  ( -2.400000000000001200, 5.800000000000000700, -2.799999999999999800 ) ) ;
#7905 = LINE ( 'NONE', #7904, #7903 ) ;
#7906 = DIRECTION ( 'NONE',  ( 0.0000000000000000000, 0.7071067811865454600, -0.7071067811865495700 ) ) ;
#7907 = VECTOR ( 'NONE', #7906, 1000.000000000000000 ) ;
#7908 = CARTESIAN_POINT ( 'NONE',  ( -2.400000000000001200, 4.850000000000000500, -2.850000000000000100 ) ) ;
#7909 = LINE ( 'NONE', #7908, #7907 ) ;
#7910 = DIRECTION ( 'NONE',  ( 0.0000000000000000000, 0.0000000000000000000, 1.000000000000000000 ) ) ;
#7911 = DIRECTION ( 'NONE',  ( -1.000000000000000000, 0.0000000000000000000, 0.0000000000000000000 ) ) ;
#7912 = CARTESIAN_POINT ( 'NONE',  ( -2.400000000000001200, 3.849999999999998300, -2.500000000000000900 ) ) ;
#7913 = AXIS2_PLACEMENT_3D ( 'NONE', #7912, #7911, #7910 ) ;
#7914 = FACE_OUTER_BOUND ( 'NONE', #2011, .T. ) ;
#7915 = DIRECTION ( 'NONE',  ( 1.000000000000000000, 0.0000000000000000000, -0.0000000000000000000 ) ) ;
#7916 = DIRECTION ( 'NONE',  ( 0.0000000000000000000, 0.0000000000000000000, 1.000000000000000000 ) ) ;
#7917 = CARTESIAN_POINT ( 'NONE',  ( -2.400000000000001200, 2.099999999999999600, -0.9000000000000004700 ) ) ;
#7918 = AXIS2_PLACEMENT_3D ( 'NONE', #7917, #7916, #7915 ) ;
#7919 = PLANE ( 'NONE',  #7918 ) ;
#7920 = FACE_OUTER_BOUND ( 'NONE', #2046, .T. ) ;
#7921 = DIRECTION ( 'NONE',  ( 0.0000000000000000000, -1.000000000000000000, -1.232047923278982200E-016 ) ) ;
#7922 = VECTOR ( 'NONE', #7921, 1000.000000000000000 ) ;
#7923 = CARTESIAN_POINT ( 'NONE',  ( -2.600000000000001000, 3.849999999999999200, -0.4000000000000004100 ) ) ;
#7924 = LINE ( 'NONE', #7923, #7922 ) ;
#7925 = DIRECTION ( 'NONE',  ( 0.0000000000000000000, -4.336808689942016200E-015, -1.000000000000000000 ) ) ;
#7926 = DIRECTION ( 'NONE',  ( 0.0000000000000000000, -1.000000000000000000, 4.336808689942016200E-015 ) ) ;
#7927 = CARTESIAN_POINT ( 'NONE',  ( -2.400000000000001200, 5.799999999999999800, -3.000000000000000000 ) ) ;
#7928 = AXIS2_PLACEMENT_3D ( 'NONE', #7927, #7926, #7925 ) ;
#7929 = PLANE ( 'NONE',  #7928 ) ;
#7930 = FACE_OUTER_BOUND ( 'NONE', #1963, .T. ) ;
#7931 = DIRECTION ( 'NONE',  ( -1.000000000000000000, -0.0000000000000000000, -0.0000000000000000000 ) ) ;
#7932 = VECTOR ( 'NONE', #7931, 1000.000000000000000 ) ;
#7933 = CARTESIAN_POINT ( 'NONE',  ( -2.400000000000001200, 4.999999999999999100, -3.000000000000000000 ) ) ;
#7934 = LINE ( 'NONE', #7933, #7932 ) ;
#7935 = CARTESIAN_POINT ( 'NONE',  ( -2.400000000000001200, 4.999999999999999100, -3.000000000000000000 ) ) ;
#7936 = DIRECTION ( 'NONE',  ( 0.0000000000000000000, 1.000000000000000000, 0.0000000000000000000 ) ) ;
#7937 = VECTOR ( 'NONE', #7936, 1000.000000000000000 ) ;
#7938 = CARTESIAN_POINT ( 'NONE',  ( -2.400000000000001200, 4.999999999999999100, -3.000000000000000000 ) ) ;
#7939 = LINE ( 'NONE', #7938, #7937 ) ;
#7940 = CARTESIAN_POINT ( 'NONE',  ( -2.400000000000001200, 5.799999999999999800, -3.000000000000000000 ) ) ;
#7941 = DIRECTION ( 'NONE',  ( -1.000000000000000000, -0.0000000000000000000, -0.0000000000000000000 ) ) ;
#7942 = VECTOR ( 'NONE', #7941, 1000.000000000000000 ) ;
#7943 = CARTESIAN_POINT ( 'NONE',  ( -2.400000000000001200, 5.799999999999999800, -3.000000000000000000 ) ) ;
#7944 = LINE ( 'NONE', #7943, #7942 ) ;
#7945 = CARTESIAN_POINT ( 'NONE',  ( -2.600000000000001000, 5.799999999999999800, -3.000000000000000000 ) ) ;
#7946 = CARTESIAN_POINT ( 'NONE',  ( -2.400000000000001200, 5.300000000000000700, -2.800000000000000300 ) ) ;
#7947 = CARTESIAN_POINT ( 'NONE',  ( -2.400000000000001200, 5.300000000000000700, -2.800000000000000300 ) ) ;
#7948 = AXIS2_PLACEMENT_3D ( 'NONE', #7947, #8013, #8012 ) ;
#7949 = PLANE ( 'NONE',  #7948 ) ;
#7950 = FACE_OUTER_BOUND ( 'NONE', #2007, .T. ) ;
#7951 = DIRECTION ( 'NONE',  ( -1.000000000000000000, -0.0000000000000000000, -0.0000000000000000000 ) ) ;
#7952 = VECTOR ( 'NONE', #7951, 1000.000000000000000 ) ;
#7953 = CARTESIAN_POINT ( 'NONE',  ( -2.400000000000001200, 3.849999999999999200, -0.9000000000000004700 ) ) ;
#7954 = LINE ( 'NONE', #7953, #7952 ) ;
#7955 = CARTESIAN_POINT ( 'NONE',  ( -2.400000000000001200, 3.849999999999999200, -0.9000000000000004700 ) ) ;
#7956 = DIRECTION ( 'NONE',  ( 0.0000000000000000000, 0.0000000000000000000, 1.000000000000000000 ) ) ;
#7957 = VECTOR ( 'NONE', #7956, 1000.000000000000000 ) ;
#7958 = CARTESIAN_POINT ( 'NONE',  ( -2.400000000000001200, 3.849999999999999200, -0.9000000000000004700 ) ) ;
#7959 = LINE ( 'NONE', #7958, #7957 ) ;
#7960 = CARTESIAN_POINT ( 'NONE',  ( -2.400000000000001200, 3.849999999999999200, -0.4000000000000004100 ) ) ;
#7961 = DIRECTION ( 'NONE',  ( -1.000000000000000000, -0.0000000000000000000, -0.0000000000000000000 ) ) ;
#7962 = VECTOR ( 'NONE', #7961, 1000.000000000000000 ) ;
#7963 = CARTESIAN_POINT ( 'NONE',  ( -2.400000000000001200, 3.849999999999999200, -0.4000000000000004100 ) ) ;
#7964 = LINE ( 'NONE', #7963, #7962 ) ;
#7965 = CARTESIAN_POINT ( 'NONE',  ( -2.600000000000001000, 3.849999999999999200, -0.4000000000000004100 ) ) ;
#7966 = CARTESIAN_POINT ( 'NONE',  ( -2.600000000000001000, 3.849999999999999200, -0.9000000000000004700 ) ) ;
#7967 = DIRECTION ( 'NONE',  ( 0.0000000000000000000, 0.0000000000000000000, 1.000000000000000000 ) ) ;
#7968 = VECTOR ( 'NONE', #7967, 1000.000000000000000 ) ;
#7969 = CARTESIAN_POINT ( 'NONE',  ( -2.600000000000001000, 3.849999999999999200, -0.9000000000000004700 ) ) ;
#7970 = LINE ( 'NONE', #7969, #7968 ) ;
#7971 = DIRECTION ( 'NONE',  ( 0.0000000000000000000, -0.0000000000000000000, -1.000000000000000000 ) ) ;
#7972 = DIRECTION ( 'NONE',  ( 0.0000000000000000000, -1.000000000000000000, 0.0000000000000000000 ) ) ;
#7973 = CARTESIAN_POINT ( 'NONE',  ( -2.400000000000001200, 3.849999999999999200, -0.9000000000000004700 ) ) ;
#7974 = AXIS2_PLACEMENT_3D ( 'NONE', #7973, #7972, #7971 ) ;
#7975 = PLANE ( 'NONE',  #7974 ) ;
#7976 = FACE_OUTER_BOUND ( 'NONE', #2052, .T. ) ;
#7977 = DIRECTION ( 'NONE',  ( 0.0000000000000000000, 1.000000000000000000, 0.0000000000000000000 ) ) ;
#7978 = VECTOR ( 'NONE', #7977, 1000.000000000000000 ) ;
#7979 = CARTESIAN_POINT ( 'NONE',  ( -2.600000000000001000, 2.099999999999999600, -0.9000000000000004700 ) ) ;
#7980 = LINE ( 'NONE', #7979, #7978 ) ;
#7981 = FACE_OUTER_BOUND ( 'NONE', #2092, .T. ) ;
#7982 = DIRECTION ( 'NONE',  ( 1.000000000000000000, 0.0000000000000000000, -0.0000000000000000000 ) ) ;
#7983 = DIRECTION ( 'NONE',  ( 0.0000000000000000000, 0.0000000000000000000, 1.000000000000000000 ) ) ;
#7984 = CARTESIAN_POINT ( 'NONE',  ( -3.400000000000000400, -0.6999999999999999600, -3.000000000000000000 ) ) ;
#7985 = AXIS2_PLACEMENT_3D ( 'NONE', #7984, #7983, #7982 ) ;
#7986 = PLANE ( 'NONE',  #7985 ) ;
#7987 = FACE_OUTER_BOUND ( 'NONE', #2087, .T. ) ;
#7988 = DIRECTION ( 'NONE',  ( 0.0000000000000000000, 0.0000000000000000000, -1.000000000000000000 ) ) ;
#7989 = VECTOR ( 'NONE', #7988, 1000.000000000000000 ) ;
#7990 = CARTESIAN_POINT ( 'NONE',  ( -3.400000000000000400, -0.6999999999999999600, -2.799999999999999800 ) ) ;
#7991 = LINE ( 'NONE', #7990, #7989 ) ;
#7992 = DIRECTION ( 'NONE',  ( 0.0000000000000000000, -0.7071067811865460200, 0.7071067811865490200 ) ) ;
#7993 = VECTOR ( 'NONE', #7992, 1000.000000000000100 ) ;
#7994 = CARTESIAN_POINT ( 'NONE',  ( -2.600000000000001000, 5.300000000000000700, -2.800000000000000300 ) ) ;
#7995 = LINE ( 'NONE', #7994, #7993 ) ;
#7996 = DIRECTION ( 'NONE',  ( 0.0000000000000000000, 0.0000000000000000000, 1.000000000000000000 ) ) ;
#7997 = DIRECTION ( 'NONE',  ( -1.000000000000000000, 0.0000000000000000000, 0.0000000000000000000 ) ) ;
#7998 = CARTESIAN_POINT ( 'NONE',  ( -2.600000000000001000, 3.849999999999998300, -2.500000000000000900 ) ) ;
#7999 = AXIS2_PLACEMENT_3D ( 'NONE', #7998, #7997, #7996 ) ;
#8000 = PLANE ( 'NONE',  #7999 ) ;
#8001 = FACE_OUTER_BOUND ( 'NONE', #2078, .T. ) ;
#8002 = DIRECTION ( 'NONE',  ( 0.0000000000000000000, -0.7071067811865460200, 0.7071067811865490200 ) ) ;
#8003 = VECTOR ( 'NONE', #8002, 1000.000000000000100 ) ;
#8004 = CARTESIAN_POINT ( 'NONE',  ( -2.400000000000001200, 5.300000000000000700, -2.800000000000000300 ) ) ;
#8005 = LINE ( 'NONE', #8004, #8003 ) ;
#8006 = DIRECTION ( 'NONE',  ( 0.0000000000000000000, -0.7071067811865454600, 0.7071067811865495700 ) ) ;
#8007 = DIRECTION ( 'NONE',  ( -0.0000000000000000000, 0.7071067811865495700, 0.7071067811865454600 ) ) ;
#8008 = CARTESIAN_POINT ( 'NONE',  ( -2.400000000000001200, 4.850000000000000500, -2.850000000000000100 ) ) ;
#8009 = AXIS2_PLACEMENT_3D ( 'NONE', #8008, #8007, #8006 ) ;
#8010 = PLANE ( 'NONE',  #8009 ) ;
#8011 = FACE_OUTER_BOUND ( 'NONE', #2071, .T. ) ;
#8012 = DIRECTION ( 'NONE',  ( 0.0000000000000000000, 0.7071067811865460200, -0.7071067811865490200 ) ) ;
#8013 = DIRECTION ( 'NONE',  ( 0.0000000000000000000, -0.7071067811865490200, -0.7071067811865460200 ) ) ;
#8014 = DIRECTION ( 'NONE',  ( -1.000000000000000000, 0.0000000000000000000, 0.0000000000000000000 ) ) ;
#8015 = CARTESIAN_POINT ( 'NONE',  ( -2.600000000000001000, 3.849999999999998300, -2.500000000000000900 ) ) ;
#8016 = AXIS2_PLACEMENT_3D ( 'NONE', #8015, #8014, #8079 ) ;
#8017 = PLANE ( 'NONE',  #8016 ) ;
#8018 = FACE_OUTER_BOUND ( 'NONE', #2113, .T. ) ;
#8019 = DIRECTION ( 'NONE',  ( 0.0000000000000000000, 0.0000000000000000000, 1.000000000000000000 ) ) ;
#8020 = DIRECTION ( 'NONE',  ( -1.000000000000000000, 0.0000000000000000000, 0.0000000000000000000 ) ) ;
#8021 = CARTESIAN_POINT ( 'NONE',  ( -2.400000000000001200, 3.849999999999998300, -2.500000000000000900 ) ) ;
#8022 = AXIS2_PLACEMENT_3D ( 'NONE', #8021, #8020, #8019 ) ;
#8023 = PLANE ( 'NONE',  #8022 ) ;
#8024 = FACE_OUTER_BOUND ( 'NONE', #2107, .T. ) ;
#8025 = DIRECTION ( 'NONE',  ( 0.0000000000000000000, 1.000000000000000000, 0.0000000000000000000 ) ) ;
#8026 = VECTOR ( 'NONE', #8025, 1000.000000000000000 ) ;
#8027 = CARTESIAN_POINT ( 'NONE',  ( -2.400000000000001200, 2.099999999999999600, -0.9000000000000004700 ) ) ;
#8028 = LINE ( 'NONE', #8027, #8026 ) ;
#8029 = CARTESIAN_POINT ( 'NONE',  ( -3.400000000000000400, -0.1999999999999999800, -2.799999999999999800 ) ) ;
#8030 = DIRECTION ( 'NONE',  ( 0.0000000000000000000, -1.000000000000000000, 0.0000000000000000000 ) ) ;
#8031 = VECTOR ( 'NONE', #8030, 1000.000000000000000 ) ;
#8032 = CARTESIAN_POINT ( 'NONE',  ( -3.400000000000000400, -0.1999999999999999800, -2.799999999999999800 ) ) ;
#8033 = LINE ( 'NONE', #8032, #8031 ) ;
#8034 = CARTESIAN_POINT ( 'NONE',  ( -3.400000000000000400, -0.6999999999999999600, -2.799999999999999800 ) ) ;
#8035 = DIRECTION ( 'NONE',  ( -1.000000000000000000, -0.0000000000000000000, -0.0000000000000000000 ) ) ;
#8036 = VECTOR ( 'NONE', #8035, 1000.000000000000000 ) ;
#8037 = CARTESIAN_POINT ( 'NONE',  ( -3.400000000000000400, -0.6999999999999999600, -2.799999999999999800 ) ) ;
#8038 = LINE ( 'NONE', #8037, #8036 ) ;
#8039 = CARTESIAN_POINT ( 'NONE',  ( -3.600000000000000500, -0.6999999999999999600, -2.799999999999999800 ) ) ;
#8040 = CARTESIAN_POINT ( 'NONE',  ( -3.600000000000000500, -0.1999999999999999800, -2.799999999999999800 ) ) ;
#8041 = DIRECTION ( 'NONE',  ( 0.0000000000000000000, -1.000000000000000000, 0.0000000000000000000 ) ) ;
#8042 = VECTOR ( 'NONE', #8041, 1000.000000000000000 ) ;
#8043 = CARTESIAN_POINT ( 'NONE',  ( -3.600000000000000500, -0.1999999999999999800, -2.799999999999999800 ) ) ;
#8044 = LINE ( 'NONE', #8043, #8042 ) ;
#8045 = DIRECTION ( 'NONE',  ( 0.0000000000000000000, 1.000000000000000000, 0.0000000000000000000 ) ) ;
#8046 = VECTOR ( 'NONE', #8045, 1000.000000000000000 ) ;
#8047 = CARTESIAN_POINT ( 'NONE',  ( -3.600000000000000500, -0.6999999999999999600, -3.000000000000000000 ) ) ;
#8048 = LINE ( 'NONE', #8047, #8046 ) ;
#8049 = DIRECTION ( 'NONE',  ( -0.0000000000000000000, 0.7071067811865510100, 0.7071067811865441300 ) ) ;
#8050 = VECTOR ( 'NONE', #8049, 1000.000000000000000 ) ;
#8051 = CARTESIAN_POINT ( 'NONE',  ( -3.400000000000000400, 0.2500000000000014400, -2.850000000000000100 ) ) ;
#8052 = LINE ( 'NONE', #8051, #8050 ) ;
#8053 = DIRECTION ( 'NONE',  ( 0.0000000000000000000, 0.0000000000000000000, 1.000000000000000000 ) ) ;
#8054 = DIRECTION ( 'NONE',  ( -1.000000000000000000, -0.0000000000000000000, 0.0000000000000000000 ) ) ;
#8055 = CARTESIAN_POINT ( 'NONE',  ( -3.400000000000000400, -0.1999999999999999800, -2.799999999999999800 ) ) ;
#8056 = AXIS2_PLACEMENT_3D ( 'NONE', #8055, #8054, #8053 ) ;
#8057 = PLANE ( 'NONE',  #8056 ) ;
#8058 = FACE_OUTER_BOUND ( 'NONE', #2134, .T. ) ;
#8059 = DIRECTION ( 'NONE',  ( 0.0000000000000000000, -0.7071067811865462400, -0.7071067811865489100 ) ) ;
#8060 = VECTOR ( 'NONE', #8059, 1000.000000000000000 ) ;
#8061 = CARTESIAN_POINT ( 'NONE',  ( -3.600000000000000500, 0.09999999999999917300, -2.499999999999999600 ) ) ;
#8062 = LINE ( 'NONE', #8061, #8060 ) ;
#8063 = DIRECTION ( 'NONE',  ( 0.0000000000000000000, 0.7071067811865462400, 0.7071067811865489100 ) ) ;
#8064 = DIRECTION ( 'NONE',  ( 0.0000000000000000000, 0.7071067811865489100, -0.7071067811865462400 ) ) ;
#8065 = CARTESIAN_POINT ( 'NONE',  ( -3.400000000000000400, 0.09999999999999917300, -2.499999999999999600 ) ) ;
#8066 = AXIS2_PLACEMENT_3D ( 'NONE', #8065, #8064, #8063 ) ;
#8067 = PLANE ( 'NONE',  #8066 ) ;
#8068 = FACE_OUTER_BOUND ( 'NONE', #2123, .T. ) ;
#8069 = DIRECTION ( 'NONE',  ( 0.0000000000000000000, -1.000000000000000000, -1.232047923278982200E-016 ) ) ;
#8070 = VECTOR ( 'NONE', #8069, 1000.000000000000000 ) ;
#8071 = CARTESIAN_POINT ( 'NONE',  ( -2.400000000000001200, 3.849999999999999200, -0.4000000000000004100 ) ) ;
#8072 = LINE ( 'NONE', #8071, #8070 ) ;
#8073 = DIRECTION ( 'NONE',  ( 0.0000000000000000000, 1.000000000000000000, 1.232047923278982200E-016 ) ) ;
#8074 = DIRECTION ( 'NONE',  ( 0.0000000000000000000, 1.232047923278982200E-016, -1.000000000000000000 ) ) ;
#8075 = CARTESIAN_POINT ( 'NONE',  ( -2.400000000000001200, 3.849999999999999200, -0.4000000000000004100 ) ) ;
#8076 = AXIS2_PLACEMENT_3D ( 'NONE', #8075, #8074, #8073 ) ;
#8077 = PLANE ( 'NONE',  #8076 ) ;
#8078 = FACE_OUTER_BOUND ( 'NONE', #2116, .T. ) ;
#8079 = DIRECTION ( 'NONE',  ( 0.0000000000000000000, 0.0000000000000000000, 1.000000000000000000 ) ) ;
#8080 = LINE ( 'NONE', #8144, #8143 ) ;
#8081 = DIRECTION ( 'NONE',  ( 0.0000000000000000000, -0.0000000000000000000, 1.000000000000000000 ) ) ;
#8082 = DIRECTION ( 'NONE',  ( -0.0000000000000000000, 1.000000000000000000, 0.0000000000000000000 ) ) ;
#8083 = CARTESIAN_POINT ( 'NONE',  ( -3.400000000000000400, -0.6999999999999999600, -2.799999999999999800 ) ) ;
#8084 = AXIS2_PLACEMENT_3D ( 'NONE', #8083, #8082, #8081 ) ;
#8085 = PLANE ( 'NONE',  #8084 ) ;
#8086 = FACE_OUTER_BOUND ( 'NONE', #2155, .T. ) ;
#8087 = DIRECTION ( 'NONE',  ( -1.000000000000000000, -0.0000000000000000000, -0.0000000000000000000 ) ) ;
#8088 = VECTOR ( 'NONE', #8087, 1000.000000000000000 ) ;
#8089 = CARTESIAN_POINT ( 'NONE',  ( -3.400000000000000400, -0.1999999999999999800, -2.799999999999999800 ) ) ;
#8090 = LINE ( 'NONE', #8089, #8088 ) ;
#8091 = DIRECTION ( 'NONE',  ( -0.0000000000000000000, 0.7071067811865510100, 0.7071067811865441300 ) ) ;
#8092 = VECTOR ( 'NONE', #8091, 1000.000000000000000 ) ;
#8093 = CARTESIAN_POINT ( 'NONE',  ( -3.600000000000000500, 0.2500000000000014400, -2.850000000000000100 ) ) ;
#8094 = LINE ( 'NONE', #8093, #8092 ) ;
#8095 = DIRECTION ( 'NONE',  ( 0.0000000000000000000, 0.0000000000000000000, 1.000000000000000000 ) ) ;
#8096 = DIRECTION ( 'NONE',  ( -1.000000000000000000, -0.0000000000000000000, 0.0000000000000000000 ) ) ;
#8097 = CARTESIAN_POINT ( 'NONE',  ( -3.600000000000000500, -0.1999999999999999800, -2.799999999999999800 ) ) ;
#8098 = AXIS2_PLACEMENT_3D ( 'NONE', #8097, #8096, #8095 ) ;
#8099 = PLANE ( 'NONE',  #8098 ) ;
#8100 = FACE_OUTER_BOUND ( 'NONE', #2148, .T. ) ;
#8101 = DIRECTION ( 'NONE',  ( 0.0000000000000000000, 1.000000000000000000, 0.0000000000000000000 ) ) ;
#8102 = VECTOR ( 'NONE', #8101, 1000.000000000000000 ) ;
#8103 = CARTESIAN_POINT ( 'NONE',  ( -3.400000000000000400, -0.6999999999999999600, -3.000000000000000000 ) ) ;
#8104 = LINE ( 'NONE', #8103, #8102 ) ;
#8105 = CARTESIAN_POINT ( 'NONE',  ( -3.400000000000000400, 0.1000000000000000500, -3.000000000000000000 ) ) ;
#8106 = DIRECTION ( 'NONE',  ( -1.000000000000000000, -0.0000000000000000000, -0.0000000000000000000 ) ) ;
#8107 = VECTOR ( 'NONE', #8106, 1000.000000000000000 ) ;
#8108 = CARTESIAN_POINT ( 'NONE',  ( -3.400000000000000400, 0.1000000000000000500, -3.000000000000000000 ) ) ;
#8109 = LINE ( 'NONE', #8108, #8107 ) ;
#8110 = CARTESIAN_POINT ( 'NONE',  ( -3.600000000000000500, 0.1000000000000000500, -3.000000000000000000 ) ) ;
#8111 = FACE_OUTER_BOUND ( 'NONE', #2178, .T. ) ;
#8112 = DIRECTION ( 'NONE',  ( 0.0000000000000000000, 1.000000000000000000, -1.642730564371976600E-017 ) ) ;
#8113 = VECTOR ( 'NONE', #8112, 1000.000000000000000 ) ;
#8114 = CARTESIAN_POINT ( 'NONE',  ( -3.400000000000000400, 0.5499999999999992700, 0.3999999999999996900 ) ) ;
#8115 = LINE ( 'NONE', #8114, #8113 ) ;
#8116 = CARTESIAN_POINT ( 'NONE',  ( -3.400000000000000400, 3.849999999999999200, 0.3999999999999996300 ) ) ;
#8117 = DIRECTION ( 'NONE',  ( -1.000000000000000000, -0.0000000000000000000, -0.0000000000000000000 ) ) ;
#8118 = VECTOR ( 'NONE', #8117, 1000.000000000000000 ) ;
#8119 = CARTESIAN_POINT ( 'NONE',  ( -3.400000000000000400, 3.849999999999999200, 0.3999999999999996300 ) ) ;
#8120 = LINE ( 'NONE', #8119, #8118 ) ;
#8121 = CARTESIAN_POINT ( 'NONE',  ( -3.600000000000000500, 3.849999999999999200, 0.3999999999999996300 ) ) ;
#8122 = DIRECTION ( 'NONE',  ( 0.0000000000000000000, 0.0000000000000000000, 1.000000000000000000 ) ) ;
#8123 = DIRECTION ( 'NONE',  ( -1.000000000000000000, -0.0000000000000000000, 0.0000000000000000000 ) ) ;
#8124 = CARTESIAN_POINT ( 'NONE',  ( -3.400000000000000400, -0.1999999999999999800, -2.799999999999999800 ) ) ;
#8125 = AXIS2_PLACEMENT_3D ( 'NONE', #8124, #8123, #8122 ) ;
#8126 = PLANE ( 'NONE',  #8125 ) ;
#8127 = FACE_OUTER_BOUND ( 'NONE', #2170, .T. ) ;
#8128 = DIRECTION ( 'NONE',  ( 0.0000000000000000000, -1.000000000000000000, -1.156482317317871500E-016 ) ) ;
#8129 = VECTOR ( 'NONE', #8128, 1000.000000000000000 ) ;
#8130 = CARTESIAN_POINT ( 'NONE',  ( -3.600000000000000500, 3.849999999999999200, 0.8999999999999999100 ) ) ;
#8131 = LINE ( 'NONE', #8130, #8129 ) ;
#8132 = DIRECTION ( 'NONE',  ( 0.0000000000000000000, -1.000000000000000000, -1.156482317317871500E-016 ) ) ;
#8133 = VECTOR ( 'NONE', #8132, 1000.000000000000000 ) ;
#8134 = CARTESIAN_POINT ( 'NONE',  ( -3.400000000000000400, 3.849999999999999200, 0.8999999999999999100 ) ) ;
#8135 = LINE ( 'NONE', #8134, #8133 ) ;
#8136 = CARTESIAN_POINT ( 'NONE',  ( -3.400000000000000400, -0.6999999999999999600, -3.000000000000000000 ) ) ;
#8137 = DIRECTION ( 'NONE',  ( -1.000000000000000000, -0.0000000000000000000, -0.0000000000000000000 ) ) ;
#8138 = VECTOR ( 'NONE', #8137, 1000.000000000000000 ) ;
#8139 = CARTESIAN_POINT ( 'NONE',  ( -3.400000000000000400, -0.6999999999999999600, -3.000000000000000000 ) ) ;
#8140 = LINE ( 'NONE', #8139, #8138 ) ;
#8141 = CARTESIAN_POINT ( 'NONE',  ( -3.600000000000000500, -0.6999999999999999600, -3.000000000000000000 ) ) ;
#8142 = DIRECTION ( 'NONE',  ( 0.0000000000000000000, 0.0000000000000000000, -1.000000000000000000 ) ) ;
#8143 = VECTOR ( 'NONE', #8142, 1000.000000000000000 ) ;
#8144 = CARTESIAN_POINT ( 'NONE',  ( -3.600000000000000500, -0.6999999999999999600, -2.799999999999999800 ) ) ;
#8145 = CARTESIAN_POINT ( 'NONE',  ( -3.400000000000000400, 0.09999999999999917300, -2.499999999999999600 ) ) ;
#8146 = LINE ( 'NONE', #8145, #8210 ) ;
#8147 = DIRECTION ( 'NONE',  ( 0.0000000000000000000, 1.000000000000000000, -1.642730564371976600E-017 ) ) ;
#8148 = VECTOR ( 'NONE', #8147, 1000.000000000000000 ) ;
#8149 = CARTESIAN_POINT ( 'NONE',  ( -3.600000000000000500, 0.5499999999999992700, 0.3999999999999996900 ) ) ;
#8150 = LINE ( 'NONE', #8149, #8148 ) ;
#8151 = DIRECTION ( 'NONE',  ( 0.0000000000000000000, -1.000000000000000000, 1.642730564371976600E-017 ) ) ;
#8152 = DIRECTION ( 'NONE',  ( -0.0000000000000000000, 1.642730564371976600E-017, 1.000000000000000000 ) ) ;
#8153 = CARTESIAN_POINT ( 'NONE',  ( -3.400000000000000400, 0.5499999999999992700, 0.3999999999999996900 ) ) ;
#8154 = AXIS2_PLACEMENT_3D ( 'NONE', #8153, #8152, #8151 ) ;
#8155 = PLANE ( 'NONE',  #8154 ) ;
#8156 = DIRECTION ( 'NONE',  ( 0.0000000000000000000, -0.7071067811865510100, -0.7071067811865441300 ) ) ;
#8157 = DIRECTION ( 'NONE',  ( 0.0000000000000000000, -0.7071067811865441300, 0.7071067811865510100 ) ) ;
#8158 = CARTESIAN_POINT ( 'NONE',  ( -3.400000000000000400, 0.2500000000000014400, -2.850000000000000100 ) ) ;
#8159 = AXIS2_PLACEMENT_3D ( 'NONE', #8158, #8157, #8156 ) ;
#8160 = FACE_OUTER_BOUND ( 'NONE', #2196, .T. ) ;
#8161 = PLANE ( 'NONE',  #8159 ) ;
#8162 = FACE_OUTER_BOUND ( 'NONE', #2190, .T. ) ;
#8163 = CARTESIAN_POINT ( 'NONE',  ( -3.400000000000000400, 3.849999999999999200, 0.8999999999999999100 ) ) ;
#8164 = DIRECTION ( 'NONE',  ( -1.000000000000000000, -0.0000000000000000000, -0.0000000000000000000 ) ) ;
#8165 = VECTOR ( 'NONE', #8164, 1000.000000000000000 ) ;
#8166 = CARTESIAN_POINT ( 'NONE',  ( -3.400000000000000400, 3.849999999999999200, 0.8999999999999999100 ) ) ;
#8167 = LINE ( 'NONE', #8166, #8165 ) ;
#8168 = CARTESIAN_POINT ( 'NONE',  ( -3.600000000000000500, 3.849999999999999200, 0.8999999999999999100 ) ) ;
#8169 = DIRECTION ( 'NONE',  ( -0.0000000000000000000, -0.0000000000000000000, 1.000000000000000000 ) ) ;
#8170 = VECTOR ( 'NONE', #8169, 1000.000000000000000 ) ;
#8171 = CARTESIAN_POINT ( 'NONE',  ( -3.600000000000000500, 3.849999999999999200, 0.8999999999999999100 ) ) ;
#8172 = LINE ( 'NONE', #8171, #8170 ) ;
#8173 = DIRECTION ( 'NONE',  ( 0.0000000000000000000, -0.0000000000000000000, -1.000000000000000000 ) ) ;
#8174 = DIRECTION ( 'NONE',  ( 0.0000000000000000000, -1.000000000000000000, 0.0000000000000000000 ) ) ;
#8175 = CARTESIAN_POINT ( 'NONE',  ( -3.400000000000000400, 3.849999999999999200, 0.8999999999999999100 ) ) ;
#8176 = AXIS2_PLACEMENT_3D ( 'NONE', #8175, #8174, #8173 ) ;
#8177 = PLANE ( 'NONE',  #8176 ) ;
#8178 = CARTESIAN_POINT ( 'NONE',  ( -3.400000000000000400, 4.999999999999999100, -3.000000000000000000 ) ) ;
#8179 = DIRECTION ( 'NONE',  ( 0.0000000000000000000, 1.000000000000000000, 0.0000000000000000000 ) ) ;
#8180 = VECTOR ( 'NONE', #8179, 1000.000000000000000 ) ;
#8181 = CARTESIAN_POINT ( 'NONE',  ( -3.400000000000000400, 4.999999999999999100, -3.000000000000000000 ) ) ;
#8182 = LINE ( 'NONE', #8181, #8180 ) ;
#8183 = CARTESIAN_POINT ( 'NONE',  ( -3.400000000000000400, 5.799999999999999800, -3.000000000000000000 ) ) ;
#8184 = DIRECTION ( 'NONE',  ( -1.000000000000000000, -0.0000000000000000000, -0.0000000000000000000 ) ) ;
#8185 = VECTOR ( 'NONE', #8184, 1000.000000000000000 ) ;
#8186 = CARTESIAN_POINT ( 'NONE',  ( -3.400000000000000400, 5.799999999999999800, -3.000000000000000000 ) ) ;
#8187 = LINE ( 'NONE', #8186, #8185 ) ;
#8188 = CARTESIAN_POINT ( 'NONE',  ( -3.600000000000000500, 5.799999999999999800, -3.000000000000000000 ) ) ;
#8189 = DIRECTION ( 'NONE',  ( 0.0000000000000000000, 1.000000000000000000, 0.0000000000000000000 ) ) ;
#8190 = VECTOR ( 'NONE', #8189, 1000.000000000000000 ) ;
#8191 = CARTESIAN_POINT ( 'NONE',  ( -3.600000000000000500, 4.999999999999999100, -3.000000000000000000 ) ) ;
#8192 = LINE ( 'NONE', #8191, #8190 ) ;
#8193 = CARTESIAN_POINT ( 'NONE',  ( -3.400000000000000400, 5.300000000000000700, -2.800000000000000300 ) ) ;
#8194 = DIRECTION ( 'NONE',  ( -1.000000000000000000, -0.0000000000000000000, -0.0000000000000000000 ) ) ;
#8195 = VECTOR ( 'NONE', #8194, 1000.000000000000000 ) ;
#8196 = CARTESIAN_POINT ( 'NONE',  ( -3.400000000000000400, 5.300000000000000700, -2.800000000000000300 ) ) ;
#8197 = LINE ( 'NONE', #8196, #8195 ) ;
#8198 = CARTESIAN_POINT ( 'NONE',  ( -3.600000000000000500, 5.300000000000000700, -2.800000000000000300 ) ) ;
#8199 = DIRECTION ( 'NONE',  ( 0.0000000000000000000, -1.000000000000000000, -8.673617379884042400E-016 ) ) ;
#8200 = VECTOR ( 'NONE', #8199, 1000.000000000000000 ) ;
#8201 = CARTESIAN_POINT ( 'NONE',  ( -3.600000000000000500, 5.800000000000000700, -2.799999999999999800 ) ) ;
#8202 = LINE ( 'NONE', #8201, #8200 ) ;
#8203 = DIRECTION ( 'NONE',  ( 0.0000000000000000000, 1.000000000000000000, 8.673617379884043400E-016 ) ) ;
#8204 = DIRECTION ( 'NONE',  ( 0.0000000000000000000, 8.673617379884043400E-016, -1.000000000000000000 ) ) ;
#8205 = CARTESIAN_POINT ( 'NONE',  ( -3.400000000000000400, 5.800000000000000700, -2.799999999999999800 ) ) ;
#8206 = AXIS2_PLACEMENT_3D ( 'NONE', #8205, #8204, #8203 ) ;
#8207 = PLANE ( 'NONE',  #8206 ) ;
#8208 = FACE_OUTER_BOUND ( 'NONE', #2204, .T. ) ;
#8209 = DIRECTION ( 'NONE',  ( 0.0000000000000000000, -0.7071067811865462400, -0.7071067811865489100 ) ) ;
#8210 = VECTOR ( 'NONE', #8209, 1000.000000000000000 ) ;
#8211 = PLANE ( 'NONE',  #8278 ) ;
#8212 = FACE_OUTER_BOUND ( 'NONE', #2162, .T. ) ;
#8213 = DIRECTION ( 'NONE',  ( -0.0000000000000000000, -0.0000000000000000000, 1.000000000000000000 ) ) ;
#8214 = VECTOR ( 'NONE', #8213, 1000.000000000000000 ) ;
#8215 = CARTESIAN_POINT ( 'NONE',  ( -3.400000000000000400, 3.849999999999999200, 0.8999999999999999100 ) ) ;
#8216 = LINE ( 'NONE', #8215, #8214 ) ;
#8217 = CARTESIAN_POINT ( 'NONE',  ( -3.600000000000000500, 4.999999999999999100, -3.000000000000000000 ) ) ;
#8218 = DIRECTION ( 'NONE',  ( 1.000000000000000000, 0.0000000000000000000, -0.0000000000000000000 ) ) ;
#8219 = DIRECTION ( 'NONE',  ( 0.0000000000000000000, 0.0000000000000000000, 1.000000000000000000 ) ) ;
#8220 = CARTESIAN_POINT ( 'NONE',  ( -3.400000000000000400, 4.999999999999999100, -3.000000000000000000 ) ) ;
#8221 = AXIS2_PLACEMENT_3D ( 'NONE', #8220, #8219, #8218 ) ;
#8222 = PLANE ( 'NONE',  #8221 ) ;
#8223 = FACE_OUTER_BOUND ( 'NONE', #2237, .T. ) ;
#8224 = DIRECTION ( 'NONE',  ( 0.0000000000000000000, 0.0000000000000000000, 1.000000000000000000 ) ) ;
#8225 = DIRECTION ( 'NONE',  ( -1.000000000000000000, -0.0000000000000000000, 0.0000000000000000000 ) ) ;
#8226 = CARTESIAN_POINT ( 'NONE',  ( -3.600000000000000500, -0.1999999999999999800, -2.799999999999999800 ) ) ;
#8227 = AXIS2_PLACEMENT_3D ( 'NONE', #8226, #8225, #8224 ) ;
#8228 = PLANE ( 'NONE',  #8227 ) ;
#8229 = FACE_OUTER_BOUND ( 'NONE', #2231, .T. ) ;
#8230 = DIRECTION ( 'NONE',  ( 0.0000000000000000000, 4.336808689942016200E-015, 1.000000000000000000 ) ) ;
#8231 = VECTOR ( 'NONE', #8230, 1000.000000000000000 ) ;
#8232 = CARTESIAN_POINT ( 'NONE',  ( -3.600000000000000500, 5.799999999999999800, -3.000000000000000000 ) ) ;
#8233 = LINE ( 'NONE', #8232, #8231 ) ;
#8234 = DIRECTION ( 'NONE',  ( 0.0000000000000000000, -4.336808689942016200E-015, -1.000000000000000000 ) ) ;
#8235 = DIRECTION ( 'NONE',  ( 0.0000000000000000000, -1.000000000000000000, 4.336808689942016200E-015 ) ) ;
#8236 = CARTESIAN_POINT ( 'NONE',  ( -3.400000000000000400, 5.799999999999999800, -3.000000000000000000 ) ) ;
#8237 = AXIS2_PLACEMENT_3D ( 'NONE', #8236, #8235, #8234 ) ;
#8238 = PLANE ( 'NONE',  #8237 ) ;
#8239 = FACE_OUTER_BOUND ( 'NONE', #2223, .T. ) ;
#8240 = DIRECTION ( 'NONE',  ( -1.000000000000000000, -0.0000000000000000000, -0.0000000000000000000 ) ) ;
#8241 = VECTOR ( 'NONE', #8240, 1000.000000000000000 ) ;
#8242 = CARTESIAN_POINT ( 'NONE',  ( -3.400000000000000400, 4.999999999999999100, -3.000000000000000000 ) ) ;
#8243 = LINE ( 'NONE', #8242, #8241 ) ;
#8244 = DIRECTION ( 'NONE',  ( 0.0000000000000000000, -1.000000000000000000, -8.673617379884042400E-016 ) ) ;
#8245 = VECTOR ( 'NONE', #8244, 1000.000000000000000 ) ;
#8246 = CARTESIAN_POINT ( 'NONE',  ( -3.400000000000000400, 5.800000000000000700, -2.799999999999999800 ) ) ;
#8247 = LINE ( 'NONE', #8246, #8245 ) ;
#8248 = VECTOR ( 'NONE', #12444, 1000.000000000000000 ) ;
#8249 = DIRECTION ( 'NONE',  ( 0.0000000000000000000, -0.7071067811865460200, 0.7071067811865490200 ) ) ;
#8250 = VECTOR ( 'NONE', #8249, 1000.000000000000100 ) ;
#8251 = CARTESIAN_POINT ( 'NONE',  ( -3.600000000000000500, 5.300000000000000700, -2.800000000000000300 ) ) ;
#8252 = LINE ( 'NONE', #8251, #8250 ) ;
#8253 = DIRECTION ( 'NONE',  ( 0.0000000000000000000, 0.0000000000000000000, 1.000000000000000000 ) ) ;
#8254 = DIRECTION ( 'NONE',  ( -1.000000000000000000, 0.0000000000000000000, 0.0000000000000000000 ) ) ;
#8255 = CARTESIAN_POINT ( 'NONE',  ( -3.600000000000000500, 3.849999999999998300, -2.500000000000000900 ) ) ;
#8256 = AXIS2_PLACEMENT_3D ( 'NONE', #8255, #8254, #8253 ) ;
#8257 = PLANE ( 'NONE',  #8256 ) ;
#8258 = FACE_OUTER_BOUND ( 'NONE', #2255, .T. ) ;
#8259 = DIRECTION ( 'NONE',  ( 0.0000000000000000000, -0.7071067811865460200, 0.7071067811865490200 ) ) ;
#8260 = VECTOR ( 'NONE', #8259, 1000.000000000000100 ) ;
#8261 = CARTESIAN_POINT ( 'NONE',  ( -3.400000000000000400, 5.300000000000000700, -2.800000000000000300 ) ) ;
#8262 = LINE ( 'NONE', #8261, #8260 ) ;
#8263 = DIRECTION ( 'NONE',  ( 0.0000000000000000000, -0.7071067811865454600, 0.7071067811865495700 ) ) ;
#8264 = DIRECTION ( 'NONE',  ( -0.0000000000000000000, 0.7071067811865495700, 0.7071067811865454600 ) ) ;
#8265 = CARTESIAN_POINT ( 'NONE',  ( -3.400000000000000400, 4.850000000000000500, -2.850000000000000100 ) ) ;
#8266 = AXIS2_PLACEMENT_3D ( 'NONE', #8265, #8264, #8263 ) ;
#8267 = PLANE ( 'NONE',  #8266 ) ;
#8268 = FACE_OUTER_BOUND ( 'NONE', #2249, .T. ) ;
#8269 = DIRECTION ( 'NONE',  ( 0.0000000000000000000, 0.7071067811865460200, -0.7071067811865490200 ) ) ;
#8270 = DIRECTION ( 'NONE',  ( 0.0000000000000000000, -0.7071067811865490200, -0.7071067811865460200 ) ) ;
#8271 = CARTESIAN_POINT ( 'NONE',  ( -3.400000000000000400, 5.300000000000000700, -2.800000000000000300 ) ) ;
#8272 = AXIS2_PLACEMENT_3D ( 'NONE', #8271, #8270, #8269 ) ;
#8273 = PLANE ( 'NONE',  #8272 ) ;
#8274 = FACE_OUTER_BOUND ( 'NONE', #2243, .T. ) ;
#8275 = DIRECTION ( 'NONE',  ( 0.0000000000000000000, 1.000000000000000000, 1.156482317317871500E-016 ) ) ;
#8276 = DIRECTION ( 'NONE',  ( 0.0000000000000000000, 1.156482317317871500E-016, -1.000000000000000000 ) ) ;
#8277 = CARTESIAN_POINT ( 'NONE',  ( -3.400000000000000400, 3.849999999999999200, 0.8999999999999999100 ) ) ;
#8278 = AXIS2_PLACEMENT_3D ( 'NONE', #8277, #8276, #8275 ) ;
#8279 = DIRECTION ( 'NONE',  ( 0.0000000000000000000, 0.0000000000000000000, 1.000000000000000000 ) ) ;
#8280 = DIRECTION ( 'NONE',  ( -1.000000000000000000, 0.0000000000000000000, 0.0000000000000000000 ) ) ;
#8281 = CARTESIAN_POINT ( 'NONE',  ( -3.600000000000000500, 3.849999999999998300, -2.500000000000000900 ) ) ;
#8282 = AXIS2_PLACEMENT_3D ( 'NONE', #8281, #8280, #8279 ) ;
#8283 = PLANE ( 'NONE',  #8282 ) ;
#8284 = FACE_OUTER_BOUND ( 'NONE', #2289, .T. ) ;
#8285 = DIRECTION ( 'NONE',  ( 0.0000000000000000000, 0.0000000000000000000, 1.000000000000000000 ) ) ;
#8286 = DIRECTION ( 'NONE',  ( -1.000000000000000000, 0.0000000000000000000, 0.0000000000000000000 ) ) ;
#8287 = CARTESIAN_POINT ( 'NONE',  ( -3.400000000000000400, 3.849999999999998300, -2.500000000000000900 ) ) ;
#8288 = AXIS2_PLACEMENT_3D ( 'NONE', #8287, #8286, #8285 ) ;
#8289 = PLANE ( 'NONE',  #8288 ) ;
#8290 = FACE_OUTER_BOUND ( 'NONE', #2283, .T. ) ;
#8291 = DIRECTION ( 'NONE',  ( 0.0000000000000000000, 4.336808689942016200E-015, 1.000000000000000000 ) ) ;
#8292 = VECTOR ( 'NONE', #8291, 1000.000000000000000 ) ;
#8293 = CARTESIAN_POINT ( 'NONE',  ( -3.400000000000000400, 5.799999999999999800, -3.000000000000000000 ) ) ;
#8294 = LINE ( 'NONE', #8293, #8292 ) ;
#8295 = CARTESIAN_POINT ( 'NONE',  ( -3.400000000000000400, 5.800000000000000700, -2.799999999999999800 ) ) ;
#8296 = DIRECTION ( 'NONE',  ( -1.000000000000000000, -0.0000000000000000000, -0.0000000000000000000 ) ) ;
#8297 = VECTOR ( 'NONE', #8296, 1000.000000000000000 ) ;
#8298 = CARTESIAN_POINT ( 'NONE',  ( -3.400000000000000400, 5.800000000000000700, -2.799999999999999800 ) ) ;
#8299 = LINE ( 'NONE', #8298, #8297 ) ;
#8300 = CARTESIAN_POINT ( 'NONE',  ( -3.600000000000000500, 5.800000000000000700, -2.799999999999999800 ) ) ;
#8301 = DIRECTION ( 'NONE',  ( 0.0000000000000000000, 0.7071067811865454600, -0.7071067811865495700 ) ) ;
#8302 = VECTOR ( 'NONE', #8301, 1000.000000000000000 ) ;
#8303 = CARTESIAN_POINT ( 'NONE',  ( -3.400000000000000400, 4.850000000000000500, -2.850000000000000100 ) ) ;
#8304 = LINE ( 'NONE', #8303, #8302 ) ;
#8305 = DIRECTION ( 'NONE',  ( 0.0000000000000000000, 0.0000000000000000000, 1.000000000000000000 ) ) ;
#8306 = DIRECTION ( 'NONE',  ( -1.000000000000000000, 0.0000000000000000000, 0.0000000000000000000 ) ) ;
#8307 = CARTESIAN_POINT ( 'NONE',  ( -3.400000000000000400, 3.849999999999998300, -2.500000000000000900 ) ) ;
#8308 = AXIS2_PLACEMENT_3D ( 'NONE', #8307, #8306, #8305 ) ;
#8309 = PLANE ( 'NONE',  #8308 ) ;
#8310 = FACE_OUTER_BOUND ( 'NONE', #2267, .T. ) ;
#8311 = DIRECTION ( 'NONE',  ( 0.0000000000000000000, -0.0000000000000000000, -1.000000000000000000 ) ) ;
#8312 = DIRECTION ( 'NONE',  ( 0.0000000000000000000, -1.000000000000000000, 0.0000000000000000000 ) ) ;
#8313 = CARTESIAN_POINT ( 'NONE',  ( -3.400000000000000400, 3.849999999999999200, -0.9000000000000004700 ) ) ;
#8314 = AXIS2_PLACEMENT_3D ( 'NONE', #8313, #8312, #8311 ) ;
#8315 = PLANE ( 'NONE',  #8314 ) ;
#8316 = FACE_OUTER_BOUND ( 'NONE', #2306, .T. ) ;
#8317 = DIRECTION ( 'NONE',  ( 0.0000000000000000000, 1.000000000000000000, 0.0000000000000000000 ) ) ;
#8318 = VECTOR ( 'NONE', #8317, 1000.000000000000000 ) ;
#8319 = CARTESIAN_POINT ( 'NONE',  ( -3.600000000000000500, 2.099999999999999600, -0.9000000000000004700 ) ) ;
#8320 = LINE ( 'NONE', #8319, #8318 ) ;
#8321 = DIRECTION ( 'NONE',  ( 1.000000000000000000, 0.0000000000000000000, -0.0000000000000000000 ) ) ;
#8322 = DIRECTION ( 'NONE',  ( 0.0000000000000000000, 0.0000000000000000000, 1.000000000000000000 ) ) ;
#8323 = CARTESIAN_POINT ( 'NONE',  ( -3.400000000000000400, 2.099999999999999600, -0.9000000000000004700 ) ) ;
#8324 = AXIS2_PLACEMENT_3D ( 'NONE', #8323, #8322, #8321 ) ;
#8325 = PLANE ( 'NONE',  #8324 ) ;
#8326 = FACE_OUTER_BOUND ( 'NONE', #2300, .T. ) ;
#8327 = DIRECTION ( 'NONE',  ( 0.0000000000000000000, -1.000000000000000000, -1.232047923278982200E-016 ) ) ;
#8328 = VECTOR ( 'NONE', #8327, 1000.000000000000000 ) ;
#8329 = CARTESIAN_POINT ( 'NONE',  ( -3.600000000000000500, 3.849999999999999200, -0.4000000000000004700 ) ) ;
#8330 = LINE ( 'NONE', #8329, #8328 ) ;
#8331 = DIRECTION ( 'NONE',  ( 0.0000000000000000000, -1.000000000000000000, -1.232047923278982200E-016 ) ) ;
#8332 = VECTOR ( 'NONE', #8331, 1000.000000000000000 ) ;
#8333 = CARTESIAN_POINT ( 'NONE',  ( -3.400000000000000400, 3.849999999999999200, -0.4000000000000004700 ) ) ;
#8334 = LINE ( 'NONE', #8333, #8332 ) ;
#8335 = DIRECTION ( 'NONE',  ( 0.0000000000000000000, 1.000000000000000000, 1.232047923278982200E-016 ) ) ;
#8336 = DIRECTION ( 'NONE',  ( 0.0000000000000000000, 1.232047923278982200E-016, -1.000000000000000000 ) ) ;
#8337 = CARTESIAN_POINT ( 'NONE',  ( -3.400000000000000400, 3.849999999999999200, -0.4000000000000004700 ) ) ;
#8338 = AXIS2_PLACEMENT_3D ( 'NONE', #8337, #8336, #8335 ) ;
#8339 = PLANE ( 'NONE',  #8338 ) ;
#8340 = FACE_OUTER_BOUND ( 'NONE', #2292, .T. ) ;
#8341 = DIRECTION ( 'NONE',  ( -1.000000000000000000, -0.0000000000000000000, -0.0000000000000000000 ) ) ;
#8342 = VECTOR ( 'NONE', #8341, 1000.000000000000000 ) ;
#8343 = CARTESIAN_POINT ( 'NONE',  ( -3.400000000000000400, 3.849999999999999200, -0.9000000000000004700 ) ) ;
#8344 = LINE ( 'NONE', #8343, #8342 ) ;
#8345 = LINE ( 'NONE', #8409, #8408 ) ;
#8346 = CARTESIAN_POINT ( 'NONE',  ( -4.400000000000000400, 0.1000000000000000500, -3.000000000000000000 ) ) ;
#8347 = DIRECTION ( 'NONE',  ( -1.000000000000000000, -0.0000000000000000000, -0.0000000000000000000 ) ) ;
#8348 = VECTOR ( 'NONE', #8347, 1000.000000000000000 ) ;
#8349 = CARTESIAN_POINT ( 'NONE',  ( -4.400000000000000400, 0.1000000000000000500, -3.000000000000000000 ) ) ;
#8350 = LINE ( 'NONE', #8349, #8348 ) ;
#8351 = CARTESIAN_POINT ( 'NONE',  ( -4.599999999999999600, 0.1000000000000000500, -3.000000000000000000 ) ) ;
#8352 = DIRECTION ( 'NONE',  ( 0.0000000000000000000, 1.000000000000000000, 0.0000000000000000000 ) ) ;
#8353 = VECTOR ( 'NONE', #8352, 1000.000000000000000 ) ;
#8354 = CARTESIAN_POINT ( 'NONE',  ( -4.599999999999999600, -0.6999999999999999600, -3.000000000000000000 ) ) ;
#8355 = LINE ( 'NONE', #8354, #8353 ) ;
#8356 = DIRECTION ( 'NONE',  ( 0.0000000000000000000, 0.7071067811865454600, -0.7071067811865495700 ) ) ;
#8357 = VECTOR ( 'NONE', #8356, 1000.000000000000000 ) ;
#8358 = CARTESIAN_POINT ( 'NONE',  ( -3.600000000000000500, 4.850000000000000500, -2.850000000000000100 ) ) ;
#8359 = LINE ( 'NONE', #8358, #8357 ) ;
#8360 = CARTESIAN_POINT ( 'NONE',  ( -3.400000000000000400, 3.849999999999999200, -0.9000000000000004700 ) ) ;
#8361 = DIRECTION ( 'NONE',  ( 0.0000000000000000000, 0.0000000000000000000, 1.000000000000000000 ) ) ;
#8362 = VECTOR ( 'NONE', #8361, 1000.000000000000000 ) ;
#8363 = CARTESIAN_POINT ( 'NONE',  ( -3.400000000000000400, 3.849999999999999200, -0.9000000000000004700 ) ) ;
#8364 = LINE ( 'NONE', #8363, #8362 ) ;
#8365 = CARTESIAN_POINT ( 'NONE',  ( -3.400000000000000400, 3.849999999999999200, -0.4000000000000004700 ) ) ;
#8366 = DIRECTION ( 'NONE',  ( -1.000000000000000000, -0.0000000000000000000, -0.0000000000000000000 ) ) ;
#8367 = VECTOR ( 'NONE', #8366, 1000.000000000000000 ) ;
#8368 = CARTESIAN_POINT ( 'NONE',  ( -3.400000000000000400, 3.849999999999999200, -0.4000000000000004700 ) ) ;
#8369 = LINE ( 'NONE', #8368, #8367 ) ;
#8370 = CARTESIAN_POINT ( 'NONE',  ( -3.600000000000000500, 3.849999999999999200, -0.4000000000000004700 ) ) ;
#8371 = CARTESIAN_POINT ( 'NONE',  ( -3.600000000000000500, 3.849999999999999200, -0.9000000000000004700 ) ) ;
#8372 = DIRECTION ( 'NONE',  ( 0.0000000000000000000, 0.0000000000000000000, 1.000000000000000000 ) ) ;
#8373 = VECTOR ( 'NONE', #8372, 1000.000000000000000 ) ;
#8374 = CARTESIAN_POINT ( 'NONE',  ( -3.600000000000000500, 3.849999999999999200, -0.9000000000000004700 ) ) ;
#8375 = LINE ( 'NONE', #8374, #8373 ) ;
#8376 = CARTESIAN_POINT ( 'NONE',  ( -4.400000000000000400, -0.6999999999999999600, -3.000000000000000000 ) ) ;
#8377 = DIRECTION ( 'NONE',  ( -1.000000000000000000, -0.0000000000000000000, -0.0000000000000000000 ) ) ;
#8378 = VECTOR ( 'NONE', #8377, 1000.000000000000000 ) ;
#8379 = CARTESIAN_POINT ( 'NONE',  ( -4.400000000000000400, -0.6999999999999999600, -3.000000000000000000 ) ) ;
#8380 = LINE ( 'NONE', #8379, #8378 ) ;
#8381 = CARTESIAN_POINT ( 'NONE',  ( -4.599999999999999600, -0.6999999999999999600, -3.000000000000000000 ) ) ;
#8382 = DIRECTION ( 'NONE',  ( 0.0000000000000000000, 0.0000000000000000000, -1.000000000000000000 ) ) ;
#8383 = VECTOR ( 'NONE', #8382, 1000.000000000000000 ) ;
#8384 = CARTESIAN_POINT ( 'NONE',  ( -4.599999999999999600, -0.6999999999999999600, -2.799999999999999800 ) ) ;
#8385 = LINE ( 'NONE', #8384, #8383 ) ;
#8386 = DIRECTION ( 'NONE',  ( 0.0000000000000000000, -0.0000000000000000000, 1.000000000000000000 ) ) ;
#8387 = DIRECTION ( 'NONE',  ( -0.0000000000000000000, 1.000000000000000000, 0.0000000000000000000 ) ) ;
#8388 = CARTESIAN_POINT ( 'NONE',  ( -4.400000000000000400, -0.6999999999999999600, -2.799999999999999800 ) ) ;
#8389 = AXIS2_PLACEMENT_3D ( 'NONE', #8388, #8387, #8386 ) ;
#8390 = PLANE ( 'NONE',  #8389 ) ;
#8391 = FACE_OUTER_BOUND ( 'NONE', #2336, .T. ) ;
#8392 = DIRECTION ( 'NONE',  ( -1.000000000000000000, -0.0000000000000000000, -0.0000000000000000000 ) ) ;
#8393 = VECTOR ( 'NONE', #8392, 1000.000000000000000 ) ;
#8394 = CARTESIAN_POINT ( 'NONE',  ( -4.400000000000000400, -0.1999999999999999800, -2.799999999999999800 ) ) ;
#8395 = LINE ( 'NONE', #8394, #8393 ) ;
#8396 = CARTESIAN_POINT ( 'NONE',  ( -4.400000000000000400, -0.1999999999999999800, -2.799999999999999800 ) ) ;
#8397 = DIRECTION ( 'NONE',  ( 0.0000000000000000000, -1.000000000000000000, 0.0000000000000000000 ) ) ;
#8398 = VECTOR ( 'NONE', #8397, 1000.000000000000000 ) ;
#8399 = CARTESIAN_POINT ( 'NONE',  ( -4.400000000000000400, -0.1999999999999999800, -2.799999999999999800 ) ) ;
#8400 = LINE ( 'NONE', #8399, #8398 ) ;
#8401 = DIRECTION ( 'NONE',  ( 0.0000000000000000000, 0.0000000000000000000, 1.000000000000000000 ) ) ;
#8402 = DIRECTION ( 'NONE',  ( -1.000000000000000000, -0.0000000000000000000, 0.0000000000000000000 ) ) ;
#8403 = CARTESIAN_POINT ( 'NONE',  ( -4.599999999999999600, -0.1999999999999999800, -2.799999999999999800 ) ) ;
#8404 = AXIS2_PLACEMENT_3D ( 'NONE', #8403, #8402, #8401 ) ;
#8405 = PLANE ( 'NONE',  #8404 ) ;
#8406 = FACE_OUTER_BOUND ( 'NONE', #2330, .T. ) ;
#8407 = DIRECTION ( 'NONE',  ( 0.0000000000000000000, 1.000000000000000000, 0.0000000000000000000 ) ) ;
#8408 = VECTOR ( 'NONE', #8407, 1000.000000000000000 ) ;
#8409 = CARTESIAN_POINT ( 'NONE',  ( -4.400000000000000400, -0.6999999999999999600, -3.000000000000000000 ) ) ;
#8410 = FACE_OUTER_BOUND ( 'NONE', #2373, .T. ) ;
#8411 = DIRECTION ( 'NONE',  ( 0.0000000000000000000, -0.7071067811865510100, -0.7071067811865441300 ) ) ;
#8412 = DIRECTION ( 'NONE',  ( 0.0000000000000000000, -0.7071067811865441300, 0.7071067811865510100 ) ) ;
#8413 = CARTESIAN_POINT ( 'NONE',  ( -4.400000000000000400, 0.2500000000000014400, -2.850000000000000100 ) ) ;
#8414 = AXIS2_PLACEMENT_3D ( 'NONE', #8413, #8412, #8411 ) ;
#8415 = PLANE ( 'NONE',  #8414 ) ;
#8416 = PLANE ( 'NONE',  #8476 ) ;
#8417 = FACE_OUTER_BOUND ( 'NONE', #2367, .T. ) ;
#8418 = DIRECTION ( 'NONE',  ( 0.0000000000000000000, 1.000000000000000000, 0.0000000000000000000 ) ) ;
#8419 = VECTOR ( 'NONE', #8418, 1000.000000000000000 ) ;
#8420 = CARTESIAN_POINT ( 'NONE',  ( -3.400000000000000400, 2.099999999999999600, -0.9000000000000004700 ) ) ;
#8421 = LINE ( 'NONE', #8420, #8419 ) ;
#8422 = CARTESIAN_POINT ( 'NONE',  ( -4.400000000000000400, -0.6999999999999999600, -2.799999999999999800 ) ) ;
#8423 = DIRECTION ( 'NONE',  ( -1.000000000000000000, -0.0000000000000000000, -0.0000000000000000000 ) ) ;
#8424 = VECTOR ( 'NONE', #8423, 1000.000000000000000 ) ;
#8425 = CARTESIAN_POINT ( 'NONE',  ( -4.400000000000000400, -0.6999999999999999600, -2.799999999999999800 ) ) ;
#8426 = LINE ( 'NONE', #8425, #8424 ) ;
#8427 = CARTESIAN_POINT ( 'NONE',  ( -4.599999999999999600, -0.6999999999999999600, -2.799999999999999800 ) ) ;
#8428 = CARTESIAN_POINT ( 'NONE',  ( -4.599999999999999600, -0.1999999999999999800, -2.799999999999999800 ) ) ;
#8429 = DIRECTION ( 'NONE',  ( 0.0000000000000000000, -1.000000000000000000, 0.0000000000000000000 ) ) ;
#8430 = VECTOR ( 'NONE', #8429, 1000.000000000000000 ) ;
#8431 = CARTESIAN_POINT ( 'NONE',  ( -4.599999999999999600, -0.1999999999999999800, -2.799999999999999800 ) ) ;
#8432 = LINE ( 'NONE', #8431, #8430 ) ;
#8433 = DIRECTION ( 'NONE',  ( -1.000000000000000000, 0.0000000000000000000, -0.0000000000000000000 ) ) ;
#8434 = DIRECTION ( 'NONE',  ( 0.0000000000000000000, 0.0000000000000000000, -1.000000000000000000 ) ) ;
#8435 = CARTESIAN_POINT ( 'NONE',  ( -4.400000000000000400, -0.1999999999999999800, -2.799999999999999800 ) ) ;
#8436 = AXIS2_PLACEMENT_3D ( 'NONE', #8435, #8434, #8433 ) ;
#8437 = PLANE ( 'NONE',  #8436 ) ;
#8438 = FACE_OUTER_BOUND ( 'NONE', #2350, .T. ) ;
#8439 = DIRECTION ( 'NONE',  ( 0.0000000000000000000, 0.0000000000000000000, -1.000000000000000000 ) ) ;
#8440 = VECTOR ( 'NONE', #8439, 1000.000000000000000 ) ;
#8441 = CARTESIAN_POINT ( 'NONE',  ( -4.400000000000000400, -0.6999999999999999600, -2.799999999999999800 ) ) ;
#8442 = LINE ( 'NONE', #8441, #8440 ) ;
#8443 = PLANE ( 'NONE',  #8511 ) ;
#8444 = DIRECTION ( 'NONE',  ( 0.0000000000000000000, 0.0000000000000000000, 1.000000000000000000 ) ) ;
#8445 = DIRECTION ( 'NONE',  ( -1.000000000000000000, -0.0000000000000000000, 0.0000000000000000000 ) ) ;
#8446 = CARTESIAN_POINT ( 'NONE',  ( -4.400000000000000400, -0.1999999999999999800, -2.799999999999999800 ) ) ;
#8447 = AXIS2_PLACEMENT_3D ( 'NONE', #8446, #8445, #8444 ) ;
#8448 = FACE_OUTER_BOUND ( 'NONE', #2401, .T. ) ;
#8449 = PLANE ( 'NONE',  #8447 ) ;
#8450 = FACE_OUTER_BOUND ( 'NONE', #2397, .T. ) ;
#8451 = DIRECTION ( 'NONE',  ( 0.0000000000000000000, -0.7071067811865462400, -0.7071067811865489100 ) ) ;
#8452 = VECTOR ( 'NONE', #8451, 1000.000000000000000 ) ;
#8453 = CARTESIAN_POINT ( 'NONE',  ( -4.599999999999999600, 0.09999999999999917300, -2.499999999999999600 ) ) ;
#8454 = LINE ( 'NONE', #8453, #8452 ) ;
#8455 = DIRECTION ( 'NONE',  ( -0.0000000000000000000, 0.7071067811865510100, 0.7071067811865441300 ) ) ;
#8456 = VECTOR ( 'NONE', #8455, 1000.000000000000000 ) ;
#8457 = CARTESIAN_POINT ( 'NONE',  ( -4.599999999999999600, 0.2500000000000014400, -2.850000000000000100 ) ) ;
#8458 = LINE ( 'NONE', #8457, #8456 ) ;
#8459 = DIRECTION ( 'NONE',  ( 0.0000000000000000000, 0.7071067811865462400, 0.7071067811865489100 ) ) ;
#8460 = DIRECTION ( 'NONE',  ( 0.0000000000000000000, 0.7071067811865489100, -0.7071067811865462400 ) ) ;
#8461 = CARTESIAN_POINT ( 'NONE',  ( -4.400000000000000400, 0.09999999999999917300, -2.499999999999999600 ) ) ;
#8462 = AXIS2_PLACEMENT_3D ( 'NONE', #8461, #8460, #8459 ) ;
#8463 = PLANE ( 'NONE',  #8462 ) ;
#8464 = FACE_OUTER_BOUND ( 'NONE', #2385, .T. ) ;
#8465 = DIRECTION ( 'NONE',  ( 0.0000000000000000000, -0.7071067811865462400, -0.7071067811865489100 ) ) ;
#8466 = VECTOR ( 'NONE', #8465, 1000.000000000000000 ) ;
#8467 = CARTESIAN_POINT ( 'NONE',  ( -4.400000000000000400, 0.09999999999999917300, -2.499999999999999600 ) ) ;
#8468 = LINE ( 'NONE', #8467, #8466 ) ;
#8469 = DIRECTION ( 'NONE',  ( -0.0000000000000000000, 0.7071067811865510100, 0.7071067811865441300 ) ) ;
#8470 = VECTOR ( 'NONE', #8469, 1000.000000000000000 ) ;
#8471 = CARTESIAN_POINT ( 'NONE',  ( -4.400000000000000400, 0.2500000000000014400, -2.850000000000000100 ) ) ;
#8472 = LINE ( 'NONE', #8471, #8470 ) ;
#8473 = DIRECTION ( 'NONE',  ( 0.0000000000000000000, -1.000000000000000000, 1.642730564371976600E-017 ) ) ;
#8474 = DIRECTION ( 'NONE',  ( -0.0000000000000000000, 1.642730564371976600E-017, 1.000000000000000000 ) ) ;
#8475 = CARTESIAN_POINT ( 'NONE',  ( -4.400000000000000400, 0.5499999999999992700, 0.3999999999999996300 ) ) ;
#8476 = AXIS2_PLACEMENT_3D ( 'NONE', #8475, #8474, #8473 ) ;
#8477 = FACE_OUTER_BOUND ( 'NONE', #2424, .T. ) ;
#8478 = DIRECTION ( 'NONE',  ( 0.0000000000000000000, -1.000000000000000000, -1.156482317317871500E-016 ) ) ;
#8479 = VECTOR ( 'NONE', #8478, 1000.000000000000000 ) ;
#8480 = CARTESIAN_POINT ( 'NONE',  ( -4.599999999999999600, 3.849999999999999200, 0.8999999999999999100 ) ) ;
#8481 = LINE ( 'NONE', #8480, #8479 ) ;
#8482 = DIRECTION ( 'NONE',  ( 0.0000000000000000000, -1.000000000000000000, -1.156482317317871500E-016 ) ) ;
#8483 = VECTOR ( 'NONE', #8482, 1000.000000000000000 ) ;
#8484 = CARTESIAN_POINT ( 'NONE',  ( -4.400000000000000400, 3.849999999999999200, 0.8999999999999999100 ) ) ;
#8485 = LINE ( 'NONE', #8484, #8483 ) ;
#8486 = DIRECTION ( 'NONE',  ( 0.0000000000000000000, 1.000000000000000000, 1.156482317317871500E-016 ) ) ;
#8487 = DIRECTION ( 'NONE',  ( 0.0000000000000000000, 1.156482317317871500E-016, -1.000000000000000000 ) ) ;
#8488 = CARTESIAN_POINT ( 'NONE',  ( -4.400000000000000400, 3.849999999999999200, 0.8999999999999999100 ) ) ;
#8489 = AXIS2_PLACEMENT_3D ( 'NONE', #8488, #8487, #8486 ) ;
#8490 = PLANE ( 'NONE',  #8489 ) ;
#8491 = FACE_OUTER_BOUND ( 'NONE', #2416, .T. ) ;
#8492 = DIRECTION ( 'NONE',  ( -0.0000000000000000000, -0.0000000000000000000, 1.000000000000000000 ) ) ;
#8493 = VECTOR ( 'NONE', #8492, 1000.000000000000000 ) ;
#8494 = CARTESIAN_POINT ( 'NONE',  ( -4.400000000000000400, 3.849999999999999200, 0.8999999999999999100 ) ) ;
#8495 = LINE ( 'NONE', #8494, #8493 ) ;
#8496 = DIRECTION ( 'NONE',  ( 1.000000000000000000, 0.0000000000000000000, -0.0000000000000000000 ) ) ;
#8497 = DIRECTION ( 'NONE',  ( 0.0000000000000000000, 0.0000000000000000000, 1.000000000000000000 ) ) ;
#8498 = CARTESIAN_POINT ( 'NONE',  ( -4.400000000000000400, 4.999999999999999100, -3.000000000000000000 ) ) ;
#8499 = AXIS2_PLACEMENT_3D ( 'NONE', #8498, #8497, #8496 ) ;
#8500 = PLANE ( 'NONE',  #8499 ) ;
#8501 = FACE_OUTER_BOUND ( 'NONE', #2411, .T. ) ;
#8502 = DIRECTION ( 'NONE',  ( 0.0000000000000000000, 0.0000000000000000000, 1.000000000000000000 ) ) ;
#8503 = DIRECTION ( 'NONE',  ( -1.000000000000000000, -0.0000000000000000000, 0.0000000000000000000 ) ) ;
#8504 = CARTESIAN_POINT ( 'NONE',  ( -4.599999999999999600, -0.1999999999999999800, -2.799999999999999800 ) ) ;
#8505 = AXIS2_PLACEMENT_3D ( 'NONE', #8504, #8503, #8502 ) ;
#8506 = PLANE ( 'NONE',  #8505 ) ;
#8507 = FACE_OUTER_BOUND ( 'NONE', #2405, .T. ) ;
#8508 = DIRECTION ( 'NONE',  ( 1.000000000000000000, 0.0000000000000000000, -0.0000000000000000000 ) ) ;
#8509 = DIRECTION ( 'NONE',  ( 0.0000000000000000000, 0.0000000000000000000, 1.000000000000000000 ) ) ;
#8510 = CARTESIAN_POINT ( 'NONE',  ( -4.400000000000000400, -0.6999999999999999600, -3.000000000000000000 ) ) ;
#8511 = AXIS2_PLACEMENT_3D ( 'NONE', #8510, #8509, #8508 ) ;
#8512 = CARTESIAN_POINT ( 'NONE',  ( -4.599999999999999600, 3.849999999999999200, 0.8999999999999999100 ) ) ;
#8513 = DIRECTION ( 'NONE',  ( -0.0000000000000000000, -0.0000000000000000000, 1.000000000000000000 ) ) ;
#8514 = VECTOR ( 'NONE', #8513, 1000.000000000000000 ) ;
#8515 = CARTESIAN_POINT ( 'NONE',  ( -4.599999999999999600, 3.849999999999999200, 0.8999999999999999100 ) ) ;
#8516 = LINE ( 'NONE', #8515, #8514 ) ;
#8517 = DIRECTION ( 'NONE',  ( 0.0000000000000000000, -0.0000000000000000000, -1.000000000000000000 ) ) ;
#8518 = DIRECTION ( 'NONE',  ( 0.0000000000000000000, -1.000000000000000000, 0.0000000000000000000 ) ) ;
#8519 = CARTESIAN_POINT ( 'NONE',  ( -4.400000000000000400, 3.849999999999999200, 0.8999999999999999100 ) ) ;
#8520 = AXIS2_PLACEMENT_3D ( 'NONE', #8519, #8518, #8517 ) ;
#8521 = PLANE ( 'NONE',  #8520 ) ;
#8522 = FACE_OUTER_BOUND ( 'NONE', #2433, .T. ) ;
#8523 = DIRECTION ( 'NONE',  ( 0.0000000000000000000, 1.000000000000000000, -1.642730564371976600E-017 ) ) ;
#8524 = VECTOR ( 'NONE', #8523, 1000.000000000000000 ) ;
#8525 = CARTESIAN_POINT ( 'NONE',  ( -4.400000000000000400, 0.5499999999999992700, 0.3999999999999996300 ) ) ;
#8526 = LINE ( 'NONE', #8525, #8524 ) ;
#8527 = CARTESIAN_POINT ( 'NONE',  ( -4.400000000000000400, 3.849999999999999200, 0.3999999999999995800 ) ) ;
#8528 = DIRECTION ( 'NONE',  ( -1.000000000000000000, -0.0000000000000000000, -0.0000000000000000000 ) ) ;
#8529 = VECTOR ( 'NONE', #8528, 1000.000000000000000 ) ;
#8530 = CARTESIAN_POINT ( 'NONE',  ( -4.400000000000000400, 3.849999999999999200, 0.3999999999999995800 ) ) ;
#8531 = LINE ( 'NONE', #8530, #8529 ) ;
#8532 = CARTESIAN_POINT ( 'NONE',  ( -4.599999999999999600, 3.849999999999999200, 0.3999999999999995800 ) ) ;
#8533 = DIRECTION ( 'NONE',  ( 0.0000000000000000000, 1.000000000000000000, -1.642730564371976600E-017 ) ) ;
#8534 = VECTOR ( 'NONE', #8533, 1000.000000000000000 ) ;
#8535 = CARTESIAN_POINT ( 'NONE',  ( -4.599999999999999600, 0.5499999999999992700, 0.3999999999999996300 ) ) ;
#8536 = LINE ( 'NONE', #8535, #8534 ) ;
#8537 = DIRECTION ( 'NONE',  ( 0.0000000000000000000, 0.0000000000000000000, 1.000000000000000000 ) ) ;
#8538 = DIRECTION ( 'NONE',  ( -1.000000000000000000, -0.0000000000000000000, 0.0000000000000000000 ) ) ;
#8539 = CARTESIAN_POINT ( 'NONE',  ( -4.400000000000000400, -0.1999999999999999800, -2.799999999999999800 ) ) ;
#8540 = AXIS2_PLACEMENT_3D ( 'NONE', #8539, #8538, #8537 ) ;
#8541 = PLANE ( 'NONE',  #8540 ) ;
#8542 = PLANE ( 'NONE',  #8605 ) ;
#8543 = FACE_OUTER_BOUND ( 'NONE', #2459, .T. ) ;
#8544 = DIRECTION ( 'NONE',  ( 0.0000000000000000000, 4.336808689942016200E-015, 1.000000000000000000 ) ) ;
#8545 = VECTOR ( 'NONE', #8544, 1000.000000000000000 ) ;
#8546 = CARTESIAN_POINT ( 'NONE',  ( -4.400000000000000400, 5.799999999999999800, -3.000000000000000000 ) ) ;
#8547 = LINE ( 'NONE', #8546, #8545 ) ;
#8548 = CARTESIAN_POINT ( 'NONE',  ( -4.400000000000000400, 5.800000000000000700, -2.799999999999999800 ) ) ;
#8549 = DIRECTION ( 'NONE',  ( -1.000000000000000000, -0.0000000000000000000, -0.0000000000000000000 ) ) ;
#8550 = VECTOR ( 'NONE', #8549, 1000.000000000000000 ) ;
#8551 = CARTESIAN_POINT ( 'NONE',  ( -4.400000000000000400, 5.800000000000000700, -2.799999999999999800 ) ) ;
#8552 = LINE ( 'NONE', #8551, #8550 ) ;
#8553 = CARTESIAN_POINT ( 'NONE',  ( -4.599999999999999600, 5.800000000000000700, -2.799999999999999800 ) ) ;
#8554 = DIRECTION ( 'NONE',  ( 0.0000000000000000000, 4.336808689942016200E-015, 1.000000000000000000 ) ) ;
#8555 = VECTOR ( 'NONE', #8554, 1000.000000000000000 ) ;
#8556 = CARTESIAN_POINT ( 'NONE',  ( -4.599999999999999600, 5.799999999999999800, -3.000000000000000000 ) ) ;
#8557 = LINE ( 'NONE', #8556, #8555 ) ;
#8558 = DIRECTION ( 'NONE',  ( 0.0000000000000000000, 0.7071067811865454600, -0.7071067811865495700 ) ) ;
#8559 = VECTOR ( 'NONE', #8558, 1000.000000000000000 ) ;
#8560 = CARTESIAN_POINT ( 'NONE',  ( -4.400000000000000400, 4.850000000000000500, -2.850000000000000100 ) ) ;
#8561 = LINE ( 'NONE', #8560, #8559 ) ;
#8562 = DIRECTION ( 'NONE',  ( 0.0000000000000000000, 0.0000000000000000000, 1.000000000000000000 ) ) ;
#8563 = DIRECTION ( 'NONE',  ( -1.000000000000000000, 0.0000000000000000000, 0.0000000000000000000 ) ) ;
#8564 = CARTESIAN_POINT ( 'NONE',  ( -4.400000000000000400, 3.849999999999998300, -2.500000000000000900 ) ) ;
#8565 = AXIS2_PLACEMENT_3D ( 'NONE', #8564, #8563, #8562 ) ;
#8566 = PLANE ( 'NONE',  #8565 ) ;
#8567 = FACE_OUTER_BOUND ( 'NONE', #2443, .T. ) ;
#8568 = DIRECTION ( 'NONE',  ( 0.0000000000000000000, -1.000000000000000000, -8.673617379884042400E-016 ) ) ;
#8569 = VECTOR ( 'NONE', #8568, 1000.000000000000000 ) ;
#8570 = CARTESIAN_POINT ( 'NONE',  ( -4.400000000000000400, 5.800000000000000700, -2.799999999999999800 ) ) ;
#8571 = LINE ( 'NONE', #8570, #8569 ) ;
#8572 = CARTESIAN_POINT ( 'NONE',  ( -4.400000000000000400, 3.849999999999999200, 0.8999999999999999100 ) ) ;
#8573 = DIRECTION ( 'NONE',  ( -1.000000000000000000, -0.0000000000000000000, -0.0000000000000000000 ) ) ;
#8574 = CARTESIAN_POINT ( 'NONE',  ( -4.400000000000000400, 4.999999999999999100, -3.000000000000000000 ) ) ;
#8575 = LINE ( 'NONE', #8574, #8639 ) ;
#8576 = CARTESIAN_POINT ( 'NONE',  ( -4.400000000000000400, 4.999999999999999100, -3.000000000000000000 ) ) ;
#8577 = DIRECTION ( 'NONE',  ( 0.0000000000000000000, 1.000000000000000000, 0.0000000000000000000 ) ) ;
#8578 = VECTOR ( 'NONE', #8577, 1000.000000000000000 ) ;
#8579 = CARTESIAN_POINT ( 'NONE',  ( -4.400000000000000400, 4.999999999999999100, -3.000000000000000000 ) ) ;
#8580 = LINE ( 'NONE', #8579, #8578 ) ;
#8581 = CARTESIAN_POINT ( 'NONE',  ( -4.400000000000000400, 5.799999999999999800, -3.000000000000000000 ) ) ;
#8582 = DIRECTION ( 'NONE',  ( -1.000000000000000000, -0.0000000000000000000, -0.0000000000000000000 ) ) ;
#8583 = VECTOR ( 'NONE', #8582, 1000.000000000000000 ) ;
#8584 = CARTESIAN_POINT ( 'NONE',  ( -4.400000000000000400, 5.799999999999999800, -3.000000000000000000 ) ) ;
#8585 = LINE ( 'NONE', #8584, #8583 ) ;
#8586 = CARTESIAN_POINT ( 'NONE',  ( -4.599999999999999600, 5.799999999999999800, -3.000000000000000000 ) ) ;
#8587 = CARTESIAN_POINT ( 'NONE',  ( -4.599999999999999600, 4.999999999999999100, -3.000000000000000000 ) ) ;
#8588 = DIRECTION ( 'NONE',  ( 0.0000000000000000000, 1.000000000000000000, 0.0000000000000000000 ) ) ;
#8589 = VECTOR ( 'NONE', #8588, 1000.000000000000000 ) ;
#8590 = CARTESIAN_POINT ( 'NONE',  ( -4.599999999999999600, 4.999999999999999100, -3.000000000000000000 ) ) ;
#8591 = LINE ( 'NONE', #8590, #8589 ) ;
#8592 = CARTESIAN_POINT ( 'NONE',  ( -4.400000000000000400, 5.300000000000000700, -2.800000000000000300 ) ) ;
#8593 = DIRECTION ( 'NONE',  ( -1.000000000000000000, -0.0000000000000000000, -0.0000000000000000000 ) ) ;
#8594 = VECTOR ( 'NONE', #8593, 1000.000000000000000 ) ;
#8595 = CARTESIAN_POINT ( 'NONE',  ( -4.400000000000000400, 5.300000000000000700, -2.800000000000000300 ) ) ;
#8596 = LINE ( 'NONE', #8595, #8594 ) ;
#8597 = CARTESIAN_POINT ( 'NONE',  ( -4.599999999999999600, 5.300000000000000700, -2.800000000000000300 ) ) ;
#8598 = DIRECTION ( 'NONE',  ( 0.0000000000000000000, -1.000000000000000000, -8.673617379884042400E-016 ) ) ;
#8599 = VECTOR ( 'NONE', #8598, 1000.000000000000000 ) ;
#8600 = CARTESIAN_POINT ( 'NONE',  ( -4.599999999999999600, 5.800000000000000700, -2.799999999999999800 ) ) ;
#8601 = LINE ( 'NONE', #8600, #8599 ) ;
#8602 = DIRECTION ( 'NONE',  ( 0.0000000000000000000, 1.000000000000000000, 8.673617379884043400E-016 ) ) ;
#8603 = DIRECTION ( 'NONE',  ( 0.0000000000000000000, 8.673617379884043400E-016, -1.000000000000000000 ) ) ;
#8604 = CARTESIAN_POINT ( 'NONE',  ( -4.400000000000000400, 5.800000000000000700, -2.799999999999999800 ) ) ;
#8605 = AXIS2_PLACEMENT_3D ( 'NONE', #8604, #8603, #8602 ) ;
#8606 = CARTESIAN_POINT ( 'NONE',  ( -4.400000000000000400, 3.849999999999999200, -0.4000000000000005200 ) ) ;
#8607 = DIRECTION ( 'NONE',  ( -1.000000000000000000, -0.0000000000000000000, -0.0000000000000000000 ) ) ;
#8608 = VECTOR ( 'NONE', #8607, 1000.000000000000000 ) ;
#8609 = CARTESIAN_POINT ( 'NONE',  ( -4.400000000000000400, 3.849999999999999200, -0.4000000000000005200 ) ) ;
#8610 = LINE ( 'NONE', #8609, #8608 ) ;
#8611 = CARTESIAN_POINT ( 'NONE',  ( -4.599999999999999600, 3.849999999999999200, -0.4000000000000005200 ) ) ;
#8612 = CARTESIAN_POINT ( 'NONE',  ( -4.599999999999999600, 3.849999999999999200, -0.9000000000000004700 ) ) ;
#8613 = DIRECTION ( 'NONE',  ( 0.0000000000000000000, 0.0000000000000000000, 1.000000000000000000 ) ) ;
#8614 = VECTOR ( 'NONE', #8613, 1000.000000000000000 ) ;
#8615 = CARTESIAN_POINT ( 'NONE',  ( -4.599999999999999600, 3.849999999999999200, -0.9000000000000004700 ) ) ;
#8616 = LINE ( 'NONE', #8615, #8614 ) ;
#8617 = DIRECTION ( 'NONE',  ( 0.0000000000000000000, -0.0000000000000000000, -1.000000000000000000 ) ) ;
#8618 = DIRECTION ( 'NONE',  ( 0.0000000000000000000, -1.000000000000000000, 0.0000000000000000000 ) ) ;
#8619 = CARTESIAN_POINT ( 'NONE',  ( -4.400000000000000400, 3.849999999999999200, -0.9000000000000004700 ) ) ;
#8620 = AXIS2_PLACEMENT_3D ( 'NONE', #8619, #8618, #8617 ) ;
#8621 = PLANE ( 'NONE',  #8620 ) ;
#8622 = FACE_OUTER_BOUND ( 'NONE', #2489, .T. ) ;
#8623 = DIRECTION ( 'NONE',  ( 0.0000000000000000000, 1.000000000000000000, 0.0000000000000000000 ) ) ;
#8624 = VECTOR ( 'NONE', #8623, 1000.000000000000000 ) ;
#8625 = CARTESIAN_POINT ( 'NONE',  ( -4.599999999999999600, 2.099999999999999600, -0.9000000000000004700 ) ) ;
#8626 = LINE ( 'NONE', #8625, #8624 ) ;
#8627 = DIRECTION ( 'NONE',  ( 1.000000000000000000, 0.0000000000000000000, -0.0000000000000000000 ) ) ;
#8628 = DIRECTION ( 'NONE',  ( 0.0000000000000000000, 0.0000000000000000000, 1.000000000000000000 ) ) ;
#8629 = CARTESIAN_POINT ( 'NONE',  ( -4.400000000000000400, 2.099999999999999600, -0.9000000000000004700 ) ) ;
#8630 = AXIS2_PLACEMENT_3D ( 'NONE', #8629, #8628, #8627 ) ;
#8631 = PLANE ( 'NONE',  #8630 ) ;
#8632 = FACE_OUTER_BOUND ( 'NONE', #2483, .T. ) ;
#8633 = DIRECTION ( 'NONE',  ( 0.0000000000000000000, -4.336808689942016200E-015, -1.000000000000000000 ) ) ;
#8634 = DIRECTION ( 'NONE',  ( 0.0000000000000000000, -1.000000000000000000, 4.336808689942016200E-015 ) ) ;
#8635 = CARTESIAN_POINT ( 'NONE',  ( -4.400000000000000400, 5.799999999999999800, -3.000000000000000000 ) ) ;
#8636 = AXIS2_PLACEMENT_3D ( 'NONE', #8635, #8634, #8633 ) ;
#8637 = PLANE ( 'NONE',  #8636 ) ;
#8638 = FACE_OUTER_BOUND ( 'NONE', #2479, .T. ) ;
#8639 = VECTOR ( 'NONE', #8573, 1000.000000000000000 ) ;
#8640 = LINE ( 'NONE', #8705, #8704 ) ;
#8641 = DIRECTION ( 'NONE',  ( 0.0000000000000000000, 0.0000000000000000000, 1.000000000000000000 ) ) ;
#8642 = DIRECTION ( 'NONE',  ( -1.000000000000000000, 0.0000000000000000000, 0.0000000000000000000 ) ) ;
#8643 = CARTESIAN_POINT ( 'NONE',  ( -4.599999999999999600, 3.849999999999998300, -2.500000000000000900 ) ) ;
#8644 = AXIS2_PLACEMENT_3D ( 'NONE', #8643, #8642, #8641 ) ;
#8645 = PLANE ( 'NONE',  #8644 ) ;
#8646 = FACE_OUTER_BOUND ( 'NONE', #2517, .T. ) ;
#8647 = DIRECTION ( 'NONE',  ( 0.0000000000000000000, -0.7071067811865460200, 0.7071067811865490200 ) ) ;
#8648 = VECTOR ( 'NONE', #8647, 1000.000000000000100 ) ;
#8649 = CARTESIAN_POINT ( 'NONE',  ( -4.400000000000000400, 5.300000000000000700, -2.800000000000000300 ) ) ;
#8650 = LINE ( 'NONE', #8649, #8648 ) ;
#8651 = DIRECTION ( 'NONE',  ( 0.0000000000000000000, -0.7071067811865454600, 0.7071067811865495700 ) ) ;
#8652 = DIRECTION ( 'NONE',  ( -0.0000000000000000000, 0.7071067811865495700, 0.7071067811865454600 ) ) ;
#8653 = CARTESIAN_POINT ( 'NONE',  ( -4.400000000000000400, 4.850000000000000500, -2.850000000000000100 ) ) ;
#8654 = AXIS2_PLACEMENT_3D ( 'NONE', #8653, #8652, #8651 ) ;
#8655 = PLANE ( 'NONE',  #8654 ) ;
#8656 = FACE_OUTER_BOUND ( 'NONE', #2510, .T. ) ;
#8657 = DIRECTION ( 'NONE',  ( 0.0000000000000000000, 0.7071067811865460200, -0.7071067811865490200 ) ) ;
#8658 = DIRECTION ( 'NONE',  ( 0.0000000000000000000, -0.7071067811865490200, -0.7071067811865460200 ) ) ;
#8659 = CARTESIAN_POINT ( 'NONE',  ( -4.400000000000000400, 5.300000000000000700, -2.800000000000000300 ) ) ;
#8660 = AXIS2_PLACEMENT_3D ( 'NONE', #8659, #8658, #8657 ) ;
#8661 = PLANE ( 'NONE',  #8660 ) ;
#8662 = FACE_OUTER_BOUND ( 'NONE', #2504, .T. ) ;
#8663 = DIRECTION ( 'NONE',  ( 0.0000000000000000000, 0.7071067811865454600, -0.7071067811865495700 ) ) ;
#8664 = VECTOR ( 'NONE', #8663, 1000.000000000000000 ) ;
#8665 = CARTESIAN_POINT ( 'NONE',  ( -4.599999999999999600, 4.850000000000000500, -2.850000000000000100 ) ) ;
#8666 = LINE ( 'NONE', #8665, #8664 ) ;
#8667 = CARTESIAN_POINT ( 'NONE',  ( -4.400000000000000400, 3.849999999999999200, -0.9000000000000004700 ) ) ;
#8668 = DIRECTION ( 'NONE',  ( 0.0000000000000000000, 0.0000000000000000000, 1.000000000000000000 ) ) ;
#8669 = VECTOR ( 'NONE', #8668, 1000.000000000000000 ) ;
#8670 = CARTESIAN_POINT ( 'NONE',  ( -4.400000000000000400, 3.849999999999999200, -0.9000000000000004700 ) ) ;
#8671 = LINE ( 'NONE', #8670, #8669 ) ;
#8672 = FACE_OUTER_BOUND ( 'NONE', #2544, .T. ) ;
#8673 = DIRECTION ( 'NONE',  ( 0.0000000000000000000, 1.000000000000000000, 0.0000000000000000000 ) ) ;
#8674 = VECTOR ( 'NONE', #8673, 1000.000000000000000 ) ;
#8675 = CARTESIAN_POINT ( 'NONE',  ( -4.400000000000000400, 2.099999999999999600, -0.9000000000000004700 ) ) ;
#8676 = LINE ( 'NONE', #8675, #8674 ) ;
#8677 = CARTESIAN_POINT ( 'NONE',  ( -5.400000000000001200, -0.6999999999999999600, -2.799999999999999800 ) ) ;
#8678 = DIRECTION ( 'NONE',  ( -1.000000000000000000, -0.0000000000000000000, -0.0000000000000000000 ) ) ;
#8679 = VECTOR ( 'NONE', #8678, 1000.000000000000000 ) ;
#8680 = CARTESIAN_POINT ( 'NONE',  ( -5.400000000000001200, -0.6999999999999999600, -2.799999999999999800 ) ) ;
#8681 = LINE ( 'NONE', #8680, #8679 ) ;
#8682 = CARTESIAN_POINT ( 'NONE',  ( -5.600000000000000500, -0.6999999999999999600, -2.799999999999999800 ) ) ;
#8683 = CARTESIAN_POINT ( 'NONE',  ( -5.600000000000000500, -0.1999999999999999800, -2.799999999999999800 ) ) ;
#8684 = DIRECTION ( 'NONE',  ( 0.0000000000000000000, -1.000000000000000000, 0.0000000000000000000 ) ) ;
#8685 = VECTOR ( 'NONE', #8684, 1000.000000000000000 ) ;
#8686 = CARTESIAN_POINT ( 'NONE',  ( -5.600000000000000500, -0.1999999999999999800, -2.799999999999999800 ) ) ;
#8687 = LINE ( 'NONE', #8686, #8685 ) ;
#8688 = DIRECTION ( 'NONE',  ( -1.000000000000000000, 0.0000000000000000000, -0.0000000000000000000 ) ) ;
#8689 = DIRECTION ( 'NONE',  ( 0.0000000000000000000, 0.0000000000000000000, -1.000000000000000000 ) ) ;
#8690 = CARTESIAN_POINT ( 'NONE',  ( -5.400000000000001200, -0.1999999999999999800, -2.799999999999999800 ) ) ;
#8691 = AXIS2_PLACEMENT_3D ( 'NONE', #8690, #8689, #8688 ) ;
#8692 = PLANE ( 'NONE',  #8691 ) ;
#8693 = FACE_OUTER_BOUND ( 'NONE', #2531, .T. ) ;
#8694 = DIRECTION ( 'NONE',  ( 0.0000000000000000000, 0.0000000000000000000, -1.000000000000000000 ) ) ;
#8695 = VECTOR ( 'NONE', #8694, 1000.000000000000000 ) ;
#8696 = CARTESIAN_POINT ( 'NONE',  ( -5.400000000000001200, -0.6999999999999999600, -2.799999999999999800 ) ) ;
#8697 = LINE ( 'NONE', #8696, #8695 ) ;
#8698 = CARTESIAN_POINT ( 'NONE',  ( -5.400000000000001200, -0.6999999999999999600, -3.000000000000000000 ) ) ;
#8699 = DIRECTION ( 'NONE',  ( -1.000000000000000000, -0.0000000000000000000, -0.0000000000000000000 ) ) ;
#8700 = VECTOR ( 'NONE', #8699, 1000.000000000000000 ) ;
#8701 = CARTESIAN_POINT ( 'NONE',  ( -5.400000000000001200, -0.6999999999999999600, -3.000000000000000000 ) ) ;
#8702 = LINE ( 'NONE', #8701, #8700 ) ;
#8703 = DIRECTION ( 'NONE',  ( 0.0000000000000000000, -0.7071067811865460200, 0.7071067811865490200 ) ) ;
#8704 = VECTOR ( 'NONE', #8703, 1000.000000000000100 ) ;
#8705 = CARTESIAN_POINT ( 'NONE',  ( -4.599999999999999600, 5.300000000000000700, -2.800000000000000300 ) ) ;
#8706 = AXIS2_PLACEMENT_3D ( 'NONE', #8770, #8769, #8768 ) ;
#8707 = PLANE ( 'NONE',  #8706 ) ;
#8708 = FACE_OUTER_BOUND ( 'NONE', #2562, .T. ) ;
#8709 = DIRECTION ( 'NONE',  ( 0.0000000000000000000, -1.000000000000000000, -1.232047923278982200E-016 ) ) ;
#8710 = VECTOR ( 'NONE', #8709, 1000.000000000000000 ) ;
#8711 = CARTESIAN_POINT ( 'NONE',  ( -4.599999999999999600, 3.849999999999999200, -0.4000000000000005200 ) ) ;
#8712 = LINE ( 'NONE', #8711, #8710 ) ;
#8713 = DIRECTION ( 'NONE',  ( 0.0000000000000000000, -1.000000000000000000, -1.232047923278982200E-016 ) ) ;
#8714 = VECTOR ( 'NONE', #8713, 1000.000000000000000 ) ;
#8715 = CARTESIAN_POINT ( 'NONE',  ( -4.400000000000000400, 3.849999999999999200, -0.4000000000000005200 ) ) ;
#8716 = LINE ( 'NONE', #8715, #8714 ) ;
#8717 = DIRECTION ( 'NONE',  ( 0.0000000000000000000, 1.000000000000000000, 1.232047923278982200E-016 ) ) ;
#8718 = DIRECTION ( 'NONE',  ( 0.0000000000000000000, 1.232047923278982200E-016, -1.000000000000000000 ) ) ;
#8719 = CARTESIAN_POINT ( 'NONE',  ( -4.400000000000000400, 3.849999999999999200, -0.4000000000000005200 ) ) ;
#8720 = AXIS2_PLACEMENT_3D ( 'NONE', #8719, #8718, #8717 ) ;
#8721 = PLANE ( 'NONE',  #8720 ) ;
#8722 = FACE_OUTER_BOUND ( 'NONE', #2554, .T. ) ;
#8723 = DIRECTION ( 'NONE',  ( -1.000000000000000000, -0.0000000000000000000, -0.0000000000000000000 ) ) ;
#8724 = VECTOR ( 'NONE', #8723, 1000.000000000000000 ) ;
#8725 = CARTESIAN_POINT ( 'NONE',  ( -4.400000000000000400, 3.849999999999999200, -0.9000000000000004700 ) ) ;
#8726 = LINE ( 'NONE', #8725, #8724 ) ;
#8727 = DIRECTION ( 'NONE',  ( 0.0000000000000000000, 0.0000000000000000000, 1.000000000000000000 ) ) ;
#8728 = DIRECTION ( 'NONE',  ( -1.000000000000000000, 0.0000000000000000000, 0.0000000000000000000 ) ) ;
#8729 = CARTESIAN_POINT ( 'NONE',  ( -4.599999999999999600, 3.849999999999998300, -2.500000000000000900 ) ) ;
#8730 = AXIS2_PLACEMENT_3D ( 'NONE', #8729, #8728, #8727 ) ;
#8731 = PLANE ( 'NONE',  #8730 ) ;
#8732 = FACE_OUTER_BOUND ( 'NONE', #2550, .T. ) ;
#8733 = DIRECTION ( 'NONE',  ( 0.0000000000000000000, 0.0000000000000000000, 1.000000000000000000 ) ) ;
#8734 = DIRECTION ( 'NONE',  ( -1.000000000000000000, 0.0000000000000000000, 0.0000000000000000000 ) ) ;
#8735 = CARTESIAN_POINT ( 'NONE',  ( -4.400000000000000400, 3.849999999999998300, -2.500000000000000900 ) ) ;
#8736 = AXIS2_PLACEMENT_3D ( 'NONE', #8735, #8734, #8733 ) ;
#8737 = PLANE ( 'NONE',  #8736 ) ;
#8738 = CARTESIAN_POINT ( 'NONE',  ( -5.400000000000001200, 0.1000000000000000500, -3.000000000000000000 ) ) ;
#8739 = DIRECTION ( 'NONE',  ( -1.000000000000000000, -0.0000000000000000000, -0.0000000000000000000 ) ) ;
#8740 = VECTOR ( 'NONE', #8739, 1000.000000000000000 ) ;
#8741 = CARTESIAN_POINT ( 'NONE',  ( -5.400000000000001200, 0.1000000000000000500, -3.000000000000000000 ) ) ;
#8742 = LINE ( 'NONE', #8741, #8740 ) ;
#8743 = CARTESIAN_POINT ( 'NONE',  ( -5.600000000000000500, 0.1000000000000000500, -3.000000000000000000 ) ) ;
#8744 = DIRECTION ( 'NONE',  ( 0.0000000000000000000, 1.000000000000000000, 0.0000000000000000000 ) ) ;
#8745 = VECTOR ( 'NONE', #8744, 1000.000000000000000 ) ;
#8746 = CARTESIAN_POINT ( 'NONE',  ( -5.600000000000000500, -0.6999999999999999600, -3.000000000000000000 ) ) ;
#8747 = LINE ( 'NONE', #8746, #8745 ) ;
#8748 = DIRECTION ( 'NONE',  ( 1.000000000000000000, 0.0000000000000000000, -0.0000000000000000000 ) ) ;
#8749 = DIRECTION ( 'NONE',  ( 0.0000000000000000000, 0.0000000000000000000, 1.000000000000000000 ) ) ;
#8750 = CARTESIAN_POINT ( 'NONE',  ( -5.400000000000001200, -0.6999999999999999600, -3.000000000000000000 ) ) ;
#8751 = AXIS2_PLACEMENT_3D ( 'NONE', #8750, #8749, #8748 ) ;
#8752 = PLANE ( 'NONE',  #8751 ) ;
#8753 = FACE_OUTER_BOUND ( 'NONE', #2577, .T. ) ;
#8754 = DIRECTION ( 'NONE',  ( 0.0000000000000000000, 0.0000000000000000000, 1.000000000000000000 ) ) ;
#8755 = DIRECTION ( 'NONE',  ( -1.000000000000000000, -0.0000000000000000000, 0.0000000000000000000 ) ) ;
#8756 = CARTESIAN_POINT ( 'NONE',  ( -5.400000000000001200, -0.1999999999999999800, -2.799999999999999800 ) ) ;
#8757 = AXIS2_PLACEMENT_3D ( 'NONE', #8756, #8755, #8754 ) ;
#8758 = PLANE ( 'NONE',  #8757 ) ;
#8759 = FACE_OUTER_BOUND ( 'NONE', #2574, .T. ) ;
#8760 = DIRECTION ( 'NONE',  ( 0.0000000000000000000, -0.7071067811865462400, -0.7071067811865489100 ) ) ;
#8761 = VECTOR ( 'NONE', #8760, 1000.000000000000000 ) ;
#8762 = CARTESIAN_POINT ( 'NONE',  ( -5.600000000000000500, 0.09999999999999917300, -2.499999999999999600 ) ) ;
#8763 = LINE ( 'NONE', #8762, #8761 ) ;
#8764 = DIRECTION ( 'NONE',  ( -0.0000000000000000000, 0.7071067811865510100, 0.7071067811865441300 ) ) ;
#8765 = VECTOR ( 'NONE', #8764, 1000.000000000000000 ) ;
#8766 = CARTESIAN_POINT ( 'NONE',  ( -5.600000000000000500, 0.2500000000000014400, -2.850000000000000100 ) ) ;
#8767 = LINE ( 'NONE', #8766, #8765 ) ;
#8768 = DIRECTION ( 'NONE',  ( 0.0000000000000000000, 0.7071067811865462400, 0.7071067811865489100 ) ) ;
#8769 = DIRECTION ( 'NONE',  ( 0.0000000000000000000, 0.7071067811865489100, -0.7071067811865462400 ) ) ;
#8770 = CARTESIAN_POINT ( 'NONE',  ( -5.400000000000001200, 0.09999999999999917300, -2.499999999999999600 ) ) ;
#8771 = DIRECTION ( 'NONE',  ( 0.0000000000000000000, -1.000000000000000000, -1.156482317317871500E-016 ) ) ;
#8772 = VECTOR ( 'NONE', #8771, 1000.000000000000000 ) ;
#8773 = CARTESIAN_POINT ( 'NONE',  ( -5.600000000000000500, 3.849999999999999200, 0.8999999999999998000 ) ) ;
#8774 = LINE ( 'NONE', #8773, #8772 ) ;
#8775 = DIRECTION ( 'NONE',  ( 0.0000000000000000000, 0.0000000000000000000, 1.000000000000000000 ) ) ;
#8776 = CARTESIAN_POINT ( 'NONE',  ( -5.600000000000000500, -0.6999999999999999600, -3.000000000000000000 ) ) ;
#8777 = DIRECTION ( 'NONE',  ( 0.0000000000000000000, 0.0000000000000000000, -1.000000000000000000 ) ) ;
#8778 = VECTOR ( 'NONE', #8777, 1000.000000000000000 ) ;
#8779 = CARTESIAN_POINT ( 'NONE',  ( -5.600000000000000500, -0.6999999999999999600, -2.799999999999999800 ) ) ;
#8780 = LINE ( 'NONE', #8779, #8778 ) ;
#8781 = DIRECTION ( 'NONE',  ( 0.0000000000000000000, -0.0000000000000000000, 1.000000000000000000 ) ) ;
#8782 = DIRECTION ( 'NONE',  ( -0.0000000000000000000, 1.000000000000000000, 0.0000000000000000000 ) ) ;
#8783 = CARTESIAN_POINT ( 'NONE',  ( -5.400000000000001200, -0.6999999999999999600, -2.799999999999999800 ) ) ;
#8784 = AXIS2_PLACEMENT_3D ( 'NONE', #8783, #8782, #8781 ) ;
#8785 = PLANE ( 'NONE',  #8784 ) ;
#8786 = FACE_OUTER_BOUND ( 'NONE', #2595, .T. ) ;
#8787 = DIRECTION ( 'NONE',  ( -1.000000000000000000, -0.0000000000000000000, -0.0000000000000000000 ) ) ;
#8788 = VECTOR ( 'NONE', #8787, 1000.000000000000000 ) ;
#8789 = CARTESIAN_POINT ( 'NONE',  ( -5.400000000000001200, -0.1999999999999999800, -2.799999999999999800 ) ) ;
#8790 = LINE ( 'NONE', #8789, #8788 ) ;
#8791 = CARTESIAN_POINT ( 'NONE',  ( -5.400000000000001200, -0.1999999999999999800, -2.799999999999999800 ) ) ;
#8792 = DIRECTION ( 'NONE',  ( 0.0000000000000000000, -1.000000000000000000, 0.0000000000000000000 ) ) ;
#8793 = VECTOR ( 'NONE', #8792, 1000.000000000000000 ) ;
#8794 = CARTESIAN_POINT ( 'NONE',  ( -5.400000000000001200, -0.1999999999999999800, -2.799999999999999800 ) ) ;
#8795 = LINE ( 'NONE', #8794, #8793 ) ;
#8796 = DIRECTION ( 'NONE',  ( 0.0000000000000000000, 0.0000000000000000000, 1.000000000000000000 ) ) ;
#8797 = DIRECTION ( 'NONE',  ( -1.000000000000000000, -0.0000000000000000000, 0.0000000000000000000 ) ) ;
#8798 = CARTESIAN_POINT ( 'NONE',  ( -5.600000000000000500, -0.1999999999999999800, -2.799999999999999800 ) ) ;
#8799 = AXIS2_PLACEMENT_3D ( 'NONE', #8798, #8797, #8796 ) ;
#8800 = PLANE ( 'NONE',  #8799 ) ;
#8801 = FACE_OUTER_BOUND ( 'NONE', #2588, .T. ) ;
#8802 = DIRECTION ( 'NONE',  ( 0.0000000000000000000, 1.000000000000000000, 0.0000000000000000000 ) ) ;
#8803 = VECTOR ( 'NONE', #8802, 1000.000000000000000 ) ;
#8804 = CARTESIAN_POINT ( 'NONE',  ( -5.400000000000001200, -0.6999999999999999600, -3.000000000000000000 ) ) ;
#8805 = LINE ( 'NONE', #8804, #8803 ) ;
#8806 = CARTESIAN_POINT ( 'NONE',  ( -5.600000000000000500, 3.849999999999999200, 0.8999999999999998000 ) ) ;
#8807 = LINE ( 'NONE', #8870, #8869 ) ;
#8808 = DIRECTION ( 'NONE',  ( -0.0000000000000000000, -0.0000000000000000000, 1.000000000000000000 ) ) ;
#8809 = VECTOR ( 'NONE', #8808, 1000.000000000000000 ) ;
#8810 = CARTESIAN_POINT ( 'NONE',  ( -5.600000000000000500, 3.849999999999999200, 0.8999999999999998000 ) ) ;
#8811 = LINE ( 'NONE', #8810, #8809 ) ;
#8812 = DIRECTION ( 'NONE',  ( 0.0000000000000000000, -0.0000000000000000000, -1.000000000000000000 ) ) ;
#8813 = DIRECTION ( 'NONE',  ( 0.0000000000000000000, -1.000000000000000000, 0.0000000000000000000 ) ) ;
#8814 = CARTESIAN_POINT ( 'NONE',  ( -5.400000000000001200, 3.849999999999999200, 0.8999999999999998000 ) ) ;
#8815 = AXIS2_PLACEMENT_3D ( 'NONE', #8814, #8813, #8812 ) ;
#8816 = PLANE ( 'NONE',  #8815 ) ;
#8817 = FACE_OUTER_BOUND ( 'NONE', #2612, .T. ) ;
#8818 = DIRECTION ( 'NONE',  ( 0.0000000000000000000, 1.000000000000000000, -1.642730564371976600E-017 ) ) ;
#8819 = VECTOR ( 'NONE', #8818, 1000.000000000000000 ) ;
#8820 = CARTESIAN_POINT ( 'NONE',  ( -5.400000000000001200, 0.5499999999999992700, 0.3999999999999996300 ) ) ;
#8821 = LINE ( 'NONE', #8820, #8819 ) ;
#8822 = CARTESIAN_POINT ( 'NONE',  ( -5.400000000000001200, 3.849999999999999200, 0.3999999999999995800 ) ) ;
#8823 = DIRECTION ( 'NONE',  ( -1.000000000000000000, -0.0000000000000000000, -0.0000000000000000000 ) ) ;
#8824 = VECTOR ( 'NONE', #8823, 1000.000000000000000 ) ;
#8825 = CARTESIAN_POINT ( 'NONE',  ( -5.400000000000001200, 3.849999999999999200, 0.3999999999999995800 ) ) ;
#8826 = LINE ( 'NONE', #8825, #8824 ) ;
#8827 = DIRECTION ( 'NONE',  ( 0.0000000000000000000, 1.000000000000000000, -1.642730564371976600E-017 ) ) ;
#8828 = VECTOR ( 'NONE', #8827, 1000.000000000000000 ) ;
#8829 = CARTESIAN_POINT ( 'NONE',  ( -5.600000000000000500, 0.5499999999999992700, 0.3999999999999996300 ) ) ;
#8830 = LINE ( 'NONE', #8829, #8828 ) ;
#8831 = DIRECTION ( 'NONE',  ( 0.0000000000000000000, 0.0000000000000000000, 1.000000000000000000 ) ) ;
#8832 = DIRECTION ( 'NONE',  ( -1.000000000000000000, -0.0000000000000000000, 0.0000000000000000000 ) ) ;
#8833 = CARTESIAN_POINT ( 'NONE',  ( -5.400000000000001200, -0.1999999999999999800, -2.799999999999999800 ) ) ;
#8834 = AXIS2_PLACEMENT_3D ( 'NONE', #8833, #8832, #8831 ) ;
#8835 = PLANE ( 'NONE',  #8834 ) ;
#8836 = FACE_OUTER_BOUND ( 'NONE', #2604, .T. ) ;
#8837 = CARTESIAN_POINT ( 'NONE',  ( -5.600000000000000500, 4.999999999999999100, -3.000000000000000000 ) ) ;
#8838 = DIRECTION ( 'NONE',  ( 0.0000000000000000000, 1.000000000000000000, 0.0000000000000000000 ) ) ;
#8839 = VECTOR ( 'NONE', #8838, 1000.000000000000000 ) ;
#8840 = CARTESIAN_POINT ( 'NONE',  ( -5.600000000000000500, 4.999999999999999100, -3.000000000000000000 ) ) ;
#8841 = LINE ( 'NONE', #8840, #8839 ) ;
#8842 = CARTESIAN_POINT ( 'NONE',  ( -5.600000000000000500, 5.300000000000000700, -2.800000000000000300 ) ) ;
#8843 = DIRECTION ( 'NONE',  ( 0.0000000000000000000, -1.000000000000000000, -8.673617379884042400E-016 ) ) ;
#8844 = VECTOR ( 'NONE', #8843, 1000.000000000000000 ) ;
#8845 = CARTESIAN_POINT ( 'NONE',  ( -5.600000000000000500, 5.800000000000000700, -2.799999999999999800 ) ) ;
#8846 = LINE ( 'NONE', #8845, #8844 ) ;
#8847 = DIRECTION ( 'NONE',  ( 0.0000000000000000000, -0.7071067811865462400, -0.7071067811865489100 ) ) ;
#8848 = VECTOR ( 'NONE', #8847, 1000.000000000000000 ) ;
#8849 = CARTESIAN_POINT ( 'NONE',  ( -5.400000000000001200, 0.09999999999999917300, -2.499999999999999600 ) ) ;
#8850 = LINE ( 'NONE', #8849, #8848 ) ;
#8851 = DIRECTION ( 'NONE',  ( -0.0000000000000000000, 0.7071067811865510100, 0.7071067811865441300 ) ) ;
#8852 = VECTOR ( 'NONE', #8851, 1000.000000000000000 ) ;
#8853 = CARTESIAN_POINT ( 'NONE',  ( -5.400000000000001200, 0.2500000000000014400, -2.850000000000000100 ) ) ;
#8854 = LINE ( 'NONE', #8853, #8852 ) ;
#8855 = CARTESIAN_POINT ( 'NONE',  ( -5.600000000000000500, 3.849999999999999200, 0.3999999999999995800 ) ) ;
#8856 = DIRECTION ( 'NONE',  ( 0.0000000000000000000, -1.000000000000000000, 1.642730564371976600E-017 ) ) ;
#8857 = DIRECTION ( 'NONE',  ( -0.0000000000000000000, 1.642730564371976600E-017, 1.000000000000000000 ) ) ;
#8858 = CARTESIAN_POINT ( 'NONE',  ( -5.400000000000001200, 0.5499999999999992700, 0.3999999999999996300 ) ) ;
#8859 = AXIS2_PLACEMENT_3D ( 'NONE', #8858, #8857, #8856 ) ;
#8860 = PLANE ( 'NONE',  #8859 ) ;
#8861 = FACE_OUTER_BOUND ( 'NONE', #2627, .T. ) ;
#8862 = DIRECTION ( 'NONE',  ( 0.0000000000000000000, -0.7071067811865510100, -0.7071067811865441300 ) ) ;
#8863 = DIRECTION ( 'NONE',  ( 0.0000000000000000000, -0.7071067811865441300, 0.7071067811865510100 ) ) ;
#8864 = CARTESIAN_POINT ( 'NONE',  ( -5.400000000000001200, 0.2500000000000014400, -2.850000000000000100 ) ) ;
#8865 = AXIS2_PLACEMENT_3D ( 'NONE', #8864, #8863, #8862 ) ;
#8866 = PLANE ( 'NONE',  #8865 ) ;
#8867 = FACE_OUTER_BOUND ( 'NONE', #2621, .T. ) ;
#8868 = DIRECTION ( 'NONE',  ( -1.000000000000000000, -0.0000000000000000000, -0.0000000000000000000 ) ) ;
#8869 = VECTOR ( 'NONE', #8868, 1000.000000000000000 ) ;
#8870 = CARTESIAN_POINT ( 'NONE',  ( -5.400000000000001200, 3.849999999999999200, 0.8999999999999998000 ) ) ;
#8871 = CARTESIAN_POINT ( 'NONE',  ( -5.400000000000001200, 4.999999999999999100, -3.000000000000000000 ) ) ;
#8872 = AXIS2_PLACEMENT_3D ( 'NONE', #8871, #8936, #8935 ) ;
#8873 = PLANE ( 'NONE',  #8872 ) ;
#8874 = FACE_OUTER_BOUND ( 'NONE', #2670, .T. ) ;
#8875 = DIRECTION ( 'NONE',  ( 0.0000000000000000000, 0.0000000000000000000, 1.000000000000000000 ) ) ;
#8876 = DIRECTION ( 'NONE',  ( -1.000000000000000000, -0.0000000000000000000, 0.0000000000000000000 ) ) ;
#8877 = CARTESIAN_POINT ( 'NONE',  ( -5.600000000000000500, -0.1999999999999999800, -2.799999999999999800 ) ) ;
#8878 = AXIS2_PLACEMENT_3D ( 'NONE', #8877, #8876, #8875 ) ;
#8879 = PLANE ( 'NONE',  #8878 ) ;
#8880 = FACE_OUTER_BOUND ( 'NONE', #2664, .T. ) ;
#8881 = CARTESIAN_POINT ( 'NONE',  ( -5.600000000000000500, 5.800000000000000700, -2.799999999999999800 ) ) ;
#8882 = DIRECTION ( 'NONE',  ( 0.0000000000000000000, -4.336808689942016200E-015, -1.000000000000000000 ) ) ;
#8883 = DIRECTION ( 'NONE',  ( 0.0000000000000000000, -1.000000000000000000, 4.336808689942016200E-015 ) ) ;
#8884 = CARTESIAN_POINT ( 'NONE',  ( -5.400000000000001200, 5.799999999999999800, -3.000000000000000000 ) ) ;
#8885 = AXIS2_PLACEMENT_3D ( 'NONE', #8884, #8883, #8882 ) ;
#8886 = PLANE ( 'NONE',  #8885 ) ;
#8887 = FACE_OUTER_BOUND ( 'NONE', #2657, .T. ) ;
#8888 = DIRECTION ( 'NONE',  ( -1.000000000000000000, -0.0000000000000000000, -0.0000000000000000000 ) ) ;
#8889 = VECTOR ( 'NONE', #8888, 1000.000000000000000 ) ;
#8890 = CARTESIAN_POINT ( 'NONE',  ( -5.400000000000001200, 4.999999999999999100, -3.000000000000000000 ) ) ;
#8891 = LINE ( 'NONE', #8890, #8889 ) ;
#8892 = CARTESIAN_POINT ( 'NONE',  ( -5.400000000000001200, 4.999999999999999100, -3.000000000000000000 ) ) ;
#8893 = DIRECTION ( 'NONE',  ( 0.0000000000000000000, 1.000000000000000000, 0.0000000000000000000 ) ) ;
#8894 = VECTOR ( 'NONE', #8893, 1000.000000000000000 ) ;
#8895 = CARTESIAN_POINT ( 'NONE',  ( -5.400000000000001200, 4.999999999999999100, -3.000000000000000000 ) ) ;
#8896 = LINE ( 'NONE', #8895, #8894 ) ;
#8897 = CARTESIAN_POINT ( 'NONE',  ( -5.400000000000001200, 5.799999999999999800, -3.000000000000000000 ) ) ;
#8898 = DIRECTION ( 'NONE',  ( -1.000000000000000000, -0.0000000000000000000, -0.0000000000000000000 ) ) ;
#8899 = VECTOR ( 'NONE', #8898, 1000.000000000000000 ) ;
#8900 = CARTESIAN_POINT ( 'NONE',  ( -5.400000000000001200, 5.799999999999999800, -3.000000000000000000 ) ) ;
#8901 = LINE ( 'NONE', #8900, #8899 ) ;
#8902 = CARTESIAN_POINT ( 'NONE',  ( -5.600000000000000500, 5.799999999999999800, -3.000000000000000000 ) ) ;
#8903 = LINE ( 'NONE', #8967, #8966 ) ;
#8904 = DIRECTION ( 'NONE',  ( 0.0000000000000000000, 0.0000000000000000000, 1.000000000000000000 ) ) ;
#8905 = DIRECTION ( 'NONE',  ( -1.000000000000000000, 0.0000000000000000000, 0.0000000000000000000 ) ) ;
#8906 = CARTESIAN_POINT ( 'NONE',  ( -5.600000000000000500, 3.849999999999998300, -2.500000000000000900 ) ) ;
#8907 = AXIS2_PLACEMENT_3D ( 'NONE', #8906, #8905, #8904 ) ;
#8908 = PLANE ( 'NONE',  #8907 ) ;
#8909 = FACE_OUTER_BOUND ( 'NONE', #2692, .T. ) ;
#8910 = DIRECTION ( 'NONE',  ( 0.0000000000000000000, -0.7071067811865460200, 0.7071067811865490200 ) ) ;
#8911 = VECTOR ( 'NONE', #8910, 1000.000000000000100 ) ;
#8912 = CARTESIAN_POINT ( 'NONE',  ( -5.400000000000001200, 5.300000000000000700, -2.800000000000000300 ) ) ;
#8913 = LINE ( 'NONE', #8912, #8911 ) ;
#8914 = DIRECTION ( 'NONE',  ( 0.0000000000000000000, -0.7071067811865454600, 0.7071067811865495700 ) ) ;
#8915 = DIRECTION ( 'NONE',  ( -0.0000000000000000000, 0.7071067811865495700, 0.7071067811865454600 ) ) ;
#8916 = CARTESIAN_POINT ( 'NONE',  ( -5.400000000000001200, 4.850000000000000500, -2.850000000000000100 ) ) ;
#8917 = AXIS2_PLACEMENT_3D ( 'NONE', #8916, #8915, #8914 ) ;
#8918 = PLANE ( 'NONE',  #8917 ) ;
#8919 = FACE_OUTER_BOUND ( 'NONE', #2685, .T. ) ;
#8920 = DIRECTION ( 'NONE',  ( 0.0000000000000000000, -1.000000000000000000, -1.156482317317871500E-016 ) ) ;
#8921 = VECTOR ( 'NONE', #8920, 1000.000000000000000 ) ;
#8922 = CARTESIAN_POINT ( 'NONE',  ( -5.400000000000001200, 3.849999999999999200, 0.8999999999999998000 ) ) ;
#8923 = LINE ( 'NONE', #8922, #8921 ) ;
#8924 = DIRECTION ( 'NONE',  ( 0.0000000000000000000, 1.000000000000000000, 1.156482317317871500E-016 ) ) ;
#8925 = DIRECTION ( 'NONE',  ( 0.0000000000000000000, 1.156482317317871500E-016, -1.000000000000000000 ) ) ;
#8926 = CARTESIAN_POINT ( 'NONE',  ( -5.400000000000001200, 3.849999999999999200, 0.8999999999999998000 ) ) ;
#8927 = AXIS2_PLACEMENT_3D ( 'NONE', #8926, #8925, #8924 ) ;
#8928 = PLANE ( 'NONE',  #8927 ) ;
#8929 = FACE_OUTER_BOUND ( 'NONE', #2676, .T. ) ;
#8930 = DIRECTION ( 'NONE',  ( -0.0000000000000000000, -0.0000000000000000000, 1.000000000000000000 ) ) ;
#8931 = VECTOR ( 'NONE', #8930, 1000.000000000000000 ) ;
#8932 = CARTESIAN_POINT ( 'NONE',  ( -5.400000000000001200, 3.849999999999999200, 0.8999999999999998000 ) ) ;
#8933 = LINE ( 'NONE', #8932, #8931 ) ;
#8934 = CARTESIAN_POINT ( 'NONE',  ( -5.400000000000001200, 3.849999999999999200, 0.8999999999999998000 ) ) ;
#8935 = DIRECTION ( 'NONE',  ( 1.000000000000000000, 0.0000000000000000000, -0.0000000000000000000 ) ) ;
#8936 = DIRECTION ( 'NONE',  ( 0.0000000000000000000, 0.0000000000000000000, 1.000000000000000000 ) ) ;
#8937 = CARTESIAN_POINT ( 'NONE',  ( -5.400000000000001200, 5.800000000000000700, -2.799999999999999800 ) ) ;
#8938 = DIRECTION ( 'NONE',  ( -1.000000000000000000, -0.0000000000000000000, -0.0000000000000000000 ) ) ;
#8939 = VECTOR ( 'NONE', #8938, 1000.000000000000000 ) ;
#8940 = CARTESIAN_POINT ( 'NONE',  ( -5.400000000000001200, 5.800000000000000700, -2.799999999999999800 ) ) ;
#8941 = LINE ( 'NONE', #8940, #8939 ) ;
#8942 = DIRECTION ( 'NONE',  ( 0.0000000000000000000, 4.336808689942016200E-015, 1.000000000000000000 ) ) ;
#8943 = VECTOR ( 'NONE', #8942, 1000.000000000000000 ) ;
#8944 = CARTESIAN_POINT ( 'NONE',  ( -5.600000000000000500, 5.799999999999999800, -3.000000000000000000 ) ) ;
#8945 = LINE ( 'NONE', #8944, #8943 ) ;
#8946 = DIRECTION ( 'NONE',  ( 0.0000000000000000000, 0.7071067811865454600, -0.7071067811865495700 ) ) ;
#8947 = VECTOR ( 'NONE', #8946, 1000.000000000000000 ) ;
#8948 = CARTESIAN_POINT ( 'NONE',  ( -5.400000000000001200, 4.850000000000000500, -2.850000000000000100 ) ) ;
#8949 = LINE ( 'NONE', #8948, #8947 ) ;
#8950 = DIRECTION ( 'NONE',  ( 0.0000000000000000000, 0.0000000000000000000, 1.000000000000000000 ) ) ;
#8951 = DIRECTION ( 'NONE',  ( -1.000000000000000000, 0.0000000000000000000, 0.0000000000000000000 ) ) ;
#8952 = CARTESIAN_POINT ( 'NONE',  ( -5.400000000000001200, 3.849999999999998300, -2.500000000000000900 ) ) ;
#8953 = AXIS2_PLACEMENT_3D ( 'NONE', #8952, #8951, #8950 ) ;
#8954 = PLANE ( 'NONE',  #8953 ) ;
#8955 = FACE_OUTER_BOUND ( 'NONE', #2705, .T. ) ;
#8956 = DIRECTION ( 'NONE',  ( 0.0000000000000000000, -1.000000000000000000, -8.673617379884042400E-016 ) ) ;
#8957 = VECTOR ( 'NONE', #8956, 1000.000000000000000 ) ;
#8958 = CARTESIAN_POINT ( 'NONE',  ( -5.400000000000001200, 5.800000000000000700, -2.799999999999999800 ) ) ;
#8959 = LINE ( 'NONE', #8958, #8957 ) ;
#8960 = CARTESIAN_POINT ( 'NONE',  ( -5.400000000000001200, 5.300000000000000700, -2.800000000000000300 ) ) ;
#8961 = DIRECTION ( 'NONE',  ( -1.000000000000000000, -0.0000000000000000000, -0.0000000000000000000 ) ) ;
#8962 = VECTOR ( 'NONE', #8961, 1000.000000000000000 ) ;
#8963 = CARTESIAN_POINT ( 'NONE',  ( -5.400000000000001200, 5.300000000000000700, -2.800000000000000300 ) ) ;
#8964 = LINE ( 'NONE', #8963, #8962 ) ;
#8965 = DIRECTION ( 'NONE',  ( 0.0000000000000000000, -0.7071067811865460200, 0.7071067811865490200 ) ) ;
#8966 = VECTOR ( 'NONE', #8965, 1000.000000000000100 ) ;
#8967 = CARTESIAN_POINT ( 'NONE',  ( -5.600000000000000500, 5.300000000000000700, -2.800000000000000300 ) ) ;
#8968 = FACE_OUTER_BOUND ( 'NONE', #2737, .T. ) ;
#8969 = DIRECTION ( 'NONE',  ( 0.0000000000000000000, -1.000000000000000000, -1.232047923278982200E-016 ) ) ;
#8970 = VECTOR ( 'NONE', #8969, 1000.000000000000000 ) ;
#8971 = CARTESIAN_POINT ( 'NONE',  ( -5.600000000000000500, 3.849999999999999200, -0.4000000000000005200 ) ) ;
#8972 = LINE ( 'NONE', #8971, #8970 ) ;
#8973 = DIRECTION ( 'NONE',  ( 0.0000000000000000000, -1.000000000000000000, -1.232047923278982200E-016 ) ) ;
#8974 = VECTOR ( 'NONE', #8973, 1000.000000000000000 ) ;
#8975 = CARTESIAN_POINT ( 'NONE',  ( -5.400000000000001200, 3.849999999999999200, -0.4000000000000005200 ) ) ;
#8976 = LINE ( 'NONE', #8975, #8974 ) ;
#8977 = DIRECTION ( 'NONE',  ( 0.0000000000000000000, 1.000000000000000000, 1.232047923278982200E-016 ) ) ;
#8978 = DIRECTION ( 'NONE',  ( 0.0000000000000000000, 1.232047923278982200E-016, -1.000000000000000000 ) ) ;
#8979 = CARTESIAN_POINT ( 'NONE',  ( -5.400000000000001200, 3.849999999999999200, -0.4000000000000005200 ) ) ;
#8980 = AXIS2_PLACEMENT_3D ( 'NONE', #8979, #8978, #8977 ) ;
#8981 = PLANE ( 'NONE',  #8980 ) ;
#8982 = FACE_OUTER_BOUND ( 'NONE', #2729, .T. ) ;
#8983 = DIRECTION ( 'NONE',  ( -1.000000000000000000, -0.0000000000000000000, -0.0000000000000000000 ) ) ;
#8984 = VECTOR ( 'NONE', #8983, 1000.000000000000000 ) ;
#8985 = CARTESIAN_POINT ( 'NONE',  ( -5.400000000000001200, 3.849999999999999200, -0.9000000000000005800 ) ) ;
#8986 = LINE ( 'NONE', #8985, #8984 ) ;
#8987 = DIRECTION ( 'NONE',  ( 0.0000000000000000000, 0.0000000000000000000, 1.000000000000000000 ) ) ;
#8988 = DIRECTION ( 'NONE',  ( -1.000000000000000000, 0.0000000000000000000, 0.0000000000000000000 ) ) ;
#8989 = CARTESIAN_POINT ( 'NONE',  ( -5.600000000000000500, 3.849999999999998300, -2.500000000000000900 ) ) ;
#8990 = AXIS2_PLACEMENT_3D ( 'NONE', #8989, #8988, #8987 ) ;
#8991 = PLANE ( 'NONE',  #8990 ) ;
#8992 = FACE_OUTER_BOUND ( 'NONE', #2781, .T. ) ;
#8993 = DIRECTION ( 'NONE',  ( 0.0000000000000000000, 1.000000000000000000, 8.673617379884043400E-016 ) ) ;
#8994 = DIRECTION ( 'NONE',  ( 0.0000000000000000000, 8.673617379884043400E-016, -1.000000000000000000 ) ) ;
#8995 = CARTESIAN_POINT ( 'NONE',  ( -5.400000000000001200, 5.800000000000000700, -2.799999999999999800 ) ) ;
#8996 = AXIS2_PLACEMENT_3D ( 'NONE', #8995, #8994, #8993 ) ;
#8997 = PLANE ( 'NONE',  #8996 ) ;
#8998 = FACE_OUTER_BOUND ( 'NONE', #2720, .T. ) ;
#8999 = DIRECTION ( 'NONE',  ( 0.0000000000000000000, 4.336808689942016200E-015, 1.000000000000000000 ) ) ;
#9000 = VECTOR ( 'NONE', #8999, 1000.000000000000000 ) ;
#9001 = CARTESIAN_POINT ( 'NONE',  ( -5.400000000000001200, 5.799999999999999800, -3.000000000000000000 ) ) ;
#9002 = LINE ( 'NONE', #9001, #9000 ) ;
#9003 = CARTESIAN_POINT ( 'NONE',  ( -5.600000000000000500, 4.850000000000000500, -2.850000000000000100 ) ) ;
#9004 = LINE ( 'NONE', #9003, #9069 ) ;
#9005 = CARTESIAN_POINT ( 'NONE',  ( -5.400000000000001200, 3.849999999999999200, -0.9000000000000005800 ) ) ;
#9006 = DIRECTION ( 'NONE',  ( 0.0000000000000000000, 0.0000000000000000000, 1.000000000000000000 ) ) ;
#9007 = VECTOR ( 'NONE', #9006, 1000.000000000000000 ) ;
#9008 = CARTESIAN_POINT ( 'NONE',  ( -5.400000000000001200, 3.849999999999999200, -0.9000000000000005800 ) ) ;
#9009 = LINE ( 'NONE', #9008, #9007 ) ;
#9010 = CARTESIAN_POINT ( 'NONE',  ( -5.400000000000001200, 3.849999999999999200, -0.4000000000000005200 ) ) ;
#9011 = DIRECTION ( 'NONE',  ( -1.000000000000000000, -0.0000000000000000000, -0.0000000000000000000 ) ) ;
#9012 = VECTOR ( 'NONE', #9011, 1000.000000000000000 ) ;
#9013 = CARTESIAN_POINT ( 'NONE',  ( -5.400000000000001200, 3.849999999999999200, -0.4000000000000005200 ) ) ;
#9014 = LINE ( 'NONE', #9013, #9012 ) ;
#9015 = CARTESIAN_POINT ( 'NONE',  ( -5.600000000000000500, 3.849999999999999200, -0.4000000000000005200 ) ) ;
#9016 = CARTESIAN_POINT ( 'NONE',  ( -5.600000000000000500, 3.849999999999999200, -0.9000000000000005800 ) ) ;
#9017 = DIRECTION ( 'NONE',  ( 0.0000000000000000000, 0.0000000000000000000, 1.000000000000000000 ) ) ;
#9018 = VECTOR ( 'NONE', #9017, 1000.000000000000000 ) ;
#9019 = CARTESIAN_POINT ( 'NONE',  ( -5.600000000000000500, 3.849999999999999200, -0.9000000000000005800 ) ) ;
#9020 = LINE ( 'NONE', #9019, #9018 ) ;
#9021 = DIRECTION ( 'NONE',  ( 0.0000000000000000000, -0.0000000000000000000, -1.000000000000000000 ) ) ;
#9022 = DIRECTION ( 'NONE',  ( 0.0000000000000000000, -1.000000000000000000, 0.0000000000000000000 ) ) ;
#9023 = CARTESIAN_POINT ( 'NONE',  ( -5.400000000000001200, 3.849999999999999200, -0.9000000000000005800 ) ) ;
#9024 = AXIS2_PLACEMENT_3D ( 'NONE', #9023, #9022, #9021 ) ;
#9025 = PLANE ( 'NONE',  #9024 ) ;
#9026 = FACE_OUTER_BOUND ( 'NONE', #2744, .T. ) ;
#9027 = DIRECTION ( 'NONE',  ( 0.0000000000000000000, 1.000000000000000000, 0.0000000000000000000 ) ) ;
#9028 = VECTOR ( 'NONE', #9027, 1000.000000000000000 ) ;
#9029 = CARTESIAN_POINT ( 'NONE',  ( -5.600000000000000500, 2.099999999999999600, -0.9000000000000005800 ) ) ;
#9030 = LINE ( 'NONE', #9029, #9028 ) ;
#9031 = DIRECTION ( 'NONE',  ( 1.000000000000000000, 0.0000000000000000000, -0.0000000000000000000 ) ) ;
#9032 = DIRECTION ( 'NONE',  ( 0.0000000000000000000, 0.0000000000000000000, 1.000000000000000000 ) ) ;
#9033 = CARTESIAN_POINT ( 'NONE',  ( -5.400000000000001200, 2.099999999999999600, -0.9000000000000005800 ) ) ;
#9034 = AXIS2_PLACEMENT_3D ( 'NONE', #9033, #9032, #9031 ) ;
#9035 = PLANE ( 'NONE',  #9034 ) ;
#9036 = LINE ( 'NONE', #9302, #9562 ) ;
#9037 = VECTOR ( 'NONE', #9818, 1000.000000000000000 ) ;
#9038 = DIRECTION ( 'NONE',  ( -1.000000000000000000, -0.0000000000000000000, -0.0000000000000000000 ) ) ;
#9039 = VECTOR ( 'NONE', #9038, 1000.000000000000000 ) ;
#9040 = CARTESIAN_POINT ( 'NONE',  ( -6.400000000000002100, -0.1999999999999999800, -2.799999999999999800 ) ) ;
#9041 = LINE ( 'NONE', #9040, #9039 ) ;
#9042 = CARTESIAN_POINT ( 'NONE',  ( -6.400000000000002100, -0.1999999999999999800, -2.799999999999999800 ) ) ;
#9043 = DIRECTION ( 'NONE',  ( 0.0000000000000000000, -1.000000000000000000, 0.0000000000000000000 ) ) ;
#9044 = VECTOR ( 'NONE', #9043, 1000.000000000000000 ) ;
#9045 = CARTESIAN_POINT ( 'NONE',  ( -6.400000000000002100, -0.1999999999999999800, -2.799999999999999800 ) ) ;
#9046 = LINE ( 'NONE', #9045, #9044 ) ;
#9047 = DIRECTION ( 'NONE',  ( 0.0000000000000000000, 0.0000000000000000000, 1.000000000000000000 ) ) ;
#9048 = DIRECTION ( 'NONE',  ( -1.000000000000000000, -0.0000000000000000000, 0.0000000000000000000 ) ) ;
#9049 = CARTESIAN_POINT ( 'NONE',  ( -6.600000000000001400, -0.1999999999999999800, -2.799999999999999800 ) ) ;
#9050 = AXIS2_PLACEMENT_3D ( 'NONE', #9049, #9048, #9047 ) ;
#9051 = PLANE ( 'NONE',  #9050 ) ;
#9052 = FACE_OUTER_BOUND ( 'NONE', #2821, .T. ) ;
#9053 = DIRECTION ( 'NONE',  ( 0.0000000000000000000, 1.000000000000000000, 0.0000000000000000000 ) ) ;
#9054 = VECTOR ( 'NONE', #9053, 1000.000000000000000 ) ;
#9055 = CARTESIAN_POINT ( 'NONE',  ( -6.400000000000002100, -0.6999999999999999600, -3.000000000000000000 ) ) ;
#9056 = LINE ( 'NONE', #9055, #9054 ) ;
#9057 = CARTESIAN_POINT ( 'NONE',  ( -6.400000000000002100, 0.1000000000000000500, -3.000000000000000000 ) ) ;
#9058 = DIRECTION ( 'NONE',  ( -1.000000000000000000, -0.0000000000000000000, -0.0000000000000000000 ) ) ;
#9059 = VECTOR ( 'NONE', #9058, 1000.000000000000000 ) ;
#9060 = CARTESIAN_POINT ( 'NONE',  ( -6.400000000000002100, 0.1000000000000000500, -3.000000000000000000 ) ) ;
#9061 = LINE ( 'NONE', #9060, #9059 ) ;
#9062 = DIRECTION ( 'NONE',  ( 0.0000000000000000000, 0.7071067811865460200, -0.7071067811865490200 ) ) ;
#9063 = DIRECTION ( 'NONE',  ( 0.0000000000000000000, -0.7071067811865490200, -0.7071067811865460200 ) ) ;
#9064 = CARTESIAN_POINT ( 'NONE',  ( -5.400000000000001200, 5.300000000000000700, -2.800000000000000300 ) ) ;
#9065 = AXIS2_PLACEMENT_3D ( 'NONE', #9064, #9063, #9062 ) ;
#9066 = PLANE ( 'NONE',  #9065 ) ;
#9067 = FACE_OUTER_BOUND ( 'NONE', #2759, .T. ) ;
#9068 = DIRECTION ( 'NONE',  ( 0.0000000000000000000, 0.7071067811865454600, -0.7071067811865495700 ) ) ;
#9069 = VECTOR ( 'NONE', #9068, 1000.000000000000000 ) ;
#9070 = CARTESIAN_POINT ( 'NONE',  ( -6.400000000000002100, -0.6999999999999999600, -2.799999999999999800 ) ) ;
#9071 = DIRECTION ( 'NONE',  ( -1.000000000000000000, -0.0000000000000000000, -0.0000000000000000000 ) ) ;
#9072 = VECTOR ( 'NONE', #9071, 1000.000000000000000 ) ;
#9073 = CARTESIAN_POINT ( 'NONE',  ( -6.400000000000002100, -0.6999999999999999600, -2.799999999999999800 ) ) ;
#9074 = LINE ( 'NONE', #9073, #9072 ) ;
#9075 = CARTESIAN_POINT ( 'NONE',  ( -6.600000000000001400, -0.6999999999999999600, -2.799999999999999800 ) ) ;
#9076 = CARTESIAN_POINT ( 'NONE',  ( -6.600000000000001400, -0.1999999999999999800, -2.799999999999999800 ) ) ;
#9077 = DIRECTION ( 'NONE',  ( 0.0000000000000000000, -1.000000000000000000, 0.0000000000000000000 ) ) ;
#9078 = VECTOR ( 'NONE', #9077, 1000.000000000000000 ) ;
#9079 = CARTESIAN_POINT ( 'NONE',  ( -6.600000000000001400, -0.1999999999999999800, -2.799999999999999800 ) ) ;
#9080 = LINE ( 'NONE', #9079, #9078 ) ;
#9081 = DIRECTION ( 'NONE',  ( -1.000000000000000000, 0.0000000000000000000, -0.0000000000000000000 ) ) ;
#9082 = DIRECTION ( 'NONE',  ( 0.0000000000000000000, 0.0000000000000000000, -1.000000000000000000 ) ) ;
#9083 = CARTESIAN_POINT ( 'NONE',  ( -6.400000000000002100, -0.1999999999999999800, -2.799999999999999800 ) ) ;
#9084 = AXIS2_PLACEMENT_3D ( 'NONE', #9083, #9082, #9081 ) ;
#9085 = PLANE ( 'NONE',  #9084 ) ;
#9086 = FACE_OUTER_BOUND ( 'NONE', #2787, .T. ) ;
#9087 = CARTESIAN_POINT ( 'NONE',  ( -6.400000000000002100, -0.6999999999999999600, -3.000000000000000000 ) ) ;
#9088 = DIRECTION ( 'NONE',  ( -1.000000000000000000, -0.0000000000000000000, -0.0000000000000000000 ) ) ;
#9089 = VECTOR ( 'NONE', #9088, 1000.000000000000000 ) ;
#9090 = CARTESIAN_POINT ( 'NONE',  ( -6.400000000000002100, -0.6999999999999999600, -3.000000000000000000 ) ) ;
#9091 = LINE ( 'NONE', #9090, #9089 ) ;
#9092 = CARTESIAN_POINT ( 'NONE',  ( -6.600000000000001400, -0.6999999999999999600, -3.000000000000000000 ) ) ;
#9093 = DIRECTION ( 'NONE',  ( 0.0000000000000000000, 0.0000000000000000000, -1.000000000000000000 ) ) ;
#9094 = VECTOR ( 'NONE', #9093, 1000.000000000000000 ) ;
#9095 = CARTESIAN_POINT ( 'NONE',  ( -6.600000000000001400, -0.6999999999999999600, -2.799999999999999800 ) ) ;
#9096 = LINE ( 'NONE', #9095, #9094 ) ;
#9097 = DIRECTION ( 'NONE',  ( 0.0000000000000000000, -0.0000000000000000000, 1.000000000000000000 ) ) ;
#9098 = DIRECTION ( 'NONE',  ( -0.0000000000000000000, 1.000000000000000000, 0.0000000000000000000 ) ) ;
#9099 = CARTESIAN_POINT ( 'NONE',  ( -6.400000000000002100, -0.6999999999999999600, -2.799999999999999800 ) ) ;
#9100 = AXIS2_PLACEMENT_3D ( 'NONE', #9099, #9098, #9097 ) ;
#9101 = PLANE ( 'NONE',  #9100 ) ;
#9102 = FACE_OUTER_BOUND ( 'NONE', #2773, .T. ) ;
#9103 = PLANE ( 'NONE',  #9167 ) ;
#9104 = FACE_OUTER_BOUND ( 'NONE', #2820, .T. ) ;
#9105 = DIRECTION ( 'NONE',  ( 0.0000000000000000000, -0.7071067811865462400, -0.7071067811865489100 ) ) ;
#9106 = VECTOR ( 'NONE', #9105, 1000.000000000000000 ) ;
#9107 = CARTESIAN_POINT ( 'NONE',  ( -6.400000000000002100, 0.09999999999999917300, -2.499999999999999600 ) ) ;
#9108 = LINE ( 'NONE', #9107, #9106 ) ;
#9109 = DIRECTION ( 'NONE',  ( -0.0000000000000000000, 0.7071067811865510100, 0.7071067811865441300 ) ) ;
#9110 = VECTOR ( 'NONE', #9109, 1000.000000000000000 ) ;
#9111 = CARTESIAN_POINT ( 'NONE',  ( -6.400000000000002100, 0.2500000000000014400, -2.850000000000000100 ) ) ;
#9112 = LINE ( 'NONE', #9111, #9110 ) ;
#9113 = DIRECTION ( 'NONE',  ( 0.0000000000000000000, -1.000000000000000000, 1.642730564371976600E-017 ) ) ;
#9114 = DIRECTION ( 'NONE',  ( -0.0000000000000000000, 1.642730564371976600E-017, 1.000000000000000000 ) ) ;
#9115 = CARTESIAN_POINT ( 'NONE',  ( -6.400000000000002100, 0.5499999999999992700, 0.3999999999999995800 ) ) ;
#9116 = AXIS2_PLACEMENT_3D ( 'NONE', #9115, #9114, #9113 ) ;
#9117 = PLANE ( 'NONE',  #9116 ) ;
#9118 = FACE_OUTER_BOUND ( 'NONE', #2808, .T. ) ;
#9119 = DIRECTION ( 'NONE',  ( 0.0000000000000000000, -0.7071067811865510100, -0.7071067811865441300 ) ) ;
#9120 = DIRECTION ( 'NONE',  ( 0.0000000000000000000, -0.7071067811865441300, 0.7071067811865510100 ) ) ;
#9121 = CARTESIAN_POINT ( 'NONE',  ( -6.400000000000002100, 0.2500000000000014400, -2.850000000000000100 ) ) ;
#9122 = AXIS2_PLACEMENT_3D ( 'NONE', #9121, #9120, #9119 ) ;
#9123 = PLANE ( 'NONE',  #9122 ) ;
#9124 = FACE_OUTER_BOUND ( 'NONE', #2802, .T. ) ;
#9125 = DIRECTION ( 'NONE',  ( 0.0000000000000000000, 0.0000000000000000000, 1.000000000000000000 ) ) ;
#9126 = DIRECTION ( 'NONE',  ( -1.000000000000000000, 0.0000000000000000000, 0.0000000000000000000 ) ) ;
#9127 = CARTESIAN_POINT ( 'NONE',  ( -5.400000000000001200, 3.849999999999998300, -2.500000000000000900 ) ) ;
#9128 = AXIS2_PLACEMENT_3D ( 'NONE', #9127, #9126, #9125 ) ;
#9129 = PLANE ( 'NONE',  #9128 ) ;
#9130 = FACE_OUTER_BOUND ( 'NONE', #2800, .T. ) ;
#9131 = DIRECTION ( 'NONE',  ( 0.0000000000000000000, 1.000000000000000000, 0.0000000000000000000 ) ) ;
#9132 = VECTOR ( 'NONE', #9131, 1000.000000000000000 ) ;
#9133 = CARTESIAN_POINT ( 'NONE',  ( -5.400000000000001200, 2.099999999999999600, -0.9000000000000005800 ) ) ;
#9134 = LINE ( 'NONE', #9133, #9132 ) ;
#9135 = FACE_OUTER_BOUND ( 'NONE', #2843, .T. ) ;
#9136 = DIRECTION ( 'NONE',  ( 0.0000000000000000000, 1.000000000000000000, 0.0000000000000000000 ) ) ;
#9137 = VECTOR ( 'NONE', #9136, 1000.000000000000000 ) ;
#9138 = CARTESIAN_POINT ( 'NONE',  ( -6.600000000000001400, -0.6999999999999999600, -3.000000000000000000 ) ) ;
#9139 = LINE ( 'NONE', #9138, #9137 ) ;
#9140 = DIRECTION ( 'NONE',  ( 1.000000000000000000, 0.0000000000000000000, -0.0000000000000000000 ) ) ;
#9141 = DIRECTION ( 'NONE',  ( 0.0000000000000000000, 0.0000000000000000000, 1.000000000000000000 ) ) ;
#9142 = CARTESIAN_POINT ( 'NONE',  ( -6.400000000000002100, -0.6999999999999999600, -3.000000000000000000 ) ) ;
#9143 = AXIS2_PLACEMENT_3D ( 'NONE', #9142, #9141, #9140 ) ;
#9144 = PLANE ( 'NONE',  #9143 ) ;
#9145 = FACE_OUTER_BOUND ( 'NONE', #2837, .T. ) ;
#9146 = DIRECTION ( 'NONE',  ( 0.0000000000000000000, 0.0000000000000000000, -1.000000000000000000 ) ) ;
#9147 = VECTOR ( 'NONE', #9146, 1000.000000000000000 ) ;
#9148 = CARTESIAN_POINT ( 'NONE',  ( -6.400000000000002100, -0.6999999999999999600, -2.799999999999999800 ) ) ;
#9149 = LINE ( 'NONE', #9148, #9147 ) ;
#9150 = DIRECTION ( 'NONE',  ( 0.0000000000000000000, 0.0000000000000000000, 1.000000000000000000 ) ) ;
#9151 = DIRECTION ( 'NONE',  ( -1.000000000000000000, -0.0000000000000000000, 0.0000000000000000000 ) ) ;
#9152 = CARTESIAN_POINT ( 'NONE',  ( -6.400000000000002100, -0.1999999999999999800, -2.799999999999999800 ) ) ;
#9153 = AXIS2_PLACEMENT_3D ( 'NONE', #9152, #9151, #9150 ) ;
#9154 = PLANE ( 'NONE',  #9153 ) ;
#9155 = FACE_OUTER_BOUND ( 'NONE', #2832, .T. ) ;
#9156 = DIRECTION ( 'NONE',  ( 0.0000000000000000000, -0.7071067811865462400, -0.7071067811865489100 ) ) ;
#9157 = VECTOR ( 'NONE', #9156, 1000.000000000000000 ) ;
#9158 = CARTESIAN_POINT ( 'NONE',  ( -6.600000000000001400, 0.09999999999999917300, -2.499999999999999600 ) ) ;
#9159 = LINE ( 'NONE', #9158, #9157 ) ;
#9160 = DIRECTION ( 'NONE',  ( -0.0000000000000000000, 0.7071067811865510100, 0.7071067811865441300 ) ) ;
#9161 = VECTOR ( 'NONE', #9160, 1000.000000000000000 ) ;
#9162 = CARTESIAN_POINT ( 'NONE',  ( -6.600000000000001400, 0.2500000000000014400, -2.850000000000000100 ) ) ;
#9163 = LINE ( 'NONE', #9162, #9161 ) ;
#9164 = DIRECTION ( 'NONE',  ( 0.0000000000000000000, 0.7071067811865462400, 0.7071067811865489100 ) ) ;
#9165 = DIRECTION ( 'NONE',  ( 0.0000000000000000000, 0.7071067811865489100, -0.7071067811865462400 ) ) ;
#9166 = CARTESIAN_POINT ( 'NONE',  ( -6.400000000000002100, 0.09999999999999917300, -2.499999999999999600 ) ) ;
#9167 = AXIS2_PLACEMENT_3D ( 'NONE', #9166, #9165, #9164 ) ;
#9168 = LINE ( 'NONE', #9234, #9233 ) ;
#9169 = CARTESIAN_POINT ( 'NONE',  ( -6.600000000000001400, 3.849999999999999200, 0.3999999999999995200 ) ) ;
#9170 = DIRECTION ( 'NONE',  ( 0.0000000000000000000, 1.000000000000000000, -1.642730564371976600E-017 ) ) ;
#9171 = VECTOR ( 'NONE', #9170, 1000.000000000000000 ) ;
#9172 = CARTESIAN_POINT ( 'NONE',  ( -6.600000000000001400, 0.5499999999999992700, 0.3999999999999995800 ) ) ;
#9173 = LINE ( 'NONE', #9172, #9171 ) ;
#9174 = DIRECTION ( 'NONE',  ( 0.0000000000000000000, -1.000000000000000000, -1.156482317317871500E-016 ) ) ;
#9175 = VECTOR ( 'NONE', #9174, 1000.000000000000000 ) ;
#9176 = CARTESIAN_POINT ( 'NONE',  ( -6.600000000000001400, 3.849999999999999200, 0.8999999999999998000 ) ) ;
#9177 = LINE ( 'NONE', #9176, #9175 ) ;
#9178 = DIRECTION ( 'NONE',  ( 0.0000000000000000000, -1.000000000000000000, -1.156482317317871500E-016 ) ) ;
#9179 = VECTOR ( 'NONE', #9178, 1000.000000000000000 ) ;
#9180 = CARTESIAN_POINT ( 'NONE',  ( -6.400000000000002100, 3.849999999999999200, 0.8999999999999998000 ) ) ;
#9181 = LINE ( 'NONE', #9180, #9179 ) ;
#9182 = DIRECTION ( 'NONE',  ( 0.0000000000000000000, 1.000000000000000000, 1.156482317317871500E-016 ) ) ;
#9183 = DIRECTION ( 'NONE',  ( 0.0000000000000000000, 1.156482317317871500E-016, -1.000000000000000000 ) ) ;
#9184 = CARTESIAN_POINT ( 'NONE',  ( -6.400000000000002100, 3.849999999999999200, 0.8999999999999998000 ) ) ;
#9185 = AXIS2_PLACEMENT_3D ( 'NONE', #9184, #9183, #9182 ) ;
#9186 = PLANE ( 'NONE',  #9185 ) ;
#9187 = FACE_OUTER_BOUND ( 'NONE', #2854, .T. ) ;
#9188 = DIRECTION ( 'NONE',  ( -0.0000000000000000000, -0.0000000000000000000, 1.000000000000000000 ) ) ;
#9189 = VECTOR ( 'NONE', #9188, 1000.000000000000000 ) ;
#9190 = CARTESIAN_POINT ( 'NONE',  ( -6.400000000000002100, 3.849999999999999200, 0.8999999999999998000 ) ) ;
#9191 = LINE ( 'NONE', #9190, #9189 ) ;
#9192 = DIRECTION ( 'NONE',  ( -1.000000000000000000, -0.0000000000000000000, -0.0000000000000000000 ) ) ;
#9193 = VECTOR ( 'NONE', #9192, 1000.000000000000000 ) ;
#9194 = CARTESIAN_POINT ( 'NONE',  ( -6.400000000000002100, 3.849999999999999200, 0.8999999999999998000 ) ) ;
#9195 = LINE ( 'NONE', #9194, #9193 ) ;
#9196 = DIRECTION ( 'NONE',  ( 0.0000000000000000000, 0.0000000000000000000, 1.000000000000000000 ) ) ;
#9197 = DIRECTION ( 'NONE',  ( -1.000000000000000000, -0.0000000000000000000, 0.0000000000000000000 ) ) ;
#9198 = CARTESIAN_POINT ( 'NONE',  ( -6.600000000000001400, -0.1999999999999999800, -2.799999999999999800 ) ) ;
#9199 = AXIS2_PLACEMENT_3D ( 'NONE', #9198, #9197, #9196 ) ;
#9200 = PLANE ( 'NONE',  #9199 ) ;
#9201 = DIRECTION ( 'NONE',  ( 0.0000000000000000000, 4.336808689942016200E-015, 1.000000000000000000 ) ) ;
#9202 = VECTOR ( 'NONE', #9201, 1000.000000000000000 ) ;
#9203 = CARTESIAN_POINT ( 'NONE',  ( -6.600000000000001400, 5.799999999999999800, -3.000000000000000000 ) ) ;
#9204 = LINE ( 'NONE', #9203, #9202 ) ;
#9205 = DIRECTION ( 'NONE',  ( 0.0000000000000000000, 0.7071067811865454600, -0.7071067811865495700 ) ) ;
#9206 = VECTOR ( 'NONE', #9205, 1000.000000000000000 ) ;
#9207 = CARTESIAN_POINT ( 'NONE',  ( -6.400000000000002100, 4.850000000000000500, -2.850000000000000100 ) ) ;
#9208 = LINE ( 'NONE', #9207, #9206 ) ;
#9209 = DIRECTION ( 'NONE',  ( 0.0000000000000000000, 0.0000000000000000000, 1.000000000000000000 ) ) ;
#9210 = DIRECTION ( 'NONE',  ( -1.000000000000000000, 0.0000000000000000000, 0.0000000000000000000 ) ) ;
#9211 = CARTESIAN_POINT ( 'NONE',  ( -6.400000000000002100, 3.849999999999998300, -2.500000000000000900 ) ) ;
#9212 = AXIS2_PLACEMENT_3D ( 'NONE', #9211, #9210, #9209 ) ;
#9213 = PLANE ( 'NONE',  #9212 ) ;
#9214 = FACE_OUTER_BOUND ( 'NONE', #2882, .T. ) ;
#9215 = CARTESIAN_POINT ( 'NONE',  ( -6.400000000000002100, 3.849999999999999200, 0.8999999999999998000 ) ) ;
#9216 = CARTESIAN_POINT ( 'NONE',  ( -6.600000000000001400, 3.849999999999999200, 0.8999999999999998000 ) ) ;
#9217 = DIRECTION ( 'NONE',  ( -0.0000000000000000000, -0.0000000000000000000, 1.000000000000000000 ) ) ;
#9218 = VECTOR ( 'NONE', #9217, 1000.000000000000000 ) ;
#9219 = CARTESIAN_POINT ( 'NONE',  ( -6.600000000000001400, 3.849999999999999200, 0.8999999999999998000 ) ) ;
#9220 = LINE ( 'NONE', #9219, #9218 ) ;
#9221 = DIRECTION ( 'NONE',  ( 0.0000000000000000000, -0.0000000000000000000, -1.000000000000000000 ) ) ;
#9222 = DIRECTION ( 'NONE',  ( 0.0000000000000000000, -1.000000000000000000, 0.0000000000000000000 ) ) ;
#9223 = CARTESIAN_POINT ( 'NONE',  ( -6.400000000000002100, 3.849999999999999200, 0.8999999999999998000 ) ) ;
#9224 = AXIS2_PLACEMENT_3D ( 'NONE', #9223, #9222, #9221 ) ;
#9225 = PLANE ( 'NONE',  #9224 ) ;
#9226 = FACE_OUTER_BOUND ( 'NONE', #2870, .T. ) ;
#9227 = DIRECTION ( 'NONE',  ( 0.0000000000000000000, 1.000000000000000000, -1.642730564371976600E-017 ) ) ;
#9228 = VECTOR ( 'NONE', #9227, 1000.000000000000000 ) ;
#9229 = CARTESIAN_POINT ( 'NONE',  ( -6.400000000000002100, 0.5499999999999992700, 0.3999999999999995800 ) ) ;
#9230 = LINE ( 'NONE', #9229, #9228 ) ;
#9231 = CARTESIAN_POINT ( 'NONE',  ( -6.400000000000002100, 3.849999999999999200, 0.3999999999999995200 ) ) ;
#9232 = DIRECTION ( 'NONE',  ( -1.000000000000000000, -0.0000000000000000000, -0.0000000000000000000 ) ) ;
#9233 = VECTOR ( 'NONE', #9232, 1000.000000000000000 ) ;
#9234 = CARTESIAN_POINT ( 'NONE',  ( -6.400000000000002100, 3.849999999999999200, 0.3999999999999995200 ) ) ;
#9235 = CARTESIAN_POINT ( 'NONE',  ( -6.600000000000001400, 4.999999999999999100, -3.000000000000000000 ) ) ;
#9236 = CARTESIAN_POINT ( 'NONE',  ( -6.600000000000001400, 5.799999999999999800, -3.000000000000000000 ) ) ;
#9237 = DIRECTION ( 'NONE',  ( 0.0000000000000000000, 1.000000000000000000, 0.0000000000000000000 ) ) ;
#9238 = VECTOR ( 'NONE', #9237, 1000.000000000000000 ) ;
#9239 = CARTESIAN_POINT ( 'NONE',  ( -6.600000000000001400, 4.999999999999999100, -3.000000000000000000 ) ) ;
#9240 = LINE ( 'NONE', #9239, #9238 ) ;
#9241 = DIRECTION ( 'NONE',  ( 1.000000000000000000, 0.0000000000000000000, -0.0000000000000000000 ) ) ;
#9242 = DIRECTION ( 'NONE',  ( 0.0000000000000000000, 0.0000000000000000000, 1.000000000000000000 ) ) ;
#9243 = CARTESIAN_POINT ( 'NONE',  ( -6.400000000000002100, 4.999999999999999100, -3.000000000000000000 ) ) ;
#9244 = AXIS2_PLACEMENT_3D ( 'NONE', #9243, #9242, #9241 ) ;
#9245 = PLANE ( 'NONE',  #9244 ) ;
#9246 = FACE_OUTER_BOUND ( 'NONE', #2848, .T. ) ;
#9247 = CARTESIAN_POINT ( 'NONE',  ( -6.600000000000001400, 5.300000000000000700, -2.800000000000000300 ) ) ;
#9248 = DIRECTION ( 'NONE',  ( 0.0000000000000000000, -1.000000000000000000, -8.673617379884042400E-016 ) ) ;
#9249 = VECTOR ( 'NONE', #9248, 1000.000000000000000 ) ;
#9250 = CARTESIAN_POINT ( 'NONE',  ( -6.600000000000001400, 5.800000000000000700, -2.799999999999999800 ) ) ;
#9251 = LINE ( 'NONE', #9250, #9249 ) ;
#9252 = DIRECTION ( 'NONE',  ( 0.0000000000000000000, 1.000000000000000000, 8.673617379884043400E-016 ) ) ;
#9253 = DIRECTION ( 'NONE',  ( 0.0000000000000000000, 8.673617379884043400E-016, -1.000000000000000000 ) ) ;
#9254 = CARTESIAN_POINT ( 'NONE',  ( -6.400000000000002100, 5.800000000000000700, -2.799999999999999800 ) ) ;
#9255 = AXIS2_PLACEMENT_3D ( 'NONE', #9254, #9253, #9252 ) ;
#9256 = PLANE ( 'NONE',  #9255 ) ;
#9257 = FACE_OUTER_BOUND ( 'NONE', #2898, .T. ) ;
#9258 = DIRECTION ( 'NONE',  ( 0.0000000000000000000, 4.336808689942016200E-015, 1.000000000000000000 ) ) ;
#9259 = VECTOR ( 'NONE', #9258, 1000.000000000000000 ) ;
#9260 = CARTESIAN_POINT ( 'NONE',  ( -6.400000000000002100, 5.799999999999999800, -3.000000000000000000 ) ) ;
#9261 = LINE ( 'NONE', #9260, #9259 ) ;
#9262 = CARTESIAN_POINT ( 'NONE',  ( -6.400000000000002100, 5.800000000000000700, -2.799999999999999800 ) ) ;
#9263 = DIRECTION ( 'NONE',  ( -1.000000000000000000, -0.0000000000000000000, -0.0000000000000000000 ) ) ;
#9264 = VECTOR ( 'NONE', #9263, 1000.000000000000000 ) ;
#9265 = CARTESIAN_POINT ( 'NONE',  ( -6.400000000000002100, 5.800000000000000700, -2.799999999999999800 ) ) ;
#9266 = LINE ( 'NONE', #9265, #9264 ) ;
#9267 = CARTESIAN_POINT ( 'NONE',  ( -6.600000000000001400, 5.800000000000000700, -2.799999999999999800 ) ) ;
#9268 = DIRECTION ( 'NONE',  ( 0.0000000000000000000, -0.0000000000000000000, -1.000000000000000000 ) ) ;
#9269 = DIRECTION ( 'NONE',  ( 0.0000000000000000000, -1.000000000000000000, 0.0000000000000000000 ) ) ;
#9270 = CARTESIAN_POINT ( 'NONE',  ( -6.400000000000002100, 3.849999999999999200, -0.9000000000000005800 ) ) ;
#9271 = AXIS2_PLACEMENT_3D ( 'NONE', #9270, #9269, #9268 ) ;
#9272 = PLANE ( 'NONE',  #9271 ) ;
#9273 = FACE_OUTER_BOUND ( 'NONE', #2923, .T. ) ;
#9274 = DIRECTION ( 'NONE',  ( 0.0000000000000000000, 0.0000000000000000000, 1.000000000000000000 ) ) ;
#9275 = DIRECTION ( 'NONE',  ( -1.000000000000000000, -0.0000000000000000000, 0.0000000000000000000 ) ) ;
#9276 = CARTESIAN_POINT ( 'NONE',  ( -6.400000000000002100, -0.1999999999999999800, -2.799999999999999800 ) ) ;
#9277 = AXIS2_PLACEMENT_3D ( 'NONE', #9276, #9275, #9274 ) ;
#9278 = PLANE ( 'NONE',  #9277 ) ;
#9279 = FACE_OUTER_BOUND ( 'NONE', #2917, .T. ) ;
#9280 = DIRECTION ( 'NONE',  ( 0.0000000000000000000, -4.336808689942016200E-015, -1.000000000000000000 ) ) ;
#9281 = DIRECTION ( 'NONE',  ( 0.0000000000000000000, -1.000000000000000000, 4.336808689942016200E-015 ) ) ;
#9282 = CARTESIAN_POINT ( 'NONE',  ( -6.400000000000002100, 5.799999999999999800, -3.000000000000000000 ) ) ;
#9283 = AXIS2_PLACEMENT_3D ( 'NONE', #9282, #9281, #9280 ) ;
#9284 = PLANE ( 'NONE',  #9283 ) ;
#9285 = FACE_OUTER_BOUND ( 'NONE', #2887, .T. ) ;
#9286 = DIRECTION ( 'NONE',  ( -1.000000000000000000, -0.0000000000000000000, -0.0000000000000000000 ) ) ;
#9287 = VECTOR ( 'NONE', #9286, 1000.000000000000000 ) ;
#9288 = CARTESIAN_POINT ( 'NONE',  ( -6.400000000000002100, 4.999999999999999100, -3.000000000000000000 ) ) ;
#9289 = LINE ( 'NONE', #9288, #9287 ) ;
#9290 = CARTESIAN_POINT ( 'NONE',  ( -6.400000000000002100, 4.999999999999999100, -3.000000000000000000 ) ) ;
#9291 = DIRECTION ( 'NONE',  ( 0.0000000000000000000, 1.000000000000000000, 0.0000000000000000000 ) ) ;
#9292 = VECTOR ( 'NONE', #9291, 1000.000000000000000 ) ;
#9293 = CARTESIAN_POINT ( 'NONE',  ( -6.400000000000002100, 4.999999999999999100, -3.000000000000000000 ) ) ;
#9294 = LINE ( 'NONE', #9293, #9292 ) ;
#9295 = CARTESIAN_POINT ( 'NONE',  ( -6.400000000000002100, 5.799999999999999800, -3.000000000000000000 ) ) ;
#9296 = DIRECTION ( 'NONE',  ( -1.000000000000000000, -0.0000000000000000000, -0.0000000000000000000 ) ) ;
#9297 = VECTOR ( 'NONE', #9296, 1000.000000000000000 ) ;
#9298 = CARTESIAN_POINT ( 'NONE',  ( -6.400000000000002100, 5.799999999999999800, -3.000000000000000000 ) ) ;
#9299 = LINE ( 'NONE', #9298, #9297 ) ;
#9300 = CARTESIAN_POINT ( 'NONE',  ( -6.600000000000001400, 3.849999999999998300, -2.500000000000000900 ) ) ;
#9301 = AXIS2_PLACEMENT_3D ( 'NONE', #9300, #6657, #8775 ) ;
#9302 = CARTESIAN_POINT ( 'NONE',  ( 8.099999999999999600, 5.099999999999998800, 3.100000000000001000 ) ) ;
#9303 = PLANE ( 'NONE',  #9301 ) ;
#9304 = FACE_OUTER_BOUND ( 'NONE', #2949, .T. ) ;
#9305 = DIRECTION ( 'NONE',  ( 0.0000000000000000000, -0.7071067811865460200, 0.7071067811865490200 ) ) ;
#9306 = VECTOR ( 'NONE', #9305, 1000.000000000000100 ) ;
#9307 = CARTESIAN_POINT ( 'NONE',  ( -6.400000000000002100, 5.300000000000000700, -2.800000000000000300 ) ) ;
#9308 = LINE ( 'NONE', #9307, #9306 ) ;
#9309 = DIRECTION ( 'NONE',  ( 0.0000000000000000000, -0.7071067811865454600, 0.7071067811865495700 ) ) ;
#9310 = DIRECTION ( 'NONE',  ( -0.0000000000000000000, 0.7071067811865495700, 0.7071067811865454600 ) ) ;
#9311 = CARTESIAN_POINT ( 'NONE',  ( -6.400000000000002100, 4.850000000000000500, -2.850000000000000100 ) ) ;
#9312 = AXIS2_PLACEMENT_3D ( 'NONE', #9311, #9310, #9309 ) ;
#9313 = PLANE ( 'NONE',  #9312 ) ;
#9314 = FACE_OUTER_BOUND ( 'NONE', #2943, .T. ) ;
#9315 = DIRECTION ( 'NONE',  ( 0.0000000000000000000, 0.7071067811865460200, -0.7071067811865490200 ) ) ;
#9316 = DIRECTION ( 'NONE',  ( 0.0000000000000000000, -0.7071067811865490200, -0.7071067811865460200 ) ) ;
#9317 = CARTESIAN_POINT ( 'NONE',  ( -6.400000000000002100, 5.300000000000000700, -2.800000000000000300 ) ) ;
#9318 = AXIS2_PLACEMENT_3D ( 'NONE', #9317, #9316, #9315 ) ;
#9319 = PLANE ( 'NONE',  #9318 ) ;
#9320 = FACE_OUTER_BOUND ( 'NONE', #2937, .T. ) ;
#9321 = DIRECTION ( 'NONE',  ( 0.0000000000000000000, 0.7071067811865454600, -0.7071067811865495700 ) ) ;
#9322 = VECTOR ( 'NONE', #9321, 1000.000000000000000 ) ;
#9323 = CARTESIAN_POINT ( 'NONE',  ( -6.600000000000001400, 4.850000000000000500, -2.850000000000000100 ) ) ;
#9324 = LINE ( 'NONE', #9323, #9322 ) ;
#9325 = CARTESIAN_POINT ( 'NONE',  ( -6.400000000000002100, 3.849999999999999200, -0.4000000000000005800 ) ) ;
#9326 = DIRECTION ( 'NONE',  ( -1.000000000000000000, -0.0000000000000000000, -0.0000000000000000000 ) ) ;
#9327 = VECTOR ( 'NONE', #9326, 1000.000000000000000 ) ;
#9328 = CARTESIAN_POINT ( 'NONE',  ( -6.400000000000002100, 3.849999999999999200, -0.4000000000000005800 ) ) ;
#9329 = LINE ( 'NONE', #9328, #9327 ) ;
#9330 = CARTESIAN_POINT ( 'NONE',  ( -6.600000000000001400, 3.849999999999999200, -0.4000000000000005800 ) ) ;
#9331 = CARTESIAN_POINT ( 'NONE',  ( -6.600000000000001400, 3.849999999999999200, -0.9000000000000005800 ) ) ;
#9332 = DIRECTION ( 'NONE',  ( 0.0000000000000000000, 0.0000000000000000000, 1.000000000000000000 ) ) ;
#9333 = VECTOR ( 'NONE', #9332, 1000.000000000000000 ) ;
#9334 = CARTESIAN_POINT ( 'NONE',  ( -6.600000000000001400, 3.849999999999999200, -0.9000000000000005800 ) ) ;
#9335 = LINE ( 'NONE', #9334, #9333 ) ;
#9336 = LINE ( 'NONE', #9398, #9397 ) ;
#9337 = DIRECTION ( 'NONE',  ( 0.0000000000000000000, 1.000000000000000000, 0.0000000000000000000 ) ) ;
#9338 = VECTOR ( 'NONE', #9337, 1000.000000000000000 ) ;
#9339 = CARTESIAN_POINT ( 'NONE',  ( -6.600000000000001400, 2.099999999999999600, -0.9000000000000005800 ) ) ;
#9340 = LINE ( 'NONE', #9339, #9338 ) ;
#9341 = CARTESIAN_POINT ( 'NONE',  ( 7.799999999999999800, 3.599999999999999600, -2.949999999999999300 ) ) ;
#9342 = CARTESIAN_POINT ( 'NONE',  ( 7.599999999999999600, 3.599999999999999600, -2.949999999999999300 ) ) ;
#9343 = DIRECTION ( 'NONE',  ( 0.0000000000000000000, 0.0000000000000000000, -1.000000000000000000 ) ) ;
#9344 = VECTOR ( 'NONE', #9343, 1000.000000000000000 ) ;
#9345 = CARTESIAN_POINT ( 'NONE',  ( 7.599999999999999600, 3.599999999999999600, -1.700000000000000200 ) ) ;
#9346 = LINE ( 'NONE', #9345, #9344 ) ;
#9347 = DIRECTION ( 'NONE',  ( 0.0000000000000000000, -0.0000000000000000000, -1.000000000000000000 ) ) ;
#9348 = DIRECTION ( 'NONE',  ( 0.0000000000000000000, -1.000000000000000000, 0.0000000000000000000 ) ) ;
#9349 = CARTESIAN_POINT ( 'NONE',  ( 7.599999999999999600, 3.599999999999999600, -1.700000000000000200 ) ) ;
#9350 = AXIS2_PLACEMENT_3D ( 'NONE', #9349, #9348, #9347 ) ;
#9351 = PLANE ( 'NONE',  #9350 ) ;
#9352 = FACE_OUTER_BOUND ( 'NONE', #2966, .T. ) ;
#9353 = DIRECTION ( 'NONE',  ( 0.0000000000000000000, -1.000000000000000000, -8.673617379884042400E-016 ) ) ;
#9354 = VECTOR ( 'NONE', #9353, 1000.000000000000000 ) ;
#9355 = CARTESIAN_POINT ( 'NONE',  ( -6.400000000000002100, 5.800000000000000700, -2.799999999999999800 ) ) ;
#9356 = LINE ( 'NONE', #9355, #9354 ) ;
#9357 = CARTESIAN_POINT ( 'NONE',  ( -6.400000000000002100, 5.300000000000000700, -2.800000000000000300 ) ) ;
#9358 = DIRECTION ( 'NONE',  ( -1.000000000000000000, -0.0000000000000000000, -0.0000000000000000000 ) ) ;
#9359 = VECTOR ( 'NONE', #9358, 1000.000000000000000 ) ;
#9360 = CARTESIAN_POINT ( 'NONE',  ( -6.400000000000002100, 5.300000000000000700, -2.800000000000000300 ) ) ;
#9361 = LINE ( 'NONE', #9360, #9359 ) ;
#9362 = DIRECTION ( 'NONE',  ( 0.0000000000000000000, -0.7071067811865460200, 0.7071067811865490200 ) ) ;
#9363 = VECTOR ( 'NONE', #9362, 1000.000000000000100 ) ;
#9364 = CARTESIAN_POINT ( 'NONE',  ( -6.600000000000001400, 5.300000000000000700, -2.800000000000000300 ) ) ;
#9365 = LINE ( 'NONE', #9364, #9363 ) ;
#9366 = FACE_OUTER_BOUND ( 'NONE', #2998, .T. ) ;
#9367 = DIRECTION ( 'NONE',  ( 0.0000000000000000000, -1.000000000000000000, -1.232047923278982200E-016 ) ) ;
#9368 = VECTOR ( 'NONE', #9367, 1000.000000000000000 ) ;
#9369 = CARTESIAN_POINT ( 'NONE',  ( -6.600000000000001400, 3.849999999999999200, -0.4000000000000005800 ) ) ;
#9370 = LINE ( 'NONE', #9369, #9368 ) ;
#9371 = DIRECTION ( 'NONE',  ( 0.0000000000000000000, -1.000000000000000000, -1.232047923278982200E-016 ) ) ;
#9372 = VECTOR ( 'NONE', #9371, 1000.000000000000000 ) ;
#9373 = CARTESIAN_POINT ( 'NONE',  ( -6.400000000000002100, 3.849999999999999200, -0.4000000000000005800 ) ) ;
#9374 = LINE ( 'NONE', #9373, #9372 ) ;
#9375 = DIRECTION ( 'NONE',  ( 0.0000000000000000000, 1.000000000000000000, 1.232047923278982200E-016 ) ) ;
#9376 = DIRECTION ( 'NONE',  ( 0.0000000000000000000, 1.232047923278982200E-016, -1.000000000000000000 ) ) ;
#9377 = CARTESIAN_POINT ( 'NONE',  ( -6.400000000000002100, 3.849999999999999200, -0.4000000000000005800 ) ) ;
#9378 = AXIS2_PLACEMENT_3D ( 'NONE', #9377, #9376, #9375 ) ;
#9379 = PLANE ( 'NONE',  #9378 ) ;
#9380 = FACE_OUTER_BOUND ( 'NONE', #2990, .T. ) ;
#9381 = DIRECTION ( 'NONE',  ( -1.000000000000000000, -0.0000000000000000000, -0.0000000000000000000 ) ) ;
#9382 = VECTOR ( 'NONE', #9381, 1000.000000000000000 ) ;
#9383 = CARTESIAN_POINT ( 'NONE',  ( -6.400000000000002100, 3.849999999999999200, -0.9000000000000005800 ) ) ;
#9384 = LINE ( 'NONE', #9383, #9382 ) ;
#9385 = CARTESIAN_POINT ( 'NONE',  ( -6.400000000000002100, 3.849999999999999200, -0.9000000000000005800 ) ) ;
#9386 = DIRECTION ( 'NONE',  ( 0.0000000000000000000, 0.0000000000000000000, 1.000000000000000000 ) ) ;
#9387 = VECTOR ( 'NONE', #9386, 1000.000000000000000 ) ;
#9388 = CARTESIAN_POINT ( 'NONE',  ( -6.400000000000002100, 3.849999999999999200, -0.9000000000000005800 ) ) ;
#9389 = LINE ( 'NONE', #9388, #9387 ) ;
#9390 = DIRECTION ( 'NONE',  ( 0.0000000000000000000, 0.0000000000000000000, 1.000000000000000000 ) ) ;
#9391 = DIRECTION ( 'NONE',  ( -1.000000000000000000, 0.0000000000000000000, 0.0000000000000000000 ) ) ;
#9392 = CARTESIAN_POINT ( 'NONE',  ( -6.400000000000002100, 3.849999999999998300, -2.500000000000000900 ) ) ;
#9393 = AXIS2_PLACEMENT_3D ( 'NONE', #9392, #9391, #9390 ) ;
#9394 = PLANE ( 'NONE',  #9393 ) ;
#9395 = FACE_OUTER_BOUND ( 'NONE', #2980, .T. ) ;
#9396 = DIRECTION ( 'NONE',  ( 0.0000000000000000000, 1.000000000000000000, 0.0000000000000000000 ) ) ;
#9397 = VECTOR ( 'NONE', #9396, 1000.000000000000000 ) ;
#9398 = CARTESIAN_POINT ( 'NONE',  ( -6.400000000000002100, 2.099999999999999600, -0.9000000000000005800 ) ) ;
#9399 = DIRECTION ( 'NONE',  ( -0.0000000000000000000, 1.000000000000000000, -2.891205793294678300E-016 ) ) ;
#9400 = VECTOR ( 'NONE', #9399, 1000.000000000000000 ) ;
#9401 = CARTESIAN_POINT ( 'NONE',  ( 7.799999999999999800, 5.099999999999999600, -2.949999999999999700 ) ) ;
#9402 = LINE ( 'NONE', #9401, #9400 ) ;
#9403 = PLANE ( 'NONE',  #9463 ) ;
#9404 = DIRECTION ( 'NONE',  ( 0.0000000000000000000, 0.0000000000000000000, -1.000000000000000000 ) ) ;
#9405 = DIRECTION ( 'NONE',  ( -1.000000000000000000, 0.0000000000000000000, 0.0000000000000000000 ) ) ;
#9406 = CARTESIAN_POINT ( 'NONE',  ( -7.599999999999999600, 3.599999999999999600, -1.700000000000000200 ) ) ;
#9407 = AXIS2_PLACEMENT_3D ( 'NONE', #9406, #9405, #9404 ) ;
#9408 = PLANE ( 'NONE',  #9407 ) ;
#9409 = FACE_OUTER_BOUND ( 'NONE', #3013, .T. ) ;
#9410 = DIRECTION ( 'NONE',  ( -1.000000000000000000, 0.0000000000000000000, 0.0000000000000000000 ) ) ;
#9411 = VECTOR ( 'NONE', #9410, 1000.000000000000000 ) ;
#9412 = CARTESIAN_POINT ( 'NONE',  ( -7.599999999999999600, 3.599999999999999600, -2.949999999999999300 ) ) ;
#9413 = LINE ( 'NONE', #9412, #9411 ) ;
#9414 = CARTESIAN_POINT ( 'NONE',  ( -7.799999999999999800, 3.599999999999999600, -2.949999999999999300 ) ) ;
#9415 = DIRECTION ( 'NONE',  ( 0.0000000000000000000, 0.0000000000000000000, -1.000000000000000000 ) ) ;
#9416 = VECTOR ( 'NONE', #9415, 1000.000000000000000 ) ;
#9417 = CARTESIAN_POINT ( 'NONE',  ( -7.799999999999999800, 3.599999999999999600, -1.700000000000000200 ) ) ;
#9418 = LINE ( 'NONE', #9417, #9416 ) ;
#9419 = CARTESIAN_POINT ( 'NONE',  ( -7.599999999999999600, 3.599999999999999600, -2.949999999999999300 ) ) ;
#9420 = DIRECTION ( 'NONE',  ( 0.0000000000000000000, 0.0000000000000000000, -1.000000000000000000 ) ) ;
#9421 = VECTOR ( 'NONE', #9420, 1000.000000000000000 ) ;
#9422 = CARTESIAN_POINT ( 'NONE',  ( -7.599999999999999600, 3.599999999999999600, -1.700000000000000200 ) ) ;
#9423 = LINE ( 'NONE', #9422, #9421 ) ;
#9424 = DIRECTION ( 'NONE',  ( 0.0000000000000000000, -0.0000000000000000000, 1.000000000000000000 ) ) ;
#9425 = DIRECTION ( 'NONE',  ( 0.0000000000000000000, 1.000000000000000000, 0.0000000000000000000 ) ) ;
#9426 = CARTESIAN_POINT ( 'NONE',  ( -7.599999999999999600, 3.599999999999999600, -1.700000000000000200 ) ) ;
#9427 = AXIS2_PLACEMENT_3D ( 'NONE', #9426, #9425, #9424 ) ;
#9428 = PLANE ( 'NONE',  #9427 ) ;
#9429 = FACE_OUTER_BOUND ( 'NONE', #3002, .T. ) ;
#9430 = DIRECTION ( 'NONE',  ( 1.000000000000000000, 0.0000000000000000000, -0.0000000000000000000 ) ) ;
#9431 = DIRECTION ( 'NONE',  ( 0.0000000000000000000, 0.0000000000000000000, 1.000000000000000000 ) ) ;
#9432 = CARTESIAN_POINT ( 'NONE',  ( -6.400000000000002100, 2.099999999999999600, -0.9000000000000005800 ) ) ;
#9433 = AXIS2_PLACEMENT_3D ( 'NONE', #9432, #9431, #9430 ) ;
#9434 = PLANE ( 'NONE',  #9433 ) ;
#9435 = FACE_OUTER_BOUND ( 'NONE', #2960, .T. ) ;
#9436 = DIRECTION ( 'NONE',  ( 0.0000000000000000000, 0.0000000000000000000, -1.000000000000000000 ) ) ;
#9437 = DIRECTION ( 'NONE',  ( 1.000000000000000000, 0.0000000000000000000, 0.0000000000000000000 ) ) ;
#9438 = CARTESIAN_POINT ( 'NONE',  ( 7.799999999999999800, 3.599999999999999600, -1.700000000000000200 ) ) ;
#9439 = AXIS2_PLACEMENT_3D ( 'NONE', #9438, #9437, #9436 ) ;
#9440 = PLANE ( 'NONE',  #9439 ) ;
#9441 = FACE_OUTER_BOUND ( 'NONE', #3037, .T. ) ;
#9442 = DIRECTION ( 'NONE',  ( -0.0000000000000000000, 1.000000000000000000, -2.891205793294678300E-016 ) ) ;
#9443 = VECTOR ( 'NONE', #9442, 1000.000000000000000 ) ;
#9444 = CARTESIAN_POINT ( 'NONE',  ( 7.599999999999999600, 5.099999999999999600, -2.949999999999999700 ) ) ;
#9445 = LINE ( 'NONE', #9444, #9443 ) ;
#9446 = DIRECTION ( 'NONE',  ( 0.0000000000000000000, 0.0000000000000000000, -1.000000000000000000 ) ) ;
#9447 = DIRECTION ( 'NONE',  ( 1.000000000000000000, 0.0000000000000000000, 0.0000000000000000000 ) ) ;
#9448 = CARTESIAN_POINT ( 'NONE',  ( 7.599999999999999600, 3.599999999999999600, -1.700000000000000200 ) ) ;
#9449 = AXIS2_PLACEMENT_3D ( 'NONE', #9448, #9447, #9446 ) ;
#9450 = PLANE ( 'NONE',  #9449 ) ;
#9451 = FACE_OUTER_BOUND ( 'NONE', #3030, .T. ) ;
#9452 = DIRECTION ( 'NONE',  ( 0.0000000000000000000, 0.0000000000000000000, -1.000000000000000000 ) ) ;
#9453 = VECTOR ( 'NONE', #9452, 1000.000000000000000 ) ;
#9454 = CARTESIAN_POINT ( 'NONE',  ( 7.799999999999999800, 3.599999999999999600, -1.700000000000000200 ) ) ;
#9455 = LINE ( 'NONE', #9454, #9453 ) ;
#9456 = DIRECTION ( 'NONE',  ( 1.000000000000000000, 0.0000000000000000000, 0.0000000000000000000 ) ) ;
#9457 = VECTOR ( 'NONE', #9456, 1000.000000000000000 ) ;
#9458 = CARTESIAN_POINT ( 'NONE',  ( 7.599999999999999600, 3.599999999999999600, -2.949999999999999300 ) ) ;
#9459 = LINE ( 'NONE', #9458, #9457 ) ;
#9460 = DIRECTION ( 'NONE',  ( 0.0000000000000000000, 1.000000000000000000, -2.891205793294678300E-016 ) ) ;
#9461 = DIRECTION ( 'NONE',  ( 0.0000000000000000000, -2.891205793294678300E-016, -1.000000000000000000 ) ) ;
#9462 = CARTESIAN_POINT ( 'NONE',  ( 7.599999999999999600, 5.099999999999999600, -2.949999999999999700 ) ) ;
#9463 = AXIS2_PLACEMENT_3D ( 'NONE', #9462, #9461, #9460 ) ;
#9464 = FACE_OUTER_BOUND ( 'NONE', #3021, .T. ) ;
#9465 = CARTESIAN_POINT ( 'NONE',  ( -4.400000000000000400, 2.099999999999999600, -0.9000000000000005800 ) ) ;
#9466 = DIRECTION ( 'NONE',  ( -1.000000000000000000, -0.0000000000000000000, -0.0000000000000000000 ) ) ;
#9467 = VECTOR ( 'NONE', #9466, 1000.000000000000000 ) ;
#9468 = CARTESIAN_POINT ( 'NONE',  ( -4.400000000000000400, 2.099999999999999600, -0.9000000000000004700 ) ) ;
#9469 = LINE ( 'NONE', #9468, #9467 ) ;
#9470 = CARTESIAN_POINT ( 'NONE',  ( -2.600000000000001400, 2.099999999999999600, -0.9000000000000005800 ) ) ;
#9471 = CARTESIAN_POINT ( 'NONE',  ( -2.400000000000001200, 2.099999999999999600, -0.9000000000000005800 ) ) ;
#9472 = DIRECTION ( 'NONE',  ( -1.000000000000000000, -0.0000000000000000000, -0.0000000000000000000 ) ) ;
#9473 = VECTOR ( 'NONE', #9472, 1000.000000000000000 ) ;
#9474 = CARTESIAN_POINT ( 'NONE',  ( -2.400000000000001200, 2.099999999999999600, -0.9000000000000004700 ) ) ;
#9475 = LINE ( 'NONE', #9474, #9473 ) ;
#9476 = DIRECTION ( 'NONE',  ( 0.0000000000000000000, 0.0000000000000000000, 1.000000000000000000 ) ) ;
#9477 = VECTOR ( 'NONE', #9476, 1000.000000000000000 ) ;
#9478 = CARTESIAN_POINT ( 'NONE',  ( -3.600000000000000500, 2.099999999999999600, -2.100000000000001000 ) ) ;
#9479 = LINE ( 'NONE', #9478, #9477 ) ;
#9480 = CARTESIAN_POINT ( 'NONE',  ( -3.600000000000000500, 2.099999999999999600, 0.8999999999999996900 ) ) ;
#9481 = DIRECTION ( 'NONE',  ( -1.000000000000000000, 0.0000000000000000000, 0.0000000000000000000 ) ) ;
#9482 = VECTOR ( 'NONE', #9481, 1000.000000000000000 ) ;
#9483 = CARTESIAN_POINT ( 'NONE',  ( -7.049999999999998900, 2.099999999999999600, 0.8999999999999998000 ) ) ;
#9484 = LINE ( 'NONE', #9483, #9482 ) ;
#9485 = CARTESIAN_POINT ( 'NONE',  ( -3.400000000000000400, 2.099999999999999600, 0.8999999999999998000 ) ) ;
#9486 = DIRECTION ( 'NONE',  ( 0.0000000000000000000, 0.0000000000000000000, 1.000000000000000000 ) ) ;
#9487 = VECTOR ( 'NONE', #9486, 1000.000000000000000 ) ;
#9488 = CARTESIAN_POINT ( 'NONE',  ( -3.400000000000000400, 2.099999999999999600, -2.100000000000001000 ) ) ;
#9489 = LINE ( 'NONE', #9488, #9487 ) ;
#9490 = CARTESIAN_POINT ( 'NONE',  ( -2.400000000000001200, 2.099999999999999600, 0.8999999999999998000 ) ) ;
#9491 = DIRECTION ( 'NONE',  ( 0.0000000000000000000, 0.0000000000000000000, 1.000000000000000000 ) ) ;
#9492 = VECTOR ( 'NONE', #9491, 1000.000000000000000 ) ;
#9493 = CARTESIAN_POINT ( 'NONE',  ( -2.400000000000001200, 2.099999999999999600, -2.100000000000001000 ) ) ;
#9494 = LINE ( 'NONE', #9493, #9492 ) ;
#9495 = DIRECTION ( 'NONE',  ( 0.0000000000000000000, 0.0000000000000000000, 1.000000000000000000 ) ) ;
#9496 = DIRECTION ( 'NONE',  ( -1.000000000000000000, 0.0000000000000000000, 0.0000000000000000000 ) ) ;
#9497 = CARTESIAN_POINT ( 'NONE',  ( -6.600000000000001400, 3.849999999999998300, -2.500000000000000900 ) ) ;
#9498 = AXIS2_PLACEMENT_3D ( 'NONE', #9497, #9496, #9495 ) ;
#9499 = PLANE ( 'NONE',  #9498 ) ;
#9500 = CARTESIAN_POINT ( 'NONE',  ( -4.400000000000001200, 2.099999999999999600, -0.4000000000000008500 ) ) ;
#9501 = DIRECTION ( 'NONE',  ( 0.0000000000000000000, -0.0000000000000000000, 1.000000000000000000 ) ) ;
#9502 = VECTOR ( 'NONE', #9501, 1000.000000000000000 ) ;
#9503 = CARTESIAN_POINT ( 'NONE',  ( -4.400000000000000400, 2.099999999999999600, -2.100000000000001000 ) ) ;
#9504 = LINE ( 'NONE', #9503, #9502 ) ;
#9505 = CARTESIAN_POINT ( 'NONE',  ( -3.600000000000000500, 2.099999999999999600, -0.4000000000000006900 ) ) ;
#9506 = DIRECTION ( 'NONE',  ( 0.0000000000000000000, -1.000000000000000000, 2.891205793294678300E-016 ) ) ;
#9507 = DIRECTION ( 'NONE',  ( 0.0000000000000000000, 2.891205793294678300E-016, 1.000000000000000000 ) ) ;
#9508 = CARTESIAN_POINT ( 'NONE',  ( -7.599999999999999600, 5.099999999999999600, -2.949999999999999700 ) ) ;
#9509 = AXIS2_PLACEMENT_3D ( 'NONE', #9508, #9507, #9506 ) ;
#9510 = PLANE ( 'NONE',  #9509 ) ;
#9511 = FACE_OUTER_BOUND ( 'NONE', #3078, .T. ) ;
#9512 = DIRECTION ( 'NONE',  ( 0.0000000000000000000, 1.000000000000000000, -2.891205793294678300E-016 ) ) ;
#9513 = VECTOR ( 'NONE', #9512, 1000.000000000000000 ) ;
#9514 = CARTESIAN_POINT ( 'NONE',  ( -7.799999999999999800, 5.099999999999999600, -2.949999999999999700 ) ) ;
#9515 = LINE ( 'NONE', #9514, #9513 ) ;
#9516 = DIRECTION ( 'NONE',  ( 0.0000000000000000000, 0.0000000000000000000, -1.000000000000000000 ) ) ;
#9517 = DIRECTION ( 'NONE',  ( -1.000000000000000000, 0.0000000000000000000, 0.0000000000000000000 ) ) ;
#9518 = CARTESIAN_POINT ( 'NONE',  ( -7.799999999999999800, 3.599999999999999600, -1.700000000000000200 ) ) ;
#9519 = AXIS2_PLACEMENT_3D ( 'NONE', #9518, #9517, #9516 ) ;
#9520 = PLANE ( 'NONE',  #9519 ) ;
#9521 = FACE_OUTER_BOUND ( 'NONE', #3071, .T. ) ;
#9522 = DIRECTION ( 'NONE',  ( 0.0000000000000000000, 1.000000000000000000, -2.891205793294678300E-016 ) ) ;
#9523 = VECTOR ( 'NONE', #9522, 1000.000000000000000 ) ;
#9524 = CARTESIAN_POINT ( 'NONE',  ( -7.599999999999999600, 5.099999999999999600, -2.949999999999999700 ) ) ;
#9525 = LINE ( 'NONE', #9524, #9523 ) ;
#9526 = CARTESIAN_POINT ( 'NONE',  ( -4.599999999999999600, 2.099999999999999600, -0.9000000000000005800 ) ) ;
#9527 = DIRECTION ( 'NONE',  ( -1.000000000000000000, 0.0000000000000000000, 0.0000000000000000000 ) ) ;
#9528 = VECTOR ( 'NONE', #9527, 1000.000000000000000 ) ;
#9529 = CARTESIAN_POINT ( 'NONE',  ( -7.049999999999998900, 2.099999999999999600, 0.8999999999999998000 ) ) ;
#9530 = LINE ( 'NONE', #9529, #9528 ) ;
#9531 = CARTESIAN_POINT ( 'NONE',  ( -4.400000000000001200, 2.099999999999999600, 0.8999999999999998000 ) ) ;
#9532 = DIRECTION ( 'NONE',  ( 0.0000000000000000000, 0.0000000000000000000, 1.000000000000000000 ) ) ;
#9533 = VECTOR ( 'NONE', #9532, 1000.000000000000000 ) ;
#9534 = CARTESIAN_POINT ( 'NONE',  ( -4.400000000000000400, 2.099999999999999600, -2.100000000000001000 ) ) ;
#9535 = LINE ( 'NONE', #9534, #9533 ) ;
#9536 = CARTESIAN_POINT ( 'NONE',  ( -4.400000000000001200, 2.099999999999999600, 0.3999999999999997400 ) ) ;
#9537 = CARTESIAN_POINT ( 'NONE',  ( -4.599999999999999600, 2.099999999999999600, 0.3999999999999997400 ) ) ;
#9538 = DIRECTION ( 'NONE',  ( 1.000000000000000000, -0.0000000000000000000, 0.0000000000000000000 ) ) ;
#9539 = VECTOR ( 'NONE', #9538, 1000.000000000000000 ) ;
#9540 = CARTESIAN_POINT ( 'NONE',  ( -7.049999999999998900, 2.099999999999999600, 0.3999999999999997400 ) ) ;
#9541 = LINE ( 'NONE', #9540, #9539 ) ;
#9542 = DIRECTION ( 'NONE',  ( 0.0000000000000000000, -0.0000000000000000000, 1.000000000000000000 ) ) ;
#9543 = VECTOR ( 'NONE', #9542, 1000.000000000000000 ) ;
#9544 = CARTESIAN_POINT ( 'NONE',  ( -4.599999999999999600, 2.099999999999999600, -2.100000000000001000 ) ) ;
#9545 = LINE ( 'NONE', #9544, #9543 ) ;
#9546 = CARTESIAN_POINT ( 'NONE',  ( -4.599999999999999600, 2.099999999999999600, -0.4000000000000007400 ) ) ;
#9547 = DIRECTION ( 'NONE',  ( -1.000000000000000000, 0.0000000000000000000, 0.0000000000000000000 ) ) ;
#9548 = VECTOR ( 'NONE', #9547, 1000.000000000000000 ) ;
#9549 = CARTESIAN_POINT ( 'NONE',  ( -7.049999999999998900, 2.099999999999999600, -0.4000000000000008500 ) ) ;
#9550 = LINE ( 'NONE', #9549, #9548 ) ;
#9551 = DIRECTION ( 'NONE',  ( -1.000000000000000000, -0.0000000000000000000, -0.0000000000000000000 ) ) ;
#9552 = VECTOR ( 'NONE', #9551, 1000.000000000000000 ) ;
#9553 = CARTESIAN_POINT ( 'NONE',  ( -3.400000000000000400, 2.099999999999999600, -0.9000000000000004700 ) ) ;
#9554 = LINE ( 'NONE', #9553, #9552 ) ;
#9555 = DIRECTION ( 'NONE',  ( 0.0000000000000000000, 0.0000000000000000000, 1.000000000000000000 ) ) ;
#9556 = VECTOR ( 'NONE', #9555, 1000.000000000000000 ) ;
#9557 = CARTESIAN_POINT ( 'NONE',  ( -4.599999999999999600, 2.099999999999999600, -2.100000000000001000 ) ) ;
#9558 = LINE ( 'NONE', #9557, #9556 ) ;
#9559 = CARTESIAN_POINT ( 'NONE',  ( -4.599999999999999600, 2.099999999999999600, 0.8999999999999996900 ) ) ;
#9560 = CARTESIAN_POINT ( 'NONE',  ( -2.400000000000001200, 2.099999999999999600, 0.3999999999999997400 ) ) ;
#9561 = CARTESIAN_POINT ( 'NONE',  ( -2.600000000000001400, 2.099999999999999600, 0.3999999999999997400 ) ) ;
#9562 = VECTOR ( 'NONE', #12445, 1000.000000000000000 ) ;
#9563 = CARTESIAN_POINT ( 'NONE',  ( 1.399999999999999500, 5.100000000000001400, -2.599999999999999600 ) ) ;
#9564 = DIRECTION ( 'NONE',  ( 1.000000000000000000, -0.0000000000000000000, 0.0000000000000000000 ) ) ;
#9565 = VECTOR ( 'NONE', #9564, 1000.000000000000000 ) ;
#9566 = CARTESIAN_POINT ( 'NONE',  ( -7.049999999999998900, 2.099999999999999600, 0.3999999999999997400 ) ) ;
#9567 = LINE ( 'NONE', #9566, #9565 ) ;
#9568 = DIRECTION ( 'NONE',  ( 0.0000000000000000000, -0.0000000000000000000, 1.000000000000000000 ) ) ;
#9569 = VECTOR ( 'NONE', #9568, 1000.000000000000000 ) ;
#9570 = CARTESIAN_POINT ( 'NONE',  ( -2.600000000000001400, 2.099999999999999600, -2.100000000000001000 ) ) ;
#9571 = LINE ( 'NONE', #9570, #9569 ) ;
#9572 = CARTESIAN_POINT ( 'NONE',  ( -2.600000000000001000, 2.099999999999999600, -0.4000000000000006300 ) ) ;
#9573 = DIRECTION ( 'NONE',  ( -1.000000000000000000, 0.0000000000000000000, 0.0000000000000000000 ) ) ;
#9574 = VECTOR ( 'NONE', #9573, 1000.000000000000000 ) ;
#9575 = CARTESIAN_POINT ( 'NONE',  ( -7.049999999999998900, 2.099999999999999600, -0.4000000000000006300 ) ) ;
#9576 = LINE ( 'NONE', #9575, #9574 ) ;
#9577 = CARTESIAN_POINT ( 'NONE',  ( -2.400000000000001200, 2.099999999999999600, -0.4000000000000006300 ) ) ;
#9578 = DIRECTION ( 'NONE',  ( 0.0000000000000000000, -0.0000000000000000000, 1.000000000000000000 ) ) ;
#9579 = VECTOR ( 'NONE', #9578, 1000.000000000000000 ) ;
#9580 = CARTESIAN_POINT ( 'NONE',  ( -2.400000000000001200, 2.099999999999999600, -2.100000000000001000 ) ) ;
#9581 = LINE ( 'NONE', #9580, #9579 ) ;
#9582 = CARTESIAN_POINT ( 'NONE',  ( -3.600000000000000500, 2.099999999999999600, 0.3999999999999997400 ) ) ;
#9583 = DIRECTION ( 'NONE',  ( 1.000000000000000000, -0.0000000000000000000, 0.0000000000000000000 ) ) ;
#9584 = VECTOR ( 'NONE', #9583, 1000.000000000000000 ) ;
#9585 = CARTESIAN_POINT ( 'NONE',  ( -7.049999999999998900, 2.099999999999999600, 0.3999999999999997400 ) ) ;
#9586 = LINE ( 'NONE', #9585, #9584 ) ;
#9587 = CARTESIAN_POINT ( 'NONE',  ( -3.400000000000000400, 2.099999999999999600, 0.3999999999999997400 ) ) ;
#9588 = DIRECTION ( 'NONE',  ( 0.0000000000000000000, -0.0000000000000000000, 1.000000000000000000 ) ) ;
#9589 = VECTOR ( 'NONE', #9588, 1000.000000000000000 ) ;
#9590 = CARTESIAN_POINT ( 'NONE',  ( -3.600000000000000500, 2.099999999999999600, -2.100000000000001000 ) ) ;
#9591 = LINE ( 'NONE', #9590, #9589 ) ;
#9592 = CARTESIAN_POINT ( 'NONE',  ( -6.599999999999999600, 5.100000000000000500, 3.100000000000001400 ) ) ;
#9593 = DIRECTION ( 'NONE',  ( 1.000000000000000000, 0.0000000000000000000, 0.0000000000000000000 ) ) ;
#9594 = VECTOR ( 'NONE', #9593, 1000.000000000000000 ) ;
#9595 = CARTESIAN_POINT ( 'NONE',  ( 7.599999999999999600, 5.099999999999999600, -2.949999999999999700 ) ) ;
#9596 = LINE ( 'NONE', #9595, #9594 ) ;
#9597 = DIRECTION ( 'NONE',  ( 0.0000000000000000000, 1.457750820148577400E-016, -1.000000000000000000 ) ) ;
#9598 = VECTOR ( 'NONE', #9597, 1000.000000000000000 ) ;
#9599 = CARTESIAN_POINT ( 'NONE',  ( 5.599999999999998800, 5.099999999999999600, -2.849999999999999600 ) ) ;
#9600 = LINE ( 'NONE', #9599, #9598 ) ;
#9601 = DIRECTION ( 'NONE',  ( 0.0000000000000000000, 1.457750820148577400E-016, -1.000000000000000000 ) ) ;
#9602 = VECTOR ( 'NONE', #9601, 1000.000000000000000 ) ;
#9603 = CARTESIAN_POINT ( 'NONE',  ( 6.399999999999999500, 5.099999999999999600, -2.849999999999999600 ) ) ;
#9604 = LINE ( 'NONE', #9603, #9602 ) ;
#9605 = CARTESIAN_POINT ( 'NONE',  ( 8.099999999999999600, 5.099999999999998800, 3.100000000000001000 ) ) ;
#9606 = CARTESIAN_POINT ( 'NONE',  ( 7.599999999999999600, 5.099999999999999600, -2.949999999999999700 ) ) ;
#9607 = CARTESIAN_POINT ( 'NONE',  ( 7.799999999999999800, 5.099999999999999600, -2.949999999999999700 ) ) ;
#9608 = DIRECTION ( 'NONE',  ( -0.0000000000000000000, -6.938893903907228400E-016, 1.000000000000000000 ) ) ;
#9609 = VECTOR ( 'NONE', #9608, 1000.000000000000000 ) ;
#9610 = CARTESIAN_POINT ( 'NONE',  ( 7.799999999999999800, 5.099999999999998800, -1.700000000000000000 ) ) ;
#9611 = LINE ( 'NONE', #9610, #9609 ) ;
#9612 = DIRECTION ( 'NONE',  ( 0.0000000000000000000, -1.457750820148577400E-016, 1.000000000000000000 ) ) ;
#9613 = VECTOR ( 'NONE', #9612, 1000.000000000000000 ) ;
#9614 = CARTESIAN_POINT ( 'NONE',  ( 8.099999999999999600, 5.099999999999999600, -2.849999999999999600 ) ) ;
#9615 = LINE ( 'NONE', #9614, #9613 ) ;
#9616 = CARTESIAN_POINT ( 'NONE',  ( 6.599999999999999600, 5.099999999999999600, 2.600000000000001400 ) ) ;
#9617 = DIRECTION ( 'NONE',  ( -0.0000000000000000000, -6.938893903907228400E-016, 1.000000000000000000 ) ) ;
#9618 = VECTOR ( 'NONE', #9617, 1000.000000000000000 ) ;
#9619 = CARTESIAN_POINT ( 'NONE',  ( 7.599999999999999600, 5.099999999999998800, -1.700000000000000000 ) ) ;
#9620 = LINE ( 'NONE', #9619, #9618 ) ;
#9621 = VECTOR ( 'NONE', #9684, 1000.000000000000000 ) ;
#9622 = CARTESIAN_POINT ( 'NONE',  ( -3.400000000000000400, 2.099999999999999600, -2.100000000000001000 ) ) ;
#9623 = LINE ( 'NONE', #9622, #9621 ) ;
#9624 = CARTESIAN_POINT ( 'NONE',  ( -3.600000000000000500, 2.099999999999999600, -0.9000000000000005800 ) ) ;
#9625 = CARTESIAN_POINT ( 'NONE',  ( -3.400000000000000400, 2.099999999999999600, -0.9000000000000005800 ) ) ;
#9626 = CARTESIAN_POINT ( 'NONE',  ( 5.599999999999998800, 5.100000000000001400, -2.599999999999999600 ) ) ;
#9627 = DIRECTION ( 'NONE',  ( -0.0000000000000000000, 1.734723475976805500E-015, 1.000000000000000000 ) ) ;
#9628 = VECTOR ( 'NONE', #9627, 1000.000000000000000 ) ;
#9629 = CARTESIAN_POINT ( 'NONE',  ( -6.599999999999999600, 5.100000000000000500, 3.100000000000001400 ) ) ;
#9630 = LINE ( 'NONE', #9629, #9628 ) ;
#9631 = DIRECTION ( 'NONE',  ( -1.000000000000000000, 0.0000000000000000000, 0.0000000000000000000 ) ) ;
#9632 = VECTOR ( 'NONE', #9631, 1000.000000000000000 ) ;
#9633 = CARTESIAN_POINT ( 'NONE',  ( 5.249999999999999100, 5.099999999999999600, 2.600000000000001000 ) ) ;
#9634 = LINE ( 'NONE', #9633, #9632 ) ;
#9635 = CARTESIAN_POINT ( 'NONE',  ( 6.399999999999999500, 5.100000000000001400, -2.599999999999999600 ) ) ;
#9636 = CARTESIAN_POINT ( 'NONE',  ( 6.599999999999998800, 5.100000000000001400, -2.599999999999999600 ) ) ;
#9637 = DIRECTION ( 'NONE',  ( 0.0000000000000000000, 1.457750820148577400E-016, -1.000000000000000000 ) ) ;
#9638 = VECTOR ( 'NONE', #9637, 1000.000000000000000 ) ;
#9639 = CARTESIAN_POINT ( 'NONE',  ( 6.599999999999998800, 5.099999999999999600, -2.849999999999999600 ) ) ;
#9640 = LINE ( 'NONE', #9639, #9638 ) ;
#9641 = CARTESIAN_POINT ( 'NONE',  ( 6.599999999999999600, 5.100000000000000500, 3.099999999999999600 ) ) ;
#9642 = DIRECTION ( 'NONE',  ( 0.0000000000000000000, -1.734723475976814600E-015, -1.000000000000000000 ) ) ;
#9643 = VECTOR ( 'NONE', #9642, 1000.000000000000000 ) ;
#9644 = CARTESIAN_POINT ( 'NONE',  ( 6.599999999999999600, 5.100000000000000500, 3.099999999999999600 ) ) ;
#9645 = LINE ( 'NONE', #9644, #9643 ) ;
#9646 = DIRECTION ( 'NONE',  ( -1.000000000000000000, -0.0000000000000000000, -0.0000000000000000000 ) ) ;
#9647 = VECTOR ( 'NONE', #9646, 1000.000000000000000 ) ;
#9648 = CARTESIAN_POINT ( 'NONE',  ( 6.599999999999998800, 5.100000000000001400, -2.599999999999999600 ) ) ;
#9649 = LINE ( 'NONE', #9648, #9647 ) ;
#9650 = CARTESIAN_POINT ( 'NONE',  ( -6.599999999999999600, 5.099999999999999600, 2.600000000000001000 ) ) ;
#9651 = DIRECTION ( 'NONE',  ( -1.000000000000000000, -0.0000000000000000000, -0.0000000000000000000 ) ) ;
#9652 = VECTOR ( 'NONE', #9651, 1000.000000000000000 ) ;
#9653 = CARTESIAN_POINT ( 'NONE',  ( 8.099999999999999600, 5.099999999999998800, 3.100000000000001000 ) ) ;
#9654 = LINE ( 'NONE', #9653, #9652 ) ;
#9655 = LINE ( 'NONE', #9717, #9716 ) ;
#9656 = CARTESIAN_POINT ( 'NONE',  ( 0.5999999999999996400, 5.100000000000001400, -2.599999999999999600 ) ) ;
#9657 = DIRECTION ( 'NONE',  ( 0.0000000000000000000, 1.457750820148577400E-016, -1.000000000000000000 ) ) ;
#9658 = VECTOR ( 'NONE', #9657, 1000.000000000000000 ) ;
#9659 = CARTESIAN_POINT ( 'NONE',  ( 0.5999999999999998700, 5.099999999999999600, -2.849999999999999600 ) ) ;
#9660 = LINE ( 'NONE', #9659, #9658 ) ;
#9661 = DIRECTION ( 'NONE',  ( -1.000000000000000000, -0.0000000000000000000, -0.0000000000000000000 ) ) ;
#9662 = VECTOR ( 'NONE', #9661, 1000.000000000000000 ) ;
#9663 = CARTESIAN_POINT ( 'NONE',  ( 5.599999999999998800, 5.100000000000001400, -2.599999999999999600 ) ) ;
#9664 = LINE ( 'NONE', #9663, #9662 ) ;
#9665 = DIRECTION ( 'NONE',  ( 0.0000000000000000000, 1.457750820148577400E-016, -1.000000000000000000 ) ) ;
#9666 = VECTOR ( 'NONE', #9665, 1000.000000000000000 ) ;
#9667 = CARTESIAN_POINT ( 'NONE',  ( 4.399999999999999500, 5.099999999999999600, -2.849999999999999600 ) ) ;
#9668 = LINE ( 'NONE', #9667, #9666 ) ;
#9669 = CARTESIAN_POINT ( 'NONE',  ( 2.600000000000000100, 5.100000000000001400, -2.599999999999999600 ) ) ;
#9670 = DIRECTION ( 'NONE',  ( 0.0000000000000000000, 1.457750820148577400E-016, -1.000000000000000000 ) ) ;
#9671 = VECTOR ( 'NONE', #9670, 1000.000000000000000 ) ;
#9672 = CARTESIAN_POINT ( 'NONE',  ( 2.600000000000000100, 5.099999999999999600, -2.849999999999999600 ) ) ;
#9673 = LINE ( 'NONE', #9672, #9671 ) ;
#9674 = CARTESIAN_POINT ( 'NONE',  ( 3.600000000000000100, 5.100000000000001400, -2.599999999999999600 ) ) ;
#9675 = DIRECTION ( 'NONE',  ( 0.0000000000000000000, 1.457750820148577400E-016, -1.000000000000000000 ) ) ;
#9676 = VECTOR ( 'NONE', #9675, 1000.000000000000000 ) ;
#9677 = CARTESIAN_POINT ( 'NONE',  ( 3.600000000000000100, 5.099999999999999600, -2.849999999999999600 ) ) ;
#9678 = LINE ( 'NONE', #9677, #9676 ) ;
#9679 = DIRECTION ( 'NONE',  ( -1.000000000000000000, 0.0000000000000000000, 0.0000000000000000000 ) ) ;
#9680 = VECTOR ( 'NONE', #9679, 1000.000000000000000 ) ;
#9681 = CARTESIAN_POINT ( 'NONE',  ( -7.049999999999998900, 2.099999999999999600, -0.4000000000000006300 ) ) ;
#9682 = LINE ( 'NONE', #9681, #9680 ) ;
#9683 = CARTESIAN_POINT ( 'NONE',  ( -3.400000000000000400, 2.099999999999999600, -0.4000000000000006300 ) ) ;
#9684 = DIRECTION ( 'NONE',  ( 0.0000000000000000000, -0.0000000000000000000, 1.000000000000000000 ) ) ;
#9685 = DIRECTION ( 'NONE',  ( 0.0000000000000000000, 1.457750820148577400E-016, -1.000000000000000000 ) ) ;
#9686 = VECTOR ( 'NONE', #9685, 1000.000000000000000 ) ;
#9687 = CARTESIAN_POINT ( 'NONE',  ( 0.3999999999999993000, 5.099999999999999600, -2.849999999999999600 ) ) ;
#9688 = LINE ( 'NONE', #9687, #9686 ) ;
#9689 = CARTESIAN_POINT ( 'NONE',  ( 4.599999999999998800, 5.100000000000001400, -2.599999999999999600 ) ) ;
#9690 = DIRECTION ( 'NONE',  ( 0.0000000000000000000, 1.457750820148577400E-016, -1.000000000000000000 ) ) ;
#9691 = VECTOR ( 'NONE', #9690, 1000.000000000000000 ) ;
#9692 = CARTESIAN_POINT ( 'NONE',  ( 4.599999999999998800, 5.099999999999999600, -2.849999999999999600 ) ) ;
#9693 = LINE ( 'NONE', #9692, #9691 ) ;
#9694 = CARTESIAN_POINT ( 'NONE',  ( 5.399999999999999500, 5.100000000000001400, -2.599999999999999600 ) ) ;
#9695 = CARTESIAN_POINT ( 'NONE',  ( 2.399999999999999900, 5.100000000000001400, -2.599999999999999600 ) ) ;
#9696 = DIRECTION ( 'NONE',  ( -1.000000000000000000, -0.0000000000000000000, -0.0000000000000000000 ) ) ;
#9697 = VECTOR ( 'NONE', #9696, 1000.000000000000000 ) ;
#9698 = CARTESIAN_POINT ( 'NONE',  ( 2.600000000000000100, 5.100000000000001400, -2.599999999999999600 ) ) ;
#9699 = LINE ( 'NONE', #9698, #9697 ) ;
#9700 = CARTESIAN_POINT ( 'NONE',  ( 3.399999999999999900, 5.100000000000001400, -2.599999999999999600 ) ) ;
#9701 = DIRECTION ( 'NONE',  ( -1.000000000000000000, -0.0000000000000000000, -0.0000000000000000000 ) ) ;
#9702 = VECTOR ( 'NONE', #9701, 1000.000000000000000 ) ;
#9703 = CARTESIAN_POINT ( 'NONE',  ( 3.600000000000000100, 5.100000000000001400, -2.599999999999999600 ) ) ;
#9704 = LINE ( 'NONE', #9703, #9702 ) ;
#9705 = CARTESIAN_POINT ( 'NONE',  ( 0.3999999999999995800, 5.100000000000001400, -2.599999999999999600 ) ) ;
#9706 = DIRECTION ( 'NONE',  ( -1.000000000000000000, -0.0000000000000000000, -0.0000000000000000000 ) ) ;
#9707 = VECTOR ( 'NONE', #9706, 1000.000000000000000 ) ;
#9708 = CARTESIAN_POINT ( 'NONE',  ( 0.5999999999999996400, 5.100000000000001400, -2.599999999999999600 ) ) ;
#9709 = LINE ( 'NONE', #9708, #9707 ) ;
#9710 = DIRECTION ( 'NONE',  ( 0.0000000000000000000, 1.457750820148577400E-016, -1.000000000000000000 ) ) ;
#9711 = VECTOR ( 'NONE', #9710, 1000.000000000000000 ) ;
#9712 = CARTESIAN_POINT ( 'NONE',  ( 1.399999999999999200, 5.099999999999999600, -2.849999999999999600 ) ) ;
#9713 = LINE ( 'NONE', #9712, #9711 ) ;
#9714 = CARTESIAN_POINT ( 'NONE',  ( 1.599999999999999600, 5.100000000000001400, -2.599999999999999600 ) ) ;
#9715 = DIRECTION ( 'NONE',  ( 0.0000000000000000000, 1.457750820148577400E-016, -1.000000000000000000 ) ) ;
#9716 = VECTOR ( 'NONE', #9715, 1000.000000000000000 ) ;
#9717 = CARTESIAN_POINT ( 'NONE',  ( 1.599999999999999900, 5.099999999999999600, -2.849999999999999600 ) ) ;
#9718 = LINE ( 'NONE', #9779, #9778 ) ;
#9719 = DIRECTION ( 'NONE',  ( -1.000000000000000000, -0.0000000000000000000, -0.0000000000000000000 ) ) ;
#9720 = VECTOR ( 'NONE', #9719, 1000.000000000000000 ) ;
#9721 = CARTESIAN_POINT ( 'NONE',  ( -0.4000000000000005200, 4.850000000000000500, -2.850000000000000100 ) ) ;
#9722 = LINE ( 'NONE', #9721, #9720 ) ;
#9723 = CARTESIAN_POINT ( 'NONE',  ( 2.600000000000000100, 5.099999999999999600, -2.849999999999999600 ) ) ;
#9724 = DIRECTION ( 'NONE',  ( 0.0000000000000000000, -1.000000000000000000, 0.0000000000000000000 ) ) ;
#9725 = VECTOR ( 'NONE', #9724, 1000.000000000000000 ) ;
#9726 = CARTESIAN_POINT ( 'NONE',  ( 2.600000000000000100, -2.256949153578792000E-033, -2.849999999999999600 ) ) ;
#9727 = LINE ( 'NONE', #9726, #9725 ) ;
#9728 = DIRECTION ( 'NONE',  ( -1.000000000000000000, -0.0000000000000000000, -0.0000000000000000000 ) ) ;
#9729 = VECTOR ( 'NONE', #9728, 1000.000000000000000 ) ;
#9730 = CARTESIAN_POINT ( 'NONE',  ( 1.599999999999999600, 5.100000000000001400, -2.599999999999999600 ) ) ;
#9731 = LINE ( 'NONE', #9730, #9729 ) ;
#9732 = DIRECTION ( 'NONE',  ( 0.0000000000000000000, 1.457750820148577400E-016, -1.000000000000000000 ) ) ;
#9733 = VECTOR ( 'NONE', #9732, 1000.000000000000000 ) ;
#9734 = CARTESIAN_POINT ( 'NONE',  ( 2.399999999999999500, 5.099999999999999600, -2.849999999999999600 ) ) ;
#9735 = LINE ( 'NONE', #9734, #9733 ) ;
#9736 = DIRECTION ( 'NONE',  ( 0.0000000000000000000, 1.457750820148577400E-016, -1.000000000000000000 ) ) ;
#9737 = VECTOR ( 'NONE', #9736, 1000.000000000000000 ) ;
#9738 = CARTESIAN_POINT ( 'NONE',  ( 3.400000000000000400, 5.099999999999999600, -2.849999999999999600 ) ) ;
#9739 = LINE ( 'NONE', #9738, #9737 ) ;
#9740 = CARTESIAN_POINT ( 'NONE',  ( 4.399999999999999500, 5.100000000000001400, -2.599999999999999600 ) ) ;
#9741 = DIRECTION ( 'NONE',  ( -1.000000000000000000, -0.0000000000000000000, -0.0000000000000000000 ) ) ;
#9742 = VECTOR ( 'NONE', #9741, 1000.000000000000000 ) ;
#9743 = CARTESIAN_POINT ( 'NONE',  ( 4.599999999999998800, 5.100000000000001400, -2.599999999999999600 ) ) ;
#9744 = LINE ( 'NONE', #9743, #9742 ) ;
#9745 = DIRECTION ( 'NONE',  ( 0.0000000000000000000, 1.457750820148577400E-016, -1.000000000000000000 ) ) ;
#9746 = VECTOR ( 'NONE', #9745, 1000.000000000000000 ) ;
#9747 = CARTESIAN_POINT ( 'NONE',  ( 5.399999999999999500, 5.099999999999999600, -2.849999999999999600 ) ) ;
#9748 = LINE ( 'NONE', #9747, #9746 ) ;
#9749 = CARTESIAN_POINT ( 'NONE',  ( -2.400000000000001200, 5.099999999999999600, -2.849999999999999600 ) ) ;
#9750 = DIRECTION ( 'NONE',  ( 0.0000000000000000000, -1.000000000000000000, 0.0000000000000000000 ) ) ;
#9751 = VECTOR ( 'NONE', #9750, 1000.000000000000000 ) ;
#9752 = CARTESIAN_POINT ( 'NONE',  ( -2.400000000000001200, -2.256949153578792000E-033, -2.849999999999999600 ) ) ;
#9753 = LINE ( 'NONE', #9752, #9751 ) ;
#9754 = CARTESIAN_POINT ( 'NONE',  ( -2.600000000000001000, 4.850000000000000500, -2.850000000000000100 ) ) ;
#9755 = CARTESIAN_POINT ( 'NONE',  ( 4.599999999999997900, 2.099999999999999600, -0.9000000000000002400 ) ) ;
#9756 = DIRECTION ( 'NONE',  ( -1.000000000000000000, -0.0000000000000000000, -0.0000000000000000000 ) ) ;
#9757 = VECTOR ( 'NONE', #9756, 1000.000000000000000 ) ;
#9758 = CARTESIAN_POINT ( 'NONE',  ( 4.599999999999998800, 2.099999999999999600, -0.9000000000000003600 ) ) ;
#9759 = LINE ( 'NONE', #9758, #9757 ) ;
#9760 = DIRECTION ( 'NONE',  ( 0.0000000000000000000, 0.0000000000000000000, 1.000000000000000000 ) ) ;
#9761 = VECTOR ( 'NONE', #9760, 1000.000000000000000 ) ;
#9762 = CARTESIAN_POINT ( 'NONE',  ( 3.400000000000000400, 2.099999999999999600, -2.100000000000001000 ) ) ;
#9763 = LINE ( 'NONE', #9762, #9761 ) ;
#9764 = CARTESIAN_POINT ( 'NONE',  ( 3.399999999999999900, 2.099999999999999600, 0.8999999999999999100 ) ) ;
#9765 = CARTESIAN_POINT ( 'NONE',  ( 2.399999999999999500, 5.099999999999999600, -2.849999999999999600 ) ) ;
#9766 = DIRECTION ( 'NONE',  ( -1.000000000000000000, -0.0000000000000000000, -0.0000000000000000000 ) ) ;
#9767 = VECTOR ( 'NONE', #9766, 1000.000000000000000 ) ;
#9768 = CARTESIAN_POINT ( 'NONE',  ( 8.099999999999999600, 5.099999999999999600, -2.849999999999999600 ) ) ;
#9769 = LINE ( 'NONE', #9768, #9767 ) ;
#9770 = CARTESIAN_POINT ( 'NONE',  ( 0.3999999999999995800, 4.850000000000000500, -2.849999999999999600 ) ) ;
#9771 = CARTESIAN_POINT ( 'NONE',  ( -0.4000000000000005200, 4.850000000000000500, -2.850000000000000100 ) ) ;
#9772 = CARTESIAN_POINT ( 'NONE',  ( 1.399999999999999500, 4.850000000000000500, -2.849999999999999600 ) ) ;
#9773 = DIRECTION ( 'NONE',  ( 0.0000000000000000000, -1.000000000000000000, 0.0000000000000000000 ) ) ;
#9774 = VECTOR ( 'NONE', #9773, 1000.000000000000000 ) ;
#9775 = CARTESIAN_POINT ( 'NONE',  ( 1.399999999999999200, -2.256949153578792000E-033, -2.849999999999999600 ) ) ;
#9776 = LINE ( 'NONE', #9775, #9774 ) ;
#9777 = DIRECTION ( 'NONE',  ( 0.0000000000000000000, -1.000000000000000000, 0.0000000000000000000 ) ) ;
#9778 = VECTOR ( 'NONE', #9777, 1000.000000000000000 ) ;
#9779 = CARTESIAN_POINT ( 'NONE',  ( 0.3999999999999993000, -2.256949153578792000E-033, -2.849999999999999600 ) ) ;
#9780 = CARTESIAN_POINT ( 'NONE',  ( 3.600000000000001000, 2.099999999999999600, 0.9000000000000002400 ) ) ;
#9781 = DIRECTION ( 'NONE',  ( 0.0000000000000000000, 0.0000000000000000000, 1.000000000000000000 ) ) ;
#9782 = VECTOR ( 'NONE', #9781, 1000.000000000000000 ) ;
#9783 = CARTESIAN_POINT ( 'NONE',  ( 3.600000000000001000, 2.099999999999999600, -2.100000000000001000 ) ) ;
#9784 = LINE ( 'NONE', #9783, #9782 ) ;
#9785 = CARTESIAN_POINT ( 'NONE',  ( -2.400000000000001200, 4.850000000000000500, -2.850000000000000100 ) ) ;
#9786 = DIRECTION ( 'NONE',  ( -1.000000000000000000, -0.0000000000000000000, -0.0000000000000000000 ) ) ;
#9787 = VECTOR ( 'NONE', #9786, 1000.000000000000000 ) ;
#9788 = CARTESIAN_POINT ( 'NONE',  ( -2.400000000000001200, 4.850000000000000500, -2.850000000000000100 ) ) ;
#9789 = LINE ( 'NONE', #9788, #9787 ) ;
#9790 = DIRECTION ( 'NONE',  ( -1.000000000000000000, 0.0000000000000000000, 0.0000000000000000000 ) ) ;
#9791 = VECTOR ( 'NONE', #9790, 1000.000000000000000 ) ;
#9792 = CARTESIAN_POINT ( 'NONE',  ( -7.049999999999998900, 2.099999999999999600, 0.9000000000000002400 ) ) ;
#9793 = LINE ( 'NONE', #9792, #9791 ) ;
#9794 = CARTESIAN_POINT ( 'NONE',  ( -1.400000000000000400, 4.850000000000000500, -2.850000000000000100 ) ) ;
#9795 = DIRECTION ( 'NONE',  ( -1.000000000000000000, -0.0000000000000000000, -0.0000000000000000000 ) ) ;
#9796 = VECTOR ( 'NONE', #9795, 1000.000000000000000 ) ;
#9797 = CARTESIAN_POINT ( 'NONE',  ( -1.400000000000000400, 4.850000000000000500, -2.850000000000000100 ) ) ;
#9798 = LINE ( 'NONE', #9797, #9796 ) ;
#9799 = CARTESIAN_POINT ( 'NONE',  ( -1.600000000000000500, 4.850000000000000500, -2.850000000000000100 ) ) ;
#9800 = DIRECTION ( 'NONE',  ( 0.0000000000000000000, -1.000000000000000000, 0.0000000000000000000 ) ) ;
#9801 = VECTOR ( 'NONE', #9800, 1000.000000000000000 ) ;
#9802 = CARTESIAN_POINT ( 'NONE',  ( -1.600000000000000800, -2.256949153578792000E-033, -2.849999999999999600 ) ) ;
#9803 = LINE ( 'NONE', #9802, #9801 ) ;
#9804 = CARTESIAN_POINT ( 'NONE',  ( -1.600000000000000800, 5.099999999999999600, -2.849999999999999600 ) ) ;
#9805 = DIRECTION ( 'NONE',  ( -1.000000000000000000, -0.0000000000000000000, -0.0000000000000000000 ) ) ;
#9806 = VECTOR ( 'NONE', #9805, 1000.000000000000000 ) ;
#9807 = CARTESIAN_POINT ( 'NONE',  ( 8.099999999999999600, 5.099999999999999600, -2.849999999999999600 ) ) ;
#9808 = LINE ( 'NONE', #9807, #9806 ) ;
#9809 = DIRECTION ( 'NONE',  ( 0.0000000000000000000, -1.000000000000000000, 0.0000000000000000000 ) ) ;
#9810 = VECTOR ( 'NONE', #9809, 1000.000000000000000 ) ;
#9811 = CARTESIAN_POINT ( 'NONE',  ( -2.600000000000001400, -2.256949153578792000E-033, -2.849999999999999600 ) ) ;
#9812 = LINE ( 'NONE', #9811, #9810 ) ;
#9813 = CARTESIAN_POINT ( 'NONE',  ( -3.400000000000000400, -2.256949153578792000E-033, -2.849999999999999600 ) ) ;
#9814 = DIRECTION ( 'NONE',  ( 0.0000000000000000000, -1.000000000000000000, 0.0000000000000000000 ) ) ;
#9815 = VECTOR ( 'NONE', #9814, 1000.000000000000000 ) ;
#9816 = CARTESIAN_POINT ( 'NONE',  ( 0.5999999999999998700, -2.256949153578792000E-033, -2.849999999999999600 ) ) ;
#9817 = LINE ( 'NONE', #9816, #9815 ) ;
#9818 = DIRECTION ( 'NONE',  ( 0.0000000000000000000, -1.000000000000000000, 0.0000000000000000000 ) ) ;
#9819 = DIRECTION ( 'NONE',  ( -1.000000000000000000, -0.0000000000000000000, -0.0000000000000000000 ) ) ;
#9820 = VECTOR ( 'NONE', #9819, 1000.000000000000000 ) ;
#9821 = CARTESIAN_POINT ( 'NONE',  ( 8.099999999999999600, 5.099999999999999600, -2.849999999999999600 ) ) ;
#9822 = LINE ( 'NONE', #9821, #9820 ) ;
#9823 = CARTESIAN_POINT ( 'NONE',  ( -0.6000000000000005300, 4.850000000000000500, -2.850000000000000100 ) ) ;
#9824 = CARTESIAN_POINT ( 'NONE',  ( 4.399999999999999500, 2.099999999999999600, -0.9000000000000002400 ) ) ;
#9825 = CARTESIAN_POINT ( 'NONE',  ( -1.400000000000000100, 5.099999999999999600, -2.849999999999999600 ) ) ;
#9826 = DIRECTION ( 'NONE',  ( 0.0000000000000000000, -1.000000000000000000, 0.0000000000000000000 ) ) ;
#9827 = VECTOR ( 'NONE', #9826, 1000.000000000000000 ) ;
#9828 = CARTESIAN_POINT ( 'NONE',  ( -1.400000000000000100, -2.256949153578792000E-033, -2.849999999999999600 ) ) ;
#9829 = LINE ( 'NONE', #9828, #9827 ) ;
#9830 = CARTESIAN_POINT ( 'NONE',  ( 3.400000000000000400, 5.099999999999999600, -2.849999999999999600 ) ) ;
#9831 = DIRECTION ( 'NONE',  ( -1.000000000000000000, -0.0000000000000000000, -0.0000000000000000000 ) ) ;
#9832 = VECTOR ( 'NONE', #9831, 1000.000000000000000 ) ;
#9833 = CARTESIAN_POINT ( 'NONE',  ( 8.099999999999999600, 5.099999999999999600, -2.849999999999999600 ) ) ;
#9834 = LINE ( 'NONE', #9833, #9832 ) ;
#9835 = CARTESIAN_POINT ( 'NONE',  ( 4.599999999999999600, 2.099999999999999600, 0.9000000000000002400 ) ) ;
#9836 = DIRECTION ( 'NONE',  ( 0.0000000000000000000, 0.0000000000000000000, 1.000000000000000000 ) ) ;
#9837 = VECTOR ( 'NONE', #9836, 1000.000000000000000 ) ;
#9838 = CARTESIAN_POINT ( 'NONE',  ( 4.599999999999997900, 2.099999999999999600, -2.100000000000001000 ) ) ;
#9839 = LINE ( 'NONE', #9838, #9837 ) ;
#9840 = CARTESIAN_POINT ( 'NONE',  ( 4.599999999999999600, 2.099999999999999600, 0.4000000000000001900 ) ) ;
#9841 = CARTESIAN_POINT ( 'NONE',  ( 4.399999999999999500, 2.099999999999999600, 0.4000000000000001900 ) ) ;
#9842 = DIRECTION ( 'NONE',  ( 1.000000000000000000, -0.0000000000000000000, 0.0000000000000000000 ) ) ;
#9843 = VECTOR ( 'NONE', #9842, 1000.000000000000000 ) ;
#9844 = CARTESIAN_POINT ( 'NONE',  ( -7.049999999999998900, 2.099999999999999600, 0.3999999999999997400 ) ) ;
#9845 = LINE ( 'NONE', #9844, #9843 ) ;
#9846 = CARTESIAN_POINT ( 'NONE',  ( 3.600000000000001000, 2.099999999999999600, 0.3999999999999997400 ) ) ;
#9847 = CARTESIAN_POINT ( 'NONE',  ( 3.400000000000000400, 2.099999999999999600, 0.3999999999999997400 ) ) ;
#9848 = CARTESIAN_POINT ( 'NONE',  ( -0.5999999999999998700, 5.099999999999999600, -2.849999999999999600 ) ) ;
#9849 = DIRECTION ( 'NONE',  ( -1.000000000000000000, -0.0000000000000000000, -0.0000000000000000000 ) ) ;
#9850 = VECTOR ( 'NONE', #9849, 1000.000000000000000 ) ;
#9851 = CARTESIAN_POINT ( 'NONE',  ( 8.099999999999999600, 5.099999999999999600, -2.849999999999999600 ) ) ;
#9852 = LINE ( 'NONE', #9851, #9850 ) ;
#9853 = DIRECTION ( 'NONE',  ( -1.000000000000000000, -0.0000000000000000000, -0.0000000000000000000 ) ) ;
#9854 = VECTOR ( 'NONE', #9853, 1000.000000000000000 ) ;
#9855 = CARTESIAN_POINT ( 'NONE',  ( 8.099999999999999600, 5.099999999999999600, -2.849999999999999600 ) ) ;
#9856 = LINE ( 'NONE', #9855, #9854 ) ;
#9857 = CARTESIAN_POINT ( 'NONE',  ( 1.599999999999999900, 5.099999999999999600, -2.849999999999999600 ) ) ;
#9858 = DIRECTION ( 'NONE',  ( 0.0000000000000000000, -1.000000000000000000, 0.0000000000000000000 ) ) ;
#9859 = VECTOR ( 'NONE', #9858, 1000.000000000000000 ) ;
#9860 = CARTESIAN_POINT ( 'NONE',  ( 1.599999999999999900, -2.256949153578792000E-033, -2.849999999999999600 ) ) ;
#9861 = LINE ( 'NONE', #9860, #9859 ) ;
#9862 = CARTESIAN_POINT ( 'NONE',  ( 1.399999999999999200, 5.099999999999999600, -2.849999999999999600 ) ) ;
#9863 = CARTESIAN_POINT ( 'NONE',  ( 2.399999999999999900, 4.850000000000000500, -2.849999999999999600 ) ) ;
#9864 = DIRECTION ( 'NONE',  ( 0.0000000000000000000, -1.000000000000000000, 0.0000000000000000000 ) ) ;
#9865 = VECTOR ( 'NONE', #9864, 1000.000000000000000 ) ;
#9866 = CARTESIAN_POINT ( 'NONE',  ( 2.399999999999999500, -2.256949153578792000E-033, -2.849999999999999600 ) ) ;
#9867 = LINE ( 'NONE', #9866, #9865 ) ;
#9868 = CARTESIAN_POINT ( 'NONE',  ( 0.5999999999999998700, 5.099999999999999600, -2.849999999999999600 ) ) ;
#9869 = CARTESIAN_POINT ( 'NONE',  ( 0.3999999999999993000, 5.099999999999999600, -2.849999999999999600 ) ) ;
#9870 = DIRECTION ( 'NONE',  ( 0.0000000000000000000, -1.000000000000000000, 0.0000000000000000000 ) ) ;
#9871 = VECTOR ( 'NONE', #9870, 1000.000000000000000 ) ;
#9872 = CARTESIAN_POINT ( 'NONE',  ( -0.5999999999999998700, -2.256949153578792000E-033, -2.849999999999999600 ) ) ;
#9873 = LINE ( 'NONE', #9872, #9871 ) ;
#9874 = CARTESIAN_POINT ( 'NONE',  ( 4.599999999999999600, 2.099999999999999600, -0.4000000000000004100 ) ) ;
#9875 = DIRECTION ( 'NONE',  ( 0.0000000000000000000, -0.0000000000000000000, 1.000000000000000000 ) ) ;
#9876 = VECTOR ( 'NONE', #9875, 1000.000000000000000 ) ;
#9877 = CARTESIAN_POINT ( 'NONE',  ( 4.599999999999997900, 2.099999999999999600, -2.100000000000001000 ) ) ;
#9878 = LINE ( 'NONE', #9877, #9876 ) ;
#9879 = CARTESIAN_POINT ( 'NONE',  ( 2.399999999999999500, 2.099999999999999600, 0.3999999999999997400 ) ) ;
#9880 = DIRECTION ( 'NONE',  ( 1.000000000000000000, -0.0000000000000000000, 0.0000000000000000000 ) ) ;
#9881 = VECTOR ( 'NONE', #9880, 1000.000000000000000 ) ;
#9882 = CARTESIAN_POINT ( 'NONE',  ( -7.049999999999998900, 2.099999999999999600, 0.3999999999999997400 ) ) ;
#9883 = LINE ( 'NONE', #9882, #9881 ) ;
#9884 = CARTESIAN_POINT ( 'NONE',  ( 7.799999999999999800, 3.599999999999999600, -2.849999999999999600 ) ) ;
#9885 = DIRECTION ( 'NONE',  ( 1.000000000000000000, 0.0000000000000000000, -0.0000000000000000000 ) ) ;
#9886 = VECTOR ( 'NONE', #9885, 1000.000000000000000 ) ;
#9887 = CARTESIAN_POINT ( 'NONE',  ( 8.099999999999999600, 3.599999999999999600, -2.849999999999999600 ) ) ;
#9888 = LINE ( 'NONE', #9887, #9886 ) ;
#9889 = CARTESIAN_POINT ( 'NONE',  ( 3.399999999999999900, 4.850000000000000500, -2.849999999999999600 ) ) ;
#9890 = CARTESIAN_POINT ( 'NONE',  ( 1.600000000000000800, 2.099999999999999600, 0.8999999999999998000 ) ) ;
#9891 = CARTESIAN_POINT ( 'NONE',  ( 2.600000000000000100, 2.099999999999999600, 0.3999999999999997400 ) ) ;
#9892 = CARTESIAN_POINT ( 'NONE',  ( 1.399999999999999500, 2.099999999999999600, 0.8999999999999998000 ) ) ;
#9893 = CARTESIAN_POINT ( 'NONE',  ( 7.599999999999999600, 5.099999999999999600, -2.849999999999999600 ) ) ;
#9894 = CARTESIAN_POINT ( 'NONE',  ( 2.600000000000000100, 4.850000000000000500, -2.849999999999999600 ) ) ;
#9895 = DIRECTION ( 'NONE',  ( -1.000000000000000000, -0.0000000000000000000, -0.0000000000000000000 ) ) ;
#9896 = VECTOR ( 'NONE', #9895, 1000.000000000000000 ) ;
#9897 = CARTESIAN_POINT ( 'NONE',  ( 2.600000000000000100, 4.850000000000000500, -2.849999999999999600 ) ) ;
#9898 = LINE ( 'NONE', #9897, #9896 ) ;
#9899 = DIRECTION ( 'NONE',  ( -1.000000000000000000, -0.0000000000000000000, -0.0000000000000000000 ) ) ;
#9900 = VECTOR ( 'NONE', #9899, 1000.000000000000000 ) ;
#9901 = CARTESIAN_POINT ( 'NONE',  ( 0.5999999999999996400, 4.850000000000000500, -2.849999999999999600 ) ) ;
#9902 = LINE ( 'NONE', #9901, #9900 ) ;
#9903 = CARTESIAN_POINT ( 'NONE',  ( -0.4000000000000010200, 5.099999999999999600, -2.849999999999999600 ) ) ;
#9904 = CARTESIAN_POINT ( 'NONE',  ( 1.599999999999999600, 4.850000000000000500, -2.849999999999999600 ) ) ;
#9905 = DIRECTION ( 'NONE',  ( -1.000000000000000000, -0.0000000000000000000, -0.0000000000000000000 ) ) ;
#9906 = VECTOR ( 'NONE', #9905, 1000.000000000000000 ) ;
#9907 = CARTESIAN_POINT ( 'NONE',  ( 1.599999999999999600, 4.850000000000000500, -2.849999999999999600 ) ) ;
#9908 = LINE ( 'NONE', #9907, #9906 ) ;
#9909 = CARTESIAN_POINT ( 'NONE',  ( 0.5999999999999996400, 4.850000000000000500, -2.849999999999999600 ) ) ;
#9910 = VECTOR ( 'NONE', #9973, 1000.000000000000000 ) ;
#9911 = CARTESIAN_POINT ( 'NONE',  ( 8.099999999999999600, 5.099999999999999600, -2.849999999999999600 ) ) ;
#9912 = LINE ( 'NONE', #9911, #9910 ) ;
#9913 = CARTESIAN_POINT ( 'NONE',  ( 4.399999999999999500, 4.850000000000000500, -2.849999999999999600 ) ) ;
#9914 = DIRECTION ( 'NONE',  ( 0.0000000000000000000, -1.000000000000000000, 0.0000000000000000000 ) ) ;
#9915 = VECTOR ( 'NONE', #9914, 1000.000000000000000 ) ;
#9916 = CARTESIAN_POINT ( 'NONE',  ( 4.399999999999999500, -2.256949153578792000E-033, -2.849999999999999600 ) ) ;
#9917 = LINE ( 'NONE', #9916, #9915 ) ;
#9918 = CARTESIAN_POINT ( 'NONE',  ( 6.599999999999998800, 5.099999999999999600, -2.849999999999999600 ) ) ;
#9919 = DIRECTION ( 'NONE',  ( 0.0000000000000000000, -1.000000000000000000, 0.0000000000000000000 ) ) ;
#9920 = VECTOR ( 'NONE', #9919, 1000.000000000000000 ) ;
#9921 = CARTESIAN_POINT ( 'NONE',  ( 6.599999999999998800, -2.256949153578792000E-033, -2.849999999999999600 ) ) ;
#9922 = LINE ( 'NONE', #9921, #9920 ) ;
#9923 = DIRECTION ( 'NONE',  ( 0.0000000000000000000, 0.0000000000000000000, 1.000000000000000000 ) ) ;
#9924 = VECTOR ( 'NONE', #9923, 1000.000000000000000 ) ;
#9925 = CARTESIAN_POINT ( 'NONE',  ( 1.400000000000000100, 2.099999999999999600, -2.100000000000001000 ) ) ;
#9926 = LINE ( 'NONE', #9925, #9924 ) ;
#9927 = DIRECTION ( 'NONE',  ( 0.0000000000000000000, -1.000000000000000000, 0.0000000000000000000 ) ) ;
#9928 = VECTOR ( 'NONE', #9927, 1000.000000000000000 ) ;
#9929 = CARTESIAN_POINT ( 'NONE',  ( 3.600000000000000100, -2.256949153578792000E-033, -2.849999999999999600 ) ) ;
#9930 = LINE ( 'NONE', #9929, #9928 ) ;
#9931 = CARTESIAN_POINT ( 'NONE',  ( 2.399999999999999500, 2.099999999999999600, -0.9000000000000002400 ) ) ;
#9932 = CARTESIAN_POINT ( 'NONE',  ( 2.600000000000000100, 2.099999999999999600, -0.9000000000000002400 ) ) ;
#9933 = CARTESIAN_POINT ( 'NONE',  ( 7.599999999999999600, 3.599999999999999600, -2.849999999999999600 ) ) ;
#9934 = DIRECTION ( 'NONE',  ( 0.0000000000000000000, 1.000000000000000000, 0.0000000000000000000 ) ) ;
#9935 = VECTOR ( 'NONE', #9934, 1000.000000000000000 ) ;
#9936 = CARTESIAN_POINT ( 'NONE',  ( 7.599999999999999600, -2.256949153578792000E-033, -2.849999999999999600 ) ) ;
#9937 = LINE ( 'NONE', #9936, #9935 ) ;
#9938 = CARTESIAN_POINT ( 'NONE',  ( 2.399999999999999900, 2.099999999999999600, 0.8999999999999999100 ) ) ;
#9939 = DIRECTION ( 'NONE',  ( -1.000000000000000000, 0.0000000000000000000, 0.0000000000000000000 ) ) ;
#9940 = VECTOR ( 'NONE', #9939, 1000.000000000000000 ) ;
#9941 = CARTESIAN_POINT ( 'NONE',  ( -7.049999999999998900, 2.099999999999999600, 0.9000000000000002400 ) ) ;
#9942 = LINE ( 'NONE', #9941, #9940 ) ;
#9943 = CARTESIAN_POINT ( 'NONE',  ( 2.600000000000000100, 2.099999999999999600, -2.100000000000001000 ) ) ;
#9944 = LINE ( 'NONE', #9943, #10006 ) ;
#9945 = DIRECTION ( 'NONE',  ( 0.0000000000000000000, -0.0000000000000000000, 1.000000000000000000 ) ) ;
#9946 = VECTOR ( 'NONE', #9945, 1000.000000000000000 ) ;
#9947 = CARTESIAN_POINT ( 'NONE',  ( 3.400000000000000400, 2.099999999999999600, -2.100000000000001000 ) ) ;
#9948 = LINE ( 'NONE', #9947, #9946 ) ;
#9949 = DIRECTION ( 'NONE',  ( 1.000000000000000000, -0.0000000000000000000, 0.0000000000000000000 ) ) ;
#9950 = VECTOR ( 'NONE', #9949, 1000.000000000000000 ) ;
#9951 = CARTESIAN_POINT ( 'NONE',  ( -7.049999999999998900, 2.099999999999999600, 0.4000000000000001900 ) ) ;
#9952 = LINE ( 'NONE', #9951, #9950 ) ;
#9953 = CARTESIAN_POINT ( 'NONE',  ( -0.5999999999999998700, -2.256949153578792400E-033, -2.850000000000000100 ) ) ;
#9954 = DIRECTION ( 'NONE',  ( 0.0000000000000000000, -0.0000000000000000000, 1.000000000000000000 ) ) ;
#9955 = VECTOR ( 'NONE', #9954, 1000.000000000000000 ) ;
#9956 = CARTESIAN_POINT ( 'NONE',  ( 4.399999999999999500, 2.099999999999999600, -2.100000000000001000 ) ) ;
#9957 = LINE ( 'NONE', #9956, #9955 ) ;
#9958 = CARTESIAN_POINT ( 'NONE',  ( 4.399999999999999500, 2.099999999999999600, -0.4000000000000004100 ) ) ;
#9959 = DIRECTION ( 'NONE',  ( 0.0000000000000000000, -1.000000000000000000, 0.0000000000000000000 ) ) ;
#9960 = VECTOR ( 'NONE', #9959, 1000.000000000000000 ) ;
#9961 = CARTESIAN_POINT ( 'NONE',  ( -0.4000000000000010200, -2.256949153578792000E-033, -2.849999999999999600 ) ) ;
#9962 = LINE ( 'NONE', #9961, #9960 ) ;
#9963 = DIRECTION ( 'NONE',  ( -1.000000000000000000, 0.0000000000000000000, 0.0000000000000000000 ) ) ;
#9964 = VECTOR ( 'NONE', #9963, 1000.000000000000000 ) ;
#9965 = CARTESIAN_POINT ( 'NONE',  ( -7.049999999999998900, 2.099999999999999600, -0.4000000000000004100 ) ) ;
#9966 = LINE ( 'NONE', #9965, #9964 ) ;
#9967 = CARTESIAN_POINT ( 'NONE',  ( 2.600000000000000100, 2.099999999999999600, 0.9000000000000002400 ) ) ;
#9968 = DIRECTION ( 'NONE',  ( 0.0000000000000000000, 0.0000000000000000000, 1.000000000000000000 ) ) ;
#9969 = VECTOR ( 'NONE', #9968, 1000.000000000000000 ) ;
#9970 = CARTESIAN_POINT ( 'NONE',  ( 2.600000000000000100, 2.099999999999999600, -2.100000000000001000 ) ) ;
#9971 = LINE ( 'NONE', #9970, #9969 ) ;
#9972 = CARTESIAN_POINT ( 'NONE',  ( 5.399999999999999500, 5.099999999999999600, -2.849999999999999600 ) ) ;
#9973 = DIRECTION ( 'NONE',  ( -1.000000000000000000, -0.0000000000000000000, -0.0000000000000000000 ) ) ;
#9974 = CARTESIAN_POINT ( 'NONE',  ( 6.399999999999999500, 4.850000000000000500, -2.849999999999999600 ) ) ;
#9975 = DIRECTION ( 'NONE',  ( -1.000000000000000000, -0.0000000000000000000, -0.0000000000000000000 ) ) ;
#9976 = VECTOR ( 'NONE', #9975, 1000.000000000000000 ) ;
#9977 = CARTESIAN_POINT ( 'NONE',  ( 3.600000000000000100, 4.850000000000000500, -2.849999999999999600 ) ) ;
#9978 = LINE ( 'NONE', #9977, #9976 ) ;
#9979 = CARTESIAN_POINT ( 'NONE',  ( 1.400000000000000100, 2.099999999999999600, 0.3999999999999997400 ) ) ;
#9980 = DIRECTION ( 'NONE',  ( 1.000000000000000000, -0.0000000000000000000, 0.0000000000000000000 ) ) ;
#9981 = VECTOR ( 'NONE', #9980, 1000.000000000000000 ) ;
#9982 = CARTESIAN_POINT ( 'NONE',  ( -7.049999999999998900, 2.099999999999999600, 0.3999999999999997400 ) ) ;
#9983 = LINE ( 'NONE', #9982, #9981 ) ;
#9984 = CARTESIAN_POINT ( 'NONE',  ( 4.399999999999999500, 5.099999999999999600, -2.849999999999999600 ) ) ;
#9985 = DIRECTION ( 'NONE',  ( -1.000000000000000000, -0.0000000000000000000, -0.0000000000000000000 ) ) ;
#9986 = VECTOR ( 'NONE', #9985, 1000.000000000000000 ) ;
#9987 = CARTESIAN_POINT ( 'NONE',  ( 8.099999999999999600, 5.099999999999999600, -2.849999999999999600 ) ) ;
#9988 = LINE ( 'NONE', #9987, #9986 ) ;
#9989 = CARTESIAN_POINT ( 'NONE',  ( 2.399999999999999900, 2.099999999999999600, -0.4000000000000004700 ) ) ;
#9990 = DIRECTION ( 'NONE',  ( -1.000000000000000000, 0.0000000000000000000, 0.0000000000000000000 ) ) ;
#9991 = VECTOR ( 'NONE', #9990, 1000.000000000000000 ) ;
#9992 = CARTESIAN_POINT ( 'NONE',  ( -7.049999999999998900, 2.099999999999999600, -0.4000000000000004100 ) ) ;
#9993 = LINE ( 'NONE', #9992, #9991 ) ;
#9994 = CARTESIAN_POINT ( 'NONE',  ( 5.599999999999998800, 4.850000000000000500, -2.849999999999999600 ) ) ;
#9995 = DIRECTION ( 'NONE',  ( -1.000000000000000000, -0.0000000000000000000, -0.0000000000000000000 ) ) ;
#9996 = VECTOR ( 'NONE', #9995, 1000.000000000000000 ) ;
#9997 = CARTESIAN_POINT ( 'NONE',  ( 5.599999999999998800, 4.850000000000000500, -2.849999999999999600 ) ) ;
#9998 = LINE ( 'NONE', #9997, #9996 ) ;
#9999 = CARTESIAN_POINT ( 'NONE',  ( 4.599999999999998800, 5.099999999999999600, -2.849999999999999600 ) ) ;
#10000 = DIRECTION ( 'NONE',  ( 0.0000000000000000000, -1.000000000000000000, 0.0000000000000000000 ) ) ;
#10001 = VECTOR ( 'NONE', #10000, 1000.000000000000000 ) ;
#10002 = CARTESIAN_POINT ( 'NONE',  ( 4.599999999999998800, -2.256949153578792000E-033, -2.849999999999999600 ) ) ;
#10003 = LINE ( 'NONE', #10002, #10001 ) ;
#10004 = CARTESIAN_POINT ( 'NONE',  ( 2.600000000000000100, 2.099999999999999600, -0.4000000000000004100 ) ) ;
#10005 = DIRECTION ( 'NONE',  ( 0.0000000000000000000, -0.0000000000000000000, 1.000000000000000000 ) ) ;
#10006 = VECTOR ( 'NONE', #10005, 1000.000000000000000 ) ;
#10007 = CARTESIAN_POINT ( 'NONE',  ( 8.099999999999999600, -2.256949153578792000E-033, -2.849999999999999600 ) ) ;
#10008 = LINE ( 'NONE', #10007, #10069 ) ;
#10009 = CARTESIAN_POINT ( 'NONE',  ( 4.399999999999999500, 0.2500000000000014400, -2.849999999999999600 ) ) ;
#10010 = DIRECTION ( 'NONE',  ( -1.000000000000000000, -0.0000000000000000000, -0.0000000000000000000 ) ) ;
#10011 = VECTOR ( 'NONE', #10010, 1000.000000000000000 ) ;
#10012 = CARTESIAN_POINT ( 'NONE',  ( 8.099999999999999600, 5.099999999999999600, -2.849999999999999600 ) ) ;
#10013 = LINE ( 'NONE', #10012, #10011 ) ;
#10014 = CARTESIAN_POINT ( 'NONE',  ( 3.600000000000000100, 5.099999999999999600, -2.849999999999999600 ) ) ;
#10015 = CARTESIAN_POINT ( 'NONE',  ( 1.600000000000000800, 2.099999999999999600, 0.3999999999999997400 ) ) ;
#10016 = CARTESIAN_POINT ( 'NONE',  ( 4.599999999999998800, 4.850000000000000500, -2.849999999999999600 ) ) ;
#10017 = DIRECTION ( 'NONE',  ( -1.000000000000000000, -0.0000000000000000000, -0.0000000000000000000 ) ) ;
#10018 = VECTOR ( 'NONE', #10017, 1000.000000000000000 ) ;
#10019 = CARTESIAN_POINT ( 'NONE',  ( 4.599999999999998800, 4.850000000000000500, -2.849999999999999600 ) ) ;
#10020 = LINE ( 'NONE', #10019, #10018 ) ;
#10021 = DIRECTION ( 'NONE',  ( 0.0000000000000000000, -0.0000000000000000000, 1.000000000000000000 ) ) ;
#10022 = VECTOR ( 'NONE', #10021, 1000.000000000000000 ) ;
#10023 = CARTESIAN_POINT ( 'NONE',  ( 2.399999999999999500, 2.099999999999999600, -2.100000000000001000 ) ) ;
#10024 = LINE ( 'NONE', #10023, #10022 ) ;
#10025 = DIRECTION ( 'NONE',  ( -1.000000000000000000, -0.0000000000000000000, -0.0000000000000000000 ) ) ;
#10026 = VECTOR ( 'NONE', #10025, 1000.000000000000000 ) ;
#10027 = CARTESIAN_POINT ( 'NONE',  ( 2.600000000000000100, 2.099999999999999600, -0.9000000000000003600 ) ) ;
#10028 = LINE ( 'NONE', #10027, #10026 ) ;
#10029 = CARTESIAN_POINT ( 'NONE',  ( 6.599999999999998800, 4.850000000000000500, -2.849999999999999600 ) ) ;
#10030 = DIRECTION ( 'NONE',  ( -1.000000000000000000, -0.0000000000000000000, -0.0000000000000000000 ) ) ;
#10031 = VECTOR ( 'NONE', #10030, 1000.000000000000000 ) ;
#10032 = CARTESIAN_POINT ( 'NONE',  ( 6.599999999999998800, 4.850000000000000500, -2.849999999999999600 ) ) ;
#10033 = LINE ( 'NONE', #10032, #10031 ) ;
#10034 = DIRECTION ( 'NONE',  ( -1.000000000000000000, 0.0000000000000000000, 0.0000000000000000000 ) ) ;
#10035 = VECTOR ( 'NONE', #10034, 1000.000000000000000 ) ;
#10036 = CARTESIAN_POINT ( 'NONE',  ( -7.049999999999998900, 2.099999999999999600, 0.8999999999999998000 ) ) ;
#10037 = LINE ( 'NONE', #10036, #10035 ) ;
#10038 = CARTESIAN_POINT ( 'NONE',  ( 3.600000000000001000, 2.099999999999999600, -0.9000000000000002400 ) ) ;
#10039 = LINE ( 'NONE', #10102, #10101 ) ;
#10040 = DIRECTION ( 'NONE',  ( -1.000000000000000000, -0.0000000000000000000, -0.0000000000000000000 ) ) ;
#10041 = VECTOR ( 'NONE', #10040, 1000.000000000000000 ) ;
#10042 = CARTESIAN_POINT ( 'NONE',  ( 3.600000000000000100, 2.099999999999999600, -0.9000000000000003600 ) ) ;
#10043 = LINE ( 'NONE', #10042, #10041 ) ;
#10044 = DIRECTION ( 'NONE',  ( 0.0000000000000000000, 0.0000000000000000000, 1.000000000000000000 ) ) ;
#10045 = VECTOR ( 'NONE', #10044, 1000.000000000000000 ) ;
#10046 = CARTESIAN_POINT ( 'NONE',  ( 2.399999999999999500, 2.099999999999999600, -2.100000000000001000 ) ) ;
#10047 = LINE ( 'NONE', #10046, #10045 ) ;
#10048 = DIRECTION ( 'NONE',  ( 0.0000000000000000000, 0.0000000000000000000, 1.000000000000000000 ) ) ;
#10049 = VECTOR ( 'NONE', #10048, 1000.000000000000000 ) ;
#10050 = CARTESIAN_POINT ( 'NONE',  ( 1.599999999999999000, 2.099999999999999600, -2.100000000000001000 ) ) ;
#10051 = LINE ( 'NONE', #10050, #10049 ) ;
#10052 = CARTESIAN_POINT ( 'NONE',  ( 3.399999999999999900, 0.2500000000000014400, -2.849999999999999600 ) ) ;
#10053 = DIRECTION ( 'NONE',  ( -1.000000000000000000, -0.0000000000000000000, -0.0000000000000000000 ) ) ;
#10054 = VECTOR ( 'NONE', #10053, 1000.000000000000000 ) ;
#10055 = CARTESIAN_POINT ( 'NONE',  ( 3.600000000000000100, 0.2500000000000014400, -2.849999999999999600 ) ) ;
#10056 = LINE ( 'NONE', #10055, #10054 ) ;
#10057 = CARTESIAN_POINT ( 'NONE',  ( 7.799999999999999800, 5.099999999999999600, -2.849999999999999600 ) ) ;
#10058 = CARTESIAN_POINT ( 'NONE',  ( 6.399999999999999500, 0.2500000000000014400, -2.849999999999999600 ) ) ;
#10059 = DIRECTION ( 'NONE',  ( -1.000000000000000000, -0.0000000000000000000, -0.0000000000000000000 ) ) ;
#10060 = VECTOR ( 'NONE', #10059, 1000.000000000000000 ) ;
#10061 = CARTESIAN_POINT ( 'NONE',  ( 6.599999999999998800, 0.2500000000000014400, -2.849999999999999600 ) ) ;
#10062 = LINE ( 'NONE', #10061, #10060 ) ;
#10063 = CARTESIAN_POINT ( 'NONE',  ( 3.600000000000000100, 0.2500000000000014400, -2.849999999999999600 ) ) ;
#10064 = DIRECTION ( 'NONE',  ( 0.0000000000000000000, -1.000000000000000000, 0.0000000000000000000 ) ) ;
#10065 = VECTOR ( 'NONE', #10064, 1000.000000000000000 ) ;
#10066 = CARTESIAN_POINT ( 'NONE',  ( 3.600000000000000100, -2.256949153578792000E-033, -2.849999999999999600 ) ) ;
#10067 = LINE ( 'NONE', #10066, #10065 ) ;
#10068 = DIRECTION ( 'NONE',  ( -1.000000000000000000, -0.0000000000000000000, -0.0000000000000000000 ) ) ;
#10069 = VECTOR ( 'NONE', #10068, 1000.000000000000000 ) ;
#10070 = LINE ( 'NONE', #9813, #10386 ) ;
#10071 = CARTESIAN_POINT ( 'NONE',  ( 6.399999999999999500, -2.256949153578792000E-033, -2.849999999999999600 ) ) ;
#10072 = LINE ( 'NONE', #10071, #9037 ) ;
#10073 = CARTESIAN_POINT ( 'NONE',  ( 3.399999999999999900, 2.099999999999999600, -0.4000000000000004700 ) ) ;
#10074 = DIRECTION ( 'NONE',  ( -1.000000000000000000, 0.0000000000000000000, 0.0000000000000000000 ) ) ;
#10075 = VECTOR ( 'NONE', #10074, 1000.000000000000000 ) ;
#10076 = CARTESIAN_POINT ( 'NONE',  ( -7.049999999999998900, 2.099999999999999600, -0.4000000000000004100 ) ) ;
#10077 = LINE ( 'NONE', #10076, #10075 ) ;
#10078 = CARTESIAN_POINT ( 'NONE',  ( 6.399999999999999500, 5.099999999999999600, -2.849999999999999600 ) ) ;
#10079 = DIRECTION ( 'NONE',  ( -1.000000000000000000, -0.0000000000000000000, -0.0000000000000000000 ) ) ;
#10080 = VECTOR ( 'NONE', #10079, 1000.000000000000000 ) ;
#10081 = CARTESIAN_POINT ( 'NONE',  ( 8.099999999999999600, 5.099999999999999600, -2.849999999999999600 ) ) ;
#10082 = LINE ( 'NONE', #10081, #10080 ) ;
#10083 = CARTESIAN_POINT ( 'NONE',  ( 5.399999999999999500, 4.850000000000000500, -2.849999999999999600 ) ) ;
#10084 = DIRECTION ( 'NONE',  ( 0.0000000000000000000, -1.000000000000000000, 0.0000000000000000000 ) ) ;
#10085 = VECTOR ( 'NONE', #10084, 1000.000000000000000 ) ;
#10086 = CARTESIAN_POINT ( 'NONE',  ( 5.399999999999999500, -2.256949153578792000E-033, -2.849999999999999600 ) ) ;
#10087 = LINE ( 'NONE', #10086, #10085 ) ;
#10088 = CARTESIAN_POINT ( 'NONE',  ( 3.600000000000000100, 4.850000000000000500, -2.849999999999999600 ) ) ;
#10089 = CARTESIAN_POINT ( 'NONE',  ( 3.600000000000001000, 2.099999999999999600, -0.4000000000000004100 ) ) ;
#10090 = DIRECTION ( 'NONE',  ( 0.0000000000000000000, -0.0000000000000000000, 1.000000000000000000 ) ) ;
#10091 = VECTOR ( 'NONE', #10090, 1000.000000000000000 ) ;
#10092 = CARTESIAN_POINT ( 'NONE',  ( 3.600000000000001000, 2.099999999999999600, -2.100000000000001000 ) ) ;
#10093 = LINE ( 'NONE', #10092, #10091 ) ;
#10094 = DIRECTION ( 'NONE',  ( 0.0000000000000000000, -1.000000000000000000, 0.0000000000000000000 ) ) ;
#10095 = VECTOR ( 'NONE', #10094, 1000.000000000000000 ) ;
#10096 = CARTESIAN_POINT ( 'NONE',  ( 3.400000000000000400, -2.256949153578792000E-033, -2.849999999999999600 ) ) ;
#10097 = LINE ( 'NONE', #10096, #10095 ) ;
#10098 = CARTESIAN_POINT ( 'NONE',  ( 5.599999999999998800, 5.099999999999999600, -2.849999999999999600 ) ) ;
#10099 = CARTESIAN_POINT ( 'NONE',  ( 3.400000000000000400, 2.099999999999999600, -0.9000000000000002400 ) ) ;
#10100 = DIRECTION ( 'NONE',  ( 0.0000000000000000000, -1.000000000000000000, 0.0000000000000000000 ) ) ;
#10101 = VECTOR ( 'NONE', #10100, 1000.000000000000000 ) ;
#10102 = CARTESIAN_POINT ( 'NONE',  ( 5.599999999999998800, -2.256949153578792000E-033, -2.849999999999999600 ) ) ;
#10103 = LINE ( 'NONE', #10164, #10163 ) ;
#10104 = CARTESIAN_POINT ( 'NONE',  ( 6.399999999999999500, -2.256949153578792400E-033, -2.850000000000000100 ) ) ;
#10105 = DIRECTION ( 'NONE',  ( 0.0000000000000000000, -1.000000000000000000, 0.0000000000000000000 ) ) ;
#10106 = VECTOR ( 'NONE', #10105, 1000.000000000000000 ) ;
#10107 = CARTESIAN_POINT ( 'NONE',  ( 6.399999999999999500, -2.256949153578792000E-033, -2.849999999999999600 ) ) ;
#10108 = LINE ( 'NONE', #10107, #10106 ) ;
#10109 = CARTESIAN_POINT ( 'NONE',  ( 6.599999999999998800, -2.256949153578792400E-033, -2.850000000000000100 ) ) ;
#10110 = DIRECTION ( 'NONE',  ( 0.0000000000000000000, 1.000000000000000000, 0.0000000000000000000 ) ) ;
#10111 = VECTOR ( 'NONE', #10110, 1000.000000000000000 ) ;
#10112 = CARTESIAN_POINT ( 'NONE',  ( 8.099999999999999600, -2.256949153578792000E-033, -2.849999999999999600 ) ) ;
#10113 = LINE ( 'NONE', #10112, #10111 ) ;
#10114 = DIRECTION ( 'NONE',  ( 0.0000000000000000000, -1.000000000000000000, 0.0000000000000000000 ) ) ;
#10115 = VECTOR ( 'NONE', #10114, 1000.000000000000000 ) ;
#10116 = CARTESIAN_POINT ( 'NONE',  ( 4.399999999999999500, -2.256949153578792000E-033, -2.849999999999999600 ) ) ;
#10117 = LINE ( 'NONE', #10116, #10115 ) ;
#10118 = CARTESIAN_POINT ( 'NONE',  ( 0.5999999999999996400, 0.2500000000000014400, -2.849999999999999600 ) ) ;
#10119 = DIRECTION ( 'NONE',  ( 0.0000000000000000000, -1.000000000000000000, 0.0000000000000000000 ) ) ;
#10120 = VECTOR ( 'NONE', #10119, 1000.000000000000000 ) ;
#10121 = CARTESIAN_POINT ( 'NONE',  ( 0.5999999999999998700, -2.256949153578792000E-033, -2.849999999999999600 ) ) ;
#10122 = LINE ( 'NONE', #10121, #10120 ) ;
#10123 = DIRECTION ( 'NONE',  ( -1.000000000000000000, 0.0000000000000000000, 0.0000000000000000000 ) ) ;
#10124 = VECTOR ( 'NONE', #10123, 1000.000000000000000 ) ;
#10125 = CARTESIAN_POINT ( 'NONE',  ( -7.049999999999998900, 2.099999999999999600, 0.9000000000000002400 ) ) ;
#10126 = LINE ( 'NONE', #10125, #10124 ) ;
#10127 = CARTESIAN_POINT ( 'NONE',  ( 1.599999999999999900, -2.256949153578792400E-033, -2.850000000000000100 ) ) ;
#10128 = DIRECTION ( 'NONE',  ( 0.0000000000000000000, -0.0000000000000000000, 1.000000000000000000 ) ) ;
#10129 = VECTOR ( 'NONE', #10128, 1000.000000000000000 ) ;
#10130 = CARTESIAN_POINT ( 'NONE',  ( 1.400000000000000100, 2.099999999999999600, -2.100000000000001000 ) ) ;
#10131 = LINE ( 'NONE', #10130, #10129 ) ;
#10132 = DIRECTION ( 'NONE',  ( -1.000000000000000000, -0.0000000000000000000, -0.0000000000000000000 ) ) ;
#10133 = VECTOR ( 'NONE', #10132, 1000.000000000000000 ) ;
#10134 = CARTESIAN_POINT ( 'NONE',  ( 8.099999999999999600, -2.256949153578792000E-033, -2.849999999999999600 ) ) ;
#10135 = LINE ( 'NONE', #10134, #10133 ) ;
#10136 = CARTESIAN_POINT ( 'NONE',  ( 5.599999999999998800, 0.2500000000000014400, -2.849999999999999600 ) ) ;
#10137 = DIRECTION ( 'NONE',  ( 0.0000000000000000000, -1.000000000000000000, 0.0000000000000000000 ) ) ;
#10138 = VECTOR ( 'NONE', #10137, 1000.000000000000000 ) ;
#10139 = CARTESIAN_POINT ( 'NONE',  ( 5.599999999999998800, -2.256949153578792000E-033, -2.849999999999999600 ) ) ;
#10140 = LINE ( 'NONE', #10139, #10138 ) ;
#10141 = DIRECTION ( 'NONE',  ( 0.0000000000000000000, -1.000000000000000000, 0.0000000000000000000 ) ) ;
#10142 = VECTOR ( 'NONE', #10141, 1000.000000000000000 ) ;
#10143 = CARTESIAN_POINT ( 'NONE',  ( 6.599999999999998800, -2.256949153578792000E-033, -2.849999999999999600 ) ) ;
#10144 = LINE ( 'NONE', #10143, #10142 ) ;
#10145 = CARTESIAN_POINT ( 'NONE',  ( 4.599999999999998800, -2.256949153578792400E-033, -2.850000000000000100 ) ) ;
#10146 = DIRECTION ( 'NONE',  ( -1.000000000000000000, -0.0000000000000000000, -0.0000000000000000000 ) ) ;
#10147 = VECTOR ( 'NONE', #10146, 1000.000000000000000 ) ;
#10148 = CARTESIAN_POINT ( 'NONE',  ( 8.099999999999999600, -2.256949153578792000E-033, -2.849999999999999600 ) ) ;
#10149 = LINE ( 'NONE', #10148, #10147 ) ;
#10150 = CARTESIAN_POINT ( 'NONE',  ( 8.099999999999999600, 5.099999999999999600, -2.849999999999999600 ) ) ;
#10151 = DIRECTION ( 'NONE',  ( -1.000000000000000000, -0.0000000000000000000, -0.0000000000000000000 ) ) ;
#10152 = VECTOR ( 'NONE', #10151, 1000.000000000000000 ) ;
#10153 = CARTESIAN_POINT ( 'NONE',  ( 8.099999999999999600, 5.099999999999999600, -2.849999999999999600 ) ) ;
#10154 = LINE ( 'NONE', #10153, #10152 ) ;
#10155 = CARTESIAN_POINT ( 'NONE',  ( 5.399999999999999500, -2.256949153578792400E-033, -2.850000000000000100 ) ) ;
#10156 = DIRECTION ( 'NONE',  ( 0.0000000000000000000, -1.000000000000000000, 0.0000000000000000000 ) ) ;
#10157 = VECTOR ( 'NONE', #10156, 1000.000000000000000 ) ;
#10158 = CARTESIAN_POINT ( 'NONE',  ( 5.399999999999999500, -2.256949153578792000E-033, -2.849999999999999600 ) ) ;
#10159 = LINE ( 'NONE', #10158, #10157 ) ;
#10160 = CARTESIAN_POINT ( 'NONE',  ( 6.599999999999998800, 0.2500000000000014400, -2.849999999999999600 ) ) ;
#10161 = CARTESIAN_POINT ( 'NONE',  ( 3.600000000000000100, -2.256949153578792400E-033, -2.850000000000000100 ) ) ;
#10162 = DIRECTION ( 'NONE',  ( 0.0000000000000000000, 1.000000000000000000, 0.0000000000000000000 ) ) ;
#10163 = VECTOR ( 'NONE', #10162, 1000.000000000000000 ) ;
#10164 = CARTESIAN_POINT ( 'NONE',  ( 7.799999999999999800, -2.256949153578792000E-033, -2.849999999999999600 ) ) ;
#10165 = CARTESIAN_POINT ( 'NONE',  ( 5.400000000000000400, 2.099999999999999600, -0.9000000000000002400 ) ) ;
#10166 = DIRECTION ( 'NONE',  ( -1.000000000000000000, -0.0000000000000000000, -0.0000000000000000000 ) ) ;
#10167 = VECTOR ( 'NONE', #10166, 1000.000000000000000 ) ;
#10168 = CARTESIAN_POINT ( 'NONE',  ( 5.599999999999998800, 2.099999999999999600, -0.9000000000000002400 ) ) ;
#10169 = LINE ( 'NONE', #10168, #10167 ) ;
#10170 = CARTESIAN_POINT ( 'NONE',  ( 5.599999999999998800, 2.099999999999999600, 0.9000000000000002400 ) ) ;
#10171 = CARTESIAN_POINT ( 'NONE',  ( -0.4000000000000010200, -2.256949153578792400E-033, -2.850000000000000100 ) ) ;
#10172 = DIRECTION ( 'NONE',  ( -1.000000000000000000, -0.0000000000000000000, -0.0000000000000000000 ) ) ;
#10173 = VECTOR ( 'NONE', #10172, 1000.000000000000000 ) ;
#10174 = CARTESIAN_POINT ( 'NONE',  ( 8.099999999999999600, -2.256949153578792000E-033, -2.849999999999999600 ) ) ;
#10175 = LINE ( 'NONE', #10174, #10173 ) ;
#10176 = CARTESIAN_POINT ( 'NONE',  ( 0.3999999999999993000, -2.256949153578792400E-033, -2.850000000000000100 ) ) ;
#10177 = DIRECTION ( 'NONE',  ( -1.000000000000000000, -0.0000000000000000000, -0.0000000000000000000 ) ) ;
#10178 = VECTOR ( 'NONE', #10177, 1000.000000000000000 ) ;
#10179 = CARTESIAN_POINT ( 'NONE',  ( 4.599999999999998800, 0.2500000000000014400, -2.849999999999999600 ) ) ;
#10180 = LINE ( 'NONE', #10179, #10178 ) ;
#10181 = CARTESIAN_POINT ( 'NONE',  ( 4.599999999999998800, 0.2500000000000014400, -2.849999999999999600 ) ) ;
#10182 = DIRECTION ( 'NONE',  ( 0.0000000000000000000, -1.000000000000000000, 0.0000000000000000000 ) ) ;
#10183 = VECTOR ( 'NONE', #10182, 1000.000000000000000 ) ;
#10184 = CARTESIAN_POINT ( 'NONE',  ( 4.599999999999998800, -2.256949153578792000E-033, -2.849999999999999600 ) ) ;
#10185 = LINE ( 'NONE', #10184, #10183 ) ;
#10186 = CARTESIAN_POINT ( 'NONE',  ( 8.099999999999999600, -2.256949153578792000E-033, -2.849999999999999600 ) ) ;
#10187 = CARTESIAN_POINT ( 'NONE',  ( 5.399999999999999500, 0.2500000000000014400, -2.849999999999999600 ) ) ;
#10188 = DIRECTION ( 'NONE',  ( -1.000000000000000000, -0.0000000000000000000, -0.0000000000000000000 ) ) ;
#10189 = VECTOR ( 'NONE', #10188, 1000.000000000000000 ) ;
#10190 = CARTESIAN_POINT ( 'NONE',  ( 5.599999999999998800, 0.2500000000000014400, -2.849999999999999600 ) ) ;
#10191 = LINE ( 'NONE', #10190, #10189 ) ;
#10192 = CARTESIAN_POINT ( 'NONE',  ( 5.599999999999998800, -2.256949153578792400E-033, -2.850000000000000100 ) ) ;
#10193 = DIRECTION ( 'NONE',  ( -1.000000000000000000, -0.0000000000000000000, -0.0000000000000000000 ) ) ;
#10194 = VECTOR ( 'NONE', #10193, 1000.000000000000000 ) ;
#10195 = CARTESIAN_POINT ( 'NONE',  ( 8.099999999999999600, -2.256949153578792000E-033, -2.849999999999999600 ) ) ;
#10196 = LINE ( 'NONE', #10195, #10194 ) ;
#10197 = CARTESIAN_POINT ( 'NONE',  ( 4.399999999999999500, -2.256949153578792400E-033, -2.850000000000000100 ) ) ;
#10198 = CARTESIAN_POINT ( 'NONE',  ( 2.399999999999999900, 0.2500000000000014400, -2.849999999999999600 ) ) ;
#10199 = DIRECTION ( 'NONE',  ( -1.000000000000000000, -0.0000000000000000000, -0.0000000000000000000 ) ) ;
#10200 = VECTOR ( 'NONE', #10199, 1000.000000000000000 ) ;
#10201 = CARTESIAN_POINT ( 'NONE',  ( 2.600000000000000100, 0.2500000000000014400, -2.849999999999999600 ) ) ;
#10202 = LINE ( 'NONE', #10201, #10200 ) ;
#10203 = CARTESIAN_POINT ( 'NONE',  ( 6.599999999999997900, 2.099999999999999600, 0.4000000000000001900 ) ) ;
#10204 = CARTESIAN_POINT ( 'NONE',  ( 1.399999999999999200, -2.256949153578792400E-033, -2.850000000000000100 ) ) ;
#10205 = DIRECTION ( 'NONE',  ( 0.0000000000000000000, -1.000000000000000000, 0.0000000000000000000 ) ) ;
#10206 = VECTOR ( 'NONE', #10205, 1000.000000000000000 ) ;
#10207 = CARTESIAN_POINT ( 'NONE',  ( 1.399999999999999200, -2.256949153578792000E-033, -2.849999999999999600 ) ) ;
#10208 = LINE ( 'NONE', #10207, #10206 ) ;
#10209 = CARTESIAN_POINT ( 'NONE',  ( 6.599999999999997900, 2.099999999999999600, -0.4000000000000004100 ) ) ;
#10210 = CARTESIAN_POINT ( 'NONE',  ( 6.399999999999999500, 2.099999999999999600, -0.9000000000000002400 ) ) ;
#10211 = DIRECTION ( 'NONE',  ( -1.000000000000000000, -0.0000000000000000000, -0.0000000000000000000 ) ) ;
#10212 = VECTOR ( 'NONE', #10211, 1000.000000000000000 ) ;
#10213 = CARTESIAN_POINT ( 'NONE',  ( 6.599999999999998800, 2.099999999999999600, -0.9000000000000002400 ) ) ;
#10214 = LINE ( 'NONE', #10213, #10212 ) ;
#10215 = DIRECTION ( 'NONE',  ( 0.0000000000000000000, -0.0000000000000000000, 1.000000000000000000 ) ) ;
#10216 = VECTOR ( 'NONE', #10215, 1000.000000000000000 ) ;
#10217 = CARTESIAN_POINT ( 'NONE',  ( 5.599999999999998800, 2.099999999999999600, -2.100000000000001000 ) ) ;
#10218 = LINE ( 'NONE', #10217, #10216 ) ;
#10219 = CARTESIAN_POINT ( 'NONE',  ( -0.6000000000000005300, 0.2500000000000014400, -2.850000000000000100 ) ) ;
#10220 = DIRECTION ( 'NONE',  ( -1.000000000000000000, -0.0000000000000000000, -0.0000000000000000000 ) ) ;
#10221 = VECTOR ( 'NONE', #10220, 1000.000000000000000 ) ;
#10222 = CARTESIAN_POINT ( 'NONE',  ( -0.4000000000000005200, 0.2500000000000014400, -2.850000000000000100 ) ) ;
#10223 = LINE ( 'NONE', #10222, #10221 ) ;
#10224 = DIRECTION ( 'NONE',  ( -1.000000000000000000, -0.0000000000000000000, -0.0000000000000000000 ) ) ;
#10225 = VECTOR ( 'NONE', #10224, 1000.000000000000000 ) ;
#10226 = CARTESIAN_POINT ( 'NONE',  ( 8.099999999999999600, -2.256949153578792000E-033, -2.849999999999999600 ) ) ;
#10227 = LINE ( 'NONE', #10226, #10225 ) ;
#10228 = CARTESIAN_POINT ( 'NONE',  ( 4.399999999999999500, 2.099999999999999600, 0.8999999999999999100 ) ) ;
#10229 = CARTESIAN_POINT ( 'NONE',  ( 5.599999999999998800, 2.099999999999999600, -0.4000000000000004100 ) ) ;
#10230 = CARTESIAN_POINT ( 'NONE',  ( -0.4000000000000005200, 0.2500000000000014400, -2.850000000000000100 ) ) ;
#10231 = DIRECTION ( 'NONE',  ( 0.0000000000000000000, -1.000000000000000000, 0.0000000000000000000 ) ) ;
#10232 = VECTOR ( 'NONE', #10231, 1000.000000000000000 ) ;
#10233 = CARTESIAN_POINT ( 'NONE',  ( -0.4000000000000010200, -2.256949153578792000E-033, -2.849999999999999600 ) ) ;
#10234 = LINE ( 'NONE', #10233, #10232 ) ;
#10235 = CARTESIAN_POINT ( 'NONE',  ( 5.399999999999999500, 2.099999999999999600, -0.4000000000000004100 ) ) ;
#10236 = DIRECTION ( 'NONE',  ( -1.000000000000000000, 0.0000000000000000000, 0.0000000000000000000 ) ) ;
#10237 = VECTOR ( 'NONE', #10236, 1000.000000000000000 ) ;
#10238 = CARTESIAN_POINT ( 'NONE',  ( -7.049999999999998900, 2.099999999999999600, -0.4000000000000004100 ) ) ;
#10239 = LINE ( 'NONE', #10238, #10237 ) ;
#10240 = CARTESIAN_POINT ( 'NONE',  ( 2.600000000000000100, 0.2500000000000014400, -2.849999999999999600 ) ) ;
#10241 = DIRECTION ( 'NONE',  ( 0.0000000000000000000, -1.000000000000000000, 0.0000000000000000000 ) ) ;
#10242 = VECTOR ( 'NONE', #10241, 1000.000000000000000 ) ;
#10243 = CARTESIAN_POINT ( 'NONE',  ( 2.600000000000000100, -2.256949153578792000E-033, -2.849999999999999600 ) ) ;
#10244 = LINE ( 'NONE', #10243, #10242 ) ;
#10245 = DIRECTION ( 'NONE',  ( -1.000000000000000000, 0.0000000000000000000, 0.0000000000000000000 ) ) ;
#10246 = VECTOR ( 'NONE', #10245, 1000.000000000000000 ) ;
#10247 = CARTESIAN_POINT ( 'NONE',  ( -7.049999999999998900, 2.099999999999999600, 0.9000000000000002400 ) ) ;
#10248 = LINE ( 'NONE', #10247, #10246 ) ;
#10249 = DIRECTION ( 'NONE',  ( 0.0000000000000000000, 0.0000000000000000000, 1.000000000000000000 ) ) ;
#10250 = VECTOR ( 'NONE', #10249, 1000.000000000000000 ) ;
#10251 = CARTESIAN_POINT ( 'NONE',  ( 6.599999999999999600, 2.099999999999999600, -2.100000000000001000 ) ) ;
#10252 = LINE ( 'NONE', #10251, #10250 ) ;
#10253 = CARTESIAN_POINT ( 'NONE',  ( 6.599999999999997900, 2.099999999999999600, 0.9000000000000002400 ) ) ;
#10254 = CARTESIAN_POINT ( 'NONE',  ( 6.399999999999999500, 2.099999999999999600, 0.4000000000000001900 ) ) ;
#10255 = DIRECTION ( 'NONE',  ( 1.000000000000000000, -0.0000000000000000000, 0.0000000000000000000 ) ) ;
#10256 = VECTOR ( 'NONE', #10255, 1000.000000000000000 ) ;
#10257 = CARTESIAN_POINT ( 'NONE',  ( -7.049999999999998900, 2.099999999999999600, 0.4000000000000001900 ) ) ;
#10258 = LINE ( 'NONE', #10257, #10256 ) ;
#10259 = CARTESIAN_POINT ( 'NONE',  ( 2.399999999999999500, -2.256949153578792400E-033, -2.850000000000000100 ) ) ;
#10260 = DIRECTION ( 'NONE',  ( 0.0000000000000000000, -1.000000000000000000, 0.0000000000000000000 ) ) ;
#10261 = VECTOR ( 'NONE', #10260, 1000.000000000000000 ) ;
#10262 = CARTESIAN_POINT ( 'NONE',  ( 2.399999999999999500, -2.256949153578792000E-033, -2.849999999999999600 ) ) ;
#10263 = LINE ( 'NONE', #10262, #10261 ) ;
#10264 = CARTESIAN_POINT ( 'NONE',  ( 6.399999999999999500, 2.099999999999999600, -0.4000000000000003600 ) ) ;
#10265 = DIRECTION ( 'NONE',  ( -1.000000000000000000, 0.0000000000000000000, 0.0000000000000000000 ) ) ;
#10266 = VECTOR ( 'NONE', #10265, 1000.000000000000000 ) ;
#10267 = CARTESIAN_POINT ( 'NONE',  ( -7.049999999999998900, 2.099999999999999600, -0.4000000000000004100 ) ) ;
#10268 = LINE ( 'NONE', #10267, #10266 ) ;
#10269 = CARTESIAN_POINT ( 'NONE',  ( 1.599999999999999600, 0.2500000000000014400, -2.849999999999999600 ) ) ;
#10270 = DIRECTION ( 'NONE',  ( 0.0000000000000000000, -1.000000000000000000, 0.0000000000000000000 ) ) ;
#10271 = VECTOR ( 'NONE', #10270, 1000.000000000000000 ) ;
#10272 = CARTESIAN_POINT ( 'NONE',  ( 1.599999999999999900, -2.256949153578792000E-033, -2.849999999999999600 ) ) ;
#10273 = LINE ( 'NONE', #10272, #10271 ) ;
#10274 = DIRECTION ( 'NONE',  ( 0.0000000000000000000, -0.0000000000000000000, 1.000000000000000000 ) ) ;
#10275 = VECTOR ( 'NONE', #10274, 1000.000000000000000 ) ;
#10276 = CARTESIAN_POINT ( 'NONE',  ( 6.599999999999999600, 2.099999999999999600, -2.100000000000001000 ) ) ;
#10277 = LINE ( 'NONE', #10276, #10275 ) ;
#10278 = CARTESIAN_POINT ( 'NONE',  ( 3.400000000000000400, -2.256949153578792400E-033, -2.850000000000000100 ) ) ;
#10279 = DIRECTION ( 'NONE',  ( -1.000000000000000000, 0.0000000000000000000, 0.0000000000000000000 ) ) ;
#10280 = VECTOR ( 'NONE', #10279, 1000.000000000000000 ) ;
#10281 = CARTESIAN_POINT ( 'NONE',  ( -7.049999999999998900, 2.099999999999999600, 0.9000000000000002400 ) ) ;
#10282 = LINE ( 'NONE', #10281, #10280 ) ;
#10283 = DIRECTION ( 'NONE',  ( -1.000000000000000000, -0.0000000000000000000, -0.0000000000000000000 ) ) ;
#10284 = VECTOR ( 'NONE', #10283, 1000.000000000000000 ) ;
#10285 = CARTESIAN_POINT ( 'NONE',  ( 8.099999999999999600, -2.256949153578792000E-033, -2.849999999999999600 ) ) ;
#10286 = LINE ( 'NONE', #10285, #10284 ) ;
#10287 = CARTESIAN_POINT ( 'NONE',  ( 5.599999999999998800, 2.099999999999999600, 0.4000000000000001900 ) ) ;
#10288 = DIRECTION ( 'NONE',  ( 1.000000000000000000, -0.0000000000000000000, 0.0000000000000000000 ) ) ;
#10289 = VECTOR ( 'NONE', #10288, 1000.000000000000000 ) ;
#10290 = CARTESIAN_POINT ( 'NONE',  ( -7.049999999999998900, 2.099999999999999600, 0.4000000000000001900 ) ) ;
#10291 = LINE ( 'NONE', #10290, #10289 ) ;
#10292 = CARTESIAN_POINT ( 'NONE',  ( 1.399999999999999500, 0.2500000000000014400, -2.849999999999999600 ) ) ;
#10293 = DIRECTION ( 'NONE',  ( -1.000000000000000000, -0.0000000000000000000, -0.0000000000000000000 ) ) ;
#10294 = VECTOR ( 'NONE', #10293, 1000.000000000000000 ) ;
#10295 = CARTESIAN_POINT ( 'NONE',  ( 1.599999999999999600, 0.2500000000000014400, -2.849999999999999600 ) ) ;
#10296 = LINE ( 'NONE', #10295, #10294 ) ;
#10297 = DIRECTION ( 'NONE',  ( 0.0000000000000000000, 0.0000000000000000000, 1.000000000000000000 ) ) ;
#10298 = VECTOR ( 'NONE', #10297, 1000.000000000000000 ) ;
#10299 = CARTESIAN_POINT ( 'NONE',  ( 4.399999999999999500, 2.099999999999999600, -2.100000000000001000 ) ) ;
#10300 = LINE ( 'NONE', #10299, #10298 ) ;
#10301 = DIRECTION ( 'NONE',  ( 0.0000000000000000000, -0.0000000000000000000, 1.000000000000000000 ) ) ;
#10302 = VECTOR ( 'NONE', #10301, 1000.000000000000000 ) ;
#10303 = CARTESIAN_POINT ( 'NONE',  ( 6.399999999999999500, 2.099999999999999600, -2.100000000000001000 ) ) ;
#10304 = LINE ( 'NONE', #10303, #10302 ) ;
#10305 = CARTESIAN_POINT ( 'NONE',  ( 0.5999999999999998700, -2.256949153578792400E-033, -2.850000000000000100 ) ) ;
#10306 = DIRECTION ( 'NONE',  ( -1.000000000000000000, -0.0000000000000000000, -0.0000000000000000000 ) ) ;
#10307 = VECTOR ( 'NONE', #10306, 1000.000000000000000 ) ;
#10308 = CARTESIAN_POINT ( 'NONE',  ( 8.099999999999999600, -2.256949153578792000E-033, -2.849999999999999600 ) ) ;
#10309 = LINE ( 'NONE', #10308, #10307 ) ;
#10310 = CARTESIAN_POINT ( 'NONE',  ( 6.599999999999999600, 2.099999999999999600, -0.9000000000000002400 ) ) ;
#10311 = DIRECTION ( 'NONE',  ( 0.0000000000000000000, 0.0000000000000000000, 1.000000000000000000 ) ) ;
#10312 = VECTOR ( 'NONE', #10311, 1000.000000000000000 ) ;
#10313 = CARTESIAN_POINT ( 'NONE',  ( 5.400000000000000400, 2.099999999999999600, -2.100000000000001000 ) ) ;
#10314 = LINE ( 'NONE', #10313, #10312 ) ;
#10315 = CARTESIAN_POINT ( 'NONE',  ( 5.399999999999999500, 2.099999999999999600, 0.9000000000000000200 ) ) ;
#10316 = DIRECTION ( 'NONE',  ( 0.0000000000000000000, 0.0000000000000000000, 1.000000000000000000 ) ) ;
#10317 = VECTOR ( 'NONE', #10316, 1000.000000000000000 ) ;
#10318 = CARTESIAN_POINT ( 'NONE',  ( 5.599999999999998800, 2.099999999999999600, -2.100000000000001000 ) ) ;
#10319 = LINE ( 'NONE', #10318, #10317 ) ;
#10320 = DIRECTION ( 'NONE',  ( 0.0000000000000000000, -0.0000000000000000000, 1.000000000000000000 ) ) ;
#10321 = VECTOR ( 'NONE', #10320, 1000.000000000000000 ) ;
#10322 = CARTESIAN_POINT ( 'NONE',  ( 5.400000000000000400, 2.099999999999999600, -2.100000000000001000 ) ) ;
#10323 = LINE ( 'NONE', #10322, #10321 ) ;
#10324 = DIRECTION ( 'NONE',  ( 0.0000000000000000000, -1.000000000000000000, 0.0000000000000000000 ) ) ;
#10325 = VECTOR ( 'NONE', #10324, 1000.000000000000000 ) ;
#10326 = CARTESIAN_POINT ( 'NONE',  ( -3.600000000000001000, -2.256949153578792000E-033, -2.849999999999999600 ) ) ;
#10327 = LINE ( 'NONE', #10326, #10325 ) ;
#10328 = CARTESIAN_POINT ( 'NONE',  ( -3.600000000000000500, 0.2500000000000014400, -2.850000000000000100 ) ) ;
#10329 = DIRECTION ( 'NONE',  ( -1.000000000000000000, -0.0000000000000000000, -0.0000000000000000000 ) ) ;
#10330 = VECTOR ( 'NONE', #10329, 1000.000000000000000 ) ;
#10331 = CARTESIAN_POINT ( 'NONE',  ( -3.400000000000000400, 0.2500000000000014400, -2.850000000000000100 ) ) ;
#10332 = LINE ( 'NONE', #10331, #10330 ) ;
#10333 = CARTESIAN_POINT ( 'NONE',  ( -4.400000000000000400, 0.2500000000000014400, -2.850000000000000100 ) ) ;
#10334 = DIRECTION ( 'NONE',  ( -1.000000000000000000, -0.0000000000000000000, -0.0000000000000000000 ) ) ;
#10335 = VECTOR ( 'NONE', #10334, 1000.000000000000000 ) ;
#10336 = CARTESIAN_POINT ( 'NONE',  ( 8.099999999999999600, -2.256949153578792000E-033, -2.849999999999999600 ) ) ;
#10337 = LINE ( 'NONE', #10336, #10335 ) ;
#10338 = CARTESIAN_POINT ( 'NONE',  ( -4.400000000000001200, -2.256949153578792400E-033, -2.850000000000000100 ) ) ;
#10339 = CARTESIAN_POINT ( 'NONE',  ( -3.600000000000001000, -2.256949153578792400E-033, -2.850000000000000100 ) ) ;
#10340 = DIRECTION ( 'NONE',  ( -1.000000000000000000, -0.0000000000000000000, -0.0000000000000000000 ) ) ;
#10341 = VECTOR ( 'NONE', #10340, 1000.000000000000000 ) ;
#10342 = CARTESIAN_POINT ( 'NONE',  ( -4.400000000000000400, 0.2500000000000014400, -2.850000000000000100 ) ) ;
#10343 = LINE ( 'NONE', #10342, #10341 ) ;
#10344 = DIRECTION ( 'NONE',  ( 0.0000000000000000000, -1.000000000000000000, 0.0000000000000000000 ) ) ;
#10345 = VECTOR ( 'NONE', #10344, 1000.000000000000000 ) ;
#10346 = CARTESIAN_POINT ( 'NONE',  ( 0.3999999999999993000, -2.256949153578792000E-033, -2.849999999999999600 ) ) ;
#10347 = LINE ( 'NONE', #10346, #10345 ) ;
#10348 = CARTESIAN_POINT ( 'NONE',  ( 2.600000000000000100, -2.256949153578792400E-033, -2.850000000000000100 ) ) ;
#10349 = CARTESIAN_POINT ( 'NONE',  ( 5.400000000000000400, 2.099999999999999600, 0.4000000000000001900 ) ) ;
#10350 = CARTESIAN_POINT ( 'NONE',  ( 0.3999999999999995800, 0.2500000000000014400, -2.849999999999999600 ) ) ;
#10351 = DIRECTION ( 'NONE',  ( -1.000000000000000000, -0.0000000000000000000, -0.0000000000000000000 ) ) ;
#10352 = VECTOR ( 'NONE', #10351, 1000.000000000000000 ) ;
#10353 = CARTESIAN_POINT ( 'NONE',  ( 0.5999999999999996400, 0.2500000000000014400, -2.849999999999999600 ) ) ;
#10354 = LINE ( 'NONE', #10353, #10352 ) ;
#10355 = CARTESIAN_POINT ( 'NONE',  ( -1.400000000000000400, 0.2500000000000014400, -2.850000000000000100 ) ) ;
#10356 = LINE ( 'NONE', #10355, #10418 ) ;
#10357 = CARTESIAN_POINT ( 'NONE',  ( -2.400000000000001200, -2.256949153578792400E-033, -2.850000000000000100 ) ) ;
#10358 = CARTESIAN_POINT ( 'NONE',  ( -1.600000000000000800, -2.256949153578792400E-033, -2.850000000000000100 ) ) ;
#10359 = DIRECTION ( 'NONE',  ( 0.0000000000000000000, -1.000000000000000000, 0.0000000000000000000 ) ) ;
#10360 = VECTOR ( 'NONE', #10359, 1000.000000000000000 ) ;
#10361 = CARTESIAN_POINT ( 'NONE',  ( -2.400000000000001200, -2.256949153578792000E-033, -2.849999999999999600 ) ) ;
#10362 = LINE ( 'NONE', #10361, #10360 ) ;
#10363 = DIRECTION ( 'NONE',  ( -1.000000000000000000, -0.0000000000000000000, -0.0000000000000000000 ) ) ;
#10364 = VECTOR ( 'NONE', #10363, 1000.000000000000000 ) ;
#10365 = CARTESIAN_POINT ( 'NONE',  ( 8.099999999999999600, -2.256949153578792000E-033, -2.849999999999999600 ) ) ;
#10366 = LINE ( 'NONE', #10365, #10364 ) ;
#10367 = DIRECTION ( 'NONE',  ( -1.000000000000000000, -0.0000000000000000000, -0.0000000000000000000 ) ) ;
#10368 = VECTOR ( 'NONE', #10367, 1000.000000000000000 ) ;
#10369 = CARTESIAN_POINT ( 'NONE',  ( -2.400000000000001200, 0.2500000000000014400, -2.850000000000000100 ) ) ;
#10370 = LINE ( 'NONE', #10369, #10368 ) ;
#10371 = CARTESIAN_POINT ( 'NONE',  ( -2.400000000000001200, 0.2500000000000014400, -2.850000000000000100 ) ) ;
#10372 = DIRECTION ( 'NONE',  ( 0.0000000000000000000, -1.000000000000000000, 0.0000000000000000000 ) ) ;
#10373 = VECTOR ( 'NONE', #10372, 1000.000000000000000 ) ;
#10374 = CARTESIAN_POINT ( 'NONE',  ( -2.600000000000001400, -2.256949153578792000E-033, -2.849999999999999600 ) ) ;
#10375 = LINE ( 'NONE', #10374, #10373 ) ;
#10376 = CARTESIAN_POINT ( 'NONE',  ( -2.600000000000001400, -2.256949153578792400E-033, -2.850000000000000100 ) ) ;
#10377 = CARTESIAN_POINT ( 'NONE',  ( -2.600000000000001000, 0.2500000000000014400, -2.850000000000000100 ) ) ;
#10378 = CARTESIAN_POINT ( 'NONE',  ( -3.400000000000000400, -2.256949153578792400E-033, -2.850000000000000100 ) ) ;
#10379 = DIRECTION ( 'NONE',  ( -1.000000000000000000, -0.0000000000000000000, -0.0000000000000000000 ) ) ;
#10380 = VECTOR ( 'NONE', #10379, 1000.000000000000000 ) ;
#10381 = CARTESIAN_POINT ( 'NONE',  ( 8.099999999999999600, -2.256949153578792000E-033, -2.849999999999999600 ) ) ;
#10382 = LINE ( 'NONE', #10381, #10380 ) ;
#10383 = CARTESIAN_POINT ( 'NONE',  ( -4.599999999999999600, 0.2500000000000014400, -2.850000000000000100 ) ) ;
#10384 = CARTESIAN_POINT ( 'NONE',  ( -3.400000000000000400, 0.2500000000000014400, -2.850000000000000100 ) ) ;
#10385 = DIRECTION ( 'NONE',  ( 0.0000000000000000000, -1.000000000000000000, 0.0000000000000000000 ) ) ;
#10386 = VECTOR ( 'NONE', #10385, 1000.000000000000000 ) ;
#10387 = CARTESIAN_POINT ( 'NONE',  ( -6.400000000000002100, 2.099999999999999600, -0.9000000000000005800 ) ) ;
#10388 = DIRECTION ( 'NONE',  ( 0.0000000000000000000, -1.000000000000000000, 0.0000000000000000000 ) ) ;
#10389 = VECTOR ( 'NONE', #10388, 1000.000000000000000 ) ;
#10390 = CARTESIAN_POINT ( 'NONE',  ( -7.799999999999998000, -2.256949153578792000E-033, -2.849999999999999600 ) ) ;
#10391 = LINE ( 'NONE', #10390, #10389 ) ;
#10392 = CARTESIAN_POINT ( 'NONE',  ( 6.399999999999999500, 2.099999999999999600, 0.9000000000000000200 ) ) ;
#10393 = DIRECTION ( 'NONE',  ( 0.0000000000000000000, -1.000000000000000000, 0.0000000000000000000 ) ) ;
#10394 = VECTOR ( 'NONE', #10393, 1000.000000000000000 ) ;
#10395 = CARTESIAN_POINT ( 'NONE',  ( 3.400000000000000400, -2.256949153578792000E-033, -2.849999999999999600 ) ) ;
#10396 = LINE ( 'NONE', #10395, #10394 ) ;
#10397 = CARTESIAN_POINT ( 'NONE',  ( 5.599999999999998800, 2.099999999999999600, -0.9000000000000002400 ) ) ;
#10398 = DIRECTION ( 'NONE',  ( 0.0000000000000000000, -1.000000000000000000, 0.0000000000000000000 ) ) ;
#10399 = VECTOR ( 'NONE', #10398, 1000.000000000000000 ) ;
#10400 = CARTESIAN_POINT ( 'NONE',  ( -0.5999999999999998700, -2.256949153578792000E-033, -2.849999999999999600 ) ) ;
#10401 = LINE ( 'NONE', #10400, #10399 ) ;
#10402 = CARTESIAN_POINT ( 'NONE',  ( -1.400000000000000100, -2.256949153578792400E-033, -2.850000000000000100 ) ) ;
#10403 = DIRECTION ( 'NONE',  ( 0.0000000000000000000, -1.000000000000000000, 0.0000000000000000000 ) ) ;
#10404 = VECTOR ( 'NONE', #10403, 1000.000000000000000 ) ;
#10405 = CARTESIAN_POINT ( 'NONE',  ( -1.600000000000000800, -2.256949153578792000E-033, -2.849999999999999600 ) ) ;
#10406 = LINE ( 'NONE', #10405, #10404 ) ;
#10407 = CARTESIAN_POINT ( 'NONE',  ( -1.600000000000000500, 0.2500000000000014400, -2.850000000000000100 ) ) ;
#10408 = CARTESIAN_POINT ( 'NONE',  ( -1.400000000000000400, 0.2500000000000014400, -2.850000000000000100 ) ) ;
#10409 = DIRECTION ( 'NONE',  ( 0.0000000000000000000, -1.000000000000000000, 0.0000000000000000000 ) ) ;
#10410 = VECTOR ( 'NONE', #10409, 1000.000000000000000 ) ;
#10411 = CARTESIAN_POINT ( 'NONE',  ( -1.400000000000000100, -2.256949153578792000E-033, -2.849999999999999600 ) ) ;
#10412 = LINE ( 'NONE', #10411, #10410 ) ;
#10413 = DIRECTION ( 'NONE',  ( -1.000000000000000000, -0.0000000000000000000, -0.0000000000000000000 ) ) ;
#10414 = VECTOR ( 'NONE', #10413, 1000.000000000000000 ) ;
#10415 = CARTESIAN_POINT ( 'NONE',  ( 8.099999999999999600, -2.256949153578792000E-033, -2.849999999999999600 ) ) ;
#10416 = LINE ( 'NONE', #10415, #10414 ) ;
#10417 = DIRECTION ( 'NONE',  ( -1.000000000000000000, -0.0000000000000000000, -0.0000000000000000000 ) ) ;
#10418 = VECTOR ( 'NONE', #10417, 1000.000000000000000 ) ;
#10419 = FACE_BOUND ( 'NONE', #3690, .T. ) ;
#10420 = FACE_BOUND ( 'NONE', #3699, .T. ) ;
#10421 = FACE_BOUND ( 'NONE', #3717, .T. ) ;
#10422 = FACE_BOUND ( 'NONE', #3660, .T. ) ;
#10423 = CARTESIAN_POINT ( 'NONE',  ( -5.400000000000001200, 0.2500000000000014400, -2.850000000000000100 ) ) ;
#10424 = CARTESIAN_POINT ( 'NONE',  ( -8.099999999999999600, 5.099999999999999600, -2.849999999999999600 ) ) ;
#10425 = DIRECTION ( 'NONE',  ( -1.000000000000000000, -0.0000000000000000000, -0.0000000000000000000 ) ) ;
#10426 = VECTOR ( 'NONE', #10425, 1000.000000000000000 ) ;
#10427 = CARTESIAN_POINT ( 'NONE',  ( -6.400000000000002100, 0.2500000000000014400, -2.850000000000000100 ) ) ;
#10428 = LINE ( 'NONE', #10427, #10426 ) ;
#10429 = DIRECTION ( 'NONE',  ( -1.000000000000000000, -0.0000000000000000000, -0.0000000000000000000 ) ) ;
#10430 = VECTOR ( 'NONE', #10429, 1000.000000000000000 ) ;
#10431 = CARTESIAN_POINT ( 'NONE',  ( -5.400000000000001200, 2.099999999999999600, -0.9000000000000005800 ) ) ;
#10432 = LINE ( 'NONE', #10431, #10430 ) ;
#10433 = CARTESIAN_POINT ( 'NONE',  ( -6.600000000000001400, 2.099999999999999600, -0.4000000000000008000 ) ) ;
#10434 = CARTESIAN_POINT ( 'NONE',  ( -6.400000000000002100, 2.099999999999999600, -0.4000000000000008500 ) ) ;
#10435 = CARTESIAN_POINT ( 'NONE',  ( -5.600000000000000500, 2.099999999999999600, -0.9000000000000005800 ) ) ;
#10436 = DIRECTION ( 'NONE',  ( -1.000000000000000000, -0.0000000000000000000, -0.0000000000000000000 ) ) ;
#10437 = VECTOR ( 'NONE', #10436, 1000.000000000000000 ) ;
#10438 = CARTESIAN_POINT ( 'NONE',  ( 8.099999999999999600, -2.256949153578792000E-033, -2.849999999999999600 ) ) ;
#10439 = LINE ( 'NONE', #10438, #10437 ) ;
#10440 = DIRECTION ( 'NONE',  ( 0.0000000000000000000, 0.0000000000000000000, 1.000000000000000000 ) ) ;
#10441 = VECTOR ( 'NONE', #10440, 1000.000000000000000 ) ;
#10442 = CARTESIAN_POINT ( 'NONE',  ( -6.600000000000001400, 2.099999999999999600, -2.100000000000001000 ) ) ;
#10443 = LINE ( 'NONE', #10442, #10441 ) ;
#10444 = CARTESIAN_POINT ( 'NONE',  ( -6.400000000000002100, 0.2500000000000014400, -2.850000000000000100 ) ) ;
#10445 = CARTESIAN_POINT ( 'NONE',  ( -5.400000000000001200, 2.099999999999999600, -0.9000000000000005800 ) ) ;
#10446 = DIRECTION ( 'NONE',  ( -1.000000000000000000, -0.0000000000000000000, -0.0000000000000000000 ) ) ;
#10447 = VECTOR ( 'NONE', #10446, 1000.000000000000000 ) ;
#10448 = CARTESIAN_POINT ( 'NONE',  ( -5.400000000000001200, 0.2500000000000014400, -2.850000000000000100 ) ) ;
#10449 = LINE ( 'NONE', #10448, #10447 ) ;
#10450 = DIRECTION ( 'NONE',  ( 0.0000000000000000000, -0.0000000000000000000, 1.000000000000000000 ) ) ;
#10451 = VECTOR ( 'NONE', #10450, 1000.000000000000000 ) ;
#10452 = CARTESIAN_POINT ( 'NONE',  ( -6.400000000000002100, 2.099999999999999600, -2.100000000000001000 ) ) ;
#10453 = LINE ( 'NONE', #10452, #10451 ) ;
#10454 = CARTESIAN_POINT ( 'NONE',  ( -6.400000000000003000, -2.256949153578792400E-033, -2.850000000000000100 ) ) ;
#10455 = CARTESIAN_POINT ( 'NONE',  ( -5.600000000000000500, -2.256949153578792400E-033, -2.850000000000000100 ) ) ;
#10456 = DIRECTION ( 'NONE',  ( 0.0000000000000000000, 0.0000000000000000000, 1.000000000000000000 ) ) ;
#10457 = VECTOR ( 'NONE', #10456, 1000.000000000000000 ) ;
#10458 = CARTESIAN_POINT ( 'NONE',  ( -6.400000000000002100, 2.099999999999999600, -2.100000000000001000 ) ) ;
#10459 = LINE ( 'NONE', #10458, #10457 ) ;
#10460 = DIRECTION ( 'NONE',  ( -1.000000000000000000, -0.0000000000000000000, -0.0000000000000000000 ) ) ;
#10461 = VECTOR ( 'NONE', #10460, 1000.000000000000000 ) ;
#10462 = CARTESIAN_POINT ( 'NONE',  ( -6.400000000000002100, 2.099999999999999600, -0.9000000000000005800 ) ) ;
#10463 = LINE ( 'NONE', #10462, #10461 ) ;
#10464 = DIRECTION ( 'NONE',  ( -1.000000000000000000, 0.0000000000000000000, 0.0000000000000000000 ) ) ;
#10465 = VECTOR ( 'NONE', #10464, 1000.000000000000000 ) ;
#10466 = CARTESIAN_POINT ( 'NONE',  ( 8.099999999999999600, 3.599999999999999600, -2.849999999999999600 ) ) ;
#10467 = LINE ( 'NONE', #10466, #10465 ) ;
#10468 = DIRECTION ( 'NONE',  ( 0.0000000000000000000, -0.0000000000000000000, 1.000000000000000000 ) ) ;
#10469 = DIRECTION ( 'NONE',  ( 0.0000000000000000000, 1.000000000000000000, 0.0000000000000000000 ) ) ;
#10470 = CARTESIAN_POINT ( 'NONE',  ( -7.049999999999998900, 2.099999999999999600, -2.100000000000001000 ) ) ;
#10471 = AXIS2_PLACEMENT_3D ( 'NONE', #10470, #10469, #10468 ) ;
#10472 = PLANE ( 'NONE',  #10471 ) ;
#10473 = FACE_OUTER_BOUND ( 'NONE', #163, .T. ) ;
#10474 = FACE_BOUND ( 'NONE', #3573, .T. ) ;
#10475 = FACE_BOUND ( 'NONE', #3454, .T. ) ;
#10476 = FACE_BOUND ( 'NONE', #3564, .T. ) ;
#10477 = FACE_BOUND ( 'NONE', #3576, .T. ) ;
#10478 = FACE_BOUND ( 'NONE', #3359, .T. ) ;
#10479 = FACE_BOUND ( 'NONE', #3237, .T. ) ;
#10480 = FACE_BOUND ( 'NONE', #3365, .T. ) ;
#10481 = FACE_BOUND ( 'NONE', #3426, .T. ) ;
#10482 = FACE_BOUND ( 'NONE', #3400, .T. ) ;
#10483 = FACE_BOUND ( 'NONE', #3376, .T. ) ;
#10484 = FACE_BOUND ( 'NONE', #3451, .T. ) ;
#10485 = FACE_BOUND ( 'NONE', #119, .T. ) ;
#10486 = FACE_BOUND ( 'NONE', #106, .T. ) ;
#10487 = FACE_BOUND ( 'NONE', #53, .T. ) ;
#10488 = FACE_BOUND ( 'NONE', #73, .T. ) ;
#10489 = FACE_BOUND ( 'NONE', #40, .T. ) ;
#10490 = FACE_BOUND ( 'NONE', #27, .T. ) ;
#10491 = FACE_BOUND ( 'NONE', #14, .T. ) ;
#10492 = FACE_BOUND ( 'NONE', #3118, .T. ) ;
#10493 = FACE_BOUND ( 'NONE', #3049, .T. ) ;
#10494 = FACE_BOUND ( 'NONE', #3106, .T. ) ;
#10495 = FACE_BOUND ( 'NONE', #3087, .T. ) ;
#10496 = FACE_BOUND ( 'NONE', #3095, .T. ) ;
#10497 = FACE_BOUND ( 'NONE', #3059, .T. ) ;
#10498 = CARTESIAN_POINT ( 'NONE',  ( -5.400000000000001200, 2.099999999999999600, 0.3999999999999997400 ) ) ;
#10499 = DIRECTION ( 'NONE',  ( -1.000000000000000000, 0.0000000000000000000, 0.0000000000000000000 ) ) ;
#10500 = VECTOR ( 'NONE', #10499, 1000.000000000000000 ) ;
#10501 = CARTESIAN_POINT ( 'NONE',  ( -7.049999999999998900, 2.099999999999999600, -0.4000000000000008500 ) ) ;
#10502 = LINE ( 'NONE', #10501, #10500 ) ;
#10503 = CARTESIAN_POINT ( 'NONE',  ( -5.600000000000000500, 2.099999999999999600, -0.4000000000000007400 ) ) ;
#10504 = CARTESIAN_POINT ( 'NONE',  ( -5.400000000000001200, 2.099999999999999600, -0.4000000000000008500 ) ) ;
#10505 = DIRECTION ( 'NONE',  ( 0.0000000000000000000, -1.000000000000000000, 0.0000000000000000000 ) ) ;
#10506 = VECTOR ( 'NONE', #10505, 1000.000000000000000 ) ;
#10507 = CARTESIAN_POINT ( 'NONE',  ( -4.400000000000001200, -2.256949153578792000E-033, -2.849999999999999600 ) ) ;
#10508 = LINE ( 'NONE', #10507, #10506 ) ;
#10509 = CARTESIAN_POINT ( 'NONE',  ( -4.599999999999999600, -2.256949153578792400E-033, -2.850000000000000100 ) ) ;
#10510 = DIRECTION ( 'NONE',  ( 0.0000000000000000000, -1.000000000000000000, 0.0000000000000000000 ) ) ;
#10511 = VECTOR ( 'NONE', #10510, 1000.000000000000000 ) ;
#10512 = CARTESIAN_POINT ( 'NONE',  ( -4.599999999999999600, -2.256949153578792000E-033, -2.849999999999999600 ) ) ;
#10513 = LINE ( 'NONE', #10512, #10511 ) ;
#10514 = CARTESIAN_POINT ( 'NONE',  ( -8.099999999999999600, -2.256949153578792000E-033, -2.849999999999999600 ) ) ;
#10515 = DIRECTION ( 'NONE',  ( 0.0000000000000000000, -1.000000000000000000, 0.0000000000000000000 ) ) ;
#10516 = VECTOR ( 'NONE', #10515, 1000.000000000000000 ) ;
#10517 = CARTESIAN_POINT ( 'NONE',  ( -5.600000000000000500, -2.256949153578792000E-033, -2.849999999999999600 ) ) ;
#10518 = LINE ( 'NONE', #10517, #10516 ) ;
#10519 = CARTESIAN_POINT ( 'NONE',  ( -5.400000000000002100, -2.256949153578792400E-033, -2.850000000000000100 ) ) ;
#10520 = DIRECTION ( 'NONE',  ( -1.000000000000000000, -0.0000000000000000000, -0.0000000000000000000 ) ) ;
#10521 = VECTOR ( 'NONE', #10520, 1000.000000000000000 ) ;
#10522 = CARTESIAN_POINT ( 'NONE',  ( 8.099999999999999600, 5.099999999999999600, -2.849999999999999600 ) ) ;
#10523 = LINE ( 'NONE', #10522, #10521 ) ;
#10524 = DIRECTION ( 'NONE',  ( 0.0000000000000000000, 1.000000000000000000, 0.0000000000000000000 ) ) ;
#10525 = VECTOR ( 'NONE', #10524, 1000.000000000000000 ) ;
#10526 = CARTESIAN_POINT ( 'NONE',  ( -8.099999999999999600, -2.256949153578792000E-033, -2.849999999999999600 ) ) ;
#10527 = LINE ( 'NONE', #10526, #10525 ) ;
#10528 = DIRECTION ( 'NONE',  ( -1.000000000000000000, 0.0000000000000000000, 0.0000000000000000000 ) ) ;
#10529 = VECTOR ( 'NONE', #10528, 1000.000000000000000 ) ;
#10530 = CARTESIAN_POINT ( 'NONE',  ( -7.049999999999998900, 2.099999999999999600, 0.8999999999999998000 ) ) ;
#10531 = LINE ( 'NONE', #10530, #10529 ) ;
#10532 = DIRECTION ( 'NONE',  ( 0.0000000000000000000, -0.0000000000000000000, 1.000000000000000000 ) ) ;
#10533 = VECTOR ( 'NONE', #10532, 1000.000000000000000 ) ;
#10534 = CARTESIAN_POINT ( 'NONE',  ( -6.600000000000001400, 2.099999999999999600, -2.100000000000001000 ) ) ;
#10535 = LINE ( 'NONE', #10534, #10533 ) ;
#10536 = DIRECTION ( 'NONE',  ( 0.0000000000000000000, -1.000000000000000000, 0.0000000000000000000 ) ) ;
#10537 = VECTOR ( 'NONE', #10536, 1000.000000000000000 ) ;
#10538 = CARTESIAN_POINT ( 'NONE',  ( -5.400000000000002100, -2.256949153578792000E-033, -2.849999999999999600 ) ) ;
#10539 = LINE ( 'NONE', #10538, #10537 ) ;
#10540 = CARTESIAN_POINT ( 'NONE',  ( -6.600000000000001400, -2.256949153578792400E-033, -2.850000000000000100 ) ) ;
#10541 = DIRECTION ( 'NONE',  ( -1.000000000000000000, -0.0000000000000000000, -0.0000000000000000000 ) ) ;
#10542 = VECTOR ( 'NONE', #10541, 1000.000000000000000 ) ;
#10543 = CARTESIAN_POINT ( 'NONE',  ( 8.099999999999999600, -2.256949153578792000E-033, -2.849999999999999600 ) ) ;
#10544 = LINE ( 'NONE', #10543, #10542 ) ;
#10545 = CARTESIAN_POINT ( 'NONE',  ( -6.600000000000001400, 2.099999999999999600, 0.8999999999999995800 ) ) ;
#10546 = CARTESIAN_POINT ( 'NONE',  ( -6.400000000000002100, 2.099999999999999600, 0.8999999999999998000 ) ) ;
#10547 = CARTESIAN_POINT ( 'NONE',  ( -6.600000000000001400, 2.099999999999999600, 0.3999999999999993000 ) ) ;
#10548 = DIRECTION ( 'NONE',  ( 0.0000000000000000000, 0.0000000000000000000, 1.000000000000000000 ) ) ;
#10549 = VECTOR ( 'NONE', #10548, 1000.000000000000000 ) ;
#10550 = CARTESIAN_POINT ( 'NONE',  ( -5.400000000000001200, 2.099999999999999600, -2.100000000000001000 ) ) ;
#10551 = LINE ( 'NONE', #10550, #10549 ) ;
#10552 = CARTESIAN_POINT ( 'NONE',  ( -5.400000000000001200, 2.099999999999999600, 0.8999999999999998000 ) ) ;
#10553 = CARTESIAN_POINT ( 'NONE',  ( -5.600000000000000500, 2.099999999999999600, 0.3999999999999997400 ) ) ;
#10554 = DIRECTION ( 'NONE',  ( 1.000000000000000000, -0.0000000000000000000, 0.0000000000000000000 ) ) ;
#10555 = VECTOR ( 'NONE', #10554, 1000.000000000000000 ) ;
#10556 = CARTESIAN_POINT ( 'NONE',  ( -7.049999999999998900, 2.099999999999999600, 0.3999999999999997400 ) ) ;
#10557 = LINE ( 'NONE', #10556, #10555 ) ;
#10558 = DIRECTION ( 'NONE',  ( 0.0000000000000000000, -0.0000000000000000000, 1.000000000000000000 ) ) ;
#10559 = VECTOR ( 'NONE', #10558, 1000.000000000000000 ) ;
#10560 = CARTESIAN_POINT ( 'NONE',  ( -5.600000000000000500, 2.099999999999999600, -2.100000000000001000 ) ) ;
#10561 = LINE ( 'NONE', #10560, #10559 ) ;
#10562 = DIRECTION ( 'NONE',  ( -1.000000000000000000, -2.710505431213754200E-016, -0.0000000000000000000 ) ) ;
#10563 = VECTOR ( 'NONE', #10562, 1000.000000000000000 ) ;
#10564 = CARTESIAN_POINT ( 'NONE',  ( -7.799999999999999800, 0.1999999999999980100, -2.849999999999999600 ) ) ;
#10565 = LINE ( 'NONE', #10564, #10563 ) ;
#10566 = CARTESIAN_POINT ( 'NONE',  ( -5.400000000000001200, 4.850000000000000500, -2.850000000000000100 ) ) ;
#10567 = CARTESIAN_POINT ( 'NONE',  ( -7.799999999999999800, 5.099999999999999600, -2.849999999999999600 ) ) ;
#10568 = DIRECTION ( 'NONE',  ( 0.0000000000000000000, -1.000000000000000000, 0.0000000000000000000 ) ) ;
#10569 = VECTOR ( 'NONE', #10568, 1000.000000000000000 ) ;
#10570 = CARTESIAN_POINT ( 'NONE',  ( -6.400000000000003000, -2.256949153578792000E-033, -2.849999999999999600 ) ) ;
#10571 = LINE ( 'NONE', #10570, #10569 ) ;
#10572 = DIRECTION ( 'NONE',  ( 1.000000000000000000, -0.0000000000000000000, 0.0000000000000000000 ) ) ;
#10573 = VECTOR ( 'NONE', #10572, 1000.000000000000000 ) ;
#10574 = CARTESIAN_POINT ( 'NONE',  ( -7.049999999999998900, 2.099999999999999600, 0.3999999999999997400 ) ) ;
#10575 = LINE ( 'NONE', #10574, #10573 ) ;
#10576 = CARTESIAN_POINT ( 'NONE',  ( -6.600000000000001400, 2.099999999999999600, -0.9000000000000005800 ) ) ;
#10577 = CARTESIAN_POINT ( 'NONE',  ( -7.799999999999998000, 3.599999999999999600, -2.849999999999999600 ) ) ;
#10578 = DIRECTION ( 'NONE',  ( -1.000000000000000000, -0.0000000000000000000, -0.0000000000000000000 ) ) ;
#10579 = VECTOR ( 'NONE', #10578, 1000.000000000000000 ) ;
#10580 = CARTESIAN_POINT ( 'NONE',  ( 8.099999999999999600, -2.256949153578792000E-033, -2.849999999999999600 ) ) ;
#10581 = LINE ( 'NONE', #10580, #10579 ) ;
#10582 = DIRECTION ( 'NONE',  ( 0.0000000000000000000, -1.000000000000000000, 0.0000000000000000000 ) ) ;
#10583 = VECTOR ( 'NONE', #10582, 1000.000000000000000 ) ;
#10584 = CARTESIAN_POINT ( 'NONE',  ( -6.600000000000001400, -2.256949153578792000E-033, -2.849999999999999600 ) ) ;
#10585 = LINE ( 'NONE', #10584, #10583 ) ;
#10586 = CARTESIAN_POINT ( 'NONE',  ( -6.600000000000001400, 0.2500000000000014400, -2.850000000000000100 ) ) ;
#10587 = DIRECTION ( 'NONE',  ( -1.000000000000000000, 0.0000000000000000000, 0.0000000000000000000 ) ) ;
#10588 = VECTOR ( 'NONE', #10587, 1000.000000000000000 ) ;
#10589 = CARTESIAN_POINT ( 'NONE',  ( -7.049999999999998900, 2.099999999999999600, -0.4000000000000008500 ) ) ;
#10590 = LINE ( 'NONE', #10589, #10588 ) ;
#10591 = CARTESIAN_POINT ( 'NONE',  ( -6.400000000000002100, 2.099999999999999600, 0.3999999999999997400 ) ) ;
#10592 = CARTESIAN_POINT ( 'NONE',  ( -5.600000000000000500, 0.2500000000000014400, -2.850000000000000100 ) ) ;
#10593 = DIRECTION ( 'NONE',  ( -1.000000000000000000, -0.0000000000000000000, -0.0000000000000000000 ) ) ;
#10594 = DIRECTION ( 'NONE',  ( 1.000000000000000000, -2.891205793294679400E-015, 0.0000000000000000000 ) ) ;
#10595 = VECTOR ( 'NONE', #10594, 1000.000000000000000 ) ;
#10596 = CARTESIAN_POINT ( 'NONE',  ( 6.999999999999999100, 4.900000000000001200, -2.849999999999999600 ) ) ;
#10597 = LINE ( 'NONE', #10596, #10595 ) ;
#10598 = VECTOR ( 'NONE', #10593, 1000.000000000000000 ) ;
#10599 = DIRECTION ( 'NONE',  ( 1.000000000000000000, 0.0000000000000000000, -0.0000000000000000000 ) ) ;
#10600 = DIRECTION ( 'NONE',  ( 0.0000000000000000000, 0.0000000000000000000, 1.000000000000000000 ) ) ;
#10601 = CARTESIAN_POINT ( 'NONE',  ( 8.099999999999999600, -2.256949153578792000E-033, -2.849999999999999600 ) ) ;
#10602 = AXIS2_PLACEMENT_3D ( 'NONE', #10601, #10600, #10599 ) ;
#10603 = PLANE ( 'NONE',  #10602 ) ;
#10604 = FACE_OUTER_BOUND ( 'NONE', #3793, .T. ) ;
#10605 = FACE_BOUND ( 'NONE', #3780, .T. ) ;
#10606 = FACE_BOUND ( 'NONE', #3738, .T. ) ;
#10607 = FACE_BOUND ( 'NONE', #3761, .T. ) ;
#10608 = FACE_BOUND ( 'NONE', #3748, .T. ) ;
#10609 = CARTESIAN_POINT ( 'NONE',  ( -7.299999999999998900, 4.900000000000000400, -2.849999999999999600 ) ) ;
#10610 = DIRECTION ( 'NONE',  ( 1.000000000000000000, 2.891205793294679400E-015, -0.0000000000000000000 ) ) ;
#10611 = VECTOR ( 'NONE', #10610, 1000.000000000000000 ) ;
#10612 = CARTESIAN_POINT ( 'NONE',  ( -6.999999999999999100, 4.900000000000001200, -2.849999999999999600 ) ) ;
#10613 = LINE ( 'NONE', #10612, #10611 ) ;
#10614 = CARTESIAN_POINT ( 'NONE',  ( -7.000000000000000900, 3.700000000000002000, -2.849999999999999600 ) ) ;
#10615 = CARTESIAN_POINT ( 'NONE',  ( -6.999999999999999100, 4.900000000000001200, -2.849999999999999600 ) ) ;
#10616 = DIRECTION ( 'NONE',  ( -1.445602896647339700E-015, -1.000000000000000000, 0.0000000000000000000 ) ) ;
#10617 = VECTOR ( 'NONE', #10616, 1000.000000000000000 ) ;
#10618 = CARTESIAN_POINT ( 'NONE',  ( -6.999999999999999100, 4.900000000000001200, -2.849999999999999600 ) ) ;
#10619 = LINE ( 'NONE', #10618, #10617 ) ;
#10620 = DIRECTION ( 'NONE',  ( 1.000000000000000000, -2.710505431213760100E-016, 0.0000000000000000000 ) ) ;
#10621 = VECTOR ( 'NONE', #10620, 1000.000000000000000 ) ;
#10622 = CARTESIAN_POINT ( 'NONE',  ( -7.799999999999998000, 1.099999999999997900, -2.849999999999999600 ) ) ;
#10623 = LINE ( 'NONE', #10622, #10621 ) ;
#10624 = CARTESIAN_POINT ( 'NONE',  ( -6.999999999999997300, 1.099999999999997600, -2.849999999999999600 ) ) ;
#10625 = DIRECTION ( 'NONE',  ( -0.0000000000000000000, -1.000000000000000000, -0.0000000000000000000 ) ) ;
#10626 = VECTOR ( 'NONE', #10625, 1000.000000000000000 ) ;
#10627 = CARTESIAN_POINT ( 'NONE',  ( -6.999999999999997300, 0.1999999999999982100, -2.849999999999999600 ) ) ;
#10628 = LINE ( 'NONE', #10627, #10626 ) ;
#10629 = CARTESIAN_POINT ( 'NONE',  ( -6.999999999999997300, 0.1999999999999982100, -2.849999999999999600 ) ) ;
#10630 = DIRECTION ( 'NONE',  ( -1.000000000000000000, 0.0000000000000000000, 0.0000000000000000000 ) ) ;
#10631 = VECTOR ( 'NONE', #10630, 1000.000000000000000 ) ;
#10632 = CARTESIAN_POINT ( 'NONE',  ( -7.049999999999998900, 2.099999999999999600, 0.8999999999999998000 ) ) ;
#10633 = LINE ( 'NONE', #10632, #10631 ) ;
#10634 = CARTESIAN_POINT ( 'NONE',  ( -5.600000000000000500, 2.099999999999999600, 0.8999999999999995800 ) ) ;
#10635 = DIRECTION ( 'NONE',  ( 0.0000000000000000000, 0.0000000000000000000, 1.000000000000000000 ) ) ;
#10636 = VECTOR ( 'NONE', #10635, 1000.000000000000000 ) ;
#10637 = CARTESIAN_POINT ( 'NONE',  ( -5.600000000000000500, 2.099999999999999600, -2.100000000000001000 ) ) ;
#10638 = LINE ( 'NONE', #10637, #10636 ) ;
#10639 = CARTESIAN_POINT ( 'NONE',  ( -7.799999999999998000, 1.099999999999997900, -2.849999999999999600 ) ) ;
#10640 = CARTESIAN_POINT ( 'NONE',  ( -7.799999999999999800, 0.1999999999999980100, -2.849999999999999600 ) ) ;
#10641 = DIRECTION ( 'NONE',  ( 1.927470528863119300E-015, 1.000000000000000000, 0.0000000000000000000 ) ) ;
#10642 = VECTOR ( 'NONE', #10641, 1000.000000000000000 ) ;
#10643 = CARTESIAN_POINT ( 'NONE',  ( -7.799999999999999800, 0.1999999999999980100, -2.849999999999999600 ) ) ;
#10644 = LINE ( 'NONE', #10643, #10642 ) ;
#10645 = DIRECTION ( 'NONE',  ( 0.0000000000000000000, -1.000000000000000000, 0.0000000000000000000 ) ) ;
#10646 = VECTOR ( 'NONE', #10645, 1000.000000000000000 ) ;
#10647 = CARTESIAN_POINT ( 'NONE',  ( 7.299999999999998900, 4.900000000000000400, -2.849999999999999600 ) ) ;
#10648 = LINE ( 'NONE', #10647, #10646 ) ;
#10649 = CARTESIAN_POINT ( 'NONE',  ( 7.299999999999998900, 3.700000000000002000, -2.849999999999999600 ) ) ;
#10650 = DIRECTION ( 'NONE',  ( -1.000000000000000000, -0.0000000000000000000, -0.0000000000000000000 ) ) ;
#10651 = VECTOR ( 'NONE', #10650, 1000.000000000000000 ) ;
#10652 = CARTESIAN_POINT ( 'NONE',  ( 7.000000000000000900, 3.700000000000002000, -2.849999999999999600 ) ) ;
#10653 = LINE ( 'NONE', #10652, #10651 ) ;
#10654 = CARTESIAN_POINT ( 'NONE',  ( 7.000000000000000900, 3.700000000000002000, -2.849999999999999600 ) ) ;
#10655 = DIRECTION ( 'NONE',  ( -1.445602896647339700E-015, 1.000000000000000000, -0.0000000000000000000 ) ) ;
#10656 = VECTOR ( 'NONE', #10655, 1000.000000000000000 ) ;
#10657 = CARTESIAN_POINT ( 'NONE',  ( 6.999999999999999100, 4.900000000000001200, -2.849999999999999600 ) ) ;
#10658 = LINE ( 'NONE', #10657, #10656 ) ;
#10659 = CARTESIAN_POINT ( 'NONE',  ( 7.299999999999998900, 4.900000000000000400, -2.849999999999999600 ) ) ;
#10660 = CARTESIAN_POINT ( 'NONE',  ( 6.999999999999999100, 4.900000000000001200, -2.849999999999999600 ) ) ;
#10661 = VECTOR ( 'NONE', #10722, 1000.000000000000000 ) ;
#10662 = CARTESIAN_POINT ( 'NONE',  ( 7.799999999999998000, 1.099999999999997900, -2.849999999999999600 ) ) ;
#10663 = LINE ( 'NONE', #10662, #10661 ) ;
#10664 = CARTESIAN_POINT ( 'NONE',  ( 7.799999999999998000, 1.099999999999997900, -2.849999999999999600 ) ) ;
#10665 = DIRECTION ( 'NONE',  ( 1.927470528863119300E-015, -1.000000000000000000, -0.0000000000000000000 ) ) ;
#10666 = VECTOR ( 'NONE', #10665, 1000.000000000000000 ) ;
#10667 = CARTESIAN_POINT ( 'NONE',  ( 7.799999999999999800, 0.1999999999999980100, -2.849999999999999600 ) ) ;
#10668 = LINE ( 'NONE', #10667, #10666 ) ;
#10669 = CARTESIAN_POINT ( 'NONE',  ( 6.999999999999997300, 0.1999999999999982100, -2.849999999999999600 ) ) ;
#10670 = CARTESIAN_POINT ( 'NONE',  ( 7.799999999999999800, 0.1999999999999980100, -2.849999999999999600 ) ) ;
#10671 = DIRECTION ( 'NONE',  ( -1.000000000000000000, 2.710505431213754200E-016, 0.0000000000000000000 ) ) ;
#10672 = VECTOR ( 'NONE', #10671, 1000.000000000000000 ) ;
#10673 = CARTESIAN_POINT ( 'NONE',  ( 7.799999999999999800, 0.1999999999999980100, -2.849999999999999600 ) ) ;
#10674 = LINE ( 'NONE', #10673, #10672 ) ;
#10675 = DIRECTION ( 'NONE',  ( -1.000000000000000000, 0.0000000000000000000, 0.0000000000000000000 ) ) ;
#10676 = VECTOR ( 'NONE', #10675, 1000.000000000000000 ) ;
#10677 = CARTESIAN_POINT ( 'NONE',  ( -7.000000000000000900, 3.700000000000002000, -2.849999999999999600 ) ) ;
#10678 = LINE ( 'NONE', #10677, #10676 ) ;
#10679 = CARTESIAN_POINT ( 'NONE',  ( -7.299999999999998900, 3.700000000000002000, -2.849999999999999600 ) ) ;
#10680 = DIRECTION ( 'NONE',  ( -0.0000000000000000000, 1.000000000000000000, -0.0000000000000000000 ) ) ;
#10681 = VECTOR ( 'NONE', #10680, 1000.000000000000000 ) ;
#10682 = CARTESIAN_POINT ( 'NONE',  ( -7.299999999999998900, 4.900000000000000400, -2.849999999999999600 ) ) ;
#10683 = LINE ( 'NONE', #10682, #10681 ) ;
#10684 = DIRECTION ( 'NONE',  ( -1.000000000000000000, -0.0000000000000000000, -0.0000000000000000000 ) ) ;
#10685 = VECTOR ( 'NONE', #10684, 1000.000000000000000 ) ;
#10686 = CARTESIAN_POINT ( 'NONE',  ( 8.099999999999999600, 5.099999999999999600, -2.849999999999999600 ) ) ;
#10687 = LINE ( 'NONE', #10686, #10685 ) ;
#10688 = CARTESIAN_POINT ( 'NONE',  ( -4.400000000000001200, 5.099999999999999600, -2.849999999999999600 ) ) ;
#10689 = DIRECTION ( 'NONE',  ( 0.0000000000000000000, -0.0000000000000000000, 1.000000000000000000 ) ) ;
#10690 = VECTOR ( 'NONE', #10689, 1000.000000000000000 ) ;
#10691 = CARTESIAN_POINT ( 'NONE',  ( -5.400000000000001200, 2.099999999999999600, -2.100000000000001000 ) ) ;
#10692 = LINE ( 'NONE', #10691, #10690 ) ;
#10693 = VECTOR ( 'NONE', #10752, 1000.000000000000000 ) ;
#10694 = CARTESIAN_POINT ( 'NONE',  ( -6.400000000000003000, -2.256949153578792000E-033, -2.849999999999999600 ) ) ;
#10695 = LINE ( 'NONE', #10694, #10693 ) ;
#10696 = CARTESIAN_POINT ( 'NONE',  ( -6.400000000000002100, 4.850000000000000500, -2.850000000000000100 ) ) ;
#10697 = DIRECTION ( 'NONE',  ( -1.000000000000000000, -0.0000000000000000000, -0.0000000000000000000 ) ) ;
#10698 = VECTOR ( 'NONE', #10697, 1000.000000000000000 ) ;
#10699 = CARTESIAN_POINT ( 'NONE',  ( -6.400000000000002100, 4.850000000000000500, -2.850000000000000100 ) ) ;
#10700 = LINE ( 'NONE', #10699, #10698 ) ;
#10701 = CARTESIAN_POINT ( 'NONE',  ( -6.600000000000001400, 4.850000000000000500, -2.850000000000000100 ) ) ;
#10702 = DIRECTION ( 'NONE',  ( 0.0000000000000000000, -1.000000000000000000, 0.0000000000000000000 ) ) ;
#10703 = VECTOR ( 'NONE', #10702, 1000.000000000000000 ) ;
#10704 = CARTESIAN_POINT ( 'NONE',  ( -6.600000000000001400, -2.256949153578792000E-033, -2.849999999999999600 ) ) ;
#10705 = LINE ( 'NONE', #10704, #10703 ) ;
#10706 = CARTESIAN_POINT ( 'NONE',  ( -6.600000000000001400, 5.099999999999999600, -2.849999999999999600 ) ) ;
#10707 = DIRECTION ( 'NONE',  ( -1.000000000000000000, -0.0000000000000000000, -0.0000000000000000000 ) ) ;
#10708 = VECTOR ( 'NONE', #10707, 1000.000000000000000 ) ;
#10709 = CARTESIAN_POINT ( 'NONE',  ( 8.099999999999999600, 5.099999999999999600, -2.849999999999999600 ) ) ;
#10710 = LINE ( 'NONE', #10709, #10708 ) ;
#10711 = CARTESIAN_POINT ( 'NONE',  ( -7.599999999999999600, 3.599999999999999600, -2.849999999999999600 ) ) ;
#10712 = CARTESIAN_POINT ( 'NONE',  ( -7.599999999999999600, 5.099999999999999600, -2.849999999999999600 ) ) ;
#10713 = DIRECTION ( 'NONE',  ( 0.0000000000000000000, -1.000000000000000000, 0.0000000000000000000 ) ) ;
#10714 = VECTOR ( 'NONE', #10713, 1000.000000000000000 ) ;
#10715 = CARTESIAN_POINT ( 'NONE',  ( -7.599999999999998800, -2.256949153578792000E-033, -2.849999999999999600 ) ) ;
#10716 = LINE ( 'NONE', #10715, #10714 ) ;
#10717 = DIRECTION ( 'NONE',  ( 0.0000000000000000000, 1.000000000000000000, 0.0000000000000000000 ) ) ;
#10718 = VECTOR ( 'NONE', #10717, 1000.000000000000000 ) ;
#10719 = CARTESIAN_POINT ( 'NONE',  ( 6.999999999999997300, 0.1999999999999982100, -2.849999999999999600 ) ) ;
#10720 = LINE ( 'NONE', #10719, #10718 ) ;
#10721 = CARTESIAN_POINT ( 'NONE',  ( 6.999999999999997300, 1.099999999999997600, -2.849999999999999600 ) ) ;
#10722 = DIRECTION ( 'NONE',  ( 1.000000000000000000, 2.710505431213760100E-016, -0.0000000000000000000 ) ) ;
#10723 = DIRECTION ( 'NONE',  ( 0.0000000000000000000, 1.457750820148577400E-016, -1.000000000000000000 ) ) ;
#10724 = VECTOR ( 'NONE', #10723, 1000.000000000000000 ) ;
#10725 = CARTESIAN_POINT ( 'NONE',  ( -2.600000000000001400, 5.099999999999999600, -2.849999999999999600 ) ) ;
#10726 = LINE ( 'NONE', #10725, #10724 ) ;
#10727 = CARTESIAN_POINT ( 'NONE',  ( -2.600000000000001000, 5.100000000000001400, -2.600000000000000100 ) ) ;
#10728 = DIRECTION ( 'NONE',  ( -1.000000000000000000, -0.0000000000000000000, -0.0000000000000000000 ) ) ;
#10729 = VECTOR ( 'NONE', #10728, 1000.000000000000000 ) ;
#10730 = CARTESIAN_POINT ( 'NONE',  ( -2.400000000000001200, 5.100000000000001400, -2.600000000000000100 ) ) ;
#10731 = LINE ( 'NONE', #10730, #10729 ) ;
#10732 = CARTESIAN_POINT ( 'NONE',  ( -2.400000000000001200, 5.100000000000001400, -2.600000000000000100 ) ) ;
#10733 = DIRECTION ( 'NONE',  ( 0.0000000000000000000, 1.457750820148577400E-016, -1.000000000000000000 ) ) ;
#10734 = VECTOR ( 'NONE', #10733, 1000.000000000000000 ) ;
#10735 = CARTESIAN_POINT ( 'NONE',  ( -2.400000000000001200, 5.099999999999999600, -2.849999999999999600 ) ) ;
#10736 = LINE ( 'NONE', #10735, #10734 ) ;
#10737 = DIRECTION ( 'NONE',  ( -1.000000000000000000, -0.0000000000000000000, -0.0000000000000000000 ) ) ;
#10738 = VECTOR ( 'NONE', #10737, 1000.000000000000000 ) ;
#10739 = CARTESIAN_POINT ( 'NONE',  ( -5.400000000000001200, 4.850000000000000500, -2.850000000000000100 ) ) ;
#10740 = LINE ( 'NONE', #10739, #10738 ) ;
#10741 = CARTESIAN_POINT ( 'NONE',  ( -5.600000000000000500, 4.850000000000000500, -2.850000000000000100 ) ) ;
#10742 = DIRECTION ( 'NONE',  ( 0.0000000000000000000, -1.000000000000000000, 0.0000000000000000000 ) ) ;
#10743 = VECTOR ( 'NONE', #10742, 1000.000000000000000 ) ;
#10744 = CARTESIAN_POINT ( 'NONE',  ( -5.600000000000000500, -2.256949153578792000E-033, -2.849999999999999600 ) ) ;
#10745 = LINE ( 'NONE', #10744, #10743 ) ;
#10746 = CARTESIAN_POINT ( 'NONE',  ( -5.600000000000000500, 5.099999999999999600, -2.849999999999999600 ) ) ;
#10747 = DIRECTION ( 'NONE',  ( -1.000000000000000000, -0.0000000000000000000, -0.0000000000000000000 ) ) ;
#10748 = VECTOR ( 'NONE', #10747, 1000.000000000000000 ) ;
#10749 = CARTESIAN_POINT ( 'NONE',  ( 8.099999999999999600, 5.099999999999999600, -2.849999999999999600 ) ) ;
#10750 = LINE ( 'NONE', #10749, #10748 ) ;
#10751 = CARTESIAN_POINT ( 'NONE',  ( -6.400000000000003000, 5.099999999999999600, -2.849999999999999600 ) ) ;
#10752 = DIRECTION ( 'NONE',  ( 0.0000000000000000000, -1.000000000000000000, 0.0000000000000000000 ) ) ;
#10753 = DIRECTION ( 'NONE',  ( 0.0000000000000000000, -1.000000000000000000, 0.0000000000000000000 ) ) ;
#10754 = VECTOR ( 'NONE', #10753, 1000.000000000000000 ) ;
#10755 = CARTESIAN_POINT ( 'NONE',  ( -3.400000000000000400, -2.256949153578792000E-033, -2.849999999999999600 ) ) ;
#10756 = LINE ( 'NONE', #10755, #10754 ) ;
#10757 = CARTESIAN_POINT ( 'NONE',  ( -3.400000000000000400, 4.850000000000000500, -2.850000000000000100 ) ) ;
#10758 = DIRECTION ( 'NONE',  ( -1.000000000000000000, -0.0000000000000000000, -0.0000000000000000000 ) ) ;
#10759 = VECTOR ( 'NONE', #10758, 1000.000000000000000 ) ;
#10760 = CARTESIAN_POINT ( 'NONE',  ( -3.400000000000000400, 4.850000000000000500, -2.850000000000000100 ) ) ;
#10761 = LINE ( 'NONE', #10760, #10759 ) ;
#10762 = CARTESIAN_POINT ( 'NONE',  ( -3.600000000000000500, 4.850000000000000500, -2.850000000000000100 ) ) ;
#10763 = DIRECTION ( 'NONE',  ( 0.0000000000000000000, -1.000000000000000000, 0.0000000000000000000 ) ) ;
#10764 = VECTOR ( 'NONE', #10763, 1000.000000000000000 ) ;
#10765 = CARTESIAN_POINT ( 'NONE',  ( -3.600000000000001000, -2.256949153578792000E-033, -2.849999999999999600 ) ) ;
#10766 = LINE ( 'NONE', #10765, #10764 ) ;
#10767 = CARTESIAN_POINT ( 'NONE',  ( -3.600000000000001000, 5.099999999999999600, -2.849999999999999600 ) ) ;
#10768 = CARTESIAN_POINT ( 'NONE',  ( -1.400000000000000400, 5.100000000000001400, -2.600000000000000100 ) ) ;
#10769 = DIRECTION ( 'NONE',  ( 0.0000000000000000000, 1.457750820148577400E-016, -1.000000000000000000 ) ) ;
#10770 = VECTOR ( 'NONE', #10769, 1000.000000000000000 ) ;
#10771 = CARTESIAN_POINT ( 'NONE',  ( -1.400000000000000100, 5.099999999999999600, -2.849999999999999600 ) ) ;
#10772 = LINE ( 'NONE', #10771, #10770 ) ;
#10773 = DIRECTION ( 'NONE',  ( 0.0000000000000000000, 1.457750820148577400E-016, -1.000000000000000000 ) ) ;
#10774 = VECTOR ( 'NONE', #10773, 1000.000000000000000 ) ;
#10775 = CARTESIAN_POINT ( 'NONE',  ( -0.5999999999999998700, 5.099999999999999600, -2.849999999999999600 ) ) ;
#10776 = LINE ( 'NONE', #10775, #10774 ) ;
#10777 = CARTESIAN_POINT ( 'NONE',  ( -0.6000000000000005300, 5.100000000000001400, -2.600000000000000100 ) ) ;
#10778 = DIRECTION ( 'NONE',  ( -1.000000000000000000, -0.0000000000000000000, -0.0000000000000000000 ) ) ;
#10779 = VECTOR ( 'NONE', #10778, 1000.000000000000000 ) ;
#10780 = CARTESIAN_POINT ( 'NONE',  ( -0.4000000000000005200, 5.100000000000001400, -2.600000000000000100 ) ) ;
#10781 = LINE ( 'NONE', #10780, #10779 ) ;
#10782 = CARTESIAN_POINT ( 'NONE',  ( -0.4000000000000005200, 5.100000000000001400, -2.600000000000000100 ) ) ;
#10783 = DIRECTION ( 'NONE',  ( 0.0000000000000000000, 1.457750820148577400E-016, -1.000000000000000000 ) ) ;
#10784 = VECTOR ( 'NONE', #10783, 1000.000000000000000 ) ;
#10785 = CARTESIAN_POINT ( 'NONE',  ( -0.4000000000000010200, 5.099999999999999600, -2.849999999999999600 ) ) ;
#10786 = LINE ( 'NONE', #10785, #10784 ) ;
#10787 = CARTESIAN_POINT ( 'NONE',  ( 7.200000000000000200, 5.099999999999999600, -2.100000000000001400 ) ) ;
#10788 = DIRECTION ( 'NONE',  ( 0.0000000000000000000, -1.000000000000000000, 0.0000000000000000000 ) ) ;
#10789 = VECTOR ( 'NONE', #10788, 1000.000000000000000 ) ;
#10790 = CARTESIAN_POINT ( 'NONE',  ( -4.400000000000001200, -2.256949153578792000E-033, -2.849999999999999600 ) ) ;
#10791 = LINE ( 'NONE', #10790, #10789 ) ;
#10792 = CARTESIAN_POINT ( 'NONE',  ( -4.400000000000000400, 4.850000000000000500, -2.850000000000000100 ) ) ;
#10793 = DIRECTION ( 'NONE',  ( -1.000000000000000000, -0.0000000000000000000, -0.0000000000000000000 ) ) ;
#10794 = VECTOR ( 'NONE', #10793, 1000.000000000000000 ) ;
#10795 = CARTESIAN_POINT ( 'NONE',  ( -4.400000000000000400, 4.850000000000000500, -2.850000000000000100 ) ) ;
#10796 = LINE ( 'NONE', #10795, #10794 ) ;
#10797 = CARTESIAN_POINT ( 'NONE',  ( -4.599999999999999600, 4.850000000000000500, -2.850000000000000100 ) ) ;
#10798 = DIRECTION ( 'NONE',  ( 0.0000000000000000000, -1.000000000000000000, 0.0000000000000000000 ) ) ;
#10799 = VECTOR ( 'NONE', #10798, 1000.000000000000000 ) ;
#10800 = CARTESIAN_POINT ( 'NONE',  ( -4.599999999999999600, -2.256949153578792000E-033, -2.849999999999999600 ) ) ;
#10801 = LINE ( 'NONE', #10800, #10799 ) ;
#10802 = CARTESIAN_POINT ( 'NONE',  ( -4.599999999999999600, 5.099999999999999600, -2.849999999999999600 ) ) ;
#10803 = DIRECTION ( 'NONE',  ( -1.000000000000000000, -0.0000000000000000000, -0.0000000000000000000 ) ) ;
#10804 = VECTOR ( 'NONE', #10803, 1000.000000000000000 ) ;
#10805 = CARTESIAN_POINT ( 'NONE',  ( 8.099999999999999600, 5.099999999999999600, -2.849999999999999600 ) ) ;
#10806 = LINE ( 'NONE', #10805, #10804 ) ;
#10807 = CARTESIAN_POINT ( 'NONE',  ( -5.400000000000002100, 5.099999999999999600, -2.849999999999999600 ) ) ;
#10808 = DIRECTION ( 'NONE',  ( 0.0000000000000000000, -1.000000000000000000, 0.0000000000000000000 ) ) ;
#10809 = VECTOR ( 'NONE', #10808, 1000.000000000000000 ) ;
#10810 = CARTESIAN_POINT ( 'NONE',  ( -5.400000000000002100, -2.256949153578792000E-033, -2.849999999999999600 ) ) ;
#10811 = LINE ( 'NONE', #10810, #10809 ) ;
#10812 = CARTESIAN_POINT ( 'NONE',  ( -2.600000000000001400, 5.099999999999999600, -2.849999999999999600 ) ) ;
#10813 = DIRECTION ( 'NONE',  ( -1.000000000000000000, -0.0000000000000000000, -0.0000000000000000000 ) ) ;
#10814 = VECTOR ( 'NONE', #10813, 1000.000000000000000 ) ;
#10815 = CARTESIAN_POINT ( 'NONE',  ( 8.099999999999999600, 5.099999999999999600, -2.849999999999999600 ) ) ;
#10816 = LINE ( 'NONE', #10815, #10814 ) ;
#10817 = CARTESIAN_POINT ( 'NONE',  ( -3.400000000000000400, 5.099999999999999600, -2.849999999999999600 ) ) ;
#10818 = VECTOR ( 'NONE', #10882, 1000.000000000000000 ) ;
#10819 = CARTESIAN_POINT ( 'NONE',  ( -5.400000000000002100, 5.099999999999999600, -2.849999999999999600 ) ) ;
#10820 = LINE ( 'NONE', #10819, #10818 ) ;
#10821 = DIRECTION ( 'NONE',  ( 0.0000000000000000000, 1.457750820148577400E-016, -1.000000000000000000 ) ) ;
#10822 = VECTOR ( 'NONE', #10821, 1000.000000000000000 ) ;
#10823 = CARTESIAN_POINT ( 'NONE',  ( -4.599999999999999600, 5.099999999999999600, -2.849999999999999600 ) ) ;
#10824 = LINE ( 'NONE', #10823, #10822 ) ;
#10825 = CARTESIAN_POINT ( 'NONE',  ( -4.599999999999999600, 5.100000000000001400, -2.600000000000000100 ) ) ;
#10826 = DIRECTION ( 'NONE',  ( -1.000000000000000000, -0.0000000000000000000, -0.0000000000000000000 ) ) ;
#10827 = VECTOR ( 'NONE', #10826, 1000.000000000000000 ) ;
#10828 = CARTESIAN_POINT ( 'NONE',  ( -4.400000000000000400, 5.100000000000001400, -2.600000000000000100 ) ) ;
#10829 = LINE ( 'NONE', #10828, #10827 ) ;
#10830 = CARTESIAN_POINT ( 'NONE',  ( 7.049999999999998900, 5.099999999999999600, 2.100000000000001000 ) ) ;
#10831 = CARTESIAN_POINT ( 'NONE',  ( -7.049999999999998900, 5.099999999999998800, 2.100000000000000500 ) ) ;
#10832 = DIRECTION ( 'NONE',  ( 1.000000000000000000, -0.0000000000000000000, -0.0000000000000000000 ) ) ;
#10833 = VECTOR ( 'NONE', #10832, 1000.000000000000000 ) ;
#10834 = CARTESIAN_POINT ( 'NONE',  ( 7.049999999999998900, 5.099999999999999600, 2.100000000000001000 ) ) ;
#10835 = LINE ( 'NONE', #10834, #10833 ) ;
#10836 = DIRECTION ( 'NONE',  ( 0.0000000000000000000, 1.457750820148577400E-016, -1.000000000000000000 ) ) ;
#10837 = VECTOR ( 'NONE', #10836, 1000.000000000000000 ) ;
#10838 = CARTESIAN_POINT ( 'NONE',  ( -6.600000000000001400, 5.099999999999999600, -2.849999999999999600 ) ) ;
#10839 = LINE ( 'NONE', #10838, #10837 ) ;
#10840 = CARTESIAN_POINT ( 'NONE',  ( -6.600000000000001400, 5.100000000000001400, -2.600000000000000100 ) ) ;
#10841 = DIRECTION ( 'NONE',  ( -1.000000000000000000, -0.0000000000000000000, -0.0000000000000000000 ) ) ;
#10842 = VECTOR ( 'NONE', #10841, 1000.000000000000000 ) ;
#10843 = CARTESIAN_POINT ( 'NONE',  ( -6.400000000000002100, 5.100000000000001400, -2.600000000000000100 ) ) ;
#10844 = LINE ( 'NONE', #10843, #10842 ) ;
#10845 = CARTESIAN_POINT ( 'NONE',  ( -6.400000000000002100, 5.100000000000001400, -2.600000000000000100 ) ) ;
#10846 = DIRECTION ( 'NONE',  ( 0.0000000000000000000, 1.457750820148577400E-016, -1.000000000000000000 ) ) ;
#10847 = VECTOR ( 'NONE', #10846, 1000.000000000000000 ) ;
#10848 = CARTESIAN_POINT ( 'NONE',  ( -6.400000000000003000, 5.099999999999999600, -2.849999999999999600 ) ) ;
#10849 = LINE ( 'NONE', #10848, #10847 ) ;
#10850 = CARTESIAN_POINT ( 'NONE',  ( -1.400000000000000400, 5.100000000000001400, -2.600000000000000100 ) ) ;
#10851 = LINE ( 'NONE', #10850, #10598 ) ;
#10852 = AXIS2_PLACEMENT_3D ( 'NONE', #12450, #12451, #12453 ) ;
#10853 = CARTESIAN_POINT ( 'NONE',  ( -4.400000000000000400, 5.100000000000001400, -2.600000000000000100 ) ) ;
#10854 = DIRECTION ( 'NONE',  ( 0.0000000000000000000, 1.457750820148577400E-016, -1.000000000000000000 ) ) ;
#10855 = VECTOR ( 'NONE', #10854, 1000.000000000000000 ) ;
#10856 = CARTESIAN_POINT ( 'NONE',  ( -4.400000000000001200, 5.099999999999999600, -2.849999999999999600 ) ) ;
#10857 = LINE ( 'NONE', #10856, #10855 ) ;
#10858 = DIRECTION ( 'NONE',  ( 0.0000000000000000000, 1.457750820148577400E-016, -1.000000000000000000 ) ) ;
#10859 = VECTOR ( 'NONE', #10858, 1000.000000000000000 ) ;
#10860 = CARTESIAN_POINT ( 'NONE',  ( -3.600000000000001000, 5.099999999999999600, -2.849999999999999600 ) ) ;
#10861 = LINE ( 'NONE', #10860, #10859 ) ;
#10862 = CARTESIAN_POINT ( 'NONE',  ( -3.600000000000000500, 5.100000000000001400, -2.600000000000000100 ) ) ;
#10863 = DIRECTION ( 'NONE',  ( -1.000000000000000000, -0.0000000000000000000, -0.0000000000000000000 ) ) ;
#10864 = VECTOR ( 'NONE', #10863, 1000.000000000000000 ) ;
#10865 = CARTESIAN_POINT ( 'NONE',  ( -3.400000000000000400, 5.100000000000001400, -2.600000000000000100 ) ) ;
#10866 = LINE ( 'NONE', #10865, #10864 ) ;
#10867 = CARTESIAN_POINT ( 'NONE',  ( -3.400000000000000400, 5.100000000000001400, -2.600000000000000100 ) ) ;
#10868 = DIRECTION ( 'NONE',  ( 0.0000000000000000000, 1.457750820148577400E-016, -1.000000000000000000 ) ) ;
#10869 = VECTOR ( 'NONE', #10868, 1000.000000000000000 ) ;
#10870 = CARTESIAN_POINT ( 'NONE',  ( -3.400000000000000400, 5.099999999999999600, -2.849999999999999600 ) ) ;
#10871 = LINE ( 'NONE', #10870, #10869 ) ;
#10872 = DIRECTION ( 'NONE',  ( 0.0000000000000000000, 1.457750820148577400E-016, -1.000000000000000000 ) ) ;
#10873 = VECTOR ( 'NONE', #10872, 1000.000000000000000 ) ;
#10874 = CARTESIAN_POINT ( 'NONE',  ( -5.600000000000000500, 5.099999999999999600, -2.849999999999999600 ) ) ;
#10875 = LINE ( 'NONE', #10874, #10873 ) ;
#10876 = CARTESIAN_POINT ( 'NONE',  ( -5.600000000000000500, 5.100000000000001400, -2.600000000000000100 ) ) ;
#10877 = DIRECTION ( 'NONE',  ( -1.000000000000000000, -0.0000000000000000000, -0.0000000000000000000 ) ) ;
#10878 = VECTOR ( 'NONE', #10877, 1000.000000000000000 ) ;
#10879 = CARTESIAN_POINT ( 'NONE',  ( -5.400000000000001200, 5.100000000000001400, -2.600000000000000100 ) ) ;
#10880 = LINE ( 'NONE', #10879, #10878 ) ;
#10881 = CARTESIAN_POINT ( 'NONE',  ( -5.400000000000001200, 5.100000000000001400, -2.600000000000000100 ) ) ;
#10882 = DIRECTION ( 'NONE',  ( 0.0000000000000000000, 1.457750820148577400E-016, -1.000000000000000000 ) ) ;
#10883 = CARTESIAN_POINT ( 'NONE',  ( -5.600000000000000500, 3.388131789017201400E-017, -2.599999999999999200 ) ) ;
#10884 = DIRECTION ( 'NONE',  ( 0.0000000000000000000, 4.103543915597804000E-034, 1.000000000000000000 ) ) ;
#10885 = VECTOR ( 'NONE', #10884, 1000.000000000000000 ) ;
#10886 = CARTESIAN_POINT ( 'NONE',  ( -5.600000000000000500, 0.0000000000000000000, 2.650000000000000400 ) ) ;
#10887 = LINE ( 'NONE', #10886, #10885 ) ;
#10888 = CARTESIAN_POINT ( 'NONE',  ( -6.400000000000003000, 3.388131789017201400E-017, -2.599999999999999200 ) ) ;
#10889 = DIRECTION ( 'NONE',  ( 0.0000000000000000000, 4.103543915597804000E-034, 1.000000000000000000 ) ) ;
#10890 = VECTOR ( 'NONE', #10889, 1000.000000000000000 ) ;
#10891 = CARTESIAN_POINT ( 'NONE',  ( -6.400000000000003000, 0.0000000000000000000, 2.650000000000000400 ) ) ;
#10892 = LINE ( 'NONE', #10891, #10890 ) ;
#10893 = DIRECTION ( 'NONE',  ( 0.0000000000000000000, 4.103543915597804000E-034, 1.000000000000000000 ) ) ;
#10894 = DIRECTION ( 'NONE',  ( 0.0000000000000000000, 1.000000000000000000, -4.103543915597804000E-034 ) ) ;
#10895 = CARTESIAN_POINT ( 'NONE',  ( 8.099999999999999600, 0.0000000000000000000, 2.650000000000000400 ) ) ;
#10896 = AXIS2_PLACEMENT_3D ( 'NONE', #10895, #10894, #10893 ) ;
#10897 = PLANE ( 'NONE',  #10896 ) ;
#10898 = FACE_OUTER_BOUND ( 'NONE', #3919, .T. ) ;
#10899 = DIRECTION ( 'NONE',  ( 0.0000000000000000000, 0.0000000000000000000, 1.000000000000000000 ) ) ;
#10900 = VECTOR ( 'NONE', #10899, 1000.000000000000000 ) ;
#10901 = CARTESIAN_POINT ( 'NONE',  ( 7.049999999999998900, 5.099999999999999600, 2.100000000000001000 ) ) ;
#10902 = LINE ( 'NONE', #10901, #10900 ) ;
#10903 = CARTESIAN_POINT ( 'NONE',  ( -3.600000000000001000, 3.388131789017201400E-017, -2.599999999999999200 ) ) ;
#10904 = DIRECTION ( 'NONE',  ( 0.0000000000000000000, 4.103543915597804000E-034, 1.000000000000000000 ) ) ;
#10905 = VECTOR ( 'NONE', #10904, 1000.000000000000000 ) ;
#10906 = CARTESIAN_POINT ( 'NONE',  ( -3.600000000000001000, 0.0000000000000000000, 2.650000000000000400 ) ) ;
#10907 = LINE ( 'NONE', #10906, #10905 ) ;
#10908 = DIRECTION ( 'NONE',  ( 0.0000000000000000000, 1.457750820148577400E-016, -1.000000000000000000 ) ) ;
#10909 = VECTOR ( 'NONE', #10908, 1000.000000000000000 ) ;
#10910 = CARTESIAN_POINT ( 'NONE',  ( -1.600000000000000800, 5.099999999999999600, -2.849999999999999600 ) ) ;
#10911 = LINE ( 'NONE', #10910, #10909 ) ;
#10912 = CARTESIAN_POINT ( 'NONE',  ( -1.600000000000000500, 5.100000000000001400, -2.600000000000000100 ) ) ;
#10913 = DIRECTION ( 'NONE',  ( -0.0000000000000000000, -0.0000000000000000000, -1.000000000000000000 ) ) ;
#10914 = VECTOR ( 'NONE', #10913, 1000.000000000000000 ) ;
#10915 = CARTESIAN_POINT ( 'NONE',  ( -7.049999999999998900, 5.099999999999999600, 2.100000000000001000 ) ) ;
#10916 = LINE ( 'NONE', #10915, #10914 ) ;
#10917 = CARTESIAN_POINT ( 'NONE',  ( 7.049999999999998900, 5.099999999999999600, 2.600000000000001400 ) ) ;
#10918 = DIRECTION ( 'NONE',  ( 1.000000000000000000, 0.0000000000000000000, -1.577021341797097000E-015 ) ) ;
#10919 = VECTOR ( 'NONE', #10918, 1000.000000000000000 ) ;
#10920 = CARTESIAN_POINT ( 'NONE',  ( 7.049999999999998900, 5.099999999999999600, 2.600000000000001400 ) ) ;
#10921 = LINE ( 'NONE', #10920, #10919 ) ;
#10922 = CARTESIAN_POINT ( 'NONE',  ( 7.599999999999998800, 5.099999999999999600, 2.600000000000000500 ) ) ;
#10923 = DIRECTION ( 'NONE',  ( 7.080503983578803800E-016, 0.0000000000000000000, -1.000000000000000000 ) ) ;
#10924 = VECTOR ( 'NONE', #10923, 1000.000000000000000 ) ;
#10925 = CARTESIAN_POINT ( 'NONE',  ( 7.599999999999998800, 5.099999999999999600, 2.600000000000000500 ) ) ;
#10926 = LINE ( 'NONE', #10925, #10924 ) ;
#10927 = CARTESIAN_POINT ( 'NONE',  ( 7.600000000000000500, 5.099999999999999600, 0.1500000000000002400 ) ) ;
#10928 = DIRECTION ( 'NONE',  ( -1.000000000000000000, 0.0000000000000000000, -6.776263578034385500E-017 ) ) ;
#10929 = VECTOR ( 'NONE', #10928, 1000.000000000000000 ) ;
#10930 = CARTESIAN_POINT ( 'NONE',  ( 7.600000000000000500, 5.099999999999999600, 0.1500000000000002400 ) ) ;
#10931 = LINE ( 'NONE', #10930, #10929 ) ;
#10932 = CARTESIAN_POINT ( 'NONE',  ( 7.200000000000000200, 5.099999999999999600, 0.1500000000000002400 ) ) ;
#10933 = DIRECTION ( 'NONE',  ( 0.0000000000000000000, 0.0000000000000000000, -1.000000000000000000 ) ) ;
#10934 = VECTOR ( 'NONE', #10933, 1000.000000000000000 ) ;
#10935 = CARTESIAN_POINT ( 'NONE',  ( 7.200000000000000200, 5.099999999999999600, 0.1500000000000002400 ) ) ;
#10936 = LINE ( 'NONE', #10935, #10934 ) ;
#10937 = DIRECTION ( 'NONE',  ( -1.000000000000000000, -0.0000000000000000000, -0.0000000000000000000 ) ) ;
#10938 = VECTOR ( 'NONE', #10937, 1000.000000000000000 ) ;
#10939 = CARTESIAN_POINT ( 'NONE',  ( -7.200000000000000200, 5.099999999999999600, -2.100000000000001400 ) ) ;
#10940 = LINE ( 'NONE', #10939, #10938 ) ;
#10941 = CARTESIAN_POINT ( 'NONE',  ( -5.400000000000002100, 3.388131789017201400E-017, -2.599999999999999200 ) ) ;
#10942 = DIRECTION ( 'NONE',  ( -1.000000000000000000, 0.0000000000000000000, 0.0000000000000000000 ) ) ;
#10943 = VECTOR ( 'NONE', #10942, 1000.000000000000000 ) ;
#10944 = CARTESIAN_POINT ( 'NONE',  ( 8.099999999999999600, -2.154360555688847200E-033, -2.599999999999999200 ) ) ;
#10945 = LINE ( 'NONE', #10944, #10943 ) ;
#10946 = CARTESIAN_POINT ( 'NONE',  ( 0.3999999999999994100, 3.388131789017201400E-017, -2.599999999999999200 ) ) ;
#10947 = DIRECTION ( 'NONE',  ( 0.0000000000000000000, 4.103543915597804000E-034, 1.000000000000000000 ) ) ;
#10948 = VECTOR ( 'NONE', #10947, 1000.000000000000000 ) ;
#10949 = CARTESIAN_POINT ( 'NONE',  ( 0.3999999999999993000, 0.0000000000000000000, 2.650000000000000400 ) ) ;
#10950 = LINE ( 'NONE', #10949, #10948 ) ;
#10951 = DIRECTION ( 'NONE',  ( 0.0000000000000000000, 4.103543915597804000E-034, 1.000000000000000000 ) ) ;
#10952 = VECTOR ( 'NONE', #10951, 1000.000000000000000 ) ;
#10953 = CARTESIAN_POINT ( 'NONE',  ( -0.4000000000000010200, 0.0000000000000000000, 2.650000000000000400 ) ) ;
#10954 = LINE ( 'NONE', #10953, #10952 ) ;
#10955 = CARTESIAN_POINT ( 'NONE',  ( -0.4000000000000008000, 3.388131789017201400E-017, -2.599999999999999200 ) ) ;
#10956 = CARTESIAN_POINT ( 'NONE',  ( -7.200000000000000200, 5.099999999999999600, -2.100000000000001400 ) ) ;
#10957 = DIRECTION ( 'NONE',  ( -0.0000000000000000000, -0.0000000000000000000, 1.000000000000000000 ) ) ;
#10958 = VECTOR ( 'NONE', #10957, 1000.000000000000000 ) ;
#10959 = CARTESIAN_POINT ( 'NONE',  ( -7.200000000000000200, 5.099999999999999600, 0.1500000000000002400 ) ) ;
#10960 = LINE ( 'NONE', #10959, #10958 ) ;
#10961 = CARTESIAN_POINT ( 'NONE',  ( -7.200000000000000200, 5.099999999999999600, 0.1500000000000002400 ) ) ;
#10962 = DIRECTION ( 'NONE',  ( -1.000000000000000000, -0.0000000000000000000, 6.776263578034385500E-017 ) ) ;
#10963 = VECTOR ( 'NONE', #10962, 1000.000000000000000 ) ;
#10964 = CARTESIAN_POINT ( 'NONE',  ( -7.600000000000000500, 5.099999999999999600, 0.1500000000000002400 ) ) ;
#10965 = LINE ( 'NONE', #10964, #10963 ) ;
#10966 = CARTESIAN_POINT ( 'NONE',  ( -7.600000000000000500, 5.099999999999999600, 0.1500000000000002400 ) ) ;
#10967 = DIRECTION ( 'NONE',  ( 7.080503983578803800E-016, -0.0000000000000000000, 1.000000000000000000 ) ) ;
#10968 = VECTOR ( 'NONE', #10967, 1000.000000000000000 ) ;
#10969 = CARTESIAN_POINT ( 'NONE',  ( -7.599999999999998800, 5.099999999999999600, 2.600000000000000500 ) ) ;
#10970 = LINE ( 'NONE', #10969, #10968 ) ;
#10971 = CARTESIAN_POINT ( 'NONE',  ( -7.599999999999998800, 5.099999999999999600, 2.600000000000000500 ) ) ;
#10972 = DIRECTION ( 'NONE',  ( 1.000000000000000000, -0.0000000000000000000, 1.577021341797097000E-015 ) ) ;
#10973 = VECTOR ( 'NONE', #10972, 1000.000000000000000 ) ;
#10974 = CARTESIAN_POINT ( 'NONE',  ( -7.049999999999998900, 5.099999999999999600, 2.600000000000001400 ) ) ;
#10975 = LINE ( 'NONE', #10974, #10973 ) ;
#10976 = CARTESIAN_POINT ( 'NONE',  ( -7.049999999999998900, 5.099999999999999600, 2.600000000000001400 ) ) ;
#10977 = DIRECTION ( 'NONE',  ( 0.0000000000000000000, 4.103543915597804000E-034, 1.000000000000000000 ) ) ;
#10978 = VECTOR ( 'NONE', #10977, 1000.000000000000000 ) ;
#10979 = CARTESIAN_POINT ( 'NONE',  ( -3.400000000000000400, 0.0000000000000000000, 2.650000000000000400 ) ) ;
#10980 = LINE ( 'NONE', #10979, #10978 ) ;
#10981 = CARTESIAN_POINT ( 'NONE',  ( -3.400000000000000400, 3.388131789017201400E-017, -2.599999999999999200 ) ) ;
#10982 = DIRECTION ( 'NONE',  ( -1.000000000000000000, 0.0000000000000000000, 0.0000000000000000000 ) ) ;
#10983 = VECTOR ( 'NONE', #10982, 1000.000000000000000 ) ;
#10984 = CARTESIAN_POINT ( 'NONE',  ( 8.099999999999999600, -2.154360555688847200E-033, -2.599999999999999200 ) ) ;
#10985 = LINE ( 'NONE', #10984, #10983 ) ;
#10986 = DIRECTION ( 'NONE',  ( 0.0000000000000000000, 4.103543915597804000E-034, 1.000000000000000000 ) ) ;
#10987 = VECTOR ( 'NONE', #10986, 1000.000000000000000 ) ;
#10988 = CARTESIAN_POINT ( 'NONE',  ( -1.400000000000000100, 0.0000000000000000000, 2.650000000000000400 ) ) ;
#10989 = LINE ( 'NONE', #10988, #10987 ) ;
#10990 = CARTESIAN_POINT ( 'NONE',  ( -1.400000000000000100, 3.388131789017201400E-017, -2.599999999999999200 ) ) ;
#10991 = DIRECTION ( 'NONE',  ( -1.000000000000000000, 0.0000000000000000000, 0.0000000000000000000 ) ) ;
#10992 = VECTOR ( 'NONE', #10991, 1000.000000000000000 ) ;
#10993 = CARTESIAN_POINT ( 'NONE',  ( 8.099999999999999600, -2.154360555688847200E-033, -2.599999999999999200 ) ) ;
#10994 = LINE ( 'NONE', #10993, #10992 ) ;
#10995 = CARTESIAN_POINT ( 'NONE',  ( -1.600000000000000800, 3.388131789017201400E-017, -2.599999999999999200 ) ) ;
#10996 = DIRECTION ( 'NONE',  ( 0.0000000000000000000, 4.103543915597804000E-034, 1.000000000000000000 ) ) ;
#10997 = VECTOR ( 'NONE', #10996, 1000.000000000000000 ) ;
#10998 = CARTESIAN_POINT ( 'NONE',  ( -1.600000000000000800, 0.0000000000000000000, 2.650000000000000400 ) ) ;
#10999 = LINE ( 'NONE', #10998, #10997 ) ;
#11000 = DIRECTION ( 'NONE',  ( 0.0000000000000000000, 4.103543915597804000E-034, 1.000000000000000000 ) ) ;
#11001 = VECTOR ( 'NONE', #11000, 1000.000000000000000 ) ;
#11002 = CARTESIAN_POINT ( 'NONE',  ( -2.400000000000001200, 0.0000000000000000000, 2.650000000000000400 ) ) ;
#11003 = LINE ( 'NONE', #11002, #11001 ) ;
#11004 = CARTESIAN_POINT ( 'NONE',  ( 0.5999999999999997600, 3.388131789017201400E-017, -2.599999999999999200 ) ) ;
#11005 = DIRECTION ( 'NONE',  ( -1.000000000000000000, 0.0000000000000000000, 0.0000000000000000000 ) ) ;
#11006 = VECTOR ( 'NONE', #11005, 1000.000000000000000 ) ;
#11007 = CARTESIAN_POINT ( 'NONE',  ( 8.099999999999999600, -2.154360555688847200E-033, -2.599999999999999200 ) ) ;
#11008 = LINE ( 'NONE', #11007, #11006 ) ;
#11009 = DIRECTION ( 'NONE',  ( -1.000000000000000000, 0.0000000000000000000, 0.0000000000000000000 ) ) ;
#11010 = VECTOR ( 'NONE', #11009, 1000.000000000000000 ) ;
#11011 = CARTESIAN_POINT ( 'NONE',  ( 8.099999999999999600, -2.154360555688847200E-033, -2.599999999999999200 ) ) ;
#11012 = LINE ( 'NONE', #11011, #11010 ) ;
#11013 = DIRECTION ( 'NONE',  ( 0.0000000000000000000, 4.103543915597804000E-034, 1.000000000000000000 ) ) ;
#11014 = VECTOR ( 'NONE', #11013, 1000.000000000000000 ) ;
#11015 = CARTESIAN_POINT ( 'NONE',  ( -4.400000000000001200, 0.0000000000000000000, 2.650000000000000400 ) ) ;
#11016 = LINE ( 'NONE', #11015, #11014 ) ;
#11017 = CARTESIAN_POINT ( 'NONE',  ( -4.400000000000001200, 3.388131789017201400E-017, -2.599999999999999200 ) ) ;
#11018 = DIRECTION ( 'NONE',  ( -1.000000000000000000, 0.0000000000000000000, 0.0000000000000000000 ) ) ;
#11019 = VECTOR ( 'NONE', #11018, 1000.000000000000000 ) ;
#11020 = CARTESIAN_POINT ( 'NONE',  ( 8.099999999999999600, -2.154360555688847200E-033, -2.599999999999999200 ) ) ;
#11021 = LINE ( 'NONE', #11020, #11019 ) ;
#11022 = CARTESIAN_POINT ( 'NONE',  ( -4.599999999999999600, 3.388131789017201400E-017, -2.599999999999999200 ) ) ;
#11023 = DIRECTION ( 'NONE',  ( 0.0000000000000000000, 4.103543915597804000E-034, 1.000000000000000000 ) ) ;
#11024 = VECTOR ( 'NONE', #11023, 1000.000000000000000 ) ;
#11025 = CARTESIAN_POINT ( 'NONE',  ( -4.599999999999999600, 0.0000000000000000000, 2.650000000000000400 ) ) ;
#11026 = LINE ( 'NONE', #11025, #11024 ) ;
#11027 = DIRECTION ( 'NONE',  ( 0.0000000000000000000, 4.103543915597804000E-034, 1.000000000000000000 ) ) ;
#11028 = VECTOR ( 'NONE', #11027, 1000.000000000000000 ) ;
#11029 = CARTESIAN_POINT ( 'NONE',  ( -5.400000000000002100, 0.0000000000000000000, 2.650000000000000400 ) ) ;
#11030 = LINE ( 'NONE', #11029, #11028 ) ;
#11031 = CARTESIAN_POINT ( 'NONE',  ( -2.400000000000001200, 3.388131789017201400E-017, -2.599999999999999200 ) ) ;
#11032 = DIRECTION ( 'NONE',  ( -1.000000000000000000, 0.0000000000000000000, 0.0000000000000000000 ) ) ;
#11033 = VECTOR ( 'NONE', #11032, 1000.000000000000000 ) ;
#11034 = CARTESIAN_POINT ( 'NONE',  ( 8.099999999999999600, -2.154360555688847200E-033, -2.599999999999999200 ) ) ;
#11035 = LINE ( 'NONE', #11034, #11033 ) ;
#11036 = CARTESIAN_POINT ( 'NONE',  ( -2.600000000000001400, 3.388131789017201400E-017, -2.599999999999999200 ) ) ;
#11037 = DIRECTION ( 'NONE',  ( 0.0000000000000000000, 4.103543915597804000E-034, 1.000000000000000000 ) ) ;
#11038 = VECTOR ( 'NONE', #11037, 1000.000000000000000 ) ;
#11039 = CARTESIAN_POINT ( 'NONE',  ( -2.600000000000001400, 0.0000000000000000000, 2.650000000000000400 ) ) ;
#11040 = LINE ( 'NONE', #11039, #11038 ) ;
#11041 = CARTESIAN_POINT ( 'NONE',  ( 2.600000000000000100, 3.388131789017201400E-017, -2.599999999999999200 ) ) ;
#11042 = DIRECTION ( 'NONE',  ( -1.000000000000000000, 0.0000000000000000000, 0.0000000000000000000 ) ) ;
#11043 = VECTOR ( 'NONE', #11042, 1000.000000000000000 ) ;
#11044 = CARTESIAN_POINT ( 'NONE',  ( 8.099999999999999600, -2.154360555688847200E-033, -2.599999999999999200 ) ) ;
#11045 = LINE ( 'NONE', #11044, #11043 ) ;
#11046 = DIRECTION ( 'NONE',  ( 0.0000000000000000000, 4.103543915597804000E-034, 1.000000000000000000 ) ) ;
#11047 = VECTOR ( 'NONE', #11046, 1000.000000000000000 ) ;
#11048 = CARTESIAN_POINT ( 'NONE',  ( 2.399999999999999500, 0.0000000000000000000, 2.650000000000000400 ) ) ;
#11049 = LINE ( 'NONE', #11048, #11047 ) ;
#11050 = DIRECTION ( 'NONE',  ( 0.0000000000000000000, 4.103543915597804000E-034, 1.000000000000000000 ) ) ;
#11051 = VECTOR ( 'NONE', #11050, 1000.000000000000000 ) ;
#11052 = CARTESIAN_POINT ( 'NONE',  ( 5.399999999999999500, 0.0000000000000000000, 2.650000000000000400 ) ) ;
#11053 = LINE ( 'NONE', #11052, #11051 ) ;
#11054 = DIRECTION ( 'NONE',  ( 0.0000000000000000000, 4.103543915597804000E-034, 1.000000000000000000 ) ) ;
#11055 = VECTOR ( 'NONE', #11054, 1000.000000000000000 ) ;
#11056 = CARTESIAN_POINT ( 'NONE',  ( 4.599999999999998800, 0.0000000000000000000, 2.650000000000000400 ) ) ;
#11057 = LINE ( 'NONE', #11056, #11055 ) ;
#11058 = CARTESIAN_POINT ( 'NONE',  ( 4.599999999999998800, 3.388131789017201400E-017, -2.599999999999999200 ) ) ;
#11059 = DIRECTION ( 'NONE',  ( -1.000000000000000000, 0.0000000000000000000, 0.0000000000000000000 ) ) ;
#11060 = VECTOR ( 'NONE', #11059, 1000.000000000000000 ) ;
#11061 = CARTESIAN_POINT ( 'NONE',  ( 8.099999999999999600, -2.154360555688847200E-033, -2.599999999999999200 ) ) ;
#11062 = LINE ( 'NONE', #11061, #11060 ) ;
#11063 = CARTESIAN_POINT ( 'NONE',  ( 4.399999999999999500, 3.388131789017201400E-017, -2.599999999999999200 ) ) ;
#11064 = DIRECTION ( 'NONE',  ( 0.0000000000000000000, 4.103543915597804000E-034, 1.000000000000000000 ) ) ;
#11065 = VECTOR ( 'NONE', #11064, 1000.000000000000000 ) ;
#11066 = CARTESIAN_POINT ( 'NONE',  ( 4.399999999999999500, 0.0000000000000000000, 2.650000000000000400 ) ) ;
#11067 = LINE ( 'NONE', #11066, #11065 ) ;
#11068 = DIRECTION ( 'NONE',  ( 0.0000000000000000000, 4.103543915597804000E-034, 1.000000000000000000 ) ) ;
#11069 = VECTOR ( 'NONE', #11068, 1000.000000000000000 ) ;
#11070 = CARTESIAN_POINT ( 'NONE',  ( 3.600000000000000100, 0.0000000000000000000, 2.650000000000000400 ) ) ;
#11071 = LINE ( 'NONE', #11070, #11069 ) ;
#11072 = CARTESIAN_POINT ( 'NONE',  ( 6.599999999999998800, 3.388131789017201400E-017, -2.599999999999999200 ) ) ;
#11073 = CARTESIAN_POINT ( 'NONE',  ( 1.599999999999999900, 0.0000000000000000000, 2.650000000000000400 ) ) ;
#11074 = LINE ( 'NONE', #11073, #11135 ) ;
#11075 = CARTESIAN_POINT ( 'NONE',  ( 1.599999999999999900, 3.388131789017201400E-017, -2.599999999999999200 ) ) ;
#11076 = DIRECTION ( 'NONE',  ( -1.000000000000000000, 0.0000000000000000000, 0.0000000000000000000 ) ) ;
#11077 = VECTOR ( 'NONE', #11076, 1000.000000000000000 ) ;
#11078 = CARTESIAN_POINT ( 'NONE',  ( 8.099999999999999600, -2.154360555688847200E-033, -2.599999999999999200 ) ) ;
#11079 = LINE ( 'NONE', #11078, #11077 ) ;
#11080 = CARTESIAN_POINT ( 'NONE',  ( 1.399999999999999200, 3.388131789017201400E-017, -2.599999999999999200 ) ) ;
#11081 = DIRECTION ( 'NONE',  ( 0.0000000000000000000, 4.103543915597804000E-034, 1.000000000000000000 ) ) ;
#11082 = VECTOR ( 'NONE', #11081, 1000.000000000000000 ) ;
#11083 = CARTESIAN_POINT ( 'NONE',  ( 1.399999999999999200, 0.0000000000000000000, 2.650000000000000400 ) ) ;
#11084 = LINE ( 'NONE', #11083, #11082 ) ;
#11085 = DIRECTION ( 'NONE',  ( 0.0000000000000000000, 4.103543915597804000E-034, 1.000000000000000000 ) ) ;
#11086 = VECTOR ( 'NONE', #11085, 1000.000000000000000 ) ;
#11087 = CARTESIAN_POINT ( 'NONE',  ( 0.5999999999999998700, 0.0000000000000000000, 2.650000000000000400 ) ) ;
#11088 = LINE ( 'NONE', #11087, #11086 ) ;
#11089 = CARTESIAN_POINT ( 'NONE',  ( 3.600000000000000100, 3.388131789017201400E-017, -2.599999999999999200 ) ) ;
#11090 = DIRECTION ( 'NONE',  ( -1.000000000000000000, 0.0000000000000000000, 0.0000000000000000000 ) ) ;
#11091 = VECTOR ( 'NONE', #11090, 1000.000000000000000 ) ;
#11092 = CARTESIAN_POINT ( 'NONE',  ( 8.099999999999999600, -2.154360555688847200E-033, -2.599999999999999200 ) ) ;
#11093 = LINE ( 'NONE', #11092, #11091 ) ;
#11094 = CARTESIAN_POINT ( 'NONE',  ( 3.400000000000000400, 3.388131789017201400E-017, -2.599999999999999200 ) ) ;
#11095 = DIRECTION ( 'NONE',  ( 0.0000000000000000000, 4.103543915597804000E-034, 1.000000000000000000 ) ) ;
#11096 = VECTOR ( 'NONE', #11095, 1000.000000000000000 ) ;
#11097 = CARTESIAN_POINT ( 'NONE',  ( 3.400000000000000400, 0.0000000000000000000, 2.650000000000000400 ) ) ;
#11098 = LINE ( 'NONE', #11097, #11096 ) ;
#11099 = DIRECTION ( 'NONE',  ( 0.0000000000000000000, 4.103543915597804000E-034, 1.000000000000000000 ) ) ;
#11100 = VECTOR ( 'NONE', #11099, 1000.000000000000000 ) ;
#11101 = CARTESIAN_POINT ( 'NONE',  ( 2.600000000000000100, 0.0000000000000000000, 2.650000000000000400 ) ) ;
#11102 = LINE ( 'NONE', #11101, #11100 ) ;
#11103 = PLANE ( 'NONE',  #10852 ) ;
#11104 = DIRECTION ( 'NONE',  ( -0.0000000000000000000, 1.000000000000000000, -1.495451272393799300E-016 ) ) ;
#11105 = FACE_OUTER_BOUND ( 'NONE', #4066, .T. ) ;
#11106 = DIRECTION ( 'NONE',  ( -1.000000000000000000, 0.0000000000000000000, 0.0000000000000000000 ) ) ;
#11107 = VECTOR ( 'NONE', #11106, 1000.000000000000000 ) ;
#11108 = CARTESIAN_POINT ( 'NONE',  ( 8.099999999999999600, -2.154360555688847200E-033, -2.599999999999999200 ) ) ;
#11109 = LINE ( 'NONE', #11108, #11107 ) ;
#11110 = CARTESIAN_POINT ( 'NONE',  ( -6.600000000000001400, 3.388131789017201400E-017, -2.599999999999999200 ) ) ;
#11111 = DIRECTION ( 'NONE',  ( 0.0000000000000000000, 4.103543915597804000E-034, 1.000000000000000000 ) ) ;
#11112 = VECTOR ( 'NONE', #11111, 1000.000000000000000 ) ;
#11113 = CARTESIAN_POINT ( 'NONE',  ( -6.600000000000001400, 0.0000000000000000000, 2.650000000000000400 ) ) ;
#11114 = LINE ( 'NONE', #11113, #11112 ) ;
#11115 = DIRECTION ( 'NONE',  ( -0.0000000000000000000, -1.000000000000000000, 1.807003620809174600E-016 ) ) ;
#11116 = VECTOR ( 'NONE', #11115, 1000.000000000000000 ) ;
#11117 = CARTESIAN_POINT ( 'NONE',  ( 5.249999999999999100, 3.200000000000001500, 2.649999999999999900 ) ) ;
#11118 = LINE ( 'NONE', #11117, #11116 ) ;
#11119 = DIRECTION ( 'NONE',  ( 0.0000000000000000000, -1.000000000000000000, 0.0000000000000000000 ) ) ;
#11120 = VECTOR ( 'NONE', #11119, 1000.000000000000000 ) ;
#11121 = CARTESIAN_POINT ( 'NONE',  ( 8.099999999999999600, 1.699999999999999500, 2.650000000000000400 ) ) ;
#11122 = LINE ( 'NONE', #11121, #11120 ) ;
#11123 = CARTESIAN_POINT ( 'NONE',  ( -8.099999999999999600, 1.699999999999999500, 2.650000000000000400 ) ) ;
#11124 = DIRECTION ( 'NONE',  ( -1.000000000000000000, 0.0000000000000000000, 0.0000000000000000000 ) ) ;
#11125 = VECTOR ( 'NONE', #11124, 1000.000000000000000 ) ;
#11126 = CARTESIAN_POINT ( 'NONE',  ( 8.099999999999999600, -2.154360555688847200E-033, -2.599999999999999200 ) ) ;
#11127 = LINE ( 'NONE', #11126, #11125 ) ;
#11128 = CARTESIAN_POINT ( 'NONE',  ( -0.6000000000000002000, 3.388131789017201400E-017, -2.599999999999999200 ) ) ;
#11129 = DIRECTION ( 'NONE',  ( 0.0000000000000000000, 4.103543915597804000E-034, 1.000000000000000000 ) ) ;
#11130 = VECTOR ( 'NONE', #11129, 1000.000000000000000 ) ;
#11131 = CARTESIAN_POINT ( 'NONE',  ( -0.5999999999999998700, 0.0000000000000000000, 2.650000000000000400 ) ) ;
#11132 = LINE ( 'NONE', #11131, #11130 ) ;
#11133 = CARTESIAN_POINT ( 'NONE',  ( 2.399999999999999500, 3.388131789017201400E-017, -2.599999999999999200 ) ) ;
#11134 = DIRECTION ( 'NONE',  ( 0.0000000000000000000, 4.103543915597804000E-034, 1.000000000000000000 ) ) ;
#11135 = VECTOR ( 'NONE', #11134, 1000.000000000000000 ) ;
#11136 = CARTESIAN_POINT ( 'NONE',  ( -8.099999999999999600, 0.0000000000000000000, 2.650000000000000400 ) ) ;
#11137 = DIRECTION ( 'NONE',  ( -1.000000000000000000, -0.0000000000000000000, -0.0000000000000000000 ) ) ;
#11138 = VECTOR ( 'NONE', #11137, 1000.000000000000000 ) ;
#11139 = CARTESIAN_POINT ( 'NONE',  ( 8.099999999999999600, 0.0000000000000000000, 2.650000000000000400 ) ) ;
#11140 = LINE ( 'NONE', #11139, #11138 ) ;
#11141 = CARTESIAN_POINT ( 'NONE',  ( 8.099999999999999600, 0.0000000000000000000, 2.650000000000000400 ) ) ;
#11142 = DIRECTION ( 'NONE',  ( 0.0000000000000000000, -4.103543915597804000E-034, -1.000000000000000000 ) ) ;
#11143 = VECTOR ( 'NONE', #11142, 1000.000000000000000 ) ;
#11144 = CARTESIAN_POINT ( 'NONE',  ( 8.099999999999999600, 0.0000000000000000000, 2.650000000000000400 ) ) ;
#11145 = LINE ( 'NONE', #11144, #11143 ) ;
#11146 = DIRECTION ( 'NONE',  ( 0.0000000000000000000, 4.103543915597804000E-034, 1.000000000000000000 ) ) ;
#11147 = VECTOR ( 'NONE', #11146, 1000.000000000000000 ) ;
#11148 = CARTESIAN_POINT ( 'NONE',  ( 6.599999999999998800, 0.0000000000000000000, 2.650000000000000400 ) ) ;
#11149 = LINE ( 'NONE', #11148, #11147 ) ;
#11150 = CARTESIAN_POINT ( 'NONE',  ( 8.099999999999999600, 1.699999999999999500, 2.650000000000000400 ) ) ;
#11151 = DIRECTION ( 'NONE',  ( -1.000000000000000000, -0.0000000000000000000, -0.0000000000000000000 ) ) ;
#11152 = VECTOR ( 'NONE', #11151, 1000.000000000000000 ) ;
#11153 = CARTESIAN_POINT ( 'NONE',  ( 8.099999999999999600, 1.699999999999999500, 2.650000000000000400 ) ) ;
#11154 = LINE ( 'NONE', #11153, #11152 ) ;
#11155 = CARTESIAN_POINT ( 'NONE',  ( 5.249999999999999100, 1.700000000000001300, 2.650000000000000400 ) ) ;
#11156 = DIRECTION ( 'NONE',  ( -0.0000000000000000000, 4.818676322157799300E-016, 1.000000000000000000 ) ) ;
#11157 = VECTOR ( 'NONE', #11156, 1000.000000000000000 ) ;
#11158 = CARTESIAN_POINT ( 'NONE',  ( 5.249999999999999100, 1.700000000000001500, 3.100000000000000500 ) ) ;
#11159 = LINE ( 'NONE', #11158, #11157 ) ;
#11160 = CARTESIAN_POINT ( 'NONE',  ( 5.249999999999999100, 1.700000000000001500, 3.100000000000000500 ) ) ;
#11161 = CARTESIAN_POINT ( 'NONE',  ( 8.099999999999999600, 1.699999999999999300, 3.100000000000000500 ) ) ;
#11162 = DIRECTION ( 'NONE',  ( -1.000000000000000000, -0.0000000000000000000, -0.0000000000000000000 ) ) ;
#11163 = VECTOR ( 'NONE', #11162, 1000.000000000000000 ) ;
#11164 = CARTESIAN_POINT ( 'NONE',  ( 8.099999999999999600, 1.699999999999999300, 3.100000000000000500 ) ) ;
#11165 = LINE ( 'NONE', #11164, #11163 ) ;
#11166 = VECTOR ( 'NONE', #11228, 1000.000000000000000 ) ;
#11167 = CARTESIAN_POINT ( 'NONE',  ( 7.299999999999998900, 2.669615242270660700, 3.100000000000000500 ) ) ;
#11168 = LINE ( 'NONE', #11167, #11166 ) ;
#11169 = DIRECTION ( 'NONE',  ( -0.0000000000000000000, 1.000000000000000000, -1.495451272393799500E-016 ) ) ;
#11170 = VECTOR ( 'NONE', #11169, 1000.000000000000000 ) ;
#11171 = CARTESIAN_POINT ( 'NONE',  ( -6.599999999999999600, 4.700000000000000200, 3.100000000000001400 ) ) ;
#11172 = LINE ( 'NONE', #11171, #11170 ) ;
#11173 = CARTESIAN_POINT ( 'NONE',  ( -6.599999999999999600, 4.700000000000000200, 3.100000000000001400 ) ) ;
#11174 = DIRECTION ( 'NONE',  ( 1.000000000000000000, 0.0000000000000000000, -1.642730564371976500E-016 ) ) ;
#11175 = VECTOR ( 'NONE', #11174, 1000.000000000000000 ) ;
#11176 = CARTESIAN_POINT ( 'NONE',  ( -6.599999999999999600, 4.700000000000000200, 3.100000000000001400 ) ) ;
#11177 = LINE ( 'NONE', #11176, #11175 ) ;
#11178 = CARTESIAN_POINT ( 'NONE',  ( -5.249999999999999100, 4.699999999999999300, 3.100000000000001400 ) ) ;
#11179 = CARTESIAN_POINT ( 'NONE',  ( 6.399999999999999500, 3.388131789017201400E-017, -2.599999999999999200 ) ) ;
#11180 = DIRECTION ( 'NONE',  ( 0.0000000000000000000, 4.103543915597804000E-034, 1.000000000000000000 ) ) ;
#11181 = VECTOR ( 'NONE', #11180, 1000.000000000000000 ) ;
#11182 = CARTESIAN_POINT ( 'NONE',  ( 6.399999999999999500, 0.0000000000000000000, 2.650000000000000400 ) ) ;
#11183 = LINE ( 'NONE', #11182, #11181 ) ;
#11184 = DIRECTION ( 'NONE',  ( 0.0000000000000000000, 4.103543915597804000E-034, 1.000000000000000000 ) ) ;
#11185 = VECTOR ( 'NONE', #11184, 1000.000000000000000 ) ;
#11186 = CARTESIAN_POINT ( 'NONE',  ( 5.599999999999998800, 0.0000000000000000000, 2.650000000000000400 ) ) ;
#11187 = LINE ( 'NONE', #11186, #11185 ) ;
#11188 = CARTESIAN_POINT ( 'NONE',  ( 5.599999999999998800, 3.388131789017201400E-017, -2.599999999999999200 ) ) ;
#11189 = DIRECTION ( 'NONE',  ( -1.000000000000000000, 0.0000000000000000000, 0.0000000000000000000 ) ) ;
#11190 = VECTOR ( 'NONE', #11189, 1000.000000000000000 ) ;
#11191 = CARTESIAN_POINT ( 'NONE',  ( 8.099999999999999600, -2.154360555688847200E-033, -2.599999999999999200 ) ) ;
#11192 = LINE ( 'NONE', #11191, #11190 ) ;
#11193 = CARTESIAN_POINT ( 'NONE',  ( 5.399999999999999500, 3.388131789017201400E-017, -2.599999999999999200 ) ) ;
#11194 = DIRECTION ( 'NONE',  ( 0.0000000000000000000, -4.103543915597804000E-034, -1.000000000000000000 ) ) ;
#11195 = VECTOR ( 'NONE', #11194, 1000.000000000000000 ) ;
#11196 = CARTESIAN_POINT ( 'NONE',  ( -8.099999999999999600, 0.0000000000000000000, 2.650000000000000400 ) ) ;
#11197 = LINE ( 'NONE', #11196, #11195 ) ;
#11198 = CARTESIAN_POINT ( 'NONE',  ( -5.249999999999999100, 1.700000000000001300, 2.649999999999999000 ) ) ;
#11199 = DIRECTION ( 'NONE',  ( -0.0000000000000000000, -1.000000000000000000, 1.807003620809174600E-016 ) ) ;
#11200 = VECTOR ( 'NONE', #11199, 1000.000000000000000 ) ;
#11201 = CARTESIAN_POINT ( 'NONE',  ( -5.249999999999999100, 3.200000000000001500, 2.649999999999998600 ) ) ;
#11202 = LINE ( 'NONE', #11201, #11200 ) ;
#11203 = CARTESIAN_POINT ( 'NONE',  ( -5.249999999999999100, 3.200000000000001500, 2.649999999999998600 ) ) ;
#11204 = DIRECTION ( 'NONE',  ( 1.000000000000000000, -0.0000000000000000000, 1.239088197126291100E-016 ) ) ;
#11205 = VECTOR ( 'NONE', #11204, 1000.000000000000000 ) ;
#11206 = CARTESIAN_POINT ( 'NONE',  ( 5.249999999999999100, 3.200000000000001500, 2.649999999999999900 ) ) ;
#11207 = LINE ( 'NONE', #11206, #11205 ) ;
#11208 = CARTESIAN_POINT ( 'NONE',  ( 5.249999999999999100, 3.200000000000001500, 2.649999999999999900 ) ) ;
#11209 = DIRECTION ( 'NONE',  ( -0.0000000000000000000, 1.000000000000000000, -1.495451272393799300E-016 ) ) ;
#11210 = VECTOR ( 'NONE', #11209, 1000.000000000000000 ) ;
#11211 = CARTESIAN_POINT ( 'NONE',  ( 5.249999999999999100, 3.550000000000000300, 3.100000000000001400 ) ) ;
#11212 = LINE ( 'NONE', #11211, #11210 ) ;
#11213 = CARTESIAN_POINT ( 'NONE',  ( 5.249999999999999100, 4.700000000000000200, 3.100000000000000100 ) ) ;
#11214 = DIRECTION ( 'NONE',  ( 1.000000000000000000, 0.0000000000000000000, -1.642730564371976500E-016 ) ) ;
#11215 = VECTOR ( 'NONE', #11214, 1000.000000000000000 ) ;
#11216 = CARTESIAN_POINT ( 'NONE',  ( -6.599999999999999600, 4.700000000000000200, 3.100000000000001400 ) ) ;
#11217 = LINE ( 'NONE', #11216, #11215 ) ;
#11218 = CARTESIAN_POINT ( 'NONE',  ( 6.599999999999999600, 4.700000000000000200, 3.099999999999999600 ) ) ;
#11219 = DIRECTION ( 'NONE',  ( -0.0000000000000000000, 1.000000000000000000, -1.495451272393799500E-016 ) ) ;
#11220 = VECTOR ( 'NONE', #11219, 1000.000000000000000 ) ;
#11221 = CARTESIAN_POINT ( 'NONE',  ( 6.599999999999999600, 4.700000000000000200, 3.099999999999999600 ) ) ;
#11222 = LINE ( 'NONE', #11221, #11220 ) ;
#11223 = DIRECTION ( 'NONE',  ( 1.000000000000000000, -0.0000000000000000000, -0.0000000000000000000 ) ) ;
#11224 = VECTOR ( 'NONE', #11223, 1000.000000000000000 ) ;
#11225 = CARTESIAN_POINT ( 'NONE',  ( 7.599999999999998800, 2.149999999999997700, 3.100000000000000500 ) ) ;
#11226 = LINE ( 'NONE', #11225, #11224 ) ;
#11227 = CARTESIAN_POINT ( 'NONE',  ( 7.599999999999998800, 2.149999999999997700, 3.100000000000000500 ) ) ;
#11228 = DIRECTION ( 'NONE',  ( -0.5000000000000001100, 0.8660254037844386000, -0.0000000000000000000 ) ) ;
#11229 = AXIS2_PLACEMENT_3D ( 'NONE', #11295, #11294, #11293 ) ;
#11230 = PLANE ( 'NONE',  #11229 ) ;
#11231 = FACE_OUTER_BOUND ( 'NONE', #4146, .T. ) ;
#11232 = DIRECTION ( 'NONE',  ( 0.0000000000000000000, -1.000000000000000000, 0.0000000000000000000 ) ) ;
#11233 = VECTOR ( 'NONE', #11232, 1000.000000000000000 ) ;
#11234 = CARTESIAN_POINT ( 'NONE',  ( -8.099999999999999600, 1.699999999999999500, 2.650000000000000400 ) ) ;
#11235 = LINE ( 'NONE', #11234, #11233 ) ;
#11236 = DIRECTION ( 'NONE',  ( -1.000000000000000000, 0.0000000000000000000, -0.0000000000000000000 ) ) ;
#11237 = DIRECTION ( 'NONE',  ( 0.0000000000000000000, 0.0000000000000000000, -1.000000000000000000 ) ) ;
#11238 = CARTESIAN_POINT ( 'NONE',  ( 8.099999999999999600, 1.699999999999999500, 2.650000000000000400 ) ) ;
#11239 = AXIS2_PLACEMENT_3D ( 'NONE', #11238, #11237, #11236 ) ;
#11240 = PLANE ( 'NONE',  #11239 ) ;
#11241 = FACE_OUTER_BOUND ( 'NONE', #4140, .T. ) ;
#11242 = DIRECTION ( 'NONE',  ( 0.0000000000000000000, 4.818676322157799300E-016, -1.000000000000000000 ) ) ;
#11243 = VECTOR ( 'NONE', #11242, 1000.000000000000000 ) ;
#11244 = CARTESIAN_POINT ( 'NONE',  ( 8.099999999999999600, 1.699999999999999300, 3.100000000000000500 ) ) ;
#11245 = LINE ( 'NONE', #11244, #11243 ) ;
#11246 = CARTESIAN_POINT ( 'NONE',  ( 6.999999999999999100, 2.149999999999997700, 3.100000000000000500 ) ) ;
#11247 = CARTESIAN_POINT ( 'NONE',  ( 7.299999999999998900, 2.669615242270660700, 3.100000000000000500 ) ) ;
#11248 = DIRECTION ( 'NONE',  ( -0.5000000000000001100, -0.8660254037844386000, -0.0000000000000000000 ) ) ;
#11249 = VECTOR ( 'NONE', #11248, 1000.000000000000000 ) ;
#11250 = CARTESIAN_POINT ( 'NONE',  ( 6.999999999999999100, 2.149999999999997700, 3.100000000000000500 ) ) ;
#11251 = LINE ( 'NONE', #11250, #11249 ) ;
#11252 = DIRECTION ( 'NONE',  ( 0.0000000000000000000, 1.000000000000000000, 1.275531967630005500E-016 ) ) ;
#11253 = DIRECTION ( 'NONE',  ( 0.0000000000000000000, 1.275531967630005500E-016, -1.000000000000000000 ) ) ;
#11254 = CARTESIAN_POINT ( 'NONE',  ( 8.099999999999999600, 5.099999999999998800, 3.100000000000001000 ) ) ;
#11255 = AXIS2_PLACEMENT_3D ( 'NONE', #11254, #11253, #11252 ) ;
#11256 = PLANE ( 'NONE',  #11255 ) ;
#11257 = FACE_OUTER_BOUND ( 'NONE', #4112, .T. ) ;
#11258 = FACE_BOUND ( 'NONE', #4132, .T. ) ;
#11259 = DIRECTION ( 'NONE',  ( -1.000000000000000000, -0.0000000000000000000, -0.0000000000000000000 ) ) ;
#11260 = VECTOR ( 'NONE', #11259, 1000.000000000000000 ) ;
#11261 = CARTESIAN_POINT ( 'NONE',  ( 8.099999999999999600, 1.699999999999999500, 2.650000000000000400 ) ) ;
#11262 = LINE ( 'NONE', #11261, #11260 ) ;
#11263 = CARTESIAN_POINT ( 'NONE',  ( -8.099999999999999600, 1.699999999999999300, 3.100000000000000500 ) ) ;
#11264 = LINE ( 'NONE', #11329, #11328 ) ;
#11265 = DIRECTION ( 'NONE',  ( 0.0000000000000000000, -1.000000000000000000, -1.275531967630005500E-016 ) ) ;
#11266 = VECTOR ( 'NONE', #11265, 1000.000000000000000 ) ;
#11267 = CARTESIAN_POINT ( 'NONE',  ( -8.099999999999999600, 5.099999999999998800, 3.100000000000001000 ) ) ;
#11268 = LINE ( 'NONE', #11267, #11266 ) ;
#11269 = DIRECTION ( 'NONE',  ( 0.0000000000000000000, 0.0000000000000000000, -1.000000000000000000 ) ) ;
#11270 = DIRECTION ( 'NONE',  ( 1.000000000000000000, 0.0000000000000000000, 0.0000000000000000000 ) ) ;
#11271 = CARTESIAN_POINT ( 'NONE',  ( 8.099999999999999600, 0.0000000000000000000, 2.650000000000000400 ) ) ;
#11272 = AXIS2_PLACEMENT_3D ( 'NONE', #11271, #11270, #11269 ) ;
#11273 = PLANE ( 'NONE',  #11272 ) ;
#11274 = FACE_OUTER_BOUND ( 'NONE', #4162, .T. ) ;
#11275 = DIRECTION ( 'NONE',  ( 0.0000000000000000000, 4.818676322157799300E-016, -1.000000000000000000 ) ) ;
#11276 = VECTOR ( 'NONE', #11275, 1000.000000000000000 ) ;
#11277 = CARTESIAN_POINT ( 'NONE',  ( -8.099999999999999600, 1.699999999999999300, 3.100000000000000500 ) ) ;
#11278 = LINE ( 'NONE', #11277, #11276 ) ;
#11279 = DIRECTION ( 'NONE',  ( 0.0000000000000000000, -4.818676322157803300E-016, -1.000000000000000000 ) ) ;
#11280 = VECTOR ( 'NONE', #11279, 1000.000000000000000 ) ;
#11281 = CARTESIAN_POINT ( 'NONE',  ( -5.249999999999999100, 1.700000000000001500, 3.099999999999998800 ) ) ;
#11282 = LINE ( 'NONE', #11281, #11280 ) ;
#11283 = DIRECTION ( 'NONE',  ( 0.0000000000000000000, -4.818676322157800300E-016, 1.000000000000000000 ) ) ;
#11284 = DIRECTION ( 'NONE',  ( -0.0000000000000000000, 1.000000000000000000, 4.818676322157800300E-016 ) ) ;
#11285 = CARTESIAN_POINT ( 'NONE',  ( 8.099999999999999600, 1.699999999999999300, 3.100000000000000500 ) ) ;
#11286 = AXIS2_PLACEMENT_3D ( 'NONE', #11285, #11284, #11283 ) ;
#11287 = PLANE ( 'NONE',  #11286 ) ;
#11288 = FACE_OUTER_BOUND ( 'NONE', #4154, .T. ) ;
#11289 = DIRECTION ( 'NONE',  ( 0.0000000000000000000, -1.000000000000000000, -1.275531967630005500E-016 ) ) ;
#11290 = VECTOR ( 'NONE', #11289, 1000.000000000000000 ) ;
#11291 = CARTESIAN_POINT ( 'NONE',  ( 8.099999999999999600, 5.099999999999998800, 3.100000000000001000 ) ) ;
#11292 = LINE ( 'NONE', #11291, #11290 ) ;
#11293 = DIRECTION ( 'NONE',  ( 0.0000000000000000000, 0.0000000000000000000, -1.000000000000000000 ) ) ;
#11294 = DIRECTION ( 'NONE',  ( 1.000000000000000000, 0.0000000000000000000, 0.0000000000000000000 ) ) ;
#11295 = CARTESIAN_POINT ( 'NONE',  ( -8.099999999999999600, 0.0000000000000000000, 2.650000000000000400 ) ) ;
#11296 = FACE_OUTER_BOUND ( 'NONE', #4191, .T. ) ;
#11297 = DIRECTION ( 'NONE',  ( -0.0000000000000000000, 1.000000000000000000, -1.495451272393799300E-016 ) ) ;
#11298 = VECTOR ( 'NONE', #11297, 1000.000000000000000 ) ;
#11299 = CARTESIAN_POINT ( 'NONE',  ( -7.200000000000000200, 2.099999999999999600, 0.1500000000000006900 ) ) ;
#11300 = LINE ( 'NONE', #11299, #11298 ) ;
#11301 = PLANE ( 'NONE',  #11362 ) ;
#11302 = DIRECTION ( 'NONE',  ( -0.0000000000000000000, 1.000000000000000000, -1.495451272393799300E-016 ) ) ;
#11303 = VECTOR ( 'NONE', #11302, 1000.000000000000000 ) ;
#11304 = CARTESIAN_POINT ( 'NONE',  ( -5.249999999999999100, 3.550000000000000300, 3.100000000000001400 ) ) ;
#11305 = LINE ( 'NONE', #11304, #11303 ) ;
#11306 = CARTESIAN_POINT ( 'NONE',  ( -5.249999999999999100, 3.550000000000000300, 3.100000000000001000 ) ) ;
#11307 = DIRECTION ( 'NONE',  ( 1.000000000000000000, -0.0000000000000000000, -0.0000000000000000000 ) ) ;
#11308 = VECTOR ( 'NONE', #11307, 1000.000000000000000 ) ;
#11309 = CARTESIAN_POINT ( 'NONE',  ( 5.249999999999999100, 3.550000000000000300, 3.100000000000001400 ) ) ;
#11310 = LINE ( 'NONE', #11309, #11308 ) ;
#11311 = CARTESIAN_POINT ( 'NONE',  ( 5.249999999999999100, 3.550000000000000300, 3.100000000000001400 ) ) ;
#11312 = DIRECTION ( 'NONE',  ( -0.0000000000000000000, -1.000000000000000000, 1.807003620809174600E-016 ) ) ;
#11313 = VECTOR ( 'NONE', #11312, 1000.000000000000000 ) ;
#11314 = CARTESIAN_POINT ( 'NONE',  ( 5.249999999999999100, 3.200000000000001500, 3.100000000000000100 ) ) ;
#11315 = LINE ( 'NONE', #11314, #11313 ) ;
#11316 = CARTESIAN_POINT ( 'NONE',  ( 5.249999999999999100, 3.200000000000001500, 3.100000000000000100 ) ) ;
#11317 = DIRECTION ( 'NONE',  ( -1.000000000000000000, 0.0000000000000000000, -1.652117596168388000E-016 ) ) ;
#11318 = VECTOR ( 'NONE', #11317, 1000.000000000000000 ) ;
#11319 = CARTESIAN_POINT ( 'NONE',  ( 5.249999999999999100, 3.200000000000001500, 3.100000000000000100 ) ) ;
#11320 = LINE ( 'NONE', #11319, #11318 ) ;
#11321 = CARTESIAN_POINT ( 'NONE',  ( -5.249999999999999100, 3.200000000000001500, 3.099999999999998300 ) ) ;
#11322 = DIRECTION ( 'NONE',  ( -0.0000000000000000000, -1.000000000000000000, 1.807003620809174600E-016 ) ) ;
#11323 = VECTOR ( 'NONE', #11322, 1000.000000000000000 ) ;
#11324 = CARTESIAN_POINT ( 'NONE',  ( -5.249999999999999100, 3.200000000000001500, 3.099999999999998300 ) ) ;
#11325 = LINE ( 'NONE', #11324, #11323 ) ;
#11326 = CARTESIAN_POINT ( 'NONE',  ( -5.249999999999999100, 1.699999999999999300, 3.100000000000000500 ) ) ;
#11327 = DIRECTION ( 'NONE',  ( -1.000000000000000000, -0.0000000000000000000, -0.0000000000000000000 ) ) ;
#11328 = VECTOR ( 'NONE', #11327, 1000.000000000000000 ) ;
#11329 = CARTESIAN_POINT ( 'NONE',  ( 8.099999999999999600, 1.699999999999999300, 3.100000000000000500 ) ) ;
#11330 = FACE_OUTER_BOUND ( 'NONE', #4219, .T. ) ;
#11331 = DIRECTION ( 'NONE',  ( -0.0000000000000000000, 1.000000000000000000, -1.495451272393799300E-016 ) ) ;
#11332 = VECTOR ( 'NONE', #11331, 1000.000000000000000 ) ;
#11333 = CARTESIAN_POINT ( 'NONE',  ( -7.049999999999998900, 2.099999999999999600, 2.600000000000001900 ) ) ;
#11334 = LINE ( 'NONE', #11333, #11332 ) ;
#11335 = DIRECTION ( 'NONE',  ( -0.0000000000000000000, 1.000000000000000000, -1.495451272393799300E-016 ) ) ;
#11336 = VECTOR ( 'NONE', #11335, 1000.000000000000000 ) ;
#11337 = CARTESIAN_POINT ( 'NONE',  ( -7.049999999999998900, 2.099999999999999600, 2.100000000000001400 ) ) ;
#11338 = LINE ( 'NONE', #11337, #11336 ) ;
#11339 = DIRECTION ( 'NONE',  ( -0.0000000000000000000, 0.0000000000000000000, -1.000000000000000000 ) ) ;
#11340 = DIRECTION ( 'NONE',  ( 1.000000000000000000, 0.0000000000000000000, -0.0000000000000000000 ) ) ;
#11341 = CARTESIAN_POINT ( 'NONE',  ( -7.049999999999998900, 2.099999999999999600, 2.100000000000001400 ) ) ;
#11342 = AXIS2_PLACEMENT_3D ( 'NONE', #11341, #11340, #11339 ) ;
#11343 = PLANE ( 'NONE',  #11342 ) ;
#11344 = FACE_OUTER_BOUND ( 'NONE', #4211, .T. ) ;
#11345 = DIRECTION ( 'NONE',  ( -0.0000000000000000000, 1.000000000000000000, -1.495451272393799300E-016 ) ) ;
#11346 = VECTOR ( 'NONE', #11345, 1000.000000000000000 ) ;
#11347 = CARTESIAN_POINT ( 'NONE',  ( -7.600000000000000500, 2.099999999999999600, 0.1500000000000007200 ) ) ;
#11348 = LINE ( 'NONE', #11347, #11346 ) ;
#11349 = DIRECTION ( 'NONE',  ( 7.080503983578802800E-016, 0.0000000000000000000, 1.000000000000000000 ) ) ;
#11350 = DIRECTION ( 'NONE',  ( -1.000000000000000000, 1.058854869143228600E-031, 7.080503983578802800E-016 ) ) ;
#11351 = CARTESIAN_POINT ( 'NONE',  ( -7.599999999999998800, 2.099999999999999600, 2.600000000000001000 ) ) ;
#11352 = AXIS2_PLACEMENT_3D ( 'NONE', #11351, #11350, #11349 ) ;
#11353 = PLANE ( 'NONE',  #11352 ) ;
#11354 = FACE_OUTER_BOUND ( 'NONE', #4201, .T. ) ;
#11355 = DIRECTION ( 'NONE',  ( -0.0000000000000000000, 1.000000000000000000, -1.495451272393799300E-016 ) ) ;
#11356 = VECTOR ( 'NONE', #11355, 1000.000000000000000 ) ;
#11357 = CARTESIAN_POINT ( 'NONE',  ( -7.599999999999998800, 2.099999999999999600, 2.600000000000001000 ) ) ;
#11358 = LINE ( 'NONE', #11357, #11356 ) ;
#11359 = DIRECTION ( 'NONE',  ( -0.0000000000000000000, 0.0000000000000000000, 1.000000000000000000 ) ) ;
#11360 = DIRECTION ( 'NONE',  ( -1.000000000000000000, 0.0000000000000000000, -0.0000000000000000000 ) ) ;
#11361 = CARTESIAN_POINT ( 'NONE',  ( -7.200000000000000200, 2.099999999999999600, 0.1500000000000006900 ) ) ;
#11362 = AXIS2_PLACEMENT_3D ( 'NONE', #11361, #11360, #11359 ) ;
#11363 = VECTOR ( 'NONE', #11104, 1000.000000000000000 ) ;
#11364 = CARTESIAN_POINT ( 'NONE',  ( 7.600000000000000500, 2.099999999999999600, 0.1500000000000007200 ) ) ;
#11365 = LINE ( 'NONE', #11364, #11363 ) ;
#11366 = DIRECTION ( 'NONE',  ( 0.0000000000000000000, 1.000000000000000000, -1.495451272393799300E-016 ) ) ;
#11367 = DIRECTION ( 'NONE',  ( 6.776263578034385500E-017, -1.495451272393799300E-016, -1.000000000000000000 ) ) ;
#11368 = CARTESIAN_POINT ( 'NONE',  ( 7.600000000000000500, 2.099999999999999600, 0.1500000000000007200 ) ) ;
#11369 = AXIS2_PLACEMENT_3D ( 'NONE', #11368, #11367, #11366 ) ;
#11370 = PLANE ( 'NONE',  #11369 ) ;
#11371 = FACE_OUTER_BOUND ( 'NONE', #4242, .T. ) ;
#11372 = DIRECTION ( 'NONE',  ( -0.0000000000000000000, 1.000000000000000000, -1.495451272393799300E-016 ) ) ;
#11373 = VECTOR ( 'NONE', #11372, 1000.000000000000000 ) ;
#11374 = CARTESIAN_POINT ( 'NONE',  ( 7.200000000000000200, 2.099999999999999600, 0.1500000000000006900 ) ) ;
#11375 = LINE ( 'NONE', #11374, #11373 ) ;
#11376 = DIRECTION ( 'NONE',  ( -0.0000000000000000000, 1.000000000000000000, -1.495451272393799300E-016 ) ) ;
#11377 = VECTOR ( 'NONE', #11376, 1000.000000000000000 ) ;
#11378 = CARTESIAN_POINT ( 'NONE',  ( 7.049999999999998900, 2.099999999999999600, 2.600000000000001900 ) ) ;
#11379 = LINE ( 'NONE', #11378, #11377 ) ;
#11380 = DIRECTION ( 'NONE',  ( 1.000000000000000000, 0.0000000000000000000, -1.577021341797096800E-015 ) ) ;
#11381 = DIRECTION ( 'NONE',  ( 1.577021341797096800E-015, 1.495451272393799300E-016, 1.000000000000000000 ) ) ;
#11382 = CARTESIAN_POINT ( 'NONE',  ( 7.049999999999998900, 2.099999999999999600, 2.600000000000001900 ) ) ;
#11383 = AXIS2_PLACEMENT_3D ( 'NONE', #11382, #11381, #11380 ) ;
#11384 = PLANE ( 'NONE',  #11383 ) ;
#11385 = FACE_OUTER_BOUND ( 'NONE', #4232, .T. ) ;
#11386 = DIRECTION ( 'NONE',  ( -0.0000000000000000000, 1.000000000000000000, -1.495451272393799300E-016 ) ) ;
#11387 = VECTOR ( 'NONE', #11386, 1000.000000000000000 ) ;
#11388 = CARTESIAN_POINT ( 'NONE',  ( 7.599999999999998800, 2.099999999999999600, 2.600000000000001000 ) ) ;
#11389 = LINE ( 'NONE', #11388, #11387 ) ;
#11390 = DIRECTION ( 'NONE',  ( 1.000000000000000000, 0.0000000000000000000, 1.577021341797096800E-015 ) ) ;
#11391 = DIRECTION ( 'NONE',  ( -1.577021341797096800E-015, 1.495451272393799300E-016, 1.000000000000000000 ) ) ;
#11392 = CARTESIAN_POINT ( 'NONE',  ( -7.049999999999998900, 2.099999999999999600, 2.600000000000001900 ) ) ;
#11393 = AXIS2_PLACEMENT_3D ( 'NONE', #11392, #11391, #11390 ) ;
#11394 = PLANE ( 'NONE',  #11393 ) ;
#11395 = LINE ( 'NONE', #11461, #11460 ) ;
#11396 = DIRECTION ( 'NONE',  ( 0.0000000000000000000, 1.000000000000000000, -1.495451272393799300E-016 ) ) ;
#11397 = DIRECTION ( 'NONE',  ( -6.776263578034385500E-017, -1.495451272393799300E-016, -1.000000000000000000 ) ) ;
#11398 = CARTESIAN_POINT ( 'NONE',  ( -7.600000000000000500, 2.099999999999999600, 0.1500000000000007200 ) ) ;
#11399 = AXIS2_PLACEMENT_3D ( 'NONE', #11398, #11397, #11396 ) ;
#11400 = PLANE ( 'NONE',  #11399 ) ;
#11401 = FACE_OUTER_BOUND ( 'NONE', #4207, .T. ) ;
#11402 = DIRECTION ( 'NONE',  ( 0.0000000000000000000, 0.0000000000000000000, -1.000000000000000000 ) ) ;
#11403 = DIRECTION ( 'NONE',  ( 1.000000000000000000, 0.0000000000000000000, 0.0000000000000000000 ) ) ;
#11404 = CARTESIAN_POINT ( 'NONE',  ( 7.200000000000000200, 2.099999999999999600, 0.1500000000000006900 ) ) ;
#11405 = AXIS2_PLACEMENT_3D ( 'NONE', #11404, #11403, #11402 ) ;
#11406 = PLANE ( 'NONE',  #11405 ) ;
#11407 = FACE_OUTER_BOUND ( 'NONE', #4259, .T. ) ;
#11408 = DIRECTION ( 'NONE',  ( -0.0000000000000000000, 1.000000000000000000, -1.495451272393799300E-016 ) ) ;
#11409 = VECTOR ( 'NONE', #11408, 1000.000000000000000 ) ;
#11410 = CARTESIAN_POINT ( 'NONE',  ( 7.200000000000000200, 2.099999999999999600, -2.100000000000001000 ) ) ;
#11411 = LINE ( 'NONE', #11410, #11409 ) ;
#11412 = DIRECTION ( 'NONE',  ( 0.0000000000000000000, 1.000000000000000000, -1.495451272393799300E-016 ) ) ;
#11413 = DIRECTION ( 'NONE',  ( 0.0000000000000000000, -1.495451272393799300E-016, -1.000000000000000000 ) ) ;
#11414 = CARTESIAN_POINT ( 'NONE',  ( -7.200000000000000200, 2.099999999999999600, -2.100000000000001000 ) ) ;
#11415 = AXIS2_PLACEMENT_3D ( 'NONE', #11414, #11413, #11412 ) ;
#11416 = PLANE ( 'NONE',  #11415 ) ;
#11417 = FACE_OUTER_BOUND ( 'NONE', #4195, .T. ) ;
#11418 = DIRECTION ( 'NONE',  ( -0.0000000000000000000, 1.000000000000000000, -1.495451272393799300E-016 ) ) ;
#11419 = VECTOR ( 'NONE', #11418, 1000.000000000000000 ) ;
#11420 = CARTESIAN_POINT ( 'NONE',  ( -7.200000000000000200, 2.099999999999999600, -2.100000000000001000 ) ) ;
#11421 = LINE ( 'NONE', #11420, #11419 ) ;
#11422 = DIRECTION ( 'NONE',  ( 7.080503983578802800E-016, 0.0000000000000000000, -1.000000000000000000 ) ) ;
#11423 = DIRECTION ( 'NONE',  ( 1.000000000000000000, 1.058854869143228600E-031, 7.080503983578802800E-016 ) ) ;
#11424 = CARTESIAN_POINT ( 'NONE',  ( 7.599999999999998800, 2.099999999999999600, 2.600000000000001000 ) ) ;
#11425 = AXIS2_PLACEMENT_3D ( 'NONE', #11424, #11423, #11422 ) ;
#11426 = PLANE ( 'NONE',  #11425 ) ;
#11427 = FACE_OUTER_BOUND ( 'NONE', #4249, .T. ) ;
#11428 = CARTESIAN_POINT ( 'NONE',  ( 5.249999999999999100, 4.699999999999999300, 2.600000000000001400 ) ) ;
#11429 = DIRECTION ( 'NONE',  ( 0.0000000000000000000, -1.734723475976805700E-015, -1.000000000000000000 ) ) ;
#11430 = VECTOR ( 'NONE', #11429, 1000.000000000000000 ) ;
#11431 = CARTESIAN_POINT ( 'NONE',  ( 5.249999999999999100, 4.700000000000000200, 3.099999999999999600 ) ) ;
#11432 = LINE ( 'NONE', #11431, #11430 ) ;
#11433 = DIRECTION ( 'NONE',  ( 0.0000000000000000000, 0.0000000000000000000, -1.000000000000000000 ) ) ;
#11434 = DIRECTION ( 'NONE',  ( 1.000000000000000000, 0.0000000000000000000, 0.0000000000000000000 ) ) ;
#11435 = CARTESIAN_POINT ( 'NONE',  ( 5.249999999999999100, 3.550000000000000300, 3.100000000000001400 ) ) ;
#11436 = AXIS2_PLACEMENT_3D ( 'NONE', #11435, #11434, #11433 ) ;
#11437 = PLANE ( 'NONE',  #11436 ) ;
#11438 = FACE_OUTER_BOUND ( 'NONE', #4278, .T. ) ;
#11439 = CARTESIAN_POINT ( 'NONE',  ( 6.599999999999999600, 4.699999999999999300, 2.600000000000001400 ) ) ;
#11440 = DIRECTION ( 'NONE',  ( -1.000000000000000000, -0.0000000000000000000, -3.285461128743953100E-017 ) ) ;
#11441 = VECTOR ( 'NONE', #11440, 1000.000000000000000 ) ;
#11442 = CARTESIAN_POINT ( 'NONE',  ( -6.599999999999999600, 4.699999999999999300, 2.600000000000001000 ) ) ;
#11443 = LINE ( 'NONE', #11442, #11441 ) ;
#11444 = DIRECTION ( 'NONE',  ( 0.0000000000000000000, 1.000000000000000000, -1.495451272393799300E-016 ) ) ;
#11445 = DIRECTION ( 'NONE',  ( 0.0000000000000000000, -1.495451272393799300E-016, -1.000000000000000000 ) ) ;
#11446 = CARTESIAN_POINT ( 'NONE',  ( 5.249999999999999100, 3.549999999999999400, 2.600000000000001400 ) ) ;
#11447 = AXIS2_PLACEMENT_3D ( 'NONE', #11446, #11445, #11444 ) ;
#11448 = PLANE ( 'NONE',  #11447 ) ;
#11449 = FACE_OUTER_BOUND ( 'NONE', #4271, .T. ) ;
#11450 = DIRECTION ( 'NONE',  ( -0.0000000000000000000, 1.734723475976807100E-015, 1.000000000000000000 ) ) ;
#11451 = VECTOR ( 'NONE', #11450, 1000.000000000000000 ) ;
#11452 = CARTESIAN_POINT ( 'NONE',  ( -5.249999999999999100, 3.550000000000000300, 3.100000000000001400 ) ) ;
#11453 = LINE ( 'NONE', #11452, #11451 ) ;
#11454 = DIRECTION ( 'NONE',  ( 0.0000000000000000000, 1.734723475976805700E-015, 1.000000000000000000 ) ) ;
#11455 = VECTOR ( 'NONE', #11454, 1000.000000000000000 ) ;
#11456 = CARTESIAN_POINT ( 'NONE',  ( -5.249999999999999100, 4.700000000000000200, 3.099999999999999600 ) ) ;
#11457 = LINE ( 'NONE', #11456, #11455 ) ;
#11458 = CARTESIAN_POINT ( 'NONE',  ( -5.249999999999999100, 4.699999999999999300, 2.600000000000001000 ) ) ;
#11459 = DIRECTION ( 'NONE',  ( -0.0000000000000000000, 1.000000000000000000, -1.495451272393799300E-016 ) ) ;
#11460 = VECTOR ( 'NONE', #11459, 1000.000000000000000 ) ;
#11461 = CARTESIAN_POINT ( 'NONE',  ( -5.249999999999999100, 3.549999999999999400, 2.600000000000001400 ) ) ;
#11462 = FACE_OUTER_BOUND ( 'NONE', #4305, .T. ) ;
#11463 = DIRECTION ( 'NONE',  ( 0.0000000000000000000, -1.000000000000000000, 1.495451272393799300E-016 ) ) ;
#11464 = DIRECTION ( 'NONE',  ( 0.0000000000000000000, 1.495451272393799300E-016, 1.000000000000000000 ) ) ;
#11465 = CARTESIAN_POINT ( 'NONE',  ( 7.049999999999998900, 2.099999999999999600, 2.100000000000001400 ) ) ;
#11466 = AXIS2_PLACEMENT_3D ( 'NONE', #11465, #11464, #11463 ) ;
#11467 = PLANE ( 'NONE',  #11528 ) ;
#11468 = PLANE ( 'NONE',  #11466 ) ;
#11469 = FACE_OUTER_BOUND ( 'NONE', #4299, .T. ) ;
#11470 = DIRECTION ( 'NONE',  ( -0.0000000000000000000, 1.000000000000000000, -1.495451272393799300E-016 ) ) ;
#11471 = VECTOR ( 'NONE', #11470, 1000.000000000000000 ) ;
#11472 = CARTESIAN_POINT ( 'NONE',  ( 7.049999999999998900, 2.099999999999999600, 2.100000000000001400 ) ) ;
#11473 = LINE ( 'NONE', #11472, #11471 ) ;
#11474 = DIRECTION ( 'NONE',  ( 0.0000000000000000000, 0.0000000000000000000, 1.000000000000000000 ) ) ;
#11475 = DIRECTION ( 'NONE',  ( -1.000000000000000000, 0.0000000000000000000, 0.0000000000000000000 ) ) ;
#11476 = CARTESIAN_POINT ( 'NONE',  ( 7.049999999999998900, 2.099999999999999600, 2.100000000000001400 ) ) ;
#11477 = AXIS2_PLACEMENT_3D ( 'NONE', #11476, #11475, #11474 ) ;
#11478 = PLANE ( 'NONE',  #11477 ) ;
#11479 = FACE_OUTER_BOUND ( 'NONE', #4292, .T. ) ;
#11480 = CARTESIAN_POINT ( 'NONE',  ( -5.249999999999999100, 3.549999999999999400, 2.600000000000001400 ) ) ;
#11481 = DIRECTION ( 'NONE',  ( 0.0000000000000000000, 0.0000000000000000000, 1.000000000000000000 ) ) ;
#11482 = DIRECTION ( 'NONE',  ( -1.000000000000000000, -0.0000000000000000000, 0.0000000000000000000 ) ) ;
#11483 = CARTESIAN_POINT ( 'NONE',  ( -5.249999999999999100, 3.550000000000000300, 3.100000000000001400 ) ) ;
#11484 = AXIS2_PLACEMENT_3D ( 'NONE', #11483, #11482, #11481 ) ;
#11485 = PLANE ( 'NONE',  #11484 ) ;
#11486 = FACE_OUTER_BOUND ( 'NONE', #4289, .T. ) ;
#11487 = DIRECTION ( 'NONE',  ( 0.0000000000000000000, -1.734723475976807100E-015, -1.000000000000000000 ) ) ;
#11488 = VECTOR ( 'NONE', #11487, 1000.000000000000000 ) ;
#11489 = CARTESIAN_POINT ( 'NONE',  ( 5.249999999999999100, 3.550000000000000300, 3.100000000000001400 ) ) ;
#11490 = LINE ( 'NONE', #11489, #11488 ) ;
#11491 = CARTESIAN_POINT ( 'NONE',  ( 5.249999999999999100, 3.549999999999999400, 2.600000000000001400 ) ) ;
#11492 = DIRECTION ( 'NONE',  ( -0.0000000000000000000, 1.000000000000000000, -1.495451272393799300E-016 ) ) ;
#11493 = VECTOR ( 'NONE', #11492, 1000.000000000000000 ) ;
#11494 = CARTESIAN_POINT ( 'NONE',  ( 5.249999999999999100, 3.549999999999999400, 2.600000000000001400 ) ) ;
#11495 = LINE ( 'NONE', #11494, #11493 ) ;
#11496 = CARTESIAN_POINT ( 'NONE',  ( -6.599999999999999600, 4.699999999999999300, 2.600000000000001000 ) ) ;
#11497 = DIRECTION ( 'NONE',  ( -0.0000000000000000000, 1.000000000000000000, -1.495451272393799500E-016 ) ) ;
#11498 = VECTOR ( 'NONE', #11497, 1000.000000000000000 ) ;
#11499 = CARTESIAN_POINT ( 'NONE',  ( -6.599999999999999600, 4.699999999999999300, 2.600000000000001000 ) ) ;
#11500 = LINE ( 'NONE', #11499, #11498 ) ;
#11501 = DIRECTION ( 'NONE',  ( -0.0000000000000000000, 1.000000000000000000, -1.495451272393799500E-016 ) ) ;
#11502 = VECTOR ( 'NONE', #11501, 1000.000000000000000 ) ;
#11503 = CARTESIAN_POINT ( 'NONE',  ( 6.599999999999999600, 4.699999999999999300, 2.600000000000001400 ) ) ;
#11504 = LINE ( 'NONE', #11503, #11502 ) ;
#11505 = DIRECTION ( 'NONE',  ( -0.0000000000000000000, 4.818676322157799300E-016, 1.000000000000000000 ) ) ;
#11506 = VECTOR ( 'NONE', #11505, 1000.000000000000000 ) ;
#11507 = CARTESIAN_POINT ( 'NONE',  ( 5.249999999999999100, 3.200000000000001500, 3.100000000000000100 ) ) ;
#11508 = LINE ( 'NONE', #11507, #11506 ) ;
#11509 = DIRECTION ( 'NONE',  ( 0.0000000000000000000, 0.0000000000000000000, -1.000000000000000000 ) ) ;
#11510 = DIRECTION ( 'NONE',  ( 1.000000000000000000, 0.0000000000000000000, 0.0000000000000000000 ) ) ;
#11511 = CARTESIAN_POINT ( 'NONE',  ( 5.249999999999999100, 3.200000000000001500, 3.100000000000000100 ) ) ;
#11512 = AXIS2_PLACEMENT_3D ( 'NONE', #11511, #11510, #11509 ) ;
#11513 = PLANE ( 'NONE',  #11512 ) ;
#11514 = FACE_OUTER_BOUND ( 'NONE', #4321, .T. ) ;
#11515 = DIRECTION ( 'NONE',  ( 0.0000000000000000000, 4.818676322157799300E-016, 1.000000000000000000 ) ) ;
#11516 = DIRECTION ( 'NONE',  ( 5.970764956557654000E-032, 1.000000000000000000, -4.818676322157799300E-016 ) ) ;
#11517 = CARTESIAN_POINT ( 'NONE',  ( 5.249999999999999100, 3.200000000000001500, 2.649999999999999900 ) ) ;
#11518 = AXIS2_PLACEMENT_3D ( 'NONE', #11517, #11516, #11515 ) ;
#11519 = PLANE ( 'NONE',  #11518 ) ;
#11520 = FACE_OUTER_BOUND ( 'NONE', #4312, .T. ) ;
#11521 = DIRECTION ( 'NONE',  ( 0.0000000000000000000, -4.818676322157803300E-016, -1.000000000000000000 ) ) ;
#11522 = VECTOR ( 'NONE', #11521, 1000.000000000000000 ) ;
#11523 = CARTESIAN_POINT ( 'NONE',  ( -5.249999999999999100, 3.200000000000001500, 3.099999999999998300 ) ) ;
#11524 = LINE ( 'NONE', #11523, #11522 ) ;
#11525 = DIRECTION ( 'NONE',  ( -0.0000000000000000000, 0.0000000000000000000, 1.000000000000000000 ) ) ;
#11526 = DIRECTION ( 'NONE',  ( -1.000000000000000000, 0.0000000000000000000, -0.0000000000000000000 ) ) ;
#11527 = CARTESIAN_POINT ( 'NONE',  ( -5.249999999999999100, 3.200000000000001500, 3.099999999999998300 ) ) ;
#11528 = AXIS2_PLACEMENT_3D ( 'NONE', #11527, #11526, #11525 ) ;
#11529 = CARTESIAN_POINT ( 'NONE',  ( -7.799999999999999800, 0.1999999999999980100, -2.899999999999999900 ) ) ;
#11530 = DIRECTION ( 'NONE',  ( 1.927470528863119300E-015, 1.000000000000000000, 0.0000000000000000000 ) ) ;
#11531 = VECTOR ( 'NONE', #11530, 1000.000000000000000 ) ;
#11532 = CARTESIAN_POINT ( 'NONE',  ( -7.799999999999999800, 0.1999999999999980100, -2.899999999999999900 ) ) ;
#11533 = LINE ( 'NONE', #11532, #11531 ) ;
#11534 = CARTESIAN_POINT ( 'NONE',  ( -7.799999999999998000, 1.099999999999997900, -2.899999999999999900 ) ) ;
#11535 = DIRECTION ( 'NONE',  ( -0.0000000000000000000, -0.0000000000000000000, 1.000000000000000000 ) ) ;
#11536 = VECTOR ( 'NONE', #11535, 1000.000000000000000 ) ;
#11537 = CARTESIAN_POINT ( 'NONE',  ( -7.799999999999998000, 1.099999999999997900, -2.899999999999999900 ) ) ;
#11538 = LINE ( 'NONE', #11537, #11536 ) ;
#11539 = DIRECTION ( 'NONE',  ( 1.927470528863119300E-015, 1.000000000000000000, 0.0000000000000000000 ) ) ;
#11540 = DIRECTION ( 'NONE',  ( 1.000000000000000000, -1.927470528863119300E-015, 0.0000000000000000000 ) ) ;
#11541 = CARTESIAN_POINT ( 'NONE',  ( -7.799999999999999800, 0.1999999999999980100, -2.899999999999999900 ) ) ;
#11542 = AXIS2_PLACEMENT_3D ( 'NONE', #11541, #11540, #11539 ) ;
#11543 = PLANE ( 'NONE',  #11542 ) ;
#11544 = FACE_OUTER_BOUND ( 'NONE', #4348, .T. ) ;
#11545 = CARTESIAN_POINT ( 'NONE',  ( -6.999999999999997300, 0.1999999999999982100, -2.899999999999999900 ) ) ;
#11546 = DIRECTION ( 'NONE',  ( 0.0000000000000000000, 1.734723475976807100E-015, 1.000000000000000000 ) ) ;
#11547 = DIRECTION ( 'NONE',  ( 0.0000000000000000000, 1.000000000000000000, -1.734723475976807100E-015 ) ) ;
#11548 = CARTESIAN_POINT ( 'NONE',  ( 5.249999999999999100, 3.549999999999999400, 2.600000000000001400 ) ) ;
#11549 = AXIS2_PLACEMENT_3D ( 'NONE', #11548, #11547, #11546 ) ;
#11550 = PLANE ( 'NONE',  #11549 ) ;
#11551 = FACE_OUTER_BOUND ( 'NONE', #4339, .T. ) ;
#11552 = DIRECTION ( 'NONE',  ( -1.000000000000000000, 0.0000000000000000000, 0.0000000000000000000 ) ) ;
#11553 = VECTOR ( 'NONE', #11552, 1000.000000000000000 ) ;
#11554 = CARTESIAN_POINT ( 'NONE',  ( 5.249999999999999100, 3.549999999999999400, 2.600000000000001400 ) ) ;
#11555 = LINE ( 'NONE', #11554, #11553 ) ;
#11556 = DIRECTION ( 'NONE',  ( -1.000000000000000000, -0.0000000000000000000, -3.285461128743953100E-017 ) ) ;
#11557 = VECTOR ( 'NONE', #11556, 1000.000000000000000 ) ;
#11558 = CARTESIAN_POINT ( 'NONE',  ( -6.599999999999999600, 4.699999999999999300, 2.600000000000001000 ) ) ;
#11559 = LINE ( 'NONE', #11558, #11557 ) ;
#11560 = DIRECTION ( 'NONE',  ( -1.000000000000000000, -0.0000000000000000000, 0.0000000000000000000 ) ) ;
#11561 = CARTESIAN_POINT ( 'NONE',  ( -6.599999999999999600, 4.700000000000000200, 3.100000000000001400 ) ) ;
#11562 = AXIS2_PLACEMENT_3D ( 'NONE', #11561, #11560, #11627 ) ;
#11563 = FACE_OUTER_BOUND ( 'NONE', #4381, .T. ) ;
#11564 = PLANE ( 'NONE',  #11562 ) ;
#11565 = FACE_OUTER_BOUND ( 'NONE', #4301, .T. ) ;
#11566 = DIRECTION ( 'NONE',  ( -0.0000000000000000000, 1.734723475976805500E-015, 1.000000000000000000 ) ) ;
#11567 = VECTOR ( 'NONE', #11566, 1000.000000000000000 ) ;
#11568 = CARTESIAN_POINT ( 'NONE',  ( -6.599999999999999600, 4.700000000000000200, 3.100000000000001400 ) ) ;
#11569 = LINE ( 'NONE', #11568, #11567 ) ;
#11570 = DIRECTION ( 'NONE',  ( 0.0000000000000000000, -1.734723475976805500E-015, -1.000000000000000000 ) ) ;
#11571 = DIRECTION ( 'NONE',  ( -5.699366549441389800E-032, -1.000000000000000000, 1.734723475976805500E-015 ) ) ;
#11572 = CARTESIAN_POINT ( 'NONE',  ( -6.599999999999999600, 4.699999999999999300, 2.600000000000001000 ) ) ;
#11573 = AXIS2_PLACEMENT_3D ( 'NONE', #11572, #11571, #11570 ) ;
#11574 = PLANE ( 'NONE',  #11573 ) ;
#11575 = FACE_OUTER_BOUND ( 'NONE', #4373, .T. ) ;
#11576 = DIRECTION ( 'NONE',  ( 0.0000000000000000000, 0.0000000000000000000, -1.000000000000000000 ) ) ;
#11577 = DIRECTION ( 'NONE',  ( 1.000000000000000000, 0.0000000000000000000, 0.0000000000000000000 ) ) ;
#11578 = CARTESIAN_POINT ( 'NONE',  ( 6.599999999999999600, 4.700000000000000200, 3.099999999999999600 ) ) ;
#11579 = AXIS2_PLACEMENT_3D ( 'NONE', #11578, #11577, #11576 ) ;
#11580 = PLANE ( 'NONE',  #11579 ) ;
#11581 = FACE_OUTER_BOUND ( 'NONE', #4368, .T. ) ;
#11582 = DIRECTION ( 'NONE',  ( 0.0000000000000000000, -1.734723475976814600E-015, -1.000000000000000000 ) ) ;
#11583 = VECTOR ( 'NONE', #11582, 1000.000000000000000 ) ;
#11584 = CARTESIAN_POINT ( 'NONE',  ( 6.599999999999999600, 4.700000000000000200, 3.099999999999999600 ) ) ;
#11585 = LINE ( 'NONE', #11584, #11583 ) ;
#11586 = DIRECTION ( 'NONE',  ( 0.0000000000000000000, -1.734723475976805500E-015, -1.000000000000000000 ) ) ;
#11587 = DIRECTION ( 'NONE',  ( -5.699366549441389800E-032, -1.000000000000000000, 1.734723475976805500E-015 ) ) ;
#11588 = CARTESIAN_POINT ( 'NONE',  ( -6.599999999999999600, 4.699999999999999300, 2.600000000000001000 ) ) ;
#11589 = AXIS2_PLACEMENT_3D ( 'NONE', #11588, #11587, #11586 ) ;
#11590 = PLANE ( 'NONE',  #11589 ) ;
#11591 = FACE_OUTER_BOUND ( 'NONE', #4361, .T. ) ;
#11592 = DIRECTION ( 'NONE',  ( -0.0000000000000000000, -0.0000000000000000000, 1.000000000000000000 ) ) ;
#11593 = VECTOR ( 'NONE', #11592, 1000.000000000000000 ) ;
#11594 = CARTESIAN_POINT ( 'NONE',  ( -7.799999999999999800, 0.1999999999999980100, -2.899999999999999900 ) ) ;
#11595 = LINE ( 'NONE', #11594, #11593 ) ;
#11596 = AXIS2_PLACEMENT_3D ( 'NONE', #11664, #11663, #11662 ) ;
#11597 = PLANE ( 'NONE',  #11596 ) ;
#11598 = FACE_OUTER_BOUND ( 'NONE', #4400, .T. ) ;
#11599 = DIRECTION ( 'NONE',  ( -0.0000000000000000000, -1.000000000000000000, -0.0000000000000000000 ) ) ;
#11600 = VECTOR ( 'NONE', #11599, 1000.000000000000000 ) ;
#11601 = CARTESIAN_POINT ( 'NONE',  ( -6.999999999999997300, 0.1999999999999982100, -2.899999999999999900 ) ) ;
#11602 = LINE ( 'NONE', #11601, #11600 ) ;
#11603 = DIRECTION ( 'NONE',  ( -0.0000000000000000000, -0.0000000000000000000, 1.000000000000000000 ) ) ;
#11604 = VECTOR ( 'NONE', #11603, 1000.000000000000000 ) ;
#11605 = CARTESIAN_POINT ( 'NONE',  ( -6.999999999999997300, 0.1999999999999982100, -2.899999999999999900 ) ) ;
#11606 = LINE ( 'NONE', #11605, #11604 ) ;
#11607 = DIRECTION ( 'NONE',  ( -1.445602896647339700E-015, -1.000000000000000000, 0.0000000000000000000 ) ) ;
#11608 = VECTOR ( 'NONE', #11607, 1000.000000000000000 ) ;
#11609 = CARTESIAN_POINT ( 'NONE',  ( -6.999999999999999100, 4.900000000000001200, -2.899999999999999900 ) ) ;
#11610 = LINE ( 'NONE', #11609, #11608 ) ;
#11611 = CARTESIAN_POINT ( 'NONE',  ( -7.000000000000000900, 3.700000000000002000, -2.899999999999999900 ) ) ;
#11612 = DIRECTION ( 'NONE',  ( -0.0000000000000000000, -0.0000000000000000000, 1.000000000000000000 ) ) ;
#11613 = VECTOR ( 'NONE', #11612, 1000.000000000000000 ) ;
#11614 = CARTESIAN_POINT ( 'NONE',  ( -7.000000000000000900, 3.700000000000002000, -2.899999999999999900 ) ) ;
#11615 = LINE ( 'NONE', #11614, #11613 ) ;
#11616 = DIRECTION ( 'NONE',  ( -1.445602896647339900E-015, -1.000000000000000000, 0.0000000000000000000 ) ) ;
#11617 = DIRECTION ( 'NONE',  ( -1.000000000000000000, 1.445602896647339900E-015, 0.0000000000000000000 ) ) ;
#11618 = CARTESIAN_POINT ( 'NONE',  ( -6.999999999999999100, 4.900000000000001200, -2.899999999999999900 ) ) ;
#11619 = AXIS2_PLACEMENT_3D ( 'NONE', #11618, #11617, #11616 ) ;
#11620 = PLANE ( 'NONE',  #11619 ) ;
#11621 = FACE_OUTER_BOUND ( 'NONE', #4388, .T. ) ;
#11622 = DIRECTION ( 'NONE',  ( 0.0000000000000000000, 0.0000000000000000000, -1.000000000000000000 ) ) ;
#11623 = DIRECTION ( 'NONE',  ( 1.000000000000000000, 0.0000000000000000000, 0.0000000000000000000 ) ) ;
#11624 = CARTESIAN_POINT ( 'NONE',  ( -7.299999999999998900, 4.900000000000000400, -2.899999999999999900 ) ) ;
#11625 = AXIS2_PLACEMENT_3D ( 'NONE', #11624, #11623, #11622 ) ;
#11626 = PLANE ( 'NONE',  #11625 ) ;
#11627 = DIRECTION ( 'NONE',  ( 0.0000000000000000000, 0.0000000000000000000, 1.000000000000000000 ) ) ;
#11628 = CARTESIAN_POINT ( 'NONE',  ( 6.599999999999998800, -0.1999999999999999800, -2.799999999999999400 ) ) ;
#11629 = AXIS2_PLACEMENT_3D ( 'NONE', #11628, #12429, #12430 ) ;
#11630 = PLANE ( 'NONE',  #11629 ) ;
#11631 = DIRECTION ( 'NONE',  ( 0.0000000000000000000, 0.0000000000000000000, 1.000000000000000000 ) ) ;
#11632 = DIRECTION ( 'NONE',  ( -1.000000000000000000, 0.0000000000000000000, 0.0000000000000000000 ) ) ;
#11633 = CARTESIAN_POINT ( 'NONE',  ( -6.999999999999997300, 0.1999999999999982100, -2.899999999999999900 ) ) ;
#11634 = AXIS2_PLACEMENT_3D ( 'NONE', #11633, #11632, #11631 ) ;
#11635 = PLANE ( 'NONE',  #11634 ) ;
#11636 = FACE_OUTER_BOUND ( 'NONE', #4341, .T. ) ;
#11637 = DIRECTION ( 'NONE',  ( 1.000000000000000000, -2.710505431213760100E-016, 0.0000000000000000000 ) ) ;
#11638 = VECTOR ( 'NONE', #11637, 1000.000000000000000 ) ;
#11639 = CARTESIAN_POINT ( 'NONE',  ( -7.799999999999998000, 1.099999999999997900, -2.899999999999999900 ) ) ;
#11640 = LINE ( 'NONE', #11639, #11638 ) ;
#11641 = CARTESIAN_POINT ( 'NONE',  ( -6.999999999999997300, 1.099999999999997600, -2.899999999999999900 ) ) ;
#11642 = DIRECTION ( 'NONE',  ( -0.0000000000000000000, -0.0000000000000000000, 1.000000000000000000 ) ) ;
#11643 = VECTOR ( 'NONE', #11642, 1000.000000000000000 ) ;
#11644 = CARTESIAN_POINT ( 'NONE',  ( -6.999999999999997300, 1.099999999999997600, -2.899999999999999900 ) ) ;
#11645 = LINE ( 'NONE', #11644, #11643 ) ;
#11646 = DIRECTION ( 'NONE',  ( 1.000000000000000000, -2.710505431213760100E-016, 0.0000000000000000000 ) ) ;
#11647 = DIRECTION ( 'NONE',  ( -2.710505431213760100E-016, -1.000000000000000000, 0.0000000000000000000 ) ) ;
#11648 = CARTESIAN_POINT ( 'NONE',  ( -7.799999999999998000, 1.099999999999997900, -2.899999999999999900 ) ) ;
#11649 = AXIS2_PLACEMENT_3D ( 'NONE', #11648, #11647, #11646 ) ;
#11650 = PLANE ( 'NONE',  #11649 ) ;
#11651 = FACE_OUTER_BOUND ( 'NONE', #4408, .T. ) ;
#11652 = DIRECTION ( 'NONE',  ( -1.000000000000000000, 0.0000000000000000000, -0.0000000000000000000 ) ) ;
#11653 = DIRECTION ( 'NONE',  ( 0.0000000000000000000, 0.0000000000000000000, -1.000000000000000000 ) ) ;
#11654 = CARTESIAN_POINT ( 'NONE',  ( -7.799999999999998000, 1.099999999999997900, -2.899999999999999900 ) ) ;
#11655 = AXIS2_PLACEMENT_3D ( 'NONE', #11654, #11653, #11652 ) ;
#11656 = PLANE ( 'NONE',  #11655 ) ;
#11657 = FACE_OUTER_BOUND ( 'NONE', #4382, .T. ) ;
#11658 = DIRECTION ( 'NONE',  ( -1.000000000000000000, -2.710505431213754200E-016, -0.0000000000000000000 ) ) ;
#11659 = VECTOR ( 'NONE', #11658, 1000.000000000000000 ) ;
#11660 = CARTESIAN_POINT ( 'NONE',  ( -7.799999999999999800, 0.1999999999999980100, -2.899999999999999900 ) ) ;
#11661 = LINE ( 'NONE', #11660, #11659 ) ;
#11662 = DIRECTION ( 'NONE',  ( -1.000000000000000000, -2.710505431213754200E-016, 0.0000000000000000000 ) ) ;
#11663 = DIRECTION ( 'NONE',  ( -2.710505431213754200E-016, 1.000000000000000000, 0.0000000000000000000 ) ) ;
#11664 = CARTESIAN_POINT ( 'NONE',  ( -7.799999999999999800, 0.1999999999999980100, -2.899999999999999900 ) ) ;
#11665 = CARTESIAN_POINT ( 'NONE',  ( -7.299999999999998900, 4.900000000000000400, -2.899999999999999900 ) ) ;
#11666 = LINE ( 'NONE', #11665, #11728 ) ;
#11667 = DIRECTION ( 'NONE',  ( -0.0000000000000000000, -0.0000000000000000000, 1.000000000000000000 ) ) ;
#11668 = VECTOR ( 'NONE', #11667, 1000.000000000000000 ) ;
#11669 = CARTESIAN_POINT ( 'NONE',  ( 7.299999999999998900, 4.900000000000000400, -2.899999999999999900 ) ) ;
#11670 = LINE ( 'NONE', #11669, #11668 ) ;
#11671 = DIRECTION ( 'NONE',  ( 1.000000000000000000, -2.891205793294679800E-015, 0.0000000000000000000 ) ) ;
#11672 = DIRECTION ( 'NONE',  ( -2.891205793294679800E-015, -1.000000000000000000, 0.0000000000000000000 ) ) ;
#11673 = CARTESIAN_POINT ( 'NONE',  ( 6.999999999999999100, 4.900000000000001200, -2.899999999999999900 ) ) ;
#11674 = AXIS2_PLACEMENT_3D ( 'NONE', #11673, #11672, #11671 ) ;
#11675 = PLANE ( 'NONE',  #11674 ) ;
#11676 = FACE_OUTER_BOUND ( 'NONE', #4430, .T. ) ;
#11677 = DIRECTION ( 'NONE',  ( -1.000000000000000000, 0.0000000000000000000, 0.0000000000000000000 ) ) ;
#11678 = DIRECTION ( 'NONE',  ( 0.0000000000000000000, 0.0000000000000000000, -1.000000000000000000 ) ) ;
#11679 = CARTESIAN_POINT ( 'NONE',  ( -7.000000000000000900, 3.700000000000002000, -2.899999999999999900 ) ) ;
#11680 = AXIS2_PLACEMENT_3D ( 'NONE', #11679, #11678, #11677 ) ;
#11681 = PLANE ( 'NONE',  #11680 ) ;
#11682 = FACE_OUTER_BOUND ( 'NONE', #4424, .T. ) ;
#11683 = DIRECTION ( 'NONE',  ( 1.000000000000000000, 2.891205793294679400E-015, -0.0000000000000000000 ) ) ;
#11684 = VECTOR ( 'NONE', #11683, 1000.000000000000000 ) ;
#11685 = CARTESIAN_POINT ( 'NONE',  ( -6.999999999999999100, 4.900000000000001200, -2.899999999999999900 ) ) ;
#11686 = LINE ( 'NONE', #11685, #11684 ) ;
#11687 = DIRECTION ( 'NONE',  ( 0.0000000000000000000, -1.000000000000000000, 0.0000000000000000000 ) ) ;
#11688 = VECTOR ( 'NONE', #11687, 1000.000000000000000 ) ;
#11689 = CARTESIAN_POINT ( 'NONE',  ( 7.299999999999998900, 4.900000000000000400, -2.899999999999999900 ) ) ;
#11690 = LINE ( 'NONE', #11689, #11688 ) ;
#11691 = CARTESIAN_POINT ( 'NONE',  ( 7.299999999999998900, 3.700000000000002000, -2.899999999999999900 ) ) ;
#11692 = DIRECTION ( 'NONE',  ( -0.0000000000000000000, -0.0000000000000000000, 1.000000000000000000 ) ) ;
#11693 = VECTOR ( 'NONE', #11692, 1000.000000000000000 ) ;
#11694 = CARTESIAN_POINT ( 'NONE',  ( 7.299999999999998900, 3.700000000000002000, -2.899999999999999900 ) ) ;
#11695 = LINE ( 'NONE', #11694, #11693 ) ;
#11696 = DIRECTION ( 'NONE',  ( -1.000000000000000000, 0.0000000000000000000, 0.0000000000000000000 ) ) ;
#11697 = VECTOR ( 'NONE', #11696, 1000.000000000000000 ) ;
#11698 = CARTESIAN_POINT ( 'NONE',  ( -7.000000000000000900, 3.700000000000002000, -2.899999999999999900 ) ) ;
#11699 = LINE ( 'NONE', #11698, #11697 ) ;
#11700 = CARTESIAN_POINT ( 'NONE',  ( -7.299999999999998900, 3.700000000000002000, -2.899999999999999900 ) ) ;
#11701 = DIRECTION ( 'NONE',  ( -0.0000000000000000000, -0.0000000000000000000, 1.000000000000000000 ) ) ;
#11702 = VECTOR ( 'NONE', #11701, 1000.000000000000000 ) ;
#11703 = CARTESIAN_POINT ( 'NONE',  ( -7.299999999999998900, 3.700000000000002000, -2.899999999999999900 ) ) ;
#11704 = LINE ( 'NONE', #11703, #11702 ) ;
#11705 = DIRECTION ( 'NONE',  ( 0.0000000000000000000, -0.0000000000000000000, 1.000000000000000000 ) ) ;
#11706 = DIRECTION ( 'NONE',  ( 0.0000000000000000000, 1.000000000000000000, 0.0000000000000000000 ) ) ;
#11707 = CARTESIAN_POINT ( 'NONE',  ( -7.000000000000000900, 3.700000000000002000, -2.899999999999999900 ) ) ;
#11708 = AXIS2_PLACEMENT_3D ( 'NONE', #11707, #11706, #11705 ) ;
#11709 = PLANE ( 'NONE',  #11708 ) ;
#11710 = FACE_OUTER_BOUND ( 'NONE', #4450, .T. ) ;
#11711 = DIRECTION ( 'NONE',  ( -0.0000000000000000000, -0.0000000000000000000, 1.000000000000000000 ) ) ;
#11712 = VECTOR ( 'NONE', #11711, 1000.000000000000000 ) ;
#11713 = CARTESIAN_POINT ( 'NONE',  ( -6.999999999999999100, 4.900000000000001200, -2.899999999999999900 ) ) ;
#11714 = LINE ( 'NONE', #11713, #11712 ) ;
#11715 = CARTESIAN_POINT ( 'NONE',  ( -6.999999999999999100, 4.900000000000001200, -2.899999999999999900 ) ) ;
#11716 = DIRECTION ( 'NONE',  ( 1.000000000000000000, 2.891205793294679800E-015, 0.0000000000000000000 ) ) ;
#11717 = DIRECTION ( 'NONE',  ( 2.891205793294679800E-015, -1.000000000000000000, 0.0000000000000000000 ) ) ;
#11718 = CARTESIAN_POINT ( 'NONE',  ( -6.999999999999999100, 4.900000000000001200, -2.899999999999999900 ) ) ;
#11719 = AXIS2_PLACEMENT_3D ( 'NONE', #11718, #11717, #11716 ) ;
#11720 = PLANE ( 'NONE',  #11719 ) ;
#11721 = FACE_OUTER_BOUND ( 'NONE', #4442, .T. ) ;
#11722 = DIRECTION ( 'NONE',  ( -0.0000000000000000000, 1.000000000000000000, -0.0000000000000000000 ) ) ;
#11723 = VECTOR ( 'NONE', #11722, 1000.000000000000000 ) ;
#11724 = CARTESIAN_POINT ( 'NONE',  ( -7.299999999999998900, 4.900000000000000400, -2.899999999999999900 ) ) ;
#11725 = LINE ( 'NONE', #11724, #11723 ) ;
#11726 = CARTESIAN_POINT ( 'NONE',  ( -7.299999999999998900, 4.900000000000000400, -2.899999999999999900 ) ) ;
#11727 = DIRECTION ( 'NONE',  ( -0.0000000000000000000, -0.0000000000000000000, 1.000000000000000000 ) ) ;
#11728 = VECTOR ( 'NONE', #11727, 1000.000000000000000 ) ;
#11729 = CARTESIAN_POINT ( 'NONE',  ( 7.000000000000000900, 3.700000000000002000, -2.899999999999999900 ) ) ;
#11730 = DIRECTION ( 'NONE',  ( -0.0000000000000000000, -0.0000000000000000000, 1.000000000000000000 ) ) ;
#11731 = VECTOR ( 'NONE', #11730, 1000.000000000000000 ) ;
#11732 = CARTESIAN_POINT ( 'NONE',  ( 7.000000000000000900, 3.700000000000002000, -2.899999999999999900 ) ) ;
#11733 = LINE ( 'NONE', #11732, #11731 ) ;
#11734 = DIRECTION ( 'NONE',  ( 0.0000000000000000000, -0.0000000000000000000, 1.000000000000000000 ) ) ;
#11735 = DIRECTION ( 'NONE',  ( -0.0000000000000000000, 1.000000000000000000, 0.0000000000000000000 ) ) ;
#11736 = CARTESIAN_POINT ( 'NONE',  ( 7.000000000000000900, 3.700000000000002000, -2.899999999999999900 ) ) ;
#11737 = AXIS2_PLACEMENT_3D ( 'NONE', #11736, #11735, #11734 ) ;
#11738 = PLANE ( 'NONE',  #11737 ) ;
#11739 = FACE_OUTER_BOUND ( 'NONE', #4475, .T. ) ;
#11740 = DIRECTION ( 'NONE',  ( -1.000000000000000000, 2.710505431213754200E-016, 0.0000000000000000000 ) ) ;
#11741 = DIRECTION ( 'NONE',  ( 2.710505431213754200E-016, 1.000000000000000000, 0.0000000000000000000 ) ) ;
#11742 = CARTESIAN_POINT ( 'NONE',  ( 7.799999999999999800, 0.1999999999999980100, -2.899999999999999900 ) ) ;
#11743 = AXIS2_PLACEMENT_3D ( 'NONE', #11742, #11741, #11740 ) ;
#11744 = PLANE ( 'NONE',  #11743 ) ;
#11745 = FACE_OUTER_BOUND ( 'NONE', #4472, .T. ) ;
#11746 = DIRECTION ( 'NONE',  ( -1.000000000000000000, 0.0000000000000000000, -0.0000000000000000000 ) ) ;
#11747 = DIRECTION ( 'NONE',  ( 0.0000000000000000000, 0.0000000000000000000, -1.000000000000000000 ) ) ;
#11748 = CARTESIAN_POINT ( 'NONE',  ( 7.299999999999998900, 4.900000000000000400, -2.899999999999999900 ) ) ;
#11749 = AXIS2_PLACEMENT_3D ( 'NONE', #11748, #11747, #11746 ) ;
#11750 = PLANE ( 'NONE',  #11749 ) ;
#11751 = FACE_OUTER_BOUND ( 'NONE', #4466, .T. ) ;
#11752 = DIRECTION ( 'NONE',  ( -1.445602896647339700E-015, 1.000000000000000000, -0.0000000000000000000 ) ) ;
#11753 = VECTOR ( 'NONE', #11752, 1000.000000000000000 ) ;
#11754 = CARTESIAN_POINT ( 'NONE',  ( 6.999999999999999100, 4.900000000000001200, -2.899999999999999900 ) ) ;
#11755 = LINE ( 'NONE', #11754, #11753 ) ;
#11756 = CARTESIAN_POINT ( 'NONE',  ( 6.999999999999997300, 1.099999999999997600, -2.899999999999999900 ) ) ;
#11757 = DIRECTION ( 'NONE',  ( -0.0000000000000000000, -0.0000000000000000000, 1.000000000000000000 ) ) ;
#11758 = VECTOR ( 'NONE', #11757, 1000.000000000000000 ) ;
#11759 = CARTESIAN_POINT ( 'NONE',  ( 6.999999999999997300, 1.099999999999997600, -2.899999999999999900 ) ) ;
#11760 = LINE ( 'NONE', #11759, #11758 ) ;
#11761 = DIRECTION ( 'NONE',  ( 1.927470528863119300E-015, -1.000000000000000000, -0.0000000000000000000 ) ) ;
#11762 = VECTOR ( 'NONE', #11761, 1000.000000000000000 ) ;
#11763 = CARTESIAN_POINT ( 'NONE',  ( 7.799999999999999800, 0.1999999999999980100, -2.899999999999999900 ) ) ;
#11764 = LINE ( 'NONE', #11763, #11762 ) ;
#11765 = DIRECTION ( 'NONE',  ( 1.927470528863119300E-015, -1.000000000000000000, 0.0000000000000000000 ) ) ;
#11766 = DIRECTION ( 'NONE',  ( -1.000000000000000000, -1.927470528863119300E-015, 0.0000000000000000000 ) ) ;
#11767 = CARTESIAN_POINT ( 'NONE',  ( 7.799999999999999800, 0.1999999999999980100, -2.899999999999999900 ) ) ;
#11768 = AXIS2_PLACEMENT_3D ( 'NONE', #11767, #11766, #11765 ) ;
#11769 = PLANE ( 'NONE',  #11768 ) ;
#11770 = FACE_OUTER_BOUND ( 'NONE', #4522, .T. ) ;
#11771 = DIRECTION ( 'NONE',  ( -0.0000000000000000000, 0.0000000000000000000, 1.000000000000000000 ) ) ;
#11772 = DIRECTION ( 'NONE',  ( -1.000000000000000000, 0.0000000000000000000, -0.0000000000000000000 ) ) ;
#11773 = CARTESIAN_POINT ( 'NONE',  ( 7.299999999999998900, 4.900000000000000400, -2.899999999999999900 ) ) ;
#11774 = AXIS2_PLACEMENT_3D ( 'NONE', #11773, #11772, #11771 ) ;
#11775 = PLANE ( 'NONE',  #11774 ) ;
#11776 = FACE_OUTER_BOUND ( 'NONE', #4493, .T. ) ;
#11777 = DIRECTION ( 'NONE',  ( -0.0000000000000000000, -0.0000000000000000000, 1.000000000000000000 ) ) ;
#11778 = VECTOR ( 'NONE', #11777, 1000.000000000000000 ) ;
#11779 = CARTESIAN_POINT ( 'NONE',  ( 6.999999999999999100, 4.900000000000001200, -2.899999999999999900 ) ) ;
#11780 = LINE ( 'NONE', #11779, #11778 ) ;
#11781 = CARTESIAN_POINT ( 'NONE',  ( 6.999999999999999100, 4.900000000000001200, -2.899999999999999900 ) ) ;
#11782 = DIRECTION ( 'NONE',  ( 1.000000000000000000, -2.891205793294679400E-015, 0.0000000000000000000 ) ) ;
#11783 = VECTOR ( 'NONE', #11782, 1000.000000000000000 ) ;
#11784 = CARTESIAN_POINT ( 'NONE',  ( 6.999999999999999100, 4.900000000000001200, -2.899999999999999900 ) ) ;
#11785 = LINE ( 'NONE', #11784, #11783 ) ;
#11786 = CARTESIAN_POINT ( 'NONE',  ( 7.299999999999998900, 4.900000000000000400, -2.899999999999999900 ) ) ;
#11787 = DIRECTION ( 'NONE',  ( -1.445602896647339900E-015, 1.000000000000000000, 0.0000000000000000000 ) ) ;
#11788 = DIRECTION ( 'NONE',  ( 1.000000000000000000, 1.445602896647339900E-015, 0.0000000000000000000 ) ) ;
#11789 = CARTESIAN_POINT ( 'NONE',  ( 6.999999999999999100, 4.900000000000001200, -2.899999999999999900 ) ) ;
#11790 = AXIS2_PLACEMENT_3D ( 'NONE', #11789, #11788, #11787 ) ;
#11791 = PLANE ( 'NONE',  #11790 ) ;
#11792 = FACE_OUTER_BOUND ( 'NONE', #4484, .T. ) ;
#11793 = DIRECTION ( 'NONE',  ( -1.000000000000000000, -0.0000000000000000000, -0.0000000000000000000 ) ) ;
#11794 = VECTOR ( 'NONE', #11793, 1000.000000000000000 ) ;
#11795 = CARTESIAN_POINT ( 'NONE',  ( 7.000000000000000900, 3.700000000000002000, -2.899999999999999900 ) ) ;
#11796 = LINE ( 'NONE', #11795, #11794 ) ;
#11797 = CARTESIAN_POINT ( 'NONE',  ( 6.999999999999997300, 0.1999999999999982100, -2.899999999999999900 ) ) ;
#11798 = DIRECTION ( 'NONE',  ( -0.0000000000000000000, -0.0000000000000000000, 1.000000000000000000 ) ) ;
#11799 = VECTOR ( 'NONE', #11798, 1000.000000000000000 ) ;
#11800 = CARTESIAN_POINT ( 'NONE',  ( 6.999999999999997300, 0.1999999999999982100, -2.899999999999999900 ) ) ;
#11801 = LINE ( 'NONE', #11800, #11799 ) ;
#11802 = DIRECTION ( 'NONE',  ( 1.000000000000000000, 2.710505431213760100E-016, -0.0000000000000000000 ) ) ;
#11803 = VECTOR ( 'NONE', #11802, 1000.000000000000000 ) ;
#11804 = CARTESIAN_POINT ( 'NONE',  ( 7.799999999999998000, 1.099999999999997900, -2.899999999999999900 ) ) ;
#11805 = LINE ( 'NONE', #11804, #11803 ) ;
#11806 = CARTESIAN_POINT ( 'NONE',  ( 7.799999999999998000, 1.099999999999997900, -2.899999999999999900 ) ) ;
#11807 = DIRECTION ( 'NONE',  ( -0.0000000000000000000, -0.0000000000000000000, 1.000000000000000000 ) ) ;
#11808 = VECTOR ( 'NONE', #11807, 1000.000000000000000 ) ;
#11809 = CARTESIAN_POINT ( 'NONE',  ( 7.799999999999998000, 1.099999999999997900, -2.899999999999999900 ) ) ;
#11810 = LINE ( 'NONE', #11809, #11808 ) ;
#11811 = DIRECTION ( 'NONE',  ( 1.000000000000000000, 2.710505431213760100E-016, 0.0000000000000000000 ) ) ;
#11812 = DIRECTION ( 'NONE',  ( 2.710505431213760100E-016, -1.000000000000000000, 0.0000000000000000000 ) ) ;
#11813 = CARTESIAN_POINT ( 'NONE',  ( 7.799999999999998000, 1.099999999999997900, -2.899999999999999900 ) ) ;
#11814 = AXIS2_PLACEMENT_3D ( 'NONE', #11813, #11812, #11811 ) ;
#11815 = PLANE ( 'NONE',  #11814 ) ;
#11816 = FACE_OUTER_BOUND ( 'NONE', #4514, .T. ) ;
#11817 = DIRECTION ( 'NONE',  ( 0.0000000000000000000, 1.000000000000000000, 0.0000000000000000000 ) ) ;
#11818 = VECTOR ( 'NONE', #11817, 1000.000000000000000 ) ;
#11819 = CARTESIAN_POINT ( 'NONE',  ( 6.999999999999997300, 0.1999999999999982100, -2.899999999999999900 ) ) ;
#11820 = LINE ( 'NONE', #11819, #11818 ) ;
#11821 = DIRECTION ( 'NONE',  ( -1.000000000000000000, 0.0000000000000000000, -0.0000000000000000000 ) ) ;
#11822 = DIRECTION ( 'NONE',  ( 0.0000000000000000000, 0.0000000000000000000, -1.000000000000000000 ) ) ;
#11823 = CARTESIAN_POINT ( 'NONE',  ( 6.999999999999997300, 0.1999999999999982100, -2.899999999999999900 ) ) ;
#11824 = AXIS2_PLACEMENT_3D ( 'NONE', #11823, #11822, #11821 ) ;
#11825 = PLANE ( 'NONE',  #11824 ) ;
#11826 = FACE_OUTER_BOUND ( 'NONE', #4505, .T. ) ;
#11827 = DIRECTION ( 'NONE',  ( -1.000000000000000000, -0.0000000000000000000, -0.0000000000000000000 ) ) ;
#11828 = CARTESIAN_POINT ( 'NONE',  ( 6.599999999999998800, 3.849999999999999200, 0.9000000000000002400 ) ) ;
#11829 = LINE ( 'NONE', #11828, #11894 ) ;
#11830 = CARTESIAN_POINT ( 'NONE',  ( 6.399999999999999500, 3.849999999999999200, 0.9000000000000002400 ) ) ;
#11831 = CARTESIAN_POINT ( 'NONE',  ( 6.399999999999999500, 3.849999999999999200, 0.3999999999999999700 ) ) ;
#11832 = DIRECTION ( 'NONE',  ( -0.0000000000000000000, -0.0000000000000000000, 1.000000000000000000 ) ) ;
#11833 = VECTOR ( 'NONE', #11832, 1000.000000000000000 ) ;
#11834 = CARTESIAN_POINT ( 'NONE',  ( 6.399999999999999500, 3.849999999999999200, 0.9000000000000002400 ) ) ;
#11835 = LINE ( 'NONE', #11834, #11833 ) ;
#11836 = DIRECTION ( 'NONE',  ( 0.0000000000000000000, -0.0000000000000000000, -1.000000000000000000 ) ) ;
#11837 = DIRECTION ( 'NONE',  ( 0.0000000000000000000, -1.000000000000000000, 0.0000000000000000000 ) ) ;
#11838 = CARTESIAN_POINT ( 'NONE',  ( 6.599999999999998800, 3.849999999999999200, 0.9000000000000002400 ) ) ;
#11839 = AXIS2_PLACEMENT_3D ( 'NONE', #11838, #11837, #11836 ) ;
#11840 = PLANE ( 'NONE',  #11839 ) ;
#11841 = FACE_OUTER_BOUND ( 'NONE', #4543, .T. ) ;
#11842 = DIRECTION ( 'NONE',  ( 1.000000000000000000, 0.0000000000000000000, 0.0000000000000000000 ) ) ;
#11843 = DIRECTION ( 'NONE',  ( -0.0000000000000000000, 0.0000000000000000000, 1.000000000000000000 ) ) ;
#11844 = CARTESIAN_POINT ( 'NONE',  ( 7.299999999999998900, 2.669615242270660700, 2.950000000000000200 ) ) ;
#11845 = AXIS2_PLACEMENT_3D ( 'NONE', #11844, #11843, #11842 ) ;
#11846 = PLANE ( 'NONE',  #11845 ) ;
#11847 = FACE_OUTER_BOUND ( 'NONE', #4538, .T. ) ;
#11848 = DIRECTION ( 'NONE',  ( 0.0000000000000000000, 0.0000000000000000000, -1.000000000000000000 ) ) ;
#11849 = DIRECTION ( 'NONE',  ( 1.000000000000000000, -0.0000000000000000000, 0.0000000000000000000 ) ) ;
#11850 = CARTESIAN_POINT ( 'NONE',  ( 6.999999999999997300, 0.1999999999999982100, -2.899999999999999900 ) ) ;
#11851 = AXIS2_PLACEMENT_3D ( 'NONE', #11850, #11849, #11848 ) ;
#11852 = PLANE ( 'NONE',  #11851 ) ;
#11853 = FACE_OUTER_BOUND ( 'NONE', #4533, .T. ) ;
#11854 = DIRECTION ( 'NONE',  ( -0.0000000000000000000, -0.0000000000000000000, 1.000000000000000000 ) ) ;
#11855 = VECTOR ( 'NONE', #11854, 1000.000000000000000 ) ;
#11856 = CARTESIAN_POINT ( 'NONE',  ( 7.799999999999999800, 0.1999999999999980100, -2.899999999999999900 ) ) ;
#11857 = LINE ( 'NONE', #11856, #11855 ) ;
#11858 = CARTESIAN_POINT ( 'NONE',  ( 7.799999999999999800, 0.1999999999999980100, -2.899999999999999900 ) ) ;
#11859 = DIRECTION ( 'NONE',  ( -1.000000000000000000, 2.710505431213754200E-016, 0.0000000000000000000 ) ) ;
#11860 = VECTOR ( 'NONE', #11859, 1000.000000000000000 ) ;
#11861 = CARTESIAN_POINT ( 'NONE',  ( 7.799999999999999800, 0.1999999999999980100, -2.899999999999999900 ) ) ;
#11862 = LINE ( 'NONE', #11861, #11860 ) ;
#11863 = CARTESIAN_POINT ( 'NONE',  ( 7.299999999999998900, 2.669615242270660700, 2.950000000000000200 ) ) ;
#11864 = DIRECTION ( 'NONE',  ( -0.0000000000000000000, -0.0000000000000000000, 1.000000000000000000 ) ) ;
#11865 = VECTOR ( 'NONE', #11864, 1000.000000000000000 ) ;
#11866 = CARTESIAN_POINT ( 'NONE',  ( 7.299999999999998900, 2.669615242270660700, 2.950000000000000200 ) ) ;
#11867 = LINE ( 'NONE', #11866, #11865 ) ;
#11868 = DIRECTION ( 'NONE',  ( -0.5000000000000001100, 0.8660254037844386000, 0.0000000000000000000 ) ) ;
#11869 = DIRECTION ( 'NONE',  ( 0.8660254037844386000, 0.5000000000000001100, 0.0000000000000000000 ) ) ;
#11870 = CARTESIAN_POINT ( 'NONE',  ( 7.299999999999998900, 2.669615242270660700, 2.950000000000000200 ) ) ;
#11871 = AXIS2_PLACEMENT_3D ( 'NONE', #11870, #11869, #11868 ) ;
#11872 = PLANE ( 'NONE',  #11871 ) ;
#11873 = FACE_OUTER_BOUND ( 'NONE', #4509, .T. ) ;
#11874 = DIRECTION ( 'NONE',  ( -0.5000000000000001100, -0.8660254037844386000, -0.0000000000000000000 ) ) ;
#11875 = VECTOR ( 'NONE', #11874, 1000.000000000000000 ) ;
#11876 = CARTESIAN_POINT ( 'NONE',  ( 6.999999999999999100, 2.149999999999997700, 2.950000000000000200 ) ) ;
#11877 = LINE ( 'NONE', #11876, #11875 ) ;
#11878 = DIRECTION ( 'NONE',  ( -0.5000000000000001100, -0.8660254037844386000, 0.0000000000000000000 ) ) ;
#11879 = DIRECTION ( 'NONE',  ( -0.8660254037844386000, 0.5000000000000001100, 0.0000000000000000000 ) ) ;
#11880 = CARTESIAN_POINT ( 'NONE',  ( 6.999999999999999100, 2.149999999999997700, 2.950000000000000200 ) ) ;
#11881 = AXIS2_PLACEMENT_3D ( 'NONE', #11880, #11879, #11878 ) ;
#11882 = PLANE ( 'NONE',  #11881 ) ;
#11883 = FACE_OUTER_BOUND ( 'NONE', #4558, .T. ) ;
#11884 = DIRECTION ( 'NONE',  ( -0.0000000000000000000, -0.0000000000000000000, 1.000000000000000000 ) ) ;
#11885 = VECTOR ( 'NONE', #11884, 1000.000000000000000 ) ;
#11886 = CARTESIAN_POINT ( 'NONE',  ( 6.999999999999999100, 2.149999999999997700, 2.950000000000000200 ) ) ;
#11887 = LINE ( 'NONE', #11886, #11885 ) ;
#11888 = CARTESIAN_POINT ( 'NONE',  ( 6.999999999999999100, 2.149999999999997700, 2.950000000000000200 ) ) ;
#11889 = DIRECTION ( 'NONE',  ( 1.000000000000000000, -0.0000000000000000000, -0.0000000000000000000 ) ) ;
#11890 = VECTOR ( 'NONE', #11889, 1000.000000000000000 ) ;
#11891 = CARTESIAN_POINT ( 'NONE',  ( 7.599999999999998800, 2.149999999999997700, 2.950000000000000200 ) ) ;
#11892 = LINE ( 'NONE', #11891, #11890 ) ;
#11893 = CARTESIAN_POINT ( 'NONE',  ( 6.599999999999998800, 3.849999999999999200, 0.9000000000000002400 ) ) ;
#11894 = VECTOR ( 'NONE', #11827, 1000.000000000000000 ) ;
#11895 = FACE_OUTER_BOUND ( 'NONE', #4591, .T. ) ;
#11896 = CARTESIAN_POINT ( 'NONE',  ( 6.599999999999998800, -0.1999999999999999800, -2.799999999999999400 ) ) ;
#11897 = DIRECTION ( 'NONE',  ( 0.0000000000000000000, -0.7071067811865462400, -0.7071067811865489100 ) ) ;
#11898 = VECTOR ( 'NONE', #11897, 1000.000000000000000 ) ;
#11899 = CARTESIAN_POINT ( 'NONE',  ( 6.599999999999998800, 0.09999999999999917300, -2.499999999999999100 ) ) ;
#11900 = LINE ( 'NONE', #11899, #11898 ) ;
#11901 = DIRECTION ( 'NONE',  ( 0.0000000000000000000, 0.7071067811865462400, 0.7071067811865489100 ) ) ;
#11902 = DIRECTION ( 'NONE',  ( 0.0000000000000000000, 0.7071067811865489100, -0.7071067811865462400 ) ) ;
#11903 = CARTESIAN_POINT ( 'NONE',  ( 6.599999999999998800, 0.09999999999999917300, -2.499999999999999100 ) ) ;
#11904 = AXIS2_PLACEMENT_3D ( 'NONE', #11903, #11902, #11901 ) ;
#11905 = PLANE ( 'NONE',  #11904 ) ;
#11906 = FACE_OUTER_BOUND ( 'NONE', #4586, .T. ) ;
#11907 = DIRECTION ( 'NONE',  ( 0.0000000000000000000, -1.000000000000000000, 1.642730564371976600E-017 ) ) ;
#11908 = DIRECTION ( 'NONE',  ( -0.0000000000000000000, 1.642730564371976600E-017, 1.000000000000000000 ) ) ;
#11909 = CARTESIAN_POINT ( 'NONE',  ( 6.599999999999998800, 0.5499999999999992700, 0.4000000000000000200 ) ) ;
#11910 = AXIS2_PLACEMENT_3D ( 'NONE', #11909, #11908, #11907 ) ;
#11911 = PLANE ( 'NONE',  #11910 ) ;
#11912 = FACE_OUTER_BOUND ( 'NONE', #4580, .T. ) ;
#11913 = DIRECTION ( 'NONE',  ( 0.0000000000000000000, 0.0000000000000000000, -1.000000000000000000 ) ) ;
#11914 = DIRECTION ( 'NONE',  ( 0.0000000000000000000, -1.000000000000000000, -0.0000000000000000000 ) ) ;
#11915 = CARTESIAN_POINT ( 'NONE',  ( 7.599999999999998800, 2.149999999999997700, 2.950000000000000200 ) ) ;
#11916 = AXIS2_PLACEMENT_3D ( 'NONE', #11915, #11914, #11913 ) ;
#11917 = PLANE ( 'NONE',  #11916 ) ;
#11918 = FACE_OUTER_BOUND ( 'NONE', #4496, .T. ) ;
#11919 = DIRECTION ( 'NONE',  ( -0.0000000000000000000, -0.0000000000000000000, 1.000000000000000000 ) ) ;
#11920 = VECTOR ( 'NONE', #11919, 1000.000000000000000 ) ;
#11921 = CARTESIAN_POINT ( 'NONE',  ( 7.599999999999998800, 2.149999999999997700, 2.950000000000000200 ) ) ;
#11922 = LINE ( 'NONE', #11921, #11920 ) ;
#11923 = CARTESIAN_POINT ( 'NONE',  ( 7.599999999999998800, 2.149999999999997700, 2.950000000000000200 ) ) ;
#11924 = DIRECTION ( 'NONE',  ( -0.5000000000000001100, 0.8660254037844386000, -0.0000000000000000000 ) ) ;
#11925 = VECTOR ( 'NONE', #11924, 1000.000000000000000 ) ;
#11926 = CARTESIAN_POINT ( 'NONE',  ( 7.299999999999998900, 2.669615242270660700, 2.950000000000000200 ) ) ;
#11927 = LINE ( 'NONE', #11926, #11925 ) ;
#11928 = DIRECTION ( 'NONE',  ( 0.0000000000000000000, 1.000000000000000000, -1.642730564371976600E-017 ) ) ;
#11929 = VECTOR ( 'NONE', #11928, 1000.000000000000000 ) ;
#11930 = CARTESIAN_POINT ( 'NONE',  ( 6.399999999999999500, 0.5499999999999992700, 0.4000000000000000200 ) ) ;
#11931 = LINE ( 'NONE', #11930, #11929 ) ;
#11932 = DIRECTION ( 'NONE',  ( 0.0000000000000000000, 0.0000000000000000000, 1.000000000000000000 ) ) ;
#11933 = DIRECTION ( 'NONE',  ( -1.000000000000000000, -0.0000000000000000000, 0.0000000000000000000 ) ) ;
#11934 = CARTESIAN_POINT ( 'NONE',  ( 6.399999999999999500, -0.1999999999999999800, -2.799999999999999400 ) ) ;
#11935 = AXIS2_PLACEMENT_3D ( 'NONE', #11934, #11933, #11932 ) ;
#11936 = PLANE ( 'NONE',  #11935 ) ;
#11937 = FACE_OUTER_BOUND ( 'NONE', #4608, .T. ) ;
#11938 = DIRECTION ( 'NONE',  ( -1.000000000000000000, -0.0000000000000000000, -0.0000000000000000000 ) ) ;
#11939 = VECTOR ( 'NONE', #11938, 1000.000000000000000 ) ;
#11940 = CARTESIAN_POINT ( 'NONE',  ( 6.599999999999998800, 3.849999999999999200, 0.3999999999999999700 ) ) ;
#11941 = LINE ( 'NONE', #11940, #11939 ) ;
#11942 = CARTESIAN_POINT ( 'NONE',  ( 6.599999999999998800, 3.849999999999999200, 0.3999999999999999700 ) ) ;
#11943 = DIRECTION ( 'NONE',  ( -0.0000000000000000000, -0.0000000000000000000, 1.000000000000000000 ) ) ;
#11944 = VECTOR ( 'NONE', #11943, 1000.000000000000000 ) ;
#11945 = CARTESIAN_POINT ( 'NONE',  ( 6.599999999999998800, 3.849999999999999200, 0.9000000000000002400 ) ) ;
#11946 = LINE ( 'NONE', #11945, #11944 ) ;
#11947 = DIRECTION ( 'NONE',  ( 0.0000000000000000000, 1.000000000000000000, 1.156482317317871500E-016 ) ) ;
#11948 = DIRECTION ( 'NONE',  ( 0.0000000000000000000, 1.156482317317871500E-016, -1.000000000000000000 ) ) ;
#11949 = CARTESIAN_POINT ( 'NONE',  ( 6.599999999999998800, 3.849999999999999200, 0.9000000000000002400 ) ) ;
#11950 = AXIS2_PLACEMENT_3D ( 'NONE', #11949, #11948, #11947 ) ;
#11951 = PLANE ( 'NONE',  #11950 ) ;
#11952 = FACE_OUTER_BOUND ( 'NONE', #4599, .T. ) ;
#11953 = DIRECTION ( 'NONE',  ( 0.0000000000000000000, -1.000000000000000000, -1.156482317317871500E-016 ) ) ;
#11954 = VECTOR ( 'NONE', #11953, 1000.000000000000000 ) ;
#11955 = CARTESIAN_POINT ( 'NONE',  ( 6.599999999999998800, 3.849999999999999200, 0.9000000000000002400 ) ) ;
#11956 = LINE ( 'NONE', #11955, #11954 ) ;
#11957 = DIRECTION ( 'NONE',  ( 0.0000000000000000000, 1.000000000000000000, -1.642730564371976600E-017 ) ) ;
#11958 = VECTOR ( 'NONE', #11957, 1000.000000000000000 ) ;
#11959 = CARTESIAN_POINT ( 'NONE',  ( 6.599999999999998800, 0.5499999999999992700, 0.4000000000000000200 ) ) ;
#11960 = LINE ( 'NONE', #11959, #11958 ) ;
#11961 = LINE ( 'NONE', #12025, #12024 ) ;
#11962 = DIRECTION ( 'NONE',  ( -1.000000000000000000, 0.0000000000000000000, -0.0000000000000000000 ) ) ;
#11963 = DIRECTION ( 'NONE',  ( 0.0000000000000000000, 0.0000000000000000000, -1.000000000000000000 ) ) ;
#11964 = CARTESIAN_POINT ( 'NONE',  ( 6.599999999999998800, -0.1999999999999999800, -2.799999999999999400 ) ) ;
#11965 = AXIS2_PLACEMENT_3D ( 'NONE', #11964, #11963, #11962 ) ;
#11966 = PLANE ( 'NONE',  #11965 ) ;
#11967 = FACE_OUTER_BOUND ( 'NONE', #4627, .T. ) ;
#11968 = DIRECTION ( 'NONE',  ( 0.0000000000000000000, -1.000000000000000000, 0.0000000000000000000 ) ) ;
#11969 = VECTOR ( 'NONE', #11968, 1000.000000000000000 ) ;
#11970 = CARTESIAN_POINT ( 'NONE',  ( 6.399999999999999500, -0.1999999999999999800, -2.799999999999999400 ) ) ;
#11971 = LINE ( 'NONE', #11970, #11969 ) ;
#11972 = CARTESIAN_POINT ( 'NONE',  ( 6.399999999999999500, -0.6999999999999999600, -2.799999999999999400 ) ) ;
#11973 = DIRECTION ( 'NONE',  ( 0.0000000000000000000, 0.0000000000000000000, -1.000000000000000000 ) ) ;
#11974 = VECTOR ( 'NONE', #11973, 1000.000000000000000 ) ;
#11975 = CARTESIAN_POINT ( 'NONE',  ( 6.399999999999999500, -0.6999999999999999600, -2.799999999999999400 ) ) ;
#11976 = LINE ( 'NONE', #11975, #11974 ) ;
#11977 = CARTESIAN_POINT ( 'NONE',  ( 6.399999999999999500, -0.6999999999999999600, -2.999999999999999600 ) ) ;
#11978 = DIRECTION ( 'NONE',  ( 0.0000000000000000000, 1.000000000000000000, 0.0000000000000000000 ) ) ;
#11979 = VECTOR ( 'NONE', #11978, 1000.000000000000000 ) ;
#11980 = CARTESIAN_POINT ( 'NONE',  ( 6.399999999999999500, -0.6999999999999999600, -2.999999999999999600 ) ) ;
#11981 = LINE ( 'NONE', #11980, #11979 ) ;
#11982 = DIRECTION ( 'NONE',  ( 1.000000000000000000, 0.0000000000000000000, -0.0000000000000000000 ) ) ;
#11983 = DIRECTION ( 'NONE',  ( 0.0000000000000000000, 0.0000000000000000000, 1.000000000000000000 ) ) ;
#11984 = CARTESIAN_POINT ( 'NONE',  ( 6.599999999999998800, -0.6999999999999999600, -2.999999999999999600 ) ) ;
#11985 = AXIS2_PLACEMENT_3D ( 'NONE', #11984, #11983, #11982 ) ;
#11986 = PLANE ( 'NONE',  #11985 ) ;
#11987 = FACE_OUTER_BOUND ( 'NONE', #4673, .T. ) ;
#11988 = DIRECTION ( 'NONE',  ( 0.0000000000000000000, -1.000000000000000000, -1.156482317317871500E-016 ) ) ;
#11989 = VECTOR ( 'NONE', #11988, 1000.000000000000000 ) ;
#11990 = CARTESIAN_POINT ( 'NONE',  ( 6.399999999999999500, 3.849999999999999200, 0.9000000000000002400 ) ) ;
#11991 = LINE ( 'NONE', #11990, #11989 ) ;
#11992 = FACE_OUTER_BOUND ( 'NONE', #4650, .T. ) ;
#11993 = DIRECTION ( 'NONE',  ( -1.000000000000000000, -0.0000000000000000000, -0.0000000000000000000 ) ) ;
#11994 = VECTOR ( 'NONE', #11993, 1000.000000000000000 ) ;
#11995 = CARTESIAN_POINT ( 'NONE',  ( 6.599999999999998800, -0.1999999999999999800, -2.799999999999999400 ) ) ;
#11996 = LINE ( 'NONE', #11995, #11994 ) ;
#11997 = CARTESIAN_POINT ( 'NONE',  ( 6.399999999999999500, -0.1999999999999999800, -2.799999999999999400 ) ) ;
#11998 = DIRECTION ( 'NONE',  ( 0.0000000000000000000, -0.7071067811865462400, -0.7071067811865489100 ) ) ;
#11999 = VECTOR ( 'NONE', #11998, 1000.000000000000000 ) ;
#12000 = CARTESIAN_POINT ( 'NONE',  ( 6.399999999999999500, 0.09999999999999917300, -2.499999999999999100 ) ) ;
#12001 = LINE ( 'NONE', #12000, #11999 ) ;
#12002 = CARTESIAN_POINT ( 'NONE',  ( 6.399999999999999500, 0.1000000000000000500, -2.999999999999999600 ) ) ;
#12003 = DIRECTION ( 'NONE',  ( -0.0000000000000000000, 0.7071067811865510100, 0.7071067811865441300 ) ) ;
#12004 = VECTOR ( 'NONE', #12003, 1000.000000000000000 ) ;
#12005 = CARTESIAN_POINT ( 'NONE',  ( 6.399999999999999500, 0.2500000000000014400, -2.849999999999999600 ) ) ;
#12006 = LINE ( 'NONE', #12005, #12004 ) ;
#12007 = DIRECTION ( 'NONE',  ( 0.0000000000000000000, 0.0000000000000000000, 1.000000000000000000 ) ) ;
#12008 = DIRECTION ( 'NONE',  ( -1.000000000000000000, -0.0000000000000000000, 0.0000000000000000000 ) ) ;
#12009 = CARTESIAN_POINT ( 'NONE',  ( 6.399999999999999500, -0.1999999999999999800, -2.799999999999999400 ) ) ;
#12010 = AXIS2_PLACEMENT_3D ( 'NONE', #12009, #12008, #12007 ) ;
#12011 = PLANE ( 'NONE',  #12010 ) ;
#12012 = FACE_OUTER_BOUND ( 'NONE', #4638, .T. ) ;
#12013 = DIRECTION ( 'NONE',  ( 0.0000000000000000000, 1.000000000000000000, 0.0000000000000000000 ) ) ;
#12014 = VECTOR ( 'NONE', #12013, 1000.000000000000000 ) ;
#12015 = CARTESIAN_POINT ( 'NONE',  ( 6.599999999999998800, -0.6999999999999999600, -2.999999999999999600 ) ) ;
#12016 = LINE ( 'NONE', #12015, #12014 ) ;
#12017 = CARTESIAN_POINT ( 'NONE',  ( 6.599999999999998800, -0.6999999999999999600, -2.999999999999999600 ) ) ;
#12018 = DIRECTION ( 'NONE',  ( 0.0000000000000000000, 0.0000000000000000000, -1.000000000000000000 ) ) ;
#12019 = VECTOR ( 'NONE', #12018, 1000.000000000000000 ) ;
#12020 = CARTESIAN_POINT ( 'NONE',  ( 6.599999999999998800, -0.6999999999999999600, -2.799999999999999400 ) ) ;
#12021 = LINE ( 'NONE', #12020, #12019 ) ;
#12022 = CARTESIAN_POINT ( 'NONE',  ( 6.599999999999998800, -0.6999999999999999600, -2.799999999999999400 ) ) ;
#12023 = DIRECTION ( 'NONE',  ( 0.0000000000000000000, -1.000000000000000000, 0.0000000000000000000 ) ) ;
#12024 = VECTOR ( 'NONE', #12023, 1000.000000000000000 ) ;
#12025 = CARTESIAN_POINT ( 'NONE',  ( 6.599999999999998800, -0.1999999999999999800, -2.799999999999999400 ) ) ;
#12026 = CARTESIAN_POINT ( 'NONE',  ( 6.599999999999998800, 5.799999999999999800, -2.999999999999999600 ) ) ;
#12027 = DIRECTION ( 'NONE',  ( -1.000000000000000000, -0.0000000000000000000, -0.0000000000000000000 ) ) ;
#12028 = VECTOR ( 'NONE', #12027, 1000.000000000000000 ) ;
#12029 = CARTESIAN_POINT ( 'NONE',  ( 6.599999999999998800, 5.799999999999999800, -2.999999999999999600 ) ) ;
#12030 = LINE ( 'NONE', #12029, #12028 ) ;
#12031 = CARTESIAN_POINT ( 'NONE',  ( 6.399999999999999500, 5.799999999999999800, -2.999999999999999600 ) ) ;
#12032 = CARTESIAN_POINT ( 'NONE',  ( 6.399999999999999500, 4.999999999999999100, -2.999999999999999600 ) ) ;
#12033 = DIRECTION ( 'NONE',  ( 0.0000000000000000000, 1.000000000000000000, 0.0000000000000000000 ) ) ;
#12034 = VECTOR ( 'NONE', #12033, 1000.000000000000000 ) ;
#12035 = CARTESIAN_POINT ( 'NONE',  ( 6.399999999999999500, 4.999999999999999100, -2.999999999999999600 ) ) ;
#12036 = LINE ( 'NONE', #12035, #12034 ) ;
#12037 = DIRECTION ( 'NONE',  ( 1.000000000000000000, 0.0000000000000000000, -0.0000000000000000000 ) ) ;
#12038 = DIRECTION ( 'NONE',  ( 0.0000000000000000000, 0.0000000000000000000, 1.000000000000000000 ) ) ;
#12039 = CARTESIAN_POINT ( 'NONE',  ( 6.599999999999998800, 4.999999999999999100, -2.999999999999999600 ) ) ;
#12040 = AXIS2_PLACEMENT_3D ( 'NONE', #12039, #12038, #12037 ) ;
#12041 = PLANE ( 'NONE',  #12040 ) ;
#12042 = FACE_OUTER_BOUND ( 'NONE', #4685, .T. ) ;
#12043 = CARTESIAN_POINT ( 'NONE',  ( 6.399999999999999500, 5.300000000000000700, -2.799999999999999800 ) ) ;
#12044 = DIRECTION ( 'NONE',  ( 0.0000000000000000000, -1.000000000000000000, -8.673617379884042400E-016 ) ) ;
#12045 = VECTOR ( 'NONE', #12044, 1000.000000000000000 ) ;
#12046 = CARTESIAN_POINT ( 'NONE',  ( 6.399999999999999500, 5.800000000000000700, -2.799999999999999400 ) ) ;
#12047 = LINE ( 'NONE', #12046, #12045 ) ;
#12048 = CARTESIAN_POINT ( 'NONE',  ( 6.599999999999998800, 0.1000000000000000500, -2.999999999999999600 ) ) ;
#12049 = DIRECTION ( 'NONE',  ( -0.0000000000000000000, 0.7071067811865510100, 0.7071067811865441300 ) ) ;
#12050 = VECTOR ( 'NONE', #12049, 1000.000000000000000 ) ;
#12051 = CARTESIAN_POINT ( 'NONE',  ( 6.599999999999998800, 0.2500000000000014400, -2.849999999999999600 ) ) ;
#12052 = LINE ( 'NONE', #12051, #12050 ) ;
#12053 = DIRECTION ( 'NONE',  ( 0.0000000000000000000, 0.0000000000000000000, 1.000000000000000000 ) ) ;
#12054 = DIRECTION ( 'NONE',  ( -1.000000000000000000, -0.0000000000000000000, 0.0000000000000000000 ) ) ;
#12055 = CARTESIAN_POINT ( 'NONE',  ( 6.599999999999998800, -0.1999999999999999800, -2.799999999999999400 ) ) ;
#12056 = AXIS2_PLACEMENT_3D ( 'NONE', #12055, #12054, #12053 ) ;
#12057 = PLANE ( 'NONE',  #12056 ) ;
#12058 = DIRECTION ( 'NONE',  ( -0.0000000000000000000, 1.000000000000000000, 0.0000000000000000000 ) ) ;
#12059 = CARTESIAN_POINT ( 'NONE',  ( 6.599999999999998800, -0.6999999999999999600, -2.799999999999999400 ) ) ;
#12060 = AXIS2_PLACEMENT_3D ( 'NONE', #12059, #12058, #12124 ) ;
#12061 = PLANE ( 'NONE',  #12060 ) ;
#12062 = FACE_OUTER_BOUND ( 'NONE', #4691, .T. ) ;
#12063 = DIRECTION ( 'NONE',  ( -1.000000000000000000, -0.0000000000000000000, -0.0000000000000000000 ) ) ;
#12064 = VECTOR ( 'NONE', #12063, 1000.000000000000000 ) ;
#12065 = CARTESIAN_POINT ( 'NONE',  ( 6.599999999999998800, -0.6999999999999999600, -2.799999999999999400 ) ) ;
#12066 = LINE ( 'NONE', #12065, #12064 ) ;
#12067 = DIRECTION ( 'NONE',  ( 0.0000000000000000000, -0.7071067811865510100, -0.7071067811865441300 ) ) ;
#12068 = DIRECTION ( 'NONE',  ( 0.0000000000000000000, -0.7071067811865441300, 0.7071067811865510100 ) ) ;
#12069 = CARTESIAN_POINT ( 'NONE',  ( 6.599999999999998800, 0.2500000000000014400, -2.849999999999999600 ) ) ;
#12070 = AXIS2_PLACEMENT_3D ( 'NONE', #12069, #12068, #12067 ) ;
#12071 = PLANE ( 'NONE',  #12070 ) ;
#12072 = FACE_OUTER_BOUND ( 'NONE', #4680, .T. ) ;
#12073 = DIRECTION ( 'NONE',  ( -1.000000000000000000, -0.0000000000000000000, -0.0000000000000000000 ) ) ;
#12074 = VECTOR ( 'NONE', #12073, 1000.000000000000000 ) ;
#12075 = CARTESIAN_POINT ( 'NONE',  ( 6.599999999999998800, 0.1000000000000000500, -2.999999999999999600 ) ) ;
#12076 = LINE ( 'NONE', #12075, #12074 ) ;
#12077 = DIRECTION ( 'NONE',  ( 0.0000000000000000000, -4.336808689942016200E-015, -1.000000000000000000 ) ) ;
#12078 = DIRECTION ( 'NONE',  ( 0.0000000000000000000, -1.000000000000000000, 4.336808689942016200E-015 ) ) ;
#12079 = CARTESIAN_POINT ( 'NONE',  ( 6.599999999999998800, 5.799999999999999800, -2.999999999999999600 ) ) ;
#12080 = AXIS2_PLACEMENT_3D ( 'NONE', #12079, #12078, #12077 ) ;
#12081 = PLANE ( 'NONE',  #12080 ) ;
#12082 = FACE_OUTER_BOUND ( 'NONE', #3418, .T. ) ;
#12083 = DIRECTION ( 'NONE',  ( -1.000000000000000000, -0.0000000000000000000, -0.0000000000000000000 ) ) ;
#12084 = VECTOR ( 'NONE', #12083, 1000.000000000000000 ) ;
#12085 = CARTESIAN_POINT ( 'NONE',  ( 6.599999999999998800, 4.999999999999999100, -2.999999999999999600 ) ) ;
#12086 = LINE ( 'NONE', #12085, #12084 ) ;
#12087 = CARTESIAN_POINT ( 'NONE',  ( 6.599999999999998800, 4.999999999999999100, -2.999999999999999600 ) ) ;
#12088 = DIRECTION ( 'NONE',  ( 0.0000000000000000000, 1.000000000000000000, 0.0000000000000000000 ) ) ;
#12089 = VECTOR ( 'NONE', #12088, 1000.000000000000000 ) ;
#12090 = CARTESIAN_POINT ( 'NONE',  ( 6.599999999999998800, 4.999999999999999100, -2.999999999999999600 ) ) ;
#12091 = LINE ( 'NONE', #12090, #12089 ) ;
#12092 = VECTOR ( 'NONE', #12157, 1000.000000000000000 ) ;
#12093 = CARTESIAN_POINT ( 'NONE',  ( 6.599999999999998800, 5.800000000000000700, -2.799999999999999400 ) ) ;
#12094 = LINE ( 'NONE', #12093, #12092 ) ;
#12095 = CARTESIAN_POINT ( 'NONE',  ( 6.599999999999998800, 5.300000000000000700, -2.799999999999999800 ) ) ;
#12096 = DIRECTION ( 'NONE',  ( -1.000000000000000000, -0.0000000000000000000, -0.0000000000000000000 ) ) ;
#12097 = VECTOR ( 'NONE', #12096, 1000.000000000000000 ) ;
#12098 = CARTESIAN_POINT ( 'NONE',  ( 6.599999999999998800, 5.300000000000000700, -2.799999999999999800 ) ) ;
#12099 = LINE ( 'NONE', #12098, #12097 ) ;
#12100 = DIRECTION ( 'NONE',  ( 0.0000000000000000000, -0.7071067811865460200, 0.7071067811865490200 ) ) ;
#12101 = VECTOR ( 'NONE', #12100, 1000.000000000000100 ) ;
#12102 = CARTESIAN_POINT ( 'NONE',  ( 6.399999999999999500, 5.300000000000000700, -2.799999999999999800 ) ) ;
#12103 = LINE ( 'NONE', #12102, #12101 ) ;
#12104 = DIRECTION ( 'NONE',  ( 0.0000000000000000000, 0.0000000000000000000, 1.000000000000000000 ) ) ;
#12105 = DIRECTION ( 'NONE',  ( -1.000000000000000000, 0.0000000000000000000, 0.0000000000000000000 ) ) ;
#12106 = CARTESIAN_POINT ( 'NONE',  ( 6.399999999999999500, 3.849999999999998300, -2.500000000000000400 ) ) ;
#12107 = AXIS2_PLACEMENT_3D ( 'NONE', #12106, #12105, #12104 ) ;
#12108 = PLANE ( 'NONE',  #12107 ) ;
#12109 = FACE_OUTER_BOUND ( 'NONE', #4708, .T. ) ;
#12110 = DIRECTION ( 'NONE',  ( 0.0000000000000000000, -0.7071067811865460200, 0.7071067811865490200 ) ) ;
#12111 = VECTOR ( 'NONE', #12110, 1000.000000000000100 ) ;
#12112 = CARTESIAN_POINT ( 'NONE',  ( 6.599999999999998800, 5.300000000000000700, -2.799999999999999800 ) ) ;
#12113 = LINE ( 'NONE', #12112, #12111 ) ;
#12114 = DIRECTION ( 'NONE',  ( 0.0000000000000000000, -0.7071067811865454600, 0.7071067811865495700 ) ) ;
#12115 = DIRECTION ( 'NONE',  ( -0.0000000000000000000, 0.7071067811865495700, 0.7071067811865454600 ) ) ;
#12116 = CARTESIAN_POINT ( 'NONE',  ( 6.599999999999998800, 4.850000000000000500, -2.849999999999999600 ) ) ;
#12117 = AXIS2_PLACEMENT_3D ( 'NONE', #12116, #12115, #12114 ) ;
#12118 = PLANE ( 'NONE',  #12117 ) ;
#12119 = FACE_OUTER_BOUND ( 'NONE', #4701, .T. ) ;
#12120 = DIRECTION ( 'NONE',  ( -1.000000000000000000, -0.0000000000000000000, -0.0000000000000000000 ) ) ;
#12121 = VECTOR ( 'NONE', #12120, 1000.000000000000000 ) ;
#12122 = CARTESIAN_POINT ( 'NONE',  ( 6.599999999999998800, -0.6999999999999999600, -2.999999999999999600 ) ) ;
#12123 = LINE ( 'NONE', #12122, #12121 ) ;
#12124 = DIRECTION ( 'NONE',  ( 0.0000000000000000000, -0.0000000000000000000, 1.000000000000000000 ) ) ;
#12125 = PLANE ( 'NONE',  #12191 ) ;
#12126 = FACE_OUTER_BOUND ( 'NONE', #4737, .T. ) ;
#12127 = DIRECTION ( 'NONE',  ( 0.0000000000000000000, 1.000000000000000000, 8.673617379884043400E-016 ) ) ;
#12128 = DIRECTION ( 'NONE',  ( 0.0000000000000000000, 8.673617379884043400E-016, -1.000000000000000000 ) ) ;
#12129 = CARTESIAN_POINT ( 'NONE',  ( 6.599999999999998800, 5.800000000000000700, -2.799999999999999400 ) ) ;
#12130 = AXIS2_PLACEMENT_3D ( 'NONE', #12129, #12128, #12127 ) ;
#12131 = PLANE ( 'NONE',  #12130 ) ;
#12132 = FACE_OUTER_BOUND ( 'NONE', #4655, .T. ) ;
#12133 = DIRECTION ( 'NONE',  ( 0.0000000000000000000, 4.336808689942016200E-015, 1.000000000000000000 ) ) ;
#12134 = VECTOR ( 'NONE', #12133, 1000.000000000000000 ) ;
#12135 = CARTESIAN_POINT ( 'NONE',  ( 6.599999999999998800, 5.799999999999999800, -2.999999999999999600 ) ) ;
#12136 = LINE ( 'NONE', #12135, #12134 ) ;
#12137 = CARTESIAN_POINT ( 'NONE',  ( 6.599999999999998800, 5.800000000000000700, -2.799999999999999400 ) ) ;
#12138 = DIRECTION ( 'NONE',  ( -1.000000000000000000, -0.0000000000000000000, -0.0000000000000000000 ) ) ;
#12139 = VECTOR ( 'NONE', #12138, 1000.000000000000000 ) ;
#12140 = CARTESIAN_POINT ( 'NONE',  ( 6.599999999999998800, 5.800000000000000700, -2.799999999999999400 ) ) ;
#12141 = LINE ( 'NONE', #12140, #12139 ) ;
#12142 = CARTESIAN_POINT ( 'NONE',  ( 6.399999999999999500, 5.800000000000000700, -2.799999999999999400 ) ) ;
#12143 = DIRECTION ( 'NONE',  ( 0.0000000000000000000, 4.336808689942016200E-015, 1.000000000000000000 ) ) ;
#12144 = VECTOR ( 'NONE', #12143, 1000.000000000000000 ) ;
#12145 = CARTESIAN_POINT ( 'NONE',  ( 6.399999999999999500, 5.799999999999999800, -2.999999999999999600 ) ) ;
#12146 = LINE ( 'NONE', #12145, #12144 ) ;
#12147 = DIRECTION ( 'NONE',  ( 0.0000000000000000000, 0.7071067811865454600, -0.7071067811865495700 ) ) ;
#12148 = VECTOR ( 'NONE', #12147, 1000.000000000000000 ) ;
#12149 = CARTESIAN_POINT ( 'NONE',  ( 6.599999999999998800, 4.850000000000000500, -2.849999999999999600 ) ) ;
#12150 = LINE ( 'NONE', #12149, #12148 ) ;
#12151 = DIRECTION ( 'NONE',  ( 0.0000000000000000000, 0.0000000000000000000, 1.000000000000000000 ) ) ;
#12152 = DIRECTION ( 'NONE',  ( -1.000000000000000000, 0.0000000000000000000, 0.0000000000000000000 ) ) ;
#12153 = CARTESIAN_POINT ( 'NONE',  ( 6.599999999999998800, 3.849999999999998300, -2.500000000000000400 ) ) ;
#12154 = AXIS2_PLACEMENT_3D ( 'NONE', #12153, #12152, #12151 ) ;
#12155 = PLANE ( 'NONE',  #12154 ) ;
#12156 = FACE_OUTER_BOUND ( 'NONE', #4721, .T. ) ;
#12157 = DIRECTION ( 'NONE',  ( 0.0000000000000000000, -1.000000000000000000, -8.673617379884042400E-016 ) ) ;
#12158 = DIRECTION ( 'NONE',  ( 0.0000000000000000000, -0.0000000000000000000, -1.000000000000000000 ) ) ;
#12159 = DIRECTION ( 'NONE',  ( 0.0000000000000000000, -1.000000000000000000, 0.0000000000000000000 ) ) ;
#12160 = CARTESIAN_POINT ( 'NONE',  ( 6.599999999999998800, 3.849999999999999200, -0.9000000000000002400 ) ) ;
#12161 = AXIS2_PLACEMENT_3D ( 'NONE', #12160, #12159, #12158 ) ;
#12162 = PLANE ( 'NONE',  #12161 ) ;
#12163 = FACE_OUTER_BOUND ( 'NONE', #4759, .T. ) ;
#12164 = DIRECTION ( 'NONE',  ( 1.000000000000000000, 0.0000000000000000000, -0.0000000000000000000 ) ) ;
#12165 = DIRECTION ( 'NONE',  ( 0.0000000000000000000, 0.0000000000000000000, 1.000000000000000000 ) ) ;
#12166 = CARTESIAN_POINT ( 'NONE',  ( 6.599999999999998800, 2.099999999999999600, -0.9000000000000002400 ) ) ;
#12167 = AXIS2_PLACEMENT_3D ( 'NONE', #12166, #12165, #12164 ) ;
#12168 = PLANE ( 'NONE',  #12167 ) ;
#12169 = FACE_OUTER_BOUND ( 'NONE', #4753, .T. ) ;
#12170 = DIRECTION ( 'NONE',  ( 0.0000000000000000000, -1.000000000000000000, -1.232047923278982200E-016 ) ) ;
#12171 = VECTOR ( 'NONE', #12170, 1000.000000000000000 ) ;
#12172 = CARTESIAN_POINT ( 'NONE',  ( 6.399999999999999500, 3.849999999999999200, -0.4000000000000001300 ) ) ;
#12173 = LINE ( 'NONE', #12172, #12171 ) ;
#12174 = DIRECTION ( 'NONE',  ( 0.0000000000000000000, -1.000000000000000000, -1.232047923278982200E-016 ) ) ;
#12175 = VECTOR ( 'NONE', #12174, 1000.000000000000000 ) ;
#12176 = CARTESIAN_POINT ( 'NONE',  ( 6.599999999999998800, 3.849999999999999200, -0.4000000000000001300 ) ) ;
#12177 = LINE ( 'NONE', #12176, #12175 ) ;
#12178 = DIRECTION ( 'NONE',  ( 0.0000000000000000000, 1.000000000000000000, 1.232047923278982200E-016 ) ) ;
#12179 = DIRECTION ( 'NONE',  ( 0.0000000000000000000, 1.232047923278982200E-016, -1.000000000000000000 ) ) ;
#12180 = CARTESIAN_POINT ( 'NONE',  ( 6.599999999999998800, 3.849999999999999200, -0.4000000000000001300 ) ) ;
#12181 = AXIS2_PLACEMENT_3D ( 'NONE', #12180, #12179, #12178 ) ;
#12182 = PLANE ( 'NONE',  #12181 ) ;
#12183 = FACE_OUTER_BOUND ( 'NONE', #4745, .T. ) ;
#12184 = DIRECTION ( 'NONE',  ( -1.000000000000000000, -0.0000000000000000000, -0.0000000000000000000 ) ) ;
#12185 = VECTOR ( 'NONE', #12184, 1000.000000000000000 ) ;
#12186 = CARTESIAN_POINT ( 'NONE',  ( 6.599999999999998800, 3.849999999999999200, -0.9000000000000002400 ) ) ;
#12187 = LINE ( 'NONE', #12186, #12185 ) ;
#12188 = DIRECTION ( 'NONE',  ( 0.0000000000000000000, 0.0000000000000000000, 1.000000000000000000 ) ) ;
#12189 = DIRECTION ( 'NONE',  ( -1.000000000000000000, 0.0000000000000000000, 0.0000000000000000000 ) ) ;
#12190 = CARTESIAN_POINT ( 'NONE',  ( 6.599999999999998800, 3.849999999999998300, -2.500000000000000400 ) ) ;
#12191 = AXIS2_PLACEMENT_3D ( 'NONE', #12190, #12189, #12188 ) ;
#12192 = FACE_OUTER_BOUND ( 'NONE', #4796, .T. ) ;
#12193 = DIRECTION ( 'NONE',  ( 0.0000000000000000000, 0.0000000000000000000, 1.000000000000000000 ) ) ;
#12194 = DIRECTION ( 'NONE',  ( -1.000000000000000000, 0.0000000000000000000, 0.0000000000000000000 ) ) ;
#12195 = CARTESIAN_POINT ( 'NONE',  ( 6.399999999999999500, 3.849999999999998300, -2.500000000000000400 ) ) ;
#12196 = AXIS2_PLACEMENT_3D ( 'NONE', #12195, #12194, #12193 ) ;
#12197 = PLANE ( 'NONE',  #12196 ) ;
#12198 = FACE_OUTER_BOUND ( 'NONE', #4790, .T. ) ;
#12199 = DIRECTION ( 'NONE',  ( 0.0000000000000000000, 0.7071067811865460200, -0.7071067811865490200 ) ) ;
#12200 = DIRECTION ( 'NONE',  ( 0.0000000000000000000, -0.7071067811865490200, -0.7071067811865460200 ) ) ;
#12201 = CARTESIAN_POINT ( 'NONE',  ( 6.599999999999998800, 5.300000000000000700, -2.799999999999999800 ) ) ;
#12202 = AXIS2_PLACEMENT_3D ( 'NONE', #12201, #12200, #12199 ) ;
#12203 = PLANE ( 'NONE',  #12202 ) ;
#12204 = FACE_OUTER_BOUND ( 'NONE', #4775, .T. ) ;
#12205 = DIRECTION ( 'NONE',  ( 0.0000000000000000000, 0.7071067811865454600, -0.7071067811865495700 ) ) ;
#12206 = VECTOR ( 'NONE', #12205, 1000.000000000000000 ) ;
#12207 = CARTESIAN_POINT ( 'NONE',  ( 6.399999999999999500, 4.850000000000000500, -2.849999999999999600 ) ) ;
#12208 = LINE ( 'NONE', #12207, #12206 ) ;
#12209 = CARTESIAN_POINT ( 'NONE',  ( 6.599999999999998800, 3.849999999999999200, -0.9000000000000002400 ) ) ;
#12210 = DIRECTION ( 'NONE',  ( 0.0000000000000000000, 0.0000000000000000000, 1.000000000000000000 ) ) ;
#12211 = VECTOR ( 'NONE', #12210, 1000.000000000000000 ) ;
#12212 = CARTESIAN_POINT ( 'NONE',  ( 6.599999999999998800, 3.849999999999999200, -0.9000000000000002400 ) ) ;
#12213 = LINE ( 'NONE', #12212, #12211 ) ;
#12214 = CARTESIAN_POINT ( 'NONE',  ( 6.599999999999998800, 3.849999999999999200, -0.4000000000000001300 ) ) ;
#12215 = DIRECTION ( 'NONE',  ( -1.000000000000000000, -0.0000000000000000000, -0.0000000000000000000 ) ) ;
#12216 = VECTOR ( 'NONE', #12215, 1000.000000000000000 ) ;
#12217 = CARTESIAN_POINT ( 'NONE',  ( 6.599999999999998800, 3.849999999999999200, -0.4000000000000001300 ) ) ;
#12218 = LINE ( 'NONE', #12217, #12216 ) ;
#12219 = CARTESIAN_POINT ( 'NONE',  ( 6.399999999999999500, 3.849999999999999200, -0.4000000000000001300 ) ) ;
#12220 = CARTESIAN_POINT ( 'NONE',  ( 6.399999999999999500, 3.849999999999999200, -0.9000000000000002400 ) ) ;
#12221 = DIRECTION ( 'NONE',  ( 0.0000000000000000000, 0.0000000000000000000, 1.000000000000000000 ) ) ;
#12222 = VECTOR ( 'NONE', #12221, 1000.000000000000000 ) ;
#12223 = CARTESIAN_POINT ( 'NONE',  ( 6.399999999999999500, 3.849999999999999200, -0.9000000000000002400 ) ) ;
#12224 = LINE ( 'NONE', #12223, #12222 ) ;
#12225 = LINE ( 'NONE', #12290, #12289 ) ;
#12226 = CARTESIAN_POINT ( 'NONE',  ( 5.399999999999999500, 5.799999999999999800, -2.999999999999999600 ) ) ;
#12227 = DIRECTION ( 'NONE',  ( -1.000000000000000000, -0.0000000000000000000, -0.0000000000000000000 ) ) ;
#12228 = VECTOR ( 'NONE', #12227, 1000.000000000000000 ) ;
#12229 = CARTESIAN_POINT ( 'NONE',  ( 5.599999999999998800, 5.799999999999999800, -2.999999999999999600 ) ) ;
#12230 = LINE ( 'NONE', #12229, #12228 ) ;
#12231 = CARTESIAN_POINT ( 'NONE',  ( 5.599999999999998800, 5.799999999999999800, -2.999999999999999600 ) ) ;
#12232 = DIRECTION ( 'NONE',  ( 0.0000000000000000000, 1.000000000000000000, 0.0000000000000000000 ) ) ;
#12233 = VECTOR ( 'NONE', #12232, 1000.000000000000000 ) ;
#12234 = CARTESIAN_POINT ( 'NONE',  ( 5.599999999999998800, 4.999999999999999100, -2.999999999999999600 ) ) ;
#12235 = LINE ( 'NONE', #12234, #12233 ) ;
#12236 = DIRECTION ( 'NONE',  ( 0.0000000000000000000, 1.000000000000000000, 0.0000000000000000000 ) ) ;
#12237 = VECTOR ( 'NONE', #12236, 1000.000000000000000 ) ;
#12238 = CARTESIAN_POINT ( 'NONE',  ( 6.599999999999998800, 2.099999999999999600, -0.9000000000000002400 ) ) ;
#12239 = LINE ( 'NONE', #12238, #12237 ) ;
#12240 = DIRECTION ( 'NONE',  ( 0.0000000000000000000, 1.000000000000000000, 0.0000000000000000000 ) ) ;
#12241 = VECTOR ( 'NONE', #12240, 1000.000000000000000 ) ;
#12242 = CARTESIAN_POINT ( 'NONE',  ( 6.399999999999999500, 2.099999999999999600, -0.9000000000000002400 ) ) ;
#12243 = LINE ( 'NONE', #12242, #12241 ) ;
#12244 = CARTESIAN_POINT ( 'NONE',  ( 5.399999999999999500, -0.6999999999999999600, -2.799999999999999400 ) ) ;
#12245 = CARTESIAN_POINT ( 'NONE',  ( 5.399999999999999500, -0.1999999999999999800, -2.799999999999999400 ) ) ;
#12246 = DIRECTION ( 'NONE',  ( 0.0000000000000000000, -1.000000000000000000, 0.0000000000000000000 ) ) ;
#12247 = VECTOR ( 'NONE', #12246, 1000.000000000000000 ) ;
#12248 = CARTESIAN_POINT ( 'NONE',  ( 5.399999999999999500, -0.1999999999999999800, -2.799999999999999400 ) ) ;
#12249 = LINE ( 'NONE', #12248, #12247 ) ;
#12250 = DIRECTION ( 'NONE',  ( -1.000000000000000000, 0.0000000000000000000, -0.0000000000000000000 ) ) ;
#12251 = DIRECTION ( 'NONE',  ( 0.0000000000000000000, 0.0000000000000000000, -1.000000000000000000 ) ) ;
#12252 = CARTESIAN_POINT ( 'NONE',  ( 5.599999999999998800, -0.1999999999999999800, -2.799999999999999400 ) ) ;
#12253 = AXIS2_PLACEMENT_3D ( 'NONE', #12252, #12251, #12250 ) ;
#12254 = PLANE ( 'NONE',  #12253 ) ;
#12255 = DIRECTION ( 'NONE',  ( 0.0000000000000000000, 0.0000000000000000000, 1.000000000000000000 ) ) ;
#12256 = DIRECTION ( 'NONE',  ( -1.000000000000000000, -0.0000000000000000000, 0.0000000000000000000 ) ) ;
#12257 = CARTESIAN_POINT ( 'NONE',  ( 5.399999999999999500, -0.1999999999999999800, -2.799999999999999400 ) ) ;
#12258 = AXIS2_PLACEMENT_3D ( 'NONE', #12257, #12256, #12255 ) ;
#12259 = PLANE ( 'NONE',  #12258 ) ;
#12260 = FACE_OUTER_BOUND ( 'NONE', #204, .T. ) ;
#12261 = DIRECTION ( 'NONE',  ( 0.0000000000000000000, 0.0000000000000000000, 1.000000000000000000 ) ) ;
#12262 = DIRECTION ( 'NONE',  ( -1.000000000000000000, -0.0000000000000000000, 0.0000000000000000000 ) ) ;
#12263 = CARTESIAN_POINT ( 'NONE',  ( 5.599999999999998800, -0.1999999999999999800, -2.799999999999999400 ) ) ;
#12264 = AXIS2_PLACEMENT_3D ( 'NONE', #12263, #12262, #12261 ) ;
#12265 = PLANE ( 'NONE',  #12264 ) ;
#12266 = FACE_OUTER_BOUND ( 'NONE', #12464, .T. ) ;
#12267 = DIRECTION ( 'NONE',  ( 0.0000000000000000000, -1.000000000000000000, -8.673617379884042400E-016 ) ) ;
#12268 = VECTOR ( 'NONE', #12267, 1000.000000000000000 ) ;
#12269 = CARTESIAN_POINT ( 'NONE',  ( 5.399999999999999500, 5.800000000000000700, -2.799999999999999400 ) ) ;
#12270 = LINE ( 'NONE', #12269, #12268 ) ;
#12271 = DIRECTION ( 'NONE',  ( 0.0000000000000000000, 4.336808689942016200E-015, 1.000000000000000000 ) ) ;
#12272 = VECTOR ( 'NONE', #12271, 1000.000000000000000 ) ;
#12273 = CARTESIAN_POINT ( 'NONE',  ( 5.599999999999998800, 5.799999999999999800, -2.999999999999999600 ) ) ;
#12274 = LINE ( 'NONE', #12273, #12272 ) ;
#12275 = DIRECTION ( 'NONE',  ( 0.0000000000000000000, 1.000000000000000000, 8.673617379884043400E-016 ) ) ;
#12276 = DIRECTION ( 'NONE',  ( 0.0000000000000000000, 8.673617379884043400E-016, -1.000000000000000000 ) ) ;
#12277 = CARTESIAN_POINT ( 'NONE',  ( 5.599999999999998800, 5.800000000000000700, -2.799999999999999400 ) ) ;
#12278 = AXIS2_PLACEMENT_3D ( 'NONE', #12277, #12276, #12275 ) ;
#12279 = PLANE ( 'NONE',  #12278 ) ;
#12280 = FACE_OUTER_BOUND ( 'NONE', #12448, .T. ) ;
#12281 = CARTESIAN_POINT ( 'NONE',  ( 5.599999999999998800, 5.800000000000000700, -2.799999999999999400 ) ) ;
#12282 = CARTESIAN_POINT ( 'NONE',  ( -6.600000000000001400, 0.1000000000000000500, -3.000000000000000000 ) ) ;
#12283 = DIRECTION ( 'NONE',  ( 0.0000000000000000000, -1.000000000000000000, -1.156482317317871500E-016 ) ) ;
#12284 = VECTOR ( 'NONE', #12283, 1000.000000000000000 ) ;
#12285 = CARTESIAN_POINT ( 'NONE',  ( 5.399999999999999500, 3.849999999999999200, 0.9000000000000002400 ) ) ;
#12286 = LINE ( 'NONE', #12285, #12284 ) ;
#12287 = CARTESIAN_POINT ( 'NONE',  ( 5.599999999999998800, 4.999999999999999100, -2.999999999999999600 ) ) ;
#12288 = DIRECTION ( 'NONE',  ( -1.000000000000000000, -0.0000000000000000000, -0.0000000000000000000 ) ) ;
#12289 = VECTOR ( 'NONE', #12288, 1000.000000000000000 ) ;
#12290 = CARTESIAN_POINT ( 'NONE',  ( 5.599999999999998800, 4.999999999999999100, -2.999999999999999600 ) ) ;
#12291 = FACE_OUTER_BOUND ( 'NONE', #12481, .T. ) ;
#12292 = DIRECTION ( 'NONE',  ( 0.0000000000000000000, -4.336808689942016200E-015, -1.000000000000000000 ) ) ;
#12293 = DIRECTION ( 'NONE',  ( 0.0000000000000000000, -1.000000000000000000, 4.336808689942016200E-015 ) ) ;
#12294 = CARTESIAN_POINT ( 'NONE',  ( 5.599999999999998800, 5.799999999999999800, -2.999999999999999600 ) ) ;
#12295 = AXIS2_PLACEMENT_3D ( 'NONE', #12294, #12293, #12292 ) ;
#12296 = PLANE ( 'NONE',  #12295 ) ;
#12297 = FACE_OUTER_BOUND ( 'NONE', #12470, .T. ) ;
#12298 = DIRECTION ( 'NONE',  ( 0.0000000000000000000, 0.7071067811865454600, -0.7071067811865495700 ) ) ;
#12299 = VECTOR ( 'NONE', #12298, 1000.000000000000000 ) ;
#12300 = CARTESIAN_POINT ( 'NONE',  ( 5.599999999999998800, 4.850000000000000500, -2.849999999999999600 ) ) ;
#12301 = LINE ( 'NONE', #12300, #12299 ) ;
#12302 = DIRECTION ( 'NONE',  ( 0.0000000000000000000, 4.336808689942016200E-015, 1.000000000000000000 ) ) ;
#12303 = VECTOR ( 'NONE', #12302, 1000.000000000000000 ) ;
#12304 = CARTESIAN_POINT ( 'NONE',  ( 5.399999999999999500, 5.799999999999999800, -2.999999999999999600 ) ) ;
#12305 = LINE ( 'NONE', #12304, #12303 ) ;
#12306 = DIRECTION ( 'NONE',  ( -1.000000000000000000, -0.0000000000000000000, -0.0000000000000000000 ) ) ;
#12307 = VECTOR ( 'NONE', #12306, 1000.000000000000000 ) ;
#12308 = CARTESIAN_POINT ( 'NONE',  ( 5.599999999999998800, 5.800000000000000700, -2.799999999999999400 ) ) ;
#12309 = LINE ( 'NONE', #12308, #12307 ) ;
#12310 = CARTESIAN_POINT ( 'NONE',  ( 5.399999999999999500, 5.800000000000000700, -2.799999999999999400 ) ) ;
#12311 = DIRECTION ( 'NONE',  ( 0.0000000000000000000, 1.000000000000000000, 0.0000000000000000000 ) ) ;
#12312 = VECTOR ( 'NONE', #12311, 1000.000000000000000 ) ;
#12313 = CARTESIAN_POINT ( 'NONE',  ( 5.399999999999999500, 4.999999999999999100, -2.999999999999999600 ) ) ;
#12314 = LINE ( 'NONE', #12313, #12312 ) ;
#12315 = DIRECTION ( 'NONE',  ( 1.000000000000000000, 0.0000000000000000000, -0.0000000000000000000 ) ) ;
#12316 = DIRECTION ( 'NONE',  ( 0.0000000000000000000, 0.0000000000000000000, 1.000000000000000000 ) ) ;
#12317 = CARTESIAN_POINT ( 'NONE',  ( 5.599999999999998800, 4.999999999999999100, -2.999999999999999600 ) ) ;
#12318 = AXIS2_PLACEMENT_3D ( 'NONE', #12317, #12316, #12315 ) ;
#12319 = PLANE ( 'NONE',  #12318 ) ;
#12320 = FACE_OUTER_BOUND ( 'NONE', #12466, .T. ) ;
#12321 = SHAPE_DEFINITION_REPRESENTATION ( #12390, #12322 ) ;
#12322 = ADVANCED_BREP_SHAPE_REPRESENTATION ( 'SM28B-NSHDZS-TF', ( #3746, #12351 ), #12323 ) ;
#12323 =( GEOMETRIC_REPRESENTATION_CONTEXT ( 3 ) GLOBAL_UNCERTAINTY_ASSIGNED_CONTEXT ( ( #12324 ) ) GLOBAL_UNIT_ASSIGNED_CONTEXT ( ( #12327, #12326, #12325 ) ) REPRESENTATION_CONTEXT ( 'NONE', 'WORKASPACE' ) );
#12324 = UNCERTAINTY_MEASURE_WITH_UNIT (LENGTH_MEASURE( 1.000000000000000100E-005 ), #12327, 'distance_accuracy_value', 'NONE');
#12325 =( NAMED_UNIT ( * ) SI_UNIT ( $, .STERADIAN. ) SOLID_ANGLE_UNIT ( ) );
#12326 =( NAMED_UNIT ( * ) PLANE_ANGLE_UNIT ( ) SI_UNIT ( $, .RADIAN. ) );
#12327 =( LENGTH_UNIT ( ) NAMED_UNIT ( * ) SI_UNIT ( .MILLI., .METRE. ) );
#12328 = CARTESIAN_POINT ( 'NONE',  ( 0.0000000000000000000, 0.0000000000000000000, 0.0000000000000000000 ) ) ;
#12329 = CARTESIAN_POINT ( 'NONE',  ( 5.399999999999999500, 5.300000000000000700, -2.799999999999999800 ) ) ;
#12330 = DIRECTION ( 'NONE',  ( -1.000000000000000000, -0.0000000000000000000, -0.0000000000000000000 ) ) ;
#12331 = VECTOR ( 'NONE', #12330, 1000.000000000000000 ) ;
#12332 = CARTESIAN_POINT ( 'NONE',  ( 5.599999999999998800, 5.300000000000000700, -2.799999999999999800 ) ) ;
#12333 = LINE ( 'NONE', #12332, #12331 ) ;
#12334 = CARTESIAN_POINT ( 'NONE',  ( 5.599999999999998800, 5.300000000000000700, -2.799999999999999800 ) ) ;
#12335 = DIRECTION ( 'NONE',  ( 0.0000000000000000000, -1.000000000000000000, -8.673617379884042400E-016 ) ) ;
#12336 = VECTOR ( 'NONE', #12335, 1000.000000000000000 ) ;
#12337 = CARTESIAN_POINT ( 'NONE',  ( 5.599999999999998800, 5.800000000000000700, -2.799999999999999400 ) ) ;
#12338 = LINE ( 'NONE', #12337, #12336 ) ;
#12339 = DIRECTION ( 'NONE',  ( 0.0000000000000000000, 0.0000000000000000000, 1.000000000000000000 ) ) ;
#12340 = DIRECTION ( 'NONE',  ( -1.000000000000000000, 0.0000000000000000000, 0.0000000000000000000 ) ) ;
#12341 = CARTESIAN_POINT ( 'NONE',  ( 5.599999999999998800, 3.849999999999998300, -2.500000000000000400 ) ) ;
#12342 = AXIS2_PLACEMENT_3D ( 'NONE', #12341, #12340, #12339 ) ;
#12343 = PLANE ( 'NONE',  #12342 ) ;
#12344 = PERSON ( 'UNSPECIFIED', 'UNSPECIFIED', 'UNSPECIFIED', ('UNSPECIFIED'), ('UNSPECIFIED'), ('UNSPECIFIED') ) ;
#12345 = PRODUCT ( 'SM28B-NSHDZS-TF', 'SM28B-NSHDZS-TF', '', ( #12346 ) ) ;
#12346 = MECHANICAL_CONTEXT ( 'NONE', #12348, 'mechanical' ) ;
#12347 = APPLICATION_PROTOCOL_DEFINITION ( 'international standard', 'config_control_design', 1994, #12348 ) ;
#12348 = APPLICATION_CONTEXT ( 'configuration controlled 3d designs of mechanical parts and assemblies' ) ;
#12349 = DIRECTION ( 'NONE',  ( 1.000000000000000000, 0.0000000000000000000, 0.0000000000000000000 ) ) ;
#12350 = DIRECTION ( 'NONE',  ( 0.0000000000000000000, 0.0000000000000000000, 1.000000000000000000 ) ) ;
#12351 = AXIS2_PLACEMENT_3D ( 'NONE', #12328, #12350, #12349 ) ;
#12352 = DATE_AND_TIME ( #12353, #12354 ) ;
#12353 = CALENDAR_DATE ( 2017, 22, 8 ) ;
#12354 = LOCAL_TIME ( 15, 28, 13.00000000000000000, #12355 ) ;
#12355 = COORDINATED_UNIVERSAL_TIME_OFFSET ( 9, 0, .AHEAD. ) ;
#12356 = APPROVAL_PERSON_ORGANIZATION ( #12360, #12358, #12357 ) ;
#12357 = APPROVAL_ROLE ( '' ) ;
#12358 = APPROVAL ( #12359, 'UNSPECIFIED' ) ;
#12359 = APPROVAL_STATUS ( 'not_yet_approved' ) ;
#12360 = PERSON_AND_ORGANIZATION ( #12344, #12389 ) ;
#12361 = PRODUCT_DEFINITION_FORMATION_WITH_SPECIFIED_SOURCE ( 'ANY', '', #12345, .NOT_KNOWN. ) ;
#12362 = CC_DESIGN_DATE_AND_TIME_ASSIGNMENT ( #12364, #12363, ( #12382 ) ) ;
#12363 = DATE_TIME_ROLE ( 'creation_date' ) ;
#12364 = DATE_AND_TIME ( #12365, #12366 ) ;
#12365 = CALENDAR_DATE ( 2017, 22, 8 ) ;
#12366 = LOCAL_TIME ( 15, 28, 13.00000000000000000, #12367 ) ;
#12367 = COORDINATED_UNIVERSAL_TIME_OFFSET ( 9, 0, .AHEAD. ) ;
#12368 = CC_DESIGN_PERSON_AND_ORGANIZATION_ASSIGNMENT ( #12370, #12369, ( #12382 ) ) ;
#12369 = PERSON_AND_ORGANIZATION_ROLE ( 'creator' ) ;
#12370 = PERSON_AND_ORGANIZATION ( #12344, #12389 ) ;
#12371 = CC_DESIGN_APPROVAL ( #12379, ( #12382 ) ) ;
#12372 = APPROVAL_DATE_TIME ( #12373, #12379 ) ;
#12373 = DATE_AND_TIME ( #12374, #12375 ) ;
#12374 = CALENDAR_DATE ( 2017, 22, 8 ) ;
#12375 = LOCAL_TIME ( 15, 28, 13.00000000000000000, #12376 ) ;
#12376 = COORDINATED_UNIVERSAL_TIME_OFFSET ( 9, 0, .AHEAD. ) ;
#12377 = APPROVAL_PERSON_ORGANIZATION ( #12381, #12379, #12378 ) ;
#12378 = APPROVAL_ROLE ( '' ) ;
#12379 = APPROVAL ( #12380, 'UNSPECIFIED' ) ;
#12380 = APPROVAL_STATUS ( 'not_yet_approved' ) ;
#12381 = PERSON_AND_ORGANIZATION ( #12344, #12389 ) ;
#12382 = PRODUCT_DEFINITION ( 'UNKNOWN', '', #12361, #12383 ) ;
#12383 = DESIGN_CONTEXT ( 'detailed design', #12385, 'design' ) ;
#12384 = APPLICATION_PROTOCOL_DEFINITION ( 'international standard', 'config_control_design', 1994, #12385 ) ;
#12385 = APPLICATION_CONTEXT ( 'configuration controlled 3d designs of mechanical parts and assemblies' ) ;
#12386 = CC_DESIGN_PERSON_AND_ORGANIZATION_ASSIGNMENT ( #12388, #12387, ( #12345 ) ) ;
#12387 = PERSON_AND_ORGANIZATION_ROLE ( 'design_owner' ) ;
#12388 = PERSON_AND_ORGANIZATION ( #12344, #12389 ) ;
#12389 = ORGANIZATION ( 'UNSPECIFIED', 'UNSPECIFIED', '' ) ;
#12390 = PRODUCT_DEFINITION_SHAPE ( 'NONE', 'NONE',  #12382 ) ;
#12391 = PRODUCT_RELATED_PRODUCT_CATEGORY ( 'detail', '', ( #12345 ) ) ;
#12392 = CC_DESIGN_SECURITY_CLASSIFICATION ( #12413, ( #12361 ) ) ;
#12393 = CC_DESIGN_APPROVAL ( #12401, ( #12413 ) ) ;
#12394 = APPROVAL_DATE_TIME ( #12395, #12401 ) ;
#12395 = DATE_AND_TIME ( #12396, #12397 ) ;
#12396 = CALENDAR_DATE ( 2017, 22, 8 ) ;
#12397 = LOCAL_TIME ( 15, 28, 13.00000000000000000, #12398 ) ;
#12398 = COORDINATED_UNIVERSAL_TIME_OFFSET ( 9, 0, .AHEAD. ) ;
#12399 = APPROVAL_PERSON_ORGANIZATION ( #12403, #12401, #12400 ) ;
#12400 = APPROVAL_ROLE ( '' ) ;
#12401 = APPROVAL ( #12402, 'UNSPECIFIED' ) ;
#12402 = APPROVAL_STATUS ( 'not_yet_approved' ) ;
#12403 = PERSON_AND_ORGANIZATION ( #12344, #12389 ) ;
#12404 = CC_DESIGN_DATE_AND_TIME_ASSIGNMENT ( #12406, #12405, ( #12413 ) ) ;
#12405 = DATE_TIME_ROLE ( 'classification_date' ) ;
#12406 = DATE_AND_TIME ( #12407, #12408 ) ;
#12407 = CALENDAR_DATE ( 2017, 22, 8 ) ;
#12408 = LOCAL_TIME ( 15, 28, 13.00000000000000000, #12409 ) ;
#12409 = COORDINATED_UNIVERSAL_TIME_OFFSET ( 9, 0, .AHEAD. ) ;
#12410 = CC_DESIGN_PERSON_AND_ORGANIZATION_ASSIGNMENT ( #12412, #12411, ( #12413 ) ) ;
#12411 = PERSON_AND_ORGANIZATION_ROLE ( 'classification_officer' ) ;
#12412 = PERSON_AND_ORGANIZATION ( #12344, #12389 ) ;
#12413 = SECURITY_CLASSIFICATION ( '', '', #12414 ) ;
#12414 = SECURITY_CLASSIFICATION_LEVEL ( 'unclassified' ) ;
#12415 = CC_DESIGN_PERSON_AND_ORGANIZATION_ASSIGNMENT ( #12417, #12416, ( #12361 ) ) ;
#12416 = PERSON_AND_ORGANIZATION_ROLE ( 'design_supplier' ) ;
#12417 = PERSON_AND_ORGANIZATION ( #12344, #12389 ) ;
#12418 = CC_DESIGN_PERSON_AND_ORGANIZATION_ASSIGNMENT ( #12420, #12419, ( #12361 ) ) ;
#12419 = PERSON_AND_ORGANIZATION_ROLE ( 'creator' ) ;
#12420 = PERSON_AND_ORGANIZATION ( #12344, #12389 ) ;
#12421 = CC_DESIGN_APPROVAL ( #12358, ( #12361 ) ) ;
#12422 = APPROVAL_DATE_TIME ( #12352, #12358 ) ;
#12423 = ORIENTED_EDGE ( 'NONE', *, *, #854, .T. ) ;
#12424 = ORIENTED_EDGE ( 'NONE', *, *, #2084, .T. ) ;
#12425 = ORIENTED_EDGE ( 'NONE', *, *, #2440, .F. ) ;
#12426 = ORIENTED_EDGE ( 'NONE', *, *, #2101, .T. ) ;
#12427 = ORIENTED_EDGE ( 'NONE', *, *, #812, .F. ) ;
#12428 = EDGE_CURVE ( 'NONE', #12438, #12432, #12235, .T. ) ;
#12429 = DIRECTION ( 'NONE',  ( -1.000000000000000000, -0.0000000000000000000, 0.0000000000000000000 ) ) ;
#12430 = DIRECTION ( 'NONE',  ( 0.0000000000000000000, 0.0000000000000000000, 1.000000000000000000 ) ) ;
#12431 = ORIENTED_EDGE ( 'NONE', *, *, #12428, .F. ) ;
#12432 = VERTEX_POINT ( 'NONE', #12231 ) ;
#12433 = EDGE_CURVE ( 'NONE', #12432, #12435, #12230, .T. ) ;
#12434 = ORIENTED_EDGE ( 'NONE', *, *, #12433, .F. ) ;
#12435 = VERTEX_POINT ( 'NONE', #12226 ) ;
#12436 = ORIENTED_EDGE ( 'NONE', *, *, #12437, .T. ) ;
#12437 = EDGE_CURVE ( 'NONE', #12438, #1, #12225, .T. ) ;
#12438 = VERTEX_POINT ( 'NONE', #12287 ) ;
#12439 = EDGE_CURVE ( 'NONE', #234, #3566, #12286, .T. ) ;
#12440 = ORIENTED_EDGE ( 'NONE', *, *, #2461, .F. ) ;
#12441 = VERTEX_POINT ( 'NONE', #12282 ) ;
#12442 = DIRECTION ( 'NONE',  ( -0.0000000000000000000, 1.000000000000000000, 0.0000000000000000000 ) ) ;
#12443 = DIRECTION ( 'NONE',  ( 0.0000000000000000000, -0.0000000000000000000, 1.000000000000000000 ) ) ;
#12444 = DIRECTION ( 'NONE',  ( -1.000000000000000000, -0.0000000000000000000, -0.0000000000000000000 ) ) ;
#12445 = DIRECTION ( 'NONE',  ( -1.000000000000000000, -0.0000000000000000000, -0.0000000000000000000 ) ) ;
#12446 = ORIENTED_EDGE ( 'NONE', *, *, #2450, .F. ) ;
#12447 = ORIENTED_EDGE ( 'NONE', *, *, #12457, .T. ) ;
#12448 = EDGE_LOOP ( 'NONE', ( #12447, #12488, #12485, #12483 ) ) ;
#12449 = ORIENTED_EDGE ( 'NONE', *, *, #12433, .T. ) ;
#12450 = CARTESIAN_POINT ( 'NONE',  ( 8.099999999999999600, 1.699999999999999300, 3.100000000000000500 ) ) ;
#12451 = DIRECTION ( 'NONE',  ( -0.0000000000000000000, 1.000000000000000000, 4.818676322157800300E-016 ) ) ;
#12452 = VERTEX_POINT ( 'NONE', #12281 ) ;
#12453 = DIRECTION ( 'NONE',  ( 0.0000000000000000000, -4.818676322157800300E-016, 1.000000000000000000 ) ) ;
#12454 = ADVANCED_FACE ( 'NONE', ( #12280 ), #12279, .F. ) ;
#12455 = ORIENTED_EDGE ( 'NONE', *, *, #12456, .F. ) ;
#12456 = EDGE_CURVE ( 'NONE', #12432, #12452, #12274, .T. ) ;
#12457 = EDGE_CURVE ( 'NONE', #12471, #12489, #12270, .T. ) ;
#12458 = ADVANCED_FACE ( 'NONE', ( #12266 ), #12265, .F. ) ;
#12459 = ADVANCED_FACE ( 'NONE', ( #12260 ), #12259, .T. ) ;
#12460 = ORIENTED_EDGE ( 'NONE', *, *, #218, .T. ) ;
#12461 = ORIENTED_EDGE ( 'NONE', *, *, #212, .T. ) ;
#12462 = ORIENTED_EDGE ( 'NONE', *, *, #229, .T. ) ;
#12463 = ORIENTED_EDGE ( 'NONE', *, *, #3565, .F. ) ;
#12464 = EDGE_LOOP ( 'NONE', ( #12463, #12462, #12461, #12460 ) ) ;
#12465 = ORIENTED_EDGE ( 'NONE', *, *, #12469, .T. ) ;
#12466 = EDGE_LOOP ( 'NONE', ( #12465, #12434, #12431, #12436 ) ) ;
#12467 = ORIENTED_EDGE ( 'NONE', *, *, #233, .F. ) ;
#12468 = ADVANCED_FACE ( 'NONE', ( #12320 ), #12319, .F. ) ;
#12469 = EDGE_CURVE ( 'NONE', #1, #12435, #12314, .T. ) ;
#12470 = EDGE_LOOP ( 'NONE', ( #12475, #12472, #12455, #12449 ) ) ;
#12471 = VERTEX_POINT ( 'NONE', #12310 ) ;
#12472 = ORIENTED_EDGE ( 'NONE', *, *, #12473, .F. ) ;
#12473 = EDGE_CURVE ( 'NONE', #12452, #12471, #12309, .T. ) ;
#12474 = EDGE_CURVE ( 'NONE', #12435, #12471, #12305, .T. ) ;
#12475 = ORIENTED_EDGE ( 'NONE', *, *, #12474, .T. ) ;
#12476 = EDGE_CURVE ( 'NONE', #3379, #12438, #12301, .T. ) ;
#12477 = ADVANCED_FACE ( 'NONE', ( #12297 ), #12296, .F. ) ;
#12478 = ORIENTED_EDGE ( 'NONE', *, *, #12476, .T. ) ;
#12479 = ORIENTED_EDGE ( 'NONE', *, *, #3140, .T. ) ;
#12480 = ORIENTED_EDGE ( 'NONE', *, *, #3432, .T. ) ;
#12481 = EDGE_LOOP ( 'NONE', ( #12479, #12480, #12478, #274, #275, #276, #277 ) ) ;
#12482 = ADVANCED_FACE ( 'NONE', ( #12291 ), #12343, .F. ) ;
#12483 = ORIENTED_EDGE ( 'NONE', *, *, #12473, .T. ) ;
#12484 = EDGE_CURVE ( 'NONE', #12452, #12486, #12338, .T. ) ;
#12485 = ORIENTED_EDGE ( 'NONE', *, *, #12484, .F. ) ;
#12486 = VERTEX_POINT ( 'NONE', #12334 ) ;
#12487 = EDGE_CURVE ( 'NONE', #12486, #12489, #12333, .T. ) ;
#12488 = ORIENTED_EDGE ( 'NONE', *, *, #12487, .F. ) ;
#12489 = VERTEX_POINT ( 'NONE', #12329 ) ;
#12490 = ORIENTED_EDGE ( 'NONE', *, *, #12457, .F. ) ;
ENDSEC;
END-ISO-10303-21;
