ISO-10303-21;
HEADER;
FILE_DESCRIPTION (( 'STEP AP214' ),
    '1' );
FILE_NAME ('BM07B-NSHSS.STEP',
    '2019-05-16T01:49:02',
    ( '' ),
    ( '' ),
    'SwSTEP 2.0',
    'SolidWorks 2017',
    '' );
FILE_SCHEMA (( 'AUTOMOTIVE_DESIGN' ));
ENDSEC;

DATA;
#1 = ORIENTED_EDGE ( 'NONE', *, *, #1660, .F. ) ;
#2 = DIRECTION ( 'NONE',  ( 7.300652170296604500E-029, -1.000000000000000000, 1.745741680554692300E-014 ) ) ;
#3 = EDGE_CURVE ( 'NONE', #1981, #3750, #3556, .T. ) ;
#4 = VERTEX_POINT ( 'NONE', #2496 ) ;
#5 = STYLED_ITEM ( 'NONE', ( #697 ), #1188 ) ;
#6 = VERTEX_POINT ( 'NONE', #457 ) ;
#8 = DIRECTION ( 'NONE',  ( -1.000000000000000000, -7.300652170296560700E-029, 2.524354896707237800E-029 ) ) ;
#7 = DIRECTION ( 'NONE',  ( 1.000000000000000000, 7.300652170296560700E-029, -2.524354896707237800E-029 ) ) ;
#9 = APPLICATION_PROTOCOL_DEFINITION ( 'draft international standard', 'automotive_design', 1998, #16 ) ;
#10 = ORIENTED_EDGE ( 'NONE', *, *, #3942, .T. ) ;
#11 = ORIENTED_EDGE ( 'NONE', *, *, #2997, .T. ) ;
#12 = ORIENTED_EDGE ( 'NONE', *, *, #4267, .F. ) ;
#13 = CARTESIAN_POINT ( 'NONE',  ( 9.000000000000000000, -3.450000000000011300, -0.6499999999999437300 ) ) ;
#14 = AXIS2_PLACEMENT_3D ( 'NONE', #2603, #3344, #1632 ) ;
#15 = CARTESIAN_POINT ( 'NONE',  ( 0.5000000000000004400, -4.200000000000002000, -0.009999999999922680100 ) ) ;
#16 = APPLICATION_CONTEXT ( 'automotive_design' ) ;
#17 = ORIENTED_EDGE ( 'NONE', *, *, #3230, .T. ) ;
#18 = ORIENTED_EDGE ( 'NONE', *, *, #1282, .T. ) ;
#19 = EDGE_CURVE ( 'NONE', #1008, #3262, #1134, .T. ) ;
#20 = PRESENTATION_LAYER_ASSIGNMENT (  '', '', ( #5 ) ) ;
#21 = DIRECTION ( 'NONE',  ( 7.332021192561974400E-029, -1.000000000000000000, 1.733180801727116300E-014 ) ) ;
#22 = VERTEX_POINT ( 'NONE', #1453 ) ;
#24 = PLANE ( 'NONE',  #2572 ) ;
#23 = CARTESIAN_POINT ( 'NONE',  ( 1.399999999999999500, -3.900000000000088700, -4.949999999999933600 ) ) ;
#25 = SURFACE_STYLE_FILL_AREA ( #3576 ) ;
#26 = CARTESIAN_POINT ( 'NONE',  ( 0.2999999999999999300, -1.800000000000035300, -2.049999999999970100 ) ) ;
#27 = FACE_OUTER_BOUND ( 'NONE', #112, .T. ) ;
#28 = EDGE_CURVE ( 'NONE', #1335, #2766, #1634, .T. ) ;
#29 =( LENGTH_UNIT ( ) NAMED_UNIT ( * ) SI_UNIT ( .MILLI., .METRE. ) );
#30 = CARTESIAN_POINT ( 'NONE',  ( 0.7500000000000006700, -2.600000000000010300, -0.5999999999999546800 ) ) ;
#31 = EDGE_LOOP ( 'NONE', ( #4204, #3485, #2577, #4130, #1123, #492 ) ) ;
#32 = COLOUR_RGB ( '',0.7529411764705882200, 0.7529411764705882200, 0.7529411764705882200 ) ;
#33 = LINE ( 'NONE', #2871, #2902 ) ;
#34 = ADVANCED_BREP_SHAPE_REPRESENTATION ( 'BM07B-NSHSS', ( #639, #4318 ), #3898 ) ;
#35 = VECTOR ( 'NONE', #2355, 1000.000000000000000 ) ;
#36 = PLANE ( 'NONE',  #3705 ) ;
#37 = CARTESIAN_POINT ( 'NONE',  ( 2.274999999999998600, 1.949999999999966200, -1.950000000000035000 ) ) ;
#38 = FACE_OUTER_BOUND ( 'NONE', #2643, .T. ) ;
#39 = PRODUCT_CONTEXT ( 'NONE', #16, 'mechanical' ) ;
#40 = DIRECTION ( 'NONE',  ( 7.342650290796655500E-029, -1.000000000000000000, 1.733180801727116300E-014 ) ) ;
#41 = EDGE_LOOP ( 'NONE', ( #1501, #897, #289, #2317 ) ) ;
#42 = VERTEX_POINT ( 'NONE', #443 ) ;
#43 = LINE ( 'NONE', #3193, #746 ) ;
#44 = UNCERTAINTY_MEASURE_WITH_UNIT (LENGTH_MEASURE( 1.000000000000000100E-005 ), #704, 'distance_accuracy_value', 'NONE');
#45 = EDGE_CURVE ( 'NONE', #390, #470, #1298, .T. ) ;
#46 = LINE ( 'NONE', #1955, #535 ) ;
#47 = ORIENTED_EDGE ( 'NONE', *, *, #4417, .F. ) ;
#48 = ORIENTED_EDGE ( 'NONE', *, *, #747, .T. ) ;
#49 = DIRECTION ( 'NONE',  ( 2.524354896707237800E-029, 1.745741680554692300E-014, 1.000000000000000000 ) ) ;
#50 = PLANE ( 'NONE',  #201 ) ;
#51 = COLOUR_RGB ( '',0.7529411764705882200, 0.7529411764705882200, 0.7529411764705882200 ) ;
#52 = EDGE_CURVE ( 'NONE', #2692, #3037, #3955, .T. ) ;
#53 = AXIS2_PLACEMENT_3D ( 'NONE', #4415, #2372, #655 ) ;
#54 = CARTESIAN_POINT ( 'NONE',  ( 0.5000000000000000000, -3.450000000000011300, -0.6499999999999399600 ) ) ;
#55 =( LENGTH_UNIT ( ) NAMED_UNIT ( * ) SI_UNIT ( .MILLI., .METRE. ) );
#56 = EDGE_LOOP ( 'NONE', ( #2232, #4140, #441, #3242 ) ) ;
#57 = ORIENTED_EDGE ( 'NONE', *, *, #551, .F. ) ;
#58 = COLOUR_RGB ( '',0.7529411764705882200, 0.7529411764705882200, 0.7529411764705882200 ) ;
#59 = DIRECTION ( 'NONE',  ( -7.342650290796656700E-029, 1.000000000000000000, -1.772846734866829600E-014 ) ) ;
#60 = ORIENTED_EDGE ( 'NONE', *, *, #3914, .F. ) ;
#61 = CARTESIAN_POINT ( 'NONE',  ( 2.399999999999999900, -4.050000000000079800, -4.399999999999929300 ) ) ;
#62 = ORIENTED_EDGE ( 'NONE', *, *, #637, .F. ) ;
#63 = FILL_AREA_STYLE_COLOUR ( '', #2856 ) ;
#64 = EDGE_CURVE ( 'NONE', #1668, #3436, #1996, .T. ) ;
#65 = AXIS2_PLACEMENT_3D ( 'NONE', #1696, #3381, #341 ) ;
#66 = CARTESIAN_POINT ( 'NONE',  ( 5.749999999999999100, -1.800000000000031400, -1.799999999999969000 ) ) ;
#67 = ORIENTED_EDGE ( 'NONE', *, *, #130, .F. ) ;
#68 =( NAMED_UNIT ( * ) SI_UNIT ( $, .STERADIAN. ) SOLID_ANGLE_UNIT ( ) );
#69 = ORIENTED_EDGE ( 'NONE', *, *, #4310, .F. ) ;
#70 = VECTOR ( 'NONE', #760, 1000.000000000000000 ) ;
#71 = ADVANCED_FACE ( 'NONE', ( #399 ), #1802, .F. ) ;
#72 = VERTEX_POINT ( 'NONE', #3893 ) ;
#73 = DIRECTION ( 'NONE',  ( -7.342650290796655500E-029, 1.000000000000000000, -1.745741680554692300E-014 ) ) ;
#74 = EDGE_CURVE ( 'NONE', #2554, #2137, #3894, .T. ) ;
#75 = AXIS2_PLACEMENT_3D ( 'NONE', #2538, #3917, #828 ) ;
#76 = EDGE_LOOP ( 'NONE', ( #2958, #1565, #3491, #1526 ) ) ;
#77 = VECTOR ( 'NONE', #710, 1000.000000000000000 ) ;
#78 = VECTOR ( 'NONE', #3673, 1000.000000000000000 ) ;
#79 = DIRECTION ( 'NONE',  ( -2.524354896707237800E-029, -1.745741680554692000E-014, -1.000000000000000000 ) ) ;
#80 = LINE ( 'NONE', #173, #3791 ) ;
#81 = CARTESIAN_POINT ( 'NONE',  ( 4.599999999999998800, -3.950000000000079200, -4.399999999999931100 ) ) ;
#82 = EDGE_CURVE ( 'NONE', #470, #540, #2084, .T. ) ;
#83 = VECTOR ( 'NONE', #674, 1000.000000000000000 ) ;
#84 = PRESENTATION_STYLE_ASSIGNMENT (( #3617 ) ) ;
#85 = DIRECTION ( 'NONE',  ( 1.000000000000000000, 7.300652170296560700E-029, -2.524354896707237800E-029 ) ) ;
#86 = DIRECTION ( 'NONE',  ( -7.342650290796655500E-029, 1.000000000000000000, -1.745741680554692300E-014 ) ) ;
#87 = CARTESIAN_POINT ( 'NONE',  ( 3.399999999999999900, -3.950000000000071700, -3.949999999999932700 ) ) ;
#88 = ORIENTED_EDGE ( 'NONE', *, *, #1909, .T. ) ;
#89 = AXIS2_PLACEMENT_3D ( 'NONE', #3925, #4277, #4292 ) ;
#90 = ADVANCED_FACE ( 'NONE', ( #2950 ), #3530, .T. ) ;
#91 = FILL_AREA_STYLE_COLOUR ( '', #2869 ) ;
#92 =( LENGTH_UNIT ( ) NAMED_UNIT ( * ) SI_UNIT ( .MILLI., .METRE. ) );
#93 = FACE_OUTER_BOUND ( 'NONE', #4024, .T. ) ;
#94 = ORIENTED_EDGE ( 'NONE', *, *, #4059, .F. ) ;
#95 = DIRECTION ( 'NONE',  ( 2.524354896707237800E-029, 1.745741680554692000E-014, 1.000000000000000000 ) ) ;
#96 = DIRECTION ( 'NONE',  ( 7.342650290796655500E-029, -1.000000000000000000, 1.745741680554692300E-014 ) ) ;
#97 = ORIENTED_EDGE ( 'NONE', *, *, #371, .F. ) ;
#98 = ADVANCED_FACE ( 'NONE', ( #122 ), #3145, .T. ) ;
#99 = DIRECTION ( 'NONE',  ( -2.524354896707237800E-029, -1.745741680554692000E-014, -1.000000000000000000 ) ) ;
#100 = VERTEX_POINT ( 'NONE', #1125 ) ;
#101 = ORIENTED_EDGE ( 'NONE', *, *, #840, .T. ) ;
#102 = CARTESIAN_POINT ( 'NONE',  ( 3.399999999999999900, -4.050000000000071800, -3.949999999999930900 ) ) ;
#103 = EDGE_CURVE ( 'NONE', #1986, #2176, #716, .T. ) ;
#104 = PLANE ( 'NONE',  #4103 ) ;
#105 = AXIS2_PLACEMENT_3D ( 'NONE', #3595, #2246, #1861 ) ;
#106 = CARTESIAN_POINT ( 'NONE',  ( 8.699999999999999300, -2.149999999999999900, -0.009999999999961763400 ) ) ;
#107 = DIRECTION ( 'NONE',  ( -7.342650290796655500E-029, 1.000000000000000000, -1.745741680554692300E-014 ) ) ;
#108 = VECTOR ( 'NONE', #3253, 1000.000000000000000 ) ;
#109 = PLANE ( 'NONE',  #1304 ) ;
#110 = AXIS2_PLACEMENT_3D ( 'NONE', #1291, #3712, #1980 ) ;
#111 = MECHANICAL_DESIGN_GEOMETRIC_PRESENTATION_REPRESENTATION (  '', ( #3334 ), #2468 ) ;
#112 = EDGE_LOOP ( 'NONE', ( #660, #3412, #2002, #2385 ) ) ;
#113 = CARTESIAN_POINT ( 'NONE',  ( 7.599999999999998800, -3.900000000000079400, -4.399999999999936400 ) ) ;
#114 = CARTESIAN_POINT ( 'NONE',  ( 8.499999999999998200, -2.149999999999999900, 3.391594463011052400E-014 ) ) ;
#115 = DIRECTION ( 'NONE',  ( 7.342650290796655500E-029, -1.000000000000000000, 1.763963565806549600E-014 ) ) ;
#116 = DIRECTION ( 'NONE',  ( -8.462065736472486200E-016, -1.767981725118497300E-014, -1.000000000000000000 ) ) ;
#117 = AXIS2_PLACEMENT_3D ( 'NONE', #2911, #3285, #3625 ) ;
#118 = DIRECTION ( 'NONE',  ( -1.000000000000000000, -7.300652170296560700E-029, 2.524354896707237800E-029 ) ) ;
#119 = CARTESIAN_POINT ( 'NONE',  ( 0.5000000000000000000, -2.149999999999999900, 3.730077092469962600E-014 ) ) ;
#120 = DIRECTION ( 'NONE',  ( 7.300652170296604500E-029, -1.000000000000000000, 1.745741680554692300E-014 ) ) ;
#121 = ADVANCED_FACE ( 'NONE', ( #4007 ), #565, .T. ) ;
#122 = FACE_OUTER_BOUND ( 'NONE', #4150, .T. ) ;
#123 = CARTESIAN_POINT ( 'NONE',  ( 0.7499999999999997800, -2.600000000000036100, -2.049999999999955000 ) ) ;
#124 = CARTESIAN_POINT ( 'NONE',  ( 4.399999999999999500, -3.900000000000088700, -4.949999999999934500 ) ) ;
#125 = ORIENTED_EDGE ( 'NONE', *, *, #1432, .F. ) ;
#126 = FILL_AREA_STYLE ('',( #3883 ) ) ;
#127 = CARTESIAN_POINT ( 'NONE',  ( 7.599999999999998800, -3.950000000000071700, -3.949999999999934500 ) ) ;
#128 = VECTOR ( 'NONE', #2276, 1000.000000000000000 ) ;
#129 = VERTEX_POINT ( 'NONE', #3629 ) ;
#130 = EDGE_CURVE ( 'NONE', #1727, #604, #2516, .T. ) ;
#131 = VECTOR ( 'NONE', #3042, 1000.000000000000000 ) ;
#132 = DIRECTION ( 'NONE',  ( 7.342650290796655500E-029, -1.000000000000000000, 1.745741680554692300E-014 ) ) ;
#133 = PLANE ( 'NONE',  #89 ) ;
#134 = ORIENTED_EDGE ( 'NONE', *, *, #3825, .F. ) ;
#135 = DIRECTION ( 'NONE',  ( 1.000000000000000000, 7.300652170296560700E-029, -2.524354896707237800E-029 ) ) ;
#136 = EDGE_CURVE ( 'NONE', #3852, #4338, #3060, .T. ) ;
#137 = PRESENTATION_LAYER_ASSIGNMENT (  '', '', ( #1343 ) ) ;
#138 = LINE ( 'NONE', #2266, #257 ) ;
#139 = CARTESIAN_POINT ( 'NONE',  ( 0.3000000000000004900, -4.200000000000002000, -0.009999999999922680100 ) ) ;
#140 = SHAPE_DEFINITION_REPRESENTATION ( #3025, #34 ) ;
#141 = COLOUR_RGB ( '',0.0000000000000000000, 0.0000000000000000000, 0.6274509803921568500 ) ;
#142 = SURFACE_SIDE_STYLE ('',( #3024 ) ) ;
#143 = LINE ( 'NONE', #3870, #1793 ) ;
#144 = ADVANCED_FACE ( 'NONE', ( #4060 ), #2586, .F. ) ;
#145 = PLANE ( 'NONE',  #4422 ) ;
#146 = CARTESIAN_POINT ( 'NONE',  ( 3.600000000000000100, -4.050000000000071800, -3.949999999999930900 ) ) ;
#147 = EDGE_CURVE ( 'NONE', #3695, #433, #3944, .T. ) ;
#148 = LINE ( 'NONE', #3756, #476 ) ;
#149 = DIRECTION ( 'NONE',  ( -7.342650290796655500E-029, 1.000000000000000000, -1.745741680554692300E-014 ) ) ;
#150 = DIRECTION ( 'NONE',  ( 1.000000000000000000, 5.823394084321229800E-029, -8.462065736472487200E-016 ) ) ;
#151 = CARTESIAN_POINT ( 'NONE',  ( 3.600000000000000100, -4.200000000000072100, -3.949999999999928200 ) ) ;
#152 = DIRECTION ( 'NONE',  ( -7.300652170296604500E-029, 1.000000000000000000, -1.745741680554692300E-014 ) ) ;
#153 = LINE ( 'NONE', #4259, #2800 ) ;
#154 = STYLED_ITEM ( 'NONE', ( #3610 ), #3885 ) ;
#155 = DIRECTION ( 'NONE',  ( 1.000000000000000000, 7.300652170296560700E-029, -2.524354896707237800E-029 ) ) ;
#156 =( NAMED_UNIT ( * ) SI_UNIT ( $, .STERADIAN. ) SOLID_ANGLE_UNIT ( ) );
#157 = CARTESIAN_POINT ( 'NONE',  ( 2.600000000000000100, -4.200000000000072100, -3.949999999999927300 ) ) ;
#158 = FACE_OUTER_BOUND ( 'NONE', #3728, .T. ) ;
#159 = ORIENTED_EDGE ( 'NONE', *, *, #1170, .T. ) ;
#160 = ORIENTED_EDGE ( 'NONE', *, *, #103, .F. ) ;
#161 = VERTEX_POINT ( 'NONE', #205 ) ;
#162 = SURFACE_STYLE_FILL_AREA ( #3448 ) ;
#163 = DIRECTION ( 'NONE',  ( 1.000000000000000000, 7.300652170296560700E-029, -2.524354896707237800E-029 ) ) ;
#164 = CARTESIAN_POINT ( 'NONE',  ( 6.599999999999998800, -4.200000000000072100, -3.949999999999929100 ) ) ;
#165 = ORIENTED_EDGE ( 'NONE', *, *, #3703, .F. ) ;
#166 = CARTESIAN_POINT ( 'NONE',  ( 8.249999999999998200, -2.600000000000063600, -3.649999999999955100 ) ) ;
#167 = EDGE_CURVE ( 'NONE', #1442, #3407, #2130, .T. ) ;
#168 = ORIENTED_EDGE ( 'NONE', *, *, #2842, .F. ) ;
#169 = CARTESIAN_POINT ( 'NONE',  ( 4.599999999999998800, -4.050000000000071800, -3.949999999999930900 ) ) ;
#170 = CARTESIAN_POINT ( 'NONE',  ( 0.7499999999999997800, -0.4000000000000634700, -3.649999999999993200 ) ) ;
#171 = EDGE_LOOP ( 'NONE', ( #134, #2513, #4438, #1704 ) ) ;
#172 = ADVANCED_FACE ( 'NONE', ( #566 ), #4084, .F. ) ;
#173 = CARTESIAN_POINT ( 'NONE',  ( 6.724999999999999600, -3.450000000000032200, -1.799999999999939900 ) ) ;
#174 = UNCERTAINTY_MEASURE_WITH_UNIT (LENGTH_MEASURE( 1.000000000000000100E-005 ), #1299, 'distance_accuracy_value', 'NONE');
#175 = DIRECTION ( 'NONE',  ( -7.342650290796655500E-029, 1.000000000000000000, -1.745741680554692300E-014 ) ) ;
#176 = EDGE_CURVE ( 'NONE', #1993, #4032, #4342, .T. ) ;
#177 = DIRECTION ( 'NONE',  ( -1.000000000000000000, -7.300652170296560700E-029, 2.524354896707237800E-029 ) ) ;
#178 =( GEOMETRIC_REPRESENTATION_CONTEXT ( 3 ) GLOBAL_UNCERTAINTY_ASSIGNED_CONTEXT ( ( #1360 ) ) GLOBAL_UNIT_ASSIGNED_CONTEXT ( ( #2462, #4294, #2550 ) ) REPRESENTATION_CONTEXT ( 'NONE', 'WORKASPACE' ) );
#179 =( GEOMETRIC_REPRESENTATION_CONTEXT ( 3 ) GLOBAL_UNCERTAINTY_ASSIGNED_CONTEXT ( ( #3690 ) ) GLOBAL_UNIT_ASSIGNED_CONTEXT ( ( #55, #1435, #3850 ) ) REPRESENTATION_CONTEXT ( 'NONE', 'WORKASPACE' ) );
#180 = ORIENTED_EDGE ( 'NONE', *, *, #2587, .T. ) ;
#181 = CARTESIAN_POINT ( 'NONE',  ( 4.599999999999998800, -4.200000000000072100, -3.949999999999928200 ) ) ;
#182 = SURFACE_SIDE_STYLE ('',( #3065 ) ) ;
#183 = ORIENTED_EDGE ( 'NONE', *, *, #1928, .T. ) ;
#184 = ORIENTED_EDGE ( 'NONE', *, *, #82, .T. ) ;
#185 = AXIS2_PLACEMENT_3D ( 'NONE', #3337, #1270, #2288 ) ;
#186 = CARTESIAN_POINT ( 'NONE',  ( 2.274999999999999500, -4.050000000000007800, -0.3499999999999279200 ) ) ;
#187 = CARTESIAN_POINT ( 'NONE',  ( 1.599999999999999600, -3.950000000000061900, -3.449999999999928700 ) ) ;
#188 = ORIENTED_EDGE ( 'NONE', *, *, #3711, .F. ) ;
#189 = LINE ( 'NONE', #3022, #3111 ) ;
#190 = DIRECTION ( 'NONE',  ( 1.000000000000000000, 7.300652170296560700E-029, -2.524354896707237800E-029 ) ) ;
#191 = COLOUR_RGB ( '',0.7529411764705882200, 0.7529411764705882200, 0.7529411764705882200 ) ;
#192 = DIRECTION ( 'NONE',  ( 5.782411586589609100E-016, 1.745741680554692000E-014, 1.000000000000000000 ) ) ;
#193 = PRESENTATION_STYLE_ASSIGNMENT (( #4345 ) ) ;
#194 = ORIENTED_EDGE ( 'NONE', *, *, #2997, .F. ) ;
#195 = LINE ( 'NONE', #3792, #2787 ) ;
#196 = ADVANCED_FACE ( 'NONE', ( #301 ), #264, .T. ) ;
#197 = DIRECTION ( 'NONE',  ( -1.000000000000000000, -7.300652170296560700E-029, 2.524354896707237800E-029 ) ) ;
#198 = FILL_AREA_STYLE_COLOUR ( '', #627 ) ;
#199 = EDGE_CURVE ( 'NONE', #42, #3521, #2647, .T. ) ;
#200 = CARTESIAN_POINT ( 'NONE',  ( -2.050283756398621100E-028, 1.949999999999957500, -2.450000000000034400 ) ) ;
#201 = AXIS2_PLACEMENT_3D ( 'NONE', #2819, #1085, #431 ) ;
#202 = LINE ( 'NONE', #2631, #4290 ) ;
#203 = SURFACE_SIDE_STYLE ('',( #2519 ) ) ;
#204 = DIRECTION ( 'NONE',  ( -1.000000000000000000, -7.300652170296560700E-029, 2.524354896707237800E-029 ) ) ;
#205 = CARTESIAN_POINT ( 'NONE',  ( 4.399999999999999500, -4.200000000000072100, -3.949999999999928200 ) ) ;
#206 = PRESENTATION_LAYER_ASSIGNMENT (  '', '', ( #2249 ) ) ;
#207 = AXIS2_PLACEMENT_3D ( 'NONE', #3421, #3707, #2709 ) ;
#208 = DIRECTION ( 'NONE',  ( 2.524354896707233600E-029, 1.805559731450444000E-014, 1.000000000000000000 ) ) ;
#209 = CARTESIAN_POINT ( 'NONE',  ( 1.599999999999999600, -3.900000000000088700, -4.949999999999933600 ) ) ;
#210 = VECTOR ( 'NONE', #983, 1000.000000000000000 ) ;
#211 = ORIENTED_EDGE ( 'NONE', *, *, #2113, .F. ) ;
#212 = LINE ( 'NONE', #1211, #590 ) ;
#213 = DIRECTION ( 'NONE',  ( -7.342650290796655500E-029, 1.000000000000000000, -1.745741680554692300E-014 ) ) ;
#214 = PRESENTATION_STYLE_ASSIGNMENT (( #859 ) ) ;
#215 = ORIENTED_EDGE ( 'NONE', *, *, #3787, .T. ) ;
#216 = DIRECTION ( 'NONE',  ( 7.342650290796655500E-029, -1.000000000000000000, 1.745741680554692300E-014 ) ) ;
#217 = CARTESIAN_POINT ( 'NONE',  ( 4.399999999999999500, -4.050000000000062000, -3.449999999999928200 ) ) ;
#218 = VECTOR ( 'NONE', #2720, 1000.000000000000000 ) ;
#219 = ORIENTED_EDGE ( 'NONE', *, *, #1468, .F. ) ;
#220 = EDGE_LOOP ( 'NONE', ( #3385, #3642, #757, #3227 ) ) ;
#221 = CARTESIAN_POINT ( 'NONE',  ( 0.7499999999999997800, 1.949999999999964700, -2.050000000000035300 ) ) ;
#222 = CARTESIAN_POINT ( 'NONE',  ( 8.699999999999997500, -4.200000000000040100, -2.209999999999926200 ) ) ;
#223 = CARTESIAN_POINT ( 'NONE',  ( 5.749999999999999100, -0.6100000000000314100, -1.799999999999990100 ) ) ;
#224 = LINE ( 'NONE', #2502, #1707 ) ;
#225 = ORIENTED_EDGE ( 'NONE', *, *, #2171, .F. ) ;
#226 =( LENGTH_UNIT ( ) NAMED_UNIT ( * ) SI_UNIT ( .MILLI., .METRE. ) );
#227 = SURFACE_SIDE_STYLE ('',( #879 ) ) ;
#228 = LINE ( 'NONE', #209, #2393 ) ;
#229 = EDGE_LOOP ( 'NONE', ( #2493, #3608, #1254, #2105 ) ) ;
#230 = CARTESIAN_POINT ( 'NONE',  ( 6.724999999999999600, -4.050000000000007800, -0.3499999999999284800 ) ) ;
#231 =( NAMED_UNIT ( * ) SI_UNIT ( $, .STERADIAN. ) SOLID_ANGLE_UNIT ( ) );
#232 = VERTEX_POINT ( 'NONE', #1264 ) ;
#233 = EDGE_CURVE ( 'NONE', #493, #3343, #680, .T. ) ;
#234 = CARTESIAN_POINT ( 'NONE',  ( 1.174999999999998000, -0.05000000000003635600, -2.099999999999999600 ) ) ;
#235 = PRESENTATION_LAYER_ASSIGNMENT (  '', '', ( #396 ) ) ;
#236 = CARTESIAN_POINT ( 'NONE',  ( 8.249999999999998200, -2.600000000000063600, -3.649999999999955100 ) ) ;
#237 = CARTESIAN_POINT ( 'NONE',  ( 0.5000000000000000000, 1.299999999999957600, -2.450000000000023300 ) ) ;
#238 = EDGE_LOOP ( 'NONE', ( #3998, #2664, #2899, #1348, #2283, #3446 ) ) ;
#239 = CARTESIAN_POINT ( 'NONE',  ( 0.5000000000000000000, -4.050000000000011400, -0.6499999999999295200 ) ) ;
#240 = ORIENTED_EDGE ( 'NONE', *, *, #1636, .T. ) ;
#241 = CARTESIAN_POINT ( 'NONE',  ( 1.599999999999999600, -4.050000000000079800, -4.399999999999929300 ) ) ;
#242 = ADVANCED_FACE ( 'NONE', ( #2369 ), #933, .F. ) ;
#243 = EDGE_LOOP ( 'NONE', ( #4313, #2244, #2499, #4076, #3306, #1872 ) ) ;
#244 = SURFACE_STYLE_USAGE ( .BOTH. , #2579 ) ;
#245 = LINE ( 'NONE', #2530, #3348 ) ;
#246 = PLANE ( 'NONE',  #3801 ) ;
#247 = STYLED_ITEM ( 'NONE', ( #319 ), #4248 ) ;
#248 = DIRECTION ( 'NONE',  ( 2.524354896707237800E-029, 1.745741680554692000E-014, 1.000000000000000000 ) ) ;
#249 = LINE ( 'NONE', #4323, #3621 ) ;
#250 = VECTOR ( 'NONE', #1907, 1000.000000000000000 ) ;
#251 = DIRECTION ( 'NONE',  ( -1.000000000000000000, -5.823394084321229800E-029, 8.462065736472486200E-016 ) ) ;
#252 = VECTOR ( 'NONE', #8, 1000.000000000000000 ) ;
#253 = VECTOR ( 'NONE', #3830, 1000.000000000000000 ) ;
#254 = ORIENTED_EDGE ( 'NONE', *, *, #4460, .T. ) ;
#255 = DIRECTION ( 'NONE',  ( -7.342650290796655500E-029, 1.000000000000000000, -1.745741680554692300E-014 ) ) ;
#256 = DIRECTION ( 'NONE',  ( 7.342650290796655500E-029, -1.000000000000000000, 1.745741680554692300E-014 ) ) ;
#257 = VECTOR ( 'NONE', #2965, 1000.000000000000000 ) ;
#258 = DIRECTION ( 'NONE',  ( 1.000000000000000000, 7.342650290796611800E-029, -2.524354896707238300E-029 ) ) ;
#259 = EDGE_CURVE ( 'NONE', #1034, #598, #4351, .T. ) ;
#260 = MECHANICAL_DESIGN_GEOMETRIC_PRESENTATION_REPRESENTATION (  '', ( #4006 ), #3768 ) ;
#262 = CARTESIAN_POINT ( 'NONE',  ( 8.300000000000000700, -2.600000000000010300, -0.5999999999999555700 ) ) ;
#261 = CARTESIAN_POINT ( 'NONE',  ( 8.699999999999999300, -4.200000000000002000, -0.009999999999926234600 ) ) ;
#263 = FACE_OUTER_BOUND ( 'NONE', #4057, .T. ) ;
#264 = PLANE ( 'NONE',  #644 ) ;
#265 = LINE ( 'NONE', #2011, #961 ) ;
#266 = LINE ( 'NONE', #2428, #2155 ) ;
#267 = EDGE_CURVE ( 'NONE', #3088, #3479, #851, .T. ) ;
#268 = PRESENTATION_LAYER_ASSIGNMENT (  '', '', ( #2539 ) ) ;
#269 = ORIENTED_EDGE ( 'NONE', *, *, #4356, .F. ) ;
#270 = SURFACE_STYLE_FILL_AREA ( #3688 ) ;
#271 =( LENGTH_UNIT ( ) NAMED_UNIT ( * ) SI_UNIT ( .MILLI., .METRE. ) );
#272 = DIRECTION ( 'NONE',  ( 2.524354896707235000E-029, 1.785167214099619500E-014, 1.000000000000000000 ) ) ;
#273 = COLOUR_RGB ( '',0.7529411764705882200, 0.7529411764705882200, 0.7529411764705882200 ) ;
#274 = EDGE_LOOP ( 'NONE', ( #2716, #2303, #3327, #4312, #2451, #976 ) ) ;
#275 = VECTOR ( 'NONE', #1296, 1000.000000000000000 ) ;
#276 = CARTESIAN_POINT ( 'NONE',  ( 8.499999999999998200, -4.049999999999999800, 6.731771176787593000E-014 ) ) ;
#277 = PRESENTATION_LAYER_ASSIGNMENT (  '', '', ( #1771 ) ) ;
#278 = ORIENTED_EDGE ( 'NONE', *, *, #1512, .F. ) ;
#280 = DIRECTION ( 'NONE',  ( 1.000000000000000000, 7.342650290796611800E-029, -2.524354896707238300E-029 ) ) ;
#279 =( LENGTH_UNIT ( ) NAMED_UNIT ( * ) SI_UNIT ( .MILLI., .METRE. ) );
#281 = LINE ( 'NONE', #2438, #3532 ) ;
#282 = VERTEX_POINT ( 'NONE', #642 ) ;
#283 = CARTESIAN_POINT ( 'NONE',  ( 1.599999999999999600, -4.050000000000071800, -3.949999999999930000 ) ) ;
#284 = CARTESIAN_POINT ( 'NONE',  ( 8.699999999999997500, -4.200000000000040100, -2.209999999999926200 ) ) ;
#285 =( LENGTH_UNIT ( ) NAMED_UNIT ( * ) SI_UNIT ( .MILLI., .METRE. ) );
#286 = PLANE ( 'NONE',  #652 ) ;
#287 = ORIENTED_EDGE ( 'NONE', *, *, #1427, .F. ) ;
#288 =( NAMED_UNIT ( * ) SI_UNIT ( $, .STERADIAN. ) SOLID_ANGLE_UNIT ( ) );
#289 = ORIENTED_EDGE ( 'NONE', *, *, #2987, .T. ) ;
#290 = DIRECTION ( 'NONE',  ( -7.342650290796655500E-029, 1.000000000000000000, -1.745741680554692300E-014 ) ) ;
#291 = EDGE_CURVE ( 'NONE', #3457, #3087, #4077, .T. ) ;
#292 = EDGE_LOOP ( 'NONE', ( #1112, #3800, #712, #2874 ) ) ;
#293 = DIRECTION ( 'NONE',  ( -7.342650290796655500E-029, 1.000000000000000000, -1.745741680554692300E-014 ) ) ;
#294 = CARTESIAN_POINT ( 'NONE',  ( 2.399999999999999900, -3.900000000000088700, -4.949999999999933600 ) ) ;
#295 = FILL_AREA_STYLE_COLOUR ( '', #847 ) ;
#296 = ORIENTED_EDGE ( 'NONE', *, *, #64, .T. ) ;
#297 = EDGE_CURVE ( 'NONE', #2217, #2491, #3622, .T. ) ;
#298 = MECHANICAL_DESIGN_GEOMETRIC_PRESENTATION_REPRESENTATION (  '', ( #1190 ), #669 ) ;
#299 = DIRECTION ( 'NONE',  ( 7.342650290796655500E-029, -1.000000000000000000, 1.745741680554692300E-014 ) ) ;
#300 = CARTESIAN_POINT ( 'NONE',  ( 5.599999999999998800, -3.900000000000088700, -4.949999999999935300 ) ) ;
#301 = FACE_OUTER_BOUND ( 'NONE', #292, .T. ) ;
#302 = ORIENTED_EDGE ( 'NONE', *, *, #513, .T. ) ;
#303 = ORIENTED_EDGE ( 'NONE', *, *, #1792, .T. ) ;
#304 = LINE ( 'NONE', #2082, #4065 ) ;
#305 = CARTESIAN_POINT ( 'NONE',  ( 6.599999999999998800, -4.200000000000072100, -3.949999999999929100 ) ) ;
#306 = FACE_OUTER_BOUND ( 'NONE', #914, .T. ) ;
#307 = DIRECTION ( 'NONE',  ( 1.000000000000000000, 7.342650290796611800E-029, -2.524354896707238300E-029 ) ) ;
#308 = PRESENTATION_STYLE_ASSIGNMENT (( #3008 ) ) ;
#309 = DIRECTION ( 'NONE',  ( -7.342650290796656700E-029, 1.000000000000000000, -1.805559731450444000E-014 ) ) ;
#310 = VERTEX_POINT ( 'NONE', #2630 ) ;
#311 =( LENGTH_UNIT ( ) NAMED_UNIT ( * ) SI_UNIT ( .MILLI., .METRE. ) );
#312 = VECTOR ( 'NONE', #1368, 1000.000000000000000 ) ;
#313 = EDGE_CURVE ( 'NONE', #3061, #3492, #1641, .T. ) ;
#314 = PRESENTATION_LAYER_ASSIGNMENT (  '', '', ( #3808 ) ) ;
#315 = DIRECTION ( 'NONE',  ( 2.524354896707237800E-029, 1.745741680554692300E-014, 1.000000000000000000 ) ) ;
#316 = DIRECTION ( 'NONE',  ( -1.000000000000000000, -7.300652170296560700E-029, 2.524354896707237800E-029 ) ) ;
#317 = LINE ( 'NONE', #26, #35 ) ;
#318 = SURFACE_STYLE_FILL_AREA ( #1240 ) ;
#319 = PRESENTATION_STYLE_ASSIGNMENT (( #3709 ) ) ;
#320 = ORIENTED_EDGE ( 'NONE', *, *, #3715, .T. ) ;
#321 = EDGE_CURVE ( 'NONE', #3228, #129, #900, .T. ) ;
#322 =( GEOMETRIC_REPRESENTATION_CONTEXT ( 3 ) GLOBAL_UNCERTAINTY_ASSIGNED_CONTEXT ( ( #1762 ) ) GLOBAL_UNIT_ASSIGNED_CONTEXT ( ( #764, #2118, #398 ) ) REPRESENTATION_CONTEXT ( 'NONE', 'WORKASPACE' ) );
#323 = ORIENTED_EDGE ( 'NONE', *, *, #532, .T. ) ;
#325 = DIRECTION ( 'NONE',  ( -7.342650290796655500E-029, 1.000000000000000000, -1.745741680554692300E-014 ) ) ;
#324 = CARTESIAN_POINT ( 'NONE',  ( 3.399999999999999900, -4.200000000000089000, -4.949999999999928200 ) ) ;
#326 = VECTOR ( 'NONE', #177, 1000.000000000000000 ) ;
#327 = DIRECTION ( 'NONE',  ( -2.524354896707237800E-029, -1.745741680554692000E-014, -1.000000000000000000 ) ) ;
#328 = LINE ( 'NONE', #3541, #3805 ) ;
#329 = VERTEX_POINT ( 'NONE', #1007 ) ;
#330 = EDGE_CURVE ( 'NONE', #2673, #349, #3961, .T. ) ;
#331 = DIRECTION ( 'NONE',  ( 8.462065736472486200E-016, 1.745741680554692000E-014, 1.000000000000000000 ) ) ;
#332 = LINE ( 'NONE', #4063, #3858 ) ;
#333 = EDGE_LOOP ( 'NONE', ( #1491, #69, #3638, #2219 ) ) ;
#334 = ORIENTED_EDGE ( 'NONE', *, *, #1868, .T. ) ;
#335 = ORIENTED_EDGE ( 'NONE', *, *, #3938, .T. ) ;
#336 = ORIENTED_EDGE ( 'NONE', *, *, #4028, .T. ) ;
#337 = DIRECTION ( 'NONE',  ( -2.524354896707237800E-029, -1.745741680554692000E-014, -1.000000000000000000 ) ) ;
#338 = AXIS2_PLACEMENT_3D ( 'NONE', #1523, #2895, #118 ) ;
#339 = ORIENTED_EDGE ( 'NONE', *, *, #3238, .T. ) ;
#340 = DIRECTION ( 'NONE',  ( -2.524354896707237800E-029, -1.745741680554692300E-014, -1.000000000000000000 ) ) ;
#341 = DIRECTION ( 'NONE',  ( 7.885106708985738500E-016, 1.745741680554692000E-014, 1.000000000000000000 ) ) ;
#342 = ORIENTED_EDGE ( 'NONE', *, *, #1643, .T. ) ;
#343 = EDGE_CURVE ( 'NONE', #869, #3731, #2595, .T. ) ;
#344 =( GEOMETRIC_REPRESENTATION_CONTEXT ( 3 ) GLOBAL_UNCERTAINTY_ASSIGNED_CONTEXT ( ( #4305 ) ) GLOBAL_UNIT_ASSIGNED_CONTEXT ( ( #4071, #2311, #2656 ) ) REPRESENTATION_CONTEXT ( 'NONE', 'WORKASPACE' ) );
#345 = EDGE_LOOP ( 'NONE', ( #320, #616, #1115, #2660 ) ) ;
#346 = FILL_AREA_STYLE_COLOUR ( '', #273 ) ;
#347 = CARTESIAN_POINT ( 'NONE',  ( 9.000000000000000000, 1.950000000000000400, -3.317460103282833000E-014 ) ) ;
#348 = COLOUR_RGB ( '',0.7529411764705882200, 0.7529411764705882200, 0.7529411764705882200 ) ;
#349 = VERTEX_POINT ( 'NONE', #3409 ) ;
#350 = PRESENTATION_LAYER_ASSIGNMENT (  '', '', ( #1578 ) ) ;
#351 = CARTESIAN_POINT ( 'NONE',  ( 8.300000000000000700, 1.949999999999977500, -1.300000000000034700 ) ) ;
#352 = VECTOR ( 'NONE', #2272, 1000.000000000000000 ) ;
#353 = ORIENTED_EDGE ( 'NONE', *, *, #3592, .F. ) ;
#354 = LINE ( 'NONE', #1229, #1479 ) ;
#355 = VECTOR ( 'NONE', #4018, 1000.000000000000000 ) ;
#356 = VECTOR ( 'NONE', #1574, 1000.000000000000000 ) ;
#357 = VERTEX_POINT ( 'NONE', #996 ) ;
#358 = VECTOR ( 'NONE', #360, 1000.000000000000000 ) ;
#359 = DIRECTION ( 'NONE',  ( 1.000000000000000000, 7.300652170296560700E-029, -2.524354896707237800E-029 ) ) ;
#360 = DIRECTION ( 'NONE',  ( -7.342650290796655500E-029, 1.000000000000000000, -1.745741680554692300E-014 ) ) ;
#361 = VECTOR ( 'NONE', #2735, 1000.000000000000000 ) ;
#362 = CARTESIAN_POINT ( 'NONE',  ( 8.699999999999999300, -2.149999999999999900, -0.009999999999961763400 ) ) ;
#363 = CARTESIAN_POINT ( 'NONE',  ( 8.249999999999998200, 1.949999999999930500, -4.000000000000033800 ) ) ;
#364 = LINE ( 'NONE', #2374, #735 ) ;
#365 = LINE ( 'NONE', #114, #3798 ) ;
#366 = EDGE_CURVE ( 'NONE', #3750, #3775, #1780, .T. ) ;
#367 = UNCERTAINTY_MEASURE_WITH_UNIT (LENGTH_MEASURE( 1.000000000000000100E-005 ), #2811, 'distance_accuracy_value', 'NONE');
#368 = ORIENTED_EDGE ( 'NONE', *, *, #1636, .F. ) ;
#369 = EDGE_LOOP ( 'NONE', ( #3150, #1865, #4061, #4143 ) ) ;
#370 = DIRECTION ( 'NONE',  ( 1.000000000000000000, 7.300652170296560700E-029, -2.524354896707237800E-029 ) ) ;
#371 = EDGE_CURVE ( 'NONE', #2554, #1558, #1308, .T. ) ;
#372 = PRESENTATION_LAYER_ASSIGNMENT (  '', '', ( #3915 ) ) ;
#374 = DIRECTION ( 'NONE',  ( 2.524354896707242800E-029, 1.679021546863276600E-014, 1.000000000000000000 ) ) ;
#373 = DIRECTION ( 'NONE',  ( 2.524354896707237800E-029, 1.745741680554692000E-014, 1.000000000000000000 ) ) ;
#375 = CARTESIAN_POINT ( 'NONE',  ( 5.599999999999998800, -3.900000000000079400, -4.399999999999932900 ) ) ;
#376 = LINE ( 'NONE', #2056, #2432 ) ;
#377 = CARTESIAN_POINT ( 'NONE',  ( 1.399999999999999500, -4.050000000000079800, -4.399999999999929300 ) ) ;
#378 = CARTESIAN_POINT ( 'NONE',  ( 8.499999999999998200, -4.050000000000011400, -0.6499999999999328500 ) ) ;
#379 = ORIENTED_EDGE ( 'NONE', *, *, #147, .T. ) ;
#380 = EDGE_CURVE ( 'NONE', #1227, #3061, #4167, .T. ) ;
#381 = ORIENTED_EDGE ( 'NONE', *, *, #3715, .F. ) ;
#382 = ORIENTED_EDGE ( 'NONE', *, *, #3482, .F. ) ;
#383 = CARTESIAN_POINT ( 'NONE',  ( 2.600000000000000100, -4.050000000000071800, -3.949999999999930000 ) ) ;
#384 = DIRECTION ( 'NONE',  ( -8.462065736472486200E-016, -1.745741680554692000E-014, -1.000000000000000000 ) ) ;
#385 = VERTEX_POINT ( 'NONE', #4125 ) ;
#386 = DIRECTION ( 'NONE',  ( -2.524354896707237800E-029, -1.745741680554692300E-014, -1.000000000000000000 ) ) ;
#387 = APPLICATION_PROTOCOL_DEFINITION ( 'draft international standard', 'automotive_design', 1998, #1028 ) ;
#388 = CARTESIAN_POINT ( 'NONE',  ( 8.499999999999998200, -3.450000000000011300, -0.6499999999999432900 ) ) ;
#389 = PRODUCT ( 'BM07B-NSHSS', 'BM07B-NSHSS', '', ( #39 ) ) ;
#390 = VERTEX_POINT ( 'NONE', #3396 ) ;
#391 = CARTESIAN_POINT ( 'NONE',  ( 2.274999999999998600, -0.05000000000003374000, -1.950000000000000200 ) ) ;
#392 = ORIENTED_EDGE ( 'NONE', *, *, #3639, .T. ) ;
#393 = ORIENTED_EDGE ( 'NONE', *, *, #3235, .T. ) ;
#394 = VECTOR ( 'NONE', #331, 1000.000000000000000 ) ;
#395 = EDGE_CURVE ( 'NONE', #357, #1392, #3173, .T. ) ;
#396 = STYLED_ITEM ( 'NONE', ( #3273 ), #1673 ) ;
#397 = SURFACE_SIDE_STYLE ('',( #3927 ) ) ;
#398 =( NAMED_UNIT ( * ) SI_UNIT ( $, .STERADIAN. ) SOLID_ANGLE_UNIT ( ) );
#399 = FACE_OUTER_BOUND ( 'NONE', #2348, .T. ) ;
#400 = CARTESIAN_POINT ( 'NONE',  ( 1.863057213221462400E-028, -4.050000000000079800, -4.399999999999929300 ) ) ;
#401 = EDGE_CURVE ( 'NONE', #872, #1985, #2089, .T. ) ;
#402 = VECTOR ( 'NONE', #3685, 1000.000000000000000 ) ;
#403 = STYLED_ITEM ( 'NONE', ( #3827 ), #196 ) ;
#404 = VECTOR ( 'NONE', #73, 1000.000000000000000 ) ;
#405 = ORIENTED_EDGE ( 'NONE', *, *, #3581, .T. ) ;
#406 = VECTOR ( 'NONE', #2677, 1000.000000000000000 ) ;
#407 = LINE ( 'NONE', #864, #1416 ) ;
#408 = PLANE ( 'NONE',  #3314 ) ;
#409 = COLOUR_RGB ( '',0.7529411764705882200, 0.7529411764705882200, 0.7529411764705882200 ) ;
#410 = LINE ( 'NONE', #1562, #635 ) ;
#411 =( GEOMETRIC_REPRESENTATION_CONTEXT ( 3 ) GLOBAL_UNCERTAINTY_ASSIGNED_CONTEXT ( ( #174 ) ) GLOBAL_UNIT_ASSIGNED_CONTEXT ( ( #1299, #1659, #4394 ) ) REPRESENTATION_CONTEXT ( 'NONE', 'WORKASPACE' ) );
#412 = LINE ( 'NONE', #1132, #3125 ) ;
#413 =( LENGTH_UNIT ( ) NAMED_UNIT ( * ) SI_UNIT ( .MILLI., .METRE. ) );
#414 = CARTESIAN_POINT ( 'NONE',  ( 8.499999999999994700, -0.3000000000000767600, -4.399999999999999500 ) ) ;
#415 = VECTOR ( 'NONE', #2427, 1000.000000000000000 ) ;
#416 = CARTESIAN_POINT ( 'NONE',  ( 0.6999999999999988500, -1.800000000000022200, -1.299999999999968100 ) ) ;
#417 = VECTOR ( 'NONE', #2152, 1000.000000000000000 ) ;
#418 = VERTEX_POINT ( 'NONE', #3560 ) ;
#419 = ORIENTED_EDGE ( 'NONE', *, *, #2729, .T. ) ;
#420 = UNCERTAINTY_MEASURE_WITH_UNIT (LENGTH_MEASURE( 1.000000000000000100E-005 ), #2597, 'distance_accuracy_value', 'NONE');
#421 = LINE ( 'NONE', #3330, #3196 ) ;
#422 = ORIENTED_EDGE ( 'NONE', *, *, #3466, .T. ) ;
#423 = EDGE_CURVE ( 'NONE', #3602, #3205, #3308, .T. ) ;
#424 = CARTESIAN_POINT ( 'NONE',  ( 1.399999999999999500, -4.200000000000072100, -3.949999999999927300 ) ) ;
#425 = PLANE ( 'NONE',  #3928 ) ;
#426 = PRESENTATION_LAYER_ASSIGNMENT (  '', '', ( #3264 ) ) ;
#427 = VECTOR ( 'NONE', #293, 1000.000000000000000 ) ;
#428 = VERTEX_POINT ( 'NONE', #1155 ) ;
#429 = ORIENTED_EDGE ( 'NONE', *, *, #1629, .F. ) ;
#430 = CARTESIAN_POINT ( 'NONE',  ( 0.5000000000000000000, -2.149999999999999900, 3.730077092469962600E-014 ) ) ;
#431 = DIRECTION ( 'NONE',  ( -7.342650290796655500E-029, 1.000000000000000000, -1.745741680554692300E-014 ) ) ;
#432 = MECHANICAL_DESIGN_GEOMETRIC_PRESENTATION_REPRESENTATION (  '', ( #2249 ), #178 ) ;
#433 = VERTEX_POINT ( 'NONE', #564 ) ;
#434 = AXIS2_PLACEMENT_3D ( 'NONE', #1513, #1177, #875 ) ;
#435 = CARTESIAN_POINT ( 'NONE',  ( 0.6999999999999984000, -1.800000000000035300, -2.049999999999969200 ) ) ;
#436 = ORIENTED_EDGE ( 'NONE', *, *, #4059, .T. ) ;
#437 = DIRECTION ( 'NONE',  ( -7.342650290796655500E-029, 1.000000000000000000, -1.745741680554692300E-014 ) ) ;
#438 = LINE ( 'NONE', #3981, #108 ) ;
#439 = ORIENTED_EDGE ( 'NONE', *, *, #3646, .F. ) ;
#440 = ADVANCED_FACE ( 'NONE', ( #4221 ), #895, .F. ) ;
#441 = ORIENTED_EDGE ( 'NONE', *, *, #1521, .F. ) ;
#442 = ORIENTED_EDGE ( 'NONE', *, *, #2826, .F. ) ;
#443 = CARTESIAN_POINT ( 'NONE',  ( 8.499999999999994700, -0.3000000000000767600, -4.399999999999999500 ) ) ;
#444 = ADVANCED_FACE ( 'NONE', ( #2900 ), #2585, .F. ) ;
#445 = FILL_AREA_STYLE ('',( #91 ) ) ;
#446 = CARTESIAN_POINT ( 'NONE',  ( 0.7499999999999997800, -0.4000000000000695800, -3.999999999999993300 ) ) ;
#447 = ORIENTED_EDGE ( 'NONE', *, *, #1695, .F. ) ;
#448 = EDGE_LOOP ( 'NONE', ( #2646, #1176, #3586, #1654, #3934 ) ) ;
#449 = CARTESIAN_POINT ( 'NONE',  ( 4.399999999999999500, -4.050000000000071800, -3.949999999999930900 ) ) ;
#450 = PRESENTATION_LAYER_ASSIGNMENT (  '', '', ( #1597 ) ) ;
#451 = PLANE ( 'NONE',  #3760 ) ;
#452 = VERTEX_POINT ( 'NONE', #170 ) ;
#453 = CARTESIAN_POINT ( 'NONE',  ( 0.6999999999999992900, 1.949999999999990000, -0.6000000000000340600 ) ) ;
#454 = FACE_OUTER_BOUND ( 'NONE', #530, .T. ) ;
#455 = CARTESIAN_POINT ( 'NONE',  ( 8.300000000000000700, -1.800000000000022200, -1.299999999999969200 ) ) ;
#456 = DIRECTION ( 'NONE',  ( -8.462065736472486200E-016, -1.733180801727116000E-014, -1.000000000000000000 ) ) ;
#457 = CARTESIAN_POINT ( 'NONE',  ( 8.499999999999996400, -4.200000000000040100, -2.209999999999926200 ) ) ;
#458 = EDGE_CURVE ( 'NONE', #1008, #3701, #3307, .T. ) ;
#459 = MECHANICAL_DESIGN_GEOMETRIC_PRESENTATION_REPRESENTATION (  '', ( #2896 ), #4414 ) ;
#460 = LINE ( 'NONE', #3624, #677 ) ;
#461 = ORIENTED_EDGE ( 'NONE', *, *, #589, .T. ) ;
#462 = COLOUR_RGB ( '',0.7529411764705882200, 0.7529411764705882200, 0.7529411764705882200 ) ;
#463 = CARTESIAN_POINT ( 'NONE',  ( 0.5000000000000000000, 1.949999999999957500, -2.450000000000034400 ) ) ;
#464 = FACE_OUTER_BOUND ( 'NONE', #702, .T. ) ;
#465 = ORIENTED_EDGE ( 'NONE', *, *, #3165, .F. ) ;
#466 = LINE ( 'NONE', #498, #2148 ) ;
#467 = ADVANCED_FACE ( 'NONE', ( #629 ), #3213, .T. ) ;
#468 = DIRECTION ( 'NONE',  ( 1.000000000000000000, 5.823394084321229800E-029, -8.462065736472487200E-016 ) ) ;
#469 = VECTOR ( 'NONE', #4362, 1000.000000000000000 ) ;
#470 = VERTEX_POINT ( 'NONE', #2528 ) ;
#471 = CARTESIAN_POINT ( 'NONE',  ( 3.249999999999999100, -0.6100000000000234100, -1.349999999999988500 ) ) ;
#472 = DIRECTION ( 'NONE',  ( 2.524354896707237800E-029, 1.745741680554692000E-014, 1.000000000000000000 ) ) ;
#473 = ORIENTED_EDGE ( 'NONE', *, *, #3369, .T. ) ;
#474 = MECHANICAL_DESIGN_GEOMETRIC_PRESENTATION_REPRESENTATION (  '', ( #247 ), #1036 ) ;
#475 = DIRECTION ( 'NONE',  ( -1.000000000000000000, -7.300652170296560700E-029, 2.524354896707237800E-029 ) ) ;
#476 = VECTOR ( 'NONE', #4106, 1000.000000000000000 ) ;
#477 = CARTESIAN_POINT ( 'NONE',  ( 8.499999999999996400, -3.450000000000039700, -2.249999999999943200 ) ) ;
#478 =( NAMED_UNIT ( * ) SI_UNIT ( $, .STERADIAN. ) SOLID_ANGLE_UNIT ( ) );
#479 = FACE_OUTER_BOUND ( 'NONE', #1280, .T. ) ;
#480 = ORIENTED_EDGE ( 'NONE', *, *, #2870, .F. ) ;
#481 = DIRECTION ( 'NONE',  ( -5.981805089575447600E-016, -1.745741680554692000E-014, -1.000000000000000000 ) ) ;
#482 = COLOUR_RGB ( '',0.7529411764705882200, 0.7529411764705882200, 0.7529411764705882200 ) ;
#483 = ORIENTED_EDGE ( 'NONE', *, *, #1069, .T. ) ;
#484 = EDGE_CURVE ( 'NONE', #1556, #1274, #3452, .T. ) ;
#485 = ORIENTED_EDGE ( 'NONE', *, *, #2527, .T. ) ;
#486 = CARTESIAN_POINT ( 'NONE',  ( 8.499999999999994700, 1.949999999999934900, -3.750000000000038200 ) ) ;
#487 = ADVANCED_FACE ( 'NONE', ( #998 ), #1871, .F. ) ;
#488 = VECTOR ( 'NONE', #79, 1000.000000000000000 ) ;
#489 = SURFACE_SIDE_STYLE ('',( #756 ) ) ;
#490 = AXIS2_PLACEMENT_3D ( 'NONE', #1472, #120, #135 ) ;
#491 = PRESENTATION_LAYER_ASSIGNMENT (  '', '', ( #4177 ) ) ;
#492 = ORIENTED_EDGE ( 'NONE', *, *, #3378, .T. ) ;
#493 = VERTEX_POINT ( 'NONE', #1887 ) ;
#494 = DIRECTION ( 'NONE',  ( -7.342650290796655500E-029, 1.000000000000000000, -1.745741680554692300E-014 ) ) ;
#495 = CARTESIAN_POINT ( 'NONE',  ( 7.599999999999998800, -4.200000000000072100, -3.949999999999930000 ) ) ;
#496 = FILL_AREA_STYLE ('',( #2472 ) ) ;
#497 = ORIENTED_EDGE ( 'NONE', *, *, #313, .T. ) ;
#498 = CARTESIAN_POINT ( 'NONE',  ( 1.174999999999998000, -0.05000000000003374000, -1.949999999999999700 ) ) ;
#499 = STYLED_ITEM ( 'NONE', ( #3247 ), #3161 ) ;
#500 = CARTESIAN_POINT ( 'NONE',  ( 1.599999999999999600, -4.050000000000062000, -3.449999999999926900 ) ) ;
#501 = VERTEX_POINT ( 'NONE', #1175 ) ;
#502 = CARTESIAN_POINT ( 'NONE',  ( 6.399999999999999500, -4.200000000000089000, -4.949999999999929100 ) ) ;
#503 = FILL_AREA_STYLE_COLOUR ( '', #3016 ) ;
#504 = UNCERTAINTY_MEASURE_WITH_UNIT (LENGTH_MEASURE( 1.000000000000000100E-005 ), #1263, 'distance_accuracy_value', 'NONE');
#505 =( NAMED_UNIT ( * ) PLANE_ANGLE_UNIT ( ) SI_UNIT ( $, .RADIAN. ) );
#506 = VERTEX_POINT ( 'NONE', #222 ) ;
#507 = CARTESIAN_POINT ( 'NONE',  ( 5.599999999999998800, -4.050000000000079800, -4.399999999999929300 ) ) ;
#508 = ORIENTED_EDGE ( 'NONE', *, *, #4173, .T. ) ;
#509 = ADVANCED_FACE ( 'NONE', ( #4396 ), #3232, .T. ) ;
#510 = CARTESIAN_POINT ( 'NONE',  ( 5.399999999999999500, -4.050000000000079800, -4.399999999999929300 ) ) ;
#511 = CARTESIAN_POINT ( 'NONE',  ( 0.5000000000000000000, 1.949999999999923100, -4.400000000000034100 ) ) ;
#512 = ORIENTED_EDGE ( 'NONE', *, *, #977, .F. ) ;
#513 = EDGE_CURVE ( 'NONE', #925, #2354, #2700, .T. ) ;
#514 = VECTOR ( 'NONE', #115, 1000.000000000000000 ) ;
#515 = DIRECTION ( 'NONE',  ( -1.000000000000000000, -7.300652170296560700E-029, 2.524354896707237800E-029 ) ) ;
#516 = CARTESIAN_POINT ( 'NONE',  ( 7.599999999999998800, -4.200000000000072100, -3.949999999999930000 ) ) ;
#517 = SURFACE_STYLE_FILL_AREA ( #1644 ) ;
#518 = ORIENTED_EDGE ( 'NONE', *, *, #1276, .F. ) ;
#519 = VECTOR ( 'NONE', #2644, 1000.000000000000000 ) ;
#520 = EDGE_CURVE ( 'NONE', #2380, #3489, #898, .T. ) ;
#521 = CARTESIAN_POINT ( 'NONE',  ( 3.600000000000000100, -3.900000000000088700, -4.949999999999934500 ) ) ;
#522 = VECTOR ( 'NONE', #3892, 1000.000000000000000 ) ;
#523 = DIRECTION ( 'NONE',  ( 7.300652170296604500E-029, -1.000000000000000000, 1.745741680554692300E-014 ) ) ;
#524 = VECTOR ( 'NONE', #149, 1000.000000000000000 ) ;
#525 = LINE ( 'NONE', #1352, #4295 ) ;
#526 = FILL_AREA_STYLE ('',( #2578 ) ) ;
#527 = DIRECTION ( 'NONE',  ( 1.000000000000000000, 7.300652170296560700E-029, -2.524354896707237800E-029 ) ) ;
#528 =( NAMED_UNIT ( * ) PLANE_ANGLE_UNIT ( ) SI_UNIT ( $, .RADIAN. ) );
#529 = EDGE_CURVE ( 'NONE', #2132, #3701, #2832, .T. ) ;
#530 = EDGE_LOOP ( 'NONE', ( #3355, #1169, #518, #768 ) ) ;
#531 = ADVANCED_FACE ( 'NONE', ( #791 ), #3140, .F. ) ;
#532 = EDGE_CURVE ( 'NONE', #2301, #3130, #4350, .T. ) ;
#533 = SURFACE_STYLE_USAGE ( .BOTH. , #4354 ) ;
#534 = CARTESIAN_POINT ( 'NONE',  ( 5.599999999999998800, -4.200000000000089000, -4.949999999999929100 ) ) ;
#535 = VECTOR ( 'NONE', #2324, 1000.000000000000000 ) ;
#536 = VERTEX_POINT ( 'NONE', #4288 ) ;
#537 = ORIENTED_EDGE ( 'NONE', *, *, #3767, .T. ) ;
#538 = FACE_OUTER_BOUND ( 'NONE', #4109, .T. ) ;
#539 =( NAMED_UNIT ( * ) PLANE_ANGLE_UNIT ( ) SI_UNIT ( $, .RADIAN. ) );
#540 = VERTEX_POINT ( 'NONE', #770 ) ;
#541 = CARTESIAN_POINT ( 'NONE',  ( 8.999999999999996400, -0.3000000000000767600, -4.399999999999999500 ) ) ;
#542 = ORIENTED_EDGE ( 'NONE', *, *, #2395, .T. ) ;
#543 =( LENGTH_UNIT ( ) NAMED_UNIT ( * ) SI_UNIT ( .MILLI., .METRE. ) );
#544 = VECTOR ( 'NONE', #3618, 1000.000000000000000 ) ;
#545 = EDGE_CURVE ( 'NONE', #3738, #2443, #4014, .T. ) ;
#546 = ORIENTED_EDGE ( 'NONE', *, *, #1040, .F. ) ;
#547 = SURFACE_STYLE_USAGE ( .BOTH. , #203 ) ;
#548 = SURFACE_STYLE_USAGE ( .BOTH. , #3287 ) ;
#549 = ORIENTED_EDGE ( 'NONE', *, *, #576, .F. ) ;
#550 = DIRECTION ( 'NONE',  ( 7.342650290796655500E-029, -1.000000000000000000, 1.745741680554692300E-014 ) ) ;
#551 = EDGE_CURVE ( 'NONE', #2831, #433, #4117, .T. ) ;
#552 = PLANE ( 'NONE',  #2045 ) ;
#553 = DIRECTION ( 'NONE',  ( 2.524354896707237800E-029, 1.745741680554692000E-014, 1.000000000000000000 ) ) ;
#554 = CARTESIAN_POINT ( 'NONE',  ( 4.399999999999999500, -4.050000000000079800, -4.399999999999929300 ) ) ;
#555 = ORIENTED_EDGE ( 'NONE', *, *, #3077, .F. ) ;
#556 = CARTESIAN_POINT ( 'NONE',  ( 6.724999999999999600, -1.160180165558760700, -1.949999999999981300 ) ) ;
#557 = ORIENTED_EDGE ( 'NONE', *, *, #4395, .F. ) ;
#558 = SURFACE_STYLE_USAGE ( .BOTH. , #4358 ) ;
#559 = DIRECTION ( 'NONE',  ( -7.342650290796655500E-029, 1.000000000000000000, -1.745741680554692300E-014 ) ) ;
#560 = ORIENTED_EDGE ( 'NONE', *, *, #4212, .T. ) ;
#561 = DIRECTION ( 'NONE',  ( 7.342650290796655500E-029, -1.000000000000000000, 1.745741680554692300E-014 ) ) ;
#562 = AXIS2_PLACEMENT_3D ( 'NONE', #3736, #4090, #1647 ) ;
#563 = CARTESIAN_POINT ( 'NONE',  ( 7.825000000000000200, -2.600000000000036900, -2.099999999999955700 ) ) ;
#564 = CARTESIAN_POINT ( 'NONE',  ( 5.749999999999999100, -1.800000000000030900, -1.799999999999969000 ) ) ;
#565 = PLANE ( 'NONE',  #718 ) ;
#566 = FACE_OUTER_BOUND ( 'NONE', #333, .T. ) ;
#567 = CARTESIAN_POINT ( 'NONE',  ( 0.3000000000000004900, -4.200000000000040100, -2.209999999999923100 ) ) ;
#568 = ORIENTED_EDGE ( 'NONE', *, *, #1667, .F. ) ;
#569 = VECTOR ( 'NONE', #1664, 1000.000000000000000 ) ;
#570 =( NAMED_UNIT ( * ) PLANE_ANGLE_UNIT ( ) SI_UNIT ( $, .RADIAN. ) );
#571 = FACE_OUTER_BOUND ( 'NONE', #1663, .T. ) ;
#572 = CARTESIAN_POINT ( 'NONE',  ( 3.249999999999999100, -0.6100000000000314100, -1.799999999999988900 ) ) ;
#573 = ORIENTED_EDGE ( 'NONE', *, *, #1127, .F. ) ;
#574 = COLOUR_RGB ( '',0.7529411764705882200, 0.7529411764705882200, 0.7529411764705882200 ) ;
#575 = CARTESIAN_POINT ( 'NONE',  ( 3.249999999999999100, -0.6100000000000234100, -1.349999999999988500 ) ) ;
#576 = EDGE_CURVE ( 'NONE', #4062, #3032, #1458, .T. ) ;
#577 = DIRECTION ( 'NONE',  ( 1.000000000000000000, 6.256383523314000500E-029, -5.981805089575444700E-016 ) ) ;
#578 =( GEOMETRIC_REPRESENTATION_CONTEXT ( 3 ) GLOBAL_UNCERTAINTY_ASSIGNED_CONTEXT ( ( #4237 ) ) GLOBAL_UNIT_ASSIGNED_CONTEXT ( ( #605, #2967, #2300 ) ) REPRESENTATION_CONTEXT ( 'NONE', 'WORKASPACE' ) );
#579 = DIRECTION ( 'NONE',  ( -2.524354896707237800E-029, -1.745741680554692000E-014, -1.000000000000000000 ) ) ;
#580 = LINE ( 'NONE', #2141, #1205 ) ;
#581 = FACE_OUTER_BOUND ( 'NONE', #2022, .T. ) ;
#582 = DIRECTION ( 'NONE',  ( -7.342650290796655500E-029, 1.000000000000000000, -1.745741680554692300E-014 ) ) ;
#583 = EDGE_CURVE ( 'NONE', #2675, #1380, #1584, .T. ) ;
#584 = MECHANICAL_DESIGN_GEOMETRIC_PRESENTATION_REPRESENTATION (  '', ( #1315 ), #819 ) ;
#585 = DIRECTION ( 'NONE',  ( 1.000000000000000000, 6.459435760227276900E-029, -4.818676322158041900E-016 ) ) ;
#586 = DIRECTION ( 'NONE',  ( -7.342650290796655500E-029, 1.000000000000000000, -1.745741680554692300E-014 ) ) ;
#587 = ORIENTED_EDGE ( 'NONE', *, *, #3571, .T. ) ;
#588 = CARTESIAN_POINT ( 'NONE',  ( 1.863057213221462400E-028, -4.050000000000079800, -4.399999999999929300 ) ) ;
#589 = EDGE_CURVE ( 'NONE', #849, #2831, #1410, .T. ) ;
#590 = VECTOR ( 'NONE', #4321, 1000.000000000000000 ) ;
#591 = PRESENTATION_STYLE_ASSIGNMENT (( #3570 ) ) ;
#592 = FACE_OUTER_BOUND ( 'NONE', #714, .T. ) ;
#593 = ORIENTED_EDGE ( 'NONE', *, *, #1069, .F. ) ;
#594 = AXIS2_PLACEMENT_3D ( 'NONE', #486, #2160, #3529 ) ;
#596 =( LENGTH_UNIT ( ) NAMED_UNIT ( * ) SI_UNIT ( .MILLI., .METRE. ) );
#595 = FILL_AREA_STYLE_COLOUR ( '', #462 ) ;
#597 = LINE ( 'NONE', #1608, #1746 ) ;
#598 = VERTEX_POINT ( 'NONE', #4217 ) ;
#599 = CARTESIAN_POINT ( 'NONE',  ( 8.249999999999998200, 1.949999999999963800, -2.100000000000035200 ) ) ;
#600 = CARTESIAN_POINT ( 'NONE',  ( 6.399999999999999500, -3.950000000000079200, -4.399999999999931100 ) ) ;
#601 = CARTESIAN_POINT ( 'NONE',  ( 6.399999999999999500, -4.050000000000079800, -4.399999999999929300 ) ) ;
#602 = LINE ( 'NONE', #217, #3202 ) ;
#603 = EDGE_LOOP ( 'NONE', ( #2976, #4208, #4186, #480, #3921, #1293 ) ) ;
#604 = VERTEX_POINT ( 'NONE', #2841 ) ;
#605 =( LENGTH_UNIT ( ) NAMED_UNIT ( * ) SI_UNIT ( .MILLI., .METRE. ) );
#606 = SURFACE_STYLE_USAGE ( .BOTH. , #617 ) ;
#607 = EDGE_CURVE ( 'NONE', #1015, #2184, #2956, .T. ) ;
#608 = CARTESIAN_POINT ( 'NONE',  ( 8.499999999999994700, -0.3000000000000653800, -3.749999999999999100 ) ) ;
#609 = ORIENTED_EDGE ( 'NONE', *, *, #1736, .F. ) ;
#610 = ORIENTED_EDGE ( 'NONE', *, *, #4329, .F. ) ;
#611 = EDGE_CURVE ( 'NONE', #1011, #1231, #3568, .T. ) ;
#612 =( NAMED_UNIT ( * ) PLANE_ANGLE_UNIT ( ) SI_UNIT ( $, .RADIAN. ) );
#613 = VERTEX_POINT ( 'NONE', #1825 ) ;
#614 = CARTESIAN_POINT ( 'NONE',  ( 8.499999999999998200, -4.200000000000002000, -0.009999999999926064600 ) ) ;
#615 = CARTESIAN_POINT ( 'NONE',  ( 6.724999999999999600, -4.050000000000032700, -1.799999999999929900 ) ) ;
#616 = ORIENTED_EDGE ( 'NONE', *, *, #545, .T. ) ;
#617 = SURFACE_SIDE_STYLE ('',( #2593 ) ) ;
#618 = EDGE_CURVE ( 'NONE', #3427, #2566, #3686, .T. ) ;
#619 = VECTOR ( 'NONE', #2883, 1000.000000000000000 ) ;
#620 = ORIENTED_EDGE ( 'NONE', *, *, #3026, .T. ) ;
#621 =( NAMED_UNIT ( * ) PLANE_ANGLE_UNIT ( ) SI_UNIT ( $, .RADIAN. ) );
#622 = LINE ( 'NONE', #127, #2189 ) ;
#623 = CARTESIAN_POINT ( 'NONE',  ( 2.600000000000000100, -3.950000000000061900, -3.449999999999929100 ) ) ;
#624 = SURFACE_STYLE_FILL_AREA ( #1666 ) ;
#625 = MECHANICAL_DESIGN_GEOMETRIC_PRESENTATION_REPRESENTATION (  '', ( #2744 ), #2697 ) ;
#626 = CARTESIAN_POINT ( 'NONE',  ( 2.405793516013516800E-028, -4.050000000000038900, -2.249999999999928900 ) ) ;
#627 = COLOUR_RGB ( '',0.7529411764705882200, 0.7529411764705882200, 0.7529411764705882200 ) ;
#628 = CARTESIAN_POINT ( 'NONE',  ( 8.249999999999998200, -2.600000000000036100, -2.049999999999955900 ) ) ;
#629 = FACE_OUTER_BOUND ( 'NONE', #3973, .T. ) ;
#630 = CARTESIAN_POINT ( 'NONE',  ( 7.399999999999999500, -4.200000000000089000, -4.949999999999930000 ) ) ;
#631 = ADVANCED_FACE ( 'NONE', ( #861 ), #451, .F. ) ;
#632 = ORIENTED_EDGE ( 'NONE', *, *, #3290, .T. ) ;
#633 = SURFACE_STYLE_USAGE ( .BOTH. , #3366 ) ;
#634 = VECTOR ( 'NONE', #373, 1000.000000000000000 ) ;
#635 = VECTOR ( 'NONE', #1162, 1000.000000000000000 ) ;
#636 = CARTESIAN_POINT ( 'NONE',  ( 7.399999999999999500, -3.950000000000061900, -3.449999999999931300 ) ) ;
#637 = EDGE_CURVE ( 'NONE', #4126, #282, #1650, .T. ) ;
#638 = SURFACE_SIDE_STYLE ('',( #2197 ) ) ;
#639 = MANIFOLD_SOLID_BREP ( 'ÎÞÃÞ¨-ˆÚ“®/ºËß°1', #3616 ) ;
#640 = LINE ( 'NONE', #1026, #2008 ) ;
#641 = CARTESIAN_POINT ( 'NONE',  ( 8.499999999999996400, -4.050000000000038000, -2.209999999999928900 ) ) ;
#642 = CARTESIAN_POINT ( 'NONE',  ( 1.599999999999999600, -3.900000000000088700, -4.949999999999933600 ) ) ;
#643 = LINE ( 'NONE', #2037, #1477 ) ;
#644 = AXIS2_PLACEMENT_3D ( 'NONE', #3331, #3361, #2343 ) ;
#645 = AXIS2_PLACEMENT_3D ( 'NONE', #829, #1149, #2855 ) ;
#646 = VERTEX_POINT ( 'NONE', #146 ) ;
#647 = VERTEX_POINT ( 'NONE', #164 ) ;
#648 = VECTOR ( 'NONE', #2350, 1000.000000000000000 ) ;
#649 = ORIENTED_EDGE ( 'NONE', *, *, #2780, .F. ) ;
#650 = ORIENTED_EDGE ( 'NONE', *, *, #2467, .F. ) ;
#651 = CARTESIAN_POINT ( 'NONE',  ( 6.724999999999999600, -0.05000000000003374000, -1.950000000000000600 ) ) ;
#652 = AXIS2_PLACEMENT_3D ( 'NONE', #2621, #941, #954 ) ;
#653 = ORIENTED_EDGE ( 'NONE', *, *, #1001, .T. ) ;
#655 = DIRECTION ( 'NONE',  ( -7.342650290796655500E-029, 1.000000000000000000, -1.745741680554692300E-014 ) ) ;
#654 = DIRECTION ( 'NONE',  ( 7.342650290796655500E-029, -1.000000000000000000, 1.745741680554692300E-014 ) ) ;
#656 = DIRECTION ( 'NONE',  ( -7.342650290796655500E-029, 1.000000000000000000, -1.745741680554692300E-014 ) ) ;
#657 = ORIENTED_EDGE ( 'NONE', *, *, #1848, .F. ) ;
#658 = CARTESIAN_POINT ( 'NONE',  ( 8.300000000000000700, 1.949999999999990000, -0.6000000000000350600 ) ) ;
#659 = ORIENTED_EDGE ( 'NONE', *, *, #401, .T. ) ;
#660 = ORIENTED_EDGE ( 'NONE', *, *, #3511, .F. ) ;
#661 = EDGE_CURVE ( 'NONE', #2988, #3321, #2846, .T. ) ;
#662 = MECHANICAL_DESIGN_GEOMETRIC_PRESENTATION_REPRESENTATION (  '', ( #3264 ), #892 ) ;
#663 = VERTEX_POINT ( 'NONE', #1120 ) ;
#664 = DIRECTION ( 'NONE',  ( -2.524354896707233300E-029, -1.805559731450444000E-014, -1.000000000000000000 ) ) ;
#666 = CARTESIAN_POINT ( 'NONE',  ( 9.000000000000000000, -2.149999999999999900, 3.349284134328690000E-014 ) ) ;
#665 = PLANE ( 'NONE',  #2371 ) ;
#667 = EDGE_LOOP ( 'NONE', ( #2032, #3110, #1516, #1266 ) ) ;
#668 = DIRECTION ( 'NONE',  ( -1.000000000000000000, -7.300652170296560700E-029, 2.524354896707237800E-029 ) ) ;
#669 =( GEOMETRIC_REPRESENTATION_CONTEXT ( 3 ) GLOBAL_UNCERTAINTY_ASSIGNED_CONTEXT ( ( #2879 ) ) GLOBAL_UNIT_ASSIGNED_CONTEXT ( ( #1208, #1495, #4298 ) ) REPRESENTATION_CONTEXT ( 'NONE', 'WORKASPACE' ) );
#670 = DIRECTION ( 'NONE',  ( -7.342650290796655500E-029, 1.000000000000000000, -1.745741680554692300E-014 ) ) ;
#671 = ORIENTED_EDGE ( 'NONE', *, *, #2142, .F. ) ;
#672 = ORIENTED_EDGE ( 'NONE', *, *, #1678, .T. ) ;
#673 = LINE ( 'NONE', #2143, #3296 ) ;
#674 = DIRECTION ( 'NONE',  ( -1.000000000000000000, -5.823394084321229800E-029, 8.462065736472486200E-016 ) ) ;
#675 = VECTOR ( 'NONE', #3691, 1000.000000000000000 ) ;
#676 = ORIENTED_EDGE ( 'NONE', *, *, #4091, .F. ) ;
#677 = VECTOR ( 'NONE', #1242, 1000.000000000000000 ) ;
#678 = ORIENTED_EDGE ( 'NONE', *, *, #1389, .T. ) ;
#679 = DIRECTION ( 'NONE',  ( -7.342650290796655500E-029, 1.000000000000000000, -1.724586516213511400E-014 ) ) ;
#680 = LINE ( 'NONE', #985, #78 ) ;
#681 = COLOUR_RGB ( '',0.7529411764705882200, 0.7529411764705882200, 0.7529411764705882200 ) ;
#682 = DIRECTION ( 'NONE',  ( -2.524354896707237800E-029, -1.745741680554692300E-014, -1.000000000000000000 ) ) ;
#683 = LINE ( 'NONE', #3388, #2740 ) ;
#684 = STYLED_ITEM ( 'NONE', ( #2020 ), #1088 ) ;
#685 = SURFACE_STYLE_FILL_AREA ( #3740 ) ;
#686 = ORIENTED_EDGE ( 'NONE', *, *, #4068, .F. ) ;
#687 = CARTESIAN_POINT ( 'NONE',  ( 7.825000000000000200, -0.05000000000003374000, -1.950000000000000600 ) ) ;
#688 = ORIENTED_EDGE ( 'NONE', *, *, #176, .F. ) ;
#689 = EDGE_CURVE ( 'NONE', #1241, #3695, #736, .T. ) ;
#690 = PRESENTATION_LAYER_ASSIGNMENT (  '', '', ( #779 ) ) ;
#691 =( LENGTH_UNIT ( ) NAMED_UNIT ( * ) SI_UNIT ( .MILLI., .METRE. ) );
#692 = LINE ( 'NONE', #3896, #3513 ) ;
#693 = DIRECTION ( 'NONE',  ( -7.342650290796655500E-029, 1.000000000000000000, -1.745741680554692300E-014 ) ) ;
#694 = LINE ( 'NONE', #719, #808 ) ;
#695 = CARTESIAN_POINT ( 'NONE',  ( 5.599999999999998800, -4.050000000000071800, -3.949999999999931800 ) ) ;
#696 = EDGE_LOOP ( 'NONE', ( #763, #3862, #97, #3183 ) ) ;
#697 = PRESENTATION_STYLE_ASSIGNMENT (( #1789 ) ) ;
#698 = ORIENTED_EDGE ( 'NONE', *, *, #366, .F. ) ;
#699 = ORIENTED_EDGE ( 'NONE', *, *, #2571, .F. ) ;
#700 = UNCERTAINTY_MEASURE_WITH_UNIT (LENGTH_MEASURE( 1.000000000000000100E-005 ), #543, 'distance_accuracy_value', 'NONE');
#701 = CARTESIAN_POINT ( 'NONE',  ( 7.599999999999998800, -3.900000000000088700, -4.949999999999936200 ) ) ;
#702 = EDGE_LOOP ( 'NONE', ( #3443, #3866, #439, #3579 ) ) ;
#703 = ORIENTED_EDGE ( 'NONE', *, *, #661, .F. ) ;
#704 =( LENGTH_UNIT ( ) NAMED_UNIT ( * ) SI_UNIT ( .MILLI., .METRE. ) );
#705 = COLOUR_RGB ( '',0.7529411764705882200, 0.7529411764705882200, 0.7529411764705882200 ) ;
#706 =( GEOMETRIC_REPRESENTATION_CONTEXT ( 3 ) GLOBAL_UNCERTAINTY_ASSIGNED_CONTEXT ( ( #2204 ) ) GLOBAL_UNIT_ASSIGNED_CONTEXT ( ( #1438, #3508, #2416 ) ) REPRESENTATION_CONTEXT ( 'NONE', 'WORKASPACE' ) );
#707 = ORIENTED_EDGE ( 'NONE', *, *, #2542, .T. ) ;
#708 = PLANE ( 'NONE',  #4386 ) ;
#709 = SURFACE_SIDE_STYLE ('',( #685 ) ) ;
#710 = DIRECTION ( 'NONE',  ( -2.524354896707237800E-029, -1.745741680554692000E-014, -1.000000000000000000 ) ) ;
#711 = ORIENTED_EDGE ( 'NONE', *, *, #1904, .F. ) ;
#712 = ORIENTED_EDGE ( 'NONE', *, *, #4436, .T. ) ;
#713 = EDGE_CURVE ( 'NONE', #3343, #1799, #1375, .T. ) ;
#714 = EDGE_LOOP ( 'NONE', ( #2397, #1938, #3836, #4390 ) ) ;
#715 = CARTESIAN_POINT ( 'NONE',  ( 8.249999999999998200, -0.4000000000000634700, -3.649999999999993700 ) ) ;
#716 = LINE ( 'NONE', #3615, #1351 ) ;
#717 = ORIENTED_EDGE ( 'NONE', *, *, #982, .F. ) ;
#718 = AXIS2_PLACEMENT_3D ( 'NONE', #236, #2209, #871 ) ;
#719 = CARTESIAN_POINT ( 'NONE',  ( -8.904366458272852700E-029, -0.3000000000000767600, -4.399999999999995900 ) ) ;
#720 = VECTOR ( 'NONE', #3583, 1000.000000000000000 ) ;
#721 = LINE ( 'NONE', #1341, #4215 ) ;
#722 = SURFACE_STYLE_FILL_AREA ( #4064 ) ;
#723 = LINE ( 'NONE', #4382, #3954 ) ;
#724 = LINE ( 'NONE', #446, #3352 ) ;
#725 = STYLED_ITEM ( 'NONE', ( #4120 ), #3218 ) ;
#726 = VECTOR ( 'NONE', #4078, 1000.000000000000000 ) ;
#727 = ORIENTED_EDGE ( 'NONE', *, *, #3197, .F. ) ;
#728 = VECTOR ( 'NONE', #670, 1000.000000000000000 ) ;
#729 = PLANE ( 'NONE',  #1070 ) ;
#730 = FACE_OUTER_BOUND ( 'NONE', #2400, .T. ) ;
#731 = CARTESIAN_POINT ( 'NONE',  ( 0.7499999999999997800, -0.4000000000000634700, -3.649999999999993700 ) ) ;
#732 = FACE_OUTER_BOUND ( 'NONE', #76, .T. ) ;
#733 = FILL_AREA_STYLE ('',( #1086 ) ) ;
#734 = VECTOR ( 'NONE', #3249, 1000.000000000000000 ) ;
#735 = VECTOR ( 'NONE', #1053, 1000.000000000000000 ) ;
#736 = LINE ( 'NONE', #2122, #2378 ) ;
#737 = EDGE_CURVE ( 'NONE', #329, #772, #2444, .T. ) ;
#738 = CARTESIAN_POINT ( 'NONE',  ( 0.5000000000000000000, -3.450000000000011300, -0.6499999999999399600 ) ) ;
#739 = LINE ( 'NONE', #3468, #1901 ) ;
#740 = LINE ( 'NONE', #3152, #3573 ) ;
#741 = ORIENTED_EDGE ( 'NONE', *, *, #2691, .F. ) ;
#742 = PRESENTATION_STYLE_ASSIGNMENT (( #4211 ) ) ;
#743 = PLANE ( 'NONE',  #3132 ) ;
#744 = ORIENTED_EDGE ( 'NONE', *, *, #1402, .F. ) ;
#745 = DIRECTION ( 'NONE',  ( 2.524354896707237800E-029, 1.745741680554692300E-014, 1.000000000000000000 ) ) ;
#746 = VECTOR ( 'NONE', #1860, 1000.000000000000000 ) ;
#747 = EDGE_CURVE ( 'NONE', #310, #2440, #1760, .T. ) ;
#748 = STYLED_ITEM ( 'NONE', ( #2525 ), #2453 ) ;
#749 = DIRECTION ( 'NONE',  ( 1.000000000000000000, 7.300652170296560700E-029, -2.524354896707237800E-029 ) ) ;
#750 = SURFACE_SIDE_STYLE ('',( #2055 ) ) ;
#751 = LINE ( 'NONE', #4102, #4311 ) ;
#752 = VERTEX_POINT ( 'NONE', #2877 ) ;
#753 = CARTESIAN_POINT ( 'NONE',  ( 0.2999999999999999300, -1.800000000000022200, -1.299999999999968100 ) ) ;
#754 = ORIENTED_EDGE ( 'NONE', *, *, #2085, .F. ) ;
#755 = UNCERTAINTY_MEASURE_WITH_UNIT (LENGTH_MEASURE( 1.000000000000000100E-005 ), #279, 'distance_accuracy_value', 'NONE');
#756 = SURFACE_STYLE_FILL_AREA ( #3547 ) ;
#757 = ORIENTED_EDGE ( 'NONE', *, *, #3326, .F. ) ;
#758 = ORIENTED_EDGE ( 'NONE', *, *, #3611, .T. ) ;
#759 = EDGE_CURVE ( 'NONE', #129, #2345, #1866, .T. ) ;
#760 = DIRECTION ( 'NONE',  ( -2.524354896707237800E-029, -1.745741680554692000E-014, -1.000000000000000000 ) ) ;
#761 = CARTESIAN_POINT ( 'NONE',  ( 8.249999999999998200, -0.4000000000000695800, -3.999999999999993300 ) ) ;
#762 = ORIENTED_EDGE ( 'NONE', *, *, #2960, .T. ) ;
#763 = ORIENTED_EDGE ( 'NONE', *, *, #2363, .F. ) ;
#764 =( LENGTH_UNIT ( ) NAMED_UNIT ( * ) SI_UNIT ( .MILLI., .METRE. ) );
#765 = EDGE_CURVE ( 'NONE', #2352, #772, #4325, .T. ) ;
#767 = FILL_AREA_STYLE ('',( #2094 ) ) ;
#766 = CARTESIAN_POINT ( 'NONE',  ( 2.399999999999999900, -3.950000000000061900, -3.449999999999929100 ) ) ;
#768 = ORIENTED_EDGE ( 'NONE', *, *, #1961, .T. ) ;
#769 = DIRECTION ( 'NONE',  ( -8.462065736472486200E-016, -1.772846734866829600E-014, -1.000000000000000000 ) ) ;
#770 = CARTESIAN_POINT ( 'NONE',  ( 3.600000000000000100, -3.900000000000079400, -4.399999999999932900 ) ) ;
#771 = UNCERTAINTY_MEASURE_WITH_UNIT (LENGTH_MEASURE( 1.000000000000000100E-005 ), #3926, 'distance_accuracy_value', 'NONE');
#772 = VERTEX_POINT ( 'NONE', #3589 ) ;
#773 = DIRECTION ( 'NONE',  ( -7.342650290796655500E-029, 1.000000000000000000, -1.745741680554692300E-014 ) ) ;
#774 = PLANE ( 'NONE',  #2616 ) ;
#775 = EDGE_LOOP ( 'NONE', ( #4022, #1803, #1018, #512, #3003, #1247 ) ) ;
#776 = SURFACE_STYLE_USAGE ( .BOTH. , #2789 ) ;
#777 = FACE_OUTER_BOUND ( 'NONE', #2412, .T. ) ;
#778 = EDGE_CURVE ( 'NONE', #1019, #2132, #2681, .T. ) ;
#779 = STYLED_ITEM ( 'NONE', ( #1971 ), #1534 ) ;
#780 = ADVANCED_FACE ( 'NONE', ( #3597 ), #4379, .F. ) ;
#781 = EDGE_LOOP ( 'NONE', ( #1808, #790, #3050, #610, #3609, #4365, #703, #3286, #2926, #672, #2921, #2569, #3725, #2629, #939, #94, #3527, #1834, #3276, #3596, #3717, #3929, #741, #1548, #3222, #48, #3641, #593, #392, #2802, #3192, #3884, #1505, #1395, #2315, #3294, #3171, #3660, #657, #88 ) ) ;
#782 = FACE_OUTER_BOUND ( 'NONE', #4200, .T. ) ;
#783 = PLANE ( 'NONE',  #841 ) ;
#784 = EDGE_CURVE ( 'NONE', #2137, #2765, #1899, .T. ) ;
#785 = FACE_OUTER_BOUND ( 'NONE', #3634, .T. ) ;
#786 = SURFACE_STYLE_USAGE ( .BOTH. , #750 ) ;
#787 = ADVANCED_FACE ( 'NONE', ( #3746 ), #957, .T. ) ;
#788 = DIRECTION ( 'NONE',  ( 7.300652170296604500E-029, -1.000000000000000000, 1.745741680554692300E-014 ) ) ;
#789 = LINE ( 'NONE', #3182, #1196 ) ;
#790 = ORIENTED_EDGE ( 'NONE', *, *, #2705, .T. ) ;
#791 = FACE_OUTER_BOUND ( 'NONE', #3347, .T. ) ;
#792 = COLOUR_RGB ( '',0.7529411764705882200, 0.7529411764705882200, 0.7529411764705882200 ) ;
#793 = LINE ( 'NONE', #2023, #358 ) ;
#794 = CARTESIAN_POINT ( 'NONE',  ( 1.965234498565717900E-028, -3.450000000000039700, -2.249999999999939600 ) ) ;
#795 = LINE ( 'NONE', #4016, #4353 ) ;
#796 = VECTOR ( 'NONE', #3937, 1000.000000000000000 ) ;
#797 =( GEOMETRIC_REPRESENTATION_CONTEXT ( 3 ) GLOBAL_UNCERTAINTY_ASSIGNED_CONTEXT ( ( #2862 ) ) GLOBAL_UNIT_ASSIGNED_CONTEXT ( ( #3372, #621, #3325 ) ) REPRESENTATION_CONTEXT ( 'NONE', 'WORKASPACE' ) );
#798 = DIRECTION ( 'NONE',  ( -2.524354896707237800E-029, -1.745741680554692000E-014, -1.000000000000000000 ) ) ;
#799 = DIRECTION ( 'NONE',  ( 5.769590274870001500E-017, 1.745741680554692000E-014, 1.000000000000000000 ) ) ;
#800 = VERTEX_POINT ( 'NONE', #554 ) ;
#801 = CARTESIAN_POINT ( 'NONE',  ( 3.249999999999999600, -1.800000000000031400, -1.799999999999968700 ) ) ;
#802 = VECTOR ( 'NONE', #821, 1000.000000000000000 ) ;
#803 = FILL_AREA_STYLE_COLOUR ( '', #4302 ) ;
#804 =( NAMED_UNIT ( * ) PLANE_ANGLE_UNIT ( ) SI_UNIT ( $, .RADIAN. ) );
#805 = ORIENTED_EDGE ( 'NONE', *, *, #1468, .T. ) ;
#806 = ADVANCED_FACE ( 'NONE', ( #4162 ), #1923, .F. ) ;
#807 = LINE ( 'NONE', #3601, #4463 ) ;
#808 = VECTOR ( 'NONE', #1087, 1000.000000000000000 ) ;
#809 = VERTEX_POINT ( 'NONE', #3982 ) ;
#810 = EDGE_CURVE ( 'NONE', #4425, #1665, #3114, .T. ) ;
#811 = CARTESIAN_POINT ( 'NONE',  ( 8.499999999999994700, 1.299999999999935000, -3.750000000000026600 ) ) ;
#812 = STYLED_ITEM ( 'NONE', ( #1316 ), #787 ) ;
#813 = CARTESIAN_POINT ( 'NONE',  ( 3.600000000000000100, -4.200000000000072100, -3.949999999999928200 ) ) ;
#814 =( NAMED_UNIT ( * ) SI_UNIT ( $, .STERADIAN. ) SOLID_ANGLE_UNIT ( ) );
#815 = ADVANCED_FACE ( 'NONE', ( #3204 ), #3632, .F. ) ;
#816 = ORIENTED_EDGE ( 'NONE', *, *, #2018, .T. ) ;
#817 = EDGE_CURVE ( 'NONE', #849, #3695, #1250, .T. ) ;
#818 = VERTEX_POINT ( 'NONE', #1595 ) ;
#819 =( GEOMETRIC_REPRESENTATION_CONTEXT ( 3 ) GLOBAL_UNCERTAINTY_ASSIGNED_CONTEXT ( ( #367 ) ) GLOBAL_UNIT_ASSIGNED_CONTEXT ( ( #2811, #1483, #478 ) ) REPRESENTATION_CONTEXT ( 'NONE', 'WORKASPACE' ) );
#820 = ORIENTED_EDGE ( 'NONE', *, *, #3703, .T. ) ;
#821 = DIRECTION ( 'NONE',  ( 7.342650290796655500E-029, -1.000000000000000000, 1.745741680554692300E-014 ) ) ;
#822 = DIRECTION ( 'NONE',  ( 1.000000000000000000, 6.612384198421691500E-029, -3.942553354492994500E-016 ) ) ;
#823 = EDGE_CURVE ( 'NONE', #3147, #997, #354, .T. ) ;
#824 = CARTESIAN_POINT ( 'NONE',  ( 8.999999999999996400, -0.3000000000000653800, -3.749999999999999600 ) ) ;
#825 = CARTESIAN_POINT ( 'NONE',  ( 6.724999999999999600, -3.450000000000006000, -0.3499999999999391900 ) ) ;
#826 = ORIENTED_EDGE ( 'NONE', *, *, #810, .F. ) ;
#827 = FILL_AREA_STYLE_COLOUR ( '', #51 ) ;
#828 = DIRECTION ( 'NONE',  ( -7.342650290796655500E-029, 1.000000000000000000, -1.745741680554692300E-014 ) ) ;
#829 = CARTESIAN_POINT ( 'NONE',  ( 8.699999999999999300, -4.200000000000002000, -0.009999999999926234600 ) ) ;
#830 = ORIENTED_EDGE ( 'NONE', *, *, #1027, .T. ) ;
#831 = ADVANCED_FACE ( 'NONE', ( #263 ), #2271, .F. ) ;
#832 =( LENGTH_UNIT ( ) NAMED_UNIT ( * ) SI_UNIT ( .MILLI., .METRE. ) );
#833 =( NAMED_UNIT ( * ) SI_UNIT ( $, .STERADIAN. ) SOLID_ANGLE_UNIT ( ) );
#834 = EDGE_CURVE ( 'NONE', #663, #232, #4072, .T. ) ;
#835 = COLOUR_RGB ( '',0.7529411764705882200, 0.7529411764705882200, 0.7529411764705882200 ) ;
#836 = ORIENTED_EDGE ( 'NONE', *, *, #2072, .F. ) ;
#837 = DIRECTION ( 'NONE',  ( 5.782411586589375400E-015, -1.745741680554692000E-014, -1.000000000000000000 ) ) ;
#838 = SURFACE_STYLE_FILL_AREA ( #2024 ) ;
#839 = SURFACE_SIDE_STYLE ('',( #2095 ) ) ;
#840 = EDGE_CURVE ( 'NONE', #647, #1442, #1078, .T. ) ;
#841 = AXIS2_PLACEMENT_3D ( 'NONE', #3265, #2565, #3301 ) ;
#842 = LINE ( 'NONE', #556, #2784 ) ;
#843 = VERTEX_POINT ( 'NONE', #4407 ) ;
#844 = CARTESIAN_POINT ( 'NONE',  ( -1.901177624068780100E-028, 1.299999999999935000, -3.750000000000023100 ) ) ;
#845 = UNCERTAINTY_MEASURE_WITH_UNIT (LENGTH_MEASURE( 1.000000000000000100E-005 ), #3953, 'distance_accuracy_value', 'NONE');
#846 = DIRECTION ( 'NONE',  ( 2.524354896707235000E-029, 1.785167214099619500E-014, 1.000000000000000000 ) ) ;
#847 = COLOUR_RGB ( '',0.7529411764705882200, 0.7529411764705882200, 0.7529411764705882200 ) ;
#848 = DIRECTION ( 'NONE',  ( 1.000000000000000000, 7.098760231879931900E-029, -1.156482317318124200E-016 ) ) ;
#849 = VERTEX_POINT ( 'NONE', #1982 ) ;
#850 = DIRECTION ( 'NONE',  ( 7.342650290796655500E-029, -1.000000000000000000, 1.745741680554692300E-014 ) ) ;
#851 = LINE ( 'NONE', #300, #406 ) ;
#852 = LINE ( 'NONE', #54, #1199 ) ;
#853 = CARTESIAN_POINT ( 'NONE',  ( 0.3000000000000004900, -2.149999999999999900, -0.009999999999958210700 ) ) ;
#854 = CARTESIAN_POINT ( 'NONE',  ( 2.274999999999999500, 1.949999999999994200, -0.3500000000000326700 ) ) ;
#855 = EDGE_CURVE ( 'NONE', #536, #598, #1058, .T. ) ;
#856 = FACE_OUTER_BOUND ( 'NONE', #3104, .T. ) ;
#857 = LINE ( 'NONE', #2545, #3248 ) ;
#858 = CARTESIAN_POINT ( 'NONE',  ( 8.499999999999998200, -4.200000000000002000, -0.009999999999926064600 ) ) ;
#859 = SURFACE_STYLE_USAGE ( .BOTH. , #2494 ) ;
#860 = DIRECTION ( 'NONE',  ( -7.342650290796655500E-029, 1.000000000000000000, -1.745741680554692300E-014 ) ) ;
#861 = FACE_OUTER_BOUND ( 'NONE', #1878, .T. ) ;
#862 = ADVANCED_FACE ( 'NONE', ( #3038 ), #1640, .F. ) ;
#863 = PRESENTATION_LAYER_ASSIGNMENT (  '', '', ( #2744 ) ) ;
#864 = CARTESIAN_POINT ( 'NONE',  ( -1.901177624068780100E-028, 1.299999999999935000, -3.750000000000023100 ) ) ;
#865 = DIRECTION ( 'NONE',  ( -1.000000000000000000, -7.300652170296560700E-029, 2.524354896707237800E-029 ) ) ;
#866 = CARTESIAN_POINT ( 'NONE',  ( 8.249999999999998200, 1.949999999999964700, -2.050000000000035300 ) ) ;
#867 = DIRECTION ( 'NONE',  ( -1.000000000000000000, -6.612384198421691500E-029, 3.942553354492994500E-016 ) ) ;
#868 = EDGE_CURVE ( 'NONE', #752, #869, #973, .T. ) ;
#869 = VERTEX_POINT ( 'NONE', #3039 ) ;
#870 = CARTESIAN_POINT ( 'NONE',  ( -2.542532961256532300E-028, 1.949999999999923100, -4.400000000000034100 ) ) ;
#871 = DIRECTION ( 'NONE',  ( -1.000000000000000000, -7.300652170296560700E-029, 2.524354896707237800E-029 ) ) ;
#872 = VERTEX_POINT ( 'NONE', #1627 ) ;
#873 = EDGE_CURVE ( 'NONE', #3407, #2763, #2804, .T. ) ;
#874 = ORIENTED_EDGE ( 'NONE', *, *, #2356, .T. ) ;
#875 = DIRECTION ( 'NONE',  ( 7.342650290796655500E-029, -1.000000000000000000, 1.745741680554692300E-014 ) ) ;
#876 = ORIENTED_EDGE ( 'NONE', *, *, #873, .T. ) ;
#877 = ORIENTED_EDGE ( 'NONE', *, *, #3845, .F. ) ;
#878 = ADVANCED_FACE ( 'NONE', ( #3585 ), #2336, .T. ) ;
#879 = SURFACE_STYLE_FILL_AREA ( #1950 ) ;
#880 = CARTESIAN_POINT ( 'NONE',  ( 7.599999999999998800, -4.200000000000089000, -4.949999999999930000 ) ) ;
#881 = ORIENTED_EDGE ( 'NONE', *, *, #2240, .F. ) ;
#882 = AXIS2_PLACEMENT_3D ( 'NONE', #987, #3033, #2001 ) ;
#883 = CARTESIAN_POINT ( 'NONE',  ( 5.399999999999999500, -4.200000000000089000, -4.949999999999929100 ) ) ;
#884 = ORIENTED_EDGE ( 'NONE', *, *, #484, .T. ) ;
#885 = ORIENTED_EDGE ( 'NONE', *, *, #3303, .F. ) ;
#886 = CARTESIAN_POINT ( 'NONE',  ( 4.399999999999999500, -3.950000000000079200, -4.399999999999931100 ) ) ;
#887 = ORIENTED_EDGE ( 'NONE', *, *, #2340, .F. ) ;
#888 = ORIENTED_EDGE ( 'NONE', *, *, #1521, .T. ) ;
#889 = PLANE ( 'NONE',  #1108 ) ;
#890 = VECTOR ( 'NONE', #1033, 1000.000000000000000 ) ;
#891 = EDGE_CURVE ( 'NONE', #1380, #2443, #1547, .T. ) ;
#892 =( GEOMETRIC_REPRESENTATION_CONTEXT ( 3 ) GLOBAL_UNCERTAINTY_ASSIGNED_CONTEXT ( ( #4105 ) ) GLOBAL_UNIT_ASSIGNED_CONTEXT ( ( #1431, #2466, #4184 ) ) REPRESENTATION_CONTEXT ( 'NONE', 'WORKASPACE' ) );
#893 = LINE ( 'NONE', #2258, #3168 ) ;
#894 =( NAMED_UNIT ( * ) SI_UNIT ( $, .STERADIAN. ) SOLID_ANGLE_UNIT ( ) );
#895 = PLANE ( 'NONE',  #3550 ) ;
#896 = VECTOR ( 'NONE', #2985, 1000.000000000000000 ) ;
#897 = ORIENTED_EDGE ( 'NONE', *, *, #2670, .T. ) ;
#898 = LINE ( 'NONE', #500, #4453 ) ;
#899 = CARTESIAN_POINT ( 'NONE',  ( 0.6999999999999992900, -4.125819451966725300, -0.5999999999999280400 ) ) ;
#900 = LINE ( 'NONE', #972, #3498 ) ;
#901 = VECTOR ( 'NONE', #4456, 1000.000000000000000 ) ;
#902 = EDGE_CURVE ( 'NONE', #646, #2396, #3471, .T. ) ;
#903 = AXIS2_PLACEMENT_3D ( 'NONE', #4104, #1690, #7 ) ;
#904 = CARTESIAN_POINT ( 'NONE',  ( 9.000000000000000000, 1.949999999999923100, -4.400000000000034100 ) ) ;
#905 = VECTOR ( 'NONE', #582, 1000.000000000000000 ) ;
#906 = CARTESIAN_POINT ( 'NONE',  ( 8.699999999999999300, -4.200000000000002000, -0.009999999999926234600 ) ) ;
#907 = DIRECTION ( 'NONE',  ( 8.462065736472486200E-016, 1.745741680554692000E-014, 1.000000000000000000 ) ) ;
#908 = VECTOR ( 'NONE', #773, 1000.000000000000000 ) ;
#909 = CARTESIAN_POINT ( 'NONE',  ( 2.600000000000000100, -3.950000000000071700, -3.949999999999931800 ) ) ;
#910 = SURFACE_SIDE_STYLE ('',( #3637 ) ) ;
#911 = CARTESIAN_POINT ( 'NONE',  ( 8.300000000000000700, -1.799999999999999600, 3.142335024998424300E-014 ) ) ;
#912 = CARTESIAN_POINT ( 'NONE',  ( 1.599999999999999600, -3.950000000000071700, -3.949999999999931800 ) ) ;
#913 = LINE ( 'NONE', #866, #4128 ) ;
#914 = EDGE_LOOP ( 'NONE', ( #2031, #2914, #3223, #2707, #67, #3474 ) ) ;
#915 = CARTESIAN_POINT ( 'NONE',  ( 2.399999999999999900, -3.950000000000071700, -3.949999999999931800 ) ) ;
#916 = UNCERTAINTY_MEASURE_WITH_UNIT (LENGTH_MEASURE( 1.000000000000000100E-005 ), #413, 'distance_accuracy_value', 'NONE');
#917 = FACE_OUTER_BOUND ( 'NONE', #1618, .T. ) ;
#918 = COLOUR_RGB ( '',0.7529411764705882200, 0.7529411764705882200, 0.7529411764705882200 ) ;
#919 = DIRECTION ( 'NONE',  ( -1.000000000000000000, -7.300652170296560700E-029, 2.524354896707237800E-029 ) ) ;
#920 = VECTOR ( 'NONE', #2293, 1000.000000000000000 ) ;
#921 = ORIENTED_EDGE ( 'NONE', *, *, #2571, .T. ) ;
#922 = AXIS2_PLACEMENT_3D ( 'NONE', #4381, #2971, #1646 ) ;
#923 = ORIENTED_EDGE ( 'NONE', *, *, #1420, .F. ) ;
#924 = ADVANCED_FACE ( 'NONE', ( #158 ), #3371, .T. ) ;
#925 = VERTEX_POINT ( 'NONE', #4045 ) ;
#926 = ORIENTED_EDGE ( 'NONE', *, *, #147, .F. ) ;
#927 = FILL_AREA_STYLE ('',( #1587 ) ) ;
#928 = CARTESIAN_POINT ( 'NONE',  ( 8.249999999999998200, -2.600000000000036900, -2.099999999999955700 ) ) ;
#929 = SURFACE_STYLE_FILL_AREA ( #1911 ) ;
#930 = EDGE_CURVE ( 'NONE', #2292, #604, #3758, .T. ) ;
#931 = CARTESIAN_POINT ( 'NONE',  ( 6.724999999999998800, -0.05000000000003111700, -1.799999999999999800 ) ) ;
#932 =( GEOMETRIC_REPRESENTATION_CONTEXT ( 3 ) GLOBAL_UNCERTAINTY_ASSIGNED_CONTEXT ( ( #2745 ) ) GLOBAL_UNIT_ASSIGNED_CONTEXT ( ( #596, #4030, #1630 ) ) REPRESENTATION_CONTEXT ( 'NONE', 'WORKASPACE' ) );
#933 = PLANE ( 'NONE',  #110 ) ;
#934 = CARTESIAN_POINT ( 'NONE',  ( 0.5000000000000000000, -2.150000000000011500, -0.6499999999999627200 ) ) ;
#935 = VERTEX_POINT ( 'NONE', #3021 ) ;
#936 = DIRECTION ( 'NONE',  ( 1.000000000000000000, 7.300652170296560700E-029, -2.524354896707237800E-029 ) ) ;
#937 = FILL_AREA_STYLE_COLOUR ( '', #1688 ) ;
#938 = FILL_AREA_STYLE ('',( #1571 ) ) ;
#939 = ORIENTED_EDGE ( 'NONE', *, *, #1710, .F. ) ;
#940 =( NAMED_UNIT ( * ) SI_UNIT ( $, .STERADIAN. ) SOLID_ANGLE_UNIT ( ) );
#941 = DIRECTION ( 'NONE',  ( -1.000000000000000000, -7.342650290796611800E-029, 2.524354896707238300E-029 ) ) ;
#942 = ORIENTED_EDGE ( 'NONE', *, *, #2142, .T. ) ;
#943 = FACE_OUTER_BOUND ( 'NONE', #2228, .T. ) ;
#944 = SURFACE_STYLE_USAGE ( .BOTH. , #2285 ) ;
#945 = ORIENTED_EDGE ( 'NONE', *, *, #1487, .T. ) ;
#946 = CARTESIAN_POINT ( 'NONE',  ( 9.000000000000000000, -4.049999999999999800, 7.156989980045321400E-014 ) ) ;
#947 = EDGE_CURVE ( 'NONE', #4236, #843, #3090, .T. ) ;
#948 = PRESENTATION_LAYER_ASSIGNMENT (  '', '', ( #2896 ) ) ;
#949 = VERTEX_POINT ( 'NONE', #2304 ) ;
#950 = DIRECTION ( 'NONE',  ( 2.524354896707237800E-029, 1.745741680554692000E-014, 1.000000000000000000 ) ) ;
#951 = DIRECTION ( 'NONE',  ( 1.000000000000000000, 7.300652170296560700E-029, -2.524354896707237800E-029 ) ) ;
#952 = CARTESIAN_POINT ( 'NONE',  ( 6.599999999999998800, -4.050000000000071800, -3.949999999999931800 ) ) ;
#953 = LINE ( 'NONE', #2937, #2746 ) ;
#954 = DIRECTION ( 'NONE',  ( 7.342650290796655500E-029, -1.000000000000000000, 1.745741680554692300E-014 ) ) ;
#955 = AXIS2_PLACEMENT_3D ( 'NONE', #187, #3960, #3977 ) ;
#956 = AXIS2_PLACEMENT_3D ( 'NONE', #1898, #2909, #197 ) ;
#957 = PLANE ( 'NONE',  #2934 ) ;
#958 = LINE ( 'NONE', #4233, #1897 ) ;
#959 = EDGE_CURVE ( 'NONE', #2820, #22, #46, .T. ) ;
#960 = CARTESIAN_POINT ( 'NONE',  ( 5.599999999999998800, -4.200000000000072100, -3.949999999999929100 ) ) ;
#961 = VECTOR ( 'NONE', #4435, 1000.000000000000000 ) ;
#962 = VECTOR ( 'NONE', #213, 1000.000000000000000 ) ;
#963 = DIRECTION ( 'NONE',  ( 2.524354896707237800E-029, 1.745741680554692000E-014, 1.000000000000000000 ) ) ;
#964 = FILL_AREA_STYLE_COLOUR ( '', #4010 ) ;
#965 = ORIENTED_EDGE ( 'NONE', *, *, #3970, .F. ) ;
#966 =( GEOMETRIC_REPRESENTATION_CONTEXT ( 3 ) GLOBAL_UNCERTAINTY_ASSIGNED_CONTEXT ( ( #3826 ) ) GLOBAL_UNIT_ASSIGNED_CONTEXT ( ( #271, #2969, #4043 ) ) REPRESENTATION_CONTEXT ( 'NONE', 'WORKASPACE' ) );
#968 = FILL_AREA_STYLE_COLOUR ( '', #191 ) ;
#967 = DIRECTION ( 'NONE',  ( -2.524354896707237800E-029, -1.745741680554692300E-014, -1.000000000000000000 ) ) ;
#969 = PRESENTATION_STYLE_ASSIGNMENT (( #1462 ) ) ;
#970 = ORIENTED_EDGE ( 'NONE', *, *, #3754, .F. ) ;
#971 = DIRECTION ( 'NONE',  ( -7.324748651664560300E-029, 1.000000000000000000, -1.724586516213511400E-014 ) ) ;
#972 = CARTESIAN_POINT ( 'NONE',  ( 0.5000000000000000000, -4.050000000000038900, -2.249999999999928900 ) ) ;
#973 = LINE ( 'NONE', #3401, #3923 ) ;
#974 = ORIENTED_EDGE ( 'NONE', *, *, #1678, .F. ) ;
#975 = FILL_AREA_STYLE ('',( #1970 ) ) ;
#976 = ORIENTED_EDGE ( 'NONE', *, *, #2602, .F. ) ;
#977 = EDGE_CURVE ( 'NONE', #3130, #1335, #1272, .T. ) ;
#978 = PLANE ( 'NONE',  #4153 ) ;
#979 = ORIENTED_EDGE ( 'NONE', *, *, #2403, .T. ) ;
#980 = ORIENTED_EDGE ( 'NONE', *, *, #1568, .T. ) ;
#981 = VECTOR ( 'NONE', #1612, 1000.000000000000000 ) ;
#982 = EDGE_CURVE ( 'NONE', #1359, #3476, #332, .T. ) ;
#983 = DIRECTION ( 'NONE',  ( -7.342650290796655500E-029, 1.000000000000000000, -1.745741680554692300E-014 ) ) ;
#984 = AXIS2_PLACEMENT_3D ( 'NONE', #904, #3650, #4291 ) ;
#985 = CARTESIAN_POINT ( 'NONE',  ( 9.000000000000000000, 1.949999999999923100, -4.400000000000034100 ) ) ;
#986 = EDGE_LOOP ( 'NONE', ( #1658, #1699, #3141, #2622 ) ) ;
#987 = CARTESIAN_POINT ( 'NONE',  ( 8.499999999999998200, -4.050000000000011400, -0.6499999999999328500 ) ) ;
#988 = EDGE_CURVE ( 'NONE', #470, #1034, #4419, .T. ) ;
#989 = ORIENTED_EDGE ( 'NONE', *, *, #1568, .F. ) ;
#990 = ORIENTED_EDGE ( 'NONE', *, *, #1440, .F. ) ;
#991 = SURFACE_STYLE_FILL_AREA ( #2460 ) ;
#993 =( NAMED_UNIT ( * ) SI_UNIT ( $, .STERADIAN. ) SOLID_ANGLE_UNIT ( ) );
#992 = CARTESIAN_POINT ( 'NONE',  ( 7.599999999999998800, -3.950000000000061900, -3.449999999999931300 ) ) ;
#994 = EDGE_CURVE ( 'NONE', #349, #2981, #2553, .T. ) ;
#995 = ORIENTED_EDGE ( 'NONE', *, *, #4417, .T. ) ;
#996 = CARTESIAN_POINT ( 'NONE',  ( 8.499999999999996400, -4.050000000000038000, -2.209999999999928500 ) ) ;
#997 = VERTEX_POINT ( 'NONE', #1013 ) ;
#998 = FACE_OUTER_BOUND ( 'NONE', #2463, .T. ) ;
#999 = FACE_OUTER_BOUND ( 'NONE', #3814, .T. ) ;
#1000 = LINE ( 'NONE', #3888, #1364 ) ;
#1001 = EDGE_CURVE ( 'NONE', #493, #42, #376, .T. ) ;
#1002 = MECHANICAL_DESIGN_GEOMETRIC_PRESENTATION_REPRESENTATION (  '', ( #396 ), #1223 ) ;
#1004 = FILL_AREA_STYLE_COLOUR ( '', #2259 ) ;
#1003 = CARTESIAN_POINT ( 'NONE',  ( 8.699999999999999300, -1.800000000000022200, -1.299999999999969200 ) ) ;
#1005 = COLOUR_RGB ( '',0.7529411764705882200, 0.7529411764705882200, 0.7529411764705882200 ) ;
#1006 = FILL_AREA_STYLE_COLOUR ( '', #4180 ) ;
#1007 = CARTESIAN_POINT ( 'NONE',  ( 8.499999999999996400, -4.050000000000038900, -2.249999999999932500 ) ) ;
#1008 = VERTEX_POINT ( 'NONE', #687 ) ;
#1009 = VECTOR ( 'NONE', #2250, 1000.000000000000000 ) ;
#1010 = VECTOR ( 'NONE', #2441, 1000.000000000000000 ) ;
#1011 = VERTEX_POINT ( 'NONE', #37 ) ;
#1012 = EDGE_LOOP ( 'NONE', ( #762, #1853, #1106, #2442 ) ) ;
#1013 = CARTESIAN_POINT ( 'NONE',  ( 1.578669812521281200E-028, -2.149999999999999900, 3.840080786991429200E-014 ) ) ;
#1014 = MECHANICAL_DESIGN_GEOMETRIC_PRESENTATION_REPRESENTATION (  '', ( #2127 ), #4402 ) ;
#1015 = VERTEX_POINT ( 'NONE', #1365 ) ;
#1017 = CARTESIAN_POINT ( 'NONE',  ( 8.249999999999998200, -1.800000000000035300, -2.049999999999970100 ) ) ;
#1016 = CARTESIAN_POINT ( 'NONE',  ( 8.249999999999998200, -1.800000000000035300, -2.049999999999970100 ) ) ;
#1018 = ORIENTED_EDGE ( 'NONE', *, *, #28, .F. ) ;
#1019 = VERTEX_POINT ( 'NONE', #4113 ) ;
#1020 = LINE ( 'NONE', #1443, #3766 ) ;
#1021 = EDGE_CURVE ( 'NONE', #935, #1359, #751, .T. ) ;
#1022 = MECHANICAL_DESIGN_GEOMETRIC_PRESENTATION_REPRESENTATION (  '', ( #812 ), #3640 ) ;
#1023 = ORIENTED_EDGE ( 'NONE', *, *, #1756, .T. ) ;
#1024 = DIRECTION ( 'NONE',  ( -1.000000000000000000, -7.300652170296560700E-029, 2.524354896707237800E-029 ) ) ;
#1025 = DIRECTION ( 'NONE',  ( -7.342650290796653300E-029, 1.000000000000000000, -1.679021546863276600E-014 ) ) ;
#1026 = CARTESIAN_POINT ( 'NONE',  ( 2.600000000000000100, -4.200000000000072100, -3.949999999999927300 ) ) ;
#1027 = EDGE_CURVE ( 'NONE', #3386, #452, #4187, .T. ) ;
#1028 = APPLICATION_CONTEXT ( 'automotive_design' ) ;
#1029 = ORIENTED_EDGE ( 'NONE', *, *, #297, .F. ) ;
#1030 = ORIENTED_EDGE ( 'NONE', *, *, #2356, .F. ) ;
#1031 =( GEOMETRIC_REPRESENTATION_CONTEXT ( 3 ) GLOBAL_UNCERTAINTY_ASSIGNED_CONTEXT ( ( #845 ) ) GLOBAL_UNIT_ASSIGNED_CONTEXT ( ( #3953, #528, #4369 ) ) REPRESENTATION_CONTEXT ( 'NONE', 'WORKASPACE' ) );
#1032 = LINE ( 'NONE', #1617, #1935 ) ;
#1033 = DIRECTION ( 'NONE',  ( 1.000000000000000000, 6.459435760227276900E-029, -4.818676322158041900E-016 ) ) ;
#1034 = VERTEX_POINT ( 'NONE', #1735 ) ;
#1035 = FACE_OUTER_BOUND ( 'NONE', #1159, .T. ) ;
#1036 =( GEOMETRIC_REPRESENTATION_CONTEXT ( 3 ) GLOBAL_UNCERTAINTY_ASSIGNED_CONTEXT ( ( #2399 ) ) GLOBAL_UNIT_ASSIGNED_CONTEXT ( ( #2329, #3424, #3726 ) ) REPRESENTATION_CONTEXT ( 'NONE', 'WORKASPACE' ) );
#1037 = PLANE ( 'NONE',  #3097 ) ;
#1038 = EDGE_LOOP ( 'NONE', ( #4038, #3574, #2109, #1436, #2555, #1753 ) ) ;
#1039 = LINE ( 'NONE', #666, #2648 ) ;
#1040 = EDGE_CURVE ( 'NONE', #3521, #1993, #3699, .T. ) ;
#1041 = COLOUR_RGB ( '',0.7529411764705882200, 0.7529411764705882200, 0.7529411764705882200 ) ;
#1042 = VECTOR ( 'NONE', #3225, 1000.000000000000000 ) ;
#1043 = SURFACE_STYLE_FILL_AREA ( #3886 ) ;
#1044 = SURFACE_SIDE_STYLE ('',( #162 ) ) ;
#1045 =( NAMED_UNIT ( * ) PLANE_ANGLE_UNIT ( ) SI_UNIT ( $, .RADIAN. ) );
#1046 = EDGE_CURVE ( 'NONE', #2998, #1560, #3266, .T. ) ;
#1047 = PRESENTATION_LAYER_ASSIGNMENT (  '', '', ( #748 ) ) ;
#1048 = CARTESIAN_POINT ( 'NONE',  ( 8.499999999999996400, -4.049999999999999800, 7.156989980045322600E-014 ) ) ;
#1050 = CARTESIAN_POINT ( 'NONE',  ( 0.7499999999999997800, -0.4000000000000695800, -3.999999999999993300 ) ) ;
#1049 = VECTOR ( 'NONE', #3643, 1000.000000000000000 ) ;
#1051 = SURFACE_SIDE_STYLE ('',( #2706 ) ) ;
#1052 = LINE ( 'NONE', #3283, #962 ) ;
#1053 = DIRECTION ( 'NONE',  ( -2.524354896707237800E-029, -1.745741680554692000E-014, -1.000000000000000000 ) ) ;
#1054 = CARTESIAN_POINT ( 'NONE',  ( 0.6999999999999992900, -4.125819451966725300, -0.5999999999999280400 ) ) ;
#1055 = ORIENTED_EDGE ( 'NONE', *, *, #3395, .F. ) ;
#1056 = VECTOR ( 'NONE', #1745, 1000.000000000000000 ) ;
#1057 = EDGE_CURVE ( 'NONE', #2064, #1185, #2757, .T. ) ;
#1058 = LINE ( 'NONE', #4056, #1749 ) ;
#1059 = ORIENTED_EDGE ( 'NONE', *, *, #1909, .F. ) ;
#1060 = ORIENTED_EDGE ( 'NONE', *, *, #583, .F. ) ;
#1061 = DIRECTION ( 'NONE',  ( -7.342650290796655500E-029, 1.000000000000000000, -1.745741680554692300E-014 ) ) ;
#1062 = VERTEX_POINT ( 'NONE', #13 ) ;
#1063 = SURFACE_STYLE_USAGE ( .BOTH. , #1051 ) ;
#1064 = DIRECTION ( 'NONE',  ( 7.342650290796655500E-029, -1.000000000000000000, 1.733180801727116300E-014 ) ) ;
#1065 = EDGE_LOOP ( 'NONE', ( #1336, #1611, #2099, #3647, #2187, #2916 ) ) ;
#1066 = ORIENTED_EDGE ( 'NONE', *, *, #4171, .F. ) ;
#1067 = ORIENTED_EDGE ( 'NONE', *, *, #1221, .F. ) ;
#1068 = DIRECTION ( 'NONE',  ( -1.000000000000000000, -7.300652170296560700E-029, 2.524354896707237800E-029 ) ) ;
#1069 = EDGE_CURVE ( 'NONE', #2857, #1769, #1103, .T. ) ;
#1070 = AXIS2_PLACEMENT_3D ( 'NONE', #1788, #49, #3514 ) ;
#1071 = ORIENTED_EDGE ( 'NONE', *, *, #2606, .F. ) ;
#1072 = CARTESIAN_POINT ( 'NONE',  ( 0.5000000000000000000, 1.299999999999935000, -3.750000000000023100 ) ) ;
#1073 = ORIENTED_EDGE ( 'NONE', *, *, #52, .T. ) ;
#1074 = ORIENTED_EDGE ( 'NONE', *, *, #2685, .F. ) ;
#1075 = DIRECTION ( 'NONE',  ( 2.524354896707237800E-029, 1.745741680554692000E-014, 1.000000000000000000 ) ) ;
#1076 = AXIS2_PLACEMENT_3D ( 'NONE', #3536, #1463, #850 ) ;
#1077 = ORIENTED_EDGE ( 'NONE', *, *, #1091, .F. ) ;
#1078 = LINE ( 'NONE', #305, #2138 ) ;
#1079 =( LENGTH_UNIT ( ) NAMED_UNIT ( * ) SI_UNIT ( .MILLI., .METRE. ) );
#1080 = AXIS2_PLACEMENT_3D ( 'NONE', #1600, #2931, #2561 ) ;
#1081 = COLOUR_RGB ( '',0.7529411764705882200, 0.7529411764705882200, 0.7529411764705882200 ) ;
#1082 = VERTEX_POINT ( 'NONE', #3095 ) ;
#1083 = DIRECTION ( 'NONE',  ( -7.342650290796655500E-029, 1.000000000000000000, -1.745741680554692300E-014 ) ) ;
#1084 = VECTOR ( 'NONE', #679, 1000.000000000000000 ) ;
#1085 = DIRECTION ( 'NONE',  ( 1.000000000000000000, 7.342650290796611800E-029, -2.524354896707238300E-029 ) ) ;
#1086 = FILL_AREA_STYLE_COLOUR ( '', #2215 ) ;
#1087 = DIRECTION ( 'NONE',  ( 2.524354896707237800E-029, 1.745741680554692000E-014, 1.000000000000000000 ) ) ;
#1088 = ADVANCED_FACE ( 'NONE', ( #2925 ), #4152, .F. ) ;
#1089 = LINE ( 'NONE', #4008, #1839 ) ;
#1090 = PLANE ( 'NONE',  #3582 ) ;
#1091 = EDGE_CURVE ( 'NONE', #1353, #2352, #3577, .T. ) ;
#1092 = SURFACE_STYLE_USAGE ( .BOTH. , #1784 ) ;
#1093 = AXIS2_PLACEMENT_3D ( 'NONE', #4427, #309, #664 ) ;
#1094 = VECTOR ( 'NONE', #668, 1000.000000000000000 ) ;
#1095 = ORIENTED_EDGE ( 'NONE', *, *, #1027, .F. ) ;
#1096 = VECTOR ( 'NONE', #1546, 1000.000000000000000 ) ;
#1097 = DIRECTION ( 'NONE',  ( -5.782411586589609100E-016, -1.745741680554692000E-014, -1.000000000000000000 ) ) ;
#1098 = PLANE ( 'NONE',  #2242 ) ;
#1099 = SURFACE_STYLE_FILL_AREA ( #2510 ) ;
#1100 = MECHANICAL_DESIGN_GEOMETRIC_PRESENTATION_REPRESENTATION (  '', ( #748 ), #1609 ) ;
#1101 = ORIENTED_EDGE ( 'NONE', *, *, #3326, .T. ) ;
#1102 = DIRECTION ( 'NONE',  ( -1.000000000000000000, -7.300652170296560700E-029, 2.524354896707237800E-029 ) ) ;
#1103 = LINE ( 'NONE', #3449, #1912 ) ;
#1104 = DIRECTION ( 'NONE',  ( -1.000000000000000000, -7.300652170296560700E-029, 2.524354896707237800E-029 ) ) ;
#1105 = EDGE_LOOP ( 'NONE', ( #874, #3657, #353, #2270 ) ) ;
#1106 = ORIENTED_EDGE ( 'NONE', *, *, #3442, .F. ) ;
#1107 = ORIENTED_EDGE ( 'NONE', *, *, #45, .F. ) ;
#1108 = AXIS2_PLACEMENT_3D ( 'NONE', #2892, #3607, #1555 ) ;
#1109 = EDGE_LOOP ( 'NONE', ( #3867, #3319, #1676, #3901 ) ) ;
#1110 = SURFACE_STYLE_USAGE ( .BOTH. , #3875 ) ;
#1111 = DIRECTION ( 'NONE',  ( -7.342650290796655500E-029, 1.000000000000000000, -1.745741680554692300E-014 ) ) ;
#1112 = ORIENTED_EDGE ( 'NONE', *, *, #3482, .T. ) ;
#1113 = CARTESIAN_POINT ( 'NONE',  ( 2.274999999999999500, -3.450000000000006000, -0.3499999999999391900 ) ) ;
#1114 = PLANE ( 'NONE',  #75 ) ;
#1115 = ORIENTED_EDGE ( 'NONE', *, *, #2606, .T. ) ;
#1116 = PLANE ( 'NONE',  #1076 ) ;
#1117 = ADVANCED_FACE ( 'NONE', ( #1425, #479 ), #3765, .T. ) ;
#1118 = SURFACE_SIDE_STYLE ('',( #1043 ) ) ;
#1119 = PRESENTATION_LAYER_ASSIGNMENT (  '', '', ( #684 ) ) ;
#1120 = CARTESIAN_POINT ( 'NONE',  ( 0.3000000000000005400, -3.450000000000011300, -0.6499999999999399600 ) ) ;
#1121 = CARTESIAN_POINT ( 'NONE',  ( 2.600000000000000100, -4.050000000000079800, -4.399999999999929300 ) ) ;
#1122 = PLANE ( 'NONE',  #1747 ) ;
#1123 = ORIENTED_EDGE ( 'NONE', *, *, #994, .T. ) ;
#1124 = CARTESIAN_POINT ( 'NONE',  ( 3.249999999999999100, -1.800000000000023600, -1.349999999999967400 ) ) ;
#1125 = CARTESIAN_POINT ( 'NONE',  ( 4.599999999999998800, -4.200000000000072100, -3.949999999999928200 ) ) ;
#1126 = EDGE_LOOP ( 'NONE', ( #2236, #3856, #1228, #2383 ) ) ;
#1127 = EDGE_CURVE ( 'NONE', #349, #2176, #3920, .T. ) ;
#1128 = AXIS2_PLACEMENT_3D ( 'NONE', #1845, #3545, #155 ) ;
#1129 = FILL_AREA_STYLE ('',( #63 ) ) ;
#1130 = ORIENTED_EDGE ( 'NONE', *, *, #607, .T. ) ;
#1131 = LINE ( 'NONE', #262, #3783 ) ;
#1132 = CARTESIAN_POINT ( 'NONE',  ( 1.599999999999999600, -3.900000000000079400, -4.399999999999933700 ) ) ;
#1133 = DIRECTION ( 'NONE',  ( -1.000000000000000000, -7.300652170296560700E-029, 2.524354896707237800E-029 ) ) ;
#1134 = LINE ( 'NONE', #2111, #2524 ) ;
#1135 = ADVANCED_FACE ( 'NONE', ( #3258 ), #50, .F. ) ;
#1136 = PRESENTATION_STYLE_ASSIGNMENT (( #1433 ) ) ;
#1137 = VECTOR ( 'NONE', #2338, 1000.000000000000000 ) ;
#1138 = CARTESIAN_POINT ( 'NONE',  ( 1.414586744235310400E-028, -2.150000000000011500, -0.6499999999999627200 ) ) ;
#1139 = CARTESIAN_POINT ( 'NONE',  ( 4.599999999999998800, -4.050000000000062000, -3.449999999999928200 ) ) ;
#1140 = VECTOR ( 'NONE', #2041, 1000.000000000000000 ) ;
#1141 = ORIENTED_EDGE ( 'NONE', *, *, #3230, .F. ) ;
#1142 = DIRECTION ( 'NONE',  ( 7.342650290796655500E-029, -1.000000000000000000, 1.745741680554692300E-014 ) ) ;
#1143 = SURFACE_STYLE_FILL_AREA ( #4337 ) ;
#1144 = ADVANCED_FACE ( 'NONE', ( #2060 ), #1098, .F. ) ;
#1145 = CARTESIAN_POINT ( 'NONE',  ( 0.7500000000000006700, -1.800000000000022200, -1.299999999999968300 ) ) ;
#1146 = UNCERTAINTY_MEASURE_WITH_UNIT (LENGTH_MEASURE( 1.000000000000000100E-005 ), #4020, 'distance_accuracy_value', 'NONE');
#1147 = CARTESIAN_POINT ( 'NONE',  ( 1.174999999999998000, -4.159046182766922500, -2.099999999999927700 ) ) ;
#1148 = VECTOR ( 'NONE', #3260, 1000.000000000000000 ) ;
#1149 = DIRECTION ( 'NONE',  ( -7.300652170296604500E-029, 1.000000000000000000, -1.745741680554692300E-014 ) ) ;
#1150 = VECTOR ( 'NONE', #3868, 1000.000000000000000 ) ;
#1151 = DIRECTION ( 'NONE',  ( -1.000000000000000000, -7.300652170296560700E-029, 2.524354896707237800E-029 ) ) ;
#1152 = ORIENTED_EDGE ( 'NONE', *, *, #3107, .T. ) ;
#1153 = EDGE_CURVE ( 'NONE', #4328, #1985, #1656, .T. ) ;
#1154 = STYLED_ITEM ( 'NONE', ( #1828 ), #1794 ) ;
#1155 = CARTESIAN_POINT ( 'NONE',  ( 9.000000000000000000, -4.050000000000079800, -4.399999999999929300 ) ) ;
#1156 = PLANE ( 'NONE',  #594 ) ;
#1157 = VECTOR ( 'NONE', #3879, 1000.000000000000000 ) ;
#1158 = SURFACE_STYLE_USAGE ( .BOTH. , #2161 ) ;
#1159 = EDGE_LOOP ( 'NONE', ( #4047, #3851, #2594, #2679 ) ) ;
#1160 = VECTOR ( 'NONE', #4330, 1000.000000000000000 ) ;
#1161 = UNCERTAINTY_MEASURE_WITH_UNIT (LENGTH_MEASURE( 1.000000000000000100E-005 ), #3656, 'distance_accuracy_value', 'NONE');
#1162 = DIRECTION ( 'NONE',  ( -1.000000000000000000, -7.300652170296560700E-029, 2.524354896707237800E-029 ) ) ;
#1163 = CARTESIAN_POINT ( 'NONE',  ( 0.6999999999999984000, -2.600000000000036100, -2.049999999999955000 ) ) ;
#1164 = SURFACE_STYLE_FILL_AREA ( #2754 ) ;
#1165 = EDGE_LOOP ( 'NONE', ( #1869, #2865, #4270, #1095, #3815, #3066 ) ) ;
#1166 = AXIS2_PLACEMENT_3D ( 'NONE', #2929, #3968, #4326 ) ;
#1167 = ADVANCED_FACE ( 'NONE', ( #4086 ), #109, .F. ) ;
#1168 = COLOUR_RGB ( '',0.7529411764705882200, 0.7529411764705882200, 0.7529411764705882200 ) ;
#1169 = ORIENTED_EDGE ( 'NONE', *, *, #3351, .F. ) ;
#1170 = EDGE_CURVE ( 'NONE', #1414, #1601, #4031, .T. ) ;
#1171 = DIRECTION ( 'NONE',  ( -5.782411586591883000E-017, -1.745741680554692000E-014, -1.000000000000000000 ) ) ;
#1172 = AXIS2_PLACEMENT_3D ( 'NONE', #3017, #1952, #272 ) ;
#1173 = EDGE_LOOP ( 'NONE', ( #3431, #1437, #537, #1968, #888, #659 ) ) ;
#1174 = DIRECTION ( 'NONE',  ( -7.342650290796655500E-029, 1.000000000000000000, -1.745741680554692300E-014 ) ) ;
#1175 = CARTESIAN_POINT ( 'NONE',  ( 4.599999999999998800, -3.900000000000088700, -4.949999999999934500 ) ) ;
#1176 = ORIENTED_EDGE ( 'NONE', *, *, #1890, .F. ) ;
#1177 = DIRECTION ( 'NONE',  ( -2.524354896707237800E-029, -1.745741680554692300E-014, -1.000000000000000000 ) ) ;
#1178 = CARTESIAN_POINT ( 'NONE',  ( 0.2999999999999999300, -1.800000000000022200, -1.299999999999968100 ) ) ;
#1179 = VERTEX_POINT ( 'NONE', #463 ) ;
#1180 = DIRECTION ( 'NONE',  ( 2.524354896707238900E-029, 1.733180801727116300E-014, 1.000000000000000000 ) ) ;
#1181 = CARTESIAN_POINT ( 'NONE',  ( 8.499999999999996400, -4.050000000000038900, -2.249999999999932500 ) ) ;
#1182 =( NAMED_UNIT ( * ) SI_UNIT ( $, .STERADIAN. ) SOLID_ANGLE_UNIT ( ) );
#1183 = EDGE_CURVE ( 'NONE', #42, #3561, #1604, .T. ) ;
#1184 = ORIENTED_EDGE ( 'NONE', *, *, #1487, .F. ) ;
#1185 = VERTEX_POINT ( 'NONE', #3163 ) ;
#1186 = PLANE ( 'NONE',  #1818 ) ;
#1187 = VECTOR ( 'NONE', #4197, 1000.000000000000000 ) ;
#1188 = ADVANCED_FACE ( 'NONE', ( #1268 ), #1114, .T. ) ;
#1189 = EDGE_CURVE ( 'NONE', #1342, #1727, #2918, .T. ) ;
#1190 = STYLED_ITEM ( 'NONE', ( #84 ), #2134 ) ;
#1191 = VECTOR ( 'NONE', #472, 1000.000000000000000 ) ;
#1192 = DIRECTION ( 'NONE',  ( 2.524354896707237800E-029, 1.745741680554692000E-014, 1.000000000000000000 ) ) ;
#1193 = PLANE ( 'NONE',  #1687 ) ;
#1194 = LINE ( 'NONE', #66, #3309 ) ;
#1195 = CARTESIAN_POINT ( 'NONE',  ( 5.749999999999999100, -1.800000000000023600, -1.349999999999968600 ) ) ;
#1196 = VECTOR ( 'NONE', #2330, 1000.000000000000000 ) ;
#1197 = ORIENTED_EDGE ( 'NONE', *, *, #611, .F. ) ;
#1198 = VECTOR ( 'NONE', #1508, 1000.000000000000000 ) ;
#1199 = VECTOR ( 'NONE', #2755, 1000.000000000000000 ) ;
#1200 = DIRECTION ( 'NONE',  ( 2.524354896707237800E-029, 1.745741680554692300E-014, 1.000000000000000000 ) ) ;
#1201 = CARTESIAN_POINT ( 'NONE',  ( 1.863057213221462400E-028, -4.050000000000079800, -4.399999999999929300 ) ) ;
#1202 = DIRECTION ( 'NONE',  ( 2.524354896707237800E-029, 1.745741680554692000E-014, 1.000000000000000000 ) ) ;
#1203 = EDGE_CURVE ( 'NONE', #1662, #2042, #2799, .T. ) ;
#1204 = VECTOR ( 'NONE', #1592, 1000.000000000000000 ) ;
#1205 = VECTOR ( 'NONE', #3210, 1000.000000000000000 ) ;
#1206 = PLANE ( 'NONE',  #4246 ) ;
#1207 = MECHANICAL_DESIGN_GEOMETRIC_PRESENTATION_REPRESENTATION (  '', ( #3808 ), #3046 ) ;
#1208 =( LENGTH_UNIT ( ) NAMED_UNIT ( * ) SI_UNIT ( .MILLI., .METRE. ) );
#1209 = CARTESIAN_POINT ( 'NONE',  ( 0.5000000000000000000, -4.049999999999999800, 7.070253806246501200E-014 ) ) ;
#1210 = LINE ( 'NONE', #3027, #4408 ) ;
#1211 = CARTESIAN_POINT ( 'NONE',  ( 6.399999999999999500, -3.950000000000071700, -3.949999999999933600 ) ) ;
#1212 = VERTEX_POINT ( 'NONE', #1195 ) ;
#1213 = CARTESIAN_POINT ( 'NONE',  ( 0.5000000000000004400, -2.150000000000038100, -2.209999999999958200 ) ) ;
#1214 = ORIENTED_EDGE ( 'NONE', *, *, #2542, .F. ) ;
#1215 = LINE ( 'NONE', #3221, #2610 ) ;
#1216 = ADVANCED_FACE ( 'NONE', ( #917 ), #1849, .F. ) ;
#1217 = LINE ( 'NONE', #2845, #4416 ) ;
#1218 = ORIENTED_EDGE ( 'NONE', *, *, #1504, .T. ) ;
#1219 = PLANE ( 'NONE',  #3007 ) ;
#1220 = VECTOR ( 'NONE', #963, 1000.000000000000000 ) ;
#1221 = EDGE_CURVE ( 'NONE', #2692, #1231, #692, .T. ) ;
#1222 = EDGE_LOOP ( 'NONE', ( #4100, #4412, #826, #4009, #2157, #1670 ) ) ;
#1223 =( GEOMETRIC_REPRESENTATION_CONTEXT ( 3 ) GLOBAL_UNCERTAINTY_ASSIGNED_CONTEXT ( ( #4387 ) ) GLOBAL_UNIT_ASSIGNED_CONTEXT ( ( #3220, #3278, #3863 ) ) REPRESENTATION_CONTEXT ( 'NONE', 'WORKASPACE' ) );
#1224 =( LENGTH_UNIT ( ) NAMED_UNIT ( * ) SI_UNIT ( .MILLI., .METRE. ) );
#1225 = UNCERTAINTY_MEASURE_WITH_UNIT (LENGTH_MEASURE( 1.000000000000000100E-005 ), #1224, 'distance_accuracy_value', 'NONE');
#1226 = FILL_AREA_STYLE_COLOUR ( '', #3546 ) ;
#1227 = VERTEX_POINT ( 'NONE', #507 ) ;
#1228 = ORIENTED_EDGE ( 'NONE', *, *, #2654, .T. ) ;
#1229 = CARTESIAN_POINT ( 'NONE',  ( 0.5000000000000000000, -2.149999999999999900, 3.730077092469962600E-014 ) ) ;
#1230 = VECTOR ( 'NONE', #3600, 1000.000000000000000 ) ;
#1231 = VERTEX_POINT ( 'NONE', #4282 ) ;
#1232 = PLANE ( 'NONE',  #185 ) ;
#1233 = EDGE_LOOP ( 'NONE', ( #4241, #1401, #1184, #2231, #2875, #211 ) ) ;
#1234 =( LENGTH_UNIT ( ) NAMED_UNIT ( * ) SI_UNIT ( .MILLI., .METRE. ) );
#1235 = CARTESIAN_POINT ( 'NONE',  ( 0.5000000000000004400, -4.050000000000038000, -2.209999999999925400 ) ) ;
#1236 = EDGE_LOOP ( 'NONE', ( #1429, #497, #970, #3103, #2446, #2436 ) ) ;
#1237 =( NAMED_UNIT ( * ) PLANE_ANGLE_UNIT ( ) SI_UNIT ( $, .RADIAN. ) );
#1238 = DIRECTION ( 'NONE',  ( -2.524354896707237800E-029, -1.745741680554692000E-014, -1.000000000000000000 ) ) ;
#1239 = ORIENTED_EDGE ( 'NONE', *, *, #4316, .T. ) ;
#1240 = FILL_AREA_STYLE ('',( #3679 ) ) ;
#1241 = VERTEX_POINT ( 'NONE', #2889 ) ;
#1242 = DIRECTION ( 'NONE',  ( -7.286191275072356600E-029, 1.000000000000000000, -1.679021546863276600E-014 ) ) ;
#1243 = EDGE_CURVE ( 'NONE', #4437, #3051, #807, .T. ) ;
#1244 =( NAMED_UNIT ( * ) SI_UNIT ( $, .STERADIAN. ) SOLID_ANGLE_UNIT ( ) );
#1245 = PLANE ( 'NONE',  #3843 ) ;
#1246 = FACE_OUTER_BOUND ( 'NONE', #229, .T. ) ;
#1247 = ORIENTED_EDGE ( 'NONE', *, *, #2756, .F. ) ;
#1248 = VECTOR ( 'NONE', #1795, 1000.000000000000000 ) ;
#1249 = CARTESIAN_POINT ( 'NONE',  ( 6.599999999999998800, -4.200000000000089000, -4.949999999999929100 ) ) ;
#1250 = LINE ( 'NONE', #572, #3010 ) ;
#1251 = LINE ( 'NONE', #1603, #355 ) ;
#1252 = AXIS2_PLACEMENT_3D ( 'NONE', #4225, #1493, #4262 ) ;
#1253 = LINE ( 'NONE', #4085, #1362 ) ;
#1254 = ORIENTED_EDGE ( 'NONE', *, *, #3942, .F. ) ;
#1255 = DIRECTION ( 'NONE',  ( -2.524354896707237800E-029, -1.745741680554692300E-014, -1.000000000000000000 ) ) ;
#1256 = VECTOR ( 'NONE', #132, 1000.000000000000000 ) ;
#1257 = CARTESIAN_POINT ( 'NONE',  ( 0.3000000000000004900, -2.150000000000038100, -2.209999999999958200 ) ) ;
#1258 = EDGE_CURVE ( 'NONE', #3941, #3731, #1215, .T. ) ;
#1259 = LINE ( 'NONE', #3661, #3362 ) ;
#1260 = MECHANICAL_DESIGN_GEOMETRIC_PRESENTATION_REPRESENTATION (  '', ( #1771 ), #2944 ) ;
#1261 = DIRECTION ( 'NONE',  ( -1.000000000000000000, -5.940797299374454100E-029, 7.885106708985738500E-016 ) ) ;
#1262 = LINE ( 'NONE', #1837, #3912 ) ;
#1263 =( LENGTH_UNIT ( ) NAMED_UNIT ( * ) SI_UNIT ( .MILLI., .METRE. ) );
#1264 = CARTESIAN_POINT ( 'NONE',  ( 0.3000000000000004900, -3.450000000000038400, -2.209999999999936000 ) ) ;
#1265 = SURFACE_STYLE_FILL_AREA ( #3742 ) ;
#1266 = ORIENTED_EDGE ( 'NONE', *, *, #988, .T. ) ;
#1267 = CARTESIAN_POINT ( 'NONE',  ( 5.599999999999998800, -3.950000000000061900, -3.449999999999930500 ) ) ;
#1268 = FACE_OUTER_BOUND ( 'NONE', #3289, .T. ) ;
#1269 = VERTEX_POINT ( 'NONE', #3255 ) ;
#1270 = DIRECTION ( 'NONE',  ( -2.524354896707237800E-029, -1.745741680554692300E-014, -1.000000000000000000 ) ) ;
#1271 = EDGE_CURVE ( 'NONE', #22, #1062, #3426, .T. ) ;
#1272 = LINE ( 'NONE', #3004, #427 ) ;
#1273 = DIRECTION ( 'NONE',  ( -7.342650290796655500E-029, 1.000000000000000000, -1.763963565806549600E-014 ) ) ;
#1274 = VERTEX_POINT ( 'NONE', #3584 ) ;
#1275 =( NAMED_UNIT ( * ) PLANE_ANGLE_UNIT ( ) SI_UNIT ( $, .RADIAN. ) );
#1276 = EDGE_CURVE ( 'NONE', #72, #4188, #4238, .T. ) ;
#1277 =( GEOMETRIC_REPRESENTATION_CONTEXT ( 3 ) GLOBAL_UNCERTAINTY_ASSIGNED_CONTEXT ( ( #1543 ) ) GLOBAL_UNIT_ASSIGNED_CONTEXT ( ( #3219, #2214, #3943 ) ) REPRESENTATION_CONTEXT ( 'NONE', 'WORKASPACE' ) );
#1278 = SURFACE_SIDE_STYLE ('',( #3405 ) ) ;
#1279 = ADVANCED_FACE ( 'NONE', ( #3035 ), #3947, .F. ) ;
#1280 = EDGE_LOOP ( 'NONE', ( #4151, #555, #4189, #3484, #465, #405, #2946, #1373 ) ) ;
#1281 = ORIENTED_EDGE ( 'NONE', *, *, #2306, .T. ) ;
#1282 = EDGE_CURVE ( 'NONE', #3160, #4013, #3635, .T. ) ;
#1283 = UNCERTAINTY_MEASURE_WITH_UNIT (LENGTH_MEASURE( 1.000000000000000100E-005 ), #1500, 'distance_accuracy_value', 'NONE');
#1284 = ORIENTED_EDGE ( 'NONE', *, *, #4336, .T. ) ;
#1285 = DIRECTION ( 'NONE',  ( -1.000000000000000000, -7.300652170296560700E-029, 2.524354896707237800E-029 ) ) ;
#1286 = PLANE ( 'NONE',  #1455 ) ;
#1287 = PLANE ( 'NONE',  #1875 ) ;
#1288 = ORIENTED_EDGE ( 'NONE', *, *, #3949, .T. ) ;
#1289 = PRESENTATION_LAYER_ASSIGNMENT (  '', '', ( #2127 ) ) ;
#1290 = CARTESIAN_POINT ( 'NONE',  ( 7.599999999999998800, -4.050000000000079800, -4.399999999999929300 ) ) ;
#1291 = CARTESIAN_POINT ( 'NONE',  ( 0.7499999999999997800, -1.800000000000035300, -2.049999999999970100 ) ) ;
#1292 = CARTESIAN_POINT ( 'NONE',  ( 5.599999999999998800, -3.900000000000088700, -4.949999999999935300 ) ) ;
#1293 = ORIENTED_EDGE ( 'NONE', *, *, #3668, .F. ) ;
#1294 = ORIENTED_EDGE ( 'NONE', *, *, #2306, .F. ) ;
#1295 = VECTOR ( 'NONE', #316, 1000.000000000000000 ) ;
#1296 = DIRECTION ( 'NONE',  ( -5.769590274870001500E-017, -1.772846734866829600E-014, -1.000000000000000000 ) ) ;
#1297 = FACE_OUTER_BOUND ( 'NONE', #2759, .T. ) ;
#1298 = LINE ( 'NONE', #3159, #3833 ) ;
#1299 =( LENGTH_UNIT ( ) NAMED_UNIT ( * ) SI_UNIT ( .MILLI., .METRE. ) );
#1300 = FACE_OUTER_BOUND ( 'NONE', #986, .T. ) ;
#1301 = DIRECTION ( 'NONE',  ( 2.524354896707237800E-029, 1.745741680554692000E-014, 1.000000000000000000 ) ) ;
#1302 = CARTESIAN_POINT ( 'NONE',  ( 2.600000000000000100, -3.950000000000071700, -3.949999999999931800 ) ) ;
#1303 = EDGE_CURVE ( 'NONE', #2081, #3436, #1703, .T. ) ;
#1304 = AXIS2_PLACEMENT_3D ( 'NONE', #4169, #3846, #799 ) ;
#1305 = LINE ( 'NONE', #3129, #404 ) ;
#1306 = ORIENTED_EDGE ( 'NONE', *, *, #529, .T. ) ;
#1307 = DIRECTION ( 'NONE',  ( 1.000000000000000000, 5.823394084321229800E-029, -8.462065736472487200E-016 ) ) ;
#1308 = LINE ( 'NONE', #2358, #1693 ) ;
#1309 = LINE ( 'NONE', #1381, #3500 ) ;
#1310 = PLANE ( 'NONE',  #1498 ) ;
#1311 = EDGE_CURVE ( 'NONE', #800, #2766, #3188, .T. ) ;
#1312 = DIRECTION ( 'NONE',  ( -7.342650290796655500E-029, 1.000000000000000000, -1.745741680554692300E-014 ) ) ;
#1313 = VECTOR ( 'NONE', #1452, 1000.000000000000000 ) ;
#1314 = VECTOR ( 'NONE', #1840, 1000.000000000000000 ) ;
#1315 = STYLED_ITEM ( 'NONE', ( #3967 ), #2829 ) ;
#1316 = PRESENTATION_STYLE_ASSIGNMENT (( #944 ) ) ;
#1317 = VECTOR ( 'NONE', #1354, 1000.000000000000000 ) ;
#1318 = VECTOR ( 'NONE', #1740, 1000.000000000000000 ) ;
#1319 = CARTESIAN_POINT ( 'NONE',  ( 0.6999999999999984000, -4.125819451966751000, -2.049999999999928800 ) ) ;
#1320 = PLANE ( 'NONE',  #562 ) ;
#1321 = ORIENTED_EDGE ( 'NONE', *, *, #2839, .F. ) ;
#1322 =( GEOMETRIC_REPRESENTATION_CONTEXT ( 3 ) GLOBAL_UNCERTAINTY_ASSIGNED_CONTEXT ( ( #2069 ) ) GLOBAL_UNIT_ASSIGNED_CONTEXT ( ( #2847, #1814, #2495 ) ) REPRESENTATION_CONTEXT ( 'NONE', 'WORKASPACE' ) );
#1323 = ORIENTED_EDGE ( 'NONE', *, *, #3466, .F. ) ;
#1325 = DIRECTION ( 'NONE',  ( 2.524354896707237800E-029, 1.745741680554692300E-014, 1.000000000000000000 ) ) ;
#1324 = DIRECTION ( 'NONE',  ( -7.342650290796655500E-029, 1.000000000000000000, -1.745741680554692300E-014 ) ) ;
#1326 = CARTESIAN_POINT ( 'NONE',  ( 1.399999999999999500, -3.950000000000061900, -3.449999999999928700 ) ) ;
#1327 = LINE ( 'NONE', #599, #4139 ) ;
#1328 = SURFACE_SIDE_STYLE ('',( #1265 ) ) ;
#1329 = ORIENTED_EDGE ( 'NONE', *, *, #3197, .T. ) ;
#1330 = CARTESIAN_POINT ( 'NONE',  ( 1.863057213221462400E-028, -4.050000000000079800, -4.399999999999929300 ) ) ;
#1331 = VECTOR ( 'NONE', #1301, 1000.000000000000000 ) ;
#1332 = ORIENTED_EDGE ( 'NONE', *, *, #784, .T. ) ;
#1333 = ORIENTED_EDGE ( 'NONE', *, *, #2212, .T. ) ;
#1334 = CARTESIAN_POINT ( 'NONE',  ( 6.599999999999998800, -3.900000000000088700, -4.949999999999935300 ) ) ;
#1335 = VERTEX_POINT ( 'NONE', #124 ) ;
#1336 = ORIENTED_EDGE ( 'NONE', *, *, #2994, .F. ) ;
#1337 = EDGE_CURVE ( 'NONE', #3087, #2038, #212, .T. ) ;
#1338 = EDGE_LOOP ( 'NONE', ( #2508, #568, #1405, #2750 ) ) ;
#1339 = ORIENTED_EDGE ( 'NONE', *, *, #1874, .F. ) ;
#1341 = CARTESIAN_POINT ( 'NONE',  ( 8.999999999999996400, 1.299999999999935000, -3.750000000000027100 ) ) ;
#1340 = CARTESIAN_POINT ( 'NONE',  ( 8.499999999999996400, 1.299999999999957600, -2.450000000000026800 ) ) ;
#1342 = VERTEX_POINT ( 'NONE', #4265 ) ;
#1343 = STYLED_ITEM ( 'NONE', ( #2320 ), #1881 ) ;
#1344 = CARTESIAN_POINT ( 'NONE',  ( 0.5000000000000000000, -0.3000000000000653800, -3.749999999999995600 ) ) ;
#1345 = ORIENTED_EDGE ( 'NONE', *, *, #1539, .T. ) ;
#1346 = CARTESIAN_POINT ( 'NONE',  ( 0.7499999999999997800, -2.600000000000063600, -3.649999999999954600 ) ) ;
#1347 =( GEOMETRIC_REPRESENTATION_CONTEXT ( 3 ) GLOBAL_UNCERTAINTY_ASSIGNED_CONTEXT ( ( #700 ) ) GLOBAL_UNIT_ASSIGNED_CONTEXT ( ( #543, #1569, #1244 ) ) REPRESENTATION_CONTEXT ( 'NONE', 'WORKASPACE' ) );
#1348 = ORIENTED_EDGE ( 'NONE', *, *, #2025, .F. ) ;
#1349 = DIRECTION ( 'NONE',  ( 1.000000000000000000, 5.823394084321229800E-029, -8.462065736472487200E-016 ) ) ;
#1350 = CARTESIAN_POINT ( 'NONE',  ( 2.399999999999999900, -3.900000000000088700, -4.949999999999933600 ) ) ;
#1351 = VECTOR ( 'NONE', #2264, 1000.000000000000000 ) ;
#1352 = CARTESIAN_POINT ( 'NONE',  ( 7.825000000000000200, -0.05000000000003635600, -2.100000000000000100 ) ) ;
#1353 = VERTEX_POINT ( 'NONE', #477 ) ;
#1354 = DIRECTION ( 'NONE',  ( -1.000000000000000000, -7.300652170296560700E-029, 2.524354896707237800E-029 ) ) ;
#1355 = LINE ( 'NONE', #294, #3009 ) ;
#1356 = FACE_OUTER_BOUND ( 'NONE', #31, .T. ) ;
#1357 = AXIS2_PLACEMENT_3D ( 'NONE', #2591, #1581, #3310 ) ;
#1358 = LINE ( 'NONE', #911, #2736 ) ;
#1359 = VERTEX_POINT ( 'NONE', #139 ) ;
#1360 = UNCERTAINTY_MEASURE_WITH_UNIT (LENGTH_MEASURE( 1.000000000000000100E-005 ), #2462, 'distance_accuracy_value', 'NONE');
#1361 = VECTOR ( 'NONE', #4081, 1000.000000000000000 ) ;
#1362 = VECTOR ( 'NONE', #3411, 1000.000000000000000 ) ;
#1363 = ORIENTED_EDGE ( 'NONE', *, *, #3018, .T. ) ;
#1364 = VECTOR ( 'NONE', #4240, 1000.000000000000000 ) ;
#1365 = CARTESIAN_POINT ( 'NONE',  ( 8.300000000000000700, -2.600000000000010300, -0.5999999999999555700 ) ) ;
#1366 = EDGE_CURVE ( 'NONE', #4368, #3764, #3753, .T. ) ;
#1367 = AXIS2_PLACEMENT_3D ( 'NONE', #2195, #2165, #2922 ) ;
#1368 = DIRECTION ( 'NONE',  ( 7.332021192561974400E-029, -1.000000000000000000, 1.733180801727116300E-014 ) ) ;
#1369 = VERTEX_POINT ( 'NONE', #3932 ) ;
#1370 = SURFACE_STYLE_USAGE ( .BOTH. , #1398 ) ;
#1371 = PRESENTATION_STYLE_ASSIGNMENT (( #1370 ) ) ;
#1372 = PRESENTATION_STYLE_ASSIGNMENT (( #1063 ) ) ;
#1373 = ORIENTED_EDGE ( 'NONE', *, *, #3818, .F. ) ;
#1374 = CARTESIAN_POINT ( 'NONE',  ( 1.414586744235310400E-028, -2.150000000000011500, -0.6499999999999627200 ) ) ;
#1375 = LINE ( 'NONE', #511, #1148 ) ;
#1376 = ORIENTED_EDGE ( 'NONE', *, *, #1783, .T. ) ;
#1377 = CARTESIAN_POINT ( 'NONE',  ( 9.000000000000000000, 1.950000000000000400, -3.317460103282833000E-014 ) ) ;
#1378 = VECTOR ( 'NONE', #2961, 1000.000000000000000 ) ;
#1379 = MECHANICAL_DESIGN_GEOMETRIC_PRESENTATION_REPRESENTATION (  '', ( #3598 ), #797 ) ;
#1380 = VERTEX_POINT ( 'NONE', #1163 ) ;
#1382 = CARTESIAN_POINT ( 'NONE',  ( 1.174999999999998000, 1.949999999999966200, -1.950000000000034600 ) ) ;
#1381 = CARTESIAN_POINT ( 'NONE',  ( 6.599999999999998800, -3.950000000000071700, -3.949999999999933600 ) ) ;
#1383 = SURFACE_STYLE_FILL_AREA ( #2182 ) ;
#1384 = ORIENTED_EDGE ( 'NONE', *, *, #167, .F. ) ;
#1385 = DIRECTION ( 'NONE',  ( -7.342650290796655500E-029, 1.000000000000000000, -1.745741680554692300E-014 ) ) ;
#1386 = ORIENTED_EDGE ( 'NONE', *, *, #868, .F. ) ;
#1387 = ORIENTED_EDGE ( 'NONE', *, *, #1756, .F. ) ;
#1388 = VECTOR ( 'NONE', #3997, 1000.000000000000000 ) ;
#1389 = EDGE_CURVE ( 'NONE', #1015, #869, #2377, .T. ) ;
#1390 = ORIENTED_EDGE ( 'NONE', *, *, #823, .F. ) ;
#1391 = MECHANICAL_DESIGN_GEOMETRIC_PRESENTATION_REPRESENTATION (  '', ( #1154 ), #932 ) ;
#1392 = VERTEX_POINT ( 'NONE', #2887 ) ;
#1393 = DIRECTION ( 'NONE',  ( -1.000000000000000000, -7.300652170296560700E-029, 2.524354896707237800E-029 ) ) ;
#1394 = CARTESIAN_POINT ( 'NONE',  ( 7.399999999999999500, -4.050000000000079800, -4.399999999999929300 ) ) ;
#1395 = ORIENTED_EDGE ( 'NONE', *, *, #395, .T. ) ;
#1396 = PLANE ( 'NONE',  #3398 ) ;
#1397 = STYLED_ITEM ( 'NONE', ( #1415 ), #440 ) ;
#1398 = SURFACE_SIDE_STYLE ('',( #3684 ) ) ;
#1399 = MECHANICAL_DESIGN_GEOMETRIC_PRESENTATION_REPRESENTATION (  '', ( #3425 ), #4119 ) ;
#1400 = DIRECTION ( 'NONE',  ( -1.000000000000000000, -7.300652170296560700E-029, 2.524354896707237800E-029 ) ) ;
#1401 = ORIENTED_EDGE ( 'NONE', *, *, #1890, .T. ) ;
#1402 = EDGE_CURVE ( 'NONE', #2345, #3147, #1908, .T. ) ;
#1403 = PRESENTATION_STYLE_ASSIGNMENT (( #1998 ) ) ;
#1404 = ORIENTED_EDGE ( 'NONE', *, *, #1170, .F. ) ;
#1405 = ORIENTED_EDGE ( 'NONE', *, *, #2663, .F. ) ;
#1406 = LINE ( 'NONE', #4449, #394 ) ;
#1407 = MECHANICAL_DESIGN_GEOMETRIC_PRESENTATION_REPRESENTATION (  '', ( #2158 ), #966 ) ;
#1408 =( NAMED_UNIT ( * ) SI_UNIT ( $, .STERADIAN. ) SOLID_ANGLE_UNIT ( ) );
#1409 = VECTOR ( 'NONE', #1273, 1000.000000000000000 ) ;
#1410 = LINE ( 'NONE', #1855, #514 ) ;
#1411 = CARTESIAN_POINT ( 'NONE',  ( 3.600000000000000100, -4.200000000000072100, -3.949999999999928200 ) ) ;
#1412 = PLANE ( 'NONE',  #2694 ) ;
#1413 = LINE ( 'NONE', #1346, #1140 ) ;
#1414 = VERTEX_POINT ( 'NONE', #1893 ) ;
#1415 = PRESENTATION_STYLE_ASSIGNMENT (( #3976 ) ) ;
#1416 = VECTOR ( 'NONE', #1192, 1000.000000000000000 ) ;
#1417 = EDGE_CURVE ( 'NONE', #2765, #4252, #438, .T. ) ;
#1418 = FACE_OUTER_BOUND ( 'NONE', #1550, .T. ) ;
#1419 = SURFACE_SIDE_STYLE ('',( #2614 ) ) ;
#1420 = EDGE_CURVE ( 'NONE', #2491, #506, #4042, .T. ) ;
#1421 = MECHANICAL_DESIGN_GEOMETRIC_PRESENTATION_REPRESENTATION (  '', ( #3199 ), #1277 ) ;
#1422 = UNCERTAINTY_MEASURE_WITH_UNIT (LENGTH_MEASURE( 1.000000000000000100E-005 ), #2073, 'distance_accuracy_value', 'NONE');
#1423 = FACE_OUTER_BOUND ( 'NONE', #3148, .T. ) ;
#1424 = CARTESIAN_POINT ( 'NONE',  ( 1.399999999999999500, -3.900000000000088700, -4.949999999999933600 ) ) ;
#1425 = FACE_BOUND ( 'NONE', #3773, .T. ) ;
#1426 = VECTOR ( 'NONE', #2949, 1000.000000000000000 ) ;
#1427 = EDGE_CURVE ( 'NONE', #282, #3975, #228, .T. ) ;
#1428 = CARTESIAN_POINT ( 'NONE',  ( 8.499999999999998200, -2.150000000000011500, -0.6499999999999660500 ) ) ;
#1429 = ORIENTED_EDGE ( 'NONE', *, *, #2691, .T. ) ;
#1430 = SURFACE_STYLE_USAGE ( .BOTH. , #397 ) ;
#1431 =( LENGTH_UNIT ( ) NAMED_UNIT ( * ) SI_UNIT ( .MILLI., .METRE. ) );
#1432 = EDGE_CURVE ( 'NONE', #1705, #1212, #1613, .T. ) ;
#1433 = SURFACE_STYLE_USAGE ( .BOTH. , #1791 ) ;
#1434 = ORIENTED_EDGE ( 'NONE', *, *, #1874, .T. ) ;
#1435 =( NAMED_UNIT ( * ) PLANE_ANGLE_UNIT ( ) SI_UNIT ( $, .RADIAN. ) );
#1436 = ORIENTED_EDGE ( 'NONE', *, *, #891, .T. ) ;
#1437 = ORIENTED_EDGE ( 'NONE', *, *, #3639, .F. ) ;
#1438 =( LENGTH_UNIT ( ) NAMED_UNIT ( * ) SI_UNIT ( .MILLI., .METRE. ) );
#1439 = CARTESIAN_POINT ( 'NONE',  ( 8.249999999999998200, -2.600000000000063600, -3.649999999999955100 ) ) ;
#1440 = EDGE_CURVE ( 'NONE', #1269, #2064, #4254, .T. ) ;
#1441 = PRESENTATION_LAYER_ASSIGNMENT (  '', '', ( #2019 ) ) ;
#1442 = VERTEX_POINT ( 'NONE', #2590 ) ;
#1443 = CARTESIAN_POINT ( 'NONE',  ( 7.599999999999998800, -4.200000000000089000, -4.949999999999930000 ) ) ;
#1444 = SURFACE_SIDE_STYLE ('',( #1959 ) ) ;
#1445 = ORIENTED_EDGE ( 'NONE', *, *, #4316, .F. ) ;
#1446 = ORIENTED_EDGE ( 'NONE', *, *, #1997, .F. ) ;
#1447 = DIRECTION ( 'NONE',  ( -5.981805089575447600E-016, -1.745741680554692000E-014, -1.000000000000000000 ) ) ;
#1448 = FACE_OUTER_BOUND ( 'NONE', #1768, .T. ) ;
#1449 = ORIENTED_EDGE ( 'NONE', *, *, #3646, .T. ) ;
#1450 = VECTOR ( 'NONE', #1975, 1000.000000000000000 ) ;
#1451 =( NAMED_UNIT ( * ) PLANE_ANGLE_UNIT ( ) SI_UNIT ( $, .RADIAN. ) );
#1452 = DIRECTION ( 'NONE',  ( -2.524354896707236100E-029, -1.767981725118497300E-014, -1.000000000000000000 ) ) ;
#1453 = CARTESIAN_POINT ( 'NONE',  ( 9.000000000000000000, -2.150000000000011500, -0.6499999999999664900 ) ) ;
#1454 = ADVANCED_FACE ( 'NONE', ( #1920 ), #2574, .T. ) ;
#1455 = AXIS2_PLACEMENT_3D ( 'NONE', #1302, #3722, #2638 ) ;
#1456 = VECTOR ( 'NONE', #3620, 1000.000000000000000 ) ;
#1457 = EDGE_LOOP ( 'NONE', ( #1877, #3052, #2235, #1445, #1446, #4149, #2576, #2362, #3177, #225, #160, #2309 ) ) ;
#1458 = LINE ( 'NONE', #3871, #3172 ) ;
#1459 = SURFACE_STYLE_FILL_AREA ( #4293 ) ;
#1460 = CARTESIAN_POINT ( 'NONE',  ( 2.600000000000000100, -3.900000000000088700, -4.949999999999933600 ) ) ;
#1461 = FACE_OUTER_BOUND ( 'NONE', #2779, .T. ) ;
#1462 = SURFACE_STYLE_USAGE ( .BOTH. , #1419 ) ;
#1463 = DIRECTION ( 'NONE',  ( -2.524354896707237500E-029, -1.745741680554692300E-014, -1.000000000000000000 ) ) ;
#1464 = VECTOR ( 'NONE', #86, 1000.000000000000000 ) ;
#1465 =( NAMED_UNIT ( * ) PLANE_ANGLE_UNIT ( ) SI_UNIT ( $, .RADIAN. ) );
#1466 = CARTESIAN_POINT ( 'NONE',  ( 6.724999999999999600, -4.050000000000007800, -0.3499999999999284800 ) ) ;
#1467 = FACE_OUTER_BOUND ( 'NONE', #3518, .T. ) ;
#1468 = EDGE_CURVE ( 'NONE', #1185, #3979, #281, .T. ) ;
#1469 = FILL_AREA_STYLE_COLOUR ( '', #4340 ) ;
#1470 = AXIS2_PLACEMENT_3D ( 'NONE', #239, #2624, #3662 ) ;
#1471 = FILL_AREA_STYLE ('',( #3178 ) ) ;
#1472 = CARTESIAN_POINT ( 'NONE',  ( 0.3000000000000004900, -4.200000000000002000, -0.009999999999922680100 ) ) ;
#1473 = PRESENTATION_STYLE_ASSIGNMENT (( #4271 ) ) ;
#1474 = ADVANCED_FACE ( 'NONE', ( #3206 ), #1193, .F. ) ;
#1475 = VECTOR ( 'NONE', #2150, 1000.000000000000000 ) ;
#1476 = CARTESIAN_POINT ( 'NONE',  ( 2.600000000000000100, -4.050000000000071800, -3.949999999999930000 ) ) ;
#1477 = VECTOR ( 'NONE', #4156, 1000.000000000000000 ) ;
#1478 = CARTESIAN_POINT ( 'NONE',  ( 7.599999999999998800, -3.950000000000079200, -4.399999999999931100 ) ) ;
#1479 = VECTOR ( 'NONE', #919, 1000.000000000000000 ) ;
#1480 =( GEOMETRIC_REPRESENTATION_CONTEXT ( 3 ) GLOBAL_UNCERTAINTY_ASSIGNED_CONTEXT ( ( #1494 ) ) GLOBAL_UNIT_ASSIGNED_CONTEXT ( ( #1652, #612, #4052 ) ) REPRESENTATION_CONTEXT ( 'NONE', 'WORKASPACE' ) );
#1481 = AXIS2_PLACEMENT_3D ( 'NONE', #3553, #1502, #494 ) ;
#1482 = ORIENTED_EDGE ( 'NONE', *, *, #3351, .T. ) ;
#1483 =( NAMED_UNIT ( * ) PLANE_ANGLE_UNIT ( ) SI_UNIT ( $, .RADIAN. ) );
#1484 = ADVANCED_FACE ( 'NONE', ( #3812 ), #36, .F. ) ;
#1485 = CARTESIAN_POINT ( 'NONE',  ( 1.863057213221462400E-028, -4.050000000000079800, -4.399999999999929300 ) ) ;
#1486 = EDGE_LOOP ( 'NONE', ( #2948, #368, #2933, #3759, #1074, #4101, #3480, #632, #4324, #1060, #2635, #3257 ) ) ;
#1487 = EDGE_CURVE ( 'NONE', #3147, #2119, #3991, .T. ) ;
#1488 = LINE ( 'NONE', #588, #2490 ) ;
#1489 = ORIENTED_EDGE ( 'NONE', *, *, #2839, .T. ) ;
#1490 = CARTESIAN_POINT ( 'NONE',  ( 8.699999999999999300, -1.800000000000035300, -2.049999999999970100 ) ) ;
#1491 = ORIENTED_EDGE ( 'NONE', *, *, #3754, .T. ) ;
#1492 = DIRECTION ( 'NONE',  ( -1.000000000000000000, -5.823394084321229800E-029, 8.462065736472486200E-016 ) ) ;
#1493 = DIRECTION ( 'NONE',  ( -7.300652170296604500E-029, 1.000000000000000000, -1.745741680554692300E-014 ) ) ;
#1494 = UNCERTAINTY_MEASURE_WITH_UNIT (LENGTH_MEASURE( 1.000000000000000100E-005 ), #1652, 'distance_accuracy_value', 'NONE');
#1495 =( NAMED_UNIT ( * ) PLANE_ANGLE_UNIT ( ) SI_UNIT ( $, .RADIAN. ) );
#1496 = CARTESIAN_POINT ( 'NONE',  ( 7.825000000000000200, -2.600000000000036900, -2.099999999999955700 ) ) ;
#1497 = DIRECTION ( 'NONE',  ( -7.342650290796655500E-029, 1.000000000000000000, -1.745741680554692300E-014 ) ) ;
#1498 = AXIS2_PLACEMENT_3D ( 'NONE', #1651, #2713, #2357 ) ;
#1499 = ORIENTED_EDGE ( 'NONE', *, *, #1057, .F. ) ;
#1500 =( LENGTH_UNIT ( ) NAMED_UNIT ( * ) SI_UNIT ( .MILLI., .METRE. ) );
#1501 = ORIENTED_EDGE ( 'NONE', *, *, #1366, .F. ) ;
#1502 = DIRECTION ( 'NONE',  ( 1.000000000000000000, 7.342650290796611800E-029, -2.524354896707238300E-029 ) ) ;
#1503 = CARTESIAN_POINT ( 'NONE',  ( 1.174999999999998000, -1.160180165558760700, -1.949999999999980400 ) ) ;
#1504 = EDGE_CURVE ( 'NONE', #1662, #2988, #3049, .T. ) ;
#1505 = ORIENTED_EDGE ( 'NONE', *, *, #3733, .T. ) ;
#1506 = FILL_AREA_STYLE ('',( #1827 ) ) ;
#1507 = CARTESIAN_POINT ( 'NONE',  ( 6.724999999999999600, -4.050000000000032700, -1.799999999999929900 ) ) ;
#1508 = DIRECTION ( 'NONE',  ( -7.342650290796653300E-029, 1.000000000000000000, -1.679021546863276600E-014 ) ) ;
#1509 =( NAMED_UNIT ( * ) PLANE_ANGLE_UNIT ( ) SI_UNIT ( $, .RADIAN. ) );
#1510 = ORIENTED_EDGE ( 'NONE', *, *, #959, .T. ) ;
#1511 = ADVANCED_FACE ( 'NONE', ( #2294 ), #743, .F. ) ;
#1512 = EDGE_CURVE ( 'NONE', #2376, #2017, #3869, .T. ) ;
#1513 = CARTESIAN_POINT ( 'NONE',  ( 9.000000000000000000, 1.949999999999923100, -4.400000000000034100 ) ) ;
#1514 = EDGE_CURVE ( 'NONE', #3731, #1593, #3438, .T. ) ;
#1515 = CARTESIAN_POINT ( 'NONE',  ( 8.249999999999998200, -2.600000000000036900, -2.099999999999955700 ) ) ;
#1516 = ORIENTED_EDGE ( 'NONE', *, *, #82, .F. ) ;
#1517 = VECTOR ( 'NONE', #2803, 1000.000000000000000 ) ;
#1518 = VECTOR ( 'NONE', #2172, 1000.000000000000000 ) ;
#1519 = CARTESIAN_POINT ( 'NONE',  ( 0.6999999999999992900, -2.600000000000010300, -0.5999999999999546800 ) ) ;
#1520 = VECTOR ( 'NONE', #4428, 1000.000000000000000 ) ;
#1521 = EDGE_CURVE ( 'NONE', #3445, #872, #1020, .T. ) ;
#1522 = CARTESIAN_POINT ( 'NONE',  ( 1.399999999999999500, -4.200000000000072100, -3.949999999999927300 ) ) ;
#1523 = CARTESIAN_POINT ( 'NONE',  ( 0.5000000000000000000, -2.149999999999999900, 3.730077092469962600E-014 ) ) ;
#1524 =( NAMED_UNIT ( * ) SI_UNIT ( $, .STERADIAN. ) SOLID_ANGLE_UNIT ( ) );
#1525 = VECTOR ( 'NONE', #3059, 1000.000000000000000 ) ;
#1526 = ORIENTED_EDGE ( 'NONE', *, *, #1432, .T. ) ;
#1527 = PRESENTATION_STYLE_ASSIGNMENT (( #548 ) ) ;
#1528 = LINE ( 'NONE', #3451, #3962 ) ;
#1529 = PRESENTATION_LAYER_ASSIGNMENT (  '', '', ( #4019 ) ) ;
#1530 = SURFACE_STYLE_FILL_AREA ( #1471 ) ;
#1531 = DIRECTION ( 'NONE',  ( 2.524354896707237800E-029, 1.745741680554692000E-014, 1.000000000000000000 ) ) ;
#1532 = DIRECTION ( 'NONE',  ( -7.342650290796655500E-029, 1.000000000000000000, -1.745741680554692300E-014 ) ) ;
#1533 = LINE ( 'NONE', #424, #3569 ) ;
#1534 = ADVANCED_FACE ( 'NONE', ( #2068 ), #729, .F. ) ;
#1535 = CARTESIAN_POINT ( 'NONE',  ( 8.999999999999998200, -3.450000000000039700, -2.249999999999943600 ) ) ;
#1536 = CARTESIAN_POINT ( 'NONE',  ( 8.499999999999994700, -0.3000000000000653800, -3.749999999999999100 ) ) ;
#1537 = LINE ( 'NONE', #283, #1317 ) ;
#1538 = ORIENTED_EDGE ( 'NONE', *, *, #3467, .F. ) ;
#1539 = EDGE_CURVE ( 'NONE', #2831, #1705, #3762, .T. ) ;
#1540 = DIRECTION ( 'NONE',  ( -1.000000000000000000, -7.045451686342956800E-029, 1.461845625823404700E-016 ) ) ;
#1541 = AXIS2_PLACEMENT_3D ( 'NONE', #1147, #3619, #2575 ) ;
#1542 = CARTESIAN_POINT ( 'NONE',  ( 8.300000000000000700, -4.125819451966751000, -2.049999999999929700 ) ) ;
#1543 = UNCERTAINTY_MEASURE_WITH_UNIT (LENGTH_MEASURE( 1.000000000000000100E-005 ), #3219, 'distance_accuracy_value', 'NONE');
#1544 = LINE ( 'NONE', #471, #1657 ) ;
#1545 = ORIENTED_EDGE ( 'NONE', *, *, #1742, .F. ) ;
#1546 = DIRECTION ( 'NONE',  ( -7.342650290796655500E-029, 1.000000000000000000, -1.745741680554692300E-014 ) ) ;
#1547 = LINE ( 'NONE', #1319, #4036 ) ;
#1548 = ORIENTED_EDGE ( 'NONE', *, *, #291, .F. ) ;
#1549 = STYLED_ITEM ( 'NONE', ( #3190 ), #2505 ) ;
#1550 = EDGE_LOOP ( 'NONE', ( #254, #3429, #1214, #620 ) ) ;
#1551 = ORIENTED_EDGE ( 'NONE', *, *, #380, .F. ) ;
#1552 = CARTESIAN_POINT ( 'NONE',  ( 7.599999999999998800, -4.200000000000089000, -4.949999999999930000 ) ) ;
#1553 = VECTOR ( 'NONE', #2833, 1000.000000000000000 ) ;
#1554 =( NAMED_UNIT ( * ) PLANE_ANGLE_UNIT ( ) SI_UNIT ( $, .RADIAN. ) );
#1555 = DIRECTION ( 'NONE',  ( 1.000000000000000000, 7.300652170296560700E-029, -2.524354896707237800E-029 ) ) ;
#1556 = VERTEX_POINT ( 'NONE', #1846 ) ;
#1557 = STYLED_ITEM ( 'NONE', ( #193 ), #3554 ) ;
#1558 = VERTEX_POINT ( 'NONE', #4249 ) ;
#1559 = DIRECTION ( 'NONE',  ( -2.524354896707237800E-029, -1.745741680554692000E-014, -1.000000000000000000 ) ) ;
#1560 = VERTEX_POINT ( 'NONE', #3566 ) ;
#1561 = ADVANCED_FACE ( 'NONE', ( #538 ), #3162, .F. ) ;
#1562 = CARTESIAN_POINT ( 'NONE',  ( 0.5000000000000000000, -2.150000000000011500, -0.6499999999999627200 ) ) ;
#1563 = CARTESIAN_POINT ( 'NONE',  ( 3.249999999999999100, -1.800000000000023600, -1.349999999999967400 ) ) ;
#1564 = CARTESIAN_POINT ( 'NONE',  ( 8.249999999999998200, -0.4000000000000634700, -3.649999999999993700 ) ) ;
#1565 = ORIENTED_EDGE ( 'NONE', *, *, #3559, .F. ) ;
#1566 = ORIENTED_EDGE ( 'NONE', *, *, #2475, .F. ) ;
#1567 = CARTESIAN_POINT ( 'NONE',  ( 8.300000000000000700, -4.125819451966725300, -0.5999999999999290300 ) ) ;
#1568 = EDGE_CURVE ( 'NONE', #3391, #3101, #2671, .T. ) ;
#1569 =( NAMED_UNIT ( * ) PLANE_ANGLE_UNIT ( ) SI_UNIT ( $, .RADIAN. ) );
#1570 = VERTEX_POINT ( 'NONE', #2166 ) ;
#1571 = FILL_AREA_STYLE_COLOUR ( '', #1631 ) ;
#1572 = VERTEX_POINT ( 'NONE', #1178 ) ;
#1573 = FACE_OUTER_BOUND ( 'NONE', #1233, .T. ) ;
#1574 = DIRECTION ( 'NONE',  ( 7.342650290796655500E-029, -1.000000000000000000, 1.745741680554692300E-014 ) ) ;
#1575 = DIRECTION ( 'NONE',  ( -1.000000000000000000, -7.300652170296560700E-029, 2.524354896707237800E-029 ) ) ;
#1576 = VECTOR ( 'NONE', #2312, 1000.000000000000000 ) ;
#1577 = EDGE_LOOP ( 'NONE', ( #1449, #419, #4087, #3437, #836, #1390, #744, #188 ) ) ;
#1578 = STYLED_ITEM ( 'NONE', ( #1527 ), #444 ) ;
#1579 =( GEOMETRIC_REPRESENTATION_CONTEXT ( 3 ) GLOBAL_UNCERTAINTY_ASSIGNED_CONTEXT ( ( #3226 ) ) GLOBAL_UNIT_ASSIGNED_CONTEXT ( ( #691, #4442, #3023 ) ) REPRESENTATION_CONTEXT ( 'NONE', 'WORKASPACE' ) );
#1580 = SURFACE_STYLE_FILL_AREA ( #1927 ) ;
#1581 = DIRECTION ( 'NONE',  ( 1.218204688186212300E-016, 1.745741680554692000E-014, 1.000000000000000000 ) ) ;
#1582 = VECTOR ( 'NONE', #256, 1000.000000000000000 ) ;
#1583 = ORIENTED_EDGE ( 'NONE', *, *, #1311, .F. ) ;
#1584 = LINE ( 'NONE', #2507, #3237 ) ;
#1585 =( NAMED_UNIT ( * ) SI_UNIT ( $, .STERADIAN. ) SOLID_ANGLE_UNIT ( ) );
#1586 =( GEOMETRIC_REPRESENTATION_CONTEXT ( 3 ) GLOBAL_UNCERTAINTY_ASSIGNED_CONTEXT ( ( #3360 ) ) GLOBAL_UNIT_ASSIGNED_CONTEXT ( ( #3987, #2239, #1182 ) ) REPRESENTATION_CONTEXT ( 'NONE', 'WORKASPACE' ) );
#1587 = FILL_AREA_STYLE_COLOUR ( '', #4165 ) ;
#1588 = FILL_AREA_STYLE ('',( #968 ) ) ;
#1589 = LINE ( 'NONE', #2458, #524 ) ;
#1590 = CARTESIAN_POINT ( 'NONE',  ( 1.599999999999999600, -4.200000000000089000, -4.949999999999927300 ) ) ;
#1591 = FACE_OUTER_BOUND ( 'NONE', #775, .T. ) ;
#1592 = DIRECTION ( 'NONE',  ( -2.524354896707237800E-029, -1.745741680554692000E-014, -1.000000000000000000 ) ) ;
#1593 = VERTEX_POINT ( 'NONE', #2149 ) ;
#1594 = DIRECTION ( 'NONE',  ( -7.885106708985738500E-016, -1.745741680554692000E-014, -1.000000000000000000 ) ) ;
#1595 = CARTESIAN_POINT ( 'NONE',  ( 9.000000000000000000, -2.149999999999999900, 3.349284134328690000E-014 ) ) ;
#1596 = VECTOR ( 'NONE', #1824, 1000.000000000000000 ) ;
#1597 = STYLED_ITEM ( 'NONE', ( #3384 ), #862 ) ;
#1598 = ORIENTED_EDGE ( 'NONE', *, *, #103, .T. ) ;
#1599 = VECTOR ( 'NONE', #2873, 1000.000000000000000 ) ;
#1600 = CARTESIAN_POINT ( 'NONE',  ( 3.249999999999999100, -0.6100000000000234100, -1.349999999999988500 ) ) ;
#1601 = VERTEX_POINT ( 'NONE', #2872 ) ;
#1602 = PLANE ( 'NONE',  #117 ) ;
#1603 = CARTESIAN_POINT ( 'NONE',  ( 2.399999999999999900, -3.950000000000079200, -4.399999999999931100 ) ) ;
#1604 = LINE ( 'NONE', #414, #4244 ) ;
#1605 = ORIENTED_EDGE ( 'NONE', *, *, #4091, .T. ) ;
#1606 = EDGE_CURVE ( 'NONE', #385, #4338, #224, .T. ) ;
#1607 = ORIENTED_EDGE ( 'NONE', *, *, #1153, .T. ) ;
#1608 = CARTESIAN_POINT ( 'NONE',  ( 5.399999999999999500, -4.050000000000062000, -3.449999999999928700 ) ) ;
#1609 =( GEOMETRIC_REPRESENTATION_CONTEXT ( 3 ) GLOBAL_UNCERTAINTY_ASSIGNED_CONTEXT ( ( #755 ) ) GLOBAL_UNIT_ASSIGNED_CONTEXT ( ( #279, #1275, #3706 ) ) REPRESENTATION_CONTEXT ( 'NONE', 'WORKASPACE' ) );
#1610 = LINE ( 'NONE', #1257, #4141 ) ;
#1611 = ORIENTED_EDGE ( 'NONE', *, *, #2459, .F. ) ;
#1612 = DIRECTION ( 'NONE',  ( -7.342650290796655500E-029, 1.000000000000000000, -1.745741680554692300E-014 ) ) ;
#1613 = LINE ( 'NONE', #1563, #1230 ) ;
#1614 = DIRECTION ( 'NONE',  ( -7.300652170296604500E-029, 1.000000000000000000, -1.745741680554692300E-014 ) ) ;
#1615 = DIRECTION ( 'NONE',  ( -1.000000000000000000, -7.300652170296560700E-029, 2.524354896707237800E-029 ) ) ;
#1617 = CARTESIAN_POINT ( 'NONE',  ( 0.5000000000000000000, -3.450000000000039700, -2.249999999999939600 ) ) ;
#1616 = DIRECTION ( 'NONE',  ( -2.524354896707237800E-029, -1.745741680554692000E-014, -1.000000000000000000 ) ) ;
#1618 = EDGE_LOOP ( 'NONE', ( #805, #3993, #335, #2733, #1960, #3887 ) ) ;
#1619 =( GEOMETRIC_REPRESENTATION_CONTEXT ( 3 ) GLOBAL_UNCERTAINTY_ASSIGNED_CONTEXT ( ( #2731 ) ) GLOBAL_UNIT_ASSIGNED_CONTEXT ( ( #1079, #1451, #4223 ) ) REPRESENTATION_CONTEXT ( 'NONE', 'WORKASPACE' ) );
#1620 = CARTESIAN_POINT ( 'NONE',  ( 3.399999999999999900, -3.900000000000088700, -4.949999999999934500 ) ) ;
#1621 = CARTESIAN_POINT ( 'NONE',  ( 8.699999999999997500, -3.450000000000038800, -2.209999999999939600 ) ) ;
#1622 = ORIENTED_EDGE ( 'NONE', *, *, #1189, .F. ) ;
#1623 = EDGE_LOOP ( 'NONE', ( #2489, #1323, #3922, #3919 ) ) ;
#1624 = SURFACE_SIDE_STYLE ('',( #517 ) ) ;
#1625 = UNCERTAINTY_MEASURE_WITH_UNIT (LENGTH_MEASURE( 1.000000000000000100E-005 ), #2711, 'distance_accuracy_value', 'NONE');
#1626 = EDGE_LOOP ( 'NONE', ( #1294, #3215, #4452, #1 ) ) ;
#1627 = CARTESIAN_POINT ( 'NONE',  ( 7.599999999999998800, -3.900000000000088700, -4.949999999999936200 ) ) ;
#1628 = CARTESIAN_POINT ( 'NONE',  ( 7.599999999999998800, -4.050000000000062000, -3.449999999999929600 ) ) ;
#1629 = EDGE_CURVE ( 'NONE', #3427, #2692, #4317, .T. ) ;
#1630 =( NAMED_UNIT ( * ) SI_UNIT ( $, .STERADIAN. ) SOLID_ANGLE_UNIT ( ) );
#1631 = COLOUR_RGB ( '',0.7529411764705882200, 0.7529411764705882200, 0.7529411764705882200 ) ;
#1632 = DIRECTION ( 'NONE',  ( 1.000000000000000000, 5.823394084321229800E-029, -8.462065736472486200E-016 ) ) ;
#1633 = LINE ( 'NONE', #276, #3062 ) ;
#1634 = LINE ( 'NONE', #3911, #3732 ) ;
#1635 = CARTESIAN_POINT ( 'NONE',  ( 4.599999999999998800, -4.200000000000072100, -3.949999999999928200 ) ) ;
#1636 = EDGE_CURVE ( 'NONE', #2184, #4188, #3588, .T. ) ;
#1637 = MECHANICAL_DESIGN_GEOMETRIC_PRESENTATION_REPRESENTATION (  '', ( #1578 ), #1851 ) ;
#1638 = LINE ( 'NONE', #3720, #726 ) ;
#1639 = ORIENTED_EDGE ( 'NONE', *, *, #3848, .F. ) ;
#1640 = PLANE ( 'NONE',  #2828 ) ;
#1641 = LINE ( 'NONE', #600, #519 ) ;
#1642 = FACE_OUTER_BOUND ( 'NONE', #667, .T. ) ;
#1643 = EDGE_CURVE ( 'NONE', #1269, #3738, #4096, .T. ) ;
#1644 = FILL_AREA_STYLE ('',( #3680 ) ) ;
#1645 = LINE ( 'NONE', #1922, #905 ) ;
#1646 = DIRECTION ( 'NONE',  ( 7.342650290796655500E-029, -1.000000000000000000, 1.745741680554692300E-014 ) ) ;
#1647 = DIRECTION ( 'NONE',  ( -7.342650290796655500E-029, 1.000000000000000000, -1.745741680554692300E-014 ) ) ;
#1648 = MECHANICAL_DESIGN_GEOMETRIC_PRESENTATION_REPRESENTATION (  '', ( #4276 ), #411 ) ;
#1649 =( NAMED_UNIT ( * ) PLANE_ANGLE_UNIT ( ) SI_UNIT ( $, .RADIAN. ) );
#1650 = LINE ( 'NONE', #2815, #1042 ) ;
#1651 = CARTESIAN_POINT ( 'NONE',  ( 2.937060116318660500E-029, -0.3999999999999997400, 6.982966722218764900E-015 ) ) ;
#1652 =( LENGTH_UNIT ( ) NAMED_UNIT ( * ) SI_UNIT ( .MILLI., .METRE. ) );
#1653 = CARTESIAN_POINT ( 'NONE',  ( 8.499999999999996400, -4.050000000000038900, -2.249999999999932500 ) ) ;
#1654 = ORIENTED_EDGE ( 'NONE', *, *, #982, .T. ) ;
#1655 = DIRECTION ( 'NONE',  ( -7.342650290796655500E-029, 1.000000000000000000, -1.745741680554692300E-014 ) ) ;
#1656 = LINE ( 'NONE', #1478, #1056 ) ;
#1657 = VECTOR ( 'NONE', #2174, 1000.000000000000000 ) ;
#1658 = ORIENTED_EDGE ( 'NONE', *, *, #2903, .T. ) ;
#1659 =( NAMED_UNIT ( * ) PLANE_ANGLE_UNIT ( ) SI_UNIT ( $, .RADIAN. ) );
#1660 = EDGE_CURVE ( 'NONE', #647, #2038, #1914, .T. ) ;
#1661 = VECTOR ( 'NONE', #3430, 1000.000000000000000 ) ;
#1662 = VERTEX_POINT ( 'NONE', #1476 ) ;
#1663 = EDGE_LOOP ( 'NONE', ( #3594, #2075, #2891, #1716, #3339, #184 ) ) ;
#1664 = DIRECTION ( 'NONE',  ( -2.524354896707237800E-029, -1.745741680554692000E-014, -1.000000000000000000 ) ) ;
#1665 = VERTEX_POINT ( 'NONE', #1820 ) ;
#1666 = FILL_AREA_STYLE ('',( #3404 ) ) ;
#1667 = EDGE_CURVE ( 'NONE', #3445, #3002, #4192, .T. ) ;
#1668 = VERTEX_POINT ( 'NONE', #123 ) ;
#1669 = FILL_AREA_STYLE ('',( #1226 ) ) ;
#1670 = ORIENTED_EDGE ( 'NONE', *, *, #1001, .F. ) ;
#1671 = ORIENTED_EDGE ( 'NONE', *, *, #2212, .F. ) ;
#1672 = EDGE_CURVE ( 'NONE', #3946, #949, #3524, .T. ) ;
#1673 = ADVANCED_FACE ( 'NONE', ( #2559 ), #4264, .F. ) ;
#1674 = ORIENTED_EDGE ( 'NONE', *, *, #2186, .T. ) ;
#1675 = CARTESIAN_POINT ( 'NONE',  ( 5.899999999999998600, -3.450000000000032200, -1.799999999999939900 ) ) ;
#1676 = ORIENTED_EDGE ( 'NONE', *, *, #2880, .F. ) ;
#1677 = SURFACE_STYLE_USAGE ( .BOTH. , #709 ) ;
#1678 = EDGE_CURVE ( 'NONE', #2042, #536, #1488, .T. ) ;
#1679 = PLANE ( 'NONE',  #1724 ) ;
#1680 = DIRECTION ( 'NONE',  ( -2.524354896707237800E-029, -1.745741680554692000E-014, -1.000000000000000000 ) ) ;
#1681 = EDGE_LOOP ( 'NONE', ( #2368, #168, #287, #587 ) ) ;
#1682 = ORIENTED_EDGE ( 'NONE', *, *, #1719, .T. ) ;
#1683 = LINE ( 'NONE', #4123, #2695 ) ;
#1684 = ORIENTED_EDGE ( 'NONE', *, *, #713, .F. ) ;
#1685 = SURFACE_STYLE_FILL_AREA ( #1588 ) ;
#1686 = EDGE_CURVE ( 'NONE', #2998, #232, #1610, .T. ) ;
#1687 = AXIS2_PLACEMENT_3D ( 'NONE', #3816, #3464, #1061 ) ;
#1688 = COLOUR_RGB ( '',0.7529411764705882200, 0.7529411764705882200, 0.7529411764705882200 ) ;
#1689 = ORIENTED_EDGE ( 'NONE', *, *, #520, .F. ) ;
#1691 = PLANE ( 'NONE',  #53 ) ;
#1690 = DIRECTION ( 'NONE',  ( 7.300652170296604500E-029, -1.000000000000000000, 1.745741680554692300E-014 ) ) ;
#1692 = PRESENTATION_STYLE_ASSIGNMENT (( #2963 ) ) ;
#1693 = VECTOR ( 'NONE', #2703, 1000.000000000000000 ) ;
#1694 = LINE ( 'NONE', #1675, #1944 ) ;
#1695 = EDGE_CURVE ( 'NONE', #3764, #3160, #3323, .T. ) ;
#1696 = CARTESIAN_POINT ( 'NONE',  ( 8.699999999999997500, -2.150000000000038100, -2.209999999999961800 ) ) ;
#1697 = VECTOR ( 'NONE', #3697, 1000.000000000000000 ) ;
#1698 = CARTESIAN_POINT ( 'NONE',  ( 6.599999999999998800, -3.950000000000079200, -4.399999999999931100 ) ) ;
#1699 = ORIENTED_EDGE ( 'NONE', *, *, #2179, .F. ) ;
#1700 = MECHANICAL_DESIGN_GEOMETRIC_PRESENTATION_REPRESENTATION (  '', ( #3861 ), #2818 ) ;
#1702 = DIRECTION ( 'NONE',  ( -7.342650290796655500E-029, 1.000000000000000000, -1.745741680554692300E-014 ) ) ;
#1701 = DIRECTION ( 'NONE',  ( 7.342650290796655500E-029, -1.000000000000000000, 1.745741680554692300E-014 ) ) ;
#1703 = LINE ( 'NONE', #2503, #1475 ) ;
#1704 = ORIENTED_EDGE ( 'NONE', *, *, #2773, .F. ) ;
#1705 = VERTEX_POINT ( 'NONE', #2640 ) ;
#1706 = EDGE_LOOP ( 'NONE', ( #3649, #2360, #1607, #1489, #4383, #3335, #3470, #2612, #1859, #1551, #2367, #4108, #3058, #2116, #159, #820, #1583, #2021, #1815, #3769, #3544, #974, #4155, #3397, #3663, #1957, #393, #2391, #4333, #2394, #2030, #2429, #1684, #3142, #653, #3872 ) ) ;
#1707 = VECTOR ( 'NONE', #846, 1000.000000000000000 ) ;
#1708 = ORIENTED_EDGE ( 'NONE', *, *, #1402, .T. ) ;
#1709 = ORIENTED_EDGE ( 'NONE', *, *, #737, .T. ) ;
#1710 = EDGE_CURVE ( 'NONE', #2717, #800, #602, .T. ) ;
#1711 = AXIS2_PLACEMENT_3D ( 'NONE', #934, #1255, #2634 ) ;
#1712 = CARTESIAN_POINT ( 'NONE',  ( 8.999999999999996400, -0.3000000000000767600, -4.399999999999999500 ) ) ;
#1713 = CARTESIAN_POINT ( 'NONE',  ( 8.999999999999998200, -3.450000000000039700, -2.249999999999943600 ) ) ;
#1714 = AXIS2_PLACEMENT_3D ( 'NONE', #899, #3994, #3288 ) ;
#1715 = STYLED_ITEM ( 'NONE', ( #4124 ), #2858 ) ;
#1716 = ORIENTED_EDGE ( 'NONE', *, *, #3156, .T. ) ;
#1717 = EDGE_CURVE ( 'NONE', #3032, #3002, #2289, .T. ) ;
#1718 = AXIS2_PLACEMENT_3D ( 'NONE', #2178, #152, #2901 ) ;
#1719 = EDGE_CURVE ( 'NONE', #2349, #613, #2100, .T. ) ;
#1720 = ORIENTED_EDGE ( 'NONE', *, *, #3089, .T. ) ;
#1721 = DIRECTION ( 'NONE',  ( -7.342650290796655500E-029, 1.000000000000000000, -1.745741680554692300E-014 ) ) ;
#1722 = COLOUR_RGB ( '',0.7529411764705882200, 0.7529411764705882200, 0.7529411764705882200 ) ;
#1723 = VERTEX_POINT ( 'NONE', #3329 ) ;
#1724 = AXIS2_PLACEMENT_3D ( 'NONE', #4069, #682, #3047 ) ;
#1725 = CARTESIAN_POINT ( 'NONE',  ( 9.000000000000000000, 1.949999999999957300, -2.450000000000037900 ) ) ;
#1726 = LINE ( 'NONE', #1884, #3958 ) ;
#1727 = VERTEX_POINT ( 'NONE', #2277 ) ;
#1728 = EDGE_CURVE ( 'NONE', #809, #2107, #723, .T. ) ;
#1729 = VECTOR ( 'NONE', #3904, 1000.000000000000000 ) ;
#1730 = LINE ( 'NONE', #3667, #2087 ) ;
#1731 = PRESENTATION_STYLE_ASSIGNMENT (( #2323 ) ) ;
#1732 = ORIENTED_EDGE ( 'NONE', *, *, #1817, .T. ) ;
#1733 = VECTOR ( 'NONE', #1945, 1000.000000000000000 ) ;
#1734 = DIRECTION ( 'NONE',  ( -1.000000000000000000, -7.300652170296560700E-029, 2.524354896707237800E-029 ) ) ;
#1735 = CARTESIAN_POINT ( 'NONE',  ( 3.399999999999999900, -3.900000000000088700, -4.949999999999934500 ) ) ;
#1736 = EDGE_CURVE ( 'NONE', #3391, #2554, #3376, .T. ) ;
#1737 = PRESENTATION_LAYER_ASSIGNMENT (  '', '', ( #3819 ) ) ;
#1738 = DIRECTION ( 'NONE',  ( -7.342650290796653300E-029, 1.000000000000000000, -1.679021546863276600E-014 ) ) ;
#1739 = LINE ( 'NONE', #1946, #2004 ) ;
#1740 = DIRECTION ( 'NONE',  ( 7.342650290796655500E-029, -1.000000000000000000, 1.745741680554692300E-014 ) ) ;
#1741 = FACE_OUTER_BOUND ( 'NONE', #3143, .T. ) ;
#1742 = EDGE_CURVE ( 'NONE', #2981, #3602, #893, .T. ) ;
#1743 = LINE ( 'NONE', #753, #3127 ) ;
#1744 = LINE ( 'NONE', #2814, #2379 ) ;
#1745 = DIRECTION ( 'NONE',  ( -7.342650290796655500E-029, 1.000000000000000000, -1.745741680554692300E-014 ) ) ;
#1746 = VECTOR ( 'NONE', #3669, 1000.000000000000000 ) ;
#1747 = AXIS2_PLACEMENT_3D ( 'NONE', #1428, #4242, #2431 ) ;
#1748 = FILL_AREA_STYLE ('',( #3151 ) ) ;
#1749 = VECTOR ( 'NONE', #1655, 1000.000000000000000 ) ;
#1750 = ORIENTED_EDGE ( 'NONE', *, *, #4257, .F. ) ;
#1751 = DIRECTION ( 'NONE',  ( 7.332021192561974400E-029, -1.000000000000000000, 1.733180801727116300E-014 ) ) ;
#1752 = DIRECTION ( 'NONE',  ( 1.000000000000000000, 5.823394084321229800E-029, -8.462065736472487200E-016 ) ) ;
#1753 = ORIENTED_EDGE ( 'NONE', *, *, #1643, .F. ) ;
#1754 = ORIENTED_EDGE ( 'NONE', *, *, #4228, .T. ) ;
#1755 = CARTESIAN_POINT ( 'NONE',  ( 3.399999999999999900, -4.050000000000062000, -3.449999999999927800 ) ) ;
#1756 = EDGE_CURVE ( 'NONE', #2380, #809, #4450, .T. ) ;
#1757 = ORIENTED_EDGE ( 'NONE', *, *, #2335, .F. ) ;
#1758 = ORIENTED_EDGE ( 'NONE', *, *, #1686, .T. ) ;
#1759 = DIRECTION ( 'NONE',  ( 1.000000000000000000, 7.300652170296560700E-029, -2.524354896707237800E-029 ) ) ;
#1760 = LINE ( 'NONE', #1201, #2768 ) ;
#1761 = FILL_AREA_STYLE_COLOUR ( '', #4137 ) ;
#1762 = UNCERTAINTY_MEASURE_WITH_UNIT (LENGTH_MEASURE( 1.000000000000000100E-005 ), #764, 'distance_accuracy_value', 'NONE');
#1763 = ORIENTED_EDGE ( 'NONE', *, *, #484, .F. ) ;
#1764 = CARTESIAN_POINT ( 'NONE',  ( 8.699999999999999300, -2.150000000000011500, -0.6499999999999662700 ) ) ;
#1765 = DIRECTION ( 'NONE',  ( -7.342650290796655500E-029, 1.000000000000000000, -1.745741680554692300E-014 ) ) ;
#1766 = ORIENTED_EDGE ( 'NONE', *, *, #2205, .F. ) ;
#1767 = PLANE ( 'NONE',  #2672 ) ;
#1768 = EDGE_LOOP ( 'NONE', ( #2615, #180, #4182, #2728 ) ) ;
#1769 = VERTEX_POINT ( 'NONE', #2947 ) ;
#1770 = DIRECTION ( 'NONE',  ( -1.000000000000000000, -7.300652170296560700E-029, 2.524354896707237800E-029 ) ) ;
#1771 = STYLED_ITEM ( 'NONE', ( #2964 ), #3180 ) ;
#1772 =( LENGTH_UNIT ( ) NAMED_UNIT ( * ) SI_UNIT ( .MILLI., .METRE. ) );
#1773 = CARTESIAN_POINT ( 'NONE',  ( 2.600000000000000100, -4.200000000000089000, -4.949999999999927300 ) ) ;
#1774 = ORIENTED_EDGE ( 'NONE', *, *, #4068, .T. ) ;
#1775 = LINE ( 'NONE', #3683, #890 ) ;
#1776 =( NAMED_UNIT ( * ) PLANE_ANGLE_UNIT ( ) SI_UNIT ( $, .RADIAN. ) );
#1777 = LINE ( 'NONE', #1755, #896 ) ;
#1778 = ORIENTED_EDGE ( 'NONE', *, *, #2764, .F. ) ;
#1779 = VECTOR ( 'NONE', #3478, 1000.000000000000000 ) ;
#1780 = LINE ( 'NONE', #4099, #2464 ) ;
#1781 = FACE_OUTER_BOUND ( 'NONE', #1823, .T. ) ;
#1782 = DIRECTION ( 'NONE',  ( -7.342650290796655500E-029, 1.000000000000000000, -1.745741680554692300E-014 ) ) ;
#1783 = EDGE_CURVE ( 'NONE', #1556, #1015, #1131, .T. ) ;
#1784 = SURFACE_SIDE_STYLE ('',( #2890 ) ) ;
#1785 = VECTOR ( 'NONE', #2248, 1000.000000000000000 ) ;
#1786 = DIRECTION ( 'NONE',  ( -7.342650290796655500E-029, 1.000000000000000000, -1.745741680554692300E-014 ) ) ;
#1787 = SURFACE_STYLE_FILL_AREA ( #1506 ) ;
#1788 = CARTESIAN_POINT ( 'NONE',  ( 5.599999999999998800, -4.200000000000089000, -4.949999999999929100 ) ) ;
#1789 = SURFACE_STYLE_USAGE ( .BOTH. , #3515 ) ;
#1790 = PRESENTATION_LAYER_ASSIGNMENT (  '', '', ( #403 ) ) ;
#1791 = SURFACE_SIDE_STYLE ('',( #2465 ) ) ;
#1792 = EDGE_CURVE ( 'NONE', #4236, #3852, #1032, .T. ) ;
#1793 = VECTOR ( 'NONE', #3245, 1000.000000000000000 ) ;
#1794 = ADVANCED_FACE ( 'NONE', ( #785 ), #1958, .T. ) ;
#1795 = DIRECTION ( 'NONE',  ( 1.000000000000000000, 6.562023127308895300E-029, -4.231032868236369300E-016 ) ) ;
#1796 = ORIENTED_EDGE ( 'NONE', *, *, #4335, .T. ) ;
#1797 = VECTOR ( 'NONE', #579, 1000.000000000000000 ) ;
#1798 = FACE_OUTER_BOUND ( 'NONE', #448, .T. ) ;
#1799 = VERTEX_POINT ( 'NONE', #2308 ) ;
#1800 = CARTESIAN_POINT ( 'NONE',  ( 8.699999999999997500, -2.150000000000038100, -2.209999999999961800 ) ) ;
#1801 = FILL_AREA_STYLE ('',( #3910 ) ) ;
#1802 = PLANE ( 'NONE',  #1252 ) ;
#1803 = ORIENTED_EDGE ( 'NONE', *, *, #1311, .T. ) ;
#1804 = ORIENTED_EDGE ( 'NONE', *, *, #3668, .T. ) ;
#1805 = FILL_AREA_STYLE ('',( #2793 ) ) ;
#1806 = COLOUR_RGB ( '',0.7529411764705882200, 0.7529411764705882200, 0.7529411764705882200 ) ;
#1807 = PRODUCT_DEFINITION ( 'UNKNOWN', '', #1948, #3995 ) ;
#1808 = ORIENTED_EDGE ( 'NONE', *, *, #1606, .F. ) ;
#1809 = ORIENTED_EDGE ( 'NONE', *, *, #3415, .T. ) ;
#1810 = PRESENTATION_LAYER_ASSIGNMENT (  '', '', ( #4216 ) ) ;
#1811 = CARTESIAN_POINT ( 'NONE',  ( 0.6999999999999995100, -1.799999999999999600, 3.100462389371417100E-014 ) ) ;
#1812 = ADVANCED_FACE ( 'NONE', ( #1356 ), #4374, .F. ) ;
#1813 = FILL_AREA_STYLE_COLOUR ( '', #2953 ) ;
#1814 =( NAMED_UNIT ( * ) PLANE_ANGLE_UNIT ( ) SI_UNIT ( $, .RADIAN. ) );
#1815 = ORIENTED_EDGE ( 'NONE', *, *, #2070, .T. ) ;
#1816 = ADVANCED_FACE ( 'NONE', ( #3063 ), #1245, .T. ) ;
#1817 = EDGE_CURVE ( 'NONE', #2017, #1274, #3552, .T. ) ;
#1818 = AXIS2_PLACEMENT_3D ( 'NONE', #166, #1171, #3593 ) ;
#1819 = UNCERTAINTY_MEASURE_WITH_UNIT (LENGTH_MEASURE( 1.000000000000000100E-005 ), #1772, 'distance_accuracy_value', 'NONE');
#1820 = CARTESIAN_POINT ( 'NONE',  ( 8.499999999999996400, 1.299999999999957600, -2.450000000000026800 ) ) ;
#1821 = DIRECTION ( 'NONE',  ( -7.342650290796655500E-029, 1.000000000000000000, -1.745741680554692300E-014 ) ) ;
#1822 = SURFACE_STYLE_USAGE ( .BOTH. , #142 ) ;
#1823 = EDGE_LOOP ( 'NONE', ( #473, #342, #381, #3719 ) ) ;
#1824 = DIRECTION ( 'NONE',  ( 1.000000000000000000, 7.300652170296560700E-029, -2.524354896707237800E-029 ) ) ;
#1825 = CARTESIAN_POINT ( 'NONE',  ( 7.399999999999999500, -3.900000000000079400, -4.399999999999932900 ) ) ;
#1826 = ORIENTED_EDGE ( 'NONE', *, *, #2092, .T. ) ;
#1827 = FILL_AREA_STYLE_COLOUR ( '', #2471 ) ;
#1828 = PRESENTATION_STYLE_ASSIGNMENT (( #3990 ) ) ;
#1829 = CARTESIAN_POINT ( 'NONE',  ( 0.7499999999999997800, -1.800000000000035300, -2.049999999999970100 ) ) ;
#1830 = ORIENTED_EDGE ( 'NONE', *, *, #401, .F. ) ;
#1831 = DIRECTION ( 'NONE',  ( -1.000000000000000000, -7.300652170296560700E-029, 2.524354896707237800E-029 ) ) ;
#1832 = DIRECTION ( 'NONE',  ( 1.000000000000000000, 7.300652170296560700E-029, -2.524354896707237800E-029 ) ) ;
#1833 = CARTESIAN_POINT ( 'NONE',  ( 9.000000000000000000, -2.150000000000011500, -0.6499999999999664900 ) ) ;
#1834 = ORIENTED_EDGE ( 'NONE', *, *, #1989, .T. ) ;
#1835 = FACE_OUTER_BOUND ( 'NONE', #4380, .T. ) ;
#1836 = ADVANCED_FACE ( 'NONE', ( #1999 ), #1287, .F. ) ;
#1837 = CARTESIAN_POINT ( 'NONE',  ( 7.825000000000000200, -2.600000000000036100, -2.049999999999955900 ) ) ;
#1838 = CARTESIAN_POINT ( 'NONE',  ( 8.249999999999998200, -2.600000000000010300, -0.5999999999999554600 ) ) ;
#1839 = VECTOR ( 'NONE', #3363, 1000.000000000000000 ) ;
#1840 = DIRECTION ( 'NONE',  ( 7.342650290796655500E-029, -1.000000000000000000, 1.745741680554692300E-014 ) ) ;
#1841 = EDGE_CURVE ( 'NONE', #4032, #3001, #721, .T. ) ;
#1842 = DIRECTION ( 'NONE',  ( 1.000000000000000000, 7.300652170296560700E-029, -2.524354896707237800E-029 ) ) ;
#1843 = STYLED_ITEM ( 'NONE', ( #2043 ), #1816 ) ;
#1844 = SURFACE_STYLE_FILL_AREA ( #496 ) ;
#1845 = CARTESIAN_POINT ( 'NONE',  ( 8.499999999999998200, -2.149999999999999900, 3.391594463011052400E-014 ) ) ;
#1846 = CARTESIAN_POINT ( 'NONE',  ( 8.300000000000000700, -2.600000000000036100, -2.049999999999955900 ) ) ;
#1848 = EDGE_CURVE ( 'NONE', #843, #3228, #3410, .T. ) ;
#1847 = LINE ( 'NONE', #362, #415 ) ;
#1849 = PLANE ( 'NONE',  #1541 ) ;
#1850 = VECTOR ( 'NONE', #2760, 1000.000000000000000 ) ;
#1851 =( GEOMETRIC_REPRESENTATION_CONTEXT ( 3 ) GLOBAL_UNCERTAINTY_ASSIGNED_CONTEXT ( ( #1225 ) ) GLOBAL_UNIT_ASSIGNED_CONTEXT ( ( #1224, #2175, #1524 ) ) REPRESENTATION_CONTEXT ( 'NONE', 'WORKASPACE' ) );
#1852 = AXIS2_PLACEMENT_3D ( 'NONE', #3138, #386, #96 ) ;
#1853 = ORIENTED_EDGE ( 'NONE', *, *, #3996, .F. ) ;
#1854 = CARTESIAN_POINT ( 'NONE',  ( 6.599999999999998800, -3.900000000000079400, -4.399999999999932900 ) ) ;
#1855 = CARTESIAN_POINT ( 'NONE',  ( 3.249999999999999100, -0.6100000000000314100, -1.799999999999988900 ) ) ;
#1856 = LINE ( 'NONE', #870, #1426 ) ;
#1857 = ORIENTED_EDGE ( 'NONE', *, *, #1841, .T. ) ;
#1858 = AXIS2_PLACEMENT_3D ( 'NONE', #1567, #1916, #559 ) ;
#1859 = ORIENTED_EDGE ( 'NONE', *, *, #313, .F. ) ;
#1860 = DIRECTION ( 'NONE',  ( -1.000000000000000000, -7.300652170296560700E-029, 2.524354896707237800E-029 ) ) ;
#1861 = DIRECTION ( 'NONE',  ( -1.000000000000000000, -7.300652170296560700E-029, 2.524354896707237800E-029 ) ) ;
#1862 = ADVANCED_FACE ( 'NONE', ( #571 ), #1691, .T. ) ;
#1863 = DIRECTION ( 'NONE',  ( -1.000000000000000000, -7.300652170296560700E-029, 2.524354896707237800E-029 ) ) ;
#1864 = ORIENTED_EDGE ( 'NONE', *, *, #2363, .T. ) ;
#1865 = ORIENTED_EDGE ( 'NONE', *, *, #2335, .T. ) ;
#1866 = LINE ( 'NONE', #2202, #3393 ) ;
#1867 = DIRECTION ( 'NONE',  ( -7.342650290796655500E-029, 1.000000000000000000, -1.745741680554692300E-014 ) ) ;
#1868 = EDGE_CURVE ( 'NONE', #4425, #4032, #4159, .T. ) ;
#1869 = ORIENTED_EDGE ( 'NONE', *, *, #64, .F. ) ;
#1870 = CARTESIAN_POINT ( 'NONE',  ( 1.174999999999998000, 1.949999999999966200, -1.950000000000034600 ) ) ;
#1871 = PLANE ( 'NONE',  #4357 ) ;
#1872 = ORIENTED_EDGE ( 'NONE', *, *, #618, .T. ) ;
#1873 = CARTESIAN_POINT ( 'NONE',  ( 3.600000000000000100, -4.050000000000071800, -3.949999999999930900 ) ) ;
#1874 = EDGE_CURVE ( 'NONE', #1910, #3959, #3071, .T. ) ;
#1875 = AXIS2_PLACEMENT_3D ( 'NONE', #2007, #1325, #325 ) ;
#1876 = DIRECTION ( 'NONE',  ( 7.300652170296604500E-029, -1.000000000000000000, 1.745741680554692300E-014 ) ) ;
#1877 = ORIENTED_EDGE ( 'NONE', *, *, #4110, .T. ) ;
#1878 = EDGE_LOOP ( 'NONE', ( #1826, #1152, #183, #2026 ) ) ;
#1879 = LINE ( 'NONE', #3144, #70 ) ;
#1880 = CARTESIAN_POINT ( 'NONE',  ( 5.399999999999999500, -3.900000000000088700, -4.949999999999935300 ) ) ;
#1881 = ADVANCED_FACE ( 'NONE', ( #2739 ), #2328, .F. ) ;
#1882 = VERTEX_POINT ( 'NONE', #1350 ) ;
#1883 = PLANE ( 'NONE',  #1166 ) ;
#1884 = CARTESIAN_POINT ( 'NONE',  ( 1.599999999999999600, -3.900000000000088700, -4.949999999999933600 ) ) ;
#1885 = PRESENTATION_STYLE_ASSIGNMENT (( #2325 ) ) ;
#1886 = EDGE_CURVE ( 'NONE', #3037, #949, #3676, .T. ) ;
#1887 = CARTESIAN_POINT ( 'NONE',  ( 8.499999999999994700, 1.949999999999923100, -4.400000000000037700 ) ) ;
#1888 = ORIENTED_EDGE ( 'NONE', *, *, #4329, .T. ) ;
#1889 = LINE ( 'NONE', #3277, #4168 ) ;
#1890 = EDGE_CURVE ( 'NONE', #935, #2119, #3897, .T. ) ;
#1891 = AXIS2_PLACEMENT_3D ( 'NONE', #2027, #2674, #2655 ) ;
#1892 = CARTESIAN_POINT ( 'NONE',  ( 7.825000000000000200, -2.600000000000010300, -0.5999999999999554600 ) ) ;
#1893 = CARTESIAN_POINT ( 'NONE',  ( 4.599999999999998800, -4.050000000000079800, -4.399999999999929300 ) ) ;
#1894 = DIRECTION ( 'NONE',  ( 1.000000000000000000, 7.342650290796611800E-029, -2.524354896707238300E-029 ) ) ;
#1895 = LINE ( 'NONE', #2156, #1256 ) ;
#1896 = CARTESIAN_POINT ( 'NONE',  ( 0.5000000000000000000, -0.3000000000000653800, -3.749999999999995600 ) ) ;
#1897 = VECTOR ( 'NONE', #4269, 1000.000000000000000 ) ;
#1898 = CARTESIAN_POINT ( 'NONE',  ( 1.599999999999999600, -4.200000000000072100, -3.949999999999927300 ) ) ;
#1899 = LINE ( 'NONE', #1564, #2213 ) ;
#1900 = DIRECTION ( 'NONE',  ( -1.000000000000000000, -7.300652170296560700E-029, 2.524354896707237800E-029 ) ) ;
#1901 = VECTOR ( 'NONE', #1064, 1000.000000000000000 ) ;
#1902 = DIRECTION ( 'NONE',  ( -2.524354896707237800E-029, -1.745741680554692000E-014, -1.000000000000000000 ) ) ;
#1903 = EDGE_LOOP ( 'NONE', ( #2680, #429, #1766, #2623 ) ) ;
#1904 = EDGE_CURVE ( 'NONE', #818, #2719, #4015, .T. ) ;
#1905 = FILL_AREA_STYLE_COLOUR ( '', #482 ) ;
#1906 = PRESENTATION_LAYER_ASSIGNMENT (  '', '', ( #1154 ) ) ;
#1907 = DIRECTION ( 'NONE',  ( -1.000000000000000000, -7.300652170296560700E-029, 2.524354896707237800E-029 ) ) ;
#1908 = LINE ( 'NONE', #1209, #1009 ) ;
#1909 = EDGE_CURVE ( 'NONE', #843, #4338, #2406, .T. ) ;
#1910 = VERTEX_POINT ( 'NONE', #2688 ) ;
#1911 = FILL_AREA_STYLE ('',( #2923 ) ) ;
#1912 = VECTOR ( 'NONE', #1393, 1000.000000000000000 ) ;
#1913 = ORIENTED_EDGE ( 'NONE', *, *, #1686, .F. ) ;
#1914 = LINE ( 'NONE', #2481, #3045 ) ;
#1915 = VERTEX_POINT ( 'NONE', #4094 ) ;
#1916 = DIRECTION ( 'NONE',  ( 1.000000000000000000, 7.342650290796611800E-029, -2.524354896707238300E-029 ) ) ;
#1917 = ORIENTED_EDGE ( 'NONE', *, *, #3467, .T. ) ;
#1918 = CARTESIAN_POINT ( 'NONE',  ( 0.5000000000000004400, -3.450000000000038400, -2.209999999999936000 ) ) ;
#1919 = SURFACE_STYLE_USAGE ( .BOTH. , #4002 ) ;
#1920 = FACE_OUTER_BOUND ( 'NONE', #2059, .T. ) ;
#1921 = DIRECTION ( 'NONE',  ( -2.524354896707237800E-029, -1.745741680554692000E-014, -1.000000000000000000 ) ) ;
#1922 = CARTESIAN_POINT ( 'NONE',  ( 5.399999999999999500, -3.950000000000079200, -4.399999999999931100 ) ) ;
#1923 = PLANE ( 'NONE',  #1711 ) ;
#1924 = ORIENTED_EDGE ( 'NONE', *, *, #4144, .T. ) ;
#1925 = DIRECTION ( 'NONE',  ( -1.000000000000000000, -7.300652170296560700E-029, 2.524354896707237800E-029 ) ) ;
#1926 = ADVANCED_FACE ( 'NONE', ( #27 ), #4116, .T. ) ;
#1927 = FILL_AREA_STYLE ('',( #198 ) ) ;
#1928 = EDGE_CURVE ( 'NONE', #3979, #1011, #2957, .T. ) ;
#1929 = CARTESIAN_POINT ( 'NONE',  ( 2.600000000000000100, -3.900000000000088700, -4.949999999999933600 ) ) ;
#1930 = CARTESIAN_POINT ( 'NONE',  ( 8.499999999999996400, -2.150000000000038100, -2.209999999999961800 ) ) ;
#1931 = ORIENTED_EDGE ( 'NONE', *, *, #3511, .T. ) ;
#1932 = CARTESIAN_POINT ( 'NONE',  ( 8.499999999999996400, -3.450000000000038800, -2.209999999999939100 ) ) ;
#1933 = ORIENTED_EDGE ( 'NONE', *, *, #343, .F. ) ;
#1934 = MECHANICAL_DESIGN_GEOMETRIC_PRESENTATION_REPRESENTATION (  '', ( #4175 ), #1480 ) ;
#1935 = VECTOR ( 'NONE', #4401, 1000.000000000000000 ) ;
#1936 = DIRECTION ( 'NONE',  ( -1.000000000000000000, -7.300652170296560700E-029, 2.524354896707237800E-029 ) ) ;
#1937 = FACE_OUTER_BOUND ( 'NONE', #4138, .T. ) ;
#1938 = ORIENTED_EDGE ( 'NONE', *, *, #3733, .F. ) ;
#1939 = PRESENTATION_STYLE_ASSIGNMENT (( #558 ) ) ;
#1940 = AXIS2_PLACEMENT_3D ( 'NONE', #3382, #2995, #299 ) ;
#1941 = SURFACE_STYLE_FILL_AREA ( #927 ) ;
#1942 = EDGE_LOOP ( 'NONE', ( #1404, #965, #3704, #707, #2077, #4261 ) ) ;
#1943 = CARTESIAN_POINT ( 'NONE',  ( 7.399999999999999500, -4.200000000000072100, -3.949999999999930000 ) ) ;
#1944 = VECTOR ( 'NONE', #2699, 1000.000000000000000 ) ;
#1945 = DIRECTION ( 'NONE',  ( 1.000000000000000000, 5.823394084321229800E-029, -8.462065736472487200E-016 ) ) ;
#1946 = CARTESIAN_POINT ( 'NONE',  ( 8.699999999999999300, -4.200000000000002000, -0.009999999999926234600 ) ) ;
#1947 = ADVANCED_FACE ( 'NONE', ( #1035 ), #24, .F. ) ;
#1948 = PRODUCT_DEFINITION_FORMATION_WITH_SPECIFIED_SOURCE ( 'ANY', '', #389, .NOT_KNOWN. ) ;
#1949 = VECTOR ( 'NONE', #4272, 1000.000000000000000 ) ;
#1950 = FILL_AREA_STYLE ('',( #4392 ) ) ;
#1951 = FACE_OUTER_BOUND ( 'NONE', #1577, .T. ) ;
#1952 = DIRECTION ( 'NONE',  ( 7.342650290796656700E-029, -1.000000000000000000, 1.785167214099619500E-014 ) ) ;
#1953 = EDGE_CURVE ( 'NONE', #1799, #2673, #2268, .T. ) ;
#1954 = VECTOR ( 'NONE', #2341, 1000.000000000000000 ) ;
#1955 = CARTESIAN_POINT ( 'NONE',  ( 8.499999999999998200, -2.150000000000011500, -0.6499999999999660500 ) ) ;
#1956 = DIRECTION ( 'NONE',  ( -7.353012990264002300E-029, 1.000000000000000000, -1.757987744092916100E-014 ) ) ;
#1957 = ORIENTED_EDGE ( 'NONE', *, *, #2537, .F. ) ;
#1958 = PLANE ( 'NONE',  #2437 ) ;
#1959 = SURFACE_STYLE_FILL_AREA ( #1805 ) ;
#1960 = ORIENTED_EDGE ( 'NONE', *, *, #3487, .T. ) ;
#1961 = EDGE_CURVE ( 'NONE', #72, #4205, #1589, .T. ) ;
#1962 = PLANE ( 'NONE',  #2295 ) ;
#1963 = AXIS2_PLACEMENT_3D ( 'NONE', #992, #1991, #4430 ) ;
#1964 = DIRECTION ( 'NONE',  ( 1.000000000000000000, 7.300652170296560700E-029, -2.524354896707237800E-029 ) ) ;
#1965 = CARTESIAN_POINT ( 'NONE',  ( 5.399999999999999500, -4.200000000000072100, -3.949999999999929100 ) ) ;
#1966 = EDGE_CURVE ( 'NONE', #2042, #3959, #3418, .T. ) ;
#1967 = VECTOR ( 'NONE', #359, 1000.000000000000000 ) ;
#1968 = ORIENTED_EDGE ( 'NONE', *, *, #2663, .T. ) ;
#1969 = ORIENTED_EDGE ( 'NONE', *, *, #4201, .T. ) ;
#1970 = FILL_AREA_STYLE_COLOUR ( '', #2104 ) ;
#1971 = PRESENTATION_STYLE_ASSIGNMENT (( #1430 ) ) ;
#1972 = CARTESIAN_POINT ( 'NONE',  ( 5.399999999999999500, -3.950000000000061900, -3.449999999999930500 ) ) ;
#1973 = ADVANCED_FACE ( 'NONE', ( #2790 ), #1090, .F. ) ;
#1974 = CARTESIAN_POINT ( 'NONE',  ( 6.599999999999998800, -3.900000000000088700, -4.949999999999935300 ) ) ;
#1975 = DIRECTION ( 'NONE',  ( -1.000000000000000000, -7.300652170296560700E-029, 2.524354896707237800E-029 ) ) ;
#1976 = ORIENTED_EDGE ( 'NONE', *, *, #1539, .F. ) ;
#1977 = ORIENTED_EDGE ( 'NONE', *, *, #2381, .F. ) ;
#1978 = EDGE_CURVE ( 'NONE', #501, #1601, #580, .T. ) ;
#1979 = CARTESIAN_POINT ( 'NONE',  ( 3.600000000000000100, -4.200000000000072100, -3.949999999999928200 ) ) ;
#1980 = DIRECTION ( 'NONE',  ( 7.342650290796655500E-029, -1.000000000000000000, 1.745741680554692300E-014 ) ) ;
#1981 = VERTEX_POINT ( 'NONE', #102 ) ;
#1982 = CARTESIAN_POINT ( 'NONE',  ( 3.249999999999999600, -0.6100000000000312900, -1.799999999999989600 ) ) ;
#1983 = ORIENTED_EDGE ( 'NONE', *, *, #930, .T. ) ;
#1984 = PLANE ( 'NONE',  #1172 ) ;
#1985 = VERTEX_POINT ( 'NONE', #2801 ) ;
#1986 = VERTEX_POINT ( 'NONE', #2474 ) ;
#1987 = DIRECTION ( 'NONE',  ( 1.000000000000000000, 7.342650290796611800E-029, -2.524354896707238300E-029 ) ) ;
#1988 = VECTOR ( 'NONE', #337, 1000.000000000000000 ) ;
#1989 = EDGE_CURVE ( 'NONE', #1414, #2772, #4226, .T. ) ;
#1990 = MECHANICAL_DESIGN_GEOMETRIC_PRESENTATION_REPRESENTATION (  '', ( #4331 ), #2207 ) ;
#1992 = DIRECTION ( 'NONE',  ( 2.524354896707237800E-029, 1.745741680554692000E-014, 1.000000000000000000 ) ) ;
#1991 = DIRECTION ( 'NONE',  ( 1.000000000000000000, 7.342650290796611800E-029, -2.524354896707238300E-029 ) ) ;
#1993 = VERTEX_POINT ( 'NONE', #824 ) ;
#1994 = CARTESIAN_POINT ( 'NONE',  ( 0.5000000000000000000, -0.3000000000000653800, -3.749999999999995600 ) ) ;
#1995 = FACE_OUTER_BOUND ( 'NONE', #3211, .T. ) ;
#1996 = LINE ( 'NONE', #1829, #2893 ) ;
#1997 = EDGE_CURVE ( 'NONE', #3297, #2866, #2418, .T. ) ;
#1998 = SURFACE_STYLE_USAGE ( .BOTH. , #1278 ) ;
#1999 = FACE_OUTER_BOUND ( 'NONE', #1126, .T. ) ;
#2000 = AXIS2_PLACEMENT_3D ( 'NONE', #853, #1180, #2540 ) ;
#2001 = DIRECTION ( 'NONE',  ( -7.342650290796655500E-029, 1.000000000000000000, -1.745741680554692300E-014 ) ) ;
#2002 = ORIENTED_EDGE ( 'NONE', *, *, #2279, .T. ) ;
#2003 = UNCERTAINTY_MEASURE_WITH_UNIT (LENGTH_MEASURE( 1.000000000000000100E-005 ), #3847, 'distance_accuracy_value', 'NONE');
#2004 = VECTOR ( 'NONE', #251, 1000.000000000000000 ) ;
#2005 = DIRECTION ( 'NONE',  ( 2.524354896707237800E-029, 1.745741680554692000E-014, 1.000000000000000000 ) ) ;
#2007 = CARTESIAN_POINT ( 'NONE',  ( 7.825000000000000200, -1.160180165558760700, -1.949999999999981300 ) ) ;
#2006 = DIRECTION ( 'NONE',  ( -2.524354896707237800E-029, -1.745741680554692000E-014, -1.000000000000000000 ) ) ;
#2008 = VECTOR ( 'NONE', #327, 1000.000000000000000 ) ;
#2009 = DIRECTION ( 'NONE',  ( 1.000000000000000000, 7.342650290796611800E-029, -2.524354896707238300E-029 ) ) ;
#2010 = COLOUR_RGB ( '',0.7529411764705882200, 0.7529411764705882200, 0.7529411764705882200 ) ;
#2011 = CARTESIAN_POINT ( 'NONE',  ( 3.600000000000000100, -3.900000000000079400, -4.399999999999934600 ) ) ;
#2012 = CARTESIAN_POINT ( 'NONE',  ( 6.724999999999998800, -0.05000000000003111700, -1.799999999999999800 ) ) ;
#2013 = ORIENTED_EDGE ( 'NONE', *, *, #2314, .T. ) ;
#2014 = UNCERTAINTY_MEASURE_WITH_UNIT (LENGTH_MEASURE( 1.000000000000000100E-005 ), #3718, 'distance_accuracy_value', 'NONE');
#2015 = VECTOR ( 'NONE', #950, 1000.000000000000000 ) ;
#2016 = LINE ( 'NONE', #3909, #2430 ) ;
#2017 = VERTEX_POINT ( 'NONE', #1490 ) ;
#2018 = EDGE_CURVE ( 'NONE', #1369, #2107, #1895, .T. ) ;
#2019 = STYLED_ITEM ( 'NONE', ( #742 ), #1167 ) ;
#2020 = PRESENTATION_STYLE_ASSIGNMENT (( #4129 ) ) ;
#2021 = ORIENTED_EDGE ( 'NONE', *, *, #2415, .F. ) ;
#2022 = EDGE_LOOP ( 'NONE', ( #4285, #485, #557, #3472, #2389, #3282 ) ) ;
#2024 = FILL_AREA_STYLE ('',( #1004 ) ) ;
#2023 = CARTESIAN_POINT ( 'NONE',  ( 8.699999999999999300, -1.800000000000022200, -1.299999999999969200 ) ) ;
#2025 = EDGE_CURVE ( 'NONE', #4013, #3479, #3626, .T. ) ;
#2026 = ORIENTED_EDGE ( 'NONE', *, *, #3390, .F. ) ;
#2027 = CARTESIAN_POINT ( 'NONE',  ( 0.7500000000000006700, -4.159046182766896700, -0.5999999999999273700 ) ) ;
#2028 =( GEOMETRIC_REPRESENTATION_CONTEXT ( 3 ) GLOBAL_UNCERTAINTY_ASSIGNED_CONTEXT ( ( #2408 ) ) GLOBAL_UNIT_ASSIGNED_CONTEXT ( ( #311, #2366, #993 ) ) REPRESENTATION_CONTEXT ( 'NONE', 'WORKASPACE' ) );
#2029 = ORIENTED_EDGE ( 'NONE', *, *, #2318, .F. ) ;
#2030 = ORIENTED_EDGE ( 'NONE', *, *, #4110, .F. ) ;
#2031 = ORIENTED_EDGE ( 'NONE', *, *, #661, .T. ) ;
#2032 = ORIENTED_EDGE ( 'NONE', *, *, #259, .T. ) ;
#2033 = CARTESIAN_POINT ( 'NONE',  ( 5.599999999999998800, -3.900000000000088700, -4.949999999999935300 ) ) ;
#2035 = CARTESIAN_POINT ( 'NONE',  ( 0.5000000000000000000, -4.050000000000038900, -2.249999999999928900 ) ) ;
#2034 = CARTESIAN_POINT ( 'NONE',  ( 0.5000000000000004400, -2.149999999999999900, -0.009999999999958210700 ) ) ;
#2036 =( NAMED_UNIT ( * ) PLANE_ANGLE_UNIT ( ) SI_UNIT ( $, .RADIAN. ) );
#2037 = CARTESIAN_POINT ( 'NONE',  ( 4.599999999999998800, -3.900000000000088700, -4.949999999999934500 ) ) ;
#2038 = VERTEX_POINT ( 'NONE', #3526 ) ;
#2039 = ORIENTED_EDGE ( 'NONE', *, *, #3089, .F. ) ;
#2040 = PRESENTATION_LAYER_ASSIGNMENT (  '', '', ( #2144 ) ) ;
#2041 = DIRECTION ( 'NONE',  ( 2.524354896707237800E-029, 1.745741680554692000E-014, 1.000000000000000000 ) ) ;
#2042 = VERTEX_POINT ( 'NONE', #1121 ) ;
#2043 = PRESENTATION_STYLE_ASSIGNMENT (( #1919 ) ) ;
#2044 = EDGE_CURVE ( 'NONE', #4055, #493, #3966, .T. ) ;
#2045 = AXIS2_PLACEMENT_3D ( 'NONE', #1145, #3916, #585 ) ;
#2046 = VECTOR ( 'NONE', #1142, 1000.000000000000000 ) ;
#2047 = DIRECTION ( 'NONE',  ( 7.342650290796655500E-029, -1.000000000000000000, 1.745741680554692300E-014 ) ) ;
#2048 = DIRECTION ( 'NONE',  ( 1.000000000000000000, 6.459435760227276900E-029, -4.818676322158041900E-016 ) ) ;
#2049 = CARTESIAN_POINT ( 'NONE',  ( 2.399999999999999900, -4.200000000000089000, -4.949999999999927300 ) ) ;
#2050 =( NAMED_UNIT ( * ) SI_UNIT ( $, .STERADIAN. ) SOLID_ANGLE_UNIT ( ) );
#2051 = CARTESIAN_POINT ( 'NONE',  ( 1.399999999999999500, -4.200000000000089000, -4.949999999999927300 ) ) ;
#2052 = FACE_OUTER_BOUND ( 'NONE', #781, .T. ) ;
#2053 = EDGE_LOOP ( 'NONE', ( #1071, #3790, #4121, #296, #1754, #3924 ) ) ;
#2054 = FACE_OUTER_BOUND ( 'NONE', #3933, .T. ) ;
#2055 = SURFACE_STYLE_FILL_AREA ( #1748 ) ;
#2056 = CARTESIAN_POINT ( 'NONE',  ( 8.499999999999994700, 1.949999999999923100, -4.400000000000037700 ) ) ;
#2057 = VECTOR ( 'NONE', #2410, 1000.000000000000000 ) ;
#2058 = CARTESIAN_POINT ( 'NONE',  ( 9.000000000000000000, 1.949999999999923100, -4.400000000000034100 ) ) ;
#2059 = EDGE_LOOP ( 'NONE', ( #727, #1757, #382, #3763, #1758 ) ) ;
#2060 = FACE_OUTER_BOUND ( 'NONE', #2724, .T. ) ;
#2061 = ORIENTED_EDGE ( 'NONE', *, *, #2407, .F. ) ;
#2062 = VECTOR ( 'NONE', #1174, 1000.000000000000000 ) ;
#2063 = SURFACE_STYLE_FILL_AREA ( #975 ) ;
#2064 = VERTEX_POINT ( 'NONE', #453 ) ;
#2065 = EDGE_CURVE ( 'NONE', #1062, #2352, #1000, .T. ) ;
#2066 = ORIENTED_EDGE ( 'NONE', *, *, #1203, .F. ) ;
#2067 =( GEOMETRIC_REPRESENTATION_CONTEXT ( 3 ) GLOBAL_UNCERTAINTY_ASSIGNED_CONTEXT ( ( #1161 ) ) GLOBAL_UNIT_ASSIGNED_CONTEXT ( ( #3656, #4359, #231 ) ) REPRESENTATION_CONTEXT ( 'NONE', 'WORKASPACE' ) );
#2068 = FACE_OUTER_BOUND ( 'NONE', #2817, .T. ) ;
#2069 = UNCERTAINTY_MEASURE_WITH_UNIT (LENGTH_MEASURE( 1.000000000000000100E-005 ), #2847, 'distance_accuracy_value', 'NONE');
#2070 = EDGE_CURVE ( 'NONE', #2396, #540, #2601, .T. ) ;
#2071 = PLANE ( 'NONE',  #1852 ) ;
#2072 = EDGE_CURVE ( 'NONE', #997, #3829, #4355, .T. ) ;
#2073 =( LENGTH_UNIT ( ) NAMED_UNIT ( * ) SI_UNIT ( .MILLI., .METRE. ) );
#2074 = AXIS2_PLACEMENT_3D ( 'NONE', #3374, #967, #4029 ) ;
#2075 = ORIENTED_EDGE ( 'NONE', *, *, #902, .F. ) ;
#2076 = VERTEX_POINT ( 'NONE', #858 ) ;
#2077 = ORIENTED_EDGE ( 'NONE', *, *, #2826, .T. ) ;
#2078 = MECHANICAL_DESIGN_GEOMETRIC_PRESENTATION_REPRESENTATION (  '', ( #1557 ), #1031 ) ;
#2079 = EDGE_LOOP ( 'NONE', ( #3198, #1077, #3522, #1709 ) ) ;
#2080 = ORIENTED_EDGE ( 'NONE', *, *, #1057, .T. ) ;
#2081 = VERTEX_POINT ( 'NONE', #3908 ) ;
#2082 = CARTESIAN_POINT ( 'NONE',  ( 3.600000000000000100, -3.950000000000071700, -3.949999999999932700 ) ) ;
#2083 = LINE ( 'NONE', #4133, #1988 ) ;
#2084 = LINE ( 'NONE', #3179, #1191 ) ;
#2085 = EDGE_CURVE ( 'NONE', #2184, #752, #857, .T. ) ;
#2086 = SURFACE_STYLE_USAGE ( .BOTH. , #2096 ) ;
#2087 = VECTOR ( 'NONE', #1616, 1000.000000000000000 ) ;
#2088 = ORIENTED_EDGE ( 'NONE', *, *, #1046, .T. ) ;
#2089 = LINE ( 'NONE', #701, #3357 ) ;
#2090 = SURFACE_STYLE_USAGE ( .BOTH. , #1044 ) ;
#2091 = LINE ( 'NONE', #1340, #3358 ) ;
#2092 = EDGE_CURVE ( 'NONE', #3946, #1570, #466, .T. ) ;
#2093 = STYLED_ITEM ( 'NONE', ( #4122 ), #1973 ) ;
#2094 = FILL_AREA_STYLE_COLOUR ( '', #574 ) ;
#2095 = SURFACE_STYLE_FILL_AREA ( #1801 ) ;
#2096 = SURFACE_SIDE_STYLE ('',( #991 ) ) ;
#2097 = LINE ( 'NONE', #3123, #3747 ) ;
#2098 = LINE ( 'NONE', #3453, #1318 ) ;
#2099 = ORIENTED_EDGE ( 'NONE', *, *, #1366, .T. ) ;
#2100 = LINE ( 'NONE', #2974, #2015 ) ;
#2101 = DIRECTION ( 'NONE',  ( 7.300652170296604500E-029, -1.000000000000000000, 1.745741680554692300E-014 ) ) ;
#2102 = DIRECTION ( 'NONE',  ( -2.524354896707236900E-029, -1.755598063940923900E-014, -1.000000000000000000 ) ) ;
#2103 = EDGE_LOOP ( 'NONE', ( #1333, #3155, #923, #1720 ) ) ;
#2104 = COLOUR_RGB ( '',0.7529411764705882200, 0.7529411764705882200, 0.7529411764705882200 ) ;
#2105 = ORIENTED_EDGE ( 'NONE', *, *, #3559, .T. ) ;
#2106 = VECTOR ( 'NONE', #475, 1000.000000000000000 ) ;
#2107 = VERTEX_POINT ( 'NONE', #1522 ) ;
#2108 =( NAMED_UNIT ( * ) PLANE_ANGLE_UNIT ( ) SI_UNIT ( $, .RADIAN. ) );
#2109 = ORIENTED_EDGE ( 'NONE', *, *, #583, .T. ) ;
#2110 = DIRECTION ( 'NONE',  ( -2.524354896707235800E-029, -1.772846734866829600E-014, -1.000000000000000000 ) ) ;
#2111 = CARTESIAN_POINT ( 'NONE',  ( 7.825000000000000200, -1.160180165558760700, -1.949999999999981300 ) ) ;
#2112 = ADVANCED_FACE ( 'NONE', ( #3840 ), #1186, .F. ) ;
#2113 = EDGE_CURVE ( 'NONE', #3440, #3297, #410, .T. ) ;
#2114 = ORIENTED_EDGE ( 'NONE', *, *, #2117, .T. ) ;
#2115 = AXIS2_PLACEMENT_3D ( 'NONE', #4251, #1614, #1936 ) ;
#2116 = ORIENTED_EDGE ( 'NONE', *, *, #1989, .F. ) ;
#2117 = EDGE_CURVE ( 'NONE', #3561, #4425, #3020, .T. ) ;
#2118 =( NAMED_UNIT ( * ) PLANE_ANGLE_UNIT ( ) SI_UNIT ( $, .RADIAN. ) );
#2119 = VERTEX_POINT ( 'NONE', #3930 ) ;
#2120 =( LENGTH_UNIT ( ) NAMED_UNIT ( * ) SI_UNIT ( .MILLI., .METRE. ) );
#2121 = CARTESIAN_POINT ( 'NONE',  ( 9.000000000000000000, 1.950000000000000400, -3.317460103282833000E-014 ) ) ;
#2122 = CARTESIAN_POINT ( 'NONE',  ( 5.749999999999999100, -0.6100000000000234100, -1.349999999999989700 ) ) ;
#2123 = DIRECTION ( 'NONE',  ( 1.000000000000000000, 7.300652170296560700E-029, -2.524354896707237800E-029 ) ) ;
#2124 = DIRECTION ( 'NONE',  ( 7.342650290796655500E-029, -1.000000000000000000, 1.745741680554692300E-014 ) ) ;
#2125 = ORIENTED_EDGE ( 'NONE', *, *, #2257, .T. ) ;
#2126 = ORIENTED_EDGE ( 'NONE', *, *, #778, .T. ) ;
#2127 = STYLED_ITEM ( 'NONE', ( #3408 ), #3729 ) ;
#2128 = UNCERTAINTY_MEASURE_WITH_UNIT (LENGTH_MEASURE( 1.000000000000000100E-005 ), #3562, 'distance_accuracy_value', 'NONE');
#2129 = ADVANCED_FACE ( 'NONE', ( #4455 ), #4263, .T. ) ;
#2130 = LINE ( 'NONE', #1249, #3345 ) ;
#2131 = DIRECTION ( 'NONE',  ( -1.000000000000000000, -7.300652170296560700E-029, 2.524354896707237800E-029 ) ) ;
#2132 = VERTEX_POINT ( 'NONE', #3252 ) ;
#2133 = SURFACE_SIDE_STYLE ('',( #2193 ) ) ;
#2134 = ADVANCED_FACE ( 'NONE', ( #1418 ), #3564, .F. ) ;
#2135 = CARTESIAN_POINT ( 'NONE',  ( 2.274999999999999500, -3.450000000000006000, -0.3499999999999391900 ) ) ;
#2136 = FACE_OUTER_BOUND ( 'NONE', #1681, .T. ) ;
#2137 = VERTEX_POINT ( 'NONE', #3200 ) ;
#2138 = VECTOR ( 'NONE', #2661, 1000.000000000000000 ) ;
#2139 = SURFACE_STYLE_FILL_AREA ( #2973 ) ;
#2140 = VECTOR ( 'NONE', #1307, 1000.000000000000000 ) ;
#2141 = CARTESIAN_POINT ( 'NONE',  ( 4.599999999999998800, -3.900000000000088700, -4.949999999999934500 ) ) ;
#2142 = EDGE_CURVE ( 'NONE', #1442, #4444, #33, .T. ) ;
#2143 = CARTESIAN_POINT ( 'NONE',  ( 8.499999999999996400, -2.150000000000038100, -2.209999999999961800 ) ) ;
#2144 = STYLED_ITEM ( 'NONE', ( #591 ), #639 ) ;
#2145 = EDGE_LOOP ( 'NONE', ( #2696, #11, #3267, #4209, #4039, #4245 ) ) ;
#2146 = DIRECTION ( 'NONE',  ( -4.231032868236369300E-016, -1.763963565806549300E-014, -1.000000000000000000 ) ) ;
#2147 = DIRECTION ( 'NONE',  ( -7.342650290796655500E-029, 1.000000000000000000, -1.745741680554692300E-014 ) ) ;
#2148 = VECTOR ( 'NONE', #867, 1000.000000000000000 ) ;
#2149 = CARTESIAN_POINT ( 'NONE',  ( 8.699999999999999300, 1.949999999999977500, -1.300000000000034700 ) ) ;
#2150 = DIRECTION ( 'NONE',  ( 2.524354896707237800E-029, 1.745741680554692000E-014, 1.000000000000000000 ) ) ;
#2151 = PRESENTATION_LAYER_ASSIGNMENT (  '', '', ( #1549 ) ) ;
#2152 = DIRECTION ( 'NONE',  ( -1.000000000000000000, -7.300652170296560700E-029, 2.524354896707237800E-029 ) ) ;
#2153 = DIRECTION ( 'NONE',  ( -2.524354896707236100E-029, -1.769835062165480900E-014, -1.000000000000000000 ) ) ;
#2154 = LINE ( 'NONE', #2058, #2544 ) ;
#2155 = VECTOR ( 'NONE', #85, 1000.000000000000000 ) ;
#2156 = CARTESIAN_POINT ( 'NONE',  ( 1.399999999999999500, -3.950000000000071700, -3.949999999999931800 ) ) ;
#2157 = ORIENTED_EDGE ( 'NONE', *, *, #1183, .F. ) ;
#2158 = STYLED_ITEM ( 'NONE', ( #4348 ), #3497 ) ;
#2159 = DIRECTION ( 'NONE',  ( -1.000000000000000000, -7.300652170296560700E-029, 2.524354896707237800E-029 ) ) ;
#2160 = DIRECTION ( 'NONE',  ( -1.000000000000000000, -5.865392204821279800E-029, 8.462065736472486200E-016 ) ) ;
#2161 = SURFACE_SIDE_STYLE ('',( #2823 ) ) ;
#2162 = ORIENTED_EDGE ( 'NONE', *, *, #618, .F. ) ;
#2163 = ADVANCED_FACE ( 'NONE', ( #999 ), #2515, .T. ) ;
#2164 = LINE ( 'NONE', #931, #1378 ) ;
#2165 = DIRECTION ( 'NONE',  ( -7.300652170296604500E-029, 1.000000000000000000, -1.745741680554692300E-014 ) ) ;
#2166 = CARTESIAN_POINT ( 'NONE',  ( 1.174999999999998000, -0.05000000000003374000, -1.949999999999999700 ) ) ;
#2167 = DIRECTION ( 'NONE',  ( 1.000000000000000000, 7.342650290796611800E-029, -2.524354896707238300E-029 ) ) ;
#2168 = ORIENTED_EDGE ( 'NONE', *, *, #784, .F. ) ;
#2169 = DIRECTION ( 'NONE',  ( 1.000000000000000000, 7.300652170296560700E-029, -2.524354896707237800E-029 ) ) ;
#2170 = DIRECTION ( 'NONE',  ( 3.942553354492994500E-016, 1.745741680554692000E-014, 1.000000000000000000 ) ) ;
#2171 = EDGE_CURVE ( 'NONE', #2176, #3602, #407, .T. ) ;
#2172 = DIRECTION ( 'NONE',  ( 2.524354896707237800E-029, 1.745741680554692000E-014, 1.000000000000000000 ) ) ;
#2173 = ORIENTED_EDGE ( 'NONE', *, *, #2475, .T. ) ;
#2174 = DIRECTION ( 'NONE',  ( -2.524354896707236100E-029, -1.769835062165480900E-014, -1.000000000000000000 ) ) ;
#2175 =( NAMED_UNIT ( * ) PLANE_ANGLE_UNIT ( ) SI_UNIT ( $, .RADIAN. ) );
#2176 = VERTEX_POINT ( 'NONE', #844 ) ;
#2177 = FILL_AREA_STYLE_COLOUR ( '', #835 ) ;
#2178 = CARTESIAN_POINT ( 'NONE',  ( 8.499999999999994700, -0.3000000000000767600, -4.399999999999999500 ) ) ;
#2179 = EDGE_CURVE ( 'NONE', #4126, #925, #3623, .T. ) ;
#2180 = PRESENTATION_LAYER_ASSIGNMENT (  '', '', ( #1190 ) ) ;
#2181 = FILL_AREA_STYLE_COLOUR ( '', #3503 ) ;
#2182 = FILL_AREA_STYLE ('',( #3931 ) ) ;
#2183 = ORIENTED_EDGE ( 'NONE', *, *, #1886, .F. ) ;
#2184 = VERTEX_POINT ( 'NONE', #1892 ) ;
#2185 = ADVANCED_FACE ( 'NONE', ( #1642 ), #3980, .F. ) ;
#2186 = EDGE_CURVE ( 'NONE', #390, #3775, #1889, .T. ) ;
#2187 = ORIENTED_EDGE ( 'NONE', *, *, #2764, .T. ) ;
#2188 = CARTESIAN_POINT ( 'NONE',  ( -1.431816806705347800E-028, 1.950000000000000400, -3.317460103282810300E-014 ) ) ;
#2189 = VECTOR ( 'NONE', #2476, 1000.000000000000000 ) ;
#2190 = FILL_AREA_STYLE_COLOUR ( '', #3036 ) ;
#2191 = CARTESIAN_POINT ( 'NONE',  ( -1.573011487496839000E-028, 1.299999999999957600, -2.450000000000023300 ) ) ;
#2192 = PRESENTATION_LAYER_ASSIGNMENT (  '', '', ( #3861 ) ) ;
#2193 = SURFACE_STYLE_FILL_AREA ( #3551 ) ;
#2194 = VECTOR ( 'NONE', #3543, 1000.000000000000000 ) ;
#2195 = CARTESIAN_POINT ( 'NONE',  ( 4.599999999999998800, -4.200000000000072100, -3.949999999999928200 ) ) ;
#2196 = VECTOR ( 'NONE', #907, 1000.000000000000000 ) ;
#2197 = SURFACE_STYLE_FILL_AREA ( #2668 ) ;
#2198 = LINE ( 'NONE', #3081, #3789 ) ;
#2199 = EDGE_LOOP ( 'NONE', ( #609, #980, #2927, #2888, #2168, #3865 ) ) ;
#2200 = VECTOR ( 'NONE', #3659, 1000.000000000000000 ) ;
#2201 = VECTOR ( 'NONE', #3096, 1000.000000000000000 ) ;
#2202 = CARTESIAN_POINT ( 'NONE',  ( 0.5000000000000000000, -4.050000000000038900, -2.249999999999928900 ) ) ;
#2203 = DIRECTION ( 'NONE',  ( -1.000000000000000000, -7.342650290796611800E-029, 2.524354896707238300E-029 ) ) ;
#2204 = UNCERTAINTY_MEASURE_WITH_UNIT (LENGTH_MEASURE( 1.000000000000000100E-005 ), #1438, 'distance_accuracy_value', 'NONE');
#2205 = EDGE_CURVE ( 'NONE', #1019, #3427, #80, .T. ) ;
#2206 = CARTESIAN_POINT ( 'NONE',  ( 8.499999999999996400, 1.949999999999957500, -2.450000000000037500 ) ) ;
#2207 =( GEOMETRIC_REPRESENTATION_CONTEXT ( 3 ) GLOBAL_UNCERTAINTY_ASSIGNED_CONTEXT ( ( #916 ) ) GLOBAL_UNIT_ASSIGNED_CONTEXT ( ( #413, #3149, #3486 ) ) REPRESENTATION_CONTEXT ( 'NONE', 'WORKASPACE' ) );
#2208 = DIRECTION ( 'NONE',  ( 2.524354896707237800E-029, 1.745741680554692000E-014, 1.000000000000000000 ) ) ;
#2209 = DIRECTION ( 'NONE',  ( -7.300652170296604500E-029, 1.000000000000000000, -1.745741680554692300E-014 ) ) ;
#2210 = VECTOR ( 'NONE', #4375, 1000.000000000000000 ) ;
#2211 = ADVANCED_FACE ( 'NONE', ( #1781 ), #552, .F. ) ;
#2212 = EDGE_CURVE ( 'NONE', #2076, #6, #3459, .T. ) ;
#2213 = VECTOR ( 'NONE', #3293, 1000.000000000000000 ) ;
#2214 =( NAMED_UNIT ( * ) PLANE_ANGLE_UNIT ( ) SI_UNIT ( $, .RADIAN. ) );
#2215 = COLOUR_RGB ( '',0.7529411764705882200, 0.7529411764705882200, 0.7529411764705882200 ) ;
#2216 =( GEOMETRIC_REPRESENTATION_CONTEXT ( 3 ) GLOBAL_UNCERTAINTY_ASSIGNED_CONTEXT ( ( #420 ) ) GLOBAL_UNIT_ASSIGNED_CONTEXT ( ( #2597, #1554, #3952 ) ) REPRESENTATION_CONTEXT ( 'NONE', 'WORKASPACE' ) );
#2217 = VERTEX_POINT ( 'NONE', #2284 ) ;
#2218 = DIRECTION ( 'NONE',  ( -1.000000000000000000, -7.300652170296560700E-029, 2.524354896707237800E-029 ) ) ;
#2219 = ORIENTED_EDGE ( 'NONE', *, *, #3842, .T. ) ;
#2220 = PLANE ( 'NONE',  #956 ) ;
#2221 = FACE_OUTER_BOUND ( 'NONE', #2770, .T. ) ;
#2222 = FILL_AREA_STYLE_COLOUR ( '', #1081 ) ;
#2223 = ORIENTED_EDGE ( 'NONE', *, *, #2773, .T. ) ;
#2224 = SURFACE_SIDE_STYLE ('',( #1941 ) ) ;
#2225 = VECTOR ( 'NONE', #1285, 1000.000000000000000 ) ;
#2226 = ORIENTED_EDGE ( 'NONE', *, *, #259, .F. ) ;
#2227 = STYLED_ITEM ( 'NONE', ( #2589 ), #3580 ) ;
#2228 = EDGE_LOOP ( 'NONE', ( #4371, #47, #442, #323 ) ) ;
#2229 = DIRECTION ( 'NONE',  ( -7.342650290796655500E-029, 1.000000000000000000, -1.745741680554692300E-014 ) ) ;
#2230 = DIRECTION ( 'NONE',  ( -7.300652170296604500E-029, 1.000000000000000000, -1.745741680554692300E-014 ) ) ;
#2231 = ORIENTED_EDGE ( 'NONE', *, *, #823, .T. ) ;
#2232 = ORIENTED_EDGE ( 'NONE', *, *, #2870, .T. ) ;
#2233 = DIRECTION ( 'NONE',  ( -1.000000000000000000, -7.300652170296560700E-029, 2.524354896707237800E-029 ) ) ;
#2234 = CARTESIAN_POINT ( 'NONE',  ( 8.499999999999994700, 1.299999999999935000, -3.750000000000026600 ) ) ;
#2235 = ORIENTED_EDGE ( 'NONE', *, *, #136, .F. ) ;
#2236 = ORIENTED_EDGE ( 'NONE', *, *, #458, .T. ) ;
#2237 = ADVANCED_FACE ( 'NONE', ( #730 ), #2633, .F. ) ;
#2238 = SURFACE_SIDE_STYLE ('',( #3516 ) ) ;
#2239 =( NAMED_UNIT ( * ) PLANE_ANGLE_UNIT ( ) SI_UNIT ( $, .RADIAN. ) );
#2240 = EDGE_CURVE ( 'NONE', #3775, #1034, #4286, .T. ) ;
#2241 = SURFACE_STYLE_USAGE ( .BOTH. , #2224 ) ;
#2242 = AXIS2_PLACEMENT_3D ( 'NONE', #1773, #745, #2439 ) ;
#2243 = DIRECTION ( 'NONE',  ( 1.000000000000000000, 7.342650290796611800E-029, -2.524354896707238300E-029 ) ) ;
#2244 = ORIENTED_EDGE ( 'NONE', *, *, #3461, .F. ) ;
#2245 = CARTESIAN_POINT ( 'NONE',  ( 0.5000000000000000000, -3.450000000000039700, -2.249999999999939600 ) ) ;
#2246 = DIRECTION ( 'NONE',  ( -7.300652170296604500E-029, 1.000000000000000000, -1.745741680554692300E-014 ) ) ;
#2247 = ORIENTED_EDGE ( 'NONE', *, *, #1427, .T. ) ;
#2248 = DIRECTION ( 'NONE',  ( 8.462065736472486200E-016, 1.745741680554692000E-014, 1.000000000000000000 ) ) ;
#2249 = STYLED_ITEM ( 'NONE', ( #4388 ), #98 ) ;
#2250 = DIRECTION ( 'NONE',  ( -7.342650290796655500E-029, 1.000000000000000000, -1.757987744092916100E-014 ) ) ;
#2251 = ORIENTED_EDGE ( 'NONE', *, *, #176, .T. ) ;
#2252 = SURFACE_STYLE_FILL_AREA ( #2620 ) ;
#2253 = ORIENTED_EDGE ( 'NONE', *, *, #4356, .T. ) ;
#2254 = FILL_AREA_STYLE ('',( #2222 ) ) ;
#2255 = VECTOR ( 'NONE', #4309, 1000.000000000000000 ) ;
#2256 =( LENGTH_UNIT ( ) NAMED_UNIT ( * ) SI_UNIT ( .MILLI., .METRE. ) );
#2257 = EDGE_CURVE ( 'NONE', #872, #2349, #3119, .T. ) ;
#2258 = CARTESIAN_POINT ( 'NONE',  ( 0.5000000000000000000, 1.299999999999957600, -2.450000000000023300 ) ) ;
#2259 = COLOUR_RGB ( '',0.7529411764705882200, 0.7529411764705882200, 0.7529411764705882200 ) ;
#2260 = CARTESIAN_POINT ( 'NONE',  ( 6.599999999999998800, -4.200000000000089000, -4.949999999999929100 ) ) ;
#2261 = VECTOR ( 'NONE', #192, 1000.000000000000000 ) ;
#2262 = VERTEX_POINT ( 'NONE', #4131 ) ;
#2263 = VECTOR ( 'NONE', #860, 1000.000000000000000 ) ;
#2264 = DIRECTION ( 'NONE',  ( -7.342650290796655500E-029, 1.000000000000000000, -1.745741680554692300E-014 ) ) ;
#2265 = VECTOR ( 'NONE', #2447, 1000.000000000000000 ) ;
#2266 = CARTESIAN_POINT ( 'NONE',  ( 7.399999999999999500, -4.050000000000062000, -3.449999999999929600 ) ) ;
#2267 = ADVANCED_FACE ( 'NONE', ( #2054 ), #2365, .F. ) ;
#2268 = LINE ( 'NONE', #4274, #1518 ) ;
#2269 = AXIS2_PLACEMENT_3D ( 'NONE', #1994, #315, #656 ) ;
#2270 = ORIENTED_EDGE ( 'NONE', *, *, #2886, .T. ) ;
#2271 = PLANE ( 'NONE',  #1470 ) ;
#2272 = DIRECTION ( 'NONE',  ( 7.342650290796655500E-029, -1.000000000000000000, 1.745741680554692300E-014 ) ) ;
#2273 = VECTOR ( 'NONE', #2868, 1000.000000000000000 ) ;
#2274 = ORIENTED_EDGE ( 'NONE', *, *, #2932, .T. ) ;
#2275 = CARTESIAN_POINT ( 'NONE',  ( 0.2999999999999999300, -1.800000000000022200, -1.299999999999968100 ) ) ;
#2276 = DIRECTION ( 'NONE',  ( -7.342650290796655500E-029, 1.000000000000000000, -1.763963565806549600E-014 ) ) ;
#2277 = CARTESIAN_POINT ( 'NONE',  ( 2.399999999999999900, -4.200000000000072100, -3.949999999999927300 ) ) ;
#2278 = EDGE_LOOP ( 'NONE', ( #546, #3074, #4213, #2173 ) ) ;
#2279 = EDGE_CURVE ( 'NONE', #1665, #4055, #2091, .T. ) ;
#2280 = MECHANICAL_DESIGN_GEOMETRIC_PRESENTATION_REPRESENTATION (  '', ( #3915 ), #4202 ) ;
#2281 = CARTESIAN_POINT ( 'NONE',  ( 8.999999999999996400, -0.3000000000000653800, -3.749999999999999600 ) ) ;
#2282 = CARTESIAN_POINT ( 'NONE',  ( 2.600000000000000100, -3.900000000000079400, -4.399999999999933700 ) ) ;
#2283 = ORIENTED_EDGE ( 'NONE', *, *, #3018, .F. ) ;
#2284 = CARTESIAN_POINT ( 'NONE',  ( 8.699999999999999300, -2.149999999999999900, -0.009999999999961761700 ) ) ;
#2285 = SURFACE_SIDE_STYLE ('',( #318 ) ) ;
#2286 = LINE ( 'NONE', #1139, #2384 ) ;
#2287 = ORIENTED_EDGE ( 'NONE', *, *, #1672, .F. ) ;
#2288 = DIRECTION ( 'NONE',  ( 7.342650290796655500E-029, -1.000000000000000000, 1.745741680554692300E-014 ) ) ;
#2289 = LINE ( 'NONE', #1943, #920 ) ;
#2290 = VERTEX_POINT ( 'NONE', #4093 ) ;
#2291 = CARTESIAN_POINT ( 'NONE',  ( -1.573011487496839000E-028, 1.299999999999957600, -2.450000000000023300 ) ) ;
#2292 = VERTEX_POINT ( 'NONE', #4115 ) ;
#2293 = DIRECTION ( 'NONE',  ( -2.524354896707237800E-029, -1.745741680554692000E-014, -1.000000000000000000 ) ) ;
#2294 = FACE_OUTER_BOUND ( 'NONE', #3984, .T. ) ;
#2295 = AXIS2_PLACEMENT_3D ( 'NONE', #2260, #4034, #2229 ) ;
#2296 = CARTESIAN_POINT ( 'NONE',  ( 1.321677052343397600E-028, -1.799999999999999600, 3.142335024998445100E-014 ) ) ;
#2297 = DIRECTION ( 'NONE',  ( 7.300652170296604500E-029, -1.000000000000000000, 1.745741680554692300E-014 ) ) ;
#2298 = CARTESIAN_POINT ( 'NONE',  ( 2.274999999999999500, -3.450000000000032200, -1.799999999999939900 ) ) ;
#2299 = ORIENTED_EDGE ( 'NONE', *, *, #4373, .F. ) ;
#2300 =( NAMED_UNIT ( * ) SI_UNIT ( $, .STERADIAN. ) SOLID_ANGLE_UNIT ( ) );
#2301 = VERTEX_POINT ( 'NONE', #4441 ) ;
#2302 = CARTESIAN_POINT ( 'NONE',  ( 7.825000000000000200, 1.949999999999966200, -1.950000000000035500 ) ) ;
#2303 = ORIENTED_EDGE ( 'NONE', *, *, #3131, .T. ) ;
#2304 = CARTESIAN_POINT ( 'NONE',  ( 2.274999999999999500, -0.05000000000003111700, -1.799999999999999200 ) ) ;
#2305 = DIRECTION ( 'NONE',  ( -1.000000000000000000, -5.823394084321229800E-029, 8.462065736472487200E-016 ) ) ;
#2306 = EDGE_CURVE ( 'NONE', #3457, #647, #1309, .T. ) ;
#2308 = CARTESIAN_POINT ( 'NONE',  ( 0.5000000000000000000, -0.3000000000000767600, -4.399999999999995900 ) ) ;
#2307 = PLANE ( 'NONE',  #2074 ) ;
#2309 = ORIENTED_EDGE ( 'NONE', *, *, #2563, .F. ) ;
#2310 = CARTESIAN_POINT ( 'NONE',  ( 6.599999999999998800, -3.900000000000079400, -4.399999999999935500 ) ) ;
#2311 =( NAMED_UNIT ( * ) PLANE_ANGLE_UNIT ( ) SI_UNIT ( $, .RADIAN. ) );
#2312 = DIRECTION ( 'NONE',  ( 7.342650290796655500E-029, -1.000000000000000000, 1.763963565806549600E-014 ) ) ;
#2313 = CARTESIAN_POINT ( 'NONE',  ( 6.399999999999999500, -4.050000000000071800, -3.949999999999931800 ) ) ;
#2314 = EDGE_CURVE ( 'NONE', #2119, #129, #3739, .T. ) ;
#2315 = ORIENTED_EDGE ( 'NONE', *, *, #3112, .T. ) ;
#2316 = ADVANCED_FACE ( 'NONE', ( #1835 ), #708, .F. ) ;
#2317 = ORIENTED_EDGE ( 'NONE', *, *, #3359, .F. ) ;
#2318 = EDGE_CURVE ( 'NONE', #2376, #1593, #793, .T. ) ;
#2319 = MECHANICAL_DESIGN_GEOMETRIC_PRESENTATION_REPRESENTATION (  '', ( #2539 ), #3166 ) ;
#2320 = PRESENTATION_STYLE_ASSIGNMENT (( #3057 ) ) ;
#2321 =( NAMED_UNIT ( * ) PLANE_ANGLE_UNIT ( ) SI_UNIT ( $, .RADIAN. ) );
#2322 = LINE ( 'NONE', #3340, #1409 ) ;
#2323 = SURFACE_STYLE_USAGE ( .BOTH. , #1624 ) ;
#2324 = DIRECTION ( 'NONE',  ( 1.000000000000000000, 5.823394084321229800E-029, -8.462065736472487200E-016 ) ) ;
#2325 = SURFACE_STYLE_USAGE ( .BOTH. , #2684 ) ;
#2326 = MECHANICAL_DESIGN_GEOMETRIC_PRESENTATION_REPRESENTATION (  '', ( #2227 ), #1586 ) ;
#2327 = ORIENTED_EDGE ( 'NONE', *, *, #4336, .F. ) ;
#2328 = PLANE ( 'NONE',  #207 ) ;
#2329 =( LENGTH_UNIT ( ) NAMED_UNIT ( * ) SI_UNIT ( .MILLI., .METRE. ) );
#2330 = DIRECTION ( 'NONE',  ( -7.342650290796655500E-029, 1.000000000000000000, -1.745741680554692300E-014 ) ) ;
#2331 = DIRECTION ( 'NONE',  ( 2.524354896707237800E-029, 1.745741680554692000E-014, 1.000000000000000000 ) ) ;
#2332 = LINE ( 'NONE', #363, #361 ) ;
#2333 = SURFACE_STYLE_FILL_AREA ( #2573 ) ;
#2334 = DIRECTION ( 'NONE',  ( 7.342650290796655500E-029, -1.000000000000000000, 1.745741680554692300E-014 ) ) ;
#2335 = EDGE_CURVE ( 'NONE', #3228, #3784, #2532, .T. ) ;
#2336 = PLANE ( 'NONE',  #1093 ) ;
#2338 = DIRECTION ( 'NONE',  ( 1.000000000000000000, 7.300652170296560700E-029, -2.524354896707237800E-029 ) ) ;
#2337 = CARTESIAN_POINT ( 'NONE',  ( 0.7499999999999997800, -2.600000000000063600, -3.649999999999954600 ) ) ;
#2339 = VECTOR ( 'NONE', #515, 1000.000000000000000 ) ;
#2340 = EDGE_CURVE ( 'NONE', #3476, #1560, #3837, .T. ) ;
#2341 = DIRECTION ( 'NONE',  ( 2.524354896707235000E-029, 1.785167214099619500E-014, 1.000000000000000000 ) ) ;
#2342 = DIRECTION ( 'NONE',  ( 1.000000000000000000, 7.342650290796611800E-029, -2.524354896707238300E-029 ) ) ;
#2343 = DIRECTION ( 'NONE',  ( 5.769590274870001500E-017, 1.745741680554692000E-014, 1.000000000000000000 ) ) ;
#2344 = VERTEX_POINT ( 'NONE', #1048 ) ;
#2345 = VERTEX_POINT ( 'NONE', #3056 ) ;
#2346 = ORIENTED_EDGE ( 'NONE', *, *, #1928, .F. ) ;
#2347 = VECTOR ( 'NONE', #1531, 1000.000000000000000 ) ;
#2348 = EDGE_LOOP ( 'NONE', ( #3377, #125, #1976, #4232 ) ) ;
#2349 = VERTEX_POINT ( 'NONE', #3432 ) ;
#2350 = DIRECTION ( 'NONE',  ( 7.342650290796655500E-029, -1.000000000000000000, 1.745741680554692300E-014 ) ) ;
#2351 = CARTESIAN_POINT ( 'NONE',  ( 4.599999999999998800, -3.900000000000079400, -4.399999999999934600 ) ) ;
#2352 = VERTEX_POINT ( 'NONE', #1713 ) ;
#2353 = CARTESIAN_POINT ( 'NONE',  ( 2.600000000000000100, -3.900000000000088700, -4.949999999999933600 ) ) ;
#2354 = VERTEX_POINT ( 'NONE', #23 ) ;
#2355 = DIRECTION ( 'NONE',  ( -7.342650290796655500E-029, 1.000000000000000000, -1.745741680554692300E-014 ) ) ;
#2356 = EDGE_CURVE ( 'NONE', #2262, #4343, #2596, .T. ) ;
#2357 = DIRECTION ( 'NONE',  ( -1.000000000000000000, -7.300652170296560700E-029, 2.524354896707237800E-029 ) ) ;
#2358 = CARTESIAN_POINT ( 'NONE',  ( 8.249999999999998200, -2.600000000000063600, -3.649999999999955100 ) ) ;
#2359 = ORIENTED_EDGE ( 'NONE', *, *, #3, .F. ) ;
#2360 = ORIENTED_EDGE ( 'NONE', *, *, #3978, .F. ) ;
#2361 = EDGE_LOOP ( 'NONE', ( #57, #2741, #4191, #379 ) ) ;
#2362 = ORIENTED_EDGE ( 'NONE', *, *, #3263, .T. ) ;
#2363 = EDGE_CURVE ( 'NONE', #452, #2137, #2959, .T. ) ;
#2364 = AXIS2_PLACEMENT_3D ( 'NONE', #1515, #2167, #1532 ) ;
#2366 =( NAMED_UNIT ( * ) PLANE_ANGLE_UNIT ( ) SI_UNIT ( $, .RADIAN. ) );
#2365 = PLANE ( 'NONE',  #903 ) ;
#2367 = ORIENTED_EDGE ( 'NONE', *, *, #2994, .T. ) ;
#2368 = ORIENTED_EDGE ( 'NONE', *, *, #4395, .T. ) ;
#2369 = FACE_OUTER_BOUND ( 'NONE', #2053, .T. ) ;
#2370 = DIRECTION ( 'NONE',  ( 1.000000000000000000, 7.300652170296560700E-029, -2.524354896707237800E-029 ) ) ;
#2371 = AXIS2_PLACEMENT_3D ( 'NONE', #766, #258, #2986 ) ;
#2372 = DIRECTION ( 'NONE',  ( 1.000000000000000000, 7.342650290796611800E-029, -2.524354896707238300E-029 ) ) ;
#2373 = VECTOR ( 'NONE', #693, 1000.000000000000000 ) ;
#2374 = CARTESIAN_POINT ( 'NONE',  ( 4.399999999999999500, -4.200000000000072100, -3.949999999999928200 ) ) ;
#2375 = PRESENTATION_STYLE_ASSIGNMENT (( #786 ) ) ;
#2376 = VERTEX_POINT ( 'NONE', #1003 ) ;
#2377 = LINE ( 'NONE', #3291, #1096 ) ;
#2378 = VECTOR ( 'NONE', #2153, 1000.000000000000000 ) ;
#2379 = VECTOR ( 'NONE', #2486, 1000.000000000000000 ) ;
#2380 = VERTEX_POINT ( 'NONE', #3420 ) ;
#2381 = EDGE_CURVE ( 'NONE', #1359, #2998, #1528, .T. ) ;
#2382 = MECHANICAL_DESIGN_GEOMETRIC_PRESENTATION_REPRESENTATION (  '', ( #2144 ), #3999 ) ;
#2383 = ORIENTED_EDGE ( 'NONE', *, *, #19, .F. ) ;
#2384 = VECTOR ( 'NONE', #2827, 1000.000000000000000 ) ;
#2385 = ORIENTED_EDGE ( 'NONE', *, *, #3077, .T. ) ;
#2386 = DIRECTION ( 'NONE',  ( -5.769590274870001500E-017, -1.745741680554692000E-014, -1.000000000000000000 ) ) ;
#2387 = VECTOR ( 'NONE', #3664, 1000.000000000000000 ) ;
#2388 = EDGE_CURVE ( 'NONE', #3457, #310, #195, .T. ) ;
#2389 = ORIENTED_EDGE ( 'NONE', *, *, #2903, .F. ) ;
#2390 = AXIS2_PLACEMENT_3D ( 'NONE', #880, #1200, #1765 ) ;
#2391 = ORIENTED_EDGE ( 'NONE', *, *, #2842, .T. ) ;
#2392 = CARTESIAN_POINT ( 'NONE',  ( 4.399999999999999500, -4.200000000000089000, -4.949999999999928200 ) ) ;
#2393 = VECTOR ( 'NONE', #553, 1000.000000000000000 ) ;
#2394 = ORIENTED_EDGE ( 'NONE', *, *, #2705, .F. ) ;
#2395 = EDGE_CURVE ( 'NONE', #3037, #1019, #1694, .T. ) ;
#2396 = VERTEX_POINT ( 'NONE', #3041 ) ;
#2397 = ORIENTED_EDGE ( 'NONE', *, *, #4335, .F. ) ;
#2398 = CARTESIAN_POINT ( 'NONE',  ( 0.5000000000000000000, 1.299999999999957600, -2.450000000000023300 ) ) ;
#2399 = UNCERTAINTY_MEASURE_WITH_UNIT (LENGTH_MEASURE( 1.000000000000000100E-005 ), #2329, 'distance_accuracy_value', 'NONE');
#2400 = EDGE_LOOP ( 'NONE', ( #1750, #3034, #3076, #2251, #1857, #1931, #2776, #711, #979, #2518, #4027, #2682 ) ) ;
#2401 = CARTESIAN_POINT ( 'NONE',  ( 0.0000000000000000000, 0.0000000000000000000, 0.0000000000000000000 ) ) ;
#2402 = EDGE_LOOP ( 'NONE', ( #1130, #2662, #2617, #2942 ) ) ;
#2403 = EDGE_CURVE ( 'NONE', #818, #22, #1039, .T. ) ;
#2404 = ORIENTED_EDGE ( 'NONE', *, *, #855, .T. ) ;
#2405 = LINE ( 'NONE', #3528, #1517 ) ;
#2406 = LINE ( 'NONE', #2035, #252 ) ;
#2407 = EDGE_CURVE ( 'NONE', #3784, #4236, #852, .T. ) ;
#2408 = UNCERTAINTY_MEASURE_WITH_UNIT (LENGTH_MEASURE( 1.000000000000000100E-005 ), #311, 'distance_accuracy_value', 'NONE');
#2409 = COLOUR_RGB ( '',0.7529411764705882200, 0.7529411764705882200, 0.7529411764705882200 ) ;
#2410 = DIRECTION ( 'NONE',  ( -7.342650290796655500E-029, 1.000000000000000000, -1.745741680554692300E-014 ) ) ;
#2411 = FACE_OUTER_BOUND ( 'NONE', #345, .T. ) ;
#2412 = EDGE_LOOP ( 'NONE', ( #2504, #165, #3292, #995 ) ) ;
#2413 = SURFACE_STYLE_FILL_AREA ( #3271 ) ;
#2414 = VECTOR ( 'NONE', #1831, 1000.000000000000000 ) ;
#2415 = EDGE_CURVE ( 'NONE', #2396, #800, #2738, .T. ) ;
#2416 =( NAMED_UNIT ( * ) SI_UNIT ( $, .STERADIAN. ) SOLID_ANGLE_UNIT ( ) );
#2417 = LINE ( 'NONE', #813, #522 ) ;
#2418 = LINE ( 'NONE', #1138, #1314 ) ;
#2419 = VECTOR ( 'NONE', #3169, 1000.000000000000000 ) ;
#2420 = LINE ( 'NONE', #3217, #4082 ) ;
#2421 = EDGE_CURVE ( 'NONE', #433, #1212, #1194, .T. ) ;
#2422 = AXIS2_PLACEMENT_3D ( 'NONE', #2296, #2584, #951 ) ;
#2423 = DIRECTION ( 'NONE',  ( -8.462065736472487200E-016, -1.679021546863276300E-014, -1.000000000000000000 ) ) ;
#2424 = FACE_OUTER_BOUND ( 'NONE', #3948, .T. ) ;
#2425 = DIRECTION ( 'NONE',  ( 2.524354896707237800E-029, 1.745741680554692300E-014, 1.000000000000000000 ) ) ;
#2426 = VECTOR ( 'NONE', #99, 1000.000000000000000 ) ;
#2427 = DIRECTION ( 'NONE',  ( -1.000000000000000000, -5.823394084321229800E-029, 8.462065736472486200E-016 ) ) ;
#2428 = CARTESIAN_POINT ( 'NONE',  ( 1.863057213221462400E-028, -4.050000000000079800, -4.399999999999929300 ) ) ;
#2429 = ORIENTED_EDGE ( 'NONE', *, *, #2758, .F. ) ;
#2430 = VECTOR ( 'NONE', #1842, 1000.000000000000000 ) ;
#2431 = DIRECTION ( 'NONE',  ( 1.000000000000000000, 5.823394084321229800E-029, -8.462065736472487200E-016 ) ) ;
#2432 = VECTOR ( 'NONE', #3441, 1000.000000000000000 ) ;
#2433 = ORIENTED_EDGE ( 'NONE', *, *, #1817, .F. ) ;
#2434 = ORIENTED_EDGE ( 'NONE', *, *, #4173, .F. ) ;
#2435 = EDGE_CURVE ( 'NONE', #3386, #2081, #724, .T. ) ;
#2436 = ORIENTED_EDGE ( 'NONE', *, *, #1337, .F. ) ;
#2437 = AXIS2_PLACEMENT_3D ( 'NONE', #623, #2243, #2653 ) ;
#2438 = CARTESIAN_POINT ( 'NONE',  ( 1.174999999999998000, 1.949999999999963800, -2.100000000000034300 ) ) ;
#2439 = DIRECTION ( 'NONE',  ( -7.342650290796655500E-029, 1.000000000000000000, -1.745741680554692300E-014 ) ) ;
#2440 = VERTEX_POINT ( 'NONE', #1394 ) ;
#2441 = DIRECTION ( 'NONE',  ( -7.342650290796655500E-029, 1.000000000000000000, -1.745741680554692300E-014 ) ) ;
#2442 = ORIENTED_EDGE ( 'NONE', *, *, #267, .T. ) ;
#2443 = VERTEX_POINT ( 'NONE', #435 ) ;
#2444 = LINE ( 'NONE', #1181, #4434 ) ;
#2445 = DIRECTION ( 'NONE',  ( 1.000000000000000000, 7.300652170296560700E-029, -2.524354896707237800E-029 ) ) ;
#2446 = ORIENTED_EDGE ( 'NONE', *, *, #4193, .F. ) ;
#2447 = DIRECTION ( 'NONE',  ( 8.462065736472486200E-016, 1.745741680554692000E-014, 1.000000000000000000 ) ) ;
#2448 = ADVANCED_FACE ( 'NONE', ( #3895 ), #783, .F. ) ;
#2449 = ORIENTED_EDGE ( 'NONE', *, *, #759, .T. ) ;
#2450 =( NAMED_UNIT ( * ) SI_UNIT ( $, .STERADIAN. ) SOLID_ANGLE_UNIT ( ) );
#2451 = ORIENTED_EDGE ( 'NONE', *, *, #2065, .F. ) ;
#2452 = ORIENTED_EDGE ( 'NONE', *, *, #3540, .F. ) ;
#2453 = ADVANCED_FACE ( 'NONE', ( #3011 ), #3312, .T. ) ;
#2454 = CARTESIAN_POINT ( 'NONE',  ( 5.399999999999999500, -4.050000000000071800, -3.949999999999931800 ) ) ;
#2455 = FACE_OUTER_BOUND ( 'NONE', #4040, .T. ) ;
#2456 = PRESENTATION_STYLE_ASSIGNMENT (( #1158 ) ) ;
#2457 = ORIENTED_EDGE ( 'NONE', *, *, #2751, .T. ) ;
#2458 = CARTESIAN_POINT ( 'NONE',  ( 1.174999999999998000, -4.159046182766922500, -2.099999999999927700 ) ) ;
#2459 = EDGE_CURVE ( 'NONE', #4368, #1227, #1730, .T. ) ;
#2460 = FILL_AREA_STYLE ('',( #1813 ) ) ;
#2461 = MECHANICAL_DESIGN_GEOMETRIC_PRESENTATION_REPRESENTATION (  '', ( #4196 ), #578 ) ;
#2462 =( LENGTH_UNIT ( ) NAMED_UNIT ( * ) SI_UNIT ( .MILLI., .METRE. ) );
#2463 = EDGE_LOOP ( 'NONE', ( #2287, #2582, #3936, #1067, #1073, #2479 ) ) ;
#2464 = VECTOR ( 'NONE', #1680, 1000.000000000000000 ) ;
#2465 = SURFACE_STYLE_FILL_AREA ( #767 ) ;
#2466 =( NAMED_UNIT ( * ) PLANE_ANGLE_UNIT ( ) SI_UNIT ( $, .RADIAN. ) );
#2467 = EDGE_CURVE ( 'NONE', #2292, #1910, #2645, .T. ) ;
#2468 =( GEOMETRIC_REPRESENTATION_CONTEXT ( 3 ) GLOBAL_UNCERTAINTY_ASSIGNED_CONTEXT ( ( #3538 ) ) GLOBAL_UNIT_ASSIGNED_CONTEXT ( ( #832, #1465, #2876 ) ) REPRESENTATION_CONTEXT ( 'NONE', 'WORKASPACE' ) );
#2469 = VECTOR ( 'NONE', #3300, 1000.000000000000000 ) ;
#2470 = CARTESIAN_POINT ( 'NONE',  ( 9.000000000000000000, 1.950000000000000400, -3.317460103282833000E-014 ) ) ;
#2471 = COLOUR_RGB ( '',0.7529411764705882200, 0.7529411764705882200, 0.7529411764705882200 ) ;
#2472 = FILL_AREA_STYLE_COLOUR ( '', #141 ) ;
#2473 = ADVANCED_FACE ( 'NONE', ( #1461 ), #2307, .F. ) ;
#2474 = CARTESIAN_POINT ( 'NONE',  ( -7.263535775413147200E-029, -0.3000000000000653800, -3.749999999999995600 ) ) ;
#2475 = EDGE_CURVE ( 'NONE', #3561, #1993, #4074, .T. ) ;
#2476 = DIRECTION ( 'NONE',  ( 7.342650290796655500E-029, -1.000000000000000000, 1.745741680554692300E-014 ) ) ;
#2477 = CARTESIAN_POINT ( 'NONE',  ( 2.274999999999999500, -3.450000000000032200, -1.799999999999939900 ) ) ;
#2478 = ADVANCED_FACE ( 'NONE', ( #3069 ), #4048, .F. ) ;
#2479 = ORIENTED_EDGE ( 'NONE', *, *, #1886, .T. ) ;
#2480 = VECTOR ( 'NONE', #4301, 1000.000000000000000 ) ;
#2481 = CARTESIAN_POINT ( 'NONE',  ( 6.599999999999998800, -4.200000000000072100, -3.949999999999929100 ) ) ;
#2482 = DIRECTION ( 'NONE',  ( -7.342650290796655500E-029, 1.000000000000000000, -1.745741680554692300E-014 ) ) ;
#2483 = VECTOR ( 'NONE', #40, 1000.000000000000000 ) ;
#2484 = ORIENTED_EDGE ( 'NONE', *, *, #4193, .T. ) ;
#2485 = FILL_AREA_STYLE_COLOUR ( '', #3630 ) ;
#2486 = DIRECTION ( 'NONE',  ( -1.000000000000000000, -7.300652170296560700E-029, 2.524354896707237800E-029 ) ) ;
#2487 = AXIS2_PLACEMENT_3D ( 'NONE', #2715, #2342, #3743 ) ;
#2488 = CARTESIAN_POINT ( 'NONE',  ( 4.599999999999998800, -4.200000000000089000, -4.949999999999928200 ) ) ;
#2489 = ORIENTED_EDGE ( 'NONE', *, *, #2563, .T. ) ;
#2490 = VECTOR ( 'NONE', #936, 1000.000000000000000 ) ;
#2491 = VERTEX_POINT ( 'NONE', #261 ) ;
#2492 = CARTESIAN_POINT ( 'NONE',  ( 3.600000000000000100, -3.950000000000079200, -4.399999999999931100 ) ) ;
#2493 = ORIENTED_EDGE ( 'NONE', *, *, #689, .T. ) ;
#2494 = SURFACE_SIDE_STYLE ('',( #1099 ) ) ;
#2495 =( NAMED_UNIT ( * ) SI_UNIT ( $, .STERADIAN. ) SOLID_ANGLE_UNIT ( ) );
#2496 = CARTESIAN_POINT ( 'NONE',  ( 7.825000000000000200, -0.05000000000003635600, -2.100000000000000100 ) ) ;
#2497 = VECTOR ( 'NONE', #2792, 1000.000000000000000 ) ;
#2498 = EDGE_CURVE ( 'NONE', #3321, #1082, #1251, .T. ) ;
#2499 = ORIENTED_EDGE ( 'NONE', *, *, #529, .F. ) ;
#2500 = STYLED_ITEM ( 'NONE', ( #4112 ), #1862 ) ;
#2501 = ADVANCED_FACE ( 'NONE', ( #1300 ), #2220, .F. ) ;
#2502 = CARTESIAN_POINT ( 'NONE',  ( 2.973773367772645300E-028, -4.049999999999999800, 7.156989980045342800E-014 ) ) ;
#2503 = CARTESIAN_POINT ( 'NONE',  ( 0.7499999999999997800, 1.949999999999936700, -3.650000000000033700 ) ) ;
#2504 = ORIENTED_EDGE ( 'NONE', *, *, #28, .T. ) ;
#2505 = ADVANCED_FACE ( 'NONE', ( #93 ), #1883, .F. ) ;
#2506 = DIRECTION ( 'NONE',  ( 1.000000000000000000, 5.823394084321229800E-029, -8.462065736472487200E-016 ) ) ;
#2507 = CARTESIAN_POINT ( 'NONE',  ( 0.6999999999999992900, -2.600000000000010300, -0.5999999999999546800 ) ) ;
#2508 = ORIENTED_EDGE ( 'NONE', *, *, #1717, .T. ) ;
#2509 = SURFACE_SIDE_STYLE ('',( #1787 ) ) ;
#2510 = FILL_AREA_STYLE ('',( #2190 ) ) ;
#2511 = PLANE ( 'NONE',  #2547 ) ;
#2512 = FILL_AREA_STYLE ('',( #2177 ) ) ;
#2513 = ORIENTED_EDGE ( 'NONE', *, *, #3741, .T. ) ;
#2514 = MECHANICAL_DESIGN_GEOMETRIC_PRESENTATION_REPRESENTATION (  '', ( #154 ), #1619 ) ;
#2515 = PLANE ( 'NONE',  #1128 ) ;
#2516 = LINE ( 'NONE', #2919, #619 ) ;
#2517 = CARTESIAN_POINT ( 'NONE',  ( 2.274999999999999500, -0.05000000000003111700, -1.799999999999999800 ) ) ;
#2518 = ORIENTED_EDGE ( 'NONE', *, *, #1271, .T. ) ;
#2519 = SURFACE_STYLE_FILL_AREA ( #3658 ) ;
#2520 = VECTOR ( 'NONE', #1024, 1000.000000000000000 ) ;
#2521 = PLANE ( 'NONE',  #1481 ) ;
#2522 = PLANE ( 'NONE',  #2000 ) ;
#2523 = FACE_OUTER_BOUND ( 'NONE', #2854, .T. ) ;
#2524 = VECTOR ( 'NONE', #107, 1000.000000000000000 ) ;
#2525 = PRESENTATION_STYLE_ASSIGNMENT (( #2652 ) ) ;
#2526 = CARTESIAN_POINT ( 'NONE',  ( 6.599999999999998800, -4.200000000000072100, -3.949999999999929100 ) ) ;
#2527 = EDGE_CURVE ( 'NONE', #4462, #3100, #1052, .T. ) ;
#2528 = CARTESIAN_POINT ( 'NONE',  ( 3.600000000000000100, -3.900000000000088700, -4.949999999999934500 ) ) ;
#2529 = ORIENTED_EDGE ( 'NONE', *, *, #637, .T. ) ;
#2530 = CARTESIAN_POINT ( 'NONE',  ( 0.3000000000000004900, -2.149999999999999900, -0.009999999999958210700 ) ) ;
#2531 = DIRECTION ( 'NONE',  ( 2.524354896707237800E-029, 1.745741680554692000E-014, 1.000000000000000000 ) ) ;
#2532 = LINE ( 'NONE', #3067, #1084 ) ;
#2533 = ADVANCED_FACE ( 'NONE', ( #4026 ), #2560, .F. ) ;
#2534 = CARTESIAN_POINT ( 'NONE',  ( 1.599999999999999600, -4.200000000000089000, -4.949999999999927300 ) ) ;
#2535 = LINE ( 'NONE', #3346, #1204 ) ;
#2536 =( LENGTH_UNIT ( ) NAMED_UNIT ( * ) SI_UNIT ( .MILLI., .METRE. ) );
#2537 = EDGE_CURVE ( 'NONE', #3489, #3321, #266, .T. ) ;
#2538 = CARTESIAN_POINT ( 'NONE',  ( 6.599999999999998800, -3.950000000000061900, -3.449999999999930900 ) ) ;
#2539 = STYLED_ITEM ( 'NONE', ( #1939 ), #2501 ) ;
#2540 = DIRECTION ( 'NONE',  ( -7.342650290796655500E-029, 1.000000000000000000, -1.733180801727116300E-014 ) ) ;
#2541 = DIRECTION ( 'NONE',  ( 1.000000000000000000, 5.823394084321229800E-029, -8.462065736472487200E-016 ) ) ;
#2542 = EDGE_CURVE ( 'NONE', #100, #2301, #3318, .T. ) ;
#2543 = UNCERTAINTY_MEASURE_WITH_UNIT (LENGTH_MEASURE( 1.000000000000000100E-005 ), #2548, 'distance_accuracy_value', 'NONE');
#2544 = VECTOR ( 'NONE', #3084, 1000.000000000000000 ) ;
#2545 = CARTESIAN_POINT ( 'NONE',  ( 7.825000000000000200, -4.159046182766896700, -0.5999999999999282600 ) ) ;
#2546 = EDGE_LOOP ( 'NONE', ( #1363, #3672, #447, #4421 ) ) ;
#2547 = AXIS2_PLACEMENT_3D ( 'NONE', #1124, #2146, #4260 ) ;
#2548 =( LENGTH_UNIT ( ) NAMED_UNIT ( * ) SI_UNIT ( .MILLI., .METRE. ) );
#2549 = CARTESIAN_POINT ( 'NONE',  ( 7.825000000000000200, -0.05000000000003374000, -1.950000000000000600 ) ) ;
#2550 =( NAMED_UNIT ( * ) SI_UNIT ( $, .STERADIAN. ) SOLID_ANGLE_UNIT ( ) );
#2551 = ORIENTED_EDGE ( 'NONE', *, *, #3842, .F. ) ;
#2552 = VECTOR ( 'NONE', #248, 1000.000000000000000 ) ;
#2553 = LINE ( 'NONE', #2683, #1331 ) ;
#2554 = VERTEX_POINT ( 'NONE', #3810 ) ;
#2555 = ORIENTED_EDGE ( 'NONE', *, *, #545, .F. ) ;
#2556 = ORIENTED_EDGE ( 'NONE', *, *, #4228, .F. ) ;
#2557 = DIRECTION ( 'NONE',  ( 2.524354896707237800E-029, 1.745741680554692000E-014, 1.000000000000000000 ) ) ;
#2558 = ADVANCED_FACE ( 'NONE', ( #592 ), #1412, .F. ) ;
#2559 = FACE_OUTER_BOUND ( 'NONE', #1109, .T. ) ;
#2560 = PLANE ( 'NONE',  #2390 ) ;
#2561 = DIRECTION ( 'NONE',  ( 2.524354896707236100E-029, 1.769835062165480900E-014, 1.000000000000000000 ) ) ;
#2562 = UNCERTAINTY_MEASURE_WITH_UNIT (LENGTH_MEASURE( 1.000000000000000100E-005 ), #3537, 'distance_accuracy_value', 'NONE');
#2563 = EDGE_CURVE ( 'NONE', #2972, #1986, #694, .T. ) ;
#2564 = ORIENTED_EDGE ( 'NONE', *, *, #2113, .T. ) ;
#2565 = DIRECTION ( 'NONE',  ( -2.524354896707237800E-029, -1.745741680554692300E-014, -1.000000000000000000 ) ) ;
#2566 = VERTEX_POINT ( 'NONE', #3823 ) ;
#2567 = CARTESIAN_POINT ( 'NONE',  ( 1.599999999999999600, -3.900000000000079400, -4.399999999999932900 ) ) ;
#2568 = DIRECTION ( 'NONE',  ( -1.000000000000000000, -7.342650290796611800E-029, 2.524354896707238300E-029 ) ) ;
#2569 = ORIENTED_EDGE ( 'NONE', *, *, #3741, .F. ) ;
#2570 = PRESENTATION_STYLE_ASSIGNMENT (( #4023 ) ) ;
#2571 = EDGE_CURVE ( 'NONE', #2017, #3439, #3694, .T. ) ;
#2572 = AXIS2_PLACEMENT_3D ( 'NONE', #2398, #374, #1738 ) ;
#2573 = FILL_AREA_STYLE ('',( #2181 ) ) ;
#2574 = PLANE ( 'NONE',  #3512 ) ;
#2575 = DIRECTION ( 'NONE',  ( -5.782411586589609100E-016, -1.745741680554692000E-014, -1.000000000000000000 ) ) ;
#2576 = ORIENTED_EDGE ( 'NONE', *, *, #2072, .T. ) ;
#2577 = ORIENTED_EDGE ( 'NONE', *, *, #1953, .T. ) ;
#2578 = FILL_AREA_STYLE_COLOUR ( '', #918 ) ;
#2579 = SURFACE_SIDE_STYLE ('',( #1580 ) ) ;
#2580 = CARTESIAN_POINT ( 'NONE',  ( 3.600000000000000100, -3.950000000000071700, -3.949999999999932700 ) ) ;
#2581 = VERTEX_POINT ( 'NONE', #2454 ) ;
#2582 = ORIENTED_EDGE ( 'NONE', *, *, #3390, .T. ) ;
#2583 = VECTOR ( 'NONE', #2774, 1000.000000000000000 ) ;
#2584 = DIRECTION ( 'NONE',  ( 7.300652170296604500E-029, -1.000000000000000000, 1.745741680554692300E-014 ) ) ;
#2585 = PLANE ( 'NONE',  #3505 ) ;
#2586 = PLANE ( 'NONE',  #1714 ) ;
#2587 = EDGE_CURVE ( 'NONE', #2820, #4437, #4134, .T. ) ;
#2588 = ORIENTED_EDGE ( 'NONE', *, *, #1258, .T. ) ;
#2589 = PRESENTATION_STYLE_ASSIGNMENT (( #244 ) ) ;
#2590 = CARTESIAN_POINT ( 'NONE',  ( 6.599999999999998800, -4.200000000000089000, -4.949999999999929100 ) ) ;
#2591 = CARTESIAN_POINT ( 'NONE',  ( 6.724999999999999600, -4.050000000000007800, -0.3499999999999284800 ) ) ;
#2592 = CARTESIAN_POINT ( 'NONE',  ( 0.5000000000000004400, -4.200000000000002000, -0.009999999999922680100 ) ) ;
#2593 = SURFACE_STYLE_FILL_AREA ( #4025 ) ;
#2594 = ORIENTED_EDGE ( 'NONE', *, *, #3378, .F. ) ;
#2595 = LINE ( 'NONE', #658, #3414 ) ;
#2596 = LINE ( 'NONE', #3078, #634 ) ;
#2597 =( LENGTH_UNIT ( ) NAMED_UNIT ( * ) SI_UNIT ( .MILLI., .METRE. ) );
#2598 = CARTESIAN_POINT ( 'NONE',  ( 1.174999999999998900, -2.600000000000010300, -0.5999999999999546800 ) ) ;
#2599 = FACE_OUTER_BOUND ( 'NONE', #1457, .T. ) ;
#2600 = DIRECTION ( 'NONE',  ( -1.000000000000000000, -7.300652170296560700E-029, 2.524354896707237800E-029 ) ) ;
#2601 = LINE ( 'NONE', #2492, #1464 ) ;
#2602 = EDGE_CURVE ( 'NONE', #4437, #1062, #2970, .T. ) ;
#2603 = CARTESIAN_POINT ( 'NONE',  ( 8.699999999999997500, -2.150000000000038100, -2.209999999999961800 ) ) ;
#2604 = MECHANICAL_DESIGN_GEOMETRIC_PRESENTATION_REPRESENTATION (  '', ( #5 ), #3462 ) ;
#2605 = LINE ( 'NONE', #502, #2273 ) ;
#2606 = EDGE_CURVE ( 'NONE', #2443, #3828, #740, .T. ) ;
#2607 = CARTESIAN_POINT ( 'NONE',  ( 3.600000000000000100, -4.200000000000089000, -4.949999999999928200 ) ) ;
#2608 = LINE ( 'NONE', #4255, #417 ) ;
#2609 = ORIENTED_EDGE ( 'NONE', *, *, #3235, .F. ) ;
#2610 = VECTOR ( 'NONE', #1497, 1000.000000000000000 ) ;
#2611 = VECTOR ( 'NONE', #2169, 1000.000000000000000 ) ;
#2612 = ORIENTED_EDGE ( 'NONE', *, *, #4310, .T. ) ;
#2613 =( NAMED_UNIT ( * ) SI_UNIT ( $, .STERADIAN. ) SOLID_ANGLE_UNIT ( ) );
#2614 = SURFACE_STYLE_FILL_AREA ( #2769 ) ;
#2615 = ORIENTED_EDGE ( 'NONE', *, *, #959, .F. ) ;
#2616 = AXIS2_PLACEMENT_3D ( 'NONE', #3890, #3493, #2124 ) ;
#2617 = ORIENTED_EDGE ( 'NONE', *, *, #868, .T. ) ;
#2618 = FILL_AREA_STYLE_COLOUR ( '', #3447 ) ;
#2619 = VERTEX_POINT ( 'NONE', #3455 ) ;
#2620 = FILL_AREA_STYLE ('',( #4403 ) ) ;
#2621 = CARTESIAN_POINT ( 'NONE',  ( 7.825000000000000200, -4.159046182766922500, -2.099999999999928600 ) ) ;
#2622 = ORIENTED_EDGE ( 'NONE', *, *, #1728, .T. ) ;
#2623 = ORIENTED_EDGE ( 'NONE', *, *, #2395, .F. ) ;
#2624 = DIRECTION ( 'NONE',  ( 1.000000000000000000, 7.342650290796611800E-029, -2.524354896707238300E-029 ) ) ;
#2625 = UNCERTAINTY_MEASURE_WITH_UNIT (LENGTH_MEASURE( 1.000000000000000100E-005 ), #226, 'distance_accuracy_value', 'NONE');
#2626 = EDGE_CURVE ( 'NONE', #1723, #1392, #2659, .T. ) ;
#2627 = PRESENTATION_LAYER_ASSIGNMENT (  '', '', ( #4196 ) ) ;
#2628 = CARTESIAN_POINT ( 'NONE',  ( 2.600000000000000100, -4.200000000000089000, -4.949999999999927300 ) ) ;
#2629 = ORIENTED_EDGE ( 'NONE', *, *, #2415, .T. ) ;
#2630 = CARTESIAN_POINT ( 'NONE',  ( 6.599999999999998800, -4.050000000000079800, -4.399999999999929300 ) ) ;
#2631 = CARTESIAN_POINT ( 'NONE',  ( 8.699999999999999300, -2.149999999999999900, -0.009999999999961763400 ) ) ;
#2632 = PRESENTATION_LAYER_ASSIGNMENT (  '', '', ( #1715 ) ) ;
#2633 = PLANE ( 'NONE',  #984 ) ;
#2634 = DIRECTION ( 'NONE',  ( 7.342650290796655500E-029, -1.000000000000000000, 1.745741680554692300E-014 ) ) ;
#2635 = ORIENTED_EDGE ( 'NONE', *, *, #2636, .F. ) ;
#2636 = EDGE_CURVE ( 'NONE', #3780, #2675, #3799, .T. ) ;
#2637 = ORIENTED_EDGE ( 'NONE', *, *, #1966, .F. ) ;
#2638 = DIRECTION ( 'NONE',  ( 7.342650290796655500E-029, -1.000000000000000000, 1.745741680554692300E-014 ) ) ;
#2639 = PRESENTATION_LAYER_ASSIGNMENT (  '', '', ( #1557 ) ) ;
#2640 = CARTESIAN_POINT ( 'NONE',  ( 3.249999999999999100, -1.800000000000023600, -1.349999999999967400 ) ) ;
#2641 = CARTESIAN_POINT ( 'NONE',  ( 8.499999999999998200, -2.149999999999999900, 3.391594463011052400E-014 ) ) ;
#2642 = FACE_OUTER_BOUND ( 'NONE', #4114, .T. ) ;
#2643 = EDGE_LOOP ( 'NONE', ( #1598, #573, #4092, #422 ) ) ;
#2644 = DIRECTION ( 'NONE',  ( -7.342650290796655500E-029, 1.000000000000000000, -1.745741680554692300E-014 ) ) ;
#2645 = LINE ( 'NONE', #2628, #3115 ) ;
#2646 = ORIENTED_EDGE ( 'NONE', *, *, #2314, .F. ) ;
#2647 = LINE ( 'NONE', #2978, #1733 ) ;
#2648 = VECTOR ( 'NONE', #384, 1000.000000000000000 ) ;
#2649 = EDGE_CURVE ( 'NONE', #2675, #2064, #3918, .T. ) ;
#2650 = ADVANCED_FACE ( 'NONE', ( #3256 ), #145, .T. ) ;
#2651 = CARTESIAN_POINT ( 'NONE',  ( 5.749999999999999100, -0.6100000000000314100, -1.799999999999990100 ) ) ;
#2653 = DIRECTION ( 'NONE',  ( -7.342650290796655500E-029, 1.000000000000000000, -1.745741680554692300E-014 ) ) ;
#2652 = SURFACE_STYLE_USAGE ( .BOTH. , #3972 ) ;
#2654 = EDGE_CURVE ( 'NONE', #418, #3262, #4181, .T. ) ;
#2655 = DIRECTION ( 'NONE',  ( -7.342650290796655500E-029, 1.000000000000000000, -1.745741680554692300E-014 ) ) ;
#2656 =( NAMED_UNIT ( * ) SI_UNIT ( $, .STERADIAN. ) SOLID_ANGLE_UNIT ( ) );
#2657 = SURFACE_SIDE_STYLE ('',( #2252 ) ) ;
#2658 = VECTOR ( 'NONE', #3772, 1000.000000000000000 ) ;
#2659 = LINE ( 'NONE', #2748, #2483 ) ;
#2660 = ORIENTED_EDGE ( 'NONE', *, *, #3592, .T. ) ;
#2661 = DIRECTION ( 'NONE',  ( -2.524354896707237800E-029, -1.745741680554692000E-014, -1.000000000000000000 ) ) ;
#2662 = ORIENTED_EDGE ( 'NONE', *, *, #2085, .T. ) ;
#2663 = EDGE_CURVE ( 'NONE', #4062, #3445, #3370, .T. ) ;
#2664 = ORIENTED_EDGE ( 'NONE', *, *, #3093, .T. ) ;
#2665 = DIRECTION ( 'NONE',  ( 1.000000000000000000, 7.300652170296560700E-029, -2.524354896707237800E-029 ) ) ;
#2666 = PLANE ( 'NONE',  #3380 ) ;
#2667 = ORIENTED_EDGE ( 'NONE', *, *, #1728, .F. ) ;
#2669 = DIRECTION ( 'NONE',  ( 8.462065736472486200E-016, 1.745741680554692000E-014, 1.000000000000000000 ) ) ;
#2668 = FILL_AREA_STYLE ('',( #295 ) ) ;
#2670 = EDGE_CURVE ( 'NONE', #4368, #2581, #1744, .T. ) ;
#2671 = LINE ( 'NONE', #4299, #3864 ) ;
#2672 = AXIS2_PLACEMENT_3D ( 'NONE', #4195, #4179, #2445 ) ;
#2673 = VERTEX_POINT ( 'NONE', #2859 ) ;
#2674 = DIRECTION ( 'NONE',  ( 2.524354896707237800E-029, 1.745741680554692300E-014, 1.000000000000000000 ) ) ;
#2675 = VERTEX_POINT ( 'NONE', #1519 ) ;
#2676 = PLANE ( 'NONE',  #1940 ) ;
#2677 = DIRECTION ( 'NONE',  ( -1.000000000000000000, -7.300652170296560700E-029, 2.524354896707237800E-029 ) ) ;
#2678 = ADVANCED_FACE ( 'NONE', ( #1798 ), #2522, .T. ) ;
#2679 = ORIENTED_EDGE ( 'NONE', *, *, #1742, .T. ) ;
#2680 = ORIENTED_EDGE ( 'NONE', *, *, #52, .F. ) ;
#2681 = LINE ( 'NONE', #615, #981 ) ;
#2682 = ORIENTED_EDGE ( 'NONE', *, *, #765, .T. ) ;
#2683 = CARTESIAN_POINT ( 'NONE',  ( 0.5000000000000000000, 1.299999999999935000, -3.750000000000023100 ) ) ;
#2684 = SURFACE_SIDE_STYLE ('',( #722 ) ) ;
#2685 = EDGE_CURVE ( 'NONE', #3391, #1556, #1262, .T. ) ;
#2686 = PRESENTATION_LAYER_ASSIGNMENT (  '', '', ( #1843 ) ) ;
#2688 = CARTESIAN_POINT ( 'NONE',  ( 2.600000000000000100, -3.900000000000088700, -4.949999999999933600 ) ) ;
#2687 = DIRECTION ( 'NONE',  ( -1.000000000000000000, -7.342650290796611800E-029, 2.524354896707238300E-029 ) ) ;
#2689 = ORIENTED_EDGE ( 'NONE', *, *, #3571, .F. ) ;
#2690 = PLANE ( 'NONE',  #1891 ) ;
#2691 = EDGE_CURVE ( 'NONE', #3087, #3061, #4461, .T. ) ;
#2692 = VERTEX_POINT ( 'NONE', #2135 ) ;
#2693 = ORIENTED_EDGE ( 'NONE', *, *, #2756, .T. ) ;
#2694 = AXIS2_PLACEMENT_3D ( 'NONE', #378, #4190, #3099 ) ;
#2695 = VECTOR ( 'NONE', #1925, 1000.000000000000000 ) ;
#2696 = ORIENTED_EDGE ( 'NONE', *, *, #2587, .F. ) ;
#2697 =( GEOMETRIC_REPRESENTATION_CONTEXT ( 3 ) GLOBAL_UNCERTAINTY_ASSIGNED_CONTEXT ( ( #2543 ) ) GLOBAL_UNIT_ASSIGNED_CONTEXT ( ( #2548, #3558, #4314 ) ) REPRESENTATION_CONTEXT ( 'NONE', 'WORKASPACE' ) );
#2698 = LINE ( 'NONE', #3349, #1582 ) ;
#2699 = DIRECTION ( 'NONE',  ( 1.000000000000000000, 7.300652170296560700E-029, -2.524354896707237800E-029 ) ) ;
#2700 = LINE ( 'NONE', #2051, #1779 ) ;
#2701 = VECTOR ( 'NONE', #2331, 1000.000000000000000 ) ;
#2702 = CARTESIAN_POINT ( 'NONE',  ( 9.000000000000000000, -4.049999999999999800, 7.156989980045321400E-014 ) ) ;
#2703 = DIRECTION ( 'NONE',  ( -1.000000000000000000, -7.199706201088246900E-029, 5.782411586591883000E-017 ) ) ;
#2704 = VECTOR ( 'NONE', #3674, 1000.000000000000000 ) ;
#2705 = EDGE_CURVE ( 'NONE', #385, #4462, #2968, .T. ) ;
#2706 = SURFACE_STYLE_FILL_AREA ( #733 ) ;
#2707 = ORIENTED_EDGE ( 'NONE', *, *, #2861, .F. ) ;
#2709 = DIRECTION ( 'NONE',  ( -1.000000000000000000, -7.300652170296560700E-029, 2.524354896707237800E-029 ) ) ;
#2708 = DIRECTION ( 'NONE',  ( -7.286191275072356600E-029, 1.000000000000000000, -1.679021546863276600E-014 ) ) ;
#2710 = VECTOR ( 'NONE', #2334, 1000.000000000000000 ) ;
#2711 =( LENGTH_UNIT ( ) NAMED_UNIT ( * ) SI_UNIT ( .MILLI., .METRE. ) );
#2712 =( GEOMETRIC_REPRESENTATION_CONTEXT ( 3 ) GLOBAL_UNCERTAINTY_ASSIGNED_CONTEXT ( ( #3079 ) ) GLOBAL_UNIT_ASSIGNED_CONTEXT ( ( #285, #4073, #940 ) ) REPRESENTATION_CONTEXT ( 'NONE', 'WORKASPACE' ) );
#2713 = DIRECTION ( 'NONE',  ( -7.300652170296604500E-029, 1.000000000000000000, -1.745741680554692300E-014 ) ) ;
#2714 = PRESENTATION_LAYER_ASSIGNMENT (  '', '', ( #2939 ) ) ;
#2715 = CARTESIAN_POINT ( 'NONE',  ( 4.599999999999998800, -3.950000000000061900, -3.449999999999930000 ) ) ;
#2716 = ORIENTED_EDGE ( 'NONE', *, *, #1243, .T. ) ;
#2717 = VERTEX_POINT ( 'NONE', #449 ) ;
#2718 = ORIENTED_EDGE ( 'NONE', *, *, #840, .F. ) ;
#2719 = VERTEX_POINT ( 'NONE', #2121 ) ;
#2720 = DIRECTION ( 'NONE',  ( -1.000000000000000000, -7.300652170296560700E-029, 2.524354896707237800E-029 ) ) ;
#2721 = CARTESIAN_POINT ( 'NONE',  ( 0.5000000000000000000, -4.050000000000038900, -2.249999999999928900 ) ) ;
#2722 = CARTESIAN_POINT ( 'NONE',  ( 2.369131282038875800E-028, -3.450000000000011300, -0.6499999999999399600 ) ) ;
#2723 = FILL_AREA_STYLE_COLOUR ( '', #2966 ) ;
#2724 = EDGE_LOOP ( 'NONE', ( #3092, #1141, #650, #1983 ) ) ;
#2725 = MECHANICAL_DESIGN_GEOMETRIC_PRESENTATION_REPRESENTATION (  '', ( #684 ), #3788 ) ;
#2726 = ORIENTED_EDGE ( 'NONE', *, *, #1021, .F. ) ;
#2727 = CARTESIAN_POINT ( 'NONE',  ( 8.499999999999996400, -4.050000000000038900, -2.249999999999932500 ) ) ;
#2728 = ORIENTED_EDGE ( 'NONE', *, *, #1271, .F. ) ;
#2729 = EDGE_CURVE ( 'NONE', #3117, #818, #365, .T. ) ;
#2730 = MECHANICAL_DESIGN_GEOMETRIC_PRESENTATION_REPRESENTATION (  '', ( #1343 ), #2028 ) ;
#2731 = UNCERTAINTY_MEASURE_WITH_UNIT (LENGTH_MEASURE( 1.000000000000000100E-005 ), #1079, 'distance_accuracy_value', 'NONE');
#2732 = SURFACE_STYLE_FILL_AREA ( #2512 ) ;
#2733 = ORIENTED_EDGE ( 'NONE', *, *, #1961, .F. ) ;
#2734 = DIRECTION ( 'NONE',  ( 7.365586765934652400E-029, -1.000000000000000000, 1.772846734866829600E-014 ) ) ;
#2735 = DIRECTION ( 'NONE',  ( -1.000000000000000000, -7.300652170296560700E-029, 2.524354896707237800E-029 ) ) ;
#2736 = VECTOR ( 'NONE', #1202, 1000.000000000000000 ) ;
#2737 = ORIENTED_EDGE ( 'NONE', *, *, #3369, .F. ) ;
#2738 = LINE ( 'NONE', #400, #3956 ) ;
#2739 = FACE_OUTER_BOUND ( 'NONE', #2546, .T. ) ;
#2740 = VECTOR ( 'NONE', #4058, 1000.000000000000000 ) ;
#2741 = ORIENTED_EDGE ( 'NONE', *, *, #589, .F. ) ;
#2742 = VECTOR ( 'NONE', #1594, 1000.000000000000000 ) ;
#2743 = CARTESIAN_POINT ( 'NONE',  ( 0.3000000000000004900, -4.200000000000040100, -2.209999999999923100 ) ) ;
#2744 = STYLED_ITEM ( 'NONE', ( #214 ), #4054 ) ;
#2745 = UNCERTAINTY_MEASURE_WITH_UNIT (LENGTH_MEASURE( 1.000000000000000100E-005 ), #596, 'distance_accuracy_value', 'NONE');
#2746 = VECTOR ( 'NONE', #4378, 1000.000000000000000 ) ;
#2747 = DIRECTION ( 'NONE',  ( 0.0000000000000000000, 0.0000000000000000000, 1.000000000000000000 ) ) ;
#2748 = CARTESIAN_POINT ( 'NONE',  ( 8.499999999999998200, -2.149999999999999900, -0.009999999999961595200 ) ) ;
#2749 = VECTOR ( 'NONE', #1752, 1000.000000000000000 ) ;
#2750 = ORIENTED_EDGE ( 'NONE', *, *, #576, .T. ) ;
#2751 = EDGE_CURVE ( 'NONE', #3439, #3101, #913, .T. ) ;
#2752 = SURFACE_STYLE_FILL_AREA ( #1129 ) ;
#2753 = CARTESIAN_POINT ( 'NONE',  ( 1.599999999999999600, -4.200000000000089000, -4.949999999999927300 ) ) ;
#2754 = FILL_AREA_STYLE ('',( #346 ) ) ;
#2755 = DIRECTION ( 'NONE',  ( -2.524354896707235800E-029, -1.772846734866829600E-014, -1.000000000000000000 ) ) ;
#2756 = EDGE_CURVE ( 'NONE', #2717, #161, #3031, .T. ) ;
#2757 = LINE ( 'NONE', #3053, #1967 ) ;
#2758 = EDGE_CURVE ( 'NONE', #1799, #2972, #2608, .T. ) ;
#2759 = EDGE_LOOP ( 'NONE', ( #1538, #1218, #1969, #1622 ) ) ;
#2760 = DIRECTION ( 'NONE',  ( 7.359331363624288500E-029, -1.000000000000000000, 1.745741680554692300E-014 ) ) ;
#2761 = ORIENTED_EDGE ( 'NONE', *, *, #1672, .T. ) ;
#2762 = PRESENTATION_STYLE_ASSIGNMENT (( #2090 ) ) ;
#2763 = VERTEX_POINT ( 'NONE', #1854 ) ;
#2764 = EDGE_CURVE ( 'NONE', #3160, #3088, #143, .T. ) ;
#2765 = VERTEX_POINT ( 'NONE', #3555 ) ;
#2766 = VERTEX_POINT ( 'NONE', #3224 ) ;
#2767 = CARTESIAN_POINT ( 'NONE',  ( 0.5000000000000000000, -0.3000000000000767600, -4.399999999999995900 ) ) ;
#2768 = VECTOR ( 'NONE', #527, 1000.000000000000000 ) ;
#2769 = FILL_AREA_STYLE ('',( #1761 ) ) ;
#2770 = EDGE_LOOP ( 'NONE', ( #2274, #2551, #1384, #942 ) ) ;
#2771 = CARTESIAN_POINT ( 'NONE',  ( 8.499999999999998200, -3.450000000000011300, -0.6499999999999432900 ) ) ;
#2772 = VERTEX_POINT ( 'NONE', #510 ) ;
#2773 = EDGE_CURVE ( 'NONE', #4322, #3750, #2913, .T. ) ;
#2774 = DIRECTION ( 'NONE',  ( -7.342650290796655500E-029, 1.000000000000000000, -1.724586516213511400E-014 ) ) ;
#2775 = ORIENTED_EDGE ( 'NONE', *, *, #2186, .F. ) ;
#2776 = ORIENTED_EDGE ( 'NONE', *, *, #3274, .F. ) ;
#2777 = UNCERTAINTY_MEASURE_WITH_UNIT (LENGTH_MEASURE( 1.000000000000000100E-005 ), #3342, 'distance_accuracy_value', 'NONE');
#2778 = DIRECTION ( 'NONE',  ( 2.524354896707237800E-029, 1.745741680554692300E-014, 1.000000000000000000 ) ) ;
#2779 = EDGE_LOOP ( 'NONE', ( #4194, #436, #2693, #4098 ) ) ;
#2780 = EDGE_CURVE ( 'NONE', #663, #2866, #3748, .T. ) ;
#2781 = MECHANICAL_DESIGN_GEOMETRIC_PRESENTATION_REPRESENTATION (  '', ( #2500 ), #1579 ) ;
#2782 = LINE ( 'NONE', #3702, #1450 ) ;
#2783 = PLANE ( 'NONE',  #645 ) ;
#2784 = VECTOR ( 'NONE', #3322, 1000.000000000000000 ) ;
#2785 = VERTEX_POINT ( 'NONE', #3490 ) ;
#2786 = ADVANCED_FACE ( 'NONE', ( #1951 ), #1396, .T. ) ;
#2787 = VECTOR ( 'NONE', #2006, 1000.000000000000000 ) ;
#2788 =( LENGTH_UNIT ( ) NAMED_UNIT ( * ) SI_UNIT ( .MILLI., .METRE. ) );
#2789 = SURFACE_SIDE_STYLE ('',( #2732 ) ) ;
#2790 = FACE_OUTER_BOUND ( 'NONE', #3400, .T. ) ;
#2791 = FACE_OUTER_BOUND ( 'NONE', #220, .T. ) ;
#2792 = DIRECTION ( 'NONE',  ( -2.524354896707237800E-029, -1.745741680554692000E-014, -1.000000000000000000 ) ) ;
#2793 = FILL_AREA_STYLE_COLOUR ( '', #2975 ) ;
#2794 = VECTOR ( 'NONE', #1075, 1000.000000000000000 ) ;
#2795 = VECTOR ( 'NONE', #3207, 1000.000000000000000 ) ;
#2796 = AXIS2_PLACEMENT_3D ( 'NONE', #3086, #788, #3520 ) ;
#2797 = ORIENTED_EDGE ( 'NONE', *, *, #1514, .T. ) ;
#2798 = ORIENTED_EDGE ( 'NONE', *, *, #3238, .F. ) ;
#2799 = LINE ( 'NONE', #3567, #2480 ) ;
#2800 = VECTOR ( 'NONE', #837, 1000.000000000000000 ) ;
#2801 = CARTESIAN_POINT ( 'NONE',  ( 7.599999999999998800, -3.900000000000079400, -4.399999999999932900 ) ) ;
#2802 = ORIENTED_EDGE ( 'NONE', *, *, #3978, .T. ) ;
#2803 = DIRECTION ( 'NONE',  ( -1.000000000000000000, -7.300652170296560700E-029, 2.524354896707237800E-029 ) ) ;
#2804 = LINE ( 'NONE', #1974, #1220 ) ;
#2805 = DIRECTION ( 'NONE',  ( 2.524354896707237800E-029, 1.745741680554692000E-014, 1.000000000000000000 ) ) ;
#2806 = EDGE_CURVE ( 'NONE', #3496, #100, #2098, .T. ) ;
#2807 = ORIENTED_EDGE ( 'NONE', *, *, #2780, .T. ) ;
#2808 = PRESENTATION_LAYER_ASSIGNMENT (  '', '', ( #4331 ) ) ;
#2809 = ADVANCED_FACE ( 'NONE', ( #3510 ), #2071, .F. ) ;
#2810 = EDGE_CURVE ( 'NONE', #2619, #1353, #3633, .T. ) ;
#2811 =( LENGTH_UNIT ( ) NAMED_UNIT ( * ) SI_UNIT ( .MILLI., .METRE. ) );
#2812 = ADVANCED_FACE ( 'NONE', ( #3184 ), #2783, .F. ) ;
#2813 = VECTOR ( 'NONE', #1734, 1000.000000000000000 ) ;
#2814 = CARTESIAN_POINT ( 'NONE',  ( 5.599999999999998800, -4.050000000000071800, -3.949999999999931800 ) ) ;
#2815 = CARTESIAN_POINT ( 'NONE',  ( 1.599999999999999600, -4.200000000000089000, -4.949999999999927300 ) ) ;
#2816 = DIRECTION ( 'NONE',  ( -7.342650290796655500E-029, 1.000000000000000000, -1.745741680554692300E-014 ) ) ;
#2817 = EDGE_LOOP ( 'NONE', ( #2952, #3280, #1778, #18 ) ) ;
#2818 =( GEOMETRIC_REPRESENTATION_CONTEXT ( 3 ) GLOBAL_UNCERTAINTY_ASSIGNED_CONTEXT ( ( #504 ) ) GLOBAL_UNIT_ASSIGNED_CONTEXT ( ( #1263, #1237, #3304 ) ) REPRESENTATION_CONTEXT ( 'NONE', 'WORKASPACE' ) );
#2819 = CARTESIAN_POINT ( 'NONE',  ( 0.5000000000000000000, -4.050000000000011400, -0.6499999999999295200 ) ) ;
#2820 = VERTEX_POINT ( 'NONE', #1764 ) ;
#2821 = CARTESIAN_POINT ( 'NONE',  ( 4.399999999999999500, -3.950000000000071700, -3.949999999999932700 ) ) ;
#2822 = ADVANCED_FACE ( 'NONE', ( #2791 ), #1116, .F. ) ;
#2823 = SURFACE_STYLE_FILL_AREA ( #3216 ) ;
#2824 = ORIENTED_EDGE ( 'NONE', *, *, #1127, .T. ) ;
#2825 = LINE ( 'NONE', #1873, #1295 ) ;
#2826 = EDGE_CURVE ( 'NONE', #2301, #501, #958, .T. ) ;
#2827 = DIRECTION ( 'NONE',  ( -2.524354896707237800E-029, -1.745741680554692000E-014, -1.000000000000000000 ) ) ;
#2828 = AXIS2_PLACEMENT_3D ( 'NONE', #636, #1987, #3682 ) ;
#2829 = ADVANCED_FACE ( 'NONE', ( #1591 ), #2521, .F. ) ;
#2830 = LINE ( 'NONE', #575, #3013 ) ;
#2831 = VERTEX_POINT ( 'NONE', #801 ) ;
#2832 = LINE ( 'NONE', #2012, #77 ) ;
#2833 = DIRECTION ( 'NONE',  ( 2.524354896707237800E-029, 1.745741680554692000E-014, 1.000000000000000000 ) ) ;
#2834 = CARTESIAN_POINT ( 'NONE',  ( 3.399999999999999900, -4.200000000000072100, -3.949999999999928200 ) ) ;
#2835 = VECTOR ( 'NONE', #3793, 1000.000000000000000 ) ;
#2836 = PRESENTATION_LAYER_ASSIGNMENT (  '', '', ( #4175 ) ) ;
#2837 = MECHANICAL_DESIGN_GEOMETRIC_PRESENTATION_REPRESENTATION (  '', ( #1715 ), #3085 ) ;
#2838 = ORIENTED_EDGE ( 'NONE', *, *, #2626, .T. ) ;
#2839 = EDGE_CURVE ( 'NONE', #1985, #613, #3251, .T. ) ;
#2840 = DIRECTION ( 'NONE',  ( -1.000000000000000000, -7.300652170296560700E-029, 2.524354896707237800E-029 ) ) ;
#2841 = CARTESIAN_POINT ( 'NONE',  ( 2.399999999999999900, -4.200000000000089000, -4.949999999999927300 ) ) ;
#2842 = EDGE_CURVE ( 'NONE', #3975, #3100, #412, .T. ) ;
#2843 = LINE ( 'NONE', #3509, #1313 ) ;
#2844 = DIRECTION ( 'NONE',  ( -7.300652170296604500E-029, 1.000000000000000000, -1.745741680554692300E-014 ) ) ;
#2845 = CARTESIAN_POINT ( 'NONE',  ( 5.599999999999998800, -3.900000000000079400, -4.399999999999935500 ) ) ;
#2846 = LINE ( 'NONE', #2860, #2419 ) ;
#2847 =( LENGTH_UNIT ( ) NAMED_UNIT ( * ) SI_UNIT ( .MILLI., .METRE. ) );
#2848 = VECTOR ( 'NONE', #1102, 1000.000000000000000 ) ;
#2849 = SURFACE_SIDE_STYLE ('',( #2333 ) ) ;
#2850 = SURFACE_STYLE_USAGE ( .BOTH. , #489 ) ;
#2851 = LINE ( 'NONE', #641, #3693 ) ;
#2852 = CARTESIAN_POINT ( 'NONE',  ( 5.599999999999998800, -3.950000000000071700, -3.949999999999933600 ) ) ;
#2853 = VECTOR ( 'NONE', #1400, 1000.000000000000000 ) ;
#2854 = EDGE_LOOP ( 'NONE', ( #2327, #2588, #2797, #2029 ) ) ;
#2855 = DIRECTION ( 'NONE',  ( -1.000000000000000000, -7.300652170296560700E-029, 2.524354896707237800E-029 ) ) ;
#2856 = COLOUR_RGB ( '',0.7529411764705882200, 0.7529411764705882200, 0.7529411764705882200 ) ;
#2857 = VERTEX_POINT ( 'NONE', #3517 ) ;
#2858 = ADVANCED_FACE ( 'NONE', ( #581 ), #3435, .F. ) ;
#2859 = CARTESIAN_POINT ( 'NONE',  ( 0.5000000000000000000, -0.3000000000000653800, -3.749999999999995600 ) ) ;
#2860 = CARTESIAN_POINT ( 'NONE',  ( 2.399999999999999900, -4.050000000000062000, -3.449999999999927300 ) ) ;
#2861 = EDGE_CURVE ( 'NONE', #604, #1882, #3367, .T. ) ;
#2862 = UNCERTAINTY_MEASURE_WITH_UNIT (LENGTH_MEASURE( 1.000000000000000100E-005 ), #3372, 'distance_accuracy_value', 'NONE');
#2863 = VECTOR ( 'NONE', #3804, 1000.000000000000000 ) ;
#2864 = DIRECTION ( 'NONE',  ( -7.342650290796655500E-029, 1.000000000000000000, -1.745741680554692300E-014 ) ) ;
#2865 = ORIENTED_EDGE ( 'NONE', *, *, #3290, .F. ) ;
#2866 = VERTEX_POINT ( 'NONE', #2722 ) ;
#2867 = CARTESIAN_POINT ( 'NONE',  ( 8.999999999999996400, 1.299999999999935000, -3.750000000000027100 ) ) ;
#2868 = DIRECTION ( 'NONE',  ( -7.342650290796655500E-029, 1.000000000000000000, -1.745741680554692300E-014 ) ) ;
#2869 = COLOUR_RGB ( '',0.7529411764705882200, 0.7529411764705882200, 0.7529411764705882200 ) ;
#2870 = EDGE_CURVE ( 'NONE', #3002, #2349, #4458, .T. ) ;
#2871 = CARTESIAN_POINT ( 'NONE',  ( 6.599999999999998800, -4.200000000000089000, -4.949999999999929100 ) ) ;
#2872 = CARTESIAN_POINT ( 'NONE',  ( 4.599999999999998800, -3.900000000000079400, -4.399999999999932900 ) ) ;
#2873 = DIRECTION ( 'NONE',  ( 7.342650290796655500E-029, -1.000000000000000000, 1.745741680554692300E-014 ) ) ;
#2874 = ORIENTED_EDGE ( 'NONE', *, *, #2340, .T. ) ;
#2875 = ORIENTED_EDGE ( 'NONE', *, *, #3873, .T. ) ;
#2876 =( NAMED_UNIT ( * ) SI_UNIT ( $, .STERADIAN. ) SOLID_ANGLE_UNIT ( ) );
#2877 = CARTESIAN_POINT ( 'NONE',  ( 7.825000000000000200, 1.949999999999990000, -0.6000000000000349500 ) ) ;
#2878 = PLANE ( 'NONE',  #4127 ) ;
#2879 = UNCERTAINTY_MEASURE_WITH_UNIT (LENGTH_MEASURE( 1.000000000000000100E-005 ), #1208, 'distance_accuracy_value', 'NONE');
#2880 = EDGE_CURVE ( 'NONE', #1342, #2292, #640, .T. ) ;
#2881 = ORIENTED_EDGE ( 'NONE', *, *, #810, .T. ) ;
#2882 = CARTESIAN_POINT ( 'NONE',  ( 7.599999999999998800, -4.200000000000072100, -3.949999999999930000 ) ) ;
#2883 = DIRECTION ( 'NONE',  ( -2.524354896707237800E-029, -1.745741680554692000E-014, -1.000000000000000000 ) ) ;
#2884 = ORIENTED_EDGE ( 'NONE', *, *, #3044, .F. ) ;
#2885 = ADVANCED_FACE ( 'NONE', ( #1467 ), #3422, .F. ) ;
#2886 = EDGE_CURVE ( 'NONE', #3828, #2262, #317, .T. ) ;
#2887 = CARTESIAN_POINT ( 'NONE',  ( 8.499999999999998200, -4.049999999999999800, -0.009999999999928456700 ) ) ;
#2888 = ORIENTED_EDGE ( 'NONE', *, *, #1417, .F. ) ;
#2889 = CARTESIAN_POINT ( 'NONE',  ( 5.749999999999999100, -0.6100000000000234100, -1.349999999999989700 ) ) ;
#2890 = SURFACE_STYLE_FILL_AREA ( #3157 ) ;
#2891 = ORIENTED_EDGE ( 'NONE', *, *, #3825, .T. ) ;
#2892 = CARTESIAN_POINT ( 'NONE',  ( 1.599999999999999600, -3.900000000000088700, -4.949999999999933600 ) ) ;
#2893 = VECTOR ( 'NONE', #2147, 1000.000000000000000 ) ;
#2894 = EDGE_CURVE ( 'NONE', #4, #1008, #525, .T. ) ;
#2895 = DIRECTION ( 'NONE',  ( -7.300652170296604500E-029, 1.000000000000000000, -1.745741680554692300E-014 ) ) ;
#2896 = STYLED_ITEM ( 'NONE', ( #3708 ), #1454 ) ;
#2897 = FILL_AREA_STYLE_COLOUR ( '', #2409 ) ;
#2898 = LINE ( 'NONE', #4346, #128 ) ;
#2899 = ORIENTED_EDGE ( 'NONE', *, *, #2960, .F. ) ;
#2900 = FACE_OUTER_BOUND ( 'NONE', #1338, .T. ) ;
#2901 = DIRECTION ( 'NONE',  ( -1.000000000000000000, -7.300652170296560700E-029, 2.524354896707237800E-029 ) ) ;
#2902 = VECTOR ( 'NONE', #3599, 1000.000000000000000 ) ;
#2903 = EDGE_CURVE ( 'NONE', #2107, #925, #1533, .T. ) ;
#2904 = FACE_OUTER_BOUND ( 'NONE', #1222, .T. ) ;
#2905 = DIRECTION ( 'NONE',  ( 7.342650290796655500E-029, -1.000000000000000000, 1.724586516213511400E-014 ) ) ;
#2906 = MECHANICAL_DESIGN_GEOMETRIC_PRESENTATION_REPRESENTATION (  '', ( #1549 ), #2216 ) ;
#2907 = VECTOR ( 'NONE', #3070, 1000.000000000000000 ) ;
#2908 = ADVANCED_FACE ( 'NONE', ( #3506 ), #4279, .T. ) ;
#2909 = DIRECTION ( 'NONE',  ( -7.300652170296604500E-029, 1.000000000000000000, -1.745741680554692300E-014 ) ) ;
#2910 = PLANE ( 'NONE',  #4183 ) ;
#2911 = CARTESIAN_POINT ( 'NONE',  ( 1.599999999999999600, -3.950000000000071700, -3.949999999999931800 ) ) ;
#2912 = LINE ( 'NONE', #3394, #210 ) ;
#2913 = LINE ( 'NONE', #1411, #2848 ) ;
#2914 = ORIENTED_EDGE ( 'NONE', *, *, #2498, .T. ) ;
#2915 =( NAMED_UNIT ( * ) PLANE_ANGLE_UNIT ( ) SI_UNIT ( $, .RADIAN. ) );
#2916 = ORIENTED_EDGE ( 'NONE', *, *, #3442, .T. ) ;
#2917 = FILL_AREA_STYLE_COLOUR ( '', #792 ) ;
#2918 = LINE ( 'NONE', #157, #326 ) ;
#2919 = CARTESIAN_POINT ( 'NONE',  ( 2.399999999999999900, -4.200000000000072100, -3.949999999999927300 ) ) ;
#2920 = LINE ( 'NONE', #3612, #1160 ) ;
#2921 = ORIENTED_EDGE ( 'NONE', *, *, #3415, .F. ) ;
#2922 = DIRECTION ( 'NONE',  ( -1.000000000000000000, -7.300652170296560700E-029, 2.524354896707237800E-029 ) ) ;
#2923 = FILL_AREA_STYLE_COLOUR ( '', #705 ) ;
#2924 = DIRECTION ( 'NONE',  ( 2.524354896707237800E-029, 1.745741680554692300E-014, 1.000000000000000000 ) ) ;
#2925 = FACE_OUTER_BOUND ( 'NONE', #1012, .T. ) ;
#2926 = ORIENTED_EDGE ( 'NONE', *, *, #1203, .T. ) ;
#2927 = ORIENTED_EDGE ( 'NONE', *, *, #4171, .T. ) ;
#2928 = CARTESIAN_POINT ( 'NONE',  ( 1.174999999999998000, -2.600000000000036900, -2.099999999999954800 ) ) ;
#2929 = CARTESIAN_POINT ( 'NONE',  ( 7.599999999999998800, -3.900000000000088700, -4.949999999999936200 ) ) ;
#2930 = EDGE_LOOP ( 'NONE', ( #2183, #542, #2126, #2434 ) ) ;
#2931 = DIRECTION ( 'NONE',  ( 7.352844279746877000E-029, -1.000000000000000000, 1.769835062165480900E-014 ) ) ;
#2932 = EDGE_CURVE ( 'NONE', #4444, #2290, #2605, .T. ) ;
#2933 = ORIENTED_EDGE ( 'NONE', *, *, #607, .F. ) ;
#2934 = AXIS2_PLACEMENT_3D ( 'NONE', #1267, #1894, #255 ) ;
#2935 = CARTESIAN_POINT ( 'NONE',  ( 0.5000000000000000000, 1.949999999999934900, -3.750000000000034600 ) ) ;
#2936 = ORIENTED_EDGE ( 'NONE', *, *, #2685, .T. ) ;
#2937 = CARTESIAN_POINT ( 'NONE',  ( 1.174999999999998000, -1.160180165558760700, -1.949999999999980400 ) ) ;
#2938 = AXIS2_PLACEMENT_3D ( 'NONE', #2996, #2297, #1964 ) ;
#2939 = STYLED_ITEM ( 'NONE', ( #2375 ), #2809 ) ;
#2940 =( NAMED_UNIT ( * ) SI_UNIT ( $, .STERADIAN. ) SOLID_ANGLE_UNIT ( ) );
#2941 = DIRECTION ( 'NONE',  ( 1.000000000000000000, 6.562023127308895300E-029, -4.231032868236369300E-016 ) ) ;
#2942 = ORIENTED_EDGE ( 'NONE', *, *, #1389, .F. ) ;
#2943 = DIRECTION ( 'NONE',  ( 1.000000000000000000, 6.562023127308895300E-029, -4.231032868236369300E-016 ) ) ;
#2944 =( GEOMETRIC_REPRESENTATION_CONTEXT ( 3 ) GLOBAL_UNCERTAINTY_ASSIGNED_CONTEXT ( ( #4376 ) ) GLOBAL_UNIT_ASSIGNED_CONTEXT ( ( #2256, #3655, #2613 ) ) REPRESENTATION_CONTEXT ( 'NONE', 'WORKASPACE' ) );
#2945 = DIRECTION ( 'NONE',  ( -5.981805089575444700E-016, -1.745741680554692000E-014, -1.000000000000000000 ) ) ;
#2946 = ORIENTED_EDGE ( 'NONE', *, *, #3263, .F. ) ;
#2947 = CARTESIAN_POINT ( 'NONE',  ( 7.399999999999999500, -4.050000000000071800, -3.949999999999932700 ) ) ;
#2948 = ORIENTED_EDGE ( 'NONE', *, *, #1276, .T. ) ;
#2949 = DIRECTION ( 'NONE',  ( 7.342650290796655500E-029, -1.000000000000000000, 1.745741680554692300E-014 ) ) ;
#2950 = FACE_OUTER_BOUND ( 'NONE', #3591, .T. ) ;
#2951 = CARTESIAN_POINT ( 'NONE',  ( 8.249999999999998200, 1.949999999999964700, -2.050000000000035300 ) ) ;
#2952 = ORIENTED_EDGE ( 'NONE', *, *, #2025, .T. ) ;
#2953 = COLOUR_RGB ( '',0.7529411764705882200, 0.7529411764705882200, 0.7529411764705882200 ) ;
#2954 = AXIS2_PLACEMENT_3D ( 'NONE', #2033, #2, #2370 ) ;
#2955 = VECTOR ( 'NONE', #1786, 1000.000000000000000 ) ;
#2956 = LINE ( 'NONE', #1838, #1729 ) ;
#2957 = LINE ( 'NONE', #1382, #2835 ) ;
#2958 = ORIENTED_EDGE ( 'NONE', *, *, #3395, .T. ) ;
#2959 = LINE ( 'NONE', #715, #2201 ) ;
#2960 = EDGE_CURVE ( 'NONE', #3479, #1915, #2420, .T. ) ;
#2961 = DIRECTION ( 'NONE',  ( 1.000000000000000000, 7.300652170296560700E-029, -2.524354896707237800E-029 ) ) ;
#2962 = MECHANICAL_DESIGN_GEOMETRIC_PRESENTATION_REPRESENTATION (  '', ( #2093 ), #4297 ) ;
#2963 = SURFACE_STYLE_USAGE ( .BOTH. , #3689 ) ;
#2964 = PRESENTATION_STYLE_ASSIGNMENT (( #3214 ) ) ;
#2965 = DIRECTION ( 'NONE',  ( -2.524354896707237800E-029, -1.745741680554692000E-014, -1.000000000000000000 ) ) ;
#2966 = COLOUR_RGB ( '',0.0000000000000000000, 0.0000000000000000000, 0.6274509803921568500 ) ;
#2967 =( NAMED_UNIT ( * ) PLANE_ANGLE_UNIT ( ) SI_UNIT ( $, .RADIAN. ) );
#2968 = LINE ( 'NONE', #1485, #1596 ) ;
#2969 =( NAMED_UNIT ( * ) PLANE_ANGLE_UNIT ( ) SI_UNIT ( $, .RADIAN. ) );
#2970 = LINE ( 'NONE', #388, #2749 ) ;
#2971 = DIRECTION ( 'NONE',  ( -1.000000000000000000, -7.342650290796611800E-029, 2.524354896707238300E-029 ) ) ;
#2972 = VERTEX_POINT ( 'NONE', #4352 ) ;
#2974 = CARTESIAN_POINT ( 'NONE',  ( 7.399999999999999500, -3.900000000000088700, -4.949999999999936200 ) ) ;
#2973 = FILL_AREA_STYLE ('',( #595 ) ) ;
#2975 = COLOUR_RGB ( '',0.7529411764705882200, 0.7529411764705882200, 0.7529411764705882200 ) ;
#2976 = ORIENTED_EDGE ( 'NONE', *, *, #3102, .T. ) ;
#2977 = PLANE ( 'NONE',  #14 ) ;
#2978 = CARTESIAN_POINT ( 'NONE',  ( 8.499999999999994700, -0.3000000000000767600, -4.399999999999999500 ) ) ;
#2979 = DIRECTION ( 'NONE',  ( 1.000000000000000000, 5.823394084321229800E-029, -8.462065736472487200E-016 ) ) ;
#2980 = ADVANCED_FACE ( 'NONE', ( #1741 ), #286, .F. ) ;
#2981 = VERTEX_POINT ( 'NONE', #237 ) ;
#2982 = EDGE_LOOP ( 'NONE', ( #1387, #1888, #816, #2667 ) ) ;
#2983 = VECTOR ( 'NONE', #3499, 1000.000000000000000 ) ;
#2984 = ORIENTED_EDGE ( 'NONE', *, *, #4373, .T. ) ;
#2985 = DIRECTION ( 'NONE',  ( -2.524354896707237800E-029, -1.745741680554692000E-014, -1.000000000000000000 ) ) ;
#2986 = DIRECTION ( 'NONE',  ( -7.342650290796655500E-029, 1.000000000000000000, -1.745741680554692300E-014 ) ) ;
#2987 = EDGE_CURVE ( 'NONE', #2581, #3040, #1089, .T. ) ;
#2988 = VERTEX_POINT ( 'NONE', #3692 ) ;
#2989 = AXIS2_PLACEMENT_3D ( 'NONE', #2935, #280, #2991 ) ;
#2991 = DIRECTION ( 'NONE',  ( -7.342650290796655500E-029, 1.000000000000000000, -1.745741680554692300E-014 ) ) ;
#2990 =( NAMED_UNIT ( * ) SI_UNIT ( $, .STERADIAN. ) SOLID_ANGLE_UNIT ( ) );
#2992 = ORIENTED_EDGE ( 'NONE', *, *, #947, .F. ) ;
#2993 = CARTESIAN_POINT ( 'NONE',  ( 0.2999999999999999300, 1.949999999999977500, -1.300000000000033600 ) ) ;
#2994 = EDGE_CURVE ( 'NONE', #1227, #3373, #3907, .T. ) ;
#2995 = DIRECTION ( 'NONE',  ( -1.000000000000000000, -7.342650290796611800E-029, 2.524354896707238300E-029 ) ) ;
#2996 = CARTESIAN_POINT ( 'NONE',  ( 6.599999999999998800, -3.900000000000088700, -4.949999999999935300 ) ) ;
#2997 = EDGE_CURVE ( 'NONE', #2820, #2217, #202, .T. ) ;
#2998 = VERTEX_POINT ( 'NONE', #567 ) ;
#2999 = MECHANICAL_DESIGN_GEOMETRIC_PRESENTATION_REPRESENTATION (  '', ( #4420 ), #3880 ) ;
#3000 = CARTESIAN_POINT ( 'NONE',  ( 0.3000000000000005400, -3.450000000000011300, -0.6499999999999399600 ) ) ;
#3001 = VERTEX_POINT ( 'NONE', #4021 ) ;
#3002 = VERTEX_POINT ( 'NONE', #630 ) ;
#3003 = ORIENTED_EDGE ( 'NONE', *, *, #4460, .F. ) ;
#3004 = CARTESIAN_POINT ( 'NONE',  ( 4.399999999999999500, -4.200000000000089000, -4.949999999999928200 ) ) ;
#3005 = DIRECTION ( 'NONE',  ( 1.156482317318124200E-016, 1.745741680554692000E-014, 1.000000000000000000 ) ) ;
#3006 = LINE ( 'NONE', #284, #1187 ) ;
#3007 = AXIS2_PLACEMENT_3D ( 'NONE', #230, #577, #2945 ) ;
#3008 = SURFACE_STYLE_USAGE ( .BOTH. , #638 ) ;
#3009 = VECTOR ( 'NONE', #2005, 1000.000000000000000 ) ;
#3010 = VECTOR ( 'NONE', #2941, 1000.000000000000000 ) ;
#3011 = FACE_OUTER_BOUND ( 'NONE', #1173, .T. ) ;
#3012 = DIRECTION ( 'NONE',  ( 7.342650290796655500E-029, -1.000000000000000000, 1.745741680554692300E-014 ) ) ;
#3013 = VECTOR ( 'NONE', #2943, 1000.000000000000000 ) ;
#3014 = ORIENTED_EDGE ( 'NONE', *, *, #2092, .F. ) ;
#3015 = VECTOR ( 'NONE', #4035, 1000.000000000000000 ) ;
#3016 = COLOUR_RGB ( '',0.7529411764705882200, 0.7529411764705882200, 0.7529411764705882200 ) ;
#3017 = CARTESIAN_POINT ( 'NONE',  ( 9.000000000000000000, -4.049999999999999800, 7.156989980045321400E-014 ) ) ;
#3018 = EDGE_CURVE ( 'NONE', #3040, #4013, #2535, .T. ) ;
#3019 = LINE ( 'NONE', #1932, #83 ) ;
#3020 = LINE ( 'NONE', #3229, #796 ) ;
#3021 = CARTESIAN_POINT ( 'NONE',  ( 0.3000000000000004900, -2.149999999999999900, -0.009999999999958210700 ) ) ;
#3022 = CARTESIAN_POINT ( 'NONE',  ( 7.399999999999999500, -3.950000000000071700, -3.949999999999934500 ) ) ;
#3023 =( NAMED_UNIT ( * ) SI_UNIT ( $, .STERADIAN. ) SOLID_ANGLE_UNIT ( ) );
#3024 = SURFACE_STYLE_FILL_AREA ( #126 ) ;
#3025 = PRODUCT_DEFINITION_SHAPE ( 'NONE', 'NONE',  #1807 ) ;
#3026 = EDGE_CURVE ( 'NONE', #100, #161, #4172, .T. ) ;
#3027 = CARTESIAN_POINT ( 'NONE',  ( 6.724999999999999600, 1.949999999999994200, -0.3500000000000332300 ) ) ;
#3028 = AXIS2_PLACEMENT_3D ( 'NONE', #3820, #2423, #4170 ) ;
#3029 = DIRECTION ( 'NONE',  ( -2.524354896707237800E-029, -1.745741680554692000E-014, -1.000000000000000000 ) ) ;
#3030 = FACE_OUTER_BOUND ( 'NONE', #274, .T. ) ;
#3031 = LINE ( 'NONE', #2821, #802 ) ;
#3032 = VERTEX_POINT ( 'NONE', #4053 ) ;
#3033 = DIRECTION ( 'NONE',  ( -1.000000000000000000, -5.865392204821279800E-029, 8.462065736472486200E-016 ) ) ;
#3034 = ORIENTED_EDGE ( 'NONE', *, *, #4418, .F. ) ;
#3035 = FACE_OUTER_BOUND ( 'NONE', #2199, .T. ) ;
#3036 = COLOUR_RGB ( '',0.7529411764705882200, 0.7529411764705882200, 0.7529411764705882200 ) ;
#3037 = VERTEX_POINT ( 'NONE', #2298 ) ;
#3038 = FACE_OUTER_BOUND ( 'NONE', #603, .T. ) ;
#3039 = CARTESIAN_POINT ( 'NONE',  ( 8.300000000000000700, 1.949999999999990000, -0.6000000000000350600 ) ) ;
#3040 = VERTEX_POINT ( 'NONE', #1965 ) ;
#3042 = DIRECTION ( 'NONE',  ( 2.524354896707237800E-029, 1.745741680554692000E-014, 1.000000000000000000 ) ) ;
#3041 = CARTESIAN_POINT ( 'NONE',  ( 3.600000000000000100, -4.050000000000079800, -4.399999999999929300 ) ) ;
#3043 = CARTESIAN_POINT ( 'NONE',  ( 7.399999999999999500, -4.200000000000089000, -4.949999999999930000 ) ) ;
#3044 = EDGE_CURVE ( 'NONE', #3959, #1082, #3565, .T. ) ;
#3045 = VECTOR ( 'NONE', #2131, 1000.000000000000000 ) ;
#3046 =( GEOMETRIC_REPRESENTATION_CONTEXT ( 3 ) GLOBAL_UNCERTAINTY_ASSIGNED_CONTEXT ( ( #4161 ) ) GLOBAL_UNIT_ASSIGNED_CONTEXT ( ( #29, #3781, #2050 ) ) REPRESENTATION_CONTEXT ( 'NONE', 'WORKASPACE' ) );
#3047 = DIRECTION ( 'NONE',  ( 7.342650290796655500E-029, -1.000000000000000000, 1.745741680554692300E-014 ) ) ;
#3048 = ORIENTED_EDGE ( 'NONE', *, *, #3914, .T. ) ;
#3049 = LINE ( 'NONE', #383, #2813 ) ;
#3050 = ORIENTED_EDGE ( 'NONE', *, *, #3802, .F. ) ;
#3051 = VERTEX_POINT ( 'NONE', #1621 ) ;
#3052 = ORIENTED_EDGE ( 'NONE', *, *, #1606, .T. ) ;
#3053 = CARTESIAN_POINT ( 'NONE',  ( 0.7500000000000006700, 1.949999999999990000, -0.6000000000000340600 ) ) ;
#3054 = EDGE_CURVE ( 'NONE', #809, #4126, #1259, .T. ) ;
#3055 = MECHANICAL_DESIGN_GEOMETRIC_PRESENTATION_REPRESENTATION (  '', ( #779 ), #3305 ) ;
#3057 = SURFACE_STYLE_USAGE ( .BOTH. , #4457 ) ;
#3056 = CARTESIAN_POINT ( 'NONE',  ( 0.5000000000000000000, -4.049999999999999800, 7.070253806246501200E-014 ) ) ;
#3058 = ORIENTED_EDGE ( 'NONE', *, *, #3093, .F. ) ;
#3059 = DIRECTION ( 'NONE',  ( -7.342650290796655500E-029, 1.000000000000000000, -1.745741680554692300E-014 ) ) ;
#3060 = LINE ( 'NONE', #4332, #4154 ) ;
#3061 = VERTEX_POINT ( 'NONE', #601 ) ;
#3062 = VECTOR ( 'NONE', #1956, 1000.000000000000000 ) ;
#3063 = FACE_OUTER_BOUND ( 'NONE', #4136, .T. ) ;
#3064 = PRESENTATION_LAYER_ASSIGNMENT (  '', '', ( #154 ) ) ;
#3065 = SURFACE_STYLE_FILL_AREA ( #2254 ) ;
#3066 = ORIENTED_EDGE ( 'NONE', *, *, #1303, .T. ) ;
#3068 = DIRECTION ( 'NONE',  ( 7.885106708985738500E-016, 1.745741680554692000E-014, 1.000000000000000000 ) ) ;
#3067 = CARTESIAN_POINT ( 'NONE',  ( 0.5000000000000000000, -4.050000000000038000, -2.209999999999925400 ) ) ;
#3069 = FACE_OUTER_BOUND ( 'NONE', #1165, .T. ) ;
#3070 = DIRECTION ( 'NONE',  ( -7.342650290796655500E-029, 1.000000000000000000, -1.745741680554692300E-014 ) ) ;
#3071 = LINE ( 'NONE', #2353, #131 ) ;
#3072 = CARTESIAN_POINT ( 'NONE',  ( 8.499999999999994700, 1.299999999999935000, -3.750000000000026600 ) ) ;
#3073 = LINE ( 'NONE', #915, #356 ) ;
#3074 = ORIENTED_EDGE ( 'NONE', *, *, #199, .F. ) ;
#3075 = VECTOR ( 'NONE', #116, 1000.000000000000000 ) ;
#3076 = ORIENTED_EDGE ( 'NONE', *, *, #1040, .T. ) ;
#3077 = EDGE_CURVE ( 'NONE', #4055, #4393, #3745, .T. ) ;
#3078 = CARTESIAN_POINT ( 'NONE',  ( 0.2999999999999999300, 1.949999999999977500, -1.300000000000033600 ) ) ;
#3079 = UNCERTAINTY_MEASURE_WITH_UNIT (LENGTH_MEASURE( 1.000000000000000100E-005 ), #285, 'distance_accuracy_value', 'NONE');
#3081 = CARTESIAN_POINT ( 'NONE',  ( 0.5000000000000000000, 1.299999999999957600, -2.450000000000023300 ) ) ;
#3080 = LINE ( 'NONE', #3822, #3365 ) ;
#3082 = DIRECTION ( 'NONE',  ( -7.342650290796655500E-029, 1.000000000000000000, -1.745741680554692300E-014 ) ) ;
#3083 = MECHANICAL_DESIGN_GEOMETRIC_PRESENTATION_REPRESENTATION (  '', ( #1397 ), #3333 ) ;
#3084 = DIRECTION ( 'NONE',  ( 7.342650290796655500E-029, -1.000000000000000000, 1.745741680554692300E-014 ) ) ;
#3085 =( GEOMETRIC_REPRESENTATION_CONTEXT ( 3 ) GLOBAL_UNCERTAINTY_ASSIGNED_CONTEXT ( ( #1625 ) ) GLOBAL_UNIT_ASSIGNED_CONTEXT ( ( #2711, #2036, #3795 ) ) REPRESENTATION_CONTEXT ( 'NONE', 'WORKASPACE' ) );
#3086 = CARTESIAN_POINT ( 'NONE',  ( 1.321677052343397600E-028, -1.799999999999999600, 3.142335024998445100E-014 ) ) ;
#3087 = VERTEX_POINT ( 'NONE', #2313 ) ;
#3088 = VERTEX_POINT ( 'NONE', #1292 ) ;
#3089 = EDGE_CURVE ( 'NONE', #2491, #2076, #1739, .T. ) ;
#3090 = LINE ( 'NONE', #3389, #648 ) ;
#3091 = PRESENTATION_LAYER_ASSIGNMENT (  '', '', ( #499 ) ) ;
#3092 = ORIENTED_EDGE ( 'NONE', *, *, #2861, .T. ) ;
#3093 = EDGE_CURVE ( 'NONE', #2772, #1915, #1645, .T. ) ;
#3094 =( NAMED_UNIT ( * ) PLANE_ANGLE_UNIT ( ) SI_UNIT ( $, .RADIAN. ) );
#3095 = CARTESIAN_POINT ( 'NONE',  ( 2.399999999999999900, -3.900000000000079400, -4.399999999999932900 ) ) ;
#3096 = DIRECTION ( 'NONE',  ( 1.000000000000000000, 7.300652170296560700E-029, -2.524354896707237800E-029 ) ) ;
#3097 = AXIS2_PLACEMENT_3D ( 'NONE', #2771, #2734, #3098 ) ;
#3098 = DIRECTION ( 'NONE',  ( 2.524354896707235800E-029, 1.772846734866829600E-014, 1.000000000000000000 ) ) ;
#3099 = DIRECTION ( 'NONE',  ( -7.342650290796655500E-029, 1.000000000000000000, -1.745741680554692300E-014 ) ) ;
#3100 = VERTEX_POINT ( 'NONE', #4404 ) ;
#3101 = VERTEX_POINT ( 'NONE', #2951 ) ;
#3102 = EDGE_CURVE ( 'NONE', #1769, #2440, #138, .T. ) ;
#3103 = ORIENTED_EDGE ( 'NONE', *, *, #2932, .F. ) ;
#3104 = EDGE_LOOP ( 'NONE', ( #2838, #2253, #2039, #1029, #2984 ) ) ;
#3105 = CARTESIAN_POINT ( 'NONE',  ( 8.249999999999998200, 1.949999999999977500, -1.300000000000034700 ) ) ;
#3106 = SURFACE_SIDE_STYLE ('',( #1164 ) ) ;
#3107 = EDGE_CURVE ( 'NONE', #1570, #3979, #953, .T. ) ;
#3108 = ORIENTED_EDGE ( 'NONE', *, *, #3714, .T. ) ;
#3109 = CARTESIAN_POINT ( 'NONE',  ( 8.499999999999998200, -3.450000000000011300, -0.6499999999999432900 ) ) ;
#3110 = ORIENTED_EDGE ( 'NONE', *, *, #4296, .F. ) ;
#3111 = VECTOR ( 'NONE', #4411, 1000.000000000000000 ) ;
#3112 = EDGE_CURVE ( 'NONE', #1392, #2344, #3839, .T. ) ;
#3113 = DIRECTION ( 'NONE',  ( -7.342650290796655500E-029, 1.000000000000000000, -1.724586516213511400E-014 ) ) ;
#3114 = LINE ( 'NONE', #2234, #2196 ) ;
#3115 = VECTOR ( 'NONE', #1324, 1000.000000000000000 ) ;
#3116 = LINE ( 'NONE', #761, #3900 ) ;
#3117 = VERTEX_POINT ( 'NONE', #3444 ) ;
#3118 = DIRECTION ( 'NONE',  ( -7.342650290796655500E-029, 1.000000000000000000, -1.745741680554692300E-014 ) ) ;
#3119 = LINE ( 'NONE', #3778, #901 ) ;
#3120 = EDGE_CURVE ( 'NONE', #4252, #2081, #2332, .T. ) ;
#3121 = STYLED_ITEM ( 'NONE', ( #4210 ), #4227 ) ;
#3122 =( NAMED_UNIT ( * ) PLANE_ANGLE_UNIT ( ) SI_UNIT ( $, .RADIAN. ) );
#3123 = CARTESIAN_POINT ( 'NONE',  ( 1.174999999999998900, -2.600000000000036100, -2.049999999999955900 ) ) ;
#3124 = CARTESIAN_POINT ( 'NONE',  ( 8.699999999999999300, -1.800000000000035300, -2.049999999999970100 ) ) ;
#3125 = VECTOR ( 'NONE', #2840, 1000.000000000000000 ) ;
#3126 = CARTESIAN_POINT ( 'NONE',  ( 1.174999999999998900, -4.159046182766896700, -0.5999999999999273700 ) ) ;
#3127 = VECTOR ( 'NONE', #1385, 1000.000000000000000 ) ;
#3128 = COLOUR_RGB ( '',0.7529411764705882200, 0.7529411764705882200, 0.7529411764705882200 ) ;
#3129 = CARTESIAN_POINT ( 'NONE',  ( 7.825000000000000200, -4.159046182766922500, -2.099999999999928600 ) ) ;
#3130 = VERTEX_POINT ( 'NONE', #2392 ) ;
#3131 = EDGE_CURVE ( 'NONE', #3051, #2619, #3019, .T. ) ;
#3132 = AXIS2_PLACEMENT_3D ( 'NONE', #2753, #2778, #3118 ) ;
#3133 = ADVANCED_FACE ( 'NONE', ( #732 ), #2511, .F. ) ;
#3134 = VECTOR ( 'NONE', #2482, 1000.000000000000000 ) ;
#3135 = FILL_AREA_STYLE_COLOUR ( '', #1168 ) ;
#3136 = DIRECTION ( 'NONE',  ( -7.342650290796655500E-029, 1.000000000000000000, -1.755598063940923900E-014 ) ) ;
#3137 = LINE ( 'NONE', #4360, #2552 ) ;
#3138 = CARTESIAN_POINT ( 'NONE',  ( 6.599999999999998800, -3.950000000000071700, -3.949999999999933600 ) ) ;
#3139 = VECTOR ( 'NONE', #4089, 1000.000000000000000 ) ;
#3140 = PLANE ( 'NONE',  #2796 ) ;
#3141 = ORIENTED_EDGE ( 'NONE', *, *, #3054, .F. ) ;
#3142 = ORIENTED_EDGE ( 'NONE', *, *, #233, .F. ) ;
#3143 = EDGE_LOOP ( 'NONE', ( #4339, #4423, #1924, #754, #240, #1482 ) ) ;
#3144 = CARTESIAN_POINT ( 'NONE',  ( 1.578669812521280900E-028, -2.149999999999999900, 3.730077092469963200E-014 ) ) ;
#3145 = PLANE ( 'NONE',  #955 ) ;
#3146 = MECHANICAL_DESIGN_GEOMETRIC_PRESENTATION_REPRESENTATION (  '', ( #4019 ), #706 ) ;
#3147 = VERTEX_POINT ( 'NONE', #119 ) ;
#3148 = EDGE_LOOP ( 'NONE', ( #4088, #1059, #2992, #303 ) ) ;
#3149 =( NAMED_UNIT ( * ) PLANE_ANGLE_UNIT ( ) SI_UNIT ( $, .RADIAN. ) );
#3150 = ORIENTED_EDGE ( 'NONE', *, *, #1848, .T. ) ;
#3151 = FILL_AREA_STYLE_COLOUR ( '', #3128 ) ;
#3152 = CARTESIAN_POINT ( 'NONE',  ( 0.7499999999999997800, -1.800000000000035300, -2.049999999999970100 ) ) ;
#3153 = DIRECTION ( 'NONE',  ( -7.342650290796655500E-029, 1.000000000000000000, -1.745741680554692300E-014 ) ) ;
#3154 = ADVANCED_FACE ( 'NONE', ( #2904 ), #1156, .F. ) ;
#3155 = ORIENTED_EDGE ( 'NONE', *, *, #3787, .F. ) ;
#3156 = EDGE_CURVE ( 'NONE', #4322, #390, #2417, .T. ) ;
#3157 = FILL_AREA_STYLE ('',( #1469 ) ) ;
#3158 = ORIENTED_EDGE ( 'NONE', *, *, #2467, .T. ) ;
#3159 = CARTESIAN_POINT ( 'NONE',  ( 3.600000000000000100, -4.200000000000089000, -4.949999999999928200 ) ) ;
#3160 = VERTEX_POINT ( 'NONE', #3194 ) ;
#3161 = ADVANCED_FACE ( 'NONE', ( #856 ), #4224, .F. ) ;
#3162 = PLANE ( 'NONE',  #4229 ) ;
#3163 = CARTESIAN_POINT ( 'NONE',  ( 1.174999999999998900, 1.949999999999990000, -0.6000000000000340600 ) ) ;
#3164 = ORIENTED_EDGE ( 'NONE', *, *, #395, .F. ) ;
#3165 = EDGE_CURVE ( 'NONE', #1179, #3343, #2843, .T. ) ;
#3166 =( GEOMETRIC_REPRESENTATION_CONTEXT ( 3 ) GLOBAL_UNCERTAINTY_ASSIGNED_CONTEXT ( ( #4433 ) ) GLOBAL_UNIT_ASSIGNED_CONTEXT ( ( #4000, #3298, #3605 ) ) REPRESENTATION_CONTEXT ( 'NONE', 'WORKASPACE' ) );
#3167 = DIRECTION ( 'NONE',  ( -7.342650290796655500E-029, 1.000000000000000000, -1.745741680554692300E-014 ) ) ;
#3168 = VECTOR ( 'NONE', #3356, 1000.000000000000000 ) ;
#3169 = DIRECTION ( 'NONE',  ( -2.524354896707237800E-029, -1.745741680554692000E-014, -1.000000000000000000 ) ) ;
#3170 = LINE ( 'NONE', #909, #352 ) ;
#3171 = ORIENTED_EDGE ( 'NONE', *, *, #759, .F. ) ;
#3172 = VECTOR ( 'NONE', #1133, 1000.000000000000000 ) ;
#3173 = LINE ( 'NONE', #2727, #2265 ) ;
#3174 = CARTESIAN_POINT ( 'NONE',  ( 8.499999999999996400, 1.949999999999957500, -2.450000000000037500 ) ) ;
#3175 = PRESENTATION_LAYER_ASSIGNMENT (  '', '', ( #4276 ) ) ;
#3176 = DIRECTION ( 'NONE',  ( -7.342650290796655500E-029, 1.000000000000000000, -1.745741680554692300E-014 ) ) ;
#3177 = ORIENTED_EDGE ( 'NONE', *, *, #423, .F. ) ;
#3178 = FILL_AREA_STYLE_COLOUR ( '', #1041 ) ;
#3179 = CARTESIAN_POINT ( 'NONE',  ( 3.600000000000000100, -3.900000000000088700, -4.949999999999934500 ) ) ;
#3180 = ADVANCED_FACE ( 'NONE', ( #3794 ), #1602, .F. ) ;
#3181 = CARTESIAN_POINT ( 'NONE',  ( 7.599999999999998800, -4.200000000000089000, -4.949999999999930000 ) ) ;
#3182 = CARTESIAN_POINT ( 'NONE',  ( 2.274999999999998600, -1.160180165558760700, -1.949999999999980900 ) ) ;
#3183 = ORIENTED_EDGE ( 'NONE', *, *, #74, .T. ) ;
#3184 = FACE_OUTER_BOUND ( 'NONE', #2103, .T. ) ;
#3185 = ADVANCED_FACE ( 'NONE', ( #4284 ), #1219, .F. ) ;
#3186 = CARTESIAN_POINT ( 'NONE',  ( 7.825000000000000200, 1.949999999999966200, -1.950000000000035500 ) ) ;
#3187 = SURFACE_SIDE_STYLE ('',( #1844 ) ) ;
#3188 = LINE ( 'NONE', #886, #3854 ) ;
#3189 = FACE_OUTER_BOUND ( 'NONE', #2145, .T. ) ;
#3190 = PRESENTATION_STYLE_ASSIGNMENT (( #3259 ) ) ;
#3191 = CARTESIAN_POINT ( 'NONE',  ( 2.600000000000000100, -3.950000000000079200, -4.399999999999931100 ) ) ;
#3192 = ORIENTED_EDGE ( 'NONE', *, *, #4257, .T. ) ;
#3193 = CARTESIAN_POINT ( 'NONE',  ( 6.724999999999998800, -0.05000000000003635600, -2.099999999999999600 ) ) ;
#3194 = CARTESIAN_POINT ( 'NONE',  ( 5.599999999999998800, -4.200000000000089000, -4.949999999999929100 ) ) ;
#3195 = ORIENTED_EDGE ( 'NONE', *, *, #1514, .F. ) ;
#3196 = VECTOR ( 'NONE', #1921, 1000.000000000000000 ) ;
#3197 = EDGE_CURVE ( 'NONE', #3784, #232, #795, .T. ) ;
#3198 = ORIENTED_EDGE ( 'NONE', *, *, #765, .F. ) ;
#3199 = STYLED_ITEM ( 'NONE', ( #3243 ), #2185 ) ;
#3200 = CARTESIAN_POINT ( 'NONE',  ( 8.249999999999998200, -0.4000000000000634700, -3.649999999999993700 ) ) ;
#3201 = SURFACE_SIDE_STYLE ('',( #1383 ) ) ;
#3202 = VECTOR ( 'NONE', #1902, 1000.000000000000000 ) ;
#3203 = ORIENTED_EDGE ( 'NONE', *, *, #458, .F. ) ;
#3204 = FACE_OUTER_BOUND ( 'NONE', #3587, .T. ) ;
#3205 = VERTEX_POINT ( 'NONE', #200 ) ;
#3206 = FACE_OUTER_BOUND ( 'NONE', #2402, .T. ) ;
#3207 = DIRECTION ( 'NONE',  ( -2.524354896707237800E-029, -1.745741680554692000E-014, -1.000000000000000000 ) ) ;
#3208 = DIRECTION ( 'NONE',  ( -1.000000000000000000, -7.300652170296560700E-029, 2.524354896707237800E-029 ) ) ;
#3209 = UNCERTAINTY_MEASURE_WITH_UNIT (LENGTH_MEASURE( 1.000000000000000100E-005 ), #2120, 'distance_accuracy_value', 'NONE');
#3210 = DIRECTION ( 'NONE',  ( 2.524354896707237800E-029, 1.745741680554692000E-014, 1.000000000000000000 ) ) ;
#3211 = EDGE_LOOP ( 'NONE', ( #1809, #2404, #2226, #881, #698, #2359 ) ) ;
#3212 = CARTESIAN_POINT ( 'NONE',  ( 0.7499999999999997800, -2.600000000000063600, -3.649999999999954600 ) ) ;
#3213 = PLANE ( 'NONE',  #105 ) ;
#3214 = SURFACE_STYLE_USAGE ( .BOTH. , #839 ) ;
#3215 = ORIENTED_EDGE ( 'NONE', *, *, #291, .T. ) ;
#3216 = FILL_AREA_STYLE ('',( #3877 ) ) ;
#3217 = CARTESIAN_POINT ( 'NONE',  ( 5.399999999999999500, -3.900000000000088700, -4.949999999999935300 ) ) ;
#3218 = ADVANCED_FACE ( 'NONE', ( #3417 ), #246, .F. ) ;
#3219 =( LENGTH_UNIT ( ) NAMED_UNIT ( * ) SI_UNIT ( .MILLI., .METRE. ) );
#3220 =( LENGTH_UNIT ( ) NAMED_UNIT ( * ) SI_UNIT ( .MILLI., .METRE. ) );
#3221 = CARTESIAN_POINT ( 'NONE',  ( 8.300000000000000700, -1.800000000000022200, -1.299999999999969200 ) ) ;
#3222 = ORIENTED_EDGE ( 'NONE', *, *, #2388, .T. ) ;
#3223 = ORIENTED_EDGE ( 'NONE', *, *, #3611, .F. ) ;
#3224 = CARTESIAN_POINT ( 'NONE',  ( 4.399999999999999500, -3.900000000000079400, -4.399999999999932900 ) ) ;
#3225 = DIRECTION ( 'NONE',  ( -7.342650290796655500E-029, 1.000000000000000000, -1.745741680554692300E-014 ) ) ;
#3226 = UNCERTAINTY_MEASURE_WITH_UNIT (LENGTH_MEASURE( 1.000000000000000100E-005 ), #691, 'distance_accuracy_value', 'NONE');
#3227 = ORIENTED_EDGE ( 'NONE', *, *, #1417, .T. ) ;
#3228 = VERTEX_POINT ( 'NONE', #1235 ) ;
#3229 = CARTESIAN_POINT ( 'NONE',  ( 8.499999999999994700, -0.3000000000000653800, -3.749999999999999100 ) ) ;
#3230 = EDGE_CURVE ( 'NONE', #1910, #1882, #3241, .T. ) ;
#3231 = DIRECTION ( 'NONE',  ( -1.461845625823404700E-016, -1.745741680554692000E-014, -1.000000000000000000 ) ) ;
#3232 = PLANE ( 'NONE',  #2487 ) ;
#3233 = COLOUR_RGB ( '',0.7529411764705882200, 0.7529411764705882200, 0.7529411764705882200 ) ;
#3234 = COLOUR_RGB ( '',0.7529411764705882200, 0.7529411764705882200, 0.7529411764705882200 ) ;
#3235 = EDGE_CURVE ( 'NONE', #3489, #3975, #4399, .T. ) ;
#3236 = SURFACE_SIDE_STYLE ('',( #1143 ) ) ;
#3237 = VECTOR ( 'NONE', #1447, 1000.000000000000000 ) ;
#3238 = EDGE_CURVE ( 'NONE', #1593, #3439, #683, .T. ) ;
#3239 = AXIS2_PLACEMENT_3D ( 'NONE', #3406, #3779, #3082 ) ;
#3240 = MECHANICAL_DESIGN_GEOMETRIC_PRESENTATION_REPRESENTATION (  '', ( #4177 ), #179 ) ;
#3241 = LINE ( 'NONE', #1929, #2469 ) ;
#3242 = ORIENTED_EDGE ( 'NONE', *, *, #1667, .T. ) ;
#3243 = PRESENTATION_STYLE_ASSIGNMENT (( #3964 ) ) ;
#3244 = ADVANCED_FACE ( 'NONE', ( #3456 ), #4044, .F. ) ;
#3245 = DIRECTION ( 'NONE',  ( -7.342650290796655500E-029, 1.000000000000000000, -1.745741680554692300E-014 ) ) ;
#3246 = CARTESIAN_POINT ( 'NONE',  ( 3.399999999999999900, -3.950000000000061900, -3.449999999999929600 ) ) ;
#3247 = PRESENTATION_STYLE_ASSIGNMENT (( #1110 ) ) ;
#3248 = VECTOR ( 'NONE', #2864, 1000.000000000000000 ) ;
#3249 = DIRECTION ( 'NONE',  ( -7.342650290796655500E-029, 1.000000000000000000, -1.745741680554692300E-014 ) ) ;
#3250 = AXIS2_PLACEMENT_3D ( 'NONE', #1972, #307, #290 ) ;
#3251 = LINE ( 'NONE', #113, #3463 ) ;
#3252 = CARTESIAN_POINT ( 'NONE',  ( 6.724999999999998800, -0.05000000000003111700, -1.799999999999999800 ) ) ;
#3253 = DIRECTION ( 'NONE',  ( -7.342650290796655500E-029, 1.000000000000000000, -1.745741680554692300E-014 ) ) ;
#3254 = FACE_OUTER_BOUND ( 'NONE', #3821, .T. ) ;
#3255 = CARTESIAN_POINT ( 'NONE',  ( 0.6999999999999988500, 1.949999999999977500, -1.300000000000033600 ) ) ;
#3256 = FACE_OUTER_BOUND ( 'NONE', #2079, .T. ) ;
#3257 = ORIENTED_EDGE ( 'NONE', *, *, #3487, .F. ) ;
#3258 = FACE_OUTER_BOUND ( 'NONE', #369, .T. ) ;
#3259 = SURFACE_STYLE_USAGE ( .BOTH. , #2238 ) ;
#3260 = DIRECTION ( 'NONE',  ( 7.342650290796654400E-029, -1.000000000000000000, 1.707192269977429800E-014 ) ) ;
#3261 = FACE_OUTER_BOUND ( 'NONE', #2930, .T. ) ;
#3262 = VERTEX_POINT ( 'NONE', #2302 ) ;
#3263 = EDGE_CURVE ( 'NONE', #3829, #3205, #1638, .T. ) ;
#3264 = STYLED_ITEM ( 'NONE', ( #969 ), #1144 ) ;
#3265 = CARTESIAN_POINT ( 'NONE',  ( 5.599999999999998800, -3.950000000000071700, -3.949999999999933600 ) ) ;
#3266 = LINE ( 'NONE', #2743, #3983 ) ;
#3267 = ORIENTED_EDGE ( 'NONE', *, *, #297, .T. ) ;
#3268 = ORIENTED_EDGE ( 'NONE', *, *, #689, .F. ) ;
#3269 = ORIENTED_EDGE ( 'NONE', *, *, #2240, .T. ) ;
#3270 = DIRECTION ( 'NONE',  ( 1.000000000000000000, 7.087985100335224300E-029, -1.218204688186212300E-016 ) ) ;
#3271 = FILL_AREA_STYLE ('',( #4315 ) ) ;
#3272 = ADVANCED_FACE ( 'NONE', ( #2052 ), #1984, .T. ) ;
#3273 = PRESENTATION_STYLE_ASSIGNMENT (( #2850 ) ) ;
#3274 = EDGE_CURVE ( 'NONE', #2719, #4393, #1253, .T. ) ;
#3275 = PRESENTATION_LAYER_ASSIGNMENT (  '', '', ( #2093 ) ) ;
#3276 = ORIENTED_EDGE ( 'NONE', *, *, #4163, .F. ) ;
#3277 = CARTESIAN_POINT ( 'NONE',  ( 3.600000000000000100, -4.200000000000089000, -4.949999999999928200 ) ) ;
#3278 =( NAMED_UNIT ( * ) PLANE_ANGLE_UNIT ( ) SI_UNIT ( $, .RADIAN. ) );
#3279 = DIRECTION ( 'NONE',  ( -7.342650290796655500E-029, 1.000000000000000000, -1.745741680554692300E-014 ) ) ;
#3280 = ORIENTED_EDGE ( 'NONE', *, *, #267, .F. ) ;
#3281 =( NAMED_UNIT ( * ) PLANE_ANGLE_UNIT ( ) SI_UNIT ( $, .RADIAN. ) );
#3282 = ORIENTED_EDGE ( 'NONE', *, *, #2018, .F. ) ;
#3283 = CARTESIAN_POINT ( 'NONE',  ( 1.399999999999999500, -3.950000000000079200, -4.399999999999931100 ) ) ;
#3284 = PLANE ( 'NONE',  #1858 ) ;
#3285 = DIRECTION ( 'NONE',  ( -2.524354896707237800E-029, -1.745741680554692300E-014, -1.000000000000000000 ) ) ;
#3286 = ORIENTED_EDGE ( 'NONE', *, *, #1504, .F. ) ;
#3287 = SURFACE_SIDE_STYLE ('',( #2413 ) ) ;
#3288 = DIRECTION ( 'NONE',  ( 5.981805089575447600E-016, 1.745741680554692000E-014, 1.000000000000000000 ) ) ;
#3289 = EDGE_LOOP ( 'NONE', ( #885, #3336, #1281, #101, #4160, #876 ) ) ;
#3290 = EDGE_CURVE ( 'NONE', #1558, #1668, #1413, .T. ) ;
#3291 = CARTESIAN_POINT ( 'NONE',  ( 8.300000000000000700, -4.125819451966725300, -0.5999999999999290300 ) ) ;
#3292 = ORIENTED_EDGE ( 'NONE', *, *, #1978, .F. ) ;
#3293 = DIRECTION ( 'NONE',  ( -2.524354896707237800E-029, -1.745741680554692000E-014, -1.000000000000000000 ) ) ;
#3294 = ORIENTED_EDGE ( 'NONE', *, *, #3711, .T. ) ;
#3295 = AXIS2_PLACEMENT_3D ( 'NONE', #1377, #3136, #2102 ) ;
#3296 = VECTOR ( 'NONE', #3113, 1000.000000000000000 ) ;
#3297 = VERTEX_POINT ( 'NONE', #1374 ) ;
#3298 =( NAMED_UNIT ( * ) PLANE_ANGLE_UNIT ( ) SI_UNIT ( $, .RADIAN. ) );
#3299 = LINE ( 'NONE', #2275, #2255 ) ;
#3300 = DIRECTION ( 'NONE',  ( -1.000000000000000000, -7.300652170296560700E-029, 2.524354896707237800E-029 ) ) ;
#3302 = SURFACE_SIDE_STYLE ('',( #3891 ) ) ;
#3301 = DIRECTION ( 'NONE',  ( 7.342650290796655500E-029, -1.000000000000000000, 1.745741680554692300E-014 ) ) ;
#3303 = EDGE_CURVE ( 'NONE', #310, #2763, #4075, .T. ) ;
#3304 =( NAMED_UNIT ( * ) SI_UNIT ( $, .STERADIAN. ) SOLID_ANGLE_UNIT ( ) );
#3305 =( GEOMETRIC_REPRESENTATION_CONTEXT ( 3 ) GLOBAL_UNCERTAINTY_ASSIGNED_CONTEXT ( ( #1819 ) ) GLOBAL_UNIT_ASSIGNED_CONTEXT ( ( #1772, #3094, #1408 ) ) REPRESENTATION_CONTEXT ( 'NONE', 'WORKASPACE' ) );
#3306 = ORIENTED_EDGE ( 'NONE', *, *, #2205, .T. ) ;
#3307 = LINE ( 'NONE', #2549, #250 ) ;
#3308 = LINE ( 'NONE', #2191, #1198 ) ;
#3309 = VECTOR ( 'NONE', #95, 1000.000000000000000 ) ;
#3310 = DIRECTION ( 'NONE',  ( 1.000000000000000000, 7.087985100335224300E-029, -1.218204688186212300E-016 ) ) ;
#3311 = DIRECTION ( 'NONE',  ( 7.342650290796655500E-029, -1.000000000000000000, 1.745741680554692300E-014 ) ) ;
#3312 = PLANE ( 'NONE',  #1963 ) ;
#3313 = VECTOR ( 'NONE', #769, 1000.000000000000000 ) ;
#3314 = AXIS2_PLACEMENT_3D ( 'NONE', #811, #3838, #1068 ) ;
#3315 = SURFACE_STYLE_USAGE ( .BOTH. , #4051 ) ;
#3316 = VECTOR ( 'NONE', #1863, 1000.000000000000000 ) ;
#3317 = ADVANCED_FACE ( 'NONE', ( #464 ), #3774, .F. ) ;
#3318 = LINE ( 'NONE', #181, #4464 ) ;
#3319 = ORIENTED_EDGE ( 'NONE', *, *, #930, .F. ) ;
#3320 = CARTESIAN_POINT ( 'NONE',  ( 5.599999999999998800, -4.200000000000072100, -3.949999999999929100 ) ) ;
#3321 = VERTEX_POINT ( 'NONE', #61 ) ;
#3322 = DIRECTION ( 'NONE',  ( -7.342650290796655500E-029, 1.000000000000000000, -1.745741680554692300E-014 ) ) ;
#3323 = LINE ( 'NONE', #3320, #2387 ) ;
#3324 = ORIENTED_EDGE ( 'NONE', *, *, #1868, .F. ) ;
#3325 =( NAMED_UNIT ( * ) SI_UNIT ( $, .STERADIAN. ) SOLID_ANGLE_UNIT ( ) );
#3326 = EDGE_CURVE ( 'NONE', #2765, #3386, #3116, .T. ) ;
#3327 = ORIENTED_EDGE ( 'NONE', *, *, #2810, .T. ) ;
#3328 = MECHANICAL_DESIGN_GEOMETRIC_PRESENTATION_REPRESENTATION (  '', ( #1597 ), #3874 ) ;
#3329 = CARTESIAN_POINT ( 'NONE',  ( 8.499999999999998200, -2.149999999999999900, -0.009999999999961614200 ) ) ;
#3330 = CARTESIAN_POINT ( 'NONE',  ( 6.399999999999999500, -4.200000000000072100, -3.949999999999929100 ) ) ;
#3331 = CARTESIAN_POINT ( 'NONE',  ( 0.5000000000000004400, -2.150000000000038100, -2.209999999999958200 ) ) ;
#3332 = CARTESIAN_POINT ( 'NONE',  ( 5.599999999999998800, -3.950000000000079200, -4.399999999999931100 ) ) ;
#3333 =( GEOMETRIC_REPRESENTATION_CONTEXT ( 3 ) GLOBAL_UNCERTAINTY_ASSIGNED_CONTEXT ( ( #771 ) ) GLOBAL_UNIT_ASSIGNED_CONTEXT ( ( #3926, #4278, #3957 ) ) REPRESENTATION_CONTEXT ( 'NONE', 'WORKASPACE' ) );
#3334 = STYLED_ITEM ( 'NONE', ( #1473 ), #2678 ) ;
#3335 = ORIENTED_EDGE ( 'NONE', *, *, #747, .F. ) ;
#3336 = ORIENTED_EDGE ( 'NONE', *, *, #2388, .F. ) ;
#3337 = CARTESIAN_POINT ( 'NONE',  ( 7.599999999999998800, -3.950000000000071700, -3.949999999999934500 ) ) ;
#3338 = DIRECTION ( 'NONE',  ( 5.769590274870001500E-017, 1.726028913782228200E-014, 1.000000000000000000 ) ) ;
#3339 = ORIENTED_EDGE ( 'NONE', *, *, #45, .T. ) ;
#3340 = CARTESIAN_POINT ( 'NONE',  ( 3.249999999999999100, -1.800000000000023600, -1.349999999999967400 ) ) ;
#3341 = PRESENTATION_LAYER_ASSIGNMENT (  '', '', ( #2227 ) ) ;
#3342 =( LENGTH_UNIT ( ) NAMED_UNIT ( * ) SI_UNIT ( .MILLI., .METRE. ) );
#3343 = VERTEX_POINT ( 'NONE', #3841 ) ;
#3344 = DIRECTION ( 'NONE',  ( 8.462065736472486200E-016, 1.724586516213511400E-014, 1.000000000000000000 ) ) ;
#3345 = VECTOR ( 'NONE', #1312, 1000.000000000000000 ) ;
#3346 = CARTESIAN_POINT ( 'NONE',  ( 5.399999999999999500, -4.200000000000072100, -3.949999999999929100 ) ) ;
#3347 = EDGE_LOOP ( 'NONE', ( #1732, #3882, #1284, #3803 ) ) ;
#3348 = VECTOR ( 'NONE', #3338, 1000.000000000000000 ) ;
#3349 = CARTESIAN_POINT ( 'NONE',  ( 8.499999999999996400, -3.450000000000039700, -2.249999999999943200 ) ) ;
#3350 = LINE ( 'NONE', #2351, #4448 ) ;
#3351 = EDGE_CURVE ( 'NONE', #4188, #4, #1305, .T. ) ;
#3352 = VECTOR ( 'NONE', #3167, 1000.000000000000000 ) ;
#3353 = CARTESIAN_POINT ( 'NONE',  ( 3.600000000000000100, -4.050000000000062000, -3.449999999999927800 ) ) ;
#3354 = LINE ( 'NONE', #3473, #253 ) ;
#3355 = ORIENTED_EDGE ( 'NONE', *, *, #3949, .F. ) ;
#3356 = DIRECTION ( 'NONE',  ( -1.000000000000000000, -7.300652170296560700E-029, 2.524354896707237800E-029 ) ) ;
#3357 = VECTOR ( 'NONE', #2208, 1000.000000000000000 ) ;
#3358 = VECTOR ( 'NONE', #2708, 1000.000000000000000 ) ;
#3359 = EDGE_CURVE ( 'NONE', #3764, #3040, #3354, .T. ) ;
#3360 = UNCERTAINTY_MEASURE_WITH_UNIT (LENGTH_MEASURE( 1.000000000000000100E-005 ), #3987, 'distance_accuracy_value', 'NONE');
#3361 = DIRECTION ( 'NONE',  ( 1.000000000000000000, 7.183248955243336400E-029, -5.769590274870001500E-017 ) ) ;
#3362 = VECTOR ( 'NONE', #1238, 1000.000000000000000 ) ;
#3363 = DIRECTION ( 'NONE',  ( 7.342650290796655500E-029, -1.000000000000000000, 1.745741680554692300E-014 ) ) ;
#3364 = ADVANCED_FACE ( 'NONE', ( #2599 ), #2676, .T. ) ;
#3365 = VECTOR ( 'NONE', #1751, 1000.000000000000000 ) ;
#3366 = SURFACE_SIDE_STYLE ('',( #2063 ) ) ;
#3367 = LINE ( 'NONE', #2049, #2907 ) ;
#3368 = CARTESIAN_POINT ( 'NONE',  ( 1.599999999999999600, -3.950000000000079200, -4.399999999999931100 ) ) ;
#3369 = EDGE_CURVE ( 'NONE', #4343, #1269, #4454, .T. ) ;
#3370 = LINE ( 'NONE', #495, #2426 ) ;
#3371 = PLANE ( 'NONE',  #922 ) ;
#3372 =( LENGTH_UNIT ( ) NAMED_UNIT ( * ) SI_UNIT ( .MILLI., .METRE. ) );
#3373 = VERTEX_POINT ( 'NONE', #375 ) ;
#3375 = SURFACE_SIDE_STYLE ('',( #838 ) ) ;
#3374 = CARTESIAN_POINT ( 'NONE',  ( 4.599999999999998800, -3.950000000000071700, -3.949999999999932700 ) ) ;
#3376 = LINE ( 'NONE', #928, #1797 ) ;
#3377 = ORIENTED_EDGE ( 'NONE', *, *, #2421, .T. ) ;
#3378 = EDGE_CURVE ( 'NONE', #2981, #1179, #2198, .T. ) ;
#3379 = FACE_OUTER_BOUND ( 'NONE', #1236, .T. ) ;
#3380 = AXIS2_PLACEMENT_3D ( 'NONE', #4080, #3005, #4046 ) ;
#3381 = DIRECTION ( 'NONE',  ( -1.000000000000000000, -5.940797299374454100E-029, 7.885106708985738500E-016 ) ) ;
#3382 = CARTESIAN_POINT ( 'NONE',  ( -2.542532961256532300E-028, 1.949999999999923100, -4.400000000000034100 ) ) ;
#3383 = DIRECTION ( 'NONE',  ( 2.524354896707237800E-029, 1.745741680554692000E-014, 1.000000000000000000 ) ) ;
#3384 = PRESENTATION_STYLE_ASSIGNMENT (( #633 ) ) ;
#3385 = ORIENTED_EDGE ( 'NONE', *, *, #3120, .T. ) ;
#3386 = VERTEX_POINT ( 'NONE', #1050 ) ;
#3387 = PRESENTATION_STYLE_ASSIGNMENT (( #3945 ) ) ;
#3388 = CARTESIAN_POINT ( 'NONE',  ( 8.699999999999999300, 1.949999999999977500, -1.300000000000034700 ) ) ;
#3389 = CARTESIAN_POINT ( 'NONE',  ( 0.5000000000000000000, -3.450000000000039700, -2.249999999999939600 ) ) ;
#3390 = EDGE_CURVE ( 'NONE', #3946, #1011, #789, .T. ) ;
#3391 = VERTEX_POINT ( 'NONE', #628 ) ;
#3392 = ORIENTED_EDGE ( 'NONE', *, *, #3938, .F. ) ;
#3393 = VECTOR ( 'NONE', #4307, 1000.000000000000000 ) ;
#3394 = CARTESIAN_POINT ( 'NONE',  ( 7.399999999999999500, -3.950000000000079200, -4.399999999999931100 ) ) ;
#3395 = EDGE_CURVE ( 'NONE', #1212, #1241, #2898, .T. ) ;
#3396 = CARTESIAN_POINT ( 'NONE',  ( 3.600000000000000100, -4.200000000000089000, -4.949999999999928200 ) ) ;
#3397 = ORIENTED_EDGE ( 'NONE', *, *, #3044, .T. ) ;
#3398 = AXIS2_PLACEMENT_3D ( 'NONE', #2470, #2425, #437 ) ;
#3399 = ORIENTED_EDGE ( 'NONE', *, *, #2421, .F. ) ;
#3400 = EDGE_LOOP ( 'NONE', ( #2484, #671, #2718, #4166 ) ) ;
#3401 = CARTESIAN_POINT ( 'NONE',  ( 8.249999999999998200, 1.949999999999990000, -0.6000000000000349500 ) ) ;
#3402 = PRESENTATION_STYLE_ASSIGNMENT (( #1092 ) ) ;
#3403 =( GEOMETRIC_REPRESENTATION_CONTEXT ( 3 ) GLOBAL_UNCERTAINTY_ASSIGNED_CONTEXT ( ( #1146 ) ) GLOBAL_UNIT_ASSIGNED_CONTEXT ( ( #4020, #2915, #894 ) ) REPRESENTATION_CONTEXT ( 'NONE', 'WORKASPACE' ) );
#3404 = FILL_AREA_STYLE_COLOUR ( '', #3233 ) ;
#3405 = SURFACE_STYLE_FILL_AREA ( #1669 ) ;
#3406 = CARTESIAN_POINT ( 'NONE',  ( 8.699999999999999300, -1.800000000000022200, -1.299999999999969200 ) ) ;
#3407 = VERTEX_POINT ( 'NONE', #1334 ) ;
#3408 = PRESENTATION_STYLE_ASSIGNMENT (( #3899 ) ) ;
#3409 = CARTESIAN_POINT ( 'NONE',  ( 0.5000000000000000000, 1.299999999999935000, -3.750000000000023100 ) ) ;
#3410 = LINE ( 'NONE', #2721, #3734 ) ;
#3411 = DIRECTION ( 'NONE',  ( -2.524354896707236900E-029, -1.755598063940923900E-014, -1.000000000000000000 ) ) ;
#3412 = ORIENTED_EDGE ( 'NONE', *, *, #4028, .F. ) ;
#3413 = VECTOR ( 'NONE', #3208, 1000.000000000000000 ) ;
#3414 = VECTOR ( 'NONE', #3029, 1000.000000000000000 ) ;
#3415 = EDGE_CURVE ( 'NONE', #1981, #536, #1777, .T. ) ;
#3416 = MECHANICAL_DESIGN_GEOMETRIC_PRESENTATION_REPRESENTATION (  '', ( #4216 ), #344 ) ;
#3417 = FACE_OUTER_BOUND ( 'NONE', #171, .T. ) ;
#3418 = LINE ( 'NONE', #3191, #908 ) ;
#3419 = CARTESIAN_POINT ( 'NONE',  ( 8.499999999999996400, -3.450000000000039700, -2.249999999999943200 ) ) ;
#3421 = CARTESIAN_POINT ( 'NONE',  ( 5.599999999999998800, -4.200000000000072100, -3.949999999999929100 ) ) ;
#3420 = CARTESIAN_POINT ( 'NONE',  ( 1.599999999999999600, -4.050000000000071800, -3.949999999999930000 ) ) ;
#3422 = PLANE ( 'NONE',  #3239 ) ;
#3423 = ORIENTED_EDGE ( 'NONE', *, *, #2381, .T. ) ;
#3424 =( NAMED_UNIT ( * ) PLANE_ANGLE_UNIT ( ) SI_UNIT ( $, .RADIAN. ) );
#3425 = STYLED_ITEM ( 'NONE', ( #4239 ), #2533 ) ;
#3426 = LINE ( 'NONE', #1833, #1599 ) ;
#3427 = VERTEX_POINT ( 'NONE', #825 ) ;
#3428 = MECHANICAL_DESIGN_GEOMETRIC_PRESENTATION_REPRESENTATION (  '', ( #499 ), #1322 ) ;
#3429 = ORIENTED_EDGE ( 'NONE', *, *, #532, .F. ) ;
#3430 = DIRECTION ( 'NONE',  ( 8.462065736472486200E-016, 1.745741680554692000E-014, 1.000000000000000000 ) ) ;
#3431 = ORIENTED_EDGE ( 'NONE', *, *, #1153, .F. ) ;
#3432 = CARTESIAN_POINT ( 'NONE',  ( 7.399999999999999500, -3.900000000000088700, -4.949999999999936200 ) ) ;
#3433 = UNCERTAINTY_MEASURE_WITH_UNIT (LENGTH_MEASURE( 1.000000000000000100E-005 ), #92, 'distance_accuracy_value', 'NONE');
#3434 = CARTESIAN_POINT ( 'NONE',  ( 0.3000000000000004300, -2.150000000000011500, -0.6499999999999627200 ) ) ;
#3435 = PLANE ( 'NONE',  #4268 ) ;
#3436 = VERTEX_POINT ( 'NONE', #4243 ) ;
#3437 = ORIENTED_EDGE ( 'NONE', *, *, #3818, .T. ) ;
#3438 = LINE ( 'NONE', #3105, #2983 ) ;
#3439 = VERTEX_POINT ( 'NONE', #3807 ) ;
#3440 = VERTEX_POINT ( 'NONE', #3434 ) ;
#3441 = DIRECTION ( 'NONE',  ( 7.310029526155949400E-029, -1.000000000000000000, 1.707192269977429800E-014 ) ) ;
#3442 = EDGE_CURVE ( 'NONE', #3088, #3373, #249, .T. ) ;
#3443 = ORIENTED_EDGE ( 'NONE', *, *, #2626, .F. ) ;
#3444 = CARTESIAN_POINT ( 'NONE',  ( 8.499999999999998200, -2.149999999999999900, 3.391594463011052400E-014 ) ) ;
#3445 = VERTEX_POINT ( 'NONE', #1552 ) ;
#3446 = ORIENTED_EDGE ( 'NONE', *, *, #2987, .F. ) ;
#3447 = COLOUR_RGB ( '',0.7529411764705882200, 0.7529411764705882200, 0.7529411764705882200 ) ;
#3448 = FILL_AREA_STYLE ('',( #3135 ) ) ;
#3449 = CARTESIAN_POINT ( 'NONE',  ( 7.599999999999998800, -4.050000000000071800, -3.949999999999932700 ) ) ;
#3450 = PRESENTATION_LAYER_ASSIGNMENT (  '', '', ( #3121 ) ) ;
#3451 = CARTESIAN_POINT ( 'NONE',  ( 0.3000000000000004900, -4.200000000000002000, -0.009999999999922680100 ) ) ;
#3452 = LINE ( 'NONE', #1542, #2263 ) ;
#3453 = CARTESIAN_POINT ( 'NONE',  ( 4.599999999999998800, -3.950000000000071700, -3.949999999999932700 ) ) ;
#3454 = FILL_AREA_STYLE ('',( #2723 ) ) ;
#3455 = CARTESIAN_POINT ( 'NONE',  ( 8.499999999999996400, -3.450000000000038400, -2.209999999999939600 ) ) ;
#3456 = FACE_OUTER_BOUND ( 'NONE', #238, .T. ) ;
#3457 = VERTEX_POINT ( 'NONE', #4341 ) ;
#3458 = VECTOR ( 'NONE', #3744, 1000.000000000000000 ) ;
#3459 = LINE ( 'NONE', #614, #2742 ) ;
#3460 = VECTOR ( 'NONE', #3644, 1000.000000000000000 ) ;
#3461 = EDGE_CURVE ( 'NONE', #3701, #418, #842, .T. ) ;
#3462 =( GEOMETRIC_REPRESENTATION_CONTEXT ( 3 ) GLOBAL_UNCERTAINTY_ASSIGNED_CONTEXT ( ( #3433 ) ) GLOBAL_UNIT_ASSIGNED_CONTEXT ( ( #92, #3534, #2450 ) ) REPRESENTATION_CONTEXT ( 'NONE', 'WORKASPACE' ) );
#3463 = VECTOR ( 'NONE', #3902, 1000.000000000000000 ) ;
#3464 = DIRECTION ( 'NONE',  ( 2.524354896707237800E-029, 1.745741680554692300E-014, 1.000000000000000000 ) ) ;
#3466 = EDGE_CURVE ( 'NONE', #2673, #1986, #4451, .T. ) ;
#3465 = LINE ( 'NONE', #2310, #1094 ) ;
#3467 = EDGE_CURVE ( 'NONE', #1662, #1342, #3170, .T. ) ;
#3468 = CARTESIAN_POINT ( 'NONE',  ( 8.499999999999998200, -2.149999999999999900, -0.009999999999961595200 ) ) ;
#3469 = MECHANICAL_DESIGN_GEOMETRIC_PRESENTATION_REPRESENTATION (  '', ( #2939 ), #3648 ) ;
#3470 = ORIENTED_EDGE ( 'NONE', *, *, #3303, .T. ) ;
#3471 = LINE ( 'NONE', #3353, #3139 ) ;
#3472 = ORIENTED_EDGE ( 'NONE', *, *, #513, .F. ) ;
#3473 = CARTESIAN_POINT ( 'NONE',  ( 5.599999999999998800, -4.200000000000072100, -3.949999999999929100 ) ) ;
#3474 = ORIENTED_EDGE ( 'NONE', *, *, #4201, .F. ) ;
#3475 = VECTOR ( 'NONE', #4230, 1000.000000000000000 ) ;
#3476 = VERTEX_POINT ( 'NONE', #2592 ) ;
#3477 = CARTESIAN_POINT ( 'NONE',  ( 6.399999999999999500, -4.200000000000089000, -4.949999999999929100 ) ) ;
#3478 = DIRECTION ( 'NONE',  ( -7.342650290796655500E-029, 1.000000000000000000, -1.745741680554692300E-014 ) ) ;
#3479 = VERTEX_POINT ( 'NONE', #1880 ) ;
#3480 = ORIENTED_EDGE ( 'NONE', *, *, #371, .T. ) ;
#3481 = VECTOR ( 'NONE', #3606, 1000.000000000000000 ) ;
#3482 = EDGE_CURVE ( 'NONE', #1560, #3228, #3671, .T. ) ;
#3483 = PRESENTATION_LAYER_ASSIGNMENT (  '', '', ( #812 ) ) ;
#3484 = ORIENTED_EDGE ( 'NONE', *, *, #233, .T. ) ;
#3485 = ORIENTED_EDGE ( 'NONE', *, *, #713, .T. ) ;
#3486 =( NAMED_UNIT ( * ) SI_UNIT ( $, .STERADIAN. ) SOLID_ANGLE_UNIT ( ) );
#3487 = EDGE_CURVE ( 'NONE', #72, #3780, #4012, .T. ) ;
#3488 = FILL_AREA_STYLE_COLOUR ( '', #681 ) ;
#3489 = VERTEX_POINT ( 'NONE', #241 ) ;
#3490 = CARTESIAN_POINT ( 'NONE',  ( 3.249999999999999100, -0.6100000000000234100, -1.349999999999988500 ) ) ;
#3491 = ORIENTED_EDGE ( 'NONE', *, *, #3714, .F. ) ;
#3492 = VERTEX_POINT ( 'NONE', #3985 ) ;
#3493 = DIRECTION ( 'NONE',  ( -1.000000000000000000, -7.342650290796611800E-029, 2.524354896707238300E-029 ) ) ;
#3494 = VECTOR ( 'NONE', #561, 1000.000000000000000 ) ;
#3495 = FACE_OUTER_BOUND ( 'NONE', #4148, .T. ) ;
#3496 = VERTEX_POINT ( 'NONE', #3665 ) ;
#3497 = ADVANCED_FACE ( 'NONE', ( #3495 ), #1232, .F. ) ;
#3498 = VECTOR ( 'NONE', #3383, 1000.000000000000000 ) ;
#3499 = DIRECTION ( 'NONE',  ( 1.000000000000000000, 7.300652170296560700E-029, -2.524354896707237800E-029 ) ) ;
#3500 = VECTOR ( 'NONE', #2047, 1000.000000000000000 ) ;
#3501 = EDGE_CURVE ( 'NONE', #1353, #329, #2698, .T. ) ;
#3502 = VECTOR ( 'NONE', #2048, 1000.000000000000000 ) ;
#3503 = COLOUR_RGB ( '',0.7529411764705882200, 0.7529411764705882200, 0.7529411764705882200 ) ;
#3504 = ADVANCED_FACE ( 'NONE', ( #2642 ), #2910, .F. ) ;
#3505 = AXIS2_PLACEMENT_3D ( 'NONE', #516, #3628, #1575 ) ;
#3506 = FACE_OUTER_BOUND ( 'NONE', #2278, .T. ) ;
#3507 =( NAMED_UNIT ( * ) SI_UNIT ( $, .STERADIAN. ) SOLID_ANGLE_UNIT ( ) );
#3508 =( NAMED_UNIT ( * ) PLANE_ANGLE_UNIT ( ) SI_UNIT ( $, .RADIAN. ) );
#3509 = CARTESIAN_POINT ( 'NONE',  ( 0.5000000000000000000, 1.949999999999957500, -2.450000000000034400 ) ) ;
#3510 = FACE_OUTER_BOUND ( 'NONE', #1626, .T. ) ;
#3511 = EDGE_CURVE ( 'NONE', #3001, #4393, #460, .T. ) ;
#3512 = AXIS2_PLACEMENT_3D ( 'NONE', #3965, #4320, #2905 ) ;
#3513 = VECTOR ( 'NONE', #1821, 1000.000000000000000 ) ;
#3514 = DIRECTION ( 'NONE',  ( -7.342650290796655500E-029, 1.000000000000000000, -1.745741680554692300E-014 ) ) ;
#3515 = SURFACE_SIDE_STYLE ('',( #2752 ) ) ;
#3516 = SURFACE_STYLE_FILL_AREA ( #4344 ) ;
#3517 = CARTESIAN_POINT ( 'NONE',  ( 7.599999999999998800, -4.050000000000071800, -3.949999999999932700 ) ) ;
#3518 = EDGE_LOOP ( 'NONE', ( #339, #699, #278, #4107 ) ) ;
#3519 = CARTESIAN_POINT ( 'NONE',  ( 8.499999999999996400, -3.450000000000039700, -2.249999999999943200 ) ) ;
#3520 = DIRECTION ( 'NONE',  ( 1.000000000000000000, 7.300652170296560700E-029, -2.524354896707237800E-029 ) ) ;
#3521 = VERTEX_POINT ( 'NONE', #541 ) ;
#3522 = ORIENTED_EDGE ( 'NONE', *, *, #3501, .T. ) ;
#3523 = ADVANCED_FACE ( 'NONE', ( #1246 ), #3654, .F. ) ;
#3524 = LINE ( 'NONE', #2517, #1553 ) ;
#3525 = ORIENTED_EDGE ( 'NONE', *, *, #2171, .T. ) ;
#3526 = CARTESIAN_POINT ( 'NONE',  ( 6.399999999999999500, -4.200000000000072100, -3.949999999999929100 ) ) ;
#3527 = ORIENTED_EDGE ( 'NONE', *, *, #3970, .T. ) ;
#3528 = CARTESIAN_POINT ( 'NONE',  ( 6.599999999999998800, -3.900000000000088700, -4.949999999999935300 ) ) ;
#3529 = DIRECTION ( 'NONE',  ( -7.342650290796655500E-029, 1.000000000000000000, -1.745741680554692300E-014 ) ) ;
#3530 = PLANE ( 'NONE',  #490 ) ;
#3531 = ADVANCED_FACE ( 'NONE', ( #4218 ), #3284, .F. ) ;
#3532 = VECTOR ( 'NONE', #1097, 1000.000000000000000 ) ;
#3533 = CARTESIAN_POINT ( 'NONE',  ( 6.399999999999999500, -3.900000000000088700, -4.949999999999935300 ) ) ;
#3534 =( NAMED_UNIT ( * ) PLANE_ANGLE_UNIT ( ) SI_UNIT ( $, .RADIAN. ) );
#3535 = ORIENTED_EDGE ( 'NONE', *, *, #4144, .F. ) ;
#3536 = CARTESIAN_POINT ( 'NONE',  ( 8.249999999999998200, -0.4000000000000695800, -3.999999999999993300 ) ) ;
#3537 =( LENGTH_UNIT ( ) NAMED_UNIT ( * ) SI_UNIT ( .MILLI., .METRE. ) );
#3538 = UNCERTAINTY_MEASURE_WITH_UNIT (LENGTH_MEASURE( 1.000000000000000100E-005 ), #832, 'distance_accuracy_value', 'NONE');
#3539 = CARTESIAN_POINT ( 'NONE',  ( 5.399999999999999500, -4.200000000000089000, -4.949999999999929100 ) ) ;
#3540 = EDGE_CURVE ( 'NONE', #1274, #3941, #1358, .T. ) ;
#3541 = CARTESIAN_POINT ( 'NONE',  ( 8.499999999999996400, 1.299999999999957600, -2.450000000000026800 ) ) ;
#3542 = CARTESIAN_POINT ( 'NONE',  ( 0.2999999999999999300, -1.800000000000035300, -2.049999999999970100 ) ) ;
#3543 = DIRECTION ( 'NONE',  ( -2.524354896707233600E-029, -1.805559731450444000E-014, -1.000000000000000000 ) ) ;
#3544 = ORIENTED_EDGE ( 'NONE', *, *, #855, .F. ) ;
#3545 = DIRECTION ( 'NONE',  ( 7.300652170296604500E-029, -1.000000000000000000, 1.745741680554692300E-014 ) ) ;
#3546 = COLOUR_RGB ( '',0.7529411764705882200, 0.7529411764705882200, 0.7529411764705882200 ) ;
#3547 = FILL_AREA_STYLE ('',( #827 ) ) ;
#3548 = DIRECTION ( 'NONE',  ( -7.885106708985738500E-016, -1.772846734866829600E-014, -1.000000000000000000 ) ) ;
#3549 = ORIENTED_EDGE ( 'NONE', *, *, #3054, .T. ) ;
#3550 = AXIS2_PLACEMENT_3D ( 'NONE', #151, #2230, #204 ) ;
#3551 = FILL_AREA_STYLE ('',( #4304 ) ) ;
#3552 = LINE ( 'NONE', #1017, #2520 ) ;
#3553 = CARTESIAN_POINT ( 'NONE',  ( 4.399999999999999500, -3.950000000000061900, -3.449999999999930000 ) ) ;
#3554 = ADVANCED_FACE ( 'NONE', ( #2136 ), #889, .F. ) ;
#3555 = CARTESIAN_POINT ( 'NONE',  ( 8.249999999999998200, -0.4000000000000695800, -3.999999999999993300 ) ) ;
#3556 = LINE ( 'NONE', #87, #2046 ) ;
#3557 = MECHANICAL_DESIGN_GEOMETRIC_PRESENTATION_REPRESENTATION (  '', ( #725 ), #1347 ) ;
#3558 =( NAMED_UNIT ( * ) PLANE_ANGLE_UNIT ( ) SI_UNIT ( $, .RADIAN. ) );
#3559 = EDGE_CURVE ( 'NONE', #2785, #1241, #2830, .T. ) ;
#3560 = CARTESIAN_POINT ( 'NONE',  ( 6.724999999999999600, 1.949999999999966200, -1.950000000000035500 ) ) ;
#3561 = VERTEX_POINT ( 'NONE', #1536 ) ;
#3562 =( LENGTH_UNIT ( ) NAMED_UNIT ( * ) SI_UNIT ( .MILLI., .METRE. ) );
#3563 = VECTOR ( 'NONE', #1721, 1000.000000000000000 ) ;
#3564 = PLANE ( 'NONE',  #1367 ) ;
#3565 = LINE ( 'NONE', #2282, #2704 ) ;
#3566 = CARTESIAN_POINT ( 'NONE',  ( 0.5000000000000004400, -4.200000000000040100, -2.209999999999923100 ) ) ;
#3567 = CARTESIAN_POINT ( 'NONE',  ( 2.600000000000000100, -4.050000000000062000, -3.449999999999927300 ) ) ;
#3568 = LINE ( 'NONE', #854, #1949 ) ;
#3569 = VECTOR ( 'NONE', #3578, 1000.000000000000000 ) ;
#3570 = SURFACE_STYLE_USAGE ( .BOTH. , #3187 ) ;
#3571 = EDGE_CURVE ( 'NONE', #282, #2354, #1726, .T. ) ;
#3572 = LINE ( 'NONE', #4097, #2658 ) ;
#3573 = VECTOR ( 'NONE', #1104, 1000.000000000000000 ) ;
#3574 = ORIENTED_EDGE ( 'NONE', *, *, #2649, .F. ) ;
#3575 = CARTESIAN_POINT ( 'NONE',  ( 6.724999999999999600, 1.949999999999994200, -0.3500000000000332300 ) ) ;
#3576 = FILL_AREA_STYLE ('',( #2897 ) ) ;
#3577 = LINE ( 'NONE', #3419, #4366 ) ;
#3578 = DIRECTION ( 'NONE',  ( -2.524354896707237800E-029, -1.745741680554692000E-014, -1.000000000000000000 ) ) ;
#3579 = ORIENTED_EDGE ( 'NONE', *, *, #3112, .F. ) ;
#3580 = ADVANCED_FACE ( 'NONE', ( #1995 ), #2878, .F. ) ;
#3581 = EDGE_CURVE ( 'NONE', #1179, #3205, #2782, .T. ) ;
#3582 = AXIS2_PLACEMENT_3D ( 'NONE', #2526, #2844, #4206 ) ;
#3583 = DIRECTION ( 'NONE',  ( 2.524354896707237800E-029, 1.745741680554692000E-014, 1.000000000000000000 ) ) ;
#3584 = CARTESIAN_POINT ( 'NONE',  ( 8.300000000000000700, -1.800000000000035300, -2.049999999999970100 ) ) ;
#3585 = FACE_OUTER_BOUND ( 'NONE', #1903, .T. ) ;
#3586 = ORIENTED_EDGE ( 'NONE', *, *, #1021, .T. ) ;
#3587 = EDGE_LOOP ( 'NONE', ( #2162, #3700, #4017, #1774 ) ) ;
#3588 = LINE ( 'NONE', #1496, #3645 ) ;
#3589 = CARTESIAN_POINT ( 'NONE',  ( 8.999999999999998200, -4.050000000000038900, -2.249999999999932900 ) ) ;
#3590 = DIRECTION ( 'NONE',  ( 1.000000000000000000, 7.342650290796611800E-029, -2.524354896707238300E-029 ) ) ;
#3591 = EDGE_LOOP ( 'NONE', ( #887, #717, #3423, #2088 ) ) ;
#3592 = EDGE_CURVE ( 'NONE', #3828, #1572, #3299, .T. ) ;
#3593 = DIRECTION ( 'NONE',  ( -1.000000000000000000, -7.199706201088246900E-029, 5.782411586591883000E-017 ) ) ;
#3594 = ORIENTED_EDGE ( 'NONE', *, *, #2070, .F. ) ;
#3595 = CARTESIAN_POINT ( 'NONE',  ( 6.724999999999998800, -0.05000000000003635600, -2.099999999999999600 ) ) ;
#3596 = ORIENTED_EDGE ( 'NONE', *, *, #2670, .F. ) ;
#3597 = FACE_OUTER_BOUND ( 'NONE', #3678, .T. ) ;
#3598 = STYLED_ITEM ( 'NONE', ( #1885 ), #3698 ) ;
#3599 = DIRECTION ( 'NONE',  ( -1.000000000000000000, -7.300652170296560700E-029, 2.524354896707237800E-029 ) ) ;
#3600 = DIRECTION ( 'NONE',  ( 1.000000000000000000, 6.562023127308895300E-029, -4.231032868236369300E-016 ) ) ;
#3601 = CARTESIAN_POINT ( 'NONE',  ( 8.699999999999999300, -3.450000000000011300, -0.6499999999999434000 ) ) ;
#3602 = VERTEX_POINT ( 'NONE', #2291 ) ;
#3603 = ORIENTED_EDGE ( 'NONE', *, *, #994, .F. ) ;
#3604 = ADVANCED_FACE ( 'NONE', ( #2523 ), #1320, .F. ) ;
#3605 =( NAMED_UNIT ( * ) SI_UNIT ( $, .STERADIAN. ) SOLID_ANGLE_UNIT ( ) );
#3606 = DIRECTION ( 'NONE',  ( 7.342650290796655500E-029, -1.000000000000000000, 1.745741680554692300E-014 ) ) ;
#3607 = DIRECTION ( 'NONE',  ( 7.300652170296604500E-029, -1.000000000000000000, 1.745741680554692300E-014 ) ) ;
#3608 = ORIENTED_EDGE ( 'NONE', *, *, #817, .F. ) ;
#3609 = ORIENTED_EDGE ( 'NONE', *, *, #520, .T. ) ;
#3610 = PRESENTATION_STYLE_ASSIGNMENT (( #2086 ) ) ;
#3611 = EDGE_CURVE ( 'NONE', #1882, #1082, #1355, .T. ) ;
#3612 = CARTESIAN_POINT ( 'NONE',  ( 0.3000000000000005400, -2.150000000000011500, -0.6499999999999627200 ) ) ;
#3613 = MECHANICAL_DESIGN_GEOMETRIC_PRESENTATION_REPRESENTATION (  '', ( #1843 ), #2067 ) ;
#3614 = SURFACE_SIDE_STYLE ('',( #1459 ) ) ;
#3615 = CARTESIAN_POINT ( 'NONE',  ( -7.263535775413147200E-029, -0.3000000000000653800, -3.749999999999995600 ) ) ;
#3616 = CLOSED_SHELL ( 'NONE', ( #2112, #3653, #4079, #806, #1135, #2163, #3935, #4397, #3317, #2558, #2237, #2786, #3272, #1117, #2129, #3364, #1279, #2478, #121, #3185, #815, #487, #1947, #2267, #4253, #1484, #1812, #4306, #3913, #3963, #831, #2908, #3675, #3853, #1926, #3154, #2650, #467, #3523, #71, #3133, #924, #3504, #878, #3161, #2812, #4227, #4248, #1816, #1167, #196, #1454, #90, #2678, #1673, #1144, #1561, #3729, #1794, #3698, #440, #780, #2185, #3580, #1862, #3218, #2134, #3885, #3860, #2829, #509, #2473, #1881, #1534, #1088, #3244, #787, #2448, #1973, #4199, #172, #4054, #1188, #2809, #444, #2533, #2505, #862, #2453, #3497, #2501, #1511, #3554, #2858, #98, #3180, #1216, #4334, #1474, #2980, #2211, #3906, #242, #4219, #2316, #2885, #3604, #531, #3531, #144, #1836, #631, #2822, #4280 ) ) ;
#3617 = SURFACE_STYLE_USAGE ( .BOTH. , #2849 ) ;
#3618 = DIRECTION ( 'NONE',  ( -7.885106708985738500E-016, -1.745741680554692000E-014, -1.000000000000000000 ) ) ;
#3619 = DIRECTION ( 'NONE',  ( 1.000000000000000000, 6.291192478213417800E-029, -5.782411586589609100E-016 ) ) ;
#3620 = DIRECTION ( 'NONE',  ( -7.324748651664560300E-029, 1.000000000000000000, -1.724586516213511400E-014 ) ) ;
#3621 = VECTOR ( 'NONE', #2557, 1000.000000000000000 ) ;
#3622 = LINE ( 'NONE', #3727, #2200 ) ;
#3623 = LINE ( 'NONE', #2534, #2414 ) ;
#3624 = CARTESIAN_POINT ( 'NONE',  ( 8.999999999999998200, 1.299999999999957600, -2.450000000000027300 ) ) ;
#3625 = DIRECTION ( 'NONE',  ( 7.342650290796655500E-029, -1.000000000000000000, 1.745741680554692300E-014 ) ) ;
#3626 = LINE ( 'NONE', #3539, #4405 ) ;
#3627 = PRESENTATION_LAYER_ASSIGNMENT (  '', '', ( #247 ) ) ;
#3628 = DIRECTION ( 'NONE',  ( -7.300652170296604500E-029, 1.000000000000000000, -1.745741680554692300E-014 ) ) ;
#3629 = CARTESIAN_POINT ( 'NONE',  ( 0.5000000000000000000, -4.049999999999999800, -0.009999999999924987300 ) ) ;
#3630 = COLOUR_RGB ( '',0.7529411764705882200, 0.7529411764705882200, 0.7529411764705882200 ) ;
#3631 = CARTESIAN_POINT ( 'NONE',  ( 0.6999999999999992900, 1.949999999999990000, -0.6000000000000340600 ) ) ;
#3632 = PLANE ( 'NONE',  #1357 ) ;
#3633 = LINE ( 'NONE', #3109, #3313 ) ;
#3634 = EDGE_LOOP ( 'NONE', ( #2637, #2066, #1917, #3776, #3158, #1434 ) ) ;
#3635 = LINE ( 'NONE', #534, #3316 ) ;
#3636 = SURFACE_STYLE_USAGE ( .BOTH. , #910 ) ;
#3637 = SURFACE_STYLE_FILL_AREA ( #526 ) ;
#3638 = ORIENTED_EDGE ( 'NONE', *, *, #873, .F. ) ;
#3639 = EDGE_CURVE ( 'NONE', #2857, #4328, #4214, .T. ) ;
#3640 =( GEOMETRIC_REPRESENTATION_CONTEXT ( 3 ) GLOBAL_UNCERTAINTY_ASSIGNED_CONTEXT ( ( #4443 ) ) GLOBAL_UNIT_ASSIGNED_CONTEXT ( ( #4011, #3651, #4041 ) ) REPRESENTATION_CONTEXT ( 'NONE', 'WORKASPACE' ) );
#3641 = ORIENTED_EDGE ( 'NONE', *, *, #3102, .F. ) ;
#3642 = ORIENTED_EDGE ( 'NONE', *, *, #2435, .F. ) ;
#3643 = DIRECTION ( 'NONE',  ( -1.000000000000000000, -7.300652170296560700E-029, 2.524354896707237800E-029 ) ) ;
#3644 = DIRECTION ( 'NONE',  ( -7.342650290796655500E-029, 1.000000000000000000, -1.745741680554692300E-014 ) ) ;
#3645 = VECTOR ( 'NONE', #798, 1000.000000000000000 ) ;
#3646 = EDGE_CURVE ( 'NONE', #2344, #3117, #1633, .T. ) ;
#3647 = ORIENTED_EDGE ( 'NONE', *, *, #1695, .T. ) ;
#3648 =( GEOMETRIC_REPRESENTATION_CONTEXT ( 3 ) GLOBAL_UNCERTAINTY_ASSIGNED_CONTEXT ( ( #3209 ) ) GLOBAL_UNIT_ASSIGNED_CONTEXT ( ( #2120, #3122, #68 ) ) REPRESENTATION_CONTEXT ( 'NONE', 'WORKASPACE' ) );
#3649 = ORIENTED_EDGE ( 'NONE', *, *, #4418, .T. ) ;
#3650 = DIRECTION ( 'NONE',  ( -1.000000000000000000, -7.342650290796611800E-029, 2.524354896707238300E-029 ) ) ;
#3651 =( NAMED_UNIT ( * ) PLANE_ANGLE_UNIT ( ) SI_UNIT ( $, .RADIAN. ) );
#3652 = DIRECTION ( 'NONE',  ( -7.324748651664560300E-029, 1.000000000000000000, -1.724586516213511400E-014 ) ) ;
#3653 = ADVANCED_FACE ( 'NONE', ( #454 ), #2666, .F. ) ;
#3654 = PLANE ( 'NONE',  #1080 ) ;
#3655 =( NAMED_UNIT ( * ) PLANE_ANGLE_UNIT ( ) SI_UNIT ( $, .RADIAN. ) );
#3656 =( LENGTH_UNIT ( ) NAMED_UNIT ( * ) SI_UNIT ( .MILLI., .METRE. ) );
#3657 = ORIENTED_EDGE ( 'NONE', *, *, #4384, .F. ) ;
#3658 = FILL_AREA_STYLE ('',( #2618 ) ) ;
#3659 = DIRECTION ( 'NONE',  ( 7.342650290796655500E-029, -1.000000000000000000, 1.733180801727116300E-014 ) ) ;
#3660 = ORIENTED_EDGE ( 'NONE', *, *, #321, .F. ) ;
#3661 = CARTESIAN_POINT ( 'NONE',  ( 1.599999999999999600, -4.200000000000072100, -3.949999999999927300 ) ) ;
#3662 = DIRECTION ( 'NONE',  ( -7.342650290796655500E-029, 1.000000000000000000, -1.745741680554692300E-014 ) ) ;
#3663 = ORIENTED_EDGE ( 'NONE', *, *, #2498, .F. ) ;
#3664 = DIRECTION ( 'NONE',  ( -2.524354896707237800E-029, -1.745741680554692000E-014, -1.000000000000000000 ) ) ;
#3665 = CARTESIAN_POINT ( 'NONE',  ( 4.599999999999998800, -4.050000000000071800, -3.949999999999930900 ) ) ;
#3666 = ORIENTED_EDGE ( 'NONE', *, *, #1303, .F. ) ;
#3667 = CARTESIAN_POINT ( 'NONE',  ( 5.599999999999998800, -4.050000000000062000, -3.449999999999928700 ) ) ;
#3668 = EDGE_CURVE ( 'NONE', #1769, #3032, #189, .T. ) ;
#3669 = DIRECTION ( 'NONE',  ( -2.524354896707237800E-029, -1.745741680554692000E-014, -1.000000000000000000 ) ) ;
#3670 = AXIS2_PLACEMENT_3D ( 'NONE', #521, #1876, #190 ) ;
#3671 = LINE ( 'NONE', #1213, #1456 ) ;
#3672 = ORIENTED_EDGE ( 'NONE', *, *, #1282, .F. ) ;
#3673 = DIRECTION ( 'NONE',  ( -1.000000000000000000, -7.300652170296560700E-029, 2.524354896707237800E-029 ) ) ;
#3674 = DIRECTION ( 'NONE',  ( -1.000000000000000000, -7.300652170296560700E-029, 2.524354896707237800E-029 ) ) ;
#3675 = ADVANCED_FACE ( 'NONE', ( #782 ), #978, .T. ) ;
#3676 = LINE ( 'NONE', #4431, #1361 ) ;
#3677 = COLOUR_RGB ( '',0.7529411764705882200, 0.7529411764705882200, 0.7529411764705882200 ) ;
#3678 = EDGE_LOOP ( 'NONE', ( #3269, #3859, #1107, #1674 ) ) ;
#3679 = FILL_AREA_STYLE_COLOUR ( '', #2010 ) ;
#3680 = FILL_AREA_STYLE_COLOUR ( '', #3677 ) ;
#3681 = VECTOR ( 'NONE', #2979, 1000.000000000000000 ) ;
#3682 = DIRECTION ( 'NONE',  ( -7.342650290796655500E-029, 1.000000000000000000, -1.745741680554692300E-014 ) ) ;
#3683 = CARTESIAN_POINT ( 'NONE',  ( 0.7500000000000006700, -1.800000000000022200, -1.299999999999968300 ) ) ;
#3684 = SURFACE_STYLE_FILL_AREA ( #3454 ) ;
#3685 = DIRECTION ( 'NONE',  ( 1.000000000000000000, 5.823394084321229800E-029, -8.462065736472487200E-016 ) ) ;
#3686 = LINE ( 'NONE', #1466, #4406 ) ;
#3687 = MECHANICAL_DESIGN_GEOMETRIC_PRESENTATION_REPRESENTATION (  '', ( #3121 ), #3403 ) ;
#3688 = FILL_AREA_STYLE ('',( #1905 ) ) ;
#3689 = SURFACE_SIDE_STYLE ('',( #25 ) ) ;
#3690 = UNCERTAINTY_MEASURE_WITH_UNIT (LENGTH_MEASURE( 1.000000000000000100E-005 ), #55, 'distance_accuracy_value', 'NONE');
#3691 = DIRECTION ( 'NONE',  ( -7.342650290796655500E-029, 1.000000000000000000, -1.745741680554692300E-014 ) ) ;
#3692 = CARTESIAN_POINT ( 'NONE',  ( 2.399999999999999900, -4.050000000000071800, -3.949999999999930000 ) ) ;
#3693 = VECTOR ( 'NONE', #971, 1000.000000000000000 ) ;
#3694 = LINE ( 'NONE', #3124, #1010 ) ;
#3695 = VERTEX_POINT ( 'NONE', #2651 ) ;
#3696 = VECTOR ( 'NONE', #3270, 1000.000000000000000 ) ;
#3697 = DIRECTION ( 'NONE',  ( -7.342650290796655500E-029, 1.000000000000000000, -1.745741680554692300E-014 ) ) ;
#3698 = ADVANCED_FACE ( 'NONE', ( #1297 ), #1286, .F. ) ;
#3699 = LINE ( 'NONE', #1712, #1661 ) ;
#3700 = ORIENTED_EDGE ( 'NONE', *, *, #1629, .T. ) ;
#3701 = VERTEX_POINT ( 'NONE', #651 ) ;
#3702 = CARTESIAN_POINT ( 'NONE',  ( 0.5000000000000000000, 1.949999999999957500, -2.450000000000034400 ) ) ;
#3703 = EDGE_CURVE ( 'NONE', #1601, #2766, #3350, .T. ) ;
#3704 = ORIENTED_EDGE ( 'NONE', *, *, #2806, .T. ) ;
#3705 = AXIS2_PLACEMENT_3D ( 'NONE', #2767, #2101, #1759 ) ;
#3707 = DIRECTION ( 'NONE',  ( -7.300652170296604500E-029, 1.000000000000000000, -1.745741680554692300E-014 ) ) ;
#3706 =( NAMED_UNIT ( * ) SI_UNIT ( $, .STERADIAN. ) SOLID_ANGLE_UNIT ( ) );
#3708 = PRESENTATION_STYLE_ASSIGNMENT (( #533 ) ) ;
#3709 = SURFACE_STYLE_USAGE ( .BOTH. , #1328 ) ;
#3710 = UNCERTAINTY_MEASURE_WITH_UNIT (LENGTH_MEASURE( 1.000000000000000100E-005 ), #2788, 'distance_accuracy_value', 'NONE');
#3711 = EDGE_CURVE ( 'NONE', #2344, #2345, #3832, .T. ) ;
#3712 = DIRECTION ( 'NONE',  ( -2.524354896707237500E-029, -1.745741680554692300E-014, -1.000000000000000000 ) ) ;
#3713 = CARTESIAN_POINT ( 'NONE',  ( 8.499999999999996400, 1.949999999999957500, -2.450000000000037500 ) ) ;
#3714 = EDGE_CURVE ( 'NONE', #1705, #2785, #2322, .T. ) ;
#3715 = EDGE_CURVE ( 'NONE', #1572, #3738, #1775, .T. ) ;
#3716 = AXIS2_PLACEMENT_3D ( 'NONE', #2337, #2687, #654 ) ;
#3717 = ORIENTED_EDGE ( 'NONE', *, *, #2459, .T. ) ;
#3718 =( LENGTH_UNIT ( ) NAMED_UNIT ( * ) SI_UNIT ( .MILLI., .METRE. ) );
#3719 = ORIENTED_EDGE ( 'NONE', *, *, #4384, .T. ) ;
#3720 = CARTESIAN_POINT ( 'NONE',  ( -1.431816806705347800E-028, 1.950000000000000400, -3.317460103282810300E-014 ) ) ;
#3721 = ORIENTED_EDGE ( 'NONE', *, *, #1841, .F. ) ;
#3722 = DIRECTION ( 'NONE',  ( -2.524354896707237800E-029, -1.745741680554692300E-014, -1.000000000000000000 ) ) ;
#3723 = PRESENTATION_LAYER_ASSIGNMENT (  '', '', ( #725 ) ) ;
#3724 = CARTESIAN_POINT ( 'NONE',  ( 8.499999999999994700, 1.299999999999935000, -3.750000000000026600 ) ) ;
#3725 = ORIENTED_EDGE ( 'NONE', *, *, #902, .T. ) ;
#3726 =( NAMED_UNIT ( * ) SI_UNIT ( $, .STERADIAN. ) SOLID_ANGLE_UNIT ( ) );
#3727 = CARTESIAN_POINT ( 'NONE',  ( 8.699999999999999300, -2.149999999999999900, -0.009999999999961763400 ) ) ;
#3728 = EDGE_LOOP ( 'NONE', ( #10, #461, #1345, #3108 ) ) ;
#3729 = ADVANCED_FACE ( 'NONE', ( #306 ), #665, .F. ) ;
#3730 = ORIENTED_EDGE ( 'NONE', *, *, #366, .T. ) ;
#3731 = VERTEX_POINT ( 'NONE', #351 ) ;
#3732 = VECTOR ( 'NONE', #2805, 1000.000000000000000 ) ;
#3733 = EDGE_CURVE ( 'NONE', #329, #357, #1406, .T. ) ;
#3734 = VECTOR ( 'NONE', #1992, 1000.000000000000000 ) ;
#3735 = DIRECTION ( 'NONE',  ( -7.342650290796655500E-029, 1.000000000000000000, -1.745741680554692300E-014 ) ) ;
#3736 = CARTESIAN_POINT ( 'NONE',  ( 8.249999999999998200, -1.800000000000022200, -1.299999999999969200 ) ) ;
#3737 = VECTOR ( 'NONE', #2218, 1000.000000000000000 ) ;
#3738 = VERTEX_POINT ( 'NONE', #416 ) ;
#3739 = LINE ( 'NONE', #2034, #312 ) ;
#3740 = FILL_AREA_STYLE ('',( #2485 ) ) ;
#3741 = EDGE_CURVE ( 'NONE', #646, #1981, #2825, .T. ) ;
#3742 = FILL_AREA_STYLE ('',( #1006 ) ) ;
#3743 = DIRECTION ( 'NONE',  ( -7.342650290796655500E-029, 1.000000000000000000, -1.745741680554692300E-014 ) ) ;
#3744 = DIRECTION ( 'NONE',  ( 1.000000000000000000, 7.300652170296560700E-029, -2.524354896707237800E-029 ) ) ;
#3745 = LINE ( 'NONE', #3713, #3681 ) ;
#3746 = FACE_OUTER_BOUND ( 'NONE', #1065, .T. ) ;
#3747 = VECTOR ( 'NONE', #3835, 1000.000000000000000 ) ;
#3748 = LINE ( 'NONE', #4174, #1150 ) ;
#3749 = DIRECTION ( 'NONE',  ( 1.000000000000000000, 7.300652170296560700E-029, -2.524354896707237800E-029 ) ) ;
#3750 = VERTEX_POINT ( 'NONE', #2834 ) ;
#3751 = ORIENTED_EDGE ( 'NONE', *, *, #834, .T. ) ;
#3752 = CARTESIAN_POINT ( 'NONE',  ( 0.3000000000000004900, -2.149999999999999900, -0.009999999999958210700 ) ) ;
#3753 = LINE ( 'NONE', #2852, #2710 ) ;
#3754 = EDGE_CURVE ( 'NONE', #2290, #3492, #4275, .T. ) ;
#3755 = FACE_BOUND ( 'NONE', #2361, .T. ) ;
#3756 = CARTESIAN_POINT ( 'NONE',  ( 2.369131282038875800E-028, -3.450000000000011300, -0.6499999999999399600 ) ) ;
#3757 = ORIENTED_EDGE ( 'NONE', *, *, #3813, .F. ) ;
#3758 = LINE ( 'NONE', #4398, #2225 ) ;
#3759 = ORIENTED_EDGE ( 'NONE', *, *, #1783, .F. ) ;
#3760 = AXIS2_PLACEMENT_3D ( 'NONE', #1503, #2170, #822 ) ;
#3761 = ORIENTED_EDGE ( 'NONE', *, *, #834, .F. ) ;
#3762 = LINE ( 'NONE', #4281, #2347 ) ;
#3763 = ORIENTED_EDGE ( 'NONE', *, *, #1046, .F. ) ;
#3764 = VERTEX_POINT ( 'NONE', #960 ) ;
#3765 = PLANE ( 'NONE',  #3295 ) ;
#3766 = VECTOR ( 'NONE', #1083, 1000.000000000000000 ) ;
#3767 = EDGE_CURVE ( 'NONE', #2857, #4062, #622, .T. ) ;
#3768 =( GEOMETRIC_REPRESENTATION_CONTEXT ( 3 ) GLOBAL_UNCERTAINTY_ASSIGNED_CONTEXT ( ( #3905 ) ) GLOBAL_UNIT_ASSIGNED_CONTEXT ( ( #2536, #505, #156 ) ) REPRESENTATION_CONTEXT ( 'NONE', 'WORKASPACE' ) );
#3769 = ORIENTED_EDGE ( 'NONE', *, *, #4296, .T. ) ;
#3770 = DIRECTION ( 'NONE',  ( -5.769590274870001500E-017, -1.745741680554692000E-014, -1.000000000000000000 ) ) ;
#3771 = DIRECTION ( 'NONE',  ( 2.524354896707237800E-029, 1.745741680554692000E-014, 1.000000000000000000 ) ) ;
#3772 = DIRECTION ( 'NONE',  ( 1.000000000000000000, 7.300652170296560700E-029, -2.524354896707237800E-029 ) ) ;
#3773 = EDGE_LOOP ( 'NONE', ( #3988, #1066, #4400, #2798, #3195, #1933, #1386, #3535, #4266, #12, #686, #1197, #2346, #219, #1499, #990, #2737, #1030, #2556, #3666 ) ) ;
#3774 = PLANE ( 'NONE',  #882 ) ;
#3775 = VERTEX_POINT ( 'NONE', #3951 ) ;
#3776 = ORIENTED_EDGE ( 'NONE', *, *, #2880, .T. ) ;
#3777 = PRESENTATION_LAYER_ASSIGNMENT (  '', '', ( #3598 ) ) ;
#3778 = CARTESIAN_POINT ( 'NONE',  ( 7.599999999999998800, -3.900000000000088700, -4.949999999999936200 ) ) ;
#3779 = DIRECTION ( 'NONE',  ( 1.000000000000000000, 7.342650290796611800E-029, -2.524354896707238300E-029 ) ) ;
#3780 = VERTEX_POINT ( 'NONE', #2598 ) ;
#3781 =( NAMED_UNIT ( * ) PLANE_ANGLE_UNIT ( ) SI_UNIT ( $, .RADIAN. ) );
#3782 = FACE_OUTER_BOUND ( 'NONE', #4198, .T. ) ;
#3783 = VECTOR ( 'NONE', #4049, 1000.000000000000000 ) ;
#3784 = VERTEX_POINT ( 'NONE', #1918 ) ;
#3785 = SURFACE_STYLE_FILL_AREA ( #3834 ) ;
#3786 = VECTOR ( 'NONE', #1702, 1000.000000000000000 ) ;
#3787 = EDGE_CURVE ( 'NONE', #506, #6, #3006, .T. ) ;
#3788 =( GEOMETRIC_REPRESENTATION_CONTEXT ( 3 ) GLOBAL_UNCERTAINTY_ASSIGNED_CONTEXT ( ( #44 ) ) GLOBAL_UNIT_ASSIGNED_CONTEXT ( ( #704, #1045, #3817 ) ) REPRESENTATION_CONTEXT ( 'NONE', 'WORKASPACE' ) );
#3789 = VECTOR ( 'NONE', #1025, 1000.000000000000000 ) ;
#3790 = ORIENTED_EDGE ( 'NONE', *, *, #891, .F. ) ;
#3791 = VECTOR ( 'NONE', #208, 1000.000000000000000 ) ;
#3793 = DIRECTION ( 'NONE',  ( 1.000000000000000000, 6.612384198421690400E-029, -3.942553354492995000E-016 ) ) ;
#3792 = CARTESIAN_POINT ( 'NONE',  ( 6.599999999999998800, -4.050000000000062000, -3.449999999999929100 ) ) ;
#3794 = FACE_OUTER_BOUND ( 'NONE', #2982, .T. ) ;
#3795 =( NAMED_UNIT ( * ) SI_UNIT ( $, .STERADIAN. ) SOLID_ANGLE_UNIT ( ) );
#3796 =( NAMED_UNIT ( * ) PLANE_ANGLE_UNIT ( ) SI_UNIT ( $, .RADIAN. ) );
#3797 = PRESENTATION_LAYER_ASSIGNMENT (  '', '', ( #3425 ) ) ;
#3798 = VECTOR ( 'NONE', #468, 1000.000000000000000 ) ;
#3799 = LINE ( 'NONE', #30, #2853 ) ;
#3800 = ORIENTED_EDGE ( 'NONE', *, *, #321, .T. ) ;
#3801 = AXIS2_PLACEMENT_3D ( 'NONE', #2580, #3989, #216 ) ;
#3802 = EDGE_CURVE ( 'NONE', #1369, #4462, #2083, .T. ) ;
#3803 = ORIENTED_EDGE ( 'NONE', *, *, #1512, .T. ) ;
#3804 = DIRECTION ( 'NONE',  ( 2.524354896707237800E-029, 1.745741680554692000E-014, 1.000000000000000000 ) ) ;
#3805 = VECTOR ( 'NONE', #150, 1000.000000000000000 ) ;
#3806 = CARTESIAN_POINT ( 'NONE',  ( -1.431816806705347800E-028, 1.950000000000000400, -3.317460103282810300E-014 ) ) ;
#3807 = CARTESIAN_POINT ( 'NONE',  ( 8.699999999999999300, 1.949999999999964700, -2.050000000000035300 ) ) ;
#3808 = STYLED_ITEM ( 'NONE', ( #1371 ), #34 ) ;
#3809 = DIRECTION ( 'NONE',  ( 1.000000000000000000, 0.0000000000000000000, 0.0000000000000000000 ) ) ;
#3810 = CARTESIAN_POINT ( 'NONE',  ( 8.249999999999998200, -2.600000000000063600, -3.649999999999955100 ) ) ;
#3811 = ORIENTED_EDGE ( 'NONE', *, *, #1997, .T. ) ;
#3812 = FACE_OUTER_BOUND ( 'NONE', #1623, .T. ) ;
#3813 = EDGE_CURVE ( 'NONE', #3440, #935, #245, .T. ) ;
#3814 = EDGE_LOOP ( 'NONE', ( #560, #2299, #194, #1510, #4273, #4432 ) ) ;
#3815 = ORIENTED_EDGE ( 'NONE', *, *, #2435, .T. ) ;
#3816 = CARTESIAN_POINT ( 'NONE',  ( 8.249999999999998200, -4.159046182766896700, -0.5999999999999282600 ) ) ;
#3817 =( NAMED_UNIT ( * ) SI_UNIT ( $, .STERADIAN. ) SOLID_ANGLE_UNIT ( ) );
#3818 = EDGE_CURVE ( 'NONE', #2719, #3829, #1683, .T. ) ;
#3819 = STYLED_ITEM ( 'NONE', ( #308 ), #2473 ) ;
#3820 = CARTESIAN_POINT ( 'NONE',  ( 8.499999999999996400, 1.299999999999957600, -2.450000000000026800 ) ) ;
#3821 = EDGE_LOOP ( 'NONE', ( #1332, #1101, #830, #1864 ) ) ;
#3822 = CARTESIAN_POINT ( 'NONE',  ( 0.5000000000000004400, -2.149999999999999900, -0.009999999999958210700 ) ) ;
#3823 = CARTESIAN_POINT ( 'NONE',  ( 6.724999999999999600, 1.949999999999994200, -0.3500000000000332300 ) ) ;
#3824 = ORIENTED_EDGE ( 'NONE', *, *, #1258, .F. ) ;
#3825 = EDGE_CURVE ( 'NONE', #646, #4322, #304, .T. ) ;
#3826 = UNCERTAINTY_MEASURE_WITH_UNIT (LENGTH_MEASURE( 1.000000000000000100E-005 ), #271, 'distance_accuracy_value', 'NONE');
#3827 = PRESENTATION_STYLE_ASSIGNMENT (( #4377 ) ) ;
#3828 = VERTEX_POINT ( 'NONE', #3542 ) ;
#3829 = VERTEX_POINT ( 'NONE', #3806 ) ;
#3830 = DIRECTION ( 'NONE',  ( -1.000000000000000000, -7.300652170296560700E-029, 2.524354896707237800E-029 ) ) ;
#3831 = LINE ( 'NONE', #1800, #2583 ) ;
#3832 = LINE ( 'NONE', #946, #1520 ) ;
#3833 = VECTOR ( 'NONE', #1111, 1000.000000000000000 ) ;
#3834 = FILL_AREA_STYLE ('',( #3488 ) ) ;
#3835 = DIRECTION ( 'NONE',  ( 1.000000000000000000, 4.112884721612956000E-029, -1.826024711554556900E-015 ) ) ;
#3836 = ORIENTED_EDGE ( 'NONE', *, *, #3501, .F. ) ;
#3837 = LINE ( 'NONE', #15, #3903 ) ;
#3838 = DIRECTION ( 'NONE',  ( -7.300652170296604500E-029, 1.000000000000000000, -1.745741680554692300E-014 ) ) ;
#3839 = LINE ( 'NONE', #1653, #1785 ) ;
#3840 = FACE_OUTER_BOUND ( 'NONE', #696, .T. ) ;
#3841 = CARTESIAN_POINT ( 'NONE',  ( 0.5000000000000000000, 1.949999999999923100, -4.400000000000034100 ) ) ;
#3842 = EDGE_CURVE ( 'NONE', #3407, #2290, #2405, .T. ) ;
#3843 = AXIS2_PLACEMENT_3D ( 'NONE', #1930, #1261, #3068 ) ;
#3844 = CARTESIAN_POINT ( 'NONE',  ( 8.699999999999999300, -1.800000000000022200, -1.299999999999969200 ) ) ;
#3845 = EDGE_CURVE ( 'NONE', #506, #3051, #3831, .T. ) ;
#3846 = DIRECTION ( 'NONE',  ( 1.000000000000000000, 7.183248955243336400E-029, -5.769590274870001500E-017 ) ) ;
#3847 =( LENGTH_UNIT ( ) NAMED_UNIT ( * ) SI_UNIT ( .MILLI., .METRE. ) );
#3848 = EDGE_CURVE ( 'NONE', #3780, #1185, #4440, .T. ) ;
#3849 = LINE ( 'NONE', #2702, #1954 ) ;
#3850 =( NAMED_UNIT ( * ) SI_UNIT ( $, .STERADIAN. ) SOLID_ANGLE_UNIT ( ) );
#3851 = ORIENTED_EDGE ( 'NONE', *, *, #3581, .F. ) ;
#3852 = VERTEX_POINT ( 'NONE', #794 ) ;
#3853 = ADVANCED_FACE ( 'NONE', ( #3782 ), #408, .T. ) ;
#3854 = VECTOR ( 'NONE', #3279, 1000.000000000000000 ) ;
#3855 = LINE ( 'NONE', #3212, #2062 ) ;
#3856 = ORIENTED_EDGE ( 'NONE', *, *, #3461, .T. ) ;
#3857 = DIRECTION ( 'NONE',  ( 2.524354896707237800E-029, 1.745741680554692300E-014, 1.000000000000000000 ) ) ;
#3858 = VECTOR ( 'NONE', #2665, 1000.000000000000000 ) ;
#3859 = ORIENTED_EDGE ( 'NONE', *, *, #988, .F. ) ;
#3860 = ADVANCED_FACE ( 'NONE', ( #777 ), #1767, .F. ) ;
#3861 = STYLED_ITEM ( 'NONE', ( #4033 ), #4199 ) ;
#3862 = ORIENTED_EDGE ( 'NONE', *, *, #4004, .F. ) ;
#3863 =( NAMED_UNIT ( * ) SI_UNIT ( $, .STERADIAN. ) SOLID_ANGLE_UNIT ( ) );
#3864 = VECTOR ( 'NONE', #175, 1000.000000000000000 ) ;
#3865 = ORIENTED_EDGE ( 'NONE', *, *, #74, .F. ) ;
#3866 = ORIENTED_EDGE ( 'NONE', *, *, #4212, .F. ) ;
#3867 = ORIENTED_EDGE ( 'NONE', *, *, #130, .T. ) ;
#3868 = DIRECTION ( 'NONE',  ( -1.000000000000000000, -7.300652170296560700E-029, 2.524354896707237800E-029 ) ) ;
#3869 = LINE ( 'NONE', #3844, #2497 ) ;
#3870 = CARTESIAN_POINT ( 'NONE',  ( 5.599999999999998800, -4.200000000000089000, -4.949999999999929100 ) ) ;
#3871 = CARTESIAN_POINT ( 'NONE',  ( 7.599999999999998800, -4.200000000000072100, -3.949999999999930000 ) ) ;
#3872 = ORIENTED_EDGE ( 'NONE', *, *, #199, .T. ) ;
#3873 = EDGE_CURVE ( 'NONE', #997, #3297, #1879, .T. ) ;
#3874 =( GEOMETRIC_REPRESENTATION_CONTEXT ( 3 ) GLOBAL_UNCERTAINTY_ASSIGNED_CONTEXT ( ( #2014 ) ) GLOBAL_UNIT_ASSIGNED_CONTEXT ( ( #3718, #2321, #288 ) ) REPRESENTATION_CONTEXT ( 'NONE', 'WORKASPACE' ) );
#3875 = SURFACE_SIDE_STYLE ('',( #1530 ) ) ;
#3876 = ORIENTED_EDGE ( 'NONE', *, *, #2894, .F. ) ;
#3877 = FILL_AREA_STYLE_COLOUR ( '', #1722 ) ;
#3878 = CARTESIAN_POINT ( 'NONE',  ( 0.6999999999999988500, -1.800000000000022200, -1.299999999999968300 ) ) ;
#3879 = DIRECTION ( 'NONE',  ( -1.000000000000000000, -7.300652170296560700E-029, 2.524354896707237800E-029 ) ) ;
#3880 =( GEOMETRIC_REPRESENTATION_CONTEXT ( 3 ) GLOBAL_UNCERTAINTY_ASSIGNED_CONTEXT ( ( #2128 ) ) GLOBAL_UNIT_ASSIGNED_CONTEXT ( ( #3562, #1509, #814 ) ) REPRESENTATION_CONTEXT ( 'NONE', 'WORKASPACE' ) );
#3881 = PRESENTATION_LAYER_ASSIGNMENT (  '', '', ( #1315 ) ) ;
#3882 = ORIENTED_EDGE ( 'NONE', *, *, #3540, .T. ) ;
#3883 = FILL_AREA_STYLE_COLOUR ( '', #1005 ) ;
#3884 = ORIENTED_EDGE ( 'NONE', *, *, #737, .F. ) ;
#3885 = ADVANCED_FACE ( 'NONE', ( #943 ), #425, .F. ) ;
#3886 = FILL_AREA_STYLE ('',( #803 ) ) ;
#3887 = ORIENTED_EDGE ( 'NONE', *, *, #3848, .T. ) ;
#3888 = CARTESIAN_POINT ( 'NONE',  ( 9.000000000000000000, -3.450000000000011300, -0.6499999999999437300 ) ) ;
#3889 = PRESENTATION_LAYER_ASSIGNMENT (  '', '', ( #2158 ) ) ;
#3890 = CARTESIAN_POINT ( 'NONE',  ( 0.2999999999999999300, -1.800000000000022200, -1.299999999999968100 ) ) ;
#3891 = SURFACE_STYLE_FILL_AREA ( #938 ) ;
#3892 = DIRECTION ( 'NONE',  ( -2.524354896707237800E-029, -1.745741680554692000E-014, -1.000000000000000000 ) ) ;
#3893 = CARTESIAN_POINT ( 'NONE',  ( 1.174999999999998000, -2.600000000000036900, -2.099999999999954800 ) ) ;
#3894 = LINE ( 'NONE', #1439, #2955 ) ;
#3895 = FACE_OUTER_BOUND ( 'NONE', #41, .T. ) ;
#3896 = CARTESIAN_POINT ( 'NONE',  ( 2.274999999999999500, -4.050000000000007800, -0.3499999999999279200 ) ) ;
#3897 = LINE ( 'NONE', #3752, #1137 ) ;
#3898 =( GEOMETRIC_REPRESENTATION_CONTEXT ( 3 ) GLOBAL_UNCERTAINTY_ASSIGNED_CONTEXT ( ( #1422 ) ) GLOBAL_UNIT_ASSIGNED_CONTEXT ( ( #2073, #3796, #4135 ) ) REPRESENTATION_CONTEXT ( 'NONE', 'WORKASPACE' ) );
#3899 = SURFACE_STYLE_USAGE ( .BOTH. , #2133 ) ;
#3900 = VECTOR ( 'NONE', #1770, 1000.000000000000000 ) ;
#3901 = ORIENTED_EDGE ( 'NONE', *, *, #1189, .T. ) ;
#3902 = DIRECTION ( 'NONE',  ( -1.000000000000000000, -7.300652170296560700E-029, 2.524354896707237800E-029 ) ) ;
#3903 = VECTOR ( 'NONE', #3770, 1000.000000000000000 ) ;
#3904 = DIRECTION ( 'NONE',  ( -1.000000000000000000, -7.300652170296560700E-029, 2.524354896707237800E-029 ) ) ;
#3905 = UNCERTAINTY_MEASURE_WITH_UNIT (LENGTH_MEASURE( 1.000000000000000100E-005 ), #2536, 'distance_accuracy_value', 'NONE');
#3906 = ADVANCED_FACE ( 'NONE', ( #4391 ), #774, .F. ) ;
#3907 = LINE ( 'NONE', #3332, #3460 ) ;
#3908 = CARTESIAN_POINT ( 'NONE',  ( 0.7499999999999997800, 1.949999999999930500, -4.000000000000033800 ) ) ;
#3909 = CARTESIAN_POINT ( 'NONE',  ( 1.863057213221462400E-028, -4.050000000000079800, -4.399999999999929300 ) ) ;
#3910 = FILL_AREA_STYLE_COLOUR ( '', #409 ) ;
#3911 = CARTESIAN_POINT ( 'NONE',  ( 4.399999999999999500, -3.900000000000088700, -4.949999999999934500 ) ) ;
#3912 = VECTOR ( 'NONE', #163, 1000.000000000000000 ) ;
#3913 = ADVANCED_FACE ( 'NONE', ( #2455 ), #104, .F. ) ;
#3914 = EDGE_CURVE ( 'NONE', #6, #357, #673, .T. ) ;
#3915 = STYLED_ITEM ( 'NONE', ( #1136 ), #2448 ) ;
#3916 = DIRECTION ( 'NONE',  ( 4.818676322158041900E-016, 1.745741680554692000E-014, 1.000000000000000000 ) ) ;
#3917 = DIRECTION ( 'NONE',  ( 1.000000000000000000, 7.342650290796611800E-029, -2.524354896707238300E-029 ) ) ;
#3918 = LINE ( 'NONE', #1054, #2057 ) ;
#3919 = ORIENTED_EDGE ( 'NONE', *, *, #2758, .T. ) ;
#3920 = LINE ( 'NONE', #1072, #1157 ) ;
#3921 = ORIENTED_EDGE ( 'NONE', *, *, #1717, .F. ) ;
#3922 = ORIENTED_EDGE ( 'NONE', *, *, #1953, .F. ) ;
#3923 = VECTOR ( 'NONE', #3749, 1000.000000000000000 ) ;
#3924 = ORIENTED_EDGE ( 'NONE', *, *, #2886, .F. ) ;
#3925 = CARTESIAN_POINT ( 'NONE',  ( 6.399999999999999500, -3.950000000000061900, -3.449999999999930900 ) ) ;
#3926 =( LENGTH_UNIT ( ) NAMED_UNIT ( * ) SI_UNIT ( .MILLI., .METRE. ) );
#3927 = SURFACE_STYLE_FILL_AREA ( #445 ) ;
#3928 = AXIS2_PLACEMENT_3D ( 'NONE', #4207, #3857, #3176 ) ;
#3929 = ORIENTED_EDGE ( 'NONE', *, *, #380, .T. ) ;
#3930 = CARTESIAN_POINT ( 'NONE',  ( 0.5000000000000004400, -2.149999999999999900, -0.009999999999958210700 ) ) ;
#3931 = FILL_AREA_STYLE_COLOUR ( '', #1806 ) ;
#3932 = CARTESIAN_POINT ( 'NONE',  ( 1.399999999999999500, -4.050000000000071800, -3.949999999999930000 ) ) ;
#3933 = EDGE_LOOP ( 'NONE', ( #3525, #1545, #3603, #2824 ) ) ;
#3934 = ORIENTED_EDGE ( 'NONE', *, *, #4436, .F. ) ;
#3935 = ADVANCED_FACE ( 'NONE', ( #1448 ), #1122, .T. ) ;
#3936 = ORIENTED_EDGE ( 'NONE', *, *, #611, .T. ) ;
#3937 = DIRECTION ( 'NONE',  ( -7.342650290796655500E-029, 1.000000000000000000, -1.745741680554692300E-014 ) ) ;
#3938 = EDGE_CURVE ( 'NONE', #1570, #4205, #153, .T. ) ;
#3939 = PLANE ( 'NONE',  #338 ) ;
#3940 = MECHANICAL_DESIGN_GEOMETRIC_PRESENTATION_REPRESENTATION (  '', ( #2019 ), #322 ) ;
#3941 = VERTEX_POINT ( 'NONE', #455 ) ;
#3942 = EDGE_CURVE ( 'NONE', #2785, #849, #1544, .T. ) ;
#3943 =( NAMED_UNIT ( * ) SI_UNIT ( $, .STERADIAN. ) SOLID_ANGLE_UNIT ( ) );
#3944 = LINE ( 'NONE', #223, #1576 ) ;
#3945 = SURFACE_STYLE_USAGE ( .BOTH. , #3201 ) ;
#3946 = VERTEX_POINT ( 'NONE', #391 ) ;
#3947 = PLANE ( 'NONE',  #2364 ) ;
#3948 = EDGE_LOOP ( 'NONE', ( #4247, #4429, #2080, #1639 ) ) ;
#3949 = EDGE_CURVE ( 'NONE', #4, #4205, #43, .T. ) ;
#3950 = PRESENTATION_LAYER_ASSIGNMENT (  '', '', ( #3334 ) ) ;
#3951 = CARTESIAN_POINT ( 'NONE',  ( 3.399999999999999900, -4.200000000000089000, -4.949999999999928200 ) ) ;
#3952 =( NAMED_UNIT ( * ) SI_UNIT ( $, .STERADIAN. ) SOLID_ANGLE_UNIT ( ) );
#3953 =( LENGTH_UNIT ( ) NAMED_UNIT ( * ) SI_UNIT ( .MILLI., .METRE. ) );
#3954 = VECTOR ( 'NONE', #2600, 1000.000000000000000 ) ;
#3955 = LINE ( 'NONE', #2477, #2194 ) ;
#3956 = VECTOR ( 'NONE', #749, 1000.000000000000000 ) ;
#3957 =( NAMED_UNIT ( * ) SI_UNIT ( $, .STERADIAN. ) SOLID_ANGLE_UNIT ( ) );
#3958 = VECTOR ( 'NONE', #1900, 1000.000000000000000 ) ;
#3959 = VERTEX_POINT ( 'NONE', #3974 ) ;
#3960 = DIRECTION ( 'NONE',  ( 1.000000000000000000, 7.342650290796611800E-029, -2.524354896707238300E-029 ) ) ;
#3961 = LINE ( 'NONE', #1344, #728 ) ;
#3962 = VECTOR ( 'NONE', #2386, 1000.000000000000000 ) ;
#3963 = ADVANCED_FACE ( 'NONE', ( #1573 ), #3939, .F. ) ;
#3964 = SURFACE_STYLE_USAGE ( .BOTH. , #3236 ) ;
#3965 = CARTESIAN_POINT ( 'NONE',  ( 0.3000000000000004900, -2.150000000000038100, -2.209999999999958200 ) ) ;
#3966 = LINE ( 'NONE', #3174, #3075 ) ;
#3967 = PRESENTATION_STYLE_ASSIGNMENT (( #1822 ) ) ;
#3968 = DIRECTION ( 'NONE',  ( 7.300652170296604500E-029, -1.000000000000000000, 1.745741680554692300E-014 ) ) ;
#3969 = CARTESIAN_POINT ( 'NONE',  ( 5.749999999999999100, -0.6100000000000314100, -1.799999999999990100 ) ) ;
#3970 = EDGE_CURVE ( 'NONE', #3496, #1414, #2286, .T. ) ;
#3971 = LINE ( 'NONE', #1424, #2794 ) ;
#3972 = SURFACE_SIDE_STYLE ('',( #3785 ) ) ;
#3973 = EDGE_LOOP ( 'NONE', ( #1306, #3203, #3876, #1288, #3392, #3014, #2761, #508 ) ) ;
#3974 = CARTESIAN_POINT ( 'NONE',  ( 2.600000000000000100, -3.900000000000079400, -4.399999999999932900 ) ) ;
#3975 = VERTEX_POINT ( 'NONE', #2567 ) ;
#3976 = SURFACE_STYLE_USAGE ( .BOTH. , #3614 ) ;
#3977 = DIRECTION ( 'NONE',  ( -7.342650290796655500E-029, 1.000000000000000000, -1.745741680554692300E-014 ) ) ;
#3978 = EDGE_CURVE ( 'NONE', #4328, #428, #2016, .T. ) ;
#3979 = VERTEX_POINT ( 'NONE', #1870 ) ;
#3980 = PLANE ( 'NONE',  #3670 ) ;
#3981 = CARTESIAN_POINT ( 'NONE',  ( 8.249999999999998200, -0.4000000000000695800, -3.999999999999993300 ) ) ;
#3982 = CARTESIAN_POINT ( 'NONE',  ( 1.599999999999999600, -4.200000000000072100, -3.949999999999927300 ) ) ;
#3983 = VECTOR ( 'NONE', #370, 1000.000000000000000 ) ;
#3984 = EDGE_LOOP ( 'NONE', ( #302, #2689, #62, #4349 ) ) ;
#3985 = CARTESIAN_POINT ( 'NONE',  ( 6.399999999999999500, -3.900000000000079400, -4.399999999999932900 ) ) ;
#3986 = FILL_AREA_STYLE_COLOUR ( '', #4409 ) ;
#3987 =( LENGTH_UNIT ( ) NAMED_UNIT ( * ) SI_UNIT ( .MILLI., .METRE. ) );
#3988 = ORIENTED_EDGE ( 'NONE', *, *, #3120, .F. ) ;
#3989 = DIRECTION ( 'NONE',  ( -2.524354896707237800E-029, -1.745741680554692300E-014, -1.000000000000000000 ) ) ;
#3990 = SURFACE_STYLE_USAGE ( .BOTH. , #3302 ) ;
#3991 = LINE ( 'NONE', #430, #488 ) ;
#3992 = CARTESIAN_POINT ( 'NONE',  ( 8.249999999999998200, 1.949999999999930500, -4.000000000000033800 ) ) ;
#3993 = ORIENTED_EDGE ( 'NONE', *, *, #3107, .F. ) ;
#3994 = DIRECTION ( 'NONE',  ( -1.000000000000000000, -6.256383523313999400E-029, 5.981805089575447600E-016 ) ) ;
#3995 = PRODUCT_DEFINITION_CONTEXT ( 'detailed design', #1028, 'design' ) ;
#3996 = EDGE_CURVE ( 'NONE', #3373, #1915, #1217, .T. ) ;
#3997 = DIRECTION ( 'NONE',  ( 5.981805089575447600E-016, 1.745741680554692000E-014, 1.000000000000000000 ) ) ;
#3998 = ORIENTED_EDGE ( 'NONE', *, *, #4163, .T. ) ;
#3999 =( GEOMETRIC_REPRESENTATION_CONTEXT ( 3 ) GLOBAL_UNCERTAINTY_ASSIGNED_CONTEXT ( ( #2562 ) ) GLOBAL_UNIT_ASSIGNED_CONTEXT ( ( #3537, #804, #833 ) ) REPRESENTATION_CONTEXT ( 'NONE', 'WORKASPACE' ) );
#4000 =( LENGTH_UNIT ( ) NAMED_UNIT ( * ) SI_UNIT ( .MILLI., .METRE. ) );
#4001 = EDGE_LOOP ( 'NONE', ( #676, #2564, #3811, #649 ) ) ;
#4002 = SURFACE_SIDE_STYLE ('',( #1685 ) ) ;
#4003 = EDGE_LOOP ( 'NONE', ( #3730, #2775, #4142, #2223 ) ) ;
#4004 = EDGE_CURVE ( 'NONE', #1558, #452, #3855, .T. ) ;
#4005 = DIRECTION ( 'NONE',  ( -2.524354896707237800E-029, -1.745741680554692000E-014, -1.000000000000000000 ) ) ;
#4006 = STYLED_ITEM ( 'NONE', ( #3387 ), #1561 ) ;
#4007 = FACE_OUTER_BOUND ( 'NONE', #1486, .T. ) ;
#4008 = CARTESIAN_POINT ( 'NONE',  ( 5.399999999999999500, -3.950000000000071700, -3.949999999999933600 ) ) ;
#4009 = ORIENTED_EDGE ( 'NONE', *, *, #2117, .F. ) ;
#4010 = COLOUR_RGB ( '',0.7529411764705882200, 0.7529411764705882200, 0.7529411764705882200 ) ;
#4011 =( LENGTH_UNIT ( ) NAMED_UNIT ( * ) SI_UNIT ( .MILLI., .METRE. ) );
#4012 = LINE ( 'NONE', #2928, #2261 ) ;
#4013 = VERTEX_POINT ( 'NONE', #883 ) ;
#4014 = LINE ( 'NONE', #1811, #4220 ) ;
#4015 = LINE ( 'NONE', #347, #3786 ) ;
#4016 = CARTESIAN_POINT ( 'NONE',  ( 0.5000000000000000000, -3.450000000000038800, -2.209999999999935600 ) ) ;
#4017 = ORIENTED_EDGE ( 'NONE', *, *, #1221, .T. ) ;
#4018 = DIRECTION ( 'NONE',  ( -7.342650290796655500E-029, 1.000000000000000000, -1.745741680554692300E-014 ) ) ;
#4019 = STYLED_ITEM ( 'NONE', ( #3402 ), #3860 ) ;
#4020 =( LENGTH_UNIT ( ) NAMED_UNIT ( * ) SI_UNIT ( .MILLI., .METRE. ) );
#4021 = CARTESIAN_POINT ( 'NONE',  ( 8.999999999999998200, 1.299999999999957600, -2.450000000000027300 ) ) ;
#4022 = ORIENTED_EDGE ( 'NONE', *, *, #1710, .T. ) ;
#4023 = SURFACE_STYLE_USAGE ( .BOTH. , #227 ) ;
#4024 = EDGE_LOOP ( 'NONE', ( #1682, #1321, #1830, #2125 ) ) ;
#4025 = FILL_AREA_STYLE ('',( #937 ) ) ;
#4026 = FACE_OUTER_BOUND ( 'NONE', #56, .T. ) ;
#4027 = ORIENTED_EDGE ( 'NONE', *, *, #2065, .T. ) ;
#4028 = EDGE_CURVE ( 'NONE', #1665, #3001, #328, .T. ) ;
#4030 =( NAMED_UNIT ( * ) PLANE_ANGLE_UNIT ( ) SI_UNIT ( $, .RADIAN. ) );
#4029 = DIRECTION ( 'NONE',  ( 7.342650290796655500E-029, -1.000000000000000000, 1.745741680554692300E-014 ) ) ;
#4031 = LINE ( 'NONE', #81, #3134 ) ;
#4032 = VERTEX_POINT ( 'NONE', #2867 ) ;
#4033 = PRESENTATION_STYLE_ASSIGNMENT (( #3315 ) ) ;
#4034 = DIRECTION ( 'NONE',  ( 2.524354896707237800E-029, 1.745741680554692300E-014, 1.000000000000000000 ) ) ;
#4035 = DIRECTION ( 'NONE',  ( -1.000000000000000000, -7.300652170296560700E-029, 2.524354896707237800E-029 ) ) ;
#4036 = VECTOR ( 'NONE', #3735, 1000.000000000000000 ) ;
#4037 = MECHANICAL_DESIGN_GEOMETRIC_PRESENTATION_REPRESENTATION (  '', ( #403 ), #2712 ) ;
#4038 = ORIENTED_EDGE ( 'NONE', *, *, #1440, .T. ) ;
#4039 = ORIENTED_EDGE ( 'NONE', *, *, #3845, .T. ) ;
#4040 = EDGE_LOOP ( 'NONE', ( #2061, #1329, #3761, #2807, #1239, #4367 ) ) ;
#4041 =( NAMED_UNIT ( * ) SI_UNIT ( $, .STERADIAN. ) SOLID_ANGLE_UNIT ( ) );
#4042 = LINE ( 'NONE', #906, #544 ) ;
#4043 =( NAMED_UNIT ( * ) SI_UNIT ( $, .STERADIAN. ) SOLID_ANGLE_UNIT ( ) );
#4044 = PLANE ( 'NONE',  #3250 ) ;
#4045 = CARTESIAN_POINT ( 'NONE',  ( 1.399999999999999500, -4.200000000000089000, -4.949999999999927300 ) ) ;
#4046 = DIRECTION ( 'NONE',  ( 1.000000000000000000, 7.098760231879931900E-029, -1.156482317318124200E-016 ) ) ;
#4047 = ORIENTED_EDGE ( 'NONE', *, *, #423, .T. ) ;
#4049 = DIRECTION ( 'NONE',  ( 2.524354896707237800E-029, 1.745741680554692000E-014, 1.000000000000000000 ) ) ;
#4048 = PLANE ( 'NONE',  #3716 ) ;
#4050 = ORIENTED_EDGE ( 'NONE', *, *, #3767, .F. ) ;
#4051 = SURFACE_SIDE_STYLE ('',( #270 ) ) ;
#4052 =( NAMED_UNIT ( * ) SI_UNIT ( $, .STERADIAN. ) SOLID_ANGLE_UNIT ( ) );
#4053 = CARTESIAN_POINT ( 'NONE',  ( 7.399999999999999500, -4.200000000000072100, -3.949999999999930000 ) ) ;
#4054 = ADVANCED_FACE ( 'NONE', ( #3379 ), #133, .F. ) ;
#4055 = VERTEX_POINT ( 'NONE', #2206 ) ;
#4056 = CARTESIAN_POINT ( 'NONE',  ( 3.399999999999999900, -3.950000000000079200, -4.399999999999931100 ) ) ;
#4057 = EDGE_LOOP ( 'NONE', ( #945, #2013, #2449, #1708 ) ) ;
#4058 = DIRECTION ( 'NONE',  ( -2.524354896707237800E-029, -1.745741680554692000E-014, -1.000000000000000000 ) ) ;
#4059 = EDGE_CURVE ( 'NONE', #3496, #2717, #4308, .T. ) ;
#4060 = FACE_OUTER_BOUND ( 'NONE', #1038, .T. ) ;
#4061 = ORIENTED_EDGE ( 'NONE', *, *, #2407, .T. ) ;
#4062 = VERTEX_POINT ( 'NONE', #2882 ) ;
#4063 = CARTESIAN_POINT ( 'NONE',  ( 0.3000000000000004900, -4.200000000000002000, -0.009999999999922680100 ) ) ;
#4064 = FILL_AREA_STYLE ('',( #964 ) ) ;
#4065 = VECTOR ( 'NONE', #3012, 1000.000000000000000 ) ;
#4067 = SURFACE_STYLE_USAGE ( .BOTH. , #3375 ) ;
#4066 = CARTESIAN_POINT ( 'NONE',  ( 8.499999999999994700, -0.3000000000000653800, -3.749999999999999100 ) ) ;
#4068 = EDGE_CURVE ( 'NONE', #1231, #2566, #4185, .T. ) ;
#4069 = CARTESIAN_POINT ( 'NONE',  ( 0.5000000000000000000, -3.450000000000039700, -2.249999999999939600 ) ) ;
#4070 = MECHANICAL_DESIGN_GEOMETRIC_PRESENTATION_REPRESENTATION (  '', ( #3819 ), #4364 ) ;
#4071 =( LENGTH_UNIT ( ) NAMED_UNIT ( * ) SI_UNIT ( .MILLI., .METRE. ) );
#4072 = LINE ( 'NONE', #3000, #275 ) ;
#4073 =( NAMED_UNIT ( * ) PLANE_ANGLE_UNIT ( ) SI_UNIT ( $, .RADIAN. ) );
#4074 = LINE ( 'NONE', #4066, #402 ) ;
#4075 = LINE ( 'NONE', #1698, #1525 ) ;
#4076 = ORIENTED_EDGE ( 'NONE', *, *, #778, .F. ) ;
#4077 = LINE ( 'NONE', #952, #3015 ) ;
#4078 = DIRECTION ( 'NONE',  ( -2.524354896707236900E-029, -1.755598063940923900E-014, -1.000000000000000000 ) ) ;
#4079 = ADVANCED_FACE ( 'NONE', ( #3755, #3261 ), #1206, .F. ) ;
#4080 = CARTESIAN_POINT ( 'NONE',  ( 0.7499999999999997800, -2.600000000000036900, -2.099999999999954800 ) ) ;
#4081 = DIRECTION ( 'NONE',  ( -7.342650290796655500E-029, 1.000000000000000000, -1.745741680554692300E-014 ) ) ;
#4082 = VECTOR ( 'NONE', #2531, 1000.000000000000000 ) ;
#4083 = PLANE ( 'NONE',  #2269 ) ;
#4084 = PLANE ( 'NONE',  #2938 ) ;
#4085 = CARTESIAN_POINT ( 'NONE',  ( 9.000000000000000000, 1.950000000000000400, -3.317460103282833000E-014 ) ) ;
#4086 = FACE_OUTER_BOUND ( 'NONE', #4426, .T. ) ;
#4087 = ORIENTED_EDGE ( 'NONE', *, *, #1904, .T. ) ;
#4088 = ORIENTED_EDGE ( 'NONE', *, *, #136, .T. ) ;
#4089 = DIRECTION ( 'NONE',  ( -2.524354896707237800E-029, -1.745741680554692000E-014, -1.000000000000000000 ) ) ;
#4090 = DIRECTION ( 'NONE',  ( 2.524354896707237800E-029, 1.745741680554692300E-014, 1.000000000000000000 ) ) ;
#4091 = EDGE_CURVE ( 'NONE', #3440, #663, #2920, .T. ) ;
#4092 = ORIENTED_EDGE ( 'NONE', *, *, #330, .F. ) ;
#4094 = CARTESIAN_POINT ( 'NONE',  ( 5.399999999999999500, -3.900000000000079400, -4.399999999999932900 ) ) ;
#4093 = CARTESIAN_POINT ( 'NONE',  ( 6.399999999999999500, -3.900000000000088700, -4.949999999999935300 ) ) ;
#4095 = UNCERTAINTY_MEASURE_WITH_UNIT (LENGTH_MEASURE( 1.000000000000000100E-005 ), #1234, 'distance_accuracy_value', 'NONE');
#4096 = LINE ( 'NONE', #3878, #3475 ) ;
#4097 = CARTESIAN_POINT ( 'NONE',  ( 8.249999999999998200, -1.800000000000022200, -1.299999999999969200 ) ) ;
#4098 = ORIENTED_EDGE ( 'NONE', *, *, #3026, .F. ) ;
#4099 = CARTESIAN_POINT ( 'NONE',  ( 3.399999999999999900, -4.200000000000072100, -3.949999999999928200 ) ) ;
#4100 = ORIENTED_EDGE ( 'NONE', *, *, #2044, .F. ) ;
#4101 = ORIENTED_EDGE ( 'NONE', *, *, #1736, .T. ) ;
#4102 = CARTESIAN_POINT ( 'NONE',  ( 0.3000000000000004900, -2.149999999999999900, -0.009999999999958210700 ) ) ;
#4103 = AXIS2_PLACEMENT_3D ( 'NONE', #738, #59, #2110 ) ;
#4104 = CARTESIAN_POINT ( 'NONE',  ( 0.5000000000000000000, 1.299999999999935000, -3.750000000000023100 ) ) ;
#4105 = UNCERTAINTY_MEASURE_WITH_UNIT (LENGTH_MEASURE( 1.000000000000000100E-005 ), #1431, 'distance_accuracy_value', 'NONE');
#4106 = DIRECTION ( 'NONE',  ( -2.524354896707235800E-029, -1.772846734866829600E-014, -1.000000000000000000 ) ) ;
#4107 = ORIENTED_EDGE ( 'NONE', *, *, #2318, .T. ) ;
#4108 = ORIENTED_EDGE ( 'NONE', *, *, #3996, .T. ) ;
#4109 = EDGE_LOOP ( 'NONE', ( #758, #2884, #1339, #17 ) ) ;
#4110 = EDGE_CURVE ( 'NONE', #2972, #385, #1856, .T. ) ;
#4111 = AXIS2_PLACEMENT_3D ( 'NONE', #2607, #2924, #586 ) ;
#4112 = PRESENTATION_STYLE_ASSIGNMENT (( #4067 ) ) ;
#4113 = CARTESIAN_POINT ( 'NONE',  ( 6.724999999999999600, -3.450000000000032200, -1.799999999999939900 ) ) ;
#4114 = EDGE_LOOP ( 'NONE', ( #3268, #1055, #3399, #926 ) ) ;
#4116 = PLANE ( 'NONE',  #3028 ) ;
#4115 = CARTESIAN_POINT ( 'NONE',  ( 2.600000000000000100, -4.200000000000089000, -4.949999999999927300 ) ) ;
#4117 = LINE ( 'NONE', #4235, #1248 ) ;
#4118 = PLANE ( 'NONE',  #65 ) ;
#4119 =( GEOMETRIC_REPRESENTATION_CONTEXT ( 3 ) GLOBAL_UNCERTAINTY_ASSIGNED_CONTEXT ( ( #4095 ) ) GLOBAL_UNIT_ASSIGNED_CONTEXT ( ( #1234, #539, #1585 ) ) REPRESENTATION_CONTEXT ( 'NONE', 'WORKASPACE' ) );
#4120 = PRESENTATION_STYLE_ASSIGNMENT (( #2241 ) ) ;
#4121 = ORIENTED_EDGE ( 'NONE', *, *, #4413, .T. ) ;
#4122 = PRESENTATION_STYLE_ASSIGNMENT (( #4222 ) ) ;
#4123 = CARTESIAN_POINT ( 'NONE',  ( 9.000000000000000000, 1.950000000000000400, -3.317460103282833000E-014 ) ) ;
#4124 = PRESENTATION_STYLE_ASSIGNMENT (( #1677 ) ) ;
#4125 = CARTESIAN_POINT ( 'NONE',  ( 1.863057213221462400E-028, -4.050000000000079800, -4.399999999999929300 ) ) ;
#4126 = VERTEX_POINT ( 'NONE', #1590 ) ;
#4127 = AXIS2_PLACEMENT_3D ( 'NONE', #3246, #3590, #1867 ) ;
#4128 = VECTOR ( 'NONE', #1151, 1000.000000000000000 ) ;
#4129 = SURFACE_STYLE_USAGE ( .BOTH. , #3106 ) ;
#4130 = ORIENTED_EDGE ( 'NONE', *, *, #330, .T. ) ;
#4131 = CARTESIAN_POINT ( 'NONE',  ( 0.2999999999999999300, 1.949999999999964700, -2.050000000000035300 ) ) ;
#4132 = CARTESIAN_POINT ( 'NONE',  ( 0.7500000000000006700, 1.949999999999977500, -1.300000000000033800 ) ) ;
#4133 = CARTESIAN_POINT ( 'NONE',  ( 1.399999999999999500, -4.050000000000062000, -3.449999999999926900 ) ) ;
#4134 = LINE ( 'NONE', #4147, #1850 ) ;
#4135 =( NAMED_UNIT ( * ) SI_UNIT ( $, .STERADIAN. ) SOLID_ANGLE_UNIT ( ) );
#4136 = EDGE_LOOP ( 'NONE', ( #269, #3164, #60, #1671 ) ) ;
#4137 = COLOUR_RGB ( '',0.7529411764705882200, 0.7529411764705882200, 0.7529411764705882200 ) ;
#4138 = EDGE_LOOP ( 'NONE', ( #4303, #877, #215, #3048, #1796 ) ) ;
#4139 = VECTOR ( 'NONE', #4005, 1000.000000000000000 ) ;
#4140 = ORIENTED_EDGE ( 'NONE', *, *, #2257, .F. ) ;
#4141 = VECTOR ( 'NONE', #3652, 1000.000000000000000 ) ;
#4142 = ORIENTED_EDGE ( 'NONE', *, *, #3156, .F. ) ;
#4143 = ORIENTED_EDGE ( 'NONE', *, *, #947, .T. ) ;
#4144 = EDGE_CURVE ( 'NONE', #3262, #752, #3137, .T. ) ;
#4145 = PRESENTATION_LAYER_ASSIGNMENT (  '', '', ( #3199 ) ) ;
#4146 = CARTESIAN_POINT ( 'NONE',  ( 8.699999999999999300, -3.450000000000011300, -0.6499999999999435100 ) ) ;
#4147 = CARTESIAN_POINT ( 'NONE',  ( 8.699999999999999300, -2.150000000000011500, -0.6499999999999662700 ) ) ;
#4148 = EDGE_LOOP ( 'NONE', ( #4050, #483, #1804, #549 ) ) ;
#4149 = ORIENTED_EDGE ( 'NONE', *, *, #3873, .F. ) ;
#4150 = EDGE_LOOP ( 'NONE', ( #2609, #1689, #1023, #3549, #2529, #2247 ) ) ;
#4151 = ORIENTED_EDGE ( 'NONE', *, *, #3274, .T. ) ;
#4152 = PLANE ( 'NONE',  #2954 ) ;
#4153 = AXIS2_PLACEMENT_3D ( 'NONE', #608, #4439, #2305 ) ;
#4154 = VECTOR ( 'NONE', #550, 1000.000000000000000 ) ;
#4155 = ORIENTED_EDGE ( 'NONE', *, *, #1966, .T. ) ;
#4156 = DIRECTION ( 'NONE',  ( -1.000000000000000000, -7.300652170296560700E-029, 2.524354896707237800E-029 ) ) ;
#4157 = DIRECTION ( 'NONE',  ( -2.524354896707237800E-029, -1.745741680554692000E-014, -1.000000000000000000 ) ) ;
#4158 = VECTOR ( 'NONE', #2816, 1000.000000000000000 ) ;
#4159 = LINE ( 'NONE', #3724, #2140 ) ;
#4160 = ORIENTED_EDGE ( 'NONE', *, *, #167, .T. ) ;
#4161 = UNCERTAINTY_MEASURE_WITH_UNIT (LENGTH_MEASURE( 1.000000000000000100E-005 ), #29, 'distance_accuracy_value', 'NONE');
#4162 = FACE_OUTER_BOUND ( 'NONE', #4001, .T. ) ;
#4163 = EDGE_CURVE ( 'NONE', #2581, #2772, #597, .T. ) ;
#4164 = PRESENTATION_LAYER_ASSIGNMENT (  '', '', ( #4006 ) ) ;
#4165 = COLOUR_RGB ( '',0.7529411764705882200, 0.7529411764705882200, 0.7529411764705882200 ) ;
#4166 = ORIENTED_EDGE ( 'NONE', *, *, #1660, .T. ) ;
#4167 = LINE ( 'NONE', #1330, #3458 ) ;
#4168 = VECTOR ( 'NONE', #2233, 1000.000000000000000 ) ;
#4169 = CARTESIAN_POINT ( 'NONE',  ( 0.3000000000000004900, -2.150000000000038100, -2.209999999999958200 ) ) ;
#4170 = DIRECTION ( 'NONE',  ( -1.000000000000000000, -5.823394084321229800E-029, 8.462065736472487200E-016 ) ) ;
#4171 = EDGE_CURVE ( 'NONE', #3101, #4252, #1327, .T. ) ;
#4172 = LINE ( 'NONE', #1635, #469 ) ;
#4173 = EDGE_CURVE ( 'NONE', #949, #2132, #2164, .T. ) ;
#4174 = CARTESIAN_POINT ( 'NONE',  ( 0.5000000000000000000, -3.450000000000011300, -0.6499999999999399600 ) ) ;
#4175 = STYLED_ITEM ( 'NONE', ( #1403 ), #172 ) ;
#4176 = VECTOR ( 'NONE', #2123, 1000.000000000000000 ) ;
#4177 = STYLED_ITEM ( 'NONE', ( #1372 ), #2812 ) ;
#4178 = LINE ( 'NONE', #2641, #2210 ) ;
#4179 = DIRECTION ( 'NONE',  ( 7.300652170296604500E-029, -1.000000000000000000, 1.745741680554692300E-014 ) ) ;
#4180 = COLOUR_RGB ( '',0.7529411764705882200, 0.7529411764705882200, 0.7529411764705882200 ) ;
#4181 = LINE ( 'NONE', #3186, #2611 ) ;
#4182 = ORIENTED_EDGE ( 'NONE', *, *, #2602, .T. ) ;
#4183 = AXIS2_PLACEMENT_3D ( 'NONE', #3969, #2203, #3311 ) ;
#4184 =( NAMED_UNIT ( * ) SI_UNIT ( $, .STERADIAN. ) SOLID_ANGLE_UNIT ( ) );
#4185 = LINE ( 'NONE', #3575, #3696 ) ;
#4186 = ORIENTED_EDGE ( 'NONE', *, *, #1719, .F. ) ;
#4187 = LINE ( 'NONE', #731, #2863 ) ;
#4188 = VERTEX_POINT ( 'NONE', #563 ) ;
#4189 = ORIENTED_EDGE ( 'NONE', *, *, #2044, .T. ) ;
#4190 = DIRECTION ( 'NONE',  ( -1.000000000000000000, -5.865392204821279800E-029, 8.462065736472486200E-016 ) ) ;
#4191 = ORIENTED_EDGE ( 'NONE', *, *, #817, .T. ) ;
#4192 = LINE ( 'NONE', #3181, #2106 ) ;
#4193 = EDGE_CURVE ( 'NONE', #2038, #4444, #421, .T. ) ;
#4194 = ORIENTED_EDGE ( 'NONE', *, *, #2806, .F. ) ;
#4195 = CARTESIAN_POINT ( 'NONE',  ( 4.599999999999998800, -3.900000000000088700, -4.949999999999934500 ) ) ;
#4196 = STYLED_ITEM ( 'NONE', ( #2570 ), #780 ) ;
#4197 = DIRECTION ( 'NONE',  ( -1.000000000000000000, -5.823394084321229800E-029, 8.462065736472486200E-016 ) ) ;
#4198 = EDGE_LOOP ( 'NONE', ( #3721, #3324, #2881, #336 ) ) ;
#4199 = ADVANCED_FACE ( 'NONE', ( #2221 ), #1962, .F. ) ;
#4200 = EDGE_LOOP ( 'NONE', ( #688, #1566, #2114, #334 ) ) ;
#4201 = EDGE_CURVE ( 'NONE', #2988, #1727, #3073, .T. ) ;
#4202 =( GEOMETRIC_REPRESENTATION_CONTEXT ( 3 ) GLOBAL_UNCERTAINTY_ASSIGNED_CONTEXT ( ( #2003 ) ) GLOBAL_UNIT_ASSIGNED_CONTEXT ( ( #3847, #1776, #4203 ) ) REPRESENTATION_CONTEXT ( 'NONE', 'WORKASPACE' ) );
#4203 =( NAMED_UNIT ( * ) SI_UNIT ( $, .STERADIAN. ) SOLID_ANGLE_UNIT ( ) );
#4204 = ORIENTED_EDGE ( 'NONE', *, *, #3165, .T. ) ;
#4205 = VERTEX_POINT ( 'NONE', #234 ) ;
#4206 = DIRECTION ( 'NONE',  ( -1.000000000000000000, -7.300652170296560700E-029, 2.524354896707237800E-029 ) ) ;
#4207 = CARTESIAN_POINT ( 'NONE',  ( 4.599999999999998800, -4.200000000000089000, -4.949999999999928200 ) ) ;
#4208 = ORIENTED_EDGE ( 'NONE', *, *, #4289, .T. ) ;
#4209 = ORIENTED_EDGE ( 'NONE', *, *, #1420, .T. ) ;
#4210 = PRESENTATION_STYLE_ASSIGNMENT (( #547 ) ) ;
#4211 = SURFACE_STYLE_USAGE ( .BOTH. , #1444 ) ;
#4212 = EDGE_CURVE ( 'NONE', #3117, #1723, #4178, .T. ) ;
#4213 = ORIENTED_EDGE ( 'NONE', *, *, #1183, .T. ) ;
#4214 = LINE ( 'NONE', #1628, #569 ) ;
#4215 = VECTOR ( 'NONE', #2669, 1000.000000000000000 ) ;
#4216 = STYLED_ITEM ( 'NONE', ( #1692 ), #509 ) ;
#4217 = CARTESIAN_POINT ( 'NONE',  ( 3.399999999999999900, -3.900000000000079400, -4.399999999999932900 ) ) ;
#4218 = FACE_OUTER_BOUND ( 'NONE', #4319, .T. ) ;
#4219 = ADVANCED_FACE ( 'NONE', ( #2411 ), #4385, .F. ) ;
#4220 = VECTOR ( 'NONE', #481, 1000.000000000000000 ) ;
#4221 = FACE_OUTER_BOUND ( 'NONE', #4003, .T. ) ;
#4222 = SURFACE_STYLE_USAGE ( .BOTH. , #2509 ) ;
#4223 =( NAMED_UNIT ( * ) SI_UNIT ( $, .STERADIAN. ) SOLID_ANGLE_UNIT ( ) );
#4224 = PLANE ( 'NONE',  #4370 ) ;
#4225 = CARTESIAN_POINT ( 'NONE',  ( 3.249999999999999100, -1.800000000000031400, -1.799999999999967800 ) ) ;
#4226 = LINE ( 'NONE', #4256, #4176 ) ;
#4227 = ADVANCED_FACE ( 'NONE', ( #1937 ), #2977, .F. ) ;
#4228 = EDGE_CURVE ( 'NONE', #3436, #2262, #4300, .T. ) ;
#4229 = AXIS2_PLACEMENT_3D ( 'NONE', #1460, #523, #1832 ) ;
#4230 = DIRECTION ( 'NONE',  ( 7.342650290796655500E-029, -1.000000000000000000, 1.745741680554692300E-014 ) ) ;
#4231 = DIRECTION ( 'NONE',  ( 8.462065736472486200E-016, 1.745741680554692000E-014, 1.000000000000000000 ) ) ;
#4232 = ORIENTED_EDGE ( 'NONE', *, *, #551, .T. ) ;
#4233 = CARTESIAN_POINT ( 'NONE',  ( 4.599999999999998800, -4.200000000000089000, -4.949999999999928200 ) ) ;
#4234 = DIRECTION ( 'NONE',  ( 8.462065736472487200E-016, 1.745741680554692000E-014, 1.000000000000000000 ) ) ;
#4235 = CARTESIAN_POINT ( 'NONE',  ( 3.249999999999999100, -1.800000000000031400, -1.799999999999967800 ) ) ;
#4236 = VERTEX_POINT ( 'NONE', #2245 ) ;
#4237 = UNCERTAINTY_MEASURE_WITH_UNIT (LENGTH_MEASURE( 1.000000000000000100E-005 ), #605, 'distance_accuracy_value', 'NONE');
#4238 = LINE ( 'NONE', #4250, #4361 ) ;
#4239 = PRESENTATION_STYLE_ASSIGNMENT (( #3636 ) ) ;
#4240 = DIRECTION ( 'NONE',  ( -8.462065736472486200E-016, -1.772846734866829600E-014, -1.000000000000000000 ) ) ;
#4241 = ORIENTED_EDGE ( 'NONE', *, *, #3813, .T. ) ;
#4242 = DIRECTION ( 'NONE',  ( 8.462065736472487200E-016, 1.745741680554692000E-014, 1.000000000000000000 ) ) ;
#4243 = CARTESIAN_POINT ( 'NONE',  ( 0.7499999999999997800, 1.949999999999964700, -2.050000000000035300 ) ) ;
#4244 = VECTOR ( 'NONE', #4231, 1000.000000000000000 ) ;
#4245 = ORIENTED_EDGE ( 'NONE', *, *, #1243, .F. ) ;
#4246 = AXIS2_PLACEMENT_3D ( 'NONE', #1507, #3231, #1540 ) ;
#4247 = ORIENTED_EDGE ( 'NONE', *, *, #2636, .T. ) ;
#4248 = ADVANCED_FACE ( 'NONE', ( #3189 ), #4118, .F. ) ;
#4249 = CARTESIAN_POINT ( 'NONE',  ( 0.7499999999999997800, -2.600000000000063600, -3.649999999999954600 ) ) ;
#4250 = CARTESIAN_POINT ( 'NONE',  ( 0.7499999999999997800, -2.600000000000036900, -2.099999999999954800 ) ) ;
#4251 = CARTESIAN_POINT ( 'NONE',  ( 2.600000000000000100, -4.200000000000072100, -3.949999999999927300 ) ) ;
#4252 = VERTEX_POINT ( 'NONE', #3992 ) ;
#4253 = ADVANCED_FACE ( 'NONE', ( #38 ), #4083, .F. ) ;
#4254 = LINE ( 'NONE', #3631, #1388 ) ;
#4255 = CARTESIAN_POINT ( 'NONE',  ( 0.5000000000000000000, -0.3000000000000767600, -4.399999999999995900 ) ) ;
#4256 = CARTESIAN_POINT ( 'NONE',  ( 1.863057213221462400E-028, -4.050000000000079800, -4.399999999999929300 ) ) ;
#4257 = EDGE_CURVE ( 'NONE', #428, #772, #3849, .T. ) ;
#4258 = ORIENTED_EDGE ( 'NONE', *, *, #343, .T. ) ;
#4259 = CARTESIAN_POINT ( 'NONE',  ( 1.174999999999998900, -0.05000000000003635600, -2.099999999999998800 ) ) ;
#4260 = DIRECTION ( 'NONE',  ( -1.000000000000000000, -6.562023127308895300E-029, 4.231032868236369300E-016 ) ) ;
#4261 = ORIENTED_EDGE ( 'NONE', *, *, #1978, .T. ) ;
#4262 = DIRECTION ( 'NONE',  ( -1.000000000000000000, -7.300652170296560700E-029, 2.524354896707237800E-029 ) ) ;
#4263 = PLANE ( 'NONE',  #434 ) ;
#4264 = PLANE ( 'NONE',  #2115 ) ;
#4265 = CARTESIAN_POINT ( 'NONE',  ( 2.600000000000000100, -4.200000000000072100, -3.949999999999927300 ) ) ;
#4266 = ORIENTED_EDGE ( 'NONE', *, *, #2654, .F. ) ;
#4267 = EDGE_CURVE ( 'NONE', #2566, #418, #1210, .T. ) ;
#4268 = AXIS2_PLACEMENT_3D ( 'NONE', #1326, #2009, #4459 ) ;
#4269 = DIRECTION ( 'NONE',  ( -7.342650290796655500E-029, 1.000000000000000000, -1.745741680554692300E-014 ) ) ;
#4270 = ORIENTED_EDGE ( 'NONE', *, *, #4004, .T. ) ;
#4271 = SURFACE_STYLE_USAGE ( .BOTH. , #1118 ) ;
#4272 = DIRECTION ( 'NONE',  ( 2.524354896707237800E-029, 1.745741680554692000E-014, 1.000000000000000000 ) ) ;
#4273 = ORIENTED_EDGE ( 'NONE', *, *, #2403, .F. ) ;
#4274 = CARTESIAN_POINT ( 'NONE',  ( 0.5000000000000000000, -0.3000000000000767600, -4.399999999999995900 ) ) ;
#4275 = LINE ( 'NONE', #3533, #720 ) ;
#4276 = STYLED_ITEM ( 'NONE', ( #1731 ), #3244 ) ;
#4277 = DIRECTION ( 'NONE',  ( 1.000000000000000000, 7.342650290796611800E-029, -2.524354896707238300E-029 ) ) ;
#4278 =( NAMED_UNIT ( * ) PLANE_ANGLE_UNIT ( ) SI_UNIT ( $, .RADIAN. ) );
#4279 = PLANE ( 'NONE',  #1718 ) ;
#4280 = ADVANCED_FACE ( 'NONE', ( #3254 ), #1310, .T. ) ;
#4281 = CARTESIAN_POINT ( 'NONE',  ( 3.249999999999999100, -1.800000000000031400, -1.799999999999967800 ) ) ;
#4282 = CARTESIAN_POINT ( 'NONE',  ( 2.274999999999999500, 1.949999999999994200, -0.3500000000000326700 ) ) ;
#4283 = PRODUCT_RELATED_PRODUCT_CATEGORY ( 'part', '', ( #389 ) ) ;
#4284 = FACE_OUTER_BOUND ( 'NONE', #243, .T. ) ;
#4285 = ORIENTED_EDGE ( 'NONE', *, *, #3802, .T. ) ;
#4286 = LINE ( 'NONE', #324, #3563 ) ;
#4287 = CARTESIAN_POINT ( 'NONE',  ( 6.399999999999999500, -4.050000000000062000, -3.449999999999929100 ) ) ;
#4288 = CARTESIAN_POINT ( 'NONE',  ( 3.399999999999999900, -4.050000000000079800, -4.399999999999929300 ) ) ;
#4289 = EDGE_CURVE ( 'NONE', #2440, #613, #2912, .T. ) ;
#4290 = VECTOR ( 'NONE', #4389, 1000.000000000000000 ) ;
#4291 = DIRECTION ( 'NONE',  ( 7.342650290796655500E-029, -1.000000000000000000, 1.745741680554692300E-014 ) ) ;
#4292 = DIRECTION ( 'NONE',  ( -7.342650290796655500E-029, 1.000000000000000000, -1.745741680554692300E-014 ) ) ;
#4293 = FILL_AREA_STYLE ('',( #2917 ) ) ;
#4294 =( NAMED_UNIT ( * ) PLANE_ANGLE_UNIT ( ) SI_UNIT ( $, .RADIAN. ) );
#4295 = VECTOR ( 'NONE', #3771, 1000.000000000000000 ) ;
#4296 = EDGE_CURVE ( 'NONE', #540, #598, #265, .T. ) ;
#4297 =( GEOMETRIC_REPRESENTATION_CONTEXT ( 3 ) GLOBAL_UNCERTAINTY_ASSIGNED_CONTEXT ( ( #3710 ) ) GLOBAL_UNIT_ASSIGNED_CONTEXT ( ( #2788, #2108, #3507 ) ) REPRESENTATION_CONTEXT ( 'NONE', 'WORKASPACE' ) );
#4298 =( NAMED_UNIT ( * ) SI_UNIT ( $, .STERADIAN. ) SOLID_ANGLE_UNIT ( ) );
#4299 = CARTESIAN_POINT ( 'NONE',  ( 8.249999999999998200, -1.800000000000035300, -2.049999999999970100 ) ) ;
#4300 = LINE ( 'NONE', #221, #1049 ) ;
#4301 = DIRECTION ( 'NONE',  ( -2.524354896707237800E-029, -1.745741680554692000E-014, -1.000000000000000000 ) ) ;
#4302 = COLOUR_RGB ( '',0.7529411764705882200, 0.7529411764705882200, 0.7529411764705882200 ) ;
#4303 = ORIENTED_EDGE ( 'NONE', *, *, #3131, .F. ) ;
#4304 = FILL_AREA_STYLE_COLOUR ( '', #3234 ) ;
#4305 = UNCERTAINTY_MEASURE_WITH_UNIT (LENGTH_MEASURE( 1.000000000000000100E-005 ), #4071, 'distance_accuracy_value', 'NONE');
#4306 = ADVANCED_FACE ( 'NONE', ( #1423 ), #1679, .F. ) ;
#4307 = DIRECTION ( 'NONE',  ( 2.524354896707237800E-029, 1.745741680554692000E-014, 1.000000000000000000 ) ) ;
#4308 = LINE ( 'NONE', #169, #2339 ) ;
#4309 = DIRECTION ( 'NONE',  ( 2.524354896707237800E-029, 1.745741680554692000E-014, 1.000000000000000000 ) ) ;
#4310 = EDGE_CURVE ( 'NONE', #2763, #3492, #3465, .T. ) ;
#4311 = VECTOR ( 'NONE', #21, 1000.000000000000000 ) ;
#4312 = ORIENTED_EDGE ( 'NONE', *, *, #1091, .T. ) ;
#4313 = ORIENTED_EDGE ( 'NONE', *, *, #4267, .T. ) ;
#4314 =( NAMED_UNIT ( * ) SI_UNIT ( $, .STERADIAN. ) SOLID_ANGLE_UNIT ( ) );
#4315 = FILL_AREA_STYLE_COLOUR ( '', #32 ) ;
#4316 = EDGE_CURVE ( 'NONE', #2866, #3852, #148, .T. ) ;
#4317 = LINE ( 'NONE', #1113, #4424 ) ;
#4318 = AXIS2_PLACEMENT_3D ( 'NONE', #2401, #2747, #3809 ) ;
#4319 = EDGE_LOOP ( 'NONE', ( #2452, #1763, #1376, #678, #4258, #3824 ) ) ;
#4320 = DIRECTION ( 'NONE',  ( -2.524354896707239500E-029, -1.724586516213511400E-014, -1.000000000000000000 ) ) ;
#4321 = DIRECTION ( 'NONE',  ( 7.342650290796655500E-029, -1.000000000000000000, 1.745741680554692300E-014 ) ) ;
#4322 = VERTEX_POINT ( 'NONE', #1979 ) ;
#4323 = CARTESIAN_POINT ( 'NONE',  ( 5.599999999999998800, -3.900000000000088700, -4.949999999999935300 ) ) ;
#4324 = ORIENTED_EDGE ( 'NONE', *, *, #4413, .F. ) ;
#4325 = LINE ( 'NONE', #1535, #3481 ) ;
#4326 = DIRECTION ( 'NONE',  ( 1.000000000000000000, 7.300652170296560700E-029, -2.524354896707237800E-029 ) ) ;
#4327 =( NAMED_UNIT ( * ) SI_UNIT ( $, .STERADIAN. ) SOLID_ANGLE_UNIT ( ) );
#4328 = VERTEX_POINT ( 'NONE', #1290 ) ;
#4329 = EDGE_CURVE ( 'NONE', #2380, #1369, #1537, .T. ) ;
#4330 = DIRECTION ( 'NONE',  ( 7.325969217969022600E-029, -1.000000000000000000, 1.745741680554692300E-014 ) ) ;
#4331 = STYLED_ITEM ( 'NONE', ( #2762 ), #1511 ) ;
#4332 = CARTESIAN_POINT ( 'NONE',  ( 1.965234498565717900E-028, -3.450000000000039700, -2.249999999999939600 ) ) ;
#4333 = ORIENTED_EDGE ( 'NONE', *, *, #2527, .F. ) ;
#4334 = ADVANCED_FACE ( 'NONE', ( #2424 ), #2690, .F. ) ;
#4335 = EDGE_CURVE ( 'NONE', #357, #2619, #2851, .T. ) ;
#4336 = EDGE_CURVE ( 'NONE', #3941, #2376, #3572, .T. ) ;
#4337 = FILL_AREA_STYLE ('',( #503 ) ) ;
#4338 = VERTEX_POINT ( 'NONE', #626 ) ;
#4339 = ORIENTED_EDGE ( 'NONE', *, *, #2894, .T. ) ;
#4340 = COLOUR_RGB ( '',0.7529411764705882200, 0.7529411764705882200, 0.7529411764705882200 ) ;
#4341 = CARTESIAN_POINT ( 'NONE',  ( 6.599999999999998800, -4.050000000000071800, -3.949999999999931800 ) ) ;
#4342 = LINE ( 'NONE', #2281, #675 ) ;
#4343 = VERTEX_POINT ( 'NONE', #2993 ) ;
#4344 = FILL_AREA_STYLE ('',( #3986 ) ) ;
#4345 = SURFACE_STYLE_USAGE ( .BOTH. , #182 ) ;
#4346 = CARTESIAN_POINT ( 'NONE',  ( 5.749999999999999100, -1.800000000000023600, -1.349999999999968600 ) ) ;
#4347 = DIRECTION ( 'NONE',  ( 7.342650290796655500E-029, -1.000000000000000000, 1.745741680554692300E-014 ) ) ;
#4348 = PRESENTATION_STYLE_ASSIGNMENT (( #606 ) ) ;
#4349 = ORIENTED_EDGE ( 'NONE', *, *, #2179, .T. ) ;
#4350 = LINE ( 'NONE', #2488, #3413 ) ;
#4351 = LINE ( 'NONE', #1620, #2701 ) ;
#4352 = CARTESIAN_POINT ( 'NONE',  ( -8.904366458272850500E-029, -0.3000000000000767600, -4.399999999999995000 ) ) ;
#4353 = VECTOR ( 'NONE', #4372, 1000.000000000000000 ) ;
#4354 = SURFACE_SIDE_STYLE ('',( #929 ) ) ;
#4355 = LINE ( 'NONE', #2188, #734 ) ;
#4356 = EDGE_CURVE ( 'NONE', #1392, #2076, #739, .T. ) ;
#4357 = AXIS2_PLACEMENT_3D ( 'NONE', #186, #2568, #4347 ) ;
#4359 =( NAMED_UNIT ( * ) PLANE_ANGLE_UNIT ( ) SI_UNIT ( $, .RADIAN. ) );
#4358 = SURFACE_SIDE_STYLE ('',( #2139 ) ) ;
#4360 = CARTESIAN_POINT ( 'NONE',  ( 7.825000000000000200, 1.949999999999963800, -2.100000000000035200 ) ) ;
#4361 = VECTOR ( 'NONE', #848, 1000.000000000000000 ) ;
#4362 = DIRECTION ( 'NONE',  ( -1.000000000000000000, -7.300652170296560700E-029, 2.524354896707237800E-029 ) ) ;
#4363 = PRESENTATION_LAYER_ASSIGNMENT (  '', '', ( #1397 ) ) ;
#4364 =( GEOMETRIC_REPRESENTATION_CONTEXT ( 3 ) GLOBAL_UNCERTAINTY_ASSIGNED_CONTEXT ( ( #2777 ) ) GLOBAL_UNIT_ASSIGNED_CONTEXT ( ( #3342, #1649, #2990 ) ) REPRESENTATION_CONTEXT ( 'NONE', 'WORKASPACE' ) );
#4365 = ORIENTED_EDGE ( 'NONE', *, *, #2537, .T. ) ;
#4366 = VECTOR ( 'NONE', #1349, 1000.000000000000000 ) ;
#4367 = ORIENTED_EDGE ( 'NONE', *, *, #1792, .F. ) ;
#4368 = VERTEX_POINT ( 'NONE', #695 ) ;
#4369 =( NAMED_UNIT ( * ) SI_UNIT ( $, .STERADIAN. ) SOLID_ANGLE_UNIT ( ) );
#4370 = AXIS2_PLACEMENT_3D ( 'NONE', #106, #456, #1492 ) ;
#4371 = ORIENTED_EDGE ( 'NONE', *, *, #977, .T. ) ;
#4372 = DIRECTION ( 'NONE',  ( -1.000000000000000000, -7.300652170296560700E-029, 2.524354896707237800E-029 ) ) ;
#4373 = EDGE_CURVE ( 'NONE', #2217, #1723, #1847, .T. ) ;
#4374 = PLANE ( 'NONE',  #2989 ) ;
#4375 = DIRECTION ( 'NONE',  ( -8.462065736472486200E-016, -1.745741680554692000E-014, -1.000000000000000000 ) ) ;
#4376 = UNCERTAINTY_MEASURE_WITH_UNIT (LENGTH_MEASURE( 1.000000000000000100E-005 ), #2256, 'distance_accuracy_value', 'NONE');
#4377 = SURFACE_STYLE_USAGE ( .BOTH. , #2657 ) ;
#4378 = DIRECTION ( 'NONE',  ( -7.342650290796655500E-029, 1.000000000000000000, -1.745741680554692300E-014 ) ) ;
#4379 = PLANE ( 'NONE',  #4111 ) ;
#4380 = EDGE_LOOP ( 'NONE', ( #2457, #989, #2936, #884, #2433, #921 ) ) ;
#4381 = CARTESIAN_POINT ( 'NONE',  ( 3.249999999999999100, -0.6100000000000314100, -1.799999999999988900 ) ) ;
#4382 = CARTESIAN_POINT ( 'NONE',  ( 1.599999999999999600, -4.200000000000072100, -3.949999999999927300 ) ) ;
#4383 = ORIENTED_EDGE ( 'NONE', *, *, #4289, .F. ) ;
#4384 = EDGE_CURVE ( 'NONE', #1572, #4343, #1743, .T. ) ;
#4385 = PLANE ( 'NONE',  #2422 ) ;
#4386 = AXIS2_PLACEMENT_3D ( 'NONE', #1016, #340, #1701 ) ;
#4387 = UNCERTAINTY_MEASURE_WITH_UNIT (LENGTH_MEASURE( 1.000000000000000100E-005 ), #3220, 'distance_accuracy_value', 'NONE');
#4388 = PRESENTATION_STYLE_ASSIGNMENT (( #776 ) ) ;
#4389 = DIRECTION ( 'NONE',  ( 7.885106708985738500E-016, 1.726028913782228200E-014, 1.000000000000000000 ) ) ;
#4390 = ORIENTED_EDGE ( 'NONE', *, *, #2810, .F. ) ;
#4391 = FACE_OUTER_BOUND ( 'NONE', #1105, .T. ) ;
#4392 = FILL_AREA_STYLE_COLOUR ( '', #58 ) ;
#4393 = VERTEX_POINT ( 'NONE', #1725 ) ;
#4394 =( NAMED_UNIT ( * ) SI_UNIT ( $, .STERADIAN. ) SOLID_ANGLE_UNIT ( ) );
#4395 = EDGE_CURVE ( 'NONE', #2354, #3100, #3971, .T. ) ;
#4396 = FACE_OUTER_BOUND ( 'NONE', #1942, .T. ) ;
#4397 = ADVANCED_FACE ( 'NONE', ( #3030 ), #1037, .T. ) ;
#4398 = CARTESIAN_POINT ( 'NONE',  ( 2.600000000000000100, -4.200000000000089000, -4.949999999999927300 ) ) ;
#4399 = LINE ( 'NONE', #3368, #1697 ) ;
#4400 = ORIENTED_EDGE ( 'NONE', *, *, #2751, .F. ) ;
#4401 = DIRECTION ( 'NONE',  ( -1.000000000000000000, -7.300652170296560700E-029, 2.524354896707237800E-029 ) ) ;
#4402 =( GEOMETRIC_REPRESENTATION_CONTEXT ( 3 ) GLOBAL_UNCERTAINTY_ASSIGNED_CONTEXT ( ( #1283 ) ) GLOBAL_UNIT_ASSIGNED_CONTEXT ( ( #1500, #3281, #4327 ) ) REPRESENTATION_CONTEXT ( 'NONE', 'WORKASPACE' ) );
#4403 = FILL_AREA_STYLE_COLOUR ( '', #348 ) ;
#4404 = CARTESIAN_POINT ( 'NONE',  ( 1.399999999999999500, -3.900000000000079400, -4.399999999999932900 ) ) ;
#4405 = VECTOR ( 'NONE', #1782, 1000.000000000000000 ) ;
#4406 = VECTOR ( 'NONE', #3153, 1000.000000000000000 ) ;
#4407 = CARTESIAN_POINT ( 'NONE',  ( 0.5000000000000000000, -4.050000000000038900, -2.249999999999928900 ) ) ;
#4408 = VECTOR ( 'NONE', #4446, 1000.000000000000000 ) ;
#4409 = COLOUR_RGB ( '',0.7529411764705882200, 0.7529411764705882200, 0.7529411764705882200 ) ;
#4410 = CARTESIAN_POINT ( 'NONE',  ( 3.600000000000000100, -3.900000000000088700, -4.949999999999934500 ) ) ;
#4411 = DIRECTION ( 'NONE',  ( 7.342650290796655500E-029, -1.000000000000000000, 1.745741680554692300E-014 ) ) ;
#4412 = ORIENTED_EDGE ( 'NONE', *, *, #2279, .F. ) ;
#4413 = EDGE_CURVE ( 'NONE', #1380, #1668, #2097, .T. ) ;
#4414 =( GEOMETRIC_REPRESENTATION_CONTEXT ( 3 ) GLOBAL_UNCERTAINTY_ASSIGNED_CONTEXT ( ( #2625 ) ) GLOBAL_UNIT_ASSIGNED_CONTEXT ( ( #226, #570, #2940 ) ) REPRESENTATION_CONTEXT ( 'NONE', 'WORKASPACE' ) );
#4415 = CARTESIAN_POINT ( 'NONE',  ( 3.600000000000000100, -3.950000000000061900, -3.449999999999929600 ) ) ;
#4416 = VECTOR ( 'NONE', #2159, 1000.000000000000000 ) ;
#4417 = EDGE_CURVE ( 'NONE', #501, #1335, #643, .T. ) ;
#4418 = EDGE_CURVE ( 'NONE', #3521, #428, #2154, .T. ) ;
#4419 = LINE ( 'NONE', #4410, #218 ) ;
#4420 = STYLED_ITEM ( 'NONE', ( #2456 ), #90 ) ;
#4421 = ORIENTED_EDGE ( 'NONE', *, *, #3359, .T. ) ;
#4422 = AXIS2_PLACEMENT_3D ( 'NONE', #3519, #4234, #2506 ) ;
#4423 = ORIENTED_EDGE ( 'NONE', *, *, #19, .T. ) ;
#4424 = VECTOR ( 'NONE', #865, 1000.000000000000000 ) ;
#4425 = VERTEX_POINT ( 'NONE', #3072 ) ;
#4426 = EDGE_LOOP ( 'NONE', ( #1605, #3751, #1913, #1977, #2726, #3757 ) ) ;
#4427 = CARTESIAN_POINT ( 'NONE',  ( 2.274999999999999500, -3.450000000000006000, -0.3499999999999391900 ) ) ;
#4428 = DIRECTION ( 'NONE',  ( -1.000000000000000000, -7.300652170296560700E-029, 2.524354896707237800E-029 ) ) ;
#4429 = ORIENTED_EDGE ( 'NONE', *, *, #2649, .T. ) ;
#4431 = CARTESIAN_POINT ( 'NONE',  ( 2.274999999999999500, -4.050000000000032700, -1.799999999999929200 ) ) ;
#4430 = DIRECTION ( 'NONE',  ( -7.342650290796655500E-029, 1.000000000000000000, -1.745741680554692300E-014 ) ) ;
#4432 = ORIENTED_EDGE ( 'NONE', *, *, #2729, .F. ) ;
#4433 = UNCERTAINTY_MEASURE_WITH_UNIT (LENGTH_MEASURE( 1.000000000000000100E-005 ), #4000, 'distance_accuracy_value', 'NONE');
#4434 = VECTOR ( 'NONE', #2541, 1000.000000000000000 ) ;
#4435 = DIRECTION ( 'NONE',  ( -1.000000000000000000, -7.300652170296560700E-029, 2.524354896707237800E-029 ) ) ;
#4436 = EDGE_CURVE ( 'NONE', #129, #3476, #3080, .T. ) ;
#4437 = VERTEX_POINT ( 'NONE', #4146 ) ;
#4438 = ORIENTED_EDGE ( 'NONE', *, *, #3, .T. ) ;
#4439 = DIRECTION ( 'NONE',  ( -8.462065736472487200E-016, -1.745741680554692000E-014, -1.000000000000000000 ) ) ;
#4440 = LINE ( 'NONE', #3126, #4158 ) ;
#4442 =( NAMED_UNIT ( * ) PLANE_ANGLE_UNIT ( ) SI_UNIT ( $, .RADIAN. ) );
#4441 = CARTESIAN_POINT ( 'NONE',  ( 4.599999999999998800, -4.200000000000089000, -4.949999999999928200 ) ) ;
#4443 = UNCERTAINTY_MEASURE_WITH_UNIT (LENGTH_MEASURE( 1.000000000000000100E-005 ), #4011, 'distance_accuracy_value', 'NONE');
#4444 = VERTEX_POINT ( 'NONE', #3477 ) ;
#4445 = PRESENTATION_LAYER_ASSIGNMENT (  '', '', ( #4420 ) ) ;
#4446 = DIRECTION ( 'NONE',  ( -5.981805089575443700E-016, -1.745741680554692000E-014, -1.000000000000000000 ) ) ;
#4447 = PRESENTATION_LAYER_ASSIGNMENT (  '', '', ( #2500 ) ) ;
#4448 = VECTOR ( 'NONE', #1615, 1000.000000000000000 ) ;
#4449 = CARTESIAN_POINT ( 'NONE',  ( 8.499999999999996400, -4.050000000000038900, -2.249999999999932500 ) ) ;
#4450 = LINE ( 'NONE', #912, #3494 ) ;
#4451 = LINE ( 'NONE', #1896, #3737 ) ;
#4452 = ORIENTED_EDGE ( 'NONE', *, *, #1337, .T. ) ;
#4453 = VECTOR ( 'NONE', #1559, 1000.000000000000000 ) ;
#4454 = LINE ( 'NONE', #4132, #3502 ) ;
#4455 = FACE_OUTER_BOUND ( 'NONE', #1706, .T. ) ;
#4457 = SURFACE_SIDE_STYLE ('',( #624 ) ) ;
#4456 = DIRECTION ( 'NONE',  ( -1.000000000000000000, -7.300652170296560700E-029, 2.524354896707237800E-029 ) ) ;
#4458 = LINE ( 'NONE', #3043, #2373 ) ;
#4459 = DIRECTION ( 'NONE',  ( -7.342650290796655500E-029, 1.000000000000000000, -1.745741680554692300E-014 ) ) ;
#4460 = EDGE_CURVE ( 'NONE', #161, #3130, #364, .T. ) ;
#4461 = LINE ( 'NONE', #4287, #2795 ) ;
#4462 = VERTEX_POINT ( 'NONE', #377 ) ;
#4463 = VECTOR ( 'NONE', #3548, 1000.000000000000000 ) ;
#4464 = VECTOR ( 'NONE', #4157, 1000.000000000000000 ) ;
ENDSEC;
END-ISO-10303-21;
