ISO-10303-21;
HEADER;
FILE_DESCRIPTION (( 'STEP AP214' ),
    '1' );
FILE_NAME ('BM10B-NSHSS.STEP',
    '2019-05-16T02:02:08',
    ( '' ),
    ( '' ),
    'SwSTEP 2.0',
    'SolidWorks 2017',
    '' );
FILE_SCHEMA (( 'AUTOMOTIVE_DESIGN' ));
ENDSEC;

DATA;
#1 = CARTESIAN_POINT ( 'NONE',  ( 7.600000000000028100, -3.949999999999935300, -3.950000000000016200 ) ) ;
#2 = VECTOR ( 'NONE', #4732, 1000.000000000000000 ) ;
#3 = DIRECTION ( 'NONE',  ( 6.982966722218764100E-015, -1.000000000000000000, -3.491483361109382100E-015 ) ) ;
#4 = SURFACE_SIDE_STYLE ('',( #334 ) ) ;
#5 = EDGE_CURVE ( 'NONE', #2793, #2788, #5092, .T. ) ;
#6 = EDGE_CURVE ( 'NONE', #675, #3394, #715, .T. ) ;
#7 = VECTOR ( 'NONE', #4553, 1000.000000000000000 ) ;
#8 = FACE_OUTER_BOUND ( 'NONE', #2956, .T. ) ;
#9 = APPLICATION_CONTEXT ( 'automotive_design' ) ;
#10 = LINE ( 'NONE', #3122, #5024 ) ;
#11 = FACE_OUTER_BOUND ( 'NONE', #3652, .T. ) ;
#12 = VERTEX_POINT ( 'NONE', #174 ) ;
#13 = FACE_OUTER_BOUND ( 'NONE', #2722, .T. ) ;
#14 =( NAMED_UNIT ( * ) SI_UNIT ( $, .STERADIAN. ) SOLID_ANGLE_UNIT ( ) );
#15 = ADVANCED_FACE ( 'NONE', ( #4446 ), #2629, .T. ) ;
#16 = DIRECTION ( 'NONE',  ( -6.982966722218764100E-015, 1.000000000000000000, 3.491483361109382100E-015 ) ) ;
#17 = ORIENTED_EDGE ( 'NONE', *, *, #4591, .F. ) ;
#18 = COLOUR_RGB ( '',0.7529411764705882200, 0.7529411764705882200, 0.7529411764705882200 ) ;
#19 = CARTESIAN_POINT ( 'NONE',  ( 11.50000000000002300, -3.449999999999911800, -2.210000000000012000 ) ) ;
#20 = EDGE_LOOP ( 'NONE', ( #4719, #4313, #637, #4512 ) ) ;
#21 = FILL_AREA_STYLE_COLOUR ( '', #4059 ) ;
#22 = VECTOR ( 'NONE', #4120, 1000.000000000000000 ) ;
#23 = ORIENTED_EDGE ( 'NONE', *, *, #1319, .F. ) ;
#24 = DIRECTION ( 'NONE',  ( -6.982966722218764100E-015, 1.000000000000000000, 3.491483361109382100E-015 ) ) ;
#25 = AXIS2_PLACEMENT_3D ( 'NONE', #3500, #3899, #3070 ) ;
#26 = VERTEX_POINT ( 'NONE', #4247 ) ;
#27 = FILL_AREA_STYLE ('',( #4577 ) ) ;
#28 = DIRECTION ( 'NONE',  ( 1.000000000000000000, 6.982966722218764100E-015, 2.438091212180733500E-029 ) ) ;
#29 = ORIENTED_EDGE ( 'NONE', *, *, #2661, .T. ) ;
#30 = VERTEX_POINT ( 'NONE', #1882 ) ;
#31 = EDGE_CURVE ( 'NONE', #1309, #2296, #4179, .T. ) ;
#32 = EDGE_CURVE ( 'NONE', #1543, #2615, #882, .T. ) ;
#33 = CARTESIAN_POINT ( 'NONE',  ( 8.600000000000029800, -3.899999999999927100, -4.400000000000016300 ) ) ;
#34 = EDGE_CURVE ( 'NONE', #4129, #2665, #3705, .T. ) ;
#35 = ORIENTED_EDGE ( 'NONE', *, *, #4090, .T. ) ;
#36 =( LENGTH_UNIT ( ) NAMED_UNIT ( * ) SI_UNIT ( .MILLI., .METRE. ) );
#37 = DIRECTION ( 'NONE',  ( 1.000000000000000000, 6.982966722218764100E-015, 2.438091212180733500E-029 ) ) ;
#38 = ADVANCED_FACE ( 'NONE', ( #2819 ), #5219, .F. ) ;
#39 = PRESENTATION_STYLE_ASSIGNMENT (( #3809 ) ) ;
#40 = SURFACE_SIDE_STYLE ('',( #3499 ) ) ;
#41 = ORIENTED_EDGE ( 'NONE', *, *, #4288, .F. ) ;
#42 = ADVANCED_FACE ( 'NONE', ( #4667 ), #2738, .F. ) ;
#43 = LINE ( 'NONE', #416, #4269 ) ;
#44 = DIRECTION ( 'NONE',  ( 6.882679718748695100E-031, 3.392919527247063600E-015, -1.000000000000000000 ) ) ;
#45 = CARTESIAN_POINT ( 'NONE',  ( 0.4999999999999909000, 1.300000000000016900, -3.749999999999996400 ) ) ;
#46 = FACE_OUTER_BOUND ( 'NONE', #718, .T. ) ;
#47 = CARTESIAN_POINT ( 'NONE',  ( 7.600000000000029000, -4.049999999999937600, -3.450000000000013500 ) ) ;
#48 = ORIENTED_EDGE ( 'NONE', *, *, #3935, .F. ) ;
#49 = CARTESIAN_POINT ( 'NONE',  ( 0.5000000000000021100, -0.2999999999999810600, -4.400000000000002100 ) ) ;
#50 = PRESENTATION_LAYER_ASSIGNMENT (  '', '', ( #1444 ) ) ;
#51 = DIRECTION ( 'NONE',  ( 0.0000000000000000000, -3.491483361109382100E-015, 1.000000000000000000 ) ) ;
#52 = ORIENTED_EDGE ( 'NONE', *, *, #2146, .F. ) ;
#53 = VERTEX_POINT ( 'NONE', #5201 ) ;
#54 = VECTOR ( 'NONE', #4598, 1000.000000000000000 ) ;
#55 = ORIENTED_EDGE ( 'NONE', *, *, #1187, .T. ) ;
#56 = EDGE_LOOP ( 'NONE', ( #4885, #2360, #5174, #544, #3959, #2358 ) ) ;
#57 = SURFACE_STYLE_FILL_AREA ( #2177 ) ;
#58 = VERTEX_POINT ( 'NONE', #1927 ) ;
#59 = SURFACE_STYLE_FILL_AREA ( #1831 ) ;
#60 = PLANE ( 'NONE',  #5077 ) ;
#61 = DIRECTION ( 'NONE',  ( 6.982966722218764100E-015, -1.000000000000000000, -3.491483361109382100E-015 ) ) ;
#62 = LINE ( 'NONE', #1847, #585 ) ;
#63 = EDGE_LOOP ( 'NONE', ( #2578, #4452, #3662, #4074 ) ) ;
#64 = ADVANCED_FACE ( 'NONE', ( #3823 ), #3945, .F. ) ;
#65 = LINE ( 'NONE', #4701, #2084 ) ;
#66 = CARTESIAN_POINT ( 'NONE',  ( 2.828101522498601200E-014, -4.049999999999986500, -4.400000000000014600 ) ) ;
#67 = EDGE_CURVE ( 'NONE', #4912, #4129, #2110, .T. ) ;
#68 = EDGE_CURVE ( 'NONE', #2846, #4949, #616, .T. ) ;
#69 = UNCERTAINTY_MEASURE_WITH_UNIT (LENGTH_MEASURE( 1.000000000000000100E-005 ), #3141, 'distance_accuracy_value', 'NONE');
#70 = EDGE_CURVE ( 'NONE', #4635, #3015, #1853, .T. ) ;
#71 = DIRECTION ( 'NONE',  ( -6.982966722218764100E-015, 1.000000000000000000, 3.491483361109382100E-015 ) ) ;
#72 = ORIENTED_EDGE ( 'NONE', *, *, #235, .F. ) ;
#73 = FACE_OUTER_BOUND ( 'NONE', #1761, .T. ) ;
#74 = LINE ( 'NONE', #971, #3601 ) ;
#75 = CARTESIAN_POINT ( 'NONE',  ( 9.175000000000027400, -4.049999999999931400, -1.800000000000014700 ) ) ;
#76 = ORIENTED_EDGE ( 'NONE', *, *, #3470, .T. ) ;
#77 = DIRECTION ( 'NONE',  ( -6.982966722218764100E-015, 1.000000000000000000, 3.491483361109382100E-015 ) ) ;
#78 = ORIENTED_EDGE ( 'NONE', *, *, #1837, .T. ) ;
#79 = ORIENTED_EDGE ( 'NONE', *, *, #2762, .T. ) ;
#80 = DIRECTION ( 'NONE',  ( -1.000000000000000000, -6.982966722218764100E-015, -2.438091212180733500E-029 ) ) ;
#81 = CARTESIAN_POINT ( 'NONE',  ( 11.70000000000002900, -4.199999999999921100, -0.01000000000001423500 ) ) ;
#82 = DIRECTION ( 'NONE',  ( 0.0000000000000000000, 3.491483361109382100E-015, -1.000000000000000000 ) ) ;
#83 = AXIS2_PLACEMENT_3D ( 'NONE', #2008, #4891, #320 ) ;
#84 = VERTEX_POINT ( 'NONE', #4757 ) ;
#85 = ORIENTED_EDGE ( 'NONE', *, *, #5096, .T. ) ;
#86 = LINE ( 'NONE', #5283, #1325 ) ;
#87 = CARTESIAN_POINT ( 'NONE',  ( -9.077856738884396200E-015, 1.300000000000013400, -3.749999999999996400 ) ) ;
#88 = ORIENTED_EDGE ( 'NONE', *, *, #4751, .T. ) ;
#89 = SURFACE_STYLE_FILL_AREA ( #387 ) ;
#90 = ORIENTED_EDGE ( 'NONE', *, *, #4485, .T. ) ;
#91 = ORIENTED_EDGE ( 'NONE', *, *, #1068, .F. ) ;
#92 = ORIENTED_EDGE ( 'NONE', *, *, #200, .F. ) ;
#93 = ORIENTED_EDGE ( 'NONE', *, *, #4323, .T. ) ;
#94 = STYLED_ITEM ( 'NONE', ( #2931 ), #1125 ) ;
#95 = CARTESIAN_POINT ( 'NONE',  ( 11.99999999999998600, 1.950000000000084100, 7.675754292151991400E-015 ) ) ;
#96 = EDGE_CURVE ( 'NONE', #522, #3810, #1461, .T. ) ;
#97 = DIRECTION ( 'NONE',  ( -1.000000000000000000, -6.982966722218767300E-015, 8.462065736471991200E-016 ) ) ;
#98 = VECTOR ( 'NONE', #1633, 1000.000000000000000 ) ;
#99 = EDGE_CURVE ( 'NONE', #5040, #489, #364, .T. ) ;
#100 = CARTESIAN_POINT ( 'NONE',  ( 12.00000000000001600, -2.149999999999914200, -0.6500000000000127900 ) ) ;
#101 = FACE_BOUND ( 'NONE', #3704, .T. ) ;
#102 = CARTESIAN_POINT ( 'NONE',  ( 10.40000000000003100, -4.199999999999912200, -4.950000000000018800 ) ) ;
#103 = PRESENTATION_STYLE_ASSIGNMENT (( #1108 ) ) ;
#104 = STYLED_ITEM ( 'NONE', ( #3579 ), #3160 ) ;
#105 = LINE ( 'NONE', #5112, #4670 ) ;
#106 =( NAMED_UNIT ( * ) SI_UNIT ( $, .STERADIAN. ) SOLID_ANGLE_UNIT ( ) );
#107 = ORIENTED_EDGE ( 'NONE', *, *, #3060, .F. ) ;
#108 = CARTESIAN_POINT ( 'NONE',  ( 10.82500000000001400, -1.706804152578008700, -1.950000000000006400 ) ) ;
#109 = CARTESIAN_POINT ( 'NONE',  ( 0.4999999999999909000, 1.300000000000012500, -2.449999999999996600 ) ) ;
#110 =( GEOMETRIC_REPRESENTATION_CONTEXT ( 3 ) GLOBAL_UNCERTAINTY_ASSIGNED_CONTEXT ( ( #543 ) ) GLOBAL_UNIT_ASSIGNED_CONTEXT ( ( #4818, #4013, #1583 ) ) REPRESENTATION_CONTEXT ( 'NONE', 'WORKASPACE' ) );
#111 = VECTOR ( 'NONE', #2826, 1000.000000000000000 ) ;
#112 = EDGE_LOOP ( 'NONE', ( #1701, #5208, #4516, #2810, #23, #2628 ) ) ;
#113 = DIRECTION ( 'NONE',  ( -6.982966722218764100E-015, 1.000000000000000000, 3.491483361109382100E-015 ) ) ;
#114 = SURFACE_STYLE_FILL_AREA ( #3931 ) ;
#115 = DIRECTION ( 'NONE',  ( 1.000000000000000000, 6.982966722218764100E-015, 2.438091212180733500E-029 ) ) ;
#116 = CARTESIAN_POINT ( 'NONE',  ( 0.5000000000000154300, -2.149999999999988400, -2.210000000000002200 ) ) ;
#117 = DIRECTION ( 'NONE',  ( -0.0000000000000000000, 3.491483361109382100E-015, -1.000000000000000000 ) ) ;
#118 = ORIENTED_EDGE ( 'NONE', *, *, #67, .T. ) ;
#119 = ADVANCED_FACE ( 'NONE', ( #2233 ), #239, .T. ) ;
#120 =( GEOMETRIC_REPRESENTATION_CONTEXT ( 3 ) GLOBAL_UNCERTAINTY_ASSIGNED_CONTEXT ( ( #4921 ) ) GLOBAL_UNIT_ASSIGNED_CONTEXT ( ( #3459, #1048, #196 ) ) REPRESENTATION_CONTEXT ( 'NONE', 'WORKASPACE' ) );
#121 = COLOUR_RGB ( '',0.7529411764705882200, 0.7529411764705882200, 0.7529411764705882200 ) ;
#122 = PRESENTATION_STYLE_ASSIGNMENT (( #2564 ) ) ;
#123 = ORIENTED_EDGE ( 'NONE', *, *, #3469, .F. ) ;
#124 =( LENGTH_UNIT ( ) NAMED_UNIT ( * ) SI_UNIT ( .MILLI., .METRE. ) );
#125 = VECTOR ( 'NONE', #666, 1000.000000000000000 ) ;
#126 = CARTESIAN_POINT ( 'NONE',  ( 10.60000000000003200, -4.199999999999911400, -4.950000000000018800 ) ) ;
#127 = SURFACE_STYLE_FILL_AREA ( #1214 ) ;
#128 = FACE_BOUND ( 'NONE', #3589, .T. ) ;
#129 = DIRECTION ( 'NONE',  ( -1.892736922655891900E-030, -3.220432817988006000E-015, 1.000000000000000000 ) ) ;
#130 = FACE_OUTER_BOUND ( 'NONE', #2260, .T. ) ;
#131 = EDGE_CURVE ( 'NONE', #2005, #2644, #4662, .T. ) ;
#132 = SURFACE_SIDE_STYLE ('',( #5332 ) ) ;
#133 = VECTOR ( 'NONE', #2237, 1000.000000000000000 ) ;
#134 = ORIENTED_EDGE ( 'NONE', *, *, #4438, .T. ) ;
#135 = FACE_OUTER_BOUND ( 'NONE', #3193, .T. ) ;
#136 = SURFACE_STYLE_FILL_AREA ( #974 ) ;
#137 = CARTESIAN_POINT ( 'NONE',  ( 5.400000000000029700, -4.199999999999947800, -4.950000000000016200 ) ) ;
#138 = CARTESIAN_POINT ( 'NONE',  ( 9.400000000000030600, -4.049999999999921700, -4.400000000000014600 ) ) ;
#139 = DIRECTION ( 'NONE',  ( -1.000000000000000000, -6.982966722218764100E-015, -2.438091212180733500E-029 ) ) ;
#140 = UNCERTAINTY_MEASURE_WITH_UNIT (LENGTH_MEASURE( 1.000000000000000100E-005 ), #2869, 'distance_accuracy_value', 'NONE');
#141 = ORIENTED_EDGE ( 'NONE', *, *, #2510, .F. ) ;
#142 = FACE_OUTER_BOUND ( 'NONE', #3860, .T. ) ;
#143 = FACE_OUTER_BOUND ( 'NONE', #792, .T. ) ;
#144 = EDGE_CURVE ( 'NONE', #2231, #2045, #3560, .T. ) ;
#145 = AXIS2_PLACEMENT_3D ( 'NONE', #4431, #1552, #1091 ) ;
#146 = DIRECTION ( 'NONE',  ( 1.000000000000000000, 6.982966722218765700E-015, -4.231032868235873300E-016 ) ) ;
#147 = VERTEX_POINT ( 'NONE', #5296 ) ;
#148 = ORIENTED_EDGE ( 'NONE', *, *, #1254, .F. ) ;
#149 = ADVANCED_FACE ( 'NONE', ( #2509 ), #768, .F. ) ;
#150 = SURFACE_SIDE_STYLE ('',( #4502 ) ) ;
#151 = MECHANICAL_DESIGN_GEOMETRIC_PRESENTATION_REPRESENTATION (  '', ( #3915 ), #4759 ) ;
#152 = CARTESIAN_POINT ( 'NONE',  ( 2.400000000000028800, -4.049999999999970500, -4.400000000000014600 ) ) ;
#153 = DIRECTION ( 'NONE',  ( 1.000000000000000000, 6.982966722218764100E-015, 2.438091212180733500E-029 ) ) ;
#154 =( GEOMETRIC_REPRESENTATION_CONTEXT ( 3 ) GLOBAL_UNCERTAINTY_ASSIGNED_CONTEXT ( ( #5326 ) ) GLOBAL_UNIT_ASSIGNED_CONTEXT ( ( #3994, #3576, #2406 ) ) REPRESENTATION_CONTEXT ( 'NONE', 'WORKASPACE' ) );
#155 = VERTEX_POINT ( 'NONE', #789 ) ;
#156 = CARTESIAN_POINT ( 'NONE',  ( 2.825000000000013100, -1.706804152578064600, -1.950000000000006800 ) ) ;
#157 = ORIENTED_EDGE ( 'NONE', *, *, #3388, .T. ) ;
#158 = COLOUR_RGB ( '',0.7529411764705882200, 0.7529411764705882200, 0.7529411764705882200 ) ;
#159 = CARTESIAN_POINT ( 'NONE',  ( 10.40000000000002900, -3.899999999999912900, -4.950000000000017900 ) ) ;
#160 = FACE_OUTER_BOUND ( 'NONE', #2169, .T. ) ;
#161 = DIRECTION ( 'NONE',  ( -6.982966722218764100E-015, 1.000000000000000000, 3.491483361109382100E-015 ) ) ;
#162 = ORIENTED_EDGE ( 'NONE', *, *, #3198, .T. ) ;
#163 = CARTESIAN_POINT ( 'NONE',  ( 10.82500000000000100, -0.04999999999991781900, -1.949999999999994400 ) ) ;
#164 = LINE ( 'NONE', #3119, #1730 ) ;
#165 = DIRECTION ( 'NONE',  ( 6.982966722218764100E-015, -1.000000000000000000, -3.876977466882005800E-015 ) ) ;
#166 = EDGE_CURVE ( 'NONE', #874, #3902, #2298, .T. ) ;
#167 = CARTESIAN_POINT ( 'NONE',  ( 4.400000000000028800, -4.049999999999956300, -4.400000000000014600 ) ) ;
#168 = EDGE_CURVE ( 'NONE', #1905, #4143, #3112, .T. ) ;
#169 = EDGE_CURVE ( 'NONE', #3565, #1862, #2747, .T. ) ;
#170 = LINE ( 'NONE', #3189, #4554 ) ;
#171 = DIRECTION ( 'NONE',  ( -1.000000000000000000, -6.982966722218764100E-015, -2.438091212180733500E-029 ) ) ;
#172 = FACE_OUTER_BOUND ( 'NONE', #2702, .T. ) ;
#173 = EDGE_LOOP ( 'NONE', ( #986, #3359, #3687, #2134, #3407, #4862 ) ) ;
#174 = CARTESIAN_POINT ( 'NONE',  ( 0.7000000000000118300, -1.799999999999987400, -2.050000000000005600 ) ) ;
#175 = DIRECTION ( 'NONE',  ( 6.982966722218764100E-015, -1.000000000000000000, -3.491483361109382100E-015 ) ) ;
#176 = LINE ( 'NONE', #5128, #3324 ) ;
#177 = STYLED_ITEM ( 'NONE', ( #2386 ), #2996 ) ;
#178 = SURFACE_STYLE_USAGE ( .BOTH. , #4690 ) ;
#179 = PLANE ( 'NONE',  #3044 ) ;
#180 = ORIENTED_EDGE ( 'NONE', *, *, #1740, .F. ) ;
#181 = MECHANICAL_DESIGN_GEOMETRIC_PRESENTATION_REPRESENTATION (  '', ( #365 ), #5336 ) ;
#182 = LINE ( 'NONE', #3468, #1286 ) ;
#183 = ORIENTED_EDGE ( 'NONE', *, *, #483, .T. ) ;
#184 = ORIENTED_EDGE ( 'NONE', *, *, #4640, .F. ) ;
#185 = CARTESIAN_POINT ( 'NONE',  ( 11.99999999999998600, 1.950000000000084100, 7.675754292151991400E-015 ) ) ;
#186 =( NAMED_UNIT ( * ) SI_UNIT ( $, .STERADIAN. ) SOLID_ANGLE_UNIT ( ) );
#187 = DIRECTION ( 'NONE',  ( -1.000000000000000000, -6.982966722218764100E-015, -2.438091212180733500E-029 ) ) ;
#188 = COLOUR_RGB ( '',0.7529411764705882200, 0.7529411764705882200, 0.7529411764705882200 ) ;
#189 = LINE ( 'NONE', #4707, #4695 ) ;
#190 = PLANE ( 'NONE',  #2760 ) ;
#191 = ORIENTED_EDGE ( 'NONE', *, *, #5245, .F. ) ;
#192 = CARTESIAN_POINT ( 'NONE',  ( 0.5000000000000240900, -3.449999999999989100, -2.210000000000007100 ) ) ;
#193 = VECTOR ( 'NONE', #3212, 1000.000000000000000 ) ;
#194 = DIRECTION ( 'NONE',  ( 1.000000000000000000, 6.982966722218764100E-015, 2.438091212180733500E-029 ) ) ;
#195 =( NAMED_UNIT ( * ) PLANE_ANGLE_UNIT ( ) SI_UNIT ( $, .RADIAN. ) );
#196 =( NAMED_UNIT ( * ) SI_UNIT ( $, .STERADIAN. ) SOLID_ANGLE_UNIT ( ) );
#197 = COLOUR_RGB ( '',0.7529411764705882200, 0.7529411764705882200, 0.7529411764705882200 ) ;
#198 = EDGE_CURVE ( 'NONE', #1384, #4565, #2616, .T. ) ;
#199 = AXIS2_PLACEMENT_3D ( 'NONE', #3508, #5143, #1912 ) ;
#200 = EDGE_CURVE ( 'NONE', #4284, #1543, #1211, .T. ) ;
#201 = EDGE_CURVE ( 'NONE', #5101, #4918, #5192, .T. ) ;
#202 = ORIENTED_EDGE ( 'NONE', *, *, #865, .F. ) ;
#203 = SURFACE_STYLE_FILL_AREA ( #1410 ) ;
#204 = CARTESIAN_POINT ( 'NONE',  ( 7.400000000000027000, -3.899999999999933300, -4.950000000000016200 ) ) ;
#205 = LINE ( 'NONE', #1240, #3676 ) ;
#206 = SURFACE_STYLE_USAGE ( .BOTH. , #5212 ) ;
#207 = VERTEX_POINT ( 'NONE', #4846 ) ;
#208 = VERTEX_POINT ( 'NONE', #4868 ) ;
#209 = MECHANICAL_DESIGN_GEOMETRIC_PRESENTATION_REPRESENTATION (  '', ( #4555 ), #2808 ) ;
#210 = ORIENTED_EDGE ( 'NONE', *, *, #2762, .F. ) ;
#211 = DIRECTION ( 'NONE',  ( -6.982966722218764100E-015, 1.000000000000000000, 3.491483361109382100E-015 ) ) ;
#212 = ORIENTED_EDGE ( 'NONE', *, *, #5139, .F. ) ;
#213 = VERTEX_POINT ( 'NONE', #3619 ) ;
#214 = VECTOR ( 'NONE', #4939, 1000.000000000000000 ) ;
#215 = ORIENTED_EDGE ( 'NONE', *, *, #4640, .T. ) ;
#216 = ORIENTED_EDGE ( 'NONE', *, *, #1103, .T. ) ;
#217 = ORIENTED_EDGE ( 'NONE', *, *, #4748, .T. ) ;
#218 = DIRECTION ( 'NONE',  ( 6.982966722218764100E-015, -1.000000000000000000, -3.491483361109382100E-015 ) ) ;
#219 = PLANE ( 'NONE',  #3876 ) ;
#220 = AXIS2_PLACEMENT_3D ( 'NONE', #2654, #4254, #3461 ) ;
#221 = ORIENTED_EDGE ( 'NONE', *, *, #1283, .T. ) ;
#222 = VECTOR ( 'NONE', #3005, 1000.000000000000000 ) ;
#223 = DIRECTION ( 'NONE',  ( 0.0000000000000000000, 3.491483361109382100E-015, -1.000000000000000000 ) ) ;
#224 = AXIS2_PLACEMENT_3D ( 'NONE', #2821, #775, #3194 ) ;
#225 = VECTOR ( 'NONE', #3285, 1000.000000000000000 ) ;
#226 = SURFACE_STYLE_USAGE ( .BOTH. , #2254 ) ;
#227 = DIRECTION ( 'NONE',  ( 6.982966722218764100E-015, -1.000000000000000000, -3.309264508590810100E-015 ) ) ;
#228 = DIRECTION ( 'NONE',  ( -0.0000000000000000000, 3.491483361109382100E-015, -1.000000000000000000 ) ) ;
#229 = PLANE ( 'NONE',  #25 ) ;
#230 = COLOUR_RGB ( '',0.7529411764705882200, 0.7529411764705882200, 0.7529411764705882200 ) ;
#231 = LINE ( 'NONE', #2932, #295 ) ;
#232 = FILL_AREA_STYLE ('',( #3520 ) ) ;
#233 = DIRECTION ( 'NONE',  ( -1.000000000000000000, -6.980196843811438900E-015, 8.260587980841940000E-017 ) ) ;
#234 = EDGE_CURVE ( 'NONE', #1659, #2433, #4334, .T. ) ;
#235 = EDGE_CURVE ( 'NONE', #2210, #3933, #1524, .T. ) ;
#236 = ORIENTED_EDGE ( 'NONE', *, *, #2622, .T. ) ;
#237 = CARTESIAN_POINT ( 'NONE',  ( 11.50000000000002300, -3.449999999999912200, -2.250000000000016900 ) ) ;
#238 = ORIENTED_EDGE ( 'NONE', *, *, #3228, .F. ) ;
#239 = PLANE ( 'NONE',  #4106 ) ;
#240 = ORIENTED_EDGE ( 'NONE', *, *, #2317, .F. ) ;
#241 =( GEOMETRIC_REPRESENTATION_CONTEXT ( 3 ) GLOBAL_UNCERTAINTY_ASSIGNED_CONTEXT ( ( #1604 ) ) GLOBAL_UNIT_ASSIGNED_CONTEXT ( ( #1373, #1389, #2199 ) ) REPRESENTATION_CONTEXT ( 'NONE', 'WORKASPACE' ) );
#242 =( NAMED_UNIT ( * ) SI_UNIT ( $, .STERADIAN. ) SOLID_ANGLE_UNIT ( ) );
#243 = COLOUR_RGB ( '',0.7529411764705882200, 0.7529411764705882200, 0.7529411764705882200 ) ;
#244 = CARTESIAN_POINT ( 'NONE',  ( 0.7500000000000169900, -2.599999999999987200, -2.050000000000008300 ) ) ;
#245 = FACE_OUTER_BOUND ( 'NONE', #444, .T. ) ;
#246 = CARTESIAN_POINT ( 'NONE',  ( 8.600000000000031600, -4.199999999999925600, -4.950000000000017900 ) ) ;
#247 = VERTEX_POINT ( 'NONE', #337 ) ;
#248 = DIRECTION ( 'NONE',  ( 0.0000000000000000000, 3.491483361109382100E-015, -1.000000000000000000 ) ) ;
#249 = AXIS2_PLACEMENT_3D ( 'NONE', #3733, #3266, #37 ) ;
#250 = ORIENTED_EDGE ( 'NONE', *, *, #3327, .T. ) ;
#251 = VECTOR ( 'NONE', #1980, 1000.000000000000000 ) ;
#252 = LINE ( 'NONE', #737, #4513 ) ;
#253 = FACE_OUTER_BOUND ( 'NONE', #3073, .T. ) ;
#254 = ORIENTED_EDGE ( 'NONE', *, *, #4322, .T. ) ;
#255 = SURFACE_STYLE_FILL_AREA ( #3261 ) ;
#256 = PRESENTATION_STYLE_ASSIGNMENT (( #1505 ) ) ;
#257 =( NAMED_UNIT ( * ) PLANE_ANGLE_UNIT ( ) SI_UNIT ( $, .RADIAN. ) );
#258 = ORIENTED_EDGE ( 'NONE', *, *, #4610, .T. ) ;
#259 = CARTESIAN_POINT ( 'NONE',  ( 4.400000000000027000, -3.899999999999956400, -4.400000000000014600 ) ) ;
#260 = CARTESIAN_POINT ( 'NONE',  ( 9.400000000000032300, -4.199999999999919400, -4.950000000000017900 ) ) ;
#261 = SURFACE_SIDE_STYLE ('',( #2409 ) ) ;
#262 = DIRECTION ( 'NONE',  ( 6.982966722218764100E-015, -1.000000000000000000, -3.491483361109382100E-015 ) ) ;
#263 = ORIENTED_EDGE ( 'NONE', *, *, #4282, .F. ) ;
#264 = MECHANICAL_DESIGN_GEOMETRIC_PRESENTATION_REPRESENTATION (  '', ( #526 ), #482 ) ;
#265 = EDGE_CURVE ( 'NONE', #1808, #1659, #426, .T. ) ;
#266 = VECTOR ( 'NONE', #1575, 1000.000000000000000 ) ;
#267 = EDGE_CURVE ( 'NONE', #993, #5252, #942, .T. ) ;
#268 = EDGE_LOOP ( 'NONE', ( #2526, #1121, #1128, #2352, #212, #2401 ) ) ;
#269 = EDGE_LOOP ( 'NONE', ( #2190, #360, #339, #3767, #528 ) ) ;
#270 =( NAMED_UNIT ( * ) PLANE_ANGLE_UNIT ( ) SI_UNIT ( $, .RADIAN. ) );
#271 = CARTESIAN_POINT ( 'NONE',  ( 6.600000000000027200, -3.899999999999939100, -4.950000000000016200 ) ) ;
#272 = DIRECTION ( 'NONE',  ( -6.982966722218764100E-015, 1.000000000000000000, 3.491483361109382100E-015 ) ) ;
#273 = FACE_OUTER_BOUND ( 'NONE', #4973, .T. ) ;
#274 =( GEOMETRIC_REPRESENTATION_CONTEXT ( 3 ) GLOBAL_UNCERTAINTY_ASSIGNED_CONTEXT ( ( #761 ) ) GLOBAL_UNIT_ASSIGNED_CONTEXT ( ( #5275, #1616, #4889 ) ) REPRESENTATION_CONTEXT ( 'NONE', 'WORKASPACE' ) );
#275 = CARTESIAN_POINT ( 'NONE',  ( 3.775000000000003900, -0.6099999999999687900, -1.350000000000001000 ) ) ;
#276 = SURFACE_STYLE_USAGE ( .BOTH. , #4790 ) ;
#277 = ORIENTED_EDGE ( 'NONE', *, *, #2048, .T. ) ;
#278 = ORIENTED_EDGE ( 'NONE', *, *, #1865, .F. ) ;
#279 = AXIS2_PLACEMENT_3D ( 'NONE', #3158, #2705, #1116 ) ;
#280 = LINE ( 'NONE', #4329, #2166 ) ;
#281 = CARTESIAN_POINT ( 'NONE',  ( 11.49999999999998200, 1.950000000000095400, -4.399999999999998600 ) ) ;
#282 = ORIENTED_EDGE ( 'NONE', *, *, #1319, .T. ) ;
#283 = ORIENTED_EDGE ( 'NONE', *, *, #4713, .T. ) ;
#284 = VECTOR ( 'NONE', #153, 1000.000000000000000 ) ;
#285 = VECTOR ( 'NONE', #139, 1000.000000000000000 ) ;
#286 = DIRECTION ( 'NONE',  ( 1.000000000000000000, 6.982966722218764100E-015, 2.438091212180733500E-029 ) ) ;
#287 = ORIENTED_EDGE ( 'NONE', *, *, #1068, .T. ) ;
#288 = DIRECTION ( 'NONE',  ( 6.982966722218764100E-015, -1.000000000000000000, -3.491483361109382100E-015 ) ) ;
#289 = CARTESIAN_POINT ( 'NONE',  ( 4.400000000000027900, -3.949999999999958000, -3.950000000000015300 ) ) ;
#290 = PRESENTATION_LAYER_ASSIGNMENT (  '', '', ( #1307 ) ) ;
#291 = VECTOR ( 'NONE', #1058, 1000.000000000000000 ) ;
#292 = VECTOR ( 'NONE', #2907, 1000.000000000000000 ) ;
#293 = UNCERTAINTY_MEASURE_WITH_UNIT (LENGTH_MEASURE( 1.000000000000000100E-005 ), #1951, 'distance_accuracy_value', 'NONE');
#294 = DIRECTION ( 'NONE',  ( -0.0000000000000000000, 3.491483361109382100E-015, -1.000000000000000000 ) ) ;
#295 = VECTOR ( 'NONE', #77, 1000.000000000000000 ) ;
#296 = DIRECTION ( 'NONE',  ( -6.982966722218764100E-015, 1.000000000000000000, 3.491483361109382100E-015 ) ) ;
#297 = CARTESIAN_POINT ( 'NONE',  ( 11.70000000000001500, -2.149999999999918600, -0.01000000000000683500 ) ) ;
#298 = EDGE_CURVE ( 'NONE', #1862, #1659, #1063, .T. ) ;
#299 = CARTESIAN_POINT ( 'NONE',  ( 0.5000000000000240900, -3.449999999999994400, -0.6500000000000122300 ) ) ;
#300 = EDGE_CURVE ( 'NONE', #4102, #4814, #2047, .T. ) ;
#301 = EDGE_CURVE ( 'NONE', #1779, #2470, #2882, .T. ) ;
#302 = ADVANCED_FACE ( 'NONE', ( #1911 ), #4451, .F. ) ;
#303 = DIRECTION ( 'NONE',  ( -6.982966722218764100E-015, 1.000000000000000000, 3.703035004521187900E-015 ) ) ;
#304 = CARTESIAN_POINT ( 'NONE',  ( 11.70000000000001400, -2.149999999999910200, -2.210000000000006600 ) ) ;
#305 = ORIENTED_EDGE ( 'NONE', *, *, #754, .T. ) ;
#306 = ORIENTED_EDGE ( 'NONE', *, *, #96, .T. ) ;
#307 = VECTOR ( 'NONE', #5205, 1000.000000000000000 ) ;
#308 = DIRECTION ( 'NONE',  ( 6.982966722218764100E-015, -1.000000000000000000, -3.491483361109382100E-015 ) ) ;
#309 = DIRECTION ( 'NONE',  ( -1.000000000000000000, -6.982966722218764100E-015, -2.438091212180733500E-029 ) ) ;
#310 = MECHANICAL_DESIGN_GEOMETRIC_PRESENTATION_REPRESENTATION (  '', ( #1608 ), #1878 ) ;
#311 = EDGE_LOOP ( 'NONE', ( #3336, #4856, #4992, #1199, #2583, #4467 ) ) ;
#312 = ORIENTED_EDGE ( 'NONE', *, *, #5094, .T. ) ;
#313 = FACE_OUTER_BOUND ( 'NONE', #3495, .T. ) ;
#314 = CARTESIAN_POINT ( 'NONE',  ( 1.174999999999999400, -0.04999999999998430000, -2.100000000000002300 ) ) ;
#315 = DIRECTION ( 'NONE',  ( 6.982966722218764100E-015, -1.000000000000000000, -3.491483361109382100E-015 ) ) ;
#316 = AXIS2_PLACEMENT_3D ( 'NONE', #2036, #388, #3255 ) ;
#317 = CARTESIAN_POINT ( 'NONE',  ( 2.600000000000030300, -4.199999999999970000, -3.950000000000015300 ) ) ;
#318 = COLOUR_RGB ( '',0.7529411764705882200, 0.7529411764705882200, 0.7529411764705882200 ) ;
#319 = AXIS2_PLACEMENT_3D ( 'NONE', #2852, #811, #770 ) ;
#320 = DIRECTION ( 'NONE',  ( -1.000000000000000000, -6.982966722218764100E-015, -2.438091212180733500E-029 ) ) ;
#321 = SURFACE_STYLE_USAGE ( .BOTH. , #4849 ) ;
#322 = VECTOR ( 'NONE', #2253, 1000.000000000000000 ) ;
#323 = DIRECTION ( 'NONE',  ( 1.000000000000000000, 6.982966722218767300E-015, -8.462065736471990200E-016 ) ) ;
#324 = ORIENTED_EDGE ( 'NONE', *, *, #347, .F. ) ;
#325 = LINE ( 'NONE', #2626, #4576 ) ;
#326 = CARTESIAN_POINT ( 'NONE',  ( 11.49999999999999800, -0.2999999999999042300, -4.400000000000007500 ) ) ;
#327 = STYLED_ITEM ( 'NONE', ( #1072 ), #771 ) ;
#328 = ORIENTED_EDGE ( 'NONE', *, *, #2532, .F. ) ;
#329 = VECTOR ( 'NONE', #3046, 1000.000000000000000 ) ;
#330 = DIRECTION ( 'NONE',  ( 1.000000000000000000, 6.982966722218764100E-015, 2.438091212180733500E-029 ) ) ;
#331 = CARTESIAN_POINT ( 'NONE',  ( 0.7499999999999887900, 1.950000000000007700, -0.5999999999999954300 ) ) ;
#332 = SURFACE_STYLE_USAGE ( .BOTH. , #1975 ) ;
#333 = ORIENTED_EDGE ( 'NONE', *, *, #3060, .T. ) ;
#334 = SURFACE_STYLE_FILL_AREA ( #2925 ) ;
#335 = FILL_AREA_STYLE_COLOUR ( '', #462 ) ;
#336 = DIRECTION ( 'NONE',  ( -1.682432820138569100E-030, -3.250549545001492500E-015, 1.000000000000000000 ) ) ;
#337 = CARTESIAN_POINT ( 'NONE',  ( 10.82500000000001900, -2.599999999999917000, -2.100000000000010700 ) ) ;
#338 = FILL_AREA_STYLE ('',( #2063 ) ) ;
#339 = ORIENTED_EDGE ( 'NONE', *, *, #1600, .F. ) ;
#340 =( NAMED_UNIT ( * ) SI_UNIT ( $, .STERADIAN. ) SOLID_ANGLE_UNIT ( ) );
#341 = CARTESIAN_POINT ( 'NONE',  ( 1.400000000000027700, -4.049999999999980300, -3.450000000000010400 ) ) ;
#342 = ORIENTED_EDGE ( 'NONE', *, *, #3270, .T. ) ;
#343 = PRODUCT_CONTEXT ( 'NONE', #4505, 'mechanical' ) ;
#344 = ORIENTED_EDGE ( 'NONE', *, *, #3805, .T. ) ;
#345 = EDGE_CURVE ( 'NONE', #3172, #2866, #3577, .T. ) ;
#346 = EDGE_CURVE ( 'NONE', #3630, #3172, #1078, .T. ) ;
#347 = EDGE_CURVE ( 'NONE', #3810, #4143, #5271, .T. ) ;
#348 = VERTEX_POINT ( 'NONE', #5216 ) ;
#349 = ORIENTED_EDGE ( 'NONE', *, *, #4893, .T. ) ;
#350 = LINE ( 'NONE', #3166, #936 ) ;
#351 = CARTESIAN_POINT ( 'NONE',  ( 0.4999999999999863400, 1.950000000000018800, -4.399999999999993200 ) ) ;
#352 = ORIENTED_EDGE ( 'NONE', *, *, #1908, .T. ) ;
#353 = ORIENTED_EDGE ( 'NONE', *, *, #1185, .T. ) ;
#354 = EDGE_LOOP ( 'NONE', ( #4896, #107, #1044, #1287, #2832 ) ) ;
#355 = AXIS2_PLACEMENT_3D ( 'NONE', #1340, #3794, #4190 ) ;
#356 = CARTESIAN_POINT ( 'NONE',  ( 11.29999999999998600, 1.950000000000081400, -0.5999999999999955400 ) ) ;
#357 = DIRECTION ( 'NONE',  ( -6.982966722218764100E-015, 1.000000000000000000, 3.491483361109382100E-015 ) ) ;
#358 = VECTOR ( 'NONE', #5160, 1000.000000000000000 ) ;
#359 = LINE ( 'NONE', #1858, #4603 ) ;
#360 = ORIENTED_EDGE ( 'NONE', *, *, #67, .F. ) ;
#361 = CARTESIAN_POINT ( 'NONE',  ( 1.256934009999377200E-014, -1.799999999999999600, -6.284670049996886000E-015 ) ) ;
#362 = CARTESIAN_POINT ( 'NONE',  ( 5.600000000000029800, -4.199999999999946000, -4.950000000000016200 ) ) ;
#363 = PLANE ( 'NONE',  #3760 ) ;
#364 = LINE ( 'NONE', #2752, #4411 ) ;
#365 = STYLED_ITEM ( 'NONE', ( #2272 ), #2375 ) ;
#366 = ADVANCED_FACE ( 'NONE', ( #3950 ), #4412, .F. ) ;
#367 = VECTOR ( 'NONE', #4944, 1000.000000000000000 ) ;
#368 = LINE ( 'NONE', #1449, #2175 ) ;
#369 = DIRECTION ( 'NONE',  ( -1.000000000000000000, -6.982966722218764100E-015, -2.438091212180733500E-029 ) ) ;
#370 = UNCERTAINTY_MEASURE_WITH_UNIT (LENGTH_MEASURE( 1.000000000000000100E-005 ), #1498, 'distance_accuracy_value', 'NONE');
#371 = DIRECTION ( 'NONE',  ( -1.000000000000000000, -6.982966722218767300E-015, 8.462065736471990200E-016 ) ) ;
#372 = VECTOR ( 'NONE', #5045, 1000.000000000000000 ) ;
#373 = ORIENTED_EDGE ( 'NONE', *, *, #4926, .F. ) ;
#374 = CARTESIAN_POINT ( 'NONE',  ( 2.828101522498601200E-014, -4.049999999999986500, -4.400000000000014600 ) ) ;
#375 = VERTEX_POINT ( 'NONE', #2383 ) ;
#376 = PLANE ( 'NONE',  #1598 ) ;
#377 = DIRECTION ( 'NONE',  ( 1.000000000000000000, 6.982966722218764100E-015, 2.438091212180733500E-029 ) ) ;
#378 = MECHANICAL_DESIGN_GEOMETRIC_PRESENTATION_REPRESENTATION (  '', ( #94 ), #3770 ) ;
#379 = EDGE_CURVE ( 'NONE', #5009, #1765, #4618, .T. ) ;
#380 = LINE ( 'NONE', #1372, #54 ) ;
#381 = EDGE_CURVE ( 'NONE', #2147, #5318, #3007, .T. ) ;
#382 = DIRECTION ( 'NONE',  ( 1.000000000000000000, 6.982966722218767300E-015, -8.462065736471991200E-016 ) ) ;
#383 = ORIENTED_EDGE ( 'NONE', *, *, #5067, .F. ) ;
#384 = LINE ( 'NONE', #3127, #766 ) ;
#385 = COLOUR_RGB ( '',0.7529411764705882200, 0.7529411764705882200, 0.7529411764705882200 ) ;
#386 = ORIENTED_EDGE ( 'NONE', *, *, #3370, .F. ) ;
#387 = FILL_AREA_STYLE ('',( #801 ) ) ;
#388 = DIRECTION ( 'NONE',  ( -6.982966722218764100E-015, 1.000000000000000000, 3.491483361109382100E-015 ) ) ;
#389 = PRESENTATION_LAYER_ASSIGNMENT (  '', '', ( #1781 ) ) ;
#390 = LINE ( 'NONE', #2927, #7 ) ;
#391 = ORIENTED_EDGE ( 'NONE', *, *, #3026, .T. ) ;
#392 = PRESENTATION_STYLE_ASSIGNMENT (( #1653 ) ) ;
#393 = CARTESIAN_POINT ( 'NONE',  ( 10.40000000000003100, -4.199999999999915800, -3.950000000000018400 ) ) ;
#394 = DIRECTION ( 'NONE',  ( -1.000000000000000000, -6.982966722218764100E-015, -2.438091212180733500E-029 ) ) ;
#395 = STYLED_ITEM ( 'NONE', ( #3972 ), #1958 ) ;
#396 = ORIENTED_EDGE ( 'NONE', *, *, #4225, .T. ) ;
#397 = LINE ( 'NONE', #5098, #4636 ) ;
#398 = PLANE ( 'NONE',  #319 ) ;
#399 = VECTOR ( 'NONE', #3932, 1000.000000000000000 ) ;
#400 = FILL_AREA_STYLE_COLOUR ( '', #1648 ) ;
#401 = APPLICATION_PROTOCOL_DEFINITION ( 'draft international standard', 'automotive_design', 1998, #9 ) ;
#402 = ORIENTED_EDGE ( 'NONE', *, *, #1771, .F. ) ;
#403 = VECTOR ( 'NONE', #831, 1000.000000000000000 ) ;
#404 = STYLED_ITEM ( 'NONE', ( #972 ), #1144 ) ;
#405 = DIRECTION ( 'NONE',  ( 0.0000000000000000000, -3.491483361109382100E-015, 1.000000000000000000 ) ) ;
#406 = ORIENTED_EDGE ( 'NONE', *, *, #68, .F. ) ;
#407 = LINE ( 'NONE', #4501, #266 ) ;
#408 = DIRECTION ( 'NONE',  ( -0.0000000000000000000, 3.491483361109382500E-015, -1.000000000000000000 ) ) ;
#409 = VERTEX_POINT ( 'NONE', #4016 ) ;
#410 = ORIENTED_EDGE ( 'NONE', *, *, #4126, .F. ) ;
#411 = EDGE_CURVE ( 'NONE', #2320, #1196, #1280, .T. ) ;
#412 = CARTESIAN_POINT ( 'NONE',  ( 10.60000000000003000, -3.899999999999911100, -4.950000000000017900 ) ) ;
#413 = CARTESIAN_POINT ( 'NONE',  ( 1.600000000000029000, -4.199999999999977100, -3.950000000000014400 ) ) ;
#414 = ORIENTED_EDGE ( 'NONE', *, *, #1034, .T. ) ;
#415 = PLANE ( 'NONE',  #1267 ) ;
#416 = CARTESIAN_POINT ( 'NONE',  ( 9.400000000000030600, -3.949999999999922500, -3.950000000000017100 ) ) ;
#417 =( NAMED_UNIT ( * ) SI_UNIT ( $, .STERADIAN. ) SOLID_ANGLE_UNIT ( ) );
#418 = ADVANCED_FACE ( 'NONE', ( #172 ), #1109, .T. ) ;
#419 = COLOUR_RGB ( '',0.7529411764705882200, 0.7529411764705882200, 0.7529411764705882200 ) ;
#420 = DIRECTION ( 'NONE',  ( -1.000000000000000000, -6.982966722218764100E-015, -2.438091212180733500E-029 ) ) ;
#421 = VERTEX_POINT ( 'NONE', #351 ) ;
#422 = FACE_OUTER_BOUND ( 'NONE', #2561, .T. ) ;
#423 = AXIS2_PLACEMENT_3D ( 'NONE', #4927, #2024, #2867 ) ;
#424 = DIRECTION ( 'NONE',  ( 1.000000000000000000, 6.982966722218767300E-015, -8.462065736471991200E-016 ) ) ;
#425 = VERTEX_POINT ( 'NONE', #3673 ) ;
#426 = LINE ( 'NONE', #1614, #1665 ) ;
#427 = DIRECTION ( 'NONE',  ( -1.000000000000000000, -6.982966722218764100E-015, -2.438091212180733500E-029 ) ) ;
#428 = PRESENTATION_STYLE_ASSIGNMENT (( #3757 ) ) ;
#429 = SURFACE_STYLE_FILL_AREA ( #4663 ) ;
#430 = ORIENTED_EDGE ( 'NONE', *, *, #2660, .F. ) ;
#431 = ORIENTED_EDGE ( 'NONE', *, *, #4993, .F. ) ;
#432 = CARTESIAN_POINT ( 'NONE',  ( 10.82500000000001900, -2.599999999999917000, -2.050000000000009600 ) ) ;
#433 = FACE_OUTER_BOUND ( 'NONE', #1569, .T. ) ;
#434 = LINE ( 'NONE', #2592, #566 ) ;
#435 = DIRECTION ( 'NONE',  ( 6.982966722218764100E-015, -1.000000000000000000, -3.610481160528522600E-015 ) ) ;
#436 = DIRECTION ( 'NONE',  ( 6.982966722218764100E-015, -1.000000000000000000, -3.491483361109382100E-015 ) ) ;
#437 = ORIENTED_EDGE ( 'NONE', *, *, #4751, .F. ) ;
#438 = ORIENTED_EDGE ( 'NONE', *, *, #622, .F. ) ;
#439 = DIRECTION ( 'NONE',  ( 8.462065736472233800E-016, -3.491483361109376100E-015, 1.000000000000000000 ) ) ;
#440 = VECTOR ( 'NONE', #2683, 1000.000000000000000 ) ;
#441 = FILL_AREA_STYLE ('',( #3707 ) ) ;
#442 = PRESENTATION_STYLE_ASSIGNMENT (( #567 ) ) ;
#443 = CARTESIAN_POINT ( 'NONE',  ( 4.600000000000029000, -4.049999999999956300, -3.950000000000015300 ) ) ;
#444 = EDGE_LOOP ( 'NONE', ( #5088, #1421, #312, #2275 ) ) ;
#445 = DIRECTION ( 'NONE',  ( 0.0000000000000000000, 3.491483361109382100E-015, -1.000000000000000000 ) ) ;
#446 = ORIENTED_EDGE ( 'NONE', *, *, #200, .T. ) ;
#447 = PLANE ( 'NONE',  #1747 ) ;
#448 = DIRECTION ( 'NONE',  ( -1.000000000000000000, -6.982966722218764100E-015, -2.438091212180733500E-029 ) ) ;
#449 = EDGE_CURVE ( 'NONE', #3148, #1779, #2244, .T. ) ;
#450 = EDGE_CURVE ( 'NONE', #701, #4716, #4350, .T. ) ;
#451 = EDGE_CURVE ( 'NONE', #2918, #4822, #5132, .T. ) ;
#452 = VECTOR ( 'NONE', #4964, 1000.000000000000000 ) ;
#453 =( LENGTH_UNIT ( ) NAMED_UNIT ( * ) SI_UNIT ( .MILLI., .METRE. ) );
#454 = LINE ( 'NONE', #3895, #133 ) ;
#455 = ORIENTED_EDGE ( 'NONE', *, *, #834, .F. ) ;
#456 = VECTOR ( 'NONE', #2905, 1000.000000000000000 ) ;
#457 = VECTOR ( 'NONE', #3955, 1000.000000000000000 ) ;
#458 = LINE ( 'NONE', #1886, #713 ) ;
#459 = DIRECTION ( 'NONE',  ( -6.982966722218764100E-015, 1.000000000000000000, 3.309264508590810100E-015 ) ) ;
#460 = AXIS2_PLACEMENT_3D ( 'NONE', #1351, #554, #3383 ) ;
#461 = SURFACE_STYLE_FILL_AREA ( #2664 ) ;
#462 = COLOUR_RGB ( '',0.7529411764705882200, 0.7529411764705882200, 0.7529411764705882200 ) ;
#463 = LINE ( 'NONE', #1818, #2541 ) ;
#464 =( NAMED_UNIT ( * ) SI_UNIT ( $, .STERADIAN. ) SOLID_ANGLE_UNIT ( ) );
#465 = CARTESIAN_POINT ( 'NONE',  ( 0.3000000000000154800, -2.149999999999997700, -0.01000000000000201200 ) ) ;
#466 =( GEOMETRIC_REPRESENTATION_CONTEXT ( 3 ) GLOBAL_UNCERTAINTY_ASSIGNED_CONTEXT ( ( #2856 ) ) GLOBAL_UNIT_ASSIGNED_CONTEXT ( ( #2333, #3101, #242 ) ) REPRESENTATION_CONTEXT ( 'NONE', 'WORKASPACE' ) );
#467 = ORIENTED_EDGE ( 'NONE', *, *, #4858, .F. ) ;
#468 = LINE ( 'NONE', #1824, #4058 ) ;
#469 =( NAMED_UNIT ( * ) SI_UNIT ( $, .STERADIAN. ) SOLID_ANGLE_UNIT ( ) );
#470 = VECTOR ( 'NONE', #4830, 1000.000000000000000 ) ;
#471 = UNCERTAINTY_MEASURE_WITH_UNIT (LENGTH_MEASURE( 1.000000000000000100E-005 ), #3030, 'distance_accuracy_value', 'NONE');
#472 = CARTESIAN_POINT ( 'NONE',  ( 2.825000000000029500, -4.049999999999980300, -0.3500000000000125800 ) ) ;
#473 = PRESENTATION_LAYER_ASSIGNMENT (  '', '', ( #4077 ) ) ;
#474 = VERTEX_POINT ( 'NONE', #4097 ) ;
#475 = ADVANCED_FACE ( 'NONE', ( #4498 ), #2503, .F. ) ;
#476 = CARTESIAN_POINT ( 'NONE',  ( 11.50000000000002700, -4.049999999999911900, -2.210000000000013700 ) ) ;
#477 = ORIENTED_EDGE ( 'NONE', *, *, #5246, .F. ) ;
#478 = CARTESIAN_POINT ( 'NONE',  ( 0.3000000000000298000, -4.200000000000000200, -0.01000000000000941300 ) ) ;
#479 = EDGE_LOOP ( 'NONE', ( #3013, #1514, #88, #2709, #1381, #1500 ) ) ;
#480 = EDGE_CURVE ( 'NONE', #2072, #2967, #1679, .T. ) ;
#481 = PLANE ( 'NONE',  #1290 ) ;
#482 =( GEOMETRIC_REPRESENTATION_CONTEXT ( 3 ) GLOBAL_UNCERTAINTY_ASSIGNED_CONTEXT ( ( #2680 ) ) GLOBAL_UNIT_ASSIGNED_CONTEXT ( ( #453, #4178, #2117 ) ) REPRESENTATION_CONTEXT ( 'NONE', 'WORKASPACE' ) );
#483 = EDGE_CURVE ( 'NONE', #5072, #855, #5338, .T. ) ;
#484 = DIRECTION ( 'NONE',  ( -1.000000000000000000, -6.982966722218764100E-015, -2.438091212180733500E-029 ) ) ;
#485 = FILL_AREA_STYLE_COLOUR ( '', #3718 ) ;
#486 = EDGE_CURVE ( 'NONE', #3415, #2395, #5200, .T. ) ;
#487 = PRESENTATION_STYLE_ASSIGNMENT (( #3992 ) ) ;
#488 = ORIENTED_EDGE ( 'NONE', *, *, #4592, .T. ) ;
#489 = VERTEX_POINT ( 'NONE', #2902 ) ;
#490 = ORIENTED_EDGE ( 'NONE', *, *, #4404, .F. ) ;
#491 = VERTEX_POINT ( 'NONE', #2075 ) ;
#492 =( LENGTH_UNIT ( ) NAMED_UNIT ( * ) SI_UNIT ( .MILLI., .METRE. ) );
#493 = PLANE ( 'NONE',  #2871 ) ;
#494 = ORIENTED_EDGE ( 'NONE', *, *, #4963, .F. ) ;
#495 = CARTESIAN_POINT ( 'NONE',  ( 10.82499999999998700, 1.950000000000083200, -2.099999999999994800 ) ) ;
#496 = FACE_OUTER_BOUND ( 'NONE', #655, .T. ) ;
#497 = FACE_OUTER_BOUND ( 'NONE', #4111, .T. ) ;
#498 = PRESENTATION_LAYER_ASSIGNMENT (  '', '', ( #3787 ) ) ;
#499 = FILL_AREA_STYLE_COLOUR ( '', #1021 ) ;
#500 = CARTESIAN_POINT ( 'NONE',  ( 5.600000000000027200, -3.899999999999948000, -4.400000000000014600 ) ) ;
#501 = DIRECTION ( 'NONE',  ( -6.982966722218764100E-015, 1.000000000000000000, 3.491483361109382100E-015 ) ) ;
#502 = DIRECTION ( 'NONE',  ( 6.982966722218764100E-015, -1.000000000000000000, -3.491483361109382100E-015 ) ) ;
#503 = LINE ( 'NONE', #513, #756 ) ;
#504 = ORIENTED_EDGE ( 'NONE', *, *, #2243, .F. ) ;
#505 = DIRECTION ( 'NONE',  ( 1.000000000000000000, 6.982966722218764100E-015, 2.438091212180733500E-029 ) ) ;
#506 = FACE_OUTER_BOUND ( 'NONE', #3107, .T. ) ;
#507 = AXIS2_PLACEMENT_3D ( 'NONE', #2815, #2458, #3661 ) ;
#508 = DIRECTION ( 'NONE',  ( 0.0000000000000000000, -3.491483361109382100E-015, 1.000000000000000000 ) ) ;
#509 = ORIENTED_EDGE ( 'NONE', *, *, #3571, .T. ) ;
#510 = VECTOR ( 'NONE', #5041, 1000.000000000000000 ) ;
#511 = EDGE_LOOP ( 'NONE', ( #4370, #601, #2195, #4346, #1120, #3665 ) ) ;
#512 = VERTEX_POINT ( 'NONE', #843 ) ;
#513 = CARTESIAN_POINT ( 'NONE',  ( 0.5000000000000149900, -2.149999999999996400, -7.739364433611411100E-015 ) ) ;
#514 = LINE ( 'NONE', #1050, #1233 ) ;
#515 = VECTOR ( 'NONE', #4146, 1000.000000000000000 ) ;
#516 = ORIENTED_EDGE ( 'NONE', *, *, #5175, .T. ) ;
#517 =( LENGTH_UNIT ( ) NAMED_UNIT ( * ) SI_UNIT ( .MILLI., .METRE. ) );
#518 = CARTESIAN_POINT ( 'NONE',  ( 0.7500000000000149900, -1.799999999999987200, -2.050000000000005600 ) ) ;
#519 = CARTESIAN_POINT ( 'NONE',  ( 1.256934009999377200E-014, -1.799999999999999600, -6.284670049996886000E-015 ) ) ;
#520 = SURFACE_STYLE_USAGE ( .BOTH. , #2111 ) ;
#521 = VECTOR ( 'NONE', #2540, 1000.000000000000000 ) ;
#522 = VERTEX_POINT ( 'NONE', #3273 ) ;
#523 = LINE ( 'NONE', #5295, #3785 ) ;
#524 = EDGE_CURVE ( 'NONE', #850, #1900, #4874, .T. ) ;
#525 = EDGE_CURVE ( 'NONE', #2636, #1947, #4088, .T. ) ;
#526 = STYLED_ITEM ( 'NONE', ( #4232 ), #4228 ) ;
#527 = FILL_AREA_STYLE ('',( #2234 ) ) ;
#528 = ORIENTED_EDGE ( 'NONE', *, *, #3190, .T. ) ;
#529 = VECTOR ( 'NONE', #1961, 1000.000000000000000 ) ;
#530 = VECTOR ( 'NONE', #5135, 1000.000000000000000 ) ;
#531 = ADVANCED_FACE ( 'NONE', ( #2461 ), #1650, .F. ) ;
#532 = CARTESIAN_POINT ( 'NONE',  ( 3.400000000000028800, -4.049999999999965200, -3.950000000000014400 ) ) ;
#533 = DIRECTION ( 'NONE',  ( -6.982966722218764100E-015, 1.000000000000000000, 3.491483361109382100E-015 ) ) ;
#534 = VERTEX_POINT ( 'NONE', #4492 ) ;
#535 = VECTOR ( 'NONE', #870, 1000.000000000000000 ) ;
#536 = CARTESIAN_POINT ( 'NONE',  ( 7.600000000000029800, -4.199999999999931800, -4.950000000000017100 ) ) ;
#537 = ORIENTED_EDGE ( 'NONE', *, *, #4194, .T. ) ;
#538 = CARTESIAN_POINT ( 'NONE',  ( 7.600000000000027200, -3.899999999999932000, -4.950000000000016200 ) ) ;
#539 = VECTOR ( 'NONE', #2475, 1000.000000000000000 ) ;
#540 = DIRECTION ( 'NONE',  ( 6.982966722218764100E-015, -1.000000000000000000, -3.491483361109382100E-015 ) ) ;
#541 = SURFACE_STYLE_USAGE ( .BOTH. , #3774 ) ;
#542 = CARTESIAN_POINT ( 'NONE',  ( 1.175000000000010900, -1.706804152578076200, -1.950000000000006600 ) ) ;
#543 = UNCERTAINTY_MEASURE_WITH_UNIT (LENGTH_MEASURE( 1.000000000000000100E-005 ), #4818, 'distance_accuracy_value', 'NONE');
#544 = ORIENTED_EDGE ( 'NONE', *, *, #2353, .F. ) ;
#545 = CARTESIAN_POINT ( 'NONE',  ( 11.70000000000002900, -4.199999999999921100, -0.01000000000001423500 ) ) ;
#546 = ORIENTED_EDGE ( 'NONE', *, *, #3303, .T. ) ;
#547 = CARTESIAN_POINT ( 'NONE',  ( 8.600000000000031600, -4.199999999999928200, -3.950000000000017900 ) ) ;
#548 = DIRECTION ( 'NONE',  ( -6.982966722218764100E-015, 1.000000000000000000, 3.491483361109382100E-015 ) ) ;
#549 = DIRECTION ( 'NONE',  ( -6.982966722218764100E-015, 1.000000000000000000, 3.491483361109382100E-015 ) ) ;
#550 = VERTEX_POINT ( 'NONE', #2057 ) ;
#551 = VERTEX_POINT ( 'NONE', #4529 ) ;
#552 = EDGE_LOOP ( 'NONE', ( #4948, #2849, #3848, #3295 ) ) ;
#553 = ORIENTED_EDGE ( 'NONE', *, *, #2690, .T. ) ;
#554 = DIRECTION ( 'NONE',  ( 1.000000000000000000, 6.982966722218764100E-015, 2.438091212180733500E-029 ) ) ;
#555 = STYLED_ITEM ( 'NONE', ( #3796 ), #4258 ) ;
#556 = EDGE_CURVE ( 'NONE', #3712, #2788, #1408, .T. ) ;
#557 = DIRECTION ( 'NONE',  ( -6.982966722218764100E-015, 1.000000000000000000, 3.491483361109382100E-015 ) ) ;
#558 = CARTESIAN_POINT ( 'NONE',  ( 11.70000000000002800, -4.199999999999913100, -2.210000000000014600 ) ) ;
#559 = VECTOR ( 'NONE', #3557, 1000.000000000000000 ) ;
#560 = EDGE_CURVE ( 'NONE', #2543, #2283, #1535, .T. ) ;
#561 = DIRECTION ( 'NONE',  ( 1.000000000000000000, 6.982966722218767300E-015, -8.462065736471991200E-016 ) ) ;
#562 = ADVANCED_FACE ( 'NONE', ( #2058 ), #1348, .F. ) ;
#563 = VECTOR ( 'NONE', #61, 1000.000000000000000 ) ;
#564 =( NAMED_UNIT ( * ) SI_UNIT ( $, .STERADIAN. ) SOLID_ANGLE_UNIT ( ) );
#565 = MECHANICAL_DESIGN_GEOMETRIC_PRESENTATION_REPRESENTATION (  '', ( #4062 ), #3690 ) ;
#566 = VECTOR ( 'NONE', #2545, 1000.000000000000000 ) ;
#567 = SURFACE_STYLE_USAGE ( .BOTH. , #150 ) ;
#568 = ORIENTED_EDGE ( 'NONE', *, *, #524, .F. ) ;
#569 = FILL_AREA_STYLE_COLOUR ( '', #2823 ) ;
#570 = AXIS2_PLACEMENT_3D ( 'NONE', #5159, #2693, #218 ) ;
#571 = DIRECTION ( 'NONE',  ( 6.982966722218764100E-015, -1.000000000000000000, -3.491483361109382100E-015 ) ) ;
#572 = DIRECTION ( 'NONE',  ( -0.0000000000000000000, -3.717264591378872000E-015, 1.000000000000000000 ) ) ;
#573 = AXIS2_PLACEMENT_3D ( 'NONE', #1868, #3482, #4657 ) ;
#574 = DIRECTION ( 'NONE',  ( -6.982966722218764100E-015, 1.000000000000000000, 3.491483361109382100E-015 ) ) ;
#575 = ORIENTED_EDGE ( 'NONE', *, *, #5321, .F. ) ;
#576 =( NAMED_UNIT ( * ) PLANE_ANGLE_UNIT ( ) SI_UNIT ( $, .RADIAN. ) );
#577 = ORIENTED_EDGE ( 'NONE', *, *, #719, .T. ) ;
#578 = FILL_AREA_STYLE_COLOUR ( '', #2065 ) ;
#579 = VECTOR ( 'NONE', #459, 1000.000000000000000 ) ;
#580 = SURFACE_SIDE_STYLE ('',( #136 ) ) ;
#581 = LINE ( 'NONE', #1783, #5286 ) ;
#582 = EDGE_CURVE ( 'NONE', #1543, #2745, #503, .T. ) ;
#583 = EDGE_CURVE ( 'NONE', #1751, #491, #4493, .T. ) ;
#584 = EDGE_CURVE ( 'NONE', #2283, #5040, #3385, .T. ) ;
#585 = VECTOR ( 'NONE', #1828, 1000.000000000000000 ) ;
#586 = VERTEX_POINT ( 'NONE', #4578 ) ;
#587 = LINE ( 'NONE', #5118, #3283 ) ;
#588 = PRESENTATION_STYLE_ASSIGNMENT (( #3191 ) ) ;
#589 = SURFACE_STYLE_USAGE ( .BOTH. , #4643 ) ;
#590 =( NAMED_UNIT ( * ) SI_UNIT ( $, .STERADIAN. ) SOLID_ANGLE_UNIT ( ) );
#591 = LINE ( 'NONE', #3542, #3736 ) ;
#592 = VECTOR ( 'NONE', #980, 1000.000000000000000 ) ;
#593 = STYLED_ITEM ( 'NONE', ( #2338 ), #4776 ) ;
#594 = DIRECTION ( 'NONE',  ( -1.000000000000000000, -6.982966722218764100E-015, -2.438091212180733500E-029 ) ) ;
#595 = ORIENTED_EDGE ( 'NONE', *, *, #483, .F. ) ;
#596 = CARTESIAN_POINT ( 'NONE',  ( 2.600000000000030300, -4.199999999999966400, -4.950000000000015300 ) ) ;
#597 = LINE ( 'NONE', #2520, #1829 ) ;
#598 =( GEOMETRIC_REPRESENTATION_CONTEXT ( 3 ) GLOBAL_UNCERTAINTY_ASSIGNED_CONTEXT ( ( #1992 ) ) GLOBAL_UNIT_ASSIGNED_CONTEXT ( ( #3826, #4209, #1773 ) ) REPRESENTATION_CONTEXT ( 'NONE', 'WORKASPACE' ) );
#599 = DIRECTION ( 'NONE',  ( 0.0000000000000000000, -3.491483361109382100E-015, 1.000000000000000000 ) ) ;
#600 = ORIENTED_EDGE ( 'NONE', *, *, #935, .F. ) ;
#601 = ORIENTED_EDGE ( 'NONE', *, *, #198, .F. ) ;
#602 = CARTESIAN_POINT ( 'NONE',  ( 0.5000000000000021100, -0.2999999999999810600, -4.400000000000002100 ) ) ;
#603 = MECHANICAL_DESIGN_GEOMETRIC_PRESENTATION_REPRESENTATION (  '', ( #5230 ), #2822 ) ;
#604 = ORIENTED_EDGE ( 'NONE', *, *, #1136, .F. ) ;
#605 = DIRECTION ( 'NONE',  ( 1.000000000000000000, 6.982966722218767300E-015, -8.462065736471991200E-016 ) ) ;
#606 = EDGE_LOOP ( 'NONE', ( #2986, #3034, #3900, #2603 ) ) ;
#607 = DIRECTION ( 'NONE',  ( 0.0000000000000000000, -3.491483361109382100E-015, 1.000000000000000000 ) ) ;
#608 = ORIENTED_EDGE ( 'NONE', *, *, #3505, .T. ) ;
#609 = ORIENTED_EDGE ( 'NONE', *, *, #3710, .F. ) ;
#610 = PRESENTATION_STYLE_ASSIGNMENT (( #4628 ) ) ;
#611 = CARTESIAN_POINT ( 'NONE',  ( 2.400000000000027900, -3.899999999999968400, -4.950000000000014400 ) ) ;
#612 = VECTOR ( 'NONE', #24, 1000.000000000000000 ) ;
#613 = SURFACE_SIDE_STYLE ('',( #4050 ) ) ;
#614 = ORIENTED_EDGE ( 'NONE', *, *, #4009, .F. ) ;
#615 = PLANE ( 'NONE',  #573 ) ;
#616 = LINE ( 'NONE', #4416, #4482 ) ;
#617 = VECTOR ( 'NONE', #3713, 1000.000000000000000 ) ;
#618 = CARTESIAN_POINT ( 'NONE',  ( 0.7500000000000149900, -1.799999999999989800, -1.300000000000005600 ) ) ;
#619 = STYLED_ITEM ( 'NONE', ( #5122 ), #38 ) ;
#620 = CARTESIAN_POINT ( 'NONE',  ( -1.361678510832659000E-014, 1.950000000000015300, -4.399999999999993200 ) ) ;
#621 = DIRECTION ( 'NONE',  ( -1.000000000000000000, -6.982966722218764100E-015, -2.438091212180733500E-029 ) ) ;
#622 = EDGE_CURVE ( 'NONE', #3332, #675, #3003, .T. ) ;
#623 = EDGE_CURVE ( 'NONE', #1018, #1587, #231, .T. ) ;
#624 = LINE ( 'NONE', #1798, #5196 ) ;
#625 = VECTOR ( 'NONE', #3186, 1000.000000000000000 ) ;
#626 = LINE ( 'NONE', #1291, #4796 ) ;
#627 = ORIENTED_EDGE ( 'NONE', *, *, #5204, .T. ) ;
#628 = DIRECTION ( 'NONE',  ( -6.982966722218764100E-015, 1.000000000000000000, 4.158684698023538900E-015 ) ) ;
#629 = ORIENTED_EDGE ( 'NONE', *, *, #1840, .F. ) ;
#630 = CARTESIAN_POINT ( 'NONE',  ( 2.400000000000030100, -4.199999999999971800, -3.950000000000015300 ) ) ;
#631 = PLANE ( 'NONE',  #4205 ) ;
#632 = UNCERTAINTY_MEASURE_WITH_UNIT (LENGTH_MEASURE( 1.000000000000000100E-005 ), #2682, 'distance_accuracy_value', 'NONE');
#633 = STYLED_ITEM ( 'NONE', ( #39 ), #3769 ) ;
#634 = ORIENTED_EDGE ( 'NONE', *, *, #2533, .T. ) ;
#635 = DIRECTION ( 'NONE',  ( 6.982966722218764100E-015, -1.000000000000000000, -3.491483361109382100E-015 ) ) ;
#636 = AXIS2_PLACEMENT_3D ( 'NONE', #4933, #2097, #2508 ) ;
#637 = ORIENTED_EDGE ( 'NONE', *, *, #4405, .F. ) ;
#638 = ORIENTED_EDGE ( 'NONE', *, *, #267, .F. ) ;
#639 = DIRECTION ( 'NONE',  ( -5.769590274867477200E-017, 3.491483361109381700E-015, -1.000000000000000000 ) ) ;
#640 =( NAMED_UNIT ( * ) PLANE_ANGLE_UNIT ( ) SI_UNIT ( $, .RADIAN. ) );
#641 = SURFACE_STYLE_FILL_AREA ( #232 ) ;
#642 = COLOUR_RGB ( '',0.7529411764705882200, 0.7529411764705882200, 0.7529411764705882200 ) ;
#643 = VECTOR ( 'NONE', #5153, 1000.000000000000000 ) ;
#644 = DIRECTION ( 'NONE',  ( 6.982966722218764100E-015, -1.000000000000000000, -3.491483361109382100E-015 ) ) ;
#645 = VERTEX_POINT ( 'NONE', #2960 ) ;
#646 = PRESENTATION_STYLE_ASSIGNMENT (( #4463 ) ) ;
#647 = CARTESIAN_POINT ( 'NONE',  ( 0.7500000000000149900, -1.799999999999989800, -1.300000000000005600 ) ) ;
#648 = PLANE ( 'NONE',  #2595 ) ;
#649 = CARTESIAN_POINT ( 'NONE',  ( 11.30000000000001300, -1.799999999999920600, -6.284670049996609900E-015 ) ) ;
#650 = ORIENTED_EDGE ( 'NONE', *, *, #3747, .F. ) ;
#651 = LINE ( 'NONE', #4306, #592 ) ;
#652 = PRESENTATION_LAYER_ASSIGNMENT (  '', '', ( #1631 ) ) ;
#653 = EDGE_CURVE ( 'NONE', #1019, #1422, #2950, .T. ) ;
#654 = EDGE_CURVE ( 'NONE', #3398, #898, #5068, .T. ) ;
#655 = EDGE_LOOP ( 'NONE', ( #3885, #3578, #5162, #5010 ) ) ;
#656 = SURFACE_STYLE_FILL_AREA ( #2202 ) ;
#657 = CARTESIAN_POINT ( 'NONE',  ( 9.600000000000031600, -4.199999999999922000, -3.950000000000017900 ) ) ;
#658 = PRESENTATION_STYLE_ASSIGNMENT (( #1359 ) ) ;
#659 = CARTESIAN_POINT ( 'NONE',  ( 0.7000000000000280400, -4.125819451966704900, -0.6000000000000154100 ) ) ;
#660 = VERTEX_POINT ( 'NONE', #536 ) ;
#661 = FACE_OUTER_BOUND ( 'NONE', #937, .T. ) ;
#662 =( GEOMETRIC_REPRESENTATION_CONTEXT ( 3 ) GLOBAL_UNCERTAINTY_ASSIGNED_CONTEXT ( ( #4116 ) ) GLOBAL_UNIT_ASSIGNED_CONTEXT ( ( #893, #2594, #2211 ) ) REPRESENTATION_CONTEXT ( 'NONE', 'WORKASPACE' ) );
#663 =( NAMED_UNIT ( * ) SI_UNIT ( $, .STERADIAN. ) SOLID_ANGLE_UNIT ( ) );
#664 = SURFACE_SIDE_STYLE ('',( #2913 ) ) ;
#665 = ORIENTED_EDGE ( 'NONE', *, *, #5034, .F. ) ;
#666 = DIRECTION ( 'NONE',  ( 1.000000000000000000, 6.982966722218767300E-015, -8.462065736471991200E-016 ) ) ;
#667 = MECHANICAL_DESIGN_GEOMETRIC_PRESENTATION_REPRESENTATION (  '', ( #395 ), #110 ) ;
#668 = DIRECTION ( 'NONE',  ( 6.982966722218764100E-015, -1.000000000000000000, -3.491483361109382100E-015 ) ) ;
#669 = PLANE ( 'NONE',  #2897 ) ;
#670 = FACE_OUTER_BOUND ( 'NONE', #4646, .T. ) ;
#671 = ORIENTED_EDGE ( 'NONE', *, *, #1033, .F. ) ;
#672 = STYLED_ITEM ( 'NONE', ( #1251 ), #1156 ) ;
#673 = LINE ( 'NONE', #2301, #2226 ) ;
#674 = VERTEX_POINT ( 'NONE', #478 ) ;
#675 = VERTEX_POINT ( 'NONE', #2530 ) ;
#676 = VECTOR ( 'NONE', #1572, 1000.000000000000000 ) ;
#677 =( NAMED_UNIT ( * ) SI_UNIT ( $, .STERADIAN. ) SOLID_ANGLE_UNIT ( ) );
#678 = LINE ( 'NONE', #465, #4266 ) ;
#679 = DIRECTION ( 'NONE',  ( -2.753071887499478000E-030, -3.097228025660107800E-015, 1.000000000000000000 ) ) ;
#680 = DIRECTION ( 'NONE',  ( 6.982966722218764100E-015, -1.000000000000000000, -3.491483361109382100E-015 ) ) ;
#681 = CARTESIAN_POINT ( 'NONE',  ( 5.600000000000027200, -3.899999999999946200, -4.950000000000015300 ) ) ;
#682 = EDGE_CURVE ( 'NONE', #1864, #2613, #434, .T. ) ;
#683 = PRODUCT_DEFINITION_SHAPE ( 'NONE', 'NONE',  #4049 ) ;
#684 = DIRECTION ( 'NONE',  ( 6.982966722218764100E-015, -1.000000000000000000, -3.491483361109382100E-015 ) ) ;
#685 = FILL_AREA_STYLE ('',( #5226 ) ) ;
#686 = VECTOR ( 'NONE', #3691, 1000.000000000000000 ) ;
#687 = COLOUR_RGB ( '',0.7529411764705882200, 0.7529411764705882200, 0.7529411764705882200 ) ;
#688 = DIRECTION ( 'NONE',  ( -6.982966722218764100E-015, 1.000000000000000000, 3.491483361109382100E-015 ) ) ;
#689 = DIRECTION ( 'NONE',  ( -1.000000000000000000, -6.982966722218764100E-015, -2.438091212180733500E-029 ) ) ;
#690 = STYLED_ITEM ( 'NONE', ( #428 ), #4831 ) ;
#691 =( NAMED_UNIT ( * ) PLANE_ANGLE_UNIT ( ) SI_UNIT ( $, .RADIAN. ) );
#692 = CARTESIAN_POINT ( 'NONE',  ( 3.600000000000028100, -3.899999999999962200, -4.400000000000014600 ) ) ;
#693 = VERTEX_POINT ( 'NONE', #2155 ) ;
#694 = FACE_OUTER_BOUND ( 'NONE', #2434, .T. ) ;
#695 = UNCERTAINTY_MEASURE_WITH_UNIT (LENGTH_MEASURE( 1.000000000000000100E-005 ), #1061, 'distance_accuracy_value', 'NONE');
#696 = DIRECTION ( 'NONE',  ( 1.000000000000000000, 6.982966722218764100E-015, 2.438091212180733500E-029 ) ) ;
#697 = DIRECTION ( 'NONE',  ( 1.000000000000000000, 6.982966722218767300E-015, -8.462065736471991200E-016 ) ) ;
#698 =( NAMED_UNIT ( * ) SI_UNIT ( $, .STERADIAN. ) SOLID_ANGLE_UNIT ( ) );
#699 = FACE_OUTER_BOUND ( 'NONE', #479, .T. ) ;
#700 = DIRECTION ( 'NONE',  ( -6.982966722218764100E-015, 1.000000000000000000, 3.491483361109382100E-015 ) ) ;
#701 = VERTEX_POINT ( 'NONE', #3395 ) ;
#702 = ORIENTED_EDGE ( 'NONE', *, *, #2114, .T. ) ;
#703 = FACE_OUTER_BOUND ( 'NONE', #3241, .T. ) ;
#704 = LINE ( 'NONE', #1646, #4952 ) ;
#705 = VECTOR ( 'NONE', #4183, 1000.000000000000000 ) ;
#706 = DIRECTION ( 'NONE',  ( 1.000000000000000000, 6.982966722218764100E-015, 2.438091212180733500E-029 ) ) ;
#707 = FILL_AREA_STYLE ('',( #3129 ) ) ;
#708 = ADVANCED_FACE ( 'NONE', ( #3257 ), #5025, .F. ) ;
#709 = LINE ( 'NONE', #1413, #849 ) ;
#710 = ORIENTED_EDGE ( 'NONE', *, *, #1456, .F. ) ;
#711 = VECTOR ( 'NONE', #1255, 1000.000000000000000 ) ;
#712 = VECTOR ( 'NONE', #1123, 1000.000000000000000 ) ;
#713 = VECTOR ( 'NONE', #2651, 1000.000000000000000 ) ;
#714 = PLANE ( 'NONE',  #423 ) ;
#715 = LINE ( 'NONE', #987, #3343 ) ;
#716 = SURFACE_STYLE_FILL_AREA ( #3890 ) ;
#717 = CARTESIAN_POINT ( 'NONE',  ( 3.600000000000030300, -4.199999999999960200, -4.950000000000015300 ) ) ;
#718 = EDGE_LOOP ( 'NONE', ( #3554, #3644, #4879, #4702, #1099, #52 ) ) ;
#719 = EDGE_CURVE ( 'NONE', #2395, #58, #626, .T. ) ;
#720 = CARTESIAN_POINT ( 'NONE',  ( 10.60000000000003000, -4.049999999999914600, -3.950000000000017900 ) ) ;
#721 = EDGE_CURVE ( 'NONE', #1994, #645, #5002, .T. ) ;
#722 = EDGE_CURVE ( 'NONE', #675, #2599, #1735, .T. ) ;
#723 = CARTESIAN_POINT ( 'NONE',  ( 6.600000000000027200, -3.899999999999939100, -4.950000000000016200 ) ) ;
#724 =( LENGTH_UNIT ( ) NAMED_UNIT ( * ) SI_UNIT ( .MILLI., .METRE. ) );
#725 = ORIENTED_EDGE ( 'NONE', *, *, #2596, .F. ) ;
#726 = CARTESIAN_POINT ( 'NONE',  ( 0.5000000000000149900, -2.149999999999994600, -0.6500000000000076800 ) ) ;
#727 = ORIENTED_EDGE ( 'NONE', *, *, #1563, .T. ) ;
#728 = SURFACE_SIDE_STYLE ('',( #779 ) ) ;
#729 = CARTESIAN_POINT ( 'NONE',  ( 5.600000000000028100, -3.949999999999949100, -3.950000000000015300 ) ) ;
#730 = DIRECTION ( 'NONE',  ( 1.000000000000000000, 6.982966722218764100E-015, 2.438091212180733500E-029 ) ) ;
#731 = ORIENTED_EDGE ( 'NONE', *, *, #1033, .T. ) ;
#732 = CARTESIAN_POINT ( 'NONE',  ( 0.4999999999999909000, 1.300000000000016900, -3.749999999999996400 ) ) ;
#733 = CARTESIAN_POINT ( 'NONE',  ( 0.7499999999999887900, 1.950000000000012600, -2.049999999999992300 ) ) ;
#734 =( GEOMETRIC_REPRESENTATION_CONTEXT ( 3 ) GLOBAL_UNCERTAINTY_ASSIGNED_CONTEXT ( ( #2399 ) ) GLOBAL_UNIT_ASSIGNED_CONTEXT ( ( #2525, #4122, #469 ) ) REPRESENTATION_CONTEXT ( 'NONE', 'WORKASPACE' ) );
#735 = ADVANCED_FACE ( 'NONE', ( #824 ), #1732, .F. ) ;
#736 = FILL_AREA_STYLE ('',( #4812 ) ) ;
#737 = CARTESIAN_POINT ( 'NONE',  ( 7.600000000000029000, -4.049999999999935900, -3.950000000000016200 ) ) ;
#738 = ORIENTED_EDGE ( 'NONE', *, *, #4937, .T. ) ;
#739 = ORIENTED_EDGE ( 'NONE', *, *, #2281, .T. ) ;
#740 = VECTOR ( 'NONE', #561, 1000.000000000000000 ) ;
#741 = DIRECTION ( 'NONE',  ( -1.000000000000000000, -6.980196843811438900E-015, 8.260587980841940000E-017 ) ) ;
#742 = MECHANICAL_DESIGN_GEOMETRIC_PRESENTATION_REPRESENTATION (  '', ( #404 ), #4917 ) ;
#743 = ADVANCED_FACE ( 'NONE', ( #3944 ), #3866, .F. ) ;
#744 = SURFACE_STYLE_FILL_AREA ( #2369 ) ;
#745 = DIRECTION ( 'NONE',  ( -1.000000000000000000, -6.982966722218764100E-015, -2.438091212180733500E-029 ) ) ;
#746 = CARTESIAN_POINT ( 'NONE',  ( 11.25000000000001100, -1.799999999999916600, -1.300000000000006900 ) ) ;
#747 =( LENGTH_UNIT ( ) NAMED_UNIT ( * ) SI_UNIT ( .MILLI., .METRE. ) );
#748 = VECTOR ( 'NONE', #4686, 1000.000000000000000 ) ;
#749 = DIRECTION ( 'NONE',  ( -0.0000000000000000000, 3.491483361109382100E-015, -1.000000000000000000 ) ) ;
#750 = LINE ( 'NONE', #5241, #4148 ) ;
#751 = EDGE_CURVE ( 'NONE', #872, #5022, #4552, .T. ) ;
#752 = MECHANICAL_DESIGN_GEOMETRIC_PRESENTATION_REPRESENTATION (  '', ( #1218 ), #2044 ) ;
#753 = CARTESIAN_POINT ( 'NONE',  ( 11.50000000000002800, -4.199999999999922000, -0.01000000000001406700 ) ) ;
#754 = EDGE_CURVE ( 'NONE', #1864, #3739, #2894, .T. ) ;
#755 = EDGE_CURVE ( 'NONE', #4912, #409, #105, .T. ) ;
#756 = VECTOR ( 'NONE', #1367, 1000.000000000000000 ) ;
#757 =( NAMED_UNIT ( * ) SI_UNIT ( $, .STERADIAN. ) SOLID_ANGLE_UNIT ( ) );
#758 = VERTEX_POINT ( 'NONE', #163 ) ;
#759 = DIRECTION ( 'NONE',  ( 6.982966722218764100E-015, -1.000000000000000000, -3.491483361109382100E-015 ) ) ;
#760 = FACE_OUTER_BOUND ( 'NONE', #864, .T. ) ;
#761 = UNCERTAINTY_MEASURE_WITH_UNIT (LENGTH_MEASURE( 1.000000000000000100E-005 ), #5275, 'distance_accuracy_value', 'NONE');
#762 = AXIS2_PLACEMENT_3D ( 'NONE', #2829, #3221, #767 ) ;
#763 = DIRECTION ( 'NONE',  ( -1.000000000000000000, -6.982966722218764100E-015, -2.438091212180733500E-029 ) ) ;
#764 = EDGE_LOOP ( 'NONE', ( #1358, #402, #1055, #4034 ) ) ;
#765 = ORIENTED_EDGE ( 'NONE', *, *, #5214, .F. ) ;
#766 = VECTOR ( 'NONE', #1526, 1000.000000000000000 ) ;
#767 = DIRECTION ( 'NONE',  ( 6.982966722218764100E-015, -1.000000000000000000, -3.491483361109382100E-015 ) ) ;
#768 = PLANE ( 'NONE',  #507 ) ;
#769 = ORIENTED_EDGE ( 'NONE', *, *, #166, .F. ) ;
#770 = DIRECTION ( 'NONE',  ( -1.000000000000000000, -6.982966722218764100E-015, 4.130293990418531900E-017 ) ) ;
#771 = ADVANCED_FACE ( 'NONE', ( #4736 ), #4303, .T. ) ;
#772 = CARTESIAN_POINT ( 'NONE',  ( 11.70000000000001500, -2.149999999999916000, -0.6500000000000125700 ) ) ;
#773 = ORIENTED_EDGE ( 'NONE', *, *, #722, .F. ) ;
#774 = LINE ( 'NONE', #1962, #251 ) ;
#775 = DIRECTION ( 'NONE',  ( 0.0000000000000000000, 0.0000000000000000000, 1.000000000000000000 ) ) ;
#776 = COLOUR_RGB ( '',0.7529411764705882200, 0.7529411764705882200, 0.7529411764705882200 ) ;
#777 = AXIS2_PLACEMENT_3D ( 'NONE', #1146, #4821, #2364 ) ;
#778 = ORIENTED_EDGE ( 'NONE', *, *, #1738, .F. ) ;
#779 = SURFACE_STYLE_FILL_AREA ( #5218 ) ;
#780 = PRESENTATION_STYLE_ASSIGNMENT (( #4808 ) ) ;
#781 =( NAMED_UNIT ( * ) SI_UNIT ( $, .STERADIAN. ) SOLID_ANGLE_UNIT ( ) );
#782 = SURFACE_STYLE_FILL_AREA ( #685 ) ;
#783 = CARTESIAN_POINT ( 'NONE',  ( 1.600000000000027800, -4.049999999999977600, -3.950000000000013500 ) ) ;
#784 = DIRECTION ( 'NONE',  ( -1.000000000000000000, -6.982966722218764100E-015, -2.438091212180733500E-029 ) ) ;
#785 =( GEOMETRIC_REPRESENTATION_CONTEXT ( 3 ) GLOBAL_UNCERTAINTY_ASSIGNED_CONTEXT ( ( #3029 ) ) GLOBAL_UNIT_ASSIGNED_CONTEXT ( ( #2857, #2499, #757 ) ) REPRESENTATION_CONTEXT ( 'NONE', 'WORKASPACE' ) );
#786 = ORIENTED_EDGE ( 'NONE', *, *, #4610, .F. ) ;
#787 = VECTOR ( 'NONE', #574, 1000.000000000000000 ) ;
#788 =( LENGTH_UNIT ( ) NAMED_UNIT ( * ) SI_UNIT ( .MILLI., .METRE. ) );
#789 = CARTESIAN_POINT ( 'NONE',  ( 11.99999999999998600, 1.950000000000092500, -2.449999999999998800 ) ) ;
#790 = DIRECTION ( 'NONE',  ( -6.982966722218764100E-015, 1.000000000000000000, 3.491483361109382100E-015 ) ) ;
#791 = SURFACE_SIDE_STYLE ('',( #4337 ) ) ;
#792 = EDGE_LOOP ( 'NONE', ( #1016, #5178, #4579, #35 ) ) ;
#793 = CARTESIAN_POINT ( 'NONE',  ( 2.828101522498601200E-014, -4.049999999999986500, -4.400000000000014600 ) ) ;
#794 = COLOUR_RGB ( '',0.0000000000000000000, 0.0000000000000000000, 0.6274509803921568500 ) ;
#795 = ADVANCED_FACE ( 'NONE', ( #5001 ), #2608, .F. ) ;
#796 = VERTEX_POINT ( 'NONE', #5131 ) ;
#797 = DIRECTION ( 'NONE',  ( 1.000000000000000000, 6.982966722218764100E-015, 2.438091212180733500E-029 ) ) ;
#798 = EDGE_CURVE ( 'NONE', #4842, #3795, #4214, .T. ) ;
#799 = EDGE_CURVE ( 'NONE', #995, #2320, #368, .T. ) ;
#800 =( GEOMETRIC_REPRESENTATION_CONTEXT ( 3 ) GLOBAL_UNCERTAINTY_ASSIGNED_CONTEXT ( ( #3552 ) ) GLOBAL_UNIT_ASSIGNED_CONTEXT ( ( #5103, #4650, #564 ) ) REPRESENTATION_CONTEXT ( 'NONE', 'WORKASPACE' ) );
#801 = FILL_AREA_STYLE_COLOUR ( '', #1780 ) ;
#802 = CARTESIAN_POINT ( 'NONE',  ( 4.600000000000027200, -3.899999999999955100, -4.400000000000014600 ) ) ;
#803 = LINE ( 'NONE', #4489, #3045 ) ;
#804 = SURFACE_STYLE_USAGE ( .BOTH. , #1700 ) ;
#805 = ORIENTED_EDGE ( 'NONE', *, *, #5, .F. ) ;
#806 = ORIENTED_EDGE ( 'NONE', *, *, #4438, .F. ) ;
#807 = DIRECTION ( 'NONE',  ( -1.000000000000000000, -6.982966722218764100E-015, -2.438091212180733500E-029 ) ) ;
#808 = FACE_OUTER_BOUND ( 'NONE', #4479, .T. ) ;
#809 = ORIENTED_EDGE ( 'NONE', *, *, #3126, .T. ) ;
#810 = PLANE ( 'NONE',  #3446 ) ;
#811 = DIRECTION ( 'NONE',  ( -4.130293990420970000E-017, 3.491483361109381700E-015, -1.000000000000000000 ) ) ;
#812 = ORIENTED_EDGE ( 'NONE', *, *, #1840, .T. ) ;
#813 = PLANE ( 'NONE',  #2775 ) ;
#814 = VECTOR ( 'NONE', #1198, 1000.000000000000000 ) ;
#815 = PRESENTATION_LAYER_ASSIGNMENT (  '', '', ( #4135 ) ) ;
#816 = LINE ( 'NONE', #1706, #4543 ) ;
#817 = LINE ( 'NONE', #542, #5120 ) ;
#818 = APPLICATION_PROTOCOL_DEFINITION ( 'draft international standard', 'automotive_design', 1998, #4505 ) ;
#819 = CARTESIAN_POINT ( 'NONE',  ( 3.775000000000012300, -1.799999999999969000, -1.350000000000004800 ) ) ;
#820 = LINE ( 'NONE', #720, #1069 ) ;
#821 = VECTOR ( 'NONE', #829, 1000.000000000000000 ) ;
#822 = CARTESIAN_POINT ( 'NONE',  ( 11.24999999999998400, 1.950000000000081000, -0.5999999999999954300 ) ) ;
#823 = ADVANCED_FACE ( 'NONE', ( #4867 ), #615, .T. ) ;
#824 = FACE_OUTER_BOUND ( 'NONE', #1664, .T. ) ;
#825 = LINE ( 'NONE', #4004, #5069 ) ;
#826 = CARTESIAN_POINT ( 'NONE',  ( 6.400000000000027000, -3.899999999999942600, -4.400000000000014600 ) ) ;
#827 = CARTESIAN_POINT ( 'NONE',  ( 0.3000000000000298000, -4.199999999999993100, -2.210000000000010200 ) ) ;
#828 = VERTEX_POINT ( 'NONE', #3822 ) ;
#829 = DIRECTION ( 'NONE',  ( -6.982966722218764100E-015, 1.000000000000000000, 3.491483361109382100E-015 ) ) ;
#830 = CARTESIAN_POINT ( 'NONE',  ( 11.70000000000001200, -1.799999999999910600, -2.050000000000006500 ) ) ;
#831 = DIRECTION ( 'NONE',  ( 1.000000000000000000, 6.982966722218764900E-015, -1.239088197126047300E-016 ) ) ;
#832 =( GEOMETRIC_REPRESENTATION_CONTEXT ( 3 ) GLOBAL_UNCERTAINTY_ASSIGNED_CONTEXT ( ( #632 ) ) GLOBAL_UNIT_ASSIGNED_CONTEXT ( ( #2682, #195, #4316 ) ) REPRESENTATION_CONTEXT ( 'NONE', 'WORKASPACE' ) );
#833 = EDGE_CURVE ( 'NONE', #1776, #2543, #624, .T. ) ;
#834 = EDGE_CURVE ( 'NONE', #1394, #3366, #2238, .T. ) ;
#835 = ORIENTED_EDGE ( 'NONE', *, *, #1188, .F. ) ;
#836 = CARTESIAN_POINT ( 'NONE',  ( 0.2999999999999863300, 1.950000000000007100, -1.299999999999992500 ) ) ;
#837 = FACE_OUTER_BOUND ( 'NONE', #4696, .T. ) ;
#838 = ORIENTED_EDGE ( 'NONE', *, *, #4008, .F. ) ;
#839 = CARTESIAN_POINT ( 'NONE',  ( 1.600000000000029000, -4.199999999999973500, -4.950000000000014400 ) ) ;
#840 = ORIENTED_EDGE ( 'NONE', *, *, #4809, .F. ) ;
#841 = DIRECTION ( 'NONE',  ( 1.000000000000000000, 6.982966722218764100E-015, 2.438091212180733500E-029 ) ) ;
#842 =( GEOMETRIC_REPRESENTATION_CONTEXT ( 3 ) GLOBAL_UNCERTAINTY_ASSIGNED_CONTEXT ( ( #4181 ) ) GLOBAL_UNIT_ASSIGNED_CONTEXT ( ( #4930, #4518, #4069 ) ) REPRESENTATION_CONTEXT ( 'NONE', 'WORKASPACE' ) );
#843 = CARTESIAN_POINT ( 'NONE',  ( 6.400000000000028800, -4.049999999999942100, -4.400000000000014600 ) ) ;
#844 = LINE ( 'NONE', #1654, #1879 ) ;
#845 = LINE ( 'NONE', #602, #5085 ) ;
#846 =( NAMED_UNIT ( * ) SI_UNIT ( $, .STERADIAN. ) SOLID_ANGLE_UNIT ( ) );
#847 = DIRECTION ( 'NONE',  ( -0.0000000000000000000, 3.491483361109382100E-015, -1.000000000000000000 ) ) ;
#848 = STYLED_ITEM ( 'NONE', ( #2730 ), #2309 ) ;
#849 = VECTOR ( 'NONE', #175, 1000.000000000000000 ) ;
#850 = VERTEX_POINT ( 'NONE', #2424 ) ;
#851 = VECTOR ( 'NONE', #2060, 1000.000000000000000 ) ;
#852 = VECTOR ( 'NONE', #1567, 1000.000000000000000 ) ;
#853 = CARTESIAN_POINT ( 'NONE',  ( 1.174999999999999400, -0.04999999999998473700, -1.950000000000001100 ) ) ;
#854 = SURFACE_STYLE_USAGE ( .BOTH. , #40 ) ;
#855 = VERTEX_POINT ( 'NONE', #3035 ) ;
#856 = LINE ( 'NONE', #4352, #329 ) ;
#857 = LINE ( 'NONE', #4318, #3473 ) ;
#858 = AXIS2_PLACEMENT_3D ( 'NONE', #3358, #948, #5075 ) ;
#859 = ORIENTED_EDGE ( 'NONE', *, *, #34, .T. ) ;
#860 = PRESENTATION_STYLE_ASSIGNMENT (( #3987 ) ) ;
#861 = CARTESIAN_POINT ( 'NONE',  ( 11.70000000000001500, -2.149999999999918600, -0.01000000000000683500 ) ) ;
#862 = EDGE_LOOP ( 'NONE', ( #1904, #4387, #2165, #490, #892, #3135 ) ) ;
#863 = EDGE_CURVE ( 'NONE', #58, #4737, #3253, .T. ) ;
#864 = EDGE_LOOP ( 'NONE', ( #2498, #4743, #3531, #5115 ) ) ;
#865 = EDGE_CURVE ( 'NONE', #1196, #155, #2456, .T. ) ;
#866 = DIRECTION ( 'NONE',  ( -1.000000000000000000, -6.982966722218763300E-015, -2.628368902995160100E-016 ) ) ;
#867 = DIRECTION ( 'NONE',  ( 1.000000000000000000, 6.982966722218764100E-015, 2.438091212180733500E-029 ) ) ;
#868 = EDGE_CURVE ( 'NONE', #1687, #701, #820, .T. ) ;
#869 = ORIENTED_EDGE ( 'NONE', *, *, #1485, .T. ) ;
#870 = DIRECTION ( 'NONE',  ( -0.0000000000000000000, 3.491483361109382100E-015, -1.000000000000000000 ) ) ;
#871 = CARTESIAN_POINT ( 'NONE',  ( 0.3000000000000154800, -2.149999999999997700, -0.01000000000000201200 ) ) ;
#872 = VERTEX_POINT ( 'NONE', #1970 ) ;
#873 = AXIS2_PLACEMENT_3D ( 'NONE', #1428, #223, #644 ) ;
#874 = VERTEX_POINT ( 'NONE', #2801 ) ;
#875 = CARTESIAN_POINT ( 'NONE',  ( 0.5000000000000149900, -2.149999999999996400, -7.739364433611411100E-015 ) ) ;
#876 = ADVANCED_FACE ( 'NONE', ( #497 ), #4898, .T. ) ;
#877 = CARTESIAN_POINT ( 'NONE',  ( 12.00000000000002500, -3.449999999999914000, -0.6500000000000173400 ) ) ;
#878 = VECTOR ( 'NONE', #435, 1000.000000000000000 ) ;
#879 = ORIENTED_EDGE ( 'NONE', *, *, #4405, .T. ) ;
#880 = CARTESIAN_POINT ( 'NONE',  ( 0.5000000000000154300, -2.149999999999988400, -2.210000000000002200 ) ) ;
#881 = CARTESIAN_POINT ( 'NONE',  ( 11.25000000000002700, -4.159046182766803500, -0.6000000000000167400 ) ) ;
#882 = LINE ( 'NONE', #3893, #291 ) ;
#883 = DIRECTION ( 'NONE',  ( -6.982966722218764100E-015, 1.000000000000000000, 3.491483361109382100E-015 ) ) ;
#884 = COLOUR_RGB ( '',0.7529411764705882200, 0.7529411764705882200, 0.7529411764705882200 ) ;
#885 = CARTESIAN_POINT ( 'NONE',  ( 11.50000000000001600, -2.149999999999920000, -1.239350058867086900E-014 ) ) ;
#886 = AXIS2_PLACEMENT_3D ( 'NONE', #3561, #1477, #1536 ) ;
#887 = FILL_AREA_STYLE_COLOUR ( '', #2415 ) ;
#888 = LINE ( 'NONE', #5109, #3196 ) ;
#889 = DIRECTION ( 'NONE',  ( -1.000000000000000000, -6.982966722218764100E-015, -2.438091212180733500E-029 ) ) ;
#890 = ORIENTED_EDGE ( 'NONE', *, *, #4995, .T. ) ;
#891 = ORIENTED_EDGE ( 'NONE', *, *, #4748, .F. ) ;
#892 = ORIENTED_EDGE ( 'NONE', *, *, #4678, .F. ) ;
#893 =( LENGTH_UNIT ( ) NAMED_UNIT ( * ) SI_UNIT ( .MILLI., .METRE. ) );
#894 = LINE ( 'NONE', #918, #1999 ) ;
#895 = FILL_AREA_STYLE ('',( #2946 ) ) ;
#896 = DIRECTION ( 'NONE',  ( 6.982966722218764100E-015, -1.000000000000000000, -3.491483361109382100E-015 ) ) ;
#897 = SURFACE_STYLE_USAGE ( .BOTH. , #1320 ) ;
#898 = VERTEX_POINT ( 'NONE', #819 ) ;
#899 = ORIENTED_EDGE ( 'NONE', *, *, #3056, .F. ) ;
#900 = CARTESIAN_POINT ( 'NONE',  ( 8.600000000000031600, -4.199999999999925600, -4.950000000000017900 ) ) ;
#901 = AXIS2_PLACEMENT_3D ( 'NONE', #1463, #2289, #5166 ) ;
#902 = EDGE_CURVE ( 'NONE', #4965, #1422, #4733, .T. ) ;
#903 = ADVANCED_FACE ( 'NONE', ( #46 ), #1308, .F. ) ;
#904 = EDGE_CURVE ( 'NONE', #409, #4635, #1141, .T. ) ;
#905 = VECTOR ( 'NONE', #4170, 1000.000000000000000 ) ;
#906 = VECTOR ( 'NONE', #3342, 1000.000000000000000 ) ;
#907 = DIRECTION ( 'NONE',  ( -6.982966722218764100E-015, 1.000000000000000000, 3.491483361109382100E-015 ) ) ;
#908 = EDGE_LOOP ( 'NONE', ( #2898, #629, #3686, #1225 ) ) ;
#909 = ADVANCED_FACE ( 'NONE', ( #3880 ), #1346, .T. ) ;
#910 = LINE ( 'NONE', #3167, #4443 ) ;
#911 = LINE ( 'NONE', #281, #5293 ) ;
#912 = CARTESIAN_POINT ( 'NONE',  ( 1.600000000000029000, -4.199999999999977100, -3.950000000000014400 ) ) ;
#913 = PRESENTATION_LAYER_ASSIGNMENT (  '', '', ( #633 ) ) ;
#914 = CARTESIAN_POINT ( 'NONE',  ( 1.175000000000010900, -1.706804152578076200, -1.950000000000006600 ) ) ;
#915 = ORIENTED_EDGE ( 'NONE', *, *, #4715, .T. ) ;
#916 = LINE ( 'NONE', #4770, #4046 ) ;
#917 = FACE_OUTER_BOUND ( 'NONE', #1192, .T. ) ;
#918 = CARTESIAN_POINT ( 'NONE',  ( 3.600000000000028500, -3.949999999999962900, -3.950000000000014400 ) ) ;
#919 =( NAMED_UNIT ( * ) SI_UNIT ( $, .STERADIAN. ) SOLID_ANGLE_UNIT ( ) );
#920 = PRESENTATION_LAYER_ASSIGNMENT (  '', '', ( #3483 ) ) ;
#921 = EDGE_CURVE ( 'NONE', #3739, #1994, #3632, .T. ) ;
#922 = ORIENTED_EDGE ( 'NONE', *, *, #1837, .F. ) ;
#923 = CARTESIAN_POINT ( 'NONE',  ( 6.600000000000029800, -4.199999999999938900, -4.950000000000017100 ) ) ;
#924 = SURFACE_STYLE_USAGE ( .BOTH. , #5070 ) ;
#925 = ORIENTED_EDGE ( 'NONE', *, *, #4054, .T. ) ;
#926 = LINE ( 'NONE', #793, #470 ) ;
#927 = ORIENTED_EDGE ( 'NONE', *, *, #3570, .F. ) ;
#928 = CARTESIAN_POINT ( 'NONE',  ( 0.5000000000000154300, -2.149999999999996400, -0.01000000000000201200 ) ) ;
#929 = DIRECTION ( 'NONE',  ( -6.982966722218764100E-015, 1.000000000000000000, 3.491483361109382100E-015 ) ) ;
#930 = ORIENTED_EDGE ( 'NONE', *, *, #799, .F. ) ;
#931 = STYLED_ITEM ( 'NONE', ( #4392 ), #5308 ) ;
#932 = AXIS2_PLACEMENT_3D ( 'NONE', #2704, #3913, #680 ) ;
#933 = EDGE_CURVE ( 'NONE', #872, #2407, #3320, .T. ) ;
#934 = CARTESIAN_POINT ( 'NONE',  ( 11.50000000000002800, -4.049999999999917200, -0.6500000000000189000 ) ) ;
#935 = EDGE_CURVE ( 'NONE', #758, #4965, #4729, .T. ) ;
#936 = VECTOR ( 'NONE', #1566, 1000.000000000000000 ) ;
#937 = EDGE_LOOP ( 'NONE', ( #4928, #2341, #17, #4537 ) ) ;
#938 = ORIENTED_EDGE ( 'NONE', *, *, #4484, .T. ) ;
#939 = PRESENTATION_STYLE_ASSIGNMENT (( #1106 ) ) ;
#940 = VERTEX_POINT ( 'NONE', #1796 ) ;
#941 = ORIENTED_EDGE ( 'NONE', *, *, #4225, .F. ) ;
#942 = LINE ( 'NONE', #4884, #2993 ) ;
#943 =( GEOMETRIC_REPRESENTATION_CONTEXT ( 3 ) GLOBAL_UNCERTAINTY_ASSIGNED_CONTEXT ( ( #3163 ) ) GLOBAL_UNIT_ASSIGNED_CONTEXT ( ( #2356, #1557, #4794 ) ) REPRESENTATION_CONTEXT ( 'NONE', 'WORKASPACE' ) );
#944 = DIRECTION ( 'NONE',  ( 1.000000000000000000, 6.982966722218764100E-015, 2.438091212180733500E-029 ) ) ;
#945 = VECTOR ( 'NONE', #866, 1000.000000000000000 ) ;
#946 =( LENGTH_UNIT ( ) NAMED_UNIT ( * ) SI_UNIT ( .MILLI., .METRE. ) );
#947 = PRESENTATION_STYLE_ASSIGNMENT (( #520 ) ) ;
#948 = DIRECTION ( 'NONE',  ( 1.000000000000000000, 6.982966722218764100E-015, 2.438091212180733500E-029 ) ) ;
#949 = MECHANICAL_DESIGN_GEOMETRIC_PRESENTATION_REPRESENTATION (  '', ( #2334 ), #2546 ) ;
#950 = CARTESIAN_POINT ( 'NONE',  ( 2.409123519165473800E-014, -3.449999999999998000, -0.6500000000000122300 ) ) ;
#951 = VECTOR ( 'NONE', #929, 1000.000000000000000 ) ;
#952 = ORIENTED_EDGE ( 'NONE', *, *, #3093, .F. ) ;
#953 = VERTEX_POINT ( 'NONE', #3820 ) ;
#954 = SURFACE_STYLE_FILL_AREA ( #3393 ) ;
#955 = ORIENTED_EDGE ( 'NONE', *, *, #3388, .F. ) ;
#956 = PLANE ( 'NONE',  #4972 ) ;
#957 = EDGE_CURVE ( 'NONE', #693, #660, #4221, .T. ) ;
#958 =( NAMED_UNIT ( * ) PLANE_ANGLE_UNIT ( ) SI_UNIT ( $, .RADIAN. ) );
#959 = LINE ( 'NONE', #116, #2324 ) ;
#960 = ORIENTED_EDGE ( 'NONE', *, *, #144, .T. ) ;
#961 = CARTESIAN_POINT ( 'NONE',  ( 0.7500000000000016700, -0.3999999999999822000, -3.650000000000000800 ) ) ;
#962 = DIRECTION ( 'NONE',  ( -6.982966722218764100E-015, 1.000000000000000000, 3.703035004521187900E-015 ) ) ;
#963 = FILL_AREA_STYLE_COLOUR ( '', #4406 ) ;
#964 = LINE ( 'NONE', #2909, #1242 ) ;
#965 = VECTOR ( 'NONE', #621, 1000.000000000000000 ) ;
#966 = AXIS2_PLACEMENT_3D ( 'NONE', #518, #3345, #3742 ) ;
#967 = DIRECTION ( 'NONE',  ( 1.000000000000000000, 6.982966722218764100E-015, 2.438091212180733500E-029 ) ) ;
#968 = ORIENTED_EDGE ( 'NONE', *, *, #3650, .F. ) ;
#969 = LINE ( 'NONE', #4119, #1815 ) ;
#970 = VECTOR ( 'NONE', #1955, 1000.000000000000000 ) ;
#971 = CARTESIAN_POINT ( 'NONE',  ( 2.600000000000030300, -4.199999999999966400, -4.950000000000015300 ) ) ;
#972 = PRESENTATION_STYLE_ASSIGNMENT (( #2632 ) ) ;
#973 =( NAMED_UNIT ( * ) PLANE_ANGLE_UNIT ( ) SI_UNIT ( $, .RADIAN. ) );
#974 = FILL_AREA_STYLE ('',( #4251 ) ) ;
#975 = VERTEX_POINT ( 'NONE', #5060 ) ;
#976 = LINE ( 'NONE', #2701, #4244 ) ;
#977 = STYLED_ITEM ( 'NONE', ( #103 ), #3323 ) ;
#978 = DIRECTION ( 'NONE',  ( -1.000000000000000000, -6.982966722218764100E-015, -2.438091212180733500E-029 ) ) ;
#979 = ORIENTED_EDGE ( 'NONE', *, *, #3466, .T. ) ;
#980 = DIRECTION ( 'NONE',  ( -1.000000000000000000, -6.982966722218764100E-015, -2.438091212180733500E-029 ) ) ;
#981 = VECTOR ( 'NONE', #2438, 1000.000000000000000 ) ;
#982 = CARTESIAN_POINT ( 'NONE',  ( 1.400000000000026800, -3.899999999999975500, -4.950000000000013500 ) ) ;
#983 = CARTESIAN_POINT ( 'NONE',  ( 0.3000000000000298000, -4.200000000000000200, -0.01000000000000941300 ) ) ;
#984 = AXIS2_PLACEMENT_3D ( 'NONE', #3326, #1333, #2576 ) ;
#985 = ORIENTED_EDGE ( 'NONE', *, *, #4545, .F. ) ;
#986 = ORIENTED_EDGE ( 'NONE', *, *, #4780, .T. ) ;
#987 = CARTESIAN_POINT ( 'NONE',  ( 0.4999999999999909000, 1.300000000000012500, -2.449999999999996600 ) ) ;
#988 = CARTESIAN_POINT ( 'NONE',  ( 0.2999999999999863300, 1.950000000000009700, -2.049999999999992300 ) ) ;
#989 = FILL_AREA_STYLE_COLOUR ( '', #4039 ) ;
#990 = SURFACE_STYLE_USAGE ( .BOTH. , #3443 ) ;
#991 = CARTESIAN_POINT ( 'NONE',  ( 5.400000000000028800, -4.049999999999949200, -4.400000000000014600 ) ) ;
#992 = ORIENTED_EDGE ( 'NONE', *, *, #2903, .F. ) ;
#993 = VERTEX_POINT ( 'NONE', #912 ) ;
#994 =( NAMED_UNIT ( * ) SI_UNIT ( $, .STERADIAN. ) SOLID_ANGLE_UNIT ( ) );
#995 = VERTEX_POINT ( 'NONE', #4596 ) ;
#996 = EDGE_LOOP ( 'NONE', ( #4718, #91, #5133, #1589 ) ) ;
#997 = DIRECTION ( 'NONE',  ( -1.000000000000000000, -6.982966722218764100E-015, -2.438091212180733500E-029 ) ) ;
#998 = EDGE_CURVE ( 'NONE', #3148, #2231, #4169, .T. ) ;
#999 = EDGE_CURVE ( 'NONE', #2470, #3627, #2773, .T. ) ;
#1000 = EDGE_CURVE ( 'NONE', #208, #4199, #3593, .T. ) ;
#1001 = LINE ( 'NONE', #33, #2678 ) ;
#1002 = LINE ( 'NONE', #3137, #3313 ) ;
#1003 = ORIENTED_EDGE ( 'NONE', *, *, #1965, .T. ) ;
#1004 = VECTOR ( 'NONE', #2351, 1000.000000000000000 ) ;
#1005 =( NAMED_UNIT ( * ) SI_UNIT ( $, .STERADIAN. ) SOLID_ANGLE_UNIT ( ) );
#1006 = VECTOR ( 'NONE', #2096, 1000.000000000000000 ) ;
#1007 = CARTESIAN_POINT ( 'NONE',  ( 2.825000000000023700, -3.449999999999979300, -0.3500000000000114100 ) ) ;
#1008 =( NAMED_UNIT ( * ) PLANE_ANGLE_UNIT ( ) SI_UNIT ( $, .RADIAN. ) );
#1009 = STYLED_ITEM ( 'NONE', ( #2463 ), #3187 ) ;
#1010 = VECTOR ( 'NONE', #1208, 1000.000000000000000 ) ;
#1011 = FILL_AREA_STYLE ('',( #2684 ) ) ;
#1012 = LINE ( 'NONE', #4999, #625 ) ;
#1013 = DIRECTION ( 'NONE',  ( -4.177074587930242000E-030, -2.893302852151862800E-015, 1.000000000000000000 ) ) ;
#1014 = STYLED_ITEM ( 'NONE', ( #3078 ), #2797 ) ;
#1015 = VECTOR ( 'NONE', #1171, 1000.000000000000000 ) ;
#1016 = ORIENTED_EDGE ( 'NONE', *, *, #3908, .T. ) ;
#1017 = FILL_AREA_STYLE_COLOUR ( '', #4990 ) ;
#1018 = VERTEX_POINT ( 'NONE', #3803 ) ;
#1019 = VERTEX_POINT ( 'NONE', #5006 ) ;
#1020 = MECHANICAL_DESIGN_GEOMETRIC_PRESENTATION_REPRESENTATION (  '', ( #672 ), #3522 ) ;
#1021 = COLOUR_RGB ( '',0.7529411764705882200, 0.7529411764705882200, 0.7529411764705882200 ) ;
#1022 = ORIENTED_EDGE ( 'NONE', *, *, #1758, .F. ) ;
#1023 = ORIENTED_EDGE ( 'NONE', *, *, #3711, .F. ) ;
#1024 = CARTESIAN_POINT ( 'NONE',  ( 0.4999999999999863400, 1.950000000000012400, -2.449999999999993500 ) ) ;
#1025 = UNCERTAINTY_MEASURE_WITH_UNIT (LENGTH_MEASURE( 1.000000000000000100E-005 ), #3555, 'distance_accuracy_value', 'NONE');
#1026 = LINE ( 'NONE', #3806, #5149 ) ;
#1027 = DIRECTION ( 'NONE',  ( 6.982966722218764100E-015, -1.000000000000000000, -3.491483361109382100E-015 ) ) ;
#1028 = SURFACE_STYLE_FILL_AREA ( #2786 ) ;
#1029 = CARTESIAN_POINT ( 'NONE',  ( 0.7000000000000280400, -4.125819451966699500, -2.050000000000013600 ) ) ;
#1030 = VECTOR ( 'NONE', #1731, 1000.000000000000000 ) ;
#1031 = EDGE_CURVE ( 'NONE', #2031, #421, #2912, .T. ) ;
#1032 = AXIS2_PLACEMENT_3D ( 'NONE', #2728, #248, #262 ) ;
#1033 = EDGE_CURVE ( 'NONE', #4353, #2147, #1425, .T. ) ;
#1034 = EDGE_CURVE ( 'NONE', #4531, #3415, #581, .T. ) ;
#1035 = ORIENTED_EDGE ( 'NONE', *, *, #3709, .T. ) ;
#1036 = CARTESIAN_POINT ( 'NONE',  ( 2.600000000000028100, -3.899999999999968800, -4.400000000000014600 ) ) ;
#1037 = CARTESIAN_POINT ( 'NONE',  ( 9.400000000000032300, -4.199999999999919400, -4.950000000000017900 ) ) ;
#1038 = VERTEX_POINT ( 'NONE', #991 ) ;
#1039 = VECTOR ( 'NONE', #4455, 1000.000000000000000 ) ;
#1040 = VECTOR ( 'NONE', #3426, 1000.000000000000000 ) ;
#1041 =( GEOMETRIC_REPRESENTATION_CONTEXT ( 3 ) GLOBAL_UNCERTAINTY_ASSIGNED_CONTEXT ( ( #3966 ) ) GLOBAL_UNIT_ASSIGNED_CONTEXT ( ( #3954, #1455, #1527 ) ) REPRESENTATION_CONTEXT ( 'NONE', 'WORKASPACE' ) );
#1042 = CARTESIAN_POINT ( 'NONE',  ( 12.00000000000002800, -4.049999999999915400, -1.327314587450429900E-014 ) ) ;
#1043 = SURFACE_STYLE_USAGE ( .BOTH. , #3496 ) ;
#1044 = ORIENTED_EDGE ( 'NONE', *, *, #4252, .T. ) ;
#1045 = LINE ( 'NONE', #3748, #2859 ) ;
#1046 = PRESENTATION_LAYER_ASSIGNMENT (  '', '', ( #4560 ) ) ;
#1047 = DIRECTION ( 'NONE',  ( -6.982966722218764100E-015, 1.000000000000000000, 3.491483361109382100E-015 ) ) ;
#1048 =( NAMED_UNIT ( * ) PLANE_ANGLE_UNIT ( ) SI_UNIT ( $, .RADIAN. ) );
#1049 = ORIENTED_EDGE ( 'NONE', *, *, #4253, .T. ) ;
#1050 = CARTESIAN_POINT ( 'NONE',  ( 9.600000000000029800, -3.899999999999918200, -4.950000000000017100 ) ) ;
#1051 = CARTESIAN_POINT ( 'NONE',  ( 10.82500000000003100, -4.159046182766800800, -2.100000000000016100 ) ) ;
#1052 = DIRECTION ( 'NONE',  ( -0.0000000000000000000, 3.491483361109382100E-015, -1.000000000000000000 ) ) ;
#1053 = PRESENTATION_LAYER_ASSIGNMENT (  '', '', ( #4466 ) ) ;
#1054 = SURFACE_STYLE_FILL_AREA ( #2422 ) ;
#1055 = ORIENTED_EDGE ( 'NONE', *, *, #4521, .F. ) ;
#1056 = VERTEX_POINT ( 'NONE', #2972 ) ;
#1057 = ORIENTED_EDGE ( 'NONE', *, *, #168, .F. ) ;
#1058 = DIRECTION ( 'NONE',  ( -1.000000000000000000, -6.982966722218764100E-015, -2.438091212180733500E-029 ) ) ;
#1059 = FILL_AREA_STYLE ('',( #5127 ) ) ;
#1060 = CARTESIAN_POINT ( 'NONE',  ( 3.400000000000030100, -4.199999999999964700, -3.950000000000015300 ) ) ;
#1061 =( LENGTH_UNIT ( ) NAMED_UNIT ( * ) SI_UNIT ( .MILLI., .METRE. ) );
#1062 = ORIENTED_EDGE ( 'NONE', *, *, #722, .T. ) ;
#1063 = LINE ( 'NONE', #4391, #559 ) ;
#1064 = VECTOR ( 'NONE', #572, 1000.000000000000000 ) ;
#1065 = VECTOR ( 'NONE', #1949, 1000.000000000000000 ) ;
#1066 = SURFACE_STYLE_USAGE ( .BOTH. , #2322 ) ;
#1067 = DIRECTION ( 'NONE',  ( -0.0000000000000000000, 3.491483361109382100E-015, -1.000000000000000000 ) ) ;
#1068 = EDGE_CURVE ( 'NONE', #147, #1104, #2258, .T. ) ;
#1069 = VECTOR ( 'NONE', #1163, 1000.000000000000000 ) ;
#1070 = PRESENTATION_LAYER_ASSIGNMENT (  '', '', ( #555 ) ) ;
#1071 = VECTOR ( 'NONE', #2742, 1000.000000000000000 ) ;
#1072 = PRESENTATION_STYLE_ASSIGNMENT (( #4714 ) ) ;
#1073 = CARTESIAN_POINT ( 'NONE',  ( 4.600000000000029800, -4.199999999999953100, -4.950000000000016200 ) ) ;
#1074 = DIRECTION ( 'NONE',  ( -6.982966722218764100E-015, 1.000000000000000000, 3.491483361109382100E-015 ) ) ;
#1075 =( GEOMETRIC_REPRESENTATION_CONTEXT ( 3 ) GLOBAL_UNCERTAINTY_ASSIGNED_CONTEXT ( ( #3002 ) ) GLOBAL_UNIT_ASSIGNED_CONTEXT ( ( #1883, #5147, #2666 ) ) REPRESENTATION_CONTEXT ( 'NONE', 'WORKASPACE' ) );
#1076 = CARTESIAN_POINT ( 'NONE',  ( 3.775000000000003900, -0.6099999999999687900, -1.350000000000001000 ) ) ;
#1077 = FILL_AREA_STYLE_COLOUR ( '', #2828 ) ;
#1078 = LINE ( 'NONE', #726, #5206 ) ;
#1079 = FILL_AREA_STYLE_COLOUR ( '', #1757 ) ;
#1080 = EDGE_LOOP ( 'NONE', ( #3067, #1262, #2472, #2936 ) ) ;
#1081 = DIRECTION ( 'NONE',  ( -1.000000000000000000, -6.982966722218766500E-015, 5.981805089574949700E-016 ) ) ;
#1082 = AXIS2_PLACEMENT_3D ( 'NONE', #4793, #2373, #3566 ) ;
#1083 = VERTEX_POINT ( 'NONE', #4279 ) ;
#1084 = CARTESIAN_POINT ( 'NONE',  ( 6.400000000000029700, -4.199999999999940700, -4.950000000000017100 ) ) ;
#1085 = FILL_AREA_STYLE_COLOUR ( '', #1269 ) ;
#1086 = CARTESIAN_POINT ( 'NONE',  ( 8.600000000000029800, -4.049999999999927000, -4.400000000000014600 ) ) ;
#1087 = LINE ( 'NONE', #2125, #3587 ) ;
#1088 = EDGE_LOOP ( 'NONE', ( #3815, #2257, #4243, #3368 ) ) ;
#1089 = UNCERTAINTY_MEASURE_WITH_UNIT (LENGTH_MEASURE( 1.000000000000000100E-005 ), #36, 'distance_accuracy_value', 'NONE');
#1090 = LINE ( 'NONE', #1263, #452 ) ;
#1091 = DIRECTION ( 'NONE',  ( 7.885106708985486100E-016, -3.491483361109376500E-015, 1.000000000000000000 ) ) ;
#1092 = CARTESIAN_POINT ( 'NONE',  ( 5.600000000000027200, -3.899999999999946200, -4.950000000000015300 ) ) ;
#1093 = FACE_OUTER_BOUND ( 'NONE', #3989, .T. ) ;
#1094 = DIRECTION ( 'NONE',  ( 6.982966722218764100E-015, -1.000000000000000000, -3.491483361109382100E-015 ) ) ;
#1095 = LINE ( 'NONE', #3808, #1550 ) ;
#1096 = FILL_AREA_STYLE ('',( #3548 ) ) ;
#1097 = CARTESIAN_POINT ( 'NONE',  ( 6.400000000000027900, -3.949999999999944200, -3.950000000000016200 ) ) ;
#1098 = COLOUR_RGB ( '',0.7529411764705882200, 0.7529411764705882200, 0.7529411764705882200 ) ;
#1099 = ORIENTED_EDGE ( 'NONE', *, *, #379, .F. ) ;
#1100 = VECTOR ( 'NONE', #807, 1000.000000000000000 ) ;
#1101 = STYLED_ITEM ( 'NONE', ( #2974 ), #4367 ) ;
#1102 = EDGE_CURVE ( 'NONE', #1942, #12, #2641, .T. ) ;
#1103 = EDGE_CURVE ( 'NONE', #1890, #3490, #3208, .T. ) ;
#1104 = VERTEX_POINT ( 'NONE', #3833 ) ;
#1105 =( NAMED_UNIT ( * ) SI_UNIT ( $, .STERADIAN. ) SOLID_ANGLE_UNIT ( ) );
#1106 = SURFACE_STYLE_USAGE ( .BOTH. , #3556 ) ;
#1107 = CARTESIAN_POINT ( 'NONE',  ( 11.99999999999998900, 1.300000000000092600, -2.450000000000001500 ) ) ;
#1108 = SURFACE_STYLE_USAGE ( .BOTH. , #5084 ) ;
#1109 = PLANE ( 'NONE',  #4177 ) ;
#1110 = VERTEX_POINT ( 'NONE', #3444 ) ;
#1111 = FACE_OUTER_BOUND ( 'NONE', #4539, .T. ) ;
#1112 = DIRECTION ( 'NONE',  ( -6.982966722218764100E-015, 1.000000000000000000, 3.491483361109382100E-015 ) ) ;
#1113 = ORIENTED_EDGE ( 'NONE', *, *, #2143, .T. ) ;
#1114 = CARTESIAN_POINT ( 'NONE',  ( 0.5000000000000298600, -4.199999999999999300, -0.01000000000000941300 ) ) ;
#1115 = CARTESIAN_POINT ( 'NONE',  ( 6.400000000000029700, -4.199999999999940700, -4.950000000000017100 ) ) ;
#1116 = DIRECTION ( 'NONE',  ( 6.982966722218764100E-015, -1.000000000000000000, -3.491483361109382100E-015 ) ) ;
#1117 = MECHANICAL_DESIGN_GEOMETRIC_PRESENTATION_REPRESENTATION (  '', ( #3483 ), #4304 ) ;
#1118 = ADVANCED_FACE ( 'NONE', ( #4817 ), #229, .F. ) ;
#1119 = CARTESIAN_POINT ( 'NONE',  ( 7.600000000000029800, -4.199999999999935300, -3.950000000000017100 ) ) ;
#1120 = ORIENTED_EDGE ( 'NONE', *, *, #2570, .T. ) ;
#1121 = ORIENTED_EDGE ( 'NONE', *, *, #1867, .F. ) ;
#1122 = PLANE ( 'NONE',  #3892 ) ;
#1123 = DIRECTION ( 'NONE',  ( -6.982966722218764100E-015, 1.000000000000000000, 3.392919527247063200E-015 ) ) ;
#1124 =( GEOMETRIC_REPRESENTATION_CONTEXT ( 3 ) GLOBAL_UNCERTAINTY_ASSIGNED_CONTEXT ( ( #695 ) ) GLOBAL_UNIT_ASSIGNED_CONTEXT ( ( #1061, #2336, #4342 ) ) REPRESENTATION_CONTEXT ( 'NONE', 'WORKASPACE' ) );
#1125 = ADVANCED_BREP_SHAPE_REPRESENTATION ( 'BM10B-NSHSS', ( #2154, #224 ), #2984 ) ;
#1126 = PRESENTATION_STYLE_ASSIGNMENT (( #206 ) ) ;
#1127 = FILL_AREA_STYLE ('',( #1609 ) ) ;
#1128 = ORIENTED_EDGE ( 'NONE', *, *, #2997, .T. ) ;
#1129 = VECTOR ( 'NONE', #4203, 1000.000000000000000 ) ;
#1130 = ORIENTED_EDGE ( 'NONE', *, *, #682, .T. ) ;
#1131 = CARTESIAN_POINT ( 'NONE',  ( 11.70000000000001500, -2.149999999999916000, -0.6500000000000125700 ) ) ;
#1132 = SURFACE_STYLE_USAGE ( .BOTH. , #3600 ) ;
#1133 = EDGE_LOOP ( 'NONE', ( #5105, #3829, #4319, #4138, #3308, #3463 ) ) ;
#1134 = DIRECTION ( 'NONE',  ( 6.982966722218764100E-015, -1.000000000000000000, -3.610481160528522600E-015 ) ) ;
#1135 = EDGE_CURVE ( 'NONE', #1298, #2665, #2340, .T. ) ;
#1136 = EDGE_CURVE ( 'NONE', #796, #5101, #458, .T. ) ;
#1137 = EDGE_CURVE ( 'NONE', #3037, #1932, #3151, .T. ) ;
#1138 = CARTESIAN_POINT ( 'NONE',  ( 11.50000000000001600, -2.149999999999917800, -0.6500000000000123500 ) ) ;
#1139 = DIRECTION ( 'NONE',  ( 0.0000000000000000000, -3.491483361109382100E-015, 1.000000000000000000 ) ) ;
#1140 = PRESENTATION_STYLE_ASSIGNMENT (( #897 ) ) ;
#1141 = LINE ( 'NONE', #928, #1981 ) ;
#1142 = CARTESIAN_POINT ( 'NONE',  ( 2.798587951781795000E-015, -0.4000000000000010200, -7.246949358417929300E-016 ) ) ;
#1143 = CARTESIAN_POINT ( 'NONE',  ( 0.7500000000000178700, -2.599999999999981900, -3.650000000000009200 ) ) ;
#1144 = ADVANCED_FACE ( 'NONE', ( #2086 ), #179, .F. ) ;
#1145 = MECHANICAL_DESIGN_GEOMETRIC_PRESENTATION_REPRESENTATION (  '', ( #2185 ), #2736 ) ;
#1146 = CARTESIAN_POINT ( 'NONE',  ( 8.600000000000029800, -3.899999999999925300, -4.950000000000017100 ) ) ;
#1147 = VECTOR ( 'NONE', #408, 1000.000000000000000 ) ;
#1148 = ORIENTED_EDGE ( 'NONE', *, *, #2838, .F. ) ;
#1149 = LINE ( 'NONE', #1521, #5272 ) ;
#1150 =( LENGTH_UNIT ( ) NAMED_UNIT ( * ) SI_UNIT ( .MILLI., .METRE. ) );
#1151 = FILL_AREA_STYLE_COLOUR ( '', #2485 ) ;
#1152 = AXIS2_PLACEMENT_3D ( 'NONE', #1522, #4795, #2611 ) ;
#1153 = FILL_AREA_STYLE ('',( #1898 ) ) ;
#1154 = ORIENTED_EDGE ( 'NONE', *, *, #4123, .T. ) ;
#1155 = CARTESIAN_POINT ( 'NONE',  ( 3.775000000000012300, -1.799999999999967200, -1.800000000000006300 ) ) ;
#1156 = ADVANCED_FACE ( 'NONE', ( #3791 ), #4267, .F. ) ;
#1157 = CARTESIAN_POINT ( 'NONE',  ( 9.600000000000031600, -4.199999999999922000, -3.950000000000017900 ) ) ;
#1158 = LINE ( 'NONE', #3802, #2635 ) ;
#1159 = FILL_AREA_STYLE ('',( #2420 ) ) ;
#1160 =( NAMED_UNIT ( * ) SI_UNIT ( $, .STERADIAN. ) SOLID_ANGLE_UNIT ( ) );
#1161 = ORIENTED_EDGE ( 'NONE', *, *, #1388, .F. ) ;
#1162 = EDGE_LOOP ( 'NONE', ( #2858, #5227, #2151, #1448 ) ) ;
#1163 = DIRECTION ( 'NONE',  ( -1.000000000000000000, -6.982966722218764100E-015, -2.438091212180733500E-029 ) ) ;
#1164 = AXIS2_PLACEMENT_3D ( 'NONE', #2329, #4336, #1913 ) ;
#1165 = VECTOR ( 'NONE', #165, 1000.000000000000000 ) ;
#1166 = VECTOR ( 'NONE', #4094, 1000.000000000000000 ) ;
#1167 = ORIENTED_EDGE ( 'NONE', *, *, #3539, .T. ) ;
#1168 =( LENGTH_UNIT ( ) NAMED_UNIT ( * ) SI_UNIT ( .MILLI., .METRE. ) );
#1169 = DIRECTION ( 'NONE',  ( 1.000000000000000000, 6.982966722218764100E-015, 2.438091212180733500E-029 ) ) ;
#1170 = DIRECTION ( 'NONE',  ( -0.0000000000000000000, 3.491483361109382100E-015, -1.000000000000000000 ) ) ;
#1171 = DIRECTION ( 'NONE',  ( 6.982966722218764100E-015, -1.000000000000000000, -3.491483361109382100E-015 ) ) ;
#1172 = ORIENTED_EDGE ( 'NONE', *, *, #2079, .F. ) ;
#1173 = LINE ( 'NONE', #3635, #3214 ) ;
#1174 = LINE ( 'NONE', #331, #4175 ) ;
#1175 = VECTOR ( 'NONE', #1627, 1000.000000000000000 ) ;
#1176 = CARTESIAN_POINT ( 'NONE',  ( 11.70000000000001500, -2.149999999999918600, -0.01000000000000683500 ) ) ;
#1177 = CARTESIAN_POINT ( 'NONE',  ( 11.24999999999998400, 1.950000000000086100, -2.099999999999994800 ) ) ;
#1178 = LINE ( 'NONE', #3663, #1306 ) ;
#1179 = DIRECTION ( 'NONE',  ( -6.982966722218764100E-015, 1.000000000000000000, 3.491483361109382100E-015 ) ) ;
#1180 = CARTESIAN_POINT ( 'NONE',  ( 1.400000000000028800, -4.199999999999978900, -3.950000000000014400 ) ) ;
#1181 = ADVANCED_FACE ( 'NONE', ( #1763 ), #4360, .F. ) ;
#1182 = SURFACE_STYLE_USAGE ( .BOTH. , #4897 ) ;
#1183 = ORIENTED_EDGE ( 'NONE', *, *, #166, .T. ) ;
#1184 = LINE ( 'NONE', #4260, #2022 ) ;
#1185 = EDGE_CURVE ( 'NONE', #2607, #4655, #1495, .T. ) ;
#1186 = DIRECTION ( 'NONE',  ( -1.000000000000000000, -6.982966722218764100E-015, -2.438091212180733500E-029 ) ) ;
#1187 = EDGE_CURVE ( 'NONE', #207, #2465, #2647, .T. ) ;
#1188 = EDGE_CURVE ( 'NONE', #1736, #1968, #1432, .T. ) ;
#1189 = CARTESIAN_POINT ( 'NONE',  ( 9.600000000000029800, -3.949999999999921600, -3.950000000000017100 ) ) ;
#1190 = CARTESIAN_POINT ( 'NONE',  ( 1.400000000000027700, -4.049999999999979400, -3.950000000000013500 ) ) ;
#1191 = EDGE_LOOP ( 'NONE', ( #4557, #2504, #4768, #4332 ) ) ;
#1192 = EDGE_LOOP ( 'NONE', ( #915, #1148, #2347, #1872 ) ) ;
#1193 = ADVANCED_FACE ( 'NONE', ( #917 ), #4418, .F. ) ;
#1194 = CARTESIAN_POINT ( 'NONE',  ( 10.60000000000003200, -4.199999999999914900, -3.950000000000018400 ) ) ;
#1195 = ORIENTED_EDGE ( 'NONE', *, *, #3430, .F. ) ;
#1196 = VERTEX_POINT ( 'NONE', #1542 ) ;
#1197 = DIRECTION ( 'NONE',  ( 4.191718280144691300E-030, -3.491483361109382500E-015, 1.000000000000000000 ) ) ;
#1198 = DIRECTION ( 'NONE',  ( -6.982966722218764100E-015, 1.000000000000000000, 3.491483361109382100E-015 ) ) ;
#1199 = ORIENTED_EDGE ( 'NONE', *, *, #2621, .F. ) ;
#1200 = CARTESIAN_POINT ( 'NONE',  ( 6.600000000000028100, -3.949999999999944200, -3.450000000000012600 ) ) ;
#1201 = CARTESIAN_POINT ( 'NONE',  ( 9.600000000000029800, -4.049999999999923400, -3.450000000000014400 ) ) ;
#1202 = AXIS2_PLACEMENT_3D ( 'NONE', #1, #3297, #2080 ) ;
#1203 = ORIENTED_EDGE ( 'NONE', *, *, #3908, .F. ) ;
#1204 = ORIENTED_EDGE ( 'NONE', *, *, #4485, .F. ) ;
#1205 = SURFACE_SIDE_STYLE ('',( #1390 ) ) ;
#1206 = EDGE_CURVE ( 'NONE', #2031, #3306, #911, .T. ) ;
#1207 = EDGE_LOOP ( 'NONE', ( #2446, #3239, #2252, #3203 ) ) ;
#1208 = DIRECTION ( 'NONE',  ( 8.462065736472233800E-016, -3.491483361109376100E-015, 1.000000000000000000 ) ) ;
#1209 = ORIENTED_EDGE ( 'NONE', *, *, #957, .T. ) ;
#1210 = PLANE ( 'NONE',  #4320 ) ;
#1211 = LINE ( 'NONE', #3222, #5325 ) ;
#1212 = SURFACE_STYLE_USAGE ( .BOTH. , #4063 ) ;
#1213 = CARTESIAN_POINT ( 'NONE',  ( 7.600000000000028100, -3.949999999999935300, -3.950000000000016200 ) ) ;
#1214 = FILL_AREA_STYLE ('',( #4886 ) ) ;
#1215 = CARTESIAN_POINT ( 'NONE',  ( 11.30000000000003100, -4.125819451966625800, -2.050000000000014900 ) ) ;
#1216 = LINE ( 'NONE', #2459, #2053 ) ;
#1217 = CARTESIAN_POINT ( 'NONE',  ( 9.175000000000027400, -4.049999999999931400, -1.800000000000014700 ) ) ;
#1218 = STYLED_ITEM ( 'NONE', ( #4536 ), #5337 ) ;
#1219 =( LENGTH_UNIT ( ) NAMED_UNIT ( * ) SI_UNIT ( .MILLI., .METRE. ) );
#1220 = PRESENTATION_LAYER_ASSIGNMENT (  '', '', ( #3681 ) ) ;
#1221 = EDGE_CURVE ( 'NONE', #2104, #4276, #1301, .T. ) ;
#1222 = EDGE_CURVE ( 'NONE', #4018, #1394, #10, .T. ) ;
#1223 = COLOUR_RGB ( '',0.7529411764705882200, 0.7529411764705882200, 0.7529411764705882200 ) ;
#1224 = ORIENTED_EDGE ( 'NONE', *, *, #4082, .T. ) ;
#1225 = ORIENTED_EDGE ( 'NONE', *, *, #583, .T. ) ;
#1226 = VECTOR ( 'NONE', #3219, 1000.000000000000000 ) ;
#1227 = EDGE_LOOP ( 'NONE', ( #840, #221, #2672, #2152 ) ) ;
#1228 = CARTESIAN_POINT ( 'NONE',  ( 4.600000000000028100, -3.949999999999956200, -3.950000000000015300 ) ) ;
#1229 = VECTOR ( 'NONE', #668, 1000.000000000000000 ) ;
#1230 = MECHANICAL_DESIGN_GEOMETRIC_PRESENTATION_REPRESENTATION (  '', ( #1781 ), #274 ) ;
#1231 = ORIENTED_EDGE ( 'NONE', *, *, #4807, .T. ) ;
#1232 = ORIENTED_EDGE ( 'NONE', *, *, #2215, .F. ) ;
#1233 = VECTOR ( 'NONE', #2732, 1000.000000000000000 ) ;
#1234 = CARTESIAN_POINT ( 'NONE',  ( 0.4999999999999863400, 1.950000000000012400, -2.449999999999993500 ) ) ;
#1235 = SURFACE_STYLE_FILL_AREA ( #2145 ) ;
#1236 = VERTEX_POINT ( 'NONE', #3568 ) ;
#1237 = DIRECTION ( 'NONE',  ( -1.000000000000000000, -6.982966722218764100E-015, -2.438091212180733500E-029 ) ) ;
#1238 = DIRECTION ( 'NONE',  ( 1.000000000000000000, 6.982966722218764900E-015, -1.195183497227871700E-016 ) ) ;
#1239 = DIRECTION ( 'NONE',  ( 1.000000000000000000, 6.982966722218764100E-015, 2.438091212180733500E-029 ) ) ;
#1240 = CARTESIAN_POINT ( 'NONE',  ( 8.600000000000029800, -4.049999999999930500, -3.450000000000013900 ) ) ;
#1241 = ADVANCED_FACE ( 'NONE', ( #5158 ), #669, .F. ) ;
#1242 = VECTOR ( 'NONE', #51, 1000.000000000000000 ) ;
#1243 = FACE_OUTER_BOUND ( 'NONE', #1227, .T. ) ;
#1244 = LINE ( 'NONE', #3235, #3144 ) ;
#1245 = AXIS2_PLACEMENT_3D ( 'NONE', #304, #4777, #323 ) ;
#1246 = VECTOR ( 'NONE', #1825, 1000.000000000000000 ) ;
#1247 = ORIENTED_EDGE ( 'NONE', *, *, #2140, .T. ) ;
#1248 = LINE ( 'NONE', #5239, #4517 ) ;
#1249 = VECTOR ( 'NONE', #1939, 1000.000000000000000 ) ;
#1250 = DIRECTION ( 'NONE',  ( 6.982966722218764100E-015, -1.000000000000000000, -3.491483361109382100E-015 ) ) ;
#1251 = PRESENTATION_STYLE_ASSIGNMENT (( #5171 ) ) ;
#1252 = PLANE ( 'NONE',  #3983 ) ;
#1253 = EDGE_LOOP ( 'NONE', ( #1881, #1641, #1023, #1834 ) ) ;
#1254 = EDGE_CURVE ( 'NONE', #1309, #4615, #2713, .T. ) ;
#1255 = DIRECTION ( 'NONE',  ( -6.982966722218764100E-015, 1.000000000000000000, 3.491483361109382100E-015 ) ) ;
#1256 = DIRECTION ( 'NONE',  ( -0.0000000000000000000, 3.491483361109382100E-015, -1.000000000000000000 ) ) ;
#1257 = DIRECTION ( 'NONE',  ( -1.000000000000000000, -6.982966722218767300E-015, 8.462065736471990200E-016 ) ) ;
#1258 = CARTESIAN_POINT ( 'NONE',  ( 8.400000000000028800, -3.949999999999928200, -4.400000000000014600 ) ) ;
#1259 = ORIENTED_EDGE ( 'NONE', *, *, #3935, .T. ) ;
#1260 = CARTESIAN_POINT ( 'NONE',  ( 5.600000000000029000, -4.049999999999951000, -3.450000000000012600 ) ) ;
#1261 = VECTOR ( 'NONE', #997, 1000.000000000000000 ) ;
#1262 = ORIENTED_EDGE ( 'NONE', *, *, #4811, .F. ) ;
#1263 = CARTESIAN_POINT ( 'NONE',  ( 11.50000000000002500, -3.449999999999917600, -0.6500000000000169000 ) ) ;
#1264 = ORIENTED_EDGE ( 'NONE', *, *, #4893, .F. ) ;
#1265 = ADVANCED_FACE ( 'NONE', ( #3667 ), #2421, .F. ) ;
#1266 =( LENGTH_UNIT ( ) NAMED_UNIT ( * ) SI_UNIT ( .MILLI., .METRE. ) );
#1267 = AXIS2_PLACEMENT_3D ( 'NONE', #1200, #377, #790 ) ;
#1268 = CARTESIAN_POINT ( 'NONE',  ( 3.600000000000029000, -4.049999999999965200, -3.450000000000011300 ) ) ;
#1269 = COLOUR_RGB ( '',0.7529411764705882200, 0.7529411764705882200, 0.7529411764705882200 ) ;
#1270 = PLANE ( 'NONE',  #2575 ) ;
#1271 = SURFACE_STYLE_USAGE ( .BOTH. , #3714 ) ;
#1272 = UNCERTAINTY_MEASURE_WITH_UNIT (LENGTH_MEASURE( 1.000000000000000100E-005 ), #1219, 'distance_accuracy_value', 'NONE');
#1273 = VECTOR ( 'NONE', #2162, 1000.000000000000000 ) ;
#1274 = CARTESIAN_POINT ( 'NONE',  ( 11.29999999999998600, 1.950000000000083900, -1.299999999999993600 ) ) ;
#1275 = ORIENTED_EDGE ( 'NONE', *, *, #3937, .F. ) ;
#1276 = EDGE_LOOP ( 'NONE', ( #3910, #240, #4029, #3692, #3798, #879 ) ) ;
#1277 = DIRECTION ( 'NONE',  ( 4.177074587930242000E-030, 2.893302852151862400E-015, -1.000000000000000000 ) ) ;
#1278 = DIRECTION ( 'NONE',  ( -1.000000000000000000, -6.982966722218764100E-015, -2.438091212180733500E-029 ) ) ;
#1279 = DIRECTION ( 'NONE',  ( -6.982966722218764100E-015, 1.000000000000000000, 3.491483361109382100E-015 ) ) ;
#1280 = LINE ( 'NONE', #1568, #1226 ) ;
#1281 = ORIENTED_EDGE ( 'NONE', *, *, #1600, .T. ) ;
#1282 = EDGE_CURVE ( 'NONE', #2245, #1887, #1363, .T. ) ;
#1283 = EDGE_CURVE ( 'NONE', #2183, #5072, #252, .T. ) ;
#1284 = EDGE_CURVE ( 'NONE', #5071, #2577, #4445, .T. ) ;
#1285 =( NAMED_UNIT ( * ) SI_UNIT ( $, .STERADIAN. ) SOLID_ANGLE_UNIT ( ) );
#1286 = VECTOR ( 'NONE', #187, 1000.000000000000000 ) ;
#1287 = ORIENTED_EDGE ( 'NONE', *, *, #3371, .T. ) ;
#1288 = VERTEX_POINT ( 'NONE', #2843 ) ;
#1289 = FILL_AREA_STYLE_COLOUR ( '', #188 ) ;
#1290 = AXIS2_PLACEMENT_3D ( 'NONE', #538, #2562, #1385 ) ;
#1291 = CARTESIAN_POINT ( 'NONE',  ( 11.50000000000001600, -2.149999999999920000, -0.01000000000000666500 ) ) ;
#1292 = LINE ( 'NONE', #3738, #4433 ) ;
#1293 = VERTEX_POINT ( 'NONE', #3631 ) ;
#1294 = PLANE ( 'NONE',  #3168 ) ;
#1295 = CARTESIAN_POINT ( 'NONE',  ( 2.600000000000028500, -3.949999999999968200, -4.400000000000014600 ) ) ;
#1296 = AXIS2_PLACEMENT_3D ( 'NONE', #49, #2937, #3333 ) ;
#1297 = LINE ( 'NONE', #1465, #1246 ) ;
#1298 = VERTEX_POINT ( 'NONE', #4490 ) ;
#1299 = VECTOR ( 'NONE', #1197, 1000.000000000000000 ) ;
#1300 = FACE_OUTER_BOUND ( 'NONE', #1621, .T. ) ;
#1301 = LINE ( 'NONE', #2311, #4297 ) ;
#1302 =( LENGTH_UNIT ( ) NAMED_UNIT ( * ) SI_UNIT ( .MILLI., .METRE. ) );
#1303 = DIRECTION ( 'NONE',  ( 0.0000000000000000000, -3.491483361109382100E-015, 1.000000000000000000 ) ) ;
#1304 = ORIENTED_EDGE ( 'NONE', *, *, #450, .T. ) ;
#1305 = VECTOR ( 'NONE', #1880, 1000.000000000000000 ) ;
#1306 = VECTOR ( 'NONE', #3369, 1000.000000000000000 ) ;
#1307 = STYLED_ITEM ( 'NONE', ( #256 ), #1193 ) ;
#1308 = PLANE ( 'NONE',  #858 ) ;
#1309 = VERTEX_POINT ( 'NONE', #1190 ) ;
#1310 = SURFACE_STYLE_FILL_AREA ( #4605 ) ;
#1311 = EDGE_CURVE ( 'NONE', #1751, #2005, #1244, .T. ) ;
#1312 = ORIENTED_EDGE ( 'NONE', *, *, #998, .T. ) ;
#1313 = ORIENTED_EDGE ( 'NONE', *, *, #1456, .T. ) ;
#1314 = CARTESIAN_POINT ( 'NONE',  ( 4.600000000000029000, -4.049999999999956300, -3.950000000000015300 ) ) ;
#1315 = AXIS2_PLACEMENT_3D ( 'NONE', #2167, #1378, #4246 ) ;
#1316 = EDGE_CURVE ( 'NONE', #1516, #491, #3276, .T. ) ;
#1317 = CARTESIAN_POINT ( 'NONE',  ( 10.82500000000000100, -0.04999999999991729800, -1.950000000000000800 ) ) ;
#1318 = DIRECTION ( 'NONE',  ( -1.000000000000000000, -6.982966722218764100E-015, -2.438091212180733500E-029 ) ) ;
#1319 = EDGE_CURVE ( 'NONE', #1952, #3047, #2479, .T. ) ;
#1320 = SURFACE_SIDE_STYLE ('',( #5125 ) ) ;
#1321 = ORIENTED_EDGE ( 'NONE', *, *, #131, .T. ) ;
#1322 = ADVANCED_FACE ( 'NONE', ( #128, #1093 ), #3181, .T. ) ;
#1323 = EDGE_LOOP ( 'NONE', ( #4979, #568, #3028, #3162 ) ) ;
#1324 =( NAMED_UNIT ( * ) PLANE_ANGLE_UNIT ( ) SI_UNIT ( $, .RADIAN. ) );
#1325 = VECTOR ( 'NONE', #382, 1000.000000000000000 ) ;
#1326 = EDGE_LOOP ( 'NONE', ( #3559, #2990, #2276, #2507 ) ) ;
#1327 = VECTOR ( 'NONE', #741, 1000.000000000000000 ) ;
#1328 = STYLED_ITEM ( 'NONE', ( #610 ), #4872 ) ;
#1329 = ORIENTED_EDGE ( 'NONE', *, *, #1103, .F. ) ;
#1330 = ORIENTED_EDGE ( 'NONE', *, *, #2938, .T. ) ;
#1331 = DIRECTION ( 'NONE',  ( -6.982966722218764100E-015, 1.000000000000000000, 3.392919527247063600E-015 ) ) ;
#1332 = EDGE_LOOP ( 'NONE', ( #3996, #4787, #4045, #5141 ) ) ;
#1333 = DIRECTION ( 'NONE',  ( 0.0000000000000000000, -3.491483361109382100E-015, 1.000000000000000000 ) ) ;
#1334 = PRESENTATION_LAYER_ASSIGNMENT (  '', '', ( #3725 ) ) ;
#1335 = ORIENTED_EDGE ( 'NONE', *, *, #3747, .T. ) ;
#1336 = ORIENTED_EDGE ( 'NONE', *, *, #3024, .F. ) ;
#1337 = DIRECTION ( 'NONE',  ( 1.000000000000000000, 6.982966722218764100E-015, 2.438091212180733500E-029 ) ) ;
#1338 = CARTESIAN_POINT ( 'NONE',  ( 9.600000000000031600, -4.199999999999918500, -4.950000000000017900 ) ) ;
#1339 = DIRECTION ( 'NONE',  ( 0.0000000000000000000, -3.491483361109382100E-015, 1.000000000000000000 ) ) ;
#1340 = CARTESIAN_POINT ( 'NONE',  ( 5.600000000000029800, -4.199999999999949600, -3.950000000000016200 ) ) ;
#1341 = UNCERTAINTY_MEASURE_WITH_UNIT (LENGTH_MEASURE( 1.000000000000000100E-005 ), #747, 'distance_accuracy_value', 'NONE');
#1342 = LINE ( 'NONE', #5335, #617 ) ;
#1343 = CARTESIAN_POINT ( 'NONE',  ( 8.400000000000028800, -3.899999999999926600, -4.950000000000017100 ) ) ;
#1344 = VECTOR ( 'NONE', #4164, 1000.000000000000000 ) ;
#1345 = ORIENTED_EDGE ( 'NONE', *, *, #1485, .F. ) ;
#1346 = PLANE ( 'NONE',  #4800 ) ;
#1347 = VECTOR ( 'NONE', #4458, 1000.000000000000000 ) ;
#1348 = PLANE ( 'NONE',  #5119 ) ;
#1349 = VERTEX_POINT ( 'NONE', #2805 ) ;
#1350 = ORIENTED_EDGE ( 'NONE', *, *, #3259, .T. ) ;
#1351 = CARTESIAN_POINT ( 'NONE',  ( 1.175000000000028000, -4.159046182766869200, -2.100000000000016100 ) ) ;
#1352 = PLANE ( 'NONE',  #966 ) ;
#1353 = FILL_AREA_STYLE ('',( #485 ) ) ;
#1354 = ORIENTED_EDGE ( 'NONE', *, *, #2282, .F. ) ;
#1355 = VERTEX_POINT ( 'NONE', #4469 ) ;
#1356 = EDGE_CURVE ( 'NONE', #4822, #4534, #2263, .T. ) ;
#1357 =( GEOMETRIC_REPRESENTATION_CONTEXT ( 3 ) GLOBAL_UNCERTAINTY_ASSIGNED_CONTEXT ( ( #2437 ) ) GLOBAL_UNIT_ASSIGNED_CONTEXT ( ( #788, #4908, #846 ) ) REPRESENTATION_CONTEXT ( 'NONE', 'WORKASPACE' ) );
#1358 = ORIENTED_EDGE ( 'NONE', *, *, #4224, .T. ) ;
#1359 = SURFACE_STYLE_USAGE ( .BOTH. , #1793 ) ;
#1360 = LINE ( 'NONE', #3104, #2770 ) ;
#1361 = ORIENTED_EDGE ( 'NONE', *, *, #4809, .T. ) ;
#1362 = DIRECTION ( 'NONE',  ( 0.0000000000000000000, -3.491483361109382100E-015, 1.000000000000000000 ) ) ;
#1363 = LINE ( 'NONE', #4881, #3017 ) ;
#1364 = CARTESIAN_POINT ( 'NONE',  ( 11.99999999999998600, 1.950000000000099000, -4.399999999999993200 ) ) ;
#1365 = ADVANCED_FACE ( 'NONE', ( #3898 ), #2404, .F. ) ;
#1366 = STYLED_ITEM ( 'NONE', ( #5291 ), #4015 ) ;
#1367 = DIRECTION ( 'NONE',  ( -0.0000000000000000000, 3.491483361109382100E-015, -1.000000000000000000 ) ) ;
#1368 = PRESENTATION_STYLE_ASSIGNMENT (( #226 ) ) ;
#1369 = ORIENTED_EDGE ( 'NONE', *, *, #5177, .F. ) ;
#1370 = VECTOR ( 'NONE', #2455, 1000.000000000000000 ) ;
#1371 = FACE_OUTER_BOUND ( 'NONE', #1393, .T. ) ;
#1372 = CARTESIAN_POINT ( 'NONE',  ( 0.5000000000000240900, -3.449999999999994400, -0.6500000000000122300 ) ) ;
#1373 =( LENGTH_UNIT ( ) NAMED_UNIT ( * ) SI_UNIT ( .MILLI., .METRE. ) );
#1374 = PRESENTATION_LAYER_ASSIGNMENT (  '', '', ( #4503 ) ) ;
#1375 = ADVANCED_FACE ( 'NONE', ( #3963 ), #2861, .T. ) ;
#1376 = ORIENTED_EDGE ( 'NONE', *, *, #486, .F. ) ;
#1377 = LINE ( 'NONE', #1806, #787 ) ;
#1378 = DIRECTION ( 'NONE',  ( 1.000000000000000000, 6.982966722218764100E-015, 2.438091212180733500E-029 ) ) ;
#1379 = ORIENTED_EDGE ( 'NONE', *, *, #4683, .T. ) ;
#1380 = VECTOR ( 'NONE', #3209, 1000.000000000000000 ) ;
#1381 = ORIENTED_EDGE ( 'NONE', *, *, #4054, .F. ) ;
#1382 = ORIENTED_EDGE ( 'NONE', *, *, #4545, .T. ) ;
#1383 = CARTESIAN_POINT ( 'NONE',  ( 3.775000000000012300, -1.799999999999967200, -1.800000000000005200 ) ) ;
#1384 = VERTEX_POINT ( 'NONE', #783 ) ;
#1385 = DIRECTION ( 'NONE',  ( 1.000000000000000000, 6.982966722218764100E-015, 2.438091212180733500E-029 ) ) ;
#1386 = STYLED_ITEM ( 'NONE', ( #2781 ), #15 ) ;
#1387 = PLANE ( 'NONE',  #1715 ) ;
#1388 = EDGE_CURVE ( 'NONE', #474, #2554, #1750, .T. ) ;
#1389 =( NAMED_UNIT ( * ) PLANE_ANGLE_UNIT ( ) SI_UNIT ( $, .RADIAN. ) );
#1390 = SURFACE_STYLE_FILL_AREA ( #2835 ) ;
#1391 = ORIENTED_EDGE ( 'NONE', *, *, #2622, .F. ) ;
#1392 = PLANE ( 'NONE',  #1315 ) ;
#1393 = EDGE_LOOP ( 'NONE', ( #183, #349, #430, #5005, #4754, #2523 ) ) ;
#1394 = VERTEX_POINT ( 'NONE', #802 ) ;
#1395 = AXIS2_PLACEMENT_3D ( 'NONE', #3246, #2818, #1179 ) ;
#1396 = VECTOR ( 'NONE', #4563, 1000.000000000000000 ) ;
#1397 = DIRECTION ( 'NONE',  ( -6.982966722218764100E-015, 1.000000000000000000, 3.491483361109382100E-015 ) ) ;
#1398 = LINE ( 'NONE', #3476, #3873 ) ;
#1399 = FILL_AREA_STYLE_COLOUR ( '', #4902 ) ;
#1400 = ORIENTED_EDGE ( 'NONE', *, *, #4282, .T. ) ;
#1401 = ORIENTED_EDGE ( 'NONE', *, *, #4289, .F. ) ;
#1402 = SURFACE_SIDE_STYLE ('',( #2181 ) ) ;
#1403 = AXIS2_PLACEMENT_3D ( 'NONE', #618, #3061, #2656 ) ;
#1404 = LINE ( 'NONE', #853, #367 ) ;
#1405 = CARTESIAN_POINT ( 'NONE',  ( 11.30000000000001800, -2.599999999999918800, -0.6000000000000114100 ) ) ;
#1406 = SURFACE_SIDE_STYLE ('',( #1591 ) ) ;
#1407 = CARTESIAN_POINT ( 'NONE',  ( 8.600000000000031600, -4.199999999999925600, -4.950000000000017900 ) ) ;
#1408 = LINE ( 'NONE', #4905, #4017 ) ;
#1409 =( GEOMETRIC_REPRESENTATION_CONTEXT ( 3 ) GLOBAL_UNCERTAINTY_ASSIGNED_CONTEXT ( ( #1496 ) ) GLOBAL_UNIT_ASSIGNED_CONTEXT ( ( #3768, #2192, #3786 ) ) REPRESENTATION_CONTEXT ( 'NONE', 'WORKASPACE' ) );
#1410 = FILL_AREA_STYLE ('',( #1760 ) ) ;
#1411 = VECTOR ( 'NONE', #3616, 1000.000000000000000 ) ;
#1412 = CARTESIAN_POINT ( 'NONE',  ( 6.600000000000028100, -3.949999999999940700, -4.400000000000014600 ) ) ;
#1413 = CARTESIAN_POINT ( 'NONE',  ( 8.600000000000029800, -3.949999999999928200, -3.950000000000017100 ) ) ;
#1414 = VECTOR ( 'NONE', #5090, 1000.000000000000000 ) ;
#1415 = FILL_AREA_STYLE ('',( #1399 ) ) ;
#1416 = EDGE_CURVE ( 'NONE', #2062, #3213, #2840, .T. ) ;
#1417 = EDGE_CURVE ( 'NONE', #5121, #1038, #1876, .T. ) ;
#1418 = DIRECTION ( 'NONE',  ( 0.0000000000000000000, -3.491483361109382100E-015, 1.000000000000000000 ) ) ;
#1419 = FACE_OUTER_BOUND ( 'NONE', #5306, .T. ) ;
#1420 = EDGE_CURVE ( 'NONE', #2490, #3130, #3780, .T. ) ;
#1421 = ORIENTED_EDGE ( 'NONE', *, *, #480, .T. ) ;
#1422 = VERTEX_POINT ( 'NONE', #3688 ) ;
#1423 = DIRECTION ( 'NONE',  ( -1.000000000000000000, -6.982966722218764100E-015, -2.438091212180733500E-029 ) ) ;
#1424 = LINE ( 'NONE', #1698, #579 ) ;
#1425 = LINE ( 'NONE', #5042, #4953 ) ;
#1426 = AXIS2_PLACEMENT_3D ( 'NONE', #4020, #1946, #2790 ) ;
#1427 = VECTOR ( 'NONE', #2307, 1000.000000000000000 ) ;
#1428 = CARTESIAN_POINT ( 'NONE',  ( 0.5000000000000240900, -3.449999999999989100, -2.250000000000012000 ) ) ;
#1429 = ORIENTED_EDGE ( 'NONE', *, *, #4403, .F. ) ;
#1430 = VECTOR ( 'NONE', #1979, 1000.000000000000000 ) ;
#1431 = LINE ( 'NONE', #1107, #1249 ) ;
#1432 = LINE ( 'NONE', #4400, #2487 ) ;
#1433 = CARTESIAN_POINT ( 'NONE',  ( 11.24999999999998400, 1.950000000000085900, -2.049999999999993600 ) ) ;
#1434 = UNCERTAINTY_MEASURE_WITH_UNIT (LENGTH_MEASURE( 1.000000000000000100E-005 ), #946, 'distance_accuracy_value', 'NONE');
#1435 = CARTESIAN_POINT ( 'NONE',  ( 2.828101522498601200E-014, -4.049999999999986500, -4.400000000000014600 ) ) ;
#1436 = ORIENTED_EDGE ( 'NONE', *, *, #1206, .T. ) ;
#1437 = LINE ( 'NONE', #2725, #1762 ) ;
#1438 = DIRECTION ( 'NONE',  ( -6.982966722218764100E-015, 1.000000000000000000, 3.491483361109382100E-015 ) ) ;
#1439 = ORIENTED_EDGE ( 'NONE', *, *, #623, .T. ) ;
#1440 = PRESENTATION_STYLE_ASSIGNMENT (( #924 ) ) ;
#1441 = PLANE ( 'NONE',  #1403 ) ;
#1442 = VECTOR ( 'NONE', #3778, 1000.000000000000000 ) ;
#1443 = CARTESIAN_POINT ( 'NONE',  ( 4.600000000000027200, -3.899999999999952800, -4.950000000000015300 ) ) ;
#1444 = STYLED_ITEM ( 'NONE', ( #3875 ), #42 ) ;
#1445 = VERTEX_POINT ( 'NONE', #4838 ) ;
#1446 = VERTEX_POINT ( 'NONE', #3612 ) ;
#1447 = DIRECTION ( 'NONE',  ( -6.982966722218764100E-015, 1.000000000000000000, 3.491483361109382100E-015 ) ) ;
#1448 = ORIENTED_EDGE ( 'NONE', *, *, #4681, .T. ) ;
#1449 = CARTESIAN_POINT ( 'NONE',  ( 11.49999999999998800, 1.300000000000093700, -3.750000000000001300 ) ) ;
#1450 = VECTOR ( 'NONE', #4880, 1000.000000000000000 ) ;
#1451 = ORIENTED_EDGE ( 'NONE', *, *, #2535, .F. ) ;
#1452 = ORIENTED_EDGE ( 'NONE', *, *, #3303, .F. ) ;
#1453 = DIRECTION ( 'NONE',  ( -8.462065736472218000E-016, 3.269082915471324000E-015, -1.000000000000000000 ) ) ;
#1454 = EDGE_CURVE ( 'NONE', #5121, #1446, #4816, .T. ) ;
#1455 =( NAMED_UNIT ( * ) PLANE_ANGLE_UNIT ( ) SI_UNIT ( $, .RADIAN. ) );
#1456 = EDGE_CURVE ( 'NONE', #2697, #1482, #2133, .T. ) ;
#1457 = EDGE_CURVE ( 'NONE', #1422, #2577, #2910, .T. ) ;
#1458 = LINE ( 'NONE', #5117, #3930 ) ;
#1459 = LINE ( 'NONE', #3702, #3001 ) ;
#1460 = ORIENTED_EDGE ( 'NONE', *, *, #3838, .T. ) ;
#1461 = LINE ( 'NONE', #1073, #1004 ) ;
#1462 = SURFACE_SIDE_STYLE ('',( #716 ) ) ;
#1463 = CARTESIAN_POINT ( 'NONE',  ( 1.600000000000027200, -3.949999999999978900, -3.450000000000009900 ) ) ;
#1464 = LINE ( 'NONE', #1594, #225 ) ;
#1465 = CARTESIAN_POINT ( 'NONE',  ( 2.825000000000000600, -0.04999999999997368400, -1.800000000000000700 ) ) ;
#1466 = PRESENTATION_LAYER_ASSIGNMENT (  '', '', ( #3915 ) ) ;
#1467 = DIRECTION ( 'NONE',  ( -1.000000000000000000, -6.982966722218764100E-015, -2.438091212180733500E-029 ) ) ;
#1468 = DIRECTION ( 'NONE',  ( 1.000000000000000000, 6.982966722218764900E-015, 2.438091212180733800E-029 ) ) ;
#1469 = DIRECTION ( 'NONE',  ( 7.885106708985499900E-016, -3.688611028834013500E-015, 1.000000000000000000 ) ) ;
#1470 = LINE ( 'NONE', #871, #878 ) ;
#1471 = MECHANICAL_DESIGN_GEOMETRIC_PRESENTATION_REPRESENTATION (  '', ( #4135 ), #5263 ) ;
#1472 = VECTOR ( 'NONE', #784, 1000.000000000000000 ) ;
#1473 = CARTESIAN_POINT ( 'NONE',  ( 7.400000000000027900, -3.949999999999937100, -3.950000000000016200 ) ) ;
#1474 = DIRECTION ( 'NONE',  ( -0.0000000000000000000, 3.491483361109382100E-015, -1.000000000000000000 ) ) ;
#1475 = CARTESIAN_POINT ( 'NONE',  ( 11.70000000000001200, -1.799999999999913200, -1.300000000000006900 ) ) ;
#1476 = DIRECTION ( 'NONE',  ( -0.0000000000000000000, 3.491483361109382100E-015, -1.000000000000000000 ) ) ;
#1477 = DIRECTION ( 'NONE',  ( 0.0000000000000000000, -3.491483361109382100E-015, 1.000000000000000000 ) ) ;
#1478 = VERTEX_POINT ( 'NONE', #2880 ) ;
#1479 = DIRECTION ( 'NONE',  ( 7.885106708985486100E-016, -3.491483361109376500E-015, 1.000000000000000000 ) ) ;
#1480 = CARTESIAN_POINT ( 'NONE',  ( 0.3000000000000155900, -2.149999999999995500, -0.6500000000000076800 ) ) ;
#1481 = LINE ( 'NONE', #4950, #906 ) ;
#1482 = VERTEX_POINT ( 'NONE', #476 ) ;
#1483 = CARTESIAN_POINT ( 'NONE',  ( 11.25000000000001100, -1.799999999999913900, -2.050000000000006500 ) ) ;
#1484 = EDGE_CURVE ( 'NONE', #2613, #4924, #1481, .T. ) ;
#1485 = EDGE_CURVE ( 'NONE', #4924, #1930, #3592, .T. ) ;
#1486 = COLOUR_RGB ( '',0.7529411764705882200, 0.7529411764705882200, 0.7529411764705882200 ) ;
#1487 = ORIENTED_EDGE ( 'NONE', *, *, #933, .T. ) ;
#1488 = COLOUR_RGB ( '',0.7529411764705882200, 0.7529411764705882200, 0.7529411764705882200 ) ;
#1489 =( NAMED_UNIT ( * ) SI_UNIT ( $, .STERADIAN. ) SOLID_ANGLE_UNIT ( ) );
#1490 = DIRECTION ( 'NONE',  ( -1.000000000000000000, -6.982966722218764100E-015, -2.438091212180733500E-029 ) ) ;
#1491 = CARTESIAN_POINT ( 'NONE',  ( 11.30000000000001300, -1.799999999999916100, -1.300000000000006900 ) ) ;
#1492 = ORIENTED_EDGE ( 'NONE', *, *, #1643, .T. ) ;
#1493 = LINE ( 'NONE', #746, #4900 ) ;
#1494 = VECTOR ( 'NONE', #4270, 1000.000000000000000 ) ;
#1495 = LINE ( 'NONE', #3588, #1817 ) ;
#1496 = UNCERTAINTY_MEASURE_WITH_UNIT (LENGTH_MEASURE( 1.000000000000000100E-005 ), #3768, 'distance_accuracy_value', 'NONE');
#1497 = AXIS2_PLACEMENT_3D ( 'NONE', #3428, #3832, #1027 ) ;
#1498 =( LENGTH_UNIT ( ) NAMED_UNIT ( * ) SI_UNIT ( .MILLI., .METRE. ) );
#1499 = CARTESIAN_POINT ( 'NONE',  ( 11.99999999999999800, -0.2999999999999030700, -3.750000000000006700 ) ) ;
#1500 = ORIENTED_EDGE ( 'NONE', *, *, #3605, .T. ) ;
#1501 = VECTOR ( 'NONE', #5017, 1000.000000000000000 ) ;
#1502 = DIRECTION ( 'NONE',  ( 1.682432820138569100E-030, 3.250549545001492500E-015, -1.000000000000000000 ) ) ;
#1503 = STYLED_ITEM ( 'NONE', ( #2255 ), #1585 ) ;
#1504 = SURFACE_SIDE_STYLE ('',( #114 ) ) ;
#1505 = SURFACE_STYLE_USAGE ( .BOTH. , #2357 ) ;
#1506 = CARTESIAN_POINT ( 'NONE',  ( 11.49999999999999800, -0.2999999999999065100, -3.750000000000006200 ) ) ;
#1507 = EDGE_LOOP ( 'NONE', ( #1580, #1049, #148, #2881, #2556, #5156, #180, #3535, #236, #2124, #3477, #2718, #283, #3293, #48, #5140, #344, #3613, #1846, #467, #5244, #4000, #1172, #431, #55, #3553, #595, #3756, #3869, #2778, #1800, #4685, #4025, #4654, #3089, #3305, #3232, #1330, #494, #4134, #3043, #4642, #1382, #141, #1313, #1492, #3597, #4499, #1623, #2655, #2129, #4604 ) ) ;
#1508 = ORIENTED_EDGE ( 'NONE', *, *, #3745, .F. ) ;
#1509 = ORIENTED_EDGE ( 'NONE', *, *, #3302, .F. ) ;
#1510 = PLANE ( 'NONE',  #4904 ) ;
#1511 = DIRECTION ( 'NONE',  ( 0.0000000000000000000, -3.491483361109382100E-015, 1.000000000000000000 ) ) ;
#1512 = PRESENTATION_LAYER_ASSIGNMENT (  '', '', ( #5195 ) ) ;
#1513 =( NAMED_UNIT ( * ) SI_UNIT ( $, .STERADIAN. ) SOLID_ANGLE_UNIT ( ) );
#1514 = ORIENTED_EDGE ( 'NONE', *, *, #998, .F. ) ;
#1515 = DIRECTION ( 'NONE',  ( 1.000000000000000000, 6.982966722218764100E-015, 2.438091212180733500E-029 ) ) ;
#1516 = VERTEX_POINT ( 'NONE', #2517 ) ;
#1517 = CARTESIAN_POINT ( 'NONE',  ( 11.25000000000001600, -2.599999999999908200, -3.650000000000009700 ) ) ;
#1518 = EDGE_CURVE ( 'NONE', #2615, #3172, #2640, .T. ) ;
#1519 = PLANE ( 'NONE',  #1082 ) ;
#1520 = SURFACE_STYLE_FILL_AREA ( #4731 ) ;
#1521 = CARTESIAN_POINT ( 'NONE',  ( 0.5000000000000240900, -3.449999999999989100, -2.250000000000012000 ) ) ;
#1522 = CARTESIAN_POINT ( 'NONE',  ( 4.600000000000028100, -3.949999999999956200, -3.950000000000015300 ) ) ;
#1523 = ORIENTED_EDGE ( 'NONE', *, *, #235, .T. ) ;
#1524 = LINE ( 'NONE', #4457, #2170 ) ;
#1525 = SURFACE_STYLE_FILL_AREA ( #895 ) ;
#1526 = DIRECTION ( 'NONE',  ( -6.982966722218764100E-015, 1.000000000000000000, 3.703035004521187900E-015 ) ) ;
#1527 =( NAMED_UNIT ( * ) SI_UNIT ( $, .STERADIAN. ) SOLID_ANGLE_UNIT ( ) );
#1528 = CARTESIAN_POINT ( 'NONE',  ( 10.82500000000003100, -4.159046182766800800, -2.100000000000016100 ) ) ;
#1529 = ORIENTED_EDGE ( 'NONE', *, *, #1282, .T. ) ;
#1530 = UNCERTAINTY_MEASURE_WITH_UNIT (LENGTH_MEASURE( 1.000000000000000100E-005 ), #1603, 'distance_accuracy_value', 'NONE');
#1531 = VECTOR ( 'NONE', #3153, 1000.000000000000000 ) ;
#1532 = AXIS2_PLACEMENT_3D ( 'NONE', #2268, #2681, #1590 ) ;
#1533 = DIRECTION ( 'NONE',  ( 1.000000000000000000, 6.982966722218764100E-015, 2.438091212180733500E-029 ) ) ;
#1534 = LINE ( 'NONE', #3546, #1065 ) ;
#1535 = LINE ( 'NONE', #2174, #4940 ) ;
#1536 = DIRECTION ( 'NONE',  ( -6.982966722218764100E-015, 1.000000000000000000, 3.491483361109382100E-015 ) ) ;
#1537 = DIRECTION ( 'NONE',  ( -6.982966722218764100E-015, 1.000000000000000000, 3.220432817988006000E-015 ) ) ;
#1538 = LINE ( 'NONE', #2756, #3258 ) ;
#1539 = AXIS2_PLACEMENT_3D ( 'NONE', #4645, #1094, #3927 ) ;
#1540 = CARTESIAN_POINT ( 'NONE',  ( 1.174999999999985400, 1.950000000000015900, -2.099999999999994800 ) ) ;
#1541 = SURFACE_STYLE_FILL_AREA ( #1977 ) ;
#1542 = CARTESIAN_POINT ( 'NONE',  ( 11.49999999999998400, 1.950000000000089200, -2.449999999999998400 ) ) ;
#1543 = VERTEX_POINT ( 'NONE', #875 ) ;
#1544 = PRESENTATION_LAYER_ASSIGNMENT (  '', '', ( #327 ) ) ;
#1545 = CARTESIAN_POINT ( 'NONE',  ( 12.00000000000002800, -4.049999999999915400, -1.327314587450429900E-014 ) ) ;
#1546 = SURFACE_SIDE_STYLE ('',( #2262 ) ) ;
#1547 = DIRECTION ( 'NONE',  ( -0.0000000000000000000, 3.491483361109382100E-015, -1.000000000000000000 ) ) ;
#1548 = FACE_OUTER_BOUND ( 'NONE', #996, .T. ) ;
#1549 = FILL_AREA_STYLE_COLOUR ( '', #3321 ) ;
#1550 = VECTOR ( 'NONE', #1318, 1000.000000000000000 ) ;
#1551 = ORIENTED_EDGE ( 'NONE', *, *, #1966, .F. ) ;
#1552 = DIRECTION ( 'NONE',  ( -1.000000000000000000, -6.982966722218766500E-015, 7.885106708985242500E-016 ) ) ;
#1553 = PRESENTATION_STYLE_ASSIGNMENT (( #2103 ) ) ;
#1554 = CARTESIAN_POINT ( 'NONE',  ( 11.50000000000002300, -3.449999999999912200, -2.210000000000011500 ) ) ;
#1555 = VECTOR ( 'NONE', #5091, 1000.000000000000000 ) ;
#1556 = ADVANCED_FACE ( 'NONE', ( #245 ), #1252, .F. ) ;
#1557 =( NAMED_UNIT ( * ) PLANE_ANGLE_UNIT ( ) SI_UNIT ( $, .RADIAN. ) );
#1558 = VECTOR ( 'NONE', #194, 1000.000000000000000 ) ;
#1559 = EDGE_LOOP ( 'NONE', ( #4506, #806, #4174, #5134, #5052, #2385 ) ) ;
#1560 = LINE ( 'NONE', #356, #4241 ) ;
#1561 = LINE ( 'NONE', #289, #970 ) ;
#1562 = EDGE_CURVE ( 'NONE', #1038, #84, #704, .T. ) ;
#1563 = EDGE_CURVE ( 'NONE', #898, #4616, #1424, .T. ) ;
#1564 = EDGE_CURVE ( 'NONE', #1661, #3387, #1292, .T. ) ;
#1565 = LINE ( 'NONE', #2327, #1305 ) ;
#1566 = DIRECTION ( 'NONE',  ( -0.0000000000000000000, 3.491483361109382100E-015, -1.000000000000000000 ) ) ;
#1567 = DIRECTION ( 'NONE',  ( -6.982966722218764100E-015, 1.000000000000000000, 3.491483361109382100E-015 ) ) ;
#1568 = CARTESIAN_POINT ( 'NONE',  ( 11.49999999999998900, 1.300000000000089300, -2.450000000000001100 ) ) ;
#1569 = EDGE_LOOP ( 'NONE', ( #769, #2158, #1487, #373 ) ) ;
#1570 = MECHANICAL_DESIGN_GEOMETRIC_PRESENTATION_REPRESENTATION (  '', ( #1009 ), #943 ) ;
#1571 = DIRECTION ( 'NONE',  ( -1.000000000000000000, -6.982966722218767300E-015, 8.462065736471990200E-016 ) ) ;
#1572 = DIRECTION ( 'NONE',  ( -6.982966722218764100E-015, 1.000000000000000000, 3.491483361109382100E-015 ) ) ;
#1573 = PLANE ( 'NONE',  #1395 ) ;
#1574 = ORIENTED_EDGE ( 'NONE', *, *, #1518, .T. ) ;
#1575 = DIRECTION ( 'NONE',  ( 1.000000000000000000, 6.965177592937171900E-015, 2.628368902995159100E-016 ) ) ;
#1576 = AXIS2_PLACEMENT_3D ( 'NONE', #4347, #286, #3165 ) ;
#1577 = DIRECTION ( 'NONE',  ( 1.000000000000000000, 6.982966722218764100E-015, 2.438091212180733500E-029 ) ) ;
#1578 =( LENGTH_UNIT ( ) NAMED_UNIT ( * ) SI_UNIT ( .MILLI., .METRE. ) );
#1579 = SURFACE_SIDE_STYLE ('',( #3042 ) ) ;
#1580 = ORIENTED_EDGE ( 'NONE', *, *, #3775, .F. ) ;
#1581 = VECTOR ( 'NONE', #3231, 1000.000000000000000 ) ;
#1582 = ORIENTED_EDGE ( 'NONE', *, *, #3865, .F. ) ;
#1583 =( NAMED_UNIT ( * ) SI_UNIT ( $, .STERADIAN. ) SOLID_ANGLE_UNIT ( ) );
#1584 = DIRECTION ( 'NONE',  ( 0.0000000000000000000, -3.491483361109382100E-015, 1.000000000000000000 ) ) ;
#1585 = ADVANCED_FACE ( 'NONE', ( #1693 ), #2055, .F. ) ;
#1586 = CARTESIAN_POINT ( 'NONE',  ( 4.600000000000027200, -3.899999999999952800, -4.950000000000015300 ) ) ;
#1587 = VERTEX_POINT ( 'NONE', #3419 ) ;
#1588 = ORIENTED_EDGE ( 'NONE', *, *, #5034, .T. ) ;
#1589 = ORIENTED_EDGE ( 'NONE', *, *, #3504, .T. ) ;
#1590 = DIRECTION ( 'NONE',  ( 6.982966722218764100E-015, -1.000000000000000000, -3.491483361109382100E-015 ) ) ;
#1591 = SURFACE_STYLE_FILL_AREA ( #3807 ) ;
#1592 = CARTESIAN_POINT ( 'NONE',  ( 1.600000000000027800, -4.049999999999979400, -3.450000000000010400 ) ) ;
#1593 = ORIENTED_EDGE ( 'NONE', *, *, #4926, .T. ) ;
#1594 = CARTESIAN_POINT ( 'NONE',  ( 8.600000000000031600, -4.199999999999928200, -3.950000000000017900 ) ) ;
#1595 = EDGE_CURVE ( 'NONE', #3490, #5318, #1087, .T. ) ;
#1596 = ADVANCED_FACE ( 'NONE', ( #11 ), #2179, .T. ) ;
#1597 = CARTESIAN_POINT ( 'NONE',  ( 11.24999999999998400, 1.950000000000085900, -2.049999999999993600 ) ) ;
#1598 = AXIS2_PLACEMENT_3D ( 'NONE', #1723, #1303, #4158 ) ;
#1599 = EDGE_CURVE ( 'NONE', #660, #4822, #1095, .T. ) ;
#1600 = EDGE_CURVE ( 'NONE', #3015, #4912, #959, .T. ) ;
#1601 = SURFACE_SIDE_STYLE ('',( #3083 ) ) ;
#1602 = VECTOR ( 'NONE', #3299, 1000.000000000000000 ) ;
#1603 =( LENGTH_UNIT ( ) NAMED_UNIT ( * ) SI_UNIT ( .MILLI., .METRE. ) );
#1604 = UNCERTAINTY_MEASURE_WITH_UNIT (LENGTH_MEASURE( 1.000000000000000100E-005 ), #1373, 'distance_accuracy_value', 'NONE');
#1605 = LINE ( 'NONE', #1915, #4734 ) ;
#1606 = PLANE ( 'NONE',  #1897 ) ;
#1607 = DIRECTION ( 'NONE',  ( 0.0000000000000000000, -3.491483361109382100E-015, 1.000000000000000000 ) ) ;
#1608 = STYLED_ITEM ( 'NONE', ( #2139 ), #4574 ) ;
#1609 = FILL_AREA_STYLE_COLOUR ( '', #3699 ) ;
#1610 = VECTOR ( 'NONE', #889, 1000.000000000000000 ) ;
#1611 = LINE ( 'NONE', #3621, #3511 ) ;
#1612 = CARTESIAN_POINT ( 'NONE',  ( 3.775000000000012300, -1.799999999999969000, -1.350000000000004800 ) ) ;
#1613 = AXIS2_PLACEMENT_3D ( 'NONE', #1176, #3998, #1571 ) ;
#1614 = CARTESIAN_POINT ( 'NONE',  ( 2.828101522498601200E-014, -4.049999999999986500, -4.400000000000014600 ) ) ;
#1615 = ORIENTED_EDGE ( 'NONE', *, *, #4055, .T. ) ;
#1616 =( NAMED_UNIT ( * ) PLANE_ANGLE_UNIT ( ) SI_UNIT ( $, .RADIAN. ) );
#1617 = ORIENTED_EDGE ( 'NONE', *, *, #2355, .T. ) ;
#1618 = CARTESIAN_POINT ( 'NONE',  ( 1.600000000000029000, -4.199999999999973500, -4.950000000000014400 ) ) ;
#1619 = VECTOR ( 'NONE', #4627, 1000.000000000000000 ) ;
#1620 = ADVANCED_FACE ( 'NONE', ( #4109 ), #60, .F. ) ;
#1621 = EDGE_LOOP ( 'NONE', ( #516, #391, #2692, #3079 ) ) ;
#1622 =( NAMED_UNIT ( * ) SI_UNIT ( $, .STERADIAN. ) SOLID_ANGLE_UNIT ( ) );
#1623 = ORIENTED_EDGE ( 'NONE', *, *, #2839, .F. ) ;
#1624 = DIRECTION ( 'NONE',  ( 1.000000000000000000, 6.982966722218767300E-015, -8.462065736471991200E-016 ) ) ;
#1625 = VECTOR ( 'NONE', #841, 1000.000000000000000 ) ;
#1626 = ORIENTED_EDGE ( 'NONE', *, *, #921, .T. ) ;
#1627 = DIRECTION ( 'NONE',  ( -6.982966722218764100E-015, 1.000000000000000000, 3.491483361109382100E-015 ) ) ;
#1628 = ADVANCED_FACE ( 'NONE', ( #699 ), #1387, .F. ) ;
#1629 = LINE ( 'NONE', #2131, #521 ) ;
#1630 = ORIENTED_EDGE ( 'NONE', *, *, #2997, .F. ) ;
#1631 = STYLED_ITEM ( 'NONE', ( #487 ), #5108 ) ;
#1632 = VECTOR ( 'NONE', #315, 1000.000000000000000 ) ;
#1633 = DIRECTION ( 'NONE',  ( -1.000000000000000000, -6.982966722218764100E-015, -2.438091212180733500E-029 ) ) ;
#1634 = EDGE_LOOP ( 'NONE', ( #238, #1728, #3656, #2957 ) ) ;
#1635 = COLOUR_RGB ( '',0.7529411764705882200, 0.7529411764705882200, 0.7529411764705882200 ) ;
#1636 = SURFACE_SIDE_STYLE ('',( #4570 ) ) ;
#1637 = LINE ( 'NONE', #2675, #530 ) ;
#1638 = DIRECTION ( 'NONE',  ( 1.000000000000000000, 6.982966722218767300E-015, -8.462065736471991200E-016 ) ) ;
#1639 = CARTESIAN_POINT ( 'NONE',  ( 0.7500000000000016700, -0.3999999999999808700, -4.000000000000000900 ) ) ;
#1640 =( NAMED_UNIT ( * ) PLANE_ANGLE_UNIT ( ) SI_UNIT ( $, .RADIAN. ) );
#1641 = ORIENTED_EDGE ( 'NONE', *, *, #2569, .F. ) ;
#1642 = LINE ( 'NONE', #1260, #535 ) ;
#1643 = EDGE_CURVE ( 'NONE', #1482, #58, #5222, .T. ) ;
#1644 =( GEOMETRIC_REPRESENTATION_CONTEXT ( 3 ) GLOBAL_UNCERTAINTY_ASSIGNED_CONTEXT ( ( #5081 ) ) GLOBAL_UNIT_ASSIGNED_CONTEXT ( ( #4335, #1896, #2720 ) ) REPRESENTATION_CONTEXT ( 'NONE', 'WORKASPACE' ) );
#1645 = PLANE ( 'NONE',  #5173 ) ;
#1646 = CARTESIAN_POINT ( 'NONE',  ( 5.400000000000027900, -3.949999999999949100, -4.400000000000014600 ) ) ;
#1647 = ORIENTED_EDGE ( 'NONE', *, *, #2353, .T. ) ;
#1648 = COLOUR_RGB ( '',0.7529411764705882200, 0.7529411764705882200, 0.7529411764705882200 ) ;
#1649 = ADVANCED_FACE ( 'NONE', ( #4813 ), #4629, .F. ) ;
#1650 = PLANE ( 'NONE',  #3077 ) ;
#1651 = ORIENTED_EDGE ( 'NONE', *, *, #3401, .T. ) ;
#1652 = DIRECTION ( 'NONE',  ( -6.982966722218764100E-015, 1.000000000000000000, 3.491483361109382100E-015 ) ) ;
#1653 = SURFACE_STYLE_USAGE ( .BOTH. , #4583 ) ;
#1654 = CARTESIAN_POINT ( 'NONE',  ( 4.600000000000029800, -4.199999999999956700, -3.950000000000016200 ) ) ;
#1655 = DIRECTION ( 'NONE',  ( -6.982966722218764100E-015, 1.000000000000000000, 3.491483361109382100E-015 ) ) ;
#1656 = DIRECTION ( 'NONE',  ( -1.000000000000000000, -6.982966722218764900E-015, 1.365923996831888300E-016 ) ) ;
#1657 = AXIS2_PLACEMENT_3D ( 'NONE', #2518, #16, #427 ) ;
#1658 = ORIENTED_EDGE ( 'NONE', *, *, #4253, .F. ) ;
#1659 = VERTEX_POINT ( 'NONE', #138 ) ;
#1660 = FACE_OUTER_BOUND ( 'NONE', #3719, .T. ) ;
#1661 = VERTEX_POINT ( 'NONE', #2549 ) ;
#1662 = FILL_AREA_STYLE_COLOUR ( '', #419 ) ;
#1663 = DIRECTION ( 'NONE',  ( 0.0000000000000000000, 3.491483361109382100E-015, -1.000000000000000000 ) ) ;
#1664 = EDGE_LOOP ( 'NONE', ( #1035, #333, #4626, #2218, #1574, #2505 ) ) ;
#1665 = VECTOR ( 'NONE', #1983, 1000.000000000000000 ) ;
#1666 =( LENGTH_UNIT ( ) NAMED_UNIT ( * ) SI_UNIT ( .MILLI., .METRE. ) );
#1667 = SURFACE_STYLE_FILL_AREA ( #3329 ) ;
#1668 = SURFACE_STYLE_FILL_AREA ( #3364 ) ;
#1669 = CARTESIAN_POINT ( 'NONE',  ( 0.3000000000000154800, -2.149999999999997700, -0.01000000000000201200 ) ) ;
#1670 = DIRECTION ( 'NONE',  ( 0.0000000000000000000, -3.491483361109382100E-015, 1.000000000000000000 ) ) ;
#1671 = LINE ( 'NONE', #1215, #3639 ) ;
#1672 = AXIS2_PLACEMENT_3D ( 'NONE', #5165, #3113, #594 ) ;
#1673 = EDGE_CURVE ( 'NONE', #2846, #1887, #3272, .T. ) ;
#1674 = EDGE_CURVE ( 'NONE', #12, #3484, #182, .T. ) ;
#1675 = ADVANCED_FACE ( 'NONE', ( #130 ), #5161, .F. ) ;
#1676 = UNCERTAINTY_MEASURE_WITH_UNIT (LENGTH_MEASURE( 1.000000000000000100E-005 ), #2771, 'distance_accuracy_value', 'NONE');
#1677 = VECTOR ( 'NONE', #1748, 1000.000000000000000 ) ;
#1678 = DIRECTION ( 'NONE',  ( -6.982966722218764100E-015, 1.000000000000000000, 3.491483361109382100E-015 ) ) ;
#1679 = LINE ( 'NONE', #4559, #4803 ) ;
#1680 = CARTESIAN_POINT ( 'NONE',  ( 11.50000000000001600, -2.149999999999917800, -0.6500000000000123500 ) ) ;
#1681 = LINE ( 'NONE', #1480, #1229 ) ;
#1682 = MECHANICAL_DESIGN_GEOMETRIC_PRESENTATION_REPRESENTATION (  '', ( #3847 ), #662 ) ;
#1683 =( NAMED_UNIT ( * ) SI_UNIT ( $, .STERADIAN. ) SOLID_ANGLE_UNIT ( ) );
#1684 = DIRECTION ( 'NONE',  ( 1.553014910897141800E-030, 3.269082915471329900E-015, -1.000000000000000000 ) ) ;
#1685 = DIRECTION ( 'NONE',  ( -6.982966722218764100E-015, 1.000000000000000000, 3.491483361109382100E-015 ) ) ;
#1686 = PRESENTATION_LAYER_ASSIGNMENT (  '', '', ( #848 ) ) ;
#1687 = VERTEX_POINT ( 'NONE', #4997 ) ;
#1688 = SURFACE_STYLE_USAGE ( .BOTH. , #4024 ) ;
#1689 = EDGE_LOOP ( 'NONE', ( #4204, #546, #3460, #575, #4305, #4208 ) ) ;
#1690 = CARTESIAN_POINT ( 'NONE',  ( 1.400000000000028800, -4.199999999999975300, -4.950000000000014400 ) ) ;
#1691 = VECTOR ( 'NONE', #4068, 1000.000000000000000 ) ;
#1692 = SURFACE_SIDE_STYLE ('',( #3458 ) ) ;
#1693 = FACE_OUTER_BOUND ( 'NONE', #2359, .T. ) ;
#1694 = VECTOR ( 'NONE', #4300, 1000.000000000000000 ) ;
#1695 = VECTOR ( 'NONE', #2648, 1000.000000000000000 ) ;
#1696 = ORIENTED_EDGE ( 'NONE', *, *, #2048, .F. ) ;
#1697 = LINE ( 'NONE', #2040, #456 ) ;
#1698 = CARTESIAN_POINT ( 'NONE',  ( 3.775000000000012300, -1.799999999999969000, -1.350000000000004800 ) ) ;
#1699 = ADVANCED_FACE ( 'NONE', ( #2332 ), #2696, .T. ) ;
#1700 = SURFACE_SIDE_STYLE ('',( #2187 ) ) ;
#1701 = ORIENTED_EDGE ( 'NONE', *, *, #298, .T. ) ;
#1702 = LINE ( 'NONE', #2304, #4180 ) ;
#1703 = VECTOR ( 'NONE', #1836, 1000.000000000000000 ) ;
#1704 = EDGE_CURVE ( 'NONE', #2312, #1765, #2393, .T. ) ;
#1705 = EDGE_CURVE ( 'NONE', #5097, #1349, #845, .T. ) ;
#1706 = CARTESIAN_POINT ( 'NONE',  ( 5.600000000000029000, -4.049999999999949200, -3.950000000000015300 ) ) ;
#1707 = EDGE_CURVE ( 'NONE', #660, #4530, #3397, .T. ) ;
#1708 = ORIENTED_EDGE ( 'NONE', *, *, #1673, .F. ) ;
#1709 = LINE ( 'NONE', #2571, #2924 ) ;
#1710 = LINE ( 'NONE', #1618, #539 ) ;
#1711 = ORIENTED_EDGE ( 'NONE', *, *, #3432, .T. ) ;
#1712 = PRESENTATION_LAYER_ASSIGNMENT (  '', '', ( #4555 ) ) ;
#1713 =( LENGTH_UNIT ( ) NAMED_UNIT ( * ) SI_UNIT ( .MILLI., .METRE. ) );
#1714 = DIRECTION ( 'NONE',  ( 6.982966722218764100E-015, -1.000000000000000000, -3.610481160528522600E-015 ) ) ;
#1715 = AXIS2_PLACEMENT_3D ( 'NONE', #1787, #3346, #4644 ) ;
#1716 = DIRECTION ( 'NONE',  ( 6.982966722218764100E-015, -1.000000000000000000, -3.491483361109382100E-015 ) ) ;
#1717 = FILL_AREA_STYLE ('',( #3759 ) ) ;
#1718 = LINE ( 'NONE', #723, #3105 ) ;
#1719 = VERTEX_POINT ( 'NONE', #3436 ) ;
#1720 = VERTEX_POINT ( 'NONE', #3906 ) ;
#1721 = EDGE_LOOP ( 'NONE', ( #1281, #4666, #1777, #2365 ) ) ;
#1722 = CARTESIAN_POINT ( 'NONE',  ( 11.25000000000000000, -0.3999999999999076000, -4.000000000000001800 ) ) ;
#1723 = CARTESIAN_POINT ( 'NONE',  ( 10.60000000000003200, -4.199999999999911400, -4.950000000000018800 ) ) ;
#1724 = PRESENTATION_LAYER_ASSIGNMENT (  '', '', ( #4272 ) ) ;
#1725 = SURFACE_STYLE_FILL_AREA ( #2178 ) ;
#1726 = LINE ( 'NONE', #1024, #2560 ) ;
#1727 = PLANE ( 'NONE',  #4779 ) ;
#1728 = ORIENTED_EDGE ( 'NONE', *, *, #169, .T. ) ;
#1729 = VECTOR ( 'NONE', #3544, 1000.000000000000000 ) ;
#1730 = VECTOR ( 'NONE', #2308, 1000.000000000000000 ) ;
#1731 = DIRECTION ( 'NONE',  ( -6.982966722218764100E-015, 1.000000000000000000, 3.491483361109382100E-015 ) ) ;
#1732 = PLANE ( 'NONE',  #2716 ) ;
#1733 = DIRECTION ( 'NONE',  ( 0.0000000000000000000, -3.491483361109382100E-015, 1.000000000000000000 ) ) ;
#1734 = UNCERTAINTY_MEASURE_WITH_UNIT (LENGTH_MEASURE( 1.000000000000000100E-005 ), #4127, 'distance_accuracy_value', 'NONE');
#1735 = LINE ( 'NONE', #109, #1610 ) ;
#1736 = VERTEX_POINT ( 'NONE', #1839 ) ;
#1737 =( NAMED_UNIT ( * ) SI_UNIT ( $, .STERADIAN. ) SOLID_ANGLE_UNIT ( ) );
#1738 = EDGE_CURVE ( 'NONE', #5023, #3339, #2071, .T. ) ;
#1739 = EDGE_CURVE ( 'NONE', #2296, #3590, #325, .T. ) ;
#1740 = EDGE_CURVE ( 'NONE', #425, #2876, #1938, .T. ) ;
#1741 = EDGE_LOOP ( 'NONE', ( #1857, #1744, #927, #4597 ) ) ;
#1742 = ORIENTED_EDGE ( 'NONE', *, *, #3197, .F. ) ;
#1743 = ORIENTED_EDGE ( 'NONE', *, *, #3539, .F. ) ;
#1744 = ORIENTED_EDGE ( 'NONE', *, *, #1221, .F. ) ;
#1745 = DIRECTION ( 'NONE',  ( 6.982966722218764100E-015, -1.000000000000000000, -3.610481160528522600E-015 ) ) ;
#1746 = ADVANCED_FACE ( 'NONE', ( #3086 ), #5137, .T. ) ;
#1747 = AXIS2_PLACEMENT_3D ( 'NONE', #3317, #4137, #2524 ) ;
#1748 = DIRECTION ( 'NONE',  ( -6.982966722218764100E-015, 1.000000000000000000, 3.491483361109382100E-015 ) ) ;
#1749 = LINE ( 'NONE', #3039, #3896 ) ;
#1750 = LINE ( 'NONE', #1997, #3207 ) ;
#1751 = VERTEX_POINT ( 'NONE', #3488 ) ;
#1752 = PLANE ( 'NONE',  #4231 ) ;
#1753 = DIRECTION ( 'NONE',  ( 1.000000000000000000, 6.982966722218764100E-015, 2.438091212180733500E-029 ) ) ;
#1754 = DIRECTION ( 'NONE',  ( 5.769590274867615200E-017, -3.688611028834019000E-015, 1.000000000000000000 ) ) ;
#1755 = MECHANICAL_DESIGN_GEOMETRIC_PRESENTATION_REPRESENTATION (  '', ( #4503 ), #466 ) ;
#1756 = VERTEX_POINT ( 'NONE', #167 ) ;
#1757 = COLOUR_RGB ( '',0.7529411764705882200, 0.7529411764705882200, 0.7529411764705882200 ) ;
#1758 = EDGE_CURVE ( 'NONE', #522, #1905, #3150, .T. ) ;
#1759 = FILL_AREA_STYLE_COLOUR ( '', #18 ) ;
#1760 = FILL_AREA_STYLE_COLOUR ( '', #5302 ) ;
#1761 = EDGE_LOOP ( 'NONE', ( #1993, #890, #3269, #4280 ) ) ;
#1762 = VECTOR ( 'NONE', #4397, 1000.000000000000000 ) ;
#1763 = FACE_OUTER_BOUND ( 'NONE', #4761, .T. ) ;
#1764 = CARTESIAN_POINT ( 'NONE',  ( 0.3000000000000124800, -1.799999999999992700, -1.300000000000005600 ) ) ;
#1765 = VERTEX_POINT ( 'NONE', #3041 ) ;
#1766 = FACE_OUTER_BOUND ( 'NONE', #4878, .T. ) ;
#1767 = CARTESIAN_POINT ( 'NONE',  ( 3.775000000000012300, -1.799999999999967200, -1.800000000000005200 ) ) ;
#1768 = PRODUCT_RELATED_PRODUCT_CATEGORY ( 'part', '', ( #4115 ) ) ;
#1769 = ORIENTED_EDGE ( 'NONE', *, *, #3775, .T. ) ;
#1770 =( NAMED_UNIT ( * ) SI_UNIT ( $, .STERADIAN. ) SOLID_ANGLE_UNIT ( ) );
#1771 = EDGE_CURVE ( 'NONE', #1445, #2836, #587, .T. ) ;
#1772 = CARTESIAN_POINT ( 'NONE',  ( 7.400000000000027900, -3.949999999999935300, -4.400000000000014600 ) ) ;
#1773 =( NAMED_UNIT ( * ) SI_UNIT ( $, .STERADIAN. ) SOLID_ANGLE_UNIT ( ) );
#1774 = EDGE_CURVE ( 'NONE', #3130, #2210, #65, .T. ) ;
#1775 =( LENGTH_UNIT ( ) NAMED_UNIT ( * ) SI_UNIT ( .MILLI., .METRE. ) );
#1776 = VERTEX_POINT ( 'NONE', #2248 ) ;
#1777 = ORIENTED_EDGE ( 'NONE', *, *, #904, .T. ) ;
#1778 =( NAMED_UNIT ( * ) SI_UNIT ( $, .STERADIAN. ) SOLID_ANGLE_UNIT ( ) );
#1779 = VERTEX_POINT ( 'NONE', #4767 ) ;
#1780 = COLOUR_RGB ( '',0.7529411764705882200, 0.7529411764705882200, 0.7529411764705882200 ) ;
#1781 = STYLED_ITEM ( 'NONE', ( #4740 ), #3211 ) ;
#1782 = CARTESIAN_POINT ( 'NONE',  ( 11.70000000000001200, -1.799999999999913200, -1.300000000000006900 ) ) ;
#1783 = CARTESIAN_POINT ( 'NONE',  ( 11.70000000000001500, -2.149999999999918600, -0.01000000000000683500 ) ) ;
#1784 = ORIENTED_EDGE ( 'NONE', *, *, #2939, .F. ) ;
#1785 = AXIS2_PLACEMENT_3D ( 'NONE', #3092, #3506, #4680 ) ;
#1786 = ORIENTED_EDGE ( 'NONE', *, *, #144, .F. ) ;
#1787 = CARTESIAN_POINT ( 'NONE',  ( 11.25000000000001100, -1.799999999999913900, -2.050000000000006500 ) ) ;
#1788 = VECTOR ( 'NONE', #4805, 1000.000000000000000 ) ;
#1789 = CARTESIAN_POINT ( 'NONE',  ( 9.600000000000029800, -3.899999999999920000, -4.400000000000016300 ) ) ;
#1790 = ORIENTED_EDGE ( 'NONE', *, *, #2480, .F. ) ;
#1791 = DIRECTION ( 'NONE',  ( -6.982966722218764100E-015, 1.000000000000000000, 3.369022725727144300E-015 ) ) ;
#1792 = PRESENTATION_STYLE_ASSIGNMENT (( #1688 ) ) ;
#1793 = SURFACE_SIDE_STYLE ('',( #1310 ) ) ;
#1794 = VECTOR ( 'NONE', #371, 1000.000000000000000 ) ;
#1795 =( NAMED_UNIT ( * ) PLANE_ANGLE_UNIT ( ) SI_UNIT ( $, .RADIAN. ) );
#1796 = CARTESIAN_POINT ( 'NONE',  ( 0.3000000000000298000, -4.199999999999993100, -2.210000000000010200 ) ) ;
#1797 = EDGE_CURVE ( 'NONE', #1832, #3851, #1561, .T. ) ;
#1798 = CARTESIAN_POINT ( 'NONE',  ( 1.174999999999985400, 1.950000000000015100, -1.949999999999994200 ) ) ;
#1799 = VECTOR ( 'NONE', #4133, 1000.000000000000000 ) ;
#1800 = ORIENTED_EDGE ( 'NONE', *, *, #5065, .F. ) ;
#1801 = LINE ( 'NONE', #2668, #440 ) ;
#1802 = DIRECTION ( 'NONE',  ( -1.000000000000000000, -6.982966722218767300E-015, 8.462065736471990200E-016 ) ) ;
#1803 = CARTESIAN_POINT ( 'NONE',  ( 9.600000000000029800, -3.899999999999918200, -4.950000000000017100 ) ) ;
#1804 = ADVANCED_FACE ( 'NONE', ( #135 ), #2381, .T. ) ;
#1805 = PRESENTATION_LAYER_ASSIGNMENT (  '', '', ( #593 ) ) ;
#1806 = CARTESIAN_POINT ( 'NONE',  ( 0.5000000000000021100, -0.2999999999999833400, -3.750000000000001800 ) ) ;
#1807 = ORIENTED_EDGE ( 'NONE', *, *, #902, .F. ) ;
#1808 = VERTEX_POINT ( 'NONE', #1086 ) ;
#1809 =( LENGTH_UNIT ( ) NAMED_UNIT ( * ) SI_UNIT ( .MILLI., .METRE. ) );
#1810 = SURFACE_STYLE_USAGE ( .BOTH. , #5110 ) ;
#1811 = PRESENTATION_STYLE_ASSIGNMENT (( #1810 ) ) ;
#1812 =( GEOMETRIC_REPRESENTATION_CONTEXT ( 3 ) GLOBAL_UNCERTAINTY_ASSIGNED_CONTEXT ( ( #1089 ) ) GLOBAL_UNIT_ASSIGNED_CONTEXT ( ( #36, #3761, #4549 ) ) REPRESENTATION_CONTEXT ( 'NONE', 'WORKASPACE' ) );
#1813 = DIRECTION ( 'NONE',  ( 8.462065736472233800E-016, -3.491483361109376100E-015, 1.000000000000000000 ) ) ;
#1814 = ORIENTED_EDGE ( 'NONE', *, *, #2596, .T. ) ;
#1815 = VECTOR ( 'NONE', #1652, 1000.000000000000000 ) ;
#1816 = LINE ( 'NONE', #3521, #712 ) ;
#1817 = VECTOR ( 'NONE', #1139, 1000.000000000000000 ) ;
#1818 = CARTESIAN_POINT ( 'NONE',  ( 2.409123519165473800E-014, -3.449999999999998000, -0.6500000000000122300 ) ) ;
#1819 = CARTESIAN_POINT ( 'NONE',  ( 1.174999999999999400, -0.04999999999998451500, -1.950000000000001100 ) ) ;
#1820 = CARTESIAN_POINT ( 'NONE',  ( 4.600000000000029800, -4.199999999999953100, -4.950000000000016200 ) ) ;
#1821 =( GEOMETRIC_REPRESENTATION_CONTEXT ( 3 ) GLOBAL_UNCERTAINTY_ASSIGNED_CONTEXT ( ( #3782 ) ) GLOBAL_UNIT_ASSIGNED_CONTEXT ( ( #3979, #4802, #2766 ) ) REPRESENTATION_CONTEXT ( 'NONE', 'WORKASPACE' ) );
#1822 = VECTOR ( 'NONE', #3082, 1000.000000000000000 ) ;
#1823 = LINE ( 'NONE', #2354, #3790 ) ;
#1824 = CARTESIAN_POINT ( 'NONE',  ( 3.400000000000028300, -3.949999999999962900, -4.400000000000014600 ) ) ;
#1825 = DIRECTION ( 'NONE',  ( 0.0000000000000000000, -3.491483361109382100E-015, 1.000000000000000000 ) ) ;
#1826 = ORIENTED_EDGE ( 'NONE', *, *, #379, .T. ) ;
#1827 = COLOUR_RGB ( '',0.7529411764705882200, 0.7529411764705882200, 0.7529411764705882200 ) ;
#1828 = DIRECTION ( 'NONE',  ( -6.982966722218764100E-015, 1.000000000000000000, 3.491483361109382100E-015 ) ) ;
#1829 = VECTOR ( 'NONE', #2921, 1000.000000000000000 ) ;
#1830 = UNCERTAINTY_MEASURE_WITH_UNIT (LENGTH_MEASURE( 1.000000000000000100E-005 ), #1713, 'distance_accuracy_value', 'NONE');
#1831 = FILL_AREA_STYLE ('',( #4710 ) ) ;
#1832 = VERTEX_POINT ( 'NONE', #3941 ) ;
#1833 = FILL_AREA_STYLE_COLOUR ( '', #2305 ) ;
#1834 = ORIENTED_EDGE ( 'NONE', *, *, #5247, .T. ) ;
#1835 = VERTEX_POINT ( 'NONE', #4799 ) ;
#1836 = DIRECTION ( 'NONE',  ( -1.000000000000000000, -6.982966722218767300E-015, 8.462065736471990200E-016 ) ) ;
#1837 = EDGE_CURVE ( 'NONE', #975, #3712, #910, .T. ) ;
#1838 = FILL_AREA_STYLE_COLOUR ( '', #3373 ) ;
#1839 = CARTESIAN_POINT ( 'NONE',  ( 0.5000000000000240900, -3.449999999999989100, -2.250000000000012000 ) ) ;
#1840 = EDGE_CURVE ( 'NONE', #247, #1516, #3732, .T. ) ;
#1841 = EDGE_CURVE ( 'NONE', #2325, #1110, #5229, .T. ) ;
#1842 = DIRECTION ( 'NONE',  ( -8.462065736472233800E-016, 3.491483361109376100E-015, -1.000000000000000000 ) ) ;
#1843 = ORIENTED_EDGE ( 'NONE', *, *, #3159, .F. ) ;
#1844 = FILL_AREA_STYLE_COLOUR ( '', #197 ) ;
#1845 = SURFACE_STYLE_USAGE ( .BOTH. , #664 ) ;
#1846 = ORIENTED_EDGE ( 'NONE', *, *, #1417, .F. ) ;
#1847 = CARTESIAN_POINT ( 'NONE',  ( -1.361678510832659400E-014, 1.950000000000000400, 7.675754292151699500E-015 ) ) ;
#1848 = PRESENTATION_LAYER_ASSIGNMENT (  '', '', ( #3847 ) ) ;
#1849 = VECTOR ( 'NONE', #4599, 1000.000000000000000 ) ;
#1850 = CARTESIAN_POINT ( 'NONE',  ( 0.3000000000000246400, -3.449999999999995700, -0.6500000000000122300 ) ) ;
#1851 = ORIENTED_EDGE ( 'NONE', *, *, #3968, .F. ) ;
#1852 =( NAMED_UNIT ( * ) PLANE_ANGLE_UNIT ( ) SI_UNIT ( $, .RADIAN. ) );
#1853 = LINE ( 'NONE', #1114, #1531 ) ;
#1854 = CARTESIAN_POINT ( 'NONE',  ( 6.400000000000027000, -3.899999999999940400, -4.950000000000016200 ) ) ;
#1855 = CARTESIAN_POINT ( 'NONE',  ( 2.828101522498601200E-014, -4.049999999999986500, -4.400000000000014600 ) ) ;
#1856 = CARTESIAN_POINT ( 'NONE',  ( 5.600000000000029800, -4.199999999999949600, -3.950000000000016200 ) ) ;
#1857 = ORIENTED_EDGE ( 'NONE', *, *, #4548, .T. ) ;
#1858 = CARTESIAN_POINT ( 'NONE',  ( 0.5000000000000021100, -0.2999999999999833400, -3.750000000000001800 ) ) ;
#1859 =( LENGTH_UNIT ( ) NAMED_UNIT ( * ) SI_UNIT ( .MILLI., .METRE. ) );
#1860 = VECTOR ( 'NONE', #2726, 1000.000000000000000 ) ;
#1861 = CARTESIAN_POINT ( 'NONE',  ( 4.400000000000027900, -3.949999999999959800, -3.450000000000011300 ) ) ;
#1862 = VERTEX_POINT ( 'NONE', #4365 ) ;
#1863 = ORIENTED_EDGE ( 'NONE', *, *, #3095, .T. ) ;
#1864 = VERTEX_POINT ( 'NONE', #2302 ) ;
#1865 = EDGE_CURVE ( 'NONE', #1110, #4544, #3021, .T. ) ;
#1866 = AXIS2_PLACEMENT_3D ( 'NONE', #3334, #5020, #3715 ) ;
#1867 = EDGE_CURVE ( 'NONE', #2644, #3177, #1944, .T. ) ;
#1868 = CARTESIAN_POINT ( 'NONE',  ( 9.600000000000029800, -3.949999999999923400, -3.450000000000013900 ) ) ;
#1869 = LINE ( 'NONE', #3771, #1619 ) ;
#1870 = EDGE_CURVE ( 'NONE', #3627, #2203, #4112, .T. ) ;
#1871 = ORIENTED_EDGE ( 'NONE', *, *, #1137, .T. ) ;
#1872 = ORIENTED_EDGE ( 'NONE', *, *, #1704, .T. ) ;
#1873 = DIRECTION ( 'NONE',  ( -6.982966722218764100E-015, 1.000000000000000000, 3.491483361109382100E-015 ) ) ;
#1874 = DIRECTION ( 'NONE',  ( 6.982966722218764100E-015, -1.000000000000000000, -3.491483361109382100E-015 ) ) ;
#1875 = DIRECTION ( 'NONE',  ( 1.000000000000000000, 6.982966722218764100E-015, 2.438091212180733500E-029 ) ) ;
#1876 = LINE ( 'NONE', #3596, #4167 ) ;
#1877 = ORIENTED_EDGE ( 'NONE', *, *, #2398, .F. ) ;
#1878 =( GEOMETRIC_REPRESENTATION_CONTEXT ( 3 ) GLOBAL_UNCERTAINTY_ASSIGNED_CONTEXT ( ( #4882 ) ) GLOBAL_UNIT_ASSIGNED_CONTEXT ( ( #1150, #257, #3997 ) ) REPRESENTATION_CONTEXT ( 'NONE', 'WORKASPACE' ) );
#1879 = VECTOR ( 'NONE', #1237, 1000.000000000000000 ) ;
#1880 = DIRECTION ( 'NONE',  ( -6.982966722218764100E-015, 1.000000000000000000, 3.491483361109382100E-015 ) ) ;
#1881 = ORIENTED_EDGE ( 'NONE', *, *, #3867, .T. ) ;
#1882 = CARTESIAN_POINT ( 'NONE',  ( 11.99999999999998800, 1.300000000000097300, -3.750000000000001800 ) ) ;
#1883 =( LENGTH_UNIT ( ) NAMED_UNIT ( * ) SI_UNIT ( .MILLI., .METRE. ) );
#1884 = DIRECTION ( 'NONE',  ( 6.982966722218764100E-015, -1.000000000000000000, -3.491483361109382100E-015 ) ) ;
#1885 = PLANE ( 'NONE',  #4019 ) ;
#1886 = CARTESIAN_POINT ( 'NONE',  ( 8.225000000000012100, -1.799999999999936100, -1.800000000000007100 ) ) ;
#1887 = VERTEX_POINT ( 'NONE', #3923 ) ;
#1888 = LINE ( 'NONE', #3174, #2653 ) ;
#1889 = COLOUR_RGB ( '',0.7529411764705882200, 0.7529411764705882200, 0.7529411764705882200 ) ;
#1890 = VERTEX_POINT ( 'NONE', #3977 ) ;
#1891 = DIRECTION ( 'NONE',  ( 1.892736922655891900E-030, 3.220432817988006000E-015, -1.000000000000000000 ) ) ;
#1892 = VECTOR ( 'NONE', #448, 1000.000000000000000 ) ;
#1893 = CARTESIAN_POINT ( 'NONE',  ( 8.400000000000030600, -4.199999999999929100, -3.950000000000017900 ) ) ;
#1894 = STYLED_ITEM ( 'NONE', ( #3936 ), #302 ) ;
#1895 = ORIENTED_EDGE ( 'NONE', *, *, #3327, .F. ) ;
#1896 =( NAMED_UNIT ( * ) PLANE_ANGLE_UNIT ( ) SI_UNIT ( $, .RADIAN. ) );
#1897 = AXIS2_PLACEMENT_3D ( 'NONE', #4468, #4012, #288 ) ;
#1898 = FILL_AREA_STYLE_COLOUR ( '', #2889 ) ;
#1899 = DIRECTION ( 'NONE',  ( -0.0000000000000000000, 3.491483361109382100E-015, -1.000000000000000000 ) ) ;
#1900 = VERTEX_POINT ( 'NONE', #1922 ) ;
#1901 = CARTESIAN_POINT ( 'NONE',  ( 11.29999999999998600, 1.950000000000081400, -0.5999999999999955400 ) ) ;
#1902 = CARTESIAN_POINT ( 'NONE',  ( 11.25000000000001600, -2.599999999999913900, -2.050000000000009600 ) ) ;
#1903 = VECTOR ( 'NONE', #405, 1000.000000000000000 ) ;
#1904 = ORIENTED_EDGE ( 'NONE', *, *, #4963, .T. ) ;
#1905 = VERTEX_POINT ( 'NONE', #5213 ) ;
#1906 = DIRECTION ( 'NONE',  ( -1.000000000000000000, -6.982966722218764100E-015, -2.438091212180733500E-029 ) ) ;
#1907 = CARTESIAN_POINT ( 'NONE',  ( 0.7000000000000173900, -2.599999999999987700, -2.050000000000008300 ) ) ;
#1908 = EDGE_CURVE ( 'NONE', #2203, #4665, #1816, .T. ) ;
#1909 = AXIS2_PLACEMENT_3D ( 'NONE', #934, #3040, #557 ) ;
#1910 = ORIENTED_EDGE ( 'NONE', *, *, #754, .F. ) ;
#1911 = FACE_OUTER_BOUND ( 'NONE', #20, .T. ) ;
#1912 = DIRECTION ( 'NONE',  ( 0.0000000000000000000, 1.000000000000000000, 3.392919527247062800E-015 ) ) ;
#1913 = DIRECTION ( 'NONE',  ( -6.982966722218764100E-015, 1.000000000000000000, 3.491483361109382100E-015 ) ) ;
#1914 = COLOUR_RGB ( '',0.7529411764705882200, 0.7529411764705882200, 0.7529411764705882200 ) ;
#1915 = CARTESIAN_POINT ( 'NONE',  ( 6.600000000000029800, -4.199999999999942400, -3.950000000000017100 ) ) ;
#1916 =( GEOMETRIC_REPRESENTATION_CONTEXT ( 3 ) GLOBAL_UNCERTAINTY_ASSIGNED_CONTEXT ( ( #2476 ) ) GLOBAL_UNIT_ASSIGNED_CONTEXT ( ( #4104, #2435, #3678 ) ) REPRESENTATION_CONTEXT ( 'NONE', 'WORKASPACE' ) );
#1917 =( LENGTH_UNIT ( ) NAMED_UNIT ( * ) SI_UNIT ( .MILLI., .METRE. ) );
#1918 = ORIENTED_EDGE ( 'NONE', *, *, #2964, .T. ) ;
#1919 = DIRECTION ( 'NONE',  ( -2.628368902994922900E-016, -3.392919527247065200E-015, 1.000000000000000000 ) ) ;
#1920 = COLOUR_RGB ( '',0.7529411764705882200, 0.7529411764705882200, 0.7529411764705882200 ) ;
#1921 = CARTESIAN_POINT ( 'NONE',  ( 11.70000000000001200, -1.799999999999913200, -1.300000000000006900 ) ) ;
#1922 = CARTESIAN_POINT ( 'NONE',  ( 2.828101522498599300E-014, -4.049999999999991800, -2.250000000000014200 ) ) ;
#1923 = CARTESIAN_POINT ( 'NONE',  ( 8.225000000000003200, -0.6099999999999362600, -1.800000000000003200 ) ) ;
#1924 = ORIENTED_EDGE ( 'NONE', *, *, #999, .F. ) ;
#1925 = LINE ( 'NONE', #3949, #2954 ) ;
#1926 = ORIENTED_EDGE ( 'NONE', *, *, #3965, .F. ) ;
#1927 = CARTESIAN_POINT ( 'NONE',  ( 11.50000000000002800, -4.049999999999919000, -0.01000000000001329900 ) ) ;
#1928 = SURFACE_SIDE_STYLE ('',( #3850 ) ) ;
#1929 = DIRECTION ( 'NONE',  ( 4.177074587930242000E-030, 2.893302852151862800E-015, -1.000000000000000000 ) ) ;
#1930 = VERTEX_POINT ( 'NONE', #2715 ) ;
#1931 = CARTESIAN_POINT ( 'NONE',  ( 3.600000000000030300, -4.199999999999962900, -3.950000000000015300 ) ) ;
#1932 = VERTEX_POINT ( 'NONE', #1491 ) ;
#1933 =( GEOMETRIC_REPRESENTATION_CONTEXT ( 3 ) GLOBAL_UNCERTAINTY_ASSIGNED_CONTEXT ( ( #2617 ) ) GLOBAL_UNIT_ASSIGNED_CONTEXT ( ( #2663, #4312, #1005 ) ) REPRESENTATION_CONTEXT ( 'NONE', 'WORKASPACE' ) );
#1934 = EDGE_CURVE ( 'NONE', #1808, #26, #3215, .T. ) ;
#1935 = EDGE_CURVE ( 'NONE', #953, #155, #1431, .T. ) ;
#1936 = FACE_OUTER_BOUND ( 'NONE', #3280, .T. ) ;
#1937 = FILL_AREA_STYLE_COLOUR ( '', #121 ) ;
#1938 = LINE ( 'NONE', #2677, #4292 ) ;
#1939 = DIRECTION ( 'NONE',  ( -6.982966722218763300E-015, 1.000000000000000000, 4.158684698023538900E-015 ) ) ;
#1940 = DIRECTION ( 'NONE',  ( -6.982966722218764100E-015, 1.000000000000000000, 3.491483361109382100E-015 ) ) ;
#1941 = VECTOR ( 'NONE', #3457, 1000.000000000000000 ) ;
#1942 = VERTEX_POINT ( 'NONE', #1907 ) ;
#1943 = LINE ( 'NONE', #5273, #4762 ) ;
#1944 = LINE ( 'NONE', #659, #852 ) ;
#1945 =( GEOMETRIC_REPRESENTATION_CONTEXT ( 3 ) GLOBAL_UNCERTAINTY_ASSIGNED_CONTEXT ( ( #3871 ) ) GLOBAL_UNIT_ASSIGNED_CONTEXT ( ( #2650, #2619, #106 ) ) REPRESENTATION_CONTEXT ( 'NONE', 'WORKASPACE' ) );
#1946 = DIRECTION ( 'NONE',  ( 1.000000000000000000, 6.982966722218764100E-015, 2.438091212180733500E-029 ) ) ;
#1947 = VERTEX_POINT ( 'NONE', #4749 ) ;
#1948 = LINE ( 'NONE', #4328, #4967 ) ;
#1949 = DIRECTION ( 'NONE',  ( 6.982966722218764100E-015, -1.000000000000000000, -3.491483361109382100E-015 ) ) ;
#1950 = CARTESIAN_POINT ( 'NONE',  ( 2.824999999999987700, 1.950000000000026600, -1.949999999999994400 ) ) ;
#1951 =( LENGTH_UNIT ( ) NAMED_UNIT ( * ) SI_UNIT ( .MILLI., .METRE. ) );
#1952 = VERTEX_POINT ( 'NONE', #3146 ) ;
#1953 = VECTOR ( 'NONE', #847, 1000.000000000000000 ) ;
#1954 = ORIENTED_EDGE ( 'NONE', *, *, #868, .T. ) ;
#1955 = DIRECTION ( 'NONE',  ( 6.982966722218764100E-015, -1.000000000000000000, -3.491483361109382100E-015 ) ) ;
#1956 = DIRECTION ( 'NONE',  ( 6.882679718748694200E-031, 3.392919527247063600E-015, -1.000000000000000000 ) ) ;
#1957 = ORIENTED_EDGE ( 'NONE', *, *, #4993, .T. ) ;
#1958 = ADVANCED_FACE ( 'NONE', ( #1371 ), #2344, .F. ) ;
#1959 = CARTESIAN_POINT ( 'NONE',  ( 8.400000000000030600, -4.199999999999929100, -3.950000000000017900 ) ) ;
#1960 = ORIENTED_EDGE ( 'NONE', *, *, #4357, .F. ) ;
#1961 = DIRECTION ( 'NONE',  ( 0.0000000000000000000, -3.491483361109382100E-015, 1.000000000000000000 ) ) ;
#1962 = CARTESIAN_POINT ( 'NONE',  ( 3.775000000000012300, -1.799999999999967200, -1.800000000000005200 ) ) ;
#1963 = DIRECTION ( 'NONE',  ( -6.982966722218764100E-015, 1.000000000000000000, 3.703035004521187900E-015 ) ) ;
#1964 = ORIENTED_EDGE ( 'NONE', *, *, #2014, .T. ) ;
#1965 = EDGE_CURVE ( 'NONE', #3177, #1835, #1174, .T. ) ;
#1966 = EDGE_CURVE ( 'NONE', #213, #1446, #4823, .T. ) ;
#1967 = EDGE_CURVE ( 'NONE', #2589, #4622, #2010, .T. ) ;
#1968 = VERTEX_POINT ( 'NONE', #3201 ) ;
#1969 = ORIENTED_EDGE ( 'NONE', *, *, #799, .T. ) ;
#1970 = CARTESIAN_POINT ( 'NONE',  ( 9.175000000000023800, -3.449999999999930500, -1.800000000000012000 ) ) ;
#1971 = FACE_OUTER_BOUND ( 'NONE', #764, .T. ) ;
#1972 = ORIENTED_EDGE ( 'NONE', *, *, #3328, .F. ) ;
#1973 = CARTESIAN_POINT ( 'NONE',  ( 6.400000000000027900, -3.949999999999942400, -4.400000000000014600 ) ) ;
#1974 = DIRECTION ( 'NONE',  ( -6.982966722218764100E-015, 1.000000000000000000, 3.491483361109382100E-015 ) ) ;
#1975 = SURFACE_SIDE_STYLE ('',( #1028 ) ) ;
#1976 = PRESENTATION_LAYER_ASSIGNMENT (  '', '', ( #1608 ) ) ;
#1977 = FILL_AREA_STYLE ('',( #1549 ) ) ;
#1978 = FACE_OUTER_BOUND ( 'NONE', #3894, .T. ) ;
#1979 = DIRECTION ( 'NONE',  ( 0.0000000000000000000, -3.491483361109382100E-015, 1.000000000000000000 ) ) ;
#1980 = DIRECTION ( 'NONE',  ( 1.000000000000000000, 6.982966722218765700E-015, -4.231032868235873300E-016 ) ) ;
#1981 = VECTOR ( 'NONE', #1745, 1000.000000000000000 ) ;
#1982 = MECHANICAL_DESIGN_GEOMETRIC_PRESENTATION_REPRESENTATION (  '', ( #3725 ), #4238 ) ;
#1983 = DIRECTION ( 'NONE',  ( 1.000000000000000000, 6.982966722218764100E-015, 2.438091212180733500E-029 ) ) ;
#1984 = PLANE ( 'NONE',  #5223 ) ;
#1985 = VECTOR ( 'NONE', #4396, 1000.000000000000000 ) ;
#1986 = ADVANCED_FACE ( 'NONE', ( #2779 ), #5268, .F. ) ;
#1987 = DIRECTION ( 'NONE',  ( -6.982966722218764100E-015, 1.000000000000000000, 3.491483361109382100E-015 ) ) ;
#1988 = PRESENTATION_STYLE_ASSIGNMENT (( #804 ) ) ;
#1989 =( NAMED_UNIT ( * ) PLANE_ANGLE_UNIT ( ) SI_UNIT ( $, .RADIAN. ) );
#1990 = VECTOR ( 'NONE', #1468, 1000.000000000000000 ) ;
#1991 = MECHANICAL_DESIGN_GEOMETRIC_PRESENTATION_REPRESENTATION (  '', ( #4272 ), #2980 ) ;
#1992 = UNCERTAINTY_MEASURE_WITH_UNIT (LENGTH_MEASURE( 1.000000000000000100E-005 ), #3826, 'distance_accuracy_value', 'NONE');
#1993 = ORIENTED_EDGE ( 'NONE', *, *, #2568, .F. ) ;
#1994 = VERTEX_POINT ( 'NONE', #4449 ) ;
#1995 = VERTEX_POINT ( 'NONE', #4415 ) ;
#1996 = FILL_AREA_STYLE_COLOUR ( '', #4985 ) ;
#1997 = CARTESIAN_POINT ( 'NONE',  ( 3.775000000000003900, -0.6099999999999673500, -1.800000000000001200 ) ) ;
#1998 = ADVANCED_FACE ( 'NONE', ( #2339 ), #4845, .F. ) ;
#1999 = VECTOR ( 'NONE', #3399, 1000.000000000000000 ) ;
#2000 = CARTESIAN_POINT ( 'NONE',  ( 2.825000000000023700, -3.449999999999979300, -0.3500000000000114100 ) ) ;
#2001 = ORIENTED_EDGE ( 'NONE', *, *, #1484, .T. ) ;
#2002 = ORIENTED_EDGE ( 'NONE', *, *, #751, .F. ) ;
#2003 = PRESENTATION_STYLE_ASSIGNMENT (( #2196 ) ) ;
#2004 = FILL_AREA_STYLE ('',( #1151 ) ) ;
#2005 = VERTEX_POINT ( 'NONE', #2432 ) ;
#2006 = CARTESIAN_POINT ( 'NONE',  ( 4.600000000000029800, -4.199999999999956700, -3.950000000000016200 ) ) ;
#2007 = FILL_AREA_STYLE ('',( #4500 ) ) ;
#2008 = CARTESIAN_POINT ( 'NONE',  ( 11.25000000000001600, -2.599999999999908200, -3.650000000000009700 ) ) ;
#2009 = ORIENTED_EDGE ( 'NONE', *, *, #4439, .F. ) ;
#2010 = LINE ( 'NONE', #3575, #5157 ) ;
#2011 = SURFACE_STYLE_USAGE ( .BOTH. , #1205 ) ;
#2012 = PRESENTATION_LAYER_ASSIGNMENT (  '', '', ( #1386 ) ) ;
#2013 = EDGE_CURVE ( 'NONE', #3398, #796, #774, .T. ) ;
#2014 = EDGE_CURVE ( 'NONE', #4530, #147, #523, .T. ) ;
#2015 = COLOUR_RGB ( '',0.7529411764705882200, 0.7529411764705882200, 0.7529411764705882200 ) ;
#2016 = COLOUR_RGB ( '',0.0000000000000000000, 0.0000000000000000000, 0.6274509803921568500 ) ;
#2017 = CARTESIAN_POINT ( 'NONE',  ( 2.828101522498601200E-014, -4.049999999999986500, -4.400000000000014600 ) ) ;
#2018 =( NAMED_UNIT ( * ) SI_UNIT ( $, .STERADIAN. ) SOLID_ANGLE_UNIT ( ) );
#2019 = ADVANCED_FACE ( 'NONE', ( #8 ), #4825, .F. ) ;
#2020 = SURFACE_STYLE_USAGE ( .BOTH. , #3169 ) ;
#2021 = ORIENTED_EDGE ( 'NONE', *, *, #2940, .F. ) ;
#2022 = VECTOR ( 'NONE', #508, 1000.000000000000000 ) ;
#2023 = PRESENTATION_LAYER_ASSIGNMENT (  '', '', ( #1366 ) ) ;
#2024 = DIRECTION ( 'NONE',  ( 1.000000000000000000, 6.982966722218764100E-015, 2.438091212180733500E-029 ) ) ;
#2025 = DIRECTION ( 'NONE',  ( -1.000000000000000000, -6.982966722218765700E-015, 4.231032868235873300E-016 ) ) ;
#2026 = DIRECTION ( 'NONE',  ( -6.982966722218764100E-015, 1.000000000000000000, 3.491483361109382100E-015 ) ) ;
#2027 = SURFACE_SIDE_STYLE ('',( #2754 ) ) ;
#2028 = DIRECTION ( 'NONE',  ( -1.000000000000000000, -6.982966722218764100E-015, -2.438091212180733500E-029 ) ) ;
#2029 = ORIENTED_EDGE ( 'NONE', *, *, #719, .F. ) ;
#2030 = FILL_AREA_STYLE ('',( #3226 ) ) ;
#2031 = VERTEX_POINT ( 'NONE', #2791 ) ;
#2032 = DIRECTION ( 'NONE',  ( 1.000000000000000000, 6.982966722218764100E-015, 2.438091212180733500E-029 ) ) ;
#2033 = ORIENTED_EDGE ( 'NONE', *, *, #3125, .T. ) ;
#2034 = ORIENTED_EDGE ( 'NONE', *, *, #582, .T. ) ;
#2035 = PLANE ( 'NONE',  #3679 ) ;
#2036 = CARTESIAN_POINT ( 'NONE',  ( 9.174999999999998900, -0.04999999999992829600, -2.100000000000000100 ) ) ;
#2037 = FACE_OUTER_BOUND ( 'NONE', #1634, .T. ) ;
#2038 = ORIENTED_EDGE ( 'NONE', *, *, #234, .F. ) ;
#2039 = ORIENTED_EDGE ( 'NONE', *, *, #833, .T. ) ;
#2040 = CARTESIAN_POINT ( 'NONE',  ( 8.400000000000028800, -3.899999999999926600, -4.950000000000017100 ) ) ;
#2041 = ORIENTED_EDGE ( 'NONE', *, *, #381, .T. ) ;
#2042 = DIRECTION ( 'NONE',  ( -6.982966722218764100E-015, 1.000000000000000000, 3.491483361109382100E-015 ) ) ;
#2043 = CARTESIAN_POINT ( 'NONE',  ( 4.600000000000029800, -4.199999999999956700, -3.950000000000016200 ) ) ;
#2044 =( GEOMETRIC_REPRESENTATION_CONTEXT ( 3 ) GLOBAL_UNCERTAINTY_ASSIGNED_CONTEXT ( ( #1530 ) ) GLOBAL_UNIT_ASSIGNED_CONTEXT ( ( #1603, #3646, #1622 ) ) REPRESENTATION_CONTEXT ( 'NONE', 'WORKASPACE' ) );
#2045 = VERTEX_POINT ( 'NONE', #2367 ) ;
#2046 = EDGE_CURVE ( 'NONE', #3484, #3933, #2328, .T. ) ;
#2047 = LINE ( 'NONE', #5290, #5056 ) ;
#2048 = EDGE_CURVE ( 'NONE', #3563, #213, #4362, .T. ) ;
#2049 = ADVANCED_FACE ( 'NONE', ( #3275 ), #2812, .F. ) ;
#2050 = COLOUR_RGB ( '',0.7529411764705882200, 0.7529411764705882200, 0.7529411764705882200 ) ;
#2051 = LINE ( 'NONE', #4792, #4141 ) ;
#2052 = PLANE ( 'NONE',  #3633 ) ;
#2053 = VECTOR ( 'NONE', #4910, 1000.000000000000000 ) ;
#2054 = DIRECTION ( 'NONE',  ( -6.982966722218764100E-015, 1.000000000000000000, 3.491483361109382100E-015 ) ) ;
#2055 = PLANE ( 'NONE',  #1152 ) ;
#2056 = PRESENTATION_LAYER_ASSIGNMENT (  '', '', ( #2971 ) ) ;
#2057 = CARTESIAN_POINT ( 'NONE',  ( 11.50000000000002300, -3.449999999999912200, -2.250000000000016900 ) ) ;
#2058 = FACE_OUTER_BOUND ( 'NONE', #3020, .T. ) ;
#2059 = SURFACE_STYLE_FILL_AREA ( #736 ) ;
#2060 = DIRECTION ( 'NONE',  ( 1.000000000000000000, 6.982966722218764100E-015, 2.438091212180733500E-029 ) ) ;
#2061 =( GEOMETRIC_REPRESENTATION_CONTEXT ( 3 ) GLOBAL_UNCERTAINTY_ASSIGNED_CONTEXT ( ( #1830 ) ) GLOBAL_UNIT_ASSIGNED_CONTEXT ( ( #1713, #4525, #2073 ) ) REPRESENTATION_CONTEXT ( 'NONE', 'WORKASPACE' ) );
#2062 = VERTEX_POINT ( 'NONE', #3636 ) ;
#2063 = FILL_AREA_STYLE_COLOUR ( '', #230 ) ;
#2064 =( NAMED_UNIT ( * ) PLANE_ANGLE_UNIT ( ) SI_UNIT ( $, .RADIAN. ) );
#2065 = COLOUR_RGB ( '',0.7529411764705882200, 0.7529411764705882200, 0.7529411764705882200 ) ;
#2066 = UNCERTAINTY_MEASURE_WITH_UNIT (LENGTH_MEASURE( 1.000000000000000100E-005 ), #1666, 'distance_accuracy_value', 'NONE');
#2067 = VERTEX_POINT ( 'NONE', #5312 ) ;
#2068 = CARTESIAN_POINT ( 'NONE',  ( 2.400000000000030100, -4.199999999999968200, -4.950000000000015300 ) ) ;
#2069 = STYLED_ITEM ( 'NONE', ( #1811 ), #1118 ) ;
#2070 = LINE ( 'NONE', #1473, #4358 ) ;
#2071 = LINE ( 'NONE', #1475, #2135 ) ;
#2072 = VERTEX_POINT ( 'NONE', #2847 ) ;
#2073 =( NAMED_UNIT ( * ) SI_UNIT ( $, .STERADIAN. ) SOLID_ANGLE_UNIT ( ) );
#2074 = ADVANCED_FACE ( 'NONE', ( #1243 ), #4021, .F. ) ;
#2075 = CARTESIAN_POINT ( 'NONE',  ( 1.174999999999999400, -0.04999999999998408500, -2.100000000000001400 ) ) ;
#2076 = PRESENTATION_STYLE_ASSIGNMENT (( #4661 ) ) ;
#2077 = SURFACE_STYLE_FILL_AREA ( #3076 ) ;
#2078 = EDGE_CURVE ( 'NONE', #2729, #53, #4527, .T. ) ;
#2079 = EDGE_CURVE ( 'NONE', #2287, #512, #5307, .T. ) ;
#2080 = DIRECTION ( 'NONE',  ( 6.982966722218764100E-015, -1.000000000000000000, -3.491483361109382100E-015 ) ) ;
#2081 = LINE ( 'NONE', #647, #1558 ) ;
#2082 = EDGE_LOOP ( 'NONE', ( #2674, #1451, #191, #1400 ) ) ;
#2083 = VECTOR ( 'NONE', #2411, 1000.000000000000000 ) ;
#2084 = VECTOR ( 'NONE', #5236, 1000.000000000000000 ) ;
#2085 = DIRECTION ( 'NONE',  ( 6.982966722218764100E-015, -1.000000000000000000, -3.491483361109382100E-015 ) ) ;
#2086 = FACE_OUTER_BOUND ( 'NONE', #3541, .T. ) ;
#2087 = PLANE ( 'NONE',  #249 ) ;
#2088 = SURFACE_STYLE_USAGE ( .BOTH. , #1692 ) ;
#2089 = ORIENTED_EDGE ( 'NONE', *, *, #1673, .T. ) ;
#2090 = LINE ( 'NONE', #2643, #5232 ) ;
#2091 = ORIENTED_EDGE ( 'NONE', *, *, #2690, .F. ) ;
#2092 = ORIENTED_EDGE ( 'NONE', *, *, #2939, .T. ) ;
#2093 = AXIS2_PLACEMENT_3D ( 'NONE', #4931, #2028, #3 ) ;
#2094 = FILL_AREA_STYLE_COLOUR ( '', #1635 ) ;
#2095 = PLANE ( 'NONE',  #2126 ) ;
#2096 = DIRECTION ( 'NONE',  ( 1.000000000000000000, 6.982966722218773600E-015, -2.739037067331777500E-015 ) ) ;
#2097 = DIRECTION ( 'NONE',  ( -6.982966722218764100E-015, 1.000000000000000000, 3.491483361109382100E-015 ) ) ;
#2098 = ADVANCED_FACE ( 'NONE', ( #2658 ), #2095, .F. ) ;
#2099 =( NAMED_UNIT ( * ) PLANE_ANGLE_UNIT ( ) SI_UNIT ( $, .RADIAN. ) );
#2100 = EDGE_LOOP ( 'NONE', ( #922, #5015, #1350, #4162, #702, #1460 ) ) ;
#2101 = COLOUR_RGB ( '',0.7529411764705882200, 0.7529411764705882200, 0.7529411764705882200 ) ;
#2102 = ORIENTED_EDGE ( 'NONE', *, *, #411, .F. ) ;
#2103 = SURFACE_STYLE_USAGE ( .BOTH. , #4114 ) ;
#2104 = VERTEX_POINT ( 'NONE', #4515 ) ;
#2105 = CARTESIAN_POINT ( 'NONE',  ( 2.600000000000028100, -3.899999999999967000, -4.950000000000014400 ) ) ;
#2106 = ORIENTED_EDGE ( 'NONE', *, *, #3056, .T. ) ;
#2107 = ORIENTED_EDGE ( 'NONE', *, *, #1457, .F. ) ;
#2108 =( NAMED_UNIT ( * ) SI_UNIT ( $, .STERADIAN. ) SOLID_ANGLE_UNIT ( ) );
#2109 = CARTESIAN_POINT ( 'NONE',  ( 6.600000000000027200, -3.899999999999940800, -4.400000000000015500 ) ) ;
#2110 = LINE ( 'NONE', #5187, #1729 ) ;
#2111 = SURFACE_SIDE_STYLE ('',( #1668 ) ) ;
#2112 = FACE_OUTER_BOUND ( 'NONE', #908, .T. ) ;
#2113 = EDGE_CURVE ( 'NONE', #993, #2296, #4385, .T. ) ;
#2114 = EDGE_CURVE ( 'NONE', #2979, #375, #3294, .T. ) ;
#2115 = EDGE_CURVE ( 'NONE', #4601, #2470, #597, .T. ) ;
#2116 = PRESENTATION_STYLE_ASSIGNMENT (( #5076 ) ) ;
#2117 =( NAMED_UNIT ( * ) SI_UNIT ( $, .STERADIAN. ) SOLID_ANGLE_UNIT ( ) );
#2118 = VECTOR ( 'NONE', #4786, 1000.000000000000000 ) ;
#2119 = ORIENTED_EDGE ( 'NONE', *, *, #4613, .F. ) ;
#2120 = SURFACE_SIDE_STYLE ('',( #3335 ) ) ;
#2121 = VECTOR ( 'NONE', #684, 1000.000000000000000 ) ;
#2122 = ADVANCED_FACE ( 'NONE', ( #3683 ), #5331, .F. ) ;
#2123 = DIRECTION ( 'NONE',  ( -8.462065736472215100E-016, 3.220432817988000000E-015, -1.000000000000000000 ) ) ;
#2124 = ORIENTED_EDGE ( 'NONE', *, *, #5177, .T. ) ;
#2125 = CARTESIAN_POINT ( 'NONE',  ( 3.400000000000027900, -3.899999999999961300, -4.950000000000014400 ) ) ;
#2126 = AXIS2_PLACEMENT_3D ( 'NONE', #4955, #1716, #4084 ) ;
#2127 = ORIENTED_EDGE ( 'NONE', *, *, #863, .F. ) ;
#2128 = ADVANCED_FACE ( 'NONE', ( #4834 ), #3279, .F. ) ;
#2129 = ORIENTED_EDGE ( 'NONE', *, *, #4585, .F. ) ;
#2130 = PLANE ( 'NONE',  #636 ) ;
#2131 = CARTESIAN_POINT ( 'NONE',  ( 11.50000000000002300, -3.449999999999912200, -2.250000000000016900 ) ) ;
#2132 = CARTESIAN_POINT ( 'NONE',  ( 3.600000000000030300, -4.199999999999960200, -4.950000000000015300 ) ) ;
#2133 = LINE ( 'NONE', #2943, #5151 ) ;
#2134 = ORIENTED_EDGE ( 'NONE', *, *, #4366, .T. ) ;
#2135 = VECTOR ( 'NONE', #2266, 1000.000000000000000 ) ;
#2136 = AXIS2_PLACEMENT_3D ( 'NONE', #3054, #2256, #2777 ) ;
#2137 = ORIENTED_EDGE ( 'NONE', *, *, #3605, .F. ) ;
#2138 = LINE ( 'NONE', #500, #3051 ) ;
#2139 = PRESENTATION_STYLE_ASSIGNMENT (( #2751 ) ) ;
#2140 = EDGE_CURVE ( 'NONE', #2314, #4655, #3918, .T. ) ;
#2141 = SURFACE_STYLE_USAGE ( .BOTH. , #2159 ) ;
#2142 = PRESENTATION_LAYER_ASSIGNMENT (  '', '', ( #4994 ) ) ;
#2143 = EDGE_CURVE ( 'NONE', #1355, #2811, #2604, .T. ) ;
#2144 =( NAMED_UNIT ( * ) SI_UNIT ( $, .STERADIAN. ) SOLID_ANGLE_UNIT ( ) );
#2145 = FILL_AREA_STYLE ('',( #2581 ) ) ;
#2146 = EDGE_CURVE ( 'NONE', #3213, #5009, #4769, .T. ) ;
#2147 = VERTEX_POINT ( 'NONE', #2418 ) ;
#2148 = PLANE ( 'NONE',  #2521 ) ;
#2149 = DIRECTION ( 'NONE',  ( -1.477258085975327000E-030, 3.703035004521187900E-015, -1.000000000000000000 ) ) ;
#2150 = DIRECTION ( 'NONE',  ( -1.000000000000000000, -6.982966722218766500E-015, 7.885106708985242500E-016 ) ) ;
#2151 = ORIENTED_EDGE ( 'NONE', *, *, #3838, .F. ) ;
#2152 = ORIENTED_EDGE ( 'NONE', *, *, #2657, .F. ) ;
#2153 = DIRECTION ( 'NONE',  ( -1.000000000000000000, -6.982966722218764100E-015, -2.438091212180733500E-029 ) ) ;
#2154 = MANIFOLD_SOLID_BREP ( '∂Øƒ - âüÇµèoÇµ32', #2469 ) ;
#2155 = CARTESIAN_POINT ( 'NONE',  ( 7.600000000000029800, -4.199999999999935300, -3.950000000000017100 ) ) ;
#2156 = AXIS2_PLACEMENT_3D ( 'NONE', #1612, #4477, #2025 ) ;
#2157 = ORIENTED_EDGE ( 'NONE', *, *, #2661, .F. ) ;
#2158 = ORIENTED_EDGE ( 'NONE', *, *, #3157, .T. ) ;
#2159 = SURFACE_SIDE_STYLE ('',( #57 ) ) ;
#2160 = PLANE ( 'NONE',  #1909 ) ;
#2161 = DIRECTION ( 'NONE',  ( -1.000000000000000000, -6.982966722218764100E-015, -2.438091212180733500E-029 ) ) ;
#2162 = DIRECTION ( 'NONE',  ( -0.0000000000000000000, 3.491483361109382100E-015, -1.000000000000000000 ) ) ;
#2163 = LINE ( 'NONE', #2860, #1903 ) ;
#2164 = ORIENTED_EDGE ( 'NONE', *, *, #3372, .F. ) ;
#2165 = ORIENTED_EDGE ( 'NONE', *, *, #3057, .F. ) ;
#2166 = VECTOR ( 'NONE', #1490, 1000.000000000000000 ) ;
#2167 = CARTESIAN_POINT ( 'NONE',  ( 8.600000000000029800, -3.949999999999930000, -3.450000000000013500 ) ) ;
#2168 = ORIENTED_EDGE ( 'NONE', *, *, #2597, .T. ) ;
#2169 = EDGE_LOOP ( 'NONE', ( #2029, #2914, #1401, #2127 ) ) ;
#2170 = VECTOR ( 'NONE', #4887, 1000.000000000000000 ) ;
#2171 =( GEOMETRIC_REPRESENTATION_CONTEXT ( 3 ) GLOBAL_UNCERTAINTY_ASSIGNED_CONTEXT ( ( #3901 ) ) GLOBAL_UNIT_ASSIGNED_CONTEXT ( ( #3706, #4079, #3291 ) ) REPRESENTATION_CONTEXT ( 'NONE', 'WORKASPACE' ) );
#2172 = LINE ( 'NONE', #830, #1602 ) ;
#2173 = ADVANCED_FACE ( 'NONE', ( #1111 ), #2794, .T. ) ;
#2174 = CARTESIAN_POINT ( 'NONE',  ( 2.824999999999987700, 1.950000000000021300, -0.3499999999999916000 ) ) ;
#2175 = VECTOR ( 'NONE', #1813, 1000.000000000000000 ) ;
#2176 = LINE ( 'NONE', #3284, #821 ) ;
#2177 = FILL_AREA_STYLE ('',( #3344 ) ) ;
#2178 = FILL_AREA_STYLE ('',( #1017 ) ) ;
#2179 = PLANE ( 'NONE',  #3243 ) ;
#2180 = CARTESIAN_POINT ( 'NONE',  ( 11.50000000000002800, -4.049999999999917200, -0.6500000000000189000 ) ) ;
#2181 = SURFACE_STYLE_FILL_AREA ( #3834 ) ;
#2182 = ADVANCED_FACE ( 'NONE', ( #661 ), #363, .F. ) ;
#2183 = VERTEX_POINT ( 'NONE', #3188 ) ;
#2184 = EDGE_CURVE ( 'NONE', #4531, #5179, #5039, .T. ) ;
#2185 = STYLED_ITEM ( 'NONE', ( #3114 ), #4971 ) ;
#2186 = PLANE ( 'NONE',  #4197 ) ;
#2187 = SURFACE_STYLE_FILL_AREA ( #4542 ) ;
#2188 = ORIENTED_EDGE ( 'NONE', *, *, #5276, .T. ) ;
#2189 = LINE ( 'NONE', #1097, #307 ) ;
#2190 = ORIENTED_EDGE ( 'NONE', *, *, #34, .F. ) ;
#2191 = FILL_AREA_STYLE ('',( #3052 ) ) ;
#2192 =( NAMED_UNIT ( * ) PLANE_ANGLE_UNIT ( ) SI_UNIT ( $, .RADIAN. ) );
#2193 = PRESENTATION_LAYER_ASSIGNMENT (  '', '', ( #5330 ) ) ;
#2194 = DIRECTION ( 'NONE',  ( 8.309576733611233800E-031, -3.610481160528522600E-015, 1.000000000000000000 ) ) ;
#2195 = ORIENTED_EDGE ( 'NONE', *, *, #2568, .T. ) ;
#2196 = SURFACE_STYLE_USAGE ( .BOTH. , #5080 ) ;
#2197 = CARTESIAN_POINT ( 'NONE',  ( 9.174999999999998900, -0.04999999999992934400, -1.800000000000000700 ) ) ;
#2198 =( NAMED_UNIT ( * ) SI_UNIT ( $, .STERADIAN. ) SOLID_ANGLE_UNIT ( ) );
#2199 =( NAMED_UNIT ( * ) SI_UNIT ( $, .STERADIAN. ) SOLID_ANGLE_UNIT ( ) );
#2200 = STYLED_ITEM ( 'NONE', ( #3763 ), #823 ) ;
#2201 = VECTOR ( 'NONE', #369, 1000.000000000000000 ) ;
#2202 = FILL_AREA_STYLE ('',( #3813 ) ) ;
#2203 = VERTEX_POINT ( 'NONE', #1639 ) ;
#2204 = VECTOR ( 'NONE', #2387, 1000.000000000000000 ) ;
#2205 = COLOUR_RGB ( '',0.7529411764705882200, 0.7529411764705882200, 0.7529411764705882200 ) ;
#2206 = PLANE ( 'NONE',  #1497 ) ;
#2207 = CARTESIAN_POINT ( 'NONE',  ( 11.25000000000000000, -0.3999999999999088700, -3.650000000000002100 ) ) ;
#2208 = ORIENTED_EDGE ( 'NONE', *, *, #6, .F. ) ;
#2209 = LINE ( 'NONE', #66, #5303 ) ;
#2210 = VERTEX_POINT ( 'NONE', #733 ) ;
#2211 =( NAMED_UNIT ( * ) SI_UNIT ( $, .STERADIAN. ) SOLID_ANGLE_UNIT ( ) );
#2212 =( GEOMETRIC_REPRESENTATION_CONTEXT ( 3 ) GLOBAL_UNCERTAINTY_ASSIGNED_CONTEXT ( ( #1734 ) ) GLOBAL_UNIT_ASSIGNED_CONTEXT ( ( #4127, #2099, #1285 ) ) REPRESENTATION_CONTEXT ( 'NONE', 'WORKASPACE' ) );
#2213 = EDGE_CURVE ( 'NONE', #5252, #3590, #1710, .T. ) ;
#2214 =( NAMED_UNIT ( * ) PLANE_ANGLE_UNIT ( ) SI_UNIT ( $, .RADIAN. ) );
#2215 = EDGE_CURVE ( 'NONE', #1720, #348, #2926, .T. ) ;
#2216 = ORIENTED_EDGE ( 'NONE', *, *, #3864, .T. ) ;
#2217 = PLANE ( 'NONE',  #1672 ) ;
#2218 = ORIENTED_EDGE ( 'NONE', *, *, #32, .T. ) ;
#2219 = UNCERTAINTY_MEASURE_WITH_UNIT (LENGTH_MEASURE( 1.000000000000000100E-005 ), #1266, 'distance_accuracy_value', 'NONE');
#2220 = LINE ( 'NONE', #2068, #1581 ) ;
#2221 = DIRECTION ( 'NONE',  ( 6.982966722218764100E-015, -1.000000000000000000, -3.491483361109382100E-015 ) ) ;
#2222 = DIRECTION ( 'NONE',  ( -5.769590274867287400E-017, 3.220432817988005600E-015, -1.000000000000000000 ) ) ;
#2223 = ORIENTED_EDGE ( 'NONE', *, *, #168, .T. ) ;
#2224 = SURFACE_SIDE_STYLE ('',( #3381 ) ) ;
#2225 = PRESENTATION_LAYER_ASSIGNMENT (  '', '', ( #1014 ) ) ;
#2226 = VECTOR ( 'NONE', #1474, 1000.000000000000000 ) ;
#2227 = ORIENTED_EDGE ( 'NONE', *, *, #2873, .F. ) ;
#2228 = CARTESIAN_POINT ( 'NONE',  ( 2.600000000000028100, -3.899999999999967000, -4.950000000000014400 ) ) ;
#2229 = CARTESIAN_POINT ( 'NONE',  ( 10.40000000000002900, -4.049999999999917200, -3.450000000000014800 ) ) ;
#2230 = LINE ( 'NONE', #4355, #3116 ) ;
#2231 = VERTEX_POINT ( 'NONE', #1597 ) ;
#2232 = MECHANICAL_DESIGN_GEOMETRIC_PRESENTATION_REPRESENTATION (  '', ( #1307 ), #1124 ) ;
#2233 = FACE_OUTER_BOUND ( 'NONE', #2817, .T. ) ;
#2234 = FILL_AREA_STYLE_COLOUR ( '', #3290 ) ;
#2235 = FACE_OUTER_BOUND ( 'NONE', #4442, .T. ) ;
#2236 = CARTESIAN_POINT ( 'NONE',  ( 0.6999999999999855200, 1.950000000000009700, -1.299999999999992300 ) ) ;
#2237 = DIRECTION ( 'NONE',  ( 8.462065736472233800E-016, -3.491483361109376100E-015, 1.000000000000000000 ) ) ;
#2238 = LINE ( 'NONE', #2297, #3942 ) ;
#2239 =( NAMED_UNIT ( * ) SI_UNIT ( $, .STERADIAN. ) SOLID_ANGLE_UNIT ( ) );
#2240 =( LENGTH_UNIT ( ) NAMED_UNIT ( * ) SI_UNIT ( .MILLI., .METRE. ) );
#2241 = EDGE_CURVE ( 'NONE', #4875, #2636, #2496, .T. ) ;
#2242 = EDGE_CURVE ( 'NONE', #2465, #855, #3799, .T. ) ;
#2243 = EDGE_CURVE ( 'NONE', #3851, #1905, #3854, .T. ) ;
#2244 = LINE ( 'NONE', #3311, #1147 ) ;
#2245 = VERTEX_POINT ( 'NONE', #753 ) ;
#2246 = CARTESIAN_POINT ( 'NONE',  ( 2.600000000000029000, -4.049999999999968700, -4.400000000000014600 ) ) ;
#2247 = FACE_OUTER_BOUND ( 'NONE', #173, .T. ) ;
#2248 = CARTESIAN_POINT ( 'NONE',  ( 1.174999999999985400, 1.950000000000015100, -1.949999999999994200 ) ) ;
#2249 = ORIENTED_EDGE ( 'NONE', *, *, #2621, .T. ) ;
#2250 =( GEOMETRIC_REPRESENTATION_CONTEXT ( 3 ) GLOBAL_UNCERTAINTY_ASSIGNED_CONTEXT ( ( #2642 ) ) GLOBAL_UNIT_ASSIGNED_CONTEXT ( ( #5029, #4582, #2144 ) ) REPRESENTATION_CONTEXT ( 'NONE', 'WORKASPACE' ) );
#2251 = FILL_AREA_STYLE_COLOUR ( '', #5027 ) ;
#2252 = ORIENTED_EDGE ( 'NONE', *, *, #1707, .F. ) ;
#2253 = DIRECTION ( 'NONE',  ( -1.000000000000000000, -6.982966722218764100E-015, -2.438091212180733500E-029 ) ) ;
#2254 = SURFACE_SIDE_STYLE ('',( #2482 ) ) ;
#2255 = PRESENTATION_STYLE_ASSIGNMENT (( #4920 ) ) ;
#2256 = DIRECTION ( 'NONE',  ( -6.982966722218764100E-015, 1.000000000000000000, 3.491483361109382100E-015 ) ) ;
#2257 = ORIENTED_EDGE ( 'NONE', *, *, #4010, .F. ) ;
#2258 = LINE ( 'NONE', #3378, #3843 ) ;
#2259 =( NAMED_UNIT ( * ) SI_UNIT ( $, .STERADIAN. ) SOLID_ANGLE_UNIT ( ) );
#2260 = EDGE_LOOP ( 'NONE', ( #2834, #4201, #2208, #1062 ) ) ;
#2261 = VECTOR ( 'NONE', #4954, 1000.000000000000000 ) ;
#2262 = SURFACE_STYLE_FILL_AREA ( #707 ) ;
#2263 = LINE ( 'NONE', #2466, #2586 ) ;
#2264 = CARTESIAN_POINT ( 'NONE',  ( 10.40000000000002900, -3.899999999999914200, -4.400000000000014600 ) ) ;
#2265 = DIRECTION ( 'NONE',  ( 0.0000000000000000000, -3.491483361109382100E-015, 1.000000000000000000 ) ) ;
#2266 = DIRECTION ( 'NONE',  ( -0.0000000000000000000, 3.491483361109382100E-015, -1.000000000000000000 ) ) ;
#2267 = STYLED_ITEM ( 'NONE', ( #4091 ), #366 ) ;
#2268 = CARTESIAN_POINT ( 'NONE',  ( 1.600000000000027200, -3.949999999999977100, -3.950000000000013500 ) ) ;
#2269 = ORIENTED_EDGE ( 'NONE', *, *, #3684, .T. ) ;
#2270 = LINE ( 'NONE', #102, #4638 ) ;
#2271 = SURFACE_STYLE_USAGE ( .BOTH. , #4264 ) ;
#2272 = PRESENTATION_STYLE_ASSIGNMENT (( #2893 ) ) ;
#2273 = DIRECTION ( 'NONE',  ( 1.000000000000000000, 6.982966722218764100E-015, 2.438091212180733500E-029 ) ) ;
#2274 = DIRECTION ( 'NONE',  ( -1.000000000000000000, -6.982966722218764100E-015, -2.438091212180733500E-029 ) ) ;
#2275 = ORIENTED_EDGE ( 'NONE', *, *, #2966, .F. ) ;
#2276 = ORIENTED_EDGE ( 'NONE', *, *, #654, .F. ) ;
#2277 = VERTEX_POINT ( 'NONE', #717 ) ;
#2278 = EDGE_LOOP ( 'NONE', ( #1113, #4839, #2451, #157 ) ) ;
#2279 = PLANE ( 'NONE',  #570 ) ;
#2280 = MECHANICAL_DESIGN_GEOMETRIC_PRESENTATION_REPRESENTATION (  '', ( #1386 ), #4286 ) ;
#2281 = EDGE_CURVE ( 'NONE', #489, #4965, #407, .T. ) ;
#2282 = EDGE_CURVE ( 'NONE', #4565, #2876, #926, .T. ) ;
#2283 = VERTEX_POINT ( 'NONE', #4026 ) ;
#2284 = UNCERTAINTY_MEASURE_WITH_UNIT (LENGTH_MEASURE( 1.000000000000000100E-005 ), #124, 'distance_accuracy_value', 'NONE');
#2285 = LINE ( 'NONE', #1545, #5183 ) ;
#2286 = SURFACE_STYLE_USAGE ( .BOTH. , #1462 ) ;
#2287 = VERTEX_POINT ( 'NONE', #4437 ) ;
#2288 = ORIENTED_EDGE ( 'NONE', *, *, #3259, .F. ) ;
#2289 = DIRECTION ( 'NONE',  ( 1.000000000000000000, 6.982966722218764100E-015, 2.438091212180733500E-029 ) ) ;
#2290 = ORIENTED_EDGE ( 'NONE', *, *, #4780, .F. ) ;
#2291 = EDGE_LOOP ( 'NONE', ( #2034, #1918, #5253, #446 ) ) ;
#2292 = DIRECTION ( 'NONE',  ( 6.982966722218764100E-015, -1.000000000000000000, -3.491483361109382100E-015 ) ) ;
#2293 = MECHANICAL_DESIGN_GEOMETRIC_PRESENTATION_REPRESENTATION (  '', ( #4865 ), #3821 ) ;
#2294 = CARTESIAN_POINT ( 'NONE',  ( 11.25000000000000000, -0.3999999999999088700, -3.650000000000002100 ) ) ;
#2295 = DIRECTION ( 'NONE',  ( 1.000000000000000000, 6.982966722218764100E-015, 2.438091212180733500E-029 ) ) ;
#2296 = VERTEX_POINT ( 'NONE', #1180 ) ;
#2297 = CARTESIAN_POINT ( 'NONE',  ( 4.600000000000027200, -3.899999999999955100, -4.400000000000014600 ) ) ;
#2298 = LINE ( 'NONE', #4022, #814 ) ;
#2299 = MECHANICAL_DESIGN_GEOMETRIC_PRESENTATION_REPRESENTATION (  '', ( #1014 ), #3036 ) ;
#2300 = COLOUR_RGB ( '',0.7529411764705882200, 0.7529411764705882200, 0.7529411764705882200 ) ;
#2301 = CARTESIAN_POINT ( 'NONE',  ( 8.400000000000028800, -4.049999999999931400, -3.450000000000013900 ) ) ;
#2302 = CARTESIAN_POINT ( 'NONE',  ( 12.00000000000001600, -2.149999999999916400, -1.281660387549447000E-014 ) ) ;
#2303 = LINE ( 'NONE', #5188, #4488 ) ;
#2304 = CARTESIAN_POINT ( 'NONE',  ( 2.828101522498601200E-014, -4.049999999999986500, -4.400000000000014600 ) ) ;
#2305 = COLOUR_RGB ( '',0.7529411764705882200, 0.7529411764705882200, 0.7529411764705882200 ) ;
#2306 = EDGE_LOOP ( 'NONE', ( #2423, #4031, #4311, #5145, #1379, #4853 ) ) ;
#2307 = DIRECTION ( 'NONE',  ( 0.0000000000000000000, -3.491483361109382100E-015, 1.000000000000000000 ) ) ;
#2308 = DIRECTION ( 'NONE',  ( -1.000000000000000000, -6.982966722218764100E-015, -2.438091212180733500E-029 ) ) ;
#2309 = ADVANCED_FACE ( 'NONE', ( #4188 ), #2130, .F. ) ;
#2310 = DIRECTION ( 'NONE',  ( 1.000000000000000000, 6.982966722218764100E-015, 2.438091212180733500E-029 ) ) ;
#2311 = CARTESIAN_POINT ( 'NONE',  ( 5.600000000000027200, -3.899999999999946200, -4.950000000000015300 ) ) ;
#2312 = VERTEX_POINT ( 'NONE', #4140 ) ;
#2313 = PLANE ( 'NONE',  #1032 ) ;
#2314 = VERTEX_POINT ( 'NONE', #4945 ) ;
#2315 = MECHANICAL_DESIGN_GEOMETRIC_PRESENTATION_REPRESENTATION (  '', ( #1631 ), #4354 ) ;
#2316 = STYLED_ITEM ( 'NONE', ( #3472 ), #4427 ) ;
#2317 = EDGE_CURVE ( 'NONE', #2062, #1808, #205, .T. ) ;
#2318 = LINE ( 'NONE', #1435, #510 ) ;
#2319 = EDGE_CURVE ( 'NONE', #1720, #1952, #3156, .T. ) ;
#2320 = VERTEX_POINT ( 'NONE', #4551 ) ;
#2321 = ORIENTED_EDGE ( 'NONE', *, *, #560, .T. ) ;
#2322 = SURFACE_SIDE_STYLE ('',( #641 ) ) ;
#2323 = DIRECTION ( 'NONE',  ( 6.982966722218764100E-015, -1.000000000000000000, -3.491483361109382100E-015 ) ) ;
#2324 = VECTOR ( 'NONE', #962, 1000.000000000000000 ) ;
#2325 = VERTEX_POINT ( 'NONE', #4960 ) ;
#2326 = LINE ( 'NONE', #2941, #2588 ) ;
#2327 = CARTESIAN_POINT ( 'NONE',  ( 9.600000000000031600, -4.199999999999918500, -4.950000000000017900 ) ) ;
#2328 = LINE ( 'NONE', #5240, #3666 ) ;
#2329 = CARTESIAN_POINT ( 'NONE',  ( 11.49999999999998200, 1.950000000000093900, -3.749999999999998700 ) ) ;
#2330 = DIRECTION ( 'NONE',  ( -6.982966722218764100E-015, 1.000000000000000000, 3.491483361109382100E-015 ) ) ;
#2331 = DIRECTION ( 'NONE',  ( 1.000000000000000000, 6.982966722218764100E-015, 2.438091212180733500E-029 ) ) ;
#2332 = FACE_OUTER_BOUND ( 'NONE', #4136, .T. ) ;
#2333 =( LENGTH_UNIT ( ) NAMED_UNIT ( * ) SI_UNIT ( .MILLI., .METRE. ) );
#2334 = STYLED_ITEM ( 'NONE', ( #2076 ), #1746 ) ;
#2335 = CARTESIAN_POINT ( 'NONE',  ( 0.7000000000000173900, -2.599999999999993000, -0.6000000000000101900 ) ) ;
#2336 =( NAMED_UNIT ( * ) PLANE_ANGLE_UNIT ( ) SI_UNIT ( $, .RADIAN. ) );
#2337 = ORIENTED_EDGE ( 'NONE', *, *, #347, .T. ) ;
#2338 = PRESENTATION_STYLE_ASSIGNMENT (( #3296 ) ) ;
#2339 = FACE_OUTER_BOUND ( 'NONE', #4057, .T. ) ;
#2340 = LINE ( 'NONE', #1850, #2970 ) ;
#2341 = ORIENTED_EDGE ( 'NONE', *, *, #1000, .F. ) ;
#2342 = FILL_AREA_STYLE_COLOUR ( '', #243 ) ;
#2343 = DIRECTION ( 'NONE',  ( -1.000000000000000000, -6.982966722218764100E-015, -2.438091212180733500E-029 ) ) ;
#2344 = PLANE ( 'NONE',  #3513 ) ;
#2345 = STYLED_ITEM ( 'NONE', ( #3216 ), #1241 ) ;
#2346 = DIRECTION ( 'NONE',  ( -6.982966722218764100E-015, 1.000000000000000000, 3.491483361109382100E-015 ) ) ;
#2347 = ORIENTED_EDGE ( 'NONE', *, *, #2441, .F. ) ;
#2348 = VECTOR ( 'NONE', #1685, 1000.000000000000000 ) ;
#2349 = CARTESIAN_POINT ( 'NONE',  ( 1.400000000000027700, -4.049999999999977600, -4.400000000000014600 ) ) ;
#2350 = ORIENTED_EDGE ( 'NONE', *, *, #584, .F. ) ;
#2351 = DIRECTION ( 'NONE',  ( -6.982966722218764100E-015, 1.000000000000000000, 3.491483361109382100E-015 ) ) ;
#2352 = ORIENTED_EDGE ( 'NONE', *, *, #1102, .T. ) ;
#2353 = EDGE_CURVE ( 'NONE', #3590, #3108, #3413, .T. ) ;
#2354 = CARTESIAN_POINT ( 'NONE',  ( 11.50000000000002700, -4.049999999999911000, -2.250000000000019100 ) ) ;
#2355 = EDGE_CURVE ( 'NONE', #1751, #247, #4377, .T. ) ;
#2356 =( LENGTH_UNIT ( ) NAMED_UNIT ( * ) SI_UNIT ( .MILLI., .METRE. ) );
#2357 = SURFACE_SIDE_STYLE ('',( #782 ) ) ;
#2358 = ORIENTED_EDGE ( 'NONE', *, *, #31, .F. ) ;
#2359 = EDGE_LOOP ( 'NONE', ( #4067, #4473, #4434, #3800 ) ) ;
#2360 = ORIENTED_EDGE ( 'NONE', *, *, #3372, .T. ) ;
#2361 = CARTESIAN_POINT ( 'NONE',  ( 10.60000000000003200, -4.199999999999914900, -3.950000000000018400 ) ) ;
#2362 = LINE ( 'NONE', #3128, #3307 ) ;
#2363 = MECHANICAL_DESIGN_GEOMETRIC_PRESENTATION_REPRESENTATION (  '', ( #1328 ), #3271 ) ;
#2364 = DIRECTION ( 'NONE',  ( 1.000000000000000000, 6.982966722218764100E-015, 2.438091212180733500E-029 ) ) ;
#2365 = ORIENTED_EDGE ( 'NONE', *, *, #70, .T. ) ;
#2366 = DIRECTION ( 'NONE',  ( 0.0000000000000000000, -3.491483361109382100E-015, 1.000000000000000000 ) ) ;
#2367 = CARTESIAN_POINT ( 'NONE',  ( 11.24999999999998400, 1.950000000000092500, -3.999999999999994200 ) ) ;
#2368 = FACE_OUTER_BOUND ( 'NONE', #1721, .T. ) ;
#2369 = FILL_AREA_STYLE ('',( #3984 ) ) ;
#2370 = ORIENTED_EDGE ( 'NONE', *, *, #1454, .T. ) ;
#2371 = ORIENTED_EDGE ( 'NONE', *, *, #1222, .F. ) ;
#2372 = AXIS2_PLACEMENT_3D ( 'NONE', #3347, #82, #502 ) ;
#2373 = DIRECTION ( 'NONE',  ( -8.462065736472282100E-016, 4.158684698023532600E-015, -1.000000000000000000 ) ) ;
#2374 = SURFACE_STYLE_FILL_AREA ( #3185 ) ;
#2375 = ADVANCED_FACE ( 'NONE', ( #5234 ), #2087, .F. ) ;
#2376 = PLANE ( 'NONE',  #5074 ) ;
#2377 = SURFACE_SIDE_STYLE ('',( #2853 ) ) ;
#2378 = VECTOR ( 'NONE', #2506, 1000.000000000000000 ) ;
#2379 = FACE_OUTER_BOUND ( 'NONE', #1332, .T. ) ;
#2380 = CARTESIAN_POINT ( 'NONE',  ( 0.5000000000000283100, -4.049999999999993600, -0.6500000000000142300 ) ) ;
#2381 = PLANE ( 'NONE',  #2890 ) ;
#2382 = DIRECTION ( 'NONE',  ( -6.982966722218764100E-015, 1.000000000000000000, 3.392919527247063600E-015 ) ) ;
#2383 = CARTESIAN_POINT ( 'NONE',  ( 10.60000000000003000, -3.899999999999911100, -4.950000000000017900 ) ) ;
#2384 = ORIENTED_EDGE ( 'NONE', *, *, #2241, .T. ) ;
#2385 = ORIENTED_EDGE ( 'NONE', *, *, #3773, .T. ) ;
#2386 = PRESENTATION_STYLE_ASSIGNMENT (( #990 ) ) ;
#2387 = DIRECTION ( 'NONE',  ( 0.0000000000000000000, -3.491483361109382100E-015, 1.000000000000000000 ) ) ;
#2388 = SURFACE_SIDE_STYLE ('',( #3409 ) ) ;
#2389 = ORIENTED_EDGE ( 'NONE', *, *, #99, .F. ) ;
#2390 = DIRECTION ( 'NONE',  ( -6.982966722218764100E-015, 1.000000000000000000, 3.491483361109382100E-015 ) ) ;
#2391 = DIRECTION ( 'NONE',  ( -1.000000000000000000, -6.982966722218764100E-015, -2.438091212180733500E-029 ) ) ;
#2392 =( NAMED_UNIT ( * ) PLANE_ANGLE_UNIT ( ) SI_UNIT ( $, .RADIAN. ) );
#2393 = LINE ( 'NONE', #1407, #965 ) ;
#2394 = DIRECTION ( 'NONE',  ( -1.000000000000000000, -6.982966722218764100E-015, -2.438091212180733500E-029 ) ) ;
#2395 = VERTEX_POINT ( 'NONE', #4568 ) ;
#2396 = ORIENTED_EDGE ( 'NONE', *, *, #3371, .F. ) ;
#2397 = EDGE_CURVE ( 'NONE', #2613, #155, #5033, .T. ) ;
#2398 = EDGE_CURVE ( 'NONE', #3627, #2045, #4590, .T. ) ;
#2399 = UNCERTAINTY_MEASURE_WITH_UNIT (LENGTH_MEASURE( 1.000000000000000100E-005 ), #2525, 'distance_accuracy_value', 'NONE');
#2400 = EDGE_CURVE ( 'NONE', #3563, #4102, #1642, .T. ) ;
#2401 = ORIENTED_EDGE ( 'NONE', *, *, #3026, .F. ) ;
#2402 = FILL_AREA_STYLE ('',( #1996 ) ) ;
#2403 = CARTESIAN_POINT ( 'NONE',  ( 5.600000000000029800, -4.199999999999949600, -3.950000000000016200 ) ) ;
#2404 = PLANE ( 'NONE',  #4309 ) ;
#2405 = ADVANCED_FACE ( 'NONE', ( #143 ), #2539, .F. ) ;
#2406 =( NAMED_UNIT ( * ) SI_UNIT ( $, .STERADIAN. ) SOLID_ANGLE_UNIT ( ) );
#2407 = VERTEX_POINT ( 'NONE', #4105 ) ;
#2408 = VECTOR ( 'NONE', #4476, 1000.000000000000000 ) ;
#2409 = SURFACE_STYLE_FILL_AREA ( #2744 ) ;
#2410 = STYLED_ITEM ( 'NONE', ( #3585 ), #2935 ) ;
#2411 = DIRECTION ( 'NONE',  ( 1.000000000000000000, 6.982966722218767300E-015, -8.462065736471991200E-016 ) ) ;
#2412 = CARTESIAN_POINT ( 'NONE',  ( 4.400000000000029700, -4.199999999999954900, -4.950000000000016200 ) ) ;
#2413 = EDGE_LOOP ( 'NONE', ( #210, #2102, #930, #3099, #4651, #3412 ) ) ;
#2414 = FACE_OUTER_BOUND ( 'NONE', #1507, .T. ) ;
#2415 = COLOUR_RGB ( '',0.7529411764705882200, 0.7529411764705882200, 0.7529411764705882200 ) ;
#2416 = DIRECTION ( 'NONE',  ( 6.982966722218764100E-015, -1.000000000000000000, -3.491483361109382100E-015 ) ) ;
#2417 = ADVANCED_FACE ( 'NONE', ( #2544 ), #813, .T. ) ;
#2418 = CARTESIAN_POINT ( 'NONE',  ( 3.600000000000028100, -3.899999999999962200, -4.400000000000014600 ) ) ;
#2419 = PRESENTATION_LAYER_ASSIGNMENT (  '', '', ( #365 ) ) ;
#2420 = FILL_AREA_STYLE_COLOUR ( '', #3445 ) ;
#2421 = PLANE ( 'NONE',  #3423 ) ;
#2422 = FILL_AREA_STYLE ('',( #3251 ) ) ;
#2423 = ORIENTED_EDGE ( 'NONE', *, *, #1137, .F. ) ;
#2424 = CARTESIAN_POINT ( 'NONE',  ( 0.5000000000000283100, -4.049999999999988300, -2.250000000000014200 ) ) ;
#2425 = CARTESIAN_POINT ( 'NONE',  ( 0.7500000000000178700, -2.599999999999981900, -3.650000000000009200 ) ) ;
#2426 = CARTESIAN_POINT ( 'NONE',  ( 11.25000000000001100, -1.799999999999916600, -1.300000000000006900 ) ) ;
#2427 = STYLED_ITEM ( 'NONE', ( #588 ), #1181 ) ;
#2428 = DIRECTION ( 'NONE',  ( 1.000000000000000000, 6.982966722218765700E-015, -4.231032868235873300E-016 ) ) ;
#2429 = ORIENTED_EDGE ( 'NONE', *, *, #3404, .T. ) ;
#2430 = DIRECTION ( 'NONE',  ( -6.982966722218764100E-015, 1.000000000000000000, 3.491483361109382100E-015 ) ) ;
#2431 = ORIENTED_EDGE ( 'NONE', *, *, #2873, .T. ) ;
#2432 = CARTESIAN_POINT ( 'NONE',  ( 1.175000000000017100, -2.599999999999989400, -0.6000000000000113000 ) ) ;
#2433 = VERTEX_POINT ( 'NONE', #4980 ) ;
#2434 = EDGE_LOOP ( 'NONE', ( #3429, #1391, #3497, #3081, #2384, #342 ) ) ;
#2435 =( NAMED_UNIT ( * ) PLANE_ANGLE_UNIT ( ) SI_UNIT ( $, .RADIAN. ) );
#2436 = EDGE_CURVE ( 'NONE', #4018, #1038, #2209, .T. ) ;
#2437 = UNCERTAINTY_MEASURE_WITH_UNIT (LENGTH_MEASURE( 1.000000000000000100E-005 ), #788, 'distance_accuracy_value', 'NONE');
#2438 = DIRECTION ( 'NONE',  ( 6.982966722218764100E-015, -1.000000000000000000, -3.491483361109382100E-015 ) ) ;
#2439 =( GEOMETRIC_REPRESENTATION_CONTEXT ( 3 ) GLOBAL_UNCERTAINTY_ASSIGNED_CONTEXT ( ( #4528 ) ) GLOBAL_UNIT_ASSIGNED_CONTEXT ( ( #4198, #4617, #1778 ) ) REPRESENTATION_CONTEXT ( 'NONE', 'WORKASPACE' ) );
#2440 = EDGE_CURVE ( 'NONE', #1018, #2811, #4453, .T. ) ;
#2441 = EDGE_CURVE ( 'NONE', #2312, #4327, #2601, .T. ) ;
#2442 = ADVANCED_FACE ( 'NONE', ( #3352 ), #2148, .F. ) ;
#2443 = VECTOR ( 'NONE', #3200, 1000.000000000000000 ) ;
#2444 = ORIENTED_EDGE ( 'NONE', *, *, #1739, .T. ) ;
#2445 = ORIENTED_EDGE ( 'NONE', *, *, #3093, .T. ) ;
#2446 = ORIENTED_EDGE ( 'NONE', *, *, #1356, .T. ) ;
#2447 = SURFACE_STYLE_FILL_AREA ( #2733 ) ;
#2448 = LINE ( 'NONE', #1412, #3629 ) ;
#2449 = ORIENTED_EDGE ( 'NONE', *, *, #654, .T. ) ;
#2450 = DIRECTION ( 'NONE',  ( -7.885106708985486100E-016, 3.491483361109376500E-015, -1.000000000000000000 ) ) ;
#2451 = ORIENTED_EDGE ( 'NONE', *, *, #4484, .F. ) ;
#2452 = ADVANCED_FACE ( 'NONE', ( #1766 ), #3749, .T. ) ;
#2453 = MECHANICAL_DESIGN_GEOMETRIC_PRESENTATION_REPRESENTATION (  '', ( #690 ), #2250 ) ;
#2454 = DIRECTION ( 'NONE',  ( -0.0000000000000000000, 3.491483361109382100E-015, -1.000000000000000000 ) ) ;
#2455 = DIRECTION ( 'NONE',  ( 1.000000000000000000, 6.982966722218764100E-015, 2.438091212180733500E-029 ) ) ;
#2456 = LINE ( 'NONE', #4420, #2998 ) ;
#2457 = AXIS2_PLACEMENT_3D ( 'NONE', #4043, #5274, #336 ) ;
#2458 = DIRECTION ( 'NONE',  ( 1.000000000000000000, 6.982966722218764100E-015, 2.438091212180733500E-029 ) ) ;
#2459 = CARTESIAN_POINT ( 'NONE',  ( 2.600000000000028100, -3.899999999999967000, -4.950000000000014400 ) ) ;
#2460 = CARTESIAN_POINT ( 'NONE',  ( 1.175000000000017100, -2.599999999999984500, -2.050000000000009600 ) ) ;
#2461 = FACE_OUTER_BOUND ( 'NONE', #112, .T. ) ;
#2462 = VERTEX_POINT ( 'NONE', #547 ) ;
#2463 = PRESENTATION_STYLE_ASSIGNMENT (( #321 ) ) ;
#2464 =( GEOMETRIC_REPRESENTATION_CONTEXT ( 3 ) GLOBAL_UNCERTAINTY_ASSIGNED_CONTEXT ( ( #3094 ) ) GLOBAL_UNIT_ASSIGNED_CONTEXT ( ( #3171, #5259, #663 ) ) REPRESENTATION_CONTEXT ( 'NONE', 'WORKASPACE' ) );
#2465 = VERTEX_POINT ( 'NONE', #3512 ) ;
#2466 = CARTESIAN_POINT ( 'NONE',  ( 7.400000000000029700, -4.199999999999932700, -4.950000000000017100 ) ) ;
#2467 = ADVANCED_FACE ( 'NONE', ( #5164 ), #1519, .T. ) ;
#2468 =( NAMED_UNIT ( * ) PLANE_ANGLE_UNIT ( ) SI_UNIT ( $, .RADIAN. ) );
#2469 = CLOSED_SHELL ( 'NONE', ( #3586, #3654, #3614, #4096, #4671, #2417, #5289, #909, #3721, #4895, #5197, #2883, #4436, #1322, #2565, #4155, #149, #3642, #2173, #4600, #3268, #4051, #1675, #2098, #795, #2405, #3050, #4491, #3348, #735, #5170, #876, #4840, #1699, #2467, #64, #4470, #1375, #2019, #743, #2049, #4233, #4072, #418, #1998, #1649, #1181, #4574, #2452, #1365, #4831, #4228, #1746, #771, #4427, #4003, #2958, #5281, #3160, #4037, #4971, #42, #4367, #2442, #5308, #1556, #1156, #5004, #4978, #1144, #1596, #1585, #3700, #4258, #38, #1265, #119, #2996, #475, #2935, #3769, #3187, #3236, #3319, #1241, #5083, #2855, #1958, #3622, #2074, #1118, #1193, #302, #903, #4398, #4776, #2806, #4872, #5337, #531, #823, #5108, #366, #4125, #2375, #2797, #3323, #3672, #2309, #3211, #4015, #2833, #15, #4523, #2930, #708, #2128, #5053, #2717, #2182, #4864, #3248, #1628, #4130, #1986, #1620, #2122, #2765, #2825, #562, #4462, #1804 ) ) ;
#2470 = VERTEX_POINT ( 'NONE', #2294 ) ;
#2471 = FACE_OUTER_BOUND ( 'NONE', #268, .T. ) ;
#2472 = ORIENTED_EDGE ( 'NONE', *, *, #3431, .F. ) ;
#2473 = CARTESIAN_POINT ( 'NONE',  ( 8.400000000000028800, -4.049999999999929700, -3.950000000000017100 ) ) ;
#2474 = CARTESIAN_POINT ( 'NONE',  ( 5.600000000000029000, -4.049999999999949200, -3.950000000000015300 ) ) ;
#2475 = DIRECTION ( 'NONE',  ( -1.000000000000000000, -6.982966722218764100E-015, -2.438091212180733500E-029 ) ) ;
#2476 = UNCERTAINTY_MEASURE_WITH_UNIT (LENGTH_MEASURE( 1.000000000000000100E-005 ), #4104, 'distance_accuracy_value', 'NONE');
#2477 = LINE ( 'NONE', #1931, #3961 ) ;
#2478 = ORIENTED_EDGE ( 'NONE', *, *, #2146, .T. ) ;
#2479 = LINE ( 'NONE', #4903, #5220 ) ;
#2480 = EDGE_CURVE ( 'NONE', #5179, #4949, #3737, .T. ) ;
#2481 = MECHANICAL_DESIGN_GEOMETRIC_PRESENTATION_REPRESENTATION (  '', ( #593 ), #1357 ) ;
#2482 = SURFACE_STYLE_FILL_AREA ( #3118 ) ;
#2483 = ORIENTED_EDGE ( 'NONE', *, *, #5096, .F. ) ;
#2484 = VECTOR ( 'NONE', #1684, 1000.000000000000000 ) ;
#2485 = COLOUR_RGB ( '',0.7529411764705882200, 0.7529411764705882200, 0.7529411764705882200 ) ;
#2486 = SURFACE_SIDE_STYLE ('',( #89 ) ) ;
#2487 = VECTOR ( 'NONE', #2394, 1000.000000000000000 ) ;
#2488 =( LENGTH_UNIT ( ) NAMED_UNIT ( * ) SI_UNIT ( .MILLI., .METRE. ) );
#2489 = CARTESIAN_POINT ( 'NONE',  ( 7.400000000000028800, -4.049999999999939400, -3.450000000000013500 ) ) ;
#2490 = VERTEX_POINT ( 'NONE', #5224 ) ;
#2491 = FACE_OUTER_BOUND ( 'NONE', #3038, .T. ) ;
#2492 = VECTOR ( 'NONE', #2952, 1000.000000000000000 ) ;
#2493 = MECHANICAL_DESIGN_GEOMETRIC_PRESENTATION_REPRESENTATION (  '', ( #5330 ), #3658 ) ;
#2494 =( NAMED_UNIT ( * ) PLANE_ANGLE_UNIT ( ) SI_UNIT ( $, .RADIAN. ) );
#2495 = ORIENTED_EDGE ( 'NONE', *, *, #1595, .T. ) ;
#2496 = LINE ( 'NONE', #4002, #1380 ) ;
#2497 = AXIS2_PLACEMENT_3D ( 'NONE', #1383, #1438, #3447 ) ;
#2498 = ORIENTED_EDGE ( 'NONE', *, *, #3027, .T. ) ;
#2499 =( NAMED_UNIT ( * ) PLANE_ANGLE_UNIT ( ) SI_UNIT ( $, .RADIAN. ) );
#2500 = VERTEX_POINT ( 'NONE', #2774 ) ;
#2501 = PLANE ( 'NONE',  #3224 ) ;
#2502 = DIRECTION ( 'NONE',  ( 6.982966722218764100E-015, -1.000000000000000000, -3.491483361109382100E-015 ) ) ;
#2503 = PLANE ( 'NONE',  #1657 ) ;
#2504 = ORIENTED_EDGE ( 'NONE', *, *, #4681, .F. ) ;
#2505 = ORIENTED_EDGE ( 'NONE', *, *, #346, .F. ) ;
#2506 = DIRECTION ( 'NONE',  ( -0.0000000000000000000, 3.491483361109382100E-015, -1.000000000000000000 ) ) ;
#2507 = ORIENTED_EDGE ( 'NONE', *, *, #2013, .T. ) ;
#2508 = DIRECTION ( 'NONE',  ( -1.000000000000000000, -6.982966722218764100E-015, -2.438091212180733500E-029 ) ) ;
#2509 = FACE_OUTER_BOUND ( 'NONE', #3837, .T. ) ;
#2510 = EDGE_CURVE ( 'NONE', #2697, #586, #1823, .T. ) ;
#2511 = LINE ( 'NONE', #2229, #4935 ) ;
#2512 = VECTOR ( 'NONE', #1074, 1000.000000000000000 ) ;
#2513 = PLANE ( 'NONE',  #1866 ) ;
#2514 = ORIENTED_EDGE ( 'NONE', *, *, #1185, .F. ) ;
#2515 = SURFACE_STYLE_FILL_AREA ( #1153 ) ;
#2516 = VECTOR ( 'NONE', #4871, 1000.000000000000000 ) ;
#2517 = CARTESIAN_POINT ( 'NONE',  ( 10.82500000000001400, -0.04999999999991686100, -2.100000000000002300 ) ) ;
#2518 = CARTESIAN_POINT ( 'NONE',  ( 6.600000000000029800, -4.199999999999942400, -3.950000000000017100 ) ) ;
#2519 =( NAMED_UNIT ( * ) PLANE_ANGLE_UNIT ( ) SI_UNIT ( $, .RADIAN. ) );
#2520 = CARTESIAN_POINT ( 'NONE',  ( 11.25000000000000000, -0.3999999999999088700, -3.650000000000002100 ) ) ;
#2521 = AXIS2_PLACEMENT_3D ( 'NONE', #2567, #505, #907 ) ;
#2522 = ORIENTED_EDGE ( 'NONE', *, *, #4149, .F. ) ;
#2523 = ORIENTED_EDGE ( 'NONE', *, *, #2792, .F. ) ;
#2524 = DIRECTION ( 'NONE',  ( 1.000000000000000000, 6.982966722218764900E-015, -1.239088197126047300E-016 ) ) ;
#2525 =( LENGTH_UNIT ( ) NAMED_UNIT ( * ) SI_UNIT ( .MILLI., .METRE. ) );
#2526 = ORIENTED_EDGE ( 'NONE', *, *, #3370, .T. ) ;
#2527 = PRESENTATION_LAYER_ASSIGNMENT (  '', '', ( #4144 ) ) ;
#2528 = ORIENTED_EDGE ( 'NONE', *, *, #3570, .T. ) ;
#2529 = ORIENTED_EDGE ( 'NONE', *, *, #2796, .F. ) ;
#2530 = CARTESIAN_POINT ( 'NONE',  ( 0.4999999999999909000, 1.300000000000012500, -2.449999999999996600 ) ) ;
#2531 = VECTOR ( 'NONE', #2153, 1000.000000000000000 ) ;
#2532 = EDGE_CURVE ( 'NONE', #1298, #2866, #3088, .T. ) ;
#2533 = EDGE_CURVE ( 'NONE', #474, #3398, #2783, .T. ) ;
#2534 = CARTESIAN_POINT ( 'NONE',  ( 7.400000000000029700, -4.199999999999932700, -4.950000000000017100 ) ) ;
#2535 = EDGE_CURVE ( 'NONE', #2979, #4676, #1888, .T. ) ;
#2536 = EDGE_LOOP ( 'NONE', ( #1321, #4256, #1003, #3361 ) ) ;
#2537 = LINE ( 'NONE', #3134, #2204 ) ;
#2538 = VECTOR ( 'NONE', #689, 1000.000000000000000 ) ;
#2539 = PLANE ( 'NONE',  #1296 ) ;
#2540 = DIRECTION ( 'NONE',  ( 6.982966722218764100E-015, -1.000000000000000000, -3.491483361109382100E-015 ) ) ;
#2541 = VECTOR ( 'NONE', #1891, 1000.000000000000000 ) ;
#2542 = PRESENTATION_LAYER_ASSIGNMENT (  '', '', ( #2185 ) ) ;
#2543 = VERTEX_POINT ( 'NONE', #1950 ) ;
#2544 = FACE_OUTER_BOUND ( 'NONE', #3874, .T. ) ;
#2545 = DIRECTION ( 'NONE',  ( -6.982966722218764100E-015, 1.000000000000000000, 3.491483361109382100E-015 ) ) ;
#2546 =( GEOMETRIC_REPRESENTATION_CONTEXT ( 3 ) GLOBAL_UNCERTAINTY_ASSIGNED_CONTEXT ( ( #3623 ) ) GLOBAL_UNIT_ASSIGNED_CONTEXT ( ( #3839, #2214, #590 ) ) REPRESENTATION_CONTEXT ( 'NONE', 'WORKASPACE' ) );
#2547 = ORIENTED_EDGE ( 'NONE', *, *, #682, .F. ) ;
#2548 = DIRECTION ( 'NONE',  ( 1.000000000000000000, 6.982966722218764100E-015, -5.769590274865039100E-017 ) ) ;
#2549 = CARTESIAN_POINT ( 'NONE',  ( 2.600000000000029000, -4.049999999999970500, -3.950000000000014400 ) ) ;
#2550 =( NAMED_UNIT ( * ) PLANE_ANGLE_UNIT ( ) SI_UNIT ( $, .RADIAN. ) );
#2551 = EDGE_LOOP ( 'NONE', ( #4248, #1329, #2021, #3392 ) ) ;
#2552 = MECHANICAL_DESIGN_GEOMETRIC_PRESENTATION_REPRESENTATION (  '', ( #4466 ), #4946 ) ;
#2553 = DIRECTION ( 'NONE',  ( 6.982966722218764100E-015, -1.000000000000000000, -3.703035004521187900E-015 ) ) ;
#2554 = VERTEX_POINT ( 'NONE', #4381 ) ;
#2555 = LINE ( 'NONE', #5235, #4200 ) ;
#2556 = ORIENTED_EDGE ( 'NONE', *, *, #198, .T. ) ;
#2557 = ORIENTED_EDGE ( 'NONE', *, *, #4195, .F. ) ;
#2558 = UNCERTAINTY_MEASURE_WITH_UNIT (LENGTH_MEASURE( 1.000000000000000100E-005 ), #4801, 'distance_accuracy_value', 'NONE');
#2559 = VECTOR ( 'NONE', #3091, 1000.000000000000000 ) ;
#2560 = VECTOR ( 'NONE', #3098, 1000.000000000000000 ) ;
#2561 = EDGE_LOOP ( 'NONE', ( #217, #4524, #4192, #3657, #4957, #812 ) ) ;
#2562 = DIRECTION ( 'NONE',  ( 6.982966722218764100E-015, -1.000000000000000000, -3.491483361109382100E-015 ) ) ;
#2563 = DIRECTION ( 'NONE',  ( -8.462065736472234800E-016, 3.491483361109376100E-015, -1.000000000000000000 ) ) ;
#2564 = SURFACE_STYLE_USAGE ( .BOTH. , #5013 ) ;
#2565 = ADVANCED_FACE ( 'NONE', ( #2919 ), #3830, .T. ) ;
#2566 = LINE ( 'NONE', #2043, #2516 ) ;
#2567 = CARTESIAN_POINT ( 'NONE',  ( 3.400000000000028300, -3.949999999999966400, -3.450000000000010800 ) ) ;
#2568 = EDGE_CURVE ( 'NONE', #1384, #993, #857, .T. ) ;
#2569 = EDGE_CURVE ( 'NONE', #4875, #1288, #74, .T. ) ;
#2570 = EDGE_CURVE ( 'NONE', #5252, #2325, #1437, .T. ) ;
#2571 = CARTESIAN_POINT ( 'NONE',  ( 11.50000000000002800, -4.049999999999919000, -1.879464376755244200E-014 ) ) ;
#2572 = PRESENTATION_STYLE_ASSIGNMENT (( #1212 ) ) ;
#2573 = ORIENTED_EDGE ( 'NONE', *, *, #1457, .T. ) ;
#2574 = LINE ( 'NONE', #1540, #3946 ) ;
#2575 = AXIS2_PLACEMENT_3D ( 'NONE', #3697, #1239, #4048 ) ;
#2576 = DIRECTION ( 'NONE',  ( -6.982966722218764100E-015, 1.000000000000000000, 3.491483361109382100E-015 ) ) ;
#2577 = VERTEX_POINT ( 'NONE', #1901 ) ;
#2578 = ORIENTED_EDGE ( 'NONE', *, *, #451, .T. ) ;
#2579 = CARTESIAN_POINT ( 'NONE',  ( 11.70000000000002800, -4.199999999999913100, -2.210000000000014600 ) ) ;
#2580 = DIRECTION ( 'NONE',  ( 1.000000000000000000, 6.982966722218764100E-015, 2.438091212180733500E-029 ) ) ;
#2581 = FILL_AREA_STYLE_COLOUR ( '', #3140 ) ;
#2582 = AXIS2_PLACEMENT_3D ( 'NONE', #881, #1670, #1279 ) ;
#2583 = ORIENTED_EDGE ( 'NONE', *, *, #4252, .F. ) ;
#2584 = ORIENTED_EDGE ( 'NONE', *, *, #1135, .F. ) ;
#2585 = CARTESIAN_POINT ( 'NONE',  ( 8.600000000000029800, -3.899999999999925300, -4.950000000000017100 ) ) ;
#2586 = VECTOR ( 'NONE', #3653, 1000.000000000000000 ) ;
#2587 = VERTEX_POINT ( 'NONE', #1060 ) ;
#2588 = VECTOR ( 'NONE', #1678, 1000.000000000000000 ) ;
#2589 = VERTEX_POINT ( 'NONE', #4341 ) ;
#2590 = DIRECTION ( 'NONE',  ( 6.982966722218764100E-015, -1.000000000000000000, -3.610481160528522600E-015 ) ) ;
#2591 = DIRECTION ( 'NONE',  ( -6.982966722218764100E-015, 1.000000000000000000, 3.491483361109382100E-015 ) ) ;
#2592 = CARTESIAN_POINT ( 'NONE',  ( 11.99999999999998600, 1.950000000000084100, 7.675754292151991400E-015 ) ) ;
#2593 = ORIENTED_EDGE ( 'NONE', *, *, #3195, .F. ) ;
#2594 =( NAMED_UNIT ( * ) PLANE_ANGLE_UNIT ( ) SI_UNIT ( $, .RADIAN. ) );
#2595 = AXIS2_PLACEMENT_3D ( 'NONE', #5106, #2292, #4758 ) ;
#2596 = EDGE_CURVE ( 'NONE', #4616, #474, #4581, .T. ) ;
#2597 = EDGE_CURVE ( 'NONE', #1236, #2500, #1178, .T. ) ;
#2598 = PLANE ( 'NONE',  #2372 ) ;
#2599 = VERTEX_POINT ( 'NONE', #3139 ) ;
#2600 = FACE_OUTER_BOUND ( 'NONE', #1276, .T. ) ;
#2601 = LINE ( 'NONE', #900, #1501 ) ;
#2602 = DIRECTION ( 'NONE',  ( -6.982966722218764100E-015, 1.000000000000000000, 3.491483361109382100E-015 ) ) ;
#2603 = ORIENTED_EDGE ( 'NONE', *, *, #2569, .T. ) ;
#2604 = LINE ( 'NONE', #2888, #3097 ) ;
#2605 = ORIENTED_EDGE ( 'NONE', *, *, #1420, .F. ) ;
#2606 = CARTESIAN_POINT ( 'NONE',  ( 2.600000000000028100, -3.899999999999967000, -4.950000000000014400 ) ) ;
#2607 = VERTEX_POINT ( 'NONE', #1854 ) ;
#2608 = PLANE ( 'NONE',  #220 ) ;
#2609 = STYLED_ITEM ( 'NONE', ( #1553 ), #1556 ) ;
#2610 = PLANE ( 'NONE',  #5036 ) ;
#2611 = DIRECTION ( 'NONE',  ( 6.982966722218764100E-015, -1.000000000000000000, -3.491483361109382100E-015 ) ) ;
#2612 = CARTESIAN_POINT ( 'NONE',  ( 0.5000000000000283100, -4.049999999999996300, -1.414050761249298400E-014 ) ) ;
#2613 = VERTEX_POINT ( 'NONE', #185 ) ;
#2614 = FILL_AREA_STYLE_COLOUR ( '', #3478 ) ;
#2615 = VERTEX_POINT ( 'NONE', #4730 ) ;
#2616 = LINE ( 'NONE', #1592, #4934 ) ;
#2617 = UNCERTAINTY_MEASURE_WITH_UNIT (LENGTH_MEASURE( 1.000000000000000100E-005 ), #2663, 'distance_accuracy_value', 'NONE');
#2618 = VECTOR ( 'NONE', #2580, 1000.000000000000000 ) ;
#2619 =( NAMED_UNIT ( * ) PLANE_ANGLE_UNIT ( ) SI_UNIT ( $, .RADIAN. ) );
#2620 = CARTESIAN_POINT ( 'NONE',  ( 11.50000000000002500, -3.449999999999917600, -0.6500000000000169000 ) ) ;
#2621 = EDGE_CURVE ( 'NONE', #674, #940, #1948, .T. ) ;
#2622 = EDGE_CURVE ( 'NONE', #1661, #2729, #1637, .T. ) ;
#2623 = VECTOR ( 'NONE', #3475, 1000.000000000000000 ) ;
#2624 = CARTESIAN_POINT ( 'NONE',  ( 1.400000000000027000, -3.949999999999980600, -3.450000000000009900 ) ) ;
#2625 = DIRECTION ( 'NONE',  ( 1.000000000000000000, 6.982966722218764100E-015, 2.438091212180733500E-029 ) ) ;
#2626 = CARTESIAN_POINT ( 'NONE',  ( 1.400000000000028800, -4.199999999999978900, -3.950000000000014400 ) ) ;
#2627 = CARTESIAN_POINT ( 'NONE',  ( 3.600000000000028100, -3.899999999999959900, -4.950000000000014400 ) ) ;
#2628 = ORIENTED_EDGE ( 'NONE', *, *, #3649, .F. ) ;
#2629 = PLANE ( 'NONE',  #901 ) ;
#2630 = VECTOR ( 'NONE', #2310, 1000.000000000000000 ) ;
#2631 =( NAMED_UNIT ( * ) SI_UNIT ( $, .STERADIAN. ) SOLID_ANGLE_UNIT ( ) );
#2632 = SURFACE_STYLE_USAGE ( .BOTH. , #580 ) ;
#2633 = MECHANICAL_DESIGN_GEOMETRIC_PRESENTATION_REPRESENTATION (  '', ( #633 ), #241 ) ;
#2634 = CARTESIAN_POINT ( 'NONE',  ( 0.5000000000000149900, -2.149999999999996400, -7.739364433611411100E-015 ) ) ;
#2635 = VECTOR ( 'NONE', #1397, 1000.000000000000000 ) ;
#2636 = VERTEX_POINT ( 'NONE', #2228 ) ;
#2637 = CARTESIAN_POINT ( 'NONE',  ( 0.4999999999999863400, 1.950000000000018800, -4.399999999999993200 ) ) ;
#2638 = FILL_AREA_STYLE_COLOUR ( '', #2015 ) ;
#2639 = MECHANICAL_DESIGN_GEOMETRIC_PRESENTATION_REPRESENTATION (  '', ( #327 ), #3353 ) ;
#2640 = LINE ( 'NONE', #2928, #1166 ) ;
#2641 = LINE ( 'NONE', #1029, #1555 ) ;
#2642 = UNCERTAINTY_MEASURE_WITH_UNIT (LENGTH_MEASURE( 1.000000000000000100E-005 ), #5029, 'distance_accuracy_value', 'NONE');
#2643 = CARTESIAN_POINT ( 'NONE',  ( 11.50000000000001600, -2.149999999999920000, -1.239350058867086900E-014 ) ) ;
#2644 = VERTEX_POINT ( 'NONE', #4677 ) ;
#2645 = LINE ( 'NONE', #412, #1100 ) ;
#2646 = VECTOR ( 'NONE', #1511, 1000.000000000000000 ) ;
#2647 = LINE ( 'NONE', #5243, #399 ) ;
#2648 = DIRECTION ( 'NONE',  ( -1.000000000000000000, -6.982966722218764100E-015, -2.438091212180733500E-029 ) ) ;
#2649 =( NAMED_UNIT ( * ) SI_UNIT ( $, .STERADIAN. ) SOLID_ANGLE_UNIT ( ) );
#2650 =( LENGTH_UNIT ( ) NAMED_UNIT ( * ) SI_UNIT ( .MILLI., .METRE. ) );
#2651 = DIRECTION ( 'NONE',  ( 0.0000000000000000000, -3.491483361109382100E-015, 1.000000000000000000 ) ) ;
#2652 = ORIENTED_EDGE ( 'NONE', *, *, #1674, .F. ) ;
#2653 = VECTOR ( 'NONE', #3947, 1000.000000000000000 ) ;
#2654 = CARTESIAN_POINT ( 'NONE',  ( 0.5000000000000021100, -0.2999999999999833400, -3.750000000000001800 ) ) ;
#2655 = ORIENTED_EDGE ( 'NONE', *, *, #755, .F. ) ;
#2656 = DIRECTION ( 'NONE',  ( -6.982966722218764100E-015, 1.000000000000000000, 3.491483361109382100E-015 ) ) ;
#2657 = EDGE_CURVE ( 'NONE', #693, #2918, #651, .T. ) ;
#2658 = FACE_OUTER_BOUND ( 'NONE', #4567, .T. ) ;
#2659 = DIRECTION ( 'NONE',  ( 0.0000000000000000000, -3.491483361109382100E-015, 1.000000000000000000 ) ) ;
#2660 = EDGE_CURVE ( 'NONE', #4534, #1104, #4763, .T. ) ;
#2661 = EDGE_CURVE ( 'NONE', #2866, #1968, #463, .T. ) ;
#2662 = ORIENTED_EDGE ( 'NONE', *, *, #4962, .T. ) ;
#2663 =( LENGTH_UNIT ( ) NAMED_UNIT ( * ) SI_UNIT ( .MILLI., .METRE. ) );
#2664 = FILL_AREA_STYLE ('',( #1844 ) ) ;
#2665 = VERTEX_POINT ( 'NONE', #5180 ) ;
#2666 =( NAMED_UNIT ( * ) SI_UNIT ( $, .STERADIAN. ) SOLID_ANGLE_UNIT ( ) );
#2667 = STYLED_ITEM ( 'NONE', ( #3205 ), #2855 ) ;
#2668 = CARTESIAN_POINT ( 'NONE',  ( 10.82500000000001900, -2.599999999999917000, -2.100000000000010700 ) ) ;
#2669 = EDGE_LOOP ( 'NONE', ( #3545, #4460, #650, #3131 ) ) ;
#2670 = DIRECTION ( 'NONE',  ( 8.462065736472233800E-016, -3.491483361109376100E-015, 1.000000000000000000 ) ) ;
#2671 = LINE ( 'NONE', #2784, #1327 ) ;
#2672 = ORIENTED_EDGE ( 'NONE', *, *, #2792, .T. ) ;
#2673 = ORIENTED_EDGE ( 'NONE', *, *, #653, .T. ) ;
#2674 = ORIENTED_EDGE ( 'NONE', *, *, #4678, .T. ) ;
#2675 = CARTESIAN_POINT ( 'NONE',  ( 2.600000000000029000, -4.049999999999972300, -3.450000000000010800 ) ) ;
#2676 = PLANE ( 'NONE',  #4161 ) ;
#2677 = CARTESIAN_POINT ( 'NONE',  ( 2.400000000000028800, -4.049999999999974100, -3.450000000000010800 ) ) ;
#2678 = VECTOR ( 'NONE', #1278, 1000.000000000000000 ) ;
#2679 =( GEOMETRIC_REPRESENTATION_CONTEXT ( 3 ) GLOBAL_UNCERTAINTY_ASSIGNED_CONTEXT ( ( #4746 ) ) GLOBAL_UNIT_ASSIGNED_CONTEXT ( ( #1578, #1989, #1160 ) ) REPRESENTATION_CONTEXT ( 'NONE', 'WORKASPACE' ) );
#2680 = UNCERTAINTY_MEASURE_WITH_UNIT (LENGTH_MEASURE( 1.000000000000000100E-005 ), #453, 'distance_accuracy_value', 'NONE');
#2681 = DIRECTION ( 'NONE',  ( 0.0000000000000000000, 3.491483361109382100E-015, -1.000000000000000000 ) ) ;
#2682 =( LENGTH_UNIT ( ) NAMED_UNIT ( * ) SI_UNIT ( .MILLI., .METRE. ) );
#2683 = DIRECTION ( 'NONE',  ( -0.0000000000000000000, 3.491483361109382100E-015, -1.000000000000000000 ) ) ;
#2684 = FILL_AREA_STYLE_COLOUR ( '', #2205 ) ;
#2685 = LINE ( 'NONE', #4775, #1071 ) ;
#2686 = EDGE_CURVE ( 'NONE', #3179, #5071, #4901, .T. ) ;
#2687 = STYLED_ITEM ( 'NONE', ( #4922 ), #5281 ) ;
#2688 = MECHANICAL_DESIGN_GEOMETRIC_PRESENTATION_REPRESENTATION (  '', ( #1101 ), #2439 ) ;
#2689 = EDGE_CURVE ( 'NONE', #1756, #3366, #397, .T. ) ;
#2690 = EDGE_CURVE ( 'NONE', #1056, #2245, #3975, .T. ) ;
#2691 = VECTOR ( 'NONE', #1013, 1000.000000000000000 ) ;
#2692 = ORIENTED_EDGE ( 'NONE', *, *, #3907, .F. ) ;
#2693 = DIRECTION ( 'NONE',  ( -1.000000000000000000, -6.982966722218764100E-015, -2.438091212180733500E-029 ) ) ;
#2694 = LINE ( 'NONE', #2851, #1347 ) ;
#2695 = CARTESIAN_POINT ( 'NONE',  ( 7.600000000000029800, -4.199999999999931800, -4.950000000000017100 ) ) ;
#2696 = PLANE ( 'NONE',  #1785 ) ;
#2697 = VERTEX_POINT ( 'NONE', #4699 ) ;
#2698 = EDGE_LOOP ( 'NONE', ( #353, #5038, #665, #85 ) ) ;
#2699 = FACE_OUTER_BOUND ( 'NONE', #4833, .T. ) ;
#2700 = AXIS2_PLACEMENT_3D ( 'NONE', #880, #2548, #4189 ) ;
#2701 = CARTESIAN_POINT ( 'NONE',  ( 0.4999999999999909000, 1.300000000000016900, -3.749999999999996400 ) ) ;
#2702 = EDGE_LOOP ( 'NONE', ( #5260, #4394, #2002, #5251 ) ) ;
#2703 = ORIENTED_EDGE ( 'NONE', *, *, #4196, .T. ) ;
#2704 = CARTESIAN_POINT ( 'NONE',  ( 2.600000000000028500, -3.949999999999970000, -3.950000000000014400 ) ) ;
#2705 = DIRECTION ( 'NONE',  ( 0.0000000000000000000, 3.491483361109382100E-015, -1.000000000000000000 ) ) ;
#2706 = PRESENTATION_LAYER_ASSIGNMENT (  '', '', ( #4625 ) ) ;
#2707 = CARTESIAN_POINT ( 'NONE',  ( 1.501337845277034400E-014, -2.149999999999997700, -0.6500000000000076800 ) ) ;
#2708 = VECTOR ( 'NONE', #1584, 1000.000000000000000 ) ;
#2709 = ORIENTED_EDGE ( 'NONE', *, *, #3301, .T. ) ;
#2710 = LINE ( 'NONE', #2955, #4361 ) ;
#2711 = ORIENTED_EDGE ( 'NONE', *, *, #3841, .T. ) ;
#2712 = PRESENTATION_STYLE_ASSIGNMENT (( #4065 ) ) ;
#2713 = LINE ( 'NONE', #341, #193 ) ;
#2714 = CARTESIAN_POINT ( 'NONE',  ( 0.5000000000000154300, -2.149999999999996400, -0.01000000000000201200 ) ) ;
#2715 = CARTESIAN_POINT ( 'NONE',  ( -1.361678510832659400E-014, 1.950000000000008800, -2.449999999999993500 ) ) ;
#2716 = AXIS2_PLACEMENT_3D ( 'NONE', #2634, #5061, #978 ) ;
#2717 = ADVANCED_FACE ( 'NONE', ( #1300 ), #1441, .F. ) ;
#2718 = ORIENTED_EDGE ( 'NONE', *, *, #480, .F. ) ;
#2719 = FACE_OUTER_BOUND ( 'NONE', #1559, .T. ) ;
#2720 =( NAMED_UNIT ( * ) SI_UNIT ( $, .STERADIAN. ) SOLID_ANGLE_UNIT ( ) );
#2721 =( NAMED_UNIT ( * ) SI_UNIT ( $, .STERADIAN. ) SOLID_ANGLE_UNIT ( ) );
#2722 = EDGE_LOOP ( 'NONE', ( #2877, #118, #2431, #1863 ) ) ;
#2723 = CARTESIAN_POINT ( 'NONE',  ( 1.400000000000027000, -3.949999999999977100, -4.400000000000014600 ) ) ;
#2724 = EDGE_CURVE ( 'NONE', #53, #828, #3143, .T. ) ;
#2725 = CARTESIAN_POINT ( 'NONE',  ( 1.600000000000029000, -4.199999999999973500, -4.950000000000014400 ) ) ;
#2726 = DIRECTION ( 'NONE',  ( 6.982966722218764100E-015, -1.000000000000000000, -3.610481160528522600E-015 ) ) ;
#2727 = DIRECTION ( 'NONE',  ( -1.000000000000000000, -6.982966722218764100E-015, -2.438091212180733500E-029 ) ) ;
#2728 = CARTESIAN_POINT ( 'NONE',  ( 0.5000000000000149900, -2.149999999999994600, -0.6500000000000076800 ) ) ;
#2729 = VERTEX_POINT ( 'NONE', #2246 ) ;
#2730 = PRESENTATION_STYLE_ASSIGNMENT (( #1271 ) ) ;
#2731 = ORIENTED_EDGE ( 'NONE', *, *, #3603, .T. ) ;
#2732 = DIRECTION ( 'NONE',  ( -1.000000000000000000, -6.982966722218764100E-015, -2.438091212180733500E-029 ) ) ;
#2733 = FILL_AREA_STYLE ('',( #3886 ) ) ;
#2734 = CARTESIAN_POINT ( 'NONE',  ( 8.600000000000029800, -3.949999999999926500, -4.400000000000014600 ) ) ;
#2735 = EDGE_CURVE ( 'NONE', #425, #4384, #4633, .T. ) ;
#2736 =( GEOMETRIC_REPRESENTATION_CONTEXT ( 3 ) GLOBAL_UNCERTAINTY_ASSIGNED_CONTEXT ( ( #4379 ) ) GLOBAL_UNIT_ASSIGNED_CONTEXT ( ( #3402, #4242, #186 ) ) REPRESENTATION_CONTEXT ( 'NONE', 'WORKASPACE' ) );
#2737 = DIRECTION ( 'NONE',  ( 5.902878640686676600E-030, 3.491483361109382100E-015, -1.000000000000000000 ) ) ;
#2738 = PLANE ( 'NONE',  #886 ) ;
#2739 = CARTESIAN_POINT ( 'NONE',  ( 4.600000000000027200, -3.899999999999952800, -4.950000000000015300 ) ) ;
#2740 = ORIENTED_EDGE ( 'NONE', *, *, #3432, .F. ) ;
#2741 = ORIENTED_EDGE ( 'NONE', *, *, #4124, .F. ) ;
#2742 = DIRECTION ( 'NONE',  ( 6.982966722218764100E-015, -1.000000000000000000, -3.491483361109382100E-015 ) ) ;
#2743 = MECHANICAL_DESIGN_GEOMETRIC_PRESENTATION_REPRESENTATION (  '', ( #4496 ), #1916 ) ;
#2744 = FILL_AREA_STYLE ('',( #1079 ) ) ;
#2745 = VERTEX_POINT ( 'NONE', #2714 ) ;
#2746 = ORIENTED_EDGE ( 'NONE', *, *, #4124, .T. ) ;
#2747 = LINE ( 'NONE', #3637, #98 ) ;
#2748 = PRESENTATION_LAYER_ASSIGNMENT (  '', '', ( #2200 ) ) ;
#2749 = PLANE ( 'NONE',  #3801 ) ;
#2750 = DIRECTION ( 'NONE',  ( -6.980196843811439700E-015, 1.000000000000000000, 3.717264591378876700E-015 ) ) ;
#2751 = SURFACE_STYLE_USAGE ( .BOTH. , #728 ) ;
#2752 = CARTESIAN_POINT ( 'NONE',  ( 9.174999999999984700, 1.950000000000065700, -0.3499999999999923700 ) ) ;
#2753 = CARTESIAN_POINT ( 'NONE',  ( 0.5000000000000240900, -3.449999999999994400, -0.6500000000000122300 ) ) ;
#2754 = SURFACE_STYLE_FILL_AREA ( #4869 ) ;
#2755 = CARTESIAN_POINT ( 'NONE',  ( 3.775000000000003900, -0.6099999999999673500, -1.800000000000001200 ) ) ;
#2756 = CARTESIAN_POINT ( 'NONE',  ( 0.3000000000000154800, -2.149999999999989700, -2.210000000000002200 ) ) ;
#2757 = VECTOR ( 'NONE', #1331, 1000.000000000000000 ) ;
#2758 = ORIENTED_EDGE ( 'NONE', *, *, #4894, .T. ) ;
#2759 = CARTESIAN_POINT ( 'NONE',  ( 2.825000000000029500, -4.049999999999980300, -0.3500000000000125800 ) ) ;
#2760 = AXIS2_PLACEMENT_3D ( 'NONE', #1042, #3065, #4722 ) ;
#2761 = EDGE_CURVE ( 'NONE', #421, #5097, #4752, .T. ) ;
#2762 = EDGE_CURVE ( 'NONE', #1196, #2031, #1749, .T. ) ;
#2763 = PLANE ( 'NONE',  #3033 ) ;
#2764 = DIRECTION ( 'NONE',  ( -6.982966722218764100E-015, 1.000000000000000000, 3.491483361109382100E-015 ) ) ;
#2765 = ADVANCED_FACE ( 'NONE', ( #2471 ), #2279, .F. ) ;
#2766 =( NAMED_UNIT ( * ) SI_UNIT ( $, .STERADIAN. ) SOLID_ANGLE_UNIT ( ) );
#2767 = ORIENTED_EDGE ( 'NONE', *, *, #560, .F. ) ;
#2768 = ORIENTED_EDGE ( 'NONE', *, *, #68, .T. ) ;
#2769 = MECHANICAL_DESIGN_GEOMETRIC_PRESENTATION_REPRESENTATION (  '', ( #177 ), #1945 ) ;
#2770 = VECTOR ( 'NONE', #4343, 1000.000000000000000 ) ;
#2771 =( LENGTH_UNIT ( ) NAMED_UNIT ( * ) SI_UNIT ( .MILLI., .METRE. ) );
#2772 = DIRECTION ( 'NONE',  ( -0.0000000000000000000, 3.491483361109382100E-015, -1.000000000000000000 ) ) ;
#2773 = LINE ( 'NONE', #2207, #705 ) ;
#2774 = CARTESIAN_POINT ( 'NONE',  ( 9.600000000000029800, -3.899999999999920000, -4.400000000000014600 ) ) ;
#2775 = AXIS2_PLACEMENT_3D ( 'NONE', #885, #3744, #4588 ) ;
#2776 = LINE ( 'NONE', #5104, #1427 ) ;
#2777 = DIRECTION ( 'NONE',  ( -1.000000000000000000, -6.982966722218764100E-015, -2.438091212180733500E-029 ) ) ;
#2778 = ORIENTED_EDGE ( 'NONE', *, *, #4961, .T. ) ;
#2779 = FACE_OUTER_BOUND ( 'NONE', #5292, .T. ) ;
#2780 = UNCERTAINTY_MEASURE_WITH_UNIT (LENGTH_MEASURE( 1.000000000000000100E-005 ), #3384, 'distance_accuracy_value', 'NONE');
#2781 = PRESENTATION_STYLE_ASSIGNMENT (( #1043 ) ) ;
#2782 = LINE ( 'NONE', #314, #4301 ) ;
#2783 = LINE ( 'NONE', #2755, #4447 ) ;
#2784 = CARTESIAN_POINT ( 'NONE',  ( 11.24999999999998400, 1.950000000000092500, -3.999999999999994200 ) ) ;
#2785 =( GEOMETRIC_REPRESENTATION_CONTEXT ( 3 ) GLOBAL_UNCERTAINTY_ASSIGNED_CONTEXT ( ( #69 ) ) GLOBAL_UNIT_ASSIGNED_CONTEXT ( ( #3141, #4832, #3549 ) ) REPRESENTATION_CONTEXT ( 'NONE', 'WORKASPACE' ) );
#2786 = FILL_AREA_STYLE ('',( #4014 ) ) ;
#2787 = SURFACE_SIDE_STYLE ('',( #3250 ) ) ;
#2788 = VERTEX_POINT ( 'NONE', #2264 ) ;
#2789 = VECTOR ( 'NONE', #4152, 1000.000000000000000 ) ;
#2790 = DIRECTION ( 'NONE',  ( -6.982966722218764100E-015, 1.000000000000000000, 3.491483361109382100E-015 ) ) ;
#2791 = CARTESIAN_POINT ( 'NONE',  ( 11.49999999999998200, 1.950000000000095400, -4.399999999999998600 ) ) ;
#2792 = EDGE_CURVE ( 'NONE', #5072, #2918, #2070, .T. ) ;
#2793 = VERTEX_POINT ( 'NONE', #3903 ) ;
#2794 = PLANE ( 'NONE',  #83 ) ;
#2795 = EDGE_CURVE ( 'NONE', #1995, #2868, #514, .T. ) ;
#2796 = EDGE_CURVE ( 'NONE', #1482, #4765, #384, .T. ) ;
#2797 = ADVANCED_FACE ( 'NONE', ( #5019 ), #5211, .F. ) ;
#2798 = DIRECTION ( 'NONE',  ( 0.0000000000000000000, 3.491483361109382100E-015, -1.000000000000000000 ) ) ;
#2799 = DIRECTION ( 'NONE',  ( 0.0000000000000000000, -3.491483361109382100E-015, 1.000000000000000000 ) ) ;
#2800 = ORIENTED_EDGE ( 'NONE', *, *, #1738, .T. ) ;
#2801 = CARTESIAN_POINT ( 'NONE',  ( 2.825000000000023700, -3.449999999999974900, -1.800000000000012000 ) ) ;
#2802 = ORIENTED_EDGE ( 'NONE', *, *, #1758, .T. ) ;
#2803 = CARTESIAN_POINT ( 'NONE',  ( 1.175000000000028000, -4.159046182766874500, -0.6000000000000167400 ) ) ;
#2804 = DIRECTION ( 'NONE',  ( 1.000000000000000000, 6.982966722218764100E-015, 2.438091212180733500E-029 ) ) ;
#2805 = CARTESIAN_POINT ( 'NONE',  ( 0.5000000000000021100, -0.2999999999999833400, -3.750000000000001800 ) ) ;
#2806 = ADVANCED_FACE ( 'NONE', ( #837 ), #1510, .F. ) ;
#2807 = LINE ( 'NONE', #2017, #2443 ) ;
#2808 =( GEOMETRIC_REPRESENTATION_CONTEXT ( 3 ) GLOBAL_UNCERTAINTY_ASSIGNED_CONTEXT ( ( #4947 ) ) GLOBAL_UNIT_ASSIGNED_CONTEXT ( ( #4364, #640, #5194 ) ) REPRESENTATION_CONTEXT ( 'NONE', 'WORKASPACE' ) );
#2809 = DIRECTION ( 'NONE',  ( -1.000000000000000000, -6.982966722218764100E-015, -2.438091212180733500E-029 ) ) ;
#2810 = ORIENTED_EDGE ( 'NONE', *, *, #5093, .F. ) ;
#2811 = VERTEX_POINT ( 'NONE', #1084 ) ;
#2812 = PLANE ( 'NONE',  #2156 ) ;
#2813 = AXIS2_PLACEMENT_3D ( 'NONE', #983, #4308, #1875 ) ;
#2814 = VECTOR ( 'NONE', #115, 1000.000000000000000 ) ;
#2815 = CARTESIAN_POINT ( 'NONE',  ( 11.25000000000001600, -2.599999999999913900, -2.100000000000010700 ) ) ;
#2816 = LINE ( 'NONE', #1789, #285 ) ;
#2817 = EDGE_LOOP ( 'NONE', ( #5238, #3674, #277, #3651, #2528, #5026 ) ) ;
#2818 = DIRECTION ( 'NONE',  ( 0.0000000000000000000, -3.491483361109382100E-015, 1.000000000000000000 ) ) ;
#2819 = FACE_OUTER_BOUND ( 'NONE', #1080, .T. ) ;
#2820 = FILL_AREA_STYLE ('',( #4028 ) ) ;
#2821 = CARTESIAN_POINT ( 'NONE',  ( 0.0000000000000000000, 0.0000000000000000000, 0.0000000000000000000 ) ) ;
#2822 =( GEOMETRIC_REPRESENTATION_CONTEXT ( 3 ) GLOBAL_UNCERTAINTY_ASSIGNED_CONTEXT ( ( #2066 ) ) GLOBAL_UNIT_ASSIGNED_CONTEXT ( ( #1666, #2844, #1683 ) ) REPRESENTATION_CONTEXT ( 'NONE', 'WORKASPACE' ) );
#2823 = COLOUR_RGB ( '',0.7529411764705882200, 0.7529411764705882200, 0.7529411764705882200 ) ;
#2824 = VECTOR ( 'NONE', #2331, 1000.000000000000000 ) ;
#2825 = ADVANCED_FACE ( 'NONE', ( #3779 ), #2763, .F. ) ;
#2826 = DIRECTION ( 'NONE',  ( -1.000000000000000000, -6.982966722218764100E-015, -2.438091212180733500E-029 ) ) ;
#2827 = VECTOR ( 'NONE', #2123, 1000.000000000000000 ) ;
#2828 = COLOUR_RGB ( '',0.7529411764705882200, 0.7529411764705882200, 0.7529411764705882200 ) ;
#2829 = CARTESIAN_POINT ( 'NONE',  ( 8.600000000000029800, -3.949999999999928200, -3.950000000000017100 ) ) ;
#2830 = DIRECTION ( 'NONE',  ( 0.0000000000000000000, -3.491483361109382100E-015, 1.000000000000000000 ) ) ;
#2831 = DIRECTION ( 'NONE',  ( -0.0000000000000000000, 3.491483361109382500E-015, -1.000000000000000000 ) ) ;
#2832 = ORIENTED_EDGE ( 'NONE', *, *, #904, .F. ) ;
#2833 = ADVANCED_FACE ( 'NONE', ( #4290 ), #1752, .F. ) ;
#2834 = ORIENTED_EDGE ( 'NONE', *, *, #3328, .T. ) ;
#2835 = FILL_AREA_STYLE ('',( #4464 ) ) ;
#2836 = VERTEX_POINT ( 'NONE', #137 ) ;
#2837 = PRESENTATION_LAYER_ASSIGNMENT (  '', '', ( #619 ) ) ;
#2838 = EDGE_CURVE ( 'NONE', #4327, #4326, #5285, .T. ) ;
#2839 = EDGE_CURVE ( 'NONE', #409, #4284, #1026, .T. ) ;
#2840 = LINE ( 'NONE', #4819, #4691 ) ;
#2841 = ORIENTED_EDGE ( 'NONE', *, *, #2397, .F. ) ;
#2842 = DIRECTION ( 'NONE',  ( 0.0000000000000000000, 3.491483361109382100E-015, -1.000000000000000000 ) ) ;
#2843 = CARTESIAN_POINT ( 'NONE',  ( 2.400000000000030100, -4.199999999999968200, -4.950000000000015300 ) ) ;
#2844 =( NAMED_UNIT ( * ) PLANE_ANGLE_UNIT ( ) SI_UNIT ( $, .RADIAN. ) );
#2845 = FACE_OUTER_BOUND ( 'NONE', #3244, .T. ) ;
#2846 = VERTEX_POINT ( 'NONE', #2579 ) ;
#2847 = CARTESIAN_POINT ( 'NONE',  ( 3.600000000000029000, -4.049999999999963400, -3.950000000000014400 ) ) ;
#2848 = CARTESIAN_POINT ( 'NONE',  ( 8.225000000000012100, -1.799999999999937600, -1.350000000000006800 ) ) ;
#2849 = ORIENTED_EDGE ( 'NONE', *, *, #3967, .T. ) ;
#2850 = VECTOR ( 'NONE', #3120, 1000.000000000000000 ) ;
#2851 = CARTESIAN_POINT ( 'NONE',  ( 10.60000000000003000, -3.949999999999914500, -3.950000000000017900 ) ) ;
#2852 = CARTESIAN_POINT ( 'NONE',  ( 11.25000000000001600, -2.599999999999908200, -3.650000000000009700 ) ) ;
#2853 = SURFACE_STYLE_FILL_AREA ( #1415 ) ;
#2854 = CARTESIAN_POINT ( 'NONE',  ( 2.828101522498601200E-014, -4.049999999999986500, -4.400000000000014600 ) ) ;
#2855 = ADVANCED_FACE ( 'NONE', ( #1548 ), #481, .F. ) ;
#2856 = UNCERTAINTY_MEASURE_WITH_UNIT (LENGTH_MEASURE( 1.000000000000000100E-005 ), #2333, 'distance_accuracy_value', 'NONE');
#2857 =( LENGTH_UNIT ( ) NAMED_UNIT ( * ) SI_UNIT ( .MILLI., .METRE. ) );
#2858 = ORIENTED_EDGE ( 'NONE', *, *, #3057, .T. ) ;
#2859 = VECTOR ( 'NONE', #420, 1000.000000000000000 ) ;
#2860 = CARTESIAN_POINT ( 'NONE',  ( 0.2999999999999863300, 1.950000000000007100, -1.299999999999992500 ) ) ;
#2861 = PLANE ( 'NONE',  #316 ) ;
#2862 = VERTEX_POINT ( 'NONE', #1314 ) ;
#2863 = VECTOR ( 'NONE', #3249, 1000.000000000000000 ) ;
#2864 = CARTESIAN_POINT ( 'NONE',  ( 10.40000000000002900, -3.949999999999915400, -3.950000000000017900 ) ) ;
#2865 = ORIENTED_EDGE ( 'NONE', *, *, #2242, .F. ) ;
#2866 = VERTEX_POINT ( 'NONE', #950 ) ;
#2867 = DIRECTION ( 'NONE',  ( -6.982966722218764100E-015, 1.000000000000000000, 3.491483361109382100E-015 ) ) ;
#2868 = VERTEX_POINT ( 'NONE', #4608 ) ;
#2869 =( LENGTH_UNIT ( ) NAMED_UNIT ( * ) SI_UNIT ( .MILLI., .METRE. ) );
#2870 = CARTESIAN_POINT ( 'NONE',  ( 11.99999999999999800, -0.2999999999999030700, -3.750000000000006700 ) ) ;
#2871 = AXIS2_PLACEMENT_3D ( 'NONE', #3288, #2149, #2553 ) ;
#2872 = EDGE_CURVE ( 'NONE', #2072, #3685, #894, .T. ) ;
#2873 = EDGE_CURVE ( 'NONE', #4129, #1736, #380, .T. ) ;
#2874 = LINE ( 'NONE', #4919, #214 ) ;
#2875 =( NAMED_UNIT ( * ) PLANE_ANGLE_UNIT ( ) SI_UNIT ( $, .RADIAN. ) );
#2876 = VERTEX_POINT ( 'NONE', #152 ) ;
#2877 = ORIENTED_EDGE ( 'NONE', *, *, #4585, .T. ) ;
#2878 = ORIENTED_EDGE ( 'NONE', *, *, #5278, .T. ) ;
#2879 = CARTESIAN_POINT ( 'NONE',  ( 2.400000000000028300, -3.949999999999973500, -3.450000000000010400 ) ) ;
#2880 = CARTESIAN_POINT ( 'NONE',  ( 3.400000000000028800, -4.049999999999963400, -4.400000000000014600 ) ) ;
#2881 = ORIENTED_EDGE ( 'NONE', *, *, #4995, .F. ) ;
#2882 = LINE ( 'NONE', #4066, #4788 ) ;
#2883 = ADVANCED_FACE ( 'NONE', ( #5142 ), #5047, .T. ) ;
#2884 = DIRECTION ( 'NONE',  ( -0.0000000000000000000, 3.491483361109382100E-015, -1.000000000000000000 ) ) ;
#2885 = LINE ( 'NONE', #443, #1396 ) ;
#2886 = LINE ( 'NONE', #47, #5059 ) ;
#2887 = UNCERTAINTY_MEASURE_WITH_UNIT (LENGTH_MEASURE( 1.000000000000000100E-005 ), #4075, 'distance_accuracy_value', 'NONE');
#2888 = CARTESIAN_POINT ( 'NONE',  ( 6.400000000000029700, -4.199999999999944200, -3.950000000000017100 ) ) ;
#2889 = COLOUR_RGB ( '',0.7529411764705882200, 0.7529411764705882200, 0.7529411764705882200 ) ;
#2890 = AXIS2_PLACEMENT_3D ( 'NONE', #1142, #2750, #4349 ) ;
#2891 = CARTESIAN_POINT ( 'NONE',  ( 9.600000000000029800, -3.949999999999921600, -3.950000000000017100 ) ) ;
#2892 = CARTESIAN_POINT ( 'NONE',  ( 3.775000000000012300, -1.799999999999969000, -1.350000000000004800 ) ) ;
#2893 = SURFACE_STYLE_USAGE ( .BOTH. , #4 ) ;
#2894 = LINE ( 'NONE', #5095, #4218 ) ;
#2895 = ORIENTED_EDGE ( 'NONE', *, *, #3229, .T. ) ;
#2896 = FILL_AREA_STYLE_COLOUR ( '', #3664 ) ;
#2897 = AXIS2_PLACEMENT_3D ( 'NONE', #1119, #5207, #3970 ) ;
#2898 = ORIENTED_EDGE ( 'NONE', *, *, #1316, .F. ) ;
#2899 = DIRECTION ( 'NONE',  ( 8.462065736472234800E-016, -3.491483361109376100E-015, 1.000000000000000000 ) ) ;
#2900 = DIRECTION ( 'NONE',  ( -6.982966722218764100E-015, 1.000000000000000000, 3.491483361109382100E-015 ) ) ;
#2901 = VECTOR ( 'NONE', #1929, 1000.000000000000000 ) ;
#2902 = CARTESIAN_POINT ( 'NONE',  ( 9.174999999999984700, 1.950000000000071000, -1.949999999999994400 ) ) ;
#2903 = EDGE_CURVE ( 'NONE', #348, #3047, #4562, .T. ) ;
#2904 = EDGE_CURVE ( 'NONE', #4918, #2554, #1869, .T. ) ;
#2905 = DIRECTION ( 'NONE',  ( 0.0000000000000000000, -3.491483361109382100E-015, 1.000000000000000000 ) ) ;
#2906 = ORIENTED_EDGE ( 'NONE', *, *, #623, .F. ) ;
#2907 = DIRECTION ( 'NONE',  ( -6.982966722218764100E-015, 1.000000000000000000, 3.491483361109382100E-015 ) ) ;
#2908 = FACE_OUTER_BOUND ( 'NONE', #269, .T. ) ;
#2909 = CARTESIAN_POINT ( 'NONE',  ( -9.077856738884396200E-015, 1.300000000000013400, -3.749999999999996400 ) ) ;
#2910 = LINE ( 'NONE', #822, #1625 ) ;
#2911 = DIRECTION ( 'NONE',  ( -1.000000000000000000, -6.982966722218764100E-015, -2.438091212180733500E-029 ) ) ;
#2912 = LINE ( 'NONE', #1364, #2531 ) ;
#2913 = SURFACE_STYLE_FILL_AREA ( #3846 ) ;
#2914 = ORIENTED_EDGE ( 'NONE', *, *, #4522, .F. ) ;
#2915 = LINE ( 'NONE', #4414, #529 ) ;
#2916 = FILL_AREA_STYLE ('',( #1289 ) ) ;
#2917 = DIRECTION ( 'NONE',  ( -6.982966722218764100E-015, 1.000000000000000000, 2.893302852151862400E-015 ) ) ;
#2918 = VERTEX_POINT ( 'NONE', #4222 ) ;
#2919 = FACE_OUTER_BOUND ( 'NONE', #3920, .T. ) ;
#2920 = AXIS2_PLACEMENT_3D ( 'NONE', #2753, #1537, #4378 ) ;
#2921 = DIRECTION ( 'NONE',  ( 1.000000000000000000, 6.980196843811438900E-015, -1.239088197126291100E-016 ) ) ;
#2922 = CARTESIAN_POINT ( 'NONE',  ( 6.600000000000028100, -3.949999999999942400, -3.950000000000016200 ) ) ;
#2923 = ORIENTED_EDGE ( 'NONE', *, *, #1967, .F. ) ;
#2924 = VECTOR ( 'NONE', #1791, 1000.000000000000000 ) ;
#2925 = FILL_AREA_STYLE ('',( #21 ) ) ;
#2926 = LINE ( 'NONE', #1157, #3417 ) ;
#2927 = CARTESIAN_POINT ( 'NONE',  ( 5.400000000000029700, -4.199999999999951300, -3.950000000000016200 ) ) ;
#2928 = CARTESIAN_POINT ( 'NONE',  ( 1.501337845277034400E-014, -2.149999999999999900, -7.739364433611423800E-015 ) ) ;
#2929 = ORIENTED_EDGE ( 'NONE', *, *, #2689, .T. ) ;
#2930 = ADVANCED_FACE ( 'NONE', ( #3716 ), #3010, .F. ) ;
#2931 = PRESENTATION_STYLE_ASSIGNMENT (( #2011 ) ) ;
#2932 = CARTESIAN_POINT ( 'NONE',  ( 6.600000000000029800, -4.199999999999938900, -4.950000000000017100 ) ) ;
#2933 =( LENGTH_UNIT ( ) NAMED_UNIT ( * ) SI_UNIT ( .MILLI., .METRE. ) );
#2934 = SURFACE_STYLE_FILL_AREA ( #2402 ) ;
#2935 = ADVANCED_FACE ( 'NONE', ( #2699 ), #956, .F. ) ;
#2936 = ORIENTED_EDGE ( 'NONE', *, *, #1221, .T. ) ;
#2937 = DIRECTION ( 'NONE',  ( 6.982966722218764100E-015, -1.000000000000000000, -3.491483361109382100E-015 ) ) ;
#2938 = EDGE_CURVE ( 'NONE', #1236, #2793, #2318, .T. ) ;
#2939 = EDGE_CURVE ( 'NONE', #5071, #1019, #4883, .T. ) ;
#2940 = EDGE_CURVE ( 'NONE', #2277, #1890, #1158, .T. ) ;
#2941 = CARTESIAN_POINT ( 'NONE',  ( 11.30000000000001300, -1.799999999999916100, -1.300000000000006900 ) ) ;
#2942 = VECTOR ( 'NONE', #4911, 1000.000000000000000 ) ;
#2943 = CARTESIAN_POINT ( 'NONE',  ( 11.50000000000002700, -4.049999999999911000, -2.250000000000019100 ) ) ;
#2944 = UNCERTAINTY_MEASURE_WITH_UNIT (LENGTH_MEASURE( 1.000000000000000100E-005 ), #1917, 'distance_accuracy_value', 'NONE');
#2945 = LINE ( 'NONE', #2870, #3943 ) ;
#2946 = FILL_AREA_STYLE_COLOUR ( '', #158 ) ;
#2947 =( LENGTH_UNIT ( ) NAMED_UNIT ( * ) SI_UNIT ( .MILLI., .METRE. ) );
#2948 = CARTESIAN_POINT ( 'NONE',  ( 11.49999999999998800, 1.300000000000093700, -3.750000000000001300 ) ) ;
#2949 = MECHANICAL_DESIGN_GEOMETRIC_PRESENTATION_REPRESENTATION (  '', ( #848 ), #734 ) ;
#2950 = LINE ( 'NONE', #3380, #1677 ) ;
#2951 = PLANE ( 'NONE',  #3100 ) ;
#2952 = DIRECTION ( 'NONE',  ( -6.982966722218764100E-015, 1.000000000000000000, 3.491483361109382100E-015 ) ) ;
#2953 = CARTESIAN_POINT ( 'NONE',  ( 0.5000000000000245400, -3.449999999999988600, -2.210000000000007500 ) ) ;
#2954 = VECTOR ( 'NONE', #2273, 1000.000000000000000 ) ;
#2955 = CARTESIAN_POINT ( 'NONE',  ( 11.50000000000001400, -2.149999999999911500, -2.210000000000006600 ) ) ;
#2956 = EDGE_LOOP ( 'NONE', ( #4131, #1161, #725, #254 ) ) ;
#2957 = ORIENTED_EDGE ( 'NONE', *, *, #2319, .F. ) ;
#2958 = ADVANCED_FACE ( 'NONE', ( #760 ), #3862, .F. ) ;
#2959 = ORIENTED_EDGE ( 'NONE', *, *, #96, .F. ) ;
#2960 = CARTESIAN_POINT ( 'NONE',  ( 12.00000000000002300, -3.449999999999908700, -2.250000000000017300 ) ) ;
#2961 = PRESENTATION_STYLE_ASSIGNMENT (( #1066 ) ) ;
#2962 = MECHANICAL_DESIGN_GEOMETRIC_PRESENTATION_REPRESENTATION (  '', ( #2687 ), #2171 ) ;
#2963 = STYLED_ITEM ( 'NONE', ( #1440 ), #4398 ) ;
#2964 = EDGE_CURVE ( 'NONE', #2745, #409, #5279, .T. ) ;
#2965 = DIRECTION ( 'NONE',  ( -6.982966722218764100E-015, 1.000000000000000000, 3.491483361109382100E-015 ) ) ;
#2966 = EDGE_CURVE ( 'NONE', #3685, #2587, #3889, .T. ) ;
#2967 = VERTEX_POINT ( 'NONE', #532 ) ;
#2968 = CARTESIAN_POINT ( 'NONE',  ( 2.400000000000030100, -4.199999999999971800, -3.950000000000015300 ) ) ;
#2969 = ORIENTED_EDGE ( 'NONE', *, *, #1934, .T. ) ;
#2970 = VECTOR ( 'NONE', #2222, 1000.000000000000000 ) ;
#2971 = STYLED_ITEM ( 'NONE', ( #4417 ), #3236 ) ;
#2972 = CARTESIAN_POINT ( 'NONE',  ( 11.70000000000002900, -4.199999999999921100, -0.01000000000001423500 ) ) ;
#2973 = ORIENTED_EDGE ( 'NONE', *, *, #4153, .T. ) ;
#2974 = PRESENTATION_STYLE_ASSIGNMENT (( #3441 ) ) ;
#2975 = MECHANICAL_DESIGN_GEOMETRIC_PRESENTATION_REPRESENTATION (  '', ( #1503 ), #3948 ) ;
#2976 = VERTEX_POINT ( 'NONE', #159 ) ;
#2977 = FILL_AREA_STYLE ('',( #499 ) ) ;
#2978 = CARTESIAN_POINT ( 'NONE',  ( 11.99999999999999800, -0.2999999999999007900, -4.400000000000007500 ) ) ;
#2979 = VERTEX_POINT ( 'NONE', #126 ) ;
#2980 =( GEOMETRIC_REPRESENTATION_CONTEXT ( 3 ) GLOBAL_UNCERTAINTY_ASSIGNED_CONTEXT ( ( #370 ) ) GLOBAL_UNIT_ASSIGNED_CONTEXT ( ( #1498, #3136, #677 ) ) REPRESENTATION_CONTEXT ( 'NONE', 'WORKASPACE' ) );
#2981 = SHAPE_DEFINITION_REPRESENTATION ( #683, #1125 ) ;
#2982 = DIRECTION ( 'NONE',  ( 6.982966722218764100E-015, -1.000000000000000000, -3.491483361109382100E-015 ) ) ;
#2983 = LINE ( 'NONE', #2803, #3868 ) ;
#2984 =( GEOMETRIC_REPRESENTATION_CONTEXT ( 3 ) GLOBAL_UNCERTAINTY_ASSIGNED_CONTEXT ( ( #2887 ) ) GLOBAL_UNIT_ASSIGNED_CONTEXT ( ( #4075, #2875, #4936 ) ) REPRESENTATION_CONTEXT ( 'NONE', 'WORKASPACE' ) );
#2985 = VERTEX_POINT ( 'NONE', #3004 ) ;
#2986 = ORIENTED_EDGE ( 'NONE', *, *, #5321, .T. ) ;
#2987 = EDGE_CURVE ( 'NONE', #4565, #1110, #888, .T. ) ;
#2988 = DIRECTION ( 'NONE',  ( 1.314184451497815700E-016, -3.392919527247062800E-015, 1.000000000000000000 ) ) ;
#2989 = LINE ( 'NONE', #3487, #358 ) ;
#2990 = ORIENTED_EDGE ( 'NONE', *, *, #3606, .F. ) ;
#2991 =( NAMED_UNIT ( * ) SI_UNIT ( $, .STERADIAN. ) SOLID_ANGLE_UNIT ( ) );
#2992 = DIRECTION ( 'NONE',  ( 8.462065736472233800E-016, -3.491483361109376100E-015, 1.000000000000000000 ) ) ;
#2993 = VECTOR ( 'NONE', #3957, 1000.000000000000000 ) ;
#2994 = FILL_AREA_STYLE_COLOUR ( '', #1914 ) ;
#2995 = VECTOR ( 'NONE', #3011, 1000.000000000000000 ) ;
#2996 = ADVANCED_FACE ( 'NONE', ( #1419 ), #2206, .F. ) ;
#2997 = EDGE_CURVE ( 'NONE', #2644, #1942, #5073, .T. ) ;
#2998 = VECTOR ( 'NONE', #1624, 1000.000000000000000 ) ;
#2999 = AXIS2_PLACEMENT_3D ( 'NONE', #5066, #5048, #3855 ) ;
#3000 = DIRECTION ( 'NONE',  ( -6.982966722218764100E-015, 1.000000000000000000, 3.491483361109382100E-015 ) ) ;
#3001 = VECTOR ( 'NONE', #4982, 1000.000000000000000 ) ;
#3002 = UNCERTAINTY_MEASURE_WITH_UNIT (LENGTH_MEASURE( 1.000000000000000100E-005 ), #1883, 'distance_accuracy_value', 'NONE');
#3003 = LINE ( 'NONE', #45, #3643 ) ;
#3004 = CARTESIAN_POINT ( 'NONE',  ( 0.7000000000000118300, -1.799999999999990300, -1.300000000000005600 ) ) ;
#3005 = DIRECTION ( 'NONE',  ( 6.982966722218764100E-015, -1.000000000000000000, -3.491483361109382100E-015 ) ) ;
#3006 = SURFACE_STYLE_USAGE ( .BOTH. , #2224 ) ;
#3007 = LINE ( 'NONE', #692, #3066 ) ;
#3008 = ORIENTED_EDGE ( 'NONE', *, *, #2440, .T. ) ;
#3009 = ORIENTED_EDGE ( 'NONE', *, *, #4781, .F. ) ;
#3010 = PLANE ( 'NONE',  #460 ) ;
#3011 = DIRECTION ( 'NONE',  ( 0.0000000000000000000, -3.491483361109382100E-015, 1.000000000000000000 ) ) ;
#3012 = MECHANICAL_DESIGN_GEOMETRIC_PRESENTATION_REPRESENTATION (  '', ( #2200 ), #3287 ) ;
#3013 = ORIENTED_EDGE ( 'NONE', *, *, #3937, .T. ) ;
#3014 = SURFACE_STYLE_FILL_AREA ( #1353 ) ;
#3015 = VERTEX_POINT ( 'NONE', #4653 ) ;
#3016 = ORIENTED_EDGE ( 'NONE', *, *, #3606, .T. ) ;
#3017 = VECTOR ( 'NONE', #2450, 1000.000000000000000 ) ;
#3018 = DIRECTION ( 'NONE',  ( 6.982966722218764100E-015, -1.000000000000000000, -3.220432817988006000E-015 ) ) ;
#3019 = CARTESIAN_POINT ( 'NONE',  ( 11.99999999999999800, -0.2999999999999007900, -4.400000000000007500 ) ) ;
#3020 = EDGE_LOOP ( 'NONE', ( #509, #2269, #2039, #1960 ) ) ;
#3021 = LINE ( 'NONE', #4389, #2538 ) ;
#3022 = CARTESIAN_POINT ( 'NONE',  ( 2.400000000000028300, -3.949999999999971800, -3.950000000000014400 ) ) ;
#3023 = AXIS2_PLACEMENT_3D ( 'NONE', #237, #4735, #605 ) ;
#3024 = EDGE_CURVE ( 'NONE', #3415, #1056, #5209, .T. ) ;
#3025 = DIRECTION ( 'NONE',  ( -0.0000000000000000000, 3.491483361109382100E-015, -1.000000000000000000 ) ) ;
#3026 = EDGE_CURVE ( 'NONE', #3845, #2985, #3448, .T. ) ;
#3027 = EDGE_CURVE ( 'NONE', #1947, #828, #5007, .T. ) ;
#3028 = ORIENTED_EDGE ( 'NONE', *, *, #3095, .F. ) ;
#3029 = UNCERTAINTY_MEASURE_WITH_UNIT (LENGTH_MEASURE( 1.000000000000000100E-005 ), #2857, 'distance_accuracy_value', 'NONE');
#3030 =( LENGTH_UNIT ( ) NAMED_UNIT ( * ) SI_UNIT ( .MILLI., .METRE. ) );
#3031 = ORIENTED_EDGE ( 'NONE', *, *, #1704, .F. ) ;
#3032 = SURFACE_STYLE_FILL_AREA ( #4461 ) ;
#3033 = AXIS2_PLACEMENT_3D ( 'NONE', #3940, #1919, #4784 ) ;
#3034 = ORIENTED_EDGE ( 'NONE', *, *, #525, .F. ) ;
#3035 = CARTESIAN_POINT ( 'NONE',  ( 7.400000000000028800, -4.049999999999935900, -4.400000000000014600 ) ) ;
#3036 =( GEOMETRIC_REPRESENTATION_CONTEXT ( 3 ) GLOBAL_UNCERTAINTY_ASSIGNED_CONTEXT ( ( #4273 ) ) GLOBAL_UNIT_ASSIGNED_CONTEXT ( ( #4363, #270, #1489 ) ) REPRESENTATION_CONTEXT ( 'NONE', 'WORKASPACE' ) );
#3037 = VERTEX_POINT ( 'NONE', #3529 ) ;
#3038 = EDGE_LOOP ( 'NONE', ( #2495, #5231, #1204, #216 ) ) ;
#3039 = CARTESIAN_POINT ( 'NONE',  ( 11.49999999999998400, 1.950000000000089200, -2.449999999999998400 ) ) ;
#3040 = DIRECTION ( 'NONE',  ( -1.000000000000000000, -6.982966722218767300E-015, 8.462065736471990200E-016 ) ) ;
#3041 = CARTESIAN_POINT ( 'NONE',  ( 8.400000000000030600, -4.199999999999926500, -4.950000000000017900 ) ) ;
#3042 = SURFACE_STYLE_FILL_AREA ( #4113 ) ;
#3043 = ORIENTED_EDGE ( 'NONE', *, *, #4648, .T. ) ;
#3044 = AXIS2_PLACEMENT_3D ( 'NONE', #1861, #4673, #161 ) ;
#3045 = VECTOR ( 'NONE', #4093, 1000.000000000000000 ) ;
#3046 = DIRECTION ( 'NONE',  ( -6.982966722218764100E-015, 1.000000000000000000, 3.392919527247063600E-015 ) ) ;
#3047 = VERTEX_POINT ( 'NONE', #260 ) ;
#3048 = EDGE_LOOP ( 'NONE', ( #2227, #859, #2584, #3934, #29, #835 ) ) ;
#3049 = CARTESIAN_POINT ( 'NONE',  ( 4.600000000000029000, -4.049999999999954500, -4.400000000000014600 ) ) ;
#3050 = ADVANCED_FACE ( 'NONE', ( #2247 ), #1885, .F. ) ;
#3051 = VECTOR ( 'NONE', #484, 1000.000000000000000 ) ;
#3052 = FILL_AREA_STYLE_COLOUR ( '', #3452 ) ;
#3053 = VECTOR ( 'NONE', #607, 1000.000000000000000 ) ;
#3054 = CARTESIAN_POINT ( 'NONE',  ( 4.600000000000029800, -4.199999999999956700, -3.950000000000016200 ) ) ;
#3055 = ORIENTED_EDGE ( 'NONE', *, *, #5247, .F. ) ;
#3056 = EDGE_CURVE ( 'NONE', #4249, #2589, #3831, .T. ) ;
#3057 = EDGE_CURVE ( 'NONE', #2976, #2788, #176, .T. ) ;
#3058 = DIRECTION ( 'NONE',  ( -6.982966722218764100E-015, 1.000000000000000000, 3.610481160528522600E-015 ) ) ;
#3059 = PRESENTATION_STYLE_ASSIGNMENT (( #276 ) ) ;
#3060 = EDGE_CURVE ( 'NONE', #4725, #2745, #1925, .T. ) ;
#3061 = DIRECTION ( 'NONE',  ( 0.0000000000000000000, -3.491483361109382100E-015, 1.000000000000000000 ) ) ;
#3062 = DIRECTION ( 'NONE',  ( 4.659044732691425000E-030, -4.158684698023538900E-015, 1.000000000000000000 ) ) ;
#3063 = VECTOR ( 'NONE', #549, 1000.000000000000000 ) ;
#3064 = VECTOR ( 'NONE', #4340, 1000.000000000000000 ) ;
#3065 = DIRECTION ( 'NONE',  ( 6.982966722218764100E-015, -1.000000000000000000, -3.097228025660107800E-015 ) ) ;
#3066 = VECTOR ( 'NONE', #745, 1000.000000000000000 ) ;
#3067 = ORIENTED_EDGE ( 'NONE', *, *, #3840, .T. ) ;
#3068 = PRESENTATION_LAYER_ASSIGNMENT (  '', '', ( #395 ) ) ;
#3069 = CARTESIAN_POINT ( 'NONE',  ( 0.7000000000000118300, -1.799999999999990300, -1.300000000000005600 ) ) ;
#3070 = DIRECTION ( 'NONE',  ( -1.000000000000000000, -6.982966722218764100E-015, -2.438091212180733500E-029 ) ) ;
#3071 = ORIENTED_EDGE ( 'NONE', *, *, #4962, .F. ) ;
#3072 =( LENGTH_UNIT ( ) NAMED_UNIT ( * ) SI_UNIT ( .MILLI., .METRE. ) );
#3073 = EDGE_LOOP ( 'NONE', ( #738, #278, #4632, #2188 ) ) ;
#3074 = EDGE_LOOP ( 'NONE', ( #3349, #1957, #2445, #955 ) ) ;
#3075 = CARTESIAN_POINT ( 'NONE',  ( 9.175000000000023800, -3.449999999999934500, -0.3500000000000114100 ) ) ;
#3076 = FILL_AREA_STYLE ('',( #2638 ) ) ;
#3077 = AXIS2_PLACEMENT_3D ( 'NONE', #4510, #28, #3655 ) ;
#3078 = PRESENTATION_STYLE_ASSIGNMENT (( #3145 ) ) ;
#3079 = ORIENTED_EDGE ( 'NONE', *, *, #1000, .T. ) ;
#3080 = CARTESIAN_POINT ( 'NONE',  ( 6.600000000000029800, -4.199999999999942400, -3.950000000000017100 ) ) ;
#3081 = ORIENTED_EDGE ( 'NONE', *, *, #3711, .T. ) ;
#3082 = DIRECTION ( 'NONE',  ( -6.982966722218764100E-015, 1.000000000000000000, 3.491483361109382100E-015 ) ) ;
#3083 = SURFACE_STYLE_FILL_AREA ( #2820 ) ;
#3084 = CARTESIAN_POINT ( 'NONE',  ( 11.24999999999998400, 1.950000000000083400, -1.299999999999993800 ) ) ;
#3085 =( NAMED_UNIT ( * ) PLANE_ANGLE_UNIT ( ) SI_UNIT ( $, .RADIAN. ) );
#3086 = FACE_OUTER_BOUND ( 'NONE', #3434, .T. ) ;
#3087 = DIRECTION ( 'NONE',  ( -1.000000000000000000, -6.982966722218764100E-015, -2.438091212180733500E-029 ) ) ;
#3088 = LINE ( 'NONE', #299, #2850 ) ;
#3089 = ORIENTED_EDGE ( 'NONE', *, *, #298, .F. ) ;
#3090 = EDGE_CURVE ( 'NONE', #3630, #1298, #1681, .T. ) ;
#3091 = DIRECTION ( 'NONE',  ( 0.0000000000000000000, -3.491483361109382100E-015, 1.000000000000000000 ) ) ;
#3092 = CARTESIAN_POINT ( 'NONE',  ( 11.49999999999998800, 1.300000000000093700, -3.750000000000001300 ) ) ;
#3093 = EDGE_CURVE ( 'NONE', #2287, #1355, #2189, .T. ) ;
#3094 = UNCERTAINTY_MEASURE_WITH_UNIT (LENGTH_MEASURE( 1.000000000000000100E-005 ), #3171, 'distance_accuracy_value', 'NONE');
#3095 = EDGE_CURVE ( 'NONE', #1736, #850, #1149, .T. ) ;
#3096 = EDGE_LOOP ( 'NONE', ( #4508, #4914, #3960, #3617 ) ) ;
#3097 = VECTOR ( 'NONE', #1256, 1000.000000000000000 ) ;
#3098 = DIRECTION ( 'NONE',  ( -1.000000000000000000, -6.982966722218764100E-015, -2.438091212180733500E-029 ) ) ;
#3099 = ORIENTED_EDGE ( 'NONE', *, *, #4750, .F. ) ;
#3100 = AXIS2_PLACEMENT_3D ( 'NONE', #4369, #1533, #2346 ) ;
#3101 =( NAMED_UNIT ( * ) PLANE_ANGLE_UNIT ( ) SI_UNIT ( $, .RADIAN. ) );
#3102 = CARTESIAN_POINT ( 'NONE',  ( 11.70000000000001500, -2.149999999999918600, -0.01000000000000683500 ) ) ;
#3103 = ORIENTED_EDGE ( 'NONE', *, *, #2510, .T. ) ;
#3104 = CARTESIAN_POINT ( 'NONE',  ( 0.5000000000000021100, -0.2999999999999810600, -4.400000000000002100 ) ) ;
#3105 = VECTOR ( 'NONE', #3574, 1000.000000000000000 ) ;
#3106 = EDGE_LOOP ( 'NONE', ( #2092, #2673, #2573, #3421 ) ) ;
#3107 = EDGE_LOOP ( 'NONE', ( #4310, #3788, #2514, #2740, #3182, #952 ) ) ;
#3108 = VERTEX_POINT ( 'NONE', #5150 ) ;
#3109 = DIRECTION ( 'NONE',  ( -1.000000000000000000, -6.982966722218764100E-015, -2.438091212180733500E-029 ) ) ;
#3110 = DIRECTION ( 'NONE',  ( -6.982966722218764100E-015, 1.000000000000000000, 3.491483361109382100E-015 ) ) ;
#3111 = ORIENTED_EDGE ( 'NONE', *, *, #2940, .T. ) ;
#3112 = LINE ( 'NONE', #2412, #676 ) ;
#3113 = DIRECTION ( 'NONE',  ( -6.982966722218764100E-015, 1.000000000000000000, 3.491483361109382100E-015 ) ) ;
#3114 = PRESENTATION_STYLE_ASSIGNMENT (( #589 ) ) ;
#3115 = DIRECTION ( 'NONE',  ( -0.0000000000000000000, 3.491483361109382100E-015, -1.000000000000000000 ) ) ;
#3116 = VECTOR ( 'NONE', #4773, 1000.000000000000000 ) ;
#3117 = CARTESIAN_POINT ( 'NONE',  ( 11.50000000000001600, -2.149999999999920000, -1.239350058867086900E-014 ) ) ;
#3118 = FILL_AREA_STYLE ('',( #989 ) ) ;
#3119 = CARTESIAN_POINT ( 'NONE',  ( 7.600000000000027200, -3.899999999999932000, -4.950000000000016200 ) ) ;
#3120 = DIRECTION ( 'NONE',  ( -1.000000000000000000, -6.982966722218764100E-015, -2.438091212180733500E-029 ) ) ;
#3121 = DIRECTION ( 'NONE',  ( 0.0000000000000000000, -3.491483361109382100E-015, 1.000000000000000000 ) ) ;
#3122 = CARTESIAN_POINT ( 'NONE',  ( 4.600000000000028100, -3.949999999999954400, -4.400000000000014600 ) ) ;
#3123 = PLANE ( 'NONE',  #3227 ) ;
#3124 = VECTOR ( 'NONE', #3584, 1000.000000000000000 ) ;
#3125 = EDGE_CURVE ( 'NONE', #1083, #874, #3952, .T. ) ;
#3126 = EDGE_CURVE ( 'NONE', #645, #586, #3132, .T. ) ;
#3127 = CARTESIAN_POINT ( 'NONE',  ( 11.50000000000002700, -4.049999999999911900, -2.210000000000014200 ) ) ;
#3128 = CARTESIAN_POINT ( 'NONE',  ( 3.400000000000030100, -4.199999999999964700, -3.950000000000015300 ) ) ;
#3129 = FILL_AREA_STYLE_COLOUR ( '', #4698 ) ;
#3130 = VERTEX_POINT ( 'NONE', #244 ) ;
#3131 = ORIENTED_EDGE ( 'NONE', *, *, #2795, .T. ) ;
#3132 = LINE ( 'NONE', #3480, #2121 ) ;
#3133 = AXIS2_PLACEMENT_3D ( 'NONE', #3161, #1577, #1987 ) ;
#3134 = CARTESIAN_POINT ( 'NONE',  ( 0.3000000000000124800, -1.799999999999992700, -1.300000000000005600 ) ) ;
#3135 = ORIENTED_EDGE ( 'NONE', *, *, #450, .F. ) ;
#3136 =( NAMED_UNIT ( * ) PLANE_ANGLE_UNIT ( ) SI_UNIT ( $, .RADIAN. ) );
#3137 = CARTESIAN_POINT ( 'NONE',  ( 2.828101522498599300E-014, -4.049999999999999800, -1.327314587450459300E-014 ) ) ;
#3138 = CARTESIAN_POINT ( 'NONE',  ( 0.3000000000000298000, -4.200000000000000200, -0.01000000000000941300 ) ) ;
#3139 = CARTESIAN_POINT ( 'NONE',  ( -9.077856738884396200E-015, 1.300000000000008900, -2.449999999999996600 ) ) ;
#3140 = COLOUR_RGB ( '',0.7529411764705882200, 0.7529411764705882200, 0.7529411764705882200 ) ;
#3141 =( LENGTH_UNIT ( ) NAMED_UNIT ( * ) SI_UNIT ( .MILLI., .METRE. ) );
#3142 = EDGE_LOOP ( 'NONE', ( #4712, #3355, #5191, #4163 ) ) ;
#3143 = LINE ( 'NONE', #1036, #1261 ) ;
#3144 = VECTOR ( 'NONE', #1607, 1000.000000000000000 ) ;
#3145 = SURFACE_STYLE_USAGE ( .BOTH. , #5233 ) ;
#3146 = CARTESIAN_POINT ( 'NONE',  ( 9.400000000000032300, -4.199999999999922900, -3.950000000000017900 ) ) ;
#3147 = MECHANICAL_DESIGN_GEOMETRIC_PRESENTATION_REPRESENTATION (  '', ( #5195 ), #2679 ) ;
#3148 = VERTEX_POINT ( 'NONE', #1902 ) ;
#3149 = LINE ( 'NONE', #4824, #3408 ) ;
#3150 = LINE ( 'NONE', #1820, #4371 ) ;
#3151 = LINE ( 'NONE', #649, #4959 ) ;
#3152 = CARTESIAN_POINT ( 'NONE',  ( 11.69999999999998700, 1.950000000000089200, -2.049999999999993600 ) ) ;
#3153 = DIRECTION ( 'NONE',  ( -5.769590274867477200E-017, 3.491483361109381700E-015, -1.000000000000000000 ) ) ;
#3154 = ORIENTED_EDGE ( 'NONE', *, *, #1311, .F. ) ;
#3155 = SURFACE_STYLE_FILL_AREA ( #527 ) ;
#3156 = LINE ( 'NONE', #4535, #1892 ) ;
#3157 = EDGE_CURVE ( 'NONE', #874, #872, #4277, .T. ) ;
#3158 = CARTESIAN_POINT ( 'NONE',  ( 11.99999999999998600, 1.950000000000099000, -4.399999999999993200 ) ) ;
#3159 = EDGE_CURVE ( 'NONE', #1019, #247, #1801, .T. ) ;
#3160 = ADVANCED_FACE ( 'NONE', ( #694 ), #3916, .T. ) ;
#3161 = CARTESIAN_POINT ( 'NONE',  ( 2.600000000000028500, -3.949999999999971800, -3.450000000000010400 ) ) ;
#3162 = ORIENTED_EDGE ( 'NONE', *, *, #1188, .T. ) ;
#3163 = UNCERTAINTY_MEASURE_WITH_UNIT (LENGTH_MEASURE( 1.000000000000000100E-005 ), #2356, 'distance_accuracy_value', 'NONE');
#3164 = ORIENTED_EDGE ( 'NONE', *, *, #131, .F. ) ;
#3165 = DIRECTION ( 'NONE',  ( -6.982966722218764100E-015, 1.000000000000000000, 3.491483361109382100E-015 ) ) ;
#3166 = CARTESIAN_POINT ( 'NONE',  ( 0.7000000000000118300, -1.799999999999994500, -6.284670049996868600E-015 ) ) ;
#3167 = CARTESIAN_POINT ( 'NONE',  ( 10.60000000000003000, -3.949999999999912700, -4.400000000000014600 ) ) ;
#3168 = AXIS2_PLACEMENT_3D ( 'NONE', #1338, #1733, #2965 ) ;
#3169 = SURFACE_SIDE_STYLE ('',( #1541 ) ) ;
#3170 = ORIENTED_EDGE ( 'NONE', *, *, #1935, .T. ) ;
#3171 =( LENGTH_UNIT ( ) NAMED_UNIT ( * ) SI_UNIT ( .MILLI., .METRE. ) );
#3172 = VERTEX_POINT ( 'NONE', #2707 ) ;
#3173 = CARTESIAN_POINT ( 'NONE',  ( 11.50000000000001600, -2.149999999999920000, -0.01000000000000666500 ) ) ;
#3174 = CARTESIAN_POINT ( 'NONE',  ( 10.60000000000003200, -4.199999999999911400, -4.950000000000018800 ) ) ;
#3175 =( NAMED_UNIT ( * ) PLANE_ANGLE_UNIT ( ) SI_UNIT ( $, .RADIAN. ) );
#3176 = ORIENTED_EDGE ( 'NONE', *, *, #3505, .F. ) ;
#3177 = VERTEX_POINT ( 'NONE', #3988 ) ;
#3178 = LINE ( 'NONE', #4374, #3053 ) ;
#3179 = VERTEX_POINT ( 'NONE', #3567 ) ;
#3180 = CARTESIAN_POINT ( 'NONE',  ( 11.25000000000000000, -0.3999999999999076000, -4.000000000000001800 ) ) ;
#3181 = PLANE ( 'NONE',  #3703 ) ;
#3182 = ORIENTED_EDGE ( 'NONE', *, *, #2143, .F. ) ;
#3183 = LINE ( 'NONE', #2460, #1006 ) ;
#3184 = COLOUR_RGB ( '',0.7529411764705882200, 0.7529411764705882200, 0.7529411764705882200 ) ;
#3185 = FILL_AREA_STYLE ('',( #4705 ) ) ;
#3186 = DIRECTION ( 'NONE',  ( -6.982966722218764100E-015, 1.000000000000000000, 4.158684698023538900E-015 ) ) ;
#3187 = ADVANCED_FACE ( 'NONE', ( #506 ), #2376, .F. ) ;
#3188 = CARTESIAN_POINT ( 'NONE',  ( 7.600000000000029000, -4.049999999999935900, -3.950000000000016200 ) ) ;
#3189 = CARTESIAN_POINT ( 'NONE',  ( 2.600000000000029000, -4.049999999999970500, -3.950000000000014400 ) ) ;
#3190 = EDGE_CURVE ( 'NONE', #940, #2665, #1538, .T. ) ;
#3191 = SURFACE_STYLE_USAGE ( .BOTH. , #2377 ) ;
#3192 = ORIENTED_EDGE ( 'NONE', *, *, #2213, .F. ) ;
#3193 = EDGE_LOOP ( 'NONE', ( #4395, #3439, #2662, #5055 ) ) ;
#3194 = DIRECTION ( 'NONE',  ( 1.000000000000000000, 0.0000000000000000000, 0.0000000000000000000 ) ) ;
#3195 = EDGE_CURVE ( 'NONE', #2462, #2312, #825, .T. ) ;
#3196 = VECTOR ( 'NONE', #548, 1000.000000000000000 ) ;
#3197 = EDGE_CURVE ( 'NONE', #1835, #1776, #2574, .T. ) ;
#3198 = EDGE_CURVE ( 'NONE', #1661, #425, #170, .T. ) ;
#3199 = ORIENTED_EDGE ( 'NONE', *, *, #1316, .T. ) ;
#3200 = DIRECTION ( 'NONE',  ( 1.000000000000000000, 6.982966722218764100E-015, 2.438091212180733500E-029 ) ) ;
#3201 = CARTESIAN_POINT ( 'NONE',  ( 2.409123519165474100E-014, -3.449999999999992600, -2.250000000000012000 ) ) ;
#3202 = DIRECTION ( 'NONE',  ( 5.769590274867477200E-017, -3.491483361109381700E-015, 1.000000000000000000 ) ) ;
#3203 = ORIENTED_EDGE ( 'NONE', *, *, #1599, .T. ) ;
#3204 = ORIENTED_EDGE ( 'NONE', *, *, #3812, .T. ) ;
#3205 = PRESENTATION_STYLE_ASSIGNMENT (( #2141 ) ) ;
#3206 = DIRECTION ( 'NONE',  ( 0.0000000000000000000, -3.491483361109382100E-015, 1.000000000000000000 ) ) ;
#3207 = VECTOR ( 'NONE', #2428, 1000.000000000000000 ) ;
#3208 = LINE ( 'NONE', #3882, #1694 ) ;
#3209 = DIRECTION ( 'NONE',  ( -6.982966722218764100E-015, 1.000000000000000000, 3.491483361109382100E-015 ) ) ;
#3210 = AXIS2_PLACEMENT_3D ( 'NONE', #3410, #2150, #1479 ) ;
#3211 = ADVANCED_FACE ( 'NONE', ( #5339 ), #1573, .F. ) ;
#3212 = DIRECTION ( 'NONE',  ( -0.0000000000000000000, 3.491483361109382100E-015, -1.000000000000000000 ) ) ;
#3213 = VERTEX_POINT ( 'NONE', #2473 ) ;
#3214 = VECTOR ( 'NONE', #3659, 1000.000000000000000 ) ;
#3215 = LINE ( 'NONE', #2734, #3533 ) ;
#3216 = PRESENTATION_STYLE_ASSIGNMENT (( #4382 ) ) ;
#3217 = LINE ( 'NONE', #4866, #1039 ) ;
#3218 = CARTESIAN_POINT ( 'NONE',  ( 11.99999999999998600, 1.950000000000084100, 7.675754292151991400E-015 ) ) ;
#3219 = DIRECTION ( 'NONE',  ( -6.982966722218763300E-015, 1.000000000000000000, 4.158684698023538900E-015 ) ) ;
#3220 = ORIENTED_EDGE ( 'NONE', *, *, #1563, .F. ) ;
#3221 = DIRECTION ( 'NONE',  ( 0.0000000000000000000, 3.491483361109382100E-015, -1.000000000000000000 ) ) ;
#3222 = CARTESIAN_POINT ( 'NONE',  ( 0.5000000000000283100, -4.049999999999996300, -1.414050761249298400E-014 ) ) ;
#3223 = DIRECTION ( 'NONE',  ( 6.982966722218764100E-015, -1.000000000000000000, -3.491483361109382100E-015 ) ) ;
#3224 = AXIS2_PLACEMENT_3D ( 'NONE', #1680, #2899, #424 ) ;
#3225 = ORIENTED_EDGE ( 'NONE', *, *, #2281, .F. ) ;
#3226 = FILL_AREA_STYLE_COLOUR ( '', #794 ) ;
#3227 = AXIS2_PLACEMENT_3D ( 'NONE', #2759, #1081, #4302 ) ;
#3228 = EDGE_CURVE ( 'NONE', #3565, #1720, #3648, .T. ) ;
#3229 = EDGE_CURVE ( 'NONE', #5179, #1994, #1611, .T. ) ;
#3230 = UNCERTAINTY_MEASURE_WITH_UNIT (LENGTH_MEASURE( 1.000000000000000100E-005 ), #1775, 'distance_accuracy_value', 'NONE');
#3231 = DIRECTION ( 'NONE',  ( -6.982966722218764100E-015, 1.000000000000000000, 3.491483361109382100E-015 ) ) ;
#3232 = ORIENTED_EDGE ( 'NONE', *, *, #3572, .T. ) ;
#3233 = FACE_OUTER_BOUND ( 'NONE', #2669, .T. ) ;
#3234 = ORIENTED_EDGE ( 'NONE', *, *, #1967, .T. ) ;
#3235 = CARTESIAN_POINT ( 'NONE',  ( 1.175000000000017100, -2.599999999999984100, -2.100000000000010700 ) ) ;
#3236 = ADVANCED_FACE ( 'NONE', ( #4220 ), #415, .T. ) ;
#3237 = LINE ( 'NONE', #2361, #5050 ) ;
#3238 =( GEOMETRIC_REPRESENTATION_CONTEXT ( 3 ) GLOBAL_UNCERTAINTY_ASSIGNED_CONTEXT ( ( #2944 ) ) GLOBAL_UNIT_ASSIGNED_CONTEXT ( ( #1917, #2392, #698 ) ) REPRESENTATION_CONTEXT ( 'NONE', 'WORKASPACE' ) );
#3239 = ORIENTED_EDGE ( 'NONE', *, *, #3504, .F. ) ;
#3240 = EDGE_LOOP ( 'NONE', ( #3730, #134, #739, #600 ) ) ;
#3241 = EDGE_LOOP ( 'NONE', ( #1926, #4040, #2321, #4156, #2033, #1183 ) ) ;
#3242 = FILL_AREA_STYLE_COLOUR ( '', #2050 ) ;
#3243 = AXIS2_PLACEMENT_3D ( 'NONE', #3403, #1753, #4612 ) ;
#3244 = EDGE_LOOP ( 'NONE', ( #4573, #3912, #604, #1895 ) ) ;
#3245 = FILL_AREA_STYLE ('',( #4929 ) ) ;
#3246 = CARTESIAN_POINT ( 'NONE',  ( 1.600000000000029000, -4.199999999999973500, -4.950000000000014400 ) ) ;
#3247 = CARTESIAN_POINT ( 'NONE',  ( 1.400000000000028800, -4.199999999999975300, -4.950000000000014400 ) ) ;
#3248 = ADVANCED_FACE ( 'NONE', ( #2379 ), #5316, .F. ) ;
#3249 = DIRECTION ( 'NONE',  ( -0.0000000000000000000, 3.491483361109382100E-015, -1.000000000000000000 ) ) ;
#3250 = SURFACE_STYLE_FILL_AREA ( #1127 ) ;
#3251 = FILL_AREA_STYLE_COLOUR ( '', #4981 ) ;
#3252 = AXIS2_PLACEMENT_3D ( 'NONE', #326, #4465, #2911 ) ;
#3253 = LINE ( 'NONE', #4032, #1010 ) ;
#3254 = VECTOR ( 'NONE', #5261, 1000.000000000000000 ) ;
#3255 = DIRECTION ( 'NONE',  ( -1.000000000000000000, -6.982966722218764100E-015, -2.438091212180733500E-029 ) ) ;
#3256 =( NAMED_UNIT ( * ) SI_UNIT ( $, .STERADIAN. ) SOLID_ANGLE_UNIT ( ) );
#3257 = FACE_OUTER_BOUND ( 'NONE', #2536, .T. ) ;
#3258 = VECTOR ( 'NONE', #303, 1000.000000000000000 ) ;
#3259 = EDGE_CURVE ( 'NONE', #1687, #4706, #2694, .T. ) ;
#3260 = UNCERTAINTY_MEASURE_WITH_UNIT (LENGTH_MEASURE( 1.000000000000000100E-005 ), #4056, 'distance_accuracy_value', 'NONE');
#3261 = FILL_AREA_STYLE ('',( #2094 ) ) ;
#3262 = ORIENTED_EDGE ( 'NONE', *, *, #4613, .T. ) ;
#3263 = DIRECTION ( 'NONE',  ( 1.195183497228115500E-016, -3.491483361109381300E-015, 1.000000000000000000 ) ) ;
#3264 = ORIENTED_EDGE ( 'NONE', *, *, #2735, .T. ) ;
#3265 = PLANE ( 'NONE',  #4099 ) ;
#3266 = DIRECTION ( 'NONE',  ( 6.982966722218764100E-015, -1.000000000000000000, -3.491483361109382100E-015 ) ) ;
#3267 = VECTOR ( 'NONE', #228, 1000.000000000000000 ) ;
#3268 = ADVANCED_FACE ( 'NONE', ( #4877 ), #810, .F. ) ;
#3269 = ORIENTED_EDGE ( 'NONE', *, *, #31, .T. ) ;
#3270 = EDGE_CURVE ( 'NONE', #2636, #53, #1216, .T. ) ;
#3271 =( GEOMETRIC_REPRESENTATION_CONTEXT ( 3 ) GLOBAL_UNCERTAINTY_ASSIGNED_CONTEXT ( ( #5046 ) ) GLOBAL_UNIT_ASSIGNED_CONTEXT ( ( #4171, #2519, #2108 ) ) REPRESENTATION_CONTEXT ( 'NONE', 'WORKASPACE' ) );
#3272 = LINE ( 'NONE', #558, #4428 ) ;
#3273 = CARTESIAN_POINT ( 'NONE',  ( 4.600000000000029800, -4.199999999999953100, -4.950000000000016200 ) ) ;
#3274 = LINE ( 'NONE', #1138, #125 ) ;
#3275 = FACE_OUTER_BOUND ( 'NONE', #4333, .T. ) ;
#3276 = LINE ( 'NONE', #4426, #2201 ) ;
#3277 =( GEOMETRIC_REPRESENTATION_CONTEXT ( 3 ) GLOBAL_UNCERTAINTY_ASSIGNED_CONTEXT ( ( #2558 ) ) GLOBAL_UNIT_ASSIGNED_CONTEXT ( ( #4801, #691, #1513 ) ) REPRESENTATION_CONTEXT ( 'NONE', 'WORKASPACE' ) );
#3278 = CARTESIAN_POINT ( 'NONE',  ( 11.50000000000002800, -4.049999999999919000, -1.327314587450431200E-014 ) ) ;
#3279 = PLANE ( 'NONE',  #2582 ) ;
#3280 = EDGE_LOOP ( 'NONE', ( #4089, #3558, #3519, #328 ) ) ;
#3281 = LINE ( 'NONE', #3982, #1430 ) ;
#3282 =( NAMED_UNIT ( * ) PLANE_ANGLE_UNIT ( ) SI_UNIT ( $, .RADIAN. ) );
#3283 = VECTOR ( 'NONE', #1423, 1000.000000000000000 ) ;
#3284 = CARTESIAN_POINT ( 'NONE',  ( 2.400000000000028300, -3.949999999999970000, -4.400000000000014600 ) ) ;
#3285 = DIRECTION ( 'NONE',  ( -1.000000000000000000, -6.982966722218764100E-015, -2.438091212180733500E-029 ) ) ;
#3286 = CARTESIAN_POINT ( 'NONE',  ( 0.7500000000000178700, -2.599999999999987200, -2.100000000000009400 ) ) ;
#3287 =( GEOMETRIC_REPRESENTATION_CONTEXT ( 3 ) GLOBAL_UNCERTAINTY_ASSIGNED_CONTEXT ( ( #5155 ) ) GLOBAL_UNIT_ASSIGNED_CONTEXT ( ( #3072, #958, #994 ) ) REPRESENTATION_CONTEXT ( 'NONE', 'WORKASPACE' ) );
#3288 = CARTESIAN_POINT ( 'NONE',  ( 0.3000000000000154800, -2.149999999999989700, -2.210000000000002200 ) ) ;
#3289 = ORIENTED_EDGE ( 'NONE', *, *, #1416, .T. ) ;
#3290 = COLOUR_RGB ( '',0.7529411764705882200, 0.7529411764705882200, 0.7529411764705882200 ) ;
#3291 =( NAMED_UNIT ( * ) SI_UNIT ( $, .STERADIAN. ) SOLID_ANGLE_UNIT ( ) );
#3292 = CARTESIAN_POINT ( 'NONE',  ( 3.600000000000028500, -3.949999999999962900, -3.950000000000014400 ) ) ;
#3293 = ORIENTED_EDGE ( 'NONE', *, *, #4435, .T. ) ;
#3294 = LINE ( 'NONE', #4101, #2348 ) ;
#3295 = ORIENTED_EDGE ( 'NONE', *, *, #584, .T. ) ;
#3296 = SURFACE_STYLE_USAGE ( .BOTH. , #4083 ) ;
#3297 = DIRECTION ( 'NONE',  ( 0.0000000000000000000, 3.491483361109382100E-015, -1.000000000000000000 ) ) ;
#3298 = VERTEX_POINT ( 'NONE', #2006 ) ;
#3299 = DIRECTION ( 'NONE',  ( -6.982966722218764100E-015, 1.000000000000000000, 3.491483361109382100E-015 ) ) ;
#3300 =( GEOMETRIC_REPRESENTATION_CONTEXT ( 3 ) GLOBAL_UNCERTAINTY_ASSIGNED_CONTEXT ( ( #140 ) ) GLOBAL_UNIT_ASSIGNED_CONTEXT ( ( #2869, #3282, #3696 ) ) REPRESENTATION_CONTEXT ( 'NONE', 'WORKASPACE' ) );
#3301 = EDGE_CURVE ( 'NONE', #3179, #3037, #1671, .T. ) ;
#3302 = EDGE_CURVE ( 'NONE', #3795, #30, #2945, .T. ) ;
#3303 = EDGE_CURVE ( 'NONE', #2876, #828, #2176, .T. ) ;
#3304 = DIRECTION ( 'NONE',  ( 0.0000000000000000000, -3.491483361109382100E-015, 1.000000000000000000 ) ) ;
#3305 = ORIENTED_EDGE ( 'NONE', *, *, #169, .F. ) ;
#3306 = VERTEX_POINT ( 'NONE', #3638 ) ;
#3307 = VECTOR ( 'NONE', #1067, 1000.000000000000000 ) ;
#3308 = ORIENTED_EDGE ( 'NONE', *, *, #4224, .F. ) ;
#3309 =( NAMED_UNIT ( * ) PLANE_ANGLE_UNIT ( ) SI_UNIT ( $, .RADIAN. ) );
#3310 = PRESENTATION_LAYER_ASSIGNMENT (  '', '', ( #2667 ) ) ;
#3311 = CARTESIAN_POINT ( 'NONE',  ( 11.25000000000001600, -2.599999999999913900, -2.100000000000010700 ) ) ;
#3312 = FACE_OUTER_BOUND ( 'NONE', #4687, .T. ) ;
#3313 = VECTOR ( 'NONE', #679, 1000.000000000000000 ) ;
#3314 = PLANE ( 'NONE',  #4368 ) ;
#3315 = CARTESIAN_POINT ( 'NONE',  ( 11.30000000000003100, -4.125819451966631100, -0.6000000000000167400 ) ) ;
#3316 = STYLED_ITEM ( 'NONE', ( #2961 ), #2806 ) ;
#3317 = CARTESIAN_POINT ( 'NONE',  ( 0.7500000000000178700, -2.599999999999987200, -2.100000000000009400 ) ) ;
#3318 = DIRECTION ( 'NONE',  ( 6.882679718748695100E-031, 3.392919527247063600E-015, -1.000000000000000000 ) ) ;
#3319 = ADVANCED_FACE ( 'NONE', ( #3824 ), #1984, .F. ) ;
#3320 = LINE ( 'NONE', #75, #3063 ) ;
#3321 = COLOUR_RGB ( '',0.7529411764705882200, 0.7529411764705882200, 0.7529411764705882200 ) ;
#3322 = ORIENTED_EDGE ( 'NONE', *, *, #5320, .F. ) ;
#3323 = ADVANCED_FACE ( 'NONE', ( #5198 ), #2951, .T. ) ;
#3324 = VECTOR ( 'NONE', #3121, 1000.000000000000000 ) ;
#3325 = UNCERTAINTY_MEASURE_WITH_UNIT (LENGTH_MEASURE( 1.000000000000000100E-005 ), #4281, 'distance_accuracy_value', 'NONE');
#3326 = CARTESIAN_POINT ( 'NONE',  ( 0.7500000000000314200, -4.159046182766877200, -0.6000000000000167400 ) ) ;
#3327 = EDGE_CURVE ( 'NONE', #2554, #796, #3883, .T. ) ;
#3328 = EDGE_CURVE ( 'NONE', #2599, #1930, #1012, .T. ) ;
#3329 = FILL_AREA_STYLE ('',( #3242 ) ) ;
#3330 = EDGE_CURVE ( 'NONE', #2967, #1478, #750, .T. ) ;
#3331 = CARTESIAN_POINT ( 'NONE',  ( 2.600000000000030300, -4.199999999999970000, -3.950000000000015300 ) ) ;
#3332 = VERTEX_POINT ( 'NONE', #732 ) ;
#3333 = DIRECTION ( 'NONE',  ( 1.000000000000000000, 6.982966722218764100E-015, 2.438091212180733500E-029 ) ) ;
#3334 = CARTESIAN_POINT ( 'NONE',  ( 3.775000000000003900, -0.6099999999999673500, -1.800000000000001200 ) ) ;
#3335 = SURFACE_STYLE_FILL_AREA ( #2916 ) ;
#3336 = ORIENTED_EDGE ( 'NONE', *, *, #3090, .T. ) ;
#3337 = STYLED_ITEM ( 'NONE', ( #939 ), #5083 ) ;
#3338 = PRESENTATION_STYLE_ASSIGNMENT (( #1845 ) ) ;
#3339 = VERTEX_POINT ( 'NONE', #3964 ) ;
#3340 = FACE_OUTER_BOUND ( 'NONE', #5323, .T. ) ;
#3341 = VECTOR ( 'NONE', #233, 1000.000000000000000 ) ;
#3342 = DIRECTION ( 'NONE',  ( -1.000000000000000000, -6.982966722218764100E-015, -2.438091212180733500E-029 ) ) ;
#3343 = VECTOR ( 'NONE', #628, 1000.000000000000000 ) ;
#3344 = FILL_AREA_STYLE_COLOUR ( '', #4810 ) ;
#3345 = DIRECTION ( 'NONE',  ( 0.0000000000000000000, 3.491483361109382100E-015, -1.000000000000000000 ) ) ;
#3346 = DIRECTION ( 'NONE',  ( 0.0000000000000000000, 3.491483361109382100E-015, -1.000000000000000000 ) ) ;
#3347 = CARTESIAN_POINT ( 'NONE',  ( 10.60000000000003000, -3.949999999999914500, -3.950000000000017900 ) ) ;
#3348 = ADVANCED_FACE ( 'NONE', ( #3764 ), #4390, .F. ) ;
#3349 = ORIENTED_EDGE ( 'NONE', *, *, #3404, .F. ) ;
#3350 = VECTOR ( 'NONE', #3374, 1000.000000000000000 ) ;
#3351 = SURFACE_SIDE_STYLE ('',( #4639 ) ) ;
#3352 = FACE_OUTER_BOUND ( 'NONE', #5284, .T. ) ;
#3353 =( GEOMETRIC_REPRESENTATION_CONTEXT ( 3 ) GLOBAL_UNCERTAINTY_ASSIGNED_CONTEXT ( ( #3325 ) ) GLOBAL_UNIT_ASSIGNED_CONTEXT ( ( #4281, #1852, #2259 ) ) REPRESENTATION_CONTEXT ( 'NONE', 'WORKASPACE' ) );
#3354 = ORIENTED_EDGE ( 'NONE', *, *, #2213, .T. ) ;
#3355 = ORIENTED_EDGE ( 'NONE', *, *, #1908, .F. ) ;
#3356 = UNCERTAINTY_MEASURE_WITH_UNIT (LENGTH_MEASURE( 1.000000000000000100E-005 ), #4679, 'distance_accuracy_value', 'NONE');
#3357 = PRESENTATION_LAYER_ASSIGNMENT (  '', '', ( #931 ) ) ;
#3358 = CARTESIAN_POINT ( 'NONE',  ( 8.400000000000028800, -3.949999999999930900, -3.450000000000013500 ) ) ;
#3359 = ORIENTED_EDGE ( 'NONE', *, *, #2761, .T. ) ;
#3360 = CARTESIAN_POINT ( 'NONE',  ( 1.175000000000028000, -4.159046182766869200, -2.100000000000016100 ) ) ;
#3361 = ORIENTED_EDGE ( 'NONE', *, *, #5138, .F. ) ;
#3362 = CARTESIAN_POINT ( 'NONE',  ( 8.600000000000029800, -3.899999999999925300, -4.950000000000017100 ) ) ;
#3363 = SURFACE_SIDE_STYLE ('',( #1667 ) ) ;
#3364 = FILL_AREA_STYLE ('',( #2994 ) ) ;
#3365 = EDGE_LOOP ( 'NONE', ( #925, #1871, #3262, #2800 ) ) ;
#3366 = VERTEX_POINT ( 'NONE', #259 ) ;
#3367 = ORIENTED_EDGE ( 'NONE', *, *, #4196, .F. ) ;
#3368 = ORIENTED_EDGE ( 'NONE', *, *, #865, .T. ) ;
#3369 = DIRECTION ( 'NONE',  ( -6.982966722218764100E-015, 1.000000000000000000, 3.491483361109382100E-015 ) ) ;
#3370 = EDGE_CURVE ( 'NONE', #3845, #3177, #5267, .T. ) ;
#3371 = EDGE_CURVE ( 'NONE', #674, #4635, #4086, .T. ) ;
#3372 = EDGE_CURVE ( 'NONE', #4615, #4544, #4607, .T. ) ;
#3373 = COLOUR_RGB ( '',0.7529411764705882200, 0.7529411764705882200, 0.7529411764705882200 ) ;
#3374 = DIRECTION ( 'NONE',  ( -7.885106708985486100E-016, 3.491483361109376500E-015, -1.000000000000000000 ) ) ;
#3375 = ORIENTED_EDGE ( 'NONE', *, *, #1031, .T. ) ;
#3376 = COLOUR_RGB ( '',0.7529411764705882200, 0.7529411764705882200, 0.7529411764705882200 ) ;
#3377 = VECTOR ( 'NONE', #1257, 1000.000000000000000 ) ;
#3378 = CARTESIAN_POINT ( 'NONE',  ( 7.600000000000027200, -3.899999999999933700, -4.400000000000015500 ) ) ;
#3379 = AXIS2_PLACEMENT_3D ( 'NONE', #2180, #4564, #883 ) ;
#3380 = CARTESIAN_POINT ( 'NONE',  ( 10.82500000000003100, -4.159046182766806200, -0.6000000000000167400 ) ) ;
#3381 = SURFACE_STYLE_FILL_AREA ( #4674 ) ;
#3382 = LINE ( 'NONE', #1115, #3634 ) ;
#3383 = DIRECTION ( 'NONE',  ( -6.982966722218764100E-015, 1.000000000000000000, 3.491483361109382100E-015 ) ) ;
#3384 =( LENGTH_UNIT ( ) NAMED_UNIT ( * ) SI_UNIT ( .MILLI., .METRE. ) );
#3385 = LINE ( 'NONE', #4606, #1344 ) ;
#3386 = ORIENTED_EDGE ( 'NONE', *, *, #4323, .F. ) ;
#3387 = VERTEX_POINT ( 'NONE', #317 ) ;
#3388 = EDGE_CURVE ( 'NONE', #5167, #1355, #1605, .T. ) ;
#3389 = VERTEX_POINT ( 'NONE', #4806 ) ;
#3390 = UNCERTAINTY_MEASURE_WITH_UNIT (LENGTH_MEASURE( 1.000000000000000100E-005 ), #724, 'distance_accuracy_value', 'NONE');
#3391 = PLANE ( 'NONE',  #4487 ) ;
#3392 = ORIENTED_EDGE ( 'NONE', *, *, #4288, .T. ) ;
#3393 = FILL_AREA_STYLE ('',( #578 ) ) ;
#3394 = VERTEX_POINT ( 'NONE', #5203 ) ;
#3395 = CARTESIAN_POINT ( 'NONE',  ( 10.40000000000002900, -4.049999999999915400, -3.950000000000017900 ) ) ;
#3396 = COLOUR_RGB ( '',0.7529411764705882200, 0.7529411764705882200, 0.7529411764705882200 ) ;
#3397 = LINE ( 'NONE', #3887, #2 ) ;
#3398 = VERTEX_POINT ( 'NONE', #1155 ) ;
#3399 = DIRECTION ( 'NONE',  ( 6.982966722218764100E-015, -1.000000000000000000, -3.491483361109382100E-015 ) ) ;
#3400 = MECHANICAL_DESIGN_GEOMETRIC_PRESENTATION_REPRESENTATION (  '', ( #4994 ), #3300 ) ;
#3401 = EDGE_CURVE ( 'NONE', #5310, #4295, #5334, .T. ) ;
#3402 =( LENGTH_UNIT ( ) NAMED_UNIT ( * ) SI_UNIT ( .MILLI., .METRE. ) );
#3403 = CARTESIAN_POINT ( 'NONE',  ( 4.600000000000028100, -3.949999999999958000, -3.450000000000011300 ) ) ;
#3404 = EDGE_CURVE ( 'NONE', #207, #5167, #2685, .T. ) ;
#3405 =( NAMED_UNIT ( * ) SI_UNIT ( $, .STERADIAN. ) SOLID_ANGLE_UNIT ( ) );
#3406 = DIRECTION ( 'NONE',  ( -6.982966722218764100E-015, 1.000000000000000000, 3.392919527247063600E-015 ) ) ;
#3407 = ORIENTED_EDGE ( 'NONE', *, *, #622, .T. ) ;
#3408 = VECTOR ( 'NONE', #3206, 1000.000000000000000 ) ;
#3409 = SURFACE_STYLE_FILL_AREA ( #2004 ) ;
#3410 = CARTESIAN_POINT ( 'NONE',  ( 11.50000000000001400, -2.149999999999911500, -2.210000000000006600 ) ) ;
#3411 = MECHANICAL_DESIGN_GEOMETRIC_PRESENTATION_REPRESENTATION (  '', ( #2971 ), #842 ) ;
#3412 = ORIENTED_EDGE ( 'NONE', *, *, #1206, .F. ) ;
#3413 = LINE ( 'NONE', #1690, #2492 ) ;
#3414 = MECHANICAL_DESIGN_GEOMETRIC_PRESENTATION_REPRESENTATION (  '', ( #4625 ), #4533 ) ;
#3415 = VERTEX_POINT ( 'NONE', #297 ) ;
#3416 = DIRECTION ( 'NONE',  ( 0.0000000000000000000, -3.491483361109382100E-015, 1.000000000000000000 ) ) ;
#3417 = VECTOR ( 'NONE', #3641, 1000.000000000000000 ) ;
#3418 = CARTESIAN_POINT ( 'NONE',  ( 11.70000000000002200, -3.449999999999910900, -2.210000000000012000 ) ) ;
#3419 = CARTESIAN_POINT ( 'NONE',  ( 6.600000000000027200, -3.899999999999939100, -4.950000000000016200 ) ) ;
#3420 = SURFACE_SIDE_STYLE ('',( #429 ) ) ;
#3421 = ORIENTED_EDGE ( 'NONE', *, *, #1284, .F. ) ;
#3422 = ORIENTED_EDGE ( 'NONE', *, *, #4713, .F. ) ;
#3423 = AXIS2_PLACEMENT_3D ( 'NONE', #4006, #4851, #5282 ) ;
#3424 = UNCERTAINTY_MEASURE_WITH_UNIT (LENGTH_MEASURE( 1.000000000000000100E-005 ), #1168, 'distance_accuracy_value', 'NONE');
#3425 = EDGE_LOOP ( 'NONE', ( #5182, #2746, #1130, #2001, #614, #3550, #92, #765 ) ) ;
#3426 = DIRECTION ( 'NONE',  ( -7.885106708985467300E-016, 3.220432817988000400E-015, -1.000000000000000000 ) ) ;
#3427 = COLOUR_RGB ( '',0.0000000000000000000, 0.0000000000000000000, 0.6274509803921568500 ) ;
#3428 = CARTESIAN_POINT ( 'NONE',  ( 5.600000000000028100, -3.949999999999949100, -3.950000000000015300 ) ) ;
#3429 = ORIENTED_EDGE ( 'NONE', *, *, #2078, .F. ) ;
#3430 = EDGE_CURVE ( 'NONE', #3836, #3490, #2303, .T. ) ;
#3431 = EDGE_CURVE ( 'NONE', #2104, #4814, #4216, .T. ) ;
#3432 = EDGE_CURVE ( 'NONE', #2811, #2607, #3382, .T. ) ;
#3433 = ORIENTED_EDGE ( 'NONE', *, *, #798, .T. ) ;
#3434 = EDGE_LOOP ( 'NONE', ( #5114, #2396, #2249, #4191 ) ) ;
#3435 = CARTESIAN_POINT ( 'NONE',  ( -1.361678510832659400E-014, 1.950000000000000400, 7.675754292151699500E-015 ) ) ;
#3436 = CARTESIAN_POINT ( 'NONE',  ( 12.00000000000002800, -4.049999999999903900, -4.400000000000014600 ) ) ;
#3437 = LINE ( 'NONE', #1317, #945 ) ;
#3438 = EDGE_LOOP ( 'NONE', ( #3626, #608, #396, #258, #3990, #4422 ) ) ;
#3439 = ORIENTED_EDGE ( 'NONE', *, *, #1870, .T. ) ;
#3440 = COLOUR_RGB ( '',0.7529411764705882200, 0.7529411764705882200, 0.7529411764705882200 ) ;
#3441 = SURFACE_STYLE_USAGE ( .BOTH. , #4215 ) ;
#3442 = LINE ( 'NONE', #362, #292 ) ;
#3443 = SURFACE_SIDE_STYLE ('',( #954 ) ) ;
#3444 = CARTESIAN_POINT ( 'NONE',  ( 1.600000000000027000, -3.899999999999975900, -4.400000000000014600 ) ) ;
#3445 = COLOUR_RGB ( '',0.7529411764705882200, 0.7529411764705882200, 0.7529411764705882200 ) ;
#3446 = AXIS2_PLACEMENT_3D ( 'NONE', #4085, #3263, #1238 ) ;
#3447 = DIRECTION ( 'NONE',  ( -1.000000000000000000, -6.982966722218764100E-015, -2.438091212180733500E-029 ) ) ;
#3448 = LINE ( 'NONE', #3069, #4095 ) ;
#3449 = DIRECTION ( 'NONE',  ( -1.000000000000000000, -6.982966722218764100E-015, -2.438091212180733500E-029 ) ) ;
#3450 = MECHANICAL_DESIGN_GEOMETRIC_PRESENTATION_REPRESENTATION (  '', ( #1444 ), #2464 ) ;
#3451 = ORIENTED_EDGE ( 'NONE', *, *, #3965, .T. ) ;
#3452 = COLOUR_RGB ( '',0.7529411764705882200, 0.7529411764705882200, 0.7529411764705882200 ) ;
#3453 = CARTESIAN_POINT ( 'NONE',  ( 7.400000000000027000, -3.899999999999933300, -4.950000000000016200 ) ) ;
#3454 = ORIENTED_EDGE ( 'NONE', *, *, #1564, .F. ) ;
#3455 =( NAMED_UNIT ( * ) SI_UNIT ( $, .STERADIAN. ) SOLID_ANGLE_UNIT ( ) );
#3456 = ORIENTED_EDGE ( 'NONE', *, *, #2938, .F. ) ;
#3457 = DIRECTION ( 'NONE',  ( -0.0000000000000000000, 3.491483361109382100E-015, -1.000000000000000000 ) ) ;
#3458 = SURFACE_STYLE_FILL_AREA ( #4571 ) ;
#3459 =( LENGTH_UNIT ( ) NAMED_UNIT ( * ) SI_UNIT ( .MILLI., .METRE. ) );
#3460 = ORIENTED_EDGE ( 'NONE', *, *, #3027, .F. ) ;
#3461 = DIRECTION ( 'NONE',  ( -6.982966722218764100E-015, 1.000000000000000000, 3.491483361109382100E-015 ) ) ;
#3462 = LINE ( 'NONE', #1433, #1695 ) ;
#3463 = ORIENTED_EDGE ( 'NONE', *, *, #1454, .F. ) ;
#3464 = LINE ( 'NONE', #4804, #2083 ) ;
#3465 = VECTOR ( 'NONE', #3611, 1000.000000000000000 ) ;
#3466 = EDGE_CURVE ( 'NONE', #58, #2245, #4669, .T. ) ;
#3467 = CARTESIAN_POINT ( 'NONE',  ( 10.82499999999998700, 1.950000000000082600, -1.949999999999994000 ) ) ;
#3468 = CARTESIAN_POINT ( 'NONE',  ( 0.7500000000000149900, -1.799999999999987200, -2.050000000000005600 ) ) ;
#3469 = EDGE_CURVE ( 'NONE', #1968, #1900, #1534, .T. ) ;
#3470 = EDGE_CURVE ( 'NONE', #1779, #2490, #5000, .T. ) ;
#3471 = ORIENTED_EDGE ( 'NONE', *, *, #1562, .F. ) ;
#3472 = PRESENTATION_STYLE_ASSIGNMENT (( #5123 ) ) ;
#3473 = VECTOR ( 'NONE', #1884, 1000.000000000000000 ) ;
#3474 = PLANE ( 'NONE',  #1532 ) ;
#3475 = DIRECTION ( 'NONE',  ( -1.000000000000000000, -6.982966722218764100E-015, -2.438091212180733500E-029 ) ) ;
#3476 = CARTESIAN_POINT ( 'NONE',  ( 5.400000000000027000, -3.899999999999947500, -4.950000000000015300 ) ) ;
#3477 = ORIENTED_EDGE ( 'NONE', *, *, #3330, .F. ) ;
#3478 = COLOUR_RGB ( '',0.7529411764705882200, 0.7529411764705882200, 0.7529411764705882200 ) ;
#3479 = PRESENTATION_LAYER_ASSIGNMENT (  '', '', ( #177 ) ) ;
#3480 = CARTESIAN_POINT ( 'NONE',  ( 12.00000000000002300, -3.449999999999908700, -2.250000000000017300 ) ) ;
#3481 =( LENGTH_UNIT ( ) NAMED_UNIT ( * ) SI_UNIT ( .MILLI., .METRE. ) );
#3482 = DIRECTION ( 'NONE',  ( 1.000000000000000000, 6.982966722218764100E-015, 2.438091212180733500E-029 ) ) ;
#3483 = STYLED_ITEM ( 'NONE', ( #3537 ), #2442 ) ;
#3484 = VERTEX_POINT ( 'NONE', #4001 ) ;
#3485 = ORIENTED_EDGE ( 'NONE', *, *, #3684, .F. ) ;
#3486 = CARTESIAN_POINT ( 'NONE',  ( 11.70000000000002900, -4.199999999999921100, -0.01000000000001423500 ) ) ;
#3487 = CARTESIAN_POINT ( 'NONE',  ( 9.400000000000030600, -3.899999999999919500, -4.950000000000017100 ) ) ;
#3488 = CARTESIAN_POINT ( 'NONE',  ( 1.175000000000017100, -2.599999999999984100, -2.100000000000009400 ) ) ;
#3489 = UNCERTAINTY_MEASURE_WITH_UNIT (LENGTH_MEASURE( 1.000000000000000100E-005 ), #2933, 'distance_accuracy_value', 'NONE');
#3490 = VERTEX_POINT ( 'NONE', #3985 ) ;
#3491 = ORIENTED_EDGE ( 'NONE', *, *, #4090, .F. ) ;
#3492 = PRESENTATION_LAYER_ASSIGNMENT (  '', '', ( #404 ) ) ;
#3493 = VECTOR ( 'NONE', #4408, 1000.000000000000000 ) ;
#3494 = EDGE_LOOP ( 'NONE', ( #1647, #4202, #4168, #3354 ) ) ;
#3495 = EDGE_LOOP ( 'NONE', ( #3234, #2137, #778, #4906 ) ) ;
#3496 = SURFACE_SIDE_STYLE ('',( #461 ) ) ;
#3497 = ORIENTED_EDGE ( 'NONE', *, *, #1564, .T. ) ;
#3498 = CARTESIAN_POINT ( 'NONE',  ( 8.375000000000024900, -3.449999999999936200, -1.800000000000012000 ) ) ;
#3499 = SURFACE_STYLE_FILL_AREA ( #3734 ) ;
#3500 = CARTESIAN_POINT ( 'NONE',  ( 8.600000000000031600, -4.199999999999928200, -3.950000000000017900 ) ) ;
#3501 = ORIENTED_EDGE ( 'NONE', *, *, #833, .F. ) ;
#3502 = MECHANICAL_DESIGN_GEOMETRIC_PRESENTATION_REPRESENTATION (  '', ( #931 ), #785 ) ;
#3503 = VERTEX_POINT ( 'NONE', #4829 ) ;
#3504 = EDGE_CURVE ( 'NONE', #4530, #4534, #164, .T. ) ;
#3505 = EDGE_CURVE ( 'NONE', #4949, #4765, #5266, .T. ) ;
#3506 = DIRECTION ( 'NONE',  ( -6.982966722218764100E-015, 1.000000000000000000, 3.491483361109382100E-015 ) ) ;
#3507 = MECHANICAL_DESIGN_GEOMETRIC_PRESENTATION_REPRESENTATION (  '', ( #104 ), #3238 ) ;
#3508 = CARTESIAN_POINT ( 'NONE',  ( 11.25000000000000000, -0.3999999999999076000, -4.000000000000001800 ) ) ;
#3509 = SURFACE_STYLE_FILL_AREA ( #441 ) ;
#3510 = ORIENTED_EDGE ( 'NONE', *, *, #1420, .T. ) ;
#3511 = VECTOR ( 'NONE', #1638, 1000.000000000000000 ) ;
#3512 = CARTESIAN_POINT ( 'NONE',  ( 6.600000000000029000, -4.049999999999941200, -4.400000000000014600 ) ) ;
#3513 = AXIS2_PLACEMENT_3D ( 'NONE', #4837, #1169, #1974 ) ;
#3514 = CARTESIAN_POINT ( 'NONE',  ( 0.4999999999999863400, 1.950000000000016800, -3.749999999999993800 ) ) ;
#3515 = COLOUR_RGB ( '',0.7529411764705882200, 0.7529411764705882200, 0.7529411764705882200 ) ;
#3516 = EDGE_LOOP ( 'NONE', ( #1651, #2009, #4023, #2216 ) ) ;
#3517 = DIRECTION ( 'NONE',  ( 1.000000000000000000, 6.965177592937170300E-015, -1.314184451497579300E-016 ) ) ;
#3518 = ORIENTED_EDGE ( 'NONE', *, *, #4322, .F. ) ;
#3519 = ORIENTED_EDGE ( 'NONE', *, *, #345, .T. ) ;
#3520 = FILL_AREA_STYLE_COLOUR ( '', #3396 ) ;
#3521 = CARTESIAN_POINT ( 'NONE',  ( 0.7500000000000016700, -0.3999999999999808700, -4.000000000000000900 ) ) ;
#3522 =( GEOMETRIC_REPRESENTATION_CONTEXT ( 3 ) GLOBAL_UNCERTAINTY_ASSIGNED_CONTEXT ( ( #4344 ) ) GLOBAL_UNIT_ASSIGNED_CONTEXT ( ( #3481, #3085, #4742 ) ) REPRESENTATION_CONTEXT ( 'NONE', 'WORKASPACE' ) );
#3523 = CARTESIAN_POINT ( 'NONE',  ( 1.400000000000026800, -3.899999999999977300, -4.400000000000014600 ) ) ;
#3524 = ORIENTED_EDGE ( 'NONE', *, *, #4859, .F. ) ;
#3525 = PRESENTATION_LAYER_ASSIGNMENT (  '', '', ( #94 ) ) ;
#3526 = DIRECTION ( 'NONE',  ( 6.982966722218764100E-015, -1.000000000000000000, -3.491483361109382100E-015 ) ) ;
#3527 = CARTESIAN_POINT ( 'NONE',  ( 9.175000000000027400, -4.049999999999936800, -0.3500000000000133600 ) ) ;
#3528 = EDGE_CURVE ( 'NONE', #2407, #4375, #1342, .T. ) ;
#3529 = CARTESIAN_POINT ( 'NONE',  ( 11.30000000000001300, -1.799999999999913400, -2.050000000000006500 ) ) ;
#3530 = FACE_OUTER_BOUND ( 'NONE', #4855, .T. ) ;
#3531 = ORIENTED_EDGE ( 'NONE', *, *, #3270, .F. ) ;
#3532 = LINE ( 'NONE', #1234, #2484 ) ;
#3533 = VECTOR ( 'NONE', #3110, 1000.000000000000000 ) ;
#3534 = COLOUR_RGB ( '',0.7529411764705882200, 0.7529411764705882200, 0.7529411764705882200 ) ;
#3535 = ORIENTED_EDGE ( 'NONE', *, *, #3198, .F. ) ;
#3536 = LINE ( 'NONE', #545, #3350 ) ;
#3537 = PRESENTATION_STYLE_ASSIGNMENT (( #3762 ) ) ;
#3538 = CARTESIAN_POINT ( 'NONE',  ( 4.600000000000029800, -4.199999999999953100, -4.950000000000016200 ) ) ;
#3539 = EDGE_CURVE ( 'NONE', #3298, #522, #2566, .T. ) ;
#3540 = STYLED_ITEM ( 'NONE', ( #4206 ), #4978 ) ;
#3541 = EDGE_LOOP ( 'NONE', ( #1259, #2929, #4619, #1057, #504, #4968 ) ) ;
#3542 = CARTESIAN_POINT ( 'NONE',  ( 5.400000000000029700, -4.199999999999947800, -4.950000000000016200 ) ) ;
#3543 = ORIENTED_EDGE ( 'NONE', *, *, #3197, .T. ) ;
#3544 = DIRECTION ( 'NONE',  ( -6.982966722218764100E-015, 1.000000000000000000, 3.703035004521187900E-015 ) ) ;
#3545 = ORIENTED_EDGE ( 'NONE', *, *, #4998, .T. ) ;
#3546 = CARTESIAN_POINT ( 'NONE',  ( 2.409123519165474100E-014, -3.449999999999992600, -2.250000000000012000 ) ) ;
#3547 = AXIS2_PLACEMENT_3D ( 'NONE', #361, #3223, #3677 ) ;
#3548 = FILL_AREA_STYLE_COLOUR ( '', #2016 ) ;
#3549 =( NAMED_UNIT ( * ) SI_UNIT ( $, .STERADIAN. ) SOLID_ANGLE_UNIT ( ) );
#3550 = ORIENTED_EDGE ( 'NONE', *, *, #32, .F. ) ;
#3551 = CARTESIAN_POINT ( 'NONE',  ( 5.600000000000029000, -4.049999999999947400, -4.400000000000014600 ) ) ;
#3552 = UNCERTAINTY_MEASURE_WITH_UNIT (LENGTH_MEASURE( 1.000000000000000100E-005 ), #5103, 'distance_accuracy_value', 'NONE');
#3553 = ORIENTED_EDGE ( 'NONE', *, *, #2242, .T. ) ;
#3554 = ORIENTED_EDGE ( 'NONE', *, *, #5065, .T. ) ;
#3555 =( LENGTH_UNIT ( ) NAMED_UNIT ( * ) SI_UNIT ( .MILLI., .METRE. ) );
#3556 = SURFACE_SIDE_STYLE ('',( #2447 ) ) ;
#3557 = DIRECTION ( 'NONE',  ( -0.0000000000000000000, 3.491483361109382100E-015, -1.000000000000000000 ) ) ;
#3558 = ORIENTED_EDGE ( 'NONE', *, *, #346, .T. ) ;
#3559 = ORIENTED_EDGE ( 'NONE', *, *, #1136, .T. ) ;
#3560 = LINE ( 'NONE', #1177, #4210 ) ;
#3561 = CARTESIAN_POINT ( 'NONE',  ( 3.600000000000030300, -4.199999999999960200, -4.950000000000015300 ) ) ;
#3562 = LINE ( 'NONE', #3527, #2512 ) ;
#3563 = VERTEX_POINT ( 'NONE', #2474 ) ;
#3564 = CARTESIAN_POINT ( 'NONE',  ( 2.094890016665628500E-015, -0.2999999999999867800, -3.750000000000001800 ) ) ;
#3565 = VERTEX_POINT ( 'NONE', #4890 ) ;
#3566 = DIRECTION ( 'NONE',  ( -1.000000000000000000, -6.982966722218767300E-015, 8.462065736471991200E-016 ) ) ;
#3567 = CARTESIAN_POINT ( 'NONE',  ( 11.30000000000001800, -2.599999999999913900, -2.050000000000009600 ) ) ;
#3568 = CARTESIAN_POINT ( 'NONE',  ( 9.600000000000029800, -4.049999999999919900, -4.400000000000014600 ) ) ;
#3569 = VECTOR ( 'NONE', #3929, 1000.000000000000000 ) ;
#3570 = EDGE_CURVE ( 'NONE', #1445, #2104, #3442, .T. ) ;
#3571 = EDGE_CURVE ( 'NONE', #534, #4988, #1404, .T. ) ;
#3572 = EDGE_CURVE ( 'NONE', #3565, #1236, #4550, .T. ) ;
#3573 = SURFACE_STYLE_FILL_AREA ( #1159 ) ;
#3574 = DIRECTION ( 'NONE',  ( -1.000000000000000000, -6.982966722218764100E-015, -2.438091212180733500E-029 ) ) ;
#3575 = CARTESIAN_POINT ( 'NONE',  ( 11.69999999999998700, 1.950000000000086600, -1.299999999999993800 ) ) ;
#3576 =( NAMED_UNIT ( * ) PLANE_ANGLE_UNIT ( ) SI_UNIT ( $, .RADIAN. ) );
#3577 = LINE ( 'NONE', #5237, #1015 ) ;
#3578 = ORIENTED_EDGE ( 'NONE', *, *, #5204, .F. ) ;
#3579 = PRESENTATION_STYLE_ASSIGNMENT (( #4359 ) ) ;
#3580 = MECHANICAL_DESIGN_GEOMETRIC_PRESENTATION_REPRESENTATION (  '', ( #2667 ), #3783 ) ;
#3581 = CARTESIAN_POINT ( 'NONE',  ( 0.7499999999999852300, 1.950000000000019300, -3.999999999999993300 ) ) ;
#3582 = DIRECTION ( 'NONE',  ( -6.982966722218764100E-015, 1.000000000000000000, 3.491483361109382100E-015 ) ) ;
#3583 = CARTESIAN_POINT ( 'NONE',  ( -1.361678510832659000E-014, 1.950000000000015300, -4.399999999999993200 ) ) ;
#3584 = DIRECTION ( 'NONE',  ( 0.0000000000000000000, -3.491483361109382100E-015, 1.000000000000000000 ) ) ;
#3585 = PRESENTATION_STYLE_ASSIGNMENT (( #178 ) ) ;
#3586 = ADVANCED_FACE ( 'NONE', ( #496 ), #398, .F. ) ;
#3587 = VECTOR ( 'NONE', #1339, 1000.000000000000000 ) ;
#3588 = CARTESIAN_POINT ( 'NONE',  ( 6.400000000000027000, -3.899999999999940400, -4.950000000000016200 ) ) ;
#3589 = EDGE_LOOP ( 'NONE', ( #477, #1786, #1275, #2923, #899, #3928, #2107, #1807, #3225, #2389, #2350, #2767, #3501, #1742, #5340, #386, #4747, #4240, #72, #5144 ) ) ;
#3590 = VERTEX_POINT ( 'NONE', #3247 ) ;
#3591 = LINE ( 'NONE', #1506, #4631 ) ;
#3592 = LINE ( 'NONE', #3720, #3726 ) ;
#3593 = LINE ( 'NONE', #1764, #1030 ) ;
#3594 =( NAMED_UNIT ( * ) PLANE_ANGLE_UNIT ( ) SI_UNIT ( $, .RADIAN. ) );
#3595 = MECHANICAL_DESIGN_GEOMETRIC_PRESENTATION_REPRESENTATION (  '', ( #4144 ), #3956 ) ;
#3596 = CARTESIAN_POINT ( 'NONE',  ( 5.400000000000028800, -4.049999999999952700, -3.450000000000012600 ) ) ;
#3597 = ORIENTED_EDGE ( 'NONE', *, *, #863, .T. ) ;
#3598 = LINE ( 'NONE', #374, #1370 ) ;
#3599 = PLANE ( 'NONE',  #145 ) ;
#3600 = SURFACE_SIDE_STYLE ('',( #2515 ) ) ;
#3601 = VECTOR ( 'NONE', #1467, 1000.000000000000000 ) ;
#3602 = DIRECTION ( 'NONE',  ( -1.000000000000000000, -6.982966722218764100E-015, -2.438091212180733500E-029 ) ) ;
#3603 = EDGE_CURVE ( 'NONE', #2462, #5009, #1464, .T. ) ;
#3604 = DIRECTION ( 'NONE',  ( 1.000000000000000000, 6.982966722218764100E-015, 2.438091212180733500E-029 ) ) ;
#3605 = EDGE_CURVE ( 'NONE', #3339, #4622, #2172, .T. ) ;
#3606 = EDGE_CURVE ( 'NONE', #898, #5101, #3878, .T. ) ;
#3607 = DIRECTION ( 'NONE',  ( -0.0000000000000000000, 3.491483361109382100E-015, -1.000000000000000000 ) ) ;
#3608 = EDGE_LOOP ( 'NONE', ( #5011, #41, #5051, #5341 ) ) ;
#3609 = VECTOR ( 'NONE', #4668, 1000.000000000000000 ) ;
#3610 = CARTESIAN_POINT ( 'NONE',  ( 6.600000000000029800, -4.199999999999942400, -3.950000000000017100 ) ) ;
#3611 = DIRECTION ( 'NONE',  ( -1.000000000000000000, -6.982966722218764100E-015, -2.438091212180733500E-029 ) ) ;
#3612 = CARTESIAN_POINT ( 'NONE',  ( 5.400000000000029700, -4.199999999999951300, -3.950000000000016200 ) ) ;
#3613 = ORIENTED_EDGE ( 'NONE', *, *, #2436, .T. ) ;
#3614 = ADVANCED_FACE ( 'NONE', ( #101, #433 ), #3265, .F. ) ;
#3615 = PRESENTATION_LAYER_ASSIGNMENT (  '', '', ( #1328 ) ) ;
#3616 = DIRECTION ( 'NONE',  ( -0.0000000000000000000, 3.491483361109382100E-015, -1.000000000000000000 ) ) ;
#3617 = ORIENTED_EDGE ( 'NONE', *, *, #2903, .T. ) ;
#3618 = MECHANICAL_DESIGN_GEOMETRIC_PRESENTATION_REPRESENTATION (  '', ( #3787 ), #4726 ) ;
#3619 = CARTESIAN_POINT ( 'NONE',  ( 5.600000000000029800, -4.199999999999949600, -3.950000000000016200 ) ) ;
#3620 = ORIENTED_EDGE ( 'NONE', *, *, #2686, .F. ) ;
#3621 = CARTESIAN_POINT ( 'NONE',  ( 11.50000000000002500, -3.449999999999917600, -0.6500000000000169000 ) ) ;
#3622 = ADVANCED_FACE ( 'NONE', ( #5329 ), #1270, .T. ) ;
#3623 = UNCERTAINTY_MEASURE_WITH_UNIT (LENGTH_MEASURE( 1.000000000000000100E-005 ), #3839, 'distance_accuracy_value', 'NONE');
#3624 = LINE ( 'NONE', #2425, #3493 ) ;
#3625 = ORIENTED_EDGE ( 'NONE', *, *, #2724, .T. ) ;
#3626 = ORIENTED_EDGE ( 'NONE', *, *, #2480, .T. ) ;
#3627 = VERTEX_POINT ( 'NONE', #4087 ) ;
#3628 = AXIS2_PLACEMENT_3D ( 'NONE', #1092, #3526, #730 ) ;
#3629 = VECTOR ( 'NONE', #211, 1000.000000000000000 ) ;
#3630 = VERTEX_POINT ( 'NONE', #4070 ) ;
#3631 = CARTESIAN_POINT ( 'NONE',  ( 11.49999999999999800, -0.2999999999999065100, -3.750000000000006200 ) ) ;
#3632 = LINE ( 'NONE', #4235, #222 ) ;
#3633 = AXIS2_PLACEMENT_3D ( 'NONE', #4854, #4915, #2032 ) ;
#3634 = VECTOR ( 'NONE', #2390, 1000.000000000000000 ) ;
#3635 = CARTESIAN_POINT ( 'NONE',  ( 11.49999999999999800, -0.2999999999999042300, -4.400000000000007500 ) ) ;
#3636 = CARTESIAN_POINT ( 'NONE',  ( 8.600000000000029800, -4.049999999999928800, -3.950000000000017100 ) ) ;
#3637 = CARTESIAN_POINT ( 'NONE',  ( 9.600000000000029800, -4.049999999999921700, -3.950000000000017100 ) ) ;
#3638 = CARTESIAN_POINT ( 'NONE',  ( 11.49999999999999800, -0.2999999999999042300, -4.400000000000007500 ) ) ;
#3639 = VECTOR ( 'NONE', #2042, 1000.000000000000000 ) ;
#3640 = SURFACE_STYLE_USAGE ( .BOTH. , #791 ) ;
#3641 = DIRECTION ( 'NONE',  ( -0.0000000000000000000, 3.491483361109382100E-015, -1.000000000000000000 ) ) ;
#3642 = ADVANCED_FACE ( 'NONE', ( #2235 ), #4481, .F. ) ;
#3643 = VECTOR ( 'NONE', #4641, 1000.000000000000000 ) ;
#3644 = ORIENTED_EDGE ( 'NONE', *, *, #4149, .T. ) ;
#3645 = ORIENTED_EDGE ( 'NONE', *, *, #3572, .F. ) ;
#3646 =( NAMED_UNIT ( * ) PLANE_ANGLE_UNIT ( ) SI_UNIT ( $, .RADIAN. ) );
#3647 = MECHANICAL_DESIGN_GEOMETRIC_PRESENTATION_REPRESENTATION (  '', ( #619 ), #3904 ) ;
#3648 = LINE ( 'NONE', #2891, #3828 ) ;
#3649 = EDGE_CURVE ( 'NONE', #1862, #1952, #43, .T. ) ;
#3650 = EDGE_CURVE ( 'NONE', #1942, #3130, #3183, .T. ) ;
#3651 = ORIENTED_EDGE ( 'NONE', *, *, #4521, .T. ) ;
#3652 = EDGE_LOOP ( 'NONE', ( #2371, #4475, #2878, #1167, #306, #215 ) ) ;
#3653 = DIRECTION ( 'NONE',  ( -6.982966722218764100E-015, 1.000000000000000000, 3.491483361109382100E-015 ) ) ;
#3654 = ADVANCED_FACE ( 'NONE', ( #2112 ), #447, .F. ) ;
#3655 = DIRECTION ( 'NONE',  ( -6.982966722218764100E-015, 1.000000000000000000, 3.491483361109382100E-015 ) ) ;
#3656 = ORIENTED_EDGE ( 'NONE', *, *, #3649, .T. ) ;
#3657 = ORIENTED_EDGE ( 'NONE', *, *, #653, .F. ) ;
#3658 =( GEOMETRIC_REPRESENTATION_CONTEXT ( 3 ) GLOBAL_UNCERTAINTY_ASSIGNED_CONTEXT ( ( #2780 ) ) GLOBAL_UNIT_ASSIGNED_CONTEXT ( ( #3384, #2550, #3405 ) ) REPRESENTATION_CONTEXT ( 'NONE', 'WORKASPACE' ) );
#3659 = DIRECTION ( 'NONE',  ( 8.462065736472233800E-016, -3.491483361109376100E-015, 1.000000000000000000 ) ) ;
#3660 = CARTESIAN_POINT ( 'NONE',  ( 6.400000000000028800, -4.049999999999945600, -3.450000000000013100 ) ) ;
#3661 = DIRECTION ( 'NONE',  ( -6.982966722218764100E-015, 1.000000000000000000, 3.491483361109382100E-015 ) ) ;
#3662 = ORIENTED_EDGE ( 'NONE', *, *, #957, .F. ) ;
#3663 = CARTESIAN_POINT ( 'NONE',  ( 9.600000000000029800, -3.949999999999919800, -4.400000000000014600 ) ) ;
#3664 = COLOUR_RGB ( '',0.7529411764705882200, 0.7529411764705882200, 0.7529411764705882200 ) ;
#3665 = ORIENTED_EDGE ( 'NONE', *, *, #1841, .T. ) ;
#3666 = VECTOR ( 'NONE', #357, 1000.000000000000000 ) ;
#3667 = FACE_OUTER_BOUND ( 'NONE', #1133, .T. ) ;
#3668 = ORIENTED_EDGE ( 'NONE', *, *, #3228, .T. ) ;
#3669 = LINE ( 'NONE', #3694, #711 ) ;
#3670 = VECTOR ( 'NONE', #5116, 1000.000000000000000 ) ;
#3671 = SURFACE_STYLE_USAGE ( .BOTH. , #2486 ) ;
#3672 = ADVANCED_FACE ( 'NONE', ( #1978 ), #2598, .F. ) ;
#3673 = CARTESIAN_POINT ( 'NONE',  ( 2.400000000000028800, -4.049999999999972300, -3.950000000000014400 ) ) ;
#3674 = ORIENTED_EDGE ( 'NONE', *, *, #2400, .F. ) ;
#3675 = LINE ( 'NONE', #5037, #4907 ) ;
#3676 = VECTOR ( 'NONE', #4157, 1000.000000000000000 ) ;
#3677 = DIRECTION ( 'NONE',  ( 1.000000000000000000, 6.982966722218764100E-015, 2.438091212180733500E-029 ) ) ;
#3678 =( NAMED_UNIT ( * ) SI_UNIT ( $, .STERADIAN. ) SOLID_ANGLE_UNIT ( ) );
#3679 = AXIS2_PLACEMENT_3D ( 'NONE', #4007, #797, #4030 ) ;
#3680 = ORIENTED_EDGE ( 'NONE', *, *, #4195, .T. ) ;
#3681 = STYLED_ITEM ( 'NONE', ( #1368 ), #4037 ) ;
#3682 = EDGE_CURVE ( 'NONE', #2183, #3751, #2886, .T. ) ;
#3683 = FACE_OUTER_BOUND ( 'NONE', #2306, .T. ) ;
#3684 = EDGE_CURVE ( 'NONE', #4988, #1776, #817, .T. ) ;
#3685 = VERTEX_POINT ( 'NONE', #5031 ) ;
#3686 = ORIENTED_EDGE ( 'NONE', *, *, #2355, .F. ) ;
#3687 = ORIENTED_EDGE ( 'NONE', *, *, #1705, .T. ) ;
#3688 = CARTESIAN_POINT ( 'NONE',  ( 10.82499999999998700, 1.950000000000077900, -0.5999999999999954300 ) ) ;
#3689 = LINE ( 'NONE', #1973, #1450 ) ;
#3690 =( GEOMETRIC_REPRESENTATION_CONTEXT ( 3 ) GLOBAL_UNCERTAINTY_ASSIGNED_CONTEXT ( ( #4454 ) ) GLOBAL_UNIT_ASSIGNED_CONTEXT ( ( #1809, #973, #2239 ) ) REPRESENTATION_CONTEXT ( 'NONE', 'WORKASPACE' ) );
#3691 = DIRECTION ( 'NONE',  ( -1.000000000000000000, -6.982966722218764100E-015, -2.438091212180733500E-029 ) ) ;
#3692 = ORIENTED_EDGE ( 'NONE', *, *, #3195, .T. ) ;
#3693 = ORIENTED_EDGE ( 'NONE', *, *, #4811, .T. ) ;
#3694 = CARTESIAN_POINT ( 'NONE',  ( 11.49999999999999800, -0.2999999999999065100, -3.750000000000006200 ) ) ;
#3695 = PRESENTATION_LAYER_ASSIGNMENT (  '', '', ( #2609 ) ) ;
#3696 =( NAMED_UNIT ( * ) SI_UNIT ( $, .STERADIAN. ) SOLID_ANGLE_UNIT ( ) );
#3697 = CARTESIAN_POINT ( 'NONE',  ( 7.600000000000028100, -3.949999999999937100, -3.450000000000013100 ) ) ;
#3698 = DIRECTION ( 'NONE',  ( -6.982966722218764100E-015, 1.000000000000000000, 3.392919527247063200E-015 ) ) ;
#3699 = COLOUR_RGB ( '',0.7529411764705882200, 0.7529411764705882200, 0.7529411764705882200 ) ;
#3700 = ADVANCED_FACE ( 'NONE', ( #1971 ), #5014, .F. ) ;
#3701 = LINE ( 'NONE', #1772, #1849 ) ;
#3702 = CARTESIAN_POINT ( 'NONE',  ( 2.828101522498601200E-014, -4.049999999999986500, -4.400000000000014600 ) ) ;
#3703 = AXIS2_PLACEMENT_3D ( 'NONE', #3218, #2382, #1956 ) ;
#3704 = EDGE_LOOP ( 'NONE', ( #3924, #5315, #4227, #250 ) ) ;
#3705 = LINE ( 'NONE', #192, #2623 ) ;
#3706 =( LENGTH_UNIT ( ) NAMED_UNIT ( * ) SI_UNIT ( .MILLI., .METRE. ) );
#3707 = FILL_AREA_STYLE_COLOUR ( '', #1223 ) ;
#3708 = ORIENTED_EDGE ( 'NONE', *, *, #4546, .T. ) ;
#3709 = EDGE_CURVE ( 'NONE', #3630, #4725, #678, .T. ) ;
#3710 = EDGE_CURVE ( 'NONE', #4842, #1719, #4861, .T. ) ;
#3711 = EDGE_CURVE ( 'NONE', #3387, #4875, #4081, .T. ) ;
#3712 = VERTEX_POINT ( 'NONE', #4154 ) ;
#3713 = DIRECTION ( 'NONE',  ( -0.0000000000000000000, 3.491483361109382100E-015, -1.000000000000000000 ) ) ;
#3714 = SURFACE_SIDE_STYLE ('',( #3032 ) ) ;
#3715 = DIRECTION ( 'NONE',  ( 6.982966722218764100E-015, -1.000000000000000000, -3.491483361109382100E-015 ) ) ;
#3716 = FACE_OUTER_BOUND ( 'NONE', #5003, .T. ) ;
#3717 =( GEOMETRIC_REPRESENTATION_CONTEXT ( 3 ) GLOBAL_UNCERTAINTY_ASSIGNED_CONTEXT ( ( #3356 ) ) GLOBAL_UNIT_ASSIGNED_CONTEXT ( ( #4679, #4700, #2991 ) ) REPRESENTATION_CONTEXT ( 'NONE', 'WORKASPACE' ) );
#3718 = COLOUR_RGB ( '',0.7529411764705882200, 0.7529411764705882200, 0.7529411764705882200 ) ;
#3719 = EDGE_LOOP ( 'NONE', ( #2223, #324, #2959, #2802 ) ) ;
#3720 = CARTESIAN_POINT ( 'NONE',  ( -1.361678510832659400E-014, 1.950000000000000400, 7.675754292151699500E-015 ) ) ;
#3721 = ADVANCED_FACE ( 'NONE', ( #160 ), #4630, .F. ) ;
#3722 = UNCERTAINTY_MEASURE_WITH_UNIT (LENGTH_MEASURE( 1.000000000000000100E-005 ), #517, 'distance_accuracy_value', 'NONE');
#3723 = CARTESIAN_POINT ( 'NONE',  ( 0.5000000000000283100, -4.049999999999988300, -2.250000000000014200 ) ) ;
#3724 = LINE ( 'NONE', #1258, #4815 ) ;
#3725 = STYLED_ITEM ( 'NONE', ( #122 ), #1649 ) ;
#3726 = VECTOR ( 'NONE', #44, 1000.000000000000000 ) ;
#3727 = PRESENTATION_LAYER_ASSIGNMENT (  '', '', ( #977 ) ) ;
#3728 = CARTESIAN_POINT ( 'NONE',  ( 8.225000000000003200, -0.6099999999999377000, -1.350000000000003000 ) ) ;
#3729 = DIRECTION ( 'NONE',  ( 1.000000000000000000, 6.982966722218764100E-015, 2.438091212180733500E-029 ) ) ;
#3730 = ORIENTED_EDGE ( 'NONE', *, *, #4859, .T. ) ;
#3731 = LINE ( 'NONE', #4100, #4697 ) ;
#3732 = LINE ( 'NONE', #1528, #457 ) ;
#3733 = CARTESIAN_POINT ( 'NONE',  ( 10.60000000000003000, -3.899999999999911100, -4.950000000000017900 ) ) ;
#3734 = FILL_AREA_STYLE ('',( #887 ) ) ;
#3735 = ORIENTED_EDGE ( 'NONE', *, *, #2319, .T. ) ;
#3736 = VECTOR ( 'NONE', #1112, 1000.000000000000000 ) ;
#3737 = LINE ( 'NONE', #5169, #1040 ) ;
#3738 = CARTESIAN_POINT ( 'NONE',  ( 2.600000000000028500, -3.949999999999970000, -3.950000000000014400 ) ) ;
#3739 = VERTEX_POINT ( 'NONE', #100 ) ;
#3740 = VECTOR ( 'NONE', #5299, 1000.000000000000000 ) ;
#3741 = ORIENTED_EDGE ( 'NONE', *, *, #3024, .T. ) ;
#3742 = DIRECTION ( 'NONE',  ( 6.982966722218764100E-015, -1.000000000000000000, -3.491483361109382100E-015 ) ) ;
#3743 = EDGE_LOOP ( 'NONE', ( #4275, #3524, #891, #3199, #4899, #4541, #3451, #1593 ) ) ;
#3744 = DIRECTION ( 'NONE',  ( 6.982966722218764100E-015, -1.000000000000000000, -3.491483361109382100E-015 ) ) ;
#3745 = EDGE_CURVE ( 'NONE', #995, #30, #4991, .T. ) ;
#3746 = EDGE_CURVE ( 'NONE', #2500, #2433, #2816, .T. ) ;
#3747 = EDGE_CURVE ( 'NONE', #1995, #2500, #3819, .T. ) ;
#3748 = CARTESIAN_POINT ( 'NONE',  ( 10.60000000000003200, -4.199999999999914900, -3.950000000000018400 ) ) ;
#3749 = PLANE ( 'NONE',  #3210 ) ;
#3750 = VECTOR ( 'NONE', #706, 1000.000000000000000 ) ;
#3751 = VERTEX_POINT ( 'NONE', #4584 ) ;
#3752 = ORIENTED_EDGE ( 'NONE', *, *, #5320, .T. ) ;
#3753 = ORIENTED_EDGE ( 'NONE', *, *, #2597, .F. ) ;
#3754 = PRESENTATION_LAYER_ASSIGNMENT (  '', '', ( #104 ) ) ;
#3755 = FILL_AREA_STYLE ('',( #3781 ) ) ;
#3756 = ORIENTED_EDGE ( 'NONE', *, *, #1283, .F. ) ;
#3757 = SURFACE_STYLE_USAGE ( .BOTH. , #3363 ) ;
#3758 = VECTOR ( 'NONE', #5124, 1000.000000000000000 ) ;
#3759 = FILL_AREA_STYLE_COLOUR ( '', #884 ) ;
#3760 = AXIS2_PLACEMENT_3D ( 'NONE', #4913, #2391, #5317 ) ;
#3761 =( NAMED_UNIT ( * ) PLANE_ANGLE_UNIT ( ) SI_UNIT ( $, .RADIAN. ) );
#3762 = SURFACE_STYLE_USAGE ( .BOTH. , #3351 ) ;
#3763 = PRESENTATION_STYLE_ASSIGNMENT (( #3006 ) ) ;
#3764 = FACE_OUTER_BOUND ( 'NONE', #3048, .T. ) ;
#3765 =( NAMED_UNIT ( * ) SI_UNIT ( $, .STERADIAN. ) SOLID_ANGLE_UNIT ( ) );
#3766 = MECHANICAL_DESIGN_GEOMETRIC_PRESENTATION_REPRESENTATION (  '', ( #2427 ), #5086 ) ;
#3767 = ORIENTED_EDGE ( 'NONE', *, *, #4150, .F. ) ;
#3768 =( LENGTH_UNIT ( ) NAMED_UNIT ( * ) SI_UNIT ( .MILLI., .METRE. ) );
#3769 = ADVANCED_FACE ( 'NONE', ( #4791 ), #4226, .F. ) ;
#3770 =( GEOMETRIC_REPRESENTATION_CONTEXT ( 3 ) GLOBAL_UNCERTAINTY_ASSIGNED_CONTEXT ( ( #3260 ) ) GLOBAL_UNIT_ASSIGNED_CONTEXT ( ( #4056, #1640, #4876 ) ) REPRESENTATION_CONTEXT ( 'NONE', 'WORKASPACE' ) );
#3771 = CARTESIAN_POINT ( 'NONE',  ( 8.225000000000003200, -0.6099999999999377000, -1.350000000000003000 ) ) ;
#3772 = AXIS2_PLACEMENT_3D ( 'NONE', #4383, #3087, #635 ) ;
#3773 = EDGE_CURVE ( 'NONE', #5022, #5040, #3562, .T. ) ;
#3774 = SURFACE_SIDE_STYLE ('',( #3014 ) ) ;
#3775 = EDGE_CURVE ( 'NONE', #2067, #1900, #1002, .T. ) ;
#3776 = FILL_AREA_STYLE_COLOUR ( '', #5130 ) ;
#3777 = ORIENTED_EDGE ( 'NONE', *, *, #345, .F. ) ;
#3778 = DIRECTION ( 'NONE',  ( -1.000000000000000000, -6.982966722218764100E-015, -2.438091212180733500E-029 ) ) ;
#3779 = FACE_OUTER_BOUND ( 'NONE', #3240, .T. ) ;
#3780 = LINE ( 'NONE', #1143, #2708 ) ;
#3781 = FILL_AREA_STYLE_COLOUR ( '', #3184 ) ;
#3782 = UNCERTAINTY_MEASURE_WITH_UNIT (LENGTH_MEASURE( 1.000000000000000100E-005 ), #3979, 'distance_accuracy_value', 'NONE');
#3783 =( GEOMETRIC_REPRESENTATION_CONTEXT ( 3 ) GLOBAL_UNCERTAINTY_ASSIGNED_CONTEXT ( ( #3722 ) ) GLOBAL_UNIT_ASSIGNED_CONTEXT ( ( #517, #4659, #1770 ) ) REPRESENTATION_CONTEXT ( 'NONE', 'WORKASPACE' ) );
#3784 = ORIENTED_EDGE ( 'NONE', *, *, #1222, .T. ) ;
#3785 = VECTOR ( 'NONE', #2830, 1000.000000000000000 ) ;
#3786 =( NAMED_UNIT ( * ) SI_UNIT ( $, .STERADIAN. ) SOLID_ANGLE_UNIT ( ) );
#3787 = STYLED_ITEM ( 'NONE', ( #2712 ), #1998 ) ;
#3788 = ORIENTED_EDGE ( 'NONE', *, *, #5136, .T. ) ;
#3789 = LINE ( 'NONE', #4942, #1299 ) ;
#3790 = VECTOR ( 'NONE', #697, 1000.000000000000000 ) ;
#3791 = FACE_OUTER_BOUND ( 'NONE', #4594, .T. ) ;
#3792 = DIRECTION ( 'NONE',  ( 0.0000000000000000000, -3.491483361109382100E-015, 1.000000000000000000 ) ) ;
#3793 = SURFACE_SIDE_STYLE ('',( #1525 ) ) ;
#3794 = DIRECTION ( 'NONE',  ( -6.982966722218764100E-015, 1.000000000000000000, 3.491483361109382100E-015 ) ) ;
#3795 = VERTEX_POINT ( 'NONE', #1499 ) ;
#3796 = PRESENTATION_STYLE_ASSIGNMENT (( #854 ) ) ;
#3797 = PRESENTATION_LAYER_ASSIGNMENT (  '', '', ( #672 ) ) ;
#3798 = ORIENTED_EDGE ( 'NONE', *, *, #2441, .T. ) ;
#3799 = LINE ( 'NONE', #2854, #5176 ) ;
#3800 = ORIENTED_EDGE ( 'NONE', *, *, #4123, .F. ) ;
#3801 = AXIS2_PLACEMENT_3D ( 'NONE', #2695, #2265, #688 ) ;
#3802 = CARTESIAN_POINT ( 'NONE',  ( 3.600000000000030300, -4.199999999999960200, -4.950000000000015300 ) ) ;
#3803 = CARTESIAN_POINT ( 'NONE',  ( 6.600000000000029800, -4.199999999999938900, -4.950000000000017100 ) ) ;
#3804 = EDGE_LOOP ( 'NONE', ( #4092, #414, #3741, #5043, #2768, #1790 ) ) ;
#3805 = EDGE_CURVE ( 'NONE', #2862, #4018, #2230, .T. ) ;
#3806 = CARTESIAN_POINT ( 'NONE',  ( 0.5000000000000283100, -4.049999999999988300, -2.250000000000014200 ) ) ;
#3807 = FILL_AREA_STYLE ('',( #1838 ) ) ;
#3808 = CARTESIAN_POINT ( 'NONE',  ( 7.600000000000029800, -4.199999999999931800, -4.950000000000017100 ) ) ;
#3809 = SURFACE_STYLE_USAGE ( .BOTH. , #3420 ) ;
#3810 = VERTEX_POINT ( 'NONE', #2739 ) ;
#3811 = ORIENTED_EDGE ( 'NONE', *, *, #4486, .T. ) ;
#3812 = EDGE_CURVE ( 'NONE', #3751, #147, #2051, .T. ) ;
#3813 = FILL_AREA_STYLE_COLOUR ( '', #1827 ) ;
#3814 = ORIENTED_EDGE ( 'NONE', *, *, #4153, .F. ) ;
#3815 = ORIENTED_EDGE ( 'NONE', *, *, #1935, .F. ) ;
#3816 = VECTOR ( 'NONE', #5313, 1000.000000000000000 ) ;
#3817 = FACE_OUTER_BOUND ( 'NONE', #4139, .T. ) ;
#3818 = CARTESIAN_POINT ( 'NONE',  ( 3.600000000000030300, -4.199999999999962900, -3.950000000000015300 ) ) ;
#3819 = LINE ( 'NONE', #1803, #2995 ) ;
#3820 = CARTESIAN_POINT ( 'NONE',  ( 11.99999999999998900, 1.300000000000092600, -2.450000000000001500 ) ) ;
#3821 =( GEOMETRIC_REPRESENTATION_CONTEXT ( 3 ) GLOBAL_UNCERTAINTY_ASSIGNED_CONTEXT ( ( #3230 ) ) GLOBAL_UNIT_ASSIGNED_CONTEXT ( ( #1775, #4211, #919 ) ) REPRESENTATION_CONTEXT ( 'NONE', 'WORKASPACE' ) );
#3822 = CARTESIAN_POINT ( 'NONE',  ( 2.400000000000027900, -3.899999999999970200, -4.400000000000014600 ) ) ;
#3823 = FACE_OUTER_BOUND ( 'NONE', #2413, .T. ) ;
#3824 = FACE_OUTER_BOUND ( 'NONE', #3074, .T. ) ;
#3825 = PLANE ( 'NONE',  #2999 ) ;
#3826 =( LENGTH_UNIT ( ) NAMED_UNIT ( * ) SI_UNIT ( .MILLI., .METRE. ) );
#3827 = PRESENTATION_LAYER_ASSIGNMENT (  '', '', ( #1894 ) ) ;
#3828 = VECTOR ( 'NONE', #2416, 1000.000000000000000 ) ;
#3829 = ORIENTED_EDGE ( 'NONE', *, *, #1562, .T. ) ;
#3830 = PLANE ( 'NONE',  #279 ) ;
#3831 = LINE ( 'NONE', #3084, #2630 ) ;
#3832 = DIRECTION ( 'NONE',  ( 0.0000000000000000000, 3.491483361109382100E-015, -1.000000000000000000 ) ) ;
#3833 = CARTESIAN_POINT ( 'NONE',  ( 7.400000000000027000, -3.899999999999935100, -4.400000000000014600 ) ) ;
#3834 = FILL_AREA_STYLE ('',( #1833 ) ) ;
#3835 = VECTOR ( 'NONE', #5028, 1000.000000000000000 ) ;
#3836 = VERTEX_POINT ( 'NONE', #5202 ) ;
#3837 = EDGE_LOOP ( 'NONE', ( #4259, #1312, #960, #1877, #1924, #5343 ) ) ;
#3838 = EDGE_CURVE ( 'NONE', #375, #3712, #3178, .T. ) ;
#3839 =( LENGTH_UNIT ( ) NAMED_UNIT ( * ) SI_UNIT ( .MILLI., .METRE. ) );
#3840 = EDGE_CURVE ( 'NONE', #4276, #84, #1398, .T. ) ;
#3841 = EDGE_CURVE ( 'NONE', #3394, #1930, #1726, .T. ) ;
#3842 = PRESENTATION_STYLE_ASSIGNMENT (( #4909 ) ) ;
#3843 = VECTOR ( 'NONE', #2274, 1000.000000000000000 ) ;
#3844 = LINE ( 'NONE', #630, #4110 ) ;
#3845 = VERTEX_POINT ( 'NONE', #2236 ) ;
#3846 = FILL_AREA_STYLE ('',( #3859 ) ) ;
#3847 = STYLED_ITEM ( 'NONE', ( #2003 ), #2833 ) ;
#3848 = ORIENTED_EDGE ( 'NONE', *, *, #4255, .T. ) ;
#3849 = FACE_OUTER_BOUND ( 'NONE', #3804, .T. ) ;
#3850 = SURFACE_STYLE_FILL_AREA ( #1096 ) ;
#3851 = VERTEX_POINT ( 'NONE', #5146 ) ;
#3852 = VECTOR ( 'NONE', #3406, 1000.000000000000000 ) ;
#3853 = DIRECTION ( 'NONE',  ( 6.982966722218764100E-015, -1.000000000000000000, -3.491483361109382100E-015 ) ) ;
#3854 = LINE ( 'NONE', #4052, #2863 ) ;
#3855 = DIRECTION ( 'NONE',  ( -1.000000000000000000, -6.982966722218764100E-015, -2.438091212180733500E-029 ) ) ;
#3856 = PRESENTATION_LAYER_ASSIGNMENT (  '', '', ( #2069 ) ) ;
#3857 = ORIENTED_EDGE ( 'NONE', *, *, #5094, .F. ) ;
#3858 = DIRECTION ( 'NONE',  ( -0.0000000000000000000, 3.491483361109382100E-015, -1.000000000000000000 ) ) ;
#3859 = FILL_AREA_STYLE_COLOUR ( '', #1098 ) ;
#3860 = EDGE_LOOP ( 'NONE', ( #4078, #786, #3951, #3103 ) ) ;
#3861 = DIRECTION ( 'NONE',  ( 0.0000000000000000000, -3.491483361109382100E-015, 1.000000000000000000 ) ) ;
#3862 = PLANE ( 'NONE',  #5255 ) ;
#3863 =( NAMED_UNIT ( * ) SI_UNIT ( $, .STERADIAN. ) SOLID_ANGLE_UNIT ( ) );
#3864 = EDGE_CURVE ( 'NONE', #1349, #5310, #359, .T. ) ;
#3865 = EDGE_CURVE ( 'NONE', #2465, #2314, #2448, .T. ) ;
#3866 = PLANE ( 'NONE',  #2497 ) ;
#3867 = EDGE_CURVE ( 'NONE', #4384, #1288, #3844, .T. ) ;
#3868 = VECTOR ( 'NONE', #2764, 1000.000000000000000 ) ;
#3869 = ORIENTED_EDGE ( 'NONE', *, *, #3682, .T. ) ;
#3870 = VERTEX_POINT ( 'NONE', #3117 ) ;
#3871 = UNCERTAINTY_MEASURE_WITH_UNIT (LENGTH_MEASURE( 1.000000000000000100E-005 ), #2650, 'distance_accuracy_value', 'NONE');
#3872 = LINE ( 'NONE', #1855, #284 ) ;
#3873 = VECTOR ( 'NONE', #4739, 1000.000000000000000 ) ;
#3874 = EDGE_LOOP ( 'NONE', ( #4916, #1376, #4291, #2973, #1910, #2741 ) ) ;
#3875 = PRESENTATION_STYLE_ASSIGNMENT (( #1132 ) ) ;
#3876 = AXIS2_PLACEMENT_3D ( 'NONE', #3538, #3922, #4766 ) ;
#3877 = DIRECTION ( 'NONE',  ( 1.000000000000000000, 6.982966722218764100E-015, 2.438091212180733500E-029 ) ) ;
#3878 = LINE ( 'NONE', #2892, #2942 ) ;
#3879 = CARTESIAN_POINT ( 'NONE',  ( 2.825000000000000600, -0.04999999999997368400, -1.800000000000000000 ) ) ;
#3880 = FACE_OUTER_BOUND ( 'NONE', #3438, .T. ) ;
#3881 = PRESENTATION_LAYER_ASSIGNMENT (  '', '', ( #2334 ) ) ;
#3882 = CARTESIAN_POINT ( 'NONE',  ( 3.600000000000028100, -3.899999999999959900, -4.950000000000014400 ) ) ;
#3883 = LINE ( 'NONE', #1923, #2118 ) ;
#3884 = DIRECTION ( 'NONE',  ( -8.462065736472233800E-016, 3.491483361109376100E-015, -1.000000000000000000 ) ) ;
#3885 = ORIENTED_EDGE ( 'NONE', *, *, #2115, .F. ) ;
#3886 = FILL_AREA_STYLE_COLOUR ( '', #2101 ) ;
#3887 = CARTESIAN_POINT ( 'NONE',  ( 7.600000000000029800, -4.199999999999931800, -4.950000000000017100 ) ) ;
#3888 = ORIENTED_EDGE ( 'NONE', *, *, #1707, .T. ) ;
#3889 = LINE ( 'NONE', #3818, #1414 ) ;
#3890 = FILL_AREA_STYLE ('',( #2251 ) ) ;
#3891 = ORIENTED_EDGE ( 'NONE', *, *, #1865, .T. ) ;
#3892 = AXIS2_PLACEMENT_3D ( 'NONE', #1189, #2842, #759 ) ;
#3893 = CARTESIAN_POINT ( 'NONE',  ( 0.5000000000000149900, -2.149999999999996400, -7.739364433611411100E-015 ) ) ;
#3894 = EDGE_LOOP ( 'NONE', ( #2288, #1954, #1304, #263 ) ) ;
#3895 = CARTESIAN_POINT ( 'NONE',  ( 11.99999999999998800, 1.300000000000097300, -3.750000000000001800 ) ) ;
#3896 = VECTOR ( 'NONE', #1453, 1000.000000000000000 ) ;
#3897 = DIRECTION ( 'NONE',  ( 0.0000000000000000000, -3.491483361109382100E-015, 1.000000000000000000 ) ) ;
#3898 = FACE_OUTER_BOUND ( 'NONE', #311, .T. ) ;
#3899 = DIRECTION ( 'NONE',  ( -6.982966722218764100E-015, 1.000000000000000000, 3.491483361109382100E-015 ) ) ;
#3900 = ORIENTED_EDGE ( 'NONE', *, *, #2241, .F. ) ;
#3901 = UNCERTAINTY_MEASURE_WITH_UNIT (LENGTH_MEASURE( 1.000000000000000100E-005 ), #3706, 'distance_accuracy_value', 'NONE');
#3902 = VERTEX_POINT ( 'NONE', #3879 ) ;
#3903 = CARTESIAN_POINT ( 'NONE',  ( 10.40000000000002900, -4.049999999999914600, -4.400000000000014600 ) ) ;
#3904 =( GEOMETRIC_REPRESENTATION_CONTEXT ( 3 ) GLOBAL_UNCERTAINTY_ASSIGNED_CONTEXT ( ( #1676 ) ) GLOBAL_UNIT_ASSIGNED_CONTEXT ( ( #2771, #4827, #2721 ) ) REPRESENTATION_CONTEXT ( 'NONE', 'WORKASPACE' ) );
#3905 = CARTESIAN_POINT ( 'NONE',  ( 9.174999999999984700, 1.950000000000065700, -0.3499999999999923700 ) ) ;
#3906 = CARTESIAN_POINT ( 'NONE',  ( 9.600000000000031600, -4.199999999999922000, -3.950000000000017900 ) ) ;
#3907 = EDGE_CURVE ( 'NONE', #208, #2985, #2081, .T. ) ;
#3908 = EDGE_CURVE ( 'NONE', #551, #5310, #2776, .T. ) ;
#3909 = STYLED_ITEM ( 'NONE', ( #4966 ), #4523 ) ;
#3910 = ORIENTED_EDGE ( 'NONE', *, *, #1934, .F. ) ;
#3911 = VECTOR ( 'NONE', #1502, 1000.000000000000000 ) ;
#3912 = ORIENTED_EDGE ( 'NONE', *, *, #201, .F. ) ;
#3913 = DIRECTION ( 'NONE',  ( 0.0000000000000000000, 3.491483361109382100E-015, -1.000000000000000000 ) ) ;
#3914 = VECTOR ( 'NONE', #3318, 1000.000000000000000 ) ;
#3915 = STYLED_ITEM ( 'NONE', ( #3338 ), #4003 ) ;
#3916 = PLANE ( 'NONE',  #3133 ) ;
#3917 = ORIENTED_EDGE ( 'NONE', *, *, #3865, .T. ) ;
#3918 = LINE ( 'NONE', #2109, #2789 ) ;
#3919 = ORIENTED_EDGE ( 'NONE', *, *, #1774, .F. ) ;
#3920 = EDGE_LOOP ( 'NONE', ( #5248, #3009, #78, #4738, #805, #3456, #2168, #4474, #2038, #5319, #2969, #2758, #2522, #4782, #3204, #287, #1264, #2865, #3917, #1247, #4061, #4430, #4230, #3693, #3471, #4526, #3784, #4943, #4983, #5016, #731, #2041, #3386, #1369, #4504, #3625, #1452, #1354, #4771, #3891, #2164, #1658, #4888, #3491, #4595, #4117, #1436, #3752 ) ) ;
#3921 =( NAMED_UNIT ( * ) PLANE_ANGLE_UNIT ( ) SI_UNIT ( $, .RADIAN. ) );
#3922 = DIRECTION ( 'NONE',  ( 0.0000000000000000000, -3.491483361109382100E-015, 1.000000000000000000 ) ) ;
#3923 = CARTESIAN_POINT ( 'NONE',  ( 11.50000000000002800, -4.199999999999914900, -2.210000000000014600 ) ) ;
#3924 = ORIENTED_EDGE ( 'NONE', *, *, #2013, .F. ) ;
#3925 = LINE ( 'NONE', #1228, #4471 ) ;
#3926 = CARTESIAN_POINT ( 'NONE',  ( 0.7500000000000205400, -2.599999999999992500, -0.6000000000000113000 ) ) ;
#3927 = DIRECTION ( 'NONE',  ( 1.000000000000000000, 6.982966722218764100E-015, 2.438091212180733500E-029 ) ) ;
#3928 = ORIENTED_EDGE ( 'NONE', *, *, #4683, .F. ) ;
#3929 = DIRECTION ( 'NONE',  ( -1.000000000000000000, -6.982966722218764100E-015, 4.130293990418531900E-017 ) ) ;
#3930 = VECTOR ( 'NONE', #1906, 1000.000000000000000 ) ;
#3931 = FILL_AREA_STYLE ('',( #1077 ) ) ;
#3932 = DIRECTION ( 'NONE',  ( -0.0000000000000000000, 3.491483361109382100E-015, -1.000000000000000000 ) ) ;
#3933 = VERTEX_POINT ( 'NONE', #988 ) ;
#3934 = ORIENTED_EDGE ( 'NONE', *, *, #2532, .T. ) ;
#3935 = EDGE_CURVE ( 'NONE', #1832, #1756, #3969, .T. ) ;
#3936 = PRESENTATION_STYLE_ASSIGNMENT (( #4841 ) ) ;
#3937 = EDGE_CURVE ( 'NONE', #4622, #2231, #3462, .T. ) ;
#3938 = UNCERTAINTY_MEASURE_WITH_UNIT (LENGTH_MEASURE( 1.000000000000000100E-005 ), #1859, 'distance_accuracy_value', 'NONE');
#3939 = FACE_OUTER_BOUND ( 'NONE', #3096, .T. ) ;
#3940 = CARTESIAN_POINT ( 'NONE',  ( 10.82500000000001400, -1.706804152578008700, -1.950000000000006400 ) ) ;
#3941 = CARTESIAN_POINT ( 'NONE',  ( 4.400000000000028800, -4.049999999999958100, -3.950000000000015300 ) ) ;
#3942 = VECTOR ( 'NONE', #1186, 1000.000000000000000 ) ;
#3943 = VECTOR ( 'NONE', #1655, 1000.000000000000000 ) ;
#3944 = FACE_OUTER_BOUND ( 'NONE', #1326, .T. ) ;
#3945 = PLANE ( 'NONE',  #1164 ) ;
#3946 = VECTOR ( 'NONE', #2798, 1000.000000000000000 ) ;
#3947 = DIRECTION ( 'NONE',  ( -1.000000000000000000, -6.982966722218764100E-015, -2.438091212180733500E-029 ) ) ;
#3948 =( GEOMETRIC_REPRESENTATION_CONTEXT ( 3 ) GLOBAL_UNCERTAINTY_ASSIGNED_CONTEXT ( ( #4682 ) ) GLOBAL_UNIT_ASSIGNED_CONTEXT ( ( #2488, #3309, #14 ) ) REPRESENTATION_CONTEXT ( 'NONE', 'WORKASPACE' ) );
#3949 = CARTESIAN_POINT ( 'NONE',  ( 0.3000000000000154800, -2.149999999999997700, -0.01000000000000201200 ) ) ;
#3950 = FACE_OUTER_BOUND ( 'NONE', #2082, .T. ) ;
#3951 = ORIENTED_EDGE ( 'NONE', *, *, #4126, .T. ) ;
#3952 = LINE ( 'NONE', #4299, #2901 ) ;
#3953 = FILL_AREA_STYLE ('',( #2342 ) ) ;
#3954 =( LENGTH_UNIT ( ) NAMED_UNIT ( * ) SI_UNIT ( .MILLI., .METRE. ) );
#3955 = DIRECTION ( 'NONE',  ( -6.982966722218764100E-015, 1.000000000000000000, 3.491483361109382100E-015 ) ) ;
#3956 =( GEOMETRIC_REPRESENTATION_CONTEXT ( 3 ) GLOBAL_UNCERTAINTY_ASSIGNED_CONTEXT ( ( #3390 ) ) GLOBAL_UNIT_ASSIGNED_CONTEXT ( ( #724, #4036, #2018 ) ) REPRESENTATION_CONTEXT ( 'NONE', 'WORKASPACE' ) );
#3957 = DIRECTION ( 'NONE',  ( -0.0000000000000000000, 3.491483361109382100E-015, -1.000000000000000000 ) ) ;
#3958 = PRESENTATION_STYLE_ASSIGNMENT (( #541 ) ) ;
#3959 = ORIENTED_EDGE ( 'NONE', *, *, #1739, .F. ) ;
#3960 = ORIENTED_EDGE ( 'NONE', *, *, #4486, .F. ) ;
#3961 = VECTOR ( 'NONE', #4744, 1000.000000000000000 ) ;
#3962 = SURFACE_SIDE_STYLE ('',( #2374 ) ) ;
#3963 = FACE_OUTER_BOUND ( 'NONE', #3743, .T. ) ;
#3964 = CARTESIAN_POINT ( 'NONE',  ( 11.70000000000001200, -1.799999999999910600, -2.050000000000006500 ) ) ;
#3965 = EDGE_CURVE ( 'NONE', #534, #3902, #1297, .T. ) ;
#3966 = UNCERTAINTY_MEASURE_WITH_UNIT (LENGTH_MEASURE( 1.000000000000000100E-005 ), #3954, 'distance_accuracy_value', 'NONE');
#3967 = EDGE_CURVE ( 'NONE', #5022, #1083, #5087, .T. ) ;
#3968 = EDGE_CURVE ( 'NONE', #5023, #2589, #4239, .T. ) ;
#3969 = LINE ( 'NONE', #4262, #1941 ) ;
#3970 = DIRECTION ( 'NONE',  ( -1.000000000000000000, -6.982966722218764100E-015, -2.438091212180733500E-029 ) ) ;
#3971 = ORIENTED_EDGE ( 'NONE', *, *, #4010, .T. ) ;
#3972 = PRESENTATION_STYLE_ASSIGNMENT (( #4409 ) ) ;
#3973 = ORIENTED_EDGE ( 'NONE', *, *, #1595, .F. ) ;
#3974 = VECTOR ( 'NONE', #1476, 1000.000000000000000 ) ;
#3975 = LINE ( 'NONE', #3486, #1703 ) ;
#3976 = CARTESIAN_POINT ( 'NONE',  ( 8.225000000000012100, -1.799999999999937600, -1.350000000000006800 ) ) ;
#3977 = CARTESIAN_POINT ( 'NONE',  ( 3.600000000000028100, -3.899999999999959900, -4.950000000000014400 ) ) ;
#3978 = PRESENTATION_LAYER_ASSIGNMENT (  '', '', ( #690 ) ) ;
#3979 =( LENGTH_UNIT ( ) NAMED_UNIT ( * ) SI_UNIT ( .MILLI., .METRE. ) );
#3980 = ORIENTED_EDGE ( 'NONE', *, *, #2243, .T. ) ;
#3981 = LINE ( 'NONE', #2132, #3609 ) ;
#3982 = CARTESIAN_POINT ( 'NONE',  ( 4.400000000000027000, -3.899999999999954200, -4.950000000000015300 ) ) ;
#3983 = AXIS2_PLACEMENT_3D ( 'NONE', #3292, #1663, #2502 ) ;
#3984 = FILL_AREA_STYLE_COLOUR ( '', #3376 ) ;
#3985 = CARTESIAN_POINT ( 'NONE',  ( 3.400000000000027900, -3.899999999999961300, -4.950000000000014400 ) ) ;
#3986 = MECHANICAL_DESIGN_GEOMETRIC_PRESENTATION_REPRESENTATION (  '', ( #1366 ), #1075 ) ;
#3987 = SURFACE_STYLE_USAGE ( .BOTH. , #5262 ) ;
#3988 = CARTESIAN_POINT ( 'NONE',  ( 0.6999999999999855200, 1.950000000000007300, -0.5999999999999942000 ) ) ;
#3989 = EDGE_LOOP ( 'NONE', ( #4186, #202, #79, #3375, #2290, #2711, #1345, #4852 ) ) ;
#3990 = ORIENTED_EDGE ( 'NONE', *, *, #721, .F. ) ;
#3991 = MECHANICAL_DESIGN_GEOMETRIC_PRESENTATION_REPRESENTATION (  '', ( #1894 ), #1821 ) ;
#3992 = SURFACE_STYLE_USAGE ( .BOTH. , #4798 ) ;
#3993 = VECTOR ( 'NONE', #4307, 1000.000000000000000 ) ;
#3994 =( LENGTH_UNIT ( ) NAMED_UNIT ( * ) SI_UNIT ( .MILLI., .METRE. ) );
#3995 = ORIENTED_EDGE ( 'NONE', *, *, #4005, .T. ) ;
#3996 = ORIENTED_EDGE ( 'NONE', *, *, #3907, .T. ) ;
#3997 =( NAMED_UNIT ( * ) SI_UNIT ( $, .STERADIAN. ) SOLID_ANGLE_UNIT ( ) );
#3998 = DIRECTION ( 'NONE',  ( -8.462065736472242700E-016, 3.610481160528517100E-015, -1.000000000000000000 ) ) ;
#3999 = LINE ( 'NONE', #2197, #2814 ) ;
#4000 = ORIENTED_EDGE ( 'NONE', *, *, #4850, .T. ) ;
#4001 = CARTESIAN_POINT ( 'NONE',  ( 0.3000000000000124800, -1.799999999999990300, -2.050000000000005600 ) ) ;
#4002 = CARTESIAN_POINT ( 'NONE',  ( 2.600000000000030300, -4.199999999999966400, -4.950000000000015300 ) ) ;
#4003 = ADVANCED_FACE ( 'NONE', ( #4441 ), #631, .F. ) ;
#4004 = CARTESIAN_POINT ( 'NONE',  ( 8.600000000000031600, -4.199999999999928200, -3.950000000000017900 ) ) ;
#4005 = EDGE_CURVE ( 'NONE', #30, #953, #454, .T. ) ;
#4006 = CARTESIAN_POINT ( 'NONE',  ( 5.400000000000027900, -3.949999999999952700, -3.450000000000012200 ) ) ;
#4007 = CARTESIAN_POINT ( 'NONE',  ( 3.600000000000028500, -3.949999999999964700, -3.450000000000010800 ) ) ;
#4008 = EDGE_CURVE ( 'NONE', #2062, #2462, #709, .T. ) ;
#4009 = EDGE_CURVE ( 'NONE', #2615, #4924, #62, .T. ) ;
#4010 = EDGE_CURVE ( 'NONE', #2320, #953, #189, .T. ) ;
#4011 = SURFACE_STYLE_FILL_AREA ( #4566 ) ;
#4012 = DIRECTION ( 'NONE',  ( -1.000000000000000000, -6.982966722218764100E-015, -2.438091212180733500E-029 ) ) ;
#4013 =( NAMED_UNIT ( * ) PLANE_ANGLE_UNIT ( ) SI_UNIT ( $, .RADIAN. ) );
#4014 = FILL_AREA_STYLE_COLOUR ( '', #642 ) ;
#4015 = ADVANCED_FACE ( 'NONE', ( #253 ), #648, .F. ) ;
#4016 = CARTESIAN_POINT ( 'NONE',  ( 0.5000000000000283100, -4.049999999999996300, -0.01000000000000852800 ) ) ;
#4017 = VECTOR ( 'NONE', #4147, 1000.000000000000000 ) ;
#4018 = VERTEX_POINT ( 'NONE', #3049 ) ;
#4019 = AXIS2_PLACEMENT_3D ( 'NONE', #3514, #2295, #1047 ) ;
#4020 = CARTESIAN_POINT ( 'NONE',  ( 9.175000000000027400, -4.049999999999936800, -0.3500000000000133600 ) ) ;
#4021 = PLANE ( 'NONE',  #1202 ) ;
#4022 = CARTESIAN_POINT ( 'NONE',  ( 2.825000000000028600, -4.049999999999975800, -1.800000000000013800 ) ) ;
#4023 = ORIENTED_EDGE ( 'NONE', *, *, #4366, .F. ) ;
#4024 = SURFACE_SIDE_STYLE ('',( #4870 ) ) ;
#4025 = ORIENTED_EDGE ( 'NONE', *, *, #2317, .T. ) ;
#4026 = CARTESIAN_POINT ( 'NONE',  ( 2.824999999999987700, 1.950000000000021300, -0.3499999999999916000 ) ) ;
#4027 = AXIS2_PLACEMENT_3D ( 'NONE', #3315, #867, #4976 ) ;
#4028 = FILL_AREA_STYLE_COLOUR ( '', #776 ) ;
#4029 = ORIENTED_EDGE ( 'NONE', *, *, #4008, .T. ) ;
#4030 = DIRECTION ( 'NONE',  ( -6.982966722218764100E-015, 1.000000000000000000, 3.491483361109382100E-015 ) ) ;
#4031 = ORIENTED_EDGE ( 'NONE', *, *, #3301, .F. ) ;
#4032 = CARTESIAN_POINT ( 'NONE',  ( 11.50000000000002700, -4.049999999999911000, -2.250000000000019100 ) ) ;
#4033 = VECTOR ( 'NONE', #571, 1000.000000000000000 ) ;
#4034 = ORIENTED_EDGE ( 'NONE', *, *, #1966, .T. ) ;
#4035 = CARTESIAN_POINT ( 'NONE',  ( 11.70000000000002200, -3.449999999999915800, -0.6500000000000171200 ) ) ;
#4036 =( NAMED_UNIT ( * ) PLANE_ANGLE_UNIT ( ) SI_UNIT ( $, .RADIAN. ) );
#4037 = ADVANCED_FACE ( 'NONE', ( #3530 ), #5168, .F. ) ;
#4038 = DIRECTION ( 'NONE',  ( -6.982966722218764100E-015, 1.000000000000000000, 3.491483361109382100E-015 ) ) ;
#4039 = COLOUR_RGB ( '',0.7529411764705882200, 0.7529411764705882200, 0.7529411764705882200 ) ;
#4040 = ORIENTED_EDGE ( 'NONE', *, *, #4357, .T. ) ;
#4041 = LINE ( 'NONE', #472, #612 ) ;
#4042 = UNCERTAINTY_MEASURE_WITH_UNIT (LENGTH_MEASURE( 1.000000000000000100E-005 ), #492, 'distance_accuracy_value', 'NONE');
#4043 = CARTESIAN_POINT ( 'NONE',  ( 3.775000000000003900, -0.6099999999999687900, -1.350000000000001000 ) ) ;
#4044 = DIRECTION ( 'NONE',  ( -6.982966722218764100E-015, 1.000000000000000000, 3.369022725727144300E-015 ) ) ;
#4045 = ORIENTED_EDGE ( 'NONE', *, *, #1674, .T. ) ;
#4046 = VECTOR ( 'NONE', #4704, 1000.000000000000000 ) ;
#4047 = SURFACE_STYLE_USAGE ( .BOTH. , #2027 ) ;
#4048 = DIRECTION ( 'NONE',  ( -6.982966722218764100E-015, 1.000000000000000000, 3.491483361109382100E-015 ) ) ;
#4050 = SURFACE_STYLE_FILL_AREA ( #1011 ) ;
#4049 = PRODUCT_DEFINITION ( 'UNKNOWN', '', #4923, #4207 ) ;
#4051 = ADVANCED_FACE ( 'NONE', ( #703 ), #3123, .F. ) ;
#4052 = CARTESIAN_POINT ( 'NONE',  ( 4.400000000000029700, -4.199999999999958400, -3.950000000000016200 ) ) ;
#4053 = PRESENTATION_LAYER_ASSIGNMENT (  '', '', ( #2963 ) ) ;
#4054 = EDGE_CURVE ( 'NONE', #3339, #3037, #4951, .T. ) ;
#4055 = EDGE_CURVE ( 'NONE', #1293, #3795, #3591, .T. ) ;
#4056 =( LENGTH_UNIT ( ) NAMED_UNIT ( * ) SI_UNIT ( .MILLI., .METRE. ) );
#4057 = EDGE_LOOP ( 'NONE', ( #577, #979, #2091, #1336, #4351 ) ) ;
#4058 = VECTOR ( 'NONE', #3000, 1000.000000000000000 ) ;
#4059 = COLOUR_RGB ( '',0.7529411764705882200, 0.7529411764705882200, 0.7529411764705882200 ) ;
#4060 = DIRECTION ( 'NONE',  ( 1.000000000000000000, 6.982966722218764100E-015, -5.769590274865039100E-017 ) ) ;
#4061 = ORIENTED_EDGE ( 'NONE', *, *, #5136, .F. ) ;
#4062 = STYLED_ITEM ( 'NONE', ( #442 ), #2958 ) ;
#4063 = SURFACE_SIDE_STYLE ('',( #3509 ) ) ;
#4064 = ORIENTED_EDGE ( 'NONE', *, *, #1282, .F. ) ;
#4065 = SURFACE_STYLE_USAGE ( .BOTH. , #2388 ) ;
#4066 = CARTESIAN_POINT ( 'NONE',  ( 11.25000000000001600, -2.599999999999908200, -3.650000000000009700 ) ) ;
#4067 = ORIENTED_EDGE ( 'NONE', *, *, #5278, .F. ) ;
#4068 = DIRECTION ( 'NONE',  ( 1.000000000000000000, 6.982966722218767300E-015, -8.462065736471991200E-016 ) ) ;
#4069 =( NAMED_UNIT ( * ) SI_UNIT ( $, .STERADIAN. ) SOLID_ANGLE_UNIT ( ) );
#4070 = CARTESIAN_POINT ( 'NONE',  ( 0.3000000000000154200, -2.149999999999995500, -0.6500000000000076800 ) ) ;
#4071 =( NAMED_UNIT ( * ) PLANE_ANGLE_UNIT ( ) SI_UNIT ( $, .RADIAN. ) );
#4072 = ADVANCED_FACE ( 'NONE', ( #2845 ), #4778, .F. ) ;
#4073 = LINE ( 'NONE', #1037, #3993 ) ;
#4074 = ORIENTED_EDGE ( 'NONE', *, *, #2657, .T. ) ;
#4075 =( LENGTH_UNIT ( ) NAMED_UNIT ( * ) SI_UNIT ( .MILLI., .METRE. ) );
#4076 = EDGE_LOOP ( 'NONE', ( #1814, #634, #2449, #727 ) ) ;
#4077 = STYLED_ITEM ( 'NONE', ( #2116 ), #903 ) ;
#4078 = ORIENTED_EDGE ( 'NONE', *, *, #3126, .F. ) ;
#4079 =( NAMED_UNIT ( * ) PLANE_ANGLE_UNIT ( ) SI_UNIT ( $, .RADIAN. ) );
#4080 = VECTOR ( 'NONE', #2026, 1000.000000000000000 ) ;
#4081 = LINE ( 'NONE', #3331, #1273 ) ;
#4082 = EDGE_CURVE ( 'NONE', #3685, #2277, #2477, .T. ) ;
#4083 = SURFACE_SIDE_STYLE ('',( #255 ) ) ;
#4084 = DIRECTION ( 'NONE',  ( 1.000000000000000000, 6.982966722218764100E-015, 2.438091212180733500E-029 ) ) ;
#4085 = CARTESIAN_POINT ( 'NONE',  ( 9.175000000000027400, -4.049999999999936800, -0.3500000000000133600 ) ) ;
#4086 = LINE ( 'NONE', #3138, #2824 ) ;
#4087 = CARTESIAN_POINT ( 'NONE',  ( 11.25000000000000000, -0.3999999999999076000, -4.000000000000001800 ) ) ;
#4088 = LINE ( 'NONE', #2105, #686 ) ;
#4089 = ORIENTED_EDGE ( 'NONE', *, *, #3090, .F. ) ;
#4090 = EDGE_CURVE ( 'NONE', #5097, #551, #1360, .T. ) ;
#4091 = PRESENTATION_STYLE_ASSIGNMENT (( #2020 ) ) ;
#4092 = ORIENTED_EDGE ( 'NONE', *, *, #2184, .F. ) ;
#4093 = DIRECTION ( 'NONE',  ( -1.000000000000000000, -6.982966722218764100E-015, -2.438091212180733500E-029 ) ) ;
#4094 = DIRECTION ( 'NONE',  ( -0.0000000000000000000, 3.491483361109382100E-015, -1.000000000000000000 ) ) ;
#4095 = VECTOR ( 'NONE', #4727, 1000.000000000000000 ) ;
#4096 = ADVANCED_FACE ( 'NONE', ( #1936 ), #2313, .F. ) ;
#4097 = CARTESIAN_POINT ( 'NONE',  ( 3.775000000000003900, -0.6099999999999672400, -1.800000000000002000 ) ) ;
#4098 = ORIENTED_EDGE ( 'NONE', *, *, #921, .F. ) ;
#4099 = AXIS2_PLACEMENT_3D ( 'NONE', #1217, #5298, #1656 ) ;
#4100 = CARTESIAN_POINT ( 'NONE',  ( 10.40000000000003100, -4.199999999999915800, -3.950000000000018400 ) ) ;
#4101 = CARTESIAN_POINT ( 'NONE',  ( 10.60000000000003200, -4.199999999999911400, -4.950000000000018800 ) ) ;
#4102 = VERTEX_POINT ( 'NONE', #3551 ) ;
#4103 = ORIENTED_EDGE ( 'NONE', *, *, #721, .T. ) ;
#4104 =( LENGTH_UNIT ( ) NAMED_UNIT ( * ) SI_UNIT ( .MILLI., .METRE. ) );
#4105 = CARTESIAN_POINT ( 'NONE',  ( 9.174999999999998900, -0.04999999999992934400, -1.800000000000000700 ) ) ;
#4106 = AXIS2_PLACEMENT_3D ( 'NONE', #4772, #1515, #296 ) ;
#4107 = LINE ( 'NONE', #827, #4689 ) ;
#4108 = CARTESIAN_POINT ( 'NONE',  ( 5.400000000000027000, -3.899999999999947500, -4.950000000000015300 ) ) ;
#4109 = FACE_OUTER_BOUND ( 'NONE', #3365, .T. ) ;
#4110 = VECTOR ( 'NONE', #1899, 1000.000000000000000 ) ;
#4111 = EDGE_LOOP ( 'NONE', ( #4637, #3322, #1231, #1615 ) ) ;
#4112 = LINE ( 'NONE', #3180, #3341 ) ;
#4113 = FILL_AREA_STYLE ('',( #1662 ) ) ;
#4114 = SURFACE_SIDE_STYLE ('',( #4753 ) ) ;
#4115 = PRODUCT ( 'BM10B-NSHSS', 'BM10B-NSHSS', '', ( #343 ) ) ;
#4116 = UNCERTAINTY_MEASURE_WITH_UNIT (LENGTH_MEASURE( 1.000000000000000100E-005 ), #893, 'distance_accuracy_value', 'NONE');
#4117 = ORIENTED_EDGE ( 'NONE', *, *, #1031, .F. ) ;
#4118 = FACE_OUTER_BOUND ( 'NONE', #1741, .T. ) ;
#4119 = CARTESIAN_POINT ( 'NONE',  ( 8.400000000000030600, -4.199999999999926500, -4.950000000000017900 ) ) ;
#4120 = DIRECTION ( 'NONE',  ( -6.982966722218764100E-015, 1.000000000000000000, 3.491483361109382100E-015 ) ) ;
#4121 = EDGE_LOOP ( 'NONE', ( #1529, #1708, #1429, #553 ) ) ;
#4122 =( NAMED_UNIT ( * ) PLANE_ANGLE_UNIT ( ) SI_UNIT ( $, .RADIAN. ) );
#4123 = EDGE_CURVE ( 'NONE', #3298, #3851, #844, .T. ) ;
#4124 = EDGE_CURVE ( 'NONE', #3870, #1864, #4511, .T. ) ;
#4125 = ADVANCED_FACE ( 'NONE', ( #5082 ), #376, .F. ) ;
#4126 = EDGE_CURVE ( 'NONE', #550, #2697, #1629, .T. ) ;
#4127 =( LENGTH_UNIT ( ) NAMED_UNIT ( * ) SI_UNIT ( .MILLI., .METRE. ) );
#4128 = EDGE_LOOP ( 'NONE', ( #4325, #4675, #1361, #1209, #3888, #1964 ) ) ;
#4129 = VERTEX_POINT ( 'NONE', #2953 ) ;
#4130 = ADVANCED_FACE ( 'NONE', ( #313 ), #3391, .F. ) ;
#4131 = ORIENTED_EDGE ( 'NONE', *, *, #2904, .T. ) ;
#4132 = PRESENTATION_LAYER_ASSIGNMENT (  '', '', ( #2410 ) ) ;
#4133 = DIRECTION ( 'NONE',  ( 6.982966722218764100E-015, -1.000000000000000000, -3.491483361109382100E-015 ) ) ;
#4134 = ORIENTED_EDGE ( 'NONE', *, *, #868, .F. ) ;
#4135 = STYLED_ITEM ( 'NONE', ( #658 ), #2452 ) ;
#4136 = EDGE_LOOP ( 'NONE', ( #5217, #1508, #1969, #3971 ) ) ;
#4137 = DIRECTION ( 'NONE',  ( 1.239088197126291100E-016, -3.491483361109381300E-015, 1.000000000000000000 ) ) ;
#4138 = ORIENTED_EDGE ( 'NONE', *, *, #4548, .F. ) ;
#4139 = EDGE_LOOP ( 'NONE', ( #2529, #710, #410, #941 ) ) ;
#4140 = CARTESIAN_POINT ( 'NONE',  ( 8.600000000000031600, -4.199999999999925600, -4.950000000000017900 ) ) ;
#4141 = VECTOR ( 'NONE', #2330, 1000.000000000000000 ) ;
#4142 = DIRECTION ( 'NONE',  ( -6.982966722218764100E-015, 1.000000000000000000, 3.703035004521187900E-015 ) ) ;
#4143 = VERTEX_POINT ( 'NONE', #4285 ) ;
#4144 = STYLED_ITEM ( 'NONE', ( #5021 ), #1365 ) ;
#4145 = VECTOR ( 'NONE', #1134, 1000.000000000000000 ) ;
#4146 = DIRECTION ( 'NONE',  ( 6.982966722218764100E-015, -1.000000000000000000, -3.491483361109382100E-015 ) ) ;
#4147 = DIRECTION ( 'NONE',  ( -1.000000000000000000, -6.982966722218764100E-015, -2.438091212180733500E-029 ) ) ;
#4148 = VECTOR ( 'NONE', #2772, 1000.000000000000000 ) ;
#4149 = EDGE_CURVE ( 'NONE', #3389, #3503, #3724, .T. ) ;
#4150 = EDGE_CURVE ( 'NONE', #940, #3015, #4107, .T. ) ;
#4151 = CARTESIAN_POINT ( 'NONE',  ( 0.5000000000000287500, -4.049999999999988300, -2.210000000000009700 ) ) ;
#4152 = DIRECTION ( 'NONE',  ( -1.000000000000000000, -6.982966722218764100E-015, -2.438091212180733500E-029 ) ) ;
#4153 = EDGE_CURVE ( 'NONE', #4531, #3739, #3274, .T. ) ;
#4154 = CARTESIAN_POINT ( 'NONE',  ( 10.60000000000003000, -3.899999999999912900, -4.400000000000014600 ) ) ;
#4155 = ADVANCED_FACE ( 'NONE', ( #4755 ), #2610, .T. ) ;
#4156 = ORIENTED_EDGE ( 'NONE', *, *, #4255, .F. ) ;
#4157 = DIRECTION ( 'NONE',  ( -0.0000000000000000000, 3.491483361109382100E-015, -1.000000000000000000 ) ) ;
#4158 = DIRECTION ( 'NONE',  ( -6.982966722218764100E-015, 1.000000000000000000, 3.491483361109382100E-015 ) ) ;
#4159 = ORIENTED_EDGE ( 'NONE', *, *, #583, .F. ) ;
#4160 = VECTOR ( 'NONE', #2590, 1000.000000000000000 ) ;
#4161 = AXIS2_PLACEMENT_3D ( 'NONE', #1051, #2343, #2323 ) ;
#4162 = ORIENTED_EDGE ( 'NONE', *, *, #5245, .T. ) ;
#4163 = ORIENTED_EDGE ( 'NONE', *, *, #2398, .T. ) ;
#4164 = DIRECTION ( 'NONE',  ( 1.000000000000000000, 6.982966722218764900E-015, -1.195183497227871700E-016 ) ) ;
#4165 = SURFACE_STYLE_FILL_AREA ( #4797 ) ;
#4166 = AXIS2_PLACEMENT_3D ( 'NONE', #2426, #5288, #3582 ) ;
#4167 = VECTOR ( 'NONE', #1547, 1000.000000000000000 ) ;
#4168 = ORIENTED_EDGE ( 'NONE', *, *, #2570, .F. ) ;
#4169 = LINE ( 'NONE', #4624, #4692 ) ;
#4170 = DIRECTION ( 'NONE',  ( -1.000000000000000000, -6.982966722218764100E-015, -2.438091212180733500E-029 ) ) ;
#4171 =( LENGTH_UNIT ( ) NAMED_UNIT ( * ) SI_UNIT ( .MILLI., .METRE. ) );
#4172 = DIRECTION ( 'NONE',  ( 1.000000000000000000, 6.982966722218764100E-015, 2.438091212180733500E-029 ) ) ;
#4173 = DIRECTION ( 'NONE',  ( -6.982966722218764100E-015, 1.000000000000000000, 3.392919527247063600E-015 ) ) ;
#4174 = ORIENTED_EDGE ( 'NONE', *, *, #3528, .F. ) ;
#4175 = VECTOR ( 'NONE', #2804, 1000.000000000000000 ) ;
#4176 = FILL_AREA_STYLE ('',( #1759 ) ) ;
#4177 = AXIS2_PLACEMENT_3D ( 'NONE', #2000, #2917, #1277 ) ;
#4178 =( NAMED_UNIT ( * ) PLANE_ANGLE_UNIT ( ) SI_UNIT ( $, .RADIAN. ) );
#4179 = LINE ( 'NONE', #5089, #3758 ) ;
#4180 = VECTOR ( 'NONE', #3877, 1000.000000000000000 ) ;
#4181 = UNCERTAINTY_MEASURE_WITH_UNIT (LENGTH_MEASURE( 1.000000000000000100E-005 ), #4930, 'distance_accuracy_value', 'NONE');
#4182 = PRESENTATION_LAYER_ASSIGNMENT (  '', '', ( #1218 ) ) ;
#4183 = DIRECTION ( 'NONE',  ( 0.0000000000000000000, 3.717264591378876700E-015, -1.000000000000000000 ) ) ;
#4184 = ORIENTED_EDGE ( 'NONE', *, *, #201, .T. ) ;
#4185 = DIRECTION ( 'NONE',  ( 0.0000000000000000000, -1.000000000000000000, -3.392919527247062800E-015 ) ) ;
#4186 = ORIENTED_EDGE ( 'NONE', *, *, #2397, .T. ) ;
#4187 = CARTESIAN_POINT ( 'NONE',  ( 9.600000000000031600, -4.199999999999918500, -4.950000000000017900 ) ) ;
#4188 = FACE_OUTER_BOUND ( 'NONE', #4728, .T. ) ;
#4189 = DIRECTION ( 'NONE',  ( 5.769590274867477200E-017, -3.491483361109381700E-015, 1.000000000000000000 ) ) ;
#4190 = DIRECTION ( 'NONE',  ( -1.000000000000000000, -6.982966722218764100E-015, -2.438091212180733500E-029 ) ) ;
#4191 = ORIENTED_EDGE ( 'NONE', *, *, #4150, .T. ) ;
#4192 = ORIENTED_EDGE ( 'NONE', *, *, #902, .T. ) ;
#4193 = DIRECTION ( 'NONE',  ( 1.000000000000000000, 6.982966722218764100E-015, 2.438091212180733500E-029 ) ) ;
#4194 = EDGE_CURVE ( 'NONE', #1932, #4249, #2326, .T. ) ;
#4195 = EDGE_CURVE ( 'NONE', #1887, #1482, #2710, .T. ) ;
#4196 = EDGE_CURVE ( 'NONE', #4295, #2599, #964, .T. ) ;
#4197 = AXIS2_PLACEMENT_3D ( 'NONE', #2627, #2982, #967 ) ;
#4198 =( LENGTH_UNIT ( ) NAMED_UNIT ( * ) SI_UNIT ( .MILLI., .METRE. ) );
#4199 = VERTEX_POINT ( 'NONE', #836 ) ;
#4200 = VECTOR ( 'NONE', #308, 1000.000000000000000 ) ;
#4201 = ORIENTED_EDGE ( 'NONE', *, *, #3841, .F. ) ;
#4202 = ORIENTED_EDGE ( 'NONE', *, *, #5276, .F. ) ;
#4203 = DIRECTION ( 'NONE',  ( -0.0000000000000000000, 3.491483361109382100E-015, -1.000000000000000000 ) ) ;
#4204 = ORIENTED_EDGE ( 'NONE', *, *, #1740, .T. ) ;
#4205 = AXIS2_PLACEMENT_3D ( 'NONE', #596, #3861, #1447 ) ;
#4206 = PRESENTATION_STYLE_ASSIGNMENT (( #4257 ) ) ;
#4207 = PRODUCT_DEFINITION_CONTEXT ( 'detailed design', #9, 'design' ) ;
#4208 = ORIENTED_EDGE ( 'NONE', *, *, #2735, .F. ) ;
#4209 =( NAMED_UNIT ( * ) PLANE_ANGLE_UNIT ( ) SI_UNIT ( $, .RADIAN. ) );
#4210 = VECTOR ( 'NONE', #2831, 1000.000000000000000 ) ;
#4211 =( NAMED_UNIT ( * ) PLANE_ANGLE_UNIT ( ) SI_UNIT ( $, .RADIAN. ) );
#4212 = MECHANICAL_DESIGN_GEOMETRIC_PRESENTATION_REPRESENTATION (  '', ( #5154 ), #4873 ) ;
#4213 = LINE ( 'NONE', #961, #1064 ) ;
#4214 = LINE ( 'NONE', #3019, #5062 ) ;
#4215 = SURFACE_SIDE_STYLE ('',( #656 ) ) ;
#4216 = LINE ( 'NONE', #681, #3124 ) ;
#4217 = DIRECTION ( 'NONE',  ( -6.982966722218764100E-015, 1.000000000000000000, 3.491483361109382100E-015 ) ) ;
#4218 = VECTOR ( 'NONE', #3884, 1000.000000000000000 ) ;
#4219 = CARTESIAN_POINT ( 'NONE',  ( 7.600000000000029800, -4.199999999999935300, -3.950000000000017100 ) ) ;
#4220 = FACE_OUTER_BOUND ( 'NONE', #4623, .T. ) ;
#4221 = LINE ( 'NONE', #4219, #1129 ) ;
#4222 = CARTESIAN_POINT ( 'NONE',  ( 7.400000000000029700, -4.199999999999937100, -3.950000000000017100 ) ) ;
#4223 = MECHANICAL_DESIGN_GEOMETRIC_PRESENTATION_REPRESENTATION (  '', ( #555 ), #2212 ) ;
#4224 = EDGE_CURVE ( 'NONE', #1446, #2836, #390, .T. ) ;
#4225 = EDGE_CURVE ( 'NONE', #4765, #550, #1090, .T. ) ;
#4226 = PLANE ( 'NONE',  #1539 ) ;
#4227 = ORIENTED_EDGE ( 'NONE', *, *, #1388, .T. ) ;
#4228 = ADVANCED_FACE ( 'NONE', ( #2908 ), #493, .T. ) ;
#4229 = SURFACE_SIDE_STYLE ('',( #3155 ) ) ;
#4230 = ORIENTED_EDGE ( 'NONE', *, *, #300, .T. ) ;
#4231 = AXIS2_PLACEMENT_3D ( 'NONE', #2624, #1337, #113 ) ;
#4232 = PRESENTATION_STYLE_ASSIGNMENT (( #2088 ) ) ;
#4233 = ADVANCED_FACE ( 'NONE', ( #4495 ), #2513, .T. ) ;
#4234 = DIRECTION ( 'NONE',  ( 1.000000000000000000, 6.982966722218764100E-015, 2.438091212180733500E-029 ) ) ;
#4235 = CARTESIAN_POINT ( 'NONE',  ( 12.00000000000001600, -2.149999999999914200, -0.6500000000000127900 ) ) ;
#4236 = VECTOR ( 'NONE', #2992, 1000.000000000000000 ) ;
#4237 = CARTESIAN_POINT ( 'NONE',  ( 0.3000000000000154800, -2.149999999999997700, -0.01000000000000201200 ) ) ;
#4238 =( GEOMETRIC_REPRESENTATION_CONTEXT ( 3 ) GLOBAL_UNCERTAINTY_ASSIGNED_CONTEXT ( ( #5254 ) ) GLOBAL_UNIT_ASSIGNED_CONTEXT ( ( #2947, #5030, #2198 ) ) REPRESENTATION_CONTEXT ( 'NONE', 'WORKASPACE' ) );
#4239 = LINE ( 'NONE', #5126, #4572 ) ;
#4240 = ORIENTED_EDGE ( 'NONE', *, *, #5280, .F. ) ;
#4241 = VECTOR ( 'NONE', #4547, 1000.000000000000000 ) ;
#4242 =( NAMED_UNIT ( * ) PLANE_ANGLE_UNIT ( ) SI_UNIT ( $, .RADIAN. ) );
#4243 = ORIENTED_EDGE ( 'NONE', *, *, #411, .T. ) ;
#4244 = VECTOR ( 'NONE', #171, 1000.000000000000000 ) ;
#4245 = AXIS2_PLACEMENT_3D ( 'NONE', #246, #2799, #4760 ) ;
#4246 = DIRECTION ( 'NONE',  ( -6.982966722218764100E-015, 1.000000000000000000, 3.491483361109382100E-015 ) ) ;
#4247 = CARTESIAN_POINT ( 'NONE',  ( 8.600000000000029800, -3.899999999999927100, -4.400000000000014600 ) ) ;
#4248 = ORIENTED_EDGE ( 'NONE', *, *, #3430, .T. ) ;
#4249 = VERTEX_POINT ( 'NONE', #1274 ) ;
#4250 = CARTESIAN_POINT ( 'NONE',  ( 6.600000000000029800, -4.199999999999938900, -4.950000000000017100 ) ) ;
#4251 = FILL_AREA_STYLE_COLOUR ( '', #1889 ) ;
#4252 = EDGE_CURVE ( 'NONE', #4725, #674, #1470, .T. ) ;
#4253 = EDGE_CURVE ( 'NONE', #2067, #4615, #1459, .T. ) ;
#4254 = DIRECTION ( 'NONE',  ( 0.0000000000000000000, -3.491483361109382100E-015, 1.000000000000000000 ) ) ;
#4255 = EDGE_CURVE ( 'NONE', #1083, #2283, #4041, .T. ) ;
#4256 = ORIENTED_EDGE ( 'NONE', *, *, #1867, .T. ) ;
#4257 = SURFACE_STYLE_USAGE ( .BOTH. , #1406 ) ;
#4258 = ADVANCED_FACE ( 'NONE', ( #4118 ), #1727, .F. ) ;
#4259 = ORIENTED_EDGE ( 'NONE', *, *, #449, .F. ) ;
#4260 = CARTESIAN_POINT ( 'NONE',  ( 8.600000000000029800, -3.899999999999925300, -4.950000000000017100 ) ) ;
#4261 = EDGE_LOOP ( 'NONE', ( #1826, #3031, #2593, #2731 ) ) ;
#4262 = CARTESIAN_POINT ( 'NONE',  ( 4.400000000000028800, -4.049999999999959900, -3.450000000000011700 ) ) ;
#4263 = ORIENTED_EDGE ( 'NONE', *, *, #3330, .T. ) ;
#4264 = SURFACE_SIDE_STYLE ('',( #4956 ) ) ;
#4265 = LINE ( 'NONE', #982, #5258 ) ;
#4266 = VECTOR ( 'NONE', #1754, 1000.000000000000000 ) ;
#4267 = PLANE ( 'NONE',  #2136 ) ;
#4268 = EDGE_LOOP ( 'NONE', ( #2652, #4419, #4774, #4723, #1523, #4494 ) ) ;
#4269 = VECTOR ( 'NONE', #2085, 1000.000000000000000 ) ;
#4270 = DIRECTION ( 'NONE',  ( 0.0000000000000000000, -3.491483361109382100E-015, 1.000000000000000000 ) ) ;
#4271 = DIRECTION ( 'NONE',  ( -0.0000000000000000000, 3.491483361109382100E-015, -1.000000000000000000 ) ) ;
#4272 = STYLED_ITEM ( 'NONE', ( #3059 ), #119 ) ;
#4273 = UNCERTAINTY_MEASURE_WITH_UNIT (LENGTH_MEASURE( 1.000000000000000100E-005 ), #4363, 'distance_accuracy_value', 'NONE');
#4274 = PLANE ( 'NONE',  #199 ) ;
#4275 = ORIENTED_EDGE ( 'NONE', *, *, #3528, .T. ) ;
#4276 = VERTEX_POINT ( 'NONE', #4108 ) ;
#4277 = LINE ( 'NONE', #3498, #1990 ) ;
#4278 = DIRECTION ( 'NONE',  ( -1.000000000000000000, -6.982966722218764100E-015, -2.438091212180733500E-029 ) ) ;
#4279 = CARTESIAN_POINT ( 'NONE',  ( 2.825000000000023700, -3.449999999999979300, -0.3500000000000114100 ) ) ;
#4280 = ORIENTED_EDGE ( 'NONE', *, *, #2113, .F. ) ;
#4281 =( LENGTH_UNIT ( ) NAMED_UNIT ( * ) SI_UNIT ( .MILLI., .METRE. ) );
#4282 = EDGE_CURVE ( 'NONE', #4706, #4716, #1045, .T. ) ;
#4283 = ORIENTED_EDGE ( 'NONE', *, *, #1187, .F. ) ;
#4284 = VERTEX_POINT ( 'NONE', #2612 ) ;
#4285 = CARTESIAN_POINT ( 'NONE',  ( 4.400000000000027000, -3.899999999999954200, -4.950000000000015300 ) ) ;
#4286 =( GEOMETRIC_REPRESENTATION_CONTEXT ( 3 ) GLOBAL_UNCERTAINTY_ASSIGNED_CONTEXT ( ( #471 ) ) GLOBAL_UNIT_ASSIGNED_CONTEXT ( ( #3030, #576, #3455 ) ) REPRESENTATION_CONTEXT ( 'NONE', 'WORKASPACE' ) );
#4287 = DIRECTION ( 'NONE',  ( -6.982966722218764100E-015, 1.000000000000000000, 4.158684698023538900E-015 ) ) ;
#4288 = EDGE_CURVE ( 'NONE', #2277, #3836, #3981, .T. ) ;
#4289 = EDGE_CURVE ( 'NONE', #4737, #3870, #1709, .T. ) ;
#4290 = FACE_OUTER_BOUND ( 'NONE', #56, .T. ) ;
#4291 = ORIENTED_EDGE ( 'NONE', *, *, #1034, .F. ) ;
#4292 = VECTOR ( 'NONE', #1052, 1000.000000000000000 ) ;
#4293 = COLOUR_RGB ( '',0.7529411764705882200, 0.7529411764705882200, 0.7529411764705882200 ) ;
#4294 = PLANE ( 'NONE',  #873 ) ;
#4295 = VERTEX_POINT ( 'NONE', #87 ) ;
#4296 = LINE ( 'NONE', #1213, #2261 ) ;
#4297 = VECTOR ( 'NONE', #2727, 1000.000000000000000 ) ;
#4298 = PRESENTATION_LAYER_ASSIGNMENT (  '', '', ( #1009 ) ) ;
#4299 = CARTESIAN_POINT ( 'NONE',  ( 2.825000000000023700, -3.449999999999974900, -1.800000000000012000 ) ) ;
#4300 = DIRECTION ( 'NONE',  ( -1.000000000000000000, -6.982966722218764100E-015, -2.438091212180733500E-029 ) ) ;
#4301 = VECTOR ( 'NONE', #2737, 1000.000000000000000 ) ;
#4302 = DIRECTION ( 'NONE',  ( 5.981805089575193200E-016, -3.491483361109377700E-015, 1.000000000000000000 ) ) ;
#4303 = PLANE ( 'NONE',  #5304 ) ;
#4304 =( GEOMETRIC_REPRESENTATION_CONTEXT ( 3 ) GLOBAL_UNCERTAINTY_ASSIGNED_CONTEXT ( ( #4042 ) ) GLOBAL_UNIT_ASSIGNED_CONTEXT ( ( #492, #1324, #1737 ) ) REPRESENTATION_CONTEXT ( 'NONE', 'WORKASPACE' ) );
#4305 = ORIENTED_EDGE ( 'NONE', *, *, #3867, .F. ) ;
#4306 = CARTESIAN_POINT ( 'NONE',  ( 7.600000000000029800, -4.199999999999935300, -3.950000000000017100 ) ) ;
#4307 = DIRECTION ( 'NONE',  ( -6.982966722218764100E-015, 1.000000000000000000, 3.491483361109382100E-015 ) ) ;
#4308 = DIRECTION ( 'NONE',  ( 6.982966722218764100E-015, -1.000000000000000000, -3.491483361109382100E-015 ) ) ;
#4309 = AXIS2_PLACEMENT_3D ( 'NONE', #4410, #4060, #3202 ) ;
#4310 = ORIENTED_EDGE ( 'NONE', *, *, #2079, .T. ) ;
#4311 = ORIENTED_EDGE ( 'NONE', *, *, #2686, .T. ) ;
#4312 =( NAMED_UNIT ( * ) PLANE_ANGLE_UNIT ( ) SI_UNIT ( $, .RADIAN. ) );
#4313 = ORIENTED_EDGE ( 'NONE', *, *, #4894, .F. ) ;
#4314 = DIRECTION ( 'NONE',  ( -6.982966722218764100E-015, 1.000000000000000000, 3.491483361109382100E-015 ) ) ;
#4315 = ORIENTED_EDGE ( 'NONE', *, *, #1643, .F. ) ;
#4316 =( NAMED_UNIT ( * ) SI_UNIT ( $, .STERADIAN. ) SOLID_ANGLE_UNIT ( ) );
#4317 = FACE_OUTER_BOUND ( 'NONE', #4429, .T. ) ;
#4318 = CARTESIAN_POINT ( 'NONE',  ( 1.600000000000027200, -3.949999999999977100, -3.950000000000013500 ) ) ;
#4319 = ORIENTED_EDGE ( 'NONE', *, *, #3840, .F. ) ;
#4320 = AXIS2_PLACEMENT_3D ( 'NONE', #2380, #330, #4423 ) ;
#4321 = PRESENTATION_LAYER_ASSIGNMENT (  '', '', ( #2316 ) ) ;
#4322 = EDGE_CURVE ( 'NONE', #4616, #4918, #3675, .T. ) ;
#4323 = EDGE_CURVE ( 'NONE', #1478, #5318, #468, .T. ) ;
#4324 = ORIENTED_EDGE ( 'NONE', *, *, #4589, .T. ) ;
#4325 = ORIENTED_EDGE ( 'NONE', *, *, #3812, .F. ) ;
#4326 = VERTEX_POINT ( 'NONE', #1343 ) ;
#4327 = VERTEX_POINT ( 'NONE', #2585 ) ;
#4328 = CARTESIAN_POINT ( 'NONE',  ( 0.3000000000000298000, -4.200000000000000200, -0.01000000000000941300 ) ) ;
#4329 = CARTESIAN_POINT ( 'NONE',  ( 1.600000000000027800, -4.049999999999977600, -3.950000000000013500 ) ) ;
#4330 = SURFACE_SIDE_STYLE ('',( #2077 ) ) ;
#4331 = LINE ( 'NONE', #271, #2559 ) ;
#4332 = ORIENTED_EDGE ( 'NONE', *, *, #2535, .T. ) ;
#4333 = EDGE_LOOP ( 'NONE', ( #4184, #3518, #3220, #3016 ) ) ;
#4334 = LINE ( 'NONE', #4478, #4080 ) ;
#4335 =( LENGTH_UNIT ( ) NAMED_UNIT ( * ) SI_UNIT ( .MILLI., .METRE. ) );
#4336 = DIRECTION ( 'NONE',  ( -1.000000000000000000, -6.982966722218767300E-015, 8.462065736471990200E-016 ) ) ;
#4337 = SURFACE_STYLE_FILL_AREA ( #2007 ) ;
#4338 = DIRECTION ( 'NONE',  ( -1.000000000000000000, -6.982966722218764100E-015, -2.438091212180733500E-029 ) ) ;
#4339 = DIRECTION ( 'NONE',  ( 1.000000000000000000, 6.982966722218767300E-015, -8.462065736471991200E-016 ) ) ;
#4340 = DIRECTION ( 'NONE',  ( -6.982966722218764100E-015, 1.000000000000000000, 3.491483361109382100E-015 ) ) ;
#4341 = CARTESIAN_POINT ( 'NONE',  ( 11.69999999999998700, 1.950000000000086600, -1.299999999999993800 ) ) ;
#4342 =( NAMED_UNIT ( * ) SI_UNIT ( $, .STERADIAN. ) SOLID_ANGLE_UNIT ( ) );
#4343 = DIRECTION ( 'NONE',  ( -1.000000000000000000, -6.982966722218764100E-015, -2.438091212180733500E-029 ) ) ;
#4344 = UNCERTAINTY_MEASURE_WITH_UNIT (LENGTH_MEASURE( 1.000000000000000100E-005 ), #3481, 'distance_accuracy_value', 'NONE');
#4345 = VECTOR ( 'NONE', #2884, 1000.000000000000000 ) ;
#4346 = ORIENTED_EDGE ( 'NONE', *, *, #267, .T. ) ;
#4347 = CARTESIAN_POINT ( 'NONE',  ( 10.40000000000002900, -3.949999999999917100, -3.450000000000014400 ) ) ;
#4348 = CARTESIAN_POINT ( 'NONE',  ( 7.400000000000028800, -4.049999999999937600, -3.950000000000016200 ) ) ;
#4349 = DIRECTION ( 'NONE',  ( -1.000000000000000000, -6.980196843811439700E-015, 0.0000000000000000000 ) ) ;
#4350 = LINE ( 'NONE', #2864, #1799 ) ;
#4351 = ORIENTED_EDGE ( 'NONE', *, *, #486, .T. ) ;
#4352 = CARTESIAN_POINT ( 'NONE',  ( 9.175000000000011400, -1.706804152578020200, -1.950000000000006800 ) ) ;
#4353 = VERTEX_POINT ( 'NONE', #5054 ) ;
#4354 =( GEOMETRIC_REPRESENTATION_CONTEXT ( 3 ) GLOBAL_UNCERTAINTY_ASSIGNED_CONTEXT ( ( #3424 ) ) GLOBAL_UNIT_ASSIGNED_CONTEXT ( ( #1168, #3594, #781 ) ) REPRESENTATION_CONTEXT ( 'NONE', 'WORKASPACE' ) );
#4355 = CARTESIAN_POINT ( 'NONE',  ( 4.600000000000029000, -4.049999999999958100, -3.450000000000011700 ) ) ;
#4356 = DIRECTION ( 'NONE',  ( -6.982966722218764100E-015, 1.000000000000000000, 3.491483361109382100E-015 ) ) ;
#4357 = EDGE_CURVE ( 'NONE', #534, #2543, #4969, .T. ) ;
#4358 = VECTOR ( 'NONE', #3853, 1000.000000000000000 ) ;
#4359 = SURFACE_STYLE_USAGE ( .BOTH. , #1504 ) ;
#4360 = PLANE ( 'NONE',  #1245 ) ;
#4361 = VECTOR ( 'NONE', #4142, 1000.000000000000000 ) ;
#4362 = LINE ( 'NONE', #729, #1632 ) ;
#4363 =( LENGTH_UNIT ( ) NAMED_UNIT ( * ) SI_UNIT ( .MILLI., .METRE. ) );
#4364 =( LENGTH_UNIT ( ) NAMED_UNIT ( * ) SI_UNIT ( .MILLI., .METRE. ) );
#4365 = CARTESIAN_POINT ( 'NONE',  ( 9.400000000000030600, -4.049999999999922600, -3.950000000000017100 ) ) ;
#4366 = EDGE_CURVE ( 'NONE', #1349, #3332, #1377, .T. ) ;
#4367 = ADVANCED_FACE ( 'NONE', ( #2491 ), #2186, .F. ) ;
#4368 = AXIS2_PLACEMENT_3D ( 'NONE', #5012, #2563, #97 ) ;
#4369 = CARTESIAN_POINT ( 'NONE',  ( 10.60000000000003000, -3.949999999999916200, -3.450000000000014400 ) ) ;
#4370 = ORIENTED_EDGE ( 'NONE', *, *, #2987, .F. ) ;
#4371 = VECTOR ( 'NONE', #3449, 1000.000000000000000 ) ;
#4372 = CARTESIAN_POINT ( 'NONE',  ( 0.5000000000000298600, -4.199999999999999300, -0.01000000000000941300 ) ) ;
#4373 = SURFACE_STYLE_USAGE ( .BOTH. , #3962 ) ;
#4374 = CARTESIAN_POINT ( 'NONE',  ( 10.60000000000003000, -3.899999999999911100, -4.950000000000017900 ) ) ;
#4375 = VERTEX_POINT ( 'NONE', #4684 ) ;
#4376 = VECTOR ( 'NONE', #3858, 1000.000000000000000 ) ;
#4377 = LINE ( 'NONE', #3286, #403 ) ;
#4378 = DIRECTION ( 'NONE',  ( 1.892736922655891900E-030, 3.220432817988006000E-015, -1.000000000000000000 ) ) ;
#4379 = UNCERTAINTY_MEASURE_WITH_UNIT (LENGTH_MEASURE( 1.000000000000000100E-005 ), #3402, 'distance_accuracy_value', 'NONE');
#4380 = MECHANICAL_DESIGN_GEOMETRIC_PRESENTATION_REPRESENTATION (  '', ( #977 ), #3277 ) ;
#4381 = CARTESIAN_POINT ( 'NONE',  ( 8.225000000000003200, -0.6099999999999362600, -1.800000000000003200 ) ) ;
#4382 = SURFACE_STYLE_USAGE ( .BOTH. , #261 ) ;
#4383 = CARTESIAN_POINT ( 'NONE',  ( 8.225000000000003200, -0.6099999999999362600, -1.800000000000003200 ) ) ;
#4384 = VERTEX_POINT ( 'NONE', #2968 ) ;
#4385 = LINE ( 'NONE', #413, #5099 ) ;
#4386 = MECHANICAL_DESIGN_GEOMETRIC_PRESENTATION_REPRESENTATION (  '', ( #2267 ), #154 ) ;
#4387 = ORIENTED_EDGE ( 'NONE', *, *, #5, .T. ) ;
#4388 = CARTESIAN_POINT ( 'NONE',  ( 0.5000000000000021100, -0.2999999999999810600, -4.400000000000002100 ) ) ;
#4389 = CARTESIAN_POINT ( 'NONE',  ( 1.600000000000027000, -3.899999999999975900, -4.400000000000013700 ) ) ;
#4390 = PLANE ( 'NONE',  #2920 ) ;
#4391 = CARTESIAN_POINT ( 'NONE',  ( 9.400000000000030600, -4.049999999999924300, -3.450000000000014400 ) ) ;
#4392 = PRESENTATION_STYLE_ASSIGNMENT (( #4444 ) ) ;
#4393 = CARTESIAN_POINT ( 'NONE',  ( 1.600000000000027800, -4.049999999999975800, -4.400000000000014600 ) ) ;
#4394 = ORIENTED_EDGE ( 'NONE', *, *, #3967, .F. ) ;
#4395 = ORIENTED_EDGE ( 'NONE', *, *, #999, .T. ) ;
#4396 = DIRECTION ( 'NONE',  ( 0.0000000000000000000, -3.491483361109382500E-015, 1.000000000000000000 ) ) ;
#4397 = DIRECTION ( 'NONE',  ( -6.982966722218764100E-015, 1.000000000000000000, 3.491483361109382100E-015 ) ) ;
#4398 = ADVANCED_FACE ( 'NONE', ( #2600 ), #1392, .T. ) ;
#4399 = DIRECTION ( 'NONE',  ( -1.000000000000000000, -6.982966722218764100E-015, -2.438091212180733500E-029 ) ) ;
#4400 = CARTESIAN_POINT ( 'NONE',  ( 0.5000000000000240900, -3.449999999999989100, -2.250000000000012000 ) ) ;
#4401 = ORIENTED_EDGE ( 'NONE', *, *, #3466, .F. ) ;
#4402 = EDGE_LOOP ( 'NONE', ( #3753, #3645, #3668, #5079, #3811, #1335 ) ) ;
#4403 = EDGE_CURVE ( 'NONE', #1056, #2846, #3536, .T. ) ;
#4404 = EDGE_CURVE ( 'NONE', #4676, #2976, #2270, .T. ) ;
#4405 = EDGE_CURVE ( 'NONE', #4327, #26, #1184, .T. ) ;
#4406 = COLOUR_RGB ( '',0.7529411764705882200, 0.7529411764705882200, 0.7529411764705882200 ) ;
#4407 = ORIENTED_EDGE ( 'NONE', *, *, #4858, .T. ) ;
#4408 = DIRECTION ( 'NONE',  ( -6.982966722218764100E-015, 1.000000000000000000, 3.491483361109382100E-015 ) ) ;
#4409 = SURFACE_STYLE_USAGE ( .BOTH. , #1546 ) ;
#4410 = CARTESIAN_POINT ( 'NONE',  ( 0.3000000000000154800, -2.149999999999989700, -2.210000000000002200 ) ) ;
#4411 = VECTOR ( 'NONE', #3115, 1000.000000000000000 ) ;
#4412 = PLANE ( 'NONE',  #4664 ) ;
#4413 = MECHANICAL_DESIGN_GEOMETRIC_PRESENTATION_REPRESENTATION (  '', ( #2410 ), #4789 ) ;
#4414 = CARTESIAN_POINT ( 'NONE',  ( 0.5000000000000283100, -4.049999999999988300, -2.250000000000014200 ) ) ;
#4415 = CARTESIAN_POINT ( 'NONE',  ( 9.600000000000029800, -3.899999999999918200, -4.950000000000017100 ) ) ;
#4416 = CARTESIAN_POINT ( 'NONE',  ( 11.70000000000001400, -2.149999999999910200, -2.210000000000006600 ) ) ;
#4417 = PRESENTATION_STYLE_ASSIGNMENT (( #4047 ) ) ;
#4418 = PLANE ( 'NONE',  #4245 ) ;
#4419 = ORIENTED_EDGE ( 'NONE', *, *, #1102, .F. ) ;
#4420 = CARTESIAN_POINT ( 'NONE',  ( 11.49999999999998400, 1.950000000000089200, -2.449999999999998400 ) ) ;
#4421 = VECTOR ( 'NONE', #3897, 1000.000000000000000 ) ;
#4422 = ORIENTED_EDGE ( 'NONE', *, *, #3229, .F. ) ;
#4423 = DIRECTION ( 'NONE',  ( -6.982966722218764100E-015, 1.000000000000000000, 3.491483361109382100E-015 ) ) ;
#4424 = DIRECTION ( 'NONE',  ( -0.0000000000000000000, 3.491483361109382100E-015, -1.000000000000000000 ) ) ;
#4425 = MECHANICAL_DESIGN_GEOMETRIC_PRESENTATION_REPRESENTATION (  '', ( #2069 ), #120 ) ;
#4426 = CARTESIAN_POINT ( 'NONE',  ( 9.174999999999998900, -0.04999999999992829600, -2.100000000000000100 ) ) ;
#4427 = ADVANCED_FACE ( 'NONE', ( #5297 ), #2217, .F. ) ;
#4428 = VECTOR ( 'NONE', #1802, 1000.000000000000000 ) ;
#4429 = EDGE_LOOP ( 'NONE', ( #671, #3422, #4587, #1224, #3111, #90 ) ) ;
#4430 = ORIENTED_EDGE ( 'NONE', *, *, #4850, .F. ) ;
#4431 = CARTESIAN_POINT ( 'NONE',  ( 11.70000000000001400, -2.149999999999910200, -2.210000000000006600 ) ) ;
#4432 =( NAMED_UNIT ( * ) PLANE_ANGLE_UNIT ( ) SI_UNIT ( $, .RADIAN. ) );
#4433 = VECTOR ( 'NONE', #4987, 1000.000000000000000 ) ;
#4434 = ORIENTED_EDGE ( 'NONE', *, *, #1797, .T. ) ;
#4435 = EDGE_CURVE ( 'NONE', #4353, #1756, #1702, .T. ) ;
#4436 = ADVANCED_FACE ( 'NONE', ( #2414 ), #190, .T. ) ;
#4437 = CARTESIAN_POINT ( 'NONE',  ( 6.400000000000028800, -4.049999999999943900, -3.950000000000016200 ) ) ;
#4438 = EDGE_CURVE ( 'NONE', #4375, #489, #856, .T. ) ;
#4439 = EDGE_CURVE ( 'NONE', #3332, #4295, #976, .T. ) ;
#4440 = SURFACE_SIDE_STYLE ('',( #2059 ) ) ;
#4441 = FACE_OUTER_BOUND ( 'NONE', #606, .T. ) ;
#4442 = EDGE_LOOP ( 'NONE', ( #3919, #2605, #627, #3071, #352, #488 ) ) ;
#4443 = VECTOR ( 'NONE', #272, 1000.000000000000000 ) ;
#4444 = SURFACE_STYLE_USAGE ( .BOTH. , #1579 ) ;
#4445 = LINE ( 'NONE', #5324, #1175 ) ;
#4446 = FACE_OUTER_BOUND ( 'NONE', #511, .T. ) ;
#4447 = VECTOR ( 'NONE', #227, 1000.000000000000000 ) ;
#4448 = CARTESIAN_POINT ( 'NONE',  ( 5.400000000000028800, -4.049999999999951000, -3.950000000000015300 ) ) ;
#4449 = CARTESIAN_POINT ( 'NONE',  ( 12.00000000000002500, -3.449999999999914000, -0.6500000000000173400 ) ) ;
#4450 = PRESENTATION_LAYER_ASSIGNMENT (  '', '', ( #3337 ) ) ;
#4451 = PLANE ( 'NONE',  #777 ) ;
#4452 = ORIENTED_EDGE ( 'NONE', *, *, #1599, .F. ) ;
#4453 = LINE ( 'NONE', #923, #1442 ) ;
#4454 = UNCERTAINTY_MEASURE_WITH_UNIT (LENGTH_MEASURE( 1.000000000000000100E-005 ), #1809, 'distance_accuracy_value', 'NONE');
#4455 = DIRECTION ( 'NONE',  ( -2.753071887499478000E-030, -3.097228025660107800E-015, 1.000000000000000000 ) ) ;
#4456 = AXIS2_PLACEMENT_3D ( 'NONE', #81, #501, #2161 ) ;
#4457 = CARTESIAN_POINT ( 'NONE',  ( 0.7499999999999887900, 1.950000000000012600, -2.049999999999992300 ) ) ;
#4458 = DIRECTION ( 'NONE',  ( 6.982966722218764100E-015, -1.000000000000000000, -3.491483361109382100E-015 ) ) ;
#4459 = EDGE_LOOP ( 'NONE', ( #5152, #1769, #123, #2157, #3777, #4602, #4986, #869, #1972, #3367, #4783, #1203 ) ) ;
#4460 = ORIENTED_EDGE ( 'NONE', *, *, #3746, .F. ) ;
#4461 = FILL_AREA_STYLE ('',( #400 ) ) ;
#4462 = ADVANCED_FACE ( 'NONE', ( #5163 ), #4274, .F. ) ;
#4463 = SURFACE_STYLE_USAGE ( .BOTH. , #1601 ) ;
#4464 = FILL_AREA_STYLE_COLOUR ( '', #3427 ) ;
#4465 = DIRECTION ( 'NONE',  ( -6.982966722218764100E-015, 1.000000000000000000, 3.491483361109382100E-015 ) ) ;
#4466 = STYLED_ITEM ( 'NONE', ( #2572 ), #531 ) ;
#4467 = ORIENTED_EDGE ( 'NONE', *, *, #3709, .F. ) ;
#4468 = CARTESIAN_POINT ( 'NONE',  ( 11.99999999999998600, 1.950000000000099000, -4.399999999999993200 ) ) ;
#4469 = CARTESIAN_POINT ( 'NONE',  ( 6.400000000000029700, -4.199999999999944200, -3.950000000000017100 ) ) ;
#4470 = ADVANCED_FACE ( 'NONE', ( #142 ), #5185, .T. ) ;
#4471 = VECTOR ( 'NONE', #1250, 1000.000000000000000 ) ;
#4472 = PRESENTATION_LAYER_ASSIGNMENT (  '', '', ( #2687 ) ) ;
#4473 = ORIENTED_EDGE ( 'NONE', *, *, #4857, .T. ) ;
#4474 = ORIENTED_EDGE ( 'NONE', *, *, #3746, .T. ) ;
#4475 = ORIENTED_EDGE ( 'NONE', *, *, #3805, .F. ) ;
#4476 = DIRECTION ( 'NONE',  ( -0.0000000000000000000, 3.491483361109382100E-015, -1.000000000000000000 ) ) ;
#4477 = DIRECTION ( 'NONE',  ( -4.231032868236104600E-016, 3.309264508590806900E-015, -1.000000000000000000 ) ) ;
#4478 = CARTESIAN_POINT ( 'NONE',  ( 9.400000000000030600, -3.949999999999921600, -4.400000000000014600 ) ) ;
#4479 = EDGE_LOOP ( 'NONE', ( #4324, #455, #184, #2337 ) ) ;
#4480 = FILL_AREA_STYLE_COLOUR ( '', #1920 ) ;
#4481 = PLANE ( 'NONE',  #2093 ) ;
#4482 = VECTOR ( 'NONE', #1963, 1000.000000000000000 ) ;
#4483 = PRESENTATION_STYLE_ASSIGNMENT (( #3640 ) ) ;
#4484 = EDGE_CURVE ( 'NONE', #5167, #1018, #4828, .T. ) ;
#4485 = EDGE_CURVE ( 'NONE', #1890, #2147, #916, .T. ) ;
#4486 = EDGE_CURVE ( 'NONE', #348, #1995, #1565, .T. ) ;
#4487 = AXIS2_PLACEMENT_3D ( 'NONE', #1782, #944, #4217 ) ;
#4488 = VECTOR ( 'NONE', #4356, 1000.000000000000000 ) ;
#4489 = CARTESIAN_POINT ( 'NONE',  ( 1.600000000000027000, -3.899999999999973700, -4.950000000000013500 ) ) ;
#4490 = CARTESIAN_POINT ( 'NONE',  ( 0.3000000000000246400, -3.449999999999995700, -0.6500000000000122300 ) ) ;
#4491 = ADVANCED_FACE ( 'NONE', ( #4703 ), #4294, .F. ) ;
#4492 = CARTESIAN_POINT ( 'NONE',  ( 2.825000000000013100, -0.04999999999997321900, -1.950000000000001300 ) ) ;
#4493 = LINE ( 'NONE', #3360, #951 ) ;
#4494 = ORIENTED_EDGE ( 'NONE', *, *, #2046, .F. ) ;
#4495 = FACE_OUTER_BOUND ( 'NONE', #4076, .T. ) ;
#4496 = STYLED_ITEM ( 'NONE', ( #4483 ), #3622 ) ;
#4497 = DIRECTION ( 'NONE',  ( -0.0000000000000000000, 3.491483361109382100E-015, -1.000000000000000000 ) ) ;
#4498 = FACE_OUTER_BOUND ( 'NONE', #2278, .T. ) ;
#4499 = ORIENTED_EDGE ( 'NONE', *, *, #5214, .T. ) ;
#4500 = FILL_AREA_STYLE_COLOUR ( '', #2300 ) ;
#4501 = CARTESIAN_POINT ( 'NONE',  ( 10.82499999999998700, 1.950000000000082600, -1.949999999999994000 ) ) ;
#4502 = SURFACE_STYLE_FILL_AREA ( #2191 ) ;
#4503 = STYLED_ITEM ( 'NONE', ( #780 ), #2565 ) ;
#4504 = ORIENTED_EDGE ( 'NONE', *, *, #2078, .T. ) ;
#4505 = APPLICATION_CONTEXT ( 'automotive_design' ) ;
#4506 = ORIENTED_EDGE ( 'NONE', *, *, #99, .T. ) ;
#4507 = SURFACE_STYLE_FILL_AREA ( #3953 ) ;
#4508 = ORIENTED_EDGE ( 'NONE', *, *, #5093, .T. ) ;
#4509 = DIRECTION ( 'NONE',  ( 1.000000000000000000, 6.982966722218764100E-015, 2.438091212180733500E-029 ) ) ;
#4510 = CARTESIAN_POINT ( 'NONE',  ( 9.400000000000030600, -3.949999999999924200, -3.450000000000013900 ) ) ;
#4511 = LINE ( 'NONE', #5333, #1691 ) ;
#4512 = ORIENTED_EDGE ( 'NONE', *, *, #2838, .T. ) ;
#4513 = VECTOR ( 'NONE', #5305, 1000.000000000000000 ) ;
#4514 = CARTESIAN_POINT ( 'NONE',  ( 10.60000000000003200, -4.199999999999914900, -3.950000000000018400 ) ) ;
#4515 = CARTESIAN_POINT ( 'NONE',  ( 5.600000000000027200, -3.899999999999946200, -4.950000000000015300 ) ) ;
#4516 = ORIENTED_EDGE ( 'NONE', *, *, #4998, .F. ) ;
#4517 = VECTOR ( 'NONE', #294, 1000.000000000000000 ) ;
#4518 =( NAMED_UNIT ( * ) PLANE_ANGLE_UNIT ( ) SI_UNIT ( $, .RADIAN. ) );
#4519 = CARTESIAN_POINT ( 'NONE',  ( 11.99999999999998600, 1.950000000000084100, 7.675754292151991400E-015 ) ) ;
#4520 = MECHANICAL_DESIGN_GEOMETRIC_PRESENTATION_REPRESENTATION (  '', ( #3681 ), #832 ) ;
#4521 = EDGE_CURVE ( 'NONE', #213, #1445, #4580, .T. ) ;
#4522 = EDGE_CURVE ( 'NONE', #3870, #2395, #2090, .T. ) ;
#4523 = ADVANCED_FACE ( 'NONE', ( #73 ), #3474, .F. ) ;
#4524 = ORIENTED_EDGE ( 'NONE', *, *, #935, .T. ) ;
#4525 =( NAMED_UNIT ( * ) PLANE_ANGLE_UNIT ( ) SI_UNIT ( $, .RADIAN. ) );
#4526 = ORIENTED_EDGE ( 'NONE', *, *, #2436, .F. ) ;
#4527 = LINE ( 'NONE', #1295, #22 ) ;
#4528 = UNCERTAINTY_MEASURE_WITH_UNIT (LENGTH_MEASURE( 1.000000000000000100E-005 ), #4198, 'distance_accuracy_value', 'NONE');
#4529 = CARTESIAN_POINT ( 'NONE',  ( 2.094890016665628500E-015, -0.2999999999999845600, -4.400000000000001200 ) ) ;
#4530 = VERTEX_POINT ( 'NONE', #5199 ) ;
#4531 = VERTEX_POINT ( 'NONE', #1131 ) ;
#4532 = CARTESIAN_POINT ( 'NONE',  ( 10.40000000000003100, -4.199999999999912200, -4.950000000000018800 ) ) ;
#4533 =( GEOMETRIC_REPRESENTATION_CONTEXT ( 3 ) GLOBAL_UNCERTAINTY_ASSIGNED_CONTEXT ( ( #3489 ) ) GLOBAL_UNIT_ASSIGNED_CONTEXT ( ( #2933, #2494, #464 ) ) REPRESENTATION_CONTEXT ( 'NONE', 'WORKASPACE' ) );
#4534 = VERTEX_POINT ( 'NONE', #3453 ) ;
#4535 = CARTESIAN_POINT ( 'NONE',  ( 9.600000000000031600, -4.199999999999922000, -3.950000000000017900 ) ) ;
#4536 = PRESENTATION_STYLE_ASSIGNMENT (( #1182 ) ) ;
#4537 = ORIENTED_EDGE ( 'NONE', *, *, #2046, .T. ) ;
#4538 = MECHANICAL_DESIGN_GEOMETRIC_PRESENTATION_REPRESENTATION (  '', ( #2345 ), #2785 ) ;
#4539 = EDGE_LOOP ( 'NONE', ( #1617, #1843, #1784, #3620, #437, #5301, #76, #3510, #968, #1630, #3164, #3154 ) ) ;
#4540 = CARTESIAN_POINT ( 'NONE',  ( 2.094890016665628500E-015, -0.2999999999999867800, -3.750000000000001800 ) ) ;
#4541 = ORIENTED_EDGE ( 'NONE', *, *, #3571, .F. ) ;
#4542 = FILL_AREA_STYLE ('',( #5327 ) ) ;
#4543 = VECTOR ( 'NONE', #80, 1000.000000000000000 ) ;
#4544 = VERTEX_POINT ( 'NONE', #3523 ) ;
#4545 = EDGE_CURVE ( 'NONE', #1719, #586, #3217, .T. ) ;
#4546 = EDGE_CURVE ( 'NONE', #4988, #491, #2782, .T. ) ;
#4547 = DIRECTION ( 'NONE',  ( -0.0000000000000000000, 3.491483361109382500E-015, -1.000000000000000000 ) ) ;
#4548 = EDGE_CURVE ( 'NONE', #2836, #4276, #591, .T. ) ;
#4549 =( NAMED_UNIT ( * ) SI_UNIT ( $, .STERADIAN. ) SOLID_ANGLE_UNIT ( ) );
#4550 = LINE ( 'NONE', #1201, #2378 ) ;
#4551 = CARTESIAN_POINT ( 'NONE',  ( 11.49999999999998900, 1.300000000000089300, -2.450000000000001100 ) ) ;
#4552 = LINE ( 'NONE', #4693, #2691 ) ;
#4553 = DIRECTION ( 'NONE',  ( -0.0000000000000000000, 3.491483361109382100E-015, -1.000000000000000000 ) ) ;
#4554 = VECTOR ( 'NONE', #4399, 1000.000000000000000 ) ;
#4555 = STYLED_ITEM ( 'NONE', ( #1126 ), #5004 ) ;
#4556 = VECTOR ( 'NONE', #2454, 1000.000000000000000 ) ;
#4557 = ORIENTED_EDGE ( 'NONE', *, *, #4404, .T. ) ;
#4558 = CARTESIAN_POINT ( 'NONE',  ( 5.400000000000027900, -3.949999999999950900, -3.950000000000015300 ) ) ;
#4559 = CARTESIAN_POINT ( 'NONE',  ( 3.600000000000029000, -4.049999999999963400, -3.950000000000014400 ) ) ;
#4560 = STYLED_ITEM ( 'NONE', ( #3958 ), #1596 ) ;
#4561 = ORIENTED_EDGE ( 'NONE', *, *, #4055, .F. ) ;
#4562 = LINE ( 'NONE', #4187, #3835 ) ;
#4563 = DIRECTION ( 'NONE',  ( -1.000000000000000000, -6.982966722218764100E-015, -2.438091212180733500E-029 ) ) ;
#4564 = DIRECTION ( 'NONE',  ( -1.000000000000000000, -6.982966722218767300E-015, 8.462065736471990200E-016 ) ) ;
#4565 = VERTEX_POINT ( 'NONE', #4393 ) ;
#4566 = FILL_AREA_STYLE ('',( #3776 ) ) ;
#4567 = EDGE_LOOP ( 'NONE', ( #2703, #773, #438, #5210 ) ) ;
#4568 = CARTESIAN_POINT ( 'NONE',  ( 11.50000000000001600, -2.149999999999920000, -0.01000000000000677100 ) ) ;
#4569 = PRESENTATION_LAYER_ASSIGNMENT (  '', '', ( #2267 ) ) ;
#4570 = SURFACE_STYLE_FILL_AREA ( #3245 ) ;
#4571 = FILL_AREA_STYLE ('',( #2896 ) ) ;
#4572 = VECTOR ( 'NONE', #4314, 1000.000000000000000 ) ;
#4573 = ORIENTED_EDGE ( 'NONE', *, *, #2904, .F. ) ;
#4574 = ADVANCED_FACE ( 'NONE', ( #3849 ), #3599, .F. ) ;
#4575 = LINE ( 'NONE', #1268, #2408 ) ;
#4576 = VECTOR ( 'NONE', #3025, 1000.000000000000000 ) ;
#4577 = FILL_AREA_STYLE_COLOUR ( '', #385 ) ;
#4578 = CARTESIAN_POINT ( 'NONE',  ( 12.00000000000002700, -4.049999999999907500, -2.250000000000019500 ) ) ;
#4579 = ORIENTED_EDGE ( 'NONE', *, *, #1705, .F. ) ;
#4580 = LINE ( 'NONE', #1856, #3974 ) ;
#4581 = LINE ( 'NONE', #1076, #3911 ) ;
#4582 =( NAMED_UNIT ( * ) PLANE_ANGLE_UNIT ( ) SI_UNIT ( $, .RADIAN. ) );
#4583 = SURFACE_SIDE_STYLE ('',( #127 ) ) ;
#4584 = CARTESIAN_POINT ( 'NONE',  ( 7.600000000000029000, -4.049999999999934100, -4.400000000000014600 ) ) ;
#4585 = EDGE_CURVE ( 'NONE', #850, #4912, #2915, .T. ) ;
#4586 = DIRECTION ( 'NONE',  ( 6.982966722218764100E-015, -1.000000000000000000, -3.491483361109382100E-015 ) ) ;
#4587 = ORIENTED_EDGE ( 'NONE', *, *, #2872, .T. ) ;
#4588 = DIRECTION ( 'NONE',  ( 1.000000000000000000, 6.982966722218764100E-015, 2.438091212180733500E-029 ) ) ;
#4589 = EDGE_CURVE ( 'NONE', #4143, #3366, #3281, .T. ) ;
#4590 = LINE ( 'NONE', #1722, #4708 ) ;
#4591 = EDGE_CURVE ( 'NONE', #3484, #208, #2537, .T. ) ;
#4592 = EDGE_CURVE ( 'NONE', #4665, #2210, #3149, .T. ) ;
#4593 = CARTESIAN_POINT ( 'NONE',  ( 5.600000000000029800, -4.199999999999946000, -4.950000000000016200 ) ) ;
#4594 = EDGE_LOOP ( 'NONE', ( #3980, #1022, #1743, #1154 ) ) ;
#4595 = ORIENTED_EDGE ( 'NONE', *, *, #2761, .F. ) ;
#4596 = CARTESIAN_POINT ( 'NONE',  ( 11.49999999999998800, 1.300000000000093700, -3.750000000000001300 ) ) ;
#4597 = ORIENTED_EDGE ( 'NONE', *, *, #1771, .T. ) ;
#4598 = DIRECTION ( 'NONE',  ( 1.892736922655891900E-030, 3.220432817988006000E-015, -1.000000000000000000 ) ) ;
#4599 = DIRECTION ( 'NONE',  ( -6.982966722218764100E-015, 1.000000000000000000, 3.491483361109382100E-015 ) ) ;
#4600 = ADVANCED_FACE ( 'NONE', ( #2719 ), #5256, .F. ) ;
#4601 = VERTEX_POINT ( 'NONE', #4844 ) ;
#4602 = ORIENTED_EDGE ( 'NONE', *, *, #1518, .F. ) ;
#4603 = VECTOR ( 'NONE', #4338, 1000.000000000000000 ) ;
#4604 = ORIENTED_EDGE ( 'NONE', *, *, #524, .T. ) ;
#4605 = FILL_AREA_STYLE ('',( #2614 ) ) ;
#4606 = CARTESIAN_POINT ( 'NONE',  ( 9.174999999999984700, 1.950000000000065700, -0.3499999999999923700 ) ) ;
#4607 = LINE ( 'NONE', #2723, #3254 ) ;
#4608 = CARTESIAN_POINT ( 'NONE',  ( 9.400000000000030600, -3.899999999999919500, -4.950000000000017100 ) ) ;
#4609 = PRESENTATION_LAYER_ASSIGNMENT (  '', '', ( #1101 ) ) ;
#4610 = EDGE_CURVE ( 'NONE', #550, #645, #3464, .T. ) ;
#4611 = CARTESIAN_POINT ( 'NONE',  ( 2.600000000000030300, -4.199999999999966400, -4.950000000000015300 ) ) ;
#4612 = DIRECTION ( 'NONE',  ( -6.982966722218764100E-015, 1.000000000000000000, 3.491483361109382100E-015 ) ) ;
#4613 = EDGE_CURVE ( 'NONE', #1932, #5023, #1493, .T. ) ;
#4614 = CARTESIAN_POINT ( 'NONE',  ( 11.99999999999998600, 1.950000000000099000, -4.399999999999993200 ) ) ;
#4615 = VERTEX_POINT ( 'NONE', #2349 ) ;
#4616 = VERTEX_POINT ( 'NONE', #275 ) ;
#4617 =( NAMED_UNIT ( * ) PLANE_ANGLE_UNIT ( ) SI_UNIT ( $, .RADIAN. ) );
#4618 = LINE ( 'NONE', #1959, #1411 ) ;
#4619 = ORIENTED_EDGE ( 'NONE', *, *, #4589, .F. ) ;
#4620 = SURFACE_STYLE_FILL_AREA ( #2977 ) ;
#4621 =( GEOMETRIC_REPRESENTATION_CONTEXT ( 3 ) GLOBAL_UNCERTAINTY_ASSIGNED_CONTEXT ( ( #1025 ) ) GLOBAL_UNIT_ASSIGNED_CONTEXT ( ( #3555, #3921, #1105 ) ) REPRESENTATION_CONTEXT ( 'NONE', 'WORKASPACE' ) );
#4622 = VERTEX_POINT ( 'NONE', #3152 ) ;
#4623 = EDGE_LOOP ( 'NONE', ( #1582, #4283, #2429, #938, #1439, #1588 ) ) ;
#4624 = CARTESIAN_POINT ( 'NONE',  ( 11.25000000000001100, -1.799999999999913900, -2.050000000000006500 ) ) ;
#4625 = STYLED_ITEM ( 'NONE', ( #392 ), #2074 ) ;
#4626 = ORIENTED_EDGE ( 'NONE', *, *, #582, .F. ) ;
#4627 = DIRECTION ( 'NONE',  ( 1.682432820138569100E-030, 3.250549545001492500E-015, -1.000000000000000000 ) ) ;
#4628 = SURFACE_STYLE_USAGE ( .BOTH. , #3793 ) ;
#4629 = PLANE ( 'NONE',  #4456 ) ;
#4630 = PLANE ( 'NONE',  #3379 ) ;
#4631 = VECTOR ( 'NONE', #5172, 1000.000000000000000 ) ;
#4632 = ORIENTED_EDGE ( 'NONE', *, *, #1841, .F. ) ;
#4633 = LINE ( 'NONE', #3022, #4033 ) ;
#4634 = PRESENTATION_LAYER_ASSIGNMENT (  '', '', ( #2427 ) ) ;
#4635 = VERTEX_POINT ( 'NONE', #4372 ) ;
#4636 = VECTOR ( 'NONE', #1873, 1000.000000000000000 ) ;
#4637 = ORIENTED_EDGE ( 'NONE', *, *, #798, .F. ) ;
#4638 = VECTOR ( 'NONE', #2602, 1000.000000000000000 ) ;
#4639 = SURFACE_STYLE_FILL_AREA ( #4176 ) ;
#4640 = EDGE_CURVE ( 'NONE', #3810, #1394, #1943, .T. ) ;
#4641 = DIRECTION ( 'NONE',  ( 0.0000000000000000000, -3.491483361109382100E-015, 1.000000000000000000 ) ) ;
#4642 = ORIENTED_EDGE ( 'NONE', *, *, #4781, .T. ) ;
#4643 = SURFACE_SIDE_STYLE ('',( #1725 ) ) ;
#4644 = DIRECTION ( 'NONE',  ( 6.982966722218764100E-015, -1.000000000000000000, -3.491483361109382100E-015 ) ) ;
#4645 = CARTESIAN_POINT ( 'NONE',  ( 6.600000000000027200, -3.899999999999939100, -4.950000000000016200 ) ) ;
#4646 = EDGE_LOOP ( 'NONE', ( #985, #609, #3433, #4974, #3995, #3170, #2841, #2547, #305, #1626, #4103, #809 ) ) ;
#4647 = ORIENTED_EDGE ( 'NONE', *, *, #3745, .T. ) ;
#4648 = EDGE_CURVE ( 'NONE', #1687, #975, #1248, .T. ) ;
#4649 = PRESENTATION_LAYER_ASSIGNMENT (  '', '', ( #3540 ) ) ;
#4650 =( NAMED_UNIT ( * ) PLANE_ANGLE_UNIT ( ) SI_UNIT ( $, .RADIAN. ) );
#4651 = ORIENTED_EDGE ( 'NONE', *, *, #4807, .F. ) ;
#4652 =( NAMED_UNIT ( * ) PLANE_ANGLE_UNIT ( ) SI_UNIT ( $, .RADIAN. ) );
#4653 = CARTESIAN_POINT ( 'NONE',  ( 0.5000000000000298600, -4.199999999999991300, -2.210000000000010200 ) ) ;
#4654 = ORIENTED_EDGE ( 'NONE', *, *, #265, .T. ) ;
#4655 = VERTEX_POINT ( 'NONE', #826 ) ;
#4656 = STYLED_ITEM ( 'NONE', ( #1792 ), #3319 ) ;
#4657 = DIRECTION ( 'NONE',  ( -6.982966722218764100E-015, 1.000000000000000000, 3.491483361109382100E-015 ) ) ;
#4658 = FACE_OUTER_BOUND ( 'NONE', #1207, .T. ) ;
#4659 =( NAMED_UNIT ( * ) PLANE_ANGLE_UNIT ( ) SI_UNIT ( $, .RADIAN. ) );
#4660 = PLANE ( 'NONE',  #5102 ) ;
#4661 = SURFACE_STYLE_USAGE ( .BOTH. , #4330 ) ;
#4662 = LINE ( 'NONE', #3926, #1788 ) ;
#4663 = FILL_AREA_STYLE ('',( #963 ) ) ;
#4664 = AXIS2_PLACEMENT_3D ( 'NONE', #1194, #2430, #2809 ) ;
#4665 = VERTEX_POINT ( 'NONE', #3581 ) ;
#4666 = ORIENTED_EDGE ( 'NONE', *, *, #755, .T. ) ;
#4667 = FACE_OUTER_BOUND ( 'NONE', #2551, .T. ) ;
#4668 = DIRECTION ( 'NONE',  ( -1.000000000000000000, -6.982966722218764100E-015, -2.438091212180733500E-029 ) ) ;
#4669 = LINE ( 'NONE', #3173, #4145 ) ;
#4670 = VECTOR ( 'NONE', #1418, 1000.000000000000000 ) ;
#4671 = ADVANCED_FACE ( 'NONE', ( #13 ), #714, .F. ) ;
#4672 = DIRECTION ( 'NONE',  ( -6.982966722218764100E-015, 1.000000000000000000, 3.491483361109382100E-015 ) ) ;
#4673 = DIRECTION ( 'NONE',  ( 1.000000000000000000, 6.982966722218764100E-015, 2.438091212180733500E-029 ) ) ;
#4674 = FILL_AREA_STYLE ('',( #569 ) ) ;
#4675 = ORIENTED_EDGE ( 'NONE', *, *, #3682, .F. ) ;
#4676 = VERTEX_POINT ( 'NONE', #4532 ) ;
#4677 = CARTESIAN_POINT ( 'NONE',  ( 0.7000000000000173900, -2.599999999999993000, -0.6000000000000101900 ) ) ;
#4678 = EDGE_CURVE ( 'NONE', #4716, #4676, #3731, .T. ) ;
#4679 =( LENGTH_UNIT ( ) NAMED_UNIT ( * ) SI_UNIT ( .MILLI., .METRE. ) );
#4680 = DIRECTION ( 'NONE',  ( -1.000000000000000000, -6.982966722218764100E-015, -2.438091212180733500E-029 ) ) ;
#4681 = EDGE_CURVE ( 'NONE', #375, #2976, #2645, .T. ) ;
#4682 = UNCERTAINTY_MEASURE_WITH_UNIT (LENGTH_MEASURE( 1.000000000000000100E-005 ), #2488, 'distance_accuracy_value', 'NONE');
#4683 = EDGE_CURVE ( 'NONE', #2577, #4249, #1560, .T. ) ;
#4684 = CARTESIAN_POINT ( 'NONE',  ( 9.174999999999998900, -0.04999999999992887900, -1.949999999999994400 ) ) ;
#4685 = ORIENTED_EDGE ( 'NONE', *, *, #1416, .F. ) ;
#4686 = DIRECTION ( 'NONE',  ( 0.0000000000000000000, -3.491483361109382100E-015, 1.000000000000000000 ) ) ;
#4687 = EDGE_LOOP ( 'NONE', ( #1509, #4561, #5078, #4647 ) ) ;
#4688 = AXIS2_PLACEMENT_3D ( 'NONE', #95, #3792, #5063 ) ;
#4689 = VECTOR ( 'NONE', #3729, 1000.000000000000000 ) ;
#4690 = SURFACE_SIDE_STYLE ('',( #4620 ) ) ;
#4691 = VECTOR ( 'NONE', #309, 1000.000000000000000 ) ;
#4692 = VECTOR ( 'NONE', #533, 1000.000000000000000 ) ;
#4693 = CARTESIAN_POINT ( 'NONE',  ( 9.175000000000023800, -3.449999999999930500, -1.800000000000012000 ) ) ;
#4694 = PRESENTATION_LAYER_ASSIGNMENT (  '', '', ( #3316 ) ) ;
#4695 = VECTOR ( 'NONE', #4339, 1000.000000000000000 ) ;
#4696 = EDGE_LOOP ( 'NONE', ( #282, #992, #1232, #3735 ) ) ;
#4697 = VECTOR ( 'NONE', #4497, 1000.000000000000000 ) ;
#4698 = COLOUR_RGB ( '',0.7529411764705882200, 0.7529411764705882200, 0.7529411764705882200 ) ;
#4699 = CARTESIAN_POINT ( 'NONE',  ( 11.50000000000002700, -4.049999999999911000, -2.250000000000019100 ) ) ;
#4700 =( NAMED_UNIT ( * ) PLANE_ANGLE_UNIT ( ) SI_UNIT ( $, .RADIAN. ) );
#4701 = CARTESIAN_POINT ( 'NONE',  ( 0.7500000000000149900, -1.799999999999987200, -2.050000000000005600 ) ) ;
#4702 = ORIENTED_EDGE ( 'NONE', *, *, #4715, .F. ) ;
#4703 = FACE_OUTER_BOUND ( 'NONE', #1323, .T. ) ;
#4704 = DIRECTION ( 'NONE',  ( 0.0000000000000000000, -3.491483361109382100E-015, 1.000000000000000000 ) ) ;
#4705 = FILL_AREA_STYLE_COLOUR ( '', #3440 ) ;
#4706 = VERTEX_POINT ( 'NONE', #4514 ) ;
#4707 = CARTESIAN_POINT ( 'NONE',  ( 11.49999999999998900, 1.300000000000089300, -2.450000000000001100 ) ) ;
#4708 = VECTOR ( 'NONE', #3698, 1000.000000000000000 ) ;
#4709 = CARTESIAN_POINT ( 'NONE',  ( 11.25000000000001600, -2.599999999999919300, -0.6000000000000113000 ) ) ;
#4710 = FILL_AREA_STYLE_COLOUR ( '', #318 ) ;
#4711 = EDGE_CURVE ( 'NONE', #4326, #3503, #1697, .T. ) ;
#4712 = ORIENTED_EDGE ( 'NONE', *, *, #5246, .T. ) ;
#4713 = EDGE_CURVE ( 'NONE', #2072, #4353, #4575, .T. ) ;
#4714 = SURFACE_STYLE_USAGE ( .BOTH. , #1402 ) ;
#4715 = EDGE_CURVE ( 'NONE', #1765, #4326, #969, .T. ) ;
#4716 = VERTEX_POINT ( 'NONE', #393 ) ;
#4717 = DIRECTION ( 'NONE',  ( 0.0000000000000000000, -3.491483361109382100E-015, 1.000000000000000000 ) ) ;
#4718 = ORIENTED_EDGE ( 'NONE', *, *, #2660, .T. ) ;
#4719 = ORIENTED_EDGE ( 'NONE', *, *, #4711, .T. ) ;
#4720 = LINE ( 'NONE', #4863, #3750 ) ;
#4721 = MECHANICAL_DESIGN_GEOMETRIC_PRESENTATION_REPRESENTATION (  '', ( #3337 ), #1041 ) ;
#4722 = DIRECTION ( 'NONE',  ( -2.753071887499477700E-030, -3.097228025660107800E-015, 1.000000000000000000 ) ) ;
#4723 = ORIENTED_EDGE ( 'NONE', *, *, #1774, .T. ) ;
#4724 = CARTESIAN_POINT ( 'NONE',  ( 10.40000000000002900, -3.949999999999914500, -4.400000000000014600 ) ) ;
#4725 = VERTEX_POINT ( 'NONE', #1669 ) ;
#4726 =( GEOMETRIC_REPRESENTATION_CONTEXT ( 3 ) GLOBAL_UNCERTAINTY_ASSIGNED_CONTEXT ( ( #1341 ) ) GLOBAL_UNIT_ASSIGNED_CONTEXT ( ( #747, #4432, #5257 ) ) REPRESENTATION_CONTEXT ( 'NONE', 'WORKASPACE' ) );
#4727 = DIRECTION ( 'NONE',  ( 6.982966722218764100E-015, -1.000000000000000000, -3.491483361109382100E-015 ) ) ;
#4728 = EDGE_LOOP ( 'NONE', ( #2444, #3192, #638, #4925 ) ) ;
#4729 = LINE ( 'NONE', #108, #2757 ) ;
#4730 = CARTESIAN_POINT ( 'NONE',  ( 1.501337845277034400E-014, -2.149999999999999900, -6.639327488396767400E-015 ) ) ;
#4731 = FILL_AREA_STYLE ('',( #1085 ) ) ;
#4732 = DIRECTION ( 'NONE',  ( -6.982966722218764100E-015, 1.000000000000000000, 3.491483361109382100E-015 ) ) ;
#4733 = LINE ( 'NONE', #495, #748 ) ;
#4734 = VECTOR ( 'NONE', #3602, 1000.000000000000000 ) ;
#4735 = DIRECTION ( 'NONE',  ( 8.462065736472234800E-016, -3.491483361109376100E-015, 1.000000000000000000 ) ) ;
#4736 = FACE_OUTER_BOUND ( 'NONE', #354, .T. ) ;
#4737 = VERTEX_POINT ( 'NONE', #3278 ) ;
#4738 = ORIENTED_EDGE ( 'NONE', *, *, #556, .T. ) ;
#4739 = DIRECTION ( 'NONE',  ( 0.0000000000000000000, -3.491483361109382100E-015, 1.000000000000000000 ) ) ;
#4740 = PRESENTATION_STYLE_ASSIGNMENT (( #4847 ) ) ;
#4741 = DIRECTION ( 'NONE',  ( 6.982966722218764100E-015, -1.000000000000000000, -3.491483361109382100E-015 ) ) ;
#4742 =( NAMED_UNIT ( * ) SI_UNIT ( $, .STERADIAN. ) SOLID_ANGLE_UNIT ( ) );
#4743 = ORIENTED_EDGE ( 'NONE', *, *, #2724, .F. ) ;
#4744 = DIRECTION ( 'NONE',  ( -0.0000000000000000000, 3.491483361109382100E-015, -1.000000000000000000 ) ) ;
#4745 = VECTOR ( 'NONE', #4278, 1000.000000000000000 ) ;
#4746 = UNCERTAINTY_MEASURE_WITH_UNIT (LENGTH_MEASURE( 1.000000000000000100E-005 ), #1578, 'distance_accuracy_value', 'NONE');
#4747 = ORIENTED_EDGE ( 'NONE', *, *, #5175, .F. ) ;
#4748 = EDGE_CURVE ( 'NONE', #1516, #758, #3789, .T. ) ;
#4749 = CARTESIAN_POINT ( 'NONE',  ( 2.400000000000027900, -3.899999999999968400, -4.950000000000014400 ) ) ;
#4750 = EDGE_CURVE ( 'NONE', #1293, #995, #3669, .T. ) ;
#4751 = EDGE_CURVE ( 'NONE', #3148, #3179, #5228, .T. ) ;
#4752 = LINE ( 'NONE', #2637, #1165 ) ;
#4753 = SURFACE_STYLE_FILL_AREA ( #27 ) ;
#4754 = ORIENTED_EDGE ( 'NONE', *, *, #451, .F. ) ;
#4755 = FACE_OUTER_BOUND ( 'NONE', #4459, .T. ) ;
#4756 = ORIENTED_EDGE ( 'NONE', *, *, #2184, .T. ) ;
#4757 = CARTESIAN_POINT ( 'NONE',  ( 5.400000000000027000, -3.899999999999949700, -4.400000000000014600 ) ) ;
#4758 = DIRECTION ( 'NONE',  ( 1.000000000000000000, 6.982966722218764100E-015, 2.438091212180733500E-029 ) ) ;
#4759 =( GEOMETRIC_REPRESENTATION_CONTEXT ( 3 ) GLOBAL_UNCERTAINTY_ASSIGNED_CONTEXT ( ( #3938 ) ) GLOBAL_UNIT_ASSIGNED_CONTEXT ( ( #1859, #1008, #2649 ) ) REPRESENTATION_CONTEXT ( 'NONE', 'WORKASPACE' ) );
#4760 = DIRECTION ( 'NONE',  ( -6.982966722218764100E-015, 1.000000000000000000, 3.491483361109382100E-015 ) ) ;
#4761 = EDGE_LOOP ( 'NONE', ( #3176, #406, #2089, #3680, #4932 ) ) ;
#4762 = VECTOR ( 'NONE', #2366, 1000.000000000000000 ) ;
#4763 = LINE ( 'NONE', #204, #1494 ) ;
#4764 = PRESENTATION_LAYER_ASSIGNMENT (  '', '', ( #5154 ) ) ;
#4765 = VERTEX_POINT ( 'NONE', #19 ) ;
#4766 = DIRECTION ( 'NONE',  ( -6.982966722218764100E-015, 1.000000000000000000, 3.491483361109382100E-015 ) ) ;
#4767 = CARTESIAN_POINT ( 'NONE',  ( 11.25000000000001600, -2.599999999999908200, -3.650000000000009700 ) ) ;
#4768 = ORIENTED_EDGE ( 'NONE', *, *, #2114, .F. ) ;
#4769 = LINE ( 'NONE', #4848, #981 ) ;
#4770 = CARTESIAN_POINT ( 'NONE',  ( 3.600000000000028100, -3.899999999999959900, -4.950000000000014400 ) ) ;
#4771 = ORIENTED_EDGE ( 'NONE', *, *, #2987, .T. ) ;
#4772 = CARTESIAN_POINT ( 'NONE',  ( 5.600000000000028100, -3.949999999999950900, -3.450000000000012200 ) ) ;
#4773 = DIRECTION ( 'NONE',  ( -0.0000000000000000000, 3.491483361109382100E-015, -1.000000000000000000 ) ) ;
#4774 = ORIENTED_EDGE ( 'NONE', *, *, #3650, .T. ) ;
#4775 = CARTESIAN_POINT ( 'NONE',  ( 6.600000000000028100, -3.949999999999942400, -3.950000000000016200 ) ) ;
#4776 = ADVANCED_FACE ( 'NONE', ( #3340 ), #5294, .F. ) ;
#4777 = DIRECTION ( 'NONE',  ( 8.462065736472248600E-016, -3.703035004521181600E-015, 1.000000000000000000 ) ) ;
#4778 = PLANE ( 'NONE',  #3772 ) ;
#4779 = AXIS2_PLACEMENT_3D ( 'NONE', #4593, #3304, #71 ) ;
#4780 = EDGE_CURVE ( 'NONE', #3394, #421, #3532, .T. ) ;
#4781 = EDGE_CURVE ( 'NONE', #975, #1719, #3598, .T. ) ;
#4782 = ORIENTED_EDGE ( 'NONE', *, *, #4961, .F. ) ;
#4783 = ORIENTED_EDGE ( 'NONE', *, *, #3401, .F. ) ;
#4784 = DIRECTION ( 'NONE',  ( 0.0000000000000000000, -1.000000000000000000, -3.392919527247065200E-015 ) ) ;
#4785 = LINE ( 'NONE', #620, #5322 ) ;
#4786 = DIRECTION ( 'NONE',  ( 6.982966722218764100E-015, -1.000000000000000000, -3.309264508590810100E-015 ) ) ;
#4787 = ORIENTED_EDGE ( 'NONE', *, *, #5139, .T. ) ;
#4788 = VECTOR ( 'NONE', #4038, 1000.000000000000000 ) ;
#4789 =( GEOMETRIC_REPRESENTATION_CONTEXT ( 3 ) GLOBAL_UNCERTAINTY_ASSIGNED_CONTEXT ( ( #1434 ) ) GLOBAL_UNIT_ASSIGNED_CONTEXT ( ( #946, #1795, #2631 ) ) REPRESENTATION_CONTEXT ( 'NONE', 'WORKASPACE' ) );
#4790 = SURFACE_SIDE_STYLE ('',( #744 ) ) ;
#4791 = FACE_OUTER_BOUND ( 'NONE', #2698, .T. ) ;
#4792 = CARTESIAN_POINT ( 'NONE',  ( 7.600000000000028100, -3.949999999999933600, -4.400000000000014600 ) ) ;
#4793 = CARTESIAN_POINT ( 'NONE',  ( 11.49999999999998900, 1.300000000000089300, -2.450000000000001100 ) ) ;
#4794 =( NAMED_UNIT ( * ) SI_UNIT ( $, .STERADIAN. ) SOLID_ANGLE_UNIT ( ) );
#4795 = DIRECTION ( 'NONE',  ( 0.0000000000000000000, 3.491483361109382100E-015, -1.000000000000000000 ) ) ;
#4796 = VECTOR ( 'NONE', #1714, 1000.000000000000000 ) ;
#4797 = FILL_AREA_STYLE ('',( #1937 ) ) ;
#4798 = SURFACE_SIDE_STYLE ('',( #2934 ) ) ;
#4799 = CARTESIAN_POINT ( 'NONE',  ( 1.174999999999985400, 1.950000000000010600, -0.5999999999999954300 ) ) ;
#4800 = AXIS2_PLACEMENT_3D ( 'NONE', #2620, #3018, #129 ) ;
#4801 =( LENGTH_UNIT ( ) NAMED_UNIT ( * ) SI_UNIT ( .MILLI., .METRE. ) );
#4802 =( NAMED_UNIT ( * ) PLANE_ANGLE_UNIT ( ) SI_UNIT ( $, .RADIAN. ) );
#4803 = VECTOR ( 'NONE', #5309, 1000.000000000000000 ) ;
#4804 = CARTESIAN_POINT ( 'NONE',  ( 11.50000000000002300, -3.449999999999912200, -2.250000000000016900 ) ) ;
#4805 = DIRECTION ( 'NONE',  ( -1.000000000000000000, -6.982966722218764100E-015, -2.438091212180733500E-029 ) ) ;
#4806 = CARTESIAN_POINT ( 'NONE',  ( 8.400000000000028800, -4.049999999999928800, -4.400000000000014600 ) ) ;
#4807 = EDGE_CURVE ( 'NONE', #3306, #1293, #1173, .T. ) ;
#4808 = SURFACE_STYLE_USAGE ( .BOTH. , #1928 ) ;
#4809 = EDGE_CURVE ( 'NONE', #2183, #693, #4296, .T. ) ;
#4810 = COLOUR_RGB ( '',0.7529411764705882200, 0.7529411764705882200, 0.7529411764705882200 ) ;
#4811 = EDGE_CURVE ( 'NONE', #4814, #84, #2138, .T. ) ;
#4812 = FILL_AREA_STYLE_COLOUR ( '', #687 ) ;
#4813 = FACE_OUTER_BOUND ( 'NONE', #4121, .T. ) ;
#4814 = VERTEX_POINT ( 'NONE', #5311 ) ;
#4815 = VECTOR ( 'NONE', #4958, 1000.000000000000000 ) ;
#4816 = LINE ( 'NONE', #4558, #515 ) ;
#4817 = FACE_OUTER_BOUND ( 'NONE', #4261, .T. ) ;
#4818 =( LENGTH_UNIT ( ) NAMED_UNIT ( * ) SI_UNIT ( .MILLI., .METRE. ) );
#4819 = CARTESIAN_POINT ( 'NONE',  ( 8.600000000000029800, -4.049999999999928800, -3.950000000000017100 ) ) ;
#4820 = PRESENTATION_LAYER_ASSIGNMENT (  '', '', ( #3909 ) ) ;
#4821 = DIRECTION ( 'NONE',  ( 6.982966722218764100E-015, -1.000000000000000000, -3.491483361109382100E-015 ) ) ;
#4822 = VERTEX_POINT ( 'NONE', #2534 ) ;
#4823 = LINE ( 'NONE', #2403, #3465 ) ;
#4824 = CARTESIAN_POINT ( 'NONE',  ( 0.7499999999999861200, 1.950000000000018400, -3.649999999999993200 ) ) ;
#4825 = PLANE ( 'NONE',  #2457 ) ;
#4826 = MECHANICAL_DESIGN_GEOMETRIC_PRESENTATION_REPRESENTATION (  '', ( #4560 ), #598 ) ;
#4827 =( NAMED_UNIT ( * ) PLANE_ANGLE_UNIT ( ) SI_UNIT ( $, .RADIAN. ) );
#4828 = LINE ( 'NONE', #3080, #4376 ) ;
#4829 = CARTESIAN_POINT ( 'NONE',  ( 8.400000000000028800, -3.899999999999928400, -4.400000000000014600 ) ) ;
#4830 = DIRECTION ( 'NONE',  ( 1.000000000000000000, 6.982966722218764100E-015, 2.438091212180733500E-029 ) ) ;
#4831 = ADVANCED_FACE ( 'NONE', ( #2368 ), #4975, .T. ) ;
#4832 =( NAMED_UNIT ( * ) PLANE_ANGLE_UNIT ( ) SI_UNIT ( $, .RADIAN. ) );
#4833 = EDGE_LOOP ( 'NONE', ( #1711, #2483, #2906, #3008 ) ) ;
#4834 = FACE_OUTER_BOUND ( 'NONE', #3106, .T. ) ;
#4835 = PRESENTATION_LAYER_ASSIGNMENT (  '', '', ( #5230 ) ) ;
#4836 = DIRECTION ( 'NONE',  ( -0.0000000000000000000, 3.491483361109382100E-015, -1.000000000000000000 ) ) ;
#4837 = CARTESIAN_POINT ( 'NONE',  ( 7.400000000000027900, -3.949999999999938900, -3.450000000000013100 ) ) ;
#4838 = CARTESIAN_POINT ( 'NONE',  ( 5.600000000000029800, -4.199999999999946000, -4.950000000000016200 ) ) ;
#4839 = ORIENTED_EDGE ( 'NONE', *, *, #2440, .F. ) ;
#4840 = ADVANCED_FACE ( 'NONE', ( #3312 ), #3314, .T. ) ;
#4841 = SURFACE_STYLE_USAGE ( .BOTH. , #2787 ) ;
#4842 = VERTEX_POINT ( 'NONE', #2978 ) ;
#4843 = UNCERTAINTY_MEASURE_WITH_UNIT (LENGTH_MEASURE( 1.000000000000000100E-005 ), #2240, 'distance_accuracy_value', 'NONE');
#4844 = CARTESIAN_POINT ( 'NONE',  ( 0.7500000000000025500, -0.3999999999999459500, -3.650000000000001200 ) ) ;
#4845 = PLANE ( 'NONE',  #1613 ) ;
#4846 = CARTESIAN_POINT ( 'NONE',  ( 6.600000000000029000, -4.049999999999942100, -3.950000000000016200 ) ) ;
#4847 = SURFACE_STYLE_USAGE ( .BOTH. , #4440 ) ;
#4848 = CARTESIAN_POINT ( 'NONE',  ( 8.400000000000028800, -3.949999999999929100, -3.950000000000017100 ) ) ;
#4849 = SURFACE_SIDE_STYLE ('',( #3573 ) ) ;
#4850 = EDGE_CURVE ( 'NONE', #4102, #512, #4860, .T. ) ;
#4851 = DIRECTION ( 'NONE',  ( 1.000000000000000000, 6.982966722218764100E-015, 2.438091212180733500E-029 ) ) ;
#4852 = ORIENTED_EDGE ( 'NONE', *, *, #1484, .F. ) ;
#4853 = ORIENTED_EDGE ( 'NONE', *, *, #4194, .F. ) ;
#4854 = CARTESIAN_POINT ( 'NONE',  ( 9.600000000000029800, -3.899999999999918200, -4.950000000000017100 ) ) ;
#4855 = EDGE_LOOP ( 'NONE', ( #3454, #162, #3264, #3055 ) ) ;
#4856 = ORIENTED_EDGE ( 'NONE', *, *, #1135, .T. ) ;
#4857 = EDGE_CURVE ( 'NONE', #2862, #1832, #2885, .T. ) ;
#4858 = EDGE_CURVE ( 'NONE', #3563, #5121, #816, .T. ) ;
#4859 = EDGE_CURVE ( 'NONE', #758, #4375, #3437, .T. ) ;
#4860 = LINE ( 'NONE', #4996, #2618 ) ;
#4861 = LINE ( 'NONE', #4614, #563 ) ;
#4862 = ORIENTED_EDGE ( 'NONE', *, *, #6, .T. ) ;
#4863 = CARTESIAN_POINT ( 'NONE',  ( 0.7499999999999887900, 1.950000000000010200, -1.299999999999992500 ) ) ;
#4864 = ADVANCED_FACE ( 'NONE', ( #5057 ), #1352, .F. ) ;
#4865 = STYLED_ITEM ( 'NONE', ( #1140 ), #3672 ) ;
#4866 = CARTESIAN_POINT ( 'NONE',  ( 12.00000000000002800, -4.049999999999915400, -1.327314587450429900E-014 ) ) ;
#4867 = FACE_OUTER_BOUND ( 'NONE', #4402, .T. ) ;
#4868 = CARTESIAN_POINT ( 'NONE',  ( 0.3000000000000124800, -1.799999999999992700, -1.300000000000005600 ) ) ;
#4869 = FILL_AREA_STYLE ('',( #4480 ) ) ;
#4870 = SURFACE_STYLE_FILL_AREA ( #338 ) ;
#4871 = DIRECTION ( 'NONE',  ( -0.0000000000000000000, 3.491483361109382100E-015, -1.000000000000000000 ) ) ;
#4872 = ADVANCED_FACE ( 'NONE', ( #3939 ), #1294, .F. ) ;
#4873 =( GEOMETRIC_REPRESENTATION_CONTEXT ( 3 ) GLOBAL_UNCERTAINTY_ASSIGNED_CONTEXT ( ( #1272 ) ) GLOBAL_UNIT_ASSIGNED_CONTEXT ( ( #1219, #4071, #340 ) ) REPRESENTATION_CONTEXT ( 'NONE', 'WORKASPACE' ) );
#4874 = LINE ( 'NONE', #3723, #1472 ) ;
#4875 = VERTEX_POINT ( 'NONE', #4611 ) ;
#4876 =( NAMED_UNIT ( * ) SI_UNIT ( $, .STERADIAN. ) SOLID_ANGLE_UNIT ( ) );
#4877 = FACE_OUTER_BOUND ( 'NONE', #552, .T. ) ;
#4878 = EDGE_LOOP ( 'NONE', ( #4401, #4315, #2557, #4064 ) ) ;
#4879 = ORIENTED_EDGE ( 'NONE', *, *, #4711, .F. ) ;
#4880 = DIRECTION ( 'NONE',  ( -6.982966722218764100E-015, 1.000000000000000000, 3.491483361109382100E-015 ) ) ;
#4881 = CARTESIAN_POINT ( 'NONE',  ( 11.50000000000002800, -4.199999999999922000, -0.01000000000001406700 ) ) ;
#4882 = UNCERTAINTY_MEASURE_WITH_UNIT (LENGTH_MEASURE( 1.000000000000000100E-005 ), #1150, 'distance_accuracy_value', 'NONE');
#4883 = LINE ( 'NONE', #4709, #4745 ) ;
#4884 = CARTESIAN_POINT ( 'NONE',  ( 1.600000000000029000, -4.199999999999977100, -3.950000000000014400 ) ) ;
#4885 = ORIENTED_EDGE ( 'NONE', *, *, #1254, .T. ) ;
#4886 = FILL_AREA_STYLE_COLOUR ( '', #1488 ) ;
#4887 = DIRECTION ( 'NONE',  ( -1.000000000000000000, -6.982966722218764100E-015, -2.438091212180733500E-029 ) ) ;
#4888 = ORIENTED_EDGE ( 'NONE', *, *, #5035, .F. ) ;
#4889 =( NAMED_UNIT ( * ) SI_UNIT ( $, .STERADIAN. ) SOLID_ANGLE_UNIT ( ) );
#4890 = CARTESIAN_POINT ( 'NONE',  ( 9.600000000000029800, -4.049999999999921700, -3.950000000000017100 ) ) ;
#4891 = DIRECTION ( 'NONE',  ( -6.982966722218764100E-015, 1.000000000000000000, 3.491483361109382100E-015 ) ) ;
#4892 = MECHANICAL_DESIGN_GEOMETRIC_PRESENTATION_REPRESENTATION (  '', ( #2316 ), #1933 ) ;
#4893 = EDGE_CURVE ( 'NONE', #855, #1104, #3701, .T. ) ;
#4894 = EDGE_CURVE ( 'NONE', #26, #3503, #1001, .T. ) ;
#4895 = ADVANCED_FACE ( 'NONE', ( #3817 ), #2160, .F. ) ;
#4896 = ORIENTED_EDGE ( 'NONE', *, *, #2964, .F. ) ;
#4897 = SURFACE_SIDE_STYLE ('',( #1054 ) ) ;
#4898 = PLANE ( 'NONE',  #3252 ) ;
#4899 = ORIENTED_EDGE ( 'NONE', *, *, #4546, .F. ) ;
#4900 = VECTOR ( 'NONE', #696, 1000.000000000000000 ) ;
#4901 = LINE ( 'NONE', #1405, #3670 ) ;
#4902 = COLOUR_RGB ( '',0.7529411764705882200, 0.7529411764705882200, 0.7529411764705882200 ) ;
#4903 = CARTESIAN_POINT ( 'NONE',  ( 9.400000000000032300, -4.199999999999922900, -3.950000000000017900 ) ) ;
#4904 = AXIS2_PLACEMENT_3D ( 'NONE', #657, #5193, #3109 ) ;
#4905 = CARTESIAN_POINT ( 'NONE',  ( 10.60000000000003000, -3.899999999999912900, -4.400000000000017200 ) ) ;
#4906 = ORIENTED_EDGE ( 'NONE', *, *, #3968, .T. ) ;
#4907 = VECTOR ( 'NONE', #146, 1000.000000000000000 ) ;
#4908 =( NAMED_UNIT ( * ) PLANE_ANGLE_UNIT ( ) SI_UNIT ( $, .RADIAN. ) );
#4909 = SURFACE_STYLE_USAGE ( .BOTH. , #1636 ) ;
#4910 = DIRECTION ( 'NONE',  ( 0.0000000000000000000, -3.491483361109382100E-015, 1.000000000000000000 ) ) ;
#4911 = DIRECTION ( 'NONE',  ( 1.000000000000000000, 6.982966722218765700E-015, -4.231032868235873300E-016 ) ) ;
#4912 = VERTEX_POINT ( 'NONE', #4151 ) ;
#4913 = CARTESIAN_POINT ( 'NONE',  ( 0.3000000000000124800, -1.799999999999992700, -1.300000000000005600 ) ) ;
#4914 = ORIENTED_EDGE ( 'NONE', *, *, #2795, .F. ) ;
#4915 = DIRECTION ( 'NONE',  ( 6.982966722218764100E-015, -1.000000000000000000, -3.491483361109382100E-015 ) ) ;
#4916 = ORIENTED_EDGE ( 'NONE', *, *, #4522, .T. ) ;
#4917 =( GEOMETRIC_REPRESENTATION_CONTEXT ( 3 ) GLOBAL_UNCERTAINTY_ASSIGNED_CONTEXT ( ( #4843 ) ) GLOBAL_UNIT_ASSIGNED_CONTEXT ( ( #2240, #5129, #3863 ) ) REPRESENTATION_CONTEXT ( 'NONE', 'WORKASPACE' ) );
#4918 = VERTEX_POINT ( 'NONE', #3728 ) ;
#4919 = CARTESIAN_POINT ( 'NONE',  ( 2.600000000000030300, -4.199999999999970000, -3.950000000000015300 ) ) ;
#4920 = SURFACE_STYLE_USAGE ( .BOTH. , #2120 ) ;
#4921 = UNCERTAINTY_MEASURE_WITH_UNIT (LENGTH_MEASURE( 1.000000000000000100E-005 ), #3459, 'distance_accuracy_value', 'NONE');
#4922 = PRESENTATION_STYLE_ASSIGNMENT (( #3671 ) ) ;
#4923 = PRODUCT_DEFINITION_FORMATION_WITH_SPECIFIED_SOURCE ( 'ANY', '', #4115, .NOT_KNOWN. ) ;
#4924 = VERTEX_POINT ( 'NONE', #3435 ) ;
#4925 = ORIENTED_EDGE ( 'NONE', *, *, #2113, .T. ) ;
#4926 = EDGE_CURVE ( 'NONE', #3902, #2407, #3999, .T. ) ;
#4927 = CARTESIAN_POINT ( 'NONE',  ( 0.5000000000000283100, -4.049999999999993600, -0.6500000000000142300 ) ) ;
#4928 = ORIENTED_EDGE ( 'NONE', *, *, #5280, .T. ) ;
#4929 = FILL_AREA_STYLE_COLOUR ( '', #1486 ) ;
#4930 =( LENGTH_UNIT ( ) NAMED_UNIT ( * ) SI_UNIT ( .MILLI., .METRE. ) );
#4931 = CARTESIAN_POINT ( 'NONE',  ( 0.7500000000000178700, -2.599999999999981900, -3.650000000000009200 ) ) ;
#4932 = ORIENTED_EDGE ( 'NONE', *, *, #2796, .T. ) ;
#4933 = CARTESIAN_POINT ( 'NONE',  ( 1.600000000000029000, -4.199999999999977100, -3.950000000000014400 ) ) ;
#4934 = VECTOR ( 'NONE', #749, 1000.000000000000000 ) ;
#4935 = VECTOR ( 'NONE', #4271, 1000.000000000000000 ) ;
#4936 =( NAMED_UNIT ( * ) SI_UNIT ( $, .STERADIAN. ) SOLID_ANGLE_UNIT ( ) );
#4937 = EDGE_CURVE ( 'NONE', #3108, #4544, #4265, .T. ) ;
#4938 = MECHANICAL_DESIGN_GEOMETRIC_PRESENTATION_REPRESENTATION (  '', ( #3540 ), #3717 ) ;
#4939 = DIRECTION ( 'NONE',  ( -1.000000000000000000, -6.982966722218764100E-015, -2.438091212180733500E-029 ) ) ;
#4940 = VECTOR ( 'NONE', #4989, 1000.000000000000000 ) ;
#4941 = PRESENTATION_LAYER_ASSIGNMENT (  '', '', ( #4496 ) ) ;
#4942 = CARTESIAN_POINT ( 'NONE',  ( 10.82500000000000100, -0.04999999999991686100, -2.100000000000002300 ) ) ;
#4943 = ORIENTED_EDGE ( 'NONE', *, *, #834, .T. ) ;
#4944 = DIRECTION ( 'NONE',  ( -1.000000000000000000, -6.982966722218764900E-015, 1.314184451497578800E-016 ) ) ;
#4945 = CARTESIAN_POINT ( 'NONE',  ( 6.600000000000027200, -3.899999999999940800, -4.400000000000014600 ) ) ;
#4946 =( GEOMETRIC_REPRESENTATION_CONTEXT ( 3 ) GLOBAL_UNCERTAINTY_ASSIGNED_CONTEXT ( ( #2219 ) ) GLOBAL_UNIT_ASSIGNED_CONTEXT ( ( #1266, #2468, #3256 ) ) REPRESENTATION_CONTEXT ( 'NONE', 'WORKASPACE' ) );
#4947 = UNCERTAINTY_MEASURE_WITH_UNIT (LENGTH_MEASURE( 1.000000000000000100E-005 ), #4364, 'distance_accuracy_value', 'NONE');
#4948 = ORIENTED_EDGE ( 'NONE', *, *, #3773, .F. ) ;
#4949 = VERTEX_POINT ( 'NONE', #3418 ) ;
#4950 = CARTESIAN_POINT ( 'NONE',  ( 11.99999999999998600, 1.950000000000084100, 7.675754292151991400E-015 ) ) ;
#4951 = LINE ( 'NONE', #1483, #643 ) ;
#4952 = VECTOR ( 'NONE', #2900, 1000.000000000000000 ) ;
#4953 = VECTOR ( 'NONE', #2591, 1000.000000000000000 ) ;
#4954 = DIRECTION ( 'NONE',  ( 6.982966722218764100E-015, -1.000000000000000000, -3.491483361109382100E-015 ) ) ;
#4955 = CARTESIAN_POINT ( 'NONE',  ( 0.4999999999999909000, 1.300000000000016900, -3.749999999999996400 ) ) ;
#4956 = SURFACE_STYLE_FILL_AREA ( #1059 ) ;
#4957 = ORIENTED_EDGE ( 'NONE', *, *, #3159, .T. ) ;
#4958 = DIRECTION ( 'NONE',  ( -6.982966722218764100E-015, 1.000000000000000000, 3.491483361109382100E-015 ) ) ;
#4959 = VECTOR ( 'NONE', #599, 1000.000000000000000 ) ;
#4960 = CARTESIAN_POINT ( 'NONE',  ( 1.600000000000027000, -3.899999999999973700, -4.950000000000013500 ) ) ;
#4961 = EDGE_CURVE ( 'NONE', #3751, #3389, #3872, .T. ) ;
#4962 = EDGE_CURVE ( 'NONE', #2203, #4601, #4213, .T. ) ;
#4963 = EDGE_CURVE ( 'NONE', #701, #2793, #2511, .T. ) ;
#4964 = DIRECTION ( 'NONE',  ( -8.462065736472215100E-016, 3.220432817988000000E-015, -1.000000000000000000 ) ) ;
#4965 = VERTEX_POINT ( 'NONE', #3467 ) ;
#4966 = PRESENTATION_STYLE_ASSIGNMENT (( #2286 ) ) ;
#4967 = VECTOR ( 'NONE', #639, 1000.000000000000000 ) ;
#4968 = ORIENTED_EDGE ( 'NONE', *, *, #1797, .F. ) ;
#4969 = LINE ( 'NONE', #156, #3852 ) ;
#4970 = SURFACE_STYLE_FILL_AREA ( #2030 ) ;
#4971 = ADVANCED_FACE ( 'NONE', ( #5328 ), #3825, .F. ) ;
#4972 = AXIS2_PLACEMENT_3D ( 'NONE', #4250, #1362, #4672 ) ;
#4973 = EDGE_LOOP ( 'NONE', ( #3814, #4756, #2895, #4098 ) ) ;
#4974 = ORIENTED_EDGE ( 'NONE', *, *, #3302, .T. ) ;
#4975 = PLANE ( 'NONE',  #2700 ) ;
#4976 = DIRECTION ( 'NONE',  ( -6.982966722218764100E-015, 1.000000000000000000, 3.491483361109382100E-015 ) ) ;
#4977 = MECHANICAL_DESIGN_GEOMETRIC_PRESENTATION_REPRESENTATION (  '', ( #3316 ), #4621 ) ;
#4978 = ADVANCED_FACE ( 'NONE', ( #808 ), #4660, .F. ) ;
#4979 = ORIENTED_EDGE ( 'NONE', *, *, #3469, .T. ) ;
#4980 = CARTESIAN_POINT ( 'NONE',  ( 9.400000000000030600, -3.899999999999921300, -4.400000000000014600 ) ) ;
#4981 = COLOUR_RGB ( '',0.7529411764705882200, 0.7529411764705882200, 0.7529411764705882200 ) ;
#4982 = DIRECTION ( 'NONE',  ( 1.000000000000000000, 6.982966722218764100E-015, 2.438091212180733500E-029 ) ) ;
#4983 = ORIENTED_EDGE ( 'NONE', *, *, #2689, .F. ) ;
#4984 = PRESENTATION_LAYER_ASSIGNMENT (  '', '', ( #2345 ) ) ;
#4985 = COLOUR_RGB ( '',0.7529411764705882200, 0.7529411764705882200, 0.7529411764705882200 ) ;
#4986 = ORIENTED_EDGE ( 'NONE', *, *, #4009, .T. ) ;
#4987 = DIRECTION ( 'NONE',  ( 6.982966722218764100E-015, -1.000000000000000000, -3.491483361109382100E-015 ) ) ;
#4988 = VERTEX_POINT ( 'NONE', #1819 ) ;
#4989 = DIRECTION ( 'NONE',  ( 5.981805089575192300E-016, -3.491483361109377700E-015, 1.000000000000000000 ) ) ;
#4990 = COLOUR_RGB ( '',0.7529411764705882200, 0.7529411764705882200, 0.7529411764705882200 ) ;
#4991 = LINE ( 'NONE', #2948, #740 ) ;
#4992 = ORIENTED_EDGE ( 'NONE', *, *, #3190, .F. ) ;
#4993 = EDGE_CURVE ( 'NONE', #207, #2287, #1458, .T. ) ;
#4994 = STYLED_ITEM ( 'NONE', ( #3842 ), #4125 ) ;
#4995 = EDGE_CURVE ( 'NONE', #1384, #1309, #280, .T. ) ;
#4996 = CARTESIAN_POINT ( 'NONE',  ( 2.828101522498601200E-014, -4.049999999999986500, -4.400000000000014600 ) ) ;
#4997 = CARTESIAN_POINT ( 'NONE',  ( 10.60000000000003000, -4.049999999999914600, -3.950000000000017900 ) ) ;
#4998 = EDGE_CURVE ( 'NONE', #2868, #2433, #2989, .T. ) ;
#4999 = CARTESIAN_POINT ( 'NONE',  ( -9.077856738884396200E-015, 1.300000000000008900, -2.449999999999996600 ) ) ;
#5000 = LINE ( 'NONE', #1517, #3569 ) ;
#5001 = FACE_OUTER_BOUND ( 'NONE', #3516, .T. ) ;
#5002 = LINE ( 'NONE', #877, #2827 ) ;
#5003 = EDGE_LOOP ( 'NONE', ( #3543, #3485, #3708, #4159, #5314, #5032 ) ) ;
#5004 = ADVANCED_FACE ( 'NONE', ( #1660 ), #219, .F. ) ;
#5005 = ORIENTED_EDGE ( 'NONE', *, *, #1356, .F. ) ;
#5006 = CARTESIAN_POINT ( 'NONE',  ( 10.82500000000001900, -2.599999999999922400, -0.6000000000000113000 ) ) ;
#5007 = LINE ( 'NONE', #611, #4421 ) ;
#5008 = PRESENTATION_LAYER_ASSIGNMENT (  '', '', ( #1503 ) ) ;
#5009 = VERTEX_POINT ( 'NONE', #1893 ) ;
#5010 = ORIENTED_EDGE ( 'NONE', *, *, #301, .T. ) ;
#5011 = ORIENTED_EDGE ( 'NONE', *, *, #5067, .T. ) ;
#5012 = CARTESIAN_POINT ( 'NONE',  ( 11.49999999999999800, -0.2999999999999065100, -3.750000000000006200 ) ) ;
#5013 = SURFACE_SIDE_STYLE ('',( #1235 ) ) ;
#5014 = PLANE ( 'NONE',  #355 ) ;
#5015 = ORIENTED_EDGE ( 'NONE', *, *, #4648, .F. ) ;
#5016 = ORIENTED_EDGE ( 'NONE', *, *, #4435, .F. ) ;
#5017 = DIRECTION ( 'NONE',  ( -6.982966722218764100E-015, 1.000000000000000000, 3.491483361109382100E-015 ) ) ;
#5018 = UNCERTAINTY_MEASURE_WITH_UNIT (LENGTH_MEASURE( 1.000000000000000100E-005 ), #1302, 'distance_accuracy_value', 'NONE');
#5019 = FACE_OUTER_BOUND ( 'NONE', #862, .T. ) ;
#5020 = DIRECTION ( 'NONE',  ( -1.000000000000000000, -6.982966722218764100E-015, -2.438091212180733500E-029 ) ) ;
#5021 = PRESENTATION_STYLE_ASSIGNMENT (( #332 ) ) ;
#5022 = VERTEX_POINT ( 'NONE', #3075 ) ;
#5023 = VERTEX_POINT ( 'NONE', #1921 ) ;
#5024 = VECTOR ( 'NONE', #700, 1000.000000000000000 ) ;
#5025 = PLANE ( 'NONE',  #984 ) ;
#5026 = ORIENTED_EDGE ( 'NONE', *, *, #3431, .T. ) ;
#5027 = COLOUR_RGB ( '',0.7529411764705882200, 0.7529411764705882200, 0.7529411764705882200 ) ;
#5028 = DIRECTION ( 'NONE',  ( -1.000000000000000000, -6.982966722218764100E-015, -2.438091212180733500E-029 ) ) ;
#5029 =( LENGTH_UNIT ( ) NAMED_UNIT ( * ) SI_UNIT ( .MILLI., .METRE. ) );
#5030 =( NAMED_UNIT ( * ) PLANE_ANGLE_UNIT ( ) SI_UNIT ( $, .RADIAN. ) );
#5031 = CARTESIAN_POINT ( 'NONE',  ( 3.600000000000030300, -4.199999999999962900, -3.950000000000015300 ) ) ;
#5032 = ORIENTED_EDGE ( 'NONE', *, *, #5138, .T. ) ;
#5033 = LINE ( 'NONE', #4519, #3914 ) ;
#5034 = EDGE_CURVE ( 'NONE', #1587, #2314, #4331, .T. ) ;
#5035 = EDGE_CURVE ( 'NONE', #551, #2067, #4785, .T. ) ;
#5036 = AXIS2_PLACEMENT_3D ( 'NONE', #3583, #763, #436 ) ;
#5037 = CARTESIAN_POINT ( 'NONE',  ( 3.775000000000003900, -0.6099999999999687900, -1.350000000000001000 ) ) ;
#5038 = ORIENTED_EDGE ( 'NONE', *, *, #2140, .F. ) ;
#5039 = LINE ( 'NONE', #772, #3740 ) ;
#5040 = VERTEX_POINT ( 'NONE', #3905 ) ;
#5041 = DIRECTION ( 'NONE',  ( 1.000000000000000000, 6.982966722218764100E-015, 2.438091212180733500E-029 ) ) ;
#5042 = CARTESIAN_POINT ( 'NONE',  ( 3.600000000000028500, -3.949999999999961500, -4.400000000000014600 ) ) ;
#5043 = ORIENTED_EDGE ( 'NONE', *, *, #4403, .T. ) ;
#5044 = MECHANICAL_DESIGN_GEOMETRIC_PRESENTATION_REPRESENTATION (  '', ( #4656 ), #1812 ) ;
#5045 = DIRECTION ( 'NONE',  ( 0.0000000000000000000, -3.491483361109382100E-015, 1.000000000000000000 ) ) ;
#5046 = UNCERTAINTY_MEASURE_WITH_UNIT (LENGTH_MEASURE( 1.000000000000000100E-005 ), #4171, 'distance_accuracy_value', 'NONE');
#5047 = PLANE ( 'NONE',  #4688 ) ;
#5048 = DIRECTION ( 'NONE',  ( -6.982966722218764100E-015, 1.000000000000000000, 3.491483361109382100E-015 ) ) ;
#5049 = CARTESIAN_POINT ( 'NONE',  ( 11.50000000000002700, -4.049999999999911000, -2.250000000000019100 ) ) ;
#5050 = VECTOR ( 'NONE', #4836, 1000.000000000000000 ) ;
#5051 = ORIENTED_EDGE ( 'NONE', *, *, #4082, .F. ) ;
#5052 = ORIENTED_EDGE ( 'NONE', *, *, #751, .T. ) ;
#5053 = ADVANCED_FACE ( 'NONE', ( #422 ), #2676, .F. ) ;
#5054 = CARTESIAN_POINT ( 'NONE',  ( 3.600000000000029000, -4.049999999999961600, -4.400000000000014600 ) ) ;
#5055 = ORIENTED_EDGE ( 'NONE', *, *, #2115, .T. ) ;
#5056 = VECTOR ( 'NONE', #1940, 1000.000000000000000 ) ;
#5057 = FACE_OUTER_BOUND ( 'NONE', #4268, .T. ) ;
#5058 = CARTESIAN_POINT ( 'NONE',  ( 0.5000000000000154300, -2.149999999999996400, -0.01000000000000201200 ) ) ;
#5059 = VECTOR ( 'NONE', #117, 1000.000000000000000 ) ;
#5060 = CARTESIAN_POINT ( 'NONE',  ( 10.60000000000003000, -4.049999999999912800, -4.400000000000014600 ) ) ;
#5061 = DIRECTION ( 'NONE',  ( -6.982966722218764100E-015, 1.000000000000000000, 3.491483361109382100E-015 ) ) ;
#5062 = VECTOR ( 'NONE', #2670, 1000.000000000000000 ) ;
#5063 = DIRECTION ( 'NONE',  ( -6.982966722218764100E-015, 1.000000000000000000, 3.491483361109382100E-015 ) ) ;
#5064 = PRESENTATION_LAYER_ASSIGNMENT (  '', '', ( #526 ) ) ;
#5065 = EDGE_CURVE ( 'NONE', #3213, #3389, #673, .T. ) ;
#5066 = CARTESIAN_POINT ( 'NONE',  ( 3.600000000000030300, -4.199999999999962900, -3.950000000000015300 ) ) ;
#5067 = EDGE_CURVE ( 'NONE', #2587, #3836, #2362, .T. ) ;
#5068 = LINE ( 'NONE', #1767, #372 ) ;
#5069 = VECTOR ( 'NONE', #3607, 1000.000000000000000 ) ;
#5070 = SURFACE_SIDE_STYLE ('',( #203 ) ) ;
#5071 = VERTEX_POINT ( 'NONE', #5181 ) ;
#5072 = VERTEX_POINT ( 'NONE', #4348 ) ;
#5073 = LINE ( 'NONE', #2335, #3267 ) ;
#5074 = AXIS2_PLACEMENT_3D ( 'NONE', #5225, #5242, #5264 ) ;
#5075 = DIRECTION ( 'NONE',  ( -6.982966722218764100E-015, 1.000000000000000000, 3.491483361109382100E-015 ) ) ;
#5076 = SURFACE_STYLE_USAGE ( .BOTH. , #132 ) ;
#5077 = AXIS2_PLACEMENT_3D ( 'NONE', #519, #896, #4172 ) ;
#5078 = ORIENTED_EDGE ( 'NONE', *, *, #4750, .T. ) ;
#5079 = ORIENTED_EDGE ( 'NONE', *, *, #2215, .T. ) ;
#5080 = SURFACE_SIDE_STYLE ('',( #4507 ) ) ;
#5081 = UNCERTAINTY_MEASURE_WITH_UNIT (LENGTH_MEASURE( 1.000000000000000100E-005 ), #4335, 'distance_accuracy_value', 'NONE');
#5082 = FACE_OUTER_BOUND ( 'NONE', #1191, .T. ) ;
#5083 = ADVANCED_FACE ( 'NONE', ( #4658 ), #2749, .F. ) ;
#5084 = SURFACE_SIDE_STYLE ('',( #4011 ) ) ;
#5085 = VECTOR ( 'NONE', #4717, 1000.000000000000000 ) ;
#5086 =( GEOMETRIC_REPRESENTATION_CONTEXT ( 3 ) GLOBAL_UNCERTAINTY_ASSIGNED_CONTEXT ( ( #293 ) ) GLOBAL_UNIT_ASSIGNED_CONTEXT ( ( #1951, #3175, #5265 ) ) REPRESENTATION_CONTEXT ( 'NONE', 'WORKASPACE' ) );
#5087 = LINE ( 'NONE', #1007, #322 ) ;
#5088 = ORIENTED_EDGE ( 'NONE', *, *, #2872, .F. ) ;
#5089 = CARTESIAN_POINT ( 'NONE',  ( 1.400000000000027000, -3.949999999999978900, -3.950000000000013500 ) ) ;
#5090 = DIRECTION ( 'NONE',  ( -1.000000000000000000, -6.982966722218764100E-015, -2.438091212180733500E-029 ) ) ;
#5091 = DIRECTION ( 'NONE',  ( -6.982966722218764100E-015, 1.000000000000000000, 3.491483361109382100E-015 ) ) ;
#5092 = LINE ( 'NONE', #4724, #1822 ) ;
#5093 = EDGE_CURVE ( 'NONE', #3047, #2868, #4073, .T. ) ;
#5094 = EDGE_CURVE ( 'NONE', #2967, #2587, #2555, .T. ) ;
#5095 = CARTESIAN_POINT ( 'NONE',  ( 12.00000000000001600, -2.149999999999916400, -1.281660387549447000E-014 ) ) ;
#5096 = EDGE_CURVE ( 'NONE', #1587, #2607, #1718, .T. ) ;
#5097 = VERTEX_POINT ( 'NONE', #4388 ) ;
#5098 = CARTESIAN_POINT ( 'NONE',  ( 4.400000000000027900, -3.949999999999956200, -4.400000000000014600 ) ) ;
#5099 = VECTOR ( 'NONE', #394, 1000.000000000000000 ) ;
#5100 = CARTESIAN_POINT ( 'NONE',  ( 0.4999999999999909000, 1.300000000000012500, -2.449999999999996600 ) ) ;
#5101 = VERTEX_POINT ( 'NONE', #3976 ) ;
#5102 = AXIS2_PLACEMENT_3D ( 'NONE', #1443, #540, #2625 ) ;
#5103 =( LENGTH_UNIT ( ) NAMED_UNIT ( * ) SI_UNIT ( .MILLI., .METRE. ) );
#5104 = CARTESIAN_POINT ( 'NONE',  ( 2.094890016665628500E-015, -0.2999999999999845600, -4.400000000000002100 ) ) ;
#5105 = ORIENTED_EDGE ( 'NONE', *, *, #1417, .T. ) ;
#5106 = CARTESIAN_POINT ( 'NONE',  ( 1.600000000000027000, -3.899999999999973700, -4.950000000000013500 ) ) ;
#5107 = MECHANICAL_DESIGN_GEOMETRIC_PRESENTATION_REPRESENTATION (  '', ( #2609 ), #2061 ) ;
#5108 = ADVANCED_FACE ( 'NONE', ( #2037 ), #1122, .F. ) ;
#5109 = CARTESIAN_POINT ( 'NONE',  ( 1.600000000000027200, -3.949999999999975300, -4.400000000000014600 ) ) ;
#5110 = SURFACE_SIDE_STYLE ('',( #59 ) ) ;
#5111 = PRESENTATION_LAYER_ASSIGNMENT (  '', '', ( #4656 ) ) ;
#5112 = CARTESIAN_POINT ( 'NONE',  ( 0.5000000000000283100, -4.049999999999988300, -2.250000000000014200 ) ) ;
#5113 = FACE_OUTER_BOUND ( 'NONE', #2291, .T. ) ;
#5114 = ORIENTED_EDGE ( 'NONE', *, *, #70, .F. ) ;
#5115 = ORIENTED_EDGE ( 'NONE', *, *, #525, .T. ) ;
#5116 = DIRECTION ( 'NONE',  ( 0.0000000000000000000, -3.491483361109382100E-015, 1.000000000000000000 ) ) ;
#5117 = CARTESIAN_POINT ( 'NONE',  ( 6.600000000000029000, -4.049999999999942100, -3.950000000000016200 ) ) ;
#5118 = CARTESIAN_POINT ( 'NONE',  ( 5.600000000000029800, -4.199999999999946000, -4.950000000000016200 ) ) ;
#5119 = AXIS2_PLACEMENT_3D ( 'NONE', #914, #2988, #4185 ) ;
#5120 = VECTOR ( 'NONE', #4173, 1000.000000000000000 ) ;
#5121 = VERTEX_POINT ( 'NONE', #4448 ) ;
#5122 = PRESENTATION_STYLE_ASSIGNMENT (( #4373 ) ) ;
#5123 = SURFACE_STYLE_USAGE ( .BOTH. , #4229 ) ;
#5124 = DIRECTION ( 'NONE',  ( 6.982966722218764100E-015, -1.000000000000000000, -3.491483361109382100E-015 ) ) ;
#5125 = SURFACE_STYLE_FILL_AREA ( #1717 ) ;
#5126 = CARTESIAN_POINT ( 'NONE',  ( 11.70000000000001200, -1.799999999999913200, -1.300000000000006900 ) ) ;
#5127 = FILL_AREA_STYLE_COLOUR ( '', #4293 ) ;
#5128 = CARTESIAN_POINT ( 'NONE',  ( 10.40000000000002900, -3.899999999999912900, -4.950000000000017900 ) ) ;
#5129 =( NAMED_UNIT ( * ) PLANE_ANGLE_UNIT ( ) SI_UNIT ( $, .RADIAN. ) );
#5130 = COLOUR_RGB ( '',0.7529411764705882200, 0.7529411764705882200, 0.7529411764705882200 ) ;
#5131 = CARTESIAN_POINT ( 'NONE',  ( 8.225000000000012100, -1.799999999999935900, -1.800000000000006700 ) ) ;
#5132 = LINE ( 'NONE', #5342, #4556 ) ;
#5133 = ORIENTED_EDGE ( 'NONE', *, *, #2014, .F. ) ;
#5134 = ORIENTED_EDGE ( 'NONE', *, *, #933, .F. ) ;
#5135 = DIRECTION ( 'NONE',  ( -0.0000000000000000000, 3.491483361109382100E-015, -1.000000000000000000 ) ) ;
#5136 = EDGE_CURVE ( 'NONE', #512, #4655, #3689, .T. ) ;
#5137 = PLANE ( 'NONE',  #2813 ) ;
#5138 = EDGE_CURVE ( 'NONE', #2005, #1835, #2983, .T. ) ;
#5139 = EDGE_CURVE ( 'NONE', #2985, #12, #350, .T. ) ;
#5140 = ORIENTED_EDGE ( 'NONE', *, *, #4857, .F. ) ;
#5141 = ORIENTED_EDGE ( 'NONE', *, *, #4591, .T. ) ;
#5142 = FACE_OUTER_BOUND ( 'NONE', #3425, .T. ) ;
#5143 = DIRECTION ( 'NONE',  ( -8.260587980844307800E-017, 3.392919527247062800E-015, -1.000000000000000000 ) ) ;
#5144 = ORIENTED_EDGE ( 'NONE', *, *, #4592, .F. ) ;
#5145 = ORIENTED_EDGE ( 'NONE', *, *, #1284, .T. ) ;
#5146 = CARTESIAN_POINT ( 'NONE',  ( 4.400000000000029700, -4.199999999999958400, -3.950000000000016200 ) ) ;
#5147 =( NAMED_UNIT ( * ) PLANE_ANGLE_UNIT ( ) SI_UNIT ( $, .RADIAN. ) );
#5148 = PRESENTATION_LAYER_ASSIGNMENT (  '', '', ( #4865 ) ) ;
#5149 = VECTOR ( 'NONE', #3416, 1000.000000000000000 ) ;
#5150 = CARTESIAN_POINT ( 'NONE',  ( 1.400000000000026800, -3.899999999999975500, -4.950000000000013500 ) ) ;
#5151 = VECTOR ( 'NONE', #439, 1000.000000000000000 ) ;
#5152 = ORIENTED_EDGE ( 'NONE', *, *, #5035, .T. ) ;
#5153 = DIRECTION ( 'NONE',  ( -1.000000000000000000, -6.982966722218764100E-015, -2.438091212180733500E-029 ) ) ;
#5154 = STYLED_ITEM ( 'NONE', ( #860 ), #2154 ) ;
#5155 = UNCERTAINTY_MEASURE_WITH_UNIT (LENGTH_MEASURE( 1.000000000000000100E-005 ), #3072, 'distance_accuracy_value', 'NONE');
#5156 = ORIENTED_EDGE ( 'NONE', *, *, #2282, .T. ) ;
#5157 = VECTOR ( 'NONE', #4424, 1000.000000000000000 ) ;
#5158 = FACE_OUTER_BOUND ( 'NONE', #63, .T. ) ;
#5159 = CARTESIAN_POINT ( 'NONE',  ( 0.7000000000000280400, -4.125819451966704900, -0.6000000000000154100 ) ) ;
#5160 = DIRECTION ( 'NONE',  ( 0.0000000000000000000, -3.491483361109382100E-015, 1.000000000000000000 ) ) ;
#5161 = PLANE ( 'NONE',  #5189 ) ;
#5162 = ORIENTED_EDGE ( 'NONE', *, *, #3470, .F. ) ;
#5163 = FACE_OUTER_BOUND ( 'NONE', #3142, .T. ) ;
#5164 = FACE_OUTER_BOUND ( 'NONE', #1088, .T. ) ;
#5165 = CARTESIAN_POINT ( 'NONE',  ( 2.600000000000030300, -4.199999999999970000, -3.950000000000015300 ) ) ;
#5166 = DIRECTION ( 'NONE',  ( -6.982966722218764100E-015, 1.000000000000000000, 3.491483361109382100E-015 ) ) ;
#5167 = VERTEX_POINT ( 'NONE', #3610 ) ;
#5168 = PLANE ( 'NONE',  #932 ) ;
#5169 = CARTESIAN_POINT ( 'NONE',  ( 11.70000000000002400, -3.449999999999915800, -0.6500000000000170100 ) ) ;
#5170 = ADVANCED_FACE ( 'NONE', ( #5113 ), #1210, .F. ) ;
#5171 = SURFACE_STYLE_USAGE ( .BOTH. , #613 ) ;
#5172 = DIRECTION ( 'NONE',  ( 1.000000000000000000, 6.982966722218767300E-015, -8.462065736471991200E-016 ) ) ;
#5173 = AXIS2_PLACEMENT_3D ( 'NONE', #2879, #4509, #2054 ) ;
#5174 = ORIENTED_EDGE ( 'NONE', *, *, #4937, .F. ) ;
#5175 = EDGE_CURVE ( 'NONE', #4199, #3845, #4720, .T. ) ;
#5176 = VECTOR ( 'NONE', #3604, 1000.000000000000000 ) ;
#5177 = EDGE_CURVE ( 'NONE', #2729, #1478, #2807, .T. ) ;
#5178 = ORIENTED_EDGE ( 'NONE', *, *, #3864, .F. ) ;
#5179 = VERTEX_POINT ( 'NONE', #4035 ) ;
#5180 = CARTESIAN_POINT ( 'NONE',  ( 0.3000000000000245200, -3.449999999999990000, -2.210000000000007500 ) ) ;
#5181 = CARTESIAN_POINT ( 'NONE',  ( 11.30000000000001800, -2.599999999999918800, -0.6000000000000114100 ) ) ;
#5182 = ORIENTED_EDGE ( 'NONE', *, *, #4289, .T. ) ;
#5183 = VECTOR ( 'NONE', #5287, 1000.000000000000000 ) ;
#5184 = PRESENTATION_LAYER_ASSIGNMENT (  '', '', ( #4062 ) ) ;
#5185 = PLANE ( 'NONE',  #3023 ) ;
#5186 = ORIENTED_EDGE ( 'NONE', *, *, #3603, .F. ) ;
#5187 = CARTESIAN_POINT ( 'NONE',  ( 0.5000000000000283100, -4.049999999999988300, -2.210000000000009700 ) ) ;
#5188 = CARTESIAN_POINT ( 'NONE',  ( 3.400000000000030100, -4.199999999999962000, -4.950000000000015300 ) ) ;
#5189 = AXIS2_PLACEMENT_3D ( 'NONE', #5100, #3062, #4287 ) ;
#5190 = DIRECTION ( 'NONE',  ( 6.982966722218764100E-015, -1.000000000000000000, -3.876977466882005800E-015 ) ) ;
#5191 = ORIENTED_EDGE ( 'NONE', *, *, #1870, .F. ) ;
#5192 = LINE ( 'NONE', #2848, #3816 ) ;
#5193 = DIRECTION ( 'NONE',  ( -6.982966722218764100E-015, 1.000000000000000000, 3.491483361109382100E-015 ) ) ;
#5194 =( NAMED_UNIT ( * ) SI_UNIT ( $, .STERADIAN. ) SOLID_ANGLE_UNIT ( ) );
#5195 = STYLED_ITEM ( 'NONE', ( #646 ), #1265 ) ;
#5196 = VECTOR ( 'NONE', #3517, 1000.000000000000000 ) ;
#5197 = ADVANCED_FACE ( 'NONE', ( #670 ), #1606, .F. ) ;
#5198 = FACE_OUTER_BOUND ( 'NONE', #2100, .T. ) ;
#5199 = CARTESIAN_POINT ( 'NONE',  ( 7.600000000000027200, -3.899999999999932000, -4.950000000000016200 ) ) ;
#5200 = LINE ( 'NONE', #861, #1794 ) ;
#5201 = CARTESIAN_POINT ( 'NONE',  ( 2.600000000000028100, -3.899999999999968800, -4.400000000000014600 ) ) ;
#5202 = CARTESIAN_POINT ( 'NONE',  ( 3.400000000000030100, -4.199999999999962000, -4.950000000000015300 ) ) ;
#5203 = CARTESIAN_POINT ( 'NONE',  ( 0.4999999999999863400, 1.950000000000012400, -2.449999999999993500 ) ) ;
#5204 = EDGE_CURVE ( 'NONE', #2490, #4601, #3624, .T. ) ;
#5205 = DIRECTION ( 'NONE',  ( 6.982966722218764100E-015, -1.000000000000000000, -3.491483361109382100E-015 ) ) ;
#5206 = VECTOR ( 'NONE', #5270, 1000.000000000000000 ) ;
#5207 = DIRECTION ( 'NONE',  ( -6.982966722218764100E-015, 1.000000000000000000, 3.491483361109382100E-015 ) ) ;
#5208 = ORIENTED_EDGE ( 'NONE', *, *, #234, .T. ) ;
#5209 = LINE ( 'NONE', #3102, #1860 ) ;
#5210 = ORIENTED_EDGE ( 'NONE', *, *, #4439, .T. ) ;
#5211 = PLANE ( 'NONE',  #1576 ) ;
#5212 = SURFACE_SIDE_STYLE ('',( #1520 ) ) ;
#5213 = CARTESIAN_POINT ( 'NONE',  ( 4.400000000000029700, -4.199999999999954900, -4.950000000000016200 ) ) ;
#5214 = EDGE_CURVE ( 'NONE', #4737, #4284, #2285, .T. ) ;
#5215 = MECHANICAL_DESIGN_GEOMETRIC_PRESENTATION_REPRESENTATION (  '', ( #3909 ), #1644 ) ;
#5216 = CARTESIAN_POINT ( 'NONE',  ( 9.600000000000031600, -4.199999999999918500, -4.950000000000017900 ) ) ;
#5217 = ORIENTED_EDGE ( 'NONE', *, *, #4005, .F. ) ;
#5218 = FILL_AREA_STYLE ('',( #335 ) ) ;
#5219 = PLANE ( 'NONE',  #3628 ) ;
#5220 = VECTOR ( 'NONE', #1170, 1000.000000000000000 ) ;
#5221 = CARTESIAN_POINT ( 'NONE',  ( 0.6999999999999855200, 1.950000000000007300, -0.5999999999999942000 ) ) ;
#5222 = LINE ( 'NONE', #5049, #4236 ) ;
#5223 = AXIS2_PLACEMENT_3D ( 'NONE', #2922, #445, #4586 ) ;
#5224 = CARTESIAN_POINT ( 'NONE',  ( 0.7500000000000178700, -2.599999999999981900, -3.650000000000009200 ) ) ;
#5225 = CARTESIAN_POINT ( 'NONE',  ( 6.400000000000027900, -3.949999999999945600, -3.450000000000012600 ) ) ;
#5226 = FILL_AREA_STYLE_COLOUR ( '', #3534 ) ;
#5227 = ORIENTED_EDGE ( 'NONE', *, *, #556, .F. ) ;
#5228 = LINE ( 'NONE', #432, #851 ) ;
#5229 = LINE ( 'NONE', #5249, #2646 ) ;
#5230 = STYLED_ITEM ( 'NONE', ( #1988 ), #475 ) ;
#5231 = ORIENTED_EDGE ( 'NONE', *, *, #381, .F. ) ;
#5232 = VECTOR ( 'NONE', #1842, 1000.000000000000000 ) ;
#5233 = SURFACE_SIDE_STYLE ('',( #4165 ) ) ;
#5234 = FACE_OUTER_BOUND ( 'NONE', #1162, .T. ) ;
#5235 = CARTESIAN_POINT ( 'NONE',  ( 3.400000000000028300, -3.949999999999964700, -3.950000000000014400 ) ) ;
#5236 = DIRECTION ( 'NONE',  ( -6.982966722218764100E-015, 1.000000000000000000, 3.491483361109382100E-015 ) ) ;
#5237 = CARTESIAN_POINT ( 'NONE',  ( 1.501337845277034400E-014, -2.149999999999997700, -0.6500000000000076800 ) ) ;
#5238 = ORIENTED_EDGE ( 'NONE', *, *, #300, .F. ) ;
#5239 = CARTESIAN_POINT ( 'NONE',  ( 10.60000000000003000, -4.049999999999916300, -3.450000000000014800 ) ) ;
#5240 = CARTESIAN_POINT ( 'NONE',  ( 0.3000000000000124800, -1.799999999999990300, -2.050000000000005600 ) ) ;
#5241 = CARTESIAN_POINT ( 'NONE',  ( 3.400000000000028800, -4.049999999999967000, -3.450000000000011300 ) ) ;
#5242 = DIRECTION ( 'NONE',  ( 1.000000000000000000, 6.982966722218764100E-015, 2.438091212180733500E-029 ) ) ;
#5243 = CARTESIAN_POINT ( 'NONE',  ( 6.600000000000029000, -4.049999999999943900, -3.450000000000013100 ) ) ;
#5244 = ORIENTED_EDGE ( 'NONE', *, *, #2400, .T. ) ;
#5245 = EDGE_CURVE ( 'NONE', #4706, #2979, #3237, .T. ) ;
#5246 = EDGE_CURVE ( 'NONE', #2045, #4665, #2671, .T. ) ;
#5247 = EDGE_CURVE ( 'NONE', #3387, #4384, #2874, .T. ) ;
#5248 = ORIENTED_EDGE ( 'NONE', *, *, #3710, .T. ) ;
#5249 = CARTESIAN_POINT ( 'NONE',  ( 1.600000000000027000, -3.899999999999973700, -4.950000000000013500 ) ) ;
#5250 = FACE_OUTER_BOUND ( 'NONE', #1689, .T. ) ;
#5251 = ORIENTED_EDGE ( 'NONE', *, *, #3157, .F. ) ;
#5252 = VERTEX_POINT ( 'NONE', #839 ) ;
#5253 = ORIENTED_EDGE ( 'NONE', *, *, #2839, .T. ) ;
#5254 = UNCERTAINTY_MEASURE_WITH_UNIT (LENGTH_MEASURE( 1.000000000000000100E-005 ), #2947, 'distance_accuracy_value', 'NONE');
#5255 = AXIS2_PLACEMENT_3D ( 'NONE', #2606, #2221, #4234 ) ;
#5256 = PLANE ( 'NONE',  #1426 ) ;
#5257 =( NAMED_UNIT ( * ) SI_UNIT ( $, .STERADIAN. ) SOLID_ANGLE_UNIT ( ) );
#5258 = VECTOR ( 'NONE', #2659, 1000.000000000000000 ) ;
#5259 =( NAMED_UNIT ( * ) PLANE_ANGLE_UNIT ( ) SI_UNIT ( $, .RADIAN. ) );
#5260 = ORIENTED_EDGE ( 'NONE', *, *, #3125, .F. ) ;
#5261 = DIRECTION ( 'NONE',  ( -6.982966722218764100E-015, 1.000000000000000000, 3.491483361109382100E-015 ) ) ;
#5262 = SURFACE_SIDE_STYLE ('',( #4970 ) ) ;
#5263 =( GEOMETRIC_REPRESENTATION_CONTEXT ( 3 ) GLOBAL_UNCERTAINTY_ASSIGNED_CONTEXT ( ( #2284 ) ) GLOBAL_UNIT_ASSIGNED_CONTEXT ( ( #124, #4652, #3765 ) ) REPRESENTATION_CONTEXT ( 'NONE', 'WORKASPACE' ) );
#5264 = DIRECTION ( 'NONE',  ( -6.982966722218764100E-015, 1.000000000000000000, 3.491483361109382100E-015 ) ) ;
#5265 =( NAMED_UNIT ( * ) SI_UNIT ( $, .STERADIAN. ) SOLID_ANGLE_UNIT ( ) );
#5266 = LINE ( 'NONE', #1554, #3377 ) ;
#5267 = LINE ( 'NONE', #5221, #1985 ) ;
#5268 = PLANE ( 'NONE',  #4166 ) ;
#5269 = MECHANICAL_DESIGN_GEOMETRIC_PRESENTATION_REPRESENTATION (  '', ( #4077 ), #1409 ) ;
#5270 = DIRECTION ( 'NONE',  ( -1.000000000000000000, -6.982966722218764100E-015, -2.438091212180733500E-029 ) ) ;
#5271 = LINE ( 'NONE', #1586, #111 ) ;
#5272 = VECTOR ( 'NONE', #4741, 1000.000000000000000 ) ;
#5273 = CARTESIAN_POINT ( 'NONE',  ( 4.600000000000027200, -3.899999999999952800, -4.950000000000015300 ) ) ;
#5274 = DIRECTION ( 'NONE',  ( 6.982966722218764100E-015, -1.000000000000000000, -3.250549545001492500E-015 ) ) ;
#5275 =( LENGTH_UNIT ( ) NAMED_UNIT ( * ) SI_UNIT ( .MILLI., .METRE. ) );
#5276 = EDGE_CURVE ( 'NONE', #2325, #3108, #803, .T. ) ;
#5277 = MECHANICAL_DESIGN_GEOMETRIC_PRESENTATION_REPRESENTATION (  '', ( #2963 ), #800 ) ;
#5278 = EDGE_CURVE ( 'NONE', #2862, #3298, #3925, .T. ) ;
#5279 = LINE ( 'NONE', #5058, #4160 ) ;
#5280 = EDGE_CURVE ( 'NONE', #3933, #4199, #2163, .T. ) ;
#5281 = ADVANCED_FACE ( 'NONE', ( #5250 ), #1645, .F. ) ;
#5282 = DIRECTION ( 'NONE',  ( -6.982966722218764100E-015, 1.000000000000000000, 3.491483361109382100E-015 ) ) ;
#5283 = CARTESIAN_POINT ( 'NONE',  ( 11.49999999999999800, -0.2999999999999042300, -4.400000000000007500 ) ) ;
#5284 = EDGE_LOOP ( 'NONE', ( #4263, #93, #3973, #1195, #383, #3857 ) ) ;
#5285 = LINE ( 'NONE', #3362, #905 ) ;
#5286 = VECTOR ( 'NONE', #1469, 1000.000000000000000 ) ;
#5287 = DIRECTION ( 'NONE',  ( -1.000000000000000000, -6.982966722218764100E-015, -2.438091212180733500E-029 ) ) ;
#5288 = DIRECTION ( 'NONE',  ( 0.0000000000000000000, -3.491483361109382100E-015, 1.000000000000000000 ) ) ;
#5289 = ADVANCED_FACE ( 'NONE', ( #273 ), #2501, .T. ) ;
#5290 = CARTESIAN_POINT ( 'NONE',  ( 5.600000000000028100, -3.949999999999947300, -4.400000000000014600 ) ) ;
#5291 = PRESENTATION_STYLE_ASSIGNMENT (( #2271 ) ) ;
#5292 = EDGE_LOOP ( 'NONE', ( #2119, #537, #2106, #1851 ) ) ;
#5293 = VECTOR ( 'NONE', #5190, 1000.000000000000000 ) ;
#5294 = PLANE ( 'NONE',  #762 ) ;
#5295 = CARTESIAN_POINT ( 'NONE',  ( 7.600000000000027200, -3.899999999999932000, -4.950000000000016200 ) ) ;
#5296 = CARTESIAN_POINT ( 'NONE',  ( 7.600000000000027200, -3.899999999999933700, -4.400000000000014600 ) ) ;
#5297 = FACE_OUTER_BOUND ( 'NONE', #1253, .T. ) ;
#5298 = DIRECTION ( 'NONE',  ( -1.365923996832132100E-016, 3.491483361109381300E-015, -1.000000000000000000 ) ) ;
#5299 = DIRECTION ( 'NONE',  ( 6.982966722218764100E-015, -1.000000000000000000, -3.491483361109382100E-015 ) ) ;
#5300 = CARTESIAN_POINT ( 'NONE',  ( 3.400000000000027900, -3.899999999999963500, -4.400000000000014600 ) ) ;
#5301 = ORIENTED_EDGE ( 'NONE', *, *, #449, .T. ) ;
#5302 = COLOUR_RGB ( '',0.7529411764705882200, 0.7529411764705882200, 0.7529411764705882200 ) ;
#5303 = VECTOR ( 'NONE', #4193, 1000.000000000000000 ) ;
#5304 = AXIS2_PLACEMENT_3D ( 'NONE', #4237, #2194, #3058 ) ;
#5305 = DIRECTION ( 'NONE',  ( -1.000000000000000000, -6.982966722218764100E-015, -2.438091212180733500E-029 ) ) ;
#5306 = EDGE_LOOP ( 'NONE', ( #1696, #4407, #2370, #1551 ) ) ;
#5307 = LINE ( 'NONE', #3660, #1953 ) ;
#5308 = ADVANCED_FACE ( 'NONE', ( #4317 ), #2035, .T. ) ;
#5309 = DIRECTION ( 'NONE',  ( -1.000000000000000000, -6.982966722218764100E-015, -2.438091212180733500E-029 ) ) ;
#5310 = VERTEX_POINT ( 'NONE', #4540 ) ;
#5311 = CARTESIAN_POINT ( 'NONE',  ( 5.600000000000027200, -3.899999999999948000, -4.400000000000014600 ) ) ;
#5312 = CARTESIAN_POINT ( 'NONE',  ( 2.828101522498601200E-014, -4.049999999999986500, -4.400000000000014600 ) ) ;
#5313 = DIRECTION ( 'NONE',  ( -6.982966722218764100E-015, 1.000000000000000000, 3.309264508590810100E-015 ) ) ;
#5314 = ORIENTED_EDGE ( 'NONE', *, *, #1311, .T. ) ;
#5315 = ORIENTED_EDGE ( 'NONE', *, *, #2533, .F. ) ;
#5316 = PLANE ( 'NONE',  #3547 ) ;
#5317 = DIRECTION ( 'NONE',  ( 6.982966722218764100E-015, -1.000000000000000000, -3.491483361109382100E-015 ) ) ;
#5318 = VERTEX_POINT ( 'NONE', #5300 ) ;
#5319 = ORIENTED_EDGE ( 'NONE', *, *, #265, .F. ) ;
#5320 = EDGE_CURVE ( 'NONE', #3306, #4842, #86, .T. ) ;
#5321 = EDGE_CURVE ( 'NONE', #1288, #1947, #2220, .T. ) ;
#5322 = VECTOR ( 'NONE', #1874, 1000.000000000000000 ) ;
#5323 = EDGE_LOOP ( 'NONE', ( #838, #3289, #2478, #5186 ) ) ;
#5324 = CARTESIAN_POINT ( 'NONE',  ( 11.30000000000003100, -4.125819451966631100, -0.6000000000000167400 ) ) ;
#5325 = VECTOR ( 'NONE', #4044, 1000.000000000000000 ) ;
#5326 = UNCERTAINTY_MEASURE_WITH_UNIT (LENGTH_MEASURE( 1.000000000000000100E-005 ), #3994, 'distance_accuracy_value', 'NONE');
#5327 = FILL_AREA_STYLE_COLOUR ( '', #3515 ) ;
#5328 = FACE_OUTER_BOUND ( 'NONE', #3608, .T. ) ;
#5329 = FACE_OUTER_BOUND ( 'NONE', #4128, .T. ) ;
#5330 = STYLED_ITEM ( 'NONE', ( #947 ), #3700 ) ;
#5331 = PLANE ( 'NONE',  #4027 ) ;
#5332 = SURFACE_STYLE_FILL_AREA ( #3755 ) ;
#5333 = CARTESIAN_POINT ( 'NONE',  ( 11.50000000000001600, -2.149999999999920000, -1.239350058867086900E-014 ) ) ;
#5334 = LINE ( 'NONE', #3564, #3064 ) ;
#5335 = CARTESIAN_POINT ( 'NONE',  ( 9.174999999999998900, -0.04999999999992934400, -1.800000000000000700 ) ) ;
#5336 =( GEOMETRIC_REPRESENTATION_CONTEXT ( 3 ) GLOBAL_UNCERTAINTY_ASSIGNED_CONTEXT ( ( #5018 ) ) GLOBAL_UNIT_ASSIGNED_CONTEXT ( ( #1302, #2064, #417 ) ) REPRESENTATION_CONTEXT ( 'NONE', 'WORKASPACE' ) );
#5337 = ADVANCED_FACE ( 'NONE', ( #3233 ), #2052, .F. ) ;
#5338 = LINE ( 'NONE', #2489, #4345 ) ;
#5339 = FACE_OUTER_BOUND ( 'NONE', #3494, .T. ) ;
#5340 = ORIENTED_EDGE ( 'NONE', *, *, #1965, .F. ) ;
#5341 = ORIENTED_EDGE ( 'NONE', *, *, #2966, .T. ) ;
#5342 = CARTESIAN_POINT ( 'NONE',  ( 7.400000000000029700, -4.199999999999937100, -3.950000000000017100 ) ) ;
#5343 = ORIENTED_EDGE ( 'NONE', *, *, #301, .F. ) ;
ENDSEC;
END-ISO-10303-21;
