ISO-10303-21;
HEADER;
FILE_DESCRIPTION (( 'STEP AP214' ),
    '1' );
FILE_NAME ('SM14B-NSHSS.STEP',
    '2019-05-16T02:24:13',
    ( '' ),
    ( '' ),
    'SwSTEP 2.0',
    'SolidWorks 2017',
    '' );
FILE_SCHEMA (( 'AUTOMOTIVE_DESIGN' ));
ENDSEC;

DATA;
#1 = DIRECTION ( 'NONE',  ( -0.0000000000000000000, 0.0000000000000000000, 1.000000000000000000 ) ) ;
#2 = AXIS2_PLACEMENT_3D ( 'NONE', #1066, #3612, #6116 ) ;
#3 = ORIENTED_EDGE ( 'NONE', *, *, #4327, .T. ) ;
#4 = FACE_OUTER_BOUND ( 'NONE', #5708, .T. ) ;
#5 = EDGE_LOOP ( 'NONE', ( #470, #1597, #5180, #841 ) ) ;
#6 = DIRECTION ( 'NONE',  ( -0.0000000000000000000, 0.0000000000000000000, 1.000000000000000000 ) ) ;
#7 =( GEOMETRIC_REPRESENTATION_CONTEXT ( 3 ) GLOBAL_UNCERTAINTY_ASSIGNED_CONTEXT ( ( #2832 ) ) GLOBAL_UNIT_ASSIGNED_CONTEXT ( ( #2916, #1964, #2471 ) ) REPRESENTATION_CONTEXT ( 'NONE', 'WORKASPACE' ) );
#8 = DIRECTION ( 'NONE',  ( 0.0000000000000000000, 0.0000000000000000000, -1.000000000000000000 ) ) ;
#9 = CARTESIAN_POINT ( 'NONE',  ( -2.400000000000000800, -4.400000000000000400, -3.750000000000004000 ) ) ;
#10 = VERTEX_POINT ( 'NONE', #2964 ) ;
#11 = LINE ( 'NONE', #6129, #4138 ) ;
#12 = VECTOR ( 'NONE', #4166, 1000.000000000000000 ) ;
#13 = CARTESIAN_POINT ( 'NONE',  ( -15.49999999999999600, -4.400000000000008300, -0.2999999999999999300 ) ) ;
#14 = ORIENTED_EDGE ( 'NONE', *, *, #3073, .T. ) ;
#15 = CARTESIAN_POINT ( 'NONE',  ( -13.60000000000000300, -4.400000000000000400, -3.750000000000000000 ) ) ;
#16 = ORIENTED_EDGE ( 'NONE', *, *, #1996, .F. ) ;
#17 = CARTESIAN_POINT ( 'NONE',  ( -15.50000000000000000, -0.6500000000000064600, -2.149999999999999900 ) ) ;
#18 = VERTEX_POINT ( 'NONE', #3416 ) ;
#19 = EDGE_CURVE ( 'NONE', #4755, #697, #5840, .T. ) ;
#20 = CARTESIAN_POINT ( 'NONE',  ( -2.400000000000000800, -4.499999999999999100, -4.850000000000002300 ) ) ;
#21 = SURFACE_SIDE_STYLE ('',( #5732 ) ) ;
#22 = DIRECTION ( 'NONE',  ( 1.000000000000000000, -0.0000000000000000000, -0.0000000000000000000 ) ) ;
#23 = EDGE_CURVE ( 'NONE', #2784, #212, #5001, .T. ) ;
#24 = ORIENTED_EDGE ( 'NONE', *, *, #3351, .T. ) ;
#25 = CARTESIAN_POINT ( 'NONE',  ( 0.0000000000000000000, -2.250000000000000000, -3.450000000000000200 ) ) ;
#26 = VERTEX_POINT ( 'NONE', #4452 ) ;
#27 = EDGE_CURVE ( 'NONE', #4774, #2461, #6009, .T. ) ;
#28 = AXIS2_PLACEMENT_3D ( 'NONE', #1272, #4216, #2237 ) ;
#29 = CARTESIAN_POINT ( 'NONE',  ( -0.5000000000000000000, -0.6500000000000001300, -3.449999999999999700 ) ) ;
#30 =( NAMED_UNIT ( * ) PLANE_ANGLE_UNIT ( ) SI_UNIT ( $, .RADIAN. ) );
#31 = ORIENTED_EDGE ( 'NONE', *, *, #3465, .T. ) ;
#32 = CARTESIAN_POINT ( 'NONE',  ( -0.2999999999999998200, -2.100000000000000100, -1.799999999999999600 ) ) ;
#33 = VERTEX_POINT ( 'NONE', #3979 ) ;
#34 = FILL_AREA_STYLE_COLOUR ( '', #254 ) ;
#35 = LINE ( 'NONE', #1186, #6367 ) ;
#36 = VERTEX_POINT ( 'NONE', #4400 ) ;
#37 =( NAMED_UNIT ( * ) PLANE_ANGLE_UNIT ( ) SI_UNIT ( $, .RADIAN. ) );
#38 = ORIENTED_EDGE ( 'NONE', *, *, #4674, .F. ) ;
#39 =( NAMED_UNIT ( * ) PLANE_ANGLE_UNIT ( ) SI_UNIT ( $, .RADIAN. ) );
#40 =( GEOMETRIC_REPRESENTATION_CONTEXT ( 3 ) GLOBAL_UNCERTAINTY_ASSIGNED_CONTEXT ( ( #4195 ) ) GLOBAL_UNIT_ASSIGNED_CONTEXT ( ( #1392, #4976, #404 ) ) REPRESENTATION_CONTEXT ( 'NONE', 'WORKASPACE' ) );
#41 = SURFACE_SIDE_STYLE ('',( #3313 ) ) ;
#42 = CARTESIAN_POINT ( 'NONE',  ( -15.99999999999999600, -2.450000000000007700, 1.300000000000000300 ) ) ;
#43 = CARTESIAN_POINT ( 'NONE',  ( 0.0000000000000000000, -0.6500000000000001300, -3.449999999999999700 ) ) ;
#44 = EDGE_CURVE ( 'NONE', #5008, #4488, #3632, .T. ) ;
#45 = FACE_OUTER_BOUND ( 'NONE', #3967, .T. ) ;
#46 = ORIENTED_EDGE ( 'NONE', *, *, #1015, .F. ) ;
#47 = FILL_AREA_STYLE ('',( #1953 ) ) ;
#48 = FACE_OUTER_BOUND ( 'NONE', #4986, .T. ) ;
#49 = EDGE_LOOP ( 'NONE', ( #2426, #3174, #1255, #2136 ) ) ;
#50 = PRODUCT_RELATED_PRODUCT_CATEGORY ( 'part', '', ( #5683 ) ) ;
#51 = CARTESIAN_POINT ( 'NONE',  ( -2.400000000000000800, -4.199999999999999300, -4.050000000000002500 ) ) ;
#52 = LINE ( 'NONE', #4029, #2266 ) ;
#53 = UNCERTAINTY_MEASURE_WITH_UNIT (LENGTH_MEASURE( 1.000000000000000100E-005 ), #3924, 'distance_accuracy_value', 'NONE');
#54 = FILL_AREA_STYLE ('',( #490 ) ) ;
#55 = SURFACE_STYLE_USAGE ( .BOTH. , #1639 ) ;
#56 = VERTEX_POINT ( 'NONE', #5433 ) ;
#57 = FACE_OUTER_BOUND ( 'NONE', #177, .T. ) ;
#58 = SURFACE_STYLE_FILL_AREA ( #6119 ) ;
#59 = DIRECTION ( 'NONE',  ( -0.0000000000000000000, -0.0000000000000000000, 1.000000000000000000 ) ) ;
#60 = COLOUR_RGB ( '',0.7529411764705882200, 0.7529411764705882200, 0.7529411764705882200 ) ;
#61 = UNCERTAINTY_MEASURE_WITH_UNIT (LENGTH_MEASURE( 1.000000000000000100E-005 ), #5630, 'distance_accuracy_value', 'NONE');
#62 = PLANE ( 'NONE',  #4393 ) ;
#63 = LINE ( 'NONE', #2894, #6465 ) ;
#64 = FACE_OUTER_BOUND ( 'NONE', #844, .T. ) ;
#65 = ADVANCED_FACE ( 'NONE', ( #817 ), #4054, .F. ) ;
#66 = VERTEX_POINT ( 'NONE', #5917 ) ;
#67 = VECTOR ( 'NONE', #4859, 1000.000000000000000 ) ;
#68 =( NAMED_UNIT ( * ) SI_UNIT ( $, .STERADIAN. ) SOLID_ANGLE_UNIT ( ) );
#69 = VECTOR ( 'NONE', #3198, 1000.000000000000000 ) ;
#70 =( GEOMETRIC_REPRESENTATION_CONTEXT ( 3 ) GLOBAL_UNCERTAINTY_ASSIGNED_CONTEXT ( ( #5275 ) ) GLOBAL_UNIT_ASSIGNED_CONTEXT ( ( #1848, #4872, #366 ) ) REPRESENTATION_CONTEXT ( 'NONE', 'WORKASPACE' ) );
#71 = LINE ( 'NONE', #4458, #4840 ) ;
#72 = COLOUR_RGB ( '',0.7529411764705882200, 0.7529411764705882200, 0.7529411764705882200 ) ;
#73 = DIRECTION ( 'NONE',  ( 1.000000000000000000, 0.0000000000000000000, 0.0000000000000000000 ) ) ;
#74 = VERTEX_POINT ( 'NONE', #4930 ) ;
#75 = SURFACE_SIDE_STYLE ('',( #5209 ) ) ;
#76 = PLANE ( 'NONE',  #3129 ) ;
#77 = EDGE_LOOP ( 'NONE', ( #2306, #2277, #2568, #388, #312, #4055 ) ) ;
#78 = VECTOR ( 'NONE', #2904, 1000.000000000000000 ) ;
#79 = ORIENTED_EDGE ( 'NONE', *, *, #3177, .T. ) ;
#80 = MECHANICAL_DESIGN_GEOMETRIC_PRESENTATION_REPRESENTATION (  '', ( #5557 ), #1376 ) ;
#81 = DIRECTION ( 'NONE',  ( 1.000000000000000000, 0.0000000000000000000, 0.0000000000000000000 ) ) ;
#82 = VECTOR ( 'NONE', #1250, 1000.000000000000000 ) ;
#83 = LINE ( 'NONE', #3399, #1922 ) ;
#84 = EDGE_LOOP ( 'NONE', ( #1832, #5882, #2999, #5034 ) ) ;
#85 = FILL_AREA_STYLE_COLOUR ( '', #4863 ) ;
#86 = VECTOR ( 'NONE', #1012, 1000.000000000000000 ) ;
#87 = EDGE_CURVE ( 'NONE', #3709, #2043, #4114, .T. ) ;
#88 = DIRECTION ( 'NONE',  ( -1.000000000000000000, -4.231032868236116900E-016, -0.0000000000000000000 ) ) ;
#89 = EDGE_CURVE ( 'NONE', #368, #1534, #580, .T. ) ;
#90 = ORIENTED_EDGE ( 'NONE', *, *, #3425, .F. ) ;
#91 = SURFACE_STYLE_FILL_AREA ( #4278 ) ;
#92 = EDGE_CURVE ( 'NONE', #6126, #871, #5838, .T. ) ;
#93 = LINE ( 'NONE', #2600, #2697 ) ;
#94 = STYLED_ITEM ( 'NONE', ( #6092 ), #5409 ) ;
#95 = CARTESIAN_POINT ( 'NONE',  ( -12.60000000000000100, -4.200000000000002800, -4.850000000000002300 ) ) ;
#96 = DIRECTION ( 'NONE',  ( 0.0000000000000000000, -1.000000000000000000, 0.0000000000000000000 ) ) ;
#97 = ORIENTED_EDGE ( 'NONE', *, *, #6240, .T. ) ;
#98 = ADVANCED_FACE ( 'NONE', ( #4925 ), #5502, .F. ) ;
#99 = VERTEX_POINT ( 'NONE', #5088 ) ;
#100 = EDGE_CURVE ( 'NONE', #151, #5142, #4666, .T. ) ;
#101 = EDGE_LOOP ( 'NONE', ( #1846, #2731, #2812, #6181 ) ) ;
#102 = DIRECTION ( 'NONE',  ( -0.0000000000000000000, 0.0000000000000000000, 1.000000000000000000 ) ) ;
#103 = ORIENTED_EDGE ( 'NONE', *, *, #4208, .T. ) ;
#104 =( GEOMETRIC_REPRESENTATION_CONTEXT ( 3 ) GLOBAL_UNCERTAINTY_ASSIGNED_CONTEXT ( ( #2331 ) ) GLOBAL_UNIT_ASSIGNED_CONTEXT ( ( #630, #3665, #1653 ) ) REPRESENTATION_CONTEXT ( 'NONE', 'WORKASPACE' ) );
#105 = DIRECTION ( 'NONE',  ( 0.0000000000000000000, 1.000000000000000000, 0.0000000000000000000 ) ) ;
#106 = VERTEX_POINT ( 'NONE', #6005 ) ;
#107 = CARTESIAN_POINT ( 'NONE',  ( -15.30000000000000100, -0.6000000000000009800, 1.950000000000000400 ) ) ;
#108 = VERTEX_POINT ( 'NONE', #2475 ) ;
#109 = DIRECTION ( 'NONE',  ( 0.0000000000000000000, -1.000000000000000000, 1.057758217059032400E-016 ) ) ;
#110 = PRESENTATION_STYLE_ASSIGNMENT (( #5320 ) ) ;
#111 = ORIENTED_EDGE ( 'NONE', *, *, #5898, .F. ) ;
#112 = EDGE_CURVE ( 'NONE', #6330, #2695, #4258, .T. ) ;
#113 = STYLED_ITEM ( 'NONE', ( #2938 ), #3281 ) ;
#114 = ORIENTED_EDGE ( 'NONE', *, *, #2902, .F. ) ;
#115 = ORIENTED_EDGE ( 'NONE', *, *, #5973, .T. ) ;
#116 = CARTESIAN_POINT ( 'NONE',  ( -15.69999999999999900, -2.450000000000014400, -0.2599999999999997900 ) ) ;
#117 = LINE ( 'NONE', #2656, #2654 ) ;
#118 = ORIENTED_EDGE ( 'NONE', *, *, #2204, .T. ) ;
#119 = FACE_OUTER_BOUND ( 'NONE', #1019, .T. ) ;
#120 = LINE ( 'NONE', #1301, #3766 ) ;
#121 = STYLED_ITEM ( 'NONE', ( #452 ), #5315 ) ;
#122 = VECTOR ( 'NONE', #2607, 1000.000000000000000 ) ;
#123 = CARTESIAN_POINT ( 'NONE',  ( -0.5000000000000000000, -4.400000000000000400, 1.950000000000000000 ) ) ;
#124 = CARTESIAN_POINT ( 'NONE',  ( -15.50000000000000000, -6.579224509580426600E-015, -2.149999999999999900 ) ) ;
#125 = ORIENTED_EDGE ( 'NONE', *, *, #5501, .T. ) ;
#126 = VECTOR ( 'NONE', #4080, 1000.000000000000000 ) ;
#127 = FACE_OUTER_BOUND ( 'NONE', #491, .T. ) ;
#128 = SURFACE_SIDE_STYLE ('',( #4045 ) ) ;
#129 =( LENGTH_UNIT ( ) NAMED_UNIT ( * ) SI_UNIT ( .MILLI., .METRE. ) );
#130 = LINE ( 'NONE', #5912, #4593 ) ;
#131 = ORIENTED_EDGE ( 'NONE', *, *, #1484, .F. ) ;
#132 = EDGE_CURVE ( 'NONE', #6478, #2223, #5677, .T. ) ;
#133 = ORIENTED_EDGE ( 'NONE', *, *, #654, .T. ) ;
#134 = AXIS2_PLACEMENT_3D ( 'NONE', #5239, #2229, #5193 ) ;
#135 = LINE ( 'NONE', #5534, #4444 ) ;
#136 = EDGE_CURVE ( 'NONE', #5724, #1609, #1433, .T. ) ;
#137 = CARTESIAN_POINT ( 'NONE',  ( 0.0000000000000000000, -4.400000000000000400, 1.950000000000000000 ) ) ;
#138 = VERTEX_POINT ( 'NONE', #3006 ) ;
#139 = LINE ( 'NONE', #5946, #2934 ) ;
#140 =( LENGTH_UNIT ( ) NAMED_UNIT ( * ) SI_UNIT ( .MILLI., .METRE. ) );
#141 = ORIENTED_EDGE ( 'NONE', *, *, #4154, .F. ) ;
#142 = FACE_OUTER_BOUND ( 'NONE', #2131, .T. ) ;
#143 = PRESENTATION_LAYER_ASSIGNMENT (  '', '', ( #5091 ) ) ;
#144 = ORIENTED_EDGE ( 'NONE', *, *, #2559, .T. ) ;
#145 =( NAMED_UNIT ( * ) PLANE_ANGLE_UNIT ( ) SI_UNIT ( $, .RADIAN. ) );
#146 = DIRECTION ( 'NONE',  ( 0.0000000000000000000, 0.0000000000000000000, -1.000000000000000000 ) ) ;
#147 = VERTEX_POINT ( 'NONE', #4095 ) ;
#148 = FACE_OUTER_BOUND ( 'NONE', #932, .T. ) ;
#149 = DIRECTION ( 'NONE',  ( -1.000000000000000000, 0.0000000000000000000, 0.0000000000000000000 ) ) ;
#150 = EDGE_CURVE ( 'NONE', #2704, #2033, #356, .T. ) ;
#151 = VERTEX_POINT ( 'NONE', #522 ) ;
#152 = SURFACE_SIDE_STYLE ('',( #444 ) ) ;
#153 = DIRECTION ( 'NONE',  ( 0.0000000000000000000, 0.0000000000000000000, 1.000000000000000000 ) ) ;
#154 = VERTEX_POINT ( 'NONE', #2561 ) ;
#155 = FACE_OUTER_BOUND ( 'NONE', #1077, .T. ) ;
#156 = MECHANICAL_DESIGN_GEOMETRIC_PRESENTATION_REPRESENTATION (  '', ( #2809 ), #4989 ) ;
#157 = STYLED_ITEM ( 'NONE', ( #4917 ), #237 ) ;
#158 = CARTESIAN_POINT ( 'NONE',  ( 0.0000000000000000000, -2.450000000000000200, 1.950000000000000400 ) ) ;
#159 = CARTESIAN_POINT ( 'NONE',  ( -0.5000000000000000000, -2.250000000000000000, -4.049999999999999800 ) ) ;
#160 =( NAMED_UNIT ( * ) PLANE_ANGLE_UNIT ( ) SI_UNIT ( $, .RADIAN. ) );
#161 = ORIENTED_EDGE ( 'NONE', *, *, #5987, .F. ) ;
#162 = UNCERTAINTY_MEASURE_WITH_UNIT (LENGTH_MEASURE( 1.000000000000000100E-005 ), #5033, 'distance_accuracy_value', 'NONE');
#163 = CARTESIAN_POINT ( 'NONE',  ( -5.599999999999998800, -4.500000000000000000, -3.850000000000002800 ) ) ;
#164 = ORIENTED_EDGE ( 'NONE', *, *, #3938, .F. ) ;
#165 = ORIENTED_EDGE ( 'NONE', *, *, #1581, .F. ) ;
#166 = EDGE_CURVE ( 'NONE', #4438, #3709, #971, .T. ) ;
#167 = AXIS2_PLACEMENT_3D ( 'NONE', #952, #862, #5914 ) ;
#168 =( LENGTH_UNIT ( ) NAMED_UNIT ( * ) SI_UNIT ( .MILLI., .METRE. ) );
#169 = FACE_OUTER_BOUND ( 'NONE', #5637, .T. ) ;
#170 = VERTEX_POINT ( 'NONE', #1000 ) ;
#171 = ORIENTED_EDGE ( 'NONE', *, *, #4067, .T. ) ;
#172 = VECTOR ( 'NONE', #1011, 1000.000000000000000 ) ;
#173 = DIRECTION ( 'NONE',  ( -0.0000000000000000000, 1.000000000000000000, 0.0000000000000000000 ) ) ;
#174 = FILL_AREA_STYLE ('',( #1642 ) ) ;
#175 = ORIENTED_EDGE ( 'NONE', *, *, #87, .T. ) ;
#176 = STYLED_ITEM ( 'NONE', ( #5206 ), #2231 ) ;
#177 = EDGE_LOOP ( 'NONE', ( #5937, #1509, #4765, #3193 ) ) ;
#178 = SURFACE_STYLE_FILL_AREA ( #5676 ) ;
#179 = DIRECTION ( 'NONE',  ( 0.0000000000000000000, -9.856383386231856400E-017, 1.000000000000000000 ) ) ;
#180 = ORIENTED_EDGE ( 'NONE', *, *, #5894, .T. ) ;
#181 = DIRECTION ( 'NONE',  ( -1.000000000000000000, 0.0000000000000000000, -0.0000000000000000000 ) ) ;
#182 = LINE ( 'NONE', #1777, #4897 ) ;
#183 = SURFACE_SIDE_STYLE ('',( #3502 ) ) ;
#184 = EDGE_CURVE ( 'NONE', #1522, #6321, #5055, .T. ) ;
#185 = VERTEX_POINT ( 'NONE', #5028 ) ;
#186 =( GEOMETRIC_REPRESENTATION_CONTEXT ( 3 ) GLOBAL_UNCERTAINTY_ASSIGNED_CONTEXT ( ( #5164 ) ) GLOBAL_UNIT_ASSIGNED_CONTEXT ( ( #5325, #2766, #3274 ) ) REPRESENTATION_CONTEXT ( 'NONE', 'WORKASPACE' ) );
#187 = SURFACE_STYLE_FILL_AREA ( #1519 ) ;
#188 =( NAMED_UNIT ( * ) SI_UNIT ( $, .STERADIAN. ) SOLID_ANGLE_UNIT ( ) );
#189 = AXIS2_PLACEMENT_3D ( 'NONE', #1221, #6235, #3724 ) ;
#190 =( LENGTH_UNIT ( ) NAMED_UNIT ( * ) SI_UNIT ( .MILLI., .METRE. ) );
#191 = ORIENTED_EDGE ( 'NONE', *, *, #5647, .T. ) ;
#192 = EDGE_CURVE ( 'NONE', #154, #3592, #2595, .T. ) ;
#193 =( GEOMETRIC_REPRESENTATION_CONTEXT ( 3 ) GLOBAL_UNCERTAINTY_ASSIGNED_CONTEXT ( ( #5659 ) ) GLOBAL_UNIT_ASSIGNED_CONTEXT ( ( #4347, #3373, #4889 ) ) REPRESENTATION_CONTEXT ( 'NONE', 'WORKASPACE' ) );
#194 = SURFACE_SIDE_STYLE ('',( #3951 ) ) ;
#195 = COLOUR_RGB ( '',0.7529411764705882200, 0.7529411764705882200, 0.7529411764705882200 ) ;
#196 = LINE ( 'NONE', #389, #3699 ) ;
#197 = FILL_AREA_STYLE_COLOUR ( '', #2198 ) ;
#198 = ORIENTED_EDGE ( 'NONE', *, *, #4062, .F. ) ;
#199 = LINE ( 'NONE', #2581, #579 ) ;
#200 = VECTOR ( 'NONE', #5064, 1000.000000000000000 ) ;
#201 = CARTESIAN_POINT ( 'NONE',  ( -14.60000000000000100, -4.500000000000003600, -3.850000000000002800 ) ) ;
#202 = CARTESIAN_POINT ( 'NONE',  ( -3.849999999999997400, -1.799999999999999800, -3.450000000000000600 ) ) ;
#203 = LINE ( 'NONE', #2144, #69 ) ;
#204 = ADVANCED_FACE ( 'NONE', ( #1270 ), #6104, .F. ) ;
#205 = VECTOR ( 'NONE', #447, 1000.000000000000000 ) ;
#206 = ORIENTED_EDGE ( 'NONE', *, *, #4133, .F. ) ;
#207 = DIRECTION ( 'NONE',  ( 0.0000000000000000000, 0.7071067811865470200, 0.7071067811865481300 ) ) ;
#208 = SURFACE_STYLE_FILL_AREA ( #4911 ) ;
#209 = ORIENTED_EDGE ( 'NONE', *, *, #3611, .T. ) ;
#210 = LINE ( 'NONE', #357, #4051 ) ;
#211 = DIRECTION ( 'NONE',  ( 0.0000000000000000000, 1.000000000000000000, -0.0000000000000000000 ) ) ;
#212 = VERTEX_POINT ( 'NONE', #5646 ) ;
#213 = DIRECTION ( 'NONE',  ( 1.000000000000000000, -0.0000000000000000000, -0.0000000000000000000 ) ) ;
#214 = VECTOR ( 'NONE', #4294, 1000.000000000000000 ) ;
#215 = COLOUR_RGB ( '',0.7529411764705882200, 0.7529411764705882200, 0.7529411764705882200 ) ;
#216 = ORIENTED_EDGE ( 'NONE', *, *, #1028, .T. ) ;
#217 = EDGE_CURVE ( 'NONE', #3912, #3335, #3862, .T. ) ;
#218 = PRESENTATION_LAYER_ASSIGNMENT (  '', '', ( #3571 ) ) ;
#219 = VECTOR ( 'NONE', #1984, 1000.000000000000000 ) ;
#220 = DIRECTION ( 'NONE',  ( 0.0000000000000000000, 1.000000000000000000, 0.0000000000000000000 ) ) ;
#221 = CARTESIAN_POINT ( 'NONE',  ( -15.69999999999999900, -2.450000000000007300, 1.300000000000000300 ) ) ;
#222 = LINE ( 'NONE', #1889, #5554 ) ;
#223 = LINE ( 'NONE', #1660, #5390 ) ;
#224 = CARTESIAN_POINT ( 'NONE',  ( -15.69999999999999600, -4.500000000000007100, -0.2599999999999996200 ) ) ;
#225 = ORIENTED_EDGE ( 'NONE', *, *, #558, .T. ) ;
#226 = DIRECTION ( 'NONE',  ( 0.0000000000000000000, 0.0000000000000000000, -1.000000000000000000 ) ) ;
#227 = FACE_OUTER_BOUND ( 'NONE', #392, .T. ) ;
#228 = FACE_OUTER_BOUND ( 'NONE', #4077, .T. ) ;
#229 = ORIENTED_EDGE ( 'NONE', *, *, #2676, .F. ) ;
#230 = PLANE ( 'NONE',  #3184 ) ;
#231 = ORIENTED_EDGE ( 'NONE', *, *, #3708, .T. ) ;
#232 = PRESENTATION_LAYER_ASSIGNMENT (  '', '', ( #4478 ) ) ;
#233 = UNCERTAINTY_MEASURE_WITH_UNIT (LENGTH_MEASURE( 1.000000000000000100E-005 ), #6013, 'distance_accuracy_value', 'NONE');
#234 = FILL_AREA_STYLE ('',( #1696 ) ) ;
#235 = ORIENTED_EDGE ( 'NONE', *, *, #2785, .F. ) ;
#236 = EDGE_CURVE ( 'NONE', #814, #5591, #4829, .T. ) ;
#237 = ADVANCED_FACE ( 'NONE', ( #5916 ), #618, .T. ) ;
#238 =( NAMED_UNIT ( * ) PLANE_ANGLE_UNIT ( ) SI_UNIT ( $, .RADIAN. ) );
#239 = ORIENTED_EDGE ( 'NONE', *, *, #561, .T. ) ;
#240 = EDGE_CURVE ( 'NONE', #3757, #4755, #2363, .T. ) ;
#241 = DIRECTION ( 'NONE',  ( -1.000000000000000000, 0.0000000000000000000, -0.0000000000000000000 ) ) ;
#242 = CARTESIAN_POINT ( 'NONE',  ( -3.600000000000001400, -4.199999999999999300, -4.850000000000002300 ) ) ;
#243 = ORIENTED_EDGE ( 'NONE', *, *, #1057, .T. ) ;
#244 = DIRECTION ( 'NONE',  ( 0.0000000000000000000, -1.000000000000000000, 0.0000000000000000000 ) ) ;
#245 = CARTESIAN_POINT ( 'NONE',  ( -5.399999999999999500, -4.200000000000000200, -4.050000000000002500 ) ) ;
#246 = EDGE_CURVE ( 'NONE', #6334, #1526, #5830, .T. ) ;
#247 =( GEOMETRIC_REPRESENTATION_CONTEXT ( 3 ) GLOBAL_UNCERTAINTY_ASSIGNED_CONTEXT ( ( #2824 ) ) GLOBAL_UNIT_ASSIGNED_CONTEXT ( ( #6454, #30, #2440 ) ) REPRESENTATION_CONTEXT ( 'NONE', 'WORKASPACE' ) );
#248 = LINE ( 'NONE', #3801, #4401 ) ;
#249 = ORIENTED_EDGE ( 'NONE', *, *, #4970, .T. ) ;
#250 = EDGE_CURVE ( 'NONE', #3560, #1757, #2188, .T. ) ;
#251 = PLANE ( 'NONE',  #5062 ) ;
#252 = PLANE ( 'NONE',  #5079 ) ;
#253 = VERTEX_POINT ( 'NONE', #1647 ) ;
#254 = COLOUR_RGB ( '',0.7529411764705882200, 0.7529411764705882200, 0.7529411764705882200 ) ;
#255 = PLANE ( 'NONE',  #4553 ) ;
#256 = VECTOR ( 'NONE', #3620, 1000.000000000000000 ) ;
#257 = VERTEX_POINT ( 'NONE', #3598 ) ;
#258 = LINE ( 'NONE', #480, #4107 ) ;
#259 = COLOUR_RGB ( '',0.7529411764705882200, 0.7529411764705882200, 0.7529411764705882200 ) ;
#260 =( NAMED_UNIT ( * ) SI_UNIT ( $, .STERADIAN. ) SOLID_ANGLE_UNIT ( ) );
#261 = PRESENTATION_STYLE_ASSIGNMENT (( #2103 ) ) ;
#262 = AXIS2_PLACEMENT_3D ( 'NONE', #915, #2413, #5943 ) ;
#263 = CARTESIAN_POINT ( 'NONE',  ( -1.399999999999999500, -4.499999999999998200, -4.850000000000002300 ) ) ;
#264 = ORIENTED_EDGE ( 'NONE', *, *, #6153, .T. ) ;
#265 = VECTOR ( 'NONE', #525, 1000.000000000000000 ) ;
#266 =( GEOMETRIC_REPRESENTATION_CONTEXT ( 3 ) GLOBAL_UNCERTAINTY_ASSIGNED_CONTEXT ( ( #3308 ) ) GLOBAL_UNIT_ASSIGNED_CONTEXT ( ( #1389, #1887, #2394 ) ) REPRESENTATION_CONTEXT ( 'NONE', 'WORKASPACE' ) );
#267 = CARTESIAN_POINT ( 'NONE',  ( -14.60000000000000100, -4.500000000000003600, -3.850000000000002800 ) ) ;
#268 = VECTOR ( 'NONE', #4852, 1000.000000000000000 ) ;
#269 = DIRECTION ( 'NONE',  ( 0.0000000000000000000, 0.0000000000000000000, -1.000000000000000000 ) ) ;
#270 = ORIENTED_EDGE ( 'NONE', *, *, #1351, .F. ) ;
#271 = PRESENTATION_STYLE_ASSIGNMENT (( #5845 ) ) ;
#272 = DIRECTION ( 'NONE',  ( 0.0000000000000000000, 0.0000000000000000000, 1.000000000000000000 ) ) ;
#273 = VECTOR ( 'NONE', #2496, 1000.000000000000000 ) ;
#274 =( NAMED_UNIT ( * ) PLANE_ANGLE_UNIT ( ) SI_UNIT ( $, .RADIAN. ) );
#275 = CARTESIAN_POINT ( 'NONE',  ( 0.0000000000000000000, -4.400000000000000400, -4.050000000000002500 ) ) ;
#276 = UNCERTAINTY_MEASURE_WITH_UNIT (LENGTH_MEASURE( 1.000000000000000100E-005 ), #6025, 'distance_accuracy_value', 'NONE');
#277 = CARTESIAN_POINT ( 'NONE',  ( -10.60000000000000100, -4.500000000000002700, -4.850000000000002300 ) ) ;
#278 = VECTOR ( 'NONE', #6169, 1000.000000000000000 ) ;
#279 = MECHANICAL_DESIGN_GEOMETRIC_PRESENTATION_REPRESENTATION (  '', ( #5992 ), #2061 ) ;
#280 = DIRECTION ( 'NONE',  ( 0.0000000000000000000, -1.000000000000000000, 0.0000000000000000000 ) ) ;
#281 = ORIENTED_EDGE ( 'NONE', *, *, #2921, .F. ) ;
#282 = LINE ( 'NONE', #4036, #2122 ) ;
#283 = PLANE ( 'NONE',  #1886 ) ;
#284 = ORIENTED_EDGE ( 'NONE', *, *, #6265, .F. ) ;
#285 = FACE_OUTER_BOUND ( 'NONE', #3231, .T. ) ;
#286 = DIRECTION ( 'NONE',  ( 0.0000000000000000000, 0.0000000000000000000, -1.000000000000000000 ) ) ;
#287 = ADVANCED_FACE ( 'NONE', ( #3001 ), #5177, .F. ) ;
#288 = ADVANCED_FACE ( 'NONE', ( #5358 ), #2631, .F. ) ;
#289 = ORIENTED_EDGE ( 'NONE', *, *, #662, .F. ) ;
#290 = DIRECTION ( 'NONE',  ( -0.0000000000000000000, 0.0000000000000000000, 1.000000000000000000 ) ) ;
#291 = DIRECTION ( 'NONE',  ( -1.000000000000000000, -8.462065736472234800E-016, -0.0000000000000000000 ) ) ;
#292 =( NAMED_UNIT ( * ) SI_UNIT ( $, .STERADIAN. ) SOLID_ANGLE_UNIT ( ) );
#293 = VERTEX_POINT ( 'NONE', #5665 ) ;
#294 = PLANE ( 'NONE',  #6254 ) ;
#295 = STYLED_ITEM ( 'NONE', ( #4615 ), #2285 ) ;
#296 = LINE ( 'NONE', #2994, #4861 ) ;
#297 = FILL_AREA_STYLE ('',( #1800 ) ) ;
#298 = CARTESIAN_POINT ( 'NONE',  ( -14.40000000000000200, -4.400000000000000400, -3.950000000000002000 ) ) ;
#299 = CARTESIAN_POINT ( 'NONE',  ( 0.0000000000000000000, -3.750000000000000900, 1.300000000000000300 ) ) ;
#300 = ORIENTED_EDGE ( 'NONE', *, *, #2320, .F. ) ;
#301 = ADVANCED_FACE ( 'NONE', ( #964 ), #255, .F. ) ;
#302 = CARTESIAN_POINT ( 'NONE',  ( -15.49999999999999800, -2.450000000000013900, 1.940000000000000400 ) ) ;
#303 = DIRECTION ( 'NONE',  ( 0.0000000000000000000, 0.0000000000000000000, -1.000000000000000000 ) ) ;
#304 = MECHANICAL_DESIGN_GEOMETRIC_PRESENTATION_REPRESENTATION (  '', ( #1058 ), #4757 ) ;
#305 = ORIENTED_EDGE ( 'NONE', *, *, #2902, .T. ) ;
#306 = PLANE ( 'NONE',  #559 ) ;
#307 = DIRECTION ( 'NONE',  ( -1.000000000000000000, 0.0000000000000000000, -0.0000000000000000000 ) ) ;
#308 = ORIENTED_EDGE ( 'NONE', *, *, #6472, .F. ) ;
#309 = CARTESIAN_POINT ( 'NONE',  ( -15.99999999999999600, -2.450000000000007700, 1.300000000000000300 ) ) ;
#310 = VERTEX_POINT ( 'NONE', #1759 ) ;
#311 = UNCERTAINTY_MEASURE_WITH_UNIT (LENGTH_MEASURE( 1.000000000000000100E-005 ), #3836, 'distance_accuracy_value', 'NONE');
#312 = ORIENTED_EDGE ( 'NONE', *, *, #5272, .F. ) ;
#313 = ORIENTED_EDGE ( 'NONE', *, *, #4737, .T. ) ;
#314 = CARTESIAN_POINT ( 'NONE',  ( -4.400000000000000400, -4.400000000000000400, -3.750000000000003600 ) ) ;
#315 = EDGE_CURVE ( 'NONE', #411, #6330, #5269, .T. ) ;
#316 = MECHANICAL_DESIGN_GEOMETRIC_PRESENTATION_REPRESENTATION (  '', ( #2669 ), #2340 ) ;
#317 = PLANE ( 'NONE',  #2123 ) ;
#318 = ADVANCED_FACE ( 'NONE', ( #127 ), #5739, .F. ) ;
#319 = SURFACE_SIDE_STYLE ('',( #1283 ) ) ;
#320 = DIRECTION ( 'NONE',  ( -1.000000000000000000, 0.0000000000000000000, -0.0000000000000000000 ) ) ;
#321 = PRESENTATION_STYLE_ASSIGNMENT (( #5220 ) ) ;
#322 = UNCERTAINTY_MEASURE_WITH_UNIT (LENGTH_MEASURE( 1.000000000000000100E-005 ), #6393, 'distance_accuracy_value', 'NONE');
#323 = CARTESIAN_POINT ( 'NONE',  ( -4.400000000000000400, -4.400000000000000400, -3.950000000000002000 ) ) ;
#324 = LINE ( 'NONE', #3706, #1877 ) ;
#325 = LINE ( 'NONE', #4276, #1641 ) ;
#326 = LINE ( 'NONE', #1233, #780 ) ;
#327 = CARTESIAN_POINT ( 'NONE',  ( -6.599999999999999600, -4.200000000000000200, -4.850000000000002300 ) ) ;
#328 = CARTESIAN_POINT ( 'NONE',  ( -11.60000000000000100, -4.400000000000000400, -3.950000000000002000 ) ) ;
#329 = EDGE_LOOP ( 'NONE', ( #313, #3113, #5929, #5416 ) ) ;
#330 = DIRECTION ( 'NONE',  ( -1.000000000000000000, 0.0000000000000000000, -0.0000000000000000000 ) ) ;
#331 = ADVANCED_FACE ( 'NONE', ( #4988 ), #5197, .F. ) ;
#332 = EDGE_CURVE ( 'NONE', #2874, #3575, #1656, .T. ) ;
#333 = EDGE_CURVE ( 'NONE', #2565, #1447, #5353, .T. ) ;
#334 = FACE_OUTER_BOUND ( 'NONE', #2406, .T. ) ;
#335 = SURFACE_SIDE_STYLE ('',( #4672 ) ) ;
#336 = ORIENTED_EDGE ( 'NONE', *, *, #5030, .T. ) ;
#337 = VECTOR ( 'NONE', #6435, 1000.000000000000000 ) ;
#338 = DIRECTION ( 'NONE',  ( 8.462065736472233800E-016, -1.000000000000000000, -2.710505431213761600E-016 ) ) ;
#339 = CARTESIAN_POINT ( 'NONE',  ( -2.600000000000000500, -4.499999999999999100, -3.850000000000002800 ) ) ;
#340 =( NAMED_UNIT ( * ) SI_UNIT ( $, .STERADIAN. ) SOLID_ANGLE_UNIT ( ) );
#341 = EDGE_CURVE ( 'NONE', #4389, #3917, #6132, .T. ) ;
#342 = AXIS2_PLACEMENT_3D ( 'NONE', #1788, #330, #3843 ) ;
#343 = ORIENTED_EDGE ( 'NONE', *, *, #2629, .T. ) ;
#344 = SURFACE_STYLE_USAGE ( .BOTH. , #4371 ) ;
#345 = VECTOR ( 'NONE', #4511, 1000.000000000000000 ) ;
#346 = CARTESIAN_POINT ( 'NONE',  ( -14.82500000000000100, -2.100000000000000100, -4.173411897755954700 ) ) ;
#347 =( NAMED_UNIT ( * ) PLANE_ANGLE_UNIT ( ) SI_UNIT ( $, .RADIAN. ) );
#348 = VERTEX_POINT ( 'NONE', #695 ) ;
#349 = PRESENTATION_STYLE_ASSIGNMENT (( #1949 ) ) ;
#350 = LINE ( 'NONE', #505, #4179 ) ;
#351 = DIRECTION ( 'NONE',  ( 0.0000000000000000000, 0.0000000000000000000, -1.000000000000000000 ) ) ;
#352 = LINE ( 'NONE', #5829, #2667 ) ;
#353 = VERTEX_POINT ( 'NONE', #3255 ) ;
#354 = AXIS2_PLACEMENT_3D ( 'NONE', #966, #1464, #5969 ) ;
#355 = AXIS2_PLACEMENT_3D ( 'NONE', #2009, #1508, #2511 ) ;
#356 = LINE ( 'NONE', #4540, #6219 ) ;
#357 = CARTESIAN_POINT ( 'NONE',  ( -8.400000000000000400, -4.400000000000000400, -3.950000000000002000 ) ) ;
#358 = LINE ( 'NONE', #6177, #5541 ) ;
#359 = LINE ( 'NONE', #4008, #1739 ) ;
#360 = VECTOR ( 'NONE', #657, 1000.000000000000000 ) ;
#361 = PLANE ( 'NONE',  #5958 ) ;
#362 = VERTEX_POINT ( 'NONE', #4777 ) ;
#363 = FILL_AREA_STYLE_COLOUR ( '', #3576 ) ;
#364 = EDGE_CURVE ( 'NONE', #3635, #257, #6127, .T. ) ;
#365 = SURFACE_SIDE_STYLE ('',( #91 ) ) ;
#366 =( NAMED_UNIT ( * ) SI_UNIT ( $, .STERADIAN. ) SOLID_ANGLE_UNIT ( ) );
#367 = AXIS2_PLACEMENT_3D ( 'NONE', #5431, #3934, #907 ) ;
#368 = VERTEX_POINT ( 'NONE', #3785 ) ;
#369 = LINE ( 'NONE', #2618, #1613 ) ;
#370 = CARTESIAN_POINT ( 'NONE',  ( -13.60000000000000300, -4.400000000000000400, -3.950000000000002000 ) ) ;
#371 = DIRECTION ( 'NONE',  ( -0.0000000000000000000, 1.000000000000000000, 0.0000000000000000000 ) ) ;
#372 = DIRECTION ( 'NONE',  ( -0.0000000000000000000, 0.0000000000000000000, 1.000000000000000000 ) ) ;
#373 = EDGE_LOOP ( 'NONE', ( #4158, #663, #3036, #4607 ) ) ;
#374 = LINE ( 'NONE', #1549, #5553 ) ;
#375 = VERTEX_POINT ( 'NONE', #2256 ) ;
#376 =( NAMED_UNIT ( * ) SI_UNIT ( $, .STERADIAN. ) SOLID_ANGLE_UNIT ( ) );
#377 = DIRECTION ( 'NONE',  ( 0.0000000000000000000, 0.0000000000000000000, -1.000000000000000000 ) ) ;
#378 = CARTESIAN_POINT ( 'NONE',  ( -5.399999999999999500, -3.449999999999996200, -4.050000000000002500 ) ) ;
#379 = DIRECTION ( 'NONE',  ( 0.0000000000000000000, 1.000000000000000000, -0.0000000000000000000 ) ) ;
#380 = ADVANCED_FACE ( 'NONE', ( #1181 ), #1217, .T. ) ;
#381 = CARTESIAN_POINT ( 'NONE',  ( -5.599999999999998800, -4.200000000000000200, -4.850000000000002300 ) ) ;
#382 = VERTEX_POINT ( 'NONE', #5785 ) ;
#383 = ORIENTED_EDGE ( 'NONE', *, *, #6105, .F. ) ;
#384 = DIRECTION ( 'NONE',  ( -0.0000000000000000000, 0.0000000000000000000, 1.000000000000000000 ) ) ;
#385 = LINE ( 'NONE', #5166, #6419 ) ;
#386 = EDGE_CURVE ( 'NONE', #3537, #368, #6209, .T. ) ;
#387 = STYLED_ITEM ( 'NONE', ( #5444 ), #3968 ) ;
#388 = ORIENTED_EDGE ( 'NONE', *, *, #5532, .F. ) ;
#389 = CARTESIAN_POINT ( 'NONE',  ( -0.5000000000000000000, -2.250000000000000000, -4.049999999999999800 ) ) ;
#390 = CARTESIAN_POINT ( 'NONE',  ( -0.3000000000000000400, -4.500000000000000900, 1.940000000000000600 ) ) ;
#391 = AXIS2_PLACEMENT_3D ( 'NONE', #5364, #5850, #3823 ) ;
#392 = EDGE_LOOP ( 'NONE', ( #765, #6038, #5558, #2368 ) ) ;
#393 = DIRECTION ( 'NONE',  ( -1.000000000000000000, 0.0000000000000000000, 0.0000000000000000000 ) ) ;
#394 = VECTOR ( 'NONE', #1098, 1000.000000000000000 ) ;
#395 = DIRECTION ( 'NONE',  ( 1.000000000000000000, 0.0000000000000000000, 0.0000000000000000000 ) ) ;
#396 = CARTESIAN_POINT ( 'NONE',  ( -6.400000000000000400, -4.500000000000000900, -3.850000000000002800 ) ) ;
#397 = EDGE_CURVE ( 'NONE', #5607, #2377, #4497, .T. ) ;
#398 = FILL_AREA_STYLE ('',( #4378 ) ) ;
#399 = EDGE_LOOP ( 'NONE', ( #1334, #6077, #2001, #4349, #5466, #5586, #6252, #2709, #4172, #3439, #2405, #1366 ) ) ;
#400 = DIRECTION ( 'NONE',  ( -0.0000000000000000000, 0.0000000000000000000, -1.000000000000000000 ) ) ;
#401 = CARTESIAN_POINT ( 'NONE',  ( -7.400000000000000400, -4.400000000000000400, -4.050000000000002500 ) ) ;
#402 = CARTESIAN_POINT ( 'NONE',  ( -13.60000000000000300, -4.200000000000002800, -4.850000000000002300 ) ) ;
#403 = UNCERTAINTY_MEASURE_WITH_UNIT (LENGTH_MEASURE( 1.000000000000000100E-005 ), #1730, 'distance_accuracy_value', 'NONE');
#404 =( NAMED_UNIT ( * ) SI_UNIT ( $, .STERADIAN. ) SOLID_ANGLE_UNIT ( ) );
#405 = FILL_AREA_STYLE ('',( #874 ) ) ;
#406 = LINE ( 'NONE', #2814, #1867 ) ;
#407 = ORIENTED_EDGE ( 'NONE', *, *, #2711, .F. ) ;
#408 = VERTEX_POINT ( 'NONE', #2698 ) ;
#409 = LINE ( 'NONE', #2788, #947 ) ;
#410 = FACE_OUTER_BOUND ( 'NONE', #2970, .T. ) ;
#411 = VERTEX_POINT ( 'NONE', #2718 ) ;
#412 = DIRECTION ( 'NONE',  ( -1.000000000000000000, 0.0000000000000000000, -0.0000000000000000000 ) ) ;
#413 = LINE ( 'NONE', #4021, #5587 ) ;
#414 = CARTESIAN_POINT ( 'NONE',  ( -1.174999999999999800, -2.100000000000000100, -2.600000000000000100 ) ) ;
#415 = ADVANCED_FACE ( 'NONE', ( #2434 ), #6294, .F. ) ;
#416 = DIRECTION ( 'NONE',  ( 1.000000000000000000, 0.0000000000000000000, 0.0000000000000000000 ) ) ;
#417 = FILL_AREA_STYLE ('',( #1477 ) ) ;
#418 = ORIENTED_EDGE ( 'NONE', *, *, #3465, .F. ) ;
#419 = COLOUR_RGB ( '',0.7529411764705882200, 0.7529411764705882200, 0.7529411764705882200 ) ;
#420 =( GEOMETRIC_REPRESENTATION_CONTEXT ( 3 ) GLOBAL_UNCERTAINTY_ASSIGNED_CONTEXT ( ( #819 ) ) GLOBAL_UNIT_ASSIGNED_CONTEXT ( ( #6362, #2866, #1862 ) ) REPRESENTATION_CONTEXT ( 'NONE', 'WORKASPACE' ) );
#421 = FACE_OUTER_BOUND ( 'NONE', #553, .T. ) ;
#422 = VECTOR ( 'NONE', #5302, 1000.000000000000000 ) ;
#423 = ORIENTED_EDGE ( 'NONE', *, *, #1665, .F. ) ;
#424 =( NAMED_UNIT ( * ) PLANE_ANGLE_UNIT ( ) SI_UNIT ( $, .RADIAN. ) );
#425 = DIRECTION ( 'NONE',  ( 1.000000000000000000, 2.990902544787598700E-017, 0.0000000000000000000 ) ) ;
#426 = LINE ( 'NONE', #5566, #1111 ) ;
#427 = EDGE_CURVE ( 'NONE', #1372, #5712, #1107, .T. ) ;
#428 = MECHANICAL_DESIGN_GEOMETRIC_PRESENTATION_REPRESENTATION (  '', ( #2189 ), #3208 ) ;
#429 = CARTESIAN_POINT ( 'NONE',  ( -14.82500000000000100, -1.950000000000000400, -0.04999999999999969700 ) ) ;
#430 = ADVANCED_FACE ( 'NONE', ( #5733 ), #3837, .F. ) ;
#431 = LINE ( 'NONE', #4780, #4436 ) ;
#432 = FACE_OUTER_BOUND ( 'NONE', #4084, .T. ) ;
#433 = EDGE_LOOP ( 'NONE', ( #3815, #2012, #4476, #3473, #1331, #3984 ) ) ;
#434 = FACE_OUTER_BOUND ( 'NONE', #4086, .T. ) ;
#435 = UNCERTAINTY_MEASURE_WITH_UNIT (LENGTH_MEASURE( 1.000000000000000100E-005 ), #3889, 'distance_accuracy_value', 'NONE');
#436 = LINE ( 'NONE', #1122, #2853 ) ;
#437 = CARTESIAN_POINT ( 'NONE',  ( -1.399999999999999500, -4.199999999999998400, -4.050000000000002500 ) ) ;
#438 = CARTESIAN_POINT ( 'NONE',  ( -12.60000000000000100, -4.500000000000003600, -3.850000000000002800 ) ) ;
#439 = LINE ( 'NONE', #438, #4833 ) ;
#440 = VERTEX_POINT ( 'NONE', #2674 ) ;
#441 = PRESENTATION_STYLE_ASSIGNMENT (( #2000 ) ) ;
#442 = DIRECTION ( 'NONE',  ( 0.0000000000000000000, -1.000000000000000000, -0.0000000000000000000 ) ) ;
#443 = CARTESIAN_POINT ( 'NONE',  ( -3.600000000000001400, -4.199999999999999300, -4.050000000000002500 ) ) ;
#444 = SURFACE_STYLE_FILL_AREA ( #3600 ) ;
#445 = ORIENTED_EDGE ( 'NONE', *, *, #3918, .F. ) ;
#446 = AXIS2_PLACEMENT_3D ( 'NONE', #3910, #412, #5450 ) ;
#447 = DIRECTION ( 'NONE',  ( -8.462065736472233800E-016, 1.000000000000000000, 0.0000000000000000000 ) ) ;
#448 = VERTEX_POINT ( 'NONE', #5864 ) ;
#449 =( NAMED_UNIT ( * ) SI_UNIT ( $, .STERADIAN. ) SOLID_ANGLE_UNIT ( ) );
#450 = CARTESIAN_POINT ( 'NONE',  ( -7.599999999999999600, -4.500000000000000900, -3.850000000000002800 ) ) ;
#451 = VERTEX_POINT ( 'NONE', #3908 ) ;
#452 = PRESENTATION_STYLE_ASSIGNMENT (( #2376 ) ) ;
#453 = EDGE_LOOP ( 'NONE', ( #3494, #5970, #24, #79 ) ) ;
#454 = STYLED_ITEM ( 'NONE', ( #261 ), #2383 ) ;
#455 = LINE ( 'NONE', #3510, #2681 ) ;
#456 = ORIENTED_EDGE ( 'NONE', *, *, #5854, .T. ) ;
#457 = FILL_AREA_STYLE_COLOUR ( '', #5741 ) ;
#458 = CARTESIAN_POINT ( 'NONE',  ( -13.60000000000000300, -4.500000000000003600, -4.850000000000002300 ) ) ;
#459 = EDGE_CURVE ( 'NONE', #4605, #4443, #569, .T. ) ;
#460 = ORIENTED_EDGE ( 'NONE', *, *, #6410, .F. ) ;
#461 = VECTOR ( 'NONE', #4574, 1000.000000000000000 ) ;
#462 = DIRECTION ( 'NONE',  ( 1.000000000000000000, 0.0000000000000000000, -0.0000000000000000000 ) ) ;
#463 = ADVANCED_FACE ( 'NONE', ( #3467 ), #2379, .F. ) ;
#464 = CARTESIAN_POINT ( 'NONE',  ( -9.600000000000003200, -4.500000000000001800, -3.850000000000002800 ) ) ;
#465 = ORIENTED_EDGE ( 'NONE', *, *, #5222, .F. ) ;
#466 = DIRECTION ( 'NONE',  ( 0.0000000000000000000, 0.0000000000000000000, 1.000000000000000000 ) ) ;
#467 = VERTEX_POINT ( 'NONE', #2355 ) ;
#468 = DIRECTION ( 'NONE',  ( 0.0000000000000000000, -3.854941057726238100E-016, -1.000000000000000000 ) ) ;
#469 = PRESENTATION_LAYER_ASSIGNMENT (  '', '', ( #3601 ) ) ;
#470 = ORIENTED_EDGE ( 'NONE', *, *, #4425, .T. ) ;
#471 = ORIENTED_EDGE ( 'NONE', *, *, #4132, .T. ) ;
#472 = DIRECTION ( 'NONE',  ( 0.0000000000000000000, 0.0000000000000000000, -1.000000000000000000 ) ) ;
#473 = EDGE_CURVE ( 'NONE', #5090, #4218, #882, .T. ) ;
#474 = VECTOR ( 'NONE', #425, 1000.000000000000000 ) ;
#475 = DIRECTION ( 'NONE',  ( 1.000000000000000000, 0.0000000000000000000, -0.0000000000000000000 ) ) ;
#476 = LINE ( 'NONE', #3260, #2420 ) ;
#477 = FACE_OUTER_BOUND ( 'NONE', #2153, .T. ) ;
#478 = STYLED_ITEM ( 'NONE', ( #1565 ), #946 ) ;
#479 =( GEOMETRIC_REPRESENTATION_CONTEXT ( 3 ) GLOBAL_UNCERTAINTY_ASSIGNED_CONTEXT ( ( #5497 ) ) GLOBAL_UNIT_ASSIGNED_CONTEXT ( ( #4639, #651, #5604 ) ) REPRESENTATION_CONTEXT ( 'NONE', 'WORKASPACE' ) );
#480 = CARTESIAN_POINT ( 'NONE',  ( -5.599999999999998800, -3.449999999999996200, -4.050000000000002500 ) ) ;
#481 = DIRECTION ( 'NONE',  ( 0.0000000000000000000, 0.7071067811865470200, 0.7071067811865481300 ) ) ;
#482 = ORIENTED_EDGE ( 'NONE', *, *, #2382, .T. ) ;
#483 = EDGE_CURVE ( 'NONE', #4969, #1079, #1039, .T. ) ;
#484 = VECTOR ( 'NONE', #6310, 1000.000000000000000 ) ;
#485 = VECTOR ( 'NONE', #1841, 1000.000000000000000 ) ;
#486 = CARTESIAN_POINT ( 'NONE',  ( -14.60000000000000100, -4.500000000000003600, -4.850000000000002300 ) ) ;
#487 = ORIENTED_EDGE ( 'NONE', *, *, #1938, .T. ) ;
#488 = FILL_AREA_STYLE_COLOUR ( '', #2216 ) ;
#489 = DIRECTION ( 'NONE',  ( 0.0000000000000000000, 0.0000000000000000000, 1.000000000000000000 ) ) ;
#490 = FILL_AREA_STYLE_COLOUR ( '', #5861 ) ;
#491 = EDGE_LOOP ( 'NONE', ( #905, #2825, #606, #629 ) ) ;
#492 = CARTESIAN_POINT ( 'NONE',  ( -8.600000000000001400, -4.200000000000001100, -4.850000000000002300 ) ) ;
#493 = CARTESIAN_POINT ( 'NONE',  ( -15.30000000000000100, -1.300000000000000500, -1.799999999999999600 ) ) ;
#494 = LINE ( 'NONE', #5644, #5820 ) ;
#495 = DIRECTION ( 'NONE',  ( 0.0000000000000000000, 0.7071067811865470200, 0.7071067811865481300 ) ) ;
#496 = ORIENTED_EDGE ( 'NONE', *, *, #6279, .T. ) ;
#497 = PRESENTATION_STYLE_ASSIGNMENT (( #3534 ) ) ;
#498 = DIRECTION ( 'NONE',  ( -1.000000000000000000, -0.0000000000000000000, -0.0000000000000000000 ) ) ;
#499 = DIRECTION ( 'NONE',  ( 0.0000000000000000000, -1.000000000000000000, 0.0000000000000000000 ) ) ;
#500 = AXIS2_PLACEMENT_3D ( 'NONE', #804, #2864, #4883 ) ;
#501 = LINE ( 'NONE', #2899, #3780 ) ;
#502 = PRESENTATION_STYLE_ASSIGNMENT (( #2130 ) ) ;
#503 = CARTESIAN_POINT ( 'NONE',  ( -15.30000000000000100, -1.300000000000000500, -1.799999999999999600 ) ) ;
#504 = DIRECTION ( 'NONE',  ( -0.0000000000000000000, -0.0000000000000000000, 1.000000000000000000 ) ) ;
#505 = CARTESIAN_POINT ( 'NONE',  ( -11.05000000000000100, -1.800000000000001200, -1.800000000000000000 ) ) ;
#506 = LINE ( 'NONE', #390, #1979 ) ;
#507 = ORIENTED_EDGE ( 'NONE', *, *, #3420, .F. ) ;
#508 = CARTESIAN_POINT ( 'NONE',  ( -3.849999999999999200, -0.3499999999999980300, -4.050000000000001600 ) ) ;
#509 = UNCERTAINTY_MEASURE_WITH_UNIT (LENGTH_MEASURE( 1.000000000000000100E-005 ), #190, 'distance_accuracy_value', 'NONE');
#510 = AXIS2_PLACEMENT_3D ( 'NONE', #3336, #1360, #351 ) ;
#511 = LINE ( 'NONE', #402, #4187 ) ;
#512 = LINE ( 'NONE', #4520, #1823 ) ;
#513 = FILL_AREA_STYLE ('',( #34 ) ) ;
#514 = VERTEX_POINT ( 'NONE', #1870 ) ;
#515 = LINE ( 'NONE', #921, #653 ) ;
#516 = CARTESIAN_POINT ( 'NONE',  ( -15.49999999999999600, -3.750000000000007100, 1.300000000000000300 ) ) ;
#517 = EDGE_CURVE ( 'NONE', #3608, #723, #3061, .T. ) ;
#518 = STYLED_ITEM ( 'NONE', ( #5172 ), #1427 ) ;
#519 = VECTOR ( 'NONE', #1963, 1000.000000000000000 ) ;
#520 = ORIENTED_EDGE ( 'NONE', *, *, #2629, .F. ) ;
#521 = LINE ( 'NONE', #4409, #655 ) ;
#522 = CARTESIAN_POINT ( 'NONE',  ( -7.599999999999999600, -4.200000000000000200, -4.050000000000002500 ) ) ;
#523 = ORIENTED_EDGE ( 'NONE', *, *, #3935, .T. ) ;
#524 = PLANE ( 'NONE',  #4413 ) ;
#525 = DIRECTION ( 'NONE',  ( -0.0000000000000000000, -0.0000000000000000000, 1.000000000000000000 ) ) ;
#526 = EDGE_CURVE ( 'NONE', #6308, #1467, #182, .T. ) ;
#527 = PRESENTATION_LAYER_ASSIGNMENT (  '', '', ( #3275 ) ) ;
#528 = LINE ( 'NONE', #1866, #4129 ) ;
#529 =( LENGTH_UNIT ( ) NAMED_UNIT ( * ) SI_UNIT ( .MILLI., .METRE. ) );
#530 = VERTEX_POINT ( 'NONE', #1374 ) ;
#531 = CARTESIAN_POINT ( 'NONE',  ( -15.70000000000000300, -1.300000000000000500, 1.950000000000000400 ) ) ;
#532 = FACE_OUTER_BOUND ( 'NONE', #6277, .T. ) ;
#533 =( LENGTH_UNIT ( ) NAMED_UNIT ( * ) SI_UNIT ( .MILLI., .METRE. ) );
#534 = VERTEX_POINT ( 'NONE', #5327 ) ;
#535 =( LENGTH_UNIT ( ) NAMED_UNIT ( * ) SI_UNIT ( .MILLI., .METRE. ) );
#536 = ORIENTED_EDGE ( 'NONE', *, *, #6016, .F. ) ;
#537 = PLANE ( 'NONE',  #2560 ) ;
#538 =( NAMED_UNIT ( * ) PLANE_ANGLE_UNIT ( ) SI_UNIT ( $, .RADIAN. ) );
#539 = EDGE_LOOP ( 'NONE', ( #4660, #5533, #590, #3819, #1868, #5893 ) ) ;
#540 = DIRECTION ( 'NONE',  ( 0.0000000000000000000, -0.0000000000000000000, -1.000000000000000000 ) ) ;
#541 = ORIENTED_EDGE ( 'NONE', *, *, #5556, .T. ) ;
#542 = CARTESIAN_POINT ( 'NONE',  ( -8.600000000000001400, -4.500000000000001800, -3.850000000000002800 ) ) ;
#543 = ORIENTED_EDGE ( 'NONE', *, *, #5290, .F. ) ;
#544 = DIRECTION ( 'NONE',  ( 0.0000000000000000000, 0.0000000000000000000, -1.000000000000000000 ) ) ;
#545 = VECTOR ( 'NONE', #3481, 1000.000000000000000 ) ;
#546 = EDGE_CURVE ( 'NONE', #4281, #36, #1799, .T. ) ;
#547 = AXIS2_PLACEMENT_3D ( 'NONE', #2885, #4440, #2415 ) ;
#548 = ORIENTED_EDGE ( 'NONE', *, *, #5565, .T. ) ;
#549 =( LENGTH_UNIT ( ) NAMED_UNIT ( * ) SI_UNIT ( .MILLI., .METRE. ) );
#550 = ORIENTED_EDGE ( 'NONE', *, *, #4572, .T. ) ;
#551 = PRESENTATION_STYLE_ASSIGNMENT (( #4977 ) ) ;
#552 = ORIENTED_EDGE ( 'NONE', *, *, #5987, .T. ) ;
#553 = EDGE_LOOP ( 'NONE', ( #3133, #2380, #5487, #3139 ) ) ;
#554 = DIRECTION ( 'NONE',  ( 0.0000000000000000000, -0.0000000000000000000, -1.000000000000000000 ) ) ;
#555 = VECTOR ( 'NONE', #5639, 1000.000000000000000 ) ;
#556 = CARTESIAN_POINT ( 'NONE',  ( -6.400000000000000400, -4.200000000000000200, -4.850000000000002300 ) ) ;
#557 = ADVANCED_FACE ( 'NONE', ( #5116 ), #4326, .F. ) ;
#558 = EDGE_CURVE ( 'NONE', #2223, #4892, #3851, .T. ) ;
#559 = AXIS2_PLACEMENT_3D ( 'NONE', #5333, #1288, #4826 ) ;
#560 = CARTESIAN_POINT ( 'NONE',  ( -14.82500000000000100, -0.6000000000000009800, -4.173411897755954700 ) ) ;
#561 = EDGE_CURVE ( 'NONE', #4550, #138, #2989, .T. ) ;
#562 = ORIENTED_EDGE ( 'NONE', *, *, #1710, .T. ) ;
#563 = LINE ( 'NONE', #1014, #2512 ) ;
#564 = CARTESIAN_POINT ( 'NONE',  ( -5.399999999999999500, -4.500000000000000000, -4.850000000000002300 ) ) ;
#565 =( NAMED_UNIT ( * ) PLANE_ANGLE_UNIT ( ) SI_UNIT ( $, .RADIAN. ) );
#566 = ORIENTED_EDGE ( 'NONE', *, *, #3499, .F. ) ;
#567 = LINE ( 'NONE', #2261, #5437 ) ;
#568 = MECHANICAL_DESIGN_GEOMETRIC_PRESENTATION_REPRESENTATION (  '', ( #1567 ), #812 ) ;
#569 = LINE ( 'NONE', #5379, #2519 ) ;
#570 = FACE_OUTER_BOUND ( 'NONE', #5576, .T. ) ;
#571 = EDGE_CURVE ( 'NONE', #1016, #735, #6058, .T. ) ;
#572 = LINE ( 'NONE', #2985, #1806 ) ;
#573 =( NAMED_UNIT ( * ) SI_UNIT ( $, .STERADIAN. ) SOLID_ANGLE_UNIT ( ) );
#574 = VECTOR ( 'NONE', #2827, 1000.000000000000000 ) ;
#575 = APPLICATION_CONTEXT ( 'automotive_design' ) ;
#576 = LINE ( 'NONE', #4802, #268 ) ;
#577 = COLOUR_RGB ( '',0.7529411764705882200, 0.7529411764705882200, 0.7529411764705882200 ) ;
#578 = VERTEX_POINT ( 'NONE', #5971 ) ;
#579 = VECTOR ( 'NONE', #2076, 1000.000000000000000 ) ;
#580 = LINE ( 'NONE', #3072, #273 ) ;
#581 = AXIS2_PLACEMENT_3D ( 'NONE', #3622, #181, #4628 ) ;
#582 = VECTOR ( 'NONE', #3680, 1000.000000000000000 ) ;
#583 = PRESENTATION_STYLE_ASSIGNMENT (( #4490 ) ) ;
#584 =( NAMED_UNIT ( * ) PLANE_ANGLE_UNIT ( ) SI_UNIT ( $, .RADIAN. ) );
#585 = ORIENTED_EDGE ( 'NONE', *, *, #4091, .F. ) ;
#586 = VECTOR ( 'NONE', #3521, 1000.000000000000000 ) ;
#587 = CARTESIAN_POINT ( 'NONE',  ( -11.60000000000000100, -4.200000000000002000, -3.950000000000002000 ) ) ;
#588 =( NAMED_UNIT ( * ) PLANE_ANGLE_UNIT ( ) SI_UNIT ( $, .RADIAN. ) );
#589 = ORIENTED_EDGE ( 'NONE', *, *, #3871, .F. ) ;
#590 = ORIENTED_EDGE ( 'NONE', *, *, #1209, .T. ) ;
#591 = CARTESIAN_POINT ( 'NONE',  ( -1.399999999999999500, -4.499999999999998200, -3.850000000000002800 ) ) ;
#592 = STYLED_ITEM ( 'NONE', ( #2137 ), #4806 ) ;
#593 = ORIENTED_EDGE ( 'NONE', *, *, #3760, .F. ) ;
#594 = AXIS2_PLACEMENT_3D ( 'NONE', #4305, #4250, #5240 ) ;
#595 = CARTESIAN_POINT ( 'NONE',  ( -0.3000000000000000400, -2.450000000000007300, 1.940000000000000400 ) ) ;
#596 = EDGE_CURVE ( 'NONE', #686, #5349, #4726, .T. ) ;
#597 = CARTESIAN_POINT ( 'NONE',  ( -0.6999999999999998400, -2.100000000000000100, -1.799999999999999600 ) ) ;
#598 = DIRECTION ( 'NONE',  ( 1.306267677693378500E-016, -1.000000000000000000, 0.0000000000000000000 ) ) ;
#599 = CARTESIAN_POINT ( 'NONE',  ( -12.60000000000000100, -3.449999999999999300, -4.050000000000002500 ) ) ;
#600 = DIRECTION ( 'NONE',  ( 0.0000000000000000000, -1.000000000000000000, 0.0000000000000000000 ) ) ;
#601 = ORIENTED_EDGE ( 'NONE', *, *, #1793, .T. ) ;
#602 = LINE ( 'NONE', #6261, #3735 ) ;
#603 = PRESENTATION_LAYER_ASSIGNMENT (  '', '', ( #6108 ) ) ;
#604 = CARTESIAN_POINT ( 'NONE',  ( -12.40000000000000200, -4.500000000000003600, -3.850000000000002800 ) ) ;
#605 = CARTESIAN_POINT ( 'NONE',  ( 0.0000000000000000000, -4.400000000000000400, -4.050000000000002500 ) ) ;
#606 = ORIENTED_EDGE ( 'NONE', *, *, #3009, .F. ) ;
#607 = DIRECTION ( 'NONE',  ( 1.000000000000000000, 8.462065736472233800E-016, 0.0000000000000000000 ) ) ;
#608 = FILL_AREA_STYLE ('',( #2138 ) ) ;
#609 = ORIENTED_EDGE ( 'NONE', *, *, #5307, .T. ) ;
#610 =( NAMED_UNIT ( * ) PLANE_ANGLE_UNIT ( ) SI_UNIT ( $, .RADIAN. ) );
#611 = ORIENTED_EDGE ( 'NONE', *, *, #4230, .F. ) ;
#612 = EDGE_LOOP ( 'NONE', ( #928, #4025, #4751, #4703 ) ) ;
#613 = CARTESIAN_POINT ( 'NONE',  ( -12.15000000000000000, -0.3499999999999990900, -4.050000000000001600 ) ) ;
#614 = VERTEX_POINT ( 'NONE', #2423 ) ;
#615 = SURFACE_SIDE_STYLE ('',( #1322 ) ) ;
#616 =( NAMED_UNIT ( * ) PLANE_ANGLE_UNIT ( ) SI_UNIT ( $, .RADIAN. ) );
#617 = UNCERTAINTY_MEASURE_WITH_UNIT (LENGTH_MEASURE( 1.000000000000000100E-005 ), #1934, 'distance_accuracy_value', 'NONE');
#618 = PLANE ( 'NONE',  #3530 ) ;
#619 = LINE ( 'NONE', #3925, #5648 ) ;
#620 = SURFACE_STYLE_FILL_AREA ( #6198 ) ;
#621 =( NAMED_UNIT ( * ) SI_UNIT ( $, .STERADIAN. ) SOLID_ANGLE_UNIT ( ) );
#622 = LINE ( 'NONE', #3769, #4635 ) ;
#623 = ORIENTED_EDGE ( 'NONE', *, *, #3533, .T. ) ;
#624 = AXIS2_PLACEMENT_3D ( 'NONE', #5588, #5551, #6093 ) ;
#625 = UNCERTAINTY_MEASURE_WITH_UNIT (LENGTH_MEASURE( 1.000000000000000100E-005 ), #6401, 'distance_accuracy_value', 'NONE');
#626 = SURFACE_STYLE_FILL_AREA ( #5237 ) ;
#627 = DIRECTION ( 'NONE',  ( 0.0000000000000000000, -1.000000000000000000, 0.0000000000000000000 ) ) ;
#628 = LINE ( 'NONE', #3686, #485 ) ;
#629 = ORIENTED_EDGE ( 'NONE', *, *, #2664, .F. ) ;
#630 =( LENGTH_UNIT ( ) NAMED_UNIT ( * ) SI_UNIT ( .MILLI., .METRE. ) );
#631 =( NAMED_UNIT ( * ) PLANE_ANGLE_UNIT ( ) SI_UNIT ( $, .RADIAN. ) );
#632 = EDGE_CURVE ( 'NONE', #408, #534, #1652, .T. ) ;
#633 = APPLICATION_PROTOCOL_DEFINITION ( 'draft international standard', 'automotive_design', 1998, #575 ) ;
#634 = ORIENTED_EDGE ( 'NONE', *, *, #1265, .T. ) ;
#635 = FACE_OUTER_BOUND ( 'NONE', #5572, .T. ) ;
#636 = EDGE_CURVE ( 'NONE', #2316, #2071, #1569, .T. ) ;
#637 = AXIS2_PLACEMENT_3D ( 'NONE', #3047, #3652, #649 ) ;
#638 = LINE ( 'NONE', #679, #2042 ) ;
#639 = ORIENTED_EDGE ( 'NONE', *, *, #3147, .F. ) ;
#640 = LINE ( 'NONE', #464, #3297 ) ;
#641 = SURFACE_SIDE_STYLE ('',( #727 ) ) ;
#642 = ORIENTED_EDGE ( 'NONE', *, *, #44, .F. ) ;
#643 = COLOUR_RGB ( '',0.7529411764705882200, 0.7529411764705882200, 0.7529411764705882200 ) ;
#644 = DIRECTION ( 'NONE',  ( 0.0000000000000000000, 0.7071067811865481300, -0.7071067811865470200 ) ) ;
#645 = EDGE_CURVE ( 'NONE', #2896, #4453, #2648, .T. ) ;
#646 = SURFACE_STYLE_FILL_AREA ( #2877 ) ;
#647 = ORIENTED_EDGE ( 'NONE', *, *, #645, .T. ) ;
#648 = DIRECTION ( 'NONE',  ( 0.0000000000000000000, 0.7071067811865481300, -0.7071067811865470200 ) ) ;
#649 = DIRECTION ( 'NONE',  ( -0.0000000000000000000, 0.0000000000000000000, 1.000000000000000000 ) ) ;
#650 = VERTEX_POINT ( 'NONE', #3993 ) ;
#651 =( NAMED_UNIT ( * ) PLANE_ANGLE_UNIT ( ) SI_UNIT ( $, .RADIAN. ) );
#652 = VERTEX_POINT ( 'NONE', #5935 ) ;
#653 = VECTOR ( 'NONE', #5927, 1000.000000000000000 ) ;
#654 = EDGE_CURVE ( 'NONE', #448, #5989, #563, .T. ) ;
#655 = VECTOR ( 'NONE', #4358, 1000.000000000000000 ) ;
#656 = DIRECTION ( 'NONE',  ( 0.0000000000000000000, -1.000000000000000000, -9.856383386231856400E-017 ) ) ;
#657 = DIRECTION ( 'NONE',  ( 8.462065736472233800E-016, -1.000000000000000000, 1.057758217059032400E-016 ) ) ;
#658 = ORIENTED_EDGE ( 'NONE', *, *, #2703, .F. ) ;
#659 = PRESENTATION_STYLE_ASSIGNMENT (( #3798 ) ) ;
#660 = SURFACE_SIDE_STYLE ('',( #5017 ) ) ;
#661 = ORIENTED_EDGE ( 'NONE', *, *, #92, .F. ) ;
#662 = EDGE_CURVE ( 'NONE', #4119, #362, #4235, .T. ) ;
#663 = ORIENTED_EDGE ( 'NONE', *, *, #6064, .F. ) ;
#664 = SURFACE_STYLE_USAGE ( .BOTH. , #152 ) ;
#665 = VECTOR ( 'NONE', #5932, 1000.000000000000000 ) ;
#666 = LINE ( 'NONE', #5146, #1751 ) ;
#667 = LINE ( 'NONE', #895, #2872 ) ;
#668 = PRESENTATION_LAYER_ASSIGNMENT (  '', '', ( #1598 ) ) ;
#669 =( NAMED_UNIT ( * ) PLANE_ANGLE_UNIT ( ) SI_UNIT ( $, .RADIAN. ) );
#670 = LINE ( 'NONE', #3531, #5778 ) ;
#671 = PRESENTATION_LAYER_ASSIGNMENT (  '', '', ( #1474 ) ) ;
#672 = FILL_AREA_STYLE_COLOUR ( '', #6162 ) ;
#673 = EDGE_CURVE ( 'NONE', #1522, #805, #6375, .T. ) ;
#674 = ADVANCED_FACE ( 'NONE', ( #3538 ), #1927, .F. ) ;
#675 = FILL_AREA_STYLE_COLOUR ( '', #2844 ) ;
#676 = EDGE_CURVE ( 'NONE', #2763, #723, #413, .T. ) ;
#677 = ORIENTED_EDGE ( 'NONE', *, *, #1595, .T. ) ;
#678 = ORIENTED_EDGE ( 'NONE', *, *, #5158, .T. ) ;
#679 = CARTESIAN_POINT ( 'NONE',  ( 0.0000000000000000000, 8.673617379884033500E-016, -4.049999999999999800 ) ) ;
#680 = SURFACE_STYLE_USAGE ( .BOTH. , #4713 ) ;
#681 = ORIENTED_EDGE ( 'NONE', *, *, #5798, .T. ) ;
#682 = CARTESIAN_POINT ( 'NONE',  ( 0.0000000000000000000, 0.0000000000000000000, -1.799999999999999600 ) ) ;
#683 = EDGE_LOOP ( 'NONE', ( #2470, #3296, #1840, #1311 ) ) ;
#684 = LINE ( 'NONE', #4570, #394 ) ;
#685 = DIRECTION ( 'NONE',  ( 0.0000000000000000000, 0.0000000000000000000, -1.000000000000000000 ) ) ;
#686 = VERTEX_POINT ( 'NONE', #3507 ) ;
#687 = PLANE ( 'NONE',  #2425 ) ;
#688 = DIRECTION ( 'NONE',  ( 8.462065736472233800E-016, -1.000000000000000000, 0.0000000000000000000 ) ) ;
#689 =( NAMED_UNIT ( * ) PLANE_ANGLE_UNIT ( ) SI_UNIT ( $, .RADIAN. ) );
#690 = UNCERTAINTY_MEASURE_WITH_UNIT (LENGTH_MEASURE( 1.000000000000000100E-005 ), #6040, 'distance_accuracy_value', 'NONE');
#691 = ORIENTED_EDGE ( 'NONE', *, *, #332, .F. ) ;
#692 = CARTESIAN_POINT ( 'NONE',  ( -0.5000000000000000000, -3.750000000000000900, 1.300000000000000300 ) ) ;
#693 = CARTESIAN_POINT ( 'NONE',  ( -10.40000000000000200, -4.500000000000002700, -3.850000000000002800 ) ) ;
#694 =( GEOMETRIC_REPRESENTATION_CONTEXT ( 3 ) GLOBAL_UNCERTAINTY_ASSIGNED_CONTEXT ( ( #2722 ) ) GLOBAL_UNIT_ASSIGNED_CONTEXT ( ( #4514, #4473, #1492 ) ) REPRESENTATION_CONTEXT ( 'NONE', 'WORKASPACE' ) );
#695 = CARTESIAN_POINT ( 'NONE',  ( -2.600000000000000500, -4.400000000000000400, -4.050000000000002500 ) ) ;
#696 = ORIENTED_EDGE ( 'NONE', *, *, #1285, .T. ) ;
#697 = VERTEX_POINT ( 'NONE', #5954 ) ;
#698 =( LENGTH_UNIT ( ) NAMED_UNIT ( * ) SI_UNIT ( .MILLI., .METRE. ) );
#699 = FILL_AREA_STYLE_COLOUR ( '', #1977 ) ;
#700 = EDGE_CURVE ( 'NONE', #185, #4762, #5258, .T. ) ;
#701 =( GEOMETRIC_REPRESENTATION_CONTEXT ( 3 ) GLOBAL_UNCERTAINTY_ASSIGNED_CONTEXT ( ( #6333 ) ) GLOBAL_UNIT_ASSIGNED_CONTEXT ( ( #2992, #6012, #2527 ) ) REPRESENTATION_CONTEXT ( 'NONE', 'WORKASPACE' ) );
#702 = COLOUR_RGB ( '',0.7529411764705882200, 0.7529411764705882200, 0.7529411764705882200 ) ;
#703 = ORIENTED_EDGE ( 'NONE', *, *, #3593, .F. ) ;
#704 = CARTESIAN_POINT ( 'NONE',  ( -15.49999999999999600, -3.750000000000007100, 1.940000000000000600 ) ) ;
#705 = ADVANCED_FACE ( 'NONE', ( #6203 ), #6020, .F. ) ;
#706 = COLOUR_RGB ( '',0.7529411764705882200, 0.7529411764705882200, 0.7529411764705882200 ) ;
#707 = MECHANICAL_DESIGN_GEOMETRIC_PRESENTATION_REPRESENTATION (  '', ( #3737 ), #1791 ) ;
#708 = CARTESIAN_POINT ( 'NONE',  ( -15.30000000000000100, -2.100000000000000100, 1.950000000000000400 ) ) ;
#709 = VECTOR ( 'NONE', #3190, 1000.000000000000000 ) ;
#710 = LINE ( 'NONE', #3170, #3209 ) ;
#711 = ORIENTED_EDGE ( 'NONE', *, *, #427, .F. ) ;
#712 = LINE ( 'NONE', #1824, #5190 ) ;
#713 = VECTOR ( 'NONE', #4874, 1000.000000000000000 ) ;
#714 = CARTESIAN_POINT ( 'NONE',  ( -0.2999999999999998200, -2.100000000000000100, -1.799999999999999600 ) ) ;
#715 = SURFACE_STYLE_FILL_AREA ( #2490 ) ;
#716 = ORIENTED_EDGE ( 'NONE', *, *, #5507, .F. ) ;
#717 = EDGE_CURVE ( 'NONE', #5607, #2021, #2643, .T. ) ;
#718 = MECHANICAL_DESIGN_GEOMETRIC_PRESENTATION_REPRESENTATION (  '', ( #6034 ), #5224 ) ;
#719 = SURFACE_STYLE_FILL_AREA ( #4494 ) ;
#720 = CARTESIAN_POINT ( 'NONE',  ( -9.400000000000002100, -4.200000000000001100, -4.850000000000002300 ) ) ;
#721 = VECTOR ( 'NONE', #1205, 1000.000000000000000 ) ;
#722 = PLANE ( 'NONE',  #189 ) ;
#723 = VERTEX_POINT ( 'NONE', #1133 ) ;
#724 = SURFACE_STYLE_FILL_AREA ( #1103 ) ;
#725 = DIRECTION ( 'NONE',  ( -0.0000000000000000000, -1.000000000000000000, -5.981805089575195200E-016 ) ) ;
#726 = CARTESIAN_POINT ( 'NONE',  ( -10.60000000000000100, -4.500000000000002700, -4.850000000000002300 ) ) ;
#727 = SURFACE_STYLE_FILL_AREA ( #1182 ) ;
#728 = VECTOR ( 'NONE', #3436, 1000.000000000000000 ) ;
#729 = ORIENTED_EDGE ( 'NONE', *, *, #2431, .F. ) ;
#730 = PRESENTATION_STYLE_ASSIGNMENT (( #4063 ) ) ;
#731 = CARTESIAN_POINT ( 'NONE',  ( -15.49999999999999600, -2.450000000000006800, 1.950000000000000400 ) ) ;
#732 = CARTESIAN_POINT ( 'NONE',  ( -14.40000000000000200, -4.200000000000003700, -4.850000000000002300 ) ) ;
#733 = LINE ( 'NONE', #5251, #6306 ) ;
#734 = MECHANICAL_DESIGN_GEOMETRIC_PRESENTATION_REPRESENTATION (  '', ( #2502 ), #1084 ) ;
#735 = VERTEX_POINT ( 'NONE', #4207 ) ;
#736 = CARTESIAN_POINT ( 'NONE',  ( -12.60000000000000100, -4.200000000000002800, -3.950000000000002000 ) ) ;
#737 = VECTOR ( 'NONE', #5020, 1000.000000000000000 ) ;
#738 = ORIENTED_EDGE ( 'NONE', *, *, #2570, .T. ) ;
#739 =( NAMED_UNIT ( * ) SI_UNIT ( $, .STERADIAN. ) SOLID_ANGLE_UNIT ( ) );
#740 = FILL_AREA_STYLE_COLOUR ( '', #3116 ) ;
#741 = ADVANCED_FACE ( 'NONE', ( #5660 ), #4146, .F. ) ;
#742 = VERTEX_POINT ( 'NONE', #4701 ) ;
#743 = AXIS2_PLACEMENT_3D ( 'NONE', #4878, #2857, #864 ) ;
#744 = LINE ( 'NONE', #2326, #3579 ) ;
#745 = VECTOR ( 'NONE', #2557, 1000.000000000000000 ) ;
#746 = CARTESIAN_POINT ( 'NONE',  ( -15.50000000000000000, -6.579224509580426600E-015, -2.149999999999999900 ) ) ;
#747 = SURFACE_STYLE_USAGE ( .BOTH. , #2724 ) ;
#748 = ORIENTED_EDGE ( 'NONE', *, *, #1253, .F. ) ;
#749 = SURFACE_STYLE_USAGE ( .BOTH. , #2158 ) ;
#750 = DIRECTION ( 'NONE',  ( 0.0000000000000000000, -1.000000000000000000, -9.856383386231856400E-017 ) ) ;
#751 = VECTOR ( 'NONE', #1617, 1000.000000000000000 ) ;
#752 = DIRECTION ( 'NONE',  ( 0.0000000000000000000, 0.0000000000000000000, -1.000000000000000000 ) ) ;
#753 = DIRECTION ( 'NONE',  ( 1.000000000000000000, 0.0000000000000000000, 0.0000000000000000000 ) ) ;
#754 = ORIENTED_EDGE ( 'NONE', *, *, #4404, .F. ) ;
#755 = CARTESIAN_POINT ( 'NONE',  ( -2.600000000000000500, -4.499999999999999100, -3.850000000000002800 ) ) ;
#756 = EDGE_CURVE ( 'NONE', #382, #5436, #1649, .T. ) ;
#757 = AXIS2_PLACEMENT_3D ( 'NONE', #1552, #2051, #3002 ) ;
#758 = CARTESIAN_POINT ( 'NONE',  ( -8.600000000000001400, -4.400000000000000400, -4.050000000000002500 ) ) ;
#759 = ADVANCED_FACE ( 'NONE', ( #2098 ), #2145, .F. ) ;
#760 = CARTESIAN_POINT ( 'NONE',  ( -0.7499999999999997800, -2.100000000000000100, -2.600000000000000100 ) ) ;
#761 = ADVANCED_FACE ( 'NONE', ( #1957 ), #6179, .F. ) ;
#762 = DIRECTION ( 'NONE',  ( 0.0000000000000000000, -1.000000000000000000, 0.0000000000000000000 ) ) ;
#763 = ORIENTED_EDGE ( 'NONE', *, *, #3191, .T. ) ;
#764 = CARTESIAN_POINT ( 'NONE',  ( -1.174999999999999800, -2.100000000000000100, 1.950000000000000400 ) ) ;
#765 = ORIENTED_EDGE ( 'NONE', *, *, #4832, .T. ) ;
#766 = VECTOR ( 'NONE', #1661, 1000.000000000000000 ) ;
#767 = ORIENTED_EDGE ( 'NONE', *, *, #5931, .T. ) ;
#768 =( GEOMETRIC_REPRESENTATION_CONTEXT ( 3 ) GLOBAL_UNCERTAINTY_ASSIGNED_CONTEXT ( ( #276 ) ) GLOBAL_UNIT_ASSIGNED_CONTEXT ( ( #6025, #538, #3468 ) ) REPRESENTATION_CONTEXT ( 'NONE', 'WORKASPACE' ) );
#769 = CARTESIAN_POINT ( 'NONE',  ( -13.40000000000000200, -4.200000000000002800, -4.850000000000002300 ) ) ;
#770 = DIRECTION ( 'NONE',  ( 0.0000000000000000000, -1.000000000000000000, 0.0000000000000000000 ) ) ;
#771 = ORIENTED_EDGE ( 'NONE', *, *, #2948, .T. ) ;
#772 = ADVANCED_FACE ( 'NONE', ( #1332 ), #5661, .F. ) ;
#773 = DIRECTION ( 'NONE',  ( 8.462065736472233800E-016, -1.000000000000000000, 1.057758217059032400E-016 ) ) ;
#774 = VECTOR ( 'NONE', #4821, 1000.000000000000000 ) ;
#775 = EDGE_CURVE ( 'NONE', #1994, #805, #409, .T. ) ;
#776 = FACE_OUTER_BOUND ( 'NONE', #5826, .T. ) ;
#777 = EDGE_CURVE ( 'NONE', #5462, #2793, #326, .T. ) ;
#778 = ORIENTED_EDGE ( 'NONE', *, *, #5241, .F. ) ;
#779 = CARTESIAN_POINT ( 'NONE',  ( -1.174999999999999800, -0.6000000000000009800, -4.173411897755956400 ) ) ;
#780 = VECTOR ( 'NONE', #4818, 1000.000000000000000 ) ;
#781 = CARTESIAN_POINT ( 'NONE',  ( -4.950000000000001100, -1.799999999999998700, -1.800000000000000000 ) ) ;
#782 = CARTESIAN_POINT ( 'NONE',  ( -16.00000000000000000, -4.400000000000000400, 1.950000000000000000 ) ) ;
#783 = PLANE ( 'NONE',  #1585 ) ;
#784 = FILL_AREA_STYLE ('',( #5783 ) ) ;
#785 = CARTESIAN_POINT ( 'NONE',  ( 0.0000000000000000000, -4.400000000000000400, -4.050000000000002500 ) ) ;
#786 = VECTOR ( 'NONE', #4788, 1000.000000000000000 ) ;
#787 = VERTEX_POINT ( 'NONE', #1695 ) ;
#788 = MECHANICAL_DESIGN_GEOMETRIC_PRESENTATION_REPRESENTATION (  '', ( #3601 ), #3167 ) ;
#789 = FILL_AREA_STYLE_COLOUR ( '', #837 ) ;
#790 = ORIENTED_EDGE ( 'NONE', *, *, #3103, .F. ) ;
#791 = LINE ( 'NONE', #5505, #4728 ) ;
#792 = LINE ( 'NONE', #5804, #2518 ) ;
#793 = CARTESIAN_POINT ( 'NONE',  ( -11.40000000000000000, -4.500000000000002700, -4.850000000000002300 ) ) ;
#794 = ADVANCED_FACE ( 'NONE', ( #1239 ), #3244, .T. ) ;
#795 =( NAMED_UNIT ( * ) SI_UNIT ( $, .STERADIAN. ) SOLID_ANGLE_UNIT ( ) );
#796 = CARTESIAN_POINT ( 'NONE',  ( -15.99999999999999600, -3.750000000000007500, 1.300000000000000300 ) ) ;
#797 = CARTESIAN_POINT ( 'NONE',  ( -15.69999999999999900, -2.450000000000014400, -0.2599999999999997900 ) ) ;
#798 = EDGE_LOOP ( 'NONE', ( #284, #5039, #4669, #6051, #3721, #6256 ) ) ;
#799 = MECHANICAL_DESIGN_GEOMETRIC_PRESENTATION_REPRESENTATION (  '', ( #1340 ), #1681 ) ;
#800 =( GEOMETRIC_REPRESENTATION_CONTEXT ( 3 ) GLOBAL_UNCERTAINTY_ASSIGNED_CONTEXT ( ( #690 ) ) GLOBAL_UNIT_ASSIGNED_CONTEXT ( ( #6040, #689, #1190 ) ) REPRESENTATION_CONTEXT ( 'NONE', 'WORKASPACE' ) );
#801 = PRESENTATION_LAYER_ASSIGNMENT (  '', '', ( #3863 ) ) ;
#802 = EDGE_CURVE ( 'NONE', #6145, #787, #5250, .T. ) ;
#803 = DIRECTION ( 'NONE',  ( 0.0000000000000000000, 0.0000000000000000000, -1.000000000000000000 ) ) ;
#804 = CARTESIAN_POINT ( 'NONE',  ( -14.60000000000000100, -3.450000000000000200, -3.950000000000002000 ) ) ;
#805 = VERTEX_POINT ( 'NONE', #1754 ) ;
#806 = SURFACE_STYLE_USAGE ( .BOTH. , #853 ) ;
#807 = LINE ( 'NONE', #5337, #2446 ) ;
#808 = PLANE ( 'NONE',  #2597 ) ;
#809 = EDGE_CURVE ( 'NONE', #411, #2010, #1951, .T. ) ;
#810 = DIRECTION ( 'NONE',  ( -0.0000000000000000000, 0.0000000000000000000, 1.000000000000000000 ) ) ;
#811 = CARTESIAN_POINT ( 'NONE',  ( -3.400000000000001700, -4.499999999999999100, -3.850000000000002800 ) ) ;
#812 =( GEOMETRIC_REPRESENTATION_CONTEXT ( 3 ) GLOBAL_UNCERTAINTY_ASSIGNED_CONTEXT ( ( #625 ) ) GLOBAL_UNIT_ASSIGNED_CONTEXT ( ( #6401, #3381, #2895 ) ) REPRESENTATION_CONTEXT ( 'NONE', 'WORKASPACE' ) );
#813 = FILL_AREA_STYLE_COLOUR ( '', #706 ) ;
#814 = VERTEX_POINT ( 'NONE', #4769 ) ;
#815 = FACE_OUTER_BOUND ( 'NONE', #1116, .T. ) ;
#816 = ADVANCED_FACE ( 'NONE', ( #1160 ), #3271, .F. ) ;
#817 = FACE_OUTER_BOUND ( 'NONE', #918, .T. ) ;
#818 = FACE_OUTER_BOUND ( 'NONE', #5428, .T. ) ;
#819 = UNCERTAINTY_MEASURE_WITH_UNIT (LENGTH_MEASURE( 1.000000000000000100E-005 ), #6362, 'distance_accuracy_value', 'NONE');
#820 = EDGE_LOOP ( 'NONE', ( #144, #5415, #5184, #993 ) ) ;
#821 = LINE ( 'NONE', #1895, #4604 ) ;
#822 = CARTESIAN_POINT ( 'NONE',  ( -12.60000000000000100, -4.400000000000000400, -4.050000000000002500 ) ) ;
#823 =( NAMED_UNIT ( * ) SI_UNIT ( $, .STERADIAN. ) SOLID_ANGLE_UNIT ( ) );
#824 = ORIENTED_EDGE ( 'NONE', *, *, #5290, .T. ) ;
#825 = LINE ( 'NONE', #5823, #4680 ) ;
#826 = DIRECTION ( 'NONE',  ( -0.0000000000000000000, 1.000000000000000000, 0.0000000000000000000 ) ) ;
#827 = CARTESIAN_POINT ( 'NONE',  ( -0.3000000000000000400, -4.500000000000000900, 1.940000000000000600 ) ) ;
#828 = AXIS2_PLACEMENT_3D ( 'NONE', #3316, #4814, #1822 ) ;
#829 = DIRECTION ( 'NONE',  ( 1.000000000000000000, -0.0000000000000000000, -0.0000000000000000000 ) ) ;
#830 = DIRECTION ( 'NONE',  ( -0.0000000000000000000, -0.0000000000000000000, 1.000000000000000000 ) ) ;
#831 = CARTESIAN_POINT ( 'NONE',  ( -1.399999999999999500, -4.400000000000000400, -3.950000000000002000 ) ) ;
#832 = DIRECTION ( 'NONE',  ( -0.0000000000000000000, -0.0000000000000000000, 1.000000000000000000 ) ) ;
#833 = PRESENTATION_STYLE_ASSIGNMENT (( #3085 ) ) ;
#834 = FILL_AREA_STYLE ('',( #3293 ) ) ;
#835 = ORIENTED_EDGE ( 'NONE', *, *, #998, .T. ) ;
#836 = VECTOR ( 'NONE', #1507, 1000.000000000000000 ) ;
#837 = COLOUR_RGB ( '',0.7529411764705882200, 0.7529411764705882200, 0.7529411764705882200 ) ;
#838 = PLANE ( 'NONE',  #1043 ) ;
#839 = SURFACE_STYLE_USAGE ( .BOTH. , #6346 ) ;
#840 = MECHANICAL_DESIGN_GEOMETRIC_PRESENTATION_REPRESENTATION (  '', ( #931 ), #1833 ) ;
#841 = ORIENTED_EDGE ( 'NONE', *, *, #3064, .T. ) ;
#842 = CARTESIAN_POINT ( 'NONE',  ( -6.599999999999999600, -4.400000000000000400, -3.750000000000002700 ) ) ;
#843 = DIRECTION ( 'NONE',  ( 0.0000000000000000000, 0.7071067811865481300, -0.7071067811865470200 ) ) ;
#844 = EDGE_LOOP ( 'NONE', ( #2510, #4870, #1654, #3234, #552, #171 ) ) ;
#845 = CARTESIAN_POINT ( 'NONE',  ( -6.400000000000000400, -3.449999999999996600, -4.050000000000002500 ) ) ;
#846 = CARTESIAN_POINT ( 'NONE',  ( -0.3000000000000000400, -2.450000000000007300, 1.940000000000000400 ) ) ;
#847 = VERTEX_POINT ( 'NONE', #4271 ) ;
#848 = MECHANICAL_DESIGN_GEOMETRIC_PRESENTATION_REPRESENTATION (  '', ( #518 ), #1514 ) ;
#849 = PLANE ( 'NONE',  #1608 ) ;
#850 = ORIENTED_EDGE ( 'NONE', *, *, #4906, .T. ) ;
#851 = FILL_AREA_STYLE_COLOUR ( '', #5857 ) ;
#852 = CARTESIAN_POINT ( 'NONE',  ( -0.5000000000000000000, -3.750000000000000900, -0.2999999999999999300 ) ) ;
#853 = SURFACE_SIDE_STYLE ('',( #5053 ) ) ;
#854 = EDGE_CURVE ( 'NONE', #1708, #368, #6272, .T. ) ;
#855 = AXIS2_PLACEMENT_3D ( 'NONE', #503, #6448, #2414 ) ;
#856 =( NAMED_UNIT ( * ) PLANE_ANGLE_UNIT ( ) SI_UNIT ( $, .RADIAN. ) );
#857 = FILL_AREA_STYLE ('',( #363 ) ) ;
#858 = DIRECTION ( 'NONE',  ( 0.0000000000000000000, 1.000000000000000000, -0.0000000000000000000 ) ) ;
#859 = ORIENTED_EDGE ( 'NONE', *, *, #3728, .T. ) ;
#860 = ORIENTED_EDGE ( 'NONE', *, *, #19, .F. ) ;
#861 = EDGE_CURVE ( 'NONE', #3790, #4453, #2901, .T. ) ;
#862 = DIRECTION ( 'NONE',  ( -8.462065736472234800E-016, 1.000000000000000000, 0.0000000000000000000 ) ) ;
#863 = ORIENTED_EDGE ( 'NONE', *, *, #5153, .T. ) ;
#864 = DIRECTION ( 'NONE',  ( 1.000000000000000000, 8.462065736472234800E-016, 0.0000000000000000000 ) ) ;
#865 = DIRECTION ( 'NONE',  ( 1.000000000000000000, 0.0000000000000000000, 0.0000000000000000000 ) ) ;
#866 = ORIENTED_EDGE ( 'NONE', *, *, #1033, .F. ) ;
#867 = STYLED_ITEM ( 'NONE', ( #5421 ), #1948 ) ;
#868 = DIRECTION ( 'NONE',  ( 0.0000000000000000000, 1.000000000000000000, -0.0000000000000000000 ) ) ;
#869 = LINE ( 'NONE', #5706, #5043 ) ;
#870 = DIRECTION ( 'NONE',  ( -1.000000000000000000, -4.231032868236116900E-016, -0.0000000000000000000 ) ) ;
#871 = VERTEX_POINT ( 'NONE', #2225 ) ;
#872 = CARTESIAN_POINT ( 'NONE',  ( -4.400000000000000400, -4.500000000000000000, -4.850000000000002300 ) ) ;
#873 = CARTESIAN_POINT ( 'NONE',  ( 0.0000000000000000000, 8.673617379884033500E-016, -2.149999999999999900 ) ) ;
#874 = FILL_AREA_STYLE_COLOUR ( '', #1943 ) ;
#875 = DIRECTION ( 'NONE',  ( 0.0000000000000000000, 0.0000000000000000000, 1.000000000000000000 ) ) ;
#876 = EDGE_CURVE ( 'NONE', #4013, #4089, #5802, .T. ) ;
#877 = AXIS2_PLACEMENT_3D ( 'NONE', #4316, #1795, #4479 ) ;
#878 = PRESENTATION_STYLE_ASSIGNMENT (( #747 ) ) ;
#879 = FACE_OUTER_BOUND ( 'NONE', #2962, .T. ) ;
#880 = ORIENTED_EDGE ( 'NONE', *, *, #4263, .F. ) ;
#881 = LINE ( 'NONE', #3290, #5985 ) ;
#882 = LINE ( 'NONE', #323, #2044 ) ;
#883 = SURFACE_SIDE_STYLE ('',( #1930 ) ) ;
#884 = VECTOR ( 'NONE', #303, 1000.000000000000000 ) ;
#885 = DIRECTION ( 'NONE',  ( 0.0000000000000000000, 0.7071067811865470200, 0.7071067811865481300 ) ) ;
#886 = VECTOR ( 'NONE', #1263, 1000.000000000000000 ) ;
#887 = CARTESIAN_POINT ( 'NONE',  ( -5.599999999999998800, -4.200000000000000200, -4.050000000000002500 ) ) ;
#888 = VECTOR ( 'NONE', #1789, 1000.000000000000000 ) ;
#889 = CARTESIAN_POINT ( 'NONE',  ( -13.60000000000000300, -4.200000000000002800, -4.050000000000002500 ) ) ;
#890 = CARTESIAN_POINT ( 'NONE',  ( -6.599999999999999600, -4.500000000000000900, -3.850000000000002800 ) ) ;
#891 = LINE ( 'NONE', #3305, #6072 ) ;
#892 = ORIENTED_EDGE ( 'NONE', *, *, #5178, .F. ) ;
#893 = PRESENTATION_LAYER_ASSIGNMENT (  '', '', ( #2669 ) ) ;
#894 = DIRECTION ( 'NONE',  ( 1.000000000000000000, 2.990902544787598700E-017, 0.0000000000000000000 ) ) ;
#895 = CARTESIAN_POINT ( 'NONE',  ( 0.0000000000000000000, -4.400000000000000400, -4.050000000000002500 ) ) ;
#896 = FILL_AREA_STYLE_COLOUR ( '', #2281 ) ;
#897 = LINE ( 'NONE', #2546, #6229 ) ;
#898 =( LENGTH_UNIT ( ) NAMED_UNIT ( * ) SI_UNIT ( .MILLI., .METRE. ) );
#899 = VERTEX_POINT ( 'NONE', #758 ) ;
#900 = PRESENTATION_LAYER_ASSIGNMENT (  '', '', ( #6074 ) ) ;
#901 = ORIENTED_EDGE ( 'NONE', *, *, #4522, .T. ) ;
#902 = LINE ( 'NONE', #5445, #5074 ) ;
#903 = CARTESIAN_POINT ( 'NONE',  ( -15.30000000000000100, -2.100000000000000100, -4.173411897755954700 ) ) ;
#904 = UNCERTAINTY_MEASURE_WITH_UNIT (LENGTH_MEASURE( 1.000000000000000100E-005 ), #2142, 'distance_accuracy_value', 'NONE');
#905 = ORIENTED_EDGE ( 'NONE', *, *, #676, .F. ) ;
#906 = CARTESIAN_POINT ( 'NONE',  ( -11.05000000000000100, -1.800000000000001400, -0.6099999999999999900 ) ) ;
#907 = DIRECTION ( 'NONE',  ( 0.0000000000000000000, 0.0000000000000000000, -1.000000000000000000 ) ) ;
#908 = EDGE_CURVE ( 'NONE', #4755, #5717, #4317, .T. ) ;
#909 = ORIENTED_EDGE ( 'NONE', *, *, #4970, .F. ) ;
#910 = FACE_OUTER_BOUND ( 'NONE', #5025, .T. ) ;
#911 = AXIS2_PLACEMENT_3D ( 'NONE', #1825, #6365, #3319 ) ;
#912 = FILL_AREA_STYLE_COLOUR ( '', #3736 ) ;
#913 = ORIENTED_EDGE ( 'NONE', *, *, #2921, .T. ) ;
#914 = ADVANCED_FACE ( 'NONE', ( #2813 ), #317, .T. ) ;
#915 = CARTESIAN_POINT ( 'NONE',  ( -2.600000000000000500, -4.499999999999999100, -3.850000000000002800 ) ) ;
#916 = LINE ( 'NONE', #2725, #3096 ) ;
#917 = UNCERTAINTY_MEASURE_WITH_UNIT (LENGTH_MEASURE( 1.000000000000000100E-005 ), #5202, 'distance_accuracy_value', 'NONE');
#918 = EDGE_LOOP ( 'NONE', ( #2587, #6444, #6374, #1633, #4786, #4466 ) ) ;
#919 = VECTOR ( 'NONE', #3120, 1000.000000000000000 ) ;
#920 = DIRECTION ( 'NONE',  ( 0.0000000000000000000, -1.000000000000000000, -0.0000000000000000000 ) ) ;
#921 = CARTESIAN_POINT ( 'NONE',  ( -4.950000000000001100, -1.349999999999998300, -1.800000000000000000 ) ) ;
#922 = EDGE_LOOP ( 'NONE', ( #4719, #5138, #2078, #716 ) ) ;
#923 = PRESENTATION_LAYER_ASSIGNMENT (  '', '', ( #1458 ) ) ;
#924 = VECTOR ( 'NONE', #1161, 1000.000000000000000 ) ;
#925 = PRESENTATION_STYLE_ASSIGNMENT (( #3138 ) ) ;
#926 = CARTESIAN_POINT ( 'NONE',  ( -11.60000000000000100, -4.200000000000002000, -4.850000000000002300 ) ) ;
#927 = CARTESIAN_POINT ( 'NONE',  ( -7.400000000000000400, -4.200000000000000200, -4.850000000000002300 ) ) ;
#928 = ORIENTED_EDGE ( 'NONE', *, *, #1960, .T. ) ;
#929 = ORIENTED_EDGE ( 'NONE', *, *, #654, .F. ) ;
#930 =( LENGTH_UNIT ( ) NAMED_UNIT ( * ) SI_UNIT ( .MILLI., .METRE. ) );
#931 = STYLED_ITEM ( 'NONE', ( #3466 ), #4200 ) ;
#932 = EDGE_LOOP ( 'NONE', ( #4303, #1564, #5975, #3643, #1124, #4295 ) ) ;
#933 = CARTESIAN_POINT ( 'NONE',  ( 0.0000000000000000000, -4.400000000000000400, -4.050000000000002500 ) ) ;
#934 = CARTESIAN_POINT ( 'NONE',  ( -14.82500000000000100, -1.950000000000000400, -13.70082415094414700 ) ) ;
#935 = AXIS2_PLACEMENT_3D ( 'NONE', #2945, #4028, #6372 ) ;
#936 = ORIENTED_EDGE ( 'NONE', *, *, #4845, .F. ) ;
#937 = AXIS2_PLACEMENT_3D ( 'NONE', #3204, #4750, #4795 ) ;
#938 = DIRECTION ( 'NONE',  ( 0.0000000000000000000, -1.000000000000000000, 0.0000000000000000000 ) ) ;
#939 = DIRECTION ( 'NONE',  ( 0.0000000000000000000, -1.000000000000000000, 1.057758217059032600E-016 ) ) ;
#940 = EDGE_CURVE ( 'NONE', #6341, #4443, #2092, .T. ) ;
#941 = LINE ( 'NONE', #4704, #5641 ) ;
#942 = AXIS2_PLACEMENT_3D ( 'NONE', #5831, #1845, #2819 ) ;
#943 = CARTESIAN_POINT ( 'NONE',  ( -14.60000000000000100, -3.450000000000000200, -4.050000000000002500 ) ) ;
#944 = VECTOR ( 'NONE', #2751, 1000.000000000000000 ) ;
#945 = DIRECTION ( 'NONE',  ( -1.019398895022037800E-031, 2.409338161078897200E-016, -1.000000000000000000 ) ) ;
#946 = ADVANCED_FACE ( 'NONE', ( #6446 ), #2374, .F. ) ;
#947 = VECTOR ( 'NONE', #3220, 1000.000000000000000 ) ;
#948 = COLOUR_RGB ( '',0.7529411764705882200, 0.7529411764705882200, 0.7529411764705882200 ) ;
#949 = VERTEX_POINT ( 'NONE', #3395 ) ;
#950 =( NAMED_UNIT ( * ) SI_UNIT ( $, .STERADIAN. ) SOLID_ANGLE_UNIT ( ) );
#951 = COLOUR_RGB ( '',0.7529411764705882200, 0.7529411764705882200, 0.7529411764705882200 ) ;
#952 = CARTESIAN_POINT ( 'NONE',  ( -15.49999999999999600, -2.250000000000006200, -3.450000000000000200 ) ) ;
#953 =( LENGTH_UNIT ( ) NAMED_UNIT ( * ) SI_UNIT ( .MILLI., .METRE. ) );
#954 = LINE ( 'NONE', #708, #1333 ) ;
#955 = ORIENTED_EDGE ( 'NONE', *, *, #4167, .F. ) ;
#956 = LINE ( 'NONE', #2391, #2585 ) ;
#957 = PRESENTATION_LAYER_ASSIGNMENT (  '', '', ( #2502 ) ) ;
#958 = FACE_OUTER_BOUND ( 'NONE', #5691, .T. ) ;
#959 = DIRECTION ( 'NONE',  ( 0.0000000000000000000, 0.0000000000000000000, -1.000000000000000000 ) ) ;
#960 = ORIENTED_EDGE ( 'NONE', *, *, #3337, .F. ) ;
#961 = PLANE ( 'NONE',  #5528 ) ;
#962 = DIRECTION ( 'NONE',  ( 4.231032868236116900E-016, -1.000000000000000000, -1.822188525185721700E-016 ) ) ;
#963 = VECTOR ( 'NONE', #5626, 1000.000000000000000 ) ;
#964 = FACE_OUTER_BOUND ( 'NONE', #5378, .T. ) ;
#965 = AXIS2_PLACEMENT_3D ( 'NONE', #890, #5982, #481 ) ;
#966 = CARTESIAN_POINT ( 'NONE',  ( -13.60000000000000300, -4.500000000000003600, -3.850000000000002800 ) ) ;
#967 = LINE ( 'NONE', #2448, #5060 ) ;
#968 = CARTESIAN_POINT ( 'NONE',  ( -11.60000000000000100, -4.200000000000002000, -4.050000000000002500 ) ) ;
#969 = CARTESIAN_POINT ( 'NONE',  ( -9.600000000000003200, -4.200000000000001100, -3.950000000000002000 ) ) ;
#970 = LINE ( 'NONE', #3891, #1046 ) ;
#971 = LINE ( 'NONE', #5583, #2273 ) ;
#972 = DIRECTION ( 'NONE',  ( 0.0000000000000000000, 0.0000000000000000000, -1.000000000000000000 ) ) ;
#973 = EDGE_CURVE ( 'NONE', #4774, #467, #2720, .T. ) ;
#974 = LINE ( 'NONE', #6376, #728 ) ;
#975 = ORIENTED_EDGE ( 'NONE', *, *, #3012, .F. ) ;
#976 = VECTOR ( 'NONE', #2022, 1000.000000000000000 ) ;
#977 =( NAMED_UNIT ( * ) PLANE_ANGLE_UNIT ( ) SI_UNIT ( $, .RADIAN. ) );
#978 = EDGE_CURVE ( 'NONE', #257, #2021, #5332, .T. ) ;
#979 = VERTEX_POINT ( 'NONE', #5371 ) ;
#980 = EDGE_CURVE ( 'NONE', #3821, #650, #3605, .T. ) ;
#981 = AXIS2_PLACEMENT_3D ( 'NONE', #116, #3668, #2606 ) ;
#982 = FILL_AREA_STYLE_COLOUR ( '', #5207 ) ;
#983 = VERTEX_POINT ( 'NONE', #4888 ) ;
#984 = DIRECTION ( 'NONE',  ( 1.196361017915039000E-015, 1.000000000000000000, 5.981805089575195200E-016 ) ) ;
#985 = CARTESIAN_POINT ( 'NONE',  ( -15.70000000000000300, -2.100000000000000100, -1.799999999999999600 ) ) ;
#986 = EDGE_LOOP ( 'NONE', ( #5494, #5306, #4126, #3055 ) ) ;
#987 = UNCERTAINTY_MEASURE_WITH_UNIT (LENGTH_MEASURE( 1.000000000000000100E-005 ), #3873, 'distance_accuracy_value', 'NONE');
#988 = EDGE_LOOP ( 'NONE', ( #4696, #1395, #748, #507, #6318, #1516 ) ) ;
#989 = FACE_OUTER_BOUND ( 'NONE', #4214, .T. ) ;
#990 = DIRECTION ( 'NONE',  ( 1.000000000000000000, 0.0000000000000000000, -0.0000000000000000000 ) ) ;
#991 = SURFACE_STYLE_FILL_AREA ( #3369 ) ;
#992 = LINE ( 'NONE', #1260, #4686 ) ;
#993 = ORIENTED_EDGE ( 'NONE', *, *, #4058, .T. ) ;
#994 = SURFACE_SIDE_STYLE ('',( #3978 ) ) ;
#995 = VECTOR ( 'NONE', #6191, 1000.000000000000000 ) ;
#996 = FACE_OUTER_BOUND ( 'NONE', #1280, .T. ) ;
#997 = UNCERTAINTY_MEASURE_WITH_UNIT (LENGTH_MEASURE( 1.000000000000000100E-005 ), #5949, 'distance_accuracy_value', 'NONE');
#998 = EDGE_CURVE ( 'NONE', #530, #3917, #3839, .T. ) ;
#999 = VECTOR ( 'NONE', #5081, 1000.000000000000000 ) ;
#1000 = CARTESIAN_POINT ( 'NONE',  ( -13.60000000000000300, -4.200000000000002800, -4.050000000000002500 ) ) ;
#1001 = CARTESIAN_POINT ( 'NONE',  ( -15.50000000000000000, -0.6500000000000064600, -2.149999999999999900 ) ) ;
#1002 = EDGE_CURVE ( 'NONE', #1680, #2622, #4637, .T. ) ;
#1003 = ORIENTED_EDGE ( 'NONE', *, *, #1765, .F. ) ;
#1004 = STYLED_ITEM ( 'NONE', ( #1174 ), #674 ) ;
#1005 = CARTESIAN_POINT ( 'NONE',  ( -11.20000000000000100, -1.799999999999999800, -3.450000000000000600 ) ) ;
#1006 = ORIENTED_EDGE ( 'NONE', *, *, #5175, .F. ) ;
#1007 = DIRECTION ( 'NONE',  ( -0.0000000000000000000, 0.0000000000000000000, 1.000000000000000000 ) ) ;
#1008 = EDGE_CURVE ( 'NONE', #5963, #3666, #1782, .T. ) ;
#1009 =( LENGTH_UNIT ( ) NAMED_UNIT ( * ) SI_UNIT ( .MILLI., .METRE. ) );
#1010 = EDGE_LOOP ( 'NONE', ( #2081, #2193, #3732, #5567 ) ) ;
#1011 = DIRECTION ( 'NONE',  ( 0.0000000000000000000, -1.000000000000000000, 0.0000000000000000000 ) ) ;
#1012 = DIRECTION ( 'NONE',  ( -0.0000000000000000000, -0.0000000000000000000, 1.000000000000000000 ) ) ;
#1013 = VERTEX_POINT ( 'NONE', #927 ) ;
#1014 = CARTESIAN_POINT ( 'NONE',  ( -0.5000000000000000000, -2.250000000000000000, -3.450000000000000200 ) ) ;
#1015 = EDGE_CURVE ( 'NONE', #3994, #3790, #4563, .T. ) ;
#1016 = VERTEX_POINT ( 'NONE', #6388 ) ;
#1017 = LINE ( 'NONE', #985, #3046 ) ;
#1018 =( NAMED_UNIT ( * ) PLANE_ANGLE_UNIT ( ) SI_UNIT ( $, .RADIAN. ) );
#1019 = EDGE_LOOP ( 'NONE', ( #4420, #3529, #2484, #4512 ) ) ;
#1020 = DIRECTION ( 'NONE',  ( 0.0000000000000000000, 0.0000000000000000000, 1.000000000000000000 ) ) ;
#1021 = ADVANCED_FACE ( 'NONE', ( #4716 ), #361, .F. ) ;
#1022 = AXIS2_PLACEMENT_3D ( 'NONE', #6056, #3041, #3550 ) ;
#1023 =( NAMED_UNIT ( * ) PLANE_ANGLE_UNIT ( ) SI_UNIT ( $, .RADIAN. ) );
#1024 = DIRECTION ( 'NONE',  ( 0.0000000000000000000, -1.000000000000000000, -0.0000000000000000000 ) ) ;
#1025 = MECHANICAL_DESIGN_GEOMETRIC_PRESENTATION_REPRESENTATION (  '', ( #1474 ), #800 ) ;
#1026 = CARTESIAN_POINT ( 'NONE',  ( -3.849999999999999200, -1.950000000000000400, -0.04999999999999969700 ) ) ;
#1027 = EDGE_CURVE ( 'NONE', #3994, #1499, #619, .T. ) ;
#1028 = EDGE_CURVE ( 'NONE', #1264, #3628, #5794, .T. ) ;
#1029 = ORIENTED_EDGE ( 'NONE', *, *, #4477, .F. ) ;
#1030 = ORIENTED_EDGE ( 'NONE', *, *, #546, .F. ) ;
#1031 = COLOUR_RGB ( '',0.7529411764705882200, 0.7529411764705882200, 0.7529411764705882200 ) ;
#1032 = PLANE ( 'NONE',  #5280 ) ;
#1033 = EDGE_CURVE ( 'NONE', #26, #4119, #4396, .T. ) ;
#1034 = SURFACE_STYLE_USAGE ( .BOTH. , #6018 ) ;
#1035 = SURFACE_SIDE_STYLE ('',( #5697 ) ) ;
#1036 = VECTOR ( 'NONE', #2069, 1000.000000000000000 ) ;
#1037 = EDGE_LOOP ( 'NONE', ( #6251, #1738, #3638, #1734, #1074, #3378 ) ) ;
#1038 = COLOUR_RGB ( '',0.7529411764705882200, 0.7529411764705882200, 0.7529411764705882200 ) ;
#1039 = LINE ( 'NONE', #2892, #713 ) ;
#1040 = DIRECTION ( 'NONE',  ( 0.0000000000000000000, 1.000000000000000000, -0.0000000000000000000 ) ) ;
#1041 = CARTESIAN_POINT ( 'NONE',  ( -12.60000000000000100, -4.200000000000002800, -3.950000000000002000 ) ) ;
#1042 = LINE ( 'NONE', #5217, #3402 ) ;
#1043 = AXIS2_PLACEMENT_3D ( 'NONE', #1828, #858, #4124 ) ;
#1044 = LINE ( 'NONE', #3354, #6216 ) ;
#1045 = ORIENTED_EDGE ( 'NONE', *, *, #6185, .F. ) ;
#1046 = VECTOR ( 'NONE', #3957, 1000.000000000000000 ) ;
#1047 = DIRECTION ( 'NONE',  ( 8.950819566047196200E-032, -1.057758217059032200E-016, -1.000000000000000000 ) ) ;
#1048 = CARTESIAN_POINT ( 'NONE',  ( -15.24999999999999800, -3.650000000000000400, -2.600000000000000100 ) ) ;
#1049 = FACE_OUTER_BOUND ( 'NONE', #798, .T. ) ;
#1050 = SURFACE_SIDE_STYLE ('',( #5069 ) ) ;
#1051 = SURFACE_STYLE_FILL_AREA ( #3080 ) ;
#1052 = LINE ( 'NONE', #4024, #2190 ) ;
#1053 = DIRECTION ( 'NONE',  ( 0.0000000000000000000, -1.000000000000000000, 0.0000000000000000000 ) ) ;
#1054 = PRESENTATION_STYLE_ASSIGNMENT (( #5597 ) ) ;
#1055 = ADVANCED_FACE ( 'NONE', ( #1634 ), #5516, .F. ) ;
#1056 = VERTEX_POINT ( 'NONE', #5400 ) ;
#1057 = EDGE_CURVE ( 'NONE', #2647, #6057, #4083, .T. ) ;
#1058 = STYLED_ITEM ( 'NONE', ( #730 ), #3496 ) ;
#1059 =( LENGTH_UNIT ( ) NAMED_UNIT ( * ) SI_UNIT ( .MILLI., .METRE. ) );
#1060 = VECTOR ( 'NONE', #4102, 1000.000000000000000 ) ;
#1061 = VECTOR ( 'NONE', #286, 1000.000000000000000 ) ;
#1062 = ORIENTED_EDGE ( 'NONE', *, *, #2621, .F. ) ;
#1063 = AXIS2_PLACEMENT_3D ( 'NONE', #4416, #1414, #1483 ) ;
#1064 =( LENGTH_UNIT ( ) NAMED_UNIT ( * ) SI_UNIT ( .MILLI., .METRE. ) );
#1065 = EDGE_CURVE ( 'NONE', #3532, #1907, #3664, .T. ) ;
#1066 = CARTESIAN_POINT ( 'NONE',  ( -11.60000000000000100, -3.449999999999999300, -3.950000000000002000 ) ) ;
#1067 = ORIENTED_EDGE ( 'NONE', *, *, #6313, .F. ) ;
#1068 = CARTESIAN_POINT ( 'NONE',  ( -13.40000000000000200, -4.500000000000003600, -3.850000000000002800 ) ) ;
#1069 = ORIENTED_EDGE ( 'NONE', *, *, #3770, .F. ) ;
#1070 = EDGE_CURVE ( 'NONE', #5705, #1534, #5713, .T. ) ;
#1071 = FILL_AREA_STYLE_COLOUR ( '', #6463 ) ;
#1072 = SURFACE_STYLE_FILL_AREA ( #5790 ) ;
#1073 = MECHANICAL_DESIGN_GEOMETRIC_PRESENTATION_REPRESENTATION (  '', ( #5308 ), #5650 ) ;
#1074 = ORIENTED_EDGE ( 'NONE', *, *, #1057, .F. ) ;
#1075 = VECTOR ( 'NONE', #762, 1000.000000000000000 ) ;
#1076 =( NAMED_UNIT ( * ) SI_UNIT ( $, .STERADIAN. ) SOLID_ANGLE_UNIT ( ) );
#1077 = EDGE_LOOP ( 'NONE', ( #3469, #1616, #125, #1985 ) ) ;
#1078 = FACE_OUTER_BOUND ( 'NONE', #4231, .T. ) ;
#1079 = VERTEX_POINT ( 'NONE', #1959 ) ;
#1080 = FACE_OUTER_BOUND ( 'NONE', #4913, .T. ) ;
#1081 = SURFACE_STYLE_USAGE ( .BOTH. , #994 ) ;
#1082 =( LENGTH_UNIT ( ) NAMED_UNIT ( * ) SI_UNIT ( .MILLI., .METRE. ) );
#1083 = ORIENTED_EDGE ( 'NONE', *, *, #333, .T. ) ;
#1084 =( GEOMETRIC_REPRESENTATION_CONTEXT ( 3 ) GLOBAL_UNCERTAINTY_ASSIGNED_CONTEXT ( ( #3704 ) ) GLOBAL_UNIT_ASSIGNED_CONTEXT ( ( #2772, #3812, #2304 ) ) REPRESENTATION_CONTEXT ( 'NONE', 'WORKASPACE' ) );
#1085 = CARTESIAN_POINT ( 'NONE',  ( -14.82500000000000100, -1.950000000000000400, -0.04999999999999969700 ) ) ;
#1086 = DIRECTION ( 'NONE',  ( -1.000000000000000000, -4.231032868236116900E-016, -0.0000000000000000000 ) ) ;
#1087 = DIRECTION ( 'NONE',  ( 0.0000000000000000000, 1.000000000000000000, -1.057758217059032200E-016 ) ) ;
#1088 = CARTESIAN_POINT ( 'NONE',  ( -11.40000000000000000, -3.449999999999999300, -4.050000000000002500 ) ) ;
#1089 = ORIENTED_EDGE ( 'NONE', *, *, #1114, .T. ) ;
#1090 = CARTESIAN_POINT ( 'NONE',  ( -0.6999999999999998400, -2.100000000000000100, -1.799999999999999600 ) ) ;
#1091 = EDGE_CURVE ( 'NONE', #5035, #5705, #3913, .T. ) ;
#1092 = STYLED_ITEM ( 'NONE', ( #4796 ), #3245 ) ;
#1093 = ORIENTED_EDGE ( 'NONE', *, *, #4590, .T. ) ;
#1094 =( NAMED_UNIT ( * ) SI_UNIT ( $, .STERADIAN. ) SOLID_ANGLE_UNIT ( ) );
#1095 = EDGE_CURVE ( 'NONE', #2993, #4594, #1230, .T. ) ;
#1096 = MECHANICAL_DESIGN_GEOMETRIC_PRESENTATION_REPRESENTATION (  '', ( #5603 ), #1646 ) ;
#1097 = UNCERTAINTY_MEASURE_WITH_UNIT (LENGTH_MEASURE( 1.000000000000000100E-005 ), #698, 'distance_accuracy_value', 'NONE');
#1098 = DIRECTION ( 'NONE',  ( 0.0000000000000000000, 0.0000000000000000000, 1.000000000000000000 ) ) ;
#1099 = ORIENTED_EDGE ( 'NONE', *, *, #386, .T. ) ;
#1100 = COLOUR_RGB ( '',0.7529411764705882200, 0.7529411764705882200, 0.7529411764705882200 ) ;
#1101 = CARTESIAN_POINT ( 'NONE',  ( -13.40000000000000200, -3.449999999999999700, -4.050000000000002500 ) ) ;
#1102 =( LENGTH_UNIT ( ) NAMED_UNIT ( * ) SI_UNIT ( .MILLI., .METRE. ) );
#1103 = FILL_AREA_STYLE ('',( #3587 ) ) ;
#1104 = ORIENTED_EDGE ( 'NONE', *, *, #5338, .F. ) ;
#1105 =( LENGTH_UNIT ( ) NAMED_UNIT ( * ) SI_UNIT ( .MILLI., .METRE. ) );
#1106 = EDGE_CURVE ( 'NONE', #6003, #2900, #2493, .T. ) ;
#1107 = LINE ( 'NONE', #3856, #1884 ) ;
#1108 = DIRECTION ( 'NONE',  ( 1.000000000000000000, -0.0000000000000000000, -0.0000000000000000000 ) ) ;
#1109 = EDGE_LOOP ( 'NONE', ( #1900, #225, #2980, #1770 ) ) ;
#1110 = EDGE_CURVE ( 'NONE', #4715, #3604, #2324, .T. ) ;
#1111 = VECTOR ( 'NONE', #5548, 1000.000000000000000 ) ;
#1112 =( NAMED_UNIT ( * ) SI_UNIT ( $, .STERADIAN. ) SOLID_ANGLE_UNIT ( ) );
#1113 =( NAMED_UNIT ( * ) PLANE_ANGLE_UNIT ( ) SI_UNIT ( $, .RADIAN. ) );
#1114 = EDGE_CURVE ( 'NONE', #2043, #5115, #2634, .T. ) ;
#1115 = CARTESIAN_POINT ( 'NONE',  ( -12.15000000000000000, -1.950000000000000400, -4.050000000000001600 ) ) ;
#1116 = EDGE_LOOP ( 'NONE', ( #6466, #5274, #3738, #3838 ) ) ;
#1117 = VECTOR ( 'NONE', #3937, 1000.000000000000000 ) ;
#1118 = DIRECTION ( 'NONE',  ( 0.0000000000000000000, 0.0000000000000000000, 1.000000000000000000 ) ) ;
#1119 = VECTOR ( 'NONE', #1118, 1000.000000000000000 ) ;
#1120 = DIRECTION ( 'NONE',  ( 0.0000000000000000000, 0.0000000000000000000, 1.000000000000000000 ) ) ;
#1121 = ORIENTED_EDGE ( 'NONE', *, *, #2245, .F. ) ;
#1122 = CARTESIAN_POINT ( 'NONE',  ( -3.849999999999999200, -0.3499999999999980300, 1.950000000000000400 ) ) ;
#1123 =( NAMED_UNIT ( * ) PLANE_ANGLE_UNIT ( ) SI_UNIT ( $, .RADIAN. ) );
#1124 = ORIENTED_EDGE ( 'NONE', *, *, #2948, .F. ) ;
#1125 = EDGE_LOOP ( 'NONE', ( #5006, #3042, #6398, #3866, #3094, #3799, #2878, #3977, #3714, #860, #4169, #4503, #1003, #270, #2719, #3585, #6115, #6041, #5789, #639, #3525, #5460, #1941, #4679, #418, #6349, #4896, #536, #6246, #2542, #5393, #5751, #2008, #2241, #3966, #3882, #131, #5453, #3452, #909, #3363, #3282, #2489, #1494, #4695, #3056, #5640, #6471, #289, #5195, #3712, #2505, #1923, #3726, #3463, #3241, #955, #642, #6100, #3813, #141, #1648, #5867, #2186, #1781, #4630, #1686, #4648 ) ) ;
#1126 = EDGE_CURVE ( 'NONE', #5595, #3931, #4877, .T. ) ;
#1127 = VECTOR ( 'NONE', #5964, 1000.000000000000000 ) ;
#1128 = FILL_AREA_STYLE_COLOUR ( '', #3254 ) ;
#1129 = ORIENTED_EDGE ( 'NONE', *, *, #4408, .T. ) ;
#1130 = CARTESIAN_POINT ( 'NONE',  ( 0.0000000000000000000, -2.326752072262516500E-016, -2.149999999999999900 ) ) ;
#1131 = VECTOR ( 'NONE', #1276, 1000.000000000000000 ) ;
#1132 = AXIS2_PLACEMENT_3D ( 'NONE', #5414, #868, #5895 ) ;
#1133 = CARTESIAN_POINT ( 'NONE',  ( -15.30000000000000100, -2.100000000000000100, -1.799999999999999600 ) ) ;
#1134 = AXIS2_PLACEMENT_3D ( 'NONE', #2691, #3199, #4743 ) ;
#1135 = ORIENTED_EDGE ( 'NONE', *, *, #236, .F. ) ;
#1136 =( LENGTH_UNIT ( ) NAMED_UNIT ( * ) SI_UNIT ( .MILLI., .METRE. ) );
#1137 = EDGE_CURVE ( 'NONE', #6334, #2979, #2023, .T. ) ;
#1138 = DIRECTION ( 'NONE',  ( 0.0000000000000000000, 0.0000000000000000000, -1.000000000000000000 ) ) ;
#1139 = DIRECTION ( 'NONE',  ( 0.0000000000000000000, -1.000000000000000000, 0.0000000000000000000 ) ) ;
#1140 = ORIENTED_EDGE ( 'NONE', *, *, #940, .T. ) ;
#1141 = COLOUR_RGB ( '',0.7529411764705882200, 0.7529411764705882200, 0.7529411764705882200 ) ;
#1142 = STYLED_ITEM ( 'NONE', ( #2855 ), #6054 ) ;
#1143 = ADVANCED_FACE ( 'NONE', ( #4390 ), #3019, .F. ) ;
#1144 = LINE ( 'NONE', #3610, #12 ) ;
#1145 = DIRECTION ( 'NONE',  ( -2.478176394252584500E-015, 1.000000000000000000, -0.0000000000000000000 ) ) ;
#1146 = VERTEX_POINT ( 'NONE', #1501 ) ;
#1147 = ORIENTED_EDGE ( 'NONE', *, *, #2382, .F. ) ;
#1148 = FILL_AREA_STYLE_COLOUR ( '', #3976 ) ;
#1149 = ORIENTED_EDGE ( 'NONE', *, *, #4074, .T. ) ;
#1150 = CARTESIAN_POINT ( 'NONE',  ( -1.599999999999999600, -4.199999999999998400, -4.050000000000002500 ) ) ;
#1151 = CARTESIAN_POINT ( 'NONE',  ( -11.40000000000000000, -4.500000000000002700, -3.850000000000002800 ) ) ;
#1152 = ORIENTED_EDGE ( 'NONE', *, *, #1573, .T. ) ;
#1153 = CARTESIAN_POINT ( 'NONE',  ( -10.60000000000000100, -3.449999999999998800, -3.950000000000002000 ) ) ;
#1154 = ORIENTED_EDGE ( 'NONE', *, *, #5961, .T. ) ;
#1155 = FILL_AREA_STYLE_COLOUR ( '', #72 ) ;
#1156 = ORIENTED_EDGE ( 'NONE', *, *, #1351, .T. ) ;
#1157 = EDGE_CURVE ( 'NONE', #3350, #2360, #3522, .T. ) ;
#1158 = PRESENTATION_LAYER_ASSIGNMENT (  '', '', ( #387 ) ) ;
#1159 = VERTEX_POINT ( 'NONE', #2995 ) ;
#1160 = FACE_OUTER_BOUND ( 'NONE', #6149, .T. ) ;
#1161 = DIRECTION ( 'NONE',  ( 0.0000000000000000000, 0.7071067811865470200, 0.7071067811865481300 ) ) ;
#1162 = ORIENTED_EDGE ( 'NONE', *, *, #998, .F. ) ;
#1163 = FILL_AREA_STYLE ('',( #1701 ) ) ;
#1164 = ORIENTED_EDGE ( 'NONE', *, *, #4335, .F. ) ;
#1165 = VECTOR ( 'NONE', #3180, 1000.000000000000000 ) ;
#1166 = STYLED_ITEM ( 'NONE', ( #1236 ), #1396 ) ;
#1167 = SURFACE_SIDE_STYLE ('',( #1245 ) ) ;
#1168 = FILL_AREA_STYLE ('',( #6155 ) ) ;
#1169 = UNCERTAINTY_MEASURE_WITH_UNIT (LENGTH_MEASURE( 1.000000000000000100E-005 ), #3371, 'distance_accuracy_value', 'NONE');
#1170 = PLANE ( 'NONE',  #981 ) ;
#1171 = PLANE ( 'NONE',  #6082 ) ;
#1172 = VECTOR ( 'NONE', #2201, 1000.000000000000000 ) ;
#1173 = ORIENTED_EDGE ( 'NONE', *, *, #3382, .F. ) ;
#1174 = PRESENTATION_STYLE_ASSIGNMENT (( #4533 ) ) ;
#1175 = EDGE_CURVE ( 'NONE', #6217, #5462, #1017, .T. ) ;
#1176 = LINE ( 'NONE', #5126, #2582 ) ;
#1177 = UNCERTAINTY_MEASURE_WITH_UNIT (LENGTH_MEASURE( 1.000000000000000100E-005 ), #6383, 'distance_accuracy_value', 'NONE');
#1178 = ORIENTED_EDGE ( 'NONE', *, *, #1329, .T. ) ;
#1179 = LINE ( 'NONE', #1346, #5122 ) ;
#1181 = FACE_OUTER_BOUND ( 'NONE', #5160, .T. ) ;
#1180 = CARTESIAN_POINT ( 'NONE',  ( -11.60000000000000100, -4.500000000000002700, -4.850000000000002300 ) ) ;
#1182 = FILL_AREA_STYLE ('',( #197 ) ) ;
#1183 = DIRECTION ( 'NONE',  ( 0.0000000000000000000, 0.7071067811865481300, -0.7071067811865470200 ) ) ;
#1184 = CARTESIAN_POINT ( 'NONE',  ( -9.600000000000003200, -3.449999999999998400, -4.050000000000002500 ) ) ;
#1185 = SURFACE_STYLE_FILL_AREA ( #417 ) ;
#1186 = CARTESIAN_POINT ( 'NONE',  ( -11.60000000000000100, -4.500000000000002700, -3.850000000000002800 ) ) ;
#1187 = DIRECTION ( 'NONE',  ( 0.0000000000000000000, 1.000000000000000000, -0.0000000000000000000 ) ) ;
#1188 =( GEOMETRIC_REPRESENTATION_CONTEXT ( 3 ) GLOBAL_UNCERTAINTY_ASSIGNED_CONTEXT ( ( #3920 ) ) GLOBAL_UNIT_ASSIGNED_CONTEXT ( ( #5855, #5394, #3343 ) ) REPRESENTATION_CONTEXT ( 'NONE', 'WORKASPACE' ) );
#1189 = ORIENTED_EDGE ( 'NONE', *, *, #5098, .T. ) ;
#1190 =( NAMED_UNIT ( * ) SI_UNIT ( $, .STERADIAN. ) SOLID_ANGLE_UNIT ( ) );
#1191 = VECTOR ( 'NONE', #1518, 1000.000000000000000 ) ;
#1192 = CARTESIAN_POINT ( 'NONE',  ( -5.599999999999998800, -4.200000000000000200, -4.050000000000002500 ) ) ;
#1193 = DIRECTION ( 'NONE',  ( -0.0000000000000000000, -0.0000000000000000000, 1.000000000000000000 ) ) ;
#1194 = DIRECTION ( 'NONE',  ( 0.0000000000000000000, 1.000000000000000000, 0.0000000000000000000 ) ) ;
#1195 = ADVANCED_FACE ( 'NONE', ( #5168 ), #3524, .F. ) ;
#1196 = CARTESIAN_POINT ( 'NONE',  ( -6.400000000000000400, -4.500000000000000900, -4.850000000000002300 ) ) ;
#1197 =( GEOMETRIC_REPRESENTATION_CONTEXT ( 3 ) GLOBAL_UNCERTAINTY_ASSIGNED_CONTEXT ( ( #6459 ) ) GLOBAL_UNIT_ASSIGNED_CONTEXT ( ( #3650, #631, #188 ) ) REPRESENTATION_CONTEXT ( 'NONE', 'WORKASPACE' ) );
#1198 = ORIENTED_EDGE ( 'NONE', *, *, #3182, .F. ) ;
#1199 = COLOUR_RGB ( '',0.7529411764705882200, 0.7529411764705882200, 0.7529411764705882200 ) ;
#1200 = EDGE_CURVE ( 'NONE', #6042, #6455, #684, .T. ) ;
#1201 = MECHANICAL_DESIGN_GEOMETRIC_PRESENTATION_REPRESENTATION (  '', ( #3571 ), #1546 ) ;
#1202 = VECTOR ( 'NONE', #1344, 1000.000000000000000 ) ;
#1203 = VECTOR ( 'NONE', #3490, 1000.000000000000000 ) ;
#1204 =( NAMED_UNIT ( * ) PLANE_ANGLE_UNIT ( ) SI_UNIT ( $, .RADIAN. ) );
#1205 = DIRECTION ( 'NONE',  ( -1.000000000000000000, 0.0000000000000000000, 0.0000000000000000000 ) ) ;
#1206 = ORIENTED_EDGE ( 'NONE', *, *, #3690, .F. ) ;
#1207 = LINE ( 'NONE', #1321, #1367 ) ;
#1208 = ORIENTED_EDGE ( 'NONE', *, *, #6135, .F. ) ;
#1209 = EDGE_CURVE ( 'NONE', #5329, #1522, #4709, .T. ) ;
#1210 = DIRECTION ( 'NONE',  ( 0.0000000000000000000, 0.0000000000000000000, 1.000000000000000000 ) ) ;
#1211 = LINE ( 'NONE', #3200, #6417 ) ;
#1212 = SURFACE_SIDE_STYLE ('',( #5945 ) ) ;
#1213 = SURFACE_SIDE_STYLE ('',( #620 ) ) ;
#1214 = EDGE_LOOP ( 'NONE', ( #4446, #4936, #164, #5441, #1829, #2039, #4392, #4376, #562, #1189, #866, #3904, #4069, #3183, #4372, #5061, #6091, #3675, #1683, #543, #3158, #2889, #4178, #1741, #2232, #1449, #165, #300, #6352, #4380, #2409, #1391, #1354, #5189, #5372, #407, #1129, #2605, #4621, #5947, #2941, #548, #111, #2988, #482, #1156, #2084, #4336, #5755, #2200, #5257, #1931, #3831, #4369, #3084, #3105, #4019, #5125, #3515, #892, #2615, #3257, #5165, #3226 ) ) ;
#1215 = VECTOR ( 'NONE', #5692, 1000.000000000000000 ) ;
#1216 = VECTOR ( 'NONE', #2093, 1000.000000000000000 ) ;
#1217 = PLANE ( 'NONE',  #937 ) ;
#1218 = ORIENTED_EDGE ( 'NONE', *, *, #645, .F. ) ;
#1219 = ORIENTED_EDGE ( 'NONE', *, *, #5276, .F. ) ;
#1220 = MECHANICAL_DESIGN_GEOMETRIC_PRESENTATION_REPRESENTATION (  '', ( #6074 ), #4525 ) ;
#1221 = CARTESIAN_POINT ( 'NONE',  ( -0.5000000000000000000, -3.750000000000000900, 1.950000000000000400 ) ) ;
#1222 = DIRECTION ( 'NONE',  ( 0.0000000000000000000, -1.000000000000000000, 0.0000000000000000000 ) ) ;
#1223 = COLOUR_RGB ( '',0.7529411764705882200, 0.7529411764705882200, 0.7529411764705882200 ) ;
#1224 = CARTESIAN_POINT ( 'NONE',  ( 0.0000000000000000000, -4.400000000000000400, -4.050000000000002500 ) ) ;
#1225 = CARTESIAN_POINT ( 'NONE',  ( -6.400000000000000400, -4.400000000000000400, -4.050000000000002500 ) ) ;
#1226 = DIRECTION ( 'NONE',  ( 0.0000000000000000000, 1.000000000000000000, -0.0000000000000000000 ) ) ;
#1227 = EDGE_CURVE ( 'NONE', #3128, #2465, #2082, .T. ) ;
#1228 = MECHANICAL_DESIGN_GEOMETRIC_PRESENTATION_REPRESENTATION (  '', ( #5617 ), #2218 ) ;
#1229 = ORIENTED_EDGE ( 'NONE', *, *, #5643, .F. ) ;
#1230 = LINE ( 'NONE', #1920, #172 ) ;
#1231 = EDGE_CURVE ( 'NONE', #2923, #6022, #4472, .T. ) ;
#1232 = CARTESIAN_POINT ( 'NONE',  ( -15.99999999999999600, -2.250000000000006700, -3.450000000000000200 ) ) ;
#1233 = CARTESIAN_POINT ( 'NONE',  ( -15.70000000000000300, -2.100000000000000100, 1.950000000000000400 ) ) ;
#1234 = ORIENTED_EDGE ( 'NONE', *, *, #4772, .T. ) ;
#1235 = CARTESIAN_POINT ( 'NONE',  ( -5.599999999999998800, -4.200000000000000200, -4.850000000000002300 ) ) ;
#1236 = PRESENTATION_STYLE_ASSIGNMENT (( #1306 ) ) ;
#1237 = MECHANICAL_DESIGN_GEOMETRIC_PRESENTATION_REPRESENTATION (  '', ( #1458 ), #1775 ) ;
#1238 = DIRECTION ( 'NONE',  ( -0.0000000000000000000, 0.0000000000000000000, 1.000000000000000000 ) ) ;
#1239 = FACE_OUTER_BOUND ( 'NONE', #1125, .T. ) ;
#1240 = DIRECTION ( 'NONE',  ( -0.0000000000000000000, -0.0000000000000000000, 1.000000000000000000 ) ) ;
#1241 = ADVANCED_FACE ( 'NONE', ( #3266 ), #2671, .F. ) ;
#1242 = AXIS2_PLACEMENT_3D ( 'NONE', #4816, #6387, #2348 ) ;
#1243 = CARTESIAN_POINT ( 'NONE',  ( -2.400000000000000800, -4.199999999999999300, -4.850000000000002300 ) ) ;
#1244 = EDGE_CURVE ( 'NONE', #4201, #6145, #1401, .T. ) ;
#1245 = SURFACE_STYLE_FILL_AREA ( #4239 ) ;
#1246 = ORIENTED_EDGE ( 'NONE', *, *, #1710, .F. ) ;
#1247 = PLANE ( 'NONE',  #1472 ) ;
#1248 = VECTOR ( 'NONE', #1419, 1000.000000000000000 ) ;
#1249 =( GEOMETRIC_REPRESENTATION_CONTEXT ( 3 ) GLOBAL_UNCERTAINTY_ASSIGNED_CONTEXT ( ( #3794 ) ) GLOBAL_UNIT_ASSIGNED_CONTEXT ( ( #4718, #4760, #3214 ) ) REPRESENTATION_CONTEXT ( 'NONE', 'WORKASPACE' ) );
#1250 = DIRECTION ( 'NONE',  ( 0.0000000000000000000, 0.0000000000000000000, 1.000000000000000000 ) ) ;
#1251 = CARTESIAN_POINT ( 'NONE',  ( -2.600000000000000500, -4.199999999999999300, -4.050000000000002500 ) ) ;
#1252 = MECHANICAL_DESIGN_GEOMETRIC_PRESENTATION_REPRESENTATION (  '', ( #2243 ), #4707 ) ;
#1253 = EDGE_CURVE ( 'NONE', #652, #3592, #5797, .T. ) ;
#1254 = VECTOR ( 'NONE', #220, 1000.000000000000000 ) ;
#1255 = ORIENTED_EDGE ( 'NONE', *, *, #940, .F. ) ;
#1256 = VECTOR ( 'NONE', #938, 1000.000000000000000 ) ;
#1257 = SURFACE_STYLE_USAGE ( .BOTH. , #3243 ) ;
#1258 = VECTOR ( 'NONE', #984, 1000.000000000000000 ) ;
#1259 = DIRECTION ( 'NONE',  ( 0.0000000000000000000, -1.000000000000000000, 0.0000000000000000000 ) ) ;
#1260 = CARTESIAN_POINT ( 'NONE',  ( -0.7499999999999997800, -3.649999999999999900, -2.600000000000000100 ) ) ;
#1261 = DIRECTION ( 'NONE',  ( 0.0000000000000000000, 0.7071067811865470200, 0.7071067811865481300 ) ) ;
#1262 = ADVANCED_FACE ( 'NONE', ( #3750 ), #252, .T. ) ;
#1263 = DIRECTION ( 'NONE',  ( 0.0000000000000000000, 0.7071067811865470200, 0.7071067811865481300 ) ) ;
#1264 = VERTEX_POINT ( 'NONE', #2168 ) ;
#1265 = EDGE_CURVE ( 'NONE', #1714, #5744, #1768, .T. ) ;
#1266 = MECHANICAL_DESIGN_GEOMETRIC_PRESENTATION_REPRESENTATION (  '', ( #94 ), #2255 ) ;
#1267 = LINE ( 'NONE', #3091, #2740 ) ;
#1268 = FILL_AREA_STYLE ('',( #4284 ) ) ;
#1269 = ORIENTED_EDGE ( 'NONE', *, *, #5991, .F. ) ;
#1270 = FACE_OUTER_BOUND ( 'NONE', #2758, .T. ) ;
#1271 = DIRECTION ( 'NONE',  ( 1.000000000000000000, 0.0000000000000000000, 0.0000000000000000000 ) ) ;
#1272 = CARTESIAN_POINT ( 'NONE',  ( -15.70000000000000300, -2.100000000000000100, -1.799999999999999600 ) ) ;
#1273 = CARTESIAN_POINT ( 'NONE',  ( -2.400000000000000800, -4.400000000000000400, -4.050000000000002500 ) ) ;
#1274 = LINE ( 'NONE', #564, #6302 ) ;
#1275 = ORIENTED_EDGE ( 'NONE', *, *, #5108, .T. ) ;
#1276 = DIRECTION ( 'NONE',  ( 0.0000000000000000000, -0.0000000000000000000, 1.000000000000000000 ) ) ;
#1277 = ORIENTED_EDGE ( 'NONE', *, *, #333, .F. ) ;
#1278 = PLANE ( 'NONE',  #1242 ) ;
#1279 = CARTESIAN_POINT ( 'NONE',  ( -4.599999999999999600, -4.500000000000000000, -4.850000000000002300 ) ) ;
#1280 = EDGE_LOOP ( 'NONE', ( #790, #235, #4612, #2662 ) ) ;
#1281 = LINE ( 'NONE', #4959, #6479 ) ;
#1282 = VERTEX_POINT ( 'NONE', #4723 ) ;
#1283 = SURFACE_STYLE_FILL_AREA ( #834 ) ;
#1284 = ORIENTED_EDGE ( 'NONE', *, *, #2483, .F. ) ;
#1285 = EDGE_CURVE ( 'NONE', #534, #375, #2569, .T. ) ;
#1286 = MECHANICAL_DESIGN_GEOMETRIC_PRESENTATION_REPRESENTATION (  '', ( #2702 ), #3303 ) ;
#1287 = VECTOR ( 'NONE', #4809, 1000.000000000000000 ) ;
#1288 = DIRECTION ( 'NONE',  ( -1.000000000000000000, 0.0000000000000000000, -0.0000000000000000000 ) ) ;
#1289 = UNCERTAINTY_MEASURE_WITH_UNIT (LENGTH_MEASURE( 1.000000000000000100E-005 ), #1105, 'distance_accuracy_value', 'NONE');
#1290 = ORIENTED_EDGE ( 'NONE', *, *, #3730, .T. ) ;
#1291 = PRESENTATION_STYLE_ASSIGNMENT (( #2590 ) ) ;
#1292 = COLOUR_RGB ( '',0.7529411764705882200, 0.7529411764705882200, 0.7529411764705882200 ) ;
#1293 = ORIENTED_EDGE ( 'NONE', *, *, #23, .T. ) ;
#1294 = ADVANCED_FACE ( 'NONE', ( #4480 ), #1171, .F. ) ;
#1295 = CARTESIAN_POINT ( 'NONE',  ( -12.15000000000000200, -2.100000000000000100, -0.04999999999999969700 ) ) ;
#1296 =( GEOMETRIC_REPRESENTATION_CONTEXT ( 3 ) GLOBAL_UNCERTAINTY_ASSIGNED_CONTEXT ( ( #509 ) ) GLOBAL_UNIT_ASSIGNED_CONTEXT ( ( #190, #4773, #3185 ) ) REPRESENTATION_CONTEXT ( 'NONE', 'WORKASPACE' ) );
#1297 = SURFACE_SIDE_STYLE ('',( #3329 ) ) ;
#1298 = FILL_AREA_STYLE ('',( #4790 ) ) ;
#1299 = ORIENTED_EDGE ( 'NONE', *, *, #2279, .F. ) ;
#1300 = FILL_AREA_STYLE ('',( #4383 ) ) ;
#1301 = CARTESIAN_POINT ( 'NONE',  ( -10.40000000000000200, -3.449999999999998800, -4.050000000000002500 ) ) ;
#1302 = MECHANICAL_DESIGN_GEOMETRIC_PRESENTATION_REPRESENTATION (  '', ( #3655 ), #7 ) ;
#1303 = DIRECTION ( 'NONE',  ( -8.462065736472233800E-016, 1.000000000000000000, 0.0000000000000000000 ) ) ;
#1304 = CARTESIAN_POINT ( 'NONE',  ( -13.60000000000000300, -3.449999999999999700, -4.050000000000002500 ) ) ;
#1305 = ORIENTED_EDGE ( 'NONE', *, *, #1095, .F. ) ;
#1306 = SURFACE_STYLE_USAGE ( .BOTH. , #4794 ) ;
#1307 = CARTESIAN_POINT ( 'NONE',  ( -3.600000000000001400, -4.400000000000000400, -3.750000000000004000 ) ) ;
#1308 = VERTEX_POINT ( 'NONE', #1235 ) ;
#1309 =( LENGTH_UNIT ( ) NAMED_UNIT ( * ) SI_UNIT ( .MILLI., .METRE. ) );
#1310 =( LENGTH_UNIT ( ) NAMED_UNIT ( * ) SI_UNIT ( .MILLI., .METRE. ) );
#1311 = ORIENTED_EDGE ( 'NONE', *, *, #2459, .T. ) ;
#1312 = DIRECTION ( 'NONE',  ( 0.0000000000000000000, 0.0000000000000000000, 1.000000000000000000 ) ) ;
#1313 =( LENGTH_UNIT ( ) NAMED_UNIT ( * ) SI_UNIT ( .MILLI., .METRE. ) );
#1314 = ADVANCED_FACE ( 'NONE', ( #1944 ), #5681, .F. ) ;
#1315 = ORIENTED_EDGE ( 'NONE', *, *, #1253, .T. ) ;
#1316 = VECTOR ( 'NONE', #1439, 1000.000000000000000 ) ;
#1317 = CARTESIAN_POINT ( 'NONE',  ( -0.5000000000000000000, -2.450000000000000200, 1.950000000000000400 ) ) ;
#1318 = DIRECTION ( 'NONE',  ( 0.0000000000000000000, 0.0000000000000000000, 1.000000000000000000 ) ) ;
#1319 = VERTEX_POINT ( 'NONE', #1685 ) ;
#1320 = EDGE_CURVE ( 'NONE', #5234, #5324, #941, .T. ) ;
#1321 = CARTESIAN_POINT ( 'NONE',  ( -1.174999999999999800, -2.100000000000000100, 1.950000000000000400 ) ) ;
#1322 = SURFACE_STYLE_FILL_AREA ( #3832 ) ;
#1323 = ORIENTED_EDGE ( 'NONE', *, *, #3406, .F. ) ;
#1324 = DIRECTION ( 'NONE',  ( -0.0000000000000000000, 0.0000000000000000000, 1.000000000000000000 ) ) ;
#1325 = DIRECTION ( 'NONE',  ( 0.0000000000000000000, 1.000000000000000000, 0.0000000000000000000 ) ) ;
#1326 = STYLED_ITEM ( 'NONE', ( #3933 ), #705 ) ;
#1327 = CARTESIAN_POINT ( 'NONE',  ( -14.82500000000000100, -1.950000000000000400, -13.70082415094414700 ) ) ;
#1328 = ORIENTED_EDGE ( 'NONE', *, *, #5961, .F. ) ;
#1329 = EDGE_CURVE ( 'NONE', #2033, #5462, #1631, .T. ) ;
#1330 = PRESENTATION_LAYER_ASSIGNMENT (  '', '', ( #113 ) ) ;
#1331 = ORIENTED_EDGE ( 'NONE', *, *, #4242, .F. ) ;
#1332 = FACE_OUTER_BOUND ( 'NONE', #4238, .T. ) ;
#1333 = VECTOR ( 'NONE', #2220, 1000.000000000000000 ) ;
#1334 = ORIENTED_EDGE ( 'NONE', *, *, #3616, .F. ) ;
#1335 = DIRECTION ( 'NONE',  ( 0.0000000000000000000, 0.0000000000000000000, 1.000000000000000000 ) ) ;
#1336 = SURFACE_STYLE_FILL_AREA ( #5996 ) ;
#1337 = CARTESIAN_POINT ( 'NONE',  ( -9.400000000000002100, -4.500000000000001800, -3.850000000000002800 ) ) ;
#1338 = CARTESIAN_POINT ( 'NONE',  ( -15.49999999999999600, -4.500000000000007100, 1.940000000000000600 ) ) ;
#1339 = ORIENTED_EDGE ( 'NONE', *, *, #854, .T. ) ;
#1340 = STYLED_ITEM ( 'NONE', ( #659 ), #4644 ) ;
#1341 = LINE ( 'NONE', #5545, #4424 ) ;
#1342 = SURFACE_STYLE_USAGE ( .BOTH. , #3340 ) ;
#1343 = CARTESIAN_POINT ( 'NONE',  ( -15.69999999999999900, -2.450000000000013900, 1.940000000000000400 ) ) ;
#1344 = DIRECTION ( 'NONE',  ( 0.0000000000000000000, 0.0000000000000000000, -1.000000000000000000 ) ) ;
#1345 = ORIENTED_EDGE ( 'NONE', *, *, #1793, .F. ) ;
#1346 = CARTESIAN_POINT ( 'NONE',  ( -1.599999999999999600, -4.499999999999998200, -3.850000000000002800 ) ) ;
#1347 = VECTOR ( 'NONE', #5386, 1000.000000000000000 ) ;
#1348 = VECTOR ( 'NONE', #5686, 1000.000000000000000 ) ;
#1349 = EDGE_CURVE ( 'NONE', #2208, #1708, #4964, .T. ) ;
#1350 = FACE_OUTER_BOUND ( 'NONE', #612, .T. ) ;
#1351 = EDGE_CURVE ( 'NONE', #440, #4980, #1473, .T. ) ;
#1352 = FILL_AREA_STYLE_COLOUR ( '', #577 ) ;
#1353 = COLOUR_RGB ( '',0.7529411764705882200, 0.7529411764705882200, 0.7529411764705882200 ) ;
#1354 = ORIENTED_EDGE ( 'NONE', *, *, #4702, .T. ) ;
#1355 = CARTESIAN_POINT ( 'NONE',  ( -12.40000000000000200, -3.449999999999999300, -3.950000000000002000 ) ) ;
#1356 = LINE ( 'NONE', #1999, #5684 ) ;
#1357 = DIRECTION ( 'NONE',  ( -0.0000000000000000000, 0.0000000000000000000, 1.000000000000000000 ) ) ;
#1358 = ORIENTED_EDGE ( 'NONE', *, *, #5156, .F. ) ;
#1359 = FILL_AREA_STYLE ('',( #912 ) ) ;
#1360 = DIRECTION ( 'NONE',  ( 1.000000000000000000, -0.0000000000000000000, 0.0000000000000000000 ) ) ;
#1361 = LINE ( 'NONE', #2840, #1202 ) ;
#1362 = VERTEX_POINT ( 'NONE', #5809 ) ;
#1363 = VECTOR ( 'NONE', #4882, 1000.000000000000000 ) ;
#1364 = SURFACE_STYLE_USAGE ( .BOTH. , #3895 ) ;
#1365 = DIRECTION ( 'NONE',  ( 1.000000000000000000, -0.0000000000000000000, -0.0000000000000000000 ) ) ;
#1366 = ORIENTED_EDGE ( 'NONE', *, *, #5602, .T. ) ;
#1367 = VECTOR ( 'NONE', #6382, 1000.000000000000000 ) ;
#1368 = CARTESIAN_POINT ( 'NONE',  ( -12.40000000000000200, -4.400000000000000400, -3.750000000000000000 ) ) ;
#1369 = DIRECTION ( 'NONE',  ( -1.000000000000000000, 0.0000000000000000000, 0.0000000000000000000 ) ) ;
#1370 = ORIENTED_EDGE ( 'NONE', *, *, #1606, .F. ) ;
#1371 = CARTESIAN_POINT ( 'NONE',  ( -10.60000000000000100, -4.500000000000002700, -3.850000000000002800 ) ) ;
#1372 = VERTEX_POINT ( 'NONE', #2252 ) ;
#1373 = VECTOR ( 'NONE', #81, 1000.000000000000000 ) ;
#1374 = CARTESIAN_POINT ( 'NONE',  ( -9.600000000000003200, -4.500000000000001800, -4.850000000000002300 ) ) ;
#1375 = UNCERTAINTY_MEASURE_WITH_UNIT (LENGTH_MEASURE( 1.000000000000000100E-005 ), #3323, 'distance_accuracy_value', 'NONE');
#1376 =( GEOMETRIC_REPRESENTATION_CONTEXT ( 3 ) GLOBAL_UNCERTAINTY_ASSIGNED_CONTEXT ( ( #53 ) ) GLOBAL_UNIT_ASSIGNED_CONTEXT ( ( #3924, #4960, #4481 ) ) REPRESENTATION_CONTEXT ( 'NONE', 'WORKASPACE' ) );
#1377 = ORIENTED_EDGE ( 'NONE', *, *, #3347, .T. ) ;
#1378 = FACE_OUTER_BOUND ( 'NONE', #986, .T. ) ;
#1379 = CARTESIAN_POINT ( 'NONE',  ( -4.599999999999999600, -4.500000000000000000, -3.850000000000002800 ) ) ;
#1380 = LINE ( 'NONE', #6146, #6421 ) ;
#1381 = ADVANCED_FACE ( 'NONE', ( #169 ), #2794, .T. ) ;
#1382 = AXIS2_PLACEMENT_3D ( 'NONE', #1437, #4939, #2401 ) ;
#1383 = ORIENTED_EDGE ( 'NONE', *, *, #2522, .T. ) ;
#1384 = CARTESIAN_POINT ( 'NONE',  ( 0.0000000000000000000, -4.400000000000000400, -4.050000000000002500 ) ) ;
#1385 = DIRECTION ( 'NONE',  ( 0.0000000000000000000, -1.000000000000000000, 0.0000000000000000000 ) ) ;
#1386 = PRESENTATION_LAYER_ASSIGNMENT (  '', '', ( #157 ) ) ;
#1387 = DIRECTION ( 'NONE',  ( 0.0000000000000000000, 0.0000000000000000000, 1.000000000000000000 ) ) ;
#1388 = ORIENTED_EDGE ( 'NONE', *, *, #5507, .T. ) ;
#1389 =( LENGTH_UNIT ( ) NAMED_UNIT ( * ) SI_UNIT ( .MILLI., .METRE. ) );
#1390 = CARTESIAN_POINT ( 'NONE',  ( -1.599999999999999600, -4.499999999999998200, -4.850000000000002300 ) ) ;
#1391 = ORIENTED_EDGE ( 'NONE', *, *, #3778, .F. ) ;
#1392 =( LENGTH_UNIT ( ) NAMED_UNIT ( * ) SI_UNIT ( .MILLI., .METRE. ) );
#1393 =( NAMED_UNIT ( * ) SI_UNIT ( $, .STERADIAN. ) SOLID_ANGLE_UNIT ( ) );
#1394 =( NAMED_UNIT ( * ) PLANE_ANGLE_UNIT ( ) SI_UNIT ( $, .RADIAN. ) );
#1395 = ORIENTED_EDGE ( 'NONE', *, *, #192, .T. ) ;
#1396 = ADVANCED_FACE ( 'NONE', ( #4485 ), #1756, .F. ) ;
#1397 = ORIENTED_EDGE ( 'NONE', *, *, #775, .F. ) ;
#1398 = ORIENTED_EDGE ( 'NONE', *, *, #2125, .F. ) ;
#1399 = ORIENTED_EDGE ( 'NONE', *, *, #1231, .F. ) ;
#1400 = CARTESIAN_POINT ( 'NONE',  ( -13.60000000000000300, -4.400000000000000400, -3.750000000000000000 ) ) ;
#1401 = LINE ( 'NONE', #4746, #4307 ) ;
#1402 = CARTESIAN_POINT ( 'NONE',  ( -3.849999999999997400, -1.799999999999999800, -3.450000000000000600 ) ) ;
#1403 = CARTESIAN_POINT ( 'NONE',  ( -15.50000000000000000, 8.673617379884033500E-016, -4.049999999999999800 ) ) ;
#1404 =( NAMED_UNIT ( * ) PLANE_ANGLE_UNIT ( ) SI_UNIT ( $, .RADIAN. ) );
#1405 = ORIENTED_EDGE ( 'NONE', *, *, #4465, .F. ) ;
#1406 = VECTOR ( 'NONE', #2909, 1000.000000000000000 ) ;
#1407 = PRESENTATION_LAYER_ASSIGNMENT (  '', '', ( #867 ) ) ;
#1408 = FILL_AREA_STYLE ('',( #2810 ) ) ;
#1409 = VECTOR ( 'NONE', #395, 1000.000000000000000 ) ;
#1410 = LINE ( 'NONE', #731, #4009 ) ;
#1411 = CARTESIAN_POINT ( 'NONE',  ( -1.175000000000000700, -1.950000000000000400, -0.04999999999999969700 ) ) ;
#1412 = ORIENTED_EDGE ( 'NONE', *, *, #250, .F. ) ;
#1413 = VECTOR ( 'NONE', #5425, 1000.000000000000000 ) ;
#1414 = DIRECTION ( 'NONE',  ( 0.0000000000000000000, 0.0000000000000000000, 1.000000000000000000 ) ) ;
#1415 = CARTESIAN_POINT ( 'NONE',  ( -14.60000000000000100, -4.400000000000000400, -3.950000000000002000 ) ) ;
#1416 = EDGE_CURVE ( 'NONE', #2695, #3437, #325, .T. ) ;
#1417 = ORIENTED_EDGE ( 'NONE', *, *, #2325, .F. ) ;
#1418 = FACE_OUTER_BOUND ( 'NONE', #4536, .T. ) ;
#1419 = DIRECTION ( 'NONE',  ( 0.0000000000000000000, 0.0000000000000000000, 1.000000000000000000 ) ) ;
#1420 =( GEOMETRIC_REPRESENTATION_CONTEXT ( 3 ) GLOBAL_UNCERTAINTY_ASSIGNED_CONTEXT ( ( #3300 ) ) GLOBAL_UNIT_ASSIGNED_CONTEXT ( ( #4700, #6195, #3179 ) ) REPRESENTATION_CONTEXT ( 'NONE', 'WORKASPACE' ) );
#1421 = CARTESIAN_POINT ( 'NONE',  ( -0.7499999999999997800, -2.100000000000000100, -2.600000000000000100 ) ) ;
#1422 = CARTESIAN_POINT ( 'NONE',  ( -11.40000000000000000, -3.449999999999999300, -3.950000000000002000 ) ) ;
#1423 = VERTEX_POINT ( 'NONE', #4092 ) ;
#1424 = VECTOR ( 'NONE', #4115, 1000.000000000000000 ) ;
#1425 = DIRECTION ( 'NONE',  ( -1.000000000000000000, 0.0000000000000000000, 0.0000000000000000000 ) ) ;
#1426 = PLANE ( 'NONE',  #2653 ) ;
#1427 = ADVANCED_FACE ( 'NONE', ( #4002 ), #5084, .T. ) ;
#1428 = SURFACE_SIDE_STYLE ('',( #1185 ) ) ;
#1429 = VECTOR ( 'NONE', #2775, 1000.000000000000000 ) ;
#1430 = ORIENTED_EDGE ( 'NONE', *, *, #4618, .T. ) ;
#1431 = EDGE_CURVE ( 'NONE', #5847, #5836, #4558, .T. ) ;
#1432 =( GEOMETRIC_REPRESENTATION_CONTEXT ( 3 ) GLOBAL_UNCERTAINTY_ASSIGNED_CONTEXT ( ( #4785 ) ) GLOBAL_UNIT_ASSIGNED_CONTEXT ( ( #5523, #1535, #5057 ) ) REPRESENTATION_CONTEXT ( 'NONE', 'WORKASPACE' ) );
#1433 = LINE ( 'NONE', #2059, #1191 ) ;
#1434 = DIRECTION ( 'NONE',  ( -0.0000000000000000000, 0.0000000000000000000, 1.000000000000000000 ) ) ;
#1435 = SURFACE_STYLE_USAGE ( .BOTH. , #6450 ) ;
#1436 = PRESENTATION_STYLE_ASSIGNMENT (( #680 ) ) ;
#1437 = CARTESIAN_POINT ( 'NONE',  ( -2.600000000000000500, -3.449999999999994800, -3.950000000000002000 ) ) ;
#1438 = FACE_OUTER_BOUND ( 'NONE', #2257, .T. ) ;
#1439 = DIRECTION ( 'NONE',  ( 0.0000000000000000000, -1.000000000000000000, 0.0000000000000000000 ) ) ;
#1440 = EDGE_LOOP ( 'NONE', ( #4147, #658, #3268, #1465 ) ) ;
#1441 =( GEOMETRIC_REPRESENTATION_CONTEXT ( 3 ) GLOBAL_UNCERTAINTY_ASSIGNED_CONTEXT ( ( #2246 ) ) GLOBAL_UNIT_ASSIGNED_CONTEXT ( ( #5137, #616, #3087 ) ) REPRESENTATION_CONTEXT ( 'NONE', 'WORKASPACE' ) );
#1442 = ORIENTED_EDGE ( 'NONE', *, *, #2937, .F. ) ;
#1443 = DIRECTION ( 'NONE',  ( 1.000000000000000000, -0.0000000000000000000, -0.0000000000000000000 ) ) ;
#1444 = ORIENTED_EDGE ( 'NONE', *, *, #4683, .T. ) ;
#1445 = LINE ( 'NONE', #4866, #5291 ) ;
#1446 = EDGE_CURVE ( 'NONE', #3342, #4142, #2180, .T. ) ;
#1447 = VERTEX_POINT ( 'NONE', #6136 ) ;
#1448 = LINE ( 'NONE', #3349, #2942 ) ;
#1449 = ORIENTED_EDGE ( 'NONE', *, *, #3106, .T. ) ;
#1450 = CARTESIAN_POINT ( 'NONE',  ( -8.600000000000001400, -4.200000000000001100, -4.850000000000002300 ) ) ;
#1451 = CARTESIAN_POINT ( 'NONE',  ( -15.99999999999999600, -3.750000000000007500, -0.2999999999999999300 ) ) ;
#1452 = EDGE_CURVE ( 'NONE', #2684, #5774, #1574, .T. ) ;
#1453 = EDGE_CURVE ( 'NONE', #5591, #253, #494, .T. ) ;
#1454 = CARTESIAN_POINT ( 'NONE',  ( -12.15000000000000000, -0.3499999999999990900, 1.950000000000000400 ) ) ;
#1455 = VECTOR ( 'NONE', #3682, 1000.000000000000000 ) ;
#1456 = CARTESIAN_POINT ( 'NONE',  ( -0.5000000000000000000, -2.450000000000000600, 1.300000000000000300 ) ) ;
#1457 = ORIENTED_EDGE ( 'NONE', *, *, #4616, .T. ) ;
#1458 = STYLED_ITEM ( 'NONE', ( #3584 ), #2946 ) ;
#1459 = PRESENTATION_STYLE_ASSIGNMENT (( #6299 ) ) ;
#1460 = CARTESIAN_POINT ( 'NONE',  ( -0.6999999999999998400, -0.6000000000000009800, -2.600000000000000100 ) ) ;
#1461 = DIRECTION ( 'NONE',  ( 1.000000000000000000, -0.0000000000000000000, -0.0000000000000000000 ) ) ;
#1462 = VERTEX_POINT ( 'NONE', #5622 ) ;
#1463 = VECTOR ( 'NONE', #6180, 1000.000000000000000 ) ;
#1464 = DIRECTION ( 'NONE',  ( 0.0000000000000000000, 0.7071067811865481300, -0.7071067811865470200 ) ) ;
#1465 = ORIENTED_EDGE ( 'NONE', *, *, #1645, .T. ) ;
#1466 = DIRECTION ( 'NONE',  ( 0.0000000000000000000, -1.000000000000000000, -0.0000000000000000000 ) ) ;
#1467 = VERTEX_POINT ( 'NONE', #3123 ) ;
#1468 = CARTESIAN_POINT ( 'NONE',  ( -14.60000000000000100, -4.200000000000003700, -4.050000000000002500 ) ) ;
#1469 = UNCERTAINTY_MEASURE_WITH_UNIT (LENGTH_MEASURE( 1.000000000000000100E-005 ), #3248, 'distance_accuracy_value', 'NONE');
#1470 = PLANE ( 'NONE',  #1689 ) ;
#1471 = EDGE_LOOP ( 'NONE', ( #5289, #216, #2118, #161, #1030, #2933, #1045, #336, #2936, #3328, #3154, #3325 ) ) ;
#1472 = AXIS2_PLACEMENT_3D ( 'NONE', #1705, #2706, #2660 ) ;
#1473 = LINE ( 'NONE', #275, #5966 ) ;
#1474 = STYLED_ITEM ( 'NONE', ( #1790 ), #772 ) ;
#1475 = AXIS2_PLACEMENT_3D ( 'NONE', #3225, #5701, #5767 ) ;
#1476 = FILL_AREA_STYLE_COLOUR ( '', #4240 ) ;
#1477 = FILL_AREA_STYLE_COLOUR ( '', #643 ) ;
#1478 = VERTEX_POINT ( 'NONE', #159 ) ;
#1479 = EDGE_CURVE ( 'NONE', #138, #310, #5908, .T. ) ;
#1480 = CARTESIAN_POINT ( 'NONE',  ( -1.599999999999999600, -4.499999999999998200, -4.850000000000002300 ) ) ;
#1481 = FILL_AREA_STYLE ('',( #5015 ) ) ;
#1482 = VECTOR ( 'NONE', #5443, 1000.000000000000000 ) ;
#1483 = DIRECTION ( 'NONE',  ( 1.000000000000000000, 0.0000000000000000000, -0.0000000000000000000 ) ) ;
#1484 = EDGE_CURVE ( 'NONE', #4344, #3122, #4237, .T. ) ;
#1485 = FILL_AREA_STYLE_COLOUR ( '', #1860 ) ;
#1486 = LINE ( 'NONE', #2262, #1640 ) ;
#1487 = ORIENTED_EDGE ( 'NONE', *, *, #1452, .F. ) ;
#1488 = ORIENTED_EDGE ( 'NONE', *, *, #2342, .F. ) ;
#1489 = ADVANCED_FACE ( 'NONE', ( #5435 ), #2591, .T. ) ;
#1490 = ORIENTED_EDGE ( 'NONE', *, *, #4845, .T. ) ;
#1491 = FILL_AREA_STYLE ('',( #3003 ) ) ;
#1492 =( NAMED_UNIT ( * ) SI_UNIT ( $, .STERADIAN. ) SOLID_ANGLE_UNIT ( ) );
#1493 = DIRECTION ( 'NONE',  ( -1.000000000000000000, -8.462065736472234800E-016, 0.0000000000000000000 ) ) ;
#1494 = ORIENTED_EDGE ( 'NONE', *, *, #5482, .F. ) ;
#1495 = PRESENTATION_LAYER_ASSIGNMENT (  '', '', ( #5235 ) ) ;
#1496 = CARTESIAN_POINT ( 'NONE',  ( -4.400000000000000400, -4.200000000000000200, -4.050000000000002500 ) ) ;
#1497 = PLANE ( 'NONE',  #2381 ) ;
#1498 = LINE ( 'NONE', #2113, #1254 ) ;
#1499 = VERTEX_POINT ( 'NONE', #2126 ) ;
#1500 = DIRECTION ( 'NONE',  ( 0.0000000000000000000, 1.000000000000000000, -0.0000000000000000000 ) ) ;
#1501 = CARTESIAN_POINT ( 'NONE',  ( -11.60000000000000100, -4.200000000000002000, -4.850000000000002300 ) ) ;
#1502 = FACE_OUTER_BOUND ( 'NONE', #3101, .T. ) ;
#1503 = ADVANCED_FACE ( 'NONE', ( #6205 ), #2628, .F. ) ;
#1504 = VECTOR ( 'NONE', #4280, 1000.000000000000000 ) ;
#1505 = CARTESIAN_POINT ( 'NONE',  ( -3.849999999999999200, -1.950000000000000400, -4.050000000000001600 ) ) ;
#1506 = LINE ( 'NONE', #2450, #1582 ) ;
#1507 = DIRECTION ( 'NONE',  ( -0.0000000000000000000, -0.0000000000000000000, 1.000000000000000000 ) ) ;
#1508 = DIRECTION ( 'NONE',  ( 0.0000000000000000000, 0.0000000000000000000, 1.000000000000000000 ) ) ;
#1509 = ORIENTED_EDGE ( 'NONE', *, *, #4798, .T. ) ;
#1510 = PRESENTATION_STYLE_ASSIGNMENT (( #4066 ) ) ;
#1511 =( NAMED_UNIT ( * ) SI_UNIT ( $, .STERADIAN. ) SOLID_ANGLE_UNIT ( ) );
#1512 = EDGE_CURVE ( 'NONE', #451, #1680, #2912, .T. ) ;
#1513 = CARTESIAN_POINT ( 'NONE',  ( -9.600000000000003200, -4.500000000000001800, -3.850000000000002800 ) ) ;
#1514 =( GEOMETRIC_REPRESENTATION_CONTEXT ( 3 ) GLOBAL_UNCERTAINTY_ASSIGNED_CONTEXT ( ( #4904 ) ) GLOBAL_UNIT_ASSIGNED_CONTEXT ( ( #1082, #2101, #4600 ) ) REPRESENTATION_CONTEXT ( 'NONE', 'WORKASPACE' ) );
#1515 = LINE ( 'NONE', #4397, #5362 ) ;
#1516 = ORIENTED_EDGE ( 'NONE', *, *, #1479, .F. ) ;
#1517 = VECTOR ( 'NONE', #4646, 1000.000000000000000 ) ;
#1518 = DIRECTION ( 'NONE',  ( 0.0000000000000000000, 0.0000000000000000000, 1.000000000000000000 ) ) ;
#1519 = FILL_AREA_STYLE ('',( #1071 ) ) ;
#1520 = VECTOR ( 'NONE', #4740, 1000.000000000000000 ) ;
#1521 = DIRECTION ( 'NONE',  ( 1.000000000000000000, -0.0000000000000000000, -0.0000000000000000000 ) ) ;
#1522 = VERTEX_POINT ( 'NONE', #5579 ) ;
#1523 = CARTESIAN_POINT ( 'NONE',  ( -2.400000000000000800, -3.449999999999994800, -3.950000000000002000 ) ) ;
#1524 = FILL_AREA_STYLE ('',( #2507 ) ) ;
#1525 = VECTOR ( 'NONE', #4384, 1000.000000000000000 ) ;
#1526 = VERTEX_POINT ( 'NONE', #3065 ) ;
#1527 = VECTOR ( 'NONE', #400, 1000.000000000000000 ) ;
#1528 = ORIENTED_EDGE ( 'NONE', *, *, #4842, .F. ) ;
#1529 =( NAMED_UNIT ( * ) SI_UNIT ( $, .STERADIAN. ) SOLID_ANGLE_UNIT ( ) );
#1530 = VECTOR ( 'NONE', #4597, 1000.000000000000000 ) ;
#1531 = SURFACE_STYLE_USAGE ( .BOTH. , #4551 ) ;
#1532 = EDGE_CURVE ( 'NONE', #3604, #3128, #5666, .T. ) ;
#1533 = ORIENTED_EDGE ( 'NONE', *, *, #775, .T. ) ;
#1534 = VERTEX_POINT ( 'NONE', #3597 ) ;
#1535 =( NAMED_UNIT ( * ) PLANE_ANGLE_UNIT ( ) SI_UNIT ( $, .RADIAN. ) );
#1536 = LINE ( 'NONE', #202, #3722 ) ;
#1537 = DIRECTION ( 'NONE',  ( 0.0000000000000000000, 0.0000000000000000000, -1.000000000000000000 ) ) ;
#1538 = STYLED_ITEM ( 'NONE', ( #2296 ), #2169 ) ;
#1539 = ADVANCED_FACE ( 'NONE', ( #879 ), #5896, .F. ) ;
#1540 = VECTOR ( 'NONE', #2124, 1000.000000000000000 ) ;
#1541 = ORIENTED_EDGE ( 'NONE', *, *, #1912, .F. ) ;
#1542 = LINE ( 'NONE', #3097, #1216 ) ;
#1543 = PLANE ( 'NONE',  #4914 ) ;
#1544 = ORIENTED_EDGE ( 'NONE', *, *, #1008, .T. ) ;
#1545 = EDGE_CURVE ( 'NONE', #4550, #6126, #5524, .T. ) ;
#1546 =( GEOMETRIC_REPRESENTATION_CONTEXT ( 3 ) GLOBAL_UNCERTAINTY_ASSIGNED_CONTEXT ( ( #2121 ) ) GLOBAL_UNIT_ASSIGNED_CONTEXT ( ( #3443, #6469, #449 ) ) REPRESENTATION_CONTEXT ( 'NONE', 'WORKASPACE' ) );
#1547 = DIRECTION ( 'NONE',  ( 0.0000000000000000000, 1.000000000000000000, 3.942553354492742500E-016 ) ) ;
#1548 = ORIENTED_EDGE ( 'NONE', *, *, #1836, .T. ) ;
#1549 = CARTESIAN_POINT ( 'NONE',  ( -13.40000000000000200, -4.200000000000002800, -3.950000000000002000 ) ) ;
#1550 = VERTEX_POINT ( 'NONE', #4519 ) ;
#1551 = UNCERTAINTY_MEASURE_WITH_UNIT (LENGTH_MEASURE( 1.000000000000000100E-005 ), #4617, 'distance_accuracy_value', 'NONE');
#1552 = CARTESIAN_POINT ( 'NONE',  ( -2.600000000000000500, -4.199999999999999300, -3.950000000000002000 ) ) ;
#1553 = VERTEX_POINT ( 'NONE', #1627 ) ;
#1554 = DIRECTION ( 'NONE',  ( 1.000000000000000000, 0.0000000000000000000, 0.0000000000000000000 ) ) ;
#1555 = EDGE_CURVE ( 'NONE', #6259, #5512, #4419, .T. ) ;
#1556 = STYLED_ITEM ( 'NONE', ( #1054 ), #5040 ) ;
#1557 = DIRECTION ( 'NONE',  ( 0.0000000000000000000, 0.0000000000000000000, 1.000000000000000000 ) ) ;
#1558 = EDGE_LOOP ( 'NONE', ( #2028, #249, #5612, #3879 ) ) ;
#1559 = DIRECTION ( 'NONE',  ( 0.0000000000000000000, -1.000000000000000000, -0.0000000000000000000 ) ) ;
#1560 = EDGE_LOOP ( 'NONE', ( #2149, #1062, #6206, #4123, #4306, #3447, #4544, #6035 ) ) ;
#1561 = CARTESIAN_POINT ( 'NONE',  ( -4.599999999999999600, -4.200000000000000200, -4.850000000000002300 ) ) ;
#1562 = VECTOR ( 'NONE', #5877, 1000.000000000000000 ) ;
#1563 = DIRECTION ( 'NONE',  ( 0.0000000000000000000, 0.0000000000000000000, 1.000000000000000000 ) ) ;
#1564 = ORIENTED_EDGE ( 'NONE', *, *, #4067, .F. ) ;
#1565 = PRESENTATION_STYLE_ASSIGNMENT (( #5346 ) ) ;
#1566 = CARTESIAN_POINT ( 'NONE',  ( -16.00000000000000000, 8.673617379884033500E-016, -4.049999999999999800 ) ) ;
#1567 = STYLED_ITEM ( 'NONE', ( #4264 ), #6258 ) ;
#1568 = VECTOR ( 'NONE', #5360, 1000.000000000000000 ) ;
#1569 = LINE ( 'NONE', #4948, #1248 ) ;
#1570 = EDGE_CURVE ( 'NONE', #2029, #697, #4023, .T. ) ;
#1571 = AXIS2_PLACEMENT_3D ( 'NONE', #3965, #962, #5993 ) ;
#1572 = FILL_AREA_STYLE ('',( #85 ) ) ;
#1573 = EDGE_CURVE ( 'NONE', #5008, #4290, #638, .T. ) ;
#1574 = LINE ( 'NONE', #4619, #3939 ) ;
#1575 = APPLICATION_CONTEXT ( 'automotive_design' ) ;
#1576 = ORIENTED_EDGE ( 'NONE', *, *, #5824, .T. ) ;
#1577 = LINE ( 'NONE', #328, #3387 ) ;
#1578 = FACE_OUTER_BOUND ( 'NONE', #84, .T. ) ;
#1579 = COLOUR_RGB ( '',0.7529411764705882200, 0.7529411764705882200, 0.7529411764705882200 ) ;
#1580 = UNCERTAINTY_MEASURE_WITH_UNIT (LENGTH_MEASURE( 1.000000000000000100E-005 ), #3792, 'distance_accuracy_value', 'NONE');
#1581 = EDGE_CURVE ( 'NONE', #4944, #3350, #710, .T. ) ;
#1582 = VECTOR ( 'NONE', #5525, 1000.000000000000000 ) ;
#1583 = CARTESIAN_POINT ( 'NONE',  ( -3.600000000000001400, -4.499999999999999100, -4.850000000000002300 ) ) ;
#1584 = CARTESIAN_POINT ( 'NONE',  ( -12.40000000000000200, -3.449999999999999300, -4.050000000000002500 ) ) ;
#1585 = AXIS2_PLACEMENT_3D ( 'NONE', #3292, #1259, #5782 ) ;
#1586 = ORIENTED_EDGE ( 'NONE', *, *, #2108, .T. ) ;
#1587 = LINE ( 'NONE', #4541, #2588 ) ;
#1588 =( NAMED_UNIT ( * ) SI_UNIT ( $, .STERADIAN. ) SOLID_ANGLE_UNIT ( ) );
#1589 = VECTOR ( 'NONE', #6236, 1000.000000000000000 ) ;
#1590 = SURFACE_SIDE_STYLE ('',( #5770 ) ) ;
#1591 = LINE ( 'NONE', #1809, #3865 ) ;
#1592 = VERTEX_POINT ( 'NONE', #1180 ) ;
#1593 = VECTOR ( 'NONE', #1835, 1000.000000000000000 ) ;
#1594 = AXIS2_PLACEMENT_3D ( 'NONE', #6427, #5457, #5412 ) ;
#1595 = EDGE_CURVE ( 'NONE', #6156, #2316, #1498, .T. ) ;
#1596 = SURFACE_STYLE_FILL_AREA ( #1268 ) ;
#1597 = ORIENTED_EDGE ( 'NONE', *, *, #4522, .F. ) ;
#1598 = STYLED_ITEM ( 'NONE', ( #4608 ), #4548 ) ;
#1599 = LINE ( 'NONE', #486, #2278 ) ;
#1600 = FILL_AREA_STYLE ('',( #672 ) ) ;
#1601 = EDGE_CURVE ( 'NONE', #6455, #949, #117, .T. ) ;
#1602 = DIRECTION ( 'NONE',  ( 1.000000000000000000, 0.0000000000000000000, 0.0000000000000000000 ) ) ;
#1603 = CARTESIAN_POINT ( 'NONE',  ( -15.49999999999999600, -3.750000000000007100, -0.2599999999999997300 ) ) ;
#1604 = ORIENTED_EDGE ( 'NONE', *, *, #4486, .F. ) ;
#1605 = ORIENTED_EDGE ( 'NONE', *, *, #5623, .T. ) ;
#1606 = EDGE_CURVE ( 'NONE', #1907, #2360, #1176, .T. ) ;
#1607 = CARTESIAN_POINT ( 'NONE',  ( -3.600000000000001400, -3.449999999999995300, -4.050000000000002500 ) ) ;
#1608 = AXIS2_PLACEMENT_3D ( 'NONE', #1390, #6357, #3365 ) ;
#1609 = VERTEX_POINT ( 'NONE', #6143 ) ;
#1610 = SURFACE_SIDE_STYLE ('',( #4993 ) ) ;
#1611 = CARTESIAN_POINT ( 'NONE',  ( -13.60000000000000300, -4.200000000000002800, -3.950000000000002000 ) ) ;
#1612 = ORIENTED_EDGE ( 'NONE', *, *, #5728, .T. ) ;
#1613 = VECTOR ( 'NONE', #6150, 1000.000000000000000 ) ;
#1614 = CARTESIAN_POINT ( 'NONE',  ( -0.7499999999999997800, -4.000000000000000000, -0.3999999999999997400 ) ) ;
#1615 = LINE ( 'NONE', #4106, #5471 ) ;
#1616 = ORIENTED_EDGE ( 'NONE', *, *, #3004, .T. ) ;
#1617 = DIRECTION ( 'NONE',  ( 0.0000000000000000000, 0.0000000000000000000, 1.000000000000000000 ) ) ;
#1618 = SURFACE_STYLE_FILL_AREA ( #5710 ) ;
#1619 = PRESENTATION_STYLE_ASSIGNMENT (( #4554 ) ) ;
#1620 = CARTESIAN_POINT ( 'NONE',  ( -15.25000000000000000, -4.000000000000000000, -0.3999999999999997400 ) ) ;
#1621 = DIRECTION ( 'NONE',  ( 0.0000000000000000000, 0.0000000000000000000, 1.000000000000000000 ) ) ;
#1622 = ORIENTED_EDGE ( 'NONE', *, *, #4360, .F. ) ;
#1623 = AXIS2_PLACEMENT_3D ( 'NONE', #302, #3784, #4302 ) ;
#1624 = DIRECTION ( 'NONE',  ( -1.000000000000000000, 0.0000000000000000000, -0.0000000000000000000 ) ) ;
#1625 = ORIENTED_EDGE ( 'NONE', *, *, #636, .T. ) ;
#1626 = ORIENTED_EDGE ( 'NONE', *, *, #4616, .F. ) ;
#1627 = CARTESIAN_POINT ( 'NONE',  ( -3.849999999999999200, -1.950000000000000400, 1.950000000000000400 ) ) ;
#1628 = CARTESIAN_POINT ( 'NONE',  ( -0.3000000000000000400, -2.450000000000007300, 1.940000000000000400 ) ) ;
#1629 = ORIENTED_EDGE ( 'NONE', *, *, #4288, .T. ) ;
#1630 = DIRECTION ( 'NONE',  ( -0.0000000000000000000, 1.000000000000000000, -0.0000000000000000000 ) ) ;
#1631 = LINE ( 'NONE', #5256, #4148 ) ;
#1632 = STYLED_ITEM ( 'NONE', ( #349 ), #3834 ) ;
#1633 = ORIENTED_EDGE ( 'NONE', *, *, #1935, .T. ) ;
#1634 = FACE_OUTER_BOUND ( 'NONE', #4143, .T. ) ;
#1635 = DIRECTION ( 'NONE',  ( 0.0000000000000000000, 0.0000000000000000000, -1.000000000000000000 ) ) ;
#1636 = VECTOR ( 'NONE', #5735, 1000.000000000000000 ) ;
#1637 = EDGE_CURVE ( 'NONE', #5051, #4875, #6378, .T. ) ;
#1638 =( GEOMETRIC_REPRESENTATION_CONTEXT ( 3 ) GLOBAL_UNCERTAINTY_ASSIGNED_CONTEXT ( ( #1375 ) ) GLOBAL_UNIT_ASSIGNED_CONTEXT ( ( #3323, #1803, #340 ) ) REPRESENTATION_CONTEXT ( 'NONE', 'WORKASPACE' ) );
#1639 = SURFACE_SIDE_STYLE ('',( #4642 ) ) ;
#1640 = VECTOR ( 'NONE', #2779, 1000.000000000000000 ) ;
#1641 = VECTOR ( 'NONE', #1261, 1000.000000000000000 ) ;
#1642 = FILL_AREA_STYLE_COLOUR ( '', #3644 ) ;
#1643 = ORIENTED_EDGE ( 'NONE', *, *, #4572, .F. ) ;
#1644 = VECTOR ( 'NONE', #1210, 1000.000000000000000 ) ;
#1645 = EDGE_CURVE ( 'NONE', #5933, #2871, #2730, .T. ) ;
#1646 =( GEOMETRIC_REPRESENTATION_CONTEXT ( 3 ) GLOBAL_UNCERTAINTY_ASSIGNED_CONTEXT ( ( #5948 ) ) GLOBAL_UNIT_ASSIGNED_CONTEXT ( ( #3063, #1018, #1511 ) ) REPRESENTATION_CONTEXT ( 'NONE', 'WORKASPACE' ) );
#1647 = CARTESIAN_POINT ( 'NONE',  ( -15.49999999999999600, -4.500000000000007100, 1.940000000000000600 ) ) ;
#1648 = ORIENTED_EDGE ( 'NONE', *, *, #246, .F. ) ;
#1649 = LINE ( 'NONE', #3629, #555 ) ;
#1650 = CARTESIAN_POINT ( 'NONE',  ( -10.60000000000000100, -4.500000000000002700, -3.850000000000002800 ) ) ;
#1651 = ORIENTED_EDGE ( 'NONE', *, *, #517, .T. ) ;
#1652 = LINE ( 'NONE', #3485, #4022 ) ;
#1653 =( NAMED_UNIT ( * ) SI_UNIT ( $, .STERADIAN. ) SOLID_ANGLE_UNIT ( ) );
#1654 = ORIENTED_EDGE ( 'NONE', *, *, #1532, .F. ) ;
#1655 = LINE ( 'NONE', #3829, #4823 ) ;
#1656 = LINE ( 'NONE', #1196, #1504 ) ;
#1657 =( LENGTH_UNIT ( ) NAMED_UNIT ( * ) SI_UNIT ( .MILLI., .METRE. ) );
#1658 = UNCERTAINTY_MEASURE_WITH_UNIT (LENGTH_MEASURE( 1.000000000000000100E-005 ), #5070, 'distance_accuracy_value', 'NONE');
#1659 = SURFACE_STYLE_FILL_AREA ( #1491 ) ;
#1660 = CARTESIAN_POINT ( 'NONE',  ( -15.24999999999999800, -3.650000000000000400, -2.600000000000000100 ) ) ;
#1661 = DIRECTION ( 'NONE',  ( 0.0000000000000000000, -1.000000000000000000, -2.409338161078897200E-016 ) ) ;
#1662 = EDGE_LOOP ( 'NONE', ( #609, #5232, #2592, #2723, #5113, #4248 ) ) ;
#1663 = SURFACE_STYLE_USAGE ( .BOTH. , #6184 ) ;
#1664 = AXIS2_PLACEMENT_3D ( 'NONE', #1962, #4448, #990 ) ;
#1665 = EDGE_CURVE ( 'NONE', #375, #451, #2343, .T. ) ;
#1666 = MECHANICAL_DESIGN_GEOMETRIC_PRESENTATION_REPRESENTATION (  '', ( #113 ), #2003 ) ;
#1667 = LINE ( 'NONE', #3817, #2528 ) ;
#1668 = FACE_OUTER_BOUND ( 'NONE', #6172, .T. ) ;
#1669 = CARTESIAN_POINT ( 'NONE',  ( 0.0000000000000000000, -2.250000000000000000, -3.450000000000000200 ) ) ;
#1670 = VERTEX_POINT ( 'NONE', #2173 ) ;
#1671 = VECTOR ( 'NONE', #4626, 1000.000000000000000 ) ;
#1672 = CARTESIAN_POINT ( 'NONE',  ( -4.950000000000001100, -1.349999999999998500, -0.6099999999999998800 ) ) ;
#1673 = FILL_AREA_STYLE_COLOUR ( '', #3435 ) ;
#1674 = FACE_OUTER_BOUND ( 'NONE', #4047, .T. ) ;
#1675 = EDGE_LOOP ( 'NONE', ( #6402, #423, #4483, #5952 ) ) ;
#1676 = EDGE_CURVE ( 'NONE', #1690, #3404, #869, .T. ) ;
#1677 = FACE_OUTER_BOUND ( 'NONE', #3038, .T. ) ;
#1678 = CARTESIAN_POINT ( 'NONE',  ( -4.400000000000000400, -3.449999999999995700, -3.950000000000002000 ) ) ;
#1679 = CARTESIAN_POINT ( 'NONE',  ( -7.599999999999999600, -4.400000000000000400, -3.950000000000002000 ) ) ;
#1680 = VERTEX_POINT ( 'NONE', #2682 ) ;
#1681 =( GEOMETRIC_REPRESENTATION_CONTEXT ( 3 ) GLOBAL_UNCERTAINTY_ASSIGNED_CONTEXT ( ( #1731 ) ) GLOBAL_UNIT_ASSIGNED_CONTEXT ( ( #3338, #1837, #5270 ) ) REPRESENTATION_CONTEXT ( 'NONE', 'WORKASPACE' ) );
#1682 = DIRECTION ( 'NONE',  ( 0.0000000000000000000, -0.0000000000000000000, 1.000000000000000000 ) ) ;
#1683 = ORIENTED_EDGE ( 'NONE', *, *, #4132, .F. ) ;
#1684 = CARTESIAN_POINT ( 'NONE',  ( -14.40000000000000200, -4.500000000000003600, -4.850000000000002300 ) ) ;
#1685 = CARTESIAN_POINT ( 'NONE',  ( -0.7499999999999988900, -2.100000000000000100, -2.600000000000000100 ) ) ;
#1686 = ORIENTED_EDGE ( 'NONE', *, *, #1002, .T. ) ;
#1687 = FACE_OUTER_BOUND ( 'NONE', #6121, .T. ) ;
#1688 = EDGE_CURVE ( 'NONE', #18, #6379, #3132, .T. ) ;
#1689 = AXIS2_PLACEMENT_3D ( 'NONE', #2961, #5500, #1 ) ;
#1690 = VERTEX_POINT ( 'NONE', #604 ) ;
#1691 = SURFACE_STYLE_FILL_AREA ( #2115 ) ;
#1692 = FACE_OUTER_BOUND ( 'NONE', #4460, .T. ) ;
#1693 = ORIENTED_EDGE ( 'NONE', *, *, #4491, .T. ) ;
#1694 = VECTOR ( 'NONE', #149, 1000.000000000000000 ) ;
#1695 = CARTESIAN_POINT ( 'NONE',  ( -6.400000000000000400, -4.200000000000000200, -4.850000000000002300 ) ) ;
#1696 = FILL_AREA_STYLE_COLOUR ( '', #215 ) ;
#1697 = EDGE_LOOP ( 'NONE', ( #6412, #3022, #3429, #2017 ) ) ;
#1698 = PRESENTATION_LAYER_ASSIGNMENT (  '', '', ( #4975 ) ) ;
#1699 = VERTEX_POINT ( 'NONE', #3659 ) ;
#1700 = EDGE_LOOP ( 'NONE', ( #3776, #5801, #1767, #2599 ) ) ;
#1701 = FILL_AREA_STYLE_COLOUR ( '', #2102 ) ;
#1702 = CARTESIAN_POINT ( 'NONE',  ( -3.400000000000001700, -3.449999999999995300, -3.950000000000002000 ) ) ;
#1703 = ORIENTED_EDGE ( 'NONE', *, *, #3004, .F. ) ;
#1704 = PRESENTATION_LAYER_ASSIGNMENT (  '', '', ( #1058 ) ) ;
#1705 = CARTESIAN_POINT ( 'NONE',  ( -14.60000000000000100, -4.200000000000003700, -4.850000000000002300 ) ) ;
#1706 = MECHANICAL_DESIGN_GEOMETRIC_PRESENTATION_REPRESENTATION (  '', ( #3141 ), #1249 ) ;
#1707 = COLOUR_RGB ( '',0.7529411764705882200, 0.7529411764705882200, 0.7529411764705882200 ) ;
#1708 = VERTEX_POINT ( 'NONE', #3637 ) ;
#1709 = ORIENTED_EDGE ( 'NONE', *, *, #2393, .T. ) ;
#1710 = EDGE_CURVE ( 'NONE', #106, #348, #3847, .T. ) ;
#1711 = CARTESIAN_POINT ( 'NONE',  ( -12.60000000000000100, -4.400000000000000400, -3.950000000000002000 ) ) ;
#1712 = CARTESIAN_POINT ( 'NONE',  ( -4.599999999999999600, -4.500000000000000000, -3.850000000000002800 ) ) ;
#1713 = CARTESIAN_POINT ( 'NONE',  ( -4.950000000000001100, -1.349999999999998500, -0.6099999999999998800 ) ) ;
#1714 = VERTEX_POINT ( 'NONE', #5629 ) ;
#1715 = ADVANCED_FACE ( 'NONE', ( #5814, #6199 ), #4712, .T. ) ;
#1716 = PRESENTATION_LAYER_ASSIGNMENT (  '', '', ( #5992 ) ) ;
#1717 = ORIENTED_EDGE ( 'NONE', *, *, #2166, .F. ) ;
#1718 = LINE ( 'NONE', #6328, #4578 ) ;
#1719 = ADVANCED_FACE ( 'NONE', ( #334 ), #722, .F. ) ;
#1720 = LINE ( 'NONE', #5781, #5438 ) ;
#1721 = SURFACE_SIDE_STYLE ('',( #1794 ) ) ;
#1722 = DIRECTION ( 'NONE',  ( -5.645901572429751600E-031, 6.672013369141566200E-016, 1.000000000000000000 ) ) ;
#1723 = LINE ( 'NONE', #277, #4909 ) ;
#1724 = CARTESIAN_POINT ( 'NONE',  ( -6.400000000000000400, -4.500000000000000900, -3.850000000000002800 ) ) ;
#1725 = ORIENTED_EDGE ( 'NONE', *, *, #1416, .T. ) ;
#1726 = EDGE_LOOP ( 'NONE', ( #6358, #589, #3386, #835 ) ) ;
#1727 = ADVANCED_FACE ( 'NONE', ( #4810 ), #4175, .T. ) ;
#1728 = LINE ( 'NONE', #1611, #4042 ) ;
#1729 = ADVANCED_FACE ( 'NONE', ( #5118 ), #230, .F. ) ;
#1730 =( LENGTH_UNIT ( ) NAMED_UNIT ( * ) SI_UNIT ( .MILLI., .METRE. ) );
#1731 = UNCERTAINTY_MEASURE_WITH_UNIT (LENGTH_MEASURE( 1.000000000000000100E-005 ), #3338, 'distance_accuracy_value', 'NONE');
#1732 = VECTOR ( 'NONE', #2385, 1000.000000000000000 ) ;
#1733 = DIRECTION ( 'NONE',  ( -0.0000000000000000000, 0.0000000000000000000, -1.000000000000000000 ) ) ;
#1734 = ORIENTED_EDGE ( 'NONE', *, *, #2574, .F. ) ;
#1735 = EDGE_CURVE ( 'NONE', #6438, #4013, #954, .T. ) ;
#1736 = PRESENTATION_LAYER_ASSIGNMENT (  '', '', ( #5833 ) ) ;
#1737 = COLOUR_RGB ( '',0.7529411764705882200, 0.7529411764705882200, 0.7529411764705882200 ) ;
#1738 = ORIENTED_EDGE ( 'NONE', *, *, #1200, .T. ) ;
#1739 = VECTOR ( 'NONE', #8, 1000.000000000000000 ) ;
#1740 = CARTESIAN_POINT ( 'NONE',  ( -0.5000000000000000000, -4.400000000000001200, -0.2999999999999999300 ) ) ;
#1741 = ORIENTED_EDGE ( 'NONE', *, *, #3905, .F. ) ;
#1742 = CARTESIAN_POINT ( 'NONE',  ( -11.40000000000000000, -4.500000000000002700, -4.850000000000002300 ) ) ;
#1743 = MECHANICAL_DESIGN_GEOMETRIC_PRESENTATION_REPRESENTATION (  '', ( #4467 ), #1420 ) ;
#1744 = DIRECTION ( 'NONE',  ( 0.0000000000000000000, -1.000000000000000000, 0.0000000000000000000 ) ) ;
#1745 = ADVANCED_FACE ( 'NONE', ( #45 ), #4697, .F. ) ;
#1746 = CARTESIAN_POINT ( 'NONE',  ( -7.599999999999999600, -4.500000000000000900, -3.850000000000002800 ) ) ;
#1747 = VECTOR ( 'NONE', #2935, 1000.000000000000000 ) ;
#1748 = CARTESIAN_POINT ( 'NONE',  ( -11.60000000000000100, -4.500000000000002700, -3.850000000000002800 ) ) ;
#1749 = ORIENTED_EDGE ( 'NONE', *, *, #2020, .T. ) ;
#1750 = SURFACE_STYLE_USAGE ( .BOTH. , #335 ) ;
#1751 = VECTOR ( 'NONE', #3519, 1000.000000000000000 ) ;
#1752 = EDGE_CURVE ( 'NONE', #106, #2784, #2175, .T. ) ;
#1753 = MECHANICAL_DESIGN_GEOMETRIC_PRESENTATION_REPRESENTATION (  '', ( #3919 ), #5805 ) ;
#1754 = CARTESIAN_POINT ( 'NONE',  ( -8.400000000000000400, -4.200000000000001100, -4.850000000000002300 ) ) ;
#1755 =( NAMED_UNIT ( * ) SI_UNIT ( $, .STERADIAN. ) SOLID_ANGLE_UNIT ( ) );
#1756 = PLANE ( 'NONE',  #1968 ) ;
#1757 = VERTEX_POINT ( 'NONE', #5730 ) ;
#1758 = PRESENTATION_STYLE_ASSIGNMENT (( #4673 ) ) ;
#1759 = CARTESIAN_POINT ( 'NONE',  ( -10.40000000000000200, -4.200000000000002000, -4.850000000000002300 ) ) ;
#1760 = ORIENTED_EDGE ( 'NONE', *, *, #3150, .F. ) ;
#1761 = UNCERTAINTY_MEASURE_WITH_UNIT (LENGTH_MEASURE( 1.000000000000000100E-005 ), #3981, 'distance_accuracy_value', 'NONE');
#1762 = CARTESIAN_POINT ( 'NONE',  ( -4.599999999999999600, -3.449999999999995700, -3.950000000000002000 ) ) ;
#1763 = CARTESIAN_POINT ( 'NONE',  ( -15.49999999999999600, -4.400000000000008300, -0.2999999999999999300 ) ) ;
#1764 = CARTESIAN_POINT ( 'NONE',  ( -16.00000000000000000, -0.6500000000000069100, -2.149999999999999900 ) ) ;
#1765 = EDGE_CURVE ( 'NONE', #4980, #3404, #2509, .T. ) ;
#1766 = CARTESIAN_POINT ( 'NONE',  ( -14.60000000000000100, -4.200000000000003700, -4.850000000000002300 ) ) ;
#1767 = ORIENTED_EDGE ( 'NONE', *, *, #136, .F. ) ;
#1768 = LINE ( 'NONE', #3201, #3923 ) ;
#1769 = EDGE_CURVE ( 'NONE', #185, #2254, #4329, .T. ) ;
#1770 = ORIENTED_EDGE ( 'NONE', *, *, #2166, .T. ) ;
#1771 = CARTESIAN_POINT ( 'NONE',  ( -4.599999999999999600, -4.500000000000000000, -4.850000000000002300 ) ) ;
#1772 = DIRECTION ( 'NONE',  ( 0.0000000000000000000, 0.0000000000000000000, 1.000000000000000000 ) ) ;
#1773 = CARTESIAN_POINT ( 'NONE',  ( -14.82500000000000100, -1.950000000000000400, 1.950000000000000400 ) ) ;
#1774 = CARTESIAN_POINT ( 'NONE',  ( -11.05000000000000100, -1.800000000000001400, -0.6099999999999999900 ) ) ;
#1775 =( GEOMETRIC_REPRESENTATION_CONTEXT ( 3 ) GLOBAL_UNCERTAINTY_ASSIGNED_CONTEXT ( ( #1289 ) ) GLOBAL_UNIT_ASSIGNED_CONTEXT ( ( #1105, #1123, #5656 ) ) REPRESENTATION_CONTEXT ( 'NONE', 'WORKASPACE' ) );
#1776 = ADVANCED_FACE ( 'NONE', ( #3762 ), #5210, .F. ) ;
#1777 = CARTESIAN_POINT ( 'NONE',  ( -13.60000000000000300, -4.500000000000003600, -4.850000000000002300 ) ) ;
#1778 = PLANE ( 'NONE',  #5459 ) ;
#1779 = SURFACE_STYLE_FILL_AREA ( #1359 ) ;
#1780 = ORIENTED_EDGE ( 'NONE', *, *, #5754, .F. ) ;
#1781 = ORIENTED_EDGE ( 'NONE', *, *, #1665, .T. ) ;
#1782 = LINE ( 'NONE', #5858, #5036 ) ;
#1783 =( NAMED_UNIT ( * ) SI_UNIT ( $, .STERADIAN. ) SOLID_ANGLE_UNIT ( ) );
#1784 =( NAMED_UNIT ( * ) PLANE_ANGLE_UNIT ( ) SI_UNIT ( $, .RADIAN. ) );
#1785 = DIRECTION ( 'NONE',  ( -1.000000000000000000, 0.0000000000000000000, 0.0000000000000000000 ) ) ;
#1786 = EDGE_CURVE ( 'NONE', #6370, #5213, #35, .T. ) ;
#1787 = ORIENTED_EDGE ( 'NONE', *, *, #3477, .F. ) ;
#1788 = CARTESIAN_POINT ( 'NONE',  ( -1.599999999999999600, -3.449999999999994400, -3.950000000000002000 ) ) ;
#1789 = DIRECTION ( 'NONE',  ( 0.0000000000000000000, -1.971276677246371500E-016, -1.000000000000000000 ) ) ;
#1790 = PRESENTATION_STYLE_ASSIGNMENT (( #2645 ) ) ;
#1791 =( GEOMETRIC_REPRESENTATION_CONTEXT ( 3 ) GLOBAL_UNCERTAINTY_ASSIGNED_CONTEXT ( ( #3885 ) ) GLOBAL_UNIT_ASSIGNED_CONTEXT ( ( #4375, #2411, #3872 ) ) REPRESENTATION_CONTEXT ( 'NONE', 'WORKASPACE' ) );
#1792 = MECHANICAL_DESIGN_GEOMETRIC_PRESENTATION_REPRESENTATION (  '', ( #5296 ), #6305 ) ;
#1793 = EDGE_CURVE ( 'NONE', #534, #5744, #1410, .T. ) ;
#1794 = SURFACE_STYLE_FILL_AREA ( #4754 ) ;
#1795 = DIRECTION ( 'NONE',  ( -0.0000000000000000000, 1.000000000000000000, 0.0000000000000000000 ) ) ;
#1796 = ORIENTED_EDGE ( 'NONE', *, *, #3488, .F. ) ;
#1797 = DIRECTION ( 'NONE',  ( 0.0000000000000000000, 0.0000000000000000000, -1.000000000000000000 ) ) ;
#1798 = SURFACE_STYLE_FILL_AREA ( #5464 ) ;
#1799 = LINE ( 'NONE', #4423, #3203 ) ;
#1800 = FILL_AREA_STYLE_COLOUR ( '', #1579 ) ;
#1801 =( LENGTH_UNIT ( ) NAMED_UNIT ( * ) SI_UNIT ( .MILLI., .METRE. ) );
#1802 = EDGE_CURVE ( 'NONE', #353, #1534, #2095, .T. ) ;
#1803 =( NAMED_UNIT ( * ) PLANE_ANGLE_UNIT ( ) SI_UNIT ( $, .RADIAN. ) );
#1804 = VECTOR ( 'NONE', #4152, 1000.000000000000000 ) ;
#1805 = ORIENTED_EDGE ( 'NONE', *, *, #517, .F. ) ;
#1806 = VECTOR ( 'NONE', #2499, 1000.000000000000000 ) ;
#1807 = CARTESIAN_POINT ( 'NONE',  ( -0.5000000000000000000, -2.450000000000007300, 1.940000000000000400 ) ) ;
#1808 = PLANE ( 'NONE',  #4222 ) ;
#1809 = CARTESIAN_POINT ( 'NONE',  ( -14.40000000000000200, -4.200000000000003700, -4.850000000000002300 ) ) ;
#1810 = LINE ( 'NONE', #5872, #1975 ) ;
#1811 = SURFACE_STYLE_FILL_AREA ( #4190 ) ;
#1812 = CARTESIAN_POINT ( 'NONE',  ( -5.399999999999999500, -4.200000000000000200, -3.950000000000002000 ) ) ;
#1813 = ADVANCED_FACE ( 'NONE', ( #5974 ), #5271, .F. ) ;
#1814 = VERTEX_POINT ( 'NONE', #3217 ) ;
#1815 = PLANE ( 'NONE',  #391 ) ;
#1816 = PRESENTATION_STYLE_ASSIGNMENT (( #2215 ) ) ;
#1817 = PRESENTATION_STYLE_ASSIGNMENT (( #5041 ) ) ;
#1818 = DIRECTION ( 'NONE',  ( 0.0000000000000000000, 0.0000000000000000000, -1.000000000000000000 ) ) ;
#1819 = CARTESIAN_POINT ( 'NONE',  ( -12.40000000000000200, -4.200000000000002800, -3.950000000000002000 ) ) ;
#1820 = ADVANCED_FACE ( 'NONE', ( #1954 ), #687, .F. ) ;
#1821 = DIRECTION ( 'NONE',  ( 0.0000000000000000000, 0.0000000000000000000, -1.000000000000000000 ) ) ;
#1822 = DIRECTION ( 'NONE',  ( 1.000000000000000000, 0.0000000000000000000, -0.0000000000000000000 ) ) ;
#1823 = VECTOR ( 'NONE', #939, 1000.000000000000000 ) ;
#1824 = CARTESIAN_POINT ( 'NONE',  ( -0.7499999999999997800, -3.649999999999999900, 1.950000000000000400 ) ) ;
#1825 = CARTESIAN_POINT ( 'NONE',  ( -1.599999999999999600, -4.499999999999998200, -3.850000000000002800 ) ) ;
#1826 = ORIENTED_EDGE ( 'NONE', *, *, #3103, .T. ) ;
#1827 = DIRECTION ( 'NONE',  ( 1.000000000000000000, 0.0000000000000000000, 0.0000000000000000000 ) ) ;
#1828 = CARTESIAN_POINT ( 'NONE',  ( -6.599999999999999600, -4.500000000000000900, -4.850000000000002300 ) ) ;
#1829 = ORIENTED_EDGE ( 'NONE', *, *, #1126, .T. ) ;
#1830 = VECTOR ( 'NONE', #1365, 1000.000000000000000 ) ;
#1831 = DIRECTION ( 'NONE',  ( 0.0000000000000000000, 0.0000000000000000000, 1.000000000000000000 ) ) ;
#1832 = ORIENTED_EDGE ( 'NONE', *, *, #1244, .F. ) ;
#1833 =( GEOMETRIC_REPRESENTATION_CONTEXT ( 3 ) GLOBAL_UNCERTAINTY_ASSIGNED_CONTEXT ( ( #1169 ) ) GLOBAL_UNIT_ASSIGNED_CONTEXT ( ( #3371, #2295, #5827 ) ) REPRESENTATION_CONTEXT ( 'NONE', 'WORKASPACE' ) );
#1834 = VERTEX_POINT ( 'NONE', #591 ) ;
#1835 = DIRECTION ( 'NONE',  ( 1.000000000000000000, -0.0000000000000000000, -0.0000000000000000000 ) ) ;
#1836 = EDGE_CURVE ( 'NONE', #4105, #4812, #628, .T. ) ;
#1837 =( NAMED_UNIT ( * ) PLANE_ANGLE_UNIT ( ) SI_UNIT ( $, .RADIAN. ) );
#1838 = DIRECTION ( 'NONE',  ( -8.462065736472233800E-016, 1.000000000000000000, -1.057758217059032200E-016 ) ) ;
#1839 = MECHANICAL_DESIGN_GEOMETRIC_PRESENTATION_REPRESENTATION (  '', ( #4341 ), #4209 ) ;
#1840 = ORIENTED_EDGE ( 'NONE', *, *, #3474, .F. ) ;
#1841 = DIRECTION ( 'NONE',  ( 1.000000000000000000, -0.0000000000000000000, -0.0000000000000000000 ) ) ;
#1842 = CARTESIAN_POINT ( 'NONE',  ( -13.60000000000000300, -4.500000000000003600, -3.850000000000002800 ) ) ;
#1843 = AXIS2_PLACEMENT_3D ( 'NONE', #2969, #1434, #3942 ) ;
#1844 = DIRECTION ( 'NONE',  ( 1.000000000000000000, -0.0000000000000000000, -0.0000000000000000000 ) ) ;
#1845 = DIRECTION ( 'NONE',  ( -1.000000000000000000, 0.0000000000000000000, -0.0000000000000000000 ) ) ;
#1846 = ORIENTED_EDGE ( 'NONE', *, *, #4388, .F. ) ;
#1847 = ORIENTED_EDGE ( 'NONE', *, *, #6273, .T. ) ;
#1848 =( LENGTH_UNIT ( ) NAMED_UNIT ( * ) SI_UNIT ( .MILLI., .METRE. ) );
#1849 =( NAMED_UNIT ( * ) SI_UNIT ( $, .STERADIAN. ) SOLID_ANGLE_UNIT ( ) );
#1850 = UNCERTAINTY_MEASURE_WITH_UNIT (LENGTH_MEASURE( 1.000000000000000100E-005 ), #4348, 'distance_accuracy_value', 'NONE');
#1851 = FILL_AREA_STYLE_COLOUR ( '', #3811 ) ;
#1852 = ORIENTED_EDGE ( 'NONE', *, *, #6185, .T. ) ;
#1853 = DIRECTION ( 'NONE',  ( 1.000000000000000000, 0.0000000000000000000, -0.0000000000000000000 ) ) ;
#1854 = ORIENTED_EDGE ( 'NONE', *, *, #5501, .F. ) ;
#1855 =( LENGTH_UNIT ( ) NAMED_UNIT ( * ) SI_UNIT ( .MILLI., .METRE. ) );
#1856 = AXIS2_PLACEMENT_3D ( 'NONE', #2416, #5395, #6361 ) ;
#1857 = CARTESIAN_POINT ( 'NONE',  ( -14.40000000000000200, -4.500000000000003600, -4.850000000000002300 ) ) ;
#1858 = VERTEX_POINT ( 'NONE', #3774 ) ;
#1859 = DIRECTION ( 'NONE',  ( -1.000000000000000000, -0.0000000000000000000, -0.0000000000000000000 ) ) ;
#1860 = COLOUR_RGB ( '',0.7529411764705882200, 0.7529411764705882200, 0.7529411764705882200 ) ;
#1861 = CARTESIAN_POINT ( 'NONE',  ( -15.69999999999999600, -4.500000000000007100, 1.940000000000000600 ) ) ;
#1862 =( NAMED_UNIT ( * ) SI_UNIT ( $, .STERADIAN. ) SOLID_ANGLE_UNIT ( ) );
#1863 = CARTESIAN_POINT ( 'NONE',  ( -10.60000000000000100, -4.200000000000002000, -4.850000000000002300 ) ) ;
#1864 = ADVANCED_FACE ( 'NONE', ( #2335 ), #3315, .T. ) ;
#1865 =( GEOMETRIC_REPRESENTATION_CONTEXT ( 3 ) GLOBAL_UNCERTAINTY_ASSIGNED_CONTEXT ( ( #6055 ) ) GLOBAL_UNIT_ASSIGNED_CONTEXT ( ( #2851, #3357, #2491 ) ) REPRESENTATION_CONTEXT ( 'NONE', 'WORKASPACE' ) );
#1866 = CARTESIAN_POINT ( 'NONE',  ( -0.5000000000000000000, -2.326752072262516500E-016, -2.149999999999999900 ) ) ;
#1867 = VECTOR ( 'NONE', #1797, 1000.000000000000000 ) ;
#1868 = ORIENTED_EDGE ( 'NONE', *, *, #5128, .T. ) ;
#1869 = EDGE_LOOP ( 'NONE', ( #1412, #3119, #5655, #343, #5174, #3265 ) ) ;
#1870 = CARTESIAN_POINT ( 'NONE',  ( -0.5000000000000000000, -4.500000000000000900, -0.2599999999999996200 ) ) ;
#1871 = DIRECTION ( 'NONE',  ( 0.0000000000000000000, 0.0000000000000000000, -1.000000000000000000 ) ) ;
#1872 = LINE ( 'NONE', #6425, #6423 ) ;
#1873 = ORIENTED_EDGE ( 'NONE', *, *, #3884, .T. ) ;
#1874 = CARTESIAN_POINT ( 'NONE',  ( -1.399999999999999500, -4.400000000000000400, -3.750000000000004900 ) ) ;
#1875 = VECTOR ( 'NONE', #2468, 1000.000000000000000 ) ;
#1876 = DIRECTION ( 'NONE',  ( 0.0000000000000000000, -1.000000000000000000, -2.224004456380521900E-016 ) ) ;
#1877 = VECTOR ( 'NONE', #2177, 1000.000000000000000 ) ;
#1878 = CARTESIAN_POINT ( 'NONE',  ( -14.82500000000000100, -2.100000000000000100, -4.173411897755954700 ) ) ;
#1879 = DIRECTION ( 'NONE',  ( 0.0000000000000000000, -1.000000000000000000, 0.0000000000000000000 ) ) ;
#1880 = COLOUR_RGB ( '',0.7529411764705882200, 0.7529411764705882200, 0.7529411764705882200 ) ;
#1881 = ORIENTED_EDGE ( 'NONE', *, *, #5647, .F. ) ;
#1882 = VECTOR ( 'NONE', #2801, 1000.000000000000000 ) ;
#1883 = COLOUR_RGB ( '',0.7529411764705882200, 0.7529411764705882200, 0.7529411764705882200 ) ;
#1884 = VECTOR ( 'NONE', #6397, 1000.000000000000000 ) ;
#1885 = EDGE_CURVE ( 'NONE', #18, #1757, #248, .T. ) ;
#1886 = AXIS2_PLACEMENT_3D ( 'NONE', #3975, #3379, #1929 ) ;
#1887 =( NAMED_UNIT ( * ) PLANE_ANGLE_UNIT ( ) SI_UNIT ( $, .RADIAN. ) );
#1888 = DIRECTION ( 'NONE',  ( 1.000000000000000000, -0.0000000000000000000, -0.0000000000000000000 ) ) ;
#1889 = CARTESIAN_POINT ( 'NONE',  ( -10.60000000000000100, -4.200000000000002000, -3.950000000000002000 ) ) ;
#1890 = CARTESIAN_POINT ( 'NONE',  ( -0.5000000000000000000, -3.750000000000000900, -0.2599999999999996800 ) ) ;
#1891 = LINE ( 'NONE', #5812, #5913 ) ;
#1892 = DIRECTION ( 'NONE',  ( 0.0000000000000000000, -1.000000000000000000, 0.0000000000000000000 ) ) ;
#1893 = DIRECTION ( 'NONE',  ( 1.000000000000000000, -0.0000000000000000000, -0.0000000000000000000 ) ) ;
#1894 = VECTOR ( 'NONE', #3759, 1000.000000000000000 ) ;
#1895 = CARTESIAN_POINT ( 'NONE',  ( -8.400000000000000400, -4.500000000000001800, -3.850000000000002800 ) ) ;
#1896 = CARTESIAN_POINT ( 'NONE',  ( -9.400000000000002100, -4.500000000000001800, -4.850000000000002300 ) ) ;
#1897 = VECTOR ( 'NONE', #2308, 1000.000000000000000 ) ;
#1898 = EDGE_CURVE ( 'NONE', #3898, #1362, #4890, .T. ) ;
#1899 = MECHANICAL_DESIGN_GEOMETRIC_PRESENTATION_REPRESENTATION (  '', ( #6416 ), #768 ) ;
#1900 = ORIENTED_EDGE ( 'NONE', *, *, #132, .T. ) ;
#1901 = CARTESIAN_POINT ( 'NONE',  ( -3.849999999999999200, -1.800000000000000700, -0.04999999999999969700 ) ) ;
#1902 = LINE ( 'NONE', #5609, #4744 ) ;
#1903 = DIRECTION ( 'NONE',  ( 0.0000000000000000000, 0.0000000000000000000, 1.000000000000000000 ) ) ;
#1904 = VECTOR ( 'NONE', #109, 1000.000000000000000 ) ;
#1905 = EDGE_CURVE ( 'NONE', #1462, #5984, #2032, .T. ) ;
#1906 = FACE_OUTER_BOUND ( 'NONE', #1440, .T. ) ;
#1907 = VERTEX_POINT ( 'NONE', #5366 ) ;
#1908 = LINE ( 'NONE', #2566, #6304 ) ;
#1909 = CARTESIAN_POINT ( 'NONE',  ( -14.60000000000000100, -4.200000000000003700, -4.850000000000002300 ) ) ;
#1910 = CARTESIAN_POINT ( 'NONE',  ( -11.60000000000000100, -4.200000000000002000, -3.950000000000002000 ) ) ;
#1911 = SURFACE_STYLE_USAGE ( .BOTH. , #6464 ) ;
#1912 = EDGE_CURVE ( 'NONE', #1834, #4969, #1946, .T. ) ;
#1913 = EDGE_LOOP ( 'NONE', ( #754, #1703, #880, #4559 ) ) ;
#1914 = CARTESIAN_POINT ( 'NONE',  ( -1.599999999999999600, -4.199999999999998400, -4.050000000000002500 ) ) ;
#1915 = EDGE_LOOP ( 'NONE', ( #4527, #2555, #2492, #5073 ) ) ;
#1916 = SURFACE_STYLE_FILL_AREA ( #5455 ) ;
#1917 = CARTESIAN_POINT ( 'NONE',  ( -15.69999999999999900, -3.750000000000007100, 1.300000000000000300 ) ) ;
#1918 = PRESENTATION_LAYER_ASSIGNMENT (  '', '', ( #2927 ) ) ;
#1919 = FILL_AREA_STYLE_COLOUR ( '', #1141 ) ;
#1920 = CARTESIAN_POINT ( 'NONE',  ( -7.599999999999999600, -4.200000000000000200, -4.850000000000002300 ) ) ;
#1921 = ORIENTED_EDGE ( 'NONE', *, *, #1836, .F. ) ;
#1922 = VECTOR ( 'NONE', #2322, 1000.000000000000000 ) ;
#1923 = ORIENTED_EDGE ( 'NONE', *, *, #2053, .F. ) ;
#1924 = DIRECTION ( 'NONE',  ( 1.000000000000000000, -0.0000000000000000000, -0.0000000000000000000 ) ) ;
#1925 = ADVANCED_FACE ( 'NONE', ( #6440 ), #2345, .T. ) ;
#1926 = SURFACE_STYLE_FILL_AREA ( #54 ) ;
#1927 = PLANE ( 'NONE',  #1664 ) ;
#1928 = VERTEX_POINT ( 'NONE', #4297 ) ;
#1929 = DIRECTION ( 'NONE',  ( 1.000000000000000000, 0.0000000000000000000, -0.0000000000000000000 ) ) ;
#1930 = SURFACE_STYLE_FILL_AREA ( #2356 ) ;
#1931 = ORIENTED_EDGE ( 'NONE', *, *, #3207, .F. ) ;
#1932 = LINE ( 'NONE', #2573, #5632 ) ;
#1933 = CARTESIAN_POINT ( 'NONE',  ( -15.49999999999999600, -2.250000000000006200, -4.049999999999999800 ) ) ;
#1934 =( LENGTH_UNIT ( ) NAMED_UNIT ( * ) SI_UNIT ( .MILLI., .METRE. ) );
#1935 = EDGE_CURVE ( 'NONE', #1159, #2799, #406, .T. ) ;
#1936 = VERTEX_POINT ( 'NONE', #872 ) ;
#1937 = DIRECTION ( 'NONE',  ( -8.462065736472233800E-016, 1.000000000000000000, -1.057758217059032200E-016 ) ) ;
#1938 = EDGE_CURVE ( 'NONE', #3618, #3636, #5037, .T. ) ;
#1939 = ORIENTED_EDGE ( 'NONE', *, *, #1735, .F. ) ;
#1940 = PRESENTATION_LAYER_ASSIGNMENT (  '', '', ( #121 ) ) ;
#1941 = ORIENTED_EDGE ( 'NONE', *, *, #3302, .T. ) ;
#1942 = ORIENTED_EDGE ( 'NONE', *, *, #5211, .F. ) ;
#1943 = COLOUR_RGB ( '',0.7529411764705882200, 0.7529411764705882200, 0.7529411764705882200 ) ;
#1944 = FACE_OUTER_BOUND ( 'NONE', #373, .T. ) ;
#1945 = VECTOR ( 'NONE', #6213, 1000.000000000000000 ) ;
#1946 = LINE ( 'NONE', #3287, #1562 ) ;
#1947 = CARTESIAN_POINT ( 'NONE',  ( -1.399999999999999500, -4.199999999999998400, -3.950000000000002000 ) ) ;
#1948 = ADVANCED_FACE ( 'NONE', ( #477 ), #6338, .F. ) ;
#1949 = SURFACE_STYLE_USAGE ( .BOTH. , #4435 ) ;
#1950 = ORIENTED_EDGE ( 'NONE', *, *, #5485, .T. ) ;
#1951 = LINE ( 'NONE', #4244, #484 ) ;
#1952 =( GEOMETRIC_REPRESENTATION_CONTEXT ( 3 ) GLOBAL_UNCERTAINTY_ASSIGNED_CONTEXT ( ( #3213 ) ) GLOBAL_UNIT_ASSIGNED_CONTEXT ( ( #3269, #5756, #2815 ) ) REPRESENTATION_CONTEXT ( 'NONE', 'WORKASPACE' ) );
#1953 = FILL_AREA_STYLE_COLOUR ( '', #5369 ) ;
#1954 = FACE_OUTER_BOUND ( 'NONE', #6326, .T. ) ;
#1955 = CARTESIAN_POINT ( 'NONE',  ( -14.40000000000000200, -3.450000000000000200, -3.950000000000002000 ) ) ;
#1956 = ORIENTED_EDGE ( 'NONE', *, *, #2018, .F. ) ;
#1957 = FACE_OUTER_BOUND ( 'NONE', #4273, .T. ) ;
#1958 = DIRECTION ( 'NONE',  ( 1.000000000000000000, 0.0000000000000000000, 0.0000000000000000000 ) ) ;
#1959 = CARTESIAN_POINT ( 'NONE',  ( -1.599999999999999600, -4.400000000000000400, -3.750000000000004900 ) ) ;
#1960 = EDGE_CURVE ( 'NONE', #5213, #6455, #3926, .T. ) ;
#1961 = ORIENTED_EDGE ( 'NONE', *, *, #3938, .T. ) ;
#1962 = CARTESIAN_POINT ( 'NONE',  ( -12.60000000000000100, -4.200000000000002800, -4.850000000000002300 ) ) ;
#1963 = DIRECTION ( 'NONE',  ( 1.000000000000000000, -0.0000000000000000000, -0.0000000000000000000 ) ) ;
#1964 =( NAMED_UNIT ( * ) PLANE_ANGLE_UNIT ( ) SI_UNIT ( $, .RADIAN. ) );
#1965 = EDGE_CURVE ( 'NONE', #5215, #5955, #3451, .T. ) ;
#1966 = CARTESIAN_POINT ( 'NONE',  ( -8.600000000000001400, -4.500000000000001800, -4.850000000000002300 ) ) ;
#1967 = ORIENTED_EDGE ( 'NONE', *, *, #5822, .T. ) ;
#1968 = AXIS2_PLACEMENT_3D ( 'NONE', #5832, #320, #3756 ) ;
#1969 = VECTOR ( 'NONE', #3345, 1000.000000000000000 ) ;
#1970 = VECTOR ( 'NONE', #6002, 1000.000000000000000 ) ;
#1971 = DIRECTION ( 'NONE',  ( 0.0000000000000000000, 0.0000000000000000000, -1.000000000000000000 ) ) ;
#1972 =( NAMED_UNIT ( * ) SI_UNIT ( $, .STERADIAN. ) SOLID_ANGLE_UNIT ( ) );
#1973 = PRESENTATION_LAYER_ASSIGNMENT (  '', '', ( #6406 ) ) ;
#1974 = UNCERTAINTY_MEASURE_WITH_UNIT (LENGTH_MEASURE( 1.000000000000000100E-005 ), #3008, 'distance_accuracy_value', 'NONE');
#1975 = VECTOR ( 'NONE', #6377, 1000.000000000000000 ) ;
#1976 = FILL_AREA_STYLE ('',( #982 ) ) ;
#1977 = COLOUR_RGB ( '',0.7529411764705882200, 0.7529411764705882200, 0.7529411764705882200 ) ;
#1978 =( NAMED_UNIT ( * ) PLANE_ANGLE_UNIT ( ) SI_UNIT ( $, .RADIAN. ) );
#1979 = VECTOR ( 'NONE', #3911, 1000.000000000000000 ) ;
#1980 = DIRECTION ( 'NONE',  ( 0.0000000000000000000, 0.7071067811865470200, 0.7071067811865481300 ) ) ;
#1981 = ORIENTED_EDGE ( 'NONE', *, *, #5408, .F. ) ;
#1982 = LINE ( 'NONE', #846, #888 ) ;
#1983 = VECTOR ( 'NONE', #2037, 1000.000000000000000 ) ;
#1984 = DIRECTION ( 'NONE',  ( 1.000000000000000000, -0.0000000000000000000, -0.0000000000000000000 ) ) ;
#1985 = ORIENTED_EDGE ( 'NONE', *, *, #6364, .T. ) ;
#1986 = ORIENTED_EDGE ( 'NONE', *, *, #5685, .F. ) ;
#1987 = LINE ( 'NONE', #5901, #4844 ) ;
#1988 = PLANE ( 'NONE',  #637 ) ;
#1989 = EDGE_CURVE ( 'NONE', #5902, #2979, #3684, .T. ) ;
#1990 = ORIENTED_EDGE ( 'NONE', *, *, #2018, .T. ) ;
#1991 = COLOUR_RGB ( '',0.7529411764705882200, 0.7529411764705882200, 0.7529411764705882200 ) ;
#1992 = ADVANCED_FACE ( 'NONE', ( #48 ), #6247, .F. ) ;
#1993 = CARTESIAN_POINT ( 'NONE',  ( -0.6999999999999998400, -1.300000000000000500, 1.950000000000000400 ) ) ;
#1994 = VERTEX_POINT ( 'NONE', #6339 ) ;
#1995 = CARTESIAN_POINT ( 'NONE',  ( -0.5000000000000000000, -4.400000000000001200, -0.2999999999999999300 ) ) ;
#1996 = EDGE_CURVE ( 'NONE', #3757, #5876, #2455, .T. ) ;
#1997 = ORIENTED_EDGE ( 'NONE', *, *, #5824, .F. ) ;
#1998 = VECTOR ( 'NONE', #2693, 1000.000000000000000 ) ;
#1999 = CARTESIAN_POINT ( 'NONE',  ( -0.6999999999999998400, -1.300000000000000500, -1.799999999999999600 ) ) ;
#2000 = SURFACE_STYLE_USAGE ( .BOTH. , #4937 ) ;
#2001 = ORIENTED_EDGE ( 'NONE', *, *, #1015, .T. ) ;
#2002 = DIRECTION ( 'NONE',  ( -1.000000000000000000, 0.0000000000000000000, 0.0000000000000000000 ) ) ;
#2003 =( GEOMETRIC_REPRESENTATION_CONTEXT ( 3 ) GLOBAL_UNCERTAINTY_ASSIGNED_CONTEXT ( ( #3441 ) ) GLOBAL_UNIT_ASSIGNED_CONTEXT ( ( #3827, #4342, #2757 ) ) REPRESENTATION_CONTEXT ( 'NONE', 'WORKASPACE' ) );
#2004 = VECTOR ( 'NONE', #5493, 1000.000000000000000 ) ;
#2005 = CARTESIAN_POINT ( 'NONE',  ( 0.0000000000000000000, -4.400000000000000400, -4.050000000000002500 ) ) ;
#2006 = CARTESIAN_POINT ( 'NONE',  ( -7.400000000000000400, -4.400000000000000400, -3.950000000000002000 ) ) ;
#2007 = FACE_OUTER_BOUND ( 'NONE', #2687, .T. ) ;
#2008 = ORIENTED_EDGE ( 'NONE', *, *, #1157, .F. ) ;
#2009 = CARTESIAN_POINT ( 'NONE',  ( -4.599999999999999600, -4.200000000000000200, -4.850000000000002300 ) ) ;
#2010 = VERTEX_POINT ( 'NONE', #755 ) ;
#2011 = DIRECTION ( 'NONE',  ( 0.0000000000000000000, 0.7071067811865470200, 0.7071067811865481300 ) ) ;
#2012 = ORIENTED_EDGE ( 'NONE', *, *, #3795, .T. ) ;
#2013 = MECHANICAL_DESIGN_GEOMETRIC_PRESENTATION_REPRESENTATION (  '', ( #4164 ), #5432 ) ;
#2014 = DIRECTION ( 'NONE',  ( 0.0000000000000000000, -1.000000000000000000, 0.0000000000000000000 ) ) ;
#2015 = PRESENTATION_LAYER_ASSIGNMENT (  '', '', ( #2809 ) ) ;
#2016 = CARTESIAN_POINT ( 'NONE',  ( -9.400000000000002100, -4.400000000000000400, -4.050000000000002500 ) ) ;
#2017 = ORIENTED_EDGE ( 'NONE', *, *, #5764, .T. ) ;
#2018 = EDGE_CURVE ( 'NONE', #4072, #2565, #3711, .T. ) ;
#2019 = DIRECTION ( 'NONE',  ( -1.000000000000000000, 0.0000000000000000000, -0.0000000000000000000 ) ) ;
#2020 = EDGE_CURVE ( 'NONE', #4721, #3959, #733, .T. ) ;
#2021 = VERTEX_POINT ( 'NONE', #1232 ) ;
#2022 = DIRECTION ( 'NONE',  ( 0.0000000000000000000, -1.000000000000000000, 0.0000000000000000000 ) ) ;
#2023 = LINE ( 'NONE', #2928, #3995 ) ;
#2024 = ORIENTED_EDGE ( 'NONE', *, *, #3351, .F. ) ;
#2025 = CARTESIAN_POINT ( 'NONE',  ( -1.399999999999999500, -4.199999999999998400, -4.850000000000002300 ) ) ;
#2026 = ADVANCED_FACE ( 'NONE', ( #5000 ), #2735, .T. ) ;
#2027 = VECTOR ( 'NONE', #504, 1000.000000000000000 ) ;
#2028 = ORIENTED_EDGE ( 'NONE', *, *, #2217, .T. ) ;
#2029 = VERTEX_POINT ( 'NONE', #4364 ) ;
#2030 = DIRECTION ( 'NONE',  ( -1.000000000000000000, -8.462065736472233800E-016, 0.0000000000000000000 ) ) ;
#2031 = EDGE_CURVE ( 'NONE', #2316, #5054, #3483, .T. ) ;
#2032 = LINE ( 'NONE', #1343, #4566 ) ;
#2033 = VERTEX_POINT ( 'NONE', #3344 ) ;
#2034 = ORIENTED_EDGE ( 'NONE', *, *, #2686, .F. ) ;
#2035 = SURFACE_STYLE_FILL_AREA ( #1168 ) ;
#2036 = CARTESIAN_POINT ( 'NONE',  ( -15.30000000000000100, -1.300000000000000500, 1.950000000000000400 ) ) ;
#2037 = DIRECTION ( 'NONE',  ( 0.0000000000000000000, 0.7071067811865470200, 0.7071067811865481300 ) ) ;
#2038 = PLANE ( 'NONE',  #5022 ) ;
#2039 = ORIENTED_EDGE ( 'NONE', *, *, #5636, .T. ) ;
#2040 =( GEOMETRIC_REPRESENTATION_CONTEXT ( 3 ) GLOBAL_UNCERTAINTY_ASSIGNED_CONTEXT ( ( #2234 ) ) GLOBAL_UNIT_ASSIGNED_CONTEXT ( ( #549, #3057, #3572 ) ) REPRESENTATION_CONTEXT ( 'NONE', 'WORKASPACE' ) );
#2041 = DIRECTION ( 'NONE',  ( -1.000000000000000000, 0.0000000000000000000, -0.0000000000000000000 ) ) ;
#2042 = VECTOR ( 'NONE', #6189, 1000.000000000000000 ) ;
#2043 = VERTEX_POINT ( 'NONE', #6385 ) ;
#2044 = VECTOR ( 'NONE', #5883, 1000.000000000000000 ) ;
#2045 = COLOUR_RGB ( '',0.7529411764705882200, 0.7529411764705882200, 0.7529411764705882200 ) ;
#2046 = EDGE_CURVE ( 'NONE', #5663, #1282, #1361, .T. ) ;
#2047 = DIRECTION ( 'NONE',  ( -1.000000000000000000, 0.0000000000000000000, 0.0000000000000000000 ) ) ;
#2048 = VERTEX_POINT ( 'NONE', #5856 ) ;
#2049 = COLOUR_RGB ( '',0.7529411764705882200, 0.7529411764705882200, 0.7529411764705882200 ) ;
#2050 = MECHANICAL_DESIGN_GEOMETRIC_PRESENTATION_REPRESENTATION (  '', ( #157 ), #479 ) ;
#2051 = DIRECTION ( 'NONE',  ( 0.0000000000000000000, -1.000000000000000000, -0.0000000000000000000 ) ) ;
#2052 = LINE ( 'NONE', #4310, #5922 ) ;
#2053 = EDGE_CURVE ( 'NONE', #3670, #3437, #2932, .T. ) ;
#2054 = LINE ( 'NONE', #5635, #6396 ) ;
#2055 = ADVANCED_FACE ( 'NONE', ( #3228 ), #2346, .F. ) ;
#2056 = VERTEX_POINT ( 'NONE', #873 ) ;
#2057 = UNCERTAINTY_MEASURE_WITH_UNIT (LENGTH_MEASURE( 1.000000000000000100E-005 ), #1309, 'distance_accuracy_value', 'NONE');
#2058 = VECTOR ( 'NONE', #5112, 1000.000000000000000 ) ;
#2059 = CARTESIAN_POINT ( 'NONE',  ( -1.599999999999999600, -4.499999999999998200, -4.850000000000002300 ) ) ;
#2060 = VECTOR ( 'NONE', #3131, 1000.000000000000000 ) ;
#2061 =( GEOMETRIC_REPRESENTATION_CONTEXT ( 3 ) GLOBAL_UNCERTAINTY_ASSIGNED_CONTEXT ( ( #4205 ) ) GLOBAL_UNIT_ASSIGNED_CONTEXT ( ( #5651, #2614, #4194 ) ) REPRESENTATION_CONTEXT ( 'NONE', 'WORKASPACE' ) );
#2062 = VECTOR ( 'NONE', #4898, 1000.000000000000000 ) ;
#2063 = FILL_AREA_STYLE_COLOUR ( '', #4441 ) ;
#2064 = ORIENTED_EDGE ( 'NONE', *, *, #6316, .T. ) ;
#2065 = SURFACE_STYLE_USAGE ( .BOTH. , #4546 ) ;
#2066 = EDGE_LOOP ( 'NONE', ( #4191, #2091, #5422, #5170, #2159, #2769 ) ) ;
#2067 = COLOUR_RGB ( '',0.7529411764705882200, 0.7529411764705882200, 0.7529411764705882200 ) ;
#2068 = ORIENTED_EDGE ( 'NONE', *, *, #2313, .F. ) ;
#2069 = DIRECTION ( 'NONE',  ( 0.0000000000000000000, 0.0000000000000000000, -1.000000000000000000 ) ) ;
#2070 = PRESENTATION_LAYER_ASSIGNMENT (  '', '', ( #295 ) ) ;
#2071 = VERTEX_POINT ( 'NONE', #1890 ) ;
#2072 = CARTESIAN_POINT ( 'NONE',  ( -12.60000000000000100, -4.500000000000003600, -4.850000000000002300 ) ) ;
#2073 = DIRECTION ( 'NONE',  ( 1.000000000000000000, 0.0000000000000000000, 0.0000000000000000000 ) ) ;
#2074 = ORIENTED_EDGE ( 'NONE', *, *, #1106, .F. ) ;
#2075 = PRESENTATION_STYLE_ASSIGNMENT (( #5354 ) ) ;
#2076 = DIRECTION ( 'NONE',  ( 8.462065736472233800E-016, -1.000000000000000000, -2.710505431213761600E-016 ) ) ;
#2077 = EDGE_CURVE ( 'NONE', #3560, #4344, #2128, .T. ) ;
#2078 = ORIENTED_EDGE ( 'NONE', *, *, #2361, .T. ) ;
#2079 =( GEOMETRIC_REPRESENTATION_CONTEXT ( 3 ) GLOBAL_UNCERTAINTY_ASSIGNED_CONTEXT ( ( #4611 ) ) GLOBAL_UNIT_ASSIGNED_CONTEXT ( ( #6281, #3267, #292 ) ) REPRESENTATION_CONTEXT ( 'NONE', 'WORKASPACE' ) );
#2080 = EDGE_LOOP ( 'NONE', ( #1229, #3366, #1612, #281 ) ) ;
#2081 = ORIENTED_EDGE ( 'NONE', *, *, #5602, .F. ) ;
#2082 = LINE ( 'NONE', #714, #6113 ) ;
#2083 = PLANE ( 'NONE',  #2761 ) ;
#2084 = ORIENTED_EDGE ( 'NONE', *, *, #3958, .F. ) ;
#2085 =( GEOMETRIC_REPRESENTATION_CONTEXT ( 3 ) GLOBAL_UNCERTAINTY_ASSIGNED_CONTEXT ( ( #1551 ) ) GLOBAL_UNIT_ASSIGNED_CONTEXT ( ( #4617, #3181, #1755 ) ) REPRESENTATION_CONTEXT ( 'NONE', 'WORKASPACE' ) );
#2086 = FILL_AREA_STYLE ('',( #4706 ) ) ;
#2087 = CARTESIAN_POINT ( 'NONE',  ( -14.82500000000000100, -0.6000000000000009800, 1.950000000000000400 ) ) ;
#2088 = EDGE_LOOP ( 'NONE', ( #550, #5695, #6015, #3860 ) ) ;
#2089 = DIRECTION ( 'NONE',  ( 0.0000000000000000000, -1.000000000000000000, 0.0000000000000000000 ) ) ;
#2090 = DIRECTION ( 'NONE',  ( 0.0000000000000000000, 0.0000000000000000000, 1.000000000000000000 ) ) ;
#2091 = ORIENTED_EDGE ( 'NONE', *, *, #2053, .T. ) ;
#2092 = LINE ( 'NONE', #2736, #5176 ) ;
#2093 = DIRECTION ( 'NONE',  ( 0.0000000000000000000, 0.0000000000000000000, 1.000000000000000000 ) ) ;
#2094 =( NAMED_UNIT ( * ) SI_UNIT ( $, .STERADIAN. ) SOLID_ANGLE_UNIT ( ) );
#2095 = LINE ( 'NONE', #267, #786 ) ;
#2096 = EDGE_LOOP ( 'NONE', ( #1961, #3971, #1541, #4353, #1787, #229 ) ) ;
#2097 = PLANE ( 'NONE',  #3893 ) ;
#2098 = FACE_OUTER_BOUND ( 'NONE', #329, .T. ) ;
#2099 = EDGE_CURVE ( 'NONE', #2056, #4721, #5682, .T. ) ;
#2100 = EDGE_CURVE ( 'NONE', #5595, #4998, #4517, .T. ) ;
#2101 =( NAMED_UNIT ( * ) PLANE_ANGLE_UNIT ( ) SI_UNIT ( $, .RADIAN. ) );
#2102 = COLOUR_RGB ( '',0.7529411764705882200, 0.7529411764705882200, 0.7529411764705882200 ) ;
#2103 = SURFACE_STYLE_USAGE ( .BOTH. , #4094 ) ;
#2104 = ORIENTED_EDGE ( 'NONE', *, *, #240, .F. ) ;
#2105 = LINE ( 'NONE', #5313, #2352 ) ;
#2106 = VECTOR ( 'NONE', #5967, 1000.000000000000000 ) ;
#2107 = COLOUR_RGB ( '',0.7529411764705882200, 0.7529411764705882200, 0.7529411764705882200 ) ;
#2108 = EDGE_CURVE ( 'NONE', #1282, #1936, #2672, .T. ) ;
#2109 =( NAMED_UNIT ( * ) SI_UNIT ( $, .STERADIAN. ) SOLID_ANGLE_UNIT ( ) );
#2110 = EDGE_CURVE ( 'NONE', #5405, #3635, #358, .T. ) ;
#2111 = AXIS2_PLACEMENT_3D ( 'NONE', #760, #5807, #3356 ) ;
#2112 = ORIENTED_EDGE ( 'NONE', *, *, #2134, .F. ) ;
#2113 = CARTESIAN_POINT ( 'NONE',  ( -0.5000000000000000000, -4.400000000000001200, -0.2999999999999999300 ) ) ;
#2114 = PLANE ( 'NONE',  #3591 ) ;
#2115 = FILL_AREA_STYLE ('',( #6171 ) ) ;
#2116 = ORIENTED_EDGE ( 'NONE', *, *, #2664, .T. ) ;
#2117 = EDGE_CURVE ( 'NONE', #108, #6308, #511, .T. ) ;
#2118 = ORIENTED_EDGE ( 'NONE', *, *, #5252, .T. ) ;
#2119 = AXIS2_PLACEMENT_3D ( 'NONE', #926, #3444, #5928 ) ;
#2120 = DIRECTION ( 'NONE',  ( 0.0000000000000000000, 0.7071067811865470200, 0.7071067811865481300 ) ) ;
#2121 = UNCERTAINTY_MEASURE_WITH_UNIT (LENGTH_MEASURE( 1.000000000000000100E-005 ), #3443, 'distance_accuracy_value', 'NONE');
#2122 = VECTOR ( 'NONE', #3476, 1000.000000000000000 ) ;
#2123 = AXIS2_PLACEMENT_3D ( 'NONE', #2271, #5806, #4385 ) ;
#2124 = DIRECTION ( 'NONE',  ( -0.0000000000000000000, 1.000000000000000000, -1.057758217059032200E-016 ) ) ;
#2125 = EDGE_CURVE ( 'NONE', #1146, #1592, #203, .T. ) ;
#2126 = CARTESIAN_POINT ( 'NONE',  ( -16.00000000000000000, -4.400000000000000400, -4.050000000000002500 ) ) ;
#2127 = PLANE ( 'NONE',  #3377 ) ;
#2128 = LINE ( 'NONE', #3393, #4044 ) ;
#2129 = VECTOR ( 'NONE', #1425, 1000.000000000000000 ) ;
#2130 = SURFACE_STYLE_USAGE ( .BOTH. , #3108 ) ;
#2131 = EDGE_LOOP ( 'NONE', ( #1083, #4213, #2959, #5103, #1852, #1990 ) ) ;
#2132 = EDGE_CURVE ( 'NONE', #1478, #4290, #2854, .T. ) ;
#2133 = COLOUR_RGB ( '',0.7529411764705882200, 0.7529411764705882200, 0.7529411764705882200 ) ;
#2134 = EDGE_CURVE ( 'NONE', #4550, #74, #222, .T. ) ;
#2135 = VECTOR ( 'NONE', #1818, 1000.000000000000000 ) ;
#2136 = ORIENTED_EDGE ( 'NONE', *, *, #3871, .T. ) ;
#2137 = PRESENTATION_STYLE_ASSIGNMENT (( #6400 ) ) ;
#2138 = FILL_AREA_STYLE_COLOUR ( '', #1292 ) ;
#2139 = ORIENTED_EDGE ( 'NONE', *, *, #5267, .T. ) ;
#2140 = LINE ( 'NONE', #1684, #2212 ) ;
#2141 = VERTEX_POINT ( 'NONE', #3850 ) ;
#2142 =( LENGTH_UNIT ( ) NAMED_UNIT ( * ) SI_UNIT ( .MILLI., .METRE. ) );
#2143 = FACE_OUTER_BOUND ( 'NONE', #1726, .T. ) ;
#2144 = CARTESIAN_POINT ( 'NONE',  ( -11.60000000000000100, -4.200000000000002000, -4.850000000000002300 ) ) ;
#2145 = PLANE ( 'NONE',  #5979 ) ;
#2146 = LINE ( 'NONE', #4090, #3030 ) ;
#2147 = CARTESIAN_POINT ( 'NONE',  ( -7.400000000000000400, -4.200000000000000200, -4.850000000000002300 ) ) ;
#2148 = DIRECTION ( 'NONE',  ( 0.0000000000000000000, -0.0000000000000000000, 1.000000000000000000 ) ) ;
#2149 = ORIENTED_EDGE ( 'NONE', *, *, #5679, .T. ) ;
#2150 =( GEOMETRIC_REPRESENTATION_CONTEXT ( 3 ) GLOBAL_UNCERTAINTY_ASSIGNED_CONTEXT ( ( #4320 ) ) GLOBAL_UNIT_ASSIGNED_CONTEXT ( ( #1310, #3857, #5786 ) ) REPRESENTATION_CONTEXT ( 'NONE', 'WORKASPACE' ) );
#2151 = SURFACE_STYLE_USAGE ( .BOTH. , #194 ) ;
#2152 = ORIENTED_EDGE ( 'NONE', *, *, #6422, .F. ) ;
#2153 = EDGE_LOOP ( 'NONE', ( #3188, #5335, #1135, #2548 ) ) ;
#2154 = DIRECTION ( 'NONE',  ( -1.000000000000000000, 0.0000000000000000000, 0.0000000000000000000 ) ) ;
#2155 = CARTESIAN_POINT ( 'NONE',  ( -7.599999999999999600, -4.200000000000000200, -3.950000000000002000 ) ) ;
#2156 = ORIENTED_EDGE ( 'NONE', *, *, #3773, .F. ) ;
#2157 = DIRECTION ( 'NONE',  ( 0.0000000000000000000, 0.0000000000000000000, 1.000000000000000000 ) ) ;
#2158 = SURFACE_SIDE_STYLE ('',( #1618 ) ) ;
#2159 = ORIENTED_EDGE ( 'NONE', *, *, #2559, .F. ) ;
#2160 = DIRECTION ( 'NONE',  ( 1.000000000000000000, 0.0000000000000000000, 0.0000000000000000000 ) ) ;
#2161 = EDGE_CURVE ( 'NONE', #847, #5090, #667, .T. ) ;
#2162 = CARTESIAN_POINT ( 'NONE',  ( -4.400000000000000400, -4.200000000000000200, -4.850000000000002300 ) ) ;
#2163 = SURFACE_STYLE_USAGE ( .BOTH. , #3142 ) ;
#2164 = ORIENTED_EDGE ( 'NONE', *, *, #2570, .F. ) ;
#2165 = CARTESIAN_POINT ( 'NONE',  ( -0.2999999999999998200, -1.300000000000000500, -1.799999999999999600 ) ) ;
#2166 = EDGE_CURVE ( 'NONE', #1467, #6478, #5223, .T. ) ;
#2167 = ORIENTED_EDGE ( 'NONE', *, *, #5522, .T. ) ;
#2168 = CARTESIAN_POINT ( 'NONE',  ( -15.24999999999999800, -3.650000000000000400, -2.600000000000000100 ) ) ;
#2169 = ADVANCED_FACE ( 'NONE', ( #6028 ), #2865, .F. ) ;
#2170 = MECHANICAL_DESIGN_GEOMETRIC_PRESENTATION_REPRESENTATION (  '', ( #121 ), #3539 ) ;
#2171 = ORIENTED_EDGE ( 'NONE', *, *, #3302, .F. ) ;
#2172 = ORIENTED_EDGE ( 'NONE', *, *, #876, .F. ) ;
#2173 = CARTESIAN_POINT ( 'NONE',  ( -0.3000000000000000400, -3.750000000000000900, 1.300000000000000300 ) ) ;
#2174 = CARTESIAN_POINT ( 'NONE',  ( -10.40000000000000200, -4.200000000000002000, -4.850000000000002300 ) ) ;
#2175 = LINE ( 'NONE', #1251, #4979 ) ;
#2176 = ORIENTED_EDGE ( 'NONE', *, *, #1769, .T. ) ;
#2177 = DIRECTION ( 'NONE',  ( 1.000000000000000000, -0.0000000000000000000, -0.0000000000000000000 ) ) ;
#2178 = CARTESIAN_POINT ( 'NONE',  ( -8.400000000000000400, -4.500000000000001800, -4.850000000000002300 ) ) ;
#2179 = CARTESIAN_POINT ( 'NONE',  ( -4.599999999999999600, -4.200000000000000200, -3.950000000000002000 ) ) ;
#2180 = LINE ( 'NONE', #1115, #1804 ) ;
#2181 = VECTOR ( 'NONE', #1971, 1000.000000000000000 ) ;
#2182 = PRESENTATION_LAYER_ASSIGNMENT (  '', '', ( #176 ) ) ;
#2183 = DIRECTION ( 'NONE',  ( 0.0000000000000000000, 0.7071067811865470200, 0.7071067811865481300 ) ) ;
#2184 = DIRECTION ( 'NONE',  ( 1.000000000000000000, -0.0000000000000000000, -0.0000000000000000000 ) ) ;
#2185 = LINE ( 'NONE', #811, #886 ) ;
#2186 = ORIENTED_EDGE ( 'NONE', *, *, #4128, .F. ) ;
#2187 = PRESENTATION_LAYER_ASSIGNMENT (  '', '', ( #4587 ) ) ;
#2188 = LINE ( 'NONE', #2610, #4588 ) ;
#2189 = STYLED_ITEM ( 'NONE', ( #441 ), #3419 ) ;
#2190 = VECTOR ( 'NONE', #5478, 1000.000000000000000 ) ;
#2191 = DIRECTION ( 'NONE',  ( -0.0000000000000000000, 0.0000000000000000000, 1.000000000000000000 ) ) ;
#2192 = DIRECTION ( 'NONE',  ( -1.000000000000000000, 0.0000000000000000000, -0.0000000000000000000 ) ) ;
#2193 = ORIENTED_EDGE ( 'NONE', *, *, #717, .F. ) ;
#2194 = VECTOR ( 'NONE', #291, 1000.000000000000000 ) ;
#2195 = CARTESIAN_POINT ( 'NONE',  ( -4.950000000000001100, -1.349999999999998500, -0.6099999999999998800 ) ) ;
#2196 = ADVANCED_FACE ( 'NONE', ( #4534 ), #3227, .F. ) ;
#2197 = DIRECTION ( 'NONE',  ( 0.0000000000000000000, 0.0000000000000000000, 1.000000000000000000 ) ) ;
#2198 = COLOUR_RGB ( '',0.0000000000000000000, 0.0000000000000000000, 0.6274509803921568500 ) ;
#2199 = VECTOR ( 'NONE', #2359, 1000.000000000000000 ) ;
#2200 = ORIENTED_EDGE ( 'NONE', *, *, #19, .T. ) ;
#2201 = DIRECTION ( 'NONE',  ( 0.0000000000000000000, 0.0000000000000000000, 1.000000000000000000 ) ) ;
#2202 = VERTEX_POINT ( 'NONE', #4414 ) ;
#2203 = LINE ( 'NONE', #6014, #737 ) ;
#2204 = EDGE_CURVE ( 'NONE', #74, #310, #6160, .T. ) ;
#2205 = ORIENTED_EDGE ( 'NONE', *, *, #1989, .F. ) ;
#2206 = VECTOR ( 'NONE', #3458, 1000.000000000000000 ) ;
#2207 = UNCERTAINTY_MEASURE_WITH_UNIT (LENGTH_MEASURE( 1.000000000000000100E-005 ), #1102, 'distance_accuracy_value', 'NONE');
#2208 = VERTEX_POINT ( 'NONE', #5472 ) ;
#2209 = SURFACE_STYLE_FILL_AREA ( #857 ) ;
#2210 = DIRECTION ( 'NONE',  ( 0.0000000000000000000, -1.000000000000000000, -0.0000000000000000000 ) ) ;
#2211 = ORIENTED_EDGE ( 'NONE', *, *, #2802, .F. ) ;
#2212 = VECTOR ( 'NONE', #5117, 1000.000000000000000 ) ;
#2213 = ORIENTED_EDGE ( 'NONE', *, *, #4737, .F. ) ;
#2214 = CARTESIAN_POINT ( 'NONE',  ( -9.400000000000002100, -4.200000000000001100, -4.850000000000002300 ) ) ;
#2215 = SURFACE_STYLE_USAGE ( .BOTH. , #4103 ) ;
#2216 = COLOUR_RGB ( '',0.7529411764705882200, 0.7529411764705882200, 0.7529411764705882200 ) ;
#2217 = EDGE_CURVE ( 'NONE', #6379, #5157, #6325, .T. ) ;
#2218 =( GEOMETRIC_REPRESENTATION_CONTEXT ( 3 ) GLOBAL_UNCERTAINTY_ASSIGNED_CONTEXT ( ( #4407 ) ) GLOBAL_UNIT_ASSIGNED_CONTEXT ( ( #898, #856, #1393 ) ) REPRESENTATION_CONTEXT ( 'NONE', 'WORKASPACE' ) );
#2219 = VERTEX_POINT ( 'NONE', #4982 ) ;
#2220 = DIRECTION ( 'NONE',  ( 0.0000000000000000000, 1.000000000000000000, 0.0000000000000000000 ) ) ;
#2221 = CARTESIAN_POINT ( 'NONE',  ( -0.2999999999999998200, -1.300000000000000500, -1.799999999999999600 ) ) ;
#2222 = EDGE_CURVE ( 'NONE', #3912, #5179, #3161, .T. ) ;
#2223 = VERTEX_POINT ( 'NONE', #4962 ) ;
#2224 = DIRECTION ( 'NONE',  ( 0.0000000000000000000, -1.000000000000000000, 0.0000000000000000000 ) ) ;
#2225 = CARTESIAN_POINT ( 'NONE',  ( -10.60000000000000100, -4.400000000000000400, -3.750000000000000900 ) ) ;
#2226 = EDGE_CURVE ( 'NONE', #2141, #3375, #5616, .T. ) ;
#2227 = DIRECTION ( 'NONE',  ( 0.0000000000000000000, 1.000000000000000000, 0.0000000000000000000 ) ) ;
#2228 = EDGE_LOOP ( 'NONE', ( #5784, #566, #1067, #6094 ) ) ;
#2229 = DIRECTION ( 'NONE',  ( -0.0000000000000000000, 1.000000000000000000, 0.0000000000000000000 ) ) ;
#2230 = AXIS2_PLACEMENT_3D ( 'NONE', #3980, #6441, #3438 ) ;
#2231 = ADVANCED_FACE ( 'NONE', ( #4676 ), #6174, .F. ) ;
#2232 = ORIENTED_EDGE ( 'NONE', *, *, #2686, .T. ) ;
#2233 = DIRECTION ( 'NONE',  ( 0.0000000000000000000, -1.000000000000000000, -0.0000000000000000000 ) ) ;
#2234 = UNCERTAINTY_MEASURE_WITH_UNIT (LENGTH_MEASURE( 1.000000000000000100E-005 ), #549, 'distance_accuracy_value', 'NONE');
#2235 = EDGE_CURVE ( 'NONE', #5142, #1056, #3100, .T. ) ;
#2236 = ORIENTED_EDGE ( 'NONE', *, *, #2117, .T. ) ;
#2237 = DIRECTION ( 'NONE',  ( 0.0000000000000000000, 0.0000000000000000000, -1.000000000000000000 ) ) ;
#2238 = CARTESIAN_POINT ( 'NONE',  ( -14.40000000000000200, -4.500000000000003600, -3.850000000000002800 ) ) ;
#2239 = VECTOR ( 'NONE', #5725, 1000.000000000000000 ) ;
#2240 = SURFACE_STYLE_FILL_AREA ( #6283 ) ;
#2241 = ORIENTED_EDGE ( 'NONE', *, *, #3106, .F. ) ;
#2242 = FILL_AREA_STYLE_COLOUR ( '', #3930 ) ;
#2243 = STYLED_ITEM ( 'NONE', ( #6284 ), #463 ) ;
#2244 = VERTEX_POINT ( 'NONE', #3626 ) ;
#2245 = EDGE_CURVE ( 'NONE', #5324, #578, #11, .T. ) ;
#2246 = UNCERTAINTY_MEASURE_WITH_UNIT (LENGTH_MEASURE( 1.000000000000000100E-005 ), #5137, 'distance_accuracy_value', 'NONE');
#2247 = VECTOR ( 'NONE', #2817, 1000.000000000000000 ) ;
#2248 = CARTESIAN_POINT ( 'NONE',  ( -12.15000000000000200, -1.950000000000000400, -0.04999999999999969700 ) ) ;
#2249 =( NAMED_UNIT ( * ) SI_UNIT ( $, .STERADIAN. ) SOLID_ANGLE_UNIT ( ) );
#2250 = ADVANCED_FACE ( 'NONE', ( #996 ), #2097, .T. ) ;
#2251 = ADVANCED_FACE ( 'NONE', ( #2612 ), #1808, .F. ) ;
#2252 = CARTESIAN_POINT ( 'NONE',  ( -8.600000000000001400, -4.500000000000001800, -3.850000000000002800 ) ) ;
#2253 = SURFACE_STYLE_FILL_AREA ( #5995 ) ;
#2254 = VERTEX_POINT ( 'NONE', #5309 ) ;
#2255 =( GEOMETRIC_REPRESENTATION_CONTEXT ( 3 ) GLOBAL_UNCERTAINTY_ASSIGNED_CONTEXT ( ( #322 ) ) GLOBAL_UNIT_ASSIGNED_CONTEXT ( ( #6393, #1394, #2792 ) ) REPRESENTATION_CONTEXT ( 'NONE', 'WORKASPACE' ) );
#2256 = CARTESIAN_POINT ( 'NONE',  ( -15.49999999999999600, -4.400000000000007500, 1.950000000000000000 ) ) ;
#2257 = EDGE_LOOP ( 'NONE', ( #4542, #2034, #6312, #1457, #5890, #1290 ) ) ;
#2258 = LINE ( 'NONE', #263, #3135 ) ;
#2259 = LINE ( 'NONE', #3270, #6457 ) ;
#2260 = SURFACE_SIDE_STYLE ('',( #1596 ) ) ;
#2261 = CARTESIAN_POINT ( 'NONE',  ( -12.60000000000000100, -4.400000000000000400, -3.750000000000000000 ) ) ;
#2262 = CARTESIAN_POINT ( 'NONE',  ( -14.60000000000000100, -4.500000000000003600, -4.850000000000002300 ) ) ;
#2263 = ADVANCED_FACE ( 'NONE', ( #1378 ), #1778, .F. ) ;
#2264 = DIRECTION ( 'NONE',  ( 0.0000000000000000000, -1.000000000000000000, 1.057758217059032400E-016 ) ) ;
#2265 = ORIENTED_EDGE ( 'NONE', *, *, #2031, .T. ) ;
#2266 = VECTOR ( 'NONE', #22, 1000.000000000000000 ) ;
#2267 = CARTESIAN_POINT ( 'NONE',  ( -0.2999999999999998200, -2.100000000000000100, -1.799999999999999600 ) ) ;
#2268 =( NAMED_UNIT ( * ) SI_UNIT ( $, .STERADIAN. ) SOLID_ANGLE_UNIT ( ) );
#2269 = COLOUR_RGB ( '',0.7529411764705882200, 0.7529411764705882200, 0.7529411764705882200 ) ;
#2270 = ORIENTED_EDGE ( 'NONE', *, *, #1898, .T. ) ;
#2271 = CARTESIAN_POINT ( 'NONE',  ( -3.849999999999997400, -0.3499999999999993100, -3.449999999999999700 ) ) ;
#2272 = VECTOR ( 'NONE', #1387, 1000.000000000000000 ) ;
#2273 = VECTOR ( 'NONE', #105, 1000.000000000000000 ) ;
#2274 = PLANE ( 'NONE',  #942 ) ;
#2275 = FILL_AREA_STYLE ('',( #6314 ) ) ;
#2276 = FILL_AREA_STYLE ('',( #6320 ) ) ;
#2277 = ORIENTED_EDGE ( 'NONE', *, *, #1765, .T. ) ;
#2278 = VECTOR ( 'NONE', #5511, 1000.000000000000000 ) ;
#2279 = EDGE_CURVE ( 'NONE', #2793, #6438, #6168, .T. ) ;
#2280 = PRESENTATION_LAYER_ASSIGNMENT (  '', '', ( #3172 ) ) ;
#2281 = COLOUR_RGB ( '',0.7529411764705882200, 0.7529411764705882200, 0.7529411764705882200 ) ;
#2282 = PLANE ( 'NONE',  #4243 ) ;
#2283 = VECTOR ( 'NONE', #3450, 1000.000000000000000 ) ;
#2284 = PRESENTATION_STYLE_ASSIGNMENT (( #5569 ) ) ;
#2285 = ADVANCED_FACE ( 'NONE', ( #228 ), #6291, .F. ) ;
#2286 = ORIENTED_EDGE ( 'NONE', *, *, #908, .F. ) ;
#2287 = FACE_OUTER_BOUND ( 'NONE', #6243, .T. ) ;
#2288 = DIRECTION ( 'NONE',  ( 0.0000000000000000000, 0.0000000000000000000, -1.000000000000000000 ) ) ;
#2289 = CARTESIAN_POINT ( 'NONE',  ( -2.600000000000000500, -4.199999999999999300, -4.850000000000002300 ) ) ;
#2290 = ORIENTED_EDGE ( 'NONE', *, *, #2325, .T. ) ;
#2291 = LINE ( 'NONE', #5517, #2135 ) ;
#2292 = ORIENTED_EDGE ( 'NONE', *, *, #4091, .T. ) ;
#2293 = LINE ( 'NONE', #6355, #214 ) ;
#2294 =( NAMED_UNIT ( * ) PLANE_ANGLE_UNIT ( ) SI_UNIT ( $, .RADIAN. ) );
#2295 =( NAMED_UNIT ( * ) PLANE_ANGLE_UNIT ( ) SI_UNIT ( $, .RADIAN. ) );
#2296 = PRESENTATION_STYLE_ASSIGNMENT (( #4885 ) ) ;
#2297 = SURFACE_SIDE_STYLE ('',( #2333 ) ) ;
#2298 =( NAMED_UNIT ( * ) PLANE_ANGLE_UNIT ( ) SI_UNIT ( $, .RADIAN. ) );
#2299 = SURFACE_SIDE_STYLE ('',( #2798 ) ) ;
#2300 = ORIENTED_EDGE ( 'NONE', *, *, #861, .F. ) ;
#2301 = LINE ( 'NONE', #4018, #86 ) ;
#2302 = DIRECTION ( 'NONE',  ( 0.0000000000000000000, 0.0000000000000000000, -1.000000000000000000 ) ) ;
#2303 = PLANE ( 'NONE',  #4370 ) ;
#2304 =( NAMED_UNIT ( * ) SI_UNIT ( $, .STERADIAN. ) SOLID_ANGLE_UNIT ( ) );
#2305 = VECTOR ( 'NONE', #2646, 1000.000000000000000 ) ;
#2306 = ORIENTED_EDGE ( 'NONE', *, *, #3958, .T. ) ;
#2307 = DIRECTION ( 'NONE',  ( 0.0000000000000000000, -1.000000000000000000, 0.0000000000000000000 ) ) ;
#2308 = DIRECTION ( 'NONE',  ( 0.0000000000000000000, -1.000000000000000000, 0.0000000000000000000 ) ) ;
#2309 = VERTEX_POINT ( 'NONE', #1307 ) ;
#2310 =( NAMED_UNIT ( * ) SI_UNIT ( $, .STERADIAN. ) SOLID_ANGLE_UNIT ( ) );
#2311 = PLANE ( 'NONE',  #510 ) ;
#2312 = ORIENTED_EDGE ( 'NONE', *, *, #3058, .T. ) ;
#2313 = EDGE_CURVE ( 'NONE', #2202, #2874, #1891, .T. ) ;
#2314 = CARTESIAN_POINT ( 'NONE',  ( -15.24999999999999800, -3.650000000000000400, -2.600000000000000100 ) ) ;
#2315 = EDGE_CURVE ( 'NONE', #4812, #362, #2185, .T. ) ;
#2316 = VERTEX_POINT ( 'NONE', #6344 ) ;
#2317 = DIRECTION ( 'NONE',  ( 0.0000000000000000000, 1.000000000000000000, 0.0000000000000000000 ) ) ;
#2318 = DIRECTION ( 'NONE',  ( 0.0000000000000000000, -1.000000000000000000, 0.0000000000000000000 ) ) ;
#2319 = CARTESIAN_POINT ( 'NONE',  ( -1.174999999999999800, -2.100000000000000100, -4.173411897755956400 ) ) ;
#2320 = EDGE_CURVE ( 'NONE', #151, #4944, #1044, .T. ) ;
#2321 = AXIS2_PLACEMENT_3D ( 'NONE', #5191, #648, #2120 ) ;
#2322 = DIRECTION ( 'NONE',  ( -1.000000000000000000, -0.0000000000000000000, -0.0000000000000000000 ) ) ;
#2323 = ORIENTED_EDGE ( 'NONE', *, *, #3997, .F. ) ;
#2324 = LINE ( 'NONE', #4961, #1482 ) ;
#2325 = EDGE_CURVE ( 'NONE', #6259, #5179, #4912, .T. ) ;
#2326 = CARTESIAN_POINT ( 'NONE',  ( -14.60000000000000100, -4.500000000000003600, -3.850000000000002800 ) ) ;
#2327 = ORIENTED_EDGE ( 'NONE', *, *, #4204, .T. ) ;
#2328 = SURFACE_STYLE_USAGE ( .BOTH. , #365 ) ;
#2329 = FILL_AREA_STYLE ('',( #1352 ) ) ;
#2330 =( NAMED_UNIT ( * ) PLANE_ANGLE_UNIT ( ) SI_UNIT ( $, .RADIAN. ) );
#2331 = UNCERTAINTY_MEASURE_WITH_UNIT (LENGTH_MEASURE( 1.000000000000000100E-005 ), #630, 'distance_accuracy_value', 'NONE');
#2332 = DIRECTION ( 'NONE',  ( 0.0000000000000000000, -1.000000000000000000, -0.0000000000000000000 ) ) ;
#2333 = SURFACE_STYLE_FILL_AREA ( #3346 ) ;
#2334 = PLANE ( 'NONE',  #167 ) ;
#2335 = FACE_OUTER_BOUND ( 'NONE', #6345, .T. ) ;
#2336 = ORIENTED_EDGE ( 'NONE', *, *, #4252, .T. ) ;
#2337 = CARTESIAN_POINT ( 'NONE',  ( -0.5000000000000000000, -2.450000000000007700, -0.2599999999999997900 ) ) ;
#2338 = ORIENTED_EDGE ( 'NONE', *, *, #3420, .T. ) ;
#2339 = UNCERTAINTY_MEASURE_WITH_UNIT (LENGTH_MEASURE( 1.000000000000000100E-005 ), #1064, 'distance_accuracy_value', 'NONE');
#2340 =( GEOMETRIC_REPRESENTATION_CONTEXT ( 3 ) GLOBAL_UNCERTAINTY_ASSIGNED_CONTEXT ( ( #6343 ) ) GLOBAL_UNIT_ASSIGNED_CONTEXT ( ( #6348, #4950, #950 ) ) REPRESENTATION_CONTEXT ( 'NONE', 'WORKASPACE' ) );
#2341 = CARTESIAN_POINT ( 'NONE',  ( -16.00000000000000000, 8.673617379884033500E-016, 1.950000000000000400 ) ) ;
#2342 = EDGE_CURVE ( 'NONE', #3959, #5989, #4583, .T. ) ;
#2343 = LINE ( 'NONE', #3130, #5518 ) ;
#2344 = ORIENTED_EDGE ( 'NONE', *, *, #526, .T. ) ;
#2345 = PLANE ( 'NONE',  #500 ) ;
#2346 = PLANE ( 'NONE',  #4933 ) ;
#2347 = VECTOR ( 'NONE', #6458, 1000.000000000000000 ) ;
#2348 = DIRECTION ( 'NONE',  ( 0.0000000000000000000, 0.0000000000000000000, -1.000000000000000000 ) ) ;
#2349 = DIRECTION ( 'NONE',  ( 0.0000000000000000000, 0.0000000000000000000, 1.000000000000000000 ) ) ;
#2350 =( NAMED_UNIT ( * ) SI_UNIT ( $, .STERADIAN. ) SOLID_ANGLE_UNIT ( ) );
#2351 = ORIENTED_EDGE ( 'NONE', *, *, #3237, .T. ) ;
#2352 = VECTOR ( 'NONE', #3258, 1000.000000000000000 ) ;
#2353 = AXIS2_PLACEMENT_3D ( 'NONE', #4470, #4965, #1853 ) ;
#2354 = VECTOR ( 'NONE', #2439, 1000.000000000000000 ) ;
#2355 = CARTESIAN_POINT ( 'NONE',  ( -14.60000000000000100, -4.500000000000003600, -4.850000000000002300 ) ) ;
#2356 = FILL_AREA_STYLE ('',( #1851 ) ) ;
#2357 = VECTOR ( 'NONE', #4272, 1000.000000000000000 ) ;
#2358 = VECTOR ( 'NONE', #2789, 1000.000000000000000 ) ;
#2359 = DIRECTION ( 'NONE',  ( 0.0000000000000000000, 1.000000000000000000, 0.0000000000000000000 ) ) ;
#2360 = VERTEX_POINT ( 'NONE', #6311 ) ;
#2361 = EDGE_CURVE ( 'NONE', #1447, #1553, #4735, .T. ) ;
#2362 = LINE ( 'NONE', #5960, #1117 ) ;
#2363 = LINE ( 'NONE', #599, #3398 ) ;
#2364 = SURFACE_SIDE_STYLE ('',( #3219 ) ) ;
#2365 = VECTOR ( 'NONE', #5535, 1000.000000000000000 ) ;
#2366 = LINE ( 'NONE', #3280, #6223 ) ;
#2367 = SURFACE_STYLE_FILL_AREA ( #5005 ) ;
#2368 = ORIENTED_EDGE ( 'NONE', *, *, #27, .T. ) ;
#2369 = LINE ( 'NONE', #4761, #3221 ) ;
#2370 = FILL_AREA_STYLE ('',( #5392 ) ) ;
#2371 = DIRECTION ( 'NONE',  ( 0.0000000000000000000, 1.000000000000000000, 2.409338161078897200E-016 ) ) ;
#2372 = STYLED_ITEM ( 'NONE', ( #5865 ), #2791 ) ;
#2373 = DIRECTION ( 'NONE',  ( -1.000000000000000000, 0.0000000000000000000, 0.0000000000000000000 ) ) ;
#2374 = PLANE ( 'NONE',  #911 ) ;
#2375 = ORIENTED_EDGE ( 'NONE', *, *, #2431, .T. ) ;
#2376 = SURFACE_STYLE_USAGE ( .BOTH. , #5808 ) ;
#2377 = VERTEX_POINT ( 'NONE', #6287 ) ;
#2378 = VECTOR ( 'NONE', #6366, 1000.000000000000000 ) ;
#2379 = PLANE ( 'NONE',  #2545 ) ;
#2380 = ORIENTED_EDGE ( 'NONE', *, *, #3207, .T. ) ;
#2381 = AXIS2_PLACEMENT_3D ( 'NONE', #1523, #2041, #3985 ) ;
#2382 = EDGE_CURVE ( 'NONE', #1016, #440, #3692, .T. ) ;
#2383 = ADVANCED_BREP_SHAPE_REPRESENTATION ( 'SM14B-NSHSS', ( #5972, #4873 ), #1441 ) ;
#2384 = SURFACE_SIDE_STYLE ('',( #2443 ) ) ;
#2385 = DIRECTION ( 'NONE',  ( 0.0000000000000000000, 1.000000000000000000, 0.0000000000000000000 ) ) ;
#2386 = AXIS2_PLACEMENT_3D ( 'NONE', #2267, #2754, #5799 ) ;
#2387 = DIRECTION ( 'NONE',  ( 1.000000000000000000, -0.0000000000000000000, -0.0000000000000000000 ) ) ;
#2388 = PLANE ( 'NONE',  #743 ) ;
#2389 = EDGE_LOOP ( 'NONE', ( #3940, #198, #4449, #763, #6408, #2668 ) ) ;
#2390 =( GEOMETRIC_REPRESENTATION_CONTEXT ( 3 ) GLOBAL_UNCERTAINTY_ASSIGNED_CONTEXT ( ( #5760 ) ) GLOBAL_UNIT_ASSIGNED_CONTEXT ( ( #140, #5141, #2109 ) ) REPRESENTATION_CONTEXT ( 'NONE', 'WORKASPACE' ) );
#2391 = CARTESIAN_POINT ( 'NONE',  ( -15.70000000000000300, -1.300000000000000500, -1.799999999999999600 ) ) ;
#2392 = DIRECTION ( 'NONE',  ( 0.0000000000000000000, 0.7071067811865470200, 0.7071067811865481300 ) ) ;
#2393 = EDGE_CURVE ( 'NONE', #66, #4325, #352, .T. ) ;
#2394 =( NAMED_UNIT ( * ) SI_UNIT ( $, .STERADIAN. ) SOLID_ANGLE_UNIT ( ) );
#2395 = ORIENTED_EDGE ( 'NONE', *, *, #596, .T. ) ;
#2396 = DIRECTION ( 'NONE',  ( 0.0000000000000000000, 0.0000000000000000000, -1.000000000000000000 ) ) ;
#2397 = EDGE_CURVE ( 'NONE', #2010, #1858, #5736, .T. ) ;
#2398 = DIRECTION ( 'NONE',  ( 0.0000000000000000000, 0.0000000000000000000, 1.000000000000000000 ) ) ;
#2399 = ORIENTED_EDGE ( 'NONE', *, *, #5728, .F. ) ;
#2400 =( LENGTH_UNIT ( ) NAMED_UNIT ( * ) SI_UNIT ( .MILLI., .METRE. ) );
#2401 = DIRECTION ( 'NONE',  ( -0.0000000000000000000, 0.0000000000000000000, 1.000000000000000000 ) ) ;
#2402 = MECHANICAL_DESIGN_GEOMETRIC_PRESENTATION_REPRESENTATION (  '', ( #5905 ), #6230 ) ;
#2403 = ADVANCED_FACE ( 'NONE', ( #64 ), #783, .F. ) ;
#2404 = CARTESIAN_POINT ( 'NONE',  ( -16.00000000000000000, -7.002327796404039000E-015, -2.149999999999999900 ) ) ;
#2405 = ORIENTED_EDGE ( 'NONE', *, *, #978, .T. ) ;
#2406 = EDGE_LOOP ( 'NONE', ( #1625, #5080, #2603, #677 ) ) ;
#2407 = CARTESIAN_POINT ( 'NONE',  ( -3.400000000000001700, -4.400000000000000400, -3.950000000000002000 ) ) ;
#2408 = SURFACE_STYLE_USAGE ( .BOTH. , #5355 ) ;
#2409 = ORIENTED_EDGE ( 'NONE', *, *, #5816, .F. ) ;
#2410 = CARTESIAN_POINT ( 'NONE',  ( 0.0000000000000000000, -4.400000000000000400, -4.050000000000002500 ) ) ;
#2411 =( NAMED_UNIT ( * ) PLANE_ANGLE_UNIT ( ) SI_UNIT ( $, .RADIAN. ) );
#2412 = ADVANCED_FACE ( 'NONE', ( #5924 ), #3755, .F. ) ;
#2413 = DIRECTION ( 'NONE',  ( 0.0000000000000000000, 0.7071067811865481300, -0.7071067811865470200 ) ) ;
#2414 = DIRECTION ( 'NONE',  ( 0.0000000000000000000, 0.0000000000000000000, -1.000000000000000000 ) ) ;
#2415 = DIRECTION ( 'NONE',  ( 0.0000000000000000000, 0.0000000000000000000, 1.000000000000000000 ) ) ;
#2416 = CARTESIAN_POINT ( 'NONE',  ( -2.600000000000000500, -4.499999999999999100, -4.850000000000002300 ) ) ;
#2417 = COLOUR_RGB ( '',0.7529411764705882200, 0.7529411764705882200, 0.7529411764705882200 ) ;
#2418 = DIRECTION ( 'NONE',  ( 0.0000000000000000000, 0.0000000000000000000, -1.000000000000000000 ) ) ;
#2419 = CARTESIAN_POINT ( 'NONE',  ( -0.6999999999999998400, -2.100000000000000100, 1.950000000000000400 ) ) ;
#2420 = VECTOR ( 'NONE', #5265, 1000.000000000000000 ) ;
#2421 =( GEOMETRIC_REPRESENTATION_CONTEXT ( 3 ) GLOBAL_UNCERTAINTY_ASSIGNED_CONTEXT ( ( #5652 ) ) GLOBAL_UNIT_ASSIGNED_CONTEXT ( ( #1855, #977, #2498 ) ) REPRESENTATION_CONTEXT ( 'NONE', 'WORKASPACE' ) );
#2422 = ORIENTED_EDGE ( 'NONE', *, *, #2451, .F. ) ;
#2423 = CARTESIAN_POINT ( 'NONE',  ( -14.82500000000000100, -1.950000000000000400, 1.950000000000000400 ) ) ;
#2424 = CARTESIAN_POINT ( 'NONE',  ( -5.399999999999999500, -4.500000000000000000, -3.850000000000002800 ) ) ;
#2425 = AXIS2_PLACEMENT_3D ( 'NONE', #4206, #1187, #6384 ) ;
#2426 = ORIENTED_EDGE ( 'NONE', *, *, #5156, .T. ) ;
#2427 = DIRECTION ( 'NONE',  ( -1.000000000000000000, 0.0000000000000000000, 0.0000000000000000000 ) ) ;
#2428 = DIRECTION ( 'NONE',  ( -1.000000000000000000, 0.0000000000000000000, -0.0000000000000000000 ) ) ;
#2429 = SURFACE_SIDE_STYLE ('',( #1916 ) ) ;
#2430 = DIRECTION ( 'NONE',  ( 0.0000000000000000000, 0.0000000000000000000, 1.000000000000000000 ) ) ;
#2431 = EDGE_CURVE ( 'NONE', #5054, #5997, #6068, .T. ) ;
#2432 = PLANE ( 'NONE',  #262 ) ;
#2433 = VECTOR ( 'NONE', #685, 1000.000000000000000 ) ;
#2434 = FACE_OUTER_BOUND ( 'NONE', #4521, .T. ) ;
#2435 = AXIS2_PLACEMENT_3D ( 'NONE', #6059, #2494, #102 ) ;
#2436 =( NAMED_UNIT ( * ) PLANE_ANGLE_UNIT ( ) SI_UNIT ( $, .RADIAN. ) );
#2437 = DIRECTION ( 'NONE',  ( 0.0000000000000000000, 0.0000000000000000000, 1.000000000000000000 ) ) ;
#2438 = ORIENTED_EDGE ( 'NONE', *, *, #1606, .T. ) ;
#2439 = DIRECTION ( 'NONE',  ( 0.0000000000000000000, -1.000000000000000000, 0.0000000000000000000 ) ) ;
#2440 =( NAMED_UNIT ( * ) SI_UNIT ( $, .STERADIAN. ) SOLID_ANGLE_UNIT ( ) );
#2441 = VECTOR ( 'NONE', #2073, 1000.000000000000000 ) ;
#2442 = ADVANCED_FACE ( 'NONE', ( #3075 ), #838, .F. ) ;
#2443 = SURFACE_STYLE_FILL_AREA ( #3434 ) ;
#2444 = DIRECTION ( 'NONE',  ( -5.645901572429751600E-031, 6.672013369141566200E-016, 1.000000000000000000 ) ) ;
#2445 = ORIENTED_EDGE ( 'NONE', *, *, #5340, .F. ) ;
#2446 = VECTOR ( 'NONE', #4932, 1000.000000000000000 ) ;
#2447 = VECTOR ( 'NONE', #3673, 1000.000000000000000 ) ;
#2448 = CARTESIAN_POINT ( 'NONE',  ( -5.399999999999999500, -4.400000000000000400, -3.950000000000002000 ) ) ;
#2449 = VECTOR ( 'NONE', #3052, 1000.000000000000000 ) ;
#2450 = CARTESIAN_POINT ( 'NONE',  ( -4.400000000000000400, -4.500000000000000000, -3.850000000000002800 ) ) ;
#2451 = EDGE_CURVE ( 'NONE', #1146, #2647, #2054, .T. ) ;
#2452 = ORIENTED_EDGE ( 'NONE', *, *, #596, .F. ) ;
#2453 = LINE ( 'NONE', #3016, #586 ) ;
#2454 = SURFACE_STYLE_USAGE ( .BOTH. , #21 ) ;
#2455 = LINE ( 'NONE', #736, #4602 ) ;
#2456 = ORIENTED_EDGE ( 'NONE', *, *, #1735, .T. ) ;
#2457 = COLOUR_RGB ( '',0.7529411764705882200, 0.7529411764705882200, 0.7529411764705882200 ) ;
#2458 = UNCERTAINTY_MEASURE_WITH_UNIT (LENGTH_MEASURE( 1.000000000000000100E-005 ), #3194, 'distance_accuracy_value', 'NONE');
#2459 = EDGE_CURVE ( 'NONE', #5876, #3636, #1042, .T. ) ;
#2460 = DIRECTION ( 'NONE',  ( -1.000000000000000000, -0.0000000000000000000, -0.0000000000000000000 ) ) ;
#2461 = VERTEX_POINT ( 'NONE', #732 ) ;
#2462 = PRESENTATION_STYLE_ASSIGNMENT (( #1435 ) ) ;
#2463 = CARTESIAN_POINT ( 'NONE',  ( 0.0000000000000000000, -2.450000000000000600, 1.300000000000000300 ) ) ;
#2464 = LINE ( 'NONE', #3825, #2539 ) ;
#2465 = VERTEX_POINT ( 'NONE', #2221 ) ;
#2466 = LINE ( 'NONE', #5874, #5218 ) ;
#2467 = UNCERTAINTY_MEASURE_WITH_UNIT (LENGTH_MEASURE( 1.000000000000000100E-005 ), #5581, 'distance_accuracy_value', 'NONE');
#2468 = DIRECTION ( 'NONE',  ( 1.000000000000000000, 0.0000000000000000000, 0.0000000000000000000 ) ) ;
#2469 = SURFACE_STYLE_FILL_AREA ( #174 ) ;
#2470 = ORIENTED_EDGE ( 'NONE', *, *, #5272, .T. ) ;
#2471 =( NAMED_UNIT ( * ) SI_UNIT ( $, .STERADIAN. ) SOLID_ANGLE_UNIT ( ) );
#2472 = CARTESIAN_POINT ( 'NONE',  ( -4.950000000000001100, -1.799999999999998700, -1.800000000000000000 ) ) ;
#2473 = ORIENTED_EDGE ( 'NONE', *, *, #4161, .F. ) ;
#2474 = VECTOR ( 'NONE', #5173, 1000.000000000000000 ) ;
#2475 = CARTESIAN_POINT ( 'NONE',  ( -13.60000000000000300, -4.200000000000002800, -4.850000000000002300 ) ) ;
#2476 = PRESENTATION_LAYER_ASSIGNMENT (  '', '', ( #5296 ) ) ;
#2477 = MECHANICAL_DESIGN_GEOMETRIC_PRESENTATION_REPRESENTATION (  '', ( #3863 ), #2390 ) ;
#2478 = CARTESIAN_POINT ( 'NONE',  ( -6.599999999999999600, -3.449999999999996600, -4.050000000000002500 ) ) ;
#2479 = PLANE ( 'NONE',  #1594 ) ;
#2480 = EDGE_CURVE ( 'NONE', #6370, #949, #3700, .T. ) ;
#2481 = VERTEX_POINT ( 'NONE', #5496 ) ;
#2482 = CARTESIAN_POINT ( 'NONE',  ( -8.400000000000000400, -4.400000000000000400, -4.050000000000002500 ) ) ;
#2483 = EDGE_CURVE ( 'NONE', #448, #1478, #6214, .T. ) ;
#2484 = ORIENTED_EDGE ( 'NONE', *, *, #184, .F. ) ;
#2485 = SURFACE_STYLE_USAGE ( .BOTH. , #1050 ) ;
#2486 = CARTESIAN_POINT ( 'NONE',  ( -15.69999999999999900, -3.750000000000007100, 1.300000000000000300 ) ) ;
#2487 = ORIENTED_EDGE ( 'NONE', *, *, #1320, .F. ) ;
#2488 = PRESENTATION_LAYER_ASSIGNMENT (  '', '', ( #454 ) ) ;
#2489 = ORIENTED_EDGE ( 'NONE', *, *, #4640, .T. ) ;
#2490 = FILL_AREA_STYLE ('',( #3324 ) ) ;
#2491 =( NAMED_UNIT ( * ) SI_UNIT ( $, .STERADIAN. ) SOLID_ANGLE_UNIT ( ) );
#2492 = ORIENTED_EDGE ( 'NONE', *, *, #6211, .F. ) ;
#2493 = LINE ( 'NONE', #4482, #3833 ) ;
#2494 = DIRECTION ( 'NONE',  ( -1.000000000000000000, 0.0000000000000000000, -0.0000000000000000000 ) ) ;
#2495 = CARTESIAN_POINT ( 'NONE',  ( -12.15000000000000000, -0.3499999999999990900, 1.950000000000000400 ) ) ;
#2496 = DIRECTION ( 'NONE',  ( -1.000000000000000000, 0.0000000000000000000, 0.0000000000000000000 ) ) ;
#2497 = ORIENTED_EDGE ( 'NONE', *, *, #89, .T. ) ;
#2498 =( NAMED_UNIT ( * ) SI_UNIT ( $, .STERADIAN. ) SOLID_ANGLE_UNIT ( ) );
#2499 = DIRECTION ( 'NONE',  ( 0.0000000000000000000, -1.000000000000000000, 0.0000000000000000000 ) ) ;
#2500 = ORIENTED_EDGE ( 'NONE', *, *, #2046, .T. ) ;
#2501 = VECTOR ( 'NONE', #832, 1000.000000000000000 ) ;
#2502 = STYLED_ITEM ( 'NONE', ( #2075 ), #2263 ) ;
#2503 = CARTESIAN_POINT ( 'NONE',  ( -15.99999999999999600, -3.750000000000007500, 1.300000000000000300 ) ) ;
#2504 = DIRECTION ( 'NONE',  ( 1.036269946734653100E-031, -1.224606353822377300E-016, 1.000000000000000000 ) ) ;
#2505 = ORIENTED_EDGE ( 'NONE', *, *, #3242, .F. ) ;
#2506 = ORIENTED_EDGE ( 'NONE', *, *, #1329, .F. ) ;
#2507 = FILL_AREA_STYLE_COLOUR ( '', #195 ) ;
#2508 = DIRECTION ( 'NONE',  ( 0.0000000000000000000, 0.0000000000000000000, 1.000000000000000000 ) ) ;
#2509 = LINE ( 'NONE', #2728, #1172 ) ;
#2510 = ORIENTED_EDGE ( 'NONE', *, *, #4756, .T. ) ;
#2511 = DIRECTION ( 'NONE',  ( 1.000000000000000000, 0.0000000000000000000, -0.0000000000000000000 ) ) ;
#2512 = VECTOR ( 'NONE', #6476, 1000.000000000000000 ) ;
#2513 = CARTESIAN_POINT ( 'NONE',  ( -4.400000000000000400, -4.500000000000000000, -3.850000000000002800 ) ) ;
#2514 = EDGE_CURVE ( 'NONE', #382, #5410, #1723, .T. ) ;
#2515 = CARTESIAN_POINT ( 'NONE',  ( -4.950000000000001100, -1.799999999999998700, -1.800000000000000000 ) ) ;
#2516 = EDGE_LOOP ( 'NONE', ( #2112, #239, #5543, #3907 ) ) ;
#2517 = LINE ( 'NONE', #5818, #1882 ) ;
#2518 = VECTOR ( 'NONE', #2842, 1000.000000000000000 ) ;
#2519 = VECTOR ( 'NONE', #4394, 1000.000000000000000 ) ;
#2520 = SURFACE_STYLE_FILL_AREA ( #3125 ) ;
#2521 = CARTESIAN_POINT ( 'NONE',  ( -10.40000000000000200, -4.400000000000000400, -3.950000000000002000 ) ) ;
#2522 = EDGE_CURVE ( 'NONE', #5984, #2780, #4733, .T. ) ;
#2523 =( NAMED_UNIT ( * ) PLANE_ANGLE_UNIT ( ) SI_UNIT ( $, .RADIAN. ) );
#2524 = AXIS2_PLACEMENT_3D ( 'NONE', #5228, #241, #2191 ) ;
#2525 = MECHANICAL_DESIGN_GEOMETRIC_PRESENTATION_REPRESENTATION (  '', ( #3275 ), #3619 ) ;
#2526 = FILL_AREA_STYLE ('',( #2598 ) ) ;
#2527 =( NAMED_UNIT ( * ) SI_UNIT ( $, .STERADIAN. ) SOLID_ANGLE_UNIT ( ) );
#2528 = VECTOR ( 'NONE', #2776, 1000.000000000000000 ) ;
#2529 = CARTESIAN_POINT ( 'NONE',  ( -11.60000000000000100, -4.500000000000002700, -4.850000000000002300 ) ) ;
#2530 = FACE_OUTER_BOUND ( 'NONE', #3068, .T. ) ;
#2531 = EDGE_LOOP ( 'NONE', ( #4850, #4374, #520, #1967 ) ) ;
#2532 = LINE ( 'NONE', #4356, #2194 ) ;
#2533 = CARTESIAN_POINT ( 'NONE',  ( -10.60000000000000100, -4.200000000000002000, -4.050000000000002500 ) ) ;
#2534 = FACE_OUTER_BOUND ( 'NONE', #1471, .T. ) ;
#2535 = ORIENTED_EDGE ( 'NONE', *, *, #4491, .F. ) ;
#2536 = CARTESIAN_POINT ( 'NONE',  ( 0.0000000000000000000, -4.400000000000000400, -4.050000000000002500 ) ) ;
#2537 = FILL_AREA_STYLE ('',( #3027 ) ) ;
#2538 = ORIENTED_EDGE ( 'NONE', *, *, #3470, .F. ) ;
#2539 = VECTOR ( 'NONE', #2396, 1000.000000000000000 ) ;
#2540 = UNCERTAINTY_MEASURE_WITH_UNIT (LENGTH_MEASURE( 1.000000000000000100E-005 ), #5336, 'distance_accuracy_value', 'NONE');
#2541 = CARTESIAN_POINT ( 'NONE',  ( -7.599999999999999600, -3.449999999999997500, -4.050000000000002500 ) ) ;
#2542 = ORIENTED_EDGE ( 'NONE', *, *, #3672, .F. ) ;
#2543 = DIRECTION ( 'NONE',  ( 0.0000000000000000000, 0.0000000000000000000, 1.000000000000000000 ) ) ;
#2544 = SURFACE_STYLE_FILL_AREA ( #398 ) ;
#2545 = AXIS2_PLACEMENT_3D ( 'NONE', #4922, #2823, #384 ) ;
#2546 = CARTESIAN_POINT ( 'NONE',  ( -8.400000000000000400, -3.449999999999998000, -4.050000000000002500 ) ) ;
#2547 = CARTESIAN_POINT ( 'NONE',  ( -6.400000000000000400, -4.200000000000000200, -3.950000000000002000 ) ) ;
#2548 = ORIENTED_EDGE ( 'NONE', *, *, #3035, .T. ) ;
#2549 = PRESENTATION_LAYER_ASSIGNMENT (  '', '', ( #1092 ) ) ;
#2550 = PRESENTATION_STYLE_ASSIGNMENT (( #3353 ) ) ;
#2551 = FILL_AREA_STYLE ('',( #4569 ) ) ;
#2552 = ADVANCED_FACE ( 'NONE', ( #570 ), #5264, .T. ) ;
#2553 = LINE ( 'NONE', #556, #1203 ) ;
#2554 = EDGE_LOOP ( 'NONE', ( #523, #1921, #1796, #1149 ) ) ;
#2555 = ORIENTED_EDGE ( 'NONE', *, *, #5482, .T. ) ;
#2556 = DIRECTION ( 'NONE',  ( 1.000000000000000000, 0.0000000000000000000, -0.0000000000000000000 ) ) ;
#2557 = DIRECTION ( 'NONE',  ( 0.0000000000000000000, 0.0000000000000000000, 1.000000000000000000 ) ) ;
#2558 = VERTEX_POINT ( 'NONE', #4287 ) ;
#2559 = EDGE_CURVE ( 'NONE', #212, #6330, #3069, .T. ) ;
#2560 = AXIS2_PLACEMENT_3D ( 'NONE', #516, #4073, #2556 ) ;
#2561 = CARTESIAN_POINT ( 'NONE',  ( -10.40000000000000200, -4.400000000000000400, -4.050000000000002500 ) ) ;
#2562 = DIRECTION ( 'NONE',  ( 0.0000000000000000000, 0.0000000000000000000, -1.000000000000000000 ) ) ;
#2563 = EDGE_LOOP ( 'NONE', ( #1725, #5314, #2773, #4555 ) ) ;
#2564 = CARTESIAN_POINT ( 'NONE',  ( -3.849999999999999200, -0.3499999999999980300, 1.950000000000000400 ) ) ;
#2565 = VERTEX_POINT ( 'NONE', #4830 ) ;
#2566 = CARTESIAN_POINT ( 'NONE',  ( -12.60000000000000100, -4.200000000000002800, -4.850000000000002300 ) ) ;
#2567 = PLANE ( 'NONE',  #581 ) ;
#2568 = ORIENTED_EDGE ( 'NONE', *, *, #1676, .F. ) ;
#2569 = LINE ( 'NONE', #2716, #2965 ) ;
#2570 = EDGE_CURVE ( 'NONE', #99, #1680, #2517, .T. ) ;
#2571 = AXIS2_PLACEMENT_3D ( 'NONE', #3988, #4040, #4505 ) ;
#2572 = VECTOR ( 'NONE', #6307, 1000.000000000000000 ) ;
#2573 = CARTESIAN_POINT ( 'NONE',  ( -15.49999999999999600, -4.400000000000008300, -0.2999999999999999300 ) ) ;
#2574 = EDGE_CURVE ( 'NONE', #6057, #5213, #5593, .T. ) ;
#2575 = CARTESIAN_POINT ( 'NONE',  ( -15.49999999999999600, -4.400000000000007500, 1.950000000000000000 ) ) ;
#2576 = COLOUR_RGB ( '',0.7529411764705882200, 0.7529411764705882200, 0.7529411764705882200 ) ;
#2577 = EDGE_CURVE ( 'NONE', #742, #1834, #2258, .T. ) ;
#2578 = CARTESIAN_POINT ( 'NONE',  ( -15.69999999999999600, -4.500000000000007100, 1.940000000000000600 ) ) ;
#2579 = EDGE_LOOP ( 'NONE', ( #5310, #1693, #4654, #1956 ) ) ;
#2580 = CARTESIAN_POINT ( 'NONE',  ( -0.3000000000000000400, -4.500000000000000900, 1.940000000000000600 ) ) ;
#2581 = CARTESIAN_POINT ( 'NONE',  ( -15.50000000000000000, -0.6500000000000064600, -3.449999999999999700 ) ) ;
#2582 = VECTOR ( 'NONE', #4139, 1000.000000000000000 ) ;
#2583 = EDGE_LOOP ( 'NONE', ( #3589, #6271, #3663, #460, #4603, #2538 ) ) ;
#2584 = CARTESIAN_POINT ( 'NONE',  ( -15.25000000000000000, -3.650000000000000400, -0.3999999999999997400 ) ) ;
#2585 = VECTOR ( 'NONE', #4952, 1000.000000000000000 ) ;
#2586 = LINE ( 'NONE', #5300, #3855 ) ;
#2587 = ORIENTED_EDGE ( 'NONE', *, *, #4966, .T. ) ;
#2588 = VECTOR ( 'NONE', #3617, 1000.000000000000000 ) ;
#2589 = PRESENTATION_LAYER_ASSIGNMENT (  '', '', ( #592 ) ) ;
#2590 = SURFACE_STYLE_USAGE ( .BOTH. , #4131 ) ;
#2591 = PLANE ( 'NONE',  #3309 ) ;
#2592 = ORIENTED_EDGE ( 'NONE', *, *, #6437, .F. ) ;
#2593 = LINE ( 'NONE', #4291, #5999 ) ;
#2594 = FILL_AREA_STYLE_COLOUR ( '', #3781 ) ;
#2595 = LINE ( 'NONE', #2521, #1119 ) ;
#2596 = LINE ( 'NONE', #6123, #2449 ) ;
#2597 = AXIS2_PLACEMENT_3D ( 'NONE', #381, #875, #5373 ) ;
#2598 = FILL_AREA_STYLE_COLOUR ( '', #2457 ) ;
#2599 = ORIENTED_EDGE ( 'NONE', *, *, #2703, .T. ) ;
#2600 = CARTESIAN_POINT ( 'NONE',  ( -0.7500000000000006700, -3.650000000000000400, -0.3999999999999997400 ) ) ;
#2601 = ORIENTED_EDGE ( 'NONE', *, *, #4074, .F. ) ;
#2602 =( NAMED_UNIT ( * ) PLANE_ANGLE_UNIT ( ) SI_UNIT ( $, .RADIAN. ) );
#2603 = ORIENTED_EDGE ( 'NONE', *, *, #4154, .T. ) ;
#2604 = CARTESIAN_POINT ( 'NONE',  ( -4.599999999999999600, -4.200000000000000200, -3.950000000000002000 ) ) ;
#2605 = ORIENTED_EDGE ( 'NONE', *, *, #2890, .T. ) ;
#2606 = DIRECTION ( 'NONE',  ( 0.0000000000000000000, -1.000000000000000000, 1.057758217059032600E-016 ) ) ;
#2607 = DIRECTION ( 'NONE',  ( -1.000000000000000000, -8.462065736472234800E-016, 3.284293275761290000E-047 ) ) ;
#2608 = PRESENTATION_LAYER_ASSIGNMENT (  '', '', ( #2880 ) ) ;
#2609 = EDGE_LOOP ( 'NONE', ( #5029, #3020, #2689, #4196 ) ) ;
#2610 = CARTESIAN_POINT ( 'NONE',  ( -5.599999999999998800, -4.400000000000000400, -3.950000000000002000 ) ) ;
#2611 = EDGE_LOOP ( 'NONE', ( #175, #3060, #6451, #4599 ) ) ;
#2612 = FACE_OUTER_BOUND ( 'NONE', #77, .T. ) ;
#2613 = UNCERTAINTY_MEASURE_WITH_UNIT (LENGTH_MEASURE( 1.000000000000000100E-005 ), #1136, 'distance_accuracy_value', 'NONE');
#2614 =( NAMED_UNIT ( * ) PLANE_ANGLE_UNIT ( ) SI_UNIT ( $, .RADIAN. ) );
#2615 = ORIENTED_EDGE ( 'NONE', *, *, #2760, .T. ) ;
#2616 =( NAMED_UNIT ( * ) SI_UNIT ( $, .STERADIAN. ) SOLID_ANGLE_UNIT ( ) );
#2617 = EDGE_LOOP ( 'NONE', ( #3311, #1405, #2739, #2715 ) ) ;
#2618 = CARTESIAN_POINT ( 'NONE',  ( -4.599999999999999600, -4.200000000000000200, -4.050000000000002500 ) ) ;
#2619 = ORIENTED_EDGE ( 'NONE', *, *, #341, .F. ) ;
#2620 = FILL_AREA_STYLE ('',( #1128 ) ) ;
#2621 = EDGE_CURVE ( 'NONE', #4325, #4142, #5910, .T. ) ;
#2622 = VERTEX_POINT ( 'NONE', #2749 ) ;
#2623 = DIRECTION ( 'NONE',  ( 0.0000000000000000000, -1.000000000000000000, -0.0000000000000000000 ) ) ;
#2624 = FILL_AREA_STYLE ('',( #5155 ) ) ;
#2625 = EDGE_CURVE ( 'NONE', #440, #949, #1577, .T. ) ;
#2626 = ORIENTED_EDGE ( 'NONE', *, *, #1996, .T. ) ;
#2627 = MECHANICAL_DESIGN_GEOMETRIC_PRESENTATION_REPRESENTATION (  '', ( #5568 ), #3536 ) ;
#2628 = PLANE ( 'NONE',  #3649 ) ;
#2629 = EDGE_CURVE ( 'NONE', #1308, #5963, #2105, .T. ) ;
#2630 = AXIS2_PLACEMENT_3D ( 'NONE', #692, #5734, #5238 ) ;
#2631 = PLANE ( 'NONE',  #4433 ) ;
#2632 = CARTESIAN_POINT ( 'NONE',  ( -15.24999999999999800, -2.100000000000001900, -2.600000000000000100 ) ) ;
#2633 = ORIENTED_EDGE ( 'NONE', *, *, #1033, .T. ) ;
#2634 = LINE ( 'NONE', #2419, #5326 ) ;
#2635 = ORIENTED_EDGE ( 'NONE', *, *, #809, .F. ) ;
#2636 =( NAMED_UNIT ( * ) PLANE_ANGLE_UNIT ( ) SI_UNIT ( $, .RADIAN. ) );
#2637 = LINE ( 'NONE', #5185, #4000 ) ;
#2638 = COLOUR_RGB ( '',0.7529411764705882200, 0.7529411764705882200, 0.7529411764705882200 ) ;
#2639 = ORIENTED_EDGE ( 'NONE', *, *, #3470, .T. ) ;
#2640 = CARTESIAN_POINT ( 'NONE',  ( -7.599999999999999600, -4.200000000000000200, -4.850000000000002300 ) ) ;
#2641 = ORIENTED_EDGE ( 'NONE', *, *, #4404, .T. ) ;
#2642 = EDGE_LOOP ( 'NONE', ( #2445, #1104, #3173, #863 ) ) ;
#2643 = LINE ( 'NONE', #3117, #1165 ) ;
#2644 = EDGE_CURVE ( 'NONE', #2704, #1264, #1718, .T. ) ;
#2645 = SURFACE_STYLE_USAGE ( .BOTH. , #4184 ) ;
#2646 = DIRECTION ( 'NONE',  ( 1.000000000000000000, 0.0000000000000000000, 0.0000000000000000000 ) ) ;
#2647 = VERTEX_POINT ( 'NONE', #6276 ) ;
#2648 = LINE ( 'NONE', #2998, #1413 ) ;
#2649 = EDGE_CURVE ( 'NONE', #3404, #5717, #567, .T. ) ;
#2650 =( NAMED_UNIT ( * ) PLANE_ANGLE_UNIT ( ) SI_UNIT ( $, .RADIAN. ) );
#2651 = AXIS2_PLACEMENT_3D ( 'NONE', #3448, #3431, #472 ) ;
#2652 = EDGE_CURVE ( 'NONE', #6270, #3560, #258, .T. ) ;
#2653 = AXIS2_PLACEMENT_3D ( 'NONE', #3800, #753, #803 ) ;
#2654 = VECTOR ( 'NONE', #4623, 1000.000000000000000 ) ;
#2655 = ORIENTED_EDGE ( 'NONE', *, *, #636, .F. ) ;
#2656 = CARTESIAN_POINT ( 'NONE',  ( -11.60000000000000100, -4.400000000000000400, -3.750000000000000900 ) ) ;
#2657 = DIRECTION ( 'NONE',  ( 0.0000000000000000000, -1.000000000000000000, 0.0000000000000000000 ) ) ;
#2658 = VECTOR ( 'NONE', #88, 1000.000000000000000 ) ;
#2659 = PLANE ( 'NONE',  #3095 ) ;
#2660 = DIRECTION ( 'NONE',  ( 1.000000000000000000, 0.0000000000000000000, -0.0000000000000000000 ) ) ;
#2661 = ADVANCED_FACE ( 'NONE', ( #1418 ), #3495, .T. ) ;
#2662 = ORIENTED_EDGE ( 'NONE', *, *, #6182, .T. ) ;
#2663 = FACE_OUTER_BOUND ( 'NONE', #5618, .T. ) ;
#2664 = EDGE_CURVE ( 'NONE', #723, #6217, #3545, .T. ) ;
#2665 = LINE ( 'NONE', #2005, #2365 ) ;
#2666 = LINE ( 'NONE', #746, #3697 ) ;
#2667 = VECTOR ( 'NONE', #2818, 1000.000000000000000 ) ;
#2668 = ORIENTED_EDGE ( 'NONE', *, *, #6422, .T. ) ;
#2669 = STYLED_ITEM ( 'NONE', ( #2922 ), #4869 ) ;
#2670 = VECTOR ( 'NONE', #5846, 1000.000000000000000 ) ;
#2671 = PLANE ( 'NONE',  #134 ) ;
#2672 = LINE ( 'NONE', #2162, #3010 ) ;
#2673 = LINE ( 'NONE', #5722, #360 ) ;
#2674 = CARTESIAN_POINT ( 'NONE',  ( -11.60000000000000100, -4.400000000000000400, -4.050000000000002500 ) ) ;
#2675 = ORIENTED_EDGE ( 'NONE', *, *, #4667, .F. ) ;
#2676 = EDGE_CURVE ( 'NONE', #4998, #2871, #6380, .T. ) ;
#2677 = FACE_OUTER_BOUND ( 'NONE', #433, .T. ) ;
#2678 = EDGE_CURVE ( 'NONE', #1423, #2793, #956, .T. ) ;
#2679 = PRESENTATION_LAYER_ASSIGNMENT (  '', '', ( #1567 ) ) ;
#2680 = ORIENTED_EDGE ( 'NONE', *, *, #2678, .T. ) ;
#2681 = VECTOR ( 'NONE', #2011, 1000.000000000000000 ) ;
#2682 = CARTESIAN_POINT ( 'NONE',  ( -15.49999999999999600, -4.400000000000008300, -0.2599999999999996200 ) ) ;
#2683 = CARTESIAN_POINT ( 'NONE',  ( -15.49999999999999600, -3.750000000000007100, -0.2999999999999999300 ) ) ;
#2684 = VERTEX_POINT ( 'NONE', #1403 ) ;
#2685 = COLOUR_RGB ( '',0.7529411764705882200, 0.7529411764705882200, 0.7529411764705882200 ) ;
#2686 = EDGE_CURVE ( 'NONE', #4201, #5051, #2732, .T. ) ;
#2687 = EDGE_LOOP ( 'NONE', ( #4843, #4402, #1370, #3433, #1006, #2399 ) ) ;
#2688 = DIRECTION ( 'NONE',  ( -1.000000000000000000, -8.462065736472234800E-016, -0.0000000000000000000 ) ) ;
#2689 = ORIENTED_EDGE ( 'NONE', *, *, #5030, .F. ) ;
#2690 = CARTESIAN_POINT ( 'NONE',  ( -15.49999999999999600, -2.450000000000007300, 1.300000000000000300 ) ) ;
#2691 = CARTESIAN_POINT ( 'NONE',  ( -16.00000000000000000, -4.400000000000000400, 1.950000000000000000 ) ) ;
#2692 = LINE ( 'NONE', #2147, #2474 ) ;
#2693 = DIRECTION ( 'NONE',  ( 1.000000000000000000, 0.0000000000000000000, 0.0000000000000000000 ) ) ;
#2694 = DIRECTION ( 'NONE',  ( 0.0000000000000000000, 0.0000000000000000000, -1.000000000000000000 ) ) ;
#2695 = VERTEX_POINT ( 'NONE', #5919 ) ;
#2696 = AXIS2_PLACEMENT_3D ( 'NONE', #1566, #5592, #1547 ) ;
#2697 = VECTOR ( 'NONE', #1145, 1000.000000000000000 ) ;
#2698 = CARTESIAN_POINT ( 'NONE',  ( -15.49999999999999600, -2.450000000000006800, 1.940000000000000400 ) ) ;
#2699 = ORIENTED_EDGE ( 'NONE', *, *, #2235, .F. ) ;
#2700 = CARTESIAN_POINT ( 'NONE',  ( -8.600000000000001400, -4.400000000000000400, -3.750000000000001800 ) ) ;
#2701 = LINE ( 'NONE', #3156, #2881 ) ;
#2702 = STYLED_ITEM ( 'NONE', ( #1816 ), #3512 ) ;
#2703 = EDGE_CURVE ( 'NONE', #5724, #742, #5120, .T. ) ;
#2704 = VERTEX_POINT ( 'NONE', #4434 ) ;
#2705 = CARTESIAN_POINT ( 'NONE',  ( -3.849999999999997400, -0.3499999999999993100, -3.449999999999999700 ) ) ;
#2706 = DIRECTION ( 'NONE',  ( 0.0000000000000000000, 0.0000000000000000000, 1.000000000000000000 ) ) ;
#2707 = DIRECTION ( 'NONE',  ( 0.0000000000000000000, 1.000000000000000000, 2.710505431213761600E-016 ) ) ;
#2708 = STYLED_ITEM ( 'NONE', ( #5011 ), #4775 ) ;
#2709 = ORIENTED_EDGE ( 'NONE', *, *, #5485, .F. ) ;
#2710 = ORIENTED_EDGE ( 'NONE', *, *, #1106, .T. ) ;
#2711 = EDGE_CURVE ( 'NONE', #2141, #4030, #791, .T. ) ;
#2712 = SURFACE_STYLE_USAGE ( .BOTH. , #1167 ) ;
#2713 = DIRECTION ( 'NONE',  ( 0.0000000000000000000, 0.0000000000000000000, -1.000000000000000000 ) ) ;
#2714 = SURFACE_SIDE_STYLE ('',( #626 ) ) ;
#2715 = ORIENTED_EDGE ( 'NONE', *, *, #3121, .T. ) ;
#2716 = CARTESIAN_POINT ( 'NONE',  ( -15.49999999999999600, -2.450000000000006800, 1.950000000000000400 ) ) ;
#2717 = AXIS2_PLACEMENT_3D ( 'NONE', #3715, #4274, #5278 ) ;
#2718 = CARTESIAN_POINT ( 'NONE',  ( -2.600000000000000500, -4.499999999999999100, -4.850000000000002300 ) ) ;
#2719 = ORIENTED_EDGE ( 'NONE', *, *, #2625, .T. ) ;
#2720 = LINE ( 'NONE', #5828, #2247 ) ;
#2721 = CARTESIAN_POINT ( 'NONE',  ( -13.60000000000000300, -4.500000000000003600, -4.850000000000002300 ) ) ;
#2722 = UNCERTAINTY_MEASURE_WITH_UNIT (LENGTH_MEASURE( 1.000000000000000100E-005 ), #4514, 'distance_accuracy_value', 'NONE');
#2723 = ORIENTED_EDGE ( 'NONE', *, *, #2977, .F. ) ;
#2724 = SURFACE_SIDE_STYLE ('',( #6204 ) ) ;
#2725 = CARTESIAN_POINT ( 'NONE',  ( -14.60000000000000100, -4.200000000000003700, -3.950000000000002000 ) ) ;
#2726 = ADVANCED_FACE ( 'NONE', ( #1578 ), #5942, .F. ) ;
#2727 = DIRECTION ( 'NONE',  ( 0.0000000000000000000, -1.000000000000000000, 0.0000000000000000000 ) ) ;
#2728 = CARTESIAN_POINT ( 'NONE',  ( -12.40000000000000200, -4.400000000000000400, -3.950000000000002000 ) ) ;
#2729 = FACE_OUTER_BOUND ( 'NONE', #4789, .T. ) ;
#2730 = LINE ( 'NONE', #4193, #3462 ) ;
#2731 = ORIENTED_EDGE ( 'NONE', *, *, #4945, .T. ) ;
#2732 = LINE ( 'NONE', #2478, #1256 ) ;
#2733 = MECHANICAL_DESIGN_GEOMETRIC_PRESENTATION_REPRESENTATION (  '', ( #295 ), #5780 ) ;
#2734 = ADVANCED_FACE ( 'NONE', ( #3546 ), #5009, .T. ) ;
#2735 = PLANE ( 'NONE',  #3983 ) ;
#2736 = CARTESIAN_POINT ( 'NONE',  ( -9.600000000000003200, -4.500000000000001800, -3.850000000000002800 ) ) ;
#2737 = SHAPE_DEFINITION_REPRESENTATION ( #2910, #2383 ) ;
#2738 = SURFACE_SIDE_STYLE ('',( #3238 ) ) ;
#2739 = ORIENTED_EDGE ( 'NONE', *, *, #3472, .F. ) ;
#2740 = VECTOR ( 'NONE', #3599, 1000.000000000000000 ) ;
#2741 = CARTESIAN_POINT ( 'NONE',  ( -14.40000000000000200, -4.500000000000003600, -3.850000000000002800 ) ) ;
#2742 = VECTOR ( 'NONE', #5259, 1000.000000000000000 ) ;
#2743 = MECHANICAL_DESIGN_GEOMETRIC_PRESENTATION_REPRESENTATION (  '', ( #5161 ), #4846 ) ;
#2744 = FACE_OUTER_BOUND ( 'NONE', #4064, .T. ) ;
#2745 = CARTESIAN_POINT ( 'NONE',  ( -3.400000000000001700, -4.199999999999999300, -3.950000000000002000 ) ) ;
#2746 = ORIENTED_EDGE ( 'NONE', *, *, #3918, .T. ) ;
#2747 = VECTOR ( 'NONE', #5247, 1000.000000000000000 ) ;
#2748 = ADVANCED_FACE ( 'NONE', ( #119 ), #5456, .F. ) ;
#2749 = CARTESIAN_POINT ( 'NONE',  ( -15.49999999999999600, -4.400000000000008300, -0.2999999999999999300 ) ) ;
#2750 = PRESENTATION_LAYER_ASSIGNMENT (  '', '', ( #4467 ) ) ;
#2751 = DIRECTION ( 'NONE',  ( 1.000000000000000000, 8.462065736472233800E-016, 0.0000000000000000000 ) ) ;
#2752 = CARTESIAN_POINT ( 'NONE',  ( -3.400000000000001700, -4.199999999999999300, -4.850000000000002300 ) ) ;
#2753 = ORIENTED_EDGE ( 'NONE', *, *, #4031, .F. ) ;
#2754 = DIRECTION ( 'NONE',  ( 1.000000000000000000, -0.0000000000000000000, 0.0000000000000000000 ) ) ;
#2755 = FACE_OUTER_BOUND ( 'NONE', #2096, .T. ) ;
#2756 = SURFACE_STYLE_USAGE ( .BOTH. , #5779 ) ;
#2757 =( NAMED_UNIT ( * ) SI_UNIT ( $, .STERADIAN. ) SOLID_ANGLE_UNIT ( ) );
#2758 = EDGE_LOOP ( 'NONE', ( #5508, #6428, #4256, #2167 ) ) ;
#2759 = DIRECTION ( 'NONE',  ( 0.0000000000000000000, -1.000000000000000000, 0.0000000000000000000 ) ) ;
#2760 = EDGE_CURVE ( 'NONE', #2377, #2684, #6097, .T. ) ;
#2761 = AXIS2_PLACEMENT_3D ( 'NONE', #6250, #5216, #3222 ) ;
#2762 = DIRECTION ( 'NONE',  ( 0.0000000000000000000, 0.0000000000000000000, 1.000000000000000000 ) ) ;
#2763 = VERTEX_POINT ( 'NONE', #4454 ) ;
#2764 = DIRECTION ( 'NONE',  ( 1.000000000000000000, 0.0000000000000000000, 0.0000000000000000000 ) ) ;
#2765 = VECTOR ( 'NONE', #870, 1000.000000000000000 ) ;
#2766 =( NAMED_UNIT ( * ) PLANE_ANGLE_UNIT ( ) SI_UNIT ( $, .RADIAN. ) );
#2767 = ADVANCED_FACE ( 'NONE', ( #5086 ), #524, .T. ) ;
#2768 =( NAMED_UNIT ( * ) SI_UNIT ( $, .STERADIAN. ) SOLID_ANGLE_UNIT ( ) );
#2769 = ORIENTED_EDGE ( 'NONE', *, *, #23, .F. ) ;
#2770 = SURFACE_STYLE_FILL_AREA ( #784 ) ;
#2771 = DIRECTION ( 'NONE',  ( -0.0000000000000000000, 0.0000000000000000000, -1.000000000000000000 ) ) ;
#2772 =( LENGTH_UNIT ( ) NAMED_UNIT ( * ) SI_UNIT ( .MILLI., .METRE. ) );
#2773 = ORIENTED_EDGE ( 'NONE', *, *, #2397, .F. ) ;
#2774 = EDGE_CURVE ( 'NONE', #293, #1907, #666, .T. ) ;
#2775 = DIRECTION ( 'NONE',  ( -0.0000000000000000000, -0.0000000000000000000, 1.000000000000000000 ) ) ;
#2776 = DIRECTION ( 'NONE',  ( -1.000000000000000000, -4.231032868236116900E-016, -0.0000000000000000000 ) ) ;
#2777 = VECTOR ( 'NONE', #5936, 1000.000000000000000 ) ;
#2778 = DIRECTION ( 'NONE',  ( 0.0000000000000000000, -1.000000000000000000, 0.0000000000000000000 ) ) ;
#2779 = DIRECTION ( 'NONE',  ( 1.000000000000000000, -0.0000000000000000000, -0.0000000000000000000 ) ) ;
#2780 = VERTEX_POINT ( 'NONE', #42 ) ;
#2781 = DIRECTION ( 'NONE',  ( 0.0000000000000000000, -2.710505431213761600E-016, 1.000000000000000000 ) ) ;
#2782 = EDGE_CURVE ( 'NONE', #5356, #99, #4283, .T. ) ;
#2783 = CARTESIAN_POINT ( 'NONE',  ( -9.600000000000003200, -4.200000000000001100, -4.850000000000002300 ) ) ;
#2784 = VERTEX_POINT ( 'NONE', #51 ) ;
#2785 = EDGE_CURVE ( 'NONE', #5215, #514, #1615, .T. ) ;
#2786 = DIRECTION ( 'NONE',  ( -0.0000000000000000000, 0.0000000000000000000, -1.000000000000000000 ) ) ;
#2787 = DIRECTION ( 'NONE',  ( -0.0000000000000000000, -0.0000000000000000000, 1.000000000000000000 ) ) ;
#2788 = CARTESIAN_POINT ( 'NONE',  ( -8.400000000000000400, -4.200000000000001100, -3.950000000000002000 ) ) ;
#2789 = DIRECTION ( 'NONE',  ( 0.0000000000000000000, -1.000000000000000000, -2.710505431213761600E-016 ) ) ;
#2790 = EDGE_CURVE ( 'NONE', #2784, #3670, #296, .T. ) ;
#2791 = ADVANCED_FACE ( 'NONE', ( #532 ), #1032, .F. ) ;
#2792 =( NAMED_UNIT ( * ) SI_UNIT ( $, .STERADIAN. ) SOLID_ANGLE_UNIT ( ) );
#2793 = VERTEX_POINT ( 'NONE', #531 ) ;
#2794 = PLANE ( 'NONE',  #6131 ) ;
#2795 = STYLED_ITEM ( 'NONE', ( #5396 ), #3021 ) ;
#2796 = EDGE_LOOP ( 'NONE', ( #3178, #1981, #2635, #3796 ) ) ;
#2797 = DIRECTION ( 'NONE',  ( -1.000000000000000000, 0.0000000000000000000, -0.0000000000000000000 ) ) ;
#2798 = SURFACE_STYLE_FILL_AREA ( #2275 ) ;
#2799 = VERTEX_POINT ( 'NONE', #29 ) ;
#2800 = CARTESIAN_POINT ( 'NONE',  ( -1.599999999999999600, -4.199999999999998400, -3.950000000000002000 ) ) ;
#2801 = DIRECTION ( 'NONE',  ( 8.462065736472233800E-016, -1.000000000000000000, 1.057758217059032600E-016 ) ) ;
#2802 = EDGE_CURVE ( 'NONE', #578, #5480, #350, .T. ) ;
#2803 = VECTOR ( 'NONE', #5465, 1000.000000000000000 ) ;
#2804 = ADVANCED_FACE ( 'NONE', ( #818 ), #4609, .F. ) ;
#2805 = PLANE ( 'NONE',  #4197 ) ;
#2806 =( GEOMETRIC_REPRESENTATION_CONTEXT ( 3 ) GLOBAL_UNCERTAINTY_ASSIGNED_CONTEXT ( ( #997 ) ) GLOBAL_UNIT_ASSIGNED_CONTEXT ( ( #5949, #424, #3479 ) ) REPRESENTATION_CONTEXT ( 'NONE', 'WORKASPACE' ) );
#2807 = DIRECTION ( 'NONE',  ( -1.000000000000000000, -0.0000000000000000000, -0.0000000000000000000 ) ) ;
#2808 = VECTOR ( 'NONE', #6260, 1000.000000000000000 ) ;
#2809 = STYLED_ITEM ( 'NONE', ( #3678 ), #761 ) ;
#2810 = FILL_AREA_STYLE_COLOUR ( '', #1991 ) ;
#2811 = STYLED_ITEM ( 'NONE', ( #4241 ), #430 ) ;
#2812 = ORIENTED_EDGE ( 'NONE', *, *, #5513, .T. ) ;
#2813 = FACE_OUTER_BOUND ( 'NONE', #1913, .T. ) ;
#2814 = CARTESIAN_POINT ( 'NONE',  ( -0.5000000000000000000, -0.6500000000000001300, -2.149999999999999900 ) ) ;
#2815 =( NAMED_UNIT ( * ) SI_UNIT ( $, .STERADIAN. ) SOLID_ANGLE_UNIT ( ) );
#2816 = CARTESIAN_POINT ( 'NONE',  ( -3.400000000000001700, -4.400000000000000400, -4.050000000000002500 ) ) ;
#2817 = DIRECTION ( 'NONE',  ( 0.0000000000000000000, -1.000000000000000000, 0.0000000000000000000 ) ) ;
#2818 = DIRECTION ( 'NONE',  ( 0.0000000000000000000, 1.000000000000000000, 0.0000000000000000000 ) ) ;
#2819 = DIRECTION ( 'NONE',  ( -0.0000000000000000000, 0.0000000000000000000, 1.000000000000000000 ) ) ;
#2820 = ORIENTED_EDGE ( 'NONE', *, *, #4327, .F. ) ;
#2821 = CARTESIAN_POINT ( 'NONE',  ( -3.849999999999999200, -1.799999999999999600, -4.050000000000001600 ) ) ;
#2822 = MECHANICAL_DESIGN_GEOMETRIC_PRESENTATION_REPRESENTATION (  '', ( #454 ), #3151 ) ;
#2823 = DIRECTION ( 'NONE',  ( -1.000000000000000000, 0.0000000000000000000, -0.0000000000000000000 ) ) ;
#2824 = UNCERTAINTY_MEASURE_WITH_UNIT (LENGTH_MEASURE( 1.000000000000000100E-005 ), #6454, 'distance_accuracy_value', 'NONE');
#2825 = ORIENTED_EDGE ( 'NONE', *, *, #3126, .F. ) ;
#2826 = SURFACE_STYLE_USAGE ( .BOTH. , #5868 ) ;
#2827 = DIRECTION ( 'NONE',  ( 0.0000000000000000000, 0.0000000000000000000, 1.000000000000000000 ) ) ;
#2828 = ADVANCED_FACE ( 'NONE', ( #6394 ), #4085, .T. ) ;
#2829 = SURFACE_STYLE_USAGE ( .BOTH. , #5819 ) ;
#2830 = CARTESIAN_POINT ( 'NONE',  ( -0.5000000000000000000, -0.6500000000000001300, -3.449999999999999700 ) ) ;
#2831 = PRESENTATION_STYLE_ASSIGNMENT (( #2990 ) ) ;
#2832 = UNCERTAINTY_MEASURE_WITH_UNIT (LENGTH_MEASURE( 1.000000000000000100E-005 ), #2916, 'distance_accuracy_value', 'NONE');
#2833 = ORIENTED_EDGE ( 'NONE', *, *, #2099, .T. ) ;
#2834 = LINE ( 'NONE', #5531, #2441 ) ;
#2835 = DIRECTION ( 'NONE',  ( 0.0000000000000000000, -1.000000000000000000, 0.0000000000000000000 ) ) ;
#2836 = LINE ( 'NONE', #2495, #1970 ) ;
#2837 = CARTESIAN_POINT ( 'NONE',  ( -7.599999999999999600, -4.500000000000000900, -3.850000000000002800 ) ) ;
#2838 = DIRECTION ( 'NONE',  ( -1.000000000000000000, -8.462065736472233800E-016, 0.0000000000000000000 ) ) ;
#2839 = DIRECTION ( 'NONE',  ( -1.000000000000000000, 0.0000000000000000000, 0.0000000000000000000 ) ) ;
#2840 = CARTESIAN_POINT ( 'NONE',  ( -4.400000000000000400, -4.200000000000000200, -3.950000000000002000 ) ) ;
#2841 = ORIENTED_EDGE ( 'NONE', *, *, #4128, .T. ) ;
#2842 = DIRECTION ( 'NONE',  ( -0.0000000000000000000, -0.0000000000000000000, 1.000000000000000000 ) ) ;
#2843 = SURFACE_SIDE_STYLE ('',( #3115 ) ) ;
#2844 = COLOUR_RGB ( '',0.7529411764705882200, 0.7529411764705882200, 0.7529411764705882200 ) ;
#2845 = CARTESIAN_POINT ( 'NONE',  ( -15.49999999999999600, -3.750000000000007100, -0.2999999999999999300 ) ) ;
#2846 = SURFACE_STYLE_FILL_AREA ( #1524 ) ;
#2847 = FILL_AREA_STYLE_COLOUR ( '', #4203 ) ;
#2848 = FACE_OUTER_BOUND ( 'NONE', #3771, .T. ) ;
#2849 =( NAMED_UNIT ( * ) PLANE_ANGLE_UNIT ( ) SI_UNIT ( $, .RADIAN. ) );
#2850 = VECTOR ( 'NONE', #1312, 1000.000000000000000 ) ;
#2851 =( LENGTH_UNIT ( ) NAMED_UNIT ( * ) SI_UNIT ( .MILLI., .METRE. ) );
#2852 = ORIENTED_EDGE ( 'NONE', *, *, #4425, .F. ) ;
#2853 = VECTOR ( 'NONE', #1630, 1000.000000000000000 ) ;
#2854 = LINE ( 'NONE', #4938, #4862 ) ;
#2855 = PRESENTATION_STYLE_ASSIGNMENT (( #4827 ) ) ;
#2856 = ORIENTED_EDGE ( 'NONE', *, *, #676, .T. ) ;
#2857 = DIRECTION ( 'NONE',  ( 8.462065736472234800E-016, -1.000000000000000000, 0.0000000000000000000 ) ) ;
#2858 = CARTESIAN_POINT ( 'NONE',  ( 0.0000000000000000000, -4.400000000000000400, -4.050000000000002500 ) ) ;
#2859 = ORIENTED_EDGE ( 'NONE', *, *, #6064, .T. ) ;
#2860 = VECTOR ( 'NONE', #1888, 1000.000000000000000 ) ;
#2861 = PLANE ( 'NONE',  #2868 ) ;
#2862 = ORIENTED_EDGE ( 'NONE', *, *, #662, .T. ) ;
#2863 = VECTOR ( 'NONE', #4934, 1000.000000000000000 ) ;
#2864 = DIRECTION ( 'NONE',  ( -1.000000000000000000, 0.0000000000000000000, -0.0000000000000000000 ) ) ;
#2865 = PLANE ( 'NONE',  #1856 ) ;
#2866 =( NAMED_UNIT ( * ) PLANE_ANGLE_UNIT ( ) SI_UNIT ( $, .RADIAN. ) );
#2867 = DIRECTION ( 'NONE',  ( -1.000000000000000000, -8.462065736472234800E-016, -0.0000000000000000000 ) ) ;
#2868 = AXIS2_PLACEMENT_3D ( 'NONE', #2314, #2883, #894 ) ;
#2869 = ORIENTED_EDGE ( 'NONE', *, *, #2774, .T. ) ;
#2870 = DIRECTION ( 'NONE',  ( 0.0000000000000000000, 0.7071067811865481300, -0.7071067811865470200 ) ) ;
#2871 = VERTEX_POINT ( 'NONE', #2025 ) ;
#2872 = VECTOR ( 'NONE', #2839, 1000.000000000000000 ) ;
#2873 = VECTOR ( 'NONE', #5698, 1000.000000000000000 ) ;
#2874 = VERTEX_POINT ( 'NONE', #5071 ) ;
#2875 = CARTESIAN_POINT ( 'NONE',  ( -6.400000000000000400, -4.200000000000000200, -4.050000000000002500 ) ) ;
#2876 = LINE ( 'NONE', #4259, #3099 ) ;
#2877 = FILL_AREA_STYLE ('',( #2940 ) ) ;
#2878 = ORIENTED_EDGE ( 'NONE', *, *, #4842, .T. ) ;
#2879 = ORIENTED_EDGE ( 'NONE', *, *, #2514, .F. ) ;
#2880 = STYLED_ITEM ( 'NONE', ( #5377 ), #2055 ) ;
#2881 = VECTOR ( 'NONE', #3134, 1000.000000000000000 ) ;
#2882 = FILL_AREA_STYLE ('',( #3364 ) ) ;
#2883 = DIRECTION ( 'NONE',  ( 2.990902544787598700E-017, -1.000000000000000000, 0.0000000000000000000 ) ) ;
#2884 = ORIENTED_EDGE ( 'NONE', *, *, #4252, .F. ) ;
#2885 = CARTESIAN_POINT ( 'NONE',  ( -1.174999999999999800, -2.100000000000000100, -4.173411897755956400 ) ) ;
#2886 = DIRECTION ( 'NONE',  ( 0.0000000000000000000, -1.000000000000000000, -0.0000000000000000000 ) ) ;
#2887 = CARTESIAN_POINT ( 'NONE',  ( -13.40000000000000200, -4.200000000000002800, -4.850000000000002300 ) ) ;
#2888 = CARTESIAN_POINT ( 'NONE',  ( -0.7499999999999997800, -4.000000000000000000, 1.950000000000000400 ) ) ;
#2889 = ORIENTED_EDGE ( 'NONE', *, *, #2077, .T. ) ;
#2890 = EDGE_CURVE ( 'NONE', #983, #154, #2665, .T. ) ;
#2891 = PRESENTATION_LAYER_ASSIGNMENT (  '', '', ( #2189 ) ) ;
#2892 = CARTESIAN_POINT ( 'NONE',  ( -1.599999999999999600, -4.400000000000000400, -3.750000000000004900 ) ) ;
#2893 = ORIENTED_EDGE ( 'NONE', *, *, #3073, .F. ) ;
#2894 = CARTESIAN_POINT ( 'NONE',  ( -13.60000000000000300, -4.200000000000002800, -4.850000000000002300 ) ) ;
#2895 =( NAMED_UNIT ( * ) SI_UNIT ( $, .STERADIAN. ) SOLID_ANGLE_UNIT ( ) );
#2896 = VERTEX_POINT ( 'NONE', #2486 ) ;
#2897 = DIRECTION ( 'NONE',  ( 0.0000000000000000000, -1.057758217059032600E-016, -1.000000000000000000 ) ) ;
#2898 =( NAMED_UNIT ( * ) PLANE_ANGLE_UNIT ( ) SI_UNIT ( $, .RADIAN. ) );
#2899 = CARTESIAN_POINT ( 'NONE',  ( -9.600000000000003200, -4.200000000000001100, -4.850000000000002300 ) ) ;
#2900 = VERTEX_POINT ( 'NONE', #3503 ) ;
#2901 = LINE ( 'NONE', #3754, #1644 ) ;
#2902 = EDGE_CURVE ( 'NONE', #5526, #2071, #3486, .T. ) ;
#2903 = STYLED_ITEM ( 'NONE', ( #1619 ), #5133 ) ;
#2904 = DIRECTION ( 'NONE',  ( 0.0000000000000000000, 0.7071067811865470200, 0.7071067811865481300 ) ) ;
#2905 = LINE ( 'NONE', #889, #1409 ) ;
#2906 =( NAMED_UNIT ( * ) PLANE_ANGLE_UNIT ( ) SI_UNIT ( $, .RADIAN. ) );
#2907 = VECTOR ( 'NONE', #3929, 1000.000000000000000 ) ;
#2908 = FILL_AREA_STYLE ('',( #1919 ) ) ;
#2909 = DIRECTION ( 'NONE',  ( 3.262076464070523000E-031, -3.854941057726238100E-016, -1.000000000000000000 ) ) ;
#2910 = PRODUCT_DEFINITION_SHAPE ( 'NONE', 'NONE',  #5181 ) ;
#2911 = ADVANCED_FACE ( 'NONE', ( #6148 ), #2567, .T. ) ;
#2912 = LINE ( 'NONE', #2575, #5348 ) ;
#2913 = ORIENTED_EDGE ( 'NONE', *, *, #2625, .F. ) ;
#2914 = EDGE_CURVE ( 'NONE', #3335, #1447, #4136, .T. ) ;
#2915 = AXIS2_PLACEMENT_3D ( 'NONE', #934, #371, #6461 ) ;
#2916 =( LENGTH_UNIT ( ) NAMED_UNIT ( * ) SI_UNIT ( .MILLI., .METRE. ) );
#2917 = PLANE ( 'NONE',  #2353 ) ;
#2918 = ORIENTED_EDGE ( 'NONE', *, *, #5299, .T. ) ;
#2919 =( NAMED_UNIT ( * ) SI_UNIT ( $, .STERADIAN. ) SOLID_ANGLE_UNIT ( ) );
#2920 = DIRECTION ( 'NONE',  ( 0.0000000000000000000, 0.0000000000000000000, -1.000000000000000000 ) ) ;
#2921 = EDGE_CURVE ( 'NONE', #2993, #1013, #5305, .T. ) ;
#2922 = PRESENTATION_STYLE_ASSIGNMENT (( #2826 ) ) ;
#2923 = VERTEX_POINT ( 'NONE', #1672 ) ;
#2924 = LINE ( 'NONE', #2858, #2670 ) ;
#2925 = VECTOR ( 'NONE', #6044, 1000.000000000000000 ) ;
#2926 = DIRECTION ( 'NONE',  ( -1.000000000000000000, 0.0000000000000000000, -0.0000000000000000000 ) ) ;
#2927 = STYLED_ITEM ( 'NONE', ( #4579 ), #2726 ) ;
#2928 = CARTESIAN_POINT ( 'NONE',  ( -0.5000000000000000000, -3.750000000000000900, 1.940000000000000600 ) ) ;
#2929 = VERTEX_POINT ( 'NONE', #1614 ) ;
#2930 = VECTOR ( 'NONE', #544, 1000.000000000000000 ) ;
#2931 = PLANE ( 'NONE',  #354 ) ;
#2932 = LINE ( 'NONE', #3370, #1525 ) ;
#2933 = ORIENTED_EDGE ( 'NONE', *, *, #4501, .F. ) ;
#2934 = VECTOR ( 'NONE', #1937, 1000.000000000000000 ) ;
#2935 = DIRECTION ( 'NONE',  ( -0.0000000000000000000, 1.000000000000000000, -0.0000000000000000000 ) ) ;
#2936 = ORIENTED_EDGE ( 'NONE', *, *, #6253, .T. ) ;
#2937 = EDGE_CURVE ( 'NONE', #4627, #1928, #4459, .T. ) ;
#2938 = PRESENTATION_STYLE_ASSIGNMENT (( #1750 ) ) ;
#2939 = CARTESIAN_POINT ( 'NONE',  ( -5.399999999999999500, -4.400000000000000400, -4.050000000000002500 ) ) ;
#2940 = FILL_AREA_STYLE_COLOUR ( '', #3480 ) ;
#2941 = ORIENTED_EDGE ( 'NONE', *, *, #1545, .T. ) ;
#2942 = VECTOR ( 'NONE', #5347, 1000.000000000000000 ) ;
#2943 = MECHANICAL_DESIGN_GEOMETRIC_PRESENTATION_REPRESENTATION (  '', ( #592 ), #4633 ) ;
#2944 = ORIENTED_EDGE ( 'NONE', *, *, #341, .T. ) ;
#2945 = CARTESIAN_POINT ( 'NONE',  ( -0.7499999999999997800, -3.649999999999999900, -2.600000000000000100 ) ) ;
#2946 = ADVANCED_FACE ( 'NONE', ( #3973 ), #76, .F. ) ;
#2947 =( NAMED_UNIT ( * ) PLANE_ANGLE_UNIT ( ) SI_UNIT ( $, .RADIAN. ) );
#2948 = EDGE_CURVE ( 'NONE', #2929, #4269, #93, .T. ) ;
#2949 = UNCERTAINTY_MEASURE_WITH_UNIT (LENGTH_MEASURE( 1.000000000000000100E-005 ), #4455, 'distance_accuracy_value', 'NONE');
#2950 = VECTOR ( 'NONE', #2227, 1000.000000000000000 ) ;
#2951 = CARTESIAN_POINT ( 'NONE',  ( -12.15000000000000200, -1.800000000000000700, -0.04999999999999969700 ) ) ;
#2952 = ORIENTED_EDGE ( 'NONE', *, *, #5957, .T. ) ;
#2953 = AXIS2_PLACEMENT_3D ( 'NONE', #4387, #2870, #3903 ) ;
#2954 = ORIENTED_EDGE ( 'NONE', *, *, #4145, .T. ) ;
#2955 = COLOUR_RGB ( '',0.7529411764705882200, 0.7529411764705882200, 0.7529411764705882200 ) ;
#2956 = CARTESIAN_POINT ( 'NONE',  ( -1.399999999999999500, -4.400000000000000400, -4.050000000000002500 ) ) ;
#2957 = ORIENTED_EDGE ( 'NONE', *, *, #1965, .F. ) ;
#2958 = FILL_AREA_STYLE_COLOUR ( '', #5430 ) ;
#2959 = ORIENTED_EDGE ( 'NONE', *, *, #4381, .T. ) ;
#2960 = DIRECTION ( 'NONE',  ( 0.0000000000000000000, 0.0000000000000000000, -1.000000000000000000 ) ) ;
#2961 = CARTESIAN_POINT ( 'NONE',  ( -6.599999999999999600, -3.449999999999996600, -3.950000000000002000 ) ) ;
#2962 = EDGE_LOOP ( 'NONE', ( #5249, #5657, #4311, #4151, #5468 ) ) ;
#2963 = ORIENTED_EDGE ( 'NONE', *, *, #2110, .F. ) ;
#2964 = CARTESIAN_POINT ( 'NONE',  ( -12.15000000000000000, -0.3499999999999993100, -3.449999999999999700 ) ) ;
#2965 = VECTOR ( 'NONE', #3250, 1000.000000000000000 ) ;
#2966 = SURFACE_STYLE_USAGE ( .BOTH. , #6006 ) ;
#2967 = ORIENTED_EDGE ( 'NONE', *, *, #386, .F. ) ;
#2968 = STYLED_ITEM ( 'NONE', ( #925 ), #2251 ) ;
#2969 = CARTESIAN_POINT ( 'NONE',  ( -12.15000000000000200, -2.100000000000000100, -0.04999999999999969700 ) ) ;
#2970 = EDGE_LOOP ( 'NONE', ( #5870, #5293, #1029, #647, #2300, #5167 ) ) ;
#2971 = DIRECTION ( 'NONE',  ( -0.0000000000000000000, 0.0000000000000000000, 1.000000000000000000 ) ) ;
#2972 = VECTOR ( 'NONE', #4915, 1000.000000000000000 ) ;
#2973 = FILL_AREA_STYLE_COLOUR ( '', #1883 ) ;
#2974 = CARTESIAN_POINT ( 'NONE',  ( -7.599999999999999600, -4.500000000000000900, -3.850000000000002800 ) ) ;
#2975 = LINE ( 'NONE', #3731, #3118 ) ;
#2976 = ORIENTED_EDGE ( 'NONE', *, *, #1227, .F. ) ;
#2977 = EDGE_CURVE ( 'NONE', #1936, #5134, #1542, .T. ) ;
#2978 = MECHANICAL_DESIGN_GEOMETRIC_PRESENTATION_REPRESENTATION (  '', ( #3526 ), #4895 ) ;
#2979 = VERTEX_POINT ( 'NONE', #4668 ) ;
#2980 = ORIENTED_EDGE ( 'NONE', *, *, #4956, .F. ) ;
#2981 = EDGE_CURVE ( 'NONE', #5595, #5933, #1380, .T. ) ;
#2982 = CARTESIAN_POINT ( 'NONE',  ( -2.400000000000000800, -4.499999999999999100, -4.850000000000002300 ) ) ;
#2983 = FILL_AREA_STYLE ('',( #1476 ) ) ;
#2984 = EDGE_CURVE ( 'NONE', #1699, #4929, #3040, .T. ) ;
#2985 = CARTESIAN_POINT ( 'NONE',  ( -1.399999999999999500, -3.449999999999994400, -4.050000000000002500 ) ) ;
#2986 =( GEOMETRIC_REPRESENTATION_CONTEXT ( 3 ) GLOBAL_UNCERTAINTY_ASSIGNED_CONTEXT ( ( #3029 ) ) GLOBAL_UNIT_ASSIGNED_CONTEXT ( ( #3960, #3423, #6447 ) ) REPRESENTATION_CONTEXT ( 'NONE', 'WORKASPACE' ) );
#2987 = COLOUR_RGB ( '',0.7529411764705882200, 0.7529411764705882200, 0.7529411764705882200 ) ;
#2988 = ORIENTED_EDGE ( 'NONE', *, *, #571, .F. ) ;
#2989 = LINE ( 'NONE', #3880, #5343 ) ;
#2990 = SURFACE_STYLE_USAGE ( .BOTH. , #3869 ) ;
#2991 = PLANE ( 'NONE',  #3964 ) ;
#2992 =( LENGTH_UNIT ( ) NAMED_UNIT ( * ) SI_UNIT ( .MILLI., .METRE. ) );
#2993 = VERTEX_POINT ( 'NONE', #4694 ) ;
#2994 = CARTESIAN_POINT ( 'NONE',  ( -2.400000000000000800, -3.449999999999994800, -4.050000000000002500 ) ) ;
#2995 = CARTESIAN_POINT ( 'NONE',  ( -0.5000000000000000000, -0.6500000000000001300, -2.149999999999999900 ) ) ;
#2996 = LINE ( 'NONE', #124, #963 ) ;
#2997 =( NAMED_UNIT ( * ) PLANE_ANGLE_UNIT ( ) SI_UNIT ( $, .RADIAN. ) );
#2998 = CARTESIAN_POINT ( 'NONE',  ( -15.49999999999999600, -3.750000000000007100, 1.300000000000000300 ) ) ;
#2999 = ORIENTED_EDGE ( 'NONE', *, *, #3425, .T. ) ;
#3000 = VECTOR ( 'NONE', #2392, 1000.000000000000000 ) ;
#3001 = FACE_OUTER_BOUND ( 'NONE', #1558, .T. ) ;
#3002 = DIRECTION ( 'NONE',  ( 0.0000000000000000000, 0.0000000000000000000, -1.000000000000000000 ) ) ;
#3003 = FILL_AREA_STYLE_COLOUR ( '', #2045 ) ;
#3004 = EDGE_CURVE ( 'NONE', #10, #3164, #2701, .T. ) ;
#3005 = ORIENTED_EDGE ( 'NONE', *, *, #3456, .F. ) ;
#3006 = CARTESIAN_POINT ( 'NONE',  ( -10.40000000000000200, -4.200000000000002000, -4.050000000000002500 ) ) ;
#3007 = DIRECTION ( 'NONE',  ( 1.000000000000000000, 8.462065736472234800E-016, 0.0000000000000000000 ) ) ;
#3008 =( LENGTH_UNIT ( ) NAMED_UNIT ( * ) SI_UNIT ( .MILLI., .METRE. ) );
#3009 = EDGE_CURVE ( 'NONE', #6217, #1423, #5096, .T. ) ;
#3010 = VECTOR ( 'NONE', #2224, 1000.000000000000000 ) ;
#3011 = LINE ( 'NONE', #2503, #205 ) ;
#3012 = EDGE_CURVE ( 'NONE', #5702, #3342, #385, .T. ) ;
#3013 = MECHANICAL_DESIGN_GEOMETRIC_PRESENTATION_REPRESENTATION (  '', ( #4587 ), #1865 ) ;
#3014 = CARTESIAN_POINT ( 'NONE',  ( -16.00000000000000000, -2.450000000000007700, 1.950000000000000200 ) ) ;
#3015 = ORIENTED_EDGE ( 'NONE', *, *, #5679, .F. ) ;
#3016 = CARTESIAN_POINT ( 'NONE',  ( -5.599999999999998800, -4.200000000000000200, -3.950000000000002000 ) ) ;
#3017 = FILL_AREA_STYLE_COLOUR ( '', #2987 ) ;
#3018 =( NAMED_UNIT ( * ) SI_UNIT ( $, .STERADIAN. ) SOLID_ANGLE_UNIT ( ) );
#3019 = PLANE ( 'NONE',  #1571 ) ;
#3020 = ORIENTED_EDGE ( 'NONE', *, *, #4817, .F. ) ;
#3021 = ADVANCED_FACE ( 'NONE', ( #3033 ), #2659, .F. ) ;
#3022 = ORIENTED_EDGE ( 'NONE', *, *, #1532, .T. ) ;
#3023 = CARTESIAN_POINT ( 'NONE',  ( -15.69999999999999900, -3.750000000000007100, -0.2999999999999999300 ) ) ;
#3024 = EDGE_CURVE ( 'NONE', #1670, #5997, #2637, .T. ) ;
#3025 = ORIENTED_EDGE ( 'NONE', *, *, #1231, .T. ) ;
#3026 = FILL_AREA_STYLE ('',( #3557 ) ) ;
#3027 = FILL_AREA_STYLE_COLOUR ( '', #3412 ) ;
#3028 = AXIS2_PLACEMENT_3D ( 'NONE', #906, #3409, #972 ) ;
#3029 = UNCERTAINTY_MEASURE_WITH_UNIT (LENGTH_MEASURE( 1.000000000000000100E-005 ), #3960, 'distance_accuracy_value', 'NONE');
#3030 = VECTOR ( 'NONE', #6102, 1000.000000000000000 ) ;
#3031 = DIRECTION ( 'NONE',  ( 0.0000000000000000000, 0.0000000000000000000, -1.000000000000000000 ) ) ;
#3032 = ORIENTED_EDGE ( 'NONE', *, *, #1209, .F. ) ;
#3033 = FACE_OUTER_BOUND ( 'NONE', #4330, .T. ) ;
#3034 = VECTOR ( 'NONE', #3235, 1000.000000000000000 ) ;
#3035 = EDGE_CURVE ( 'NONE', #814, #4636, #6269, .T. ) ;
#3036 = ORIENTED_EDGE ( 'NONE', *, *, #2117, .F. ) ;
#3037 = FILL_AREA_STYLE_COLOUR ( '', #4120 ) ;
#3038 = EDGE_LOOP ( 'NONE', ( #5768, #1339, #2967, #465, #3703, #4463 ) ) ;
#3039 = AXIS2_PLACEMENT_3D ( 'NONE', #2155, #6210, #5690 ) ;
#3040 = LINE ( 'NONE', #5671, #1694 ) ;
#3041 = DIRECTION ( 'NONE',  ( 0.0000000000000000000, 1.000000000000000000, -0.0000000000000000000 ) ) ;
#3042 = ORIENTED_EDGE ( 'NONE', *, *, #4217, .F. ) ;
#3043 = EDGE_CURVE ( 'NONE', #805, #5654, #622, .T. ) ;
#3044 = PRESENTATION_LAYER_ASSIGNMENT (  '', '', ( #5617 ) ) ;
#3045 = ORIENTED_EDGE ( 'NONE', *, *, #1688, .F. ) ;
#3046 = VECTOR ( 'NONE', #4015, 1000.000000000000000 ) ;
#3047 = CARTESIAN_POINT ( 'NONE',  ( -13.60000000000000300, -3.449999999999999700, -3.950000000000002000 ) ) ;
#3048 = CARTESIAN_POINT ( 'NONE',  ( -11.60000000000000100, -4.500000000000002700, -3.850000000000002800 ) ) ;
#3049 = ADVANCED_FACE ( 'NONE', ( #776 ), #4312, .T. ) ;
#3050 = FILL_AREA_STYLE ('',( #6029 ) ) ;
#3051 = ORIENTED_EDGE ( 'NONE', *, *, #4674, .T. ) ;
#3052 = DIRECTION ( 'NONE',  ( 1.000000000000000000, -0.0000000000000000000, -0.0000000000000000000 ) ) ;
#3053 = VECTOR ( 'NONE', #2317, 1000.000000000000000 ) ;
#3054 = DIRECTION ( 'NONE',  ( -1.000000000000000000, 0.0000000000000000000, -0.0000000000000000000 ) ) ;
#3055 = ORIENTED_EDGE ( 'NONE', *, *, #4772, .F. ) ;
#3056 = ORIENTED_EDGE ( 'NONE', *, *, #2161, .F. ) ;
#3057 =( NAMED_UNIT ( * ) PLANE_ANGLE_UNIT ( ) SI_UNIT ( $, .RADIAN. ) );
#3058 = EDGE_CURVE ( 'NONE', #2056, #4941, #3602, .T. ) ;
#3059 = PRESENTATION_LAYER_ASSIGNMENT (  '', '', ( #4510 ) ) ;
#3060 = ORIENTED_EDGE ( 'NONE', *, *, #6080, .F. ) ;
#3061 = LINE ( 'NONE', #903, #5188 ) ;
#3062 = PRESENTATION_LAYER_ASSIGNMENT (  '', '', ( #2708 ) ) ;
#3063 =( LENGTH_UNIT ( ) NAMED_UNIT ( * ) SI_UNIT ( .MILLI., .METRE. ) );
#3064 = EDGE_CURVE ( 'NONE', #6321, #5654, #2975, .T. ) ;
#3065 = CARTESIAN_POINT ( 'NONE',  ( -0.5000000000000000000, -4.400000000000001200, -0.2599999999999997900 ) ) ;
#3066 = VECTOR ( 'NONE', #4575, 1000.000000000000000 ) ;
#3067 = APPLICATION_PROTOCOL_DEFINITION ( 'draft international standard', 'automotive_design', 1998, #1575 ) ;
#3068 = EDGE_LOOP ( 'NONE', ( #2064, #2068, #1626, #4005 ) ) ;
#3069 = LINE ( 'NONE', #1243, #4813 ) ;
#3070 = FACE_OUTER_BOUND ( 'NONE', #5413, .T. ) ;
#3071 = LINE ( 'NONE', #17, #345 ) ;
#3072 = CARTESIAN_POINT ( 'NONE',  ( -14.60000000000000100, -4.400000000000000400, -3.749999999999999100 ) ) ;
#3073 = EDGE_CURVE ( 'NONE', #6022, #3898, #476, .T. ) ;
#3074 = DIRECTION ( 'NONE',  ( 1.000000000000000000, -0.0000000000000000000, -0.0000000000000000000 ) ) ;
#3075 = FACE_OUTER_BOUND ( 'NONE', #2228, .T. ) ;
#3076 = ORIENTED_EDGE ( 'NONE', *, *, #1912, .T. ) ;
#3077 = LINE ( 'NONE', #6106, #1424 ) ;
#3078 = CARTESIAN_POINT ( 'NONE',  ( -6.400000000000000400, -3.449999999999996600, -3.950000000000002000 ) ) ;
#3079 = PLANE ( 'NONE',  #5099 ) ;
#3080 = FILL_AREA_STYLE ('',( #3544 ) ) ;
#3081 = ORIENTED_EDGE ( 'NONE', *, *, #100, .F. ) ;
#3082 = CARTESIAN_POINT ( 'NONE',  ( -7.599999999999999600, -4.400000000000000400, -3.750000000000002700 ) ) ;
#3083 = LINE ( 'NONE', #414, #1732 ) ;
#3084 = ORIENTED_EDGE ( 'NONE', *, *, #6449, .F. ) ;
#3085 = SURFACE_STYLE_USAGE ( .BOTH. , #5192 ) ;
#3086 = DIRECTION ( 'NONE',  ( 0.0000000000000000000, -1.000000000000000000, 0.0000000000000000000 ) ) ;
#3087 =( NAMED_UNIT ( * ) SI_UNIT ( $, .STERADIAN. ) SOLID_ANGLE_UNIT ( ) );
#3088 = PRESENTATION_LAYER_ASSIGNMENT (  '', '', ( #3768 ) ) ;
#3089 = ORIENTED_EDGE ( 'NONE', *, *, #236, .T. ) ;
#3090 = DIRECTION ( 'NONE',  ( 0.0000000000000000000, 0.0000000000000000000, 1.000000000000000000 ) ) ;
#3091 = CARTESIAN_POINT ( 'NONE',  ( -1.599999999999999600, -4.199999999999998400, -4.850000000000002300 ) ) ;
#3092 = FACE_OUTER_BOUND ( 'NONE', #3421, .T. ) ;
#3093 = CARTESIAN_POINT ( 'NONE',  ( -15.30000000000000100, -2.100000000000000100, -2.600000000000000100 ) ) ;
#3094 = ORIENTED_EDGE ( 'NONE', *, *, #854, .F. ) ;
#3095 = AXIS2_PLACEMENT_3D ( 'NONE', #201, #1183, #4717 ) ;
#3096 = VECTOR ( 'NONE', #6239, 1000.000000000000000 ) ;
#3097 = CARTESIAN_POINT ( 'NONE',  ( -4.400000000000000400, -4.500000000000000000, -4.850000000000002300 ) ) ;
#3098 = ORIENTED_EDGE ( 'NONE', *, *, #3504, .T. ) ;
#3099 = VECTOR ( 'NONE', #1193, 1000.000000000000000 ) ;
#3100 = LINE ( 'NONE', #1679, #751 ) ;
#3101 = EDGE_LOOP ( 'NONE', ( #16, #4395, #487, #5389 ) ) ;
#3102 = CARTESIAN_POINT ( 'NONE',  ( -15.49999999999999600, -2.250000000000006200, -4.049999999999999800 ) ) ;
#3103 = EDGE_CURVE ( 'NONE', #514, #56, #3277, .T. ) ;
#3104 = CARTESIAN_POINT ( 'NONE',  ( -12.60000000000000100, -4.500000000000003600, -4.850000000000002300 ) ) ;
#3105 = ORIENTED_EDGE ( 'NONE', *, *, #4945, .F. ) ;
#3106 = EDGE_CURVE ( 'NONE', #5051, #3350, #5653, .T. ) ;
#3107 = PRESENTATION_LAYER_ASSIGNMENT (  '', '', ( #2903 ) ) ;
#3108 = SURFACE_SIDE_STYLE ('',( #1811 ) ) ;
#3109 = ORIENTED_EDGE ( 'NONE', *, *, #6158, .F. ) ;
#3110 = ADVANCED_FACE ( 'NONE', ( #6114 ), #4805, .T. ) ;
#3111 = CARTESIAN_POINT ( 'NONE',  ( -0.5000000000000000000, -2.450000000000000200, 1.950000000000000400 ) ) ;
#3112 = ORIENTED_EDGE ( 'NONE', *, *, #6253, .F. ) ;
#3113 = ORIENTED_EDGE ( 'NONE', *, *, #5477, .F. ) ;
#3114 = CARTESIAN_POINT ( 'NONE',  ( -4.599999999999999600, -4.400000000000000400, -3.950000000000002000 ) ) ;
#3115 = SURFACE_STYLE_FILL_AREA ( #405 ) ;
#3116 = COLOUR_RGB ( '',0.7529411764705882200, 0.7529411764705882200, 0.7529411764705882200 ) ;
#3117 = CARTESIAN_POINT ( 'NONE',  ( -15.49999999999999600, -2.250000000000006200, -3.450000000000000200 ) ) ;
#3118 = VECTOR ( 'NONE', #4289, 1000.000000000000000 ) ;
#3119 = ORIENTED_EDGE ( 'NONE', *, *, #2652, .F. ) ;
#3120 = DIRECTION ( 'NONE',  ( -0.0000000000000000000, -0.0000000000000000000, 1.000000000000000000 ) ) ;
#3121 = EDGE_CURVE ( 'NONE', #467, #4778, #1486, .T. ) ;
#3122 = VERTEX_POINT ( 'NONE', #5231 ) ;
#3123 = CARTESIAN_POINT ( 'NONE',  ( -13.60000000000000300, -4.500000000000003600, -3.850000000000002800 ) ) ;
#3124 = VECTOR ( 'NONE', #1893, 1000.000000000000000 ) ;
#3125 = FILL_AREA_STYLE ('',( #4601 ) ) ;
#3126 = EDGE_CURVE ( 'NONE', #1423, #2763, #324, .T. ) ;
#3127 = DIRECTION ( 'NONE',  ( 0.0000000000000000000, 0.0000000000000000000, 1.000000000000000000 ) ) ;
#3128 = VERTEX_POINT ( 'NONE', #5709 ) ;
#3129 = AXIS2_PLACEMENT_3D ( 'NONE', #4122, #2157, #4649 ) ;
#3130 = CARTESIAN_POINT ( 'NONE',  ( -15.49999999999999600, -4.400000000000007500, 1.950000000000000000 ) ) ;
#3131 = DIRECTION ( 'NONE',  ( 1.000000000000000000, -0.0000000000000000000, -0.0000000000000000000 ) ) ;
#3132 = LINE ( 'NONE', #4663, #5983 ) ;
#3133 = ORIENTED_EDGE ( 'NONE', *, *, #3611, .F. ) ;
#3134 = DIRECTION ( 'NONE',  ( 1.000000000000000000, -0.0000000000000000000, -0.0000000000000000000 ) ) ;
#3135 = VECTOR ( 'NONE', #5772, 1000.000000000000000 ) ;
#3136 = PRESENTATION_STYLE_ASSIGNMENT (( #5419 ) ) ;
#3137 = UNCERTAINTY_MEASURE_WITH_UNIT (LENGTH_MEASURE( 1.000000000000000100E-005 ), #1009, 'distance_accuracy_value', 'NONE');
#3138 = SURFACE_STYLE_USAGE ( .BOTH. , #6152 ) ;
#3139 = ORIENTED_EDGE ( 'NONE', *, *, #4926, .F. ) ;
#3140 = VECTOR ( 'NONE', #2543, 1000.000000000000000 ) ;
#3141 = STYLED_ITEM ( 'NONE', ( #4070 ), #4386 ) ;
#3142 = SURFACE_SIDE_STYLE ('',( #2035 ) ) ;
#3143 = COLOUR_RGB ( '',0.0000000000000000000, 0.0000000000000000000, 0.6274509803921568500 ) ;
#3144 = PRESENTATION_LAYER_ASSIGNMENT (  '', '', ( #478 ) ) ;
#3145 = PRESENTATION_LAYER_ASSIGNMENT (  '', '', ( #2811 ) ) ;
#3146 = DIRECTION ( 'NONE',  ( -0.0000000000000000000, -0.0000000000000000000, 1.000000000000000000 ) ) ;
#3147 = EDGE_CURVE ( 'NONE', #3592, #871, #3385, .T. ) ;
#3148 = DIRECTION ( 'NONE',  ( 1.000000000000000000, 8.462065736472233800E-016, 0.0000000000000000000 ) ) ;
#3149 = DIRECTION ( 'NONE',  ( 1.000000000000000000, -0.0000000000000000000, 0.0000000000000000000 ) ) ;
#3150 = EDGE_CURVE ( 'NONE', #2780, #5744, #5907, .T. ) ;
#3151 =( GEOMETRIC_REPRESENTATION_CONTEXT ( 3 ) GLOBAL_UNCERTAINTY_ASSIGNED_CONTEXT ( ( #2467 ) ) GLOBAL_UNIT_ASSIGNED_CONTEXT ( ( #5581, #160, #6117 ) ) REPRESENTATION_CONTEXT ( 'NONE', 'WORKASPACE' ) );
#3152 = CARTESIAN_POINT ( 'NONE',  ( -16.00000000000000000, 8.673617379884033500E-016, 1.950000000000000400 ) ) ;
#3153 =( NAMED_UNIT ( * ) SI_UNIT ( $, .STERADIAN. ) SOLID_ANGLE_UNIT ( ) );
#3154 = ORIENTED_EDGE ( 'NONE', *, *, #3535, .T. ) ;
#3155 = FACE_OUTER_BOUND ( 'NONE', #5570, .T. ) ;
#3156 = CARTESIAN_POINT ( 'NONE',  ( -3.849999999999997400, -0.3499999999999993100, -3.449999999999999700 ) ) ;
#3157 = PRESENTATION_STYLE_ASSIGNMENT (( #3498 ) ) ;
#3158 = ORIENTED_EDGE ( 'NONE', *, *, #2652, .T. ) ;
#3159 = PRESENTATION_STYLE_ASSIGNMENT (( #3205 ) ) ;
#3160 = CARTESIAN_POINT ( 'NONE',  ( -9.600000000000003200, -4.500000000000001800, -3.850000000000002800 ) ) ;
#3161 = LINE ( 'NONE', #1901, #1747 ) ;
#3162 = ORIENTED_EDGE ( 'NONE', *, *, #3024, .F. ) ;
#3163 = LINE ( 'NONE', #3896, #2860 ) ;
#3164 = VERTEX_POINT ( 'NONE', #2705 ) ;
#3165 =( NAMED_UNIT ( * ) SI_UNIT ( $, .STERADIAN. ) SOLID_ANGLE_UNIT ( ) );
#3166 = DIRECTION ( 'NONE',  ( 0.0000000000000000000, 0.0000000000000000000, 1.000000000000000000 ) ) ;
#3167 =( GEOMETRIC_REPRESENTATION_CONTEXT ( 3 ) GLOBAL_UNCERTAINTY_ASSIGNED_CONTEXT ( ( #6248 ) ) GLOBAL_UNIT_ASSIGNED_CONTEXT ( ( #4629, #610, #2094 ) ) REPRESENTATION_CONTEXT ( 'NONE', 'WORKASPACE' ) );
#3168 = ADVANCED_FACE ( 'NONE', ( #2729 ), #4782, .T. ) ;
#3169 = ORIENTED_EDGE ( 'NONE', *, *, #3607, .T. ) ;
#3170 = CARTESIAN_POINT ( 'NONE',  ( -7.400000000000000400, -3.449999999999997500, -4.050000000000002500 ) ) ;
#3171 = CARTESIAN_POINT ( 'NONE',  ( -1.599999999999999600, -4.199999999999998400, -4.850000000000002300 ) ) ;
#3172 = STYLED_ITEM ( 'NONE', ( #6389 ), #3793 ) ;
#3173 = ORIENTED_EDGE ( 'NONE', *, *, #1028, .F. ) ;
#3174 = ORIENTED_EDGE ( 'NONE', *, *, #459, .T. ) ;
#3175 = DIRECTION ( 'NONE',  ( 1.000000000000000000, -0.0000000000000000000, -0.0000000000000000000 ) ) ;
#3176 = AXIS2_PLACEMENT_3D ( 'NONE', #2072, #4620, #3127 ) ;
#3177 = EDGE_CURVE ( 'NONE', #5800, #2244, #5056, .T. ) ;
#3178 = ORIENTED_EDGE ( 'NONE', *, *, #112, .T. ) ;
#3179 =( NAMED_UNIT ( * ) SI_UNIT ( $, .STERADIAN. ) SOLID_ANGLE_UNIT ( ) );
#3180 = DIRECTION ( 'NONE',  ( -1.000000000000000000, -8.462065736472234800E-016, -0.0000000000000000000 ) ) ;
#3181 =( NAMED_UNIT ( * ) PLANE_ANGLE_UNIT ( ) SI_UNIT ( $, .RADIAN. ) );
#3182 = EDGE_CURVE ( 'NONE', #3500, #3279, #5359, .T. ) ;
#3183 = ORIENTED_EDGE ( 'NONE', *, *, #2161, .T. ) ;
#3184 = AXIS2_PLACEMENT_3D ( 'NONE', #5714, #6221, #6264 ) ;
#3185 =( NAMED_UNIT ( * ) SI_UNIT ( $, .STERADIAN. ) SOLID_ANGLE_UNIT ( ) );
#3186 = PRESENTATION_LAYER_ASSIGNMENT (  '', '', ( #6034 ) ) ;
#3187 = ORIENTED_EDGE ( 'NONE', *, *, #3058, .F. ) ;
#3188 = ORIENTED_EDGE ( 'NONE', *, *, #3698, .T. ) ;
#3189 = PRESENTATION_STYLE_ASSIGNMENT (( #6433 ) ) ;
#3190 = DIRECTION ( 'NONE',  ( -1.000000000000000000, 0.0000000000000000000, 0.0000000000000000000 ) ) ;
#3191 = EDGE_CURVE ( 'NONE', #6003, #5225, #5199, .T. ) ;
#3192 = ADVANCED_FACE ( 'NONE', ( #1049 ), #6329, .T. ) ;
#3193 = ORIENTED_EDGE ( 'NONE', *, *, #3499, .T. ) ;
#3194 =( LENGTH_UNIT ( ) NAMED_UNIT ( * ) SI_UNIT ( .MILLI., .METRE. ) );
#3195 = ORIENTED_EDGE ( 'NONE', *, *, #2397, .T. ) ;
#3196 = MECHANICAL_DESIGN_GEOMETRIC_PRESENTATION_REPRESENTATION (  '', ( #5235 ), #104 ) ;
#3197 = ADVANCED_FACE ( 'NONE', ( #434 ), #3361, .F. ) ;
#3198 = DIRECTION ( 'NONE',  ( 0.0000000000000000000, -1.000000000000000000, 0.0000000000000000000 ) ) ;
#3199 = DIRECTION ( 'NONE',  ( 0.0000000000000000000, -1.000000000000000000, 0.0000000000000000000 ) ) ;
#3200 = CARTESIAN_POINT ( 'NONE',  ( -12.40000000000000200, -4.200000000000002800, -4.850000000000002300 ) ) ;
#3201 = CARTESIAN_POINT ( 'NONE',  ( -16.00000000000000000, 8.673617379884033500E-016, 1.950000000000000400 ) ) ;
#3202 = ORIENTED_EDGE ( 'NONE', *, *, #364, .F. ) ;
#3203 = VECTOR ( 'NONE', #6373, 1000.000000000000000 ) ;
#3204 = CARTESIAN_POINT ( 'NONE',  ( -15.50000000000000000, -6.579224509580426600E-015, -2.149999999999999900 ) ) ;
#3205 = SURFACE_STYLE_USAGE ( .BOTH. , #2429 ) ;
#3206 =( GEOMETRIC_REPRESENTATION_CONTEXT ( 3 ) GLOBAL_UNCERTAINTY_ASSIGNED_CONTEXT ( ( #5851 ) ) GLOBAL_UNIT_ASSIGNED_CONTEXT ( ( #930, #4507, #3948 ) ) REPRESENTATION_CONTEXT ( 'NONE', 'WORKASPACE' ) );
#3207 = EDGE_CURVE ( 'NONE', #170, #2029, #2905, .T. ) ;
#3208 =( GEOMETRIC_REPRESENTATION_CONTEXT ( 3 ) GLOBAL_UNCERTAINTY_ASSIGNED_CONTEXT ( ( #162 ) ) GLOBAL_UNIT_ASSIGNED_CONTEXT ( ( #5033, #4010, #4500 ) ) REPRESENTATION_CONTEXT ( 'NONE', 'WORKASPACE' ) );
#3209 = VECTOR ( 'NONE', #4645, 1000.000000000000000 ) ;
#3210 = ORIENTED_EDGE ( 'NONE', *, *, #6273, .F. ) ;
#3211 = SURFACE_STYLE_USAGE ( .BOTH. , #1721 ) ;
#3212 = CARTESIAN_POINT ( 'NONE',  ( -0.6999999999999998400, -2.100000000000000100, -4.173411897755956400 ) ) ;
#3213 = UNCERTAINTY_MEASURE_WITH_UNIT (LENGTH_MEASURE( 1.000000000000000100E-005 ), #3269, 'distance_accuracy_value', 'NONE');
#3214 =( NAMED_UNIT ( * ) SI_UNIT ( $, .STERADIAN. ) SOLID_ANGLE_UNIT ( ) );
#3215 =( NAMED_UNIT ( * ) PLANE_ANGLE_UNIT ( ) SI_UNIT ( $, .RADIAN. ) );
#3216 = LINE ( 'NONE', #1607, #4430 ) ;
#3217 = CARTESIAN_POINT ( 'NONE',  ( -8.400000000000000400, -4.400000000000000400, -3.750000000000001800 ) ) ;
#3218 = ORIENTED_EDGE ( 'NONE', *, *, #6138, .F. ) ;
#3219 = SURFACE_STYLE_FILL_AREA ( #4333 ) ;
#3220 = DIRECTION ( 'NONE',  ( 0.0000000000000000000, 0.0000000000000000000, -1.000000000000000000 ) ) ;
#3221 = VECTOR ( 'NONE', #6242, 1000.000000000000000 ) ;
#3222 = DIRECTION ( 'NONE',  ( 0.0000000000000000000, 0.0000000000000000000, 1.000000000000000000 ) ) ;
#3223 = DIRECTION ( 'NONE',  ( 0.0000000000000000000, -1.000000000000000000, -9.856383386231856400E-017 ) ) ;
#3224 = LINE ( 'NONE', #3886, #2199 ) ;
#3225 = CARTESIAN_POINT ( 'NONE',  ( -16.00000000000000000, 0.0000000000000000000, -1.799999999999999600 ) ) ;
#3226 = ORIENTED_EDGE ( 'NONE', *, *, #2132, .T. ) ;
#3227 = PLANE ( 'NONE',  #6118 ) ;
#3228 = FACE_OUTER_BOUND ( 'NONE', #4822, .T. ) ;
#3229 = STYLED_ITEM ( 'NONE', ( #497 ), #6442 ) ;
#3230 = ADVANCED_FACE ( 'NONE', ( #410 ), #2388, .T. ) ;
#3231 = EDGE_LOOP ( 'NONE', ( #1299, #5023, #6298, #1275 ) ) ;
#3232 = SURFACE_STYLE_FILL_AREA ( #1408 ) ;
#3233 = CARTESIAN_POINT ( 'NONE',  ( -11.40000000000000000, -4.400000000000000400, -4.050000000000002500 ) ) ;
#3234 = ORIENTED_EDGE ( 'NONE', *, *, #5973, .F. ) ;
#3235 = DIRECTION ( 'NONE',  ( 1.000000000000000000, -0.0000000000000000000, -0.0000000000000000000 ) ) ;
#3236 = DIRECTION ( 'NONE',  ( -2.293647513799587000E-031, 2.710505431213761600E-016, -1.000000000000000000 ) ) ;
#3237 = EDGE_CURVE ( 'NONE', #4804, #4344, #5584, .T. ) ;
#3238 = SURFACE_STYLE_FILL_AREA ( #234 ) ;
#3239 = PRESENTATION_LAYER_ASSIGNMENT (  '', '', ( #6424 ) ) ;
#3240 = CARTESIAN_POINT ( 'NONE',  ( -3.600000000000001400, -4.199999999999999300, -3.950000000000002000 ) ) ;
#3241 = ORIENTED_EDGE ( 'NONE', *, *, #483, .F. ) ;
#3242 = EDGE_CURVE ( 'NONE', #3437, #1858, #1872, .T. ) ;
#3243 = SURFACE_SIDE_STYLE ('',( #2253 ) ) ;
#3244 = PLANE ( 'NONE',  #1134 ) ;
#3245 = ADVANCED_FACE ( 'NONE', ( #1080 ), #3914, .F. ) ;
#3246 = DIRECTION ( 'NONE',  ( 0.0000000000000000000, 0.7071067811865470200, 0.7071067811865481300 ) ) ;
#3247 = ADVANCED_FACE ( 'NONE', ( #2287 ), #2303, .T. ) ;
#3248 =( LENGTH_UNIT ( ) NAMED_UNIT ( * ) SI_UNIT ( .MILLI., .METRE. ) );
#3249 = SURFACE_STYLE_FILL_AREA ( #608 ) ;
#3250 = DIRECTION ( 'NONE',  ( 8.462065736472233800E-016, -1.000000000000000000, -2.224004456380521900E-016 ) ) ;
#3251 = ORIENTED_EDGE ( 'NONE', *, *, #1752, .T. ) ;
#3252 = PRESENTATION_LAYER_ASSIGNMENT (  '', '', ( #2372 ) ) ;
#3253 = PRESENTATION_STYLE_ASSIGNMENT (( #3427 ) ) ;
#3254 = COLOUR_RGB ( '',0.7529411764705882200, 0.7529411764705882200, 0.7529411764705882200 ) ;
#3255 = CARTESIAN_POINT ( 'NONE',  ( -14.60000000000000100, -4.500000000000003600, -3.850000000000002800 ) ) ;
#3256 = VECTOR ( 'NONE', #4537, 1000.000000000000000 ) ;
#3257 = ORIENTED_EDGE ( 'NONE', *, *, #1452, .T. ) ;
#3258 = DIRECTION ( 'NONE',  ( 0.0000000000000000000, -1.000000000000000000, 0.0000000000000000000 ) ) ;
#3259 = EDGE_LOOP ( 'NONE', ( #6045, #5737, #4699, #2852, #5383, #1397 ) ) ;
#3260 = CARTESIAN_POINT ( 'NONE',  ( -4.950000000000001100, -1.799999999999998900, -0.6099999999999999900 ) ) ;
#3261 = PLANE ( 'NONE',  #5171 ) ;
#3262 = ADVANCED_FACE ( 'NONE', ( #6151 ), #294, .F. ) ;
#3263 = DIRECTION ( 'NONE',  ( 0.0000000000000000000, 0.0000000000000000000, 1.000000000000000000 ) ) ;
#3264 = STYLED_ITEM ( 'NONE', ( #3136 ), #4286 ) ;
#3265 = ORIENTED_EDGE ( 'NONE', *, *, #1885, .T. ) ;
#3266 = FACE_OUTER_BOUND ( 'NONE', #2611, .T. ) ;
#3267 =( NAMED_UNIT ( * ) PLANE_ANGLE_UNIT ( ) SI_UNIT ( $, .RADIAN. ) );
#3268 = ORIENTED_EDGE ( 'NONE', *, *, #4078, .F. ) ;
#3269 =( LENGTH_UNIT ( ) NAMED_UNIT ( * ) SI_UNIT ( .MILLI., .METRE. ) );
#3270 = CARTESIAN_POINT ( 'NONE',  ( 0.0000000000000000000, -4.400000000000000400, -4.050000000000002500 ) ) ;
#3271 = PLANE ( 'NONE',  #4864 ) ;
#3272 =( NAMED_UNIT ( * ) PLANE_ANGLE_UNIT ( ) SI_UNIT ( $, .RADIAN. ) );
#3273 = ORIENTED_EDGE ( 'NONE', *, *, #2644, .F. ) ;
#3274 =( NAMED_UNIT ( * ) SI_UNIT ( $, .STERADIAN. ) SOLID_ANGLE_UNIT ( ) );
#3275 = STYLED_ITEM ( 'NONE', ( #3157 ), #5759 ) ;
#3276 = DIRECTION ( 'NONE',  ( 1.000000000000000000, -0.0000000000000000000, -0.0000000000000000000 ) ) ;
#3277 = LINE ( 'NONE', #5292, #1945 ) ;
#3278 = ORIENTED_EDGE ( 'NONE', *, *, #5068, .T. ) ;
#3279 = VERTEX_POINT ( 'NONE', #3752 ) ;
#3280 = CARTESIAN_POINT ( 'NONE',  ( -0.6999999999999998400, -1.300000000000000500, -1.799999999999999600 ) ) ;
#3281 = ADVANCED_FACE ( 'NONE', ( #4275 ), #1426, .T. ) ;
#3282 = ORIENTED_EDGE ( 'NONE', *, *, #5886, .F. ) ;
#3283 = FILL_AREA_STYLE ('',( #5795 ) ) ;
#3284 = CARTESIAN_POINT ( 'NONE',  ( -8.600000000000001400, -4.400000000000000400, -3.950000000000002000 ) ) ;
#3285 = CARTESIAN_POINT ( 'NONE',  ( -0.6999999999999998400, -1.300000000000000700, -1.799999999999999600 ) ) ;
#3286 = ORIENTED_EDGE ( 'NONE', *, *, #3035, .F. ) ;
#3287 = CARTESIAN_POINT ( 'NONE',  ( -1.399999999999999500, -4.499999999999998200, -3.850000000000002800 ) ) ;
#3288 = STYLED_ITEM ( 'NONE', ( #6120 ), #1992 ) ;
#3289 = SURFACE_STYLE_FILL_AREA ( #5904 ) ;
#3290 = CARTESIAN_POINT ( 'NONE',  ( 0.0000000000000000000, -4.400000000000000400, -4.050000000000002500 ) ) ;
#3291 = DIRECTION ( 'NONE',  ( 0.0000000000000000000, 0.7071067811865470200, 0.7071067811865481300 ) ) ;
#3292 = CARTESIAN_POINT ( 'NONE',  ( -1.174999999999999800, -2.100000000000000100, -4.173411897755956400 ) ) ;
#3293 = FILL_AREA_STYLE_COLOUR ( '', #2067 ) ;
#3294 = SURFACE_STYLE_USAGE ( .BOTH. , #2299 ) ;
#3295 = ADVANCED_FACE ( 'NONE', ( #3092 ), #4811, .T. ) ;
#3296 = ORIENTED_EDGE ( 'NONE', *, *, #5522, .F. ) ;
#3297 = VECTOR ( 'NONE', #3074, 1000.000000000000000 ) ;
#3298 = SURFACE_SIDE_STYLE ('',( #3549 ) ) ;
#3299 = CARTESIAN_POINT ( 'NONE',  ( -10.60000000000000100, -4.200000000000002000, -4.850000000000002300 ) ) ;
#3300 = UNCERTAINTY_MEASURE_WITH_UNIT (LENGTH_MEASURE( 1.000000000000000100E-005 ), #4700, 'distance_accuracy_value', 'NONE');
#3301 = DIRECTION ( 'NONE',  ( -0.0000000000000000000, 0.0000000000000000000, 1.000000000000000000 ) ) ;
#3302 = EDGE_CURVE ( 'NONE', #983, #4443, #1987, .T. ) ;
#3303 =( GEOMETRIC_REPRESENTATION_CONTEXT ( 3 ) GLOBAL_UNCERTAINTY_ASSIGNED_CONTEXT ( ( #4125 ) ) GLOBAL_UNIT_ASSIGNED_CONTEXT ( ( #129, #3215, #5147 ) ) REPRESENTATION_CONTEXT ( 'NONE', 'WORKASPACE' ) );
#3304 = CARTESIAN_POINT ( 'NONE',  ( -3.400000000000001700, -4.499999999999999100, -3.850000000000002800 ) ) ;
#3305 = CARTESIAN_POINT ( 'NONE',  ( -14.82500000000000100, -2.100000000000000100, -2.600000000000000100 ) ) ;
#3306 = DIRECTION ( 'NONE',  ( 0.0000000000000000000, 0.0000000000000000000, 1.000000000000000000 ) ) ;
#3307 = CARTESIAN_POINT ( 'NONE',  ( -12.15000000000000000, -0.3499999999999990900, -4.050000000000001600 ) ) ;
#3308 = UNCERTAINTY_MEASURE_WITH_UNIT (LENGTH_MEASURE( 1.000000000000000100E-005 ), #1389, 'distance_accuracy_value', 'NONE');
#3309 = AXIS2_PLACEMENT_3D ( 'NONE', #137, #1554, #1138 ) ;
#3310 = PRESENTATION_STYLE_ASSIGNMENT (( #5791 ) ) ;
#3311 = ORIENTED_EDGE ( 'NONE', *, *, #5222, .T. ) ;
#3312 = VECTOR ( 'NONE', #773, 1000.000000000000000 ) ;
#3313 = SURFACE_STYLE_FILL_AREA ( #3050 ) ;
#3314 = AXIS2_PLACEMENT_3D ( 'NONE', #4101, #1047, #1087 ) ;
#3315 = PLANE ( 'NONE',  #5793 ) ;
#3316 = CARTESIAN_POINT ( 'NONE',  ( -10.60000000000000100, -4.200000000000002000, -4.850000000000002300 ) ) ;
#3317 = EDGE_CURVE ( 'NONE', #1362, #2923, #515, .T. ) ;
#3318 = AXIS2_PLACEMENT_3D ( 'NONE', #613, #4149, #6134 ) ;
#3319 = DIRECTION ( 'NONE',  ( 0.0000000000000000000, 0.7071067811865470200, 0.7071067811865481300 ) ) ;
#3320 = ADVANCED_FACE ( 'NONE', ( #142 ), #4973, .F. ) ;
#3321 = CARTESIAN_POINT ( 'NONE',  ( -2.600000000000000500, -4.499999999999999100, -3.850000000000002800 ) ) ;
#3322 = ORIENTED_EDGE ( 'NONE', *, *, #2649, .T. ) ;
#3323 =( LENGTH_UNIT ( ) NAMED_UNIT ( * ) SI_UNIT ( .MILLI., .METRE. ) );
#3324 = FILL_AREA_STYLE_COLOUR ( '', #6069 ) ;
#3325 = ORIENTED_EDGE ( 'NONE', *, *, #6105, .T. ) ;
#3326 = LINE ( 'NONE', #6336, #1830 ) ;
#3327 =( NAMED_UNIT ( * ) SI_UNIT ( $, .STERADIAN. ) SOLID_ANGLE_UNIT ( ) );
#3328 = ORIENTED_EDGE ( 'NONE', *, *, #2984, .T. ) ;
#3329 = SURFACE_STYLE_FILL_AREA ( #3772 ) ;
#3330 = EDGE_CURVE ( 'NONE', #3360, #6478, #1445, .T. ) ;
#3331 =( NAMED_UNIT ( * ) PLANE_ANGLE_UNIT ( ) SI_UNIT ( $, .RADIAN. ) );
#3332 = PLANE ( 'NONE',  #3928 ) ;
#3333 = PRESENTATION_STYLE_ASSIGNMENT (( #3744 ) ) ;
#3334 =( NAMED_UNIT ( * ) PLANE_ANGLE_UNIT ( ) SI_UNIT ( $, .RADIAN. ) );
#3335 = VERTEX_POINT ( 'NONE', #1411 ) ;
#3336 = CARTESIAN_POINT ( 'NONE',  ( -15.30000000000000100, -2.100000000000000100, -4.173411897755954700 ) ) ;
#3337 = EDGE_CURVE ( 'NONE', #5774, #5311, #3489, .T. ) ;
#3338 =( LENGTH_UNIT ( ) NAMED_UNIT ( * ) SI_UNIT ( .MILLI., .METRE. ) );
#3339 = FACE_OUTER_BOUND ( 'NONE', #5319, .T. ) ;
#3340 = SURFACE_SIDE_STYLE ('',( #3232 ) ) ;
#3341 = EDGE_CURVE ( 'NONE', #2923, #5234, #3791, .T. ) ;
#3342 = VERTEX_POINT ( 'NONE', #3426 ) ;
#3343 =( NAMED_UNIT ( * ) SI_UNIT ( $, .STERADIAN. ) SOLID_ANGLE_UNIT ( ) );
#3344 = CARTESIAN_POINT ( 'NONE',  ( -15.24999999999999600, -2.100000000000000100, 1.950000000000000400 ) ) ;
#3345 = DIRECTION ( 'NONE',  ( 1.000000000000000000, 0.0000000000000000000, 0.0000000000000000000 ) ) ;
#3346 = FILL_AREA_STYLE ('',( #4346 ) ) ;
#3347 = EDGE_CURVE ( 'NONE', #5984, #2896, #5938, .T. ) ;
#3348 = STYLED_ITEM ( 'NONE', ( #5977 ), #741 ) ;
#3349 = CARTESIAN_POINT ( 'NONE',  ( -0.7499999999999997800, -3.649999999999999900, -2.600000000000000100 ) ) ;
#3350 = VERTEX_POINT ( 'NONE', #401 ) ;
#3351 = EDGE_CURVE ( 'NONE', #2979, #5800, #5004, .T. ) ;
#3352 = STYLED_ITEM ( 'NONE', ( #878 ), #3168 ) ;
#3353 = SURFACE_STYLE_USAGE ( .BOTH. , #4391 ) ;
#3354 = CARTESIAN_POINT ( 'NONE',  ( -7.599999999999999600, -4.200000000000000200, -4.050000000000002500 ) ) ;
#3355 = ORIENTED_EDGE ( 'NONE', *, *, #1095, .T. ) ;
#3356 = DIRECTION ( 'NONE',  ( -1.000000000000000000, -1.196361017915039500E-016, 0.0000000000000000000 ) ) ;
#3357 =( NAMED_UNIT ( * ) PLANE_ANGLE_UNIT ( ) SI_UNIT ( $, .RADIAN. ) );
#3358 = ORIENTED_EDGE ( 'NONE', *, *, #1110, .F. ) ;
#3359 = DIRECTION ( 'NONE',  ( 0.0000000000000000000, 0.0000000000000000000, 1.000000000000000000 ) ) ;
#3360 = VERTEX_POINT ( 'NONE', #6430 ) ;
#3361 = PLANE ( 'NONE',  #4710 ) ;
#3362 = ORIENTED_EDGE ( 'NONE', *, *, #809, .T. ) ;
#3363 = ORIENTED_EDGE ( 'NONE', *, *, #4983, .F. ) ;
#3364 = FILL_AREA_STYLE_COLOUR ( '', #1880 ) ;
#3365 = DIRECTION ( 'NONE',  ( 0.0000000000000000000, 0.0000000000000000000, 1.000000000000000000 ) ) ;
#3366 = ORIENTED_EDGE ( 'NONE', *, *, #2320, .T. ) ;
#3367 = FILL_AREA_STYLE_COLOUR ( '', #2133 ) ;
#3368 = DIRECTION ( 'NONE',  ( 1.000000000000000000, 0.0000000000000000000, 0.0000000000000000000 ) ) ;
#3369 = FILL_AREA_STYLE ('',( #851 ) ) ;
#3370 = CARTESIAN_POINT ( 'NONE',  ( -2.400000000000000800, -4.400000000000000400, -3.950000000000002000 ) ) ;
#3371 =( LENGTH_UNIT ( ) NAMED_UNIT ( * ) SI_UNIT ( .MILLI., .METRE. ) );
#3372 =( LENGTH_UNIT ( ) NAMED_UNIT ( * ) SI_UNIT ( .MILLI., .METRE. ) );
#3373 =( NAMED_UNIT ( * ) PLANE_ANGLE_UNIT ( ) SI_UNIT ( $, .RADIAN. ) );
#3374 = EDGE_CURVE ( 'NONE', #2244, #6334, #4354, .T. ) ;
#3375 = VERTEX_POINT ( 'NONE', #3897 ) ;
#3376 = ORIENTED_EDGE ( 'NONE', *, *, #2981, .F. ) ;
#3377 = AXIS2_PLACEMENT_3D ( 'NONE', #4153, #598, #4638 ) ;
#3378 = ORIENTED_EDGE ( 'NONE', *, *, #4906, .F. ) ;
#3379 = DIRECTION ( 'NONE',  ( 0.0000000000000000000, 0.0000000000000000000, 1.000000000000000000 ) ) ;
#3380 = PRESENTATION_STYLE_ASSIGNMENT (( #839 ) ) ;
#3381 =( NAMED_UNIT ( * ) PLANE_ANGLE_UNIT ( ) SI_UNIT ( $, .RADIAN. ) );
#3382 = EDGE_CURVE ( 'NONE', #5311, #2056, #1281, .T. ) ;
#3383 = MECHANICAL_DESIGN_GEOMETRIC_PRESENTATION_REPRESENTATION (  '', ( #6424 ), #247 ) ;
#3384 =( NAMED_UNIT ( * ) PLANE_ANGLE_UNIT ( ) SI_UNIT ( $, .RADIAN. ) );
#3385 = LINE ( 'NONE', #4759, #709 ) ;
#3386 = ORIENTED_EDGE ( 'NONE', *, *, #6279, .F. ) ;
#3387 = VECTOR ( 'NONE', #4781, 1000.000000000000000 ) ;
#3388 = VECTOR ( 'NONE', #1733, 1000.000000000000000 ) ;
#3389 = PLANE ( 'NONE',  #935 ) ;
#3390 = CARTESIAN_POINT ( 'NONE',  ( -15.69999999999999600, -4.500000000000007100, 1.940000000000000600 ) ) ;
#3391 = VECTOR ( 'NONE', #5236, 1000.000000000000000 ) ;
#3392 = AXIS2_PLACEMENT_3D ( 'NONE', #1878, #5980, #6 ) ;
#3393 = CARTESIAN_POINT ( 'NONE',  ( 0.0000000000000000000, -4.400000000000000400, -4.050000000000002500 ) ) ;
#3394 = PLANE ( 'NONE',  #2119 ) ;
#3395 = CARTESIAN_POINT ( 'NONE',  ( -11.60000000000000100, -4.400000000000000400, -3.750000000000000900 ) ) ;
#3396 = ADVANCED_FACE ( 'NONE', ( #1677 ), #3963, .F. ) ;
#3397 = FACE_OUTER_BOUND ( 'NONE', #2563, .T. ) ;
#3398 = VECTOR ( 'NONE', #4687, 1000.000000000000000 ) ;
#3399 = CARTESIAN_POINT ( 'NONE',  ( -15.25000000000000000, -3.650000000000000400, -0.3999999999999997400 ) ) ;
#3400 = LINE ( 'NONE', #6257, #1897 ) ;
#3401 = PRESENTATION_STYLE_ASSIGNMENT (( #4984 ) ) ;
#3402 = VECTOR ( 'NONE', #2184, 1000.000000000000000 ) ;
#3403 = DIRECTION ( 'NONE',  ( 1.000000000000000000, 0.0000000000000000000, 0.0000000000000000000 ) ) ;
#3404 = VERTEX_POINT ( 'NONE', #1368 ) ;
#3405 = LINE ( 'NONE', #4784, #2058 ) ;
#3406 = EDGE_CURVE ( 'NONE', #5179, #147, #6083, .T. ) ;
#3407 = PRESENTATION_LAYER_ASSIGNMENT (  '', '', ( #2702 ) ) ;
#3408 =( GEOMETRIC_REPRESENTATION_CONTEXT ( 3 ) GLOBAL_UNCERTAINTY_ASSIGNED_CONTEXT ( ( #4819 ) ) GLOBAL_UNIT_ASSIGNED_CONTEXT ( ( #4079, #1023, #4557 ) ) REPRESENTATION_CONTEXT ( 'NONE', 'WORKASPACE' ) );
#3409 = DIRECTION ( 'NONE',  ( 1.000000000000000000, 0.0000000000000000000, 0.0000000000000000000 ) ) ;
#3410 = LINE ( 'NONE', #1650, #2060 ) ;
#3411 = UNCERTAINTY_MEASURE_WITH_UNIT (LENGTH_MEASURE( 1.000000000000000100E-005 ), #529, 'distance_accuracy_value', 'NONE');
#3412 = COLOUR_RGB ( '',0.7529411764705882200, 0.7529411764705882200, 0.7529411764705882200 ) ;
#3413 = ORIENTED_EDGE ( 'NONE', *, *, #2785, .T. ) ;
#3414 = MECHANICAL_DESIGN_GEOMETRIC_PRESENTATION_REPRESENTATION (  '', ( #2708 ), #266 ) ;
#3415 = FACE_OUTER_BOUND ( 'NONE', #2066, .T. ) ;
#3416 = CARTESIAN_POINT ( 'NONE',  ( -5.599999999999998800, -4.500000000000000000, -3.850000000000002800 ) ) ;
#3417 = DIRECTION ( 'NONE',  ( -1.000000000000000000, 0.0000000000000000000, 0.0000000000000000000 ) ) ;
#3418 = MECHANICAL_DESIGN_GEOMETRIC_PRESENTATION_REPRESENTATION (  '', ( #2811 ), #4766 ) ;
#3419 = ADVANCED_FACE ( 'NONE', ( #2755 ), #4908, .F. ) ;
#3420 = EDGE_CURVE ( 'NONE', #5436, #652, #135, .T. ) ;
#3421 = EDGE_LOOP ( 'NONE', ( #2639, #6186, #1950, #1444, #3187, #1173, #960, #1487 ) ) ;
#3422 = VECTOR ( 'NONE', #5852, 1000.000000000000000 ) ;
#3423 =( NAMED_UNIT ( * ) PLANE_ANGLE_UNIT ( ) SI_UNIT ( $, .RADIAN. ) );
#3424 = ORIENTED_EDGE ( 'NONE', *, *, #1545, .F. ) ;
#3425 = EDGE_CURVE ( 'NONE', #4804, #787, #4267, .T. ) ;
#3426 = CARTESIAN_POINT ( 'NONE',  ( -12.15000000000000000, -1.950000000000000400, 1.950000000000000400 ) ) ;
#3427 = SURFACE_STYLE_USAGE ( .BOTH. , #6432 ) ;
#3428 = CARTESIAN_POINT ( 'NONE',  ( -14.60000000000000100, -4.500000000000003600, -4.850000000000002300 ) ) ;
#3429 = ORIENTED_EDGE ( 'NONE', *, *, #1227, .T. ) ;
#3430 = FACE_OUTER_BOUND ( 'NONE', #1697, .T. ) ;
#3431 = DIRECTION ( 'NONE',  ( 0.0000000000000000000, -1.000000000000000000, -0.0000000000000000000 ) ) ;
#3432 = COLOUR_RGB ( '',0.7529411764705882200, 0.7529411764705882200, 0.7529411764705882200 ) ;
#3433 = ORIENTED_EDGE ( 'NONE', *, *, #2774, .F. ) ;
#3434 = FILL_AREA_STYLE ('',( #457 ) ) ;
#3435 = COLOUR_RGB ( '',0.7529411764705882200, 0.7529411764705882200, 0.7529411764705882200 ) ;
#3436 = DIRECTION ( 'NONE',  ( 0.0000000000000000000, -1.000000000000000000, 0.0000000000000000000 ) ) ;
#3437 = VERTEX_POINT ( 'NONE', #9 ) ;
#3438 = DIRECTION ( 'NONE',  ( 0.0000000000000000000, 0.0000000000000000000, -1.000000000000000000 ) ) ;
#3439 = ORIENTED_EDGE ( 'NONE', *, *, #364, .T. ) ;
#3440 = MECHANICAL_DESIGN_GEOMETRIC_PRESENTATION_REPRESENTATION (  '', ( #3768 ), #6008 ) ;
#3441 = UNCERTAINTY_MEASURE_WITH_UNIT (LENGTH_MEASURE( 1.000000000000000100E-005 ), #3827, 'distance_accuracy_value', 'NONE');
#3442 = CARTESIAN_POINT ( 'NONE',  ( -2.600000000000000500, -4.199999999999999300, -4.850000000000002300 ) ) ;
#3443 =( LENGTH_UNIT ( ) NAMED_UNIT ( * ) SI_UNIT ( .MILLI., .METRE. ) );
#3444 = DIRECTION ( 'NONE',  ( 0.0000000000000000000, 0.0000000000000000000, 1.000000000000000000 ) ) ;
#3445 = ORIENTED_EDGE ( 'NONE', *, *, #3182, .T. ) ;
#3446 = ADVANCED_FACE ( 'NONE', ( #3415 ), #1497, .F. ) ;
#3447 = ORIENTED_EDGE ( 'NONE', *, *, #217, .F. ) ;
#3448 = CARTESIAN_POINT ( 'NONE',  ( -10.60000000000000100, -4.200000000000002000, -3.950000000000002000 ) ) ;
#3449 = SURFACE_SIDE_STYLE ('',( #2367 ) ) ;
#3450 = DIRECTION ( 'NONE',  ( 0.0000000000000000000, 0.0000000000000000000, -1.000000000000000000 ) ) ;
#3451 = LINE ( 'NONE', #827, #2027 ) ;
#3452 = ORIENTED_EDGE ( 'NONE', *, *, #250, .T. ) ;
#3453 = DIRECTION ( 'NONE',  ( 0.0000000000000000000, 0.0000000000000000000, -1.000000000000000000 ) ) ;
#3454 = DIRECTION ( 'NONE',  ( -1.000000000000000000, 0.0000000000000000000, 0.0000000000000000000 ) ) ;
#3455 = PRESENTATION_STYLE_ASSIGNMENT (( #5301 ) ) ;
#3456 = EDGE_CURVE ( 'NONE', #6270, #1308, #2453, .T. ) ;
#3457 =( NAMED_UNIT ( * ) SI_UNIT ( $, .STERADIAN. ) SOLID_ANGLE_UNIT ( ) );
#3458 = DIRECTION ( 'NONE',  ( 0.0000000000000000000, -1.224606353822377300E-016, 1.000000000000000000 ) ) ;
#3459 = ORIENTED_EDGE ( 'NONE', *, *, #2315, .T. ) ;
#3460 = DIRECTION ( 'NONE',  ( 0.0000000000000000000, -1.000000000000000000, 0.0000000000000000000 ) ) ;
#3461 = FILL_AREA_STYLE ('',( #1485 ) ) ;
#3462 = VECTOR ( 'NONE', #6122, 1000.000000000000000 ) ;
#3463 = ORIENTED_EDGE ( 'NONE', *, *, #6265, .T. ) ;
#3464 = VECTOR ( 'NONE', #3306, 1000.000000000000000 ) ;
#3465 = EDGE_CURVE ( 'NONE', #4060, #4605, #5608, .T. ) ;
#3466 = PRESENTATION_STYLE_ASSIGNMENT (( #806 ) ) ;
#3467 = FACE_OUTER_BOUND ( 'NONE', #3259, .T. ) ;
#3468 =( NAMED_UNIT ( * ) SI_UNIT ( $, .STERADIAN. ) SOLID_ANGLE_UNIT ( ) );
#3469 = ORIENTED_EDGE ( 'NONE', *, *, #3648, .F. ) ;
#3470 = EDGE_CURVE ( 'NONE', #2684, #3508, #5930, .T. ) ;
#3471 = FILL_AREA_STYLE ('',( #5921 ) ) ;
#3472 = EDGE_CURVE ( 'NONE', #467, #353, #1599, .T. ) ;
#3473 = ORIENTED_EDGE ( 'NONE', *, *, #3330, .F. ) ;
#3474 = EDGE_CURVE ( 'NONE', #5876, #5847, #1908, .T. ) ;
#3475 = CARTESIAN_POINT ( 'NONE',  ( -0.5000000000000000000, 0.0000000000000000000, -4.049999999999999800 ) ) ;
#3476 = DIRECTION ( 'NONE',  ( 0.0000000000000000000, 0.0000000000000000000, 1.000000000000000000 ) ) ;
#3477 = EDGE_CURVE ( 'NONE', #2871, #742, #5454, .T. ) ;
#3478 = PRESENTATION_LAYER_ASSIGNMENT (  '', '', ( #2795 ) ) ;
#3479 =( NAMED_UNIT ( * ) SI_UNIT ( $, .STERADIAN. ) SOLID_ANGLE_UNIT ( ) );
#3480 = COLOUR_RGB ( '',0.7529411764705882200, 0.7529411764705882200, 0.7529411764705882200 ) ;
#3481 = DIRECTION ( 'NONE',  ( 0.0000000000000000000, -1.000000000000000000, 0.0000000000000000000 ) ) ;
#3482 = EDGE_LOOP ( 'NONE', ( #308, #738, #4112, #3286, #6418 ) ) ;
#3483 = LINE ( 'NONE', #852, #5458 ) ;
#3484 = VECTOR ( 'NONE', #2387, 1000.000000000000000 ) ;
#3485 = CARTESIAN_POINT ( 'NONE',  ( -15.49999999999999600, -2.450000000000007300, 1.300000000000000300 ) ) ;
#3486 = LINE ( 'NONE', #6096, #4037 ) ;
#3487 = VERTEX_POINT ( 'NONE', #3541 ) ;
#3488 = EDGE_CURVE ( 'NONE', #5225, #4105, #282, .T. ) ;
#3489 = LINE ( 'NONE', #4838, #2206 ) ;
#3490 = DIRECTION ( 'NONE',  ( 0.0000000000000000000, -1.000000000000000000, 0.0000000000000000000 ) ) ;
#3491 = PRESENTATION_LAYER_ASSIGNMENT (  '', '', ( #3141 ) ) ;
#3492 = CARTESIAN_POINT ( 'NONE',  ( -0.5000000000000000000, -0.6500000000000001300, -4.049999999999999800 ) ) ;
#3493 = MECHANICAL_DESIGN_GEOMETRIC_PRESENTATION_REPRESENTATION (  '', ( #478 ), #3824 ) ;
#3494 = ORIENTED_EDGE ( 'NONE', *, *, #3374, .T. ) ;
#3495 = PLANE ( 'NONE',  #3392 ) ;
#3496 = ADVANCED_FACE ( 'NONE', ( #2677 ), #4545, .F. ) ;
#3497 = COLOUR_RGB ( '',0.7529411764705882200, 0.7529411764705882200, 0.7529411764705882200 ) ;
#3498 = SURFACE_STYLE_USAGE ( .BOTH. , #6010 ) ;
#3499 = EDGE_CURVE ( 'NONE', #6356, #3575, #2369, .T. ) ;
#3500 = VERTEX_POINT ( 'NONE', #245 ) ;
#3501 = VECTOR ( 'NONE', #4783, 1000.000000000000000 ) ;
#3502 = SURFACE_STYLE_FILL_AREA ( #5658 ) ;
#3503 = CARTESIAN_POINT ( 'NONE',  ( -3.400000000000001700, -4.199999999999999300, -4.850000000000002300 ) ) ;
#3504 = EDGE_CURVE ( 'NONE', #1016, #1146, #6078, .T. ) ;
#3505 = CARTESIAN_POINT ( 'NONE',  ( -1.599999999999999600, -3.449999999999994400, -4.050000000000002500 ) ) ;
#3506 = ORIENTED_EDGE ( 'NONE', *, *, #3330, .T. ) ;
#3507 = CARTESIAN_POINT ( 'NONE',  ( -15.25000000000000000, -4.000000000000000000, 1.950000000000000400 ) ) ;
#3508 = VERTEX_POINT ( 'NONE', #4121 ) ;
#3509 = DIRECTION ( 'NONE',  ( -8.462065736472233800E-016, 1.000000000000000000, 0.0000000000000000000 ) ) ;
#3510 = CARTESIAN_POINT ( 'NONE',  ( -12.60000000000000100, -4.500000000000003600, -3.850000000000002800 ) ) ;
#3511 = ORIENTED_EDGE ( 'NONE', *, *, #3806, .F. ) ;
#3512 = ADVANCED_FACE ( 'NONE', ( #3155 ), #3079, .F. ) ;
#3513 = UNCERTAINTY_MEASURE_WITH_UNIT (LENGTH_MEASURE( 1.000000000000000100E-005 ), #5114, 'distance_accuracy_value', 'NONE');
#3514 = CARTESIAN_POINT ( 'NONE',  ( -9.400000000000002100, -4.200000000000001100, -4.050000000000002500 ) ) ;
#3515 = ORIENTED_EDGE ( 'NONE', *, *, #3616, .T. ) ;
#3516 = STYLED_ITEM ( 'NONE', ( #3551 ), #2442 ) ;
#3517 = CARTESIAN_POINT ( 'NONE',  ( -10.60000000000000100, -3.449999999999998800, -4.050000000000002500 ) ) ;
#3518 = SURFACE_SIDE_STYLE ('',( #5841 ) ) ;
#3519 = DIRECTION ( 'NONE',  ( 0.0000000000000000000, 0.0000000000000000000, 1.000000000000000000 ) ) ;
#3520 = ORIENTED_EDGE ( 'NONE', *, *, #6138, .T. ) ;
#3521 = DIRECTION ( 'NONE',  ( 0.0000000000000000000, 0.0000000000000000000, -1.000000000000000000 ) ) ;
#3522 = LINE ( 'NONE', #2006, #4219 ) ;
#3523 = DIRECTION ( 'NONE',  ( -1.000000000000000000, 0.0000000000000000000, 0.0000000000000000000 ) ) ;
#3524 = PLANE ( 'NONE',  #2571 ) ;
#3525 = ORIENTED_EDGE ( 'NONE', *, *, #192, .F. ) ;
#3526 = STYLED_ITEM ( 'NONE', ( #3861 ), #3758 ) ;
#3527 = PLANE ( 'NONE',  #1022 ) ;
#3528 =( NAMED_UNIT ( * ) SI_UNIT ( $, .STERADIAN. ) SOLID_ANGLE_UNIT ( ) );
#3529 = ORIENTED_EDGE ( 'NONE', *, *, #3064, .F. ) ;
#3530 = AXIS2_PLACEMENT_3D ( 'NONE', #1153, #1624, #5625 ) ;
#3531 = CARTESIAN_POINT ( 'NONE',  ( -1.174999999999999800, -0.6000000000000009800, 1.950000000000000400 ) ) ;
#3532 = VERTEX_POINT ( 'NONE', #1746 ) ;
#3533 = EDGE_CURVE ( 'NONE', #1462, #408, #5063, .T. ) ;
#3534 = SURFACE_STYLE_USAGE ( .BOTH. , #5027 ) ;
#3535 = EDGE_CURVE ( 'NONE', #4929, #3608, #1902, .T. ) ;
#3536 =( GEOMETRIC_REPRESENTATION_CONTEXT ( 3 ) GLOBAL_UNCERTAINTY_ASSIGNED_CONTEXT ( ( #2458 ) ) GLOBAL_UNIT_ASSIGNED_CONTEXT ( ( #3194, #5233, #4236 ) ) REPRESENTATION_CONTEXT ( 'NONE', 'WORKASPACE' ) );
#3537 = VERTEX_POINT ( 'NONE', #2238 ) ;
#3538 = FACE_OUTER_BOUND ( 'NONE', #683, .T. ) ;
#3539 =( GEOMETRIC_REPRESENTATION_CONTEXT ( 3 ) GLOBAL_UNCERTAINTY_ASSIGNED_CONTEXT ( ( #5727 ) ) GLOBAL_UNIT_ASSIGNED_CONTEXT ( ( #1801, #2298, #2350 ) ) REPRESENTATION_CONTEXT ( 'NONE', 'WORKASPACE' ) );
#3540 = CARTESIAN_POINT ( 'NONE',  ( -0.3000000000000000400, -2.450000000000007700, -0.2599999999999997900 ) ) ;
#3541 = CARTESIAN_POINT ( 'NONE',  ( 0.0000000000000000000, -2.450000000000000600, 1.300000000000000300 ) ) ;
#3542 = VECTOR ( 'NONE', #2154, 1000.000000000000000 ) ;
#3543 = ORIENTED_EDGE ( 'NONE', *, *, #4683, .F. ) ;
#3544 = FILL_AREA_STYLE_COLOUR ( '', #3696 ) ;
#3545 = LINE ( 'NONE', #4003, #6282 ) ;
#3546 = FACE_OUTER_BOUND ( 'NONE', #5940, .T. ) ;
#3547 = LINE ( 'NONE', #378, #4815 ) ;
#3548 = ADVANCED_FACE ( 'NONE', ( #815 ), #3734, .T. ) ;
#3549 = SURFACE_STYLE_FILL_AREA ( #2276 ) ;
#3550 = DIRECTION ( 'NONE',  ( 0.0000000000000000000, 0.0000000000000000000, 1.000000000000000000 ) ) ;
#3551 = PRESENTATION_STYLE_ASSIGNMENT (( #5862 ) ) ;
#3552 = EDGE_CURVE ( 'NONE', #4202, #5473, #3705, .T. ) ;
#3553 = VECTOR ( 'NONE', #6315, 1000.000000000000000 ) ;
#3554 = ORIENTED_EDGE ( 'NONE', *, *, #526, .F. ) ;
#3555 = SURFACE_STYLE_FILL_AREA ( #6404 ) ;
#3556 = PRESENTATION_STYLE_ASSIGNMENT (( #2065 ) ) ;
#3557 = FILL_AREA_STYLE_COLOUR ( '', #2955 ) ;
#3558 =( LENGTH_UNIT ( ) NAMED_UNIT ( * ) SI_UNIT ( .MILLI., .METRE. ) );
#3559 = PRESENTATION_LAYER_ASSIGNMENT (  '', '', ( #2968 ) ) ;
#3560 = VERTEX_POINT ( 'NONE', #4234 ) ;
#3561 = LINE ( 'NONE', #3603, #1671 ) ;
#3562 = DIRECTION ( 'NONE',  ( -0.0000000000000000000, -0.0000000000000000000, 1.000000000000000000 ) ) ;
#3563 = CARTESIAN_POINT ( 'NONE',  ( -2.600000000000000500, -4.400000000000000400, -3.950000000000002000 ) ) ;
#3564 = VECTOR ( 'NONE', #1222, 1000.000000000000000 ) ;
#3565 = PRESENTATION_LAYER_ASSIGNMENT (  '', '', ( #1326 ) ) ;
#3566 = CARTESIAN_POINT ( 'NONE',  ( -12.60000000000000100, -4.500000000000003600, -3.850000000000002800 ) ) ;
#3567 = ORIENTED_EDGE ( 'NONE', *, *, #5754, .T. ) ;
#3568 = VECTOR ( 'NONE', #1859, 1000.000000000000000 ) ;
#3569 = CARTESIAN_POINT ( 'NONE',  ( -1.399999999999999500, -3.449999999999994400, -3.950000000000002000 ) ) ;
#3570 = EDGE_CURVE ( 'NONE', #4941, #5162, #5539, .T. ) ;
#3571 = STYLED_ITEM ( 'NONE', ( #2462 ), #3396 ) ;
#3572 =( NAMED_UNIT ( * ) SI_UNIT ( $, .STERADIAN. ) SOLID_ANGLE_UNIT ( ) );
#3573 = ORIENTED_EDGE ( 'NONE', *, *, #5440, .T. ) ;
#3574 = LINE ( 'NONE', #5391, #1527 ) ;
#3575 = VERTEX_POINT ( 'NONE', #1724 ) ;
#3576 = COLOUR_RGB ( '',0.7529411764705882200, 0.7529411764705882200, 0.7529411764705882200 ) ;
#3577 = EDGE_LOOP ( 'NONE', ( #2833, #1219, #5547, #4265 ) ) ;
#3578 = CARTESIAN_POINT ( 'NONE',  ( -3.600000000000001400, -4.199999999999999300, -3.950000000000002000 ) ) ;
#3579 = VECTOR ( 'NONE', #1924, 1000.000000000000000 ) ;
#3580 = DIRECTION ( 'NONE',  ( 1.000000000000000000, 0.0000000000000000000, 0.0000000000000000000 ) ) ;
#3581 = EDGE_CURVE ( 'NONE', #1553, #5787, #436, .T. ) ;
#3582 = FACE_OUTER_BOUND ( 'NONE', #3987, .T. ) ;
#3583 = CARTESIAN_POINT ( 'NONE',  ( -4.950000000000001100, -1.799999999999999800, -1.800000000000000000 ) ) ;
#3584 = PRESENTATION_STYLE_ASSIGNMENT (( #3642 ) ) ;
#3585 = ORIENTED_EDGE ( 'NONE', *, *, #1601, .F. ) ;
#3586 = DIRECTION ( 'NONE',  ( 0.0000000000000000000, 0.0000000000000000000, 1.000000000000000000 ) ) ;
#3587 = FILL_AREA_STYLE_COLOUR ( '', #6399 ) ;
#3588 = SURFACE_SIDE_STYLE ('',( #1051 ) ) ;
#3589 = ORIENTED_EDGE ( 'NONE', *, *, #2760, .F. ) ;
#3590 = EDGE_CURVE ( 'NONE', #4202, #1936, #3405, .T. ) ;
#3591 = AXIS2_PLACEMENT_3D ( 'NONE', #2800, #2233, #4332 ) ;
#3592 = VERTEX_POINT ( 'NONE', #5633 ) ;
#3593 = EDGE_CURVE ( 'NONE', #2900, #4229, #3868, .T. ) ;
#3594 = CARTESIAN_POINT ( 'NONE',  ( -5.399999999999999500, -4.400000000000000400, -3.750000000000003600 ) ) ;
#3595 = EDGE_CURVE ( 'NONE', #3763, #5607, #199, .T. ) ;
#3596 = ORIENTED_EDGE ( 'NONE', *, *, #5108, .F. ) ;
#3597 = CARTESIAN_POINT ( 'NONE',  ( -14.60000000000000100, -4.400000000000000400, -3.749999999999999100 ) ) ;
#3598 = CARTESIAN_POINT ( 'NONE',  ( -16.00000000000000000, -0.6500000000000069100, -3.449999999999999700 ) ) ;
#3599 = DIRECTION ( 'NONE',  ( 0.0000000000000000000, -1.000000000000000000, 0.0000000000000000000 ) ) ;
#3600 = FILL_AREA_STYLE ('',( #6477 ) ) ;
#3601 = STYLED_ITEM ( 'NONE', ( #6076 ), #2552 ) ;
#3602 = LINE ( 'NONE', #5773, #2808 ) ;
#3603 = CARTESIAN_POINT ( 'NONE',  ( -0.5000000000000000000, -2.450000000000000200, 1.950000000000000400 ) ) ;
#3604 = VERTEX_POINT ( 'NONE', #1090 ) ;
#3605 = LINE ( 'NONE', #2319, #2501 ) ;
#3606 = DIRECTION ( 'NONE',  ( 0.0000000000000000000, -1.822188525185721700E-016, 1.000000000000000000 ) ) ;
#3607 = EDGE_CURVE ( 'NONE', #5800, #5162, #3561, .T. ) ;
#3608 = VERTEX_POINT ( 'NONE', #3093 ) ;
#3609 = PRESENTATION_LAYER_ASSIGNMENT (  '', '', ( #5849 ) ) ;
#3610 = CARTESIAN_POINT ( 'NONE',  ( -9.400000000000002100, -4.500000000000001800, -3.850000000000002800 ) ) ;
#3611 = EDGE_CURVE ( 'NONE', #170, #108, #1728, .T. ) ;
#3612 = DIRECTION ( 'NONE',  ( -1.000000000000000000, 0.0000000000000000000, -0.0000000000000000000 ) ) ;
#3613 = ORIENTED_EDGE ( 'NONE', *, *, #4388, .T. ) ;
#3614 = LINE ( 'NONE', #2463, #2106 ) ;
#3615 = VECTOR ( 'NONE', #6268, 1000.000000000000000 ) ;
#3616 = EDGE_CURVE ( 'NONE', #1499, #2048, #5745, .T. ) ;
#3617 = DIRECTION ( 'NONE',  ( -0.0000000000000000000, -0.0000000000000000000, 1.000000000000000000 ) ) ;
#3618 = VERTEX_POINT ( 'NONE', #6124 ) ;
#3619 =( GEOMETRIC_REPRESENTATION_CONTEXT ( 3 ) GLOBAL_UNCERTAINTY_ASSIGNED_CONTEXT ( ( #4584 ) ) GLOBAL_UNIT_ASSIGNED_CONTEXT ( ( #5047, #2436, #3457 ) ) REPRESENTATION_CONTEXT ( 'NONE', 'WORKASPACE' ) );
#3620 = DIRECTION ( 'NONE',  ( 0.0000000000000000000, -1.000000000000000000, 0.0000000000000000000 ) ) ;
#3621 = DIRECTION ( 'NONE',  ( -0.0000000000000000000, 0.0000000000000000000, 1.000000000000000000 ) ) ;
#3622 = CARTESIAN_POINT ( 'NONE',  ( -5.599999999999998800, -3.449999999999996200, -3.950000000000002000 ) ) ;
#3623 = ORIENTED_EDGE ( 'NONE', *, *, #1802, .T. ) ;
#3624 = UNCERTAINTY_MEASURE_WITH_UNIT (LENGTH_MEASURE( 1.000000000000000100E-005 ), #4661, 'distance_accuracy_value', 'NONE');
#3625 = LINE ( 'NONE', #4403, #2272 ) ;
#3626 = CARTESIAN_POINT ( 'NONE',  ( -0.5000000000000000000, -4.400000000000000400, 1.950000000000000000 ) ) ;
#3627 = VECTOR ( 'NONE', #5606, 1000.000000000000000 ) ;
#3628 = VERTEX_POINT ( 'NONE', #4807 ) ;
#3629 = CARTESIAN_POINT ( 'NONE',  ( -10.60000000000000100, -4.500000000000002700, -4.850000000000002300 ) ) ;
#3630 = PLANE ( 'NONE',  #3318 ) ;
#3631 = MECHANICAL_DESIGN_GEOMETRIC_PRESENTATION_REPRESENTATION (  '', ( #867 ), #1188 ) ;
#3632 = LINE ( 'NONE', #2410, #2129 ) ;
#3633 = PRESENTATION_STYLE_ASSIGNMENT (( #5510 ) ) ;
#3634 = DIRECTION ( 'NONE',  ( 0.0000000000000000000, 0.7071067811865481300, -0.7071067811865470200 ) ) ;
#3635 = VERTEX_POINT ( 'NONE', #1764 ) ;
#3636 = VERTEX_POINT ( 'NONE', #5316 ) ;
#3637 = CARTESIAN_POINT ( 'NONE',  ( -14.40000000000000200, -4.400000000000000400, -4.050000000000002500 ) ) ;
#3638 = ORIENTED_EDGE ( 'NONE', *, *, #1960, .F. ) ;
#3639 = EDGE_CURVE ( 'NONE', #3654, #3635, #2532, .T. ) ;
#3640 =( GEOMETRIC_REPRESENTATION_CONTEXT ( 3 ) GLOBAL_UNCERTAINTY_ASSIGNED_CONTEXT ( ( #1974 ) ) GLOBAL_UNIT_ASSIGNED_CONTEXT ( ( #3008, #2523, #68 ) ) REPRESENTATION_CONTEXT ( 'NONE', 'WORKASPACE' ) );
#3641 = COLOUR_RGB ( '',0.7529411764705882200, 0.7529411764705882200, 0.7529411764705882200 ) ;
#3642 = SURFACE_STYLE_USAGE ( .BOTH. , #4160 ) ;
#3643 = ORIENTED_EDGE ( 'NONE', *, *, #5338, .T. ) ;
#3644 = COLOUR_RGB ( '',0.7529411764705882200, 0.7529411764705882200, 0.7529411764705882200 ) ;
#3645 = ORIENTED_EDGE ( 'NONE', *, *, #5703, .F. ) ;
#3646 = DIRECTION ( 'NONE',  ( 0.0000000000000000000, 0.7071067811865470200, 0.7071067811865481300 ) ) ;
#3647 = VECTOR ( 'NONE', #1744, 1000.000000000000000 ) ;
#3648 = EDGE_CURVE ( 'NONE', #10, #5702, #4257, .T. ) ;
#3649 = AXIS2_PLACEMENT_3D ( 'NONE', #6159, #3086, #554 ) ;
#3650 =( LENGTH_UNIT ( ) NAMED_UNIT ( * ) SI_UNIT ( .MILLI., .METRE. ) );
#3651 = LINE ( 'NONE', #2536, #999 ) ;
#3652 = DIRECTION ( 'NONE',  ( -1.000000000000000000, 0.0000000000000000000, -0.0000000000000000000 ) ) ;
#3653 = DIRECTION ( 'NONE',  ( 0.0000000000000000000, 1.000000000000000000, 0.0000000000000000000 ) ) ;
#3654 = VERTEX_POINT ( 'NONE', #6351 ) ;
#3655 = STYLED_ITEM ( 'NONE', ( #3401 ), #4953 ) ;
#3656 = DIRECTION ( 'NONE',  ( 0.0000000000000000000, 0.0000000000000000000, 1.000000000000000000 ) ) ;
#3657 = ORIENTED_EDGE ( 'NONE', *, *, #5643, .T. ) ;
#3658 = ORIENTED_EDGE ( 'NONE', *, *, #5589, .F. ) ;
#3659 = CARTESIAN_POINT ( 'NONE',  ( -14.82500000000000100, -0.6000000000000009800, -2.600000000000000100 ) ) ;
#3660 = CARTESIAN_POINT ( 'NONE',  ( -4.950000000000001100, -1.799999999999999800, -0.6099999999999998800 ) ) ;
#3661 = ORIENTED_EDGE ( 'NONE', *, *, #3474, .T. ) ;
#3662 =( NAMED_UNIT ( * ) PLANE_ANGLE_UNIT ( ) SI_UNIT ( $, .RADIAN. ) );
#3663 = ORIENTED_EDGE ( 'NONE', *, *, #3595, .F. ) ;
#3664 = LINE ( 'NONE', #2974, #5498 ) ;
#3665 =( NAMED_UNIT ( * ) PLANE_ANGLE_UNIT ( ) SI_UNIT ( $, .RADIAN. ) );
#3666 = VERTEX_POINT ( 'NONE', #5892 ) ;
#3667 = CARTESIAN_POINT ( 'NONE',  ( -8.600000000000001400, -4.500000000000001800, -4.850000000000002300 ) ) ;
#3668 = DIRECTION ( 'NONE',  ( -8.950819566047197300E-032, 1.057758217059032600E-016, 1.000000000000000000 ) ) ;
#3669 = EDGE_CURVE ( 'NONE', #899, #5712, #5204, .T. ) ;
#3670 = VERTEX_POINT ( 'NONE', #1273 ) ;
#3671 = DIRECTION ( 'NONE',  ( 1.000000000000000000, 0.0000000000000000000, -0.0000000000000000000 ) ) ;
#3672 = EDGE_CURVE ( 'NONE', #5142, #5715, #2924, .T. ) ;
#3673 = DIRECTION ( 'NONE',  ( 0.0000000000000000000, -3.854941057726238100E-016, -1.000000000000000000 ) ) ;
#3674 = PRESENTATION_LAYER_ASSIGNMENT (  '', '', ( #3348 ) ) ;
#3675 = ORIENTED_EDGE ( 'NONE', *, *, #5886, .T. ) ;
#3676 = PRESENTATION_LAYER_ASSIGNMENT (  '', '', ( #5161 ) ) ;
#3677 = VERTEX_POINT ( 'NONE', #2289 ) ;
#3678 = PRESENTATION_STYLE_ASSIGNMENT (( #2163 ) ) ;
#3679 = DIRECTION ( 'NONE',  ( 3.262076464070523000E-031, -3.854941057726238100E-016, -1.000000000000000000 ) ) ;
#3680 = DIRECTION ( 'NONE',  ( -1.000000000000000000, -8.462065736472234800E-016, -0.0000000000000000000 ) ) ;
#3681 = ORIENTED_EDGE ( 'NONE', *, *, #3728, .F. ) ;
#3682 = DIRECTION ( 'NONE',  ( 1.000000000000000000, -0.0000000000000000000, -0.0000000000000000000 ) ) ;
#3683 = DIRECTION ( 'NONE',  ( 1.000000000000000000, 0.0000000000000000000, 0.0000000000000000000 ) ) ;
#3684 = LINE ( 'NONE', #4012, #5183 ) ;
#3685 = ORIENTED_EDGE ( 'NONE', *, *, #4956, .T. ) ;
#3686 = CARTESIAN_POINT ( 'NONE',  ( -3.600000000000001400, -4.499999999999999100, -3.850000000000002800 ) ) ;
#3687 = VECTOR ( 'NONE', #2867, 1000.000000000000000 ) ;
#3688 = MECHANICAL_DESIGN_GEOMETRIC_PRESENTATION_REPRESENTATION (  '', ( #2903 ), #1432 ) ;
#3689 = FILL_AREA_STYLE_COLOUR ( '', #1031 ) ;
#3690 = EDGE_CURVE ( 'NONE', #2254, #1282, #5837, .T. ) ;
#3691 = DIRECTION ( 'NONE',  ( 0.0000000000000000000, -1.000000000000000000, -2.409338161078897200E-016 ) ) ;
#3692 = LINE ( 'NONE', #5323, #422 ) ;
#3693 = ORIENTED_EDGE ( 'NONE', *, *, #2802, .T. ) ;
#3694 = LINE ( 'NONE', #1295, #1347 ) ;
#3695 = VECTOR ( 'NONE', #2288, 1000.000000000000000 ) ;
#3696 = COLOUR_RGB ( '',0.7529411764705882200, 0.7529411764705882200, 0.7529411764705882200 ) ;
#3697 = VECTOR ( 'NONE', #4255, 1000.000000000000000 ) ;
#3698 = EDGE_CURVE ( 'NONE', #4636, #253, #4113, .T. ) ;
#3699 = VECTOR ( 'NONE', #5429, 1000.000000000000000 ) ;
#3700 = LINE ( 'NONE', #1748, #4437 ) ;
#3701 = FILL_AREA_STYLE_COLOUR ( '', #702 ) ;
#3702 = CARTESIAN_POINT ( 'NONE',  ( 0.0000000000000000000, -3.750000000000000900, 1.300000000000000300 ) ) ;
#3703 = ORIENTED_EDGE ( 'NONE', *, *, #4832, .F. ) ;
#3704 = UNCERTAINTY_MEASURE_WITH_UNIT (LENGTH_MEASURE( 1.000000000000000100E-005 ), #2772, 'distance_accuracy_value', 'NONE');
#3705 = LINE ( 'NONE', #5726, #4350 ) ;
#3706 = CARTESIAN_POINT ( 'NONE',  ( -15.30000000000000100, -1.300000000000000500, -1.799999999999999600 ) ) ;
#3707 = DIRECTION ( 'NONE',  ( -1.000000000000000000, 0.0000000000000000000, -0.0000000000000000000 ) ) ;
#3708 = EDGE_CURVE ( 'NONE', #2219, #814, #5449, .T. ) ;
#3709 = VERTEX_POINT ( 'NONE', #3844 ) ;
#3710 = EDGE_CURVE ( 'NONE', #5902, #5402, #1982, .T. ) ;
#3711 = LINE ( 'NONE', #4768, #3787 ) ;
#3712 = ORIENTED_EDGE ( 'NONE', *, *, #3997, .T. ) ;
#3713 = EDGE_CURVE ( 'NONE', #3757, #3618, #2593, .T. ) ;
#3714 = ORIENTED_EDGE ( 'NONE', *, *, #3795, .F. ) ;
#3715 = CARTESIAN_POINT ( 'NONE',  ( -0.3000000000000000400, -2.450000000000007300, 1.940000000000000400 ) ) ;
#3716 = CARTESIAN_POINT ( 'NONE',  ( -15.49999999999999600, -3.750000000000007100, 1.950000000000000400 ) ) ;
#3717 = MECHANICAL_DESIGN_GEOMETRIC_PRESENTATION_REPRESENTATION (  '', ( #4277 ), #694 ) ;
#3718 = ORIENTED_EDGE ( 'NONE', *, *, #5276, .T. ) ;
#3719 = LINE ( 'NONE', #4745, #1075 ) ;
#3720 =( NAMED_UNIT ( * ) SI_UNIT ( $, .STERADIAN. ) SOLID_ANGLE_UNIT ( ) );
#3721 = ORIENTED_EDGE ( 'NONE', *, *, #136, .T. ) ;
#3722 = VECTOR ( 'NONE', #725, 1000.000000000000000 ) ;
#3723 = COLOUR_RGB ( '',0.7529411764705882200, 0.7529411764705882200, 0.7529411764705882200 ) ;
#3724 = DIRECTION ( 'NONE',  ( 0.0000000000000000000, 0.0000000000000000000, 1.000000000000000000 ) ) ;
#3725 = SURFACE_SIDE_STYLE ('',( #4251 ) ) ;
#3726 = ORIENTED_EDGE ( 'NONE', *, *, #5636, .F. ) ;
#3727 = LINE ( 'NONE', #4246, #5474 ) ;
#3728 = EDGE_CURVE ( 'NONE', #1526, #514, #4032, .T. ) ;
#3729 = MECHANICAL_DESIGN_GEOMETRIC_PRESENTATION_REPRESENTATION (  '', ( #1632 ), #6098 ) ;
#3730 = EDGE_CURVE ( 'NONE', #6356, #4875, #1810, .T. ) ;
#3731 = CARTESIAN_POINT ( 'NONE',  ( -8.600000000000001400, -4.500000000000001800, -4.850000000000002300 ) ) ;
#3732 = ORIENTED_EDGE ( 'NONE', *, *, #397, .T. ) ;
#3733 = ADVANCED_FACE ( 'NONE', ( #5196 ), #6331, .F. ) ;
#3734 = PLANE ( 'NONE',  #5426 ) ;
#3735 = VECTOR ( 'NONE', #5775, 1000.000000000000000 ) ;
#3736 = COLOUR_RGB ( '',0.7529411764705882200, 0.7529411764705882200, 0.7529411764705882200 ) ;
#3737 = STYLED_ITEM ( 'NONE', ( #1459 ), #4321 ) ;
#3738 = ORIENTED_EDGE ( 'NONE', *, *, #3595, .T. ) ;
#3739 = CARTESIAN_POINT ( 'NONE',  ( -3.849999999999999200, -0.3499999999999980300, -4.050000000000001600 ) ) ;
#3740 = EDGE_CURVE ( 'NONE', #66, #650, #3694, .T. ) ;
#3741 = ORIENTED_EDGE ( 'NONE', *, *, #3341, .T. ) ;
#3742 = ADVANCED_FACE ( 'NONE', ( #6467 ), #2805, .F. ) ;
#3743 = CARTESIAN_POINT ( 'NONE',  ( -6.599999999999999600, -4.200000000000000200, -4.850000000000002300 ) ) ;
#3744 = SURFACE_STYLE_USAGE ( .BOTH. , #1212 ) ;
#3745 = CARTESIAN_POINT ( 'NONE',  ( -10.60000000000000100, -4.400000000000000400, -4.050000000000002500 ) ) ;
#3746 = ADVANCED_FACE ( 'NONE', ( #2663 ), #2311, .T. ) ;
#3747 = CARTESIAN_POINT ( 'NONE',  ( -14.82500000000000100, -1.950000000000000400, -0.04999999999999969700 ) ) ;
#3748 = DIRECTION ( 'NONE',  ( 1.000000000000000000, 0.0000000000000000000, -0.0000000000000000000 ) ) ;
#3749 = CARTESIAN_POINT ( 'NONE',  ( 0.0000000000000000000, 8.673617379884033500E-016, 1.950000000000000400 ) ) ;
#3750 = FACE_OUTER_BOUND ( 'NONE', #5244, .T. ) ;
#3751 = ORIENTED_EDGE ( 'NONE', *, *, #1935, .F. ) ;
#3752 = CARTESIAN_POINT ( 'NONE',  ( -5.399999999999999500, -4.200000000000000200, -4.850000000000002300 ) ) ;
#3753 = PRESENTATION_LAYER_ASSIGNMENT (  '', '', ( #3288 ) ) ;
#3754 = CARTESIAN_POINT ( 'NONE',  ( -15.99999999999999600, -3.750000000000007500, -0.2999999999999999300 ) ) ;
#3755 = PLANE ( 'NONE',  #2111 ) ;
#3756 = DIRECTION ( 'NONE',  ( -0.0000000000000000000, 0.0000000000000000000, 1.000000000000000000 ) ) ;
#3757 = VERTEX_POINT ( 'NONE', #4314 ) ;
#3758 = ADVANCED_FACE ( 'NONE', ( #57 ), #4879, .F. ) ;
#3759 = DIRECTION ( 'NONE',  ( 1.000000000000000000, -0.0000000000000000000, -0.0000000000000000000 ) ) ;
#3760 = EDGE_CURVE ( 'NONE', #3375, #530, #501, .T. ) ;
#3761 = AXIS2_PLACEMENT_3D ( 'NONE', #1910, #1024, #3453 ) ;
#3762 = FACE_OUTER_BOUND ( 'NONE', #5245, .T. ) ;
#3763 = VERTEX_POINT ( 'NONE', #5434 ) ;
#3764 = VECTOR ( 'NONE', #3936, 1000.000000000000000 ) ;
#3765 = FILL_AREA_STYLE_COLOUR ( '', #2269 ) ;
#3766 = VECTOR ( 'NONE', #2318, 1000.000000000000000 ) ;
#3767 =( LENGTH_UNIT ( ) NAMED_UNIT ( * ) SI_UNIT ( .MILLI., .METRE. ) );
#3768 = STYLED_ITEM ( 'NONE', ( #110 ), #1925 ) ;
#3769 = CARTESIAN_POINT ( 'NONE',  ( -8.400000000000000400, -4.200000000000001100, -4.850000000000002300 ) ) ;
#3770 = EDGE_CURVE ( 'NONE', #2799, #448, #807, .T. ) ;
#3771 = EDGE_LOOP ( 'NONE', ( #3376, #6021, #4130, #4451 ) ) ;
#3772 = FILL_AREA_STYLE ('',( #4315 ) ) ;
#3773 = EDGE_CURVE ( 'NONE', #5963, #18, #970, .T. ) ;
#3774 = CARTESIAN_POINT ( 'NONE',  ( -2.600000000000000500, -4.400000000000000400, -3.750000000000004000 ) ) ;
#3775 = SURFACE_STYLE_FILL_AREA ( #5839 ) ;
#3776 = ORIENTED_EDGE ( 'NONE', *, *, #2577, .T. ) ;
#3777 = DIRECTION ( 'NONE',  ( 0.0000000000000000000, 0.0000000000000000000, 1.000000000000000000 ) ) ;
#3778 = EDGE_CURVE ( 'NONE', #5329, #1994, #2362, .T. ) ;
#3779 = FILL_AREA_STYLE_COLOUR ( '', #2576 ) ;
#3780 = VECTOR ( 'NONE', #1879, 1000.000000000000000 ) ;
#3781 = COLOUR_RGB ( '',0.7529411764705882200, 0.7529411764705882200, 0.7529411764705882200 ) ;
#3782 = DIRECTION ( 'NONE',  ( 0.0000000000000000000, -1.000000000000000000, 0.0000000000000000000 ) ) ;
#3783 = FILL_AREA_STYLE_COLOUR ( '', #2638 ) ;
#3784 = DIRECTION ( 'NONE',  ( -1.000000000000000000, -8.462065736472233800E-016, 0.0000000000000000000 ) ) ;
#3785 = CARTESIAN_POINT ( 'NONE',  ( -14.40000000000000200, -4.400000000000000400, -3.749999999999999100 ) ) ;
#3786 = ORIENTED_EDGE ( 'NONE', *, *, #166, .T. ) ;
#3787 = VECTOR ( 'NONE', #830, 1000.000000000000000 ) ;
#3788 = ORIENTED_EDGE ( 'NONE', *, *, #5139, .F. ) ;
#3789 = LINE ( 'NONE', #25, #3875 ) ;
#3790 = VERTEX_POINT ( 'NONE', #1451 ) ;
#3791 = LINE ( 'NONE', #5988, #2765 ) ;
#3792 =( LENGTH_UNIT ( ) NAMED_UNIT ( * ) SI_UNIT ( .MILLI., .METRE. ) );
#3793 = ADVANCED_FACE ( 'NONE', ( #6140 ), #2479, .F. ) ;
#3794 = UNCERTAINTY_MEASURE_WITH_UNIT (LENGTH_MEASURE( 1.000000000000000100E-005 ), #4718, 'distance_accuracy_value', 'NONE');
#3795 = EDGE_CURVE ( 'NONE', #697, #2223, #3625, .T. ) ;
#3796 = ORIENTED_EDGE ( 'NONE', *, *, #315, .T. ) ;
#3797 = LINE ( 'NONE', #6429, #1363 ) ;
#3798 = SURFACE_STYLE_USAGE ( .BOTH. , #1297 ) ;
#3799 = ORIENTED_EDGE ( 'NONE', *, *, #1349, .F. ) ;
#3800 = CARTESIAN_POINT ( 'NONE',  ( -0.3000000000000000400, -2.450000000000007300, 1.940000000000000400 ) ) ;
#3801 = CARTESIAN_POINT ( 'NONE',  ( -5.599999999999998800, -4.500000000000000000, -3.850000000000002800 ) ) ;
#3802 = CARTESIAN_POINT ( 'NONE',  ( -15.50000000000000000, -0.6500000000000064600, -3.449999999999999700 ) ) ;
#3803 =( NAMED_UNIT ( * ) PLANE_ANGLE_UNIT ( ) SI_UNIT ( $, .RADIAN. ) );
#3804 = CARTESIAN_POINT ( 'NONE',  ( 0.0000000000000000000, -0.6500000000000001300, -3.449999999999999700 ) ) ;
#3805 = ORIENTED_EDGE ( 'NONE', *, *, #3177, .F. ) ;
#3806 = EDGE_CURVE ( 'NONE', #3575, #3122, #6218, .T. ) ;
#3807 = CARTESIAN_POINT ( 'NONE',  ( -10.40000000000000200, -4.500000000000002700, -4.850000000000002300 ) ) ;
#3808 = DIRECTION ( 'NONE',  ( -1.000000000000000000, 0.0000000000000000000, -0.0000000000000000000 ) ) ;
#3809 = EDGE_LOOP ( 'NONE', ( #5363, #2601, #4641, #2710 ) ) ;
#3810 =( GEOMETRIC_REPRESENTATION_CONTEXT ( 3 ) GLOBAL_UNCERTAINTY_ASSIGNED_CONTEXT ( ( #6161 ) ) GLOBAL_UNIT_ASSIGNED_CONTEXT ( ( #953, #2898, #2919 ) ) REPRESENTATION_CONTEXT ( 'NONE', 'WORKASPACE' ) );
#3811 = COLOUR_RGB ( '',0.7529411764705882200, 0.7529411764705882200, 0.7529411764705882200 ) ;
#3812 =( NAMED_UNIT ( * ) PLANE_ANGLE_UNIT ( ) SI_UNIT ( $, .RADIAN. ) );
#3813 = ORIENTED_EDGE ( 'NONE', *, *, #5556, .F. ) ;
#3814 = LINE ( 'NONE', #595, #1540 ) ;
#3815 = ORIENTED_EDGE ( 'NONE', *, *, #1570, .T. ) ;
#3816 = SURFACE_SIDE_STYLE ('',( #1072 ) ) ;
#3817 = CARTESIAN_POINT ( 'NONE',  ( -4.950000000000001100, -1.349999999999998300, -1.800000000000000000 ) ) ;
#3818 = AXIS2_PLACEMENT_3D ( 'NONE', #3492, #4001, #5529 ) ;
#3819 = ORIENTED_EDGE ( 'NONE', *, *, #184, .T. ) ;
#3820 = CARTESIAN_POINT ( 'NONE',  ( -15.49999999999999600, -3.750000000000007100, 1.950000000000000400 ) ) ;
#3821 = VERTEX_POINT ( 'NONE', #5483 ) ;
#3822 = AXIS2_PLACEMENT_3D ( 'NONE', #2195, #945, #2371 ) ;
#3823 = DIRECTION ( 'NONE',  ( -0.0000000000000000000, 0.0000000000000000000, 1.000000000000000000 ) ) ;
#3824 =( GEOMETRIC_REPRESENTATION_CONTEXT ( 3 ) GLOBAL_UNCERTAINTY_ASSIGNED_CONTEXT ( ( #4692 ) ) GLOBAL_UNIT_ASSIGNED_CONTEXT ( ( #3372, #6340, #4940 ) ) REPRESENTATION_CONTEXT ( 'NONE', 'WORKASPACE' ) );
#3825 = CARTESIAN_POINT ( 'NONE',  ( -7.599999999999999600, -4.200000000000000200, -3.950000000000002000 ) ) ;
#3826 = EDGE_LOOP ( 'NONE', ( #5519, #5631, #3613, #6101, #4949, #3623 ) ) ;
#3827 =( LENGTH_UNIT ( ) NAMED_UNIT ( * ) SI_UNIT ( .MILLI., .METRE. ) );
#3828 = SURFACE_SIDE_STYLE ('',( #2240 ) ) ;
#3829 = CARTESIAN_POINT ( 'NONE',  ( -0.5000000000000000000, -2.450000000000007300, 1.940000000000000400 ) ) ;
#3830 = CARTESIAN_POINT ( 'NONE',  ( -0.3000000000000000400, -2.450000000000007300, 1.300000000000000300 ) ) ;
#3831 = ORIENTED_EDGE ( 'NONE', *, *, #5374, .T. ) ;
#3832 = FILL_AREA_STYLE ('',( #3783 ) ) ;
#3833 = VECTOR ( 'NONE', #4526, 1000.000000000000000 ) ;
#3834 = ADVANCED_FACE ( 'NONE', ( #3397 ), #2432, .F. ) ;
#3835 = VERTEX_POINT ( 'NONE', #443 ) ;
#3836 =( LENGTH_UNIT ( ) NAMED_UNIT ( * ) SI_UNIT ( .MILLI., .METRE. ) );
#3837 = PLANE ( 'NONE',  #6222 ) ;
#3838 = ORIENTED_EDGE ( 'NONE', *, *, #717, .T. ) ;
#3839 = LINE ( 'NONE', #4366, #3124 ) ;
#3840 = DIRECTION ( 'NONE',  ( -1.000000000000000000, 0.0000000000000000000, 0.0000000000000000000 ) ) ;
#3841 =( NAMED_UNIT ( * ) SI_UNIT ( $, .STERADIAN. ) SOLID_ANGLE_UNIT ( ) );
#3842 = ORIENTED_EDGE ( 'NONE', *, *, #3317, .T. ) ;
#3843 = DIRECTION ( 'NONE',  ( -0.0000000000000000000, 0.0000000000000000000, 1.000000000000000000 ) ) ;
#3844 = CARTESIAN_POINT ( 'NONE',  ( -0.2999999999999998200, -1.300000000000000500, 1.950000000000000400 ) ) ;
#3845 = ORIENTED_EDGE ( 'NONE', *, *, #1446, .T. ) ;
#3846 = DIRECTION ( 'NONE',  ( 0.0000000000000000000, 0.0000000000000000000, 1.000000000000000000 ) ) ;
#3847 = LINE ( 'NONE', #6208, #4724 ) ;
#3848 = ORIENTED_EDGE ( 'NONE', *, *, #876, .T. ) ;
#3849 = DIRECTION ( 'NONE',  ( 0.0000000000000000000, 0.7071067811865470200, 0.7071067811865481300 ) ) ;
#3850 = CARTESIAN_POINT ( 'NONE',  ( -9.600000000000003200, -4.200000000000001100, -4.050000000000002500 ) ) ;
#3851 = LINE ( 'NONE', #15, #2907 ) ;
#3852 = DIRECTION ( 'NONE',  ( 0.0000000000000000000, -3.854941057726238100E-016, -1.000000000000000000 ) ) ;
#3853 = CARTESIAN_POINT ( 'NONE',  ( -3.400000000000001700, -3.449999999999995300, -4.050000000000002500 ) ) ;
#3854 = ORIENTED_EDGE ( 'NONE', *, *, #2125, .T. ) ;
#3855 = VECTOR ( 'NONE', #2787, 1000.000000000000000 ) ;
#3856 = CARTESIAN_POINT ( 'NONE',  ( -8.600000000000001400, -4.500000000000001800, -3.850000000000002800 ) ) ;
#3857 =( NAMED_UNIT ( * ) PLANE_ANGLE_UNIT ( ) SI_UNIT ( $, .RADIAN. ) );
#3858 = MECHANICAL_DESIGN_GEOMETRIC_PRESENTATION_REPRESENTATION (  '', ( #387 ), #3640 ) ;
#3859 = CARTESIAN_POINT ( 'NONE',  ( -9.600000000000003200, -4.500000000000001800, -4.850000000000002300 ) ) ;
#3860 = ORIENTED_EDGE ( 'NONE', *, *, #6039, .T. ) ;
#3861 = PRESENTATION_STYLE_ASSIGNMENT (( #1911 ) ) ;
#3862 = LINE ( 'NONE', #1085, #1348 ) ;
#3863 = STYLED_ITEM ( 'NONE', ( #502 ), #287 ) ;
#3864 = EDGE_CURVE ( 'NONE', #2481, #5008, #4249, .T. ) ;
#3865 = VECTOR ( 'NONE', #2307, 1000.000000000000000 ) ;
#3866 = ORIENTED_EDGE ( 'NONE', *, *, #89, .F. ) ;
#3867 = DIRECTION ( 'NONE',  ( 0.0000000000000000000, -1.000000000000000000, 0.0000000000000000000 ) ) ;
#3868 = LINE ( 'NONE', #2752, #1517 ) ;
#3869 = SURFACE_SIDE_STYLE ('',( #4104 ) ) ;
#3870 = CARTESIAN_POINT ( 'NONE',  ( -0.3000000000000000400, -3.750000000000000900, -0.2599999999999996800 ) ) ;
#3871 = EDGE_CURVE ( 'NONE', #6341, #6130, #640, .T. ) ;
#3872 =( NAMED_UNIT ( * ) SI_UNIT ( $, .STERADIAN. ) SOLID_ANGLE_UNIT ( ) );
#3873 =( LENGTH_UNIT ( ) NAMED_UNIT ( * ) SI_UNIT ( .MILLI., .METRE. ) );
#3874 = SURFACE_STYLE_USAGE ( .BOTH. , #4415 ) ;
#3875 = VECTOR ( 'NONE', #959, 1000.000000000000000 ) ;
#3876 = CARTESIAN_POINT ( 'NONE',  ( -3.600000000000001400, -4.499999999999999100, -3.850000000000002800 ) ) ;
#3877 = DIRECTION ( 'NONE',  ( 0.0000000000000000000, 0.0000000000000000000, -1.000000000000000000 ) ) ;
#3878 = ORIENTED_EDGE ( 'NONE', *, *, #5068, .F. ) ;
#3879 = ORIENTED_EDGE ( 'NONE', *, *, #1688, .T. ) ;
#3880 = CARTESIAN_POINT ( 'NONE',  ( -10.60000000000000100, -4.200000000000002000, -4.050000000000002500 ) ) ;
#3881 = CARTESIAN_POINT ( 'NONE',  ( -9.600000000000003200, -4.200000000000001100, -3.950000000000002000 ) ) ;
#3882 = ORIENTED_EDGE ( 'NONE', *, *, #4798, .F. ) ;
#3883 = LINE ( 'NONE', #5151, #1530 ) ;
#3884 = EDGE_CURVE ( 'NONE', #1670, #5526, #4506, .T. ) ;
#3885 = UNCERTAINTY_MEASURE_WITH_UNIT (LENGTH_MEASURE( 1.000000000000000100E-005 ), #4375, 'distance_accuracy_value', 'NONE');
#3886 = CARTESIAN_POINT ( 'NONE',  ( -14.82500000000000100, -2.100000000000000100, -2.600000000000000100 ) ) ;
#3887 = VECTOR ( 'NONE', #5342, 1000.000000000000000 ) ;
#3888 = PRESENTATION_STYLE_ASSIGNMENT (( #6414 ) ) ;
#3889 =( LENGTH_UNIT ( ) NAMED_UNIT ( * ) SI_UNIT ( .MILLI., .METRE. ) );
#3890 = ORIENTED_EDGE ( 'NONE', *, *, #4640, .F. ) ;
#3891 = CARTESIAN_POINT ( 'NONE',  ( -5.599999999999998800, -4.500000000000000000, -4.850000000000002300 ) ) ;
#3892 = LINE ( 'NONE', #1896, #665 ) ;
#3893 = AXIS2_PLACEMENT_3D ( 'NONE', #5131, #5638, #4163 ) ;
#3894 = VECTOR ( 'NONE', #5959, 1000.000000000000000 ) ;
#3895 = SURFACE_SIDE_STYLE ('',( #2544 ) ) ;
#3896 = CARTESIAN_POINT ( 'NONE',  ( -0.5000000000000000000, -2.450000000000000600, 1.300000000000000300 ) ) ;
#3897 = CARTESIAN_POINT ( 'NONE',  ( -9.600000000000003200, -4.200000000000001100, -4.850000000000002300 ) ) ;
#3898 = VERTEX_POINT ( 'NONE', #3583 ) ;
#3899 = DIRECTION ( 'NONE',  ( 0.0000000000000000000, -1.000000000000000000, 0.0000000000000000000 ) ) ;
#3900 = DIRECTION ( 'NONE',  ( 1.000000000000000000, -0.0000000000000000000, -0.0000000000000000000 ) ) ;
#3901 = CARTESIAN_POINT ( 'NONE',  ( -15.49999999999999600, -4.400000000000007500, 1.950000000000000000 ) ) ;
#3902 = PRESENTATION_LAYER_ASSIGNMENT (  '', '', ( #1004 ) ) ;
#3903 = DIRECTION ( 'NONE',  ( 0.0000000000000000000, 0.7071067811865470200, 0.7071067811865481300 ) ) ;
#3904 = ORIENTED_EDGE ( 'NONE', *, *, #5267, .F. ) ;
#3905 = EDGE_CURVE ( 'NONE', #4201, #4804, #2834, .T. ) ;
#3906 = AXIS2_PLACEMENT_3D ( 'NONE', #1955, #2926, #2971 ) ;
#3907 = ORIENTED_EDGE ( 'NONE', *, *, #2204, .F. ) ;
#3908 = CARTESIAN_POINT ( 'NONE',  ( -15.49999999999999600, -4.400000000000007500, 1.940000000000000400 ) ) ;
#3909 = ORIENTED_EDGE ( 'NONE', *, *, #1555, .T. ) ;
#3910 = CARTESIAN_POINT ( 'NONE',  ( -10.40000000000000200, -3.449999999999998800, -3.950000000000002000 ) ) ;
#3911 = DIRECTION ( 'NONE',  ( -1.000000000000000000, 0.0000000000000000000, 0.0000000000000000000 ) ) ;
#3912 = VERTEX_POINT ( 'NONE', #1026 ) ;
#3913 = LINE ( 'NONE', #943, #2803 ) ;
#3914 = PLANE ( 'NONE',  #3761 ) ;
#3915 = CARTESIAN_POINT ( 'NONE',  ( -14.82500000000000100, -0.6000000000000009800, -4.173411897755954700 ) ) ;
#3916 = CARTESIAN_POINT ( 'NONE',  ( 0.0000000000000000000, -4.400000000000000400, 1.950000000000000000 ) ) ;
#3917 = VERTEX_POINT ( 'NONE', #6007 ) ;
#3918 = EDGE_CURVE ( 'NONE', #1699, #4089, #4174, .T. ) ;
#3919 = STYLED_ITEM ( 'NONE', ( #3333 ), #5263 ) ;
#3920 = UNCERTAINTY_MEASURE_WITH_UNIT (LENGTH_MEASURE( 1.000000000000000100E-005 ), #5855, 'distance_accuracy_value', 'NONE');
#3921 = CARTESIAN_POINT ( 'NONE',  ( -8.400000000000000400, -4.500000000000001800, -4.850000000000002300 ) ) ;
#3922 = SURFACE_STYLE_FILL_AREA ( #4323 ) ;
#3923 = VECTOR ( 'NONE', #3223, 1000.000000000000000 ) ;
#3924 =( LENGTH_UNIT ( ) NAMED_UNIT ( * ) SI_UNIT ( .MILLI., .METRE. ) );
#3925 = CARTESIAN_POINT ( 'NONE',  ( -16.00000000000000000, -4.400000000000000400, 1.950000000000000000 ) ) ;
#3926 = LINE ( 'NONE', #5803, #2572 ) ;
#3927 = UNCERTAINTY_MEASURE_WITH_UNIT (LENGTH_MEASURE( 1.000000000000000100E-005 ), #168, 'distance_accuracy_value', 'NONE');
#3928 = AXIS2_PLACEMENT_3D ( 'NONE', #1422, #2428, #1357 ) ;
#3929 = DIRECTION ( 'NONE',  ( -1.000000000000000000, 0.0000000000000000000, 0.0000000000000000000 ) ) ;
#3930 = COLOUR_RGB ( '',0.7529411764705882200, 0.7529411764705882200, 0.7529411764705882200 ) ;
#3931 = VERTEX_POINT ( 'NONE', #4561 ) ;
#3932 = CARTESIAN_POINT ( 'NONE',  ( -14.60000000000000100, -4.200000000000003700, -4.050000000000002500 ) ) ;
#3933 = PRESENTATION_STYLE_ASSIGNMENT (( #4634 ) ) ;
#3934 = DIRECTION ( 'NONE',  ( 0.0000000000000000000, -1.000000000000000000, -0.0000000000000000000 ) ) ;
#3935 = EDGE_CURVE ( 'NONE', #4229, #4812, #426, .T. ) ;
#3936 = DIRECTION ( 'NONE',  ( 1.000000000000000000, -0.0000000000000000000, -0.0000000000000000000 ) ) ;
#3937 = DIRECTION ( 'NONE',  ( 1.000000000000000000, 0.0000000000000000000, 0.0000000000000000000 ) ) ;
#3938 = EDGE_CURVE ( 'NONE', #4998, #4488, #572, .T. ) ;
#3939 = VECTOR ( 'NONE', #5136, 1000.000000000000000 ) ;
#3940 = ORIENTED_EDGE ( 'NONE', *, *, #4837, .F. ) ;
#3941 = LINE ( 'NONE', #6452, #1258 ) ;
#3942 = DIRECTION ( 'NONE',  ( 1.000000000000000000, 0.0000000000000000000, 0.0000000000000000000 ) ) ;
#3943 = MECHANICAL_DESIGN_GEOMETRIC_PRESENTATION_REPRESENTATION (  '', ( #2927 ), #3810 ) ;
#3944 = EDGE_LOOP ( 'NONE', ( #2633, #2862, #6194, #5762, #703, #3109 ) ) ;
#3945 = DIRECTION ( 'NONE',  ( 0.0000000000000000000, 1.000000000000000000, 0.0000000000000000000 ) ) ;
#3946 = LINE ( 'NONE', #5585, #4338 ) ;
#3947 = LINE ( 'NONE', #1468, #6224 ) ;
#3948 =( NAMED_UNIT ( * ) SI_UNIT ( $, .STERADIAN. ) SOLID_ANGLE_UNIT ( ) );
#3949 = ORIENTED_EDGE ( 'NONE', *, *, #6211, .T. ) ;
#3950 = SURFACE_STYLE_FILL_AREA ( #3471 ) ;
#3951 = SURFACE_STYLE_FILL_AREA ( #2086 ) ;
#3952 = CARTESIAN_POINT ( 'NONE',  ( -7.400000000000000400, -4.200000000000000200, -4.050000000000002500 ) ) ;
#3953 = PRESENTATION_STYLE_ASSIGNMENT (( #5127 ) ) ;
#3954 = ORIENTED_EDGE ( 'NONE', *, *, #5894, .F. ) ;
#3955 = PRESENTATION_LAYER_ASSIGNMENT (  '', '', ( #1340 ) ) ;
#3956 = COLOUR_RGB ( '',0.7529411764705882200, 0.7529411764705882200, 0.7529411764705882200 ) ;
#3957 = DIRECTION ( 'NONE',  ( 0.0000000000000000000, 0.0000000000000000000, 1.000000000000000000 ) ) ;
#3958 = EDGE_CURVE ( 'NONE', #3618, #4980, #6293, .T. ) ;
#3959 = VERTEX_POINT ( 'NONE', #43 ) ;
#3960 =( LENGTH_UNIT ( ) NAMED_UNIT ( * ) SI_UNIT ( .MILLI., .METRE. ) );
#3961 = CARTESIAN_POINT ( 'NONE',  ( -14.60000000000000100, -4.400000000000000400, -4.050000000000002500 ) ) ;
#3962 = EDGE_LOOP ( 'NONE', ( #46, #5203, #3278, #767 ) ) ;
#3963 = PLANE ( 'NONE',  #3906 ) ;
#3964 = AXIS2_PLACEMENT_3D ( 'NONE', #3442, #466, #4499 ) ;
#3965 = CARTESIAN_POINT ( 'NONE',  ( -4.950000000000001100, -1.349999999999998300, -1.800000000000000000 ) ) ;
#3966 = ORIENTED_EDGE ( 'NONE', *, *, #1637, .T. ) ;
#3967 = EDGE_LOOP ( 'NONE', ( #5810, #2139, #5101, #2074 ) ) ;
#3968 = ADVANCED_FACE ( 'NONE', ( #1502 ), #2038, .F. ) ;
#3969 = VECTOR ( 'NONE', #3840, 1000.000000000000000 ) ;
#3970 = DIRECTION ( 'NONE',  ( 1.000000000000000000, 0.0000000000000000000, 0.0000000000000000000 ) ) ;
#3971 = ORIENTED_EDGE ( 'NONE', *, *, #4167, .T. ) ;
#3972 = LINE ( 'NONE', #1192, #5859 ) ;
#3973 = FACE_OUTER_BOUND ( 'NONE', #5675, .T. ) ;
#3974 = ORIENTED_EDGE ( 'NONE', *, *, #4408, .F. ) ;
#3975 = CARTESIAN_POINT ( 'NONE',  ( -6.599999999999999600, -4.200000000000000200, -4.850000000000002300 ) ) ;
#3976 = COLOUR_RGB ( '',0.7529411764705882200, 0.7529411764705882200, 0.7529411764705882200 ) ;
#3977 = ORIENTED_EDGE ( 'NONE', *, *, #558, .F. ) ;
#3978 = SURFACE_STYLE_FILL_AREA ( #1572 ) ;
#3979 = CARTESIAN_POINT ( 'NONE',  ( -4.599999999999999600, -4.400000000000000400, -3.750000000000003600 ) ) ;
#3980 = CARTESIAN_POINT ( 'NONE',  ( -6.599999999999999600, -4.200000000000000200, -3.950000000000002000 ) ) ;
#3981 =( LENGTH_UNIT ( ) NAMED_UNIT ( * ) SI_UNIT ( .MILLI., .METRE. ) );
#3982 = ORIENTED_EDGE ( 'NONE', *, *, #1769, .F. ) ;
#3983 = AXIS2_PLACEMENT_3D ( 'NONE', #4886, #5368, #377 ) ;
#3984 = ORIENTED_EDGE ( 'NONE', *, *, #4560, .F. ) ;
#3985 = DIRECTION ( 'NONE',  ( -0.0000000000000000000, 0.0000000000000000000, 1.000000000000000000 ) ) ;
#3986 = FILL_AREA_STYLE ('',( #488 ) ) ;
#3987 = EDGE_LOOP ( 'NONE', ( #3506, #1717, #3554, #2859 ) ) ;
#3988 = CARTESIAN_POINT ( 'NONE',  ( -0.5000000000000000000, -3.750000000000000900, -0.2999999999999999300 ) ) ;
#3989 = PRESENTATION_STYLE_ASSIGNMENT (( #3294 ) ) ;
#3990 =( GEOMETRIC_REPRESENTATION_CONTEXT ( 3 ) GLOBAL_UNCERTAINTY_ASSIGNED_CONTEXT ( ( #1761 ) ) GLOBAL_UNIT_ASSIGNED_CONTEXT ( ( #3981, #2947, #1972 ) ) REPRESENTATION_CONTEXT ( 'NONE', 'WORKASPACE' ) );
#3991 = CARTESIAN_POINT ( 'NONE',  ( -11.05000000000000100, -1.350000000000001000, -1.800000000000000000 ) ) ;
#3992 = ORIENTED_EDGE ( 'NONE', *, *, #632, .T. ) ;
#3993 = CARTESIAN_POINT ( 'NONE',  ( -1.174999999999999800, -2.100000000000000100, -0.04999999999999969700 ) ) ;
#3994 = VERTEX_POINT ( 'NONE', #4096 ) ;
#3995 = VECTOR ( 'NONE', #5968, 1000.000000000000000 ) ;
#3996 = CARTESIAN_POINT ( 'NONE',  ( -2.600000000000000500, -4.199999999999999300, -3.950000000000002000 ) ) ;
#3997 = EDGE_CURVE ( 'NONE', #348, #1858, #5268, .T. ) ;
#3998 = STYLED_ITEM ( 'NONE', ( #2831 ), #1539 ) ;
#3999 = UNCERTAINTY_MEASURE_WITH_UNIT (LENGTH_MEASURE( 1.000000000000000100E-005 ), #2400, 'distance_accuracy_value', 'NONE');
#4000 = VECTOR ( 'NONE', #5610, 1000.000000000000000 ) ;
#4001 = DIRECTION ( 'NONE',  ( -1.000000000000000000, 0.0000000000000000000, 0.0000000000000000000 ) ) ;
#4002 = FACE_OUTER_BOUND ( 'NONE', #5287, .T. ) ;
#4003 = CARTESIAN_POINT ( 'NONE',  ( -15.30000000000000100, -2.100000000000000100, -1.799999999999999600 ) ) ;
#4004 = CARTESIAN_POINT ( 'NONE',  ( -4.950000000000001100, -1.799999999999998900, -0.6099999999999999900 ) ) ;
#4005 = ORIENTED_EDGE ( 'NONE', *, *, #802, .T. ) ;
#4006 = AXIS2_PLACEMENT_3D ( 'NONE', #3240, #4720, #752 ) ;
#4007 = MECHANICAL_DESIGN_GEOMETRIC_PRESENTATION_REPRESENTATION (  '', ( #6139 ), #6065 ) ;
#4008 = CARTESIAN_POINT ( 'NONE',  ( -7.400000000000000400, -4.200000000000000200, -3.950000000000002000 ) ) ;
#4009 = VECTOR ( 'NONE', #2688, 1000.000000000000000 ) ;
#4010 =( NAMED_UNIT ( * ) PLANE_ANGLE_UNIT ( ) SI_UNIT ( $, .RADIAN. ) );
#4011 = ORIENTED_EDGE ( 'NONE', *, *, #5562, .T. ) ;
#4012 = CARTESIAN_POINT ( 'NONE',  ( -0.3000000000000000400, -2.450000000000007300, 1.940000000000000400 ) ) ;
#4013 = VERTEX_POINT ( 'NONE', #107 ) ;
#4014 = DIRECTION ( 'NONE',  ( 0.0000000000000000000, 1.000000000000000000, 0.0000000000000000000 ) ) ;
#4015 = DIRECTION ( 'NONE',  ( -0.0000000000000000000, -0.0000000000000000000, 1.000000000000000000 ) ) ;
#4016 = ADVANCED_FACE ( 'NONE', ( #5738 ), #6047, .F. ) ;
#4017 = CARTESIAN_POINT ( 'NONE',  ( -4.599999999999999600, -4.500000000000000000, -3.850000000000002800 ) ) ;
#4018 = CARTESIAN_POINT ( 'NONE',  ( -0.6999999999999998400, -0.6000000000000009800, -4.173411897755956400 ) ) ;
#4019 = ORIENTED_EDGE ( 'NONE', *, *, #1091, .T. ) ;
#4020 = EDGE_CURVE ( 'NONE', #362, #2309, #3946, .T. ) ;
#4021 = CARTESIAN_POINT ( 'NONE',  ( -15.30000000000000100, -2.100000000000000100, -1.799999999999999600 ) ) ;
#4022 = VECTOR ( 'NONE', #2444, 1000.000000000000000 ) ;
#4023 = LINE ( 'NONE', #1101, #256 ) ;
#4024 = CARTESIAN_POINT ( 'NONE',  ( -6.599999999999999600, -4.500000000000000900, -4.850000000000002300 ) ) ;
#4025 = ORIENTED_EDGE ( 'NONE', *, *, #1601, .T. ) ;
#4026 = LINE ( 'NONE', #2515, #2658 ) ;
#4027 = CARTESIAN_POINT ( 'NONE',  ( -8.600000000000001400, -4.200000000000001100, -4.850000000000002300 ) ) ;
#4028 = DIRECTION ( 'NONE',  ( 1.000000000000000000, -0.0000000000000000000, 0.0000000000000000000 ) ) ;
#4029 = CARTESIAN_POINT ( 'NONE',  ( -2.600000000000000500, -4.199999999999999300, -4.850000000000002300 ) ) ;
#4030 = VERTEX_POINT ( 'NONE', #3514 ) ;
#4031 = EDGE_CURVE ( 'NONE', #6022, #5324, #4109, .T. ) ;
#4032 = LINE ( 'NONE', #2337, #5357 ) ;
#4033 = MECHANICAL_DESIGN_GEOMETRIC_PRESENTATION_REPRESENTATION (  '', ( #3348 ), #5046 ) ;
#4034 =( NAMED_UNIT ( * ) PLANE_ANGLE_UNIT ( ) SI_UNIT ( $, .RADIAN. ) );
#4035 = PRESENTATION_STYLE_ASSIGNMENT (( #2829 ) ) ;
#4036 = CARTESIAN_POINT ( 'NONE',  ( -3.600000000000001400, -4.499999999999999100, -4.850000000000002300 ) ) ;
#4037 = VECTOR ( 'NONE', #3523, 1000.000000000000000 ) ;
#4038 = VECTOR ( 'NONE', #5243, 1000.000000000000000 ) ;
#4039 = DIRECTION ( 'NONE',  ( 0.0000000000000000000, 0.7071067811865470200, 0.7071067811865481300 ) ) ;
#4040 = DIRECTION ( 'NONE',  ( 0.0000000000000000000, 1.000000000000000000, -0.0000000000000000000 ) ) ;
#4041 = ORIENTED_EDGE ( 'NONE', *, *, #3147, .T. ) ;
#4042 = VECTOR ( 'NONE', #146, 1000.000000000000000 ) ;
#4043 =( NAMED_UNIT ( * ) SI_UNIT ( $, .STERADIAN. ) SOLID_ANGLE_UNIT ( ) );
#4044 = VECTOR ( 'NONE', #2373, 1000.000000000000000 ) ;
#4045 = SURFACE_STYLE_FILL_AREA ( #2526 ) ;
#4046 = PRESENTATION_STYLE_ASSIGNMENT (( #6144 ) ) ;
#4047 = EDGE_LOOP ( 'NONE', ( #3573, #5843, #711, #901 ) ) ;
#4048 = SURFACE_STYLE_FILL_AREA ( #2370 ) ;
#4049 =( NAMED_UNIT ( * ) SI_UNIT ( $, .STERADIAN. ) SOLID_ANGLE_UNIT ( ) );
#4050 = ORIENTED_EDGE ( 'NONE', *, *, #1595, .F. ) ;
#4051 = VECTOR ( 'NONE', #3846, 1000.000000000000000 ) ;
#4052 = ADVANCED_FACE ( 'NONE', ( #5915 ), #5042, .T. ) ;
#4053 = PRESENTATION_LAYER_ASSIGNMENT (  '', '', ( #3655 ) ) ;
#4054 = PLANE ( 'NONE',  #3818 ) ;
#4055 = ORIENTED_EDGE ( 'NONE', *, *, #1938, .F. ) ;
#4056 = SURFACE_SIDE_STYLE ('',( #187 ) ) ;
#4057 = FACE_OUTER_BOUND ( 'NONE', #5667, .T. ) ;
#4058 = EDGE_CURVE ( 'NONE', #3677, #212, #52, .T. ) ;
#4059 = UNCERTAINTY_MEASURE_WITH_UNIT (LENGTH_MEASURE( 1.000000000000000100E-005 ), #3767, 'distance_accuracy_value', 'NONE');
#4060 = VERTEX_POINT ( 'NONE', #2016 ) ;
#4061 = DIRECTION ( 'NONE',  ( 0.0000000000000000000, -1.000000000000000000, 0.0000000000000000000 ) ) ;
#4062 = EDGE_CURVE ( 'NONE', #3835, #847, #3216, .T. ) ;
#4063 = SURFACE_STYLE_USAGE ( .BOTH. , #75 ) ;
#4064 = EDGE_LOOP ( 'NONE', ( #2024, #2205, #5119, #1605, #2336, #5627 ) ) ;
#4065 = VECTOR ( 'NONE', #3606, 1000.000000000000000 ) ;
#4066 = SURFACE_STYLE_USAGE ( .BOTH. , #3588 ) ;
#4067 = EDGE_CURVE ( 'NONE', #1319, #1550, #1587, .T. ) ;
#4068 = MECHANICAL_DESIGN_GEOMETRIC_PRESENTATION_REPRESENTATION (  '', ( #3229 ), #4253 ) ;
#4069 = ORIENTED_EDGE ( 'NONE', *, *, #4062, .T. ) ;
#4070 = PRESENTATION_STYLE_ASSIGNMENT (( #749 ) ) ;
#4071 = EDGE_CURVE ( 'NONE', #3508, #3654, #2996, .T. ) ;
#4072 = VERTEX_POINT ( 'NONE', #5124 ) ;
#4073 = DIRECTION ( 'NONE',  ( 0.0000000000000000000, -0.0000000000000000000, 1.000000000000000000 ) ) ;
#4074 = EDGE_CURVE ( 'NONE', #5225, #4229, #3077, .T. ) ;
#4075 = CARTESIAN_POINT ( 'NONE',  ( -15.49999999999999600, -3.750000000000007100, -0.2999999999999999300 ) ) ;
#4076 = DIRECTION ( 'NONE',  ( 1.000000000000000000, 0.0000000000000000000, -0.0000000000000000000 ) ) ;
#4077 = EDGE_LOOP ( 'NONE', ( #5873, #3645, #6292, #1269 ) ) ;
#4078 = EDGE_CURVE ( 'NONE', #5933, #5724, #1267, .T. ) ;
#4079 =( LENGTH_UNIT ( ) NAMED_UNIT ( * ) SI_UNIT ( .MILLI., .METRE. ) );
#4080 = DIRECTION ( 'NONE',  ( 0.0000000000000000000, -1.000000000000000000, 0.0000000000000000000 ) ) ;
#4081 = EDGE_LOOP ( 'NONE', ( #1873, #305, #2655, #2265, #2375, #3162 ) ) ;
#4082 = FILL_AREA_STYLE ('',( #3037 ) ) ;
#4083 = LINE ( 'NONE', #5491, #545 ) ;
#4084 = EDGE_LOOP ( 'NONE', ( #2487, #1643, #2211, #1121 ) ) ;
#4085 = PLANE ( 'NONE',  #2696 ) ;
#4086 = EDGE_LOOP ( 'NONE', ( #471, #6232, #4923, #3954, #4971, #1198 ) ) ;
#4087 = EDGE_CURVE ( 'NONE', #56, #6334, #1655, .T. ) ;
#4088 = CARTESIAN_POINT ( 'NONE',  ( -7.599999999999999600, -4.500000000000000900, -4.850000000000002300 ) ) ;
#4089 = VERTEX_POINT ( 'NONE', #2087 ) ;
#4090 = CARTESIAN_POINT ( 'NONE',  ( -8.600000000000001400, -4.500000000000001800, -4.850000000000002300 ) ) ;
#4091 = EDGE_CURVE ( 'NONE', #2481, #5054, #4987, .T. ) ;
#4092 = CARTESIAN_POINT ( 'NONE',  ( -15.70000000000000300, -1.300000000000000500, -1.799999999999999600 ) ) ;
#4093 = VECTOR ( 'NONE', #6286, 1000.000000000000000 ) ;
#4094 = SURFACE_SIDE_STYLE ('',( #2520 ) ) ;
#4095 = CARTESIAN_POINT ( 'NONE',  ( -12.15000000000000200, -1.800000000000000700, -0.04999999999999969700 ) ) ;
#4096 = CARTESIAN_POINT ( 'NONE',  ( -15.99999999999999600, -4.400000000000008300, -0.2999999999999999300 ) ) ;
#4097 = ORIENTED_EDGE ( 'NONE', *, *, #2480, .T. ) ;
#4098 = UNCERTAINTY_MEASURE_WITH_UNIT (LENGTH_MEASURE( 1.000000000000000100E-005 ), #1059, 'distance_accuracy_value', 'NONE');
#4099 = SURFACE_STYLE_FILL_AREA ( #513 ) ;
#4100 =( GEOMETRIC_REPRESENTATION_CONTEXT ( 3 ) GLOBAL_UNCERTAINTY_ASSIGNED_CONTEXT ( ( #2207 ) ) GLOBAL_UNIT_ASSIGNED_CONTEXT ( ( #1102, #584, #1588 ) ) REPRESENTATION_CONTEXT ( 'NONE', 'WORKASPACE' ) );
#4101 = CARTESIAN_POINT ( 'NONE',  ( -15.69999999999999900, -2.450000000000013900, 1.940000000000000400 ) ) ;
#4102 = DIRECTION ( 'NONE',  ( -1.000000000000000000, 0.0000000000000000000, 0.0000000000000000000 ) ) ;
#4103 = SURFACE_SIDE_STYLE ('',( #724 ) ) ;
#4104 = SURFACE_STYLE_FILL_AREA ( #2882 ) ;
#4105 = VERTEX_POINT ( 'NONE', #3876 ) ;
#4106 = CARTESIAN_POINT ( 'NONE',  ( -0.3000000000000000400, -4.500000000000000900, -0.2599999999999996200 ) ) ;
#4107 = VECTOR ( 'NONE', #499, 1000.000000000000000 ) ;
#4108 = ORIENTED_EDGE ( 'NONE', *, *, #2522, .F. ) ;
#4109 = LINE ( 'NONE', #4004, #5351 ) ;
#4110 = SURFACE_STYLE_USAGE ( .BOTH. , #615 ) ;
#4111 = MECHANICAL_DESIGN_GEOMETRIC_PRESENTATION_REPRESENTATION (  '', ( #176 ), #5664 ) ;
#4112 = ORIENTED_EDGE ( 'NONE', *, *, #5991, .T. ) ;
#4113 = LINE ( 'NONE', #1338, #5365 ) ;
#4114 = LINE ( 'NONE', #1993, #5277 ) ;
#4115 = DIRECTION ( 'NONE',  ( 1.000000000000000000, -0.0000000000000000000, -0.0000000000000000000 ) ) ;
#4116 = VECTOR ( 'NONE', #3359, 1000.000000000000000 ) ;
#4117 = DIRECTION ( 'NONE',  ( 0.0000000000000000000, -1.000000000000000000, 0.0000000000000000000 ) ) ;
#4118 = DIRECTION ( 'NONE',  ( -0.0000000000000000000, 0.0000000000000000000, 1.000000000000000000 ) ) ;
#4119 = VERTEX_POINT ( 'NONE', #2816 ) ;
#4120 = COLOUR_RGB ( '',0.7529411764705882200, 0.7529411764705882200, 0.7529411764705882200 ) ;
#4121 = CARTESIAN_POINT ( 'NONE',  ( -15.50000000000000000, -6.579224509580426600E-015, -2.149999999999999900 ) ) ;
#4122 = CARTESIAN_POINT ( 'NONE',  ( -9.600000000000003200, -4.200000000000001100, -4.850000000000002300 ) ) ;
#4123 = ORIENTED_EDGE ( 'NONE', *, *, #3740, .T. ) ;
#4124 = DIRECTION ( 'NONE',  ( 0.0000000000000000000, 0.0000000000000000000, 1.000000000000000000 ) ) ;
#4125 = UNCERTAINTY_MEASURE_WITH_UNIT (LENGTH_MEASURE( 1.000000000000000100E-005 ), #129, 'distance_accuracy_value', 'NONE');
#4126 = ORIENTED_EDGE ( 'NONE', *, *, #6135, .T. ) ;
#4127 = MECHANICAL_DESIGN_GEOMETRIC_PRESENTATION_REPRESENTATION (  '', ( #4562 ), #2079 ) ;
#4128 = EDGE_CURVE ( 'NONE', #375, #2244, #5994, .T. ) ;
#4129 = VECTOR ( 'NONE', #4919, 1000.000000000000000 ) ;
#4130 = ORIENTED_EDGE ( 'NONE', *, *, #2676, .T. ) ;
#4131 = SURFACE_SIDE_STYLE ('',( #5303 ) ) ;
#4132 = EDGE_CURVE ( 'NONE', #3500, #5044, #3547, .T. ) ;
#4133 = EDGE_CURVE ( 'NONE', #1609, #1079, #1179, .T. ) ;
#4134 = PRESENTATION_LAYER_ASSIGNMENT (  '', '', ( #5603 ) ) ;
#4135 = DIRECTION ( 'NONE',  ( 0.0000000000000000000, 0.0000000000000000000, -1.000000000000000000 ) ) ;
#4136 = LINE ( 'NONE', #4177, #6099 ) ;
#4137 = EDGE_LOOP ( 'NONE', ( #2869, #4568, #3218, #1576 ) ) ;
#4138 = VECTOR ( 'NONE', #4180, 1000.000000000000000 ) ;
#4139 = DIRECTION ( 'NONE',  ( 0.0000000000000000000, 0.7071067811865470200, 0.7071067811865481300 ) ) ;
#4140 = ORIENTED_EDGE ( 'NONE', *, *, #4087, .F. ) ;
#4141 = DIRECTION ( 'NONE',  ( -0.0000000000000000000, -0.0000000000000000000, 1.000000000000000000 ) ) ;
#4142 = VERTEX_POINT ( 'NONE', #2248 ) ;
#4143 = EDGE_LOOP ( 'NONE', ( #2438, #1093, #3658, #4834 ) ) ;
#4144 = ORIENTED_EDGE ( 'NONE', *, *, #3590, .F. ) ;
#4145 = EDGE_CURVE ( 'NONE', #1928, #686, #2586, .T. ) ;
#4146 = PLANE ( 'NONE',  #6390 ) ;
#4147 = ORIENTED_EDGE ( 'NONE', *, *, #3477, .T. ) ;
#4148 = VECTOR ( 'NONE', #5765, 1000.000000000000000 ) ;
#4149 = DIRECTION ( 'NONE',  ( -1.240954293808709700E-016, 1.000000000000000000, 0.0000000000000000000 ) ) ;
#4150 = EDGE_CURVE ( 'NONE', #899, #4060, #2259, .T. ) ;
#4151 = ORIENTED_EDGE ( 'NONE', *, *, #5562, .F. ) ;
#4152 = DIRECTION ( 'NONE',  ( 0.0000000000000000000, 0.0000000000000000000, -1.000000000000000000 ) ) ;
#4153 = CARTESIAN_POINT ( 'NONE',  ( -12.15000000000000000, -1.800000000000000700, -4.050000000000001600 ) ) ;
#4154 = EDGE_CURVE ( 'NONE', #1526, #6156, #1720, .T. ) ;
#4155 = MECHANICAL_DESIGN_GEOMETRIC_PRESENTATION_REPRESENTATION (  '', ( #2795 ), #4502 ) ;
#4156 = DIRECTION ( 'NONE',  ( 0.0000000000000000000, 0.7071067811865470200, 0.7071067811865481300 ) ) ;
#4157 =( NAMED_UNIT ( * ) PLANE_ANGLE_UNIT ( ) SI_UNIT ( $, .RADIAN. ) );
#4158 = ORIENTED_EDGE ( 'NONE', *, *, #4242, .T. ) ;
#4159 = VECTOR ( 'NONE', #6226, 1000.000000000000000 ) ;
#4160 = SURFACE_SIDE_STYLE ('',( #3249 ) ) ;
#4161 = EDGE_CURVE ( 'NONE', #5349, #1550, #712, .T. ) ;
#4162 = EDGE_LOOP ( 'NONE', ( #2164, #4308, #3878, #5076 ) ) ;
#4163 = DIRECTION ( 'NONE',  ( 0.0000000000000000000, 0.0000000000000000000, -1.000000000000000000 ) ) ;
#4164 = STYLED_ITEM ( 'NONE', ( #2550 ), #4474 ) ;
#4165 = FILL_AREA_STYLE ('',( #6133 ) ) ;
#4166 = DIRECTION ( 'NONE',  ( 0.0000000000000000000, 0.7071067811865470200, 0.7071067811865481300 ) ) ;
#4167 = EDGE_CURVE ( 'NONE', #4488, #4969, #4730, .T. ) ;
#4168 = CARTESIAN_POINT ( 'NONE',  ( -14.82500000000000100, -2.100000000000000100, -4.173411897755954700 ) ) ;
#4169 = ORIENTED_EDGE ( 'NONE', *, *, #908, .T. ) ;
#4170 = SURFACE_STYLE_FILL_AREA ( #5835 ) ;
#4171 = VECTOR ( 'NONE', #5093, 1000.000000000000000 ) ;
#4172 = ORIENTED_EDGE ( 'NONE', *, *, #2110, .T. ) ;
#4173 = EDGE_CURVE ( 'NONE', #138, #154, #120, .T. ) ;
#4174 = LINE ( 'NONE', #560, #265 ) ;
#4175 = PLANE ( 'NONE',  #2524 ) ;
#4176 = SURFACE_STYLE_USAGE ( .BOTH. , #641 ) ;
#4177 = CARTESIAN_POINT ( 'NONE',  ( -1.175000000000000700, -1.950000000000000400, -13.70082415094414700 ) ) ;
#4178 = ORIENTED_EDGE ( 'NONE', *, *, #3237, .F. ) ;
#4179 = VECTOR ( 'NONE', #4014, 1000.000000000000000 ) ;
#4180 = DIRECTION ( 'NONE',  ( 0.0000000000000000000, 1.822188525185721700E-016, -1.000000000000000000 ) ) ;
#4181 = LINE ( 'NONE', #2700, #1589 ) ;
#4182 = LINE ( 'NONE', #4309, #2850 ) ;
#4183 = ORIENTED_EDGE ( 'NONE', *, *, #6364, .F. ) ;
#4184 = SURFACE_SIDE_STYLE ('',( #178 ) ) ;
#4185 = VECTOR ( 'NONE', #750, 1000.000000000000000 ) ;
#4186 = CARTESIAN_POINT ( 'NONE',  ( -3.600000000000001400, -4.499999999999999100, -4.850000000000002300 ) ) ;
#4187 = VECTOR ( 'NONE', #3899, 1000.000000000000000 ) ;
#4188 = AXIS2_PLACEMENT_3D ( 'NONE', #1762, #307, #290 ) ;
#4189 = LINE ( 'NONE', #5668, #721 ) ;
#4190 = FILL_AREA_STYLE ('',( #675 ) ) ;
#4191 = ORIENTED_EDGE ( 'NONE', *, *, #2790, .T. ) ;
#4192 = FACE_OUTER_BOUND ( 'NONE', #1700, .T. ) ;
#4193 = CARTESIAN_POINT ( 'NONE',  ( -1.599999999999999600, -4.199999999999998400, -4.850000000000002300 ) ) ;
#4194 =( NAMED_UNIT ( * ) SI_UNIT ( $, .STERADIAN. ) SOLID_ANGLE_UNIT ( ) );
#4195 = UNCERTAINTY_MEASURE_WITH_UNIT (LENGTH_MEASURE( 1.000000000000000100E-005 ), #1392, 'distance_accuracy_value', 'NONE');
#4196 = ORIENTED_EDGE ( 'NONE', *, *, #980, .T. ) ;
#4197 = AXIS2_PLACEMENT_3D ( 'NONE', #3820, #4334, #1318 ) ;
#4198 = LINE ( 'NONE', #2783, #2863 ) ;
#4199 = SURFACE_SIDE_STYLE ('',( #1691 ) ) ;
#4200 = ADVANCED_FACE ( 'NONE', ( #635 ), #1278, .F. ) ;
#4201 = VERTEX_POINT ( 'NONE', #4298 ) ;
#4202 = VERTEX_POINT ( 'NONE', #1771 ) ;
#4203 = COLOUR_RGB ( '',0.7529411764705882200, 0.7529411764705882200, 0.7529411764705882200 ) ;
#4204 = EDGE_CURVE ( 'NONE', #4929, #4013, #792, .T. ) ;
#4205 = UNCERTAINTY_MEASURE_WITH_UNIT (LENGTH_MEASURE( 1.000000000000000100E-005 ), #5651, 'distance_accuracy_value', 'NONE');
#4206 = CARTESIAN_POINT ( 'NONE',  ( -5.599999999999998800, -4.500000000000000000, -4.850000000000002300 ) ) ;
#4207 = CARTESIAN_POINT ( 'NONE',  ( -11.40000000000000000, -4.200000000000002000, -4.050000000000002500 ) ) ;
#4208 = EDGE_CURVE ( 'NONE', #3763, #257, #6381, .T. ) ;
#4209 =( GEOMETRIC_REPRESENTATION_CONTEXT ( 3 ) GLOBAL_UNCERTAINTY_ASSIGNED_CONTEXT ( ( #1097 ) ) GLOBAL_UNIT_ASSIGNED_CONTEXT ( ( #698, #1204, #4731 ) ) REPRESENTATION_CONTEXT ( 'NONE', 'WORKASPACE' ) );
#4210 = ORIENTED_EDGE ( 'NONE', *, *, #6080, .T. ) ;
#4211 = AXIS2_PLACEMENT_3D ( 'NONE', #542, #5066, #4565 ) ;
#4212 = CARTESIAN_POINT ( 'NONE',  ( -12.15000000000000000, -0.3499999999999990900, -4.050000000000001600 ) ) ;
#4213 = ORIENTED_EDGE ( 'NONE', *, *, #2914, .F. ) ;
#4214 = EDGE_LOOP ( 'NONE', ( #2699, #3081, #3657, #3355, #3520, #6061 ) ) ;
#4215 = ORIENTED_EDGE ( 'NONE', *, *, #5340, .T. ) ;
#4216 = DIRECTION ( 'NONE',  ( 1.000000000000000000, -0.0000000000000000000, 0.0000000000000000000 ) ) ;
#4217 = EDGE_CURVE ( 'NONE', #5705, #1499, #881, .T. ) ;
#4218 = VERTEX_POINT ( 'NONE', #314 ) ;
#4219 = VECTOR ( 'NONE', #489, 1000.000000000000000 ) ;
#4220 = SURFACE_STYLE_USAGE ( .BOTH. , #4268 ) ;
#4221 = EDGE_LOOP ( 'NONE', ( #3210, #5962, #3788, #2957, #6415, #4725 ) ) ;
#4222 = AXIS2_PLACEMENT_3D ( 'NONE', #1355, #5328, #3301 ) ;
#4223 = ORIENTED_EDGE ( 'NONE', *, *, #1905, .T. ) ;
#4224 = DIRECTION ( 'NONE',  ( 0.0000000000000000000, 0.0000000000000000000, 1.000000000000000000 ) ) ;
#4225 = ADVANCED_FACE ( 'NONE', ( #5817 ), #6309, .F. ) ;
#4226 = DIRECTION ( 'NONE',  ( -1.000000000000000000, 0.0000000000000000000, -0.0000000000000000000 ) ) ;
#4227 = MECHANICAL_DESIGN_GEOMETRIC_PRESENTATION_REPRESENTATION (  '', ( #1004 ), #3206 ) ;
#4228 = COLOUR_RGB ( '',0.7529411764705882200, 0.7529411764705882200, 0.7529411764705882200 ) ;
#4229 = VERTEX_POINT ( 'NONE', #6363 ) ;
#4230 = EDGE_CURVE ( 'NONE', #74, #382, #4650, .T. ) ;
#4231 = EDGE_LOOP ( 'NONE', ( #6200, #2753, #1399, #3741 ) ) ;
#4232 = COLOUR_RGB ( '',0.7529411764705882200, 0.7529411764705882200, 0.7529411764705882200 ) ;
#4233 = ORIENTED_EDGE ( 'NONE', *, *, #4204, .F. ) ;
#4234 = CARTESIAN_POINT ( 'NONE',  ( -5.599999999999998800, -4.400000000000000400, -4.050000000000002500 ) ) ;
#4235 = LINE ( 'NONE', #2407, #337 ) ;
#4236 =( NAMED_UNIT ( * ) SI_UNIT ( $, .STERADIAN. ) SOLID_ANGLE_UNIT ( ) );
#4237 = LINE ( 'NONE', #6085, #3066 ) ;
#4238 = EDGE_LOOP ( 'NONE', ( #3982, #1430, #2500, #1206 ) ) ;
#4239 = FILL_AREA_STYLE ('',( #5212 ) ) ;
#4240 = COLOUR_RGB ( '',0.7529411764705882200, 0.7529411764705882200, 0.7529411764705882200 ) ;
#4241 = PRESENTATION_STYLE_ASSIGNMENT (( #344 ) ) ;
#4242 = EDGE_CURVE ( 'NONE', #6088, #3360, #4981, .T. ) ;
#4243 = AXIS2_PLACEMENT_3D ( 'NONE', #5286, #4331, #6296 ) ;
#4244 = CARTESIAN_POINT ( 'NONE',  ( -2.600000000000000500, -4.499999999999999100, -4.850000000000002300 ) ) ;
#4245 = LINE ( 'NONE', #1603, #122 ) ;
#4246 = CARTESIAN_POINT ( 'NONE',  ( -0.5000000000000000000, -0.6500000000000001300, -2.149999999999999900 ) ) ;
#4247 = DIRECTION ( 'NONE',  ( 0.0000000000000000000, 0.0000000000000000000, 1.000000000000000000 ) ) ;
#4248 = ORIENTED_EDGE ( 'NONE', *, *, #2046, .F. ) ;
#4249 = LINE ( 'NONE', #3916, #5527 ) ;
#4250 = DIRECTION ( 'NONE',  ( 1.000000000000000000, 8.462065736472233800E-016, -0.0000000000000000000 ) ) ;
#4251 = SURFACE_STYLE_FILL_AREA ( #5182 ) ;
#4252 = EDGE_CURVE ( 'NONE', #3487, #5162, #3614, .T. ) ;
#4253 =( GEOMETRIC_REPRESENTATION_CONTEXT ( 3 ) GLOBAL_UNCERTAINTY_ASSIGNED_CONTEXT ( ( #6255 ) ) GLOBAL_UNIT_ASSIGNED_CONTEXT ( ( #3558, #39, #4049 ) ) REPRESENTATION_CONTEXT ( 'NONE', 'WORKASPACE' ) );
#4254 = VECTOR ( 'NONE', #4450, 1000.000000000000000 ) ;
#4255 = DIRECTION ( 'NONE',  ( -1.000000000000000000, -8.462065736472234800E-016, -0.0000000000000000000 ) ) ;
#4256 = ORIENTED_EDGE ( 'NONE', *, *, #1431, .F. ) ;
#4257 = LINE ( 'NONE', #3307, #67 ) ;
#4258 = LINE ( 'NONE', #20, #2925 ) ;
#4259 = CARTESIAN_POINT ( 'NONE',  ( -12.15000000000000000, -1.800000000000000700, -4.050000000000001600 ) ) ;
#4260 =( NAMED_UNIT ( * ) PLANE_ANGLE_UNIT ( ) SI_UNIT ( $, .RADIAN. ) );
#4261 = ADVANCED_FACE ( 'NONE', ( #958 ), #3394, .F. ) ;
#4262 = SURFACE_STYLE_FILL_AREA ( #4691 ) ;
#4263 = EDGE_CURVE ( 'NONE', #5512, #10, #3941, .T. ) ;
#4264 = PRESENTATION_STYLE_ASSIGNMENT (( #2408 ) ) ;
#4265 = ORIENTED_EDGE ( 'NONE', *, *, #3382, .T. ) ;
#4266 = PRESENTATION_LAYER_ASSIGNMENT (  '', '', ( #5729 ) ) ;
#4267 = LINE ( 'NONE', #2547, #2930 ) ;
#4268 = SURFACE_SIDE_STYLE ('',( #5900 ) ) ;
#4269 = VERTEX_POINT ( 'NONE', #6411 ) ;
#4270 = FACE_OUTER_BOUND ( 'NONE', #4508, .T. ) ;
#4271 = CARTESIAN_POINT ( 'NONE',  ( -3.600000000000001400, -4.400000000000000400, -4.050000000000002500 ) ) ;
#4272 = DIRECTION ( 'NONE',  ( -1.000000000000000000, -0.0000000000000000000, -0.0000000000000000000 ) ) ;
#4273 = EDGE_LOOP ( 'NONE', ( #1586, #4144, #5642, #6462 ) ) ;
#4274 = DIRECTION ( 'NONE',  ( 0.0000000000000000000, 1.057758217059032200E-016, 1.000000000000000000 ) ) ;
#4275 = FACE_OUTER_BOUND ( 'NONE', #4221, .T. ) ;
#4276 = CARTESIAN_POINT ( 'NONE',  ( -2.400000000000000800, -4.499999999999999100, -3.850000000000002800 ) ) ;
#4277 = STYLED_ITEM ( 'NONE', ( #4421 ), #2748 ) ;
#4278 = FILL_AREA_STYLE ('',( #789 ) ) ;
#4279 = ORIENTED_EDGE ( 'NONE', *, *, #2134, .T. ) ;
#4280 = DIRECTION ( 'NONE',  ( 0.0000000000000000000, 0.0000000000000000000, 1.000000000000000000 ) ) ;
#4281 = VERTEX_POINT ( 'NONE', #1460 ) ;
#4282 = LINE ( 'NONE', #13, #4456 ) ;
#4283 = LINE ( 'NONE', #4075, #745 ) ;
#4284 = FILL_AREA_STYLE_COLOUR ( '', #4996 ) ;
#4285 = LINE ( 'NONE', #299, #2950 ) ;
#4286 = ADVANCED_FACE ( 'NONE', ( #3070 ), #5399, .F. ) ;
#4287 = CARTESIAN_POINT ( 'NONE',  ( -12.40000000000000200, -4.500000000000003600, -4.850000000000002300 ) ) ;
#4288 = EDGE_CURVE ( 'NONE', #4030, #4060, #5398, .T. ) ;
#4289 = DIRECTION ( 'NONE',  ( 1.000000000000000000, -0.0000000000000000000, -0.0000000000000000000 ) ) ;
#4290 = VERTEX_POINT ( 'NONE', #5018 ) ;
#4291 = CARTESIAN_POINT ( 'NONE',  ( -12.60000000000000100, -4.200000000000002800, -4.050000000000002500 ) ) ;
#4292 = LINE ( 'NONE', #5186, #3034 ) ;
#4293 = UNCERTAINTY_MEASURE_WITH_UNIT (LENGTH_MEASURE( 1.000000000000000100E-005 ), #6323, 'distance_accuracy_value', 'NONE');
#4294 = DIRECTION ( 'NONE',  ( -0.0000000000000000000, -0.0000000000000000000, 1.000000000000000000 ) ) ;
#4295 = ORIENTED_EDGE ( 'NONE', *, *, #4667, .T. ) ;
#4296 = ORIENTED_EDGE ( 'NONE', *, *, #777, .T. ) ;
#4297 = CARTESIAN_POINT ( 'NONE',  ( -15.25000000000000000, -4.000000000000000000, -0.3999999999999997400 ) ) ;
#4298 = CARTESIAN_POINT ( 'NONE',  ( -6.599999999999999600, -4.200000000000000200, -4.050000000000002500 ) ) ;
#4299 = SURFACE_STYLE_USAGE ( .BOTH. , #2738 ) ;
#4300 = EDGE_LOOP ( 'NONE', ( #2395, #2675, #1942, #2954 ) ) ;
#4301 = ADVANCED_FACE ( 'NONE', ( #1692 ), #4462, .T. ) ;
#4302 = DIRECTION ( 'NONE',  ( -0.0000000000000000000, 0.0000000000000000000, -1.000000000000000000 ) ) ;
#4303 = ORIENTED_EDGE ( 'NONE', *, *, #4161, .T. ) ;
#4304 = AXIS2_PLACEMENT_3D ( 'NONE', #1048, #4118, #73 ) ;
#4305 = CARTESIAN_POINT ( 'NONE',  ( -15.50000000000000000, -0.6500000000000064600, -4.049999999999999800 ) ) ;
#4306 = ORIENTED_EDGE ( 'NONE', *, *, #4381, .F. ) ;
#4307 = VECTOR ( 'NONE', #6266, 1000.000000000000000 ) ;
#4308 = ORIENTED_EDGE ( 'NONE', *, *, #2782, .F. ) ;
#4309 = CARTESIAN_POINT ( 'NONE',  ( -3.600000000000001400, -4.400000000000000400, -3.950000000000002000 ) ) ;
#4310 = CARTESIAN_POINT ( 'NONE',  ( -9.400000000000002100, -4.200000000000001100, -3.950000000000002000 ) ) ;
#4311 = ORIENTED_EDGE ( 'NONE', *, *, #3533, .F. ) ;
#4312 = PLANE ( 'NONE',  #28 ) ;
#4313 = PLANE ( 'NONE',  #3822 ) ;
#4314 = CARTESIAN_POINT ( 'NONE',  ( -12.60000000000000100, -4.200000000000002800, -4.050000000000002500 ) ) ;
#4315 = FILL_AREA_STYLE_COLOUR ( '', #3497 ) ;
#4316 = CARTESIAN_POINT ( 'NONE',  ( -16.00000000000000000, 8.673617379884033500E-016, 1.950000000000000400 ) ) ;
#4317 = LINE ( 'NONE', #1711, #5580 ) ;
#4318 = MECHANICAL_DESIGN_GEOMETRIC_PRESENTATION_REPRESENTATION (  '', ( #2880 ), #420 ) ;
#4319 = CARTESIAN_POINT ( 'NONE',  ( -16.00000000000000000, -4.400000000000000400, 1.950000000000000000 ) ) ;
#4320 = UNCERTAINTY_MEASURE_WITH_UNIT (LENGTH_MEASURE( 1.000000000000000100E-005 ), #1310, 'distance_accuracy_value', 'NONE');
#4321 = ADVANCED_FACE ( 'NONE', ( #4461 ), #961, .F. ) ;
#4322 = DIRECTION ( 'NONE',  ( 0.0000000000000000000, 0.7071067811865470200, 0.7071067811865481300 ) ) ;
#4323 = FILL_AREA_STYLE ('',( #6342 ) ) ;
#4324 = PRESENTATION_STYLE_ASSIGNMENT (( #2756 ) ) ;
#4325 = VERTEX_POINT ( 'NONE', #429 ) ;
#4326 = PLANE ( 'NONE',  #2651 ) ;
#4327 = EDGE_CURVE ( 'NONE', #5512, #147, #2876, .T. ) ;
#4328 = AXIS2_PLACEMENT_3D ( 'NONE', #1995, #3031, #6032 ) ;
#4329 = LINE ( 'NONE', #2179, #2433 ) ;
#4330 = EDGE_LOOP ( 'NONE', ( #1099, #2497, #5552, #5720 ) ) ;
#4331 = DIRECTION ( 'NONE',  ( 0.0000000000000000000, 1.000000000000000000, -6.672013369141566200E-016 ) ) ;
#4332 = DIRECTION ( 'NONE',  ( 0.0000000000000000000, 0.0000000000000000000, -1.000000000000000000 ) ) ;
#4333 = FILL_AREA_STYLE ('',( #4931 ) ) ;
#4334 = DIRECTION ( 'NONE',  ( 1.000000000000000000, 8.462065736472233800E-016, -0.0000000000000000000 ) ) ;
#4335 = EDGE_CURVE ( 'NONE', #5410, #871, #4614, .T. ) ;
#4336 = ORIENTED_EDGE ( 'NONE', *, *, #3713, .F. ) ;
#4337 = MECHANICAL_DESIGN_GEOMETRIC_PRESENTATION_REPRESENTATION (  '', ( #1166 ), #1638 ) ;
#4338 = VECTOR ( 'NONE', #6066, 1000.000000000000000 ) ;
#4339 = CARTESIAN_POINT ( 'NONE',  ( -4.599999999999999600, -4.400000000000000400, -4.050000000000002500 ) ) ;
#4340 = CARTESIAN_POINT ( 'NONE',  ( -14.82500000000000100, -2.100000000000000100, 1.950000000000000400 ) ) ;
#4341 = STYLED_ITEM ( 'NONE', ( #4647 ), #1727 ) ;
#4342 =( NAMED_UNIT ( * ) PLANE_ANGLE_UNIT ( ) SI_UNIT ( $, .RADIAN. ) );
#4343 = SURFACE_SIDE_STYLE ('',( #5248 ) ) ;
#4344 = VERTEX_POINT ( 'NONE', #1225 ) ;
#4345 = STYLED_ITEM ( 'NONE', ( #1436 ), #5981 ) ;
#4346 = FILL_AREA_STYLE_COLOUR ( '', #4232 ) ;
#4347 =( LENGTH_UNIT ( ) NAMED_UNIT ( * ) SI_UNIT ( .MILLI., .METRE. ) );
#4348 =( LENGTH_UNIT ( ) NAMED_UNIT ( * ) SI_UNIT ( .MILLI., .METRE. ) );
#4349 = ORIENTED_EDGE ( 'NONE', *, *, #861, .T. ) ;
#4350 = VECTOR ( 'NONE', #2090, 1000.000000000000000 ) ;
#4351 = COLOUR_RGB ( '',0.7529411764705882200, 0.7529411764705882200, 0.7529411764705882200 ) ;
#4352 = VECTOR ( 'NONE', #5674, 1000.000000000000000 ) ;
#4353 = ORIENTED_EDGE ( 'NONE', *, *, #2577, .F. ) ;
#4354 = LINE ( 'NONE', #4411, #4523 ) ;
#4355 = DIRECTION ( 'NONE',  ( 0.0000000000000000000, 1.000000000000000000, -1.057758217059032600E-016 ) ) ;
#4356 = CARTESIAN_POINT ( 'NONE',  ( -15.50000000000000000, -0.6500000000000064600, -2.149999999999999900 ) ) ;
#4357 = ORIENTED_EDGE ( 'NONE', *, *, #3639, .T. ) ;
#4358 = DIRECTION ( 'NONE',  ( 1.000000000000000000, -0.0000000000000000000, -0.0000000000000000000 ) ) ;
#4359 = ORIENTED_EDGE ( 'NONE', *, *, #4498, .T. ) ;
#4360 = EDGE_CURVE ( 'NONE', #5473, #5134, #4292, .T. ) ;
#4361 = LINE ( 'NONE', #842, #3969 ) ;
#4362 = DIRECTION ( 'NONE',  ( 0.0000000000000000000, -0.0000000000000000000, 1.000000000000000000 ) ) ;
#4363 = CARTESIAN_POINT ( 'NONE',  ( 0.0000000000000000000, 0.0000000000000000000, -0.3999999999999997400 ) ) ;
#4364 = CARTESIAN_POINT ( 'NONE',  ( -13.40000000000000200, -4.200000000000002800, -4.050000000000002500 ) ) ;
#4365 = DIRECTION ( 'NONE',  ( 0.0000000000000000000, 0.7071067811865470200, 0.7071067811865481300 ) ) ;
#4366 = CARTESIAN_POINT ( 'NONE',  ( -9.600000000000003200, -4.500000000000001800, -4.850000000000002300 ) ) ;
#4367 = MECHANICAL_DESIGN_GEOMETRIC_PRESENTATION_REPRESENTATION (  '', ( #1326 ), #1197 ) ;
#4368 = SURFACE_SIDE_STYLE ('',( #2209 ) ) ;
#4369 = ORIENTED_EDGE ( 'NONE', *, *, #1349, .T. ) ;
#4370 = AXIS2_PLACEMENT_3D ( 'NONE', #5521, #2030, #2786 ) ;
#4371 = SURFACE_SIDE_STYLE ('',( #6063 ) ) ;
#4372 = ORIENTED_EDGE ( 'NONE', *, *, #5307, .F. ) ;
#4373 = DIRECTION ( 'NONE',  ( 1.000000000000000000, -0.0000000000000000000, -0.0000000000000000000 ) ) ;
#4374 = ORIENTED_EDGE ( 'NONE', *, *, #1008, .F. ) ;
#4375 =( LENGTH_UNIT ( ) NAMED_UNIT ( * ) SI_UNIT ( .MILLI., .METRE. ) );
#4376 = ORIENTED_EDGE ( 'NONE', *, *, #1752, .F. ) ;
#4377 = MECHANICAL_DESIGN_GEOMETRIC_PRESENTATION_REPRESENTATION (  '', ( #4478 ), #5944 ) ;
#4378 = FILL_AREA_STYLE_COLOUR ( '', #2685 ) ;
#4379 = CARTESIAN_POINT ( 'NONE',  ( -12.40000000000000200, -4.500000000000003600, -4.850000000000002300 ) ) ;
#4380 = ORIENTED_EDGE ( 'NONE', *, *, #3672, .T. ) ;
#4381 = EDGE_CURVE ( 'NONE', #3335, #650, #602, .T. ) ;
#4382 = CARTESIAN_POINT ( 'NONE',  ( -12.15000000000000200, -1.800000000000000700, -0.04999999999999969700 ) ) ;
#4383 = FILL_AREA_STYLE_COLOUR ( '', #4228 ) ;
#4384 = DIRECTION ( 'NONE',  ( 0.0000000000000000000, 0.0000000000000000000, 1.000000000000000000 ) ) ;
#4385 = DIRECTION ( 'NONE',  ( 0.0000000000000000000, -1.000000000000000000, -5.981805089575195200E-016 ) ) ;
#4386 = ADVANCED_FACE ( 'NONE', ( #227 ), #1247, .F. ) ;
#4387 = CARTESIAN_POINT ( 'NONE',  ( -10.60000000000000100, -4.500000000000002700, -3.850000000000002800 ) ) ;
#4388 = EDGE_CURVE ( 'NONE', #5035, #4774, #916, .T. ) ;
#4389 = VERTEX_POINT ( 'NONE', #2214 ) ;
#4390 = FACE_OUTER_BOUND ( 'NONE', #2088, .T. ) ;
#4391 = SURFACE_SIDE_STYLE ('',( #6167 ) ) ;
#4392 = ORIENTED_EDGE ( 'NONE', *, *, #2790, .F. ) ;
#4393 = AXIS2_PLACEMENT_3D ( 'NONE', #5563, #4556, #1537 ) ;
#4394 = DIRECTION ( 'NONE',  ( -1.000000000000000000, 0.0000000000000000000, 0.0000000000000000000 ) ) ;
#4395 = ORIENTED_EDGE ( 'NONE', *, *, #3713, .T. ) ;
#4396 = LINE ( 'NONE', #3853, #2972 ) ;
#4397 = CARTESIAN_POINT ( 'NONE',  ( -5.599999999999998800, -4.400000000000000400, -3.750000000000003600 ) ) ;
#4398 = DIRECTION ( 'NONE',  ( 0.0000000000000000000, 0.0000000000000000000, 1.000000000000000000 ) ) ;
#4399 = EDGE_CURVE ( 'NONE', #451, #408, #6095, .T. ) ;
#4400 = CARTESIAN_POINT ( 'NONE',  ( -0.6999999999999998400, -2.100000000000000100, -2.600000000000000100 ) ) ;
#4401 = VECTOR ( 'NONE', #3849, 1000.000000000000000 ) ;
#4402 = ORIENTED_EDGE ( 'NONE', *, *, #1157, .T. ) ;
#4403 = CARTESIAN_POINT ( 'NONE',  ( -13.40000000000000200, -4.400000000000000400, -3.950000000000002000 ) ) ;
#4404 = EDGE_CURVE ( 'NONE', #3164, #6259, #1536, .T. ) ;
#4405 = ORIENTED_EDGE ( 'NONE', *, *, #5175, .T. ) ;
#4406 = PLANE ( 'NONE',  #1132 ) ;
#4407 = UNCERTAINTY_MEASURE_WITH_UNIT (LENGTH_MEASURE( 1.000000000000000100E-005 ), #898, 'distance_accuracy_value', 'NONE');
#4408 = EDGE_CURVE ( 'NONE', #2141, #983, #5621, .T. ) ;
#4409 = CARTESIAN_POINT ( 'NONE',  ( -12.60000000000000100, -4.500000000000003600, -4.850000000000002300 ) ) ;
#4410 = PRESENTATION_STYLE_ASSIGNMENT (( #2712 ) ) ;
#4411 = CARTESIAN_POINT ( 'NONE',  ( -0.5000000000000000000, -4.400000000000000400, 1.950000000000000000 ) ) ;
#4412 = ORIENTED_EDGE ( 'NONE', *, *, #3639, .F. ) ;
#4413 = AXIS2_PLACEMENT_3D ( 'NONE', #6030, #6046, #3007 ) ;
#4414 = CARTESIAN_POINT ( 'NONE',  ( -6.599999999999999600, -4.500000000000000900, -4.850000000000002300 ) ) ;
#4415 = SURFACE_SIDE_STYLE ('',( #208 ) ) ;
#4416 = CARTESIAN_POINT ( 'NONE',  ( -7.599999999999999600, -4.200000000000000200, -4.850000000000002300 ) ) ;
#4417 = DIRECTION ( 'NONE',  ( 1.000000000000000000, -0.0000000000000000000, -0.0000000000000000000 ) ) ;
#4418 = VECTOR ( 'NONE', #1722, 1000.000000000000000 ) ;
#4419 = LINE ( 'NONE', #1005, #3542 ) ;
#4420 = ORIENTED_EDGE ( 'NONE', *, *, #3043, .T. ) ;
#4421 = PRESENTATION_STYLE_ASSIGNMENT (( #2454 ) ) ;
#4422 = VECTOR ( 'NONE', #3777, 1000.000000000000000 ) ;
#4423 = CARTESIAN_POINT ( 'NONE',  ( -0.6999999999999998400, -2.100000000000000100, -2.600000000000000100 ) ) ;
#4424 = VECTOR ( 'NONE', #495, 1000.000000000000000 ) ;
#4425 = EDGE_CURVE ( 'NONE', #5654, #4955, #5769, .T. ) ;
#4426 = PRESENTATION_LAYER_ASSIGNMENT (  '', '', ( #1632 ) ) ;
#4427 = STYLED_ITEM ( 'NONE', ( #4509 ), #204 ) ;
#4428 = ORIENTED_EDGE ( 'NONE', *, *, #3552, .T. ) ;
#4429 = ADVANCED_FACE ( 'NONE', ( #3430 ), #3261, .F. ) ;
#4430 = VECTOR ( 'NONE', #600, 1000.000000000000000 ) ;
#4431 = PRESENTATION_LAYER_ASSIGNMENT (  '', '', ( #3264 ) ) ;
#4432 = SURFACE_SIDE_STYLE ('',( #1779 ) ) ;
#4433 = AXIS2_PLACEMENT_3D ( 'NONE', #6163, #3149, #4135 ) ;
#4434 = CARTESIAN_POINT ( 'NONE',  ( -15.24999999999999800, -2.100000000000001900, -2.600000000000000100 ) ) ;
#4435 = SURFACE_SIDE_STYLE ('',( #719 ) ) ;
#4436 = VECTOR ( 'NONE', #5334, 1000.000000000000000 ) ;
#4437 = VECTOR ( 'NONE', #207, 1000.000000000000000 ) ;
#4438 = VERTEX_POINT ( 'NONE', #4734 ) ;
#4439 = VECTOR ( 'NONE', #6278, 1000.000000000000000 ) ;
#4440 = DIRECTION ( 'NONE',  ( -1.000000000000000000, 0.0000000000000000000, 0.0000000000000000000 ) ) ;
#4441 = COLOUR_RGB ( '',0.7529411764705882200, 0.7529411764705882200, 0.7529411764705882200 ) ;
#4442 = PRESENTATION_LAYER_ASSIGNMENT (  '', '', ( #4345 ) ) ;
#4443 = VERTEX_POINT ( 'NONE', #6215 ) ;
#4444 = VECTOR ( 'NONE', #5571, 1000.000000000000000 ) ;
#4445 = ADVANCED_FACE ( 'NONE', ( #1078 ), #4313, .F. ) ;
#4446 = ORIENTED_EDGE ( 'NONE', *, *, #1573, .F. ) ;
#4447 = VECTOR ( 'NONE', #920, 1000.000000000000000 ) ;
#4448 = DIRECTION ( 'NONE',  ( 0.0000000000000000000, 0.0000000000000000000, 1.000000000000000000 ) ) ;
#4449 = ORIENTED_EDGE ( 'NONE', *, *, #5106, .T. ) ;
#4450 = DIRECTION ( 'NONE',  ( -1.000000000000000000, -1.196361017915039500E-016, 0.0000000000000000000 ) ) ;
#4451 = ORIENTED_EDGE ( 'NONE', *, *, #1645, .F. ) ;
#4452 = CARTESIAN_POINT ( 'NONE',  ( -3.400000000000001700, -4.199999999999999300, -4.050000000000002500 ) ) ;
#4453 = VERTEX_POINT ( 'NONE', #796 ) ;
#4454 = CARTESIAN_POINT ( 'NONE',  ( -15.30000000000000100, -1.300000000000000500, -1.799999999999999600 ) ) ;
#4455 =( LENGTH_UNIT ( ) NAMED_UNIT ( * ) SI_UNIT ( .MILLI., .METRE. ) );
#4456 = VECTOR ( 'NONE', #4549, 1000.000000000000000 ) ;
#4457 = ORIENTED_EDGE ( 'NONE', *, *, #3760, .T. ) ;
#4458 = CARTESIAN_POINT ( 'NONE',  ( -0.5000000000000000000, -0.6500000000000001300, -3.449999999999999700 ) ) ;
#4459 = LINE ( 'NONE', #2584, #6164 ) ;
#4460 = EDGE_LOOP ( 'NONE', ( #2323, #1246, #5601, #264, #3362, #3195 ) ) ;
#4461 = FACE_OUTER_BOUND ( 'NONE', #101, .T. ) ;
#4462 = PLANE ( 'NONE',  #1382 ) ;
#4463 = ORIENTED_EDGE ( 'NONE', *, *, #5513, .F. ) ;
#4464 = FACE_OUTER_BOUND ( 'NONE', #4891, .T. ) ;
#4465 = EDGE_CURVE ( 'NONE', #353, #3537, #744, .T. ) ;
#4466 = ORIENTED_EDGE ( 'NONE', *, *, #2483, .T. ) ;
#4467 = STYLED_ITEM ( 'NONE', ( #4410 ), #1820 ) ;
#4468 = ORIENTED_EDGE ( 'NONE', *, *, #3581, .F. ) ;
#4469 = CARTESIAN_POINT ( 'NONE',  ( 0.0000000000000000000, 8.673617379884033500E-016, 1.950000000000000400 ) ) ;
#4470 = CARTESIAN_POINT ( 'NONE',  ( -1.599999999999999600, -4.199999999999998400, -4.850000000000002300 ) ) ;
#4471 = ORIENTED_EDGE ( 'NONE', *, *, #3570, .T. ) ;
#4472 = LINE ( 'NONE', #1713, #766 ) ;
#4473 =( NAMED_UNIT ( * ) PLANE_ANGLE_UNIT ( ) SI_UNIT ( $, .RADIAN. ) );
#4474 = ADVANCED_FACE ( 'NONE', ( #6023 ), #2931, .F. ) ;
#4475 =( NAMED_UNIT ( * ) SI_UNIT ( $, .STERADIAN. ) SOLID_ANGLE_UNIT ( ) );
#4476 = ORIENTED_EDGE ( 'NONE', *, *, #132, .F. ) ;
#4477 = EDGE_CURVE ( 'NONE', #2896, #2219, #4767, .T. ) ;
#4478 = STYLED_ITEM ( 'NONE', ( #1291 ), #5221 ) ;
#4479 = DIRECTION ( 'NONE',  ( 0.0000000000000000000, -0.0000000000000000000, 1.000000000000000000 ) ) ;
#4480 = FACE_OUTER_BOUND ( 'NONE', #4162, .T. ) ;
#4481 =( NAMED_UNIT ( * ) SI_UNIT ( $, .STERADIAN. ) SOLID_ANGLE_UNIT ( ) );
#4482 = CARTESIAN_POINT ( 'NONE',  ( -3.600000000000001400, -4.199999999999999300, -4.850000000000002300 ) ) ;
#4483 = ORIENTED_EDGE ( 'NONE', *, *, #1285, .F. ) ;
#4484 = ORIENTED_EDGE ( 'NONE', *, *, #166, .F. ) ;
#4485 = FACE_OUTER_BOUND ( 'NONE', #4552, .T. ) ;
#4486 = EDGE_CURVE ( 'NONE', #3917, #6130, #3892, .T. ) ;
#4487 = CARTESIAN_POINT ( 'NONE',  ( -15.25000000000000000, -4.000000000000000000, 1.950000000000000400 ) ) ;
#4488 = VERTEX_POINT ( 'NONE', #2956 ) ;
#4489 = CARTESIAN_POINT ( 'NONE',  ( -12.40000000000000200, -4.400000000000000400, -4.050000000000002500 ) ) ;
#4490 = SURFACE_STYLE_USAGE ( .BOTH. , #4538 ) ;
#4491 = EDGE_CURVE ( 'NONE', #4281, #5115, #2301, .T. ) ;
#4492 = UNCERTAINTY_MEASURE_WITH_UNIT (LENGTH_MEASURE( 1.000000000000000100E-005 ), #535, 'distance_accuracy_value', 'NONE');
#4493 = FILL_AREA_STYLE ('',( #5481 ) ) ;
#4494 = FILL_AREA_STYLE ('',( #4954 ) ) ;
#4495 = PRESENTATION_STYLE_ASSIGNMENT (( #4220 ) ) ;
#4496 = ORIENTED_EDGE ( 'NONE', *, *, #2937, .T. ) ;
#4497 = LINE ( 'NONE', #5226, #4651 ) ;
#4498 = EDGE_CURVE ( 'NONE', #3128, #4438, #4947, .T. ) ;
#4499 = DIRECTION ( 'NONE',  ( 1.000000000000000000, 0.0000000000000000000, -0.0000000000000000000 ) ) ;
#4500 =( NAMED_UNIT ( * ) SI_UNIT ( $, .STERADIAN. ) SOLID_ANGLE_UNIT ( ) );
#4501 = EDGE_CURVE ( 'NONE', #4072, #4281, #5083, .T. ) ;
#4502 =( GEOMETRIC_REPRESENTATION_CONTEXT ( 3 ) GLOBAL_UNCERTAINTY_ASSIGNED_CONTEXT ( ( #3513 ) ) GLOBAL_UNIT_ASSIGNED_CONTEXT ( ( #5114, #3662, #2616 ) ) REPRESENTATION_CONTEXT ( 'NONE', 'WORKASPACE' ) );
#4503 = ORIENTED_EDGE ( 'NONE', *, *, #2649, .F. ) ;
#4504 = SURFACE_SIDE_STYLE ('',( #1798 ) ) ;
#4505 = DIRECTION ( 'NONE',  ( 0.0000000000000000000, 0.0000000000000000000, 1.000000000000000000 ) ) ;
#4506 = LINE ( 'NONE', #4582, #4586 ) ;
#4507 =( NAMED_UNIT ( * ) PLANE_ANGLE_UNIT ( ) SI_UNIT ( $, .RADIAN. ) );
#4508 = EDGE_LOOP ( 'NONE', ( #2351, #4585, #3511, #691, #4727, #90 ) ) ;
#4509 = PRESENTATION_STYLE_ASSIGNMENT (( #2151 ) ) ;
#4510 = STYLED_ITEM ( 'NONE', ( #1817 ), #98 ) ;
#4511 = DIRECTION ( 'NONE',  ( -0.0000000000000000000, 0.0000000000000000000, -1.000000000000000000 ) ) ;
#4512 = ORIENTED_EDGE ( 'NONE', *, *, #673, .T. ) ;
#4513 = MECHANICAL_DESIGN_GEOMETRIC_PRESENTATION_REPRESENTATION (  '', ( #5849 ), #2806 ) ;
#4514 =( LENGTH_UNIT ( ) NAMED_UNIT ( * ) SI_UNIT ( .MILLI., .METRE. ) );
#4515 = DIRECTION ( 'NONE',  ( -8.462065736472234800E-016, 1.000000000000000000, 0.0000000000000000000 ) ) ;
#4516 = EDGE_CURVE ( 'NONE', #2622, #3994, #4282, .T. ) ;
#4517 = LINE ( 'NONE', #1150, #1520 ) ;
#4518 = VECTOR ( 'NONE', #393, 1000.000000000000000 ) ;
#4519 = CARTESIAN_POINT ( 'NONE',  ( -0.7499999999999997800, -2.100000000000000100, 1.950000000000000400 ) ) ;
#4520 = CARTESIAN_POINT ( 'NONE',  ( -0.5000000000000000000, -3.750000000000001300, -0.2599999999999997900 ) ) ;
#4521 = EDGE_LOOP ( 'NONE', ( #1749, #1780, #3751, #3718 ) ) ;
#4522 = EDGE_CURVE ( 'NONE', #1372, #4955, #4690, .T. ) ;
#4523 = VECTOR ( 'NONE', #468, 1000.000000000000000 ) ;
#4524 = VECTOR ( 'NONE', #5998, 1000.000000000000000 ) ;
#4525 =( GEOMETRIC_REPRESENTATION_CONTEXT ( 3 ) GLOBAL_UNCERTAINTY_ASSIGNED_CONTEXT ( ( #5417 ) ) GLOBAL_UNIT_ASSIGNED_CONTEXT ( ( #1313, #347, #3841 ) ) REPRESENTATION_CONTEXT ( 'NONE', 'WORKASPACE' ) );
#4526 = DIRECTION ( 'NONE',  ( 1.000000000000000000, -0.0000000000000000000, -0.0000000000000000000 ) ) ;
#4527 = ORIENTED_EDGE ( 'NONE', *, *, #6437, .T. ) ;
#4528 = VECTOR ( 'NONE', #1838, 1000.000000000000000 ) ;
#4529 = DIRECTION ( 'NONE',  ( -0.0000000000000000000, -0.0000000000000000000, 1.000000000000000000 ) ) ;
#4530 = ORIENTED_EDGE ( 'NONE', *, *, #2099, .F. ) ;
#4531 = CARTESIAN_POINT ( 'NONE',  ( -8.600000000000001400, -4.500000000000001800, -3.850000000000002800 ) ) ;
#4532 = VECTOR ( 'NONE', #2047, 1000.000000000000000 ) ;
#4533 = SURFACE_STYLE_USAGE ( .BOTH. , #5447 ) ;
#4534 = FACE_OUTER_BOUND ( 'NONE', #4854, .T. ) ;
#4535 = ORIENTED_EDGE ( 'NONE', *, *, #4477, .T. ) ;
#4536 = EDGE_LOOP ( 'NONE', ( #5227, #1881, #445, #3112, #5693, #1709 ) ) ;
#4537 = DIRECTION ( 'NONE',  ( 0.0000000000000000000, 0.0000000000000000000, -1.000000000000000000 ) ) ;
#4538 = SURFACE_SIDE_STYLE ('',( #5834 ) ) ;
#4539 = PRESENTATION_STYLE_ASSIGNMENT (( #1081 ) ) ;
#4540 = CARTESIAN_POINT ( 'NONE',  ( -15.24999999999999800, -2.100000000000001900, -2.600000000000000100 ) ) ;
#4541 = CARTESIAN_POINT ( 'NONE',  ( -0.7499999999999997800, -2.100000000000000100, -2.600000000000000100 ) ) ;
#4542 = ORIENTED_EDGE ( 'NONE', *, *, #1637, .F. ) ;
#4543 =( NAMED_UNIT ( * ) SI_UNIT ( $, .STERADIAN. ) SOLID_ANGLE_UNIT ( ) );
#4544 = ORIENTED_EDGE ( 'NONE', *, *, #2222, .T. ) ;
#4545 = PLANE ( 'NONE',  #624 ) ;
#4546 = SURFACE_SIDE_STYLE ('',( #2846 ) ) ;
#4547 = ORIENTED_EDGE ( 'NONE', *, *, #4335, .T. ) ;
#4548 = ADVANCED_FACE ( 'NONE', ( #2143 ), #3527, .F. ) ;
#4549 = DIRECTION ( 'NONE',  ( -1.000000000000000000, -8.462065736472234800E-016, -0.0000000000000000000 ) ) ;
#4550 = VERTEX_POINT ( 'NONE', #2533 ) ;
#4551 = SURFACE_SIDE_STYLE ('',( #715 ) ) ;
#4552 = EDGE_LOOP ( 'NONE', ( #1629, #31, #1358, #1604, #2619, #1208 ) ) ;
#4553 = AXIS2_PLACEMENT_3D ( 'NONE', #4212, #4226, #1238 ) ;
#4554 = SURFACE_STYLE_USAGE ( .BOTH. , #1035 ) ;
#4555 = ORIENTED_EDGE ( 'NONE', *, *, #5408, .T. ) ;
#4556 = DIRECTION ( 'NONE',  ( 0.0000000000000000000, -1.000000000000000000, -0.0000000000000000000 ) ) ;
#4557 =( NAMED_UNIT ( * ) SI_UNIT ( $, .STERADIAN. ) SOLID_ANGLE_UNIT ( ) );
#4558 = LINE ( 'NONE', #3104, #5503 ) ;
#4559 = ORIENTED_EDGE ( 'NONE', *, *, #1555, .F. ) ;
#4560 = EDGE_CURVE ( 'NONE', #2029, #6088, #374, .T. ) ;
#4561 = CARTESIAN_POINT ( 'NONE',  ( -1.599999999999999600, -4.400000000000000400, -4.050000000000002500 ) ) ;
#4562 = STYLED_ITEM ( 'NONE', ( #4324 ), #1813 ) ;
#4563 = LINE ( 'NONE', #4868, #5965 ) ;
#4564 = MECHANICAL_DESIGN_GEOMETRIC_PRESENTATION_REPRESENTATION (  '', ( #5442 ), #4100 ) ;
#4565 = DIRECTION ( 'NONE',  ( 0.0000000000000000000, 0.7071067811865470200, 0.7071067811865481300 ) ) ;
#4566 = VECTOR ( 'NONE', #5825, 1000.000000000000000 ) ;
#4567 = ORIENTED_EDGE ( 'NONE', *, *, #2574, .T. ) ;
#4568 = ORIENTED_EDGE ( 'NONE', *, *, #1065, .F. ) ;
#4569 = FILL_AREA_STYLE_COLOUR ( '', #3723 ) ;
#4570 = CARTESIAN_POINT ( 'NONE',  ( -11.40000000000000000, -4.400000000000000400, -3.950000000000002000 ) ) ;
#4571 = ORIENTED_EDGE ( 'NONE', *, *, #756, .F. ) ;
#4572 = EDGE_CURVE ( 'NONE', #5480, #5234, #5387, .T. ) ;
#4573 = VECTOR ( 'NONE', #5495, 1000.000000000000000 ) ;
#4574 = DIRECTION ( 'NONE',  ( 0.0000000000000000000, 0.0000000000000000000, -1.000000000000000000 ) ) ;
#4575 = DIRECTION ( 'NONE',  ( 0.0000000000000000000, 0.0000000000000000000, 1.000000000000000000 ) ) ;
#4576 = VECTOR ( 'NONE', #1602, 1000.000000000000000 ) ;
#4577 = ORIENTED_EDGE ( 'NONE', *, *, #3864, .T. ) ;
#4578 = VECTOR ( 'NONE', #770, 1000.000000000000000 ) ;
#4579 = PRESENTATION_STYLE_ASSIGNMENT (( #2966 ) ) ;
#4580 = VECTOR ( 'NONE', #1139, 1000.000000000000000 ) ;
#4581 = CARTESIAN_POINT ( 'NONE',  ( -10.60000000000000100, -4.400000000000000400, -3.950000000000002000 ) ) ;
#4582 = CARTESIAN_POINT ( 'NONE',  ( -0.3000000000000000400, -3.750000000000000900, -0.2999999999999999300 ) ) ;
#4583 = LINE ( 'NONE', #3804, #2358 ) ;
#4584 = UNCERTAINTY_MEASURE_WITH_UNIT (LENGTH_MEASURE( 1.000000000000000100E-005 ), #5047, 'distance_accuracy_value', 'NONE');
#4585 = ORIENTED_EDGE ( 'NONE', *, *, #1484, .T. ) ;
#4586 = VECTOR ( 'NONE', #540, 1000.000000000000000 ) ;
#4587 = STYLED_ITEM ( 'NONE', ( #3380 ), #557 ) ;
#4588 = VECTOR ( 'NONE', #3656, 1000.000000000000000 ) ;
#4589 = DIRECTION ( 'NONE',  ( 1.000000000000000000, -0.0000000000000000000, -0.0000000000000000000 ) ) ;
#4590 = EDGE_CURVE ( 'NONE', #2360, #1056, #5298, .T. ) ;
#4591 = AXIS2_PLACEMENT_3D ( 'NONE', #3569, #3054, #1007 ) ;
#4592 = FACE_OUTER_BOUND ( 'NONE', #1037, .T. ) ;
#4593 = VECTOR ( 'NONE', #2960, 1000.000000000000000 ) ;
#4594 = VERTEX_POINT ( 'NONE', #4088 ) ;
#4595 = COLOUR_RGB ( '',0.7529411764705882200, 0.7529411764705882200, 0.7529411764705882200 ) ;
#4596 = VECTOR ( 'NONE', #1557, 1000.000000000000000 ) ;
#4597 = DIRECTION ( 'NONE',  ( 0.0000000000000000000, -1.000000000000000000, 0.0000000000000000000 ) ) ;
#4598 = LINE ( 'NONE', #1379, #2062 ) ;
#4599 = ORIENTED_EDGE ( 'NONE', *, *, #5241, .T. ) ;
#4600 =( NAMED_UNIT ( * ) SI_UNIT ( $, .STERADIAN. ) SOLID_ANGLE_UNIT ( ) );
#4601 = FILL_AREA_STYLE_COLOUR ( '', #3143 ) ;
#4602 = VECTOR ( 'NONE', #2713, 1000.000000000000000 ) ;
#4603 = ORIENTED_EDGE ( 'NONE', *, *, #4071, .F. ) ;
#4604 = VECTOR ( 'NONE', #4322, 1000.000000000000000 ) ;
#4605 = VERTEX_POINT ( 'NONE', #6112 ) ;
#4606 = CARTESIAN_POINT ( 'NONE',  ( -5.599999999999998800, -4.200000000000000200, -4.850000000000002300 ) ) ;
#4607 = ORIENTED_EDGE ( 'NONE', *, *, #4926, .T. ) ;
#4608 = PRESENTATION_STYLE_ASSIGNMENT (( #1034 ) ) ;
#4609 = PLANE ( 'NONE',  #4747 ) ;
#4610 = AXIS2_PLACEMENT_3D ( 'NONE', #5288, #843, #4803 ) ;
#4611 = UNCERTAINTY_MEASURE_WITH_UNIT (LENGTH_MEASURE( 1.000000000000000100E-005 ), #6281, 'distance_accuracy_value', 'NONE');
#4612 = ORIENTED_EDGE ( 'NONE', *, *, #1965, .T. ) ;
#4613 = ORIENTED_EDGE ( 'NONE', *, *, #3648, .T. ) ;
#4614 = LINE ( 'NONE', #5205, #924 ) ;
#4615 = PRESENTATION_STYLE_ASSIGNMENT (( #2328 ) ) ;
#4616 = EDGE_CURVE ( 'NONE', #6145, #2202, #3883, .T. ) ;
#4617 =( LENGTH_UNIT ( ) NAMED_UNIT ( * ) SI_UNIT ( .MILLI., .METRE. ) );
#4618 = EDGE_CURVE ( 'NONE', #185, #5663, #369, .T. ) ;
#4619 = CARTESIAN_POINT ( 'NONE',  ( -16.00000000000000000, 8.673617379884033500E-016, -4.049999999999999800 ) ) ;
#4620 = DIRECTION ( 'NONE',  ( 0.0000000000000000000, 1.000000000000000000, -0.0000000000000000000 ) ) ;
#4621 = ORIENTED_EDGE ( 'NONE', *, *, #4173, .F. ) ;
#4622 = AXIS2_PLACEMENT_3D ( 'NONE', #1450, #2430, #462 ) ;
#4623 = DIRECTION ( 'NONE',  ( -1.000000000000000000, 0.0000000000000000000, 0.0000000000000000000 ) ) ;
#4624 = PLANE ( 'NONE',  #4776 ) ;
#4625 = EDGE_LOOP ( 'NONE', ( #1315, #4041, #1164, #1154 ) ) ;
#4626 = DIRECTION ( 'NONE',  ( 1.000000000000000000, -0.0000000000000000000, -0.0000000000000000000 ) ) ;
#4627 = VERTEX_POINT ( 'NONE', #4652 ) ;
#4628 = DIRECTION ( 'NONE',  ( -0.0000000000000000000, 0.0000000000000000000, 1.000000000000000000 ) ) ;
#4629 =( LENGTH_UNIT ( ) NAMED_UNIT ( * ) SI_UNIT ( .MILLI., .METRE. ) );
#4630 = ORIENTED_EDGE ( 'NONE', *, *, #1512, .T. ) ;
#4631 = SURFACE_STYLE_FILL_AREA ( #3461 ) ;
#4632 = CARTESIAN_POINT ( 'NONE',  ( -14.60000000000000100, -4.200000000000003700, -3.950000000000002000 ) ) ;
#4633 =( GEOMETRIC_REPRESENTATION_CONTEXT ( 3 ) GLOBAL_UNCERTAINTY_ASSIGNED_CONTEXT ( ( #4293 ) ) GLOBAL_UNIT_ASSIGNED_CONTEXT ( ( #6323, #3331, #1783 ) ) REPRESENTATION_CONTEXT ( 'NONE', 'WORKASPACE' ) );
#4634 = SURFACE_STYLE_USAGE ( .BOTH. , #6196 ) ;
#4635 = VECTOR ( 'NONE', #244, 1000.000000000000000 ) ;
#4636 = VERTEX_POINT ( 'NONE', #4880 ) ;
#4637 = LINE ( 'NONE', #3901, #1406 ) ;
#4638 = DIRECTION ( 'NONE',  ( 1.000000000000000000, 1.306267677693378500E-016, 0.0000000000000000000 ) ) ;
#4639 =( LENGTH_UNIT ( ) NAMED_UNIT ( * ) SI_UNIT ( .MILLI., .METRE. ) );
#4640 = EDGE_CURVE ( 'NONE', #4762, #33, #5149, .T. ) ;
#4641 = ORIENTED_EDGE ( 'NONE', *, *, #3191, .F. ) ;
#4642 = SURFACE_STYLE_FILL_AREA ( #4165 ) ;
#4643 = PRESENTATION_LAYER_ASSIGNMENT (  '', '', ( #5442 ) ) ;
#4644 = ADVANCED_FACE ( 'NONE', ( #989 ), #1815, .T. ) ;
#4645 = DIRECTION ( 'NONE',  ( 0.0000000000000000000, -1.000000000000000000, 0.0000000000000000000 ) ) ;
#4646 = DIRECTION ( 'NONE',  ( 0.0000000000000000000, -1.000000000000000000, 0.0000000000000000000 ) ) ;
#4647 = PRESENTATION_STYLE_ASSIGNMENT (( #3211 ) ) ;
#4648 = ORIENTED_EDGE ( 'NONE', *, *, #4516, .T. ) ;
#4649 = DIRECTION ( 'NONE',  ( 1.000000000000000000, 0.0000000000000000000, -0.0000000000000000000 ) ) ;
#4650 = LINE ( 'NONE', #1863, #2354 ) ;
#4651 = VECTOR ( 'NONE', #2771, 1000.000000000000000 ) ;
#4652 = CARTESIAN_POINT ( 'NONE',  ( -15.25000000000000000, -3.650000000000000400, -0.3999999999999997400 ) ) ;
#4653 = DIRECTION ( 'NONE',  ( 0.0000000000000000000, -1.000000000000000000, -0.0000000000000000000 ) ) ;
#4654 = ORIENTED_EDGE ( 'NONE', *, *, #5082, .T. ) ;
#4655 = VECTOR ( 'NONE', #1325, 1000.000000000000000 ) ;
#4656 = CARTESIAN_POINT ( 'NONE',  ( -14.82500000000000100, -1.950000000000000400, -13.70082415094414700 ) ) ;
#4657 = CARTESIAN_POINT ( 'NONE',  ( -11.05000000000000100, -1.350000000000001200, -0.6099999999999998800 ) ) ;
#4658 = PRODUCT_CONTEXT ( 'NONE', #575, 'mechanical' ) ;
#4659 = PRESENTATION_LAYER_ASSIGNMENT (  '', '', ( #1538 ) ) ;
#4660 = ORIENTED_EDGE ( 'NONE', *, *, #3669, .F. ) ;
#4661 =( LENGTH_UNIT ( ) NAMED_UNIT ( * ) SI_UNIT ( .MILLI., .METRE. ) );
#4662 = FACE_OUTER_BOUND ( 'NONE', #922, .T. ) ;
#4663 = CARTESIAN_POINT ( 'NONE',  ( -5.599999999999998800, -4.500000000000000000, -3.850000000000002800 ) ) ;
#4664 = PLANE ( 'NONE',  #3039 ) ;
#4665 = ORIENTED_EDGE ( 'NONE', *, *, #1175, .T. ) ;
#4666 = LINE ( 'NONE', #2541, #200 ) ;
#4667 = EDGE_CURVE ( 'NONE', #2929, #5349, #2293, .T. ) ;
#4668 = CARTESIAN_POINT ( 'NONE',  ( -0.5000000000000000000, -2.450000000000007300, 1.940000000000000400 ) ) ;
#4669 = ORIENTED_EDGE ( 'NONE', *, *, #2981, .T. ) ;
#4670 = LINE ( 'NONE', #2951, #6147 ) ;
#4671 = ORIENTED_EDGE ( 'NONE', *, *, #150, .T. ) ;
#4672 = SURFACE_STYLE_FILL_AREA ( #1298 ) ;
#4673 = SURFACE_STYLE_USAGE ( .BOTH. , #183 ) ;
#4674 = EDGE_CURVE ( 'NONE', #2033, #686, #2466, .T. ) ;
#4675 = PRESENTATION_LAYER_ASSIGNMENT (  '', '', ( #3998 ) ) ;
#4676 = FACE_OUTER_BOUND ( 'NONE', #49, .T. ) ;
#4677 = VECTOR ( 'NONE', #5897, 1000.000000000000000 ) ;
#4678 = DIRECTION ( 'NONE',  ( 0.0000000000000000000, 0.0000000000000000000, -1.000000000000000000 ) ) ;
#4679 = ORIENTED_EDGE ( 'NONE', *, *, #459, .F. ) ;
#4680 = VECTOR ( 'NONE', #2807, 1000.000000000000000 ) ;
#4681 = MECHANICAL_DESIGN_GEOMETRIC_PRESENTATION_REPRESENTATION (  '', ( #3998 ), #2986 ) ;
#4682 = CARTESIAN_POINT ( 'NONE',  ( -8.600000000000001400, -4.200000000000001100, -3.950000000000002000 ) ) ;
#4683 = EDGE_CURVE ( 'NONE', #1714, #4941, #5381, .T. ) ;
#4684 = MECHANICAL_DESIGN_GEOMETRIC_PRESENTATION_REPRESENTATION (  '', ( #4345 ), #5109 ) ;
#4685 = ORIENTED_EDGE ( 'NONE', *, *, #4031, .T. ) ;
#4686 = VECTOR ( 'NONE', #4771, 1000.000000000000000 ) ;
#4687 = DIRECTION ( 'NONE',  ( 0.0000000000000000000, -1.000000000000000000, 0.0000000000000000000 ) ) ;
#4688 =( LENGTH_UNIT ( ) NAMED_UNIT ( * ) SI_UNIT ( .MILLI., .METRE. ) );
#4689 = ORIENTED_EDGE ( 'NONE', *, *, #5139, .T. ) ;
#4690 = LINE ( 'NONE', #4531, #219 ) ;
#4691 = FILL_AREA_STYLE ('',( #699 ) ) ;
#4692 = UNCERTAINTY_MEASURE_WITH_UNIT (LENGTH_MEASURE( 1.000000000000000100E-005 ), #3372, 'distance_accuracy_value', 'NONE');
#4693 = VECTOR ( 'NONE', #59, 1000.000000000000000 ) ;
#4694 = CARTESIAN_POINT ( 'NONE',  ( -7.599999999999999600, -4.200000000000000200, -4.850000000000002300 ) ) ;
#4695 = ORIENTED_EDGE ( 'NONE', *, *, #473, .F. ) ;
#4696 = ORIENTED_EDGE ( 'NONE', *, *, #4173, .T. ) ;
#4697 = PLANE ( 'NONE',  #4006 ) ;
#4698 = UNCERTAINTY_MEASURE_WITH_UNIT (LENGTH_MEASURE( 1.000000000000000100E-005 ), #533, 'distance_accuracy_value', 'NONE');
#4699 = ORIENTED_EDGE ( 'NONE', *, *, #5440, .F. ) ;
#4700 =( LENGTH_UNIT ( ) NAMED_UNIT ( * ) SI_UNIT ( .MILLI., .METRE. ) );
#4701 = CARTESIAN_POINT ( 'NONE',  ( -1.399999999999999500, -4.499999999999998200, -4.850000000000002300 ) ) ;
#4702 = EDGE_CURVE ( 'NONE', #5329, #899, #6409, .T. ) ;
#4703 = ORIENTED_EDGE ( 'NONE', *, *, #1786, .T. ) ;
#4704 = CARTESIAN_POINT ( 'NONE',  ( -11.05000000000000100, -1.350000000000001200, -0.6099999999999998800 ) ) ;
#4705 = ADVANCED_FACE ( 'NONE', ( #4057 ), #4835, .F. ) ;
#4706 = FILL_AREA_STYLE_COLOUR ( '', #5198 ) ;
#4707 =( GEOMETRIC_REPRESENTATION_CONTEXT ( 3 ) GLOBAL_UNCERTAINTY_ASSIGNED_CONTEXT ( ( #2057 ) ) GLOBAL_UNIT_ASSIGNED_CONTEXT ( ( #1309, #2330, #1849 ) ) REPRESENTATION_CONTEXT ( 'NONE', 'WORKASPACE' ) );
#4708 = ORIENTED_EDGE ( 'NONE', *, *, #2031, .F. ) ;
#4709 = LINE ( 'NONE', #4682, #4787 ) ;
#4710 = AXIS2_PLACEMENT_3D ( 'NONE', #5411, #6350, #372 ) ;
#4711 = ORIENTED_EDGE ( 'NONE', *, *, #2222, .F. ) ;
#4712 = PLANE ( 'NONE',  #5899 ) ;
#4713 = SURFACE_SIDE_STYLE ('',( #4262 ) ) ;
#4714 = EDGE_LOOP ( 'NONE', ( #634, #1345, #696, #2841, #3805, #3169, #5013, #3543 ) ) ;
#4715 = VERTEX_POINT ( 'NONE', #3285 ) ;
#4716 = FACE_OUTER_BOUND ( 'NONE', #2617, .T. ) ;
#4717 = DIRECTION ( 'NONE',  ( 0.0000000000000000000, 0.7071067811865470200, 0.7071067811865481300 ) ) ;
#4718 =( LENGTH_UNIT ( ) NAMED_UNIT ( * ) SI_UNIT ( .MILLI., .METRE. ) );
#4719 = ORIENTED_EDGE ( 'NONE', *, *, #217, .T. ) ;
#4720 = DIRECTION ( 'NONE',  ( 0.0000000000000000000, -1.000000000000000000, -0.0000000000000000000 ) ) ;
#4721 = VERTEX_POINT ( 'NONE', #5318 ) ;
#4722 = PRESENTATION_LAYER_ASSIGNMENT (  '', '', ( #3919 ) ) ;
#4723 = CARTESIAN_POINT ( 'NONE',  ( -4.400000000000000400, -4.200000000000000200, -4.850000000000002300 ) ) ;
#4724 = VECTOR ( 'NONE', #4117, 1000.000000000000000 ) ;
#4725 = ORIENTED_EDGE ( 'NONE', *, *, #3884, .F. ) ;
#4726 = LINE ( 'NONE', #4487, #1875 ) ;
#4727 = ORIENTED_EDGE ( 'NONE', *, *, #6316, .F. ) ;
#4728 = VECTOR ( 'NONE', #416, 1000.000000000000000 ) ;
#4729 = STYLED_ITEM ( 'NONE', ( #4046 ), #6027 ) ;
#4730 = LINE ( 'NONE', #831, #4422 ) ;
#4731 =( NAMED_UNIT ( * ) SI_UNIT ( $, .STERADIAN. ) SOLID_ANGLE_UNIT ( ) );
#4732 = CARTESIAN_POINT ( 'NONE',  ( -5.399999999999999500, -4.200000000000000200, -4.850000000000002300 ) ) ;
#4733 = LINE ( 'NONE', #2690, #3391 ) ;
#4734 = CARTESIAN_POINT ( 'NONE',  ( -0.2999999999999998200, -2.100000000000000100, 1.950000000000000400 ) ) ;
#4735 = LINE ( 'NONE', #1773, #2357 ) ;
#4736 = ORIENTED_EDGE ( 'NONE', *, *, #4145, .F. ) ;
#4737 = EDGE_CURVE ( 'NONE', #3342, #614, #825, .T. ) ;
#4738 = LINE ( 'NONE', #6275, #574 ) ;
#4739 = VECTOR ( 'NONE', #885, 1000.000000000000000 ) ;
#4740 = DIRECTION ( 'NONE',  ( 1.000000000000000000, 0.0000000000000000000, 0.0000000000000000000 ) ) ;
#4741 = SURFACE_STYLE_FILL_AREA ( #2329 ) ;
#4742 = ORIENTED_EDGE ( 'NONE', *, *, #150, .F. ) ;
#4743 = DIRECTION ( 'NONE',  ( 0.0000000000000000000, -0.0000000000000000000, -1.000000000000000000 ) ) ;
#4744 = VECTOR ( 'NONE', #2727, 1000.000000000000000 ) ;
#4745 = CARTESIAN_POINT ( 'NONE',  ( -4.400000000000000400, -3.449999999999995700, -4.050000000000002500 ) ) ;
#4746 = CARTESIAN_POINT ( 'NONE',  ( -6.599999999999999600, -4.200000000000000200, -3.950000000000002000 ) ) ;
#4747 = AXIS2_PLACEMENT_3D ( 'NONE', #5515, #5094, #4039 ) ;
#4748 = VECTOR ( 'NONE', #4589, 1000.000000000000000 ) ;
#4749 = LINE ( 'NONE', #5452, #6142 ) ;
#4750 = DIRECTION ( 'NONE',  ( 0.0000000000000000000, 0.0000000000000000000, -1.000000000000000000 ) ) ;
#4751 = ORIENTED_EDGE ( 'NONE', *, *, #2480, .F. ) ;
#4752 = ORIENTED_EDGE ( 'NONE', *, *, #5153, .F. ) ;
#4753 = LINE ( 'NONE', #4379, #4677 ) ;
#4754 = FILL_AREA_STYLE ('',( #3701 ) ) ;
#4755 = VERTEX_POINT ( 'NONE', #822 ) ;
#4756 = EDGE_CURVE ( 'NONE', #1550, #4438, #1207, .T. ) ;
#4757 =( GEOMETRIC_REPRESENTATION_CONTEXT ( 3 ) GLOBAL_UNCERTAINTY_ASSIGNED_CONTEXT ( ( #1658 ) ) GLOBAL_UNIT_ASSIGNED_CONTEXT ( ( #5070, #565, #1076 ) ) REPRESENTATION_CONTEXT ( 'NONE', 'WORKASPACE' ) );
#4758 = AXIS2_PLACEMENT_3D ( 'NONE', #1583, #1040, #5546 ) ;
#4759 = CARTESIAN_POINT ( 'NONE',  ( -10.60000000000000100, -4.400000000000000400, -3.750000000000000900 ) ) ;
#4760 =( NAMED_UNIT ( * ) PLANE_ANGLE_UNIT ( ) SI_UNIT ( $, .RADIAN. ) );
#4761 = CARTESIAN_POINT ( 'NONE',  ( -6.599999999999999600, -4.500000000000000900, -3.850000000000002800 ) ) ;
#4762 = VERTEX_POINT ( 'NONE', #4339 ) ;
#4763 = LINE ( 'NONE', #339, #4942 ) ;
#4764 = MECHANICAL_DESIGN_GEOMETRIC_PRESENTATION_REPRESENTATION (  '', ( #3264 ), #40 ) ;
#4765 = ORIENTED_EDGE ( 'NONE', *, *, #3730, .F. ) ;
#4766 =( GEOMETRIC_REPRESENTATION_CONTEXT ( 3 ) GLOBAL_UNCERTAINTY_ASSIGNED_CONTEXT ( ( #1850 ) ) GLOBAL_UNIT_ASSIGNED_CONTEXT ( ( #4348, #4894, #3327 ) ) REPRESENTATION_CONTEXT ( 'NONE', 'WORKASPACE' ) );
#4767 = LINE ( 'NONE', #3023, #2004 ) ;
#4768 = CARTESIAN_POINT ( 'NONE',  ( -1.174999999999999800, -0.6000000000000009800, -4.173411897755956400 ) ) ;
#4769 = CARTESIAN_POINT ( 'NONE',  ( -15.69999999999999600, -4.500000000000007100, -0.2599999999999996200 ) ) ;
#4770 = FACE_OUTER_BOUND ( 'NONE', #1915, .T. ) ;
#4771 = DIRECTION ( 'NONE',  ( 0.0000000000000000000, 1.000000000000000000, 0.0000000000000000000 ) ) ;
#4772 = EDGE_CURVE ( 'NONE', #3375, #4389, #4198, .T. ) ;
#4773 =( NAMED_UNIT ( * ) PLANE_ANGLE_UNIT ( ) SI_UNIT ( $, .RADIAN. ) );
#4774 = VERTEX_POINT ( 'NONE', #1766 ) ;
#4775 = ADVANCED_FACE ( 'NONE', ( #6322 ), #4406, .F. ) ;
#4776 = AXIS2_PLACEMENT_3D ( 'NONE', #1702, #2192, #5229 ) ;
#4777 = CARTESIAN_POINT ( 'NONE',  ( -3.400000000000001700, -4.400000000000000400, -3.750000000000004000 ) ) ;
#4778 = VERTEX_POINT ( 'NONE', #1857 ) ;
#4779 = EDGE_LOOP ( 'NONE', ( #661, #3424, #4279, #5821, #6237, #4547 ) ) ;
#4780 = CARTESIAN_POINT ( 'NONE',  ( -1.599999999999999600, -4.499999999999998200, -3.850000000000002800 ) ) ;
#4781 = DIRECTION ( 'NONE',  ( 0.0000000000000000000, 0.0000000000000000000, 1.000000000000000000 ) ) ;
#4782 = PLANE ( 'NONE',  #6125 ) ;
#4783 = DIRECTION ( 'NONE',  ( -8.462065736472233800E-016, 1.000000000000000000, -1.057758217059032200E-016 ) ) ;
#4784 = CARTESIAN_POINT ( 'NONE',  ( -4.599999999999999600, -4.500000000000000000, -4.850000000000002300 ) ) ;
#4785 = UNCERTAINTY_MEASURE_WITH_UNIT (LENGTH_MEASURE( 1.000000000000000100E-005 ), #5523, 'distance_accuracy_value', 'NONE');
#4786 = ORIENTED_EDGE ( 'NONE', *, *, #3770, .T. ) ;
#4787 = VECTOR ( 'NONE', #2694, 1000.000000000000000 ) ;
#4788 = DIRECTION ( 'NONE',  ( 0.0000000000000000000, 0.7071067811865470200, 0.7071067811865481300 ) ) ;
#4789 = EDGE_LOOP ( 'NONE', ( #114, #456, #3413, #3681, #1986 ) ) ;
#4790 = FILL_AREA_STYLE_COLOUR ( '', #6011 ) ;
#4791 = MECHANICAL_DESIGN_GEOMETRIC_PRESENTATION_REPRESENTATION (  '', ( #3288 ), #1952 ) ;
#4792 = ADVANCED_FACE ( 'NONE', ( #148 ), #3389, .F. ) ;
#4793 =( NAMED_UNIT ( * ) SI_UNIT ( $, .STERADIAN. ) SOLID_ANGLE_UNIT ( ) );
#4794 = SURFACE_SIDE_STYLE ('',( #3922 ) ) ;
#4795 = DIRECTION ( 'NONE',  ( -1.000000000000000000, 0.0000000000000000000, -0.0000000000000000000 ) ) ;
#4796 = PRESENTATION_STYLE_ASSIGNMENT (( #4899 ) ) ;
#4797 = ORIENTED_EDGE ( 'NONE', *, *, #2342, .T. ) ;
#4798 = EDGE_CURVE ( 'NONE', #3122, #4875, #4361, .T. ) ;
#4799 = STYLED_ITEM ( 'NONE', ( #3159 ), #3247 ) ;
#4800 = ORIENTED_EDGE ( 'NONE', *, *, #2279, .T. ) ;
#4801 = VECTOR ( 'NONE', #338, 1000.000000000000000 ) ;
#4802 = CARTESIAN_POINT ( 'NONE',  ( -11.60000000000000100, -4.500000000000002700, -4.850000000000002300 ) ) ;
#4803 = DIRECTION ( 'NONE',  ( 0.0000000000000000000, 0.7071067811865470200, 0.7071067811865481300 ) ) ;
#4804 = VERTEX_POINT ( 'NONE', #2875 ) ;
#4805 = PLANE ( 'NONE',  #6473 ) ;
#4806 = ADVANCED_FACE ( 'NONE', ( #4851 ), #306, .T. ) ;
#4807 = CARTESIAN_POINT ( 'NONE',  ( -0.7499999999999997800, -3.649999999999999900, -2.600000000000000100 ) ) ;
#4808 = PRESENTATION_LAYER_ASSIGNMENT (  '', '', ( #5479 ) ) ;
#4809 = DIRECTION ( 'NONE',  ( 1.000000000000000000, 0.0000000000000000000, 0.0000000000000000000 ) ) ;
#4810 = FACE_OUTER_BOUND ( 'NONE', #539, .T. ) ;
#4811 = PLANE ( 'NONE',  #877 ) ;
#4812 = VERTEX_POINT ( 'NONE', #3304 ) ;
#4813 = VECTOR ( 'NONE', #2778, 1000.000000000000000 ) ;
#4814 = DIRECTION ( 'NONE',  ( 0.0000000000000000000, 0.0000000000000000000, 1.000000000000000000 ) ) ;
#4815 = VECTOR ( 'NONE', #2759, 1000.000000000000000 ) ;
#4816 = CARTESIAN_POINT ( 'NONE',  ( -5.599999999999998800, -4.200000000000000200, -3.950000000000002000 ) ) ;
#4817 = EDGE_CURVE ( 'NONE', #5885, #66, #4921, .T. ) ;
#4818 = DIRECTION ( 'NONE',  ( 0.0000000000000000000, 1.000000000000000000, 0.0000000000000000000 ) ) ;
#4819 = UNCERTAINTY_MEASURE_WITH_UNIT (LENGTH_MEASURE( 1.000000000000000100E-005 ), #4079, 'distance_accuracy_value', 'NONE');
#4820 = CARTESIAN_POINT ( 'NONE',  ( -0.5000000000000000000, -2.326752072262516500E-016, -2.149999999999999900 ) ) ;
#4821 = DIRECTION ( 'NONE',  ( -1.000000000000000000, 0.0000000000000000000, 0.0000000000000000000 ) ) ;
#4822 = EDGE_LOOP ( 'NONE', ( #3032, #6386, #1533, #5490 ) ) ;
#4823 = VECTOR ( 'NONE', #5322, 1000.000000000000000 ) ;
#4824 = VECTOR ( 'NONE', #280, 1000.000000000000000 ) ;
#4825 = PRODUCT_DEFINITION_CONTEXT ( 'detailed design', #1575, 'design' ) ;
#4826 = DIRECTION ( 'NONE',  ( -0.0000000000000000000, 0.0000000000000000000, 1.000000000000000000 ) ) ;
#4827 = SURFACE_STYLE_USAGE ( .BOTH. , #6297 ) ;
#4828 = ADVANCED_FACE ( 'NONE', ( #2744 ), #2282, .F. ) ;
#4829 = LINE ( 'NONE', #2578, #6468 ) ;
#4830 = CARTESIAN_POINT ( 'NONE',  ( -1.174999999999999800, -0.6000000000000009800, 1.950000000000000400 ) ) ;
#4831 = PRESENTATION_STYLE_ASSIGNMENT (( #4176 ) ) ;
#4832 = EDGE_CURVE ( 'NONE', #2461, #4778, #1591, .T. ) ;
#4833 = VECTOR ( 'NONE', #4373, 1000.000000000000000 ) ;
#4834 = ORIENTED_EDGE ( 'NONE', *, *, #1065, .T. ) ;
#4835 = PLANE ( 'NONE',  #2386 ) ;
#4836 = VECTOR ( 'NONE', #1563, 1000.000000000000000 ) ;
#4837 = EDGE_CURVE ( 'NONE', #847, #2309, #4182, .T. ) ;
#4838 = CARTESIAN_POINT ( 'NONE',  ( -0.5000000000000000000, 0.0000000000000000000, -4.049999999999999800 ) ) ;
#4839 = FILL_AREA_STYLE_COLOUR ( '', #1707 ) ;
#4840 = VECTOR ( 'NONE', #1521, 1000.000000000000000 ) ;
#4841 = CARTESIAN_POINT ( 'NONE',  ( -16.00000000000000000, -0.6500000000000069100, -3.449999999999999700 ) ) ;
#4842 = EDGE_CURVE ( 'NONE', #2208, #4892, #5273, .T. ) ;
#4843 = ORIENTED_EDGE ( 'NONE', *, *, #1581, .T. ) ;
#4844 = VECTOR ( 'NONE', #2437, 1000.000000000000000 ) ;
#4845 = EDGE_CURVE ( 'NONE', #1592, #6057, #576, .T. ) ;
#4846 =( GEOMETRIC_REPRESENTATION_CONTEXT ( 3 ) GLOBAL_UNCERTAINTY_ASSIGNED_CONTEXT ( ( #435 ) ) GLOBAL_UNIT_ASSIGNED_CONTEXT ( ( #3889, #3334, #5891 ) ) REPRESENTATION_CONTEXT ( 'NONE', 'WORKASPACE' ) );
#4847 = FACE_OUTER_BOUND ( 'NONE', #2642, .T. ) ;
#4848 = SURFACE_STYLE_USAGE ( .BOTH. , #3298 ) ;
#4849 = CARTESIAN_POINT ( 'NONE',  ( -15.30000000000000100, -1.300000000000000500, 1.950000000000000400 ) ) ;
#4850 = ORIENTED_EDGE ( 'NONE', *, *, #6024, .T. ) ;
#4851 = FACE_OUTER_BOUND ( 'NONE', #2389, .T. ) ;
#4852 = DIRECTION ( 'NONE',  ( 1.000000000000000000, -0.0000000000000000000, -0.0000000000000000000 ) ) ;
#4853 =( NAMED_UNIT ( * ) SI_UNIT ( $, .STERADIAN. ) SOLID_ANGLE_UNIT ( ) );
#4854 = EDGE_LOOP ( 'NONE', ( #3051, #4736, #1442, #4752, #3273, #4671 ) ) ;
#4855 = LINE ( 'NONE', #6197, #1998 ) ;
#4856 = MECHANICAL_DESIGN_GEOMETRIC_PRESENTATION_REPRESENTATION (  '', ( #4510 ), #3408 ) ;
#4857 = CARTESIAN_POINT ( 'NONE',  ( -0.3000000000000000400, -2.450000000000007700, -0.2599999999999997900 ) ) ;
#4858 = ORIENTED_EDGE ( 'NONE', *, *, #571, .T. ) ;
#4859 = DIRECTION ( 'NONE',  ( -0.0000000000000000000, -0.0000000000000000000, 1.000000000000000000 ) ) ;
#4860 = VECTOR ( 'NONE', #3276, 1000.000000000000000 ) ;
#4861 = VECTOR ( 'NONE', #1053, 1000.000000000000000 ) ;
#4862 = VECTOR ( 'NONE', #829, 1000.000000000000000 ) ;
#4863 = COLOUR_RGB ( '',0.7529411764705882200, 0.7529411764705882200, 0.7529411764705882200 ) ;
#4864 = AXIS2_PLACEMENT_3D ( 'NONE', #1279, #5758, #2762 ) ;
#4865 =( NAMED_UNIT ( * ) PLANE_ANGLE_UNIT ( ) SI_UNIT ( $, .RADIAN. ) );
#4866 = CARTESIAN_POINT ( 'NONE',  ( -13.40000000000000200, -4.500000000000003600, -4.850000000000002300 ) ) ;
#4867 = ORIENTED_EDGE ( 'NONE', *, *, #3009, .T. ) ;
#4868 = CARTESIAN_POINT ( 'NONE',  ( -15.99999999999999600, -4.400000000000008300, -0.2999999999999999300 ) ) ;
#4869 = ADVANCED_FACE ( 'NONE', ( #2530 ), #283, .F. ) ;
#4870 = ORIENTED_EDGE ( 'NONE', *, *, #4498, .F. ) ;
#4871 = ORIENTED_EDGE ( 'NONE', *, *, #5649, .F. ) ;
#4872 =( NAMED_UNIT ( * ) PLANE_ANGLE_UNIT ( ) SI_UNIT ( $, .RADIAN. ) );
#4873 = AXIS2_PLACEMENT_3D ( 'NONE', #5107, #5599, #3580 ) ;
#4874 = DIRECTION ( 'NONE',  ( -1.000000000000000000, 0.0000000000000000000, 0.0000000000000000000 ) ) ;
#4875 = VERTEX_POINT ( 'NONE', #5499 ) ;
#4876 = CLOSED_SHELL ( 'NONE', ( #2412, #5537, #1715, #3746, #6474, #3230, #2767, #3742, #1294, #1729, #4225, #3295, #2828, #794, #1489, #2196, #4792, #5792, #301, #5187, #1776, #4828, #5281, #1195, #4016, #1719, #6241, #3733, #415, #6288, #65, #3110, #5075, #380, #4052, #3548, #6202, #331, #5761, #4445, #6327, #1143, #2026, #4978, #914, #3281, #430, #3168, #5304, #2250, #1539, #5221, #1948, #3247, #2285, #5759, #2169, #4301, #3446, #3834, #5040, #3793, #98, #4806, #5920, #705, #1745, #761, #816, #2552, #1813, #5263, #772, #5423, #1820, #2911, #3197, #287, #4200, #4869, #2442, #6300, #5811, #3758, #2726, #4286, #4775, #4644, #5110, #1055, #5981, #2748, #741, #1727, #463, #5776, #2055, #2946, #4548, #1381, #1396, #2231, #2263, #1992, #3512, #237, #4953, #5409, #557, #4261, #2791, #1427, #6176, #6054, #3245, #674, #204, #5315, #2251, #2804, #3968, #1314, #5246, #5133, #3496, #4474, #6442, #4386, #1021, #1925, #3396, #3021, #4321, #6258, #5596, #3192, #3419, #946, #6027, #2403, #3320, #3262, #288, #1241, #4705, #4429, #1262, #2734, #2661, #3049, #5711, #318, #1503, #1864, #759, #6267 ) ) ;
#4877 = LINE ( 'NONE', #3505, #1316 ) ;
#4878 = CARTESIAN_POINT ( 'NONE',  ( -15.49999999999999600, -3.750000000000007100, -0.2999999999999999300 ) ) ;
#4879 = PLANE ( 'NONE',  #965 ) ;
#4880 = CARTESIAN_POINT ( 'NONE',  ( -15.49999999999999600, -4.500000000000007100, -0.2599999999999996200 ) ) ;
#4881 = ORIENTED_EDGE ( 'NONE', *, *, #6410, .T. ) ;
#4882 = DIRECTION ( 'NONE',  ( -1.000000000000000000, 0.0000000000000000000, 0.0000000000000000000 ) ) ;
#4883 = DIRECTION ( 'NONE',  ( -0.0000000000000000000, 0.0000000000000000000, 1.000000000000000000 ) ) ;
#4884 = AXIS2_PLACEMENT_3D ( 'NONE', #3915, #442, #4990 ) ;
#4885 = SURFACE_STYLE_USAGE ( .BOTH. , #5367 ) ;
#4886 = CARTESIAN_POINT ( 'NONE',  ( -4.950000000000001100, -1.799999999999998900, -0.6099999999999999900 ) ) ;
#4887 = DIRECTION ( 'NONE',  ( 0.0000000000000000000, 1.000000000000000000, 0.0000000000000000000 ) ) ;
#4888 = CARTESIAN_POINT ( 'NONE',  ( -9.600000000000003200, -4.400000000000000400, -4.050000000000002500 ) ) ;
#4889 =( NAMED_UNIT ( * ) SI_UNIT ( $, .STERADIAN. ) SOLID_ANGLE_UNIT ( ) );
#4890 = LINE ( 'NONE', #781, #3053 ) ;
#4891 = EDGE_LOOP ( 'NONE', ( #5925, #1383, #5331, #1218 ) ) ;
#4892 = VERTEX_POINT ( 'NONE', #1400 ) ;
#4893 = SURFACE_SIDE_STYLE ('',( #4741 ) ) ;
#4894 =( NAMED_UNIT ( * ) PLANE_ANGLE_UNIT ( ) SI_UNIT ( $, .RADIAN. ) );
#4895 =( GEOMETRIC_REPRESENTATION_CONTEXT ( 3 ) GLOBAL_UNCERTAINTY_ASSIGNED_CONTEXT ( ( #2949 ) ) GLOBAL_UNIT_ASSIGNED_CONTEXT ( ( #4455, #1404, #4475 ) ) REPRESENTATION_CONTEXT ( 'NONE', 'WORKASPACE' ) );
#4896 = ORIENTED_EDGE ( 'NONE', *, *, #3669, .T. ) ;
#4897 = VECTOR ( 'NONE', #1831, 1000.000000000000000 ) ;
#4898 = DIRECTION ( 'NONE',  ( 0.0000000000000000000, 0.7071067811865470200, 0.7071067811865481300 ) ) ;
#4899 = SURFACE_STYLE_USAGE ( .BOTH. , #4432 ) ;
#4900 = COLOUR_RGB ( '',0.7529411764705882200, 0.7529411764705882200, 0.7529411764705882200 ) ;
#4901 = AXIS2_PLACEMENT_3D ( 'NONE', #163, #3634, #5159 ) ;
#4902 = DIRECTION ( 'NONE',  ( 0.0000000000000000000, -1.000000000000000000, -2.710505431213761600E-016 ) ) ;
#4903 = EDGE_LOOP ( 'NONE', ( #5266, #1847, #5538, #2918 ) ) ;
#4904 = UNCERTAINTY_MEASURE_WITH_UNIT (LENGTH_MEASURE( 1.000000000000000100E-005 ), #1082, 'distance_accuracy_value', 'NONE');
#4905 = FACE_OUTER_BOUND ( 'NONE', #5815, .T. ) ;
#4906 = EDGE_CURVE ( 'NONE', #735, #2647, #130, .T. ) ;
#4907 = AXIS2_PLACEMENT_3D ( 'NONE', #3739, #3683, #5753 ) ;
#4908 = PLANE ( 'NONE',  #4591 ) ;
#4909 = VECTOR ( 'NONE', #4247, 1000.000000000000000 ) ;
#4910 = SURFACE_STYLE_USAGE ( .BOTH. , #4343 ) ;
#4911 = FILL_AREA_STYLE ('',( #896 ) ) ;
#4912 = LINE ( 'NONE', #2821, #3553 ) ;
#4913 = EDGE_LOOP ( 'NONE', ( #5777, #4858, #850, #2422 ) ) ;
#4914 = AXIS2_PLACEMENT_3D ( 'NONE', #3078, #2019, #3621 ) ;
#4915 = DIRECTION ( 'NONE',  ( 0.0000000000000000000, -1.000000000000000000, 0.0000000000000000000 ) ) ;
#4916 = COLOUR_RGB ( '',0.7529411764705882200, 0.7529411764705882200, 0.7529411764705882200 ) ;
#4917 = PRESENTATION_STYLE_ASSIGNMENT (( #1663 ) ) ;
#4918 = COLOUR_RGB ( '',0.7529411764705882200, 0.7529411764705882200, 0.7529411764705882200 ) ;
#4919 = DIRECTION ( 'NONE',  ( 0.0000000000000000000, -1.000000000000000000, 0.0000000000000000000 ) ) ;
#4920 = LINE ( 'NONE', #4732, #5058 ) ;
#4921 = LINE ( 'NONE', #346, #1429 ) ;
#4922 = CARTESIAN_POINT ( 'NONE',  ( -8.400000000000000400, -3.449999999999998000, -3.950000000000002000 ) ) ;
#4923 = ORIENTED_EDGE ( 'NONE', *, *, #2217, .F. ) ;
#4924 = VECTOR ( 'NONE', #607, 1000.000000000000000 ) ;
#4925 = FACE_OUTER_BOUND ( 'NONE', #2554, .T. ) ;
#4926 = EDGE_CURVE ( 'NONE', #108, #6088, #63, .T. ) ;
#4927 = LINE ( 'NONE', #2174, #3564 ) ;
#4928 = PLANE ( 'NONE',  #5536 ) ;
#4929 = VERTEX_POINT ( 'NONE', #5888 ) ;
#4930 = CARTESIAN_POINT ( 'NONE',  ( -10.60000000000000100, -4.200000000000002000, -4.850000000000002300 ) ) ;
#4931 = FILL_AREA_STYLE_COLOUR ( '', #4595 ) ;
#4932 = DIRECTION ( 'NONE',  ( 0.0000000000000000000, -1.000000000000000000, -2.710505431213761600E-016 ) ) ;
#4933 = AXIS2_PLACEMENT_3D ( 'NONE', #5418, #2886, #5397 ) ;
#4934 = DIRECTION ( 'NONE',  ( 1.000000000000000000, -0.0000000000000000000, -0.0000000000000000000 ) ) ;
#4935 = CARTESIAN_POINT ( 'NONE',  ( -15.49999999999999600, -2.250000000000006200, -3.450000000000000200 ) ) ;
#4936 = ORIENTED_EDGE ( 'NONE', *, *, #44, .T. ) ;
#4937 = SURFACE_SIDE_STYLE ('',( #4048 ) ) ;
#4938 = CARTESIAN_POINT ( 'NONE',  ( -0.5000000000000000000, -2.250000000000000000, -4.049999999999999800 ) ) ;
#4939 = DIRECTION ( 'NONE',  ( -1.000000000000000000, 0.0000000000000000000, -0.0000000000000000000 ) ) ;
#4940 =( NAMED_UNIT ( * ) SI_UNIT ( $, .STERADIAN. ) SOLID_ANGLE_UNIT ( ) );
#4941 = VERTEX_POINT ( 'NONE', #4469 ) ;
#4942 = VECTOR ( 'NONE', #4417, 1000.000000000000000 ) ;
#4943 = SURFACE_STYLE_USAGE ( .BOTH. , #4368 ) ;
#4944 = VERTEX_POINT ( 'NONE', #3952 ) ;
#4945 = EDGE_CURVE ( 'NONE', #5035, #979, #3947, .T. ) ;
#4946 = PRESENTATION_LAYER_ASSIGNMENT (  '', '', ( #5590 ) ) ;
#4947 = LINE ( 'NONE', #32, #836 ) ;
#4948 = CARTESIAN_POINT ( 'NONE',  ( -0.5000000000000000000, -3.750000000000000900, -0.2999999999999999300 ) ) ;
#4949 = ORIENTED_EDGE ( 'NONE', *, *, #3472, .T. ) ;
#4950 =( NAMED_UNIT ( * ) PLANE_ANGLE_UNIT ( ) SI_UNIT ( $, .RADIAN. ) );
#4951 = ORIENTED_EDGE ( 'NONE', *, *, #5822, .F. ) ;
#4952 = DIRECTION ( 'NONE',  ( -0.0000000000000000000, -0.0000000000000000000, 1.000000000000000000 ) ) ;
#4953 = ADVANCED_FACE ( 'NONE', ( #5446 ), #6460, .F. ) ;
#4954 = FILL_AREA_STYLE_COLOUR ( '', #2049 ) ;
#4955 = VERTEX_POINT ( 'NONE', #5406 ) ;
#4956 = EDGE_CURVE ( 'NONE', #1467, #4892, #5600, .T. ) ;
#4957 = PRESENTATION_LAYER_ASSIGNMENT (  '', '', ( #6139 ) ) ;
#4958 = EDGE_LOOP ( 'NONE', ( #2292, #4708, #4050, #541 ) ) ;
#4959 = CARTESIAN_POINT ( 'NONE',  ( -0.5000000000000000000, -2.326752072262516500E-016, -2.149999999999999900 ) ) ;
#4960 =( NAMED_UNIT ( * ) PLANE_ANGLE_UNIT ( ) SI_UNIT ( $, .RADIAN. ) );
#4961 = CARTESIAN_POINT ( 'NONE',  ( -0.6999999999999998400, -2.100000000000000100, -1.799999999999999600 ) ) ;
#4962 = CARTESIAN_POINT ( 'NONE',  ( -13.40000000000000200, -4.400000000000000400, -3.750000000000000000 ) ) ;
#4963 = FILL_AREA_STYLE_COLOUR ( '', #1353 ) ;
#4964 = LINE ( 'NONE', #785, #774 ) ;
#4965 = DIRECTION ( 'NONE',  ( 0.0000000000000000000, 0.0000000000000000000, 1.000000000000000000 ) ) ;
#4966 = EDGE_CURVE ( 'NONE', #1478, #5774, #196, .T. ) ;
#4967 = MECHANICAL_DESIGN_GEOMETRIC_PRESENTATION_REPRESENTATION (  '', ( #5729 ), #1296 ) ;
#4968 = VECTOR ( 'NONE', #6360, 1000.000000000000000 ) ;
#4969 = VERTEX_POINT ( 'NONE', #1874 ) ;
#4970 = EDGE_CURVE ( 'NONE', #5157, #1757, #1515, .T. ) ;
#4971 = ORIENTED_EDGE ( 'NONE', *, *, #6024, .F. ) ;
#4972 = CARTESIAN_POINT ( 'NONE',  ( -8.600000000000001400, -4.400000000000000400, -3.750000000000001800 ) ) ;
#4973 = PLANE ( 'NONE',  #547 ) ;
#4974 = EDGE_LOOP ( 'NONE', ( #3025, #14, #2270, #3842 ) ) ;
#4975 = STYLED_ITEM ( 'NONE', ( #3556 ), #2804 ) ;
#4976 =( NAMED_UNIT ( * ) PLANE_ANGLE_UNIT ( ) SI_UNIT ( $, .RADIAN. ) );
#4977 = SURFACE_STYLE_USAGE ( .BOTH. , #4997 ) ;
#4978 = ADVANCED_FACE ( 'NONE', ( #432 ), #5976, .F. ) ;
#4979 = VECTOR ( 'NONE', #2160, 1000.000000000000000 ) ;
#4980 = VERTEX_POINT ( 'NONE', #4489 ) ;
#4981 = LINE ( 'NONE', #2887, #6207 ) ;
#4982 = CARTESIAN_POINT ( 'NONE',  ( -15.69999999999999900, -3.750000000000007100, -0.2599999999999997900 ) ) ;
#4983 = EDGE_CURVE ( 'NONE', #5044, #5157, #967, .T. ) ;
#4984 = SURFACE_STYLE_USAGE ( .BOTH. , #2384 ) ;
#4985 = PLANE ( 'NONE',  #5403 ) ;
#4986 = EDGE_LOOP ( 'NONE', ( #2952, #4571, #611, #118 ) ) ;
#4987 = LINE ( 'NONE', #6285, #4655 ) ;
#4988 = FACE_OUTER_BOUND ( 'NONE', #2583, .T. ) ;
#4989 =( GEOMETRIC_REPRESENTATION_CONTEXT ( 3 ) GLOBAL_UNCERTAINTY_ASSIGNED_CONTEXT ( ( #4492 ) ) GLOBAL_UNIT_ASSIGNED_CONTEXT ( ( #535, #5696, #1112 ) ) REPRESENTATION_CONTEXT ( 'NONE', 'WORKASPACE' ) );
#4990 = DIRECTION ( 'NONE',  ( 0.0000000000000000000, 0.0000000000000000000, -1.000000000000000000 ) ) ;
#4991 = ORIENTED_EDGE ( 'NONE', *, *, #4087, .T. ) ;
#4992 = DIRECTION ( 'NONE',  ( 1.000000000000000000, -0.0000000000000000000, -0.0000000000000000000 ) ) ;
#4993 = SURFACE_STYLE_FILL_AREA ( #6109 ) ;
#4994 = CARTESIAN_POINT ( 'NONE',  ( -9.400000000000002100, -3.449999999999998400, -4.050000000000002500 ) ) ;
#4995 = PRESENTATION_LAYER_ASSIGNMENT (  '', '', ( #5905 ) ) ;
#4996 = COLOUR_RGB ( '',0.7529411764705882200, 0.7529411764705882200, 0.7529411764705882200 ) ;
#4997 = SURFACE_SIDE_STYLE ('',( #4631 ) ) ;
#4998 = VERTEX_POINT ( 'NONE', #437 ) ;
#4999 = VECTOR ( 'NONE', #2504, 1000.000000000000000 ) ;
#5000 = FACE_OUTER_BOUND ( 'NONE', #4974, .T. ) ;
#5001 = LINE ( 'NONE', #5889, #2283 ) ;
#5002 = VECTOR ( 'NONE', #2089, 1000.000000000000000 ) ;
#5003 = ORIENTED_EDGE ( 'NONE', *, *, #777, .F. ) ;
#5004 = LINE ( 'NONE', #1456, #5844 ) ;
#5005 = FILL_AREA_STYLE ('',( #4963 ) ) ;
#5006 = ORIENTED_EDGE ( 'NONE', *, *, #1027, .T. ) ;
#5007 = LINE ( 'NONE', #5926, #3422 ) ;
#5008 = VERTEX_POINT ( 'NONE', #933 ) ;
#5009 = PLANE ( 'NONE',  #4884 ) ;
#5010 =( NAMED_UNIT ( * ) PLANE_ANGLE_UNIT ( ) SI_UNIT ( $, .RADIAN. ) );
#5011 = PRESENTATION_STYLE_ASSIGNMENT (( #1364 ) ) ;
#5012 = AXIS2_PLACEMENT_3D ( 'NONE', #1861, #5903, #2838 ) ;
#5013 = ORIENTED_EDGE ( 'NONE', *, *, #3570, .F. ) ;
#5014 = PLANE ( 'NONE',  #4211 ) ;
#5015 = FILL_AREA_STYLE_COLOUR ( '', #1199 ) ;
#5016 = ORIENTED_EDGE ( 'NONE', *, *, #6445, .F. ) ;
#5017 = SURFACE_STYLE_FILL_AREA ( #3986 ) ;
#5018 = CARTESIAN_POINT ( 'NONE',  ( 0.0000000000000000000, -2.250000000000000000, -4.049999999999999800 ) ) ;
#5019 = DIRECTION ( 'NONE',  ( 0.0000000000000000000, 0.7071067811865481300, -0.7071067811865470200 ) ) ;
#5020 = DIRECTION ( 'NONE',  ( -1.000000000000000000, 0.0000000000000000000, 0.0000000000000000000 ) ) ;
#5021 = LINE ( 'NONE', #3578, #3256 ) ;
#5022 = AXIS2_PLACEMENT_3D ( 'NONE', #1041, #1559, #2562 ) ;
#5023 = ORIENTED_EDGE ( 'NONE', *, *, #2678, .F. ) ;
#5024 = UNCERTAINTY_MEASURE_WITH_UNIT (LENGTH_MEASURE( 1.000000000000000100E-005 ), #1657, 'distance_accuracy_value', 'NONE');
#5025 = EDGE_LOOP ( 'NONE', ( #4140, #6053, #4689, #5614, #5492 ) ) ;
#5026 = CARTESIAN_POINT ( 'NONE',  ( -0.6999999999999998400, -0.6000000000000009800, 1.950000000000000400 ) ) ;
#5027 = SURFACE_SIDE_STYLE ('',( #1659 ) ) ;
#5028 = CARTESIAN_POINT ( 'NONE',  ( -4.599999999999999600, -4.200000000000000200, -4.050000000000002500 ) ) ;
#5029 = ORIENTED_EDGE ( 'NONE', *, *, #3740, .F. ) ;
#5030 = EDGE_CURVE ( 'NONE', #3821, #5885, #6075, .T. ) ;
#5031 = MECHANICAL_DESIGN_GEOMETRIC_PRESENTATION_REPRESENTATION (  '', ( #6108 ), #193 ) ;
#5032 = PLANE ( 'NONE',  #855 ) ;
#5033 =( LENGTH_UNIT ( ) NAMED_UNIT ( * ) SI_UNIT ( .MILLI., .METRE. ) );
#5034 = ORIENTED_EDGE ( 'NONE', *, *, #802, .F. ) ;
#5035 = VERTEX_POINT ( 'NONE', #3932 ) ;
#5036 = VECTOR ( 'NONE', #1844, 1000.000000000000000 ) ;
#5037 = LINE ( 'NONE', #1819, #4968 ) ;
#5038 = ORIENTED_EDGE ( 'NONE', *, *, #5158, .F. ) ;
#5039 = ORIENTED_EDGE ( 'NONE', *, *, #1126, .F. ) ;
#5040 = ADVANCED_FACE ( 'NONE', ( #5200 ), #6439, .F. ) ;
#5041 = SURFACE_STYLE_USAGE ( .BOTH. , #41 ) ;
#5042 = PLANE ( 'NONE',  #5670 ) ;
#5043 = VECTOR ( 'NONE', #4156, 1000.000000000000000 ) ;
#5044 = VERTEX_POINT ( 'NONE', #2939 ) ;
#5045 = VECTOR ( 'NONE', #1443, 1000.000000000000000 ) ;
#5046 =( GEOMETRIC_REPRESENTATION_CONTEXT ( 3 ) GLOBAL_UNCERTAINTY_ASSIGNED_CONTEXT ( ( #5024 ) ) GLOBAL_UNIT_ASSIGNED_CONTEXT ( ( #1657, #669, #3528 ) ) REPRESENTATION_CONTEXT ( 'NONE', 'WORKASPACE' ) );
#5047 =( LENGTH_UNIT ( ) NAMED_UNIT ( * ) SI_UNIT ( .MILLI., .METRE. ) );
#5048 = CARTESIAN_POINT ( 'NONE',  ( -1.399999999999999500, -4.199999999999998400, -4.850000000000002300 ) ) ;
#5049 = PRESENTATION_LAYER_ASSIGNMENT (  '', '', ( #3352 ) ) ;
#5050 = VECTOR ( 'NONE', #1120, 1000.000000000000000 ) ;
#5051 = VERTEX_POINT ( 'NONE', #5561 ) ;
#5052 = VECTOR ( 'NONE', #1271, 1000.000000000000000 ) ;
#5053 = SURFACE_STYLE_FILL_AREA ( #297 ) ;
#5054 = VERTEX_POINT ( 'NONE', #5577 ) ;
#5055 = LINE ( 'NONE', #4027, #6391 ) ;
#5056 = LINE ( 'NONE', #1317, #6392 ) ;
#5057 =( NAMED_UNIT ( * ) SI_UNIT ( $, .STERADIAN. ) SOLID_ANGLE_UNIT ( ) );
#5058 = VECTOR ( 'NONE', #2657, 1000.000000000000000 ) ;
#5059 = CARTESIAN_POINT ( 'NONE',  ( -5.399999999999999500, -4.500000000000000000, -3.850000000000002800 ) ) ;
#5060 = VECTOR ( 'NONE', #1903, 1000.000000000000000 ) ;
#5061 = ORIENTED_EDGE ( 'NONE', *, *, #4618, .F. ) ;
#5062 = AXIS2_PLACEMENT_3D ( 'NONE', #1712, #5255, #2183 ) ;
#5063 = LINE ( 'NONE', #5748, #4924 ) ;
#5064 = DIRECTION ( 'NONE',  ( 0.0000000000000000000, -1.000000000000000000, 0.0000000000000000000 ) ) ;
#5065 = FACE_OUTER_BOUND ( 'NONE', #1560, .T. ) ;
#5066 = DIRECTION ( 'NONE',  ( 0.0000000000000000000, 0.7071067811865481300, -0.7071067811865470200 ) ) ;
#5067 = ORIENTED_EDGE ( 'NONE', *, *, #1676, .T. ) ;
#5068 = EDGE_CURVE ( 'NONE', #2622, #5356, #1932, .T. ) ;
#5069 = SURFACE_STYLE_FILL_AREA ( #1481 ) ;
#5070 =( LENGTH_UNIT ( ) NAMED_UNIT ( * ) SI_UNIT ( .MILLI., .METRE. ) );
#5071 = CARTESIAN_POINT ( 'NONE',  ( -6.400000000000000400, -4.500000000000000900, -4.850000000000002300 ) ) ;
#5072 = PRESENTATION_LAYER_ASSIGNMENT (  '', '', ( #3229 ) ) ;
#5073 = ORIENTED_EDGE ( 'NONE', *, *, #4360, .T. ) ;
#5074 = VECTOR ( 'NONE', #4529, 1000.000000000000000 ) ;
#5075 = ADVANCED_FACE ( 'NONE', ( #4464 ), #537, .T. ) ;
#5076 = ORIENTED_EDGE ( 'NONE', *, *, #1002, .F. ) ;
#5077 = EDGE_CURVE ( 'NONE', #106, #3677, #5866, .T. ) ;
#5078 = LINE ( 'NONE', #1304, #5294 ) ;
#5079 = AXIS2_PLACEMENT_3D ( 'NONE', #4168, #3653, #2148 ) ;
#5080 = ORIENTED_EDGE ( 'NONE', *, *, #5685, .T. ) ;
#5081 = DIRECTION ( 'NONE',  ( -1.000000000000000000, 0.0000000000000000000, 0.0000000000000000000 ) ) ;
#5082 = EDGE_CURVE ( 'NONE', #5115, #2565, #670, .T. ) ;
#5083 = LINE ( 'NONE', #5540, #1373 ) ;
#5084 = PLANE ( 'NONE',  #2 ) ;
#5085 = CARTESIAN_POINT ( 'NONE',  ( -14.40000000000000200, -3.450000000000000200, -4.050000000000002500 ) ) ;
#5086 = FACE_OUTER_BOUND ( 'NONE', #5095, .T. ) ;
#5087 = FACE_OUTER_BOUND ( 'NONE', #3482, .T. ) ;
#5088 = CARTESIAN_POINT ( 'NONE',  ( -15.49999999999999600, -3.750000000000007100, -0.2599999999999998400 ) ) ;
#5089 = SURFACE_STYLE_USAGE ( .BOTH. , #4056 ) ;
#5090 = VERTEX_POINT ( 'NONE', #5105 ) ;
#5091 = STYLED_ITEM ( 'NONE', ( #1510 ), #2911 ) ;
#5092 = SURFACE_STYLE_FILL_AREA ( #2620 ) ;
#5093 = DIRECTION ( 'NONE',  ( 0.0000000000000000000, -1.000000000000000000, 0.0000000000000000000 ) ) ;
#5094 = DIRECTION ( 'NONE',  ( 0.0000000000000000000, 0.7071067811865481300, -0.7071067811865470200 ) ) ;
#5095 = EDGE_LOOP ( 'NONE', ( #6225, #623, #3992, #601, #1760, #4108 ) ) ;
#5096 = LINE ( 'NONE', #5634, #1215 ) ;
#5097 = UNCERTAINTY_MEASURE_WITH_UNIT (LENGTH_MEASURE( 1.000000000000000100E-005 ), #5254, 'distance_accuracy_value', 'NONE');
#5098 = EDGE_CURVE ( 'NONE', #348, #4119, #3651, .T. ) ;
#5099 = AXIS2_PLACEMENT_3D ( 'NONE', #726, #1226, #2197 ) ;
#5100 = PRESENTATION_LAYER_ASSIGNMENT (  '', '', ( #4427 ) ) ;
#5101 = ORIENTED_EDGE ( 'NONE', *, *, #6158, .T. ) ;
#5102 = PRESENTATION_LAYER_ASSIGNMENT (  '', '', ( #4164 ) ) ;
#5103 = ORIENTED_EDGE ( 'NONE', *, *, #980, .F. ) ;
#5104 = PRESENTATION_LAYER_ASSIGNMENT (  '', '', ( #2243 ) ) ;
#5105 = CARTESIAN_POINT ( 'NONE',  ( -4.400000000000000400, -4.400000000000000400, -4.050000000000002500 ) ) ;
#5106 = EDGE_CURVE ( 'NONE', #3835, #6003, #5021, .T. ) ;
#5107 = CARTESIAN_POINT ( 'NONE',  ( 0.0000000000000000000, 0.0000000000000000000, 0.0000000000000000000 ) ) ;
#5108 = EDGE_CURVE ( 'NONE', #2763, #6438, #6170, .T. ) ;
#5109 =( GEOMETRIC_REPRESENTATION_CONTEXT ( 3 ) GLOBAL_UNCERTAINTY_ASSIGNED_CONTEXT ( ( #917 ) ) GLOBAL_UNIT_ASSIGNED_CONTEXT ( ( #5202, #2636, #3153 ) ) REPRESENTATION_CONTEXT ( 'NONE', 'WORKASPACE' ) );
#5110 = ADVANCED_FACE ( 'NONE', ( #2007 ), #5544, .F. ) ;
#5111 = CARTESIAN_POINT ( 'NONE',  ( -14.82500000000000100, -2.100000000000000100, -2.600000000000000100 ) ) ;
#5112 = DIRECTION ( 'NONE',  ( 1.000000000000000000, -0.0000000000000000000, -0.0000000000000000000 ) ) ;
#5113 = ORIENTED_EDGE ( 'NONE', *, *, #2108, .F. ) ;
#5114 =( LENGTH_UNIT ( ) NAMED_UNIT ( * ) SI_UNIT ( .MILLI., .METRE. ) );
#5115 = VERTEX_POINT ( 'NONE', #5026 ) ;
#5116 = FACE_OUTER_BOUND ( 'NONE', #2516, .T. ) ;
#5117 = DIRECTION ( 'NONE',  ( 0.0000000000000000000, 0.0000000000000000000, 1.000000000000000000 ) ) ;
#5118 = FACE_OUTER_BOUND ( 'NONE', #453, .T. ) ;
#5119 = ORIENTED_EDGE ( 'NONE', *, *, #3710, .T. ) ;
#5120 = LINE ( 'NONE', #6426, #3764 ) ;
#5121 = AXIS2_PLACEMENT_3D ( 'NONE', #3160, #644, #3646 ) ;
#5122 = VECTOR ( 'NONE', #4365, 1000.000000000000000 ) ;
#5123 =( NAMED_UNIT ( * ) SI_UNIT ( $, .STERADIAN. ) SOLID_ANGLE_UNIT ( ) );
#5124 = CARTESIAN_POINT ( 'NONE',  ( -1.174999999999999800, -0.6000000000000009800, -2.600000000000000100 ) ) ;
#5125 = ORIENTED_EDGE ( 'NONE', *, *, #4217, .T. ) ;
#5126 = CARTESIAN_POINT ( 'NONE',  ( -7.400000000000000400, -4.500000000000000900, -3.850000000000002800 ) ) ;
#5127 = SURFACE_STYLE_USAGE ( .BOTH. , #1610 ) ;
#5128 = EDGE_CURVE ( 'NONE', #6321, #1372, #2146, .T. ) ;
#5129 = PRESENTATION_LAYER_ASSIGNMENT (  '', '', ( #4799 ) ) ;
#5130 = VECTOR ( 'NONE', #1335, 1000.000000000000000 ) ;
#5131 = CARTESIAN_POINT ( 'NONE',  ( -0.3000000000000000400, -4.500000000000000900, 1.940000000000000600 ) ) ;
#5132 = LINE ( 'NONE', #1088, #3627 ) ;
#5133 = ADVANCED_FACE ( 'NONE', ( #3339 ), #1988, .T. ) ;
#5134 = VERTEX_POINT ( 'NONE', #2513 ) ;
#5135 = CARTESIAN_POINT ( 'NONE',  ( -3.849999999999999200, -1.799999999999999600, -0.04999999999999969700 ) ) ;
#5136 = DIRECTION ( 'NONE',  ( 1.000000000000000000, 0.0000000000000000000, 0.0000000000000000000 ) ) ;
#5137 =( LENGTH_UNIT ( ) NAMED_UNIT ( * ) SI_UNIT ( .MILLI., .METRE. ) );
#5138 = ORIENTED_EDGE ( 'NONE', *, *, #2914, .T. ) ;
#5139 = EDGE_CURVE ( 'NONE', #5955, #5902, #3814, .T. ) ;
#5140 =( GEOMETRIC_REPRESENTATION_CONTEXT ( 3 ) GLOBAL_UNCERTAINTY_ASSIGNED_CONTEXT ( ( #2339 ) ) GLOBAL_UNIT_ASSIGNED_CONTEXT ( ( #1064, #37, #573 ) ) REPRESENTATION_CONTEXT ( 'NONE', 'WORKASPACE' ) );
#5141 =( NAMED_UNIT ( * ) PLANE_ANGLE_UNIT ( ) SI_UNIT ( $, .RADIAN. ) );
#5142 = VERTEX_POINT ( 'NONE', #5619 ) ;
#5143 = EDGE_LOOP ( 'NONE', ( #3358, #4210, #1089, #2535, #6233, #115 ) ) ;
#5144 = COLOUR_RGB ( '',0.7529411764705882200, 0.7529411764705882200, 0.7529411764705882200 ) ;
#5145 = CARTESIAN_POINT ( 'NONE',  ( -6.599999999999999600, -4.400000000000000400, -3.950000000000002000 ) ) ;
#5146 = CARTESIAN_POINT ( 'NONE',  ( -7.400000000000000400, -4.500000000000000900, -4.850000000000002300 ) ) ;
#5147 =( NAMED_UNIT ( * ) SI_UNIT ( $, .STERADIAN. ) SOLID_ANGLE_UNIT ( ) );
#5148 = ORIENTED_EDGE ( 'NONE', *, *, #700, .F. ) ;
#5149 = LINE ( 'NONE', #3114, #82 ) ;
#5150 = DIRECTION ( 'NONE',  ( 0.0000000000000000000, -1.000000000000000000, 0.0000000000000000000 ) ) ;
#5151 = CARTESIAN_POINT ( 'NONE',  ( -6.599999999999999600, -4.200000000000000200, -4.850000000000002300 ) ) ;
#5152 = ORIENTED_EDGE ( 'NONE', *, *, #4071, .T. ) ;
#5153 = EDGE_CURVE ( 'NONE', #1264, #4627, #223, .T. ) ;
#5154 = LINE ( 'NONE', #6157, #2873 ) ;
#5155 = FILL_AREA_STYLE_COLOUR ( '', #3432 ) ;
#5156 = EDGE_CURVE ( 'NONE', #6130, #4605, #1144, .T. ) ;
#5157 = VERTEX_POINT ( 'NONE', #3594 ) ;
#5158 = EDGE_CURVE ( 'NONE', #1592, #6370, #5154, .T. ) ;
#5159 = DIRECTION ( 'NONE',  ( 0.0000000000000000000, 0.7071067811865470200, 0.7071067811865481300 ) ) ;
#5160 = EDGE_LOOP ( 'NONE', ( #2963, #6081, #5152, #4357 ) ) ;
#5161 = STYLED_ITEM ( 'NONE', ( #271 ), #3197 ) ;
#5162 = VERTEX_POINT ( 'NONE', #158 ) ;
#5163 = DIRECTION ( 'NONE',  ( 1.000000000000000000, -0.0000000000000000000, -0.0000000000000000000 ) ) ;
#5164 = UNCERTAINTY_MEASURE_WITH_UNIT (LENGTH_MEASURE( 1.000000000000000100E-005 ), #5325, 'distance_accuracy_value', 'NONE');
#5165 = ORIENTED_EDGE ( 'NONE', *, *, #4966, .F. ) ;
#5166 = CARTESIAN_POINT ( 'NONE',  ( -12.15000000000000000, -0.3499999999999990900, 1.950000000000000400 ) ) ;
#5167 = ORIENTED_EDGE ( 'NONE', *, *, #5931, .F. ) ;
#5168 = FACE_OUTER_BOUND ( 'NONE', #4081, .T. ) ;
#5169 =( NAMED_UNIT ( * ) SI_UNIT ( $, .STERADIAN. ) SOLID_ANGLE_UNIT ( ) );
#5170 = ORIENTED_EDGE ( 'NONE', *, *, #112, .F. ) ;
#5171 = AXIS2_PLACEMENT_3D ( 'NONE', #682, #226, #3707 ) ;
#5172 = PRESENTATION_STYLE_ASSIGNMENT (( #4110 ) ) ;
#5173 = DIRECTION ( 'NONE',  ( 0.0000000000000000000, -1.000000000000000000, 0.0000000000000000000 ) ) ;
#5174 = ORIENTED_EDGE ( 'NONE', *, *, #3773, .T. ) ;
#5175 = EDGE_CURVE ( 'NONE', #1013, #293, #2692, .T. ) ;
#5176 = VECTOR ( 'NONE', #3291, 1000.000000000000000 ) ;
#5177 = PLANE ( 'NONE',  #4901 ) ;
#5178 = EDGE_CURVE ( 'NONE', #2377, #2048, #5951, .T. ) ;
#5179 = VERTEX_POINT ( 'NONE', #5135 ) ;
#5180 = ORIENTED_EDGE ( 'NONE', *, *, #5128, .F. ) ;
#5181 = PRODUCT_DEFINITION ( 'UNKNOWN', '', #6188, #4825 ) ;
#5182 = FILL_AREA_STYLE ('',( #1155 ) ) ;
#5183 = VECTOR ( 'NONE', #2002, 1000.000000000000000 ) ;
#5184 = ORIENTED_EDGE ( 'NONE', *, *, #6153, .F. ) ;
#5185 = CARTESIAN_POINT ( 'NONE',  ( -0.5000000000000000000, -3.750000000000000900, 1.300000000000000300 ) ) ;
#5186 = CARTESIAN_POINT ( 'NONE',  ( -4.599999999999999600, -4.500000000000000000, -3.850000000000002800 ) ) ;
#5187 = ADVANCED_FACE ( 'NONE', ( #155 ), #3630, .F. ) ;
#5188 = VECTOR ( 'NONE', #5352, 1000.000000000000000 ) ;
#5189 = ORIENTED_EDGE ( 'NONE', *, *, #4150, .T. ) ;
#5190 = VECTOR ( 'NONE', #4887, 1000.000000000000000 ) ;
#5191 = CARTESIAN_POINT ( 'NONE',  ( -3.600000000000001400, -4.499999999999999100, -3.850000000000002800 ) ) ;
#5192 = SURFACE_SIDE_STYLE ('',( #2469 ) ) ;
#5193 = DIRECTION ( 'NONE',  ( 0.0000000000000000000, -0.0000000000000000000, 1.000000000000000000 ) ) ;
#5194 = PRESENTATION_LAYER_ASSIGNMENT (  '', '', ( #3516 ) ) ;
#5195 = ORIENTED_EDGE ( 'NONE', *, *, #5098, .F. ) ;
#5196 = FACE_OUTER_BOUND ( 'NONE', #5731, .T. ) ;
#5197 = PLANE ( 'NONE',  #594 ) ;
#5198 = COLOUR_RGB ( '',0.7529411764705882200, 0.7529411764705882200, 0.7529411764705882200 ) ;
#5199 = LINE ( 'NONE', #5384, #6220 ) ;
#5200 = FACE_OUTER_BOUND ( 'NONE', #6368, .T. ) ;
#5201 = VECTOR ( 'NONE', #5376, 1000.000000000000000 ) ;
#5202 =( LENGTH_UNIT ( ) NAMED_UNIT ( * ) SI_UNIT ( .MILLI., .METRE. ) );
#5203 = ORIENTED_EDGE ( 'NONE', *, *, #4516, .F. ) ;
#5204 = LINE ( 'NONE', #3284, #4439 ) ;
#5205 = CARTESIAN_POINT ( 'NONE',  ( -10.60000000000000100, -4.500000000000002700, -3.850000000000002800 ) ) ;
#5206 = PRESENTATION_STYLE_ASSIGNMENT (( #664 ) ) ;
#5207 = COLOUR_RGB ( '',0.7529411764705882200, 0.7529411764705882200, 0.7529411764705882200 ) ;
#5208 = ORIENTED_EDGE ( 'NONE', *, *, #3552, .F. ) ;
#5209 = SURFACE_STYLE_FILL_AREA ( #4082 ) ;
#5210 = PLANE ( 'NONE',  #4907 ) ;
#5211 = EDGE_CURVE ( 'NONE', #1928, #2929, #6335, .T. ) ;
#5212 = FILL_AREA_STYLE_COLOUR ( '', #948 ) ;
#5213 = VERTEX_POINT ( 'NONE', #1151 ) ;
#5214 = LINE ( 'NONE', #2837, #78 ) ;
#5215 = VERTEX_POINT ( 'NONE', #5678 ) ;
#5216 = DIRECTION ( 'NONE',  ( 0.0000000000000000000, 1.000000000000000000, -0.0000000000000000000 ) ) ;
#5217 = CARTESIAN_POINT ( 'NONE',  ( -12.60000000000000100, -4.200000000000002800, -4.850000000000002300 ) ) ;
#5218 = VECTOR ( 'NONE', #2835, 1000.000000000000000 ) ;
#5219 = PRESENTATION_LAYER_ASSIGNMENT (  '', '', ( #4562 ) ) ;
#5220 = SURFACE_STYLE_USAGE ( .BOTH. , #1213 ) ;
#5221 = ADVANCED_FACE ( 'NONE', ( #5087 ), #1170, .F. ) ;
#5222 = EDGE_CURVE ( 'NONE', #4778, #3537, #2140, .T. ) ;
#5223 = LINE ( 'NONE', #1842, #3887 ) ;
#5224 =( GEOMETRIC_REPRESENTATION_CONTEXT ( 3 ) GLOBAL_UNCERTAINTY_ASSIGNED_CONTEXT ( ( #1177 ) ) GLOBAL_UNIT_ASSIGNED_CONTEXT ( ( #6383, #4865, #823 ) ) REPRESENTATION_CONTEXT ( 'NONE', 'WORKASPACE' ) );
#5225 = VERTEX_POINT ( 'NONE', #4186 ) ;
#5226 = CARTESIAN_POINT ( 'NONE',  ( -15.49999999999999600, -2.250000000000006200, -3.450000000000000200 ) ) ;
#5227 = ORIENTED_EDGE ( 'NONE', *, *, #5477, .T. ) ;
#5228 = CARTESIAN_POINT ( 'NONE',  ( -8.600000000000001400, -3.449999999999998000, -3.950000000000002000 ) ) ;
#5229 = DIRECTION ( 'NONE',  ( -0.0000000000000000000, 0.0000000000000000000, 1.000000000000000000 ) ) ;
#5230 = LINE ( 'NONE', #2165, #919 ) ;
#5231 = CARTESIAN_POINT ( 'NONE',  ( -6.400000000000000400, -4.400000000000000400, -3.750000000000002700 ) ) ;
#5232 = ORIENTED_EDGE ( 'NONE', *, *, #473, .T. ) ;
#5233 =( NAMED_UNIT ( * ) PLANE_ANGLE_UNIT ( ) SI_UNIT ( $, .RADIAN. ) );
#5234 = VERTEX_POINT ( 'NONE', #4657 ) ;
#5235 = STYLED_ITEM ( 'NONE', ( #1758 ), #2250 ) ;
#5236 = DIRECTION ( 'NONE',  ( -1.000000000000000000, -8.462065736472234800E-016, -0.0000000000000000000 ) ) ;
#5237 = FILL_AREA_STYLE ('',( #3779 ) ) ;
#5238 = DIRECTION ( 'NONE',  ( -1.000000000000000000, 0.0000000000000000000, -0.0000000000000000000 ) ) ;
#5239 = CARTESIAN_POINT ( 'NONE',  ( -0.6999999999999998400, -1.300000000000000500, -1.799999999999999600 ) ) ;
#5240 = DIRECTION ( 'NONE',  ( 0.0000000000000000000, 0.0000000000000000000, 1.000000000000000000 ) ) ;
#5241 = EDGE_CURVE ( 'NONE', #2465, #3709, #5230, .T. ) ;
#5242 = MECHANICAL_DESIGN_GEOMETRIC_PRESENTATION_REPRESENTATION (  '', ( #5590 ), #701 ) ;
#5243 = DIRECTION ( 'NONE',  ( 1.000000000000000000, -0.0000000000000000000, -0.0000000000000000000 ) ) ;
#5244 = EDGE_LOOP ( 'NONE', ( #4742, #383, #1651, #2116, #4665, #2506 ) ) ;
#5245 = EDGE_LOOP ( 'NONE', ( #4711, #1388, #5578, #1854, #2641, #2290 ) ) ;
#5246 = ADVANCED_FACE ( 'NONE', ( #3582 ), #2083, .F. ) ;
#5247 = DIRECTION ( 'NONE',  ( 0.0000000000000000000, 0.0000000000000000000, -1.000000000000000000 ) ) ;
#5248 = SURFACE_STYLE_FILL_AREA ( #1300 ) ;
#5249 = ORIENTED_EDGE ( 'NONE', *, *, #5703, .T. ) ;
#5250 = LINE ( 'NONE', #3743, #4093 ) ;
#5251 = CARTESIAN_POINT ( 'NONE',  ( 0.0000000000000000000, -0.6500000000000001300, -2.149999999999999900 ) ) ;
#5252 = EDGE_CURVE ( 'NONE', #3628, #1319, #992, .T. ) ;
#5253 = PRESENTATION_LAYER_ASSIGNMENT (  '', '', ( #1556 ) ) ;
#5254 =( LENGTH_UNIT ( ) NAMED_UNIT ( * ) SI_UNIT ( .MILLI., .METRE. ) );
#5255 = DIRECTION ( 'NONE',  ( 0.0000000000000000000, 0.7071067811865481300, -0.7071067811865470200 ) ) ;
#5256 = CARTESIAN_POINT ( 'NONE',  ( -14.82500000000000100, -2.100000000000000100, 1.950000000000000400 ) ) ;
#5257 = ORIENTED_EDGE ( 'NONE', *, *, #1570, .F. ) ;
#5258 = LINE ( 'NONE', #5520, #2347 ) ;
#5259 = DIRECTION ( 'NONE',  ( -0.0000000000000000000, -1.000000000000000000, -0.0000000000000000000 ) ) ;
#5260 = ORIENTED_EDGE ( 'NONE', *, *, #246, .T. ) ;
#5261 = PRESENTATION_LAYER_ASSIGNMENT (  '', '', ( #6416 ) ) ;
#5262 = DIRECTION ( 'NONE',  ( 1.000000000000000000, -0.0000000000000000000, 0.0000000000000000000 ) ) ;
#5263 = ADVANCED_FACE ( 'NONE', ( #4770 ), #251, .F. ) ;
#5264 = PLANE ( 'NONE',  #4188 ) ;
#5265 = DIRECTION ( 'NONE',  ( 0.0000000000000000000, 1.822188525185721700E-016, -1.000000000000000000 ) ) ;
#5266 = ORIENTED_EDGE ( 'NONE', *, *, #5623, .F. ) ;
#5267 = EDGE_CURVE ( 'NONE', #3835, #26, #4855, .T. ) ;
#5268 = LINE ( 'NONE', #3563, #3140 ) ;
#5269 = LINE ( 'NONE', #5718, #1894 ) ;
#5270 =( NAMED_UNIT ( * ) SI_UNIT ( $, .STERADIAN. ) SOLID_ANGLE_UNIT ( ) );
#5271 = PLANE ( 'NONE',  #6128 ) ;
#5272 = EDGE_CURVE ( 'NONE', #3636, #2558, #1211, .T. ) ;
#5273 = LINE ( 'NONE', #370, #5130 ) ;
#5274 = ORIENTED_EDGE ( 'NONE', *, *, #4208, .F. ) ;
#5275 = UNCERTAINTY_MEASURE_WITH_UNIT (LENGTH_MEASURE( 1.000000000000000100E-005 ), #1848, 'distance_accuracy_value', 'NONE');
#5276 = EDGE_CURVE ( 'NONE', #1159, #4721, #3727, .T. ) ;
#5277 = VECTOR ( 'NONE', #498, 1000.000000000000000 ) ;
#5278 = DIRECTION ( 'NONE',  ( 0.0000000000000000000, -1.000000000000000000, 1.057758217059032200E-016 ) ) ;
#5279 = DIRECTION ( 'NONE',  ( -1.000000000000000000, 0.0000000000000000000, 0.0000000000000000000 ) ) ;
#5280 = AXIS2_PLACEMENT_3D ( 'NONE', #2529, #1500, #6073 ) ;
#5281 = ADVANCED_FACE ( 'NONE', ( #5624 ), #6227, .F. ) ;
#5282 = LINE ( 'NONE', #4606, #4748 ) ;
#5283 = FACE_OUTER_BOUND ( 'NONE', #1010, .T. ) ;
#5284 = CARTESIAN_POINT ( 'NONE',  ( -16.00000000000000000, -0.6500000000000069100, -2.149999999999999900 ) ) ;
#5285 = ORIENTED_EDGE ( 'NONE', *, *, #6353, .T. ) ;
#5286 = CARTESIAN_POINT ( 'NONE',  ( -0.5000000000000000000, -2.450000000000000600, 1.300000000000000300 ) ) ;
#5287 = EDGE_LOOP ( 'NONE', ( #2913, #1147, #3098, #3854, #678, #4097 ) ) ;
#5288 = CARTESIAN_POINT ( 'NONE',  ( -11.60000000000000100, -4.500000000000002700, -3.850000000000002800 ) ) ;
#5289 = ORIENTED_EDGE ( 'NONE', *, *, #2644, .T. ) ;
#5290 = EDGE_CURVE ( 'NONE', #6270, #3500, #3972, .T. ) ;
#5291 = VECTOR ( 'NONE', #2398, 1000.000000000000000 ) ;
#5292 = CARTESIAN_POINT ( 'NONE',  ( -0.5000000000000000000, -4.500000000000000900, 1.940000000000000600 ) ) ;
#5293 = ORIENTED_EDGE ( 'NONE', *, *, #6472, .T. ) ;
#5294 = VECTOR ( 'NONE', #5880, 1000.000000000000000 ) ;
#5295 = CARTESIAN_POINT ( 'NONE',  ( -8.600000000000001400, -3.449999999999998000, -4.050000000000002500 ) ) ;
#5296 = STYLED_ITEM ( 'NONE', ( #3455 ), #816 ) ;
#5297 = ORIENTED_EDGE ( 'NONE', *, *, #2245, .T. ) ;
#5298 = LINE ( 'NONE', #3082, #4532 ) ;
#5299 = EDGE_CURVE ( 'NONE', #5997, #3487, #4285, .T. ) ;
#5300 = CARTESIAN_POINT ( 'NONE',  ( -15.25000000000000000, -4.000000000000000000, -0.3999999999999997400 ) ) ;
#5301 = SURFACE_STYLE_USAGE ( .BOTH. , #2714 ) ;
#5302 = DIRECTION ( 'NONE',  ( 0.0000000000000000000, -1.000000000000000000, 0.0000000000000000000 ) ) ;
#5303 = SURFACE_STYLE_FILL_AREA ( #1600 ) ;
#5304 = ADVANCED_FACE ( 'NONE', ( #910 ), #5763, .T. ) ;
#5305 = LINE ( 'NONE', #2640, #1455 ) ;
#5306 = ORIENTED_EDGE ( 'NONE', *, *, #2711, .T. ) ;
#5307 = EDGE_CURVE ( 'NONE', #5663, #5090, #3719, .T. ) ;
#5308 = STYLED_ITEM ( 'NONE', ( #3633 ), #5776 ) ;
#5309 = CARTESIAN_POINT ( 'NONE',  ( -4.599999999999999600, -4.200000000000000200, -4.850000000000002300 ) ) ;
#5310 = ORIENTED_EDGE ( 'NONE', *, *, #4501, .T. ) ;
#5311 = VERTEX_POINT ( 'NONE', #4820 ) ;
#5312 = PLANE ( 'NONE',  #4610 ) ;
#5313 = CARTESIAN_POINT ( 'NONE',  ( -5.599999999999998800, -4.200000000000000200, -4.850000000000002300 ) ) ;
#5314 = ORIENTED_EDGE ( 'NONE', *, *, #3242, .T. ) ;
#5315 = ADVANCED_FACE ( 'NONE', ( #4 ), #2274, .T. ) ;
#5316 = CARTESIAN_POINT ( 'NONE',  ( -12.40000000000000200, -4.200000000000002800, -4.850000000000002300 ) ) ;
#5317 = EDGE_LOOP ( 'NONE', ( #3076, #5424, #206, #6192 ) ) ;
#5318 = CARTESIAN_POINT ( 'NONE',  ( 0.0000000000000000000, -0.6500000000000001300, -2.149999999999999900 ) ) ;
#5319 = EDGE_LOOP ( 'NONE', ( #1528, #5909, #209, #2236, #2344, #3685 ) ) ;
#5320 = SURFACE_STYLE_USAGE ( .BOTH. , #3828 ) ;
#5321 =( GEOMETRIC_REPRESENTATION_CONTEXT ( 3 ) GLOBAL_UNCERTAINTY_ASSIGNED_CONTEXT ( ( #3999 ) ) GLOBAL_UNIT_ASSIGNED_CONTEXT ( ( #2400, #2906, #376 ) ) REPRESENTATION_CONTEXT ( 'NONE', 'WORKASPACE' ) );
#5322 = DIRECTION ( 'NONE',  ( -0.0000000000000000000, 1.000000000000000000, -1.057758217059032200E-016 ) ) ;
#5323 = CARTESIAN_POINT ( 'NONE',  ( -11.60000000000000100, -3.449999999999999300, -4.050000000000002500 ) ) ;
#5324 = VERTEX_POINT ( 'NONE', #1774 ) ;
#5325 =( LENGTH_UNIT ( ) NAMED_UNIT ( * ) SI_UNIT ( .MILLI., .METRE. ) );
#5326 = VECTOR ( 'NONE', #3945, 1000.000000000000000 ) ;
#5327 = CARTESIAN_POINT ( 'NONE',  ( -15.49999999999999600, -2.450000000000006800, 1.950000000000000400 ) ) ;
#5328 = DIRECTION ( 'NONE',  ( -1.000000000000000000, 0.0000000000000000000, -0.0000000000000000000 ) ) ;
#5329 = VERTEX_POINT ( 'NONE', #5420 ) ;
#5330 = PRESENTATION_LAYER_ASSIGNMENT (  '', '', ( #931 ) ) ;
#5331 = ORIENTED_EDGE ( 'NONE', *, *, #5766, .F. ) ;
#5332 = LINE ( 'NONE', #4841, #4801 ) ;
#5333 = CARTESIAN_POINT ( 'NONE',  ( -3.600000000000001400, -3.449999999999995300, -3.950000000000002000 ) ) ;
#5334 = DIRECTION ( 'NONE',  ( 1.000000000000000000, -0.0000000000000000000, -0.0000000000000000000 ) ) ;
#5335 = ORIENTED_EDGE ( 'NONE', *, *, #1453, .F. ) ;
#5336 =( LENGTH_UNIT ( ) NAMED_UNIT ( * ) SI_UNIT ( .MILLI., .METRE. ) );
#5337 = CARTESIAN_POINT ( 'NONE',  ( -0.5000000000000000000, -0.6500000000000001300, -3.449999999999999700 ) ) ;
#5338 = EDGE_CURVE ( 'NONE', #3628, #4269, #1448, .T. ) ;
#5339 = AXIS2_PLACEMENT_3D ( 'NONE', #5699, #3166, #3671 ) ;
#5340 = EDGE_CURVE ( 'NONE', #4269, #4627, #83, .T. ) ;
#5341 = ORIENTED_EDGE ( 'NONE', *, *, #1114, .F. ) ;
#5342 = DIRECTION ( 'NONE',  ( 1.000000000000000000, -0.0000000000000000000, -0.0000000000000000000 ) ) ;
#5343 = VECTOR ( 'NONE', #3970, 1000.000000000000000 ) ;
#5344 = EDGE_CURVE ( 'NONE', #5311, #1159, #528, .T. ) ;
#5345 = PRESENTATION_LAYER_ASSIGNMENT (  '', '', ( #94 ) ) ;
#5346 = SURFACE_STYLE_USAGE ( .BOTH. , #2297 ) ;
#5347 = DIRECTION ( 'NONE',  ( -0.0000000000000000000, -0.0000000000000000000, 1.000000000000000000 ) ) ;
#5348 = VECTOR ( 'NONE', #5662, 1000.000000000000000 ) ;
#5349 = VERTEX_POINT ( 'NONE', #2888 ) ;
#5350 = CARTESIAN_POINT ( 'NONE',  ( 0.0000000000000000000, -3.750000000000000900, -0.2999999999999999300 ) ) ;
#5351 = VECTOR ( 'NONE', #1086, 1000.000000000000000 ) ;
#5352 = DIRECTION ( 'NONE',  ( -0.0000000000000000000, -0.0000000000000000000, 1.000000000000000000 ) ) ;
#5353 = LINE ( 'NONE', #764, #2742 ) ;
#5354 = SURFACE_STYLE_USAGE ( .BOTH. , #883 ) ;
#5355 = SURFACE_SIDE_STYLE ('',( #646 ) ) ;
#5356 = VERTEX_POINT ( 'NONE', #2845 ) ;
#5357 = VECTOR ( 'NONE', #2264, 1000.000000000000000 ) ;
#5358 = FACE_OUTER_BOUND ( 'NONE', #5143, .T. ) ;
#5359 = LINE ( 'NONE', #1812, #3695 ) ;
#5360 = DIRECTION ( 'NONE',  ( 0.0000000000000000000, -1.000000000000000000, 0.0000000000000000000 ) ) ;
#5361 = CARTESIAN_POINT ( 'NONE',  ( -4.599999999999999600, -4.200000000000000200, -4.850000000000002300 ) ) ;
#5362 = VECTOR ( 'NONE', #2427, 1000.000000000000000 ) ;
#5363 = ORIENTED_EDGE ( 'NONE', *, *, #3593, .T. ) ;
#5364 = CARTESIAN_POINT ( 'NONE',  ( -7.599999999999999600, -3.449999999999997500, -3.950000000000002000 ) ) ;
#5365 = VECTOR ( 'NONE', #3263, 1000.000000000000000 ) ;
#5366 = CARTESIAN_POINT ( 'NONE',  ( -7.400000000000000400, -4.500000000000000900, -3.850000000000002800 ) ) ;
#5367 = SURFACE_SIDE_STYLE ('',( #991 ) ) ;
#5368 = DIRECTION ( 'NONE',  ( 1.000000000000000000, 0.0000000000000000000, 0.0000000000000000000 ) ) ;
#5369 = COLOUR_RGB ( '',0.7529411764705882200, 0.7529411764705882200, 0.7529411764705882200 ) ;
#5370 = DIRECTION ( 'NONE',  ( -1.000000000000000000, 0.0000000000000000000, 0.0000000000000000000 ) ) ;
#5371 = CARTESIAN_POINT ( 'NONE',  ( -14.40000000000000200, -4.200000000000003700, -4.050000000000002500 ) ) ;
#5372 = ORIENTED_EDGE ( 'NONE', *, *, #4288, .F. ) ;
#5373 = DIRECTION ( 'NONE',  ( 1.000000000000000000, 0.0000000000000000000, -0.0000000000000000000 ) ) ;
#5374 = EDGE_CURVE ( 'NONE', #170, #2208, #5078, .T. ) ;
#5375 =( GEOMETRIC_REPRESENTATION_CONTEXT ( 3 ) GLOBAL_UNCERTAINTY_ASSIGNED_CONTEXT ( ( #1580 ) ) GLOBAL_UNIT_ASSIGNED_CONTEXT ( ( #3792, #4260, #795 ) ) REPRESENTATION_CONTEXT ( 'NONE', 'WORKASPACE' ) );
#5376 = DIRECTION ( 'NONE',  ( 0.0000000000000000000, 0.0000000000000000000, 1.000000000000000000 ) ) ;
#5377 = PRESENTATION_STYLE_ASSIGNMENT (( #3874 ) ) ;
#5378 = EDGE_LOOP ( 'NONE', ( #5380, #3845, #3015, #2820, #6173, #4613 ) ) ;
#5379 = CARTESIAN_POINT ( 'NONE',  ( -9.600000000000003200, -4.400000000000000400, -3.750000000000001800 ) ) ;
#5380 = ORIENTED_EDGE ( 'NONE', *, *, #3012, .T. ) ;
#5381 = LINE ( 'NONE', #2341, #1287 ) ;
#5382 = FILL_AREA_STYLE_COLOUR ( '', #3641 ) ;
#5383 = ORIENTED_EDGE ( 'NONE', *, *, #3043, .F. ) ;
#5384 = CARTESIAN_POINT ( 'NONE',  ( -3.600000000000001400, -4.199999999999999300, -4.850000000000002300 ) ) ;
#5385 = ORIENTED_EDGE ( 'NONE', *, *, #1175, .F. ) ;
#5386 = DIRECTION ( 'NONE',  ( 1.000000000000000000, 0.0000000000000000000, 0.0000000000000000000 ) ) ;
#5387 = LINE ( 'NONE', #3991, #4065 ) ;
#5388 = MECHANICAL_DESIGN_GEOMETRIC_PRESENTATION_REPRESENTATION (  '', ( #1556 ), #5140 ) ;
#5389 = ORIENTED_EDGE ( 'NONE', *, *, #2459, .F. ) ;
#5390 = VECTOR ( 'NONE', #3146, 1000.000000000000000 ) ;
#5391 = CARTESIAN_POINT ( 'NONE',  ( -15.99999999999999600, -2.250000000000006700, -3.450000000000000200 ) ) ;
#5392 = FILL_AREA_STYLE_COLOUR ( '', #3956 ) ;
#5393 = ORIENTED_EDGE ( 'NONE', *, *, #2235, .T. ) ;
#5394 =( NAMED_UNIT ( * ) PLANE_ANGLE_UNIT ( ) SI_UNIT ( $, .RADIAN. ) );
#5395 = DIRECTION ( 'NONE',  ( 0.0000000000000000000, 1.000000000000000000, -0.0000000000000000000 ) ) ;
#5396 = PRESENTATION_STYLE_ASSIGNMENT (( #6190 ) ) ;
#5397 = DIRECTION ( 'NONE',  ( 0.0000000000000000000, 0.0000000000000000000, -1.000000000000000000 ) ) ;
#5398 = LINE ( 'NONE', #4994, #6332 ) ;
#5399 = PLANE ( 'NONE',  #1063 ) ;
#5400 = CARTESIAN_POINT ( 'NONE',  ( -7.599999999999999600, -4.400000000000000400, -3.750000000000002700 ) ) ;
#5401 = CARTESIAN_POINT ( 'NONE',  ( -11.05000000000000100, -1.350000000000001000, -1.800000000000000000 ) ) ;
#5402 = VERTEX_POINT ( 'NONE', #3830 ) ;
#5403 = AXIS2_PLACEMENT_3D ( 'NONE', #2472, #1020, #475 ) ;
#5404 = FILL_AREA_STYLE ('',( #5911 ) ) ;
#5405 = VERTEX_POINT ( 'NONE', #2404 ) ;
#5406 = CARTESIAN_POINT ( 'NONE',  ( -8.400000000000000400, -4.500000000000001800, -3.850000000000002800 ) ) ;
#5407 = CARTESIAN_POINT ( 'NONE',  ( -0.5000000000000000000, -2.326752072262516500E-016, -2.149999999999999900 ) ) ;
#5408 = EDGE_CURVE ( 'NONE', #2010, #2695, #4763, .T. ) ;
#5409 = ADVANCED_FACE ( 'NONE', ( #6244 ), #5906, .F. ) ;
#5410 = VERTEX_POINT ( 'NONE', #1371 ) ;
#5411 = CARTESIAN_POINT ( 'NONE',  ( -5.399999999999999500, -3.449999999999996200, -3.950000000000002000 ) ) ;
#5412 = DIRECTION ( 'NONE',  ( 1.000000000000000000, 0.0000000000000000000, -0.0000000000000000000 ) ) ;
#5413 = EDGE_LOOP ( 'NONE', ( #4405, #1997, #1305, #913 ) ) ;
#5414 = CARTESIAN_POINT ( 'NONE',  ( -7.599999999999999600, -4.500000000000000900, -4.850000000000002300 ) ) ;
#5415 = ORIENTED_EDGE ( 'NONE', *, *, #315, .F. ) ;
#5416 = ORIENTED_EDGE ( 'NONE', *, *, #1446, .F. ) ;
#5417 = UNCERTAINTY_MEASURE_WITH_UNIT (LENGTH_MEASURE( 1.000000000000000100E-005 ), #1313, 'distance_accuracy_value', 'NONE');
#5418 = CARTESIAN_POINT ( 'NONE',  ( -8.600000000000001400, -4.200000000000001100, -3.950000000000002000 ) ) ;
#5419 = SURFACE_STYLE_USAGE ( .BOTH. , #4504 ) ;
#5420 = CARTESIAN_POINT ( 'NONE',  ( -8.600000000000001400, -4.200000000000001100, -4.050000000000002500 ) ) ;
#5421 = PRESENTATION_STYLE_ASSIGNMENT (( #4910 ) ) ;
#5422 = ORIENTED_EDGE ( 'NONE', *, *, #1416, .F. ) ;
#5423 = ADVANCED_FACE ( 'NONE', ( #6413 ), #808, .F. ) ;
#5424 = ORIENTED_EDGE ( 'NONE', *, *, #483, .T. ) ;
#5425 = DIRECTION ( 'NONE',  ( -1.000000000000000000, -8.462065736472234800E-016, -0.0000000000000000000 ) ) ;
#5426 = AXIS2_PLACEMENT_3D ( 'NONE', #6262, #3236, #2707 ) ;
#5427 = MECHANICAL_DESIGN_GEOMETRIC_PRESENTATION_REPRESENTATION (  '', ( #4427 ), #5747 ) ;
#5428 = EDGE_LOOP ( 'NONE', ( #5067, #3322, #6337, #97 ) ) ;
#5429 = DIRECTION ( 'NONE',  ( 0.0000000000000000000, 1.000000000000000000, 0.0000000000000000000 ) ) ;
#5430 = COLOUR_RGB ( '',0.7529411764705882200, 0.7529411764705882200, 0.7529411764705882200 ) ;
#5431 = CARTESIAN_POINT ( 'NONE',  ( -0.5000000000000000000, -2.250000000000000000, -3.450000000000000200 ) ) ;
#5432 =( GEOMETRIC_REPRESENTATION_CONTEXT ( 3 ) GLOBAL_UNCERTAINTY_ASSIGNED_CONTEXT ( ( #4098 ) ) GLOBAL_UNIT_ASSIGNED_CONTEXT ( ( #1059, #5470, #4043 ) ) REPRESENTATION_CONTEXT ( 'NONE', 'WORKASPACE' ) );
#5433 = CARTESIAN_POINT ( 'NONE',  ( -0.5000000000000000000, -4.500000000000000900, 1.940000000000000600 ) ) ;
#5434 = CARTESIAN_POINT ( 'NONE',  ( -15.50000000000000000, -0.6500000000000064600, -3.449999999999999700 ) ) ;
#5435 = FACE_OUTER_BOUND ( 'NONE', #6048, .T. ) ;
#5436 = VERTEX_POINT ( 'NONE', #3807 ) ;
#5437 = VECTOR ( 'NONE', #1785, 1000.000000000000000 ) ;
#5438 = VECTOR ( 'NONE', #3852, 1000.000000000000000 ) ;
#5439 = DIRECTION ( 'NONE',  ( 0.0000000000000000000, -1.000000000000000000, 0.0000000000000000000 ) ) ;
#5440 = EDGE_CURVE ( 'NONE', #4955, #1814, #821, .T. ) ;
#5441 = ORIENTED_EDGE ( 'NONE', *, *, #2100, .F. ) ;
#5442 = STYLED_ITEM ( 'NONE', ( #2284 ), #5811 ) ;
#5443 = DIRECTION ( 'NONE',  ( -0.0000000000000000000, -1.000000000000000000, -0.0000000000000000000 ) ) ;
#5444 = PRESENTATION_STYLE_ASSIGNMENT (( #5089 ) ) ;
#5445 = CARTESIAN_POINT ( 'NONE',  ( -16.00000000000000000, 8.673617379884033500E-016, 1.950000000000000400 ) ) ;
#5446 = FACE_OUTER_BOUND ( 'NONE', #988, .T. ) ;
#5447 = SURFACE_SIDE_STYLE ('',( #1336 ) ) ;
#5448 = ORIENTED_EDGE ( 'NONE', *, *, #4756, .F. ) ;
#5449 = LINE ( 'NONE', #797, #3312 ) ;
#5450 = DIRECTION ( 'NONE',  ( -0.0000000000000000000, 0.0000000000000000000, 1.000000000000000000 ) ) ;
#5451 = LINE ( 'NONE', #3540, #1904 ) ;
#5452 = CARTESIAN_POINT ( 'NONE',  ( -1.599999999999999600, -4.400000000000000400, -3.950000000000002000 ) ) ;
#5453 = ORIENTED_EDGE ( 'NONE', *, *, #2077, .F. ) ;
#5454 = LINE ( 'NONE', #5048, #976 ) ;
#5455 = FILL_AREA_STYLE ('',( #5918 ) ) ;
#5456 = PLANE ( 'NONE',  #4622 ) ;
#5457 = DIRECTION ( 'NONE',  ( 0.0000000000000000000, 0.0000000000000000000, 1.000000000000000000 ) ) ;
#5458 = VECTOR ( 'NONE', #3900, 1000.000000000000000 ) ;
#5459 = AXIS2_PLACEMENT_3D ( 'NONE', #3881, #2332, #1871 ) ;
#5460 = ORIENTED_EDGE ( 'NONE', *, *, #2890, .F. ) ;
#5461 = CARTESIAN_POINT ( 'NONE',  ( -12.60000000000000100, -4.400000000000000400, -3.750000000000000000 ) ) ;
#5462 = VERTEX_POINT ( 'NONE', #5950 ) ;
#5463 = DIRECTION ( 'NONE',  ( 0.0000000000000000000, 6.672013369141566200E-016, 1.000000000000000000 ) ) ;
#5464 = FILL_AREA_STYLE ('',( #2973 ) ) ;
#5465 = DIRECTION ( 'NONE',  ( 0.0000000000000000000, -1.000000000000000000, 0.0000000000000000000 ) ) ;
#5466 = ORIENTED_EDGE ( 'NONE', *, *, #5766, .T. ) ;
#5467 = DIRECTION ( 'NONE',  ( -0.0000000000000000000, -0.0000000000000000000, 1.000000000000000000 ) ) ;
#5468 = ORIENTED_EDGE ( 'NONE', *, *, #1453, .T. ) ;
#5469 = MECHANICAL_DESIGN_GEOMETRIC_PRESENTATION_REPRESENTATION (  '', ( #4799 ), #5788 ) ;
#5470 =( NAMED_UNIT ( * ) PLANE_ANGLE_UNIT ( ) SI_UNIT ( $, .RADIAN. ) );
#5471 = VECTOR ( 'NONE', #6036, 1000.000000000000000 ) ;
#5472 = CARTESIAN_POINT ( 'NONE',  ( -13.60000000000000300, -4.400000000000000400, -4.050000000000002500 ) ) ;
#5473 = VERTEX_POINT ( 'NONE', #4017 ) ;
#5474 = VECTOR ( 'NONE', #213, 1000.000000000000000 ) ;
#5475 = ORIENTED_EDGE ( 'NONE', *, *, #1786, .F. ) ;
#5476 = DIRECTION ( 'NONE',  ( 1.000000000000000000, 0.0000000000000000000, 0.0000000000000000000 ) ) ;
#5477 = EDGE_CURVE ( 'NONE', #4325, #614, #6319, .T. ) ;
#5478 = DIRECTION ( 'NONE',  ( 0.0000000000000000000, 0.0000000000000000000, 1.000000000000000000 ) ) ;
#5479 = STYLED_ITEM ( 'NONE', ( #3989 ), #1381 ) ;
#5480 = VERTEX_POINT ( 'NONE', #5401 ) ;
#5481 = FILL_AREA_STYLE_COLOUR ( '', #419 ) ;
#5482 = EDGE_CURVE ( 'NONE', #4218, #33, #2203, .T. ) ;
#5483 = CARTESIAN_POINT ( 'NONE',  ( -1.175000000000000700, -2.100000000000000100, -2.600000000000000100 ) ) ;
#5484 = ORIENTED_EDGE ( 'NONE', *, *, #87, .F. ) ;
#5485 = EDGE_CURVE ( 'NONE', #5405, #1714, #902, .T. ) ;
#5486 = MECHANICAL_DESIGN_GEOMETRIC_PRESENTATION_REPRESENTATION (  '', ( #6406 ), #2085 ) ;
#5487 = ORIENTED_EDGE ( 'NONE', *, *, #4560, .T. ) ;
#5488 = FILL_AREA_STYLE ('',( #3367 ) ) ;
#5489 = FILL_AREA_STYLE_COLOUR ( '', #1038 ) ;
#5490 = ORIENTED_EDGE ( 'NONE', *, *, #673, .F. ) ;
#5491 = CARTESIAN_POINT ( 'NONE',  ( -11.40000000000000000, -4.200000000000002000, -4.850000000000002300 ) ) ;
#5492 = ORIENTED_EDGE ( 'NONE', *, *, #1137, .F. ) ;
#5493 = DIRECTION ( 'NONE',  ( 0.0000000000000000000, 0.0000000000000000000, -1.000000000000000000 ) ) ;
#5494 = ORIENTED_EDGE ( 'NONE', *, *, #2226, .F. ) ;
#5495 = DIRECTION ( 'NONE',  ( 1.000000000000000000, 0.0000000000000000000, 0.0000000000000000000 ) ) ;
#5496 = CARTESIAN_POINT ( 'NONE',  ( 0.0000000000000000000, -4.400000000000000400, -0.2999999999999999300 ) ) ;
#5497 = UNCERTAINTY_MEASURE_WITH_UNIT (LENGTH_MEASURE( 1.000000000000000100E-005 ), #4639, 'distance_accuracy_value', 'NONE');
#5498 = VECTOR ( 'NONE', #1461, 1000.000000000000000 ) ;
#5499 = CARTESIAN_POINT ( 'NONE',  ( -6.599999999999999600, -4.400000000000000400, -3.750000000000002700 ) ) ;
#5500 = DIRECTION ( 'NONE',  ( -1.000000000000000000, 0.0000000000000000000, -0.0000000000000000000 ) ) ;
#5501 = EDGE_CURVE ( 'NONE', #3164, #5787, #6234, .T. ) ;
#5502 = PLANE ( 'NONE',  #4758 ) ;
#5503 = VECTOR ( 'NONE', #1621, 1000.000000000000000 ) ;
#5504 = ORIENTED_EDGE ( 'NONE', *, *, #5649, .T. ) ;
#5505 = CARTESIAN_POINT ( 'NONE',  ( -9.600000000000003200, -4.200000000000001100, -4.050000000000002500 ) ) ;
#5506 = SURFACE_STYLE_USAGE ( .BOTH. , #1428 ) ;
#5507 = EDGE_CURVE ( 'NONE', #3912, #1553, #5934, .T. ) ;
#5508 = ORIENTED_EDGE ( 'NONE', *, *, #5532, .T. ) ;
#5509 = VECTOR ( 'NONE', #272, 1000.000000000000000 ) ;
#5510 = SURFACE_STYLE_USAGE ( .BOTH. , #3518 ) ;
#5511 = DIRECTION ( 'NONE',  ( 0.0000000000000000000, 0.0000000000000000000, 1.000000000000000000 ) ) ;
#5512 = VERTEX_POINT ( 'NONE', #5875 ) ;
#5513 = EDGE_CURVE ( 'NONE', #979, #2461, #2291, .T. ) ;
#5514 = MECHANICAL_DESIGN_GEOMETRIC_PRESENTATION_REPRESENTATION (  '', ( #5833 ), #6052 ) ;
#5515 = CARTESIAN_POINT ( 'NONE',  ( -12.60000000000000100, -4.500000000000003600, -3.850000000000002800 ) ) ;
#5516 = PLANE ( 'NONE',  #6280 ) ;
#5517 = CARTESIAN_POINT ( 'NONE',  ( -14.40000000000000200, -4.200000000000003700, -3.950000000000002000 ) ) ;
#5518 = VECTOR ( 'NONE', #3679, 1000.000000000000000 ) ;
#5519 = ORIENTED_EDGE ( 'NONE', *, *, #1070, .F. ) ;
#5520 = CARTESIAN_POINT ( 'NONE',  ( -4.599999999999999600, -3.449999999999995700, -4.050000000000002500 ) ) ;
#5521 = CARTESIAN_POINT ( 'NONE',  ( -15.69999999999999900, -2.450000000000013900, 1.940000000000000400 ) ) ;
#5522 = EDGE_CURVE ( 'NONE', #5847, #2558, #521, .T. ) ;
#5523 =( LENGTH_UNIT ( ) NAMED_UNIT ( * ) SI_UNIT ( .MILLI., .METRE. ) );
#5524 = LINE ( 'NONE', #3517, #4171 ) ;
#5525 = DIRECTION ( 'NONE',  ( 0.0000000000000000000, 0.7071067811865470200, 0.7071067811865481300 ) ) ;
#5526 = VERTEX_POINT ( 'NONE', #3870 ) ;
#5527 = VECTOR ( 'NONE', #2920, 1000.000000000000000 ) ;
#5528 = AXIS2_PLACEMENT_3D ( 'NONE', #4632, #4653, #1635 ) ;
#5529 = DIRECTION ( 'NONE',  ( 0.0000000000000000000, 0.0000000000000000000, 1.000000000000000000 ) ) ;
#5530 = AXIS2_PLACEMENT_3D ( 'NONE', #2604, #2623, #4678 ) ;
#5531 = CARTESIAN_POINT ( 'NONE',  ( -6.599999999999999600, -4.200000000000000200, -4.050000000000002500 ) ) ;
#5532 = EDGE_CURVE ( 'NONE', #2558, #1690, #4753, .T. ) ;
#5533 = ORIENTED_EDGE ( 'NONE', *, *, #4702, .F. ) ;
#5534 = CARTESIAN_POINT ( 'NONE',  ( -10.40000000000000200, -4.500000000000002700, -4.850000000000002300 ) ) ;
#5535 = DIRECTION ( 'NONE',  ( -1.000000000000000000, 0.0000000000000000000, 0.0000000000000000000 ) ) ;
#5536 = AXIS2_PLACEMENT_3D ( 'NONE', #5407, #6420, #4076 ) ;
#5537 = ADVANCED_FACE ( 'NONE', ( #4847 ), #2861, .F. ) ;
#5538 = ORIENTED_EDGE ( 'NONE', *, *, #3024, .T. ) ;
#5539 = LINE ( 'NONE', #3749, #4185 ) ;
#5540 = CARTESIAN_POINT ( 'NONE',  ( -1.174999999999999800, -0.6000000000000009800, -2.600000000000000100 ) ) ;
#5541 = VECTOR ( 'NONE', #688, 1000.000000000000000 ) ;
#5542 = FACE_OUTER_BOUND ( 'NONE', #820, .T. ) ;
#5543 = ORIENTED_EDGE ( 'NONE', *, *, #1479, .T. ) ;
#5544 = PLANE ( 'NONE',  #2435 ) ;
#5545 = CARTESIAN_POINT ( 'NONE',  ( -3.600000000000001400, -4.499999999999999100, -3.850000000000002800 ) ) ;
#5546 = DIRECTION ( 'NONE',  ( 0.0000000000000000000, 0.0000000000000000000, 1.000000000000000000 ) ) ;
#5547 = ORIENTED_EDGE ( 'NONE', *, *, #5344, .F. ) ;
#5548 = DIRECTION ( 'NONE',  ( 0.0000000000000000000, 0.0000000000000000000, 1.000000000000000000 ) ) ;
#5549 = PRESENTATION_LAYER_ASSIGNMENT (  '', '', ( #4277 ) ) ;
#5550 = PRESENTATION_STYLE_ASSIGNMENT (( #4299 ) ) ;
#5551 = DIRECTION ( 'NONE',  ( -1.000000000000000000, 0.0000000000000000000, -0.0000000000000000000 ) ) ;
#5552 = ORIENTED_EDGE ( 'NONE', *, *, #1802, .F. ) ;
#5553 = VECTOR ( 'NONE', #5615, 1000.000000000000000 ) ;
#5554 = VECTOR ( 'NONE', #1821, 1000.000000000000000 ) ;
#5555 = ORIENTED_EDGE ( 'NONE', *, *, #2361, .F. ) ;
#5556 = EDGE_CURVE ( 'NONE', #6156, #2481, #3326, .T. ) ;
#5557 = STYLED_ITEM ( 'NONE', ( #6062 ), #4261 ) ;
#5558 = ORIENTED_EDGE ( 'NONE', *, *, #973, .F. ) ;
#5559 = SURFACE_STYLE_FILL_AREA ( #2908 ) ;
#5560 = AXIS2_PLACEMENT_3D ( 'NONE', #6231, #2210, #5813 ) ;
#5561 = CARTESIAN_POINT ( 'NONE',  ( -6.599999999999999600, -4.400000000000000400, -4.050000000000002500 ) ) ;
#5562 = EDGE_CURVE ( 'NONE', #5591, #1462, #5848, .T. ) ;
#5563 = CARTESIAN_POINT ( 'NONE',  ( -13.60000000000000300, -4.200000000000002800, -3.950000000000002000 ) ) ;
#5564 = ORIENTED_EDGE ( 'NONE', *, *, #6039, .F. ) ;
#5565 = EDGE_CURVE ( 'NONE', #6126, #6042, #5007, .T. ) ;
#5566 = CARTESIAN_POINT ( 'NONE',  ( -3.400000000000001700, -4.499999999999999100, -4.850000000000002300 ) ) ;
#5567 = ORIENTED_EDGE ( 'NONE', *, *, #5178, .T. ) ;
#5568 = STYLED_ITEM ( 'NONE', ( #4495 ), #1745 ) ;
#5569 = SURFACE_STYLE_USAGE ( .BOTH. , #128 ) ;
#5570 = EDGE_LOOP ( 'NONE', ( #2338, #1328, #2879, #6187 ) ) ;
#5571 = DIRECTION ( 'NONE',  ( 0.0000000000000000000, 0.0000000000000000000, 1.000000000000000000 ) ) ;
#5572 = EDGE_LOOP ( 'NONE', ( #3005, #824, #3445, #4951 ) ) ;
#5573 = SURFACE_STYLE_USAGE ( .BOTH. , #1590 ) ;
#5574 = UNCERTAINTY_MEASURE_WITH_UNIT (LENGTH_MEASURE( 1.000000000000000100E-005 ), #4688, 'distance_accuracy_value', 'NONE');
#5575 = ORIENTED_EDGE ( 'NONE', *, *, #3535, .F. ) ;
#5576 = EDGE_LOOP ( 'NONE', ( #3890, #5148, #2176, #681, #4428, #3949 ) ) ;
#5577 = CARTESIAN_POINT ( 'NONE',  ( 0.0000000000000000000, -3.750000000000000900, -0.2999999999999999300 ) ) ;
#5578 = ORIENTED_EDGE ( 'NONE', *, *, #3581, .T. ) ;
#5579 = CARTESIAN_POINT ( 'NONE',  ( -8.600000000000001400, -4.200000000000001100, -4.850000000000002300 ) ) ;
#5580 = VECTOR ( 'NONE', #1772, 1000.000000000000000 ) ;
#5581 =( LENGTH_UNIT ( ) NAMED_UNIT ( * ) SI_UNIT ( .MILLI., .METRE. ) );
#5582 = MECHANICAL_DESIGN_GEOMETRIC_PRESENTATION_REPRESENTATION (  '', ( #1538 ), #5321 ) ;
#5583 = CARTESIAN_POINT ( 'NONE',  ( -0.2999999999999998200, -2.100000000000000100, 1.950000000000000400 ) ) ;
#5584 = LINE ( 'NONE', #845, #1568 ) ;
#5585 = CARTESIAN_POINT ( 'NONE',  ( -3.600000000000001400, -4.400000000000000400, -3.750000000000004000 ) ) ;
#5586 = ORIENTED_EDGE ( 'NONE', *, *, #3150, .T. ) ;
#5587 = VECTOR ( 'NONE', #1466, 1000.000000000000000 ) ;
#5588 = CARTESIAN_POINT ( 'NONE',  ( -13.40000000000000200, -3.449999999999999700, -3.950000000000002000 ) ) ;
#5589 = EDGE_CURVE ( 'NONE', #3532, #1056, #5214, .T. ) ;
#5590 = STYLED_ITEM ( 'NONE', ( #6403 ), #3446 ) ;
#5591 = VERTEX_POINT ( 'NONE', #3390 ) ;
#5592 = DIRECTION ( 'NONE',  ( 0.0000000000000000000, 3.942553354492742500E-016, -1.000000000000000000 ) ) ;
#5593 = LINE ( 'NONE', #1742, #3464 ) ;
#5594 = LINE ( 'NONE', #5085, #4580 ) ;
#5595 = VERTEX_POINT ( 'NONE', #1914 ) ;
#5596 = ADVANCED_FACE ( 'NONE', ( #4192 ), #849, .F. ) ;
#5597 = SURFACE_STYLE_USAGE ( .BOTH. , #3449 ) ;
#5598 = SURFACE_STYLE_FILL_AREA ( #5743 ) ;
#5599 = DIRECTION ( 'NONE',  ( 0.0000000000000000000, 0.0000000000000000000, 1.000000000000000000 ) ) ;
#5600 = LINE ( 'NONE', #6000, #4739 ) ;
#5601 = ORIENTED_EDGE ( 'NONE', *, *, #5077, .T. ) ;
#5602 = EDGE_CURVE ( 'NONE', #2021, #2048, #3574, .T. ) ;
#5603 = STYLED_ITEM ( 'NONE', ( #4539 ), #5110 ) ;
#5604 =( NAMED_UNIT ( * ) SI_UNIT ( $, .STERADIAN. ) SOLID_ANGLE_UNIT ( ) );
#5605 = FACE_OUTER_BOUND ( 'NONE', #2080, .T. ) ;
#5606 = DIRECTION ( 'NONE',  ( 0.0000000000000000000, -1.000000000000000000, 0.0000000000000000000 ) ) ;
#5607 = VERTEX_POINT ( 'NONE', #4935 ) ;
#5608 = LINE ( 'NONE', #6071, #4836 ) ;
#5609 = CARTESIAN_POINT ( 'NONE',  ( -15.30000000000000100, -2.100000000000000100, -2.600000000000000100 ) ) ;
#5610 = DIRECTION ( 'NONE',  ( 1.000000000000000000, -0.0000000000000000000, -0.0000000000000000000 ) ) ;
#5611 = MECHANICAL_DESIGN_GEOMETRIC_PRESENTATION_REPRESENTATION (  '', ( #4729 ), #5953 ) ;
#5612 = ORIENTED_EDGE ( 'NONE', *, *, #1885, .F. ) ;
#5613 = SURFACE_STYLE_FILL_AREA ( #47 ) ;
#5614 = ORIENTED_EDGE ( 'NONE', *, *, #1989, .T. ) ;
#5615 = DIRECTION ( 'NONE',  ( 0.0000000000000000000, 0.0000000000000000000, -1.000000000000000000 ) ) ;
#5616 = LINE ( 'NONE', #969, #4524 ) ;
#5617 = STYLED_ITEM ( 'NONE', ( #3189 ), #1021 ) ;
#5618 = EDGE_LOOP ( 'NONE', ( #1939, #3596, #2856, #1805, #5575, #2327 ) ) ;
#5619 = CARTESIAN_POINT ( 'NONE',  ( -7.599999999999999600, -4.400000000000000400, -4.050000000000002500 ) ) ;
#5620 = EDGE_CURVE ( 'NONE', #5715, #1814, #210, .T. ) ;
#5621 = LINE ( 'NONE', #1184, #3647 ) ;
#5622 = CARTESIAN_POINT ( 'NONE',  ( -15.69999999999999900, -2.450000000000006800, 1.940000000000000400 ) ) ;
#5623 = EDGE_CURVE ( 'NONE', #5402, #3487, #3163, .T. ) ;
#5624 = FACE_OUTER_BOUND ( 'NONE', #4903, .T. ) ;
#5625 = DIRECTION ( 'NONE',  ( -0.0000000000000000000, 0.0000000000000000000, 1.000000000000000000 ) ) ;
#5626 = DIRECTION ( 'NONE',  ( 8.462065736472233800E-016, -1.000000000000000000, 0.0000000000000000000 ) ) ;
#5627 = ORIENTED_EDGE ( 'NONE', *, *, #3607, .F. ) ;
#5628 = MECHANICAL_DESIGN_GEOMETRIC_PRESENTATION_REPRESENTATION (  '', ( #4975 ), #2040 ) ;
#5629 = CARTESIAN_POINT ( 'NONE',  ( -16.00000000000000000, 8.673617379884033500E-016, 1.950000000000000400 ) ) ;
#5630 =( LENGTH_UNIT ( ) NAMED_UNIT ( * ) SI_UNIT ( .MILLI., .METRE. ) );
#5631 = ORIENTED_EDGE ( 'NONE', *, *, #1091, .F. ) ;
#5632 = VECTOR ( 'NONE', #3509, 1000.000000000000000 ) ;
#5633 = CARTESIAN_POINT ( 'NONE',  ( -10.40000000000000200, -4.400000000000000400, -3.750000000000000900 ) ) ;
#5634 = CARTESIAN_POINT ( 'NONE',  ( -15.70000000000000300, -2.100000000000000100, -1.799999999999999600 ) ) ;
#5635 = CARTESIAN_POINT ( 'NONE',  ( -11.60000000000000100, -4.200000000000002000, -4.850000000000002300 ) ) ;
#5636 = EDGE_CURVE ( 'NONE', #3931, #3670, #3797, .T. ) ;
#5637 = EDGE_LOOP ( 'NONE', ( #2171, #3974, #6107, #4457, #496, #1140 ) ) ;
#5638 = DIRECTION ( 'NONE',  ( 0.0000000000000000000, -1.000000000000000000, -0.0000000000000000000 ) ) ;
#5639 = DIRECTION ( 'NONE',  ( 1.000000000000000000, -0.0000000000000000000, -0.0000000000000000000 ) ) ;
#5640 = ORIENTED_EDGE ( 'NONE', *, *, #4837, .T. ) ;
#5641 = VECTOR ( 'NONE', #3691, 1000.000000000000000 ) ;
#5642 = ORIENTED_EDGE ( 'NONE', *, *, #5798, .F. ) ;
#5643 = EDGE_CURVE ( 'NONE', #151, #2993, #2464, .T. ) ;
#5644 = CARTESIAN_POINT ( 'NONE',  ( -15.69999999999999600, -4.500000000000007100, 1.940000000000000600 ) ) ;
#5645 = CARTESIAN_POINT ( 'NONE',  ( -13.40000000000000200, -4.500000000000003600, -3.850000000000002800 ) ) ;
#5646 = CARTESIAN_POINT ( 'NONE',  ( -2.400000000000000800, -4.199999999999999300, -4.850000000000002300 ) ) ;
#5647 = EDGE_CURVE ( 'NONE', #4089, #614, #6405, .T. ) ;
#5648 = VECTOR ( 'NONE', #3877, 1000.000000000000000 ) ;
#5649 = EDGE_CURVE ( 'NONE', #5989, #4290, #3789, .T. ) ;
#5650 =( GEOMETRIC_REPRESENTATION_CONTEXT ( 3 ) GLOBAL_UNCERTAINTY_ASSIGNED_CONTEXT ( ( #3411 ) ) GLOBAL_UNIT_ASSIGNED_CONTEXT ( ( #529, #4034, #4543 ) ) REPRESENTATION_CONTEXT ( 'NONE', 'WORKASPACE' ) );
#5651 =( LENGTH_UNIT ( ) NAMED_UNIT ( * ) SI_UNIT ( .MILLI., .METRE. ) );
#5652 = UNCERTAINTY_MEASURE_WITH_UNIT (LENGTH_MEASURE( 1.000000000000000100E-005 ), #1855, 'distance_accuracy_value', 'NONE');
#5653 = LINE ( 'NONE', #1224, #2239 ) ;
#5654 = VERTEX_POINT ( 'NONE', #3921 ) ;
#5655 = ORIENTED_EDGE ( 'NONE', *, *, #3456, .T. ) ;
#5656 =( NAMED_UNIT ( * ) SI_UNIT ( $, .STERADIAN. ) SOLID_ANGLE_UNIT ( ) );
#5657 = ORIENTED_EDGE ( 'NONE', *, *, #4399, .T. ) ;
#5658 = FILL_AREA_STYLE ('',( #1148 ) ) ;
#5659 = UNCERTAINTY_MEASURE_WITH_UNIT (LENGTH_MEASURE( 1.000000000000000100E-005 ), #4347, 'distance_accuracy_value', 'NONE');
#5660 = FACE_OUTER_BOUND ( 'NONE', #5, .T. ) ;
#5661 = PLANE ( 'NONE',  #5530 ) ;
#5662 = DIRECTION ( 'NONE',  ( 3.262076464070523000E-031, -3.854941057726238100E-016, -1.000000000000000000 ) ) ;
#5663 = VERTEX_POINT ( 'NONE', #1496 ) ;
#5664 =( GEOMETRIC_REPRESENTATION_CONTEXT ( 3 ) GLOBAL_UNCERTAINTY_ASSIGNED_CONTEXT ( ( #904 ) ) GLOBAL_UNIT_ASSIGNED_CONTEXT ( ( #2142, #2602, #5169 ) ) REPRESENTATION_CONTEXT ( 'NONE', 'WORKASPACE' ) );
#5665 = CARTESIAN_POINT ( 'NONE',  ( -7.400000000000000400, -4.500000000000000900, -4.850000000000002300 ) ) ;
#5666 = LINE ( 'NONE', #597, #4576 ) ;
#5667 = EDGE_LOOP ( 'NONE', ( #3786, #778, #2976, #4359 ) ) ;
#5668 = CARTESIAN_POINT ( 'NONE',  ( -1.174999999999999800, -2.100000000000000100, -2.600000000000000100 ) ) ;
#5669 = FACE_BOUND ( 'NONE', #6175, .T. ) ;
#5670 = AXIS2_PLACEMENT_3D ( 'NONE', #1001, #4515, #1493 ) ;
#5671 = CARTESIAN_POINT ( 'NONE',  ( -14.82500000000000100, -0.6000000000000009800, -2.600000000000000100 ) ) ;
#5672 = PRESENTATION_LAYER_ASSIGNMENT (  '', '', ( #518 ) ) ;
#5673 = LINE ( 'NONE', #3859, #4116 ) ;
#5674 = DIRECTION ( 'NONE',  ( 0.0000000000000000000, -1.000000000000000000, 0.0000000000000000000 ) ) ;
#5675 = EDGE_LOOP ( 'NONE', ( #2944, #1162, #593, #1234 ) ) ;
#5676 = FILL_AREA_STYLE ('',( #3689 ) ) ;
#5677 = LINE ( 'NONE', #1068, #1983 ) ;
#5678 = CARTESIAN_POINT ( 'NONE',  ( -0.3000000000000000400, -4.500000000000000900, -0.2599999999999996200 ) ) ;
#5679 = EDGE_CURVE ( 'NONE', #147, #4142, #4670, .T. ) ;
#5680 = PRESENTATION_LAYER_ASSIGNMENT (  '', '', ( #4341 ) ) ;
#5681 = PLANE ( 'NONE',  #5339 ) ;
#5682 = LINE ( 'NONE', #1130, #4352 ) ;
#5683 = PRODUCT ( 'SM14B-NSHSS', 'SM14B-NSHSS', '', ( #4658 ) ) ;
#5684 = VECTOR ( 'NONE', #2460, 1000.000000000000000 ) ;
#5685 = EDGE_CURVE ( 'NONE', #2071, #1526, #512, .T. ) ;
#5686 = DIRECTION ( 'NONE',  ( 1.000000000000000000, 0.0000000000000000000, 0.0000000000000000000 ) ) ;
#5687 = ORIENTED_EDGE ( 'NONE', *, *, #2451, .T. ) ;
#5688 = SURFACE_STYLE_FILL_AREA ( #5488 ) ;
#5689 = ORIENTED_EDGE ( 'NONE', *, *, #1431, .T. ) ;
#5690 = DIRECTION ( 'NONE',  ( 0.0000000000000000000, 0.0000000000000000000, -1.000000000000000000 ) ) ;
#5691 = EDGE_LOOP ( 'NONE', ( #243, #936, #1398, #5687 ) ) ;
#5692 = DIRECTION ( 'NONE',  ( 0.0000000000000000000, 1.000000000000000000, 0.0000000000000000000 ) ) ;
#5693 = ORIENTED_EDGE ( 'NONE', *, *, #4817, .T. ) ;
#5694 = DIRECTION ( 'NONE',  ( -1.000000000000000000, 0.0000000000000000000, -0.0000000000000000000 ) ) ;
#5695 = ORIENTED_EDGE ( 'NONE', *, *, #3341, .F. ) ;
#5696 =( NAMED_UNIT ( * ) PLANE_ANGLE_UNIT ( ) SI_UNIT ( $, .RADIAN. ) );
#5697 = SURFACE_STYLE_FILL_AREA ( #3026 ) ;
#5698 = DIRECTION ( 'NONE',  ( 0.0000000000000000000, 0.0000000000000000000, 1.000000000000000000 ) ) ;
#5699 = CARTESIAN_POINT ( 'NONE',  ( -13.60000000000000300, -4.200000000000002800, -4.850000000000002300 ) ) ;
#5700 = ORIENTED_EDGE ( 'NONE', *, *, #2020, .F. ) ;
#5701 = DIRECTION ( 'NONE',  ( 0.0000000000000000000, 0.0000000000000000000, -1.000000000000000000 ) ) ;
#5702 = VERTEX_POINT ( 'NONE', #1454 ) ;
#5703 = EDGE_CURVE ( 'NONE', #253, #451, #139, .T. ) ;
#5704 = MECHANICAL_DESIGN_GEOMETRIC_PRESENTATION_REPRESENTATION (  '', ( #3352 ), #5375 ) ;
#5705 = VERTEX_POINT ( 'NONE', #3961 ) ;
#5706 = CARTESIAN_POINT ( 'NONE',  ( -12.40000000000000200, -4.500000000000003600, -3.850000000000002800 ) ) ;
#5707 = CARTESIAN_POINT ( 'NONE',  ( -5.599999999999998800, -4.500000000000000000, -4.850000000000002300 ) ) ;
#5708 = EDGE_LOOP ( 'NONE', ( #2286, #2104, #2626, #3661, #5689, #5285 ) ) ;
#5709 = CARTESIAN_POINT ( 'NONE',  ( -0.2999999999999998200, -2.100000000000000100, -1.799999999999999600 ) ) ;
#5710 = FILL_AREA_STYLE ('',( #1673 ) ) ;
#5711 = ADVANCED_FACE ( 'NONE', ( #285 ), #5032, .T. ) ;
#5712 = VERTEX_POINT ( 'NONE', #4972 ) ;
#5713 = LINE ( 'NONE', #1415, #5881 ) ;
#5714 = CARTESIAN_POINT ( 'NONE',  ( -0.5000000000000000000, -3.750000000000000900, 1.950000000000000400 ) ) ;
#5715 = VERTEX_POINT ( 'NONE', #2482 ) ;
#5716 = CARTESIAN_POINT ( 'NONE',  ( -14.82500000000000100, -0.6000000000000009800, 1.950000000000000400 ) ) ;
#5717 = VERTEX_POINT ( 'NONE', #5461 ) ;
#5718 = CARTESIAN_POINT ( 'NONE',  ( -2.600000000000000500, -4.499999999999999100, -4.850000000000002300 ) ) ;
#5719 = EDGE_LOOP ( 'NONE', ( #5260, #859, #1826, #4991 ) ) ;
#5720 = ORIENTED_EDGE ( 'NONE', *, *, #4465, .T. ) ;
#5721 = MECHANICAL_DESIGN_GEOMETRIC_PRESENTATION_REPRESENTATION (  '', ( #1142 ), #5863 ) ;
#5722 = CARTESIAN_POINT ( 'NONE',  ( -15.49999999999999800, -2.450000000000014400, -0.2599999999999997900 ) ) ;
#5723 = SURFACE_STYLE_FILL_AREA ( #6245 ) ;
#5724 = VERTEX_POINT ( 'NONE', #1480 ) ;
#5725 = DIRECTION ( 'NONE',  ( -1.000000000000000000, 0.0000000000000000000, 0.0000000000000000000 ) ) ;
#5726 = CARTESIAN_POINT ( 'NONE',  ( -4.599999999999999600, -4.500000000000000000, -4.850000000000002300 ) ) ;
#5727 = UNCERTAINTY_MEASURE_WITH_UNIT (LENGTH_MEASURE( 1.000000000000000100E-005 ), #1801, 'distance_accuracy_value', 'NONE');
#5728 = EDGE_CURVE ( 'NONE', #4944, #1013, #359, .T. ) ;
#5729 = STYLED_ITEM ( 'NONE', ( #321 ), #1314 ) ;
#5730 = CARTESIAN_POINT ( 'NONE',  ( -5.599999999999998800, -4.400000000000000400, -3.750000000000003600 ) ) ;
#5731 = EDGE_LOOP ( 'NONE', ( #4797, #929, #1069, #3567 ) ) ;
#5732 = SURFACE_STYLE_FILL_AREA ( #2983 ) ;
#5733 = FACE_OUTER_BOUND ( 'NONE', #5719, .T. ) ;
#5734 = DIRECTION ( 'NONE',  ( 0.0000000000000000000, 0.0000000000000000000, -1.000000000000000000 ) ) ;
#5735 = DIRECTION ( 'NONE',  ( 0.0000000000000000000, 0.7071067811865470200, 0.7071067811865481300 ) ) ;
#5736 = LINE ( 'NONE', #3321, #5742 ) ;
#5737 = ORIENTED_EDGE ( 'NONE', *, *, #5620, .T. ) ;
#5738 = FACE_OUTER_BOUND ( 'NONE', #4958, .T. ) ;
#5739 = PLANE ( 'NONE',  #1475 ) ;
#5740 = LINE ( 'NONE', #2745, #1061 ) ;
#5741 = COLOUR_RGB ( '',0.7529411764705882200, 0.7529411764705882200, 0.7529411764705882200 ) ;
#5742 = VECTOR ( 'NONE', #3246, 1000.000000000000000 ) ;
#5743 = FILL_AREA_STYLE ('',( #5842 ) ) ;
#5744 = VERTEX_POINT ( 'NONE', #3014 ) ;
#5745 = LINE ( 'NONE', #5796, #6004 ) ;
#5746 = AXIS2_PLACEMENT_3D ( 'NONE', #2830, #2781, #4902 ) ;
#5747 =( GEOMETRIC_REPRESENTATION_CONTEXT ( 3 ) GLOBAL_UNCERTAINTY_ASSIGNED_CONTEXT ( ( #3624 ) ) GLOBAL_UNIT_ASSIGNED_CONTEXT ( ( #4661, #2650, #5123 ) ) REPRESENTATION_CONTEXT ( 'NONE', 'WORKASPACE' ) );
#5748 = CARTESIAN_POINT ( 'NONE',  ( -15.69999999999999900, -2.450000000000013900, 1.940000000000000400 ) ) ;
#5749 = LINE ( 'NONE', #3212, #278 ) ;
#5750 = FACE_OUTER_BOUND ( 'NONE', #3577, .T. ) ;
#5751 = ORIENTED_EDGE ( 'NONE', *, *, #4590, .F. ) ;
#5752 = MECHANICAL_DESIGN_GEOMETRIC_PRESENTATION_REPRESENTATION (  '', ( #1598 ), #5978 ) ;
#5753 = DIRECTION ( 'NONE',  ( 0.0000000000000000000, 0.0000000000000000000, -1.000000000000000000 ) ) ;
#5754 = EDGE_CURVE ( 'NONE', #2799, #3959, #71, .T. ) ;
#5755 = ORIENTED_EDGE ( 'NONE', *, *, #240, .T. ) ;
#5756 =( NAMED_UNIT ( * ) PLANE_ANGLE_UNIT ( ) SI_UNIT ( $, .RADIAN. ) );
#5757 = PRESENTATION_STYLE_ASSIGNMENT (( #1342 ) ) ;
#5758 = DIRECTION ( 'NONE',  ( 0.0000000000000000000, 1.000000000000000000, -0.0000000000000000000 ) ) ;
#5759 = ADVANCED_FACE ( 'NONE', ( #5542 ), #2991, .F. ) ;
#5760 = UNCERTAINTY_MEASURE_WITH_UNIT (LENGTH_MEASURE( 1.000000000000000100E-005 ), #140, 'distance_accuracy_value', 'NONE');
#5761 = ADVANCED_FACE ( 'NONE', ( #5065 ), #5986, .T. ) ;
#5762 = ORIENTED_EDGE ( 'NONE', *, *, #3935, .F. ) ;
#5763 = PLANE ( 'NONE',  #2717 ) ;
#5764 = EDGE_CURVE ( 'NONE', #2465, #4715, #1356, .T. ) ;
#5765 = DIRECTION ( 'NONE',  ( -1.000000000000000000, 0.0000000000000000000, 0.0000000000000000000 ) ) ;
#5766 = EDGE_CURVE ( 'NONE', #4453, #2780, #3011, .T. ) ;
#5767 = DIRECTION ( 'NONE',  ( 1.000000000000000000, 0.0000000000000000000, 0.0000000000000000000 ) ) ;
#5768 = ORIENTED_EDGE ( 'NONE', *, *, #6449, .T. ) ;
#5769 = LINE ( 'NONE', #2178, #995 ) ;
#5770 = SURFACE_STYLE_FILL_AREA ( #2551 ) ;
#5771 = ORIENTED_EDGE ( 'NONE', *, *, #6445, .T. ) ;
#5772 = DIRECTION ( 'NONE',  ( 0.0000000000000000000, 0.0000000000000000000, 1.000000000000000000 ) ) ;
#5773 = CARTESIAN_POINT ( 'NONE',  ( 0.0000000000000000000, 8.673617379884033500E-016, 1.950000000000000400 ) ) ;
#5774 = VERTEX_POINT ( 'NONE', #3475 ) ;
#5775 = DIRECTION ( 'NONE',  ( 0.0000000000000000000, -1.000000000000000000, 0.0000000000000000000 ) ) ;
#5776 = ADVANCED_FACE ( 'NONE', ( #1674 ), #5014, .F. ) ;
#5777 = ORIENTED_EDGE ( 'NONE', *, *, #3504, .F. ) ;
#5778 = VECTOR ( 'NONE', #6084, 1000.000000000000000 ) ;
#5779 = SURFACE_SIDE_STYLE ('',( #5723 ) ) ;
#5780 =( GEOMETRIC_REPRESENTATION_CONTEXT ( 3 ) GLOBAL_UNCERTAINTY_ASSIGNED_CONTEXT ( ( #311 ) ) GLOBAL_UNIT_ASSIGNED_CONTEXT ( ( #3836, #2849, #2768 ) ) REPRESENTATION_CONTEXT ( 'NONE', 'WORKASPACE' ) );
#5781 = CARTESIAN_POINT ( 'NONE',  ( -0.5000000000000000000, -4.400000000000000400, 1.950000000000000000 ) ) ;
#5782 = DIRECTION ( 'NONE',  ( 0.0000000000000000000, -0.0000000000000000000, -1.000000000000000000 ) ) ;
#5783 = FILL_AREA_STYLE_COLOUR ( '', #5144 ) ;
#5784 = ORIENTED_EDGE ( 'NONE', *, *, #332, .T. ) ;
#5785 = CARTESIAN_POINT ( 'NONE',  ( -10.60000000000000100, -4.500000000000002700, -4.850000000000002300 ) ) ;
#5786 =( NAMED_UNIT ( * ) SI_UNIT ( $, .STERADIAN. ) SOLID_ANGLE_UNIT ( ) );
#5787 = VERTEX_POINT ( 'NONE', #2564 ) ;
#5788 =( GEOMETRIC_REPRESENTATION_CONTEXT ( 3 ) GLOBAL_UNCERTAINTY_ASSIGNED_CONTEXT ( ( #5574 ) ) GLOBAL_UNIT_ASSIGNED_CONTEXT ( ( #4688, #238, #3720 ) ) REPRESENTATION_CONTEXT ( 'NONE', 'WORKASPACE' ) );
#5789 = ORIENTED_EDGE ( 'NONE', *, *, #92, .T. ) ;
#5790 = FILL_AREA_STYLE ('',( #5382 ) ) ;
#5791 = SURFACE_STYLE_USAGE ( .BOTH. , #2260 ) ;
#5792 = ADVANCED_FACE ( 'NONE', ( #2534 ), #6049, .T. ) ;
#5793 = AXIS2_PLACEMENT_3D ( 'NONE', #4363, #1324, #3368 ) ;
#5794 = LINE ( 'NONE', #5879, #474 ) ;
#5795 = FILL_AREA_STYLE_COLOUR ( '', #4900 ) ;
#5796 = CARTESIAN_POINT ( 'NONE',  ( -16.00000000000000000, 8.673617379884033500E-016, -4.049999999999999800 ) ) ;
#5797 = LINE ( 'NONE', #693, #1636 ) ;
#5798 = EDGE_CURVE ( 'NONE', #2254, #4202, #6475, .T. ) ;
#5799 = DIRECTION ( 'NONE',  ( 0.0000000000000000000, 0.0000000000000000000, -1.000000000000000000 ) ) ;
#5800 = VERTEX_POINT ( 'NONE', #3111 ) ;
#5801 = ORIENTED_EDGE ( 'NONE', *, *, #6031, .F. ) ;
#5802 = LINE ( 'NONE', #5716, #4159 ) ;
#5803 = CARTESIAN_POINT ( 'NONE',  ( -11.40000000000000000, -4.500000000000002700, -3.850000000000002800 ) ) ;
#5804 = CARTESIAN_POINT ( 'NONE',  ( -15.30000000000000100, -0.6000000000000009800, -4.173411897755954700 ) ) ;
#5805 =( GEOMETRIC_REPRESENTATION_CONTEXT ( 3 ) GLOBAL_UNCERTAINTY_ASSIGNED_CONTEXT ( ( #403 ) ) GLOBAL_UNIT_ASSIGNED_CONTEXT ( ( #1730, #3272, #739 ) ) REPRESENTATION_CONTEXT ( 'NONE', 'WORKASPACE' ) );
#5806 = DIRECTION ( 'NONE',  ( 0.0000000000000000000, -5.981805089575195200E-016, 1.000000000000000000 ) ) ;
#5807 = DIRECTION ( 'NONE',  ( -1.196361017915039500E-016, 1.000000000000000000, 0.0000000000000000000 ) ) ;
#5808 = SURFACE_SIDE_STYLE ('',( #2770 ) ) ;
#5809 = CARTESIAN_POINT ( 'NONE',  ( -4.950000000000001100, -1.349999999999998300, -1.800000000000000000 ) ) ;
#5810 = ORIENTED_EDGE ( 'NONE', *, *, #5106, .F. ) ;
#5811 = ADVANCED_FACE ( 'NONE', ( #4270 ), #1543, .F. ) ;
#5812 = CARTESIAN_POINT ( 'NONE',  ( -6.599999999999999600, -4.500000000000000900, -4.850000000000002300 ) ) ;
#5813 = DIRECTION ( 'NONE',  ( 0.0000000000000000000, 0.0000000000000000000, -1.000000000000000000 ) ) ;
#5814 = FACE_BOUND ( 'NONE', #6137, .T. ) ;
#5815 = EDGE_LOOP ( 'NONE', ( #1417, #3909, #3, #1323 ) ) ;
#5816 = EDGE_CURVE ( 'NONE', #1994, #5715, #897, .T. ) ;
#5817 = FACE_OUTER_BOUND ( 'NONE', #399, .T. ) ;
#5818 = CARTESIAN_POINT ( 'NONE',  ( -15.49999999999999600, -3.750000000000007500, -0.2599999999999997900 ) ) ;
#5819 = SURFACE_SIDE_STYLE ('',( #3555 ) ) ;
#5820 = VECTOR ( 'NONE', #3148, 1000.000000000000000 ) ;
#5821 = ORIENTED_EDGE ( 'NONE', *, *, #4230, .T. ) ;
#5822 = EDGE_CURVE ( 'NONE', #1308, #3279, #5282, .T. ) ;
#5823 = CARTESIAN_POINT ( 'NONE',  ( -14.82500000000000100, -1.950000000000000400, 1.950000000000000400 ) ) ;
#5824 = EDGE_CURVE ( 'NONE', #4594, #293, #2596, .T. ) ;
#5825 = DIRECTION ( 'NONE',  ( 1.668107282763335500E-031, -1.971276677246371500E-016, -1.000000000000000000 ) ) ;
#5826 = EDGE_LOOP ( 'NONE', ( #5003, #5385, #4867, #2680 ) ) ;
#5827 =( NAMED_UNIT ( * ) SI_UNIT ( $, .STERADIAN. ) SOLID_ANGLE_UNIT ( ) );
#5828 = CARTESIAN_POINT ( 'NONE',  ( -14.60000000000000100, -4.200000000000003700, -4.850000000000002300 ) ) ;
#5829 = CARTESIAN_POINT ( 'NONE',  ( -14.82500000000000100, -1.950000000000000400, -0.04999999999999969700 ) ) ;
#5830 = LINE ( 'NONE', #123, #2447 ) ;
#5831 = CARTESIAN_POINT ( 'NONE',  ( -12.60000000000000100, -3.449999999999999300, -3.950000000000002000 ) ) ;
#5832 = CARTESIAN_POINT ( 'NONE',  ( -9.400000000000002100, -3.449999999999998400, -3.950000000000002000 ) ) ;
#5833 = STYLED_ITEM ( 'NONE', ( #4035 ), #3192 ) ;
#5834 = SURFACE_STYLE_FILL_AREA ( #2537 ) ;
#5835 = FILL_AREA_STYLE ('',( #813 ) ) ;
#5836 = VERTEX_POINT ( 'NONE', #3566 ) ;
#5837 = LINE ( 'NONE', #5361, #1593 ) ;
#5838 = LINE ( 'NONE', #4581, #4596 ) ;
#5839 = FILL_AREA_STYLE ('',( #3765 ) ) ;
#5840 = LINE ( 'NONE', #1384, #4518 ) ;
#5841 = SURFACE_STYLE_FILL_AREA ( #1976 ) ;
#5842 = FILL_AREA_STYLE_COLOUR ( '', #60 ) ;
#5843 = ORIENTED_EDGE ( 'NONE', *, *, #6016, .T. ) ;
#5844 = VECTOR ( 'NONE', #5463, 1000.000000000000000 ) ;
#5845 = SURFACE_STYLE_USAGE ( .BOTH. , #2364 ) ;
#5846 = DIRECTION ( 'NONE',  ( -1.000000000000000000, 0.0000000000000000000, 0.0000000000000000000 ) ) ;
#5847 = VERTEX_POINT ( 'NONE', #6070 ) ;
#5848 = LINE ( 'NONE', #6407, #4528 ) ;
#5849 = STYLED_ITEM ( 'NONE', ( #3253 ), #4301 ) ;
#5850 = DIRECTION ( 'NONE',  ( -1.000000000000000000, 0.0000000000000000000, -0.0000000000000000000 ) ) ;
#5851 = UNCERTAINTY_MEASURE_WITH_UNIT (LENGTH_MEASURE( 1.000000000000000100E-005 ), #930, 'distance_accuracy_value', 'NONE');
#5852 = DIRECTION ( 'NONE',  ( -1.000000000000000000, 0.0000000000000000000, 0.0000000000000000000 ) ) ;
#5853 = ORIENTED_EDGE ( 'NONE', *, *, #4020, .T. ) ;
#5854 = EDGE_CURVE ( 'NONE', #5526, #5215, #5451, .T. ) ;
#5855 =( LENGTH_UNIT ( ) NAMED_UNIT ( * ) SI_UNIT ( .MILLI., .METRE. ) );
#5856 = CARTESIAN_POINT ( 'NONE',  ( -15.99999999999999600, -2.250000000000006700, -4.049999999999999800 ) ) ;
#5857 = COLOUR_RGB ( '',0.7529411764705882200, 0.7529411764705882200, 0.7529411764705882200 ) ;
#5858 = CARTESIAN_POINT ( 'NONE',  ( -5.599999999999998800, -4.500000000000000000, -4.850000000000002300 ) ) ;
#5859 = VECTOR ( 'NONE', #2764, 1000.000000000000000 ) ;
#5860 = ORIENTED_EDGE ( 'NONE', *, *, #5299, .F. ) ;
#5861 = COLOUR_RGB ( '',0.7529411764705882200, 0.7529411764705882200, 0.7529411764705882200 ) ;
#5862 = SURFACE_STYLE_USAGE ( .BOTH. , #4893 ) ;
#5863 =( GEOMETRIC_REPRESENTATION_CONTEXT ( 3 ) GLOBAL_UNCERTAINTY_ASSIGNED_CONTEXT ( ( #4059 ) ) GLOBAL_UNIT_ASSIGNED_CONTEXT ( ( #3767, #1784, #4853 ) ) REPRESENTATION_CONTEXT ( 'NONE', 'WORKASPACE' ) );
#5864 = CARTESIAN_POINT ( 'NONE',  ( -0.5000000000000000000, -2.250000000000000000, -3.450000000000000200 ) ) ;
#5865 = PRESENTATION_STYLE_ASSIGNMENT (( #5573 ) ) ;
#5866 = LINE ( 'NONE', #3996, #461 ) ;
#5867 = ORIENTED_EDGE ( 'NONE', *, *, #3374, .F. ) ;
#5868 = SURFACE_SIDE_STYLE ('',( #3775 ) ) ;
#5869 = PLANE ( 'NONE',  #367 ) ;
#5870 = ORIENTED_EDGE ( 'NONE', *, *, #2782, .T. ) ;
#5871 = FILL_AREA_STYLE_COLOUR ( '', #4918 ) ;
#5872 = CARTESIAN_POINT ( 'NONE',  ( -6.599999999999999600, -4.500000000000000900, -3.850000000000002800 ) ) ;
#5873 = ORIENTED_EDGE ( 'NONE', *, *, #1512, .F. ) ;
#5874 = CARTESIAN_POINT ( 'NONE',  ( -15.24999999999999800, -2.100000000000001900, 1.950000000000000400 ) ) ;
#5875 = CARTESIAN_POINT ( 'NONE',  ( -12.15000000000000200, -1.799999999999999800, -3.450000000000000600 ) ) ;
#5876 = VERTEX_POINT ( 'NONE', #95 ) ;
#5877 = DIRECTION ( 'NONE',  ( 0.0000000000000000000, 0.7071067811865470200, 0.7071067811865481300 ) ) ;
#5878 =( GEOMETRIC_REPRESENTATION_CONTEXT ( 3 ) GLOBAL_UNCERTAINTY_ASSIGNED_CONTEXT ( ( #233 ) ) GLOBAL_UNIT_ASSIGNED_CONTEXT ( ( #6013, #1978, #3018 ) ) REPRESENTATION_CONTEXT ( 'NONE', 'WORKASPACE' ) );
#5879 = CARTESIAN_POINT ( 'NONE',  ( -15.24999999999999800, -3.650000000000000400, -2.600000000000000100 ) ) ;
#5880 = DIRECTION ( 'NONE',  ( 0.0000000000000000000, -1.000000000000000000, 0.0000000000000000000 ) ) ;
#5881 = VECTOR ( 'NONE', #2508, 1000.000000000000000 ) ;
#5882 = ORIENTED_EDGE ( 'NONE', *, *, #3905, .T. ) ;
#5883 = DIRECTION ( 'NONE',  ( 0.0000000000000000000, 0.0000000000000000000, 1.000000000000000000 ) ) ;
#5884 = DIRECTION ( 'NONE',  ( -0.0000000000000000000, 0.0000000000000000000, 1.000000000000000000 ) ) ;
#5885 = VERTEX_POINT ( 'NONE', #5111 ) ;
#5886 = EDGE_CURVE ( 'NONE', #4762, #5044, #6141, .T. ) ;
#5887 = AXIS2_PLACEMENT_3D ( 'NONE', #4319, #1958, #2418 ) ;
#5888 = CARTESIAN_POINT ( 'NONE',  ( -15.30000000000000100, -0.6000000000000009800, -2.600000000000000100 ) ) ;
#5889 = CARTESIAN_POINT ( 'NONE',  ( -2.400000000000000800, -4.199999999999999300, -3.950000000000002000 ) ) ;
#5890 = ORIENTED_EDGE ( 'NONE', *, *, #6313, .T. ) ;
#5891 =( NAMED_UNIT ( * ) SI_UNIT ( $, .STERADIAN. ) SOLID_ANGLE_UNIT ( ) );
#5892 = CARTESIAN_POINT ( 'NONE',  ( -5.399999999999999500, -4.500000000000000000, -4.850000000000002300 ) ) ;
#5893 = ORIENTED_EDGE ( 'NONE', *, *, #427, .T. ) ;
#5894 = EDGE_CURVE ( 'NONE', #3666, #6379, #1274, .T. ) ;
#5895 = DIRECTION ( 'NONE',  ( 0.0000000000000000000, 0.0000000000000000000, 1.000000000000000000 ) ) ;
#5896 = PLANE ( 'NONE',  #3314 ) ;
#5897 = DIRECTION ( 'NONE',  ( 0.0000000000000000000, 0.0000000000000000000, 1.000000000000000000 ) ) ;
#5898 = EDGE_CURVE ( 'NONE', #735, #6042, #5132, .T. ) ;
#5899 = AXIS2_PLACEMENT_3D ( 'NONE', #3152, #179, #656 ) ;
#5900 = SURFACE_STYLE_FILL_AREA ( #1163 ) ;
#5901 = CARTESIAN_POINT ( 'NONE',  ( -9.600000000000003200, -4.400000000000000400, -3.950000000000002000 ) ) ;
#5902 = VERTEX_POINT ( 'NONE', #1628 ) ;
#5903 = DIRECTION ( 'NONE',  ( -8.462065736472233800E-016, 1.000000000000000000, 0.0000000000000000000 ) ) ;
#5904 = FILL_AREA_STYLE ('',( #5489 ) ) ;
#5905 = STYLED_ITEM ( 'NONE', ( #3953 ), #5920 ) ;
#5906 = PLANE ( 'NONE',  #2953 ) ;
#5907 = LINE ( 'NONE', #309, #4418 ) ;
#5908 = LINE ( 'NONE', #6103, #1036 ) ;
#5909 = ORIENTED_EDGE ( 'NONE', *, *, #5374, .F. ) ;
#5910 = LINE ( 'NONE', #3747, #5052 ) ;
#5911 = FILL_AREA_STYLE_COLOUR ( '', #259 ) ;
#5912 = CARTESIAN_POINT ( 'NONE',  ( -11.40000000000000000, -4.200000000000002000, -3.950000000000002000 ) ) ;
#5913 = VECTOR ( 'NONE', #6371, 1000.000000000000000 ) ;
#5914 = DIRECTION ( 'NONE',  ( -1.000000000000000000, -8.462065736472234800E-016, 0.0000000000000000000 ) ) ;
#5915 = FACE_OUTER_BOUND ( 'NONE', #6249, .T. ) ;
#5916 = FACE_OUTER_BOUND ( 'NONE', #4779, .T. ) ;
#5917 = CARTESIAN_POINT ( 'NONE',  ( -14.82500000000000100, -2.100000000000000100, -0.04999999999999969700 ) ) ;
#5918 = FILL_AREA_STYLE_COLOUR ( '', #6089 ) ;
#5919 = CARTESIAN_POINT ( 'NONE',  ( -2.400000000000000800, -4.499999999999999100, -3.850000000000002800 ) ) ;
#5920 = ADVANCED_FACE ( 'NONE', ( #6001 ), #4624, .F. ) ;
#5921 = FILL_AREA_STYLE_COLOUR ( '', #4916 ) ;
#5922 = VECTOR ( 'NONE', #6324, 1000.000000000000000 ) ;
#5923 = MECHANICAL_DESIGN_GEOMETRIC_PRESENTATION_REPRESENTATION (  '', ( #2968 ), #2150 ) ;
#5924 = FACE_OUTER_BOUND ( 'NONE', #2609, .T. ) ;
#5925 = ORIENTED_EDGE ( 'NONE', *, *, #3347, .F. ) ;
#5926 = CARTESIAN_POINT ( 'NONE',  ( 0.0000000000000000000, -4.400000000000000400, -4.050000000000002500 ) ) ;
#5927 = DIRECTION ( 'NONE',  ( 0.0000000000000000000, -1.822188525185721700E-016, 1.000000000000000000 ) ) ;
#5928 = DIRECTION ( 'NONE',  ( 1.000000000000000000, 0.0000000000000000000, -0.0000000000000000000 ) ) ;
#5929 = ORIENTED_EDGE ( 'NONE', *, *, #2621, .T. ) ;
#5930 = LINE ( 'NONE', #6050, #4999 ) ;
#5931 = EDGE_CURVE ( 'NONE', #5356, #3790, #6079, .T. ) ;
#5932 = DIRECTION ( 'NONE',  ( 0.0000000000000000000, 0.0000000000000000000, 1.000000000000000000 ) ) ;
#5933 = VERTEX_POINT ( 'NONE', #3171 ) ;
#5934 = LINE ( 'NONE', #1505, #1131 ) ;
#5935 = CARTESIAN_POINT ( 'NONE',  ( -10.40000000000000200, -4.500000000000002700, -3.850000000000002800 ) ) ;
#5936 = DIRECTION ( 'NONE',  ( 0.0000000000000000000, 0.7071067811865470200, 0.7071067811865481300 ) ) ;
#5937 = ORIENTED_EDGE ( 'NONE', *, *, #3806, .T. ) ;
#5938 = LINE ( 'NONE', #1917, #1127 ) ;
#5939 = CARTESIAN_POINT ( 'NONE',  ( -15.70000000000000300, -2.100000000000000100, -1.799999999999999600 ) ) ;
#5940 = EDGE_LOOP ( 'NONE', ( #2746, #2172, #4233, #6087 ) ) ;
#5941 = ORIENTED_EDGE ( 'NONE', *, *, #5211, .T. ) ;
#5942 = PLANE ( 'NONE',  #2230 ) ;
#5943 = DIRECTION ( 'NONE',  ( 0.0000000000000000000, 0.7071067811865470200, 0.7071067811865481300 ) ) ;
#5944 =( GEOMETRIC_REPRESENTATION_CONTEXT ( 3 ) GLOBAL_UNCERTAINTY_ASSIGNED_CONTEXT ( ( #2613 ) ) GLOBAL_UNIT_ASSIGNED_CONTEXT ( ( #1136, #1113, #3165 ) ) REPRESENTATION_CONTEXT ( 'NONE', 'WORKASPACE' ) );
#5945 = SURFACE_STYLE_FILL_AREA ( #2624 ) ;
#5946 = CARTESIAN_POINT ( 'NONE',  ( -15.49999999999999800, -2.450000000000013900, 1.940000000000000400 ) ) ;
#5947 = ORIENTED_EDGE ( 'NONE', *, *, #561, .F. ) ;
#5948 = UNCERTAINTY_MEASURE_WITH_UNIT (LENGTH_MEASURE( 1.000000000000000100E-005 ), #3063, 'distance_accuracy_value', 'NONE');
#5949 =( LENGTH_UNIT ( ) NAMED_UNIT ( * ) SI_UNIT ( .MILLI., .METRE. ) );
#5950 = CARTESIAN_POINT ( 'NONE',  ( -15.70000000000000300, -2.100000000000000100, 1.950000000000000400 ) ) ;
#5951 = LINE ( 'NONE', #3102, #1463 ) ;
#5952 = ORIENTED_EDGE ( 'NONE', *, *, #632, .F. ) ;
#5953 =( GEOMETRIC_REPRESENTATION_CONTEXT ( 3 ) GLOBAL_UNCERTAINTY_ASSIGNED_CONTEXT ( ( #3927 ) ) GLOBAL_UNIT_ASSIGNED_CONTEXT ( ( #168, #4157, #260 ) ) REPRESENTATION_CONTEXT ( 'NONE', 'WORKASPACE' ) );
#5954 = CARTESIAN_POINT ( 'NONE',  ( -13.40000000000000200, -4.400000000000000400, -4.050000000000002500 ) ) ;
#5955 = VERTEX_POINT ( 'NONE', #2580 ) ;
#5956 = PLANE ( 'NONE',  #2915 ) ;
#5957 = EDGE_CURVE ( 'NONE', #310, #5436, #4927, .T. ) ;
#5958 = AXIS2_PLACEMENT_3D ( 'NONE', #3428, #379, #2349 ) ;
#5959 = DIRECTION ( 'NONE',  ( -8.462065736472233800E-016, 1.000000000000000000, 0.0000000000000000000 ) ) ;
#5960 = CARTESIAN_POINT ( 'NONE',  ( -8.600000000000001400, -4.200000000000001100, -4.050000000000002500 ) ) ;
#5961 = EDGE_CURVE ( 'NONE', #5410, #652, #3410, .T. ) ;
#5962 = ORIENTED_EDGE ( 'NONE', *, *, #3710, .F. ) ;
#5963 = VERTEX_POINT ( 'NONE', #5707 ) ;
#5964 = DIRECTION ( 'NONE',  ( 8.462065736472233800E-016, -1.000000000000000000, -0.0000000000000000000 ) ) ;
#5965 = VECTOR ( 'NONE', #1303, 1000.000000000000000 ) ;
#5966 = VECTOR ( 'NONE', #5279, 1000.000000000000000 ) ;
#5967 = DIRECTION ( 'NONE',  ( 0.0000000000000000000, 6.672013369141566200E-016, 1.000000000000000000 ) ) ;
#5968 = DIRECTION ( 'NONE',  ( 0.0000000000000000000, 1.000000000000000000, -1.057758217059032200E-016 ) ) ;
#5969 = DIRECTION ( 'NONE',  ( 0.0000000000000000000, 0.7071067811865470200, 0.7071067811865481300 ) ) ;
#5970 = ORIENTED_EDGE ( 'NONE', *, *, #1137, .T. ) ;
#5971 = CARTESIAN_POINT ( 'NONE',  ( -11.05000000000000100, -1.800000000000000500, -1.799999999999999600 ) ) ;
#5972 = MANIFOLD_SOLID_BREP ( '∂Øƒ - âüÇµèoÇµ31', #4876 ) ;
#5973 = EDGE_CURVE ( 'NONE', #36, #3604, #5749, .T. ) ;
#5974 = FACE_OUTER_BOUND ( 'NONE', #1662, .T. ) ;
#5975 = ORIENTED_EDGE ( 'NONE', *, *, #5252, .F. ) ;
#5976 = PLANE ( 'NONE',  #3028 ) ;
#5977 = PRESENTATION_STYLE_ASSIGNMENT (( #55 ) ) ;
#5978 =( GEOMETRIC_REPRESENTATION_CONTEXT ( 3 ) GLOBAL_UNCERTAINTY_ASSIGNED_CONTEXT ( ( #4698 ) ) GLOBAL_UNIT_ASSIGNED_CONTEXT ( ( #533, #2997, #1529 ) ) REPRESENTATION_CONTEXT ( 'NONE', 'WORKASPACE' ) );
#5979 = AXIS2_PLACEMENT_3D ( 'NONE', #4656, #173, #1682 ) ;
#5980 = DIRECTION ( 'NONE',  ( -1.000000000000000000, 0.0000000000000000000, -0.0000000000000000000 ) ) ;
#5981 = ADVANCED_FACE ( 'NONE', ( #5605 ), #4664, .F. ) ;
#5982 = DIRECTION ( 'NONE',  ( 0.0000000000000000000, 0.7071067811865481300, -0.7071067811865470200 ) ) ;
#5983 = VECTOR ( 'NONE', #5163, 1000.000000000000000 ) ;
#5984 = VERTEX_POINT ( 'NONE', #221 ) ;
#5985 = VECTOR ( 'NONE', #1369, 1000.000000000000000 ) ;
#5986 = PLANE ( 'NONE',  #1843 ) ;
#5987 = EDGE_CURVE ( 'NONE', #36, #1319, #4189, .T. ) ;
#5988 = CARTESIAN_POINT ( 'NONE',  ( -4.950000000000001100, -1.349999999999998500, -0.6099999999999998800 ) ) ;
#5989 = VERTEX_POINT ( 'NONE', #1669 ) ;
#5990 = SURFACE_STYLE_USAGE ( .BOTH. , #6470 ) ;
#5991 = EDGE_CURVE ( 'NONE', #1680, #4636, #2673, .T. ) ;
#5992 = STYLED_ITEM ( 'NONE', ( #4831 ), #5972 ) ;
#5993 = DIRECTION ( 'NONE',  ( 1.000000000000000000, 4.231032868236116900E-016, 0.0000000000000000000 ) ) ;
#5994 = LINE ( 'NONE', #782, #1969 ) ;
#5995 = FILL_AREA_STYLE ('',( #3017 ) ) ;
#5996 = FILL_AREA_STYLE ('',( #2958 ) ) ;
#5997 = VERTEX_POINT ( 'NONE', #3702 ) ;
#5998 = DIRECTION ( 'NONE',  ( 0.0000000000000000000, 0.0000000000000000000, -1.000000000000000000 ) ) ;
#5999 = VECTOR ( 'NONE', #865, 1000.000000000000000 ) ;
#6000 = CARTESIAN_POINT ( 'NONE',  ( -13.60000000000000300, -4.500000000000003600, -3.850000000000002800 ) ) ;
#6001 = FACE_OUTER_BOUND ( 'NONE', #3944, .T. ) ;
#6002 = DIRECTION ( 'NONE',  ( -1.000000000000000000, -1.240954293808709700E-016, -0.0000000000000000000 ) ) ;
#6003 = VERTEX_POINT ( 'NONE', #242 ) ;
#6004 = VECTOR ( 'NONE', #6301, 1000.000000000000000 ) ;
#6005 = CARTESIAN_POINT ( 'NONE',  ( -2.600000000000000500, -4.199999999999999300, -4.050000000000002500 ) ) ;
#6006 = SURFACE_SIDE_STYLE ('',( #6456 ) ) ;
#6007 = CARTESIAN_POINT ( 'NONE',  ( -9.400000000000002100, -4.500000000000001800, -4.850000000000002300 ) ) ;
#6008 =( GEOMETRIC_REPRESENTATION_CONTEXT ( 3 ) GLOBAL_UNCERTAINTY_ASSIGNED_CONTEXT ( ( #987 ) ) GLOBAL_UNIT_ASSIGNED_CONTEXT ( ( #3873, #2294, #2268 ) ) REPRESENTATION_CONTEXT ( 'NONE', 'WORKASPACE' ) );
#6009 = LINE ( 'NONE', #1909, #3484 ) ;
#6010 = SURFACE_SIDE_STYLE ('',( #5613 ) ) ;
#6011 = COLOUR_RGB ( '',0.7529411764705882200, 0.7529411764705882200, 0.7529411764705882200 ) ;
#6012 =( NAMED_UNIT ( * ) PLANE_ANGLE_UNIT ( ) SI_UNIT ( $, .RADIAN. ) );
#6013 =( LENGTH_UNIT ( ) NAMED_UNIT ( * ) SI_UNIT ( .MILLI., .METRE. ) );
#6014 = CARTESIAN_POINT ( 'NONE',  ( -4.599999999999999600, -4.400000000000000400, -3.750000000000003600 ) ) ;
#6015 = ORIENTED_EDGE ( 'NONE', *, *, #3317, .F. ) ;
#6016 = EDGE_CURVE ( 'NONE', #1814, #5712, #4181, .T. ) ;
#6017 = PRESENTATION_LAYER_ASSIGNMENT (  '', '', ( #3526 ) ) ;
#6018 = SURFACE_SIDE_STYLE ('',( #1926 ) ) ;
#6019 = VECTOR ( 'NONE', #3867, 1000.000000000000000 ) ;
#6020 = PLANE ( 'NONE',  #2321 ) ;
#6021 = ORIENTED_EDGE ( 'NONE', *, *, #2100, .T. ) ;
#6022 = VERTEX_POINT ( 'NONE', #3660 ) ;
#6023 = FACE_OUTER_BOUND ( 'NONE', #1109, .T. ) ;
#6024 = EDGE_CURVE ( 'NONE', #3279, #3666, #4920, .T. ) ;
#6025 =( LENGTH_UNIT ( ) NAMED_UNIT ( * ) SI_UNIT ( .MILLI., .METRE. ) );
#6026 = PRESENTATION_LAYER_ASSIGNMENT (  '', '', ( #1166 ) ) ;
#6027 = ADVANCED_FACE ( 'NONE', ( #2848 ), #2114, .F. ) ;
#6028 = FACE_OUTER_BOUND ( 'NONE', #2796, .T. ) ;
#6029 = FILL_AREA_STYLE_COLOUR ( '', #4351 ) ;
#6030 = CARTESIAN_POINT ( 'NONE',  ( -15.49999999999999600, -2.450000000000007300, 1.300000000000000300 ) ) ;
#6031 = EDGE_CURVE ( 'NONE', #1609, #1834, #431, .T. ) ;
#6032 = DIRECTION ( 'NONE',  ( -1.000000000000000000, 0.0000000000000000000, -0.0000000000000000000 ) ) ;
#6033 = ORIENTED_EDGE ( 'NONE', *, *, #2977, .T. ) ;
#6034 = STYLED_ITEM ( 'NONE', ( #5757 ), #5596 ) ;
#6035 = ORIENTED_EDGE ( 'NONE', *, *, #3406, .T. ) ;
#6036 = DIRECTION ( 'NONE',  ( -1.000000000000000000, 0.0000000000000000000, 0.0000000000000000000 ) ) ;
#6037 = ORIENTED_EDGE ( 'NONE', *, *, #5082, .F. ) ;
#6038 = ORIENTED_EDGE ( 'NONE', *, *, #3121, .F. ) ;
#6039 = EDGE_CURVE ( 'NONE', #1362, #5480, #1667, .T. ) ;
#6040 =( LENGTH_UNIT ( ) NAMED_UNIT ( * ) SI_UNIT ( .MILLI., .METRE. ) );
#6041 = ORIENTED_EDGE ( 'NONE', *, *, #5565, .F. ) ;
#6042 = VERTEX_POINT ( 'NONE', #3233 ) ;
#6043 = CARTESIAN_POINT ( 'NONE',  ( -0.5000000000000000000, -4.400000000000001200, 1.940000000000000600 ) ) ;
#6044 = DIRECTION ( 'NONE',  ( 0.0000000000000000000, 0.0000000000000000000, 1.000000000000000000 ) ) ;
#6045 = ORIENTED_EDGE ( 'NONE', *, *, #5816, .T. ) ;
#6046 = DIRECTION ( 'NONE',  ( 8.462065736472234800E-016, -1.000000000000000000, 6.672013369141566200E-016 ) ) ;
#6047 = PLANE ( 'NONE',  #4328 ) ;
#6048 = EDGE_LOOP ( 'NONE', ( #4577, #1152, #4871, #1488, #5700, #4530, #2312, #4471, #2884, #5860, #729, #585 ) ) ;
#6049 = PLANE ( 'NONE',  #4304 ) ;
#6050 = CARTESIAN_POINT ( 'NONE',  ( -15.50000000000000000, -6.346549302354175400E-015, -4.049999999999999800 ) ) ;
#6051 = ORIENTED_EDGE ( 'NONE', *, *, #4078, .T. ) ;
#6052 =( GEOMETRIC_REPRESENTATION_CONTEXT ( 3 ) GLOBAL_UNCERTAINTY_ASSIGNED_CONTEXT ( ( #2540 ) ) GLOBAL_UNIT_ASSIGNED_CONTEXT ( ( #5336, #3384, #2310 ) ) REPRESENTATION_CONTEXT ( 'NONE', 'WORKASPACE' ) );
#6053 = ORIENTED_EDGE ( 'NONE', *, *, #6182, .F. ) ;
#6054 = ADVANCED_FACE ( 'NONE', ( #1350 ), #5312, .F. ) ;
#6055 = UNCERTAINTY_MEASURE_WITH_UNIT (LENGTH_MEASURE( 1.000000000000000100E-005 ), #2851, 'distance_accuracy_value', 'NONE');
#6056 = CARTESIAN_POINT ( 'NONE',  ( -9.600000000000003200, -4.500000000000001800, -4.850000000000002300 ) ) ;
#6057 = VERTEX_POINT ( 'NONE', #793 ) ;
#6058 = LINE ( 'NONE', #968, #4573 ) ;
#6059 = CARTESIAN_POINT ( 'NONE',  ( -7.400000000000000400, -3.449999999999997500, -3.950000000000002000 ) ) ;
#6060 = CARTESIAN_POINT ( 'NONE',  ( -6.599999999999999600, -4.500000000000000900, -3.850000000000002800 ) ) ;
#6061 = ORIENTED_EDGE ( 'NONE', *, *, #5589, .T. ) ;
#6062 = PRESENTATION_STYLE_ASSIGNMENT (( #5990 ) ) ;
#6063 = SURFACE_STYLE_FILL_AREA ( #5404 ) ;
#6064 = EDGE_CURVE ( 'NONE', #6308, #3360, #6395, .T. ) ;
#6065 =( GEOMETRIC_REPRESENTATION_CONTEXT ( 3 ) GLOBAL_UNCERTAINTY_ASSIGNED_CONTEXT ( ( #1469 ) ) GLOBAL_UNIT_ASSIGNED_CONTEXT ( ( #3248, #274, #4793 ) ) REPRESENTATION_CONTEXT ( 'NONE', 'WORKASPACE' ) );
#6066 = DIRECTION ( 'NONE',  ( -1.000000000000000000, 0.0000000000000000000, 0.0000000000000000000 ) ) ;
#6067 = EDGE_CURVE ( 'NONE', #3508, #5405, #2666, .T. ) ;
#6068 = LINE ( 'NONE', #5350, #5201 ) ;
#6069 = COLOUR_RGB ( '',0.7529411764705882200, 0.7529411764705882200, 0.7529411764705882200 ) ;
#6070 = CARTESIAN_POINT ( 'NONE',  ( -12.60000000000000100, -4.500000000000003600, -4.850000000000002300 ) ) ;
#6071 = CARTESIAN_POINT ( 'NONE',  ( -9.400000000000002100, -4.400000000000000400, -3.950000000000002000 ) ) ;
#6072 = VECTOR ( 'NONE', #5262, 1000.000000000000000 ) ;
#6073 = DIRECTION ( 'NONE',  ( 0.0000000000000000000, 0.0000000000000000000, 1.000000000000000000 ) ) ;
#6074 = STYLED_ITEM ( 'NONE', ( #3310 ), #6176 ) ;
#6075 = LINE ( 'NONE', #1421, #4254 ) ;
#6076 = PRESENTATION_STYLE_ASSIGNMENT (( #1531 ) ) ;
#6077 = ORIENTED_EDGE ( 'NONE', *, *, #1027, .F. ) ;
#6078 = LINE ( 'NONE', #587, #2747 ) ;
#6079 = LINE ( 'NONE', #2683, #582 ) ;
#6080 = EDGE_CURVE ( 'NONE', #4715, #2043, #2366, .T. ) ;
#6081 = ORIENTED_EDGE ( 'NONE', *, *, #6067, .F. ) ;
#6082 = AXIS2_PLACEMENT_3D ( 'NONE', #3716, #6183, #4224 ) ;
#6083 = LINE ( 'NONE', #4382, #3568 ) ;
#6084 = DIRECTION ( 'NONE',  ( -1.000000000000000000, -0.0000000000000000000, -0.0000000000000000000 ) ) ;
#6085 = CARTESIAN_POINT ( 'NONE',  ( -6.400000000000000400, -4.400000000000000400, -3.950000000000002000 ) ) ;
#6086 = CARTESIAN_POINT ( 'NONE',  ( -11.40000000000000000, -4.400000000000000400, -3.750000000000000900 ) ) ;
#6087 = ORIENTED_EDGE ( 'NONE', *, *, #2984, .F. ) ;
#6088 = VERTEX_POINT ( 'NONE', #769 ) ;
#6089 = COLOUR_RGB ( '',0.7529411764705882200, 0.7529411764705882200, 0.7529411764705882200 ) ;
#6090 = MECHANICAL_DESIGN_GEOMETRIC_PRESENTATION_REPRESENTATION (  '', ( #2372 ), #5878 ) ;
#6091 = ORIENTED_EDGE ( 'NONE', *, *, #700, .T. ) ;
#6092 = PRESENTATION_STYLE_ASSIGNMENT (( #4943 ) ) ;
#6093 = DIRECTION ( 'NONE',  ( -0.0000000000000000000, 0.0000000000000000000, 1.000000000000000000 ) ) ;
#6094 = ORIENTED_EDGE ( 'NONE', *, *, #2313, .T. ) ;
#6095 = LINE ( 'NONE', #704, #3501 ) ;
#6096 = CARTESIAN_POINT ( 'NONE',  ( -0.5000000000000000000, -3.750000000000000900, -0.2599999999999997300 ) ) ;
#6097 = LINE ( 'NONE', #1933, #3894 ) ;
#6098 =( GEOMETRIC_REPRESENTATION_CONTEXT ( 3 ) GLOBAL_UNCERTAINTY_ASSIGNED_CONTEXT ( ( #617 ) ) GLOBAL_UNIT_ASSIGNED_CONTEXT ( ( #1934, #5010, #6443 ) ) REPRESENTATION_CONTEXT ( 'NONE', 'WORKASPACE' ) );
#6099 = VECTOR ( 'NONE', #4141, 1000.000000000000000 ) ;
#6100 = ORIENTED_EDGE ( 'NONE', *, *, #3864, .F. ) ;
#6101 = ORIENTED_EDGE ( 'NONE', *, *, #973, .T. ) ;
#6102 = DIRECTION ( 'NONE',  ( 0.0000000000000000000, 0.0000000000000000000, 1.000000000000000000 ) ) ;
#6103 = CARTESIAN_POINT ( 'NONE',  ( -10.40000000000000200, -4.200000000000002000, -3.950000000000002000 ) ) ;
#6104 = PLANE ( 'NONE',  #3176 ) ;
#6105 = EDGE_CURVE ( 'NONE', #3608, #2704, #891, .T. ) ;
#6106 = CARTESIAN_POINT ( 'NONE',  ( -3.600000000000001400, -4.499999999999999100, -4.850000000000002300 ) ) ;
#6107 = ORIENTED_EDGE ( 'NONE', *, *, #2226, .T. ) ;
#6108 = STYLED_ITEM ( 'NONE', ( #3888 ), #5423 ) ;
#6109 = FILL_AREA_STYLE ('',( #2063 ) ) ;
#6110 = ORIENTED_EDGE ( 'NONE', *, *, #4058, .F. ) ;
#6111 = DIRECTION ( 'NONE',  ( 0.0000000000000000000, 0.0000000000000000000, -1.000000000000000000 ) ) ;
#6112 = CARTESIAN_POINT ( 'NONE',  ( -9.400000000000002100, -4.400000000000000400, -3.750000000000001800 ) ) ;
#6113 = VECTOR ( 'NONE', #1194, 1000.000000000000000 ) ;
#6114 = FACE_OUTER_BOUND ( 'NONE', #3962, .T. ) ;
#6115 = ORIENTED_EDGE ( 'NONE', *, *, #1200, .F. ) ;
#6116 = DIRECTION ( 'NONE',  ( -0.0000000000000000000, 0.0000000000000000000, 1.000000000000000000 ) ) ;
#6117 =( NAMED_UNIT ( * ) SI_UNIT ( $, .STERADIAN. ) SOLID_ANGLE_UNIT ( ) );
#6118 = AXIS2_PLACEMENT_3D ( 'NONE', #2632, #2797, #5884 ) ;
#6119 = FILL_AREA_STYLE ('',( #2594 ) ) ;
#6120 = PRESENTATION_STYLE_ASSIGNMENT (( #1257 ) ) ;
#6121 = EDGE_LOOP ( 'NONE', ( #3693, #5564, #6303, #5771 ) ) ;
#6122 = DIRECTION ( 'NONE',  ( 1.000000000000000000, -0.0000000000000000000, -0.0000000000000000000 ) ) ;
#6123 = CARTESIAN_POINT ( 'NONE',  ( -7.599999999999999600, -4.500000000000000900, -4.850000000000002300 ) ) ;
#6124 = CARTESIAN_POINT ( 'NONE',  ( -12.40000000000000200, -4.200000000000002800, -4.050000000000002500 ) ) ;
#6125 = AXIS2_PLACEMENT_3D ( 'NONE', #4857, #2897, #4355 ) ;
#6126 = VERTEX_POINT ( 'NONE', #3745 ) ;
#6127 = LINE ( 'NONE', #5284, #3388 ) ;
#6128 = AXIS2_PLACEMENT_3D ( 'NONE', #1678, #5694, #6193 ) ;
#6129 = CARTESIAN_POINT ( 'NONE',  ( -11.05000000000000100, -1.800000000000001400, -0.6099999999999999900 ) ) ;
#6130 = VERTEX_POINT ( 'NONE', #1337 ) ;
#6131 = AXIS2_PLACEMENT_3D ( 'NONE', #6289, #3808, #810 ) ;
#6132 = LINE ( 'NONE', #720, #4824 ) ;
#6133 = FILL_AREA_STYLE_COLOUR ( '', #1100 ) ;
#6134 = DIRECTION ( 'NONE',  ( -1.000000000000000000, -1.240954293808709700E-016, 0.0000000000000000000 ) ) ;
#6135 = EDGE_CURVE ( 'NONE', #4030, #4389, #2052, .T. ) ;
#6136 = CARTESIAN_POINT ( 'NONE',  ( -1.175000000000000700, -1.950000000000000400, 1.950000000000000400 ) ) ;
#6137 = EDGE_LOOP ( 'NONE', ( #5555, #1277, #6037, #5341, #5484, #4484, #5448, #2473, #2452, #38, #1178, #4296, #4800, #2456, #3848, #191, #2213, #975, #4183, #4468 ) ) ;
#6138 = EDGE_CURVE ( 'NONE', #4594, #3532, #4738, .T. ) ;
#6139 = STYLED_ITEM ( 'NONE', ( #5550 ), #5304 ) ;
#6140 = FACE_OUTER_BOUND ( 'NONE', #3809, .T. ) ;
#6141 = LINE ( 'NONE', #605, #1060 ) ;
#6142 = VECTOR ( 'NONE', #4398, 1000.000000000000000 ) ;
#6143 = CARTESIAN_POINT ( 'NONE',  ( -1.599999999999999600, -4.499999999999998200, -3.850000000000002800 ) ) ;
#6144 = SURFACE_STYLE_USAGE ( .BOTH. , #3725 ) ;
#6145 = VERTEX_POINT ( 'NONE', #327 ) ;
#6146 = CARTESIAN_POINT ( 'NONE',  ( -1.599999999999999600, -4.199999999999998400, -3.950000000000002000 ) ) ;
#6147 = VECTOR ( 'NONE', #5439, 1000.000000000000000 ) ;
#6148 = FACE_OUTER_BOUND ( 'NONE', #1869, .T. ) ;
#6149 = EDGE_LOOP ( 'NONE', ( #6033, #1622, #5208, #6347 ) ) ;
#6150 = DIRECTION ( 'NONE',  ( 1.000000000000000000, 0.0000000000000000000, 0.0000000000000000000 ) ) ;
#6151 = FACE_OUTER_BOUND ( 'NONE', #2579, .T. ) ;
#6152 = SURFACE_SIDE_STYLE ('',( #5092 ) ) ;
#6153 = EDGE_CURVE ( 'NONE', #3677, #411, #3400, .T. ) ;
#6154 = VECTOR ( 'NONE', #5467, 1000.000000000000000 ) ;
#6155 = FILL_AREA_STYLE_COLOUR ( '', #951 ) ;
#6156 = VERTEX_POINT ( 'NONE', #1740 ) ;
#6157 = CARTESIAN_POINT ( 'NONE',  ( -11.60000000000000100, -4.500000000000002700, -4.850000000000002300 ) ) ;
#6158 = EDGE_CURVE ( 'NONE', #26, #2900, #5740, .T. ) ;
#6159 = CARTESIAN_POINT ( 'NONE',  ( -15.25000000000000000, -4.000000000000000000, -0.3999999999999997400 ) ) ;
#6160 = LINE ( 'NONE', #3299, #519 ) ;
#6161 = UNCERTAINTY_MEASURE_WITH_UNIT (LENGTH_MEASURE( 1.000000000000000100E-005 ), #953, 'distance_accuracy_value', 'NONE');
#6162 = COLOUR_RGB ( '',0.7529411764705882200, 0.7529411764705882200, 0.7529411764705882200 ) ;
#6163 = CARTESIAN_POINT ( 'NONE',  ( -0.6999999999999998400, -2.100000000000000100, -4.173411897755956400 ) ) ;
#6164 = VECTOR ( 'NONE', #627, 1000.000000000000000 ) ;
#6165 = ORIENTED_EDGE ( 'NONE', *, *, #2132, .F. ) ;
#6166 = MECHANICAL_DESIGN_GEOMETRIC_PRESENTATION_REPRESENTATION (  '', ( #1092 ), #2421 ) ;
#6167 = SURFACE_STYLE_FILL_AREA ( #6369 ) ;
#6168 = LINE ( 'NONE', #4849, #4860 ) ;
#6169 = DIRECTION ( 'NONE',  ( -0.0000000000000000000, -0.0000000000000000000, 1.000000000000000000 ) ) ;
#6170 = LINE ( 'NONE', #493, #4693 ) ;
#6171 = FILL_AREA_STYLE_COLOUR ( '', #1223 ) ;
#6172 = EDGE_LOOP ( 'NONE', ( #5504, #6165, #1284, #133 ) ) ;
#6173 = ORIENTED_EDGE ( 'NONE', *, *, #4263, .T. ) ;
#6174 = PLANE ( 'NONE',  #5121 ) ;
#6175 = EDGE_LOOP ( 'NONE', ( #5016, #2893, #4685, #5297 ) ) ;
#6176 = ADVANCED_FACE ( 'NONE', ( #4592 ), #3332, .F. ) ;
#6177 = CARTESIAN_POINT ( 'NONE',  ( -16.00000000000000000, -7.002327796404039000E-015, -2.149999999999999900 ) ) ;
#6178 = PRESENTATION_LAYER_ASSIGNMENT (  '', '', ( #3737 ) ) ;
#6179 = PLANE ( 'NONE',  #355 ) ;
#6180 = DIRECTION ( 'NONE',  ( -1.000000000000000000, -8.462065736472234800E-016, -0.0000000000000000000 ) ) ;
#6181 = ORIENTED_EDGE ( 'NONE', *, *, #27, .F. ) ;
#6182 = EDGE_CURVE ( 'NONE', #5955, #56, #506, .T. ) ;
#6183 = DIRECTION ( 'NONE',  ( 1.000000000000000000, 8.462065736472233800E-016, -0.0000000000000000000 ) ) ;
#6184 = SURFACE_SIDE_STYLE ('',( #58 ) ) ;
#6185 = EDGE_CURVE ( 'NONE', #3821, #4072, #3083, .T. ) ;
#6186 = ORIENTED_EDGE ( 'NONE', *, *, #6067, .T. ) ;
#6187 = ORIENTED_EDGE ( 'NONE', *, *, #756, .T. ) ;
#6188 = PRODUCT_DEFINITION_FORMATION_WITH_SPECIFIED_SOURCE ( 'ANY', '', #5683, .NOT_KNOWN. ) ;
#6189 = DIRECTION ( 'NONE',  ( -0.0000000000000000000, 1.000000000000000000, 3.942553354492742500E-016 ) ) ;
#6190 = SURFACE_STYLE_USAGE ( .BOTH. , #4199 ) ;
#6191 = DIRECTION ( 'NONE',  ( 0.0000000000000000000, 0.0000000000000000000, 1.000000000000000000 ) ) ;
#6192 = ORIENTED_EDGE ( 'NONE', *, *, #6031, .T. ) ;
#6193 = DIRECTION ( 'NONE',  ( -0.0000000000000000000, 0.0000000000000000000, 1.000000000000000000 ) ) ;
#6194 = ORIENTED_EDGE ( 'NONE', *, *, #2315, .F. ) ;
#6195 =( NAMED_UNIT ( * ) PLANE_ANGLE_UNIT ( ) SI_UNIT ( $, .RADIAN. ) );
#6196 = SURFACE_SIDE_STYLE ('',( #4099 ) ) ;
#6197 = CARTESIAN_POINT ( 'NONE',  ( -3.600000000000001400, -4.199999999999999300, -4.050000000000002500 ) ) ;
#6198 = FILL_AREA_STYLE ('',( #740 ) ) ;
#6199 = FACE_OUTER_BOUND ( 'NONE', #4714, .T. ) ;
#6200 = ORIENTED_EDGE ( 'NONE', *, *, #1320, .T. ) ;
#6201 = MECHANICAL_DESIGN_GEOMETRIC_PRESENTATION_REPRESENTATION (  '', ( #3516 ), #70 ) ;
#6202 = ADVANCED_FACE ( 'NONE', ( #5283 ), #2334, .T. ) ;
#6203 = FACE_OUTER_BOUND ( 'NONE', #6434, .T. ) ;
#6204 = SURFACE_STYLE_FILL_AREA ( #3283 ) ;
#6205 = FACE_OUTER_BOUND ( 'NONE', #4300, .T. ) ;
#6206 = ORIENTED_EDGE ( 'NONE', *, *, #2393, .F. ) ;
#6207 = VECTOR ( 'NONE', #3460, 1000.000000000000000 ) ;
#6209 = LINE ( 'NONE', #2741, #3615 ) ;
#6208 = CARTESIAN_POINT ( 'NONE',  ( -2.600000000000000500, -3.449999999999994800, -4.050000000000002500 ) ) ;
#6210 = DIRECTION ( 'NONE',  ( 0.0000000000000000000, -1.000000000000000000, -0.0000000000000000000 ) ) ;
#6211 = EDGE_CURVE ( 'NONE', #5473, #33, #4598, .T. ) ;
#6212 = PRESENTATION_LAYER_ASSIGNMENT (  '', '', ( #5557 ) ) ;
#6213 = DIRECTION ( 'NONE',  ( -0.0000000000000000000, -0.0000000000000000000, 1.000000000000000000 ) ) ;
#6214 = LINE ( 'NONE', #6295, #884 ) ;
#6215 = CARTESIAN_POINT ( 'NONE',  ( -9.600000000000003200, -4.400000000000000400, -3.750000000000001800 ) ) ;
#6216 = VECTOR ( 'NONE', #1827, 1000.000000000000000 ) ;
#6217 = VERTEX_POINT ( 'NONE', #5939 ) ;
#6218 = LINE ( 'NONE', #396, #3000 ) ;
#6219 = VECTOR ( 'NONE', #3562, 1000.000000000000000 ) ;
#6220 = VECTOR ( 'NONE', #1385, 1000.000000000000000 ) ;
#6221 = DIRECTION ( 'NONE',  ( -1.000000000000000000, -0.0000000000000000000, 0.0000000000000000000 ) ) ;
#6222 = AXIS2_PLACEMENT_3D ( 'NONE', #1807, #3403, #2302 ) ;
#6223 = VECTOR ( 'NONE', #1240, 1000.000000000000000 ) ;
#6224 = VECTOR ( 'NONE', #5476, 1000.000000000000000 ) ;
#6225 = ORIENTED_EDGE ( 'NONE', *, *, #1905, .F. ) ;
#6226 = DIRECTION ( 'NONE',  ( 1.000000000000000000, -0.0000000000000000000, -0.0000000000000000000 ) ) ;
#6227 = PLANE ( 'NONE',  #2630 ) ;
#6228 = PRESENTATION_LAYER_ASSIGNMENT (  '', '', ( #5568 ) ) ;
#6229 = VECTOR ( 'NONE', #4061, 1000.000000000000000 ) ;
#6230 =( GEOMETRIC_REPRESENTATION_CONTEXT ( 3 ) GLOBAL_UNCERTAINTY_ASSIGNED_CONTEXT ( ( #61 ) ) GLOBAL_UNIT_ASSIGNED_CONTEXT ( ( #5630, #145, #621 ) ) REPRESENTATION_CONTEXT ( 'NONE', 'WORKASPACE' ) );
#6231 = CARTESIAN_POINT ( 'NONE',  ( -0.5000000000000000000, -0.6500000000000001300, -2.149999999999999900 ) ) ;
#6232 = ORIENTED_EDGE ( 'NONE', *, *, #4983, .T. ) ;
#6233 = ORIENTED_EDGE ( 'NONE', *, *, #546, .T. ) ;
#6234 = LINE ( 'NONE', #508, #6154 ) ;
#6235 = DIRECTION ( 'NONE',  ( -1.000000000000000000, -0.0000000000000000000, 0.0000000000000000000 ) ) ;
#6236 = DIRECTION ( 'NONE',  ( -1.000000000000000000, 0.0000000000000000000, 0.0000000000000000000 ) ) ;
#6237 = ORIENTED_EDGE ( 'NONE', *, *, #2514, .T. ) ;
#6238 = DIRECTION ( 'NONE',  ( 0.0000000000000000000, -0.0000000000000000000, 1.000000000000000000 ) ) ;
#6239 = DIRECTION ( 'NONE',  ( 0.0000000000000000000, 0.0000000000000000000, -1.000000000000000000 ) ) ;
#6240 = EDGE_CURVE ( 'NONE', #5836, #1690, #439, .T. ) ;
#6241 = ADVANCED_FACE ( 'NONE', ( #1668 ), #5869, .F. ) ;
#6242 = DIRECTION ( 'NONE',  ( 1.000000000000000000, -0.0000000000000000000, -0.0000000000000000000 ) ) ;
#6243 = EDGE_LOOP ( 'NONE', ( #1377, #4535, #231, #3089, #4011, #4223 ) ) ;
#6244 = FACE_OUTER_BOUND ( 'NONE', #4625, .T. ) ;
#6245 = FILL_AREA_STYLE ('',( #2242 ) ) ;
#6246 = ORIENTED_EDGE ( 'NONE', *, *, #5620, .F. ) ;
#6247 = PLANE ( 'NONE',  #828 ) ;
#6248 = UNCERTAINTY_MEASURE_WITH_UNIT (LENGTH_MEASURE( 1.000000000000000100E-005 ), #4629, 'distance_accuracy_value', 'NONE');
#6249 = EDGE_LOOP ( 'NONE', ( #3202, #4412, #4881, #103 ) ) ;
#6250 = CARTESIAN_POINT ( 'NONE',  ( -13.60000000000000300, -4.500000000000003600, -4.850000000000002300 ) ) ;
#6251 = ORIENTED_EDGE ( 'NONE', *, *, #5898, .T. ) ;
#6252 = ORIENTED_EDGE ( 'NONE', *, *, #1265, .F. ) ;
#6253 = EDGE_CURVE ( 'NONE', #5885, #1699, #3224, .T. ) ;
#6254 = AXIS2_PLACEMENT_3D ( 'NONE', #779, #826, #4362 ) ;
#6255 = UNCERTAINTY_MEASURE_WITH_UNIT (LENGTH_MEASURE( 1.000000000000000100E-005 ), #3558, 'distance_accuracy_value', 'NONE');
#6256 = ORIENTED_EDGE ( 'NONE', *, *, #4133, .T. ) ;
#6257 = CARTESIAN_POINT ( 'NONE',  ( -2.600000000000000500, -4.199999999999999300, -4.850000000000002300 ) ) ;
#6258 = ADVANCED_FACE ( 'NONE', ( #1906 ), #2917, .F. ) ;
#6259 = VERTEX_POINT ( 'NONE', #1402 ) ;
#6260 = DIRECTION ( 'NONE',  ( -0.0000000000000000000, -0.0000000000000000000, 1.000000000000000000 ) ) ;
#6261 = CARTESIAN_POINT ( 'NONE',  ( -1.175000000000000700, -1.950000000000000400, -0.04999999999999969700 ) ) ;
#6262 = CARTESIAN_POINT ( 'NONE',  ( -15.50000000000000000, -0.6500000000000064600, -3.449999999999999700 ) ) ;
#6263 = ORIENTED_EDGE ( 'NONE', *, *, #5077, .F. ) ;
#6264 = DIRECTION ( 'NONE',  ( 0.0000000000000000000, 0.0000000000000000000, 1.000000000000000000 ) ) ;
#6265 = EDGE_CURVE ( 'NONE', #3931, #1079, #4749, .T. ) ;
#6266 = DIRECTION ( 'NONE',  ( 0.0000000000000000000, 0.0000000000000000000, -1.000000000000000000 ) ) ;
#6267 = ADVANCED_FACE ( 'NONE', ( #4662 ), #5956, .F. ) ;
#6268 = DIRECTION ( 'NONE',  ( 0.0000000000000000000, 0.7071067811865470200, 0.7071067811865481300 ) ) ;
#6269 = LINE ( 'NONE', #224, #944 ) ;
#6270 = VERTEX_POINT ( 'NONE', #887 ) ;
#6271 = ORIENTED_EDGE ( 'NONE', *, *, #397, .F. ) ;
#6272 = LINE ( 'NONE', #298, #5509 ) ;
#6273 = EDGE_CURVE ( 'NONE', #5402, #1670, #974, .T. ) ;
#6274 = PRESENTATION_LAYER_ASSIGNMENT (  '', '', ( #1142 ) ) ;
#6275 = CARTESIAN_POINT ( 'NONE',  ( -7.599999999999999600, -4.500000000000000900, -4.850000000000002300 ) ) ;
#6276 = CARTESIAN_POINT ( 'NONE',  ( -11.40000000000000000, -4.200000000000002000, -4.850000000000002300 ) ) ;
#6277 = EDGE_LOOP ( 'NONE', ( #4567, #5475, #5038, #1490 ) ) ;
#6278 = DIRECTION ( 'NONE',  ( 0.0000000000000000000, 0.0000000000000000000, 1.000000000000000000 ) ) ;
#6279 = EDGE_CURVE ( 'NONE', #530, #6341, #5673, .T. ) ;
#6280 = AXIS2_PLACEMENT_3D ( 'NONE', #450, #5019, #1980 ) ;
#6281 =( LENGTH_UNIT ( ) NAMED_UNIT ( * ) SI_UNIT ( .MILLI., .METRE. ) );
#6282 = VECTOR ( 'NONE', #3454, 1000.000000000000000 ) ;
#6283 = FILL_AREA_STYLE ('',( #4839 ) ) ;
#6284 = PRESENTATION_STYLE_ASSIGNMENT (( #4848 ) ) ;
#6285 = CARTESIAN_POINT ( 'NONE',  ( 0.0000000000000000000, -4.400000000000001200, -0.2999999999999999300 ) ) ;
#6286 = DIRECTION ( 'NONE',  ( 1.000000000000000000, -0.0000000000000000000, -0.0000000000000000000 ) ) ;
#6287 = CARTESIAN_POINT ( 'NONE',  ( -15.49999999999999600, -2.250000000000006200, -4.049999999999999800 ) ) ;
#6288 = ADVANCED_FACE ( 'NONE', ( #5750 ), #4928, .F. ) ;
#6289 = CARTESIAN_POINT ( 'NONE',  ( -9.600000000000003200, -3.449999999999998400, -3.950000000000002000 ) ) ;
#6290 = MECHANICAL_DESIGN_GEOMETRIC_PRESENTATION_REPRESENTATION (  '', ( #5091 ), #6431 ) ;
#6291 = PLANE ( 'NONE',  #1623 ) ;
#6292 = ORIENTED_EDGE ( 'NONE', *, *, #3698, .F. ) ;
#6293 = LINE ( 'NONE', #1584, #126 ) ;
#6294 = PLANE ( 'NONE',  #5560 ) ;
#6295 = CARTESIAN_POINT ( 'NONE',  ( -0.5000000000000000000, -2.250000000000000000, -3.450000000000000200 ) ) ;
#6296 = DIRECTION ( 'NONE',  ( 0.0000000000000000000, 6.672013369141566200E-016, 1.000000000000000000 ) ) ;
#6297 = SURFACE_SIDE_STYLE ('',( #5598 ) ) ;
#6298 = ORIENTED_EDGE ( 'NONE', *, *, #3126, .T. ) ;
#6299 = SURFACE_STYLE_USAGE ( .BOTH. , #660 ) ;
#6300 = ADVANCED_FACE ( 'NONE', ( #1438 ), #1470, .T. ) ;
#6301 = DIRECTION ( 'NONE',  ( -0.0000000000000000000, 1.000000000000000000, 3.942553354492742500E-016 ) ) ;
#6302 = VECTOR ( 'NONE', #3586, 1000.000000000000000 ) ;
#6303 = ORIENTED_EDGE ( 'NONE', *, *, #1898, .F. ) ;
#6304 = VECTOR ( 'NONE', #96, 1000.000000000000000 ) ;
#6305 =( GEOMETRIC_REPRESENTATION_CONTEXT ( 3 ) GLOBAL_UNCERTAINTY_ASSIGNED_CONTEXT ( ( #5097 ) ) GLOBAL_UNIT_ASSIGNED_CONTEXT ( ( #5254, #3803, #2249 ) ) REPRESENTATION_CONTEXT ( 'NONE', 'WORKASPACE' ) );
#6306 = VECTOR ( 'NONE', #269, 1000.000000000000000 ) ;
#6307 = DIRECTION ( 'NONE',  ( 0.0000000000000000000, 0.7071067811865470200, 0.7071067811865481300 ) ) ;
#6308 = VERTEX_POINT ( 'NONE', #458 ) ;
#6309 = PLANE ( 'NONE',  #5887 ) ;
#6310 = DIRECTION ( 'NONE',  ( 0.0000000000000000000, 0.0000000000000000000, 1.000000000000000000 ) ) ;
#6311 = CARTESIAN_POINT ( 'NONE',  ( -7.400000000000000400, -4.400000000000000400, -3.750000000000002700 ) ) ;
#6312 = ORIENTED_EDGE ( 'NONE', *, *, #1244, .T. ) ;
#6313 = EDGE_CURVE ( 'NONE', #2202, #6356, #1052, .T. ) ;
#6314 = FILL_AREA_STYLE_COLOUR ( '', #2417 ) ;
#6315 = DIRECTION ( 'NONE',  ( -0.0000000000000000000, -0.0000000000000000000, 1.000000000000000000 ) ) ;
#6316 = EDGE_CURVE ( 'NONE', #787, #2874, #2553, .T. ) ;
#6317 = PRESENTATION_LAYER_ASSIGNMENT (  '', '', ( #4729 ) ) ;
#6318 = ORIENTED_EDGE ( 'NONE', *, *, #5957, .F. ) ;
#6319 = LINE ( 'NONE', #1327, #2378 ) ;
#6320 = FILL_AREA_STYLE_COLOUR ( '', #2107 ) ;
#6321 = VERTEX_POINT ( 'NONE', #1966 ) ;
#6322 = FACE_OUTER_BOUND ( 'NONE', #4137, .T. ) ;
#6323 =( LENGTH_UNIT ( ) NAMED_UNIT ( * ) SI_UNIT ( .MILLI., .METRE. ) );
#6324 = DIRECTION ( 'NONE',  ( 0.0000000000000000000, 0.0000000000000000000, -1.000000000000000000 ) ) ;
#6325 = LINE ( 'NONE', #2424, #2777 ) ;
#6326 = EDGE_LOOP ( 'NONE', ( #180, #3045, #2156, #1544 ) ) ;
#6327 = ADVANCED_FACE ( 'NONE', ( #1687 ), #4985, .F. ) ;
#6328 = CARTESIAN_POINT ( 'NONE',  ( -15.24999999999999800, -2.100000000000001900, -2.600000000000000100 ) ) ;
#6329 = PLANE ( 'NONE',  #342 ) ;
#6330 = VERTEX_POINT ( 'NONE', #2982 ) ;
#6331 = PLANE ( 'NONE',  #5746 ) ;
#6332 = VECTOR ( 'NONE', #1892, 1000.000000000000000 ) ;
#6333 = UNCERTAINTY_MEASURE_WITH_UNIT (LENGTH_MEASURE( 1.000000000000000100E-005 ), #2992, 'distance_accuracy_value', 'NONE');
#6334 = VERTEX_POINT ( 'NONE', #6043 ) ;
#6335 = LINE ( 'NONE', #1620, #2305 ) ;
#6336 = CARTESIAN_POINT ( 'NONE',  ( -0.5000000000000000000, -4.400000000000001200, -0.2999999999999999300 ) ) ;
#6337 = ORIENTED_EDGE ( 'NONE', *, *, #6353, .F. ) ;
#6338 = PLANE ( 'NONE',  #5012 ) ;
#6339 = CARTESIAN_POINT ( 'NONE',  ( -8.400000000000000400, -4.200000000000001100, -4.050000000000002500 ) ) ;
#6340 =( NAMED_UNIT ( * ) PLANE_ANGLE_UNIT ( ) SI_UNIT ( $, .RADIAN. ) );
#6341 = VERTEX_POINT ( 'NONE', #1513 ) ;
#6342 = FILL_AREA_STYLE_COLOUR ( '', #6359 ) ;
#6343 = UNCERTAINTY_MEASURE_WITH_UNIT (LENGTH_MEASURE( 1.000000000000000100E-005 ), #6348, 'distance_accuracy_value', 'NONE');
#6344 = CARTESIAN_POINT ( 'NONE',  ( -0.5000000000000000000, -3.750000000000000900, -0.2999999999999999300 ) ) ;
#6345 = EDGE_LOOP ( 'NONE', ( #4496, #5941, #771, #4215 ) ) ;
#6346 = SURFACE_SIDE_STYLE ('',( #4170 ) ) ;
#6347 = ORIENTED_EDGE ( 'NONE', *, *, #3590, .T. ) ;
#6348 =( LENGTH_UNIT ( ) NAMED_UNIT ( * ) SI_UNIT ( .MILLI., .METRE. ) );
#6349 = ORIENTED_EDGE ( 'NONE', *, *, #4150, .F. ) ;
#6350 = DIRECTION ( 'NONE',  ( -1.000000000000000000, 0.0000000000000000000, -0.0000000000000000000 ) ) ;
#6351 = CARTESIAN_POINT ( 'NONE',  ( -15.50000000000000000, -0.6500000000000064600, -2.149999999999999900 ) ) ;
#6352 = ORIENTED_EDGE ( 'NONE', *, *, #100, .T. ) ;
#6353 = EDGE_CURVE ( 'NONE', #5836, #5717, #455, .T. ) ;
#6354 = MECHANICAL_DESIGN_GEOMETRIC_PRESENTATION_REPRESENTATION (  '', ( #5479 ), #186 ) ;
#6355 = CARTESIAN_POINT ( 'NONE',  ( -0.7499999999999997800, -4.000000000000000000, -0.3999999999999997400 ) ) ;
#6356 = VERTEX_POINT ( 'NONE', #6060 ) ;
#6357 = DIRECTION ( 'NONE',  ( 0.0000000000000000000, 1.000000000000000000, -0.0000000000000000000 ) ) ;
#6358 = ORIENTED_EDGE ( 'NONE', *, *, #4486, .T. ) ;
#6359 = COLOUR_RGB ( '',0.7529411764705882200, 0.7529411764705882200, 0.7529411764705882200 ) ;
#6360 = DIRECTION ( 'NONE',  ( 0.0000000000000000000, 0.0000000000000000000, -1.000000000000000000 ) ) ;
#6361 = DIRECTION ( 'NONE',  ( 0.0000000000000000000, 0.0000000000000000000, 1.000000000000000000 ) ) ;
#6362 =( LENGTH_UNIT ( ) NAMED_UNIT ( * ) SI_UNIT ( .MILLI., .METRE. ) );
#6363 = CARTESIAN_POINT ( 'NONE',  ( -3.400000000000001700, -4.499999999999999100, -4.850000000000002300 ) ) ;
#6364 = EDGE_CURVE ( 'NONE', #5787, #5702, #2836, .T. ) ;
#6365 = DIRECTION ( 'NONE',  ( 0.0000000000000000000, 0.7071067811865481300, -0.7071067811865470200 ) ) ;
#6366 = DIRECTION ( 'NONE',  ( -0.0000000000000000000, -0.0000000000000000000, 1.000000000000000000 ) ) ;
#6367 = VECTOR ( 'NONE', #3175, 1000.000000000000000 ) ;
#6368 = EDGE_LOOP ( 'NONE', ( #6263, #3251, #1293, #6110 ) ) ;
#6369 = FILL_AREA_STYLE ('',( #2847 ) ) ;
#6370 = VERTEX_POINT ( 'NONE', #3048 ) ;
#6371 = DIRECTION ( 'NONE',  ( 1.000000000000000000, -0.0000000000000000000, -0.0000000000000000000 ) ) ;
#6372 = DIRECTION ( 'NONE',  ( 0.0000000000000000000, 0.0000000000000000000, -1.000000000000000000 ) ) ;
#6373 = DIRECTION ( 'NONE',  ( 0.0000000000000000000, -1.000000000000000000, 0.0000000000000000000 ) ) ;
#6374 = ORIENTED_EDGE ( 'NONE', *, *, #5344, .T. ) ;
#6375 = LINE ( 'NONE', #492, #5045 ) ;
#6376 = CARTESIAN_POINT ( 'NONE',  ( -0.3000000000000000400, -3.750000000000000900, 1.300000000000000300 ) ) ;
#6377 = DIRECTION ( 'NONE',  ( 0.0000000000000000000, 0.7071067811865470200, 0.7071067811865481300 ) ) ;
#6378 = LINE ( 'NONE', #5145, #5050 ) ;
#6379 = VERTEX_POINT ( 'NONE', #5059 ) ;
#6380 = LINE ( 'NONE', #1947, #2181 ) ;
#6381 = LINE ( 'NONE', #3802, #3687 ) ;
#6382 = DIRECTION ( 'NONE',  ( 1.000000000000000000, 0.0000000000000000000, 0.0000000000000000000 ) ) ;
#6383 =( LENGTH_UNIT ( ) NAMED_UNIT ( * ) SI_UNIT ( .MILLI., .METRE. ) );
#6384 = DIRECTION ( 'NONE',  ( 0.0000000000000000000, 0.0000000000000000000, 1.000000000000000000 ) ) ;
#6385 = CARTESIAN_POINT ( 'NONE',  ( -0.6999999999999998400, -1.300000000000000500, 1.950000000000000400 ) ) ;
#6386 = ORIENTED_EDGE ( 'NONE', *, *, #3778, .T. ) ;
#6387 = DIRECTION ( 'NONE',  ( 0.0000000000000000000, -1.000000000000000000, -0.0000000000000000000 ) ) ;
#6388 = CARTESIAN_POINT ( 'NONE',  ( -11.60000000000000100, -4.200000000000002000, -4.050000000000002500 ) ) ;
#6389 = PRESENTATION_STYLE_ASSIGNMENT (( #5506 ) ) ;
#6390 = AXIS2_PLACEMENT_3D ( 'NONE', #3667, #211, #153 ) ;
#6391 = VECTOR ( 'NONE', #2014, 1000.000000000000000 ) ;
#6392 = VECTOR ( 'NONE', #1876, 1000.000000000000000 ) ;
#6393 =( LENGTH_UNIT ( ) NAMED_UNIT ( * ) SI_UNIT ( .MILLI., .METRE. ) );
#6394 = FACE_OUTER_BOUND ( 'NONE', #1214, .T. ) ;
#6395 = LINE ( 'NONE', #2721, #4038 ) ;
#6396 = VECTOR ( 'NONE', #1108, 1000.000000000000000 ) ;
#6397 = DIRECTION ( 'NONE',  ( 0.0000000000000000000, 0.7071067811865470200, 0.7071067811865481300 ) ) ;
#6398 = ORIENTED_EDGE ( 'NONE', *, *, #1070, .T. ) ;
#6399 = COLOUR_RGB ( '',0.7529411764705882200, 0.7529411764705882200, 0.7529411764705882200 ) ;
#6400 = SURFACE_STYLE_USAGE ( .BOTH. , #3816 ) ;
#6401 =( LENGTH_UNIT ( ) NAMED_UNIT ( * ) SI_UNIT ( .MILLI., .METRE. ) );
#6402 = ORIENTED_EDGE ( 'NONE', *, *, #4399, .F. ) ;
#6403 = PRESENTATION_STYLE_ASSIGNMENT (( #2485 ) ) ;
#6404 = FILL_AREA_STYLE ('',( #5871 ) ) ;
#6405 = LINE ( 'NONE', #4340, #4447 ) ;
#6406 = STYLED_ITEM ( 'NONE', ( #833 ), #5246 ) ;
#6407 = CARTESIAN_POINT ( 'NONE',  ( -15.69999999999999900, -2.450000000000013900, 1.940000000000000400 ) ) ;
#6408 = ORIENTED_EDGE ( 'NONE', *, *, #3488, .T. ) ;
#6409 = LINE ( 'NONE', #5295, #6019 ) ;
#6410 = EDGE_CURVE ( 'NONE', #3654, #3763, #3071, .T. ) ;
#6411 = CARTESIAN_POINT ( 'NONE',  ( -0.7499999999999997800, -3.649999999999999900, -0.3999999999999997400 ) ) ;
#6412 = ORIENTED_EDGE ( 'NONE', *, *, #1110, .T. ) ;
#6413 = FACE_OUTER_BOUND ( 'NONE', #2531, .T. ) ;
#6414 = SURFACE_STYLE_USAGE ( .BOTH. , #319 ) ;
#6415 = ORIENTED_EDGE ( 'NONE', *, *, #5854, .F. ) ;
#6416 = STYLED_ITEM ( 'NONE', ( #583 ), #6300 ) ;
#6417 = VECTOR ( 'NONE', #3782, 1000.000000000000000 ) ;
#6418 = ORIENTED_EDGE ( 'NONE', *, *, #3708, .F. ) ;
#6419 = VECTOR ( 'NONE', #5150, 1000.000000000000000 ) ;
#6420 = DIRECTION ( 'NONE',  ( 0.0000000000000000000, 0.0000000000000000000, 1.000000000000000000 ) ) ;
#6421 = VECTOR ( 'NONE', #6111, 1000.000000000000000 ) ;
#6422 = EDGE_CURVE ( 'NONE', #4105, #2309, #1341, .T. ) ;
#6423 = VECTOR ( 'NONE', #3417, 1000.000000000000000 ) ;
#6424 = STYLED_ITEM ( 'NONE', ( #551 ), #1055 ) ;
#6425 = CARTESIAN_POINT ( 'NONE',  ( -2.600000000000000500, -4.400000000000000400, -3.750000000000004000 ) ) ;
#6426 = CARTESIAN_POINT ( 'NONE',  ( -1.599999999999999600, -4.499999999999998200, -4.850000000000002300 ) ) ;
#6427 = CARTESIAN_POINT ( 'NONE',  ( -3.600000000000001400, -4.199999999999999300, -4.850000000000002300 ) ) ;
#6428 = ORIENTED_EDGE ( 'NONE', *, *, #6240, .F. ) ;
#6429 = CARTESIAN_POINT ( 'NONE',  ( 0.0000000000000000000, -4.400000000000000400, -4.050000000000002500 ) ) ;
#6430 = CARTESIAN_POINT ( 'NONE',  ( -13.40000000000000200, -4.500000000000003600, -4.850000000000002300 ) ) ;
#6431 =( GEOMETRIC_REPRESENTATION_CONTEXT ( 3 ) GLOBAL_UNCERTAINTY_ASSIGNED_CONTEXT ( ( #3137 ) ) GLOBAL_UNIT_ASSIGNED_CONTEXT ( ( #1009, #588, #1094 ) ) REPRESENTATION_CONTEXT ( 'NONE', 'WORKASPACE' ) );
#6432 = SURFACE_SIDE_STYLE ('',( #5559 ) ) ;
#6433 = SURFACE_STYLE_USAGE ( .BOTH. , #2843 ) ;
#6434 = EDGE_LOOP ( 'NONE', ( #3459, #5853, #2152, #1548 ) ) ;
#6435 = DIRECTION ( 'NONE',  ( 0.0000000000000000000, 0.0000000000000000000, 1.000000000000000000 ) ) ;
#6436 = MECHANICAL_DESIGN_GEOMETRIC_PRESENTATION_REPRESENTATION (  '', ( #3172 ), #3990 ) ;
#6437 = EDGE_CURVE ( 'NONE', #5134, #4218, #1506, .T. ) ;
#6438 = VERTEX_POINT ( 'NONE', #2036 ) ;
#6439 = PLANE ( 'NONE',  #757 ) ;
#6440 = FACE_OUTER_BOUND ( 'NONE', #3826, .T. ) ;
#6441 = DIRECTION ( 'NONE',  ( 0.0000000000000000000, -1.000000000000000000, -0.0000000000000000000 ) ) ;
#6442 = ADVANCED_FACE ( 'NONE', ( #421 ), #62, .F. ) ;
#6443 =( NAMED_UNIT ( * ) SI_UNIT ( $, .STERADIAN. ) SOLID_ANGLE_UNIT ( ) );
#6444 = ORIENTED_EDGE ( 'NONE', *, *, #3337, .T. ) ;
#6445 = EDGE_CURVE ( 'NONE', #3898, #578, #4026, .T. ) ;
#6446 = FACE_OUTER_BOUND ( 'NONE', #5317, .T. ) ;
#6447 =( NAMED_UNIT ( * ) SI_UNIT ( $, .STERADIAN. ) SOLID_ANGLE_UNIT ( ) );
#6448 = DIRECTION ( 'NONE',  ( 0.0000000000000000000, -1.000000000000000000, -0.0000000000000000000 ) ) ;
#6449 = EDGE_CURVE ( 'NONE', #979, #1708, #5594, .T. ) ;
#6450 = SURFACE_SIDE_STYLE ('',( #5688 ) ) ;
#6451 = ORIENTED_EDGE ( 'NONE', *, *, #5764, .F. ) ;
#6452 = CARTESIAN_POINT ( 'NONE',  ( -12.15000000000000200, -1.799999999999999800, -3.450000000000000600 ) ) ;
#6453 = PRESENTATION_LAYER_ASSIGNMENT (  '', '', ( #5308 ) ) ;
#6454 =( LENGTH_UNIT ( ) NAMED_UNIT ( * ) SI_UNIT ( .MILLI., .METRE. ) );
#6455 = VERTEX_POINT ( 'NONE', #6086 ) ;
#6456 = SURFACE_STYLE_FILL_AREA ( #4493 ) ;
#6457 = VECTOR ( 'NONE', #5370, 1000.000000000000000 ) ;
#6458 = DIRECTION ( 'NONE',  ( 0.0000000000000000000, -1.000000000000000000, 0.0000000000000000000 ) ) ;
#6459 = UNCERTAINTY_MEASURE_WITH_UNIT (LENGTH_MEASURE( 1.000000000000000100E-005 ), #3650, 'distance_accuracy_value', 'NONE');
#6460 = PLANE ( 'NONE',  #446 ) ;
#6461 = DIRECTION ( 'NONE',  ( 0.0000000000000000000, -0.0000000000000000000, 1.000000000000000000 ) ) ;
#6462 = ORIENTED_EDGE ( 'NONE', *, *, #3690, .T. ) ;
#6463 = COLOUR_RGB ( '',0.7529411764705882200, 0.7529411764705882200, 0.7529411764705882200 ) ;
#6464 = SURFACE_SIDE_STYLE ('',( #3950 ) ) ;
#6465 = VECTOR ( 'NONE', #6480, 1000.000000000000000 ) ;
#6466 = ORIENTED_EDGE ( 'NONE', *, *, #978, .F. ) ;
#6467 = FACE_OUTER_BOUND ( 'NONE', #1675, .T. ) ;
#6468 = VECTOR ( 'NONE', #3090, 1000.000000000000000 ) ;
#6469 =( NAMED_UNIT ( * ) PLANE_ANGLE_UNIT ( ) SI_UNIT ( $, .RADIAN. ) );
#6470 = SURFACE_SIDE_STYLE ('',( #3289 ) ) ;
#6471 = ORIENTED_EDGE ( 'NONE', *, *, #4020, .F. ) ;
#6472 = EDGE_CURVE ( 'NONE', #99, #2219, #4245, .T. ) ;
#6473 = AXIS2_PLACEMENT_3D ( 'NONE', #1763, #6238, #3748 ) ;
#6474 = ADVANCED_FACE ( 'NONE', ( #5669, #4905 ), #2127, .F. ) ;
#6475 = LINE ( 'NONE', #1561, #5002 ) ;
#6476 = DIRECTION ( 'NONE',  ( 1.000000000000000000, -0.0000000000000000000, -0.0000000000000000000 ) ) ;
#6477 = FILL_AREA_STYLE_COLOUR ( '', #1737 ) ;
#6478 = VERTEX_POINT ( 'NONE', #5645 ) ;
#6479 = VECTOR ( 'NONE', #4992, 1000.000000000000000 ) ;
#6480 = DIRECTION ( 'NONE',  ( 1.000000000000000000, -0.0000000000000000000, -0.0000000000000000000 ) ) ;
ENDSEC;
END-ISO-10303-21;
