ISO-10303-21;
HEADER;
FILE_DESCRIPTION (( 'STEP AP214' ),
    '1' );
FILE_NAME ('BM03B-NSHSS.STEP',
    '2019-05-16T01:25:51',
    ( '' ),
    ( '' ),
    'SwSTEP 2.0',
    'SolidWorks 2017',
    '' );
FILE_SCHEMA (( 'AUTOMOTIVE_DESIGN' ));
ENDSEC;

DATA;
#1 = EDGE_LOOP ( 'NONE', ( #2675, #606, #978, #2050, #2673, #2106 ) ) ;
#2 = ORIENTED_EDGE ( 'NONE', *, *, #1581, .F. ) ;
#3 = ORIENTED_EDGE ( 'NONE', *, *, #109, .F. ) ;
#4 = DIRECTION ( 'NONE',  ( -6.982966722218764100E-015, 1.000000000000000000, 3.491483361109382100E-015 ) ) ;
#5 = UNCERTAINTY_MEASURE_WITH_UNIT (LENGTH_MEASURE( 1.000000000000000100E-005 ), #3078, 'distance_accuracy_value', 'NONE');
#6 =( GEOMETRIC_REPRESENTATION_CONTEXT ( 3 ) GLOBAL_UNCERTAINTY_ASSIGNED_CONTEXT ( ( #3227 ) ) GLOBAL_UNIT_ASSIGNED_CONTEXT ( ( #3145, #1099, #77 ) ) REPRESENTATION_CONTEXT ( 'NONE', 'WORKASPACE' ) );
#7 = VECTOR ( 'NONE', #1466, 1000.000000000000000 ) ;
#8 = ORIENTED_EDGE ( 'NONE', *, *, #2990, .F. ) ;
#9 = EDGE_CURVE ( 'NONE', #304, #550, #3103, .T. ) ;
#10 = DIRECTION ( 'NONE',  ( 4.177074587930239900E-030, 2.893302852151862800E-015, -1.000000000000000000 ) ) ;
#11 = PLANE ( 'NONE',  #436 ) ;
#12 = SURFACE_STYLE_FILL_AREA ( #804 ) ;
#13 = EDGE_CURVE ( 'NONE', #822, #574, #3226, .T. ) ;
#14 = VECTOR ( 'NONE', #296, 1000.000000000000000 ) ;
#15 = VERTEX_POINT ( 'NONE', #2109 ) ;
#16 = DIRECTION ( 'NONE',  ( 9.637352644315588800E-016, -3.491483361109375400E-015, 1.000000000000000000 ) ) ;
#17 = AXIS2_PLACEMENT_3D ( 'NONE', #878, #2647, #2685 ) ;
#18 =( NAMED_UNIT ( * ) SI_UNIT ( $, .STERADIAN. ) SOLID_ANGLE_UNIT ( ) );
#19 = CARTESIAN_POINT ( 'NONE',  ( 3.425000000000000700, -0.04999999999996844500, -2.100000000000000100 ) ) ;
#20 = DIRECTION ( 'NONE',  ( -1.000000000000000000, -6.982966722218764100E-015, -2.438091212180733500E-029 ) ) ;
#21 = FACE_OUTER_BOUND ( 'NONE', #1454, .T. ) ;
#22 = PLANE ( 'NONE',  #794 ) ;
#23 =( GEOMETRIC_REPRESENTATION_CONTEXT ( 3 ) GLOBAL_UNCERTAINTY_ASSIGNED_CONTEXT ( ( #2028 ) ) GLOBAL_UNIT_ASSIGNED_CONTEXT ( ( #61, #2611, #96 ) ) REPRESENTATION_CONTEXT ( 'NONE', 'WORKASPACE' ) );
#24 = ORIENTED_EDGE ( 'NONE', *, *, #893, .T. ) ;
#25 = FILL_AREA_STYLE_COLOUR ( '', #2841 ) ;
#26 = EDGE_CURVE ( 'NONE', #3221, #15, #2055, .T. ) ;
#27 = SURFACE_STYLE_FILL_AREA ( #1122 ) ;
#28 = DIRECTION ( 'NONE',  ( -6.982966722218764100E-015, 1.000000000000000000, 3.491483361109382100E-015 ) ) ;
#29 = VERTEX_POINT ( 'NONE', #1395 ) ;
#30 = PRESENTATION_STYLE_ASSIGNMENT (( #2289 ) ) ;
#31 = FACE_OUTER_BOUND ( 'NONE', #75, .T. ) ;
#32 = DIRECTION ( 'NONE',  ( 1.000000000000000000, 6.982966722218764100E-015, 2.438091212180733500E-029 ) ) ;
#33 = EDGE_CURVE ( 'NONE', #1097, #2868, #3267, .T. ) ;
#34 = ORIENTED_EDGE ( 'NONE', *, *, #1315, .F. ) ;
#35 =( NAMED_UNIT ( * ) PLANE_ANGLE_UNIT ( ) SI_UNIT ( $, .RADIAN. ) );
#36 = VERTEX_POINT ( 'NONE', #114 ) ;
#37 = ORIENTED_EDGE ( 'NONE', *, *, #94, .F. ) ;
#38 = PLANE ( 'NONE',  #3059 ) ;
#39 = EDGE_LOOP ( 'NONE', ( #2397, #2104, #1329, #3095 ) ) ;
#40 = LINE ( 'NONE', #1203, #1888 ) ;
#41 = VERTEX_POINT ( 'NONE', #1903 ) ;
#42 = UNCERTAINTY_MEASURE_WITH_UNIT (LENGTH_MEASURE( 1.000000000000000100E-005 ), #2186, 'distance_accuracy_value', 'NONE');
#43 = DIRECTION ( 'NONE',  ( 1.000000000000000000, 6.982966722218764100E-015, 2.438091212180733500E-029 ) ) ;
#44 = LINE ( 'NONE', #2643, #2079 ) ;
#45 = LINE ( 'NONE', #734, #2682 ) ;
#46 = EDGE_LOOP ( 'NONE', ( #2155, #934, #3297, #1132, #236, #2633, #306, #827, #405, #350, #365, #1858 ) ) ;
#47 = CARTESIAN_POINT ( 'NONE',  ( 0.5000000000000240900, -3.449999999999989100, -2.210000000000009700 ) ) ;
#48 = ORIENTED_EDGE ( 'NONE', *, *, #2614, .T. ) ;
#49 = FACE_OUTER_BOUND ( 'NONE', #1, .T. ) ;
#50 = LINE ( 'NONE', #2598, #670 ) ;
#51 = ADVANCED_FACE ( 'NONE', ( #997 ), #391, .F. ) ;
#52 = CARTESIAN_POINT ( 'NONE',  ( 5.000000000000014200, -2.149999999999962600, -0.6500000000000097900 ) ) ;
#53 = VERTEX_POINT ( 'NONE', #658 ) ;
#54 = AXIS2_PLACEMENT_3D ( 'NONE', #2948, #2460, #160 ) ;
#55 = CARTESIAN_POINT ( 'NONE',  ( 3.600000000000028500, -4.049999999999965200, -3.450000000000014800 ) ) ;
#56 = MECHANICAL_DESIGN_GEOMETRIC_PRESENTATION_REPRESENTATION (  '', ( #1549 ), #1716 ) ;
#57 = DIRECTION ( 'NONE',  ( 9.637352644315588800E-016, -3.491483361109375400E-015, 1.000000000000000000 ) ) ;
#58 = VECTOR ( 'NONE', #1368, 1000.000000000000000 ) ;
#59 = ORIENTED_EDGE ( 'NONE', *, *, #639, .F. ) ;
#60 = FACE_OUTER_BOUND ( 'NONE', #919, .T. ) ;
#61 =( LENGTH_UNIT ( ) NAMED_UNIT ( * ) SI_UNIT ( .MILLI., .METRE. ) );
#62 = PRESENTATION_LAYER_ASSIGNMENT (  '', '', ( #2154 ) ) ;
#63 = ADVANCED_FACE ( 'NONE', ( #1905 ), #928, .F. ) ;
#64 = DIRECTION ( 'NONE',  ( 1.000000000000000000, 6.982966722218764100E-015, -5.769590274865039100E-017 ) ) ;
#65 = EDGE_CURVE ( 'NONE', #1960, #2244, #430, .T. ) ;
#66 = CARTESIAN_POINT ( 'NONE',  ( 1.501337845277033700E-014, -2.149999999999999000, -6.639327488396764300E-015 ) ) ;
#67 = VECTOR ( 'NONE', #1692, 1000.000000000000000 ) ;
#68 = CARTESIAN_POINT ( 'NONE',  ( 1.574999999999999500, -0.04999999999998242000, -1.800000000000000700 ) ) ;
#69 = VECTOR ( 'NONE', #731, 1000.000000000000000 ) ;
#70 = PLANE ( 'NONE',  #1734 ) ;
#71 = AXIS2_PLACEMENT_3D ( 'NONE', #2393, #2140, #675 ) ;
#72 = CARTESIAN_POINT ( 'NONE',  ( 3.400000000000027900, -3.949999999999964700, -3.950000000000017900 ) ) ;
#73 = ORIENTED_EDGE ( 'NONE', *, *, #2577, .F. ) ;
#74 = CARTESIAN_POINT ( 'NONE',  ( 2.950000000000003700, -0.6099999999999745600, -1.350000000000002300 ) ) ;
#75 = EDGE_LOOP ( 'NONE', ( #1925, #894, #2078, #2144 ) ) ;
#76 = ORIENTED_EDGE ( 'NONE', *, *, #1150, .F. ) ;
#77 =( NAMED_UNIT ( * ) SI_UNIT ( $, .STERADIAN. ) SOLID_ANGLE_UNIT ( ) );
#78 = EDGE_LOOP ( 'NONE', ( #414, #205, #3123, #2626 ) ) ;
#79 = ORIENTED_EDGE ( 'NONE', *, *, #1354, .T. ) ;
#80 = ADVANCED_FACE ( 'NONE', ( #1781 ), #2165, .F. ) ;
#81 = CARTESIAN_POINT ( 'NONE',  ( 0.5000000000000298600, -4.199999999999999300, -0.01000000000001238800 ) ) ;
#82 = VECTOR ( 'NONE', #3277, 1000.000000000000000 ) ;
#83 = DIRECTION ( 'NONE',  ( 6.982966722218764100E-015, -1.000000000000000000, -3.610481160528522600E-015 ) ) ;
#84 = DIRECTION ( 'NONE',  ( -2.753071887499478000E-030, -3.097228025660107800E-015, 1.000000000000000000 ) ) ;
#85 = MECHANICAL_DESIGN_GEOMETRIC_PRESENTATION_REPRESENTATION (  '', ( #3112 ), #890 ) ;
#86 = VECTOR ( 'NONE', #3201, 1000.000000000000000 ) ;
#87 =( LENGTH_UNIT ( ) NAMED_UNIT ( * ) SI_UNIT ( .MILLI., .METRE. ) );
#88 = EDGE_CURVE ( 'NONE', #1957, #1712, #2541, .T. ) ;
#89 = CARTESIAN_POINT ( 'NONE',  ( 0.7000000000000253800, -3.662132289312392000, -1.100000000000013600 ) ) ;
#90 = VERTEX_POINT ( 'NONE', #1681 ) ;
#91 = CARTESIAN_POINT ( 'NONE',  ( 2.950000000000011700, -1.799999999999973000, -1.800000000000006900 ) ) ;
#92 = CARTESIAN_POINT ( 'NONE',  ( 4.250000000000017800, -2.599999999999964600, -1.550000000000009600 ) ) ;
#93 = PLANE ( 'NONE',  #824 ) ;
#94 = EDGE_CURVE ( 'NONE', #2480, #375, #213, .T. ) ;
#95 = FACE_OUTER_BOUND ( 'NONE', #2653, .T. ) ;
#96 =( NAMED_UNIT ( * ) SI_UNIT ( $, .STERADIAN. ) SOLID_ANGLE_UNIT ( ) );
#97 = DIRECTION ( 'NONE',  ( -6.982966722218764100E-015, 1.000000000000000000, 3.491483361109382100E-015 ) ) ;
#98 = PLANE ( 'NONE',  #2416 ) ;
#99 = ORIENTED_EDGE ( 'NONE', *, *, #1240, .T. ) ;
#100 = VECTOR ( 'NONE', #1081, 1000.000000000000000 ) ;
#101 = VERTEX_POINT ( 'NONE', #419 ) ;
#102 = CARTESIAN_POINT ( 'NONE',  ( 3.825000000000018400, -2.599999999999965900, -2.100000000000009900 ) ) ;
#103 = CARTESIAN_POINT ( 'NONE',  ( 5.000000000000028400, -4.049999999999965200, -1.327314587450447100E-014 ) ) ;
#104 = VECTOR ( 'NONE', #1341, 1000.000000000000000 ) ;
#105 = CARTESIAN_POINT ( 'NONE',  ( 4.999999999999987600, 1.300000000000048200, -3.749999999999998700 ) ) ;
#106 = EDGE_CURVE ( 'NONE', #1588, #432, #1862, .T. ) ;
#107 = PLANE ( 'NONE',  #2923 ) ;
#108 = FILL_AREA_STYLE_COLOUR ( '', #1048 ) ;
#109 = EDGE_CURVE ( 'NONE', #593, #1013, #1194, .T. ) ;
#110 = ORIENTED_EDGE ( 'NONE', *, *, #1240, .F. ) ;
#111 = CARTESIAN_POINT ( 'NONE',  ( 3.400000000000027400, -3.899999999999963500, -4.400000000000014600 ) ) ;
#112 = CARTESIAN_POINT ( 'NONE',  ( 3.625000000000012900, -1.845132307101598100, -0.6000000000000073100 ) ) ;
#113 = DIRECTION ( 'NONE',  ( 6.982966722218764100E-015, -1.000000000000000000, -3.491483361109382100E-015 ) ) ;
#114 = CARTESIAN_POINT ( 'NONE',  ( 2.828101522498599300E-014, -4.049999999999991800, -2.250000000000014200 ) ) ;
#115 = AXIS2_PLACEMENT_3D ( 'NONE', #2431, #1166, #2169 ) ;
#116 = STYLED_ITEM ( 'NONE', ( #394 ), #1910 ) ;
#117 = CARTESIAN_POINT ( 'NONE',  ( 1.575000000000000000, -0.04999999999998747800, -0.3499999999999995900 ) ) ;
#118 = VERTEX_POINT ( 'NONE', #3257 ) ;
#119 = VECTOR ( 'NONE', #2737, 1000.000000000000000 ) ;
#120 = VERTEX_POINT ( 'NONE', #441 ) ;
#121 = EDGE_LOOP ( 'NONE', ( #2857, #1391, #2329, #1555 ) ) ;
#122 = VECTOR ( 'NONE', #1106, 1000.000000000000000 ) ;
#123 = CARTESIAN_POINT ( 'NONE',  ( 4.650000000000011900, -1.799999999999961600, -1.550000000000006700 ) ) ;
#124 = VECTOR ( 'NONE', #1490, 1000.000000000000000 ) ;
#125 = FACE_OUTER_BOUND ( 'NONE', #2838, .T. ) ;
#126 = ADVANCED_FACE ( 'NONE', ( #21 ), #2714, .T. ) ;
#127 = VERTEX_POINT ( 'NONE', #3281 ) ;
#128 = LINE ( 'NONE', #1853, #3216 ) ;
#129 = DIRECTION ( 'NONE',  ( -6.982966722218764100E-015, 1.000000000000000000, 3.491483361109382100E-015 ) ) ;
#130 = CARTESIAN_POINT ( 'NONE',  ( 0.5000000000000021100, -0.2999999999999810600, -4.400000000000002100 ) ) ;
#131 =( NAMED_UNIT ( * ) SI_UNIT ( $, .STERADIAN. ) SOLID_ANGLE_UNIT ( ) );
#132 = VERTEX_POINT ( 'NONE', #3019 ) ;
#133 = PRESENTATION_STYLE_ASSIGNMENT (( #1945 ) ) ;
#134 = PRESENTATION_LAYER_ASSIGNMENT (  '', '', ( #1027 ) ) ;
#135 = EDGE_CURVE ( 'NONE', #2970, #1889, #3022, .T. ) ;
#136 = CARTESIAN_POINT ( 'NONE',  ( 1.600000000000027400, -3.899999999999973700, -4.950000000000017100 ) ) ;
#137 = EDGE_CURVE ( 'NONE', #2842, #2200, #2420, .T. ) ;
#138 = CARTESIAN_POINT ( 'NONE',  ( 0.6999999999999860800, 1.950000000000009700, -1.299999999999993800 ) ) ;
#139 = CARTESIAN_POINT ( 'NONE',  ( 1.374999999999986000, 1.950000000000011300, -0.3499999999999925900 ) ) ;
#140 = CARTESIAN_POINT ( 'NONE',  ( 4.500000000000023100, -3.449999999999966000, -0.6500000000000140100 ) ) ;
#141 = DIRECTION ( 'NONE',  ( 6.982966722218764100E-015, -1.000000000000000000, -3.491483361109382100E-015 ) ) ;
#142 = CARTESIAN_POINT ( 'NONE',  ( 4.500000000000027500, -4.049999999999960700, -2.250000000000016000 ) ) ;
#143 = VECTOR ( 'NONE', #2905, 1000.000000000000000 ) ;
#144 = ADVANCED_FACE ( 'NONE', ( #2983 ), #751, .F. ) ;
#145 = EDGE_LOOP ( 'NONE', ( #949, #2475, #1065, #2587, #2491, #2822 ) ) ;
#146 = UNCERTAINTY_MEASURE_WITH_UNIT (LENGTH_MEASURE( 1.000000000000000100E-005 ), #583, 'distance_accuracy_value', 'NONE');
#147 = VECTOR ( 'NONE', #2457, 1000.000000000000000 ) ;
#148 = FACE_OUTER_BOUND ( 'NONE', #2073, .T. ) ;
#149 =( NAMED_UNIT ( * ) PLANE_ANGLE_UNIT ( ) SI_UNIT ( $, .RADIAN. ) );
#150 = FILL_AREA_STYLE_COLOUR ( '', #2689 ) ;
#151 = CARTESIAN_POINT ( 'NONE',  ( 5.000000000000014200, -2.149999999999962600, -0.6500000000000097900 ) ) ;
#152 = DIRECTION ( 'NONE',  ( -0.0000000000000000000, 3.491483361109382100E-015, -1.000000000000000000 ) ) ;
#153 = ORIENTED_EDGE ( 'NONE', *, *, #1008, .T. ) ;
#154 = EDGE_LOOP ( 'NONE', ( #2987, #2959, #2912, #548, #2236 ) ) ;
#155 = EDGE_CURVE ( 'NONE', #1798, #120, #2498, .T. ) ;
#156 = ORIENTED_EDGE ( 'NONE', *, *, #1449, .T. ) ;
#157 = CARTESIAN_POINT ( 'NONE',  ( 0.7500000000000123200, -1.799999999999987200, -2.050000000000006500 ) ) ;
#158 = CARTESIAN_POINT ( 'NONE',  ( 1.175000000000000700, -0.04999999999998765200, -1.100000000000001200 ) ) ;
#159 = CARTESIAN_POINT ( 'NONE',  ( 3.424999999999986500, 1.950000000000025500, -0.3499999999999923700 ) ) ;
#160 = DIRECTION ( 'NONE',  ( -6.982966722218764100E-015, 1.000000000000000000, 3.491483361109382100E-015 ) ) ;
#161 = LINE ( 'NONE', #177, #531 ) ;
#162 = PRESENTATION_LAYER_ASSIGNMENT (  '', '', ( #1549 ) ) ;
#163 = ORIENTED_EDGE ( 'NONE', *, *, #2950, .T. ) ;
#164 = PRESENTATION_STYLE_ASSIGNMENT (( #2225 ) ) ;
#165 = ADVANCED_FACE ( 'NONE', ( #378 ), #2756, .T. ) ;
#166 = EDGE_LOOP ( 'NONE', ( #1053, #2082, #2158, #2693 ) ) ;
#167 = LINE ( 'NONE', #276, #2809 ) ;
#168 = FILL_AREA_STYLE ('',( #2966 ) ) ;
#169 = ORIENTED_EDGE ( 'NONE', *, *, #2591, .T. ) ;
#170 = FACE_OUTER_BOUND ( 'NONE', #1968, .T. ) ;
#171 = EDGE_CURVE ( 'NONE', #1320, #1568, #3142, .T. ) ;
#172 = VECTOR ( 'NONE', #2210, 1000.000000000000000 ) ;
#173 = EDGE_CURVE ( 'NONE', #2605, #735, #1631, .T. ) ;
#174 =( NAMED_UNIT ( * ) SI_UNIT ( $, .STERADIAN. ) SOLID_ANGLE_UNIT ( ) );
#175 = VECTOR ( 'NONE', #1612, 1000.000000000000000 ) ;
#176 = CARTESIAN_POINT ( 'NONE',  ( 0.7000000000000254900, -3.662132289312388400, -2.050000000000013100 ) ) ;
#177 = CARTESIAN_POINT ( 'NONE',  ( 2.828101522498601200E-014, -4.049999999999986500, -4.400000000000014600 ) ) ;
#178 = COLOUR_RGB ( '',0.7529411764705882200, 0.7529411764705882200, 0.7529411764705882200 ) ;
#179 = DIRECTION ( 'NONE',  ( -6.982966722218764100E-015, 1.000000000000000000, 3.703035004521187900E-015 ) ) ;
#180 = FACE_OUTER_BOUND ( 'NONE', #2192, .T. ) ;
#181 = ORIENTED_EDGE ( 'NONE', *, *, #449, .T. ) ;
#182 = UNCERTAINTY_MEASURE_WITH_UNIT (LENGTH_MEASURE( 1.000000000000000100E-005 ), #503, 'distance_accuracy_value', 'NONE');
#183 = CARTESIAN_POINT ( 'NONE',  ( 3.600000000000029800, -4.199999999999962900, -3.950000000000018400 ) ) ;
#184 = VECTOR ( 'NONE', #2265, 1000.000000000000000 ) ;
#185 = CARTESIAN_POINT ( 'NONE',  ( 3.600000000000028100, -3.949999999999962900, -3.950000000000017900 ) ) ;
#186 = STYLED_ITEM ( 'NONE', ( #457 ), #701 ) ;
#187 = DIRECTION ( 'NONE',  ( -6.982966722218764100E-015, 1.000000000000000000, 4.158684698023538900E-015 ) ) ;
#188 = DIRECTION ( 'NONE',  ( -1.000000000000000000, -6.982966722218764100E-015, -2.438091212180733500E-029 ) ) ;
#189 = EDGE_CURVE ( 'NONE', #2875, #550, #1078, .T. ) ;
#190 = VERTEX_POINT ( 'NONE', #3266 ) ;
#191 = CARTESIAN_POINT ( 'NONE',  ( 0.5000000000000283100, -4.049999999999996300, -1.414050761249298400E-014 ) ) ;
#192 = ORIENTED_EDGE ( 'NONE', *, *, #3161, .F. ) ;
#193 = LINE ( 'NONE', #2957, #2837 ) ;
#194 = CARTESIAN_POINT ( 'NONE',  ( -9.077856738884396200E-015, 1.300000000000013400, -3.749999999999996400 ) ) ;
#195 = ORIENTED_EDGE ( 'NONE', *, *, #1138, .F. ) ;
#196 = DIRECTION ( 'NONE',  ( -6.982966722218764100E-015, 1.000000000000000000, 3.491483361109382100E-015 ) ) ;
#197 = EDGE_CURVE ( 'NONE', #2480, #574, #255, .T. ) ;
#198 = ORIENTED_EDGE ( 'NONE', *, *, #1038, .F. ) ;
#199 = CARTESIAN_POINT ( 'NONE',  ( 3.600000000000029800, -4.199999999999960200, -4.950000000000018800 ) ) ;
#200 = LINE ( 'NONE', #750, #565 ) ;
#201 = DIRECTION ( 'NONE',  ( 7.885106708985486100E-016, -3.491483361109376500E-015, 1.000000000000000000 ) ) ;
#202 = DIRECTION ( 'NONE',  ( 1.000000000000000000, 6.982966722218767300E-015, -8.462065736471991200E-016 ) ) ;
#203 = ORIENTED_EDGE ( 'NONE', *, *, #2850, .F. ) ;
#204 = LINE ( 'NONE', #1323, #2843 ) ;
#205 = ORIENTED_EDGE ( 'NONE', *, *, #2535, .T. ) ;
#206 =( NAMED_UNIT ( * ) PLANE_ANGLE_UNIT ( ) SI_UNIT ( $, .RADIAN. ) );
#207 = VERTEX_POINT ( 'NONE', #2488 ) ;
#208 = CARTESIAN_POINT ( 'NONE',  ( -9.077856738884396200E-015, 1.300000000000008900, -2.449999999999996600 ) ) ;
#209 = PLANE ( 'NONE',  #1550 ) ;
#210 = FILL_AREA_STYLE ('',( #737 ) ) ;
#211 = PLANE ( 'NONE',  #1151 ) ;
#212 = CARTESIAN_POINT ( 'NONE',  ( 3.624999999999986700, 1.950000000000026800, -0.3499999999999923700 ) ) ;
#213 = LINE ( 'NONE', #142, #545 ) ;
#214 = CARTESIAN_POINT ( 'NONE',  ( 4.500000000000021300, -3.449999999999961500, -2.210000000000011500 ) ) ;
#215 = DIRECTION ( 'NONE',  ( 6.982966722218764100E-015, -1.000000000000000000, -3.491483361109382100E-015 ) ) ;
#216 = FILL_AREA_STYLE_COLOUR ( '', #1637 ) ;
#217 = LINE ( 'NONE', #3160, #3109 ) ;
#218 = EDGE_CURVE ( 'NONE', #2629, #1568, #798, .T. ) ;
#219 = ORIENTED_EDGE ( 'NONE', *, *, #399, .F. ) ;
#220 = CARTESIAN_POINT ( 'NONE',  ( 0.5000000000000154300, -2.149999999999988400, -2.210000000000004800 ) ) ;
#221 = DIRECTION ( 'NONE',  ( 1.000000000000000000, 6.982966722218764100E-015, 2.438091212180733500E-029 ) ) ;
#222 = FACE_OUTER_BOUND ( 'NONE', #2150, .T. ) ;
#223 = CARTESIAN_POINT ( 'NONE',  ( 1.600000000000027400, -3.899999999999975900, -4.400000000000014600 ) ) ;
#224 = CARTESIAN_POINT ( 'NONE',  ( 4.700000000000028600, -4.199999999999969100, -0.01000000000001424900 ) ) ;
#225 = SURFACE_SIDE_STYLE ('',( #2616 ) ) ;
#226 = VERTEX_POINT ( 'NONE', #476 ) ;
#227 = ORIENTED_EDGE ( 'NONE', *, *, #3115, .F. ) ;
#228 = DIRECTION ( 'NONE',  ( -1.000000000000000000, -6.982966722218764100E-015, -2.438091212180733500E-029 ) ) ;
#229 = MECHANICAL_DESIGN_GEOMETRIC_PRESENTATION_REPRESENTATION (  '', ( #2154 ), #937 ) ;
#230 = ORIENTED_EDGE ( 'NONE', *, *, #1337, .T. ) ;
#231 = DIRECTION ( 'NONE',  ( -1.000000000000000000, -6.982966722218764100E-015, -2.438091212180733500E-029 ) ) ;
#232 = CARTESIAN_POINT ( 'NONE',  ( 1.400000000000028100, -4.049999999999979400, -3.950000000000017100 ) ) ;
#233 = EDGE_CURVE ( 'NONE', #2733, #2593, #2288, .T. ) ;
#234 = ORIENTED_EDGE ( 'NONE', *, *, #26, .T. ) ;
#235 = VECTOR ( 'NONE', #1528, 1000.000000000000000 ) ;
#236 = ORIENTED_EDGE ( 'NONE', *, *, #1385, .T. ) ;
#237 = FILL_AREA_STYLE_COLOUR ( '', #2298 ) ;
#238 =( NAMED_UNIT ( * ) SI_UNIT ( $, .STERADIAN. ) SOLID_ANGLE_UNIT ( ) );
#239 = ORIENTED_EDGE ( 'NONE', *, *, #442, .T. ) ;
#240 = ORIENTED_EDGE ( 'NONE', *, *, #1056, .T. ) ;
#241 = COLOUR_RGB ( '',0.7529411764705882200, 0.7529411764705882200, 0.7529411764705882200 ) ;
#242 = LINE ( 'NONE', #3191, #665 ) ;
#243 = SURFACE_STYLE_USAGE ( .BOTH. , #1523 ) ;
#244 = ORIENTED_EDGE ( 'NONE', *, *, #1246, .F. ) ;
#245 = VECTOR ( 'NONE', #1167, 1000.000000000000000 ) ;
#246 = CARTESIAN_POINT ( 'NONE',  ( 0.4999999999999863400, 1.950000000000016800, -3.749999999999993800 ) ) ;
#247 = UNCERTAINTY_MEASURE_WITH_UNIT (LENGTH_MEASURE( 1.000000000000000100E-005 ), #1708, 'distance_accuracy_value', 'NONE');
#248 = DIRECTION ( 'NONE',  ( -6.982966722218764100E-015, 1.000000000000000000, 3.491483361109382100E-015 ) ) ;
#249 = VERTEX_POINT ( 'NONE', #212 ) ;
#250 = DIRECTION ( 'NONE',  ( -0.0000000000000000000, 3.491483361109382100E-015, -1.000000000000000000 ) ) ;
#251 = DIRECTION ( 'NONE',  ( 0.0000000000000000000, 3.491483361109382100E-015, -1.000000000000000000 ) ) ;
#252 = CARTESIAN_POINT ( 'NONE',  ( 4.499999999999990200, 1.300000000000040200, -2.449999999999998400 ) ) ;
#253 = AXIS2_PLACEMENT_3D ( 'NONE', #1589, #43, #290 ) ;
#254 = CARTESIAN_POINT ( 'NONE',  ( 3.400000000000027900, -3.949999999999962900, -4.400000000000014600 ) ) ;
#255 = LINE ( 'NONE', #2497, #1822 ) ;
#256 = EDGE_CURVE ( 'NONE', #1510, #574, #869, .T. ) ;
#257 = CARTESIAN_POINT ( 'NONE',  ( 0.5000000000000021100, -0.2999999999999810600, -4.400000000000002100 ) ) ;
#258 = VECTOR ( 'NONE', #2697, 1000.000000000000000 ) ;
#259 = VERTEX_POINT ( 'NONE', #2241 ) ;
#260 = VECTOR ( 'NONE', #3064, 1000.000000000000000 ) ;
#261 = COLOUR_RGB ( '',0.7529411764705882200, 0.7529411764705882200, 0.7529411764705882200 ) ;
#262 = ORIENTED_EDGE ( 'NONE', *, *, #2867, .F. ) ;
#263 =( LENGTH_UNIT ( ) NAMED_UNIT ( * ) SI_UNIT ( .MILLI., .METRE. ) );
#264 = EDGE_CURVE ( 'NONE', #2671, #118, #1384, .T. ) ;
#265 = CARTESIAN_POINT ( 'NONE',  ( 2.050000000000003400, -0.6099999999999793400, -1.800000000000002000 ) ) ;
#266 = MECHANICAL_DESIGN_GEOMETRIC_PRESENTATION_REPRESENTATION (  '', ( #1717 ), #2799 ) ;
#267 = DIRECTION ( 'NONE',  ( 0.0000000000000000000, -3.491483361109382100E-015, 1.000000000000000000 ) ) ;
#268 = FACE_OUTER_BOUND ( 'NONE', #1575, .T. ) ;
#269 = DIRECTION ( 'NONE',  ( 6.982966722218764100E-015, -1.000000000000000000, -3.250549545001492500E-015 ) ) ;
#270 = ORIENTED_EDGE ( 'NONE', *, *, #714, .T. ) ;
#271 = ORIENTED_EDGE ( 'NONE', *, *, #1315, .T. ) ;
#272 = CARTESIAN_POINT ( 'NONE',  ( 4.250000000000017800, -2.599999999999957500, -3.650000000000009700 ) ) ;
#273 = ORIENTED_EDGE ( 'NONE', *, *, #484, .T. ) ;
#274 = LINE ( 'NONE', #619, #2401 ) ;
#275 = ORIENTED_EDGE ( 'NONE', *, *, #3006, .T. ) ;
#276 = CARTESIAN_POINT ( 'NONE',  ( 1.600000000000027400, -3.899999999999975900, -4.400000000000016300 ) ) ;
#277 = EDGE_CURVE ( 'NONE', #550, #3132, #1978, .T. ) ;
#278 = FACE_OUTER_BOUND ( 'NONE', #3054, .T. ) ;
#279 = CARTESIAN_POINT ( 'NONE',  ( -1.361678510832659000E-014, 1.950000000000015300, -4.399999999999993200 ) ) ;
#280 = AXIS2_PLACEMENT_3D ( 'NONE', #2669, #3197, #1924 ) ;
#281 = ORIENTED_EDGE ( 'NONE', *, *, #526, .F. ) ;
#282 = ORIENTED_EDGE ( 'NONE', *, *, #2834, .T. ) ;
#283 = SURFACE_SIDE_STYLE ('',( #2478 ) ) ;
#284 = AXIS2_PLACEMENT_3D ( 'NONE', #2658, #2423, #684 ) ;
#285 = STYLED_ITEM ( 'NONE', ( #1280 ), #1833 ) ;
#286 = CARTESIAN_POINT ( 'NONE',  ( 4.500000000000027500, -4.049999999999960700, -2.250000000000016000 ) ) ;
#287 = ORIENTED_EDGE ( 'NONE', *, *, #1682, .F. ) ;
#288 = CARTESIAN_POINT ( 'NONE',  ( 4.999999999999987600, 1.300000000000048200, -3.749999999999998700 ) ) ;
#289 = VECTOR ( 'NONE', #465, 1000.000000000000000 ) ;
#290 = DIRECTION ( 'NONE',  ( -6.982966722218764100E-015, 1.000000000000000000, 3.491483361109382100E-015 ) ) ;
#291 = VERTEX_POINT ( 'NONE', #232 ) ;
#292 = DIRECTION ( 'NONE',  ( -7.885106708985486100E-016, 3.491483361109376500E-015, -1.000000000000000000 ) ) ;
#293 = EDGE_CURVE ( 'NONE', #1248, #291, #2852, .T. ) ;
#294 = EDGE_CURVE ( 'NONE', #3132, #101, #2167, .T. ) ;
#295 = VECTOR ( 'NONE', #97, 1000.000000000000000 ) ;
#296 = DIRECTION ( 'NONE',  ( 6.982966722218764100E-015, -1.000000000000000000, -3.491483361109382100E-015 ) ) ;
#297 = VERTEX_POINT ( 'NONE', #1967 ) ;
#298 = LINE ( 'NONE', #2015, #2949 ) ;
#299 = VECTOR ( 'NONE', #439, 1000.000000000000000 ) ;
#300 = CARTESIAN_POINT ( 'NONE',  ( 3.825000000000018400, -2.599999999999967700, -1.550000000000009600 ) ) ;
#301 = LINE ( 'NONE', #2060, #3238 ) ;
#302 = CARTESIAN_POINT ( 'NONE',  ( 1.375000000000000200, -0.04999999999998625000, -1.100000000000001200 ) ) ;
#303 = DIRECTION ( 'NONE',  ( -0.0000000000000000000, 3.491483361109382100E-015, -1.000000000000000000 ) ) ;
#304 = VERTEX_POINT ( 'NONE', #2018 ) ;
#305 = CARTESIAN_POINT ( 'NONE',  ( 0.5000000000000298600, -4.199999999999999300, -0.01000000000001238800 ) ) ;
#306 = ORIENTED_EDGE ( 'NONE', *, *, #1725, .F. ) ;
#307 = ORIENTED_EDGE ( 'NONE', *, *, #716, .F. ) ;
#308 = VERTEX_POINT ( 'NONE', #495 ) ;
#309 = LINE ( 'NONE', #2017, #1252 ) ;
#310 = ORIENTED_EDGE ( 'NONE', *, *, #2179, .T. ) ;
#311 = DIRECTION ( 'NONE',  ( 1.000000000000000000, 0.0000000000000000000, 0.0000000000000000000 ) ) ;
#312 = VERTEX_POINT ( 'NONE', #2262 ) ;
#313 = LINE ( 'NONE', #586, #3296 ) ;
#314 = CARTESIAN_POINT ( 'NONE',  ( 0.3000000000000246400, -3.449999999999995700, -0.6500000000000122300 ) ) ;
#315 = VERTEX_POINT ( 'NONE', #1529 ) ;
#316 = VECTOR ( 'NONE', #1759, 1000.000000000000000 ) ;
#317 = VECTOR ( 'NONE', #1655, 1000.000000000000000 ) ;
#318 = CARTESIAN_POINT ( 'NONE',  ( 4.999999999999985800, 1.950000000000035300, 7.675754292151821000E-015 ) ) ;
#319 = ORIENTED_EDGE ( 'NONE', *, *, #2207, .T. ) ;
#320 = LINE ( 'NONE', #1120, #2008 ) ;
#321 = DIRECTION ( 'NONE',  ( -6.982966722218764100E-015, 1.000000000000000000, 3.491483361109382100E-015 ) ) ;
#322 = ORIENTED_EDGE ( 'NONE', *, *, #857, .T. ) ;
#323 = CARTESIAN_POINT ( 'NONE',  ( 1.400000000000027200, -3.899999999999975500, -4.950000000000017100 ) ) ;
#324 = VECTOR ( 'NONE', #3171, 1000.000000000000000 ) ;
#325 = SURFACE_STYLE_FILL_AREA ( #2049 ) ;
#326 = DIRECTION ( 'NONE',  ( 1.000000000000000000, 6.982966722218764100E-015, 2.438091212180733500E-029 ) ) ;
#327 = ORIENTED_EDGE ( 'NONE', *, *, #2223, .F. ) ;
#328 = EDGE_CURVE ( 'NONE', #2844, #2480, #833, .T. ) ;
#329 = CARTESIAN_POINT ( 'NONE',  ( 0.0000000000000000000, 0.0000000000000000000, 0.0000000000000000000 ) ) ;
#330 = DIRECTION ( 'NONE',  ( 1.000000000000000000, 6.982966722218764100E-015, 2.438091212180733500E-029 ) ) ;
#331 = AXIS2_PLACEMENT_3D ( 'NONE', #3049, #2540, #767 ) ;
#332 = ADVANCED_FACE ( 'NONE', ( #95 ), #760, .F. ) ;
#333 = CARTESIAN_POINT ( 'NONE',  ( 0.5000000000000154300, -2.149999999999996400, -0.01000000000000498600 ) ) ;
#334 = DIRECTION ( 'NONE',  ( 0.0000000000000000000, 3.491483361109382100E-015, -1.000000000000000000 ) ) ;
#335 = DIRECTION ( 'NONE',  ( -6.982966722218764100E-015, 1.000000000000000000, 3.491483361109382100E-015 ) ) ;
#336 = ORIENTED_EDGE ( 'NONE', *, *, #1831, .F. ) ;
#337 =( NAMED_UNIT ( * ) PLANE_ANGLE_UNIT ( ) SI_UNIT ( $, .RADIAN. ) );
#338 = ORIENTED_EDGE ( 'NONE', *, *, #294, .F. ) ;
#339 = VECTOR ( 'NONE', #1253, 1000.000000000000000 ) ;
#340 = AXIS2_PLACEMENT_3D ( 'NONE', #1508, #188, #2508 ) ;
#341 = LINE ( 'NONE', #1646, #1638 ) ;
#342 = CARTESIAN_POINT ( 'NONE',  ( 4.649999999999986100, 1.950000000000038400, -1.549999999999993600 ) ) ;
#343 = ORIENTED_EDGE ( 'NONE', *, *, #1275, .F. ) ;
#344 = EDGE_CURVE ( 'NONE', #1158, #566, #2128, .T. ) ;
#345 =( NAMED_UNIT ( * ) SI_UNIT ( $, .STERADIAN. ) SOLID_ANGLE_UNIT ( ) );
#346 = DIRECTION ( 'NONE',  ( -6.982966722218764100E-015, 1.000000000000000000, 3.309264508590810100E-015 ) ) ;
#347 = FACE_OUTER_BOUND ( 'NONE', #2530, .T. ) ;
#348 = UNCERTAINTY_MEASURE_WITH_UNIT (LENGTH_MEASURE( 1.000000000000000100E-005 ), #1278, 'distance_accuracy_value', 'NONE');
#349 = DIRECTION ( 'NONE',  ( 1.000000000000000000, 6.982966722218764900E-015, -1.239088197126047300E-016 ) ) ;
#350 = ORIENTED_EDGE ( 'NONE', *, *, #88, .T. ) ;
#351 = EDGE_CURVE ( 'NONE', #41, #1616, #920, .T. ) ;
#352 = ADVANCED_FACE ( 'NONE', ( #60 ), #3034, .F. ) ;
#353 = FACE_OUTER_BOUND ( 'NONE', #1866, .T. ) ;
#354 = DIRECTION ( 'NONE',  ( -1.000000000000000000, -6.982966722218767300E-015, 8.462065736471990200E-016 ) ) ;
#355 = CARTESIAN_POINT ( 'NONE',  ( 1.175000000000029100, -4.159046182766871000, -2.100000000000014700 ) ) ;
#356 = EDGE_LOOP ( 'NONE', ( #1230, #1883, #1095, #270 ) ) ;
#357 = AXIS2_PLACEMENT_3D ( 'NONE', #1489, #718, #709 ) ;
#358 = DIRECTION ( 'NONE',  ( 6.982966722218764100E-015, -1.000000000000000000, -3.491483361109382100E-015 ) ) ;
#359 = ORIENTED_EDGE ( 'NONE', *, *, #1446, .T. ) ;
#360 = VERTEX_POINT ( 'NONE', #2793 ) ;
#361 = DIRECTION ( 'NONE',  ( -1.000000000000000000, -6.982966722218764100E-015, -2.438091212180733500E-029 ) ) ;
#362 = VERTEX_POINT ( 'NONE', #224 ) ;
#363 = DIRECTION ( 'NONE',  ( -0.0000000000000000000, 3.491483361109382100E-015, -1.000000000000000000 ) ) ;
#364 = VERTEX_POINT ( 'NONE', #1787 ) ;
#365 = ORIENTED_EDGE ( 'NONE', *, *, #1058, .T. ) ;
#366 = CARTESIAN_POINT ( 'NONE',  ( 0.5000000000000283100, -4.049999999999988300, -2.250000000000014200 ) ) ;
#367 = FACE_OUTER_BOUND ( 'NONE', #450, .T. ) ;
#368 = EDGE_CURVE ( 'NONE', #2007, #1502, #1948, .T. ) ;
#369 = CLOSED_SHELL ( 'NONE', ( #644, #2625, #2462, #1146, #931, #2180, #912, #1845, #1440, #2449, #1943, #2100, #144, #1599, #2709, #597, #2944, #846, #386, #1087, #866, #3198, #689, #666, #2320, #580, #950, #674, #2927, #2391, #1118, #2982, #2444, #126, #424, #1653, #2666, #1358, #3139, #2428, #1879, #825, #1678, #2656, #1929, #1900, #1621, #1910, #1833, #1311, #1163, #2371, #2847, #1392, #2120, #2694, #2894, #1711, #701, #1381, #2961, #3105, #1667, #3222, #896, #437, #559, #3183, #2969, #649, #613, #2594, #629, #380, #51, #1450, #3153, #2334, #352, #1181, #2199, #63, #3237, #1958, #2161, #80, #332, #1196, #2089, #165 ) ) ;
#370 = ORIENTED_EDGE ( 'NONE', *, *, #1476, .T. ) ;
#371 = VECTOR ( 'NONE', #2956, 1000.000000000000000 ) ;
#372 = CARTESIAN_POINT ( 'NONE',  ( 0.3000000000000154800, -2.149999999999997700, -0.01000000000000498600 ) ) ;
#373 = PLANE ( 'NONE',  #2016 ) ;
#374 = CARTESIAN_POINT ( 'NONE',  ( 3.825000000000000600, -0.04999999999997089400, -0.6000000000000010900 ) ) ;
#375 = VERTEX_POINT ( 'NONE', #3073 ) ;
#376 = CARTESIAN_POINT ( 'NONE',  ( 0.7500000000000178700, -2.599999999999981900, -3.650000000000009200 ) ) ;
#377 = EDGE_CURVE ( 'NONE', #3004, #3074, #1785, .T. ) ;
#378 = FACE_OUTER_BOUND ( 'NONE', #963, .T. ) ;
#379 = DIRECTION ( 'NONE',  ( 2.168404344971010300E-016, -3.491483361109380500E-015, 1.000000000000000000 ) ) ;
#380 = ADVANCED_FACE ( 'NONE', ( #1715 ), #500, .F. ) ;
#381 = DIRECTION ( 'NONE',  ( -6.982966722218764100E-015, 1.000000000000000000, 3.491483361109382100E-015 ) ) ;
#382 = ORIENTED_EDGE ( 'NONE', *, *, #3225, .F. ) ;
#383 = PRESENTATION_STYLE_ASSIGNMENT (( #3076 ) ) ;
#384 = CARTESIAN_POINT ( 'NONE',  ( 0.7499999999999861200, 1.950000000000018400, -3.649999999999993200 ) ) ;
#385 = LINE ( 'NONE', #3122, #2215 ) ;
#386 = ADVANCED_FACE ( 'NONE', ( #688 ), #11, .T. ) ;
#387 = DIRECTION ( 'NONE',  ( -1.892736922655891900E-030, -3.220432817988006000E-015, 1.000000000000000000 ) ) ;
#388 = CARTESIAN_POINT ( 'NONE',  ( 3.600000000000028100, -3.949999999999962900, -3.950000000000017900 ) ) ;
#389 = ORIENTED_EDGE ( 'NONE', *, *, #1476, .F. ) ;
#390 = CARTESIAN_POINT ( 'NONE',  ( 0.3000000000000154800, -2.149999999999989700, -2.210000000000004800 ) ) ;
#391 = PLANE ( 'NONE',  #280 ) ;
#392 = SURFACE_STYLE_FILL_AREA ( #2783 ) ;
#393 = FACE_OUTER_BOUND ( 'NONE', #493, .T. ) ;
#394 = PRESENTATION_STYLE_ASSIGNMENT (( #1863 ) ) ;
#395 = UNCERTAINTY_MEASURE_WITH_UNIT (LENGTH_MEASURE( 1.000000000000000100E-005 ), #764, 'distance_accuracy_value', 'NONE');
#396 = CARTESIAN_POINT ( 'NONE',  ( 4.500000000000023100, -3.449999999999961100, -2.250000000000013800 ) ) ;
#397 = CARTESIAN_POINT ( 'NONE',  ( 4.300000000000018500, -2.599999999999964100, -1.550000000000009400 ) ) ;
#398 = PLANE ( 'NONE',  #2212 ) ;
#399 = EDGE_CURVE ( 'NONE', #1592, #1331, #1085, .T. ) ;
#400 = ORIENTED_EDGE ( 'NONE', *, *, #422, .F. ) ;
#401 = SURFACE_STYLE_USAGE ( .BOTH. , #1428 ) ;
#402 =( NAMED_UNIT ( * ) SI_UNIT ( $, .STERADIAN. ) SOLID_ANGLE_UNIT ( ) );
#403 = DIRECTION ( 'NONE',  ( -1.000000000000000000, -6.982966722218764900E-015, 2.990902544787352100E-016 ) ) ;
#404 = STYLED_ITEM ( 'NONE', ( #2465 ), #2594 ) ;
#405 = ORIENTED_EDGE ( 'NONE', *, *, #1279, .T. ) ;
#406 = ORIENTED_EDGE ( 'NONE', *, *, #1038, .T. ) ;
#407 = VECTOR ( 'NONE', #231, 1000.000000000000000 ) ;
#408 = ORIENTED_EDGE ( 'NONE', *, *, #3291, .F. ) ;
#409 = LINE ( 'NONE', #2438, #3050 ) ;
#410 = CARTESIAN_POINT ( 'NONE',  ( 0.3000000000000298000, -4.200000000000000200, -0.01000000000001238800 ) ) ;
#411 = ORIENTED_EDGE ( 'NONE', *, *, #1564, .T. ) ;
#412 = PLANE ( 'NONE',  #1606 ) ;
#413 = VECTOR ( 'NONE', #3157, 1000.000000000000000 ) ;
#414 = ORIENTED_EDGE ( 'NONE', *, *, #610, .T. ) ;
#415 = PRESENTATION_STYLE_ASSIGNMENT (( #3273 ) ) ;
#416 = DIRECTION ( 'NONE',  ( -1.000000000000000000, -6.982966722218764900E-015, -2.438091212180733800E-029 ) ) ;
#417 = CARTESIAN_POINT ( 'NONE',  ( 5.000000000000015100, -2.149999999999964800, -9.854880867729358900E-015 ) ) ;
#418 = ORIENTED_EDGE ( 'NONE', *, *, #2157, .F. ) ;
#419 = CARTESIAN_POINT ( 'NONE',  ( 0.7000000000000123900, -1.799999999999990300, -1.300000000000006900 ) ) ;
#420 = MECHANICAL_DESIGN_GEOMETRIC_PRESENTATION_REPRESENTATION (  '', ( #1312 ), #6 ) ;
#421 = LINE ( 'NONE', #516, #14 ) ;
#422 = EDGE_CURVE ( 'NONE', #1602, #2941, #1914, .T. ) ;
#423 = ORIENTED_EDGE ( 'NONE', *, *, #796, .T. ) ;
#424 = ADVANCED_FACE ( 'NONE', ( #1867 ), #2053, .T. ) ;
#425 =( NAMED_UNIT ( * ) SI_UNIT ( $, .STERADIAN. ) SOLID_ANGLE_UNIT ( ) );
#426 = CARTESIAN_POINT ( 'NONE',  ( 4.499999999999999100, -0.2999999999999554100, -3.750000000000003600 ) ) ;
#427 = DIRECTION ( 'NONE',  ( -1.000000000000000000, -6.982966722218764100E-015, -2.438091212180733500E-029 ) ) ;
#428 = CARTESIAN_POINT ( 'NONE',  ( 3.600000000000028100, -3.949999999999961500, -4.400000000000014600 ) ) ;
#429 = DIRECTION ( 'NONE',  ( -6.982966722218764100E-015, 1.000000000000000000, 3.491483361109382100E-015 ) ) ;
#430 = LINE ( 'NONE', #678, #1040 ) ;
#431 = LINE ( 'NONE', #2363, #2986 ) ;
#432 = VERTEX_POINT ( 'NONE', #773 ) ;
#433 = PLANE ( 'NONE',  #2473 ) ;
#434 = LINE ( 'NONE', #2183, #147 ) ;
#435 = PLANE ( 'NONE',  #3211 ) ;
#436 = AXIS2_PLACEMENT_3D ( 'NONE', #1796, #251, #2512 ) ;
#437 = ADVANCED_FACE ( 'NONE', ( #3067 ), #2775, .F. ) ;
#438 = LINE ( 'NONE', #1326, #2383 ) ;
#439 = DIRECTION ( 'NONE',  ( 1.000000000000000000, 6.982966722218767300E-015, -8.462065736471991200E-016 ) ) ;
#440 = CARTESIAN_POINT ( 'NONE',  ( 1.575000000000027900, -4.049999999999989200, -0.3500000000000131300 ) ) ;
#441 = CARTESIAN_POINT ( 'NONE',  ( 4.299999999999986500, 1.950000000000032400, -0.5999999999999940900 ) ) ;
#442 = EDGE_CURVE ( 'NONE', #375, #1097, #1520, .T. ) ;
#443 = VECTOR ( 'NONE', #2511, 1000.000000000000000 ) ;
#444 = ORIENTED_EDGE ( 'NONE', *, *, #2747, .T. ) ;
#445 = PRESENTATION_STYLE_ASSIGNMENT (( #552 ) ) ;
#446 = SURFACE_SIDE_STYLE ('',( #2201 ) ) ;
#447 = ORIENTED_EDGE ( 'NONE', *, *, #293, .F. ) ;
#448 = DIRECTION ( 'NONE',  ( -6.982966722218764100E-015, 1.000000000000000000, 3.491483361109382100E-015 ) ) ;
#449 = EDGE_CURVE ( 'NONE', #1158, #3215, #298, .T. ) ;
#450 = EDGE_LOOP ( 'NONE', ( #2147, #2348, #423, #2680, #203, #491, #3066, #1533 ) ) ;
#451 = CARTESIAN_POINT ( 'NONE',  ( 1.175000000000029100, -4.159046182766871000, -2.100000000000014700 ) ) ;
#452 = CARTESIAN_POINT ( 'NONE',  ( 0.7500000000000178700, -2.599999999999981900, -3.650000000000009200 ) ) ;
#453 = DIRECTION ( 'NONE',  ( 1.000000000000000000, 6.982966722218764100E-015, 2.438091212180733500E-029 ) ) ;
#454 = LINE ( 'NONE', #102, #2040 ) ;
#455 = MECHANICAL_DESIGN_GEOMETRIC_PRESENTATION_REPRESENTATION (  '', ( #2901 ), #624 ) ;
#456 = ORIENTED_EDGE ( 'NONE', *, *, #1383, .F. ) ;
#457 = PRESENTATION_STYLE_ASSIGNMENT (( #3167 ) ) ;
#458 = DIRECTION ( 'NONE',  ( 6.982966722218764100E-015, -1.000000000000000000, -3.309264508590810100E-015 ) ) ;
#459 = ORIENTED_EDGE ( 'NONE', *, *, #664, .T. ) ;
#460 = DIRECTION ( 'NONE',  ( -6.982966722218764100E-015, 1.000000000000000000, 3.703035004521187900E-015 ) ) ;
#461 = ORIENTED_EDGE ( 'NONE', *, *, #3094, .F. ) ;
#462 = LINE ( 'NONE', #2458, #371 ) ;
#463 = DIRECTION ( 'NONE',  ( -0.0000000000000000000, 3.491483361109382100E-015, -1.000000000000000000 ) ) ;
#464 = DIRECTION ( 'NONE',  ( -1.000000000000000000, -6.982966722218764100E-015, -2.438091212180733500E-029 ) ) ;
#465 = DIRECTION ( 'NONE',  ( -6.982966722218764100E-015, 1.000000000000000000, 3.491483361109382100E-015 ) ) ;
#466 = ORIENTED_EDGE ( 'NONE', *, *, #2290, .T. ) ;
#467 = EDGE_CURVE ( 'NONE', #1669, #807, #3147, .T. ) ;
#468 = CARTESIAN_POINT ( 'NONE',  ( 3.100000000000023200, -3.449999999999973100, -1.800000000000012700 ) ) ;
#469 = ORIENTED_EDGE ( 'NONE', *, *, #3245, .T. ) ;
#470 = CARTESIAN_POINT ( 'NONE',  ( 1.600000000000029400, -4.199999999999973500, -4.950000000000017900 ) ) ;
#471 = CARTESIAN_POINT ( 'NONE',  ( 4.500000000000027500, -4.049999999999968700, -1.327314587450448400E-014 ) ) ;
#472 = DIRECTION ( 'NONE',  ( 1.445602896647339200E-016, -3.491483361109380900E-015, 1.000000000000000000 ) ) ;
#473 = STYLED_ITEM ( 'NONE', ( #2531 ), #3183 ) ;
#474 = AXIS2_PLACEMENT_3D ( 'NONE', #183, #1484, #2501 ) ;
#475 = CARTESIAN_POINT ( 'NONE',  ( 2.600000000000029800, -4.199999999999970000, -3.950000000000017900 ) ) ;
#476 = CARTESIAN_POINT ( 'NONE',  ( 2.400000000000028300, -4.049999999999970500, -4.400000000000014600 ) ) ;
#477 = LINE ( 'NONE', #314, #2061 ) ;
#478 = ORIENTED_EDGE ( 'NONE', *, *, #1152, .T. ) ;
#479 = DIRECTION ( 'NONE',  ( 0.0000000000000000000, -3.491483361109382100E-015, 1.000000000000000000 ) ) ;
#480 = LINE ( 'NONE', #2722, #2379 ) ;
#481 = DIRECTION ( 'NONE',  ( 0.0000000000000000000, -3.491483361109382100E-015, 1.000000000000000000 ) ) ;
#482 = AXIS2_PLACEMENT_3D ( 'NONE', #2627, #1128, #2369 ) ;
#483 = DIRECTION ( 'NONE',  ( 6.982966722218764100E-015, -1.000000000000000000, -3.491483361109382100E-015 ) ) ;
#484 = EDGE_CURVE ( 'NONE', #53, #602, #2293, .T. ) ;
#485 = ORIENTED_EDGE ( 'NONE', *, *, #3077, .T. ) ;
#486 = DIRECTION ( 'NONE',  ( -4.231032868236104100E-016, 3.309264508590807300E-015, -1.000000000000000000 ) ) ;
#487 = CARTESIAN_POINT ( 'NONE',  ( -1.361678510832659400E-014, 1.950000000000000400, 7.675754292151699500E-015 ) ) ;
#488 = ORIENTED_EDGE ( 'NONE', *, *, #3141, .F. ) ;
#489 = VERTEX_POINT ( 'NONE', #3023 ) ;
#490 = LINE ( 'NONE', #2276, #124 ) ;
#491 = ORIENTED_EDGE ( 'NONE', *, *, #2811, .T. ) ;
#492 = DIRECTION ( 'NONE',  ( 1.000000000000000000, 6.982966722218764100E-015, -5.769590274865039100E-017 ) ) ;
#493 = EDGE_LOOP ( 'NONE', ( #2812, #1401, #2392, #803 ) ) ;
#494 = PLANE ( 'NONE',  #340 ) ;
#495 = CARTESIAN_POINT ( 'NONE',  ( 2.600000000000029800, -4.199999999999970000, -3.950000000000017900 ) ) ;
#496 = FACE_OUTER_BOUND ( 'NONE', #1699, .T. ) ;
#497 = ORIENTED_EDGE ( 'NONE', *, *, #3068, .T. ) ;
#498 = VECTOR ( 'NONE', #2336, 1000.000000000000000 ) ;
#499 = ORIENTED_EDGE ( 'NONE', *, *, #3224, .F. ) ;
#500 = PLANE ( 'NONE',  #1349 ) ;
#501 = VECTOR ( 'NONE', #756, 1000.000000000000000 ) ;
#502 = ORIENTED_EDGE ( 'NONE', *, *, #1547, .F. ) ;
#503 =( LENGTH_UNIT ( ) NAMED_UNIT ( * ) SI_UNIT ( .MILLI., .METRE. ) );
#504 = PRESENTATION_LAYER_ASSIGNMENT (  '', '', ( #1532 ) ) ;
#505 = MANIFOLD_SOLID_BREP ( 'ÎÞÃÞ¨-ˆÚ“®/ºËß°1', #369 ) ;
#506 = CARTESIAN_POINT ( 'NONE',  ( 4.499999999999999100, -0.2999999999999554100, -3.750000000000003600 ) ) ;
#507 = CARTESIAN_POINT ( 'NONE',  ( 4.500000000000023100, -3.449999999999961100, -2.250000000000013800 ) ) ;
#508 = DIRECTION ( 'NONE',  ( -1.000000000000000000, -6.982966722218767300E-015, 8.462065736471990200E-016 ) ) ;
#509 = VECTOR ( 'NONE', #728, 1000.000000000000000 ) ;
#510 = CARTESIAN_POINT ( 'NONE',  ( 0.7500000000000123200, -1.799999999999987200, -2.050000000000006500 ) ) ;
#511 = DIRECTION ( 'NONE',  ( -6.982966722218764100E-015, 1.000000000000000000, 3.491483361109382100E-015 ) ) ;
#512 = FACE_OUTER_BOUND ( 'NONE', #814, .T. ) ;
#513 = EDGE_CURVE ( 'NONE', #2376, #1088, #2025, .T. ) ;
#514 = ORIENTED_EDGE ( 'NONE', *, *, #1753, .F. ) ;
#515 = LINE ( 'NONE', #366, #2951 ) ;
#516 = CARTESIAN_POINT ( 'NONE',  ( 0.5000000000000240900, -3.449999999999989100, -2.250000000000012000 ) ) ;
#517 = VECTOR ( 'NONE', #2698, 1000.000000000000000 ) ;
#518 = CARTESIAN_POINT ( 'NONE',  ( 0.7000000000000178300, -2.599999999999991200, -1.100000000000010100 ) ) ;
#519 = SURFACE_STYLE_USAGE ( .BOTH. , #2548 ) ;
#520 = ORIENTED_EDGE ( 'NONE', *, *, #13, .T. ) ;
#521 = VECTOR ( 'NONE', #3309, 1000.000000000000000 ) ;
#522 = DIRECTION ( 'NONE',  ( -1.141265444721584000E-016, -3.491483361109382900E-015, 1.000000000000000000 ) ) ;
#523 = VECTOR ( 'NONE', #1824, 1000.000000000000000 ) ;
#524 = AXIS2_PLACEMENT_3D ( 'NONE', #783, #547, #3060 ) ;
#525 = ORIENTED_EDGE ( 'NONE', *, *, #736, .F. ) ;
#526 = EDGE_CURVE ( 'NONE', #566, #53, #1714, .T. ) ;
#527 = ORIENTED_EDGE ( 'NONE', *, *, #94, .T. ) ;
#528 = ORIENTED_EDGE ( 'NONE', *, *, #2829, .T. ) ;
#529 = ORIENTED_EDGE ( 'NONE', *, *, #1221, .F. ) ;
#530 = CARTESIAN_POINT ( 'NONE',  ( 0.5000000000000149900, -2.149999999999994600, -0.6500000000000076800 ) ) ;
#531 = VECTOR ( 'NONE', #2459, 1000.000000000000000 ) ;
#532 = EDGE_CURVE ( 'NONE', #762, #432, #1826, .T. ) ;
#533 = ORIENTED_EDGE ( 'NONE', *, *, #1150, .T. ) ;
#534 =( NAMED_UNIT ( * ) SI_UNIT ( $, .STERADIAN. ) SOLID_ANGLE_UNIT ( ) );
#535 = FACE_OUTER_BOUND ( 'NONE', #3071, .T. ) ;
#536 = CARTESIAN_POINT ( 'NONE',  ( 3.425000000000028200, -4.049999999999971400, -1.800000000000014700 ) ) ;
#537 = LINE ( 'NONE', #265, #712 ) ;
#538 = EDGE_LOOP ( 'NONE', ( #2441, #1145, #2400, #2554, #1649, #2670 ) ) ;
#539 = VECTOR ( 'NONE', #2668, 1000.000000000000000 ) ;
#540 = DIRECTION ( 'NONE',  ( -7.885106708985486100E-016, 3.491483361109376500E-015, -1.000000000000000000 ) ) ;
#541 = ORIENTED_EDGE ( 'NONE', *, *, #1619, .F. ) ;
#542 =( LENGTH_UNIT ( ) NAMED_UNIT ( * ) SI_UNIT ( .MILLI., .METRE. ) );
#543 = DIRECTION ( 'NONE',  ( -1.000000000000000000, -6.982966722218764900E-015, 1.239088197126047300E-016 ) ) ;
#544 = CARTESIAN_POINT ( 'NONE',  ( 3.825000000000018400, -2.599999999999965900, -2.100000000000009900 ) ) ;
#545 = VECTOR ( 'NONE', #687, 1000.000000000000000 ) ;
#546 = EDGE_CURVE ( 'NONE', #3132, #2771, #2584, .T. ) ;
#547 = DIRECTION ( 'NONE',  ( -1.000000000000000000, -6.982966722218766500E-015, 7.885106708985242500E-016 ) ) ;
#548 = ORIENTED_EDGE ( 'NONE', *, *, #1295, .T. ) ;
#549 = DIRECTION ( 'NONE',  ( 8.462065736472248600E-016, -3.703035004521181600E-015, 1.000000000000000000 ) ) ;
#550 = VERTEX_POINT ( 'NONE', #793 ) ;
#551 =( NAMED_UNIT ( * ) PLANE_ANGLE_UNIT ( ) SI_UNIT ( $, .RADIAN. ) );
#552 = SURFACE_STYLE_USAGE ( .BOTH. , #283 ) ;
#553 = EDGE_CURVE ( 'NONE', #938, #2452, #2095, .T. ) ;
#554 = LINE ( 'NONE', #2919, #1310 ) ;
#555 = CARTESIAN_POINT ( 'NONE',  ( 2.600000000000029800, -4.199999999999966400, -4.950000000000017900 ) ) ;
#556 = DIRECTION ( 'NONE',  ( -2.753071887499478000E-030, -3.097228025660107800E-015, 1.000000000000000000 ) ) ;
#557 =( NAMED_UNIT ( * ) PLANE_ANGLE_UNIT ( ) SI_UNIT ( $, .RADIAN. ) );
#558 = VECTOR ( 'NONE', #1010, 1000.000000000000000 ) ;
#559 = ADVANCED_FACE ( 'NONE', ( #1472 ), #2549, .T. ) ;
#560 = FILL_AREA_STYLE_COLOUR ( '', #1123 ) ;
#561 = VERTEX_POINT ( 'NONE', #208 ) ;
#562 = EDGE_LOOP ( 'NONE', ( #153, #2784, #1057, #1840, #1934, #2773, #695, #1694, #34, #780, #466, #2513, #262, #943, #1290, #1583, #418, #3204, #234, #2250 ) ) ;
#563 = ORIENTED_EDGE ( 'NONE', *, *, #1581, .T. ) ;
#564 = ORIENTED_EDGE ( 'NONE', *, *, #513, .T. ) ;
#565 = VECTOR ( 'NONE', #1006, 1000.000000000000000 ) ;
#566 = VERTEX_POINT ( 'NONE', #1073 ) ;
#567 = SURFACE_STYLE_USAGE ( .BOTH. , #2613 ) ;
#568 = EDGE_LOOP ( 'NONE', ( #2757, #1178, #1854, #1126, #244, #2559 ) ) ;
#569 = DIRECTION ( 'NONE',  ( -1.000000000000000000, -6.982966722218764100E-015, -2.438091212180733500E-029 ) ) ;
#570 = LINE ( 'NONE', #2992, #1939 ) ;
#571 = EDGE_CURVE ( 'NONE', #3202, #36, #2547, .T. ) ;
#572 = EDGE_LOOP ( 'NONE', ( #478, #1061, #2490, #1963 ) ) ;
#573 = LINE ( 'NONE', #1700, #1182 ) ;
#574 = VERTEX_POINT ( 'NONE', #1844 ) ;
#575 = SURFACE_SIDE_STYLE ('',( #3088 ) ) ;
#576 = LINE ( 'NONE', #1192, #2645 ) ;
#577 = CARTESIAN_POINT ( 'NONE',  ( 0.4999999999999909000, 1.300000000000016900, -3.749999999999996400 ) ) ;
#578 = FACE_OUTER_BOUND ( 'NONE', #46, .T. ) ;
#579 = AXIS2_PLACEMENT_3D ( 'NONE', #707, #1168, #2942 ) ;
#580 = ADVANCED_FACE ( 'NONE', ( #2377 ), #2573, .F. ) ;
#581 = PRESENTATION_STYLE_ASSIGNMENT (( #1297 ) ) ;
#582 = EDGE_LOOP ( 'NONE', ( #359, #2567, #499, #2283, #281, #1316 ) ) ;
#583 =( LENGTH_UNIT ( ) NAMED_UNIT ( * ) SI_UNIT ( .MILLI., .METRE. ) );
#584 = CARTESIAN_POINT ( 'NONE',  ( 2.950000000000003300, -0.6099999999999731200, -1.800000000000002500 ) ) ;
#585 = DIRECTION ( 'NONE',  ( 1.000000000000000000, 6.982966722218764100E-015, 2.438091212180733500E-029 ) ) ;
#586 = CARTESIAN_POINT ( 'NONE',  ( 0.5000000000000154300, -2.149999999999996400, -0.01000000000000498600 ) ) ;
#587 = AXIS2_PLACEMENT_3D ( 'NONE', #710, #952, #1229 ) ;
#588 = DIRECTION ( 'NONE',  ( 5.769590274867477200E-017, -3.491483361109381700E-015, 1.000000000000000000 ) ) ;
#589 = EDGE_CURVE ( 'NONE', #315, #1880, #1082, .T. ) ;
#590 = LINE ( 'NONE', #876, #2373 ) ;
#591 = DIRECTION ( 'NONE',  ( -1.000000000000000000, -6.982966722218764100E-015, -2.438091212180733500E-029 ) ) ;
#592 = CARTESIAN_POINT ( 'NONE',  ( 3.400000000000028300, -4.049999999999967000, -3.450000000000014800 ) ) ;
#593 = VERTEX_POINT ( 'NONE', #810 ) ;
#594 = COLOUR_RGB ( '',0.7529411764705882200, 0.7529411764705882200, 0.7529411764705882200 ) ;
#595 = DIRECTION ( 'NONE',  ( 0.0000000000000000000, -3.491483361109382100E-015, 1.000000000000000000 ) ) ;
#596 = COLOUR_RGB ( '',0.7529411764705882200, 0.7529411764705882200, 0.7529411764705882200 ) ;
#597 = ADVANCED_FACE ( 'NONE', ( #2424 ), #2071, .T. ) ;
#598 = DIRECTION ( 'NONE',  ( -6.982966722218764100E-015, 1.000000000000000000, 3.491483361109382100E-015 ) ) ;
#599 = VECTOR ( 'NONE', #326, 1000.000000000000000 ) ;
#600 = AXIS2_PLACEMENT_3D ( 'NONE', #140, #2162, #387 ) ;
#601 = CARTESIAN_POINT ( 'NONE',  ( 3.425000000000028200, -4.049999999999976700, -0.3500000000000133600 ) ) ;
#602 = VERTEX_POINT ( 'NONE', #3111 ) ;
#603 = VECTOR ( 'NONE', #540, 1000.000000000000000 ) ;
#604 = ORIENTED_EDGE ( 'NONE', *, *, #1239, .T. ) ;
#605 = UNCERTAINTY_MEASURE_WITH_UNIT (LENGTH_MEASURE( 1.000000000000000100E-005 ), #1039, 'distance_accuracy_value', 'NONE');
#606 = ORIENTED_EDGE ( 'NONE', *, *, #1129, .F. ) ;
#607 = CARTESIAN_POINT ( 'NONE',  ( 4.500000000000013300, -2.149999999999966200, -0.6500000000000093500 ) ) ;
#608 = STYLED_ITEM ( 'NONE', ( #2011 ), #649 ) ;
#609 = ORIENTED_EDGE ( 'NONE', *, *, #2142, .F. ) ;
#610 = EDGE_CURVE ( 'NONE', #2629, #2825, #3028, .T. ) ;
#611 = ORIENTED_EDGE ( 'NONE', *, *, #1789, .T. ) ;
#612 = LINE ( 'NONE', #880, #7 ) ;
#613 = ADVANCED_FACE ( 'NONE', ( #3108 ), #1060, .F. ) ;
#614 = VECTOR ( 'NONE', #1179, 1000.000000000000000 ) ;
#615 = LINE ( 'NONE', #1671, #1293 ) ;
#616 = CARTESIAN_POINT ( 'NONE',  ( 4.650000000000011900, -1.799999999999964100, -0.8000000000000067100 ) ) ;
#617 = VECTOR ( 'NONE', #2798, 1000.000000000000000 ) ;
#618 = DIRECTION ( 'NONE',  ( -6.982966722218764100E-015, 1.000000000000000000, 3.369022725727144300E-015 ) ) ;
#619 = CARTESIAN_POINT ( 'NONE',  ( 4.500000000000023100, -3.449999999999961100, -2.250000000000013800 ) ) ;
#620 = ORIENTED_EDGE ( 'NONE', *, *, #1705, .F. ) ;
#621 = DIRECTION ( 'NONE',  ( 8.462065736472233800E-016, -3.491483361109376100E-015, 1.000000000000000000 ) ) ;
#622 = EDGE_CURVE ( 'NONE', #2665, #1215, #3283, .T. ) ;
#623 = DIRECTION ( 'NONE',  ( -6.982966722218764100E-015, 1.000000000000000000, 3.491483361109382100E-015 ) ) ;
#624 =( GEOMETRIC_REPRESENTATION_CONTEXT ( 3 ) GLOBAL_UNCERTAINTY_ASSIGNED_CONTEXT ( ( #5 ) ) GLOBAL_UNIT_ASSIGNED_CONTEXT ( ( #3078, #2314, #18 ) ) REPRESENTATION_CONTEXT ( 'NONE', 'WORKASPACE' ) );
#625 = CARTESIAN_POINT ( 'NONE',  ( -1.361678510832659400E-014, 1.950000000000008800, -2.449999999999993500 ) ) ;
#626 = CARTESIAN_POINT ( 'NONE',  ( 4.700000000000028600, -4.199999999999969100, -0.01000000000001424900 ) ) ;
#627 = VECTOR ( 'NONE', #2780, 1000.000000000000000 ) ;
#628 = DIRECTION ( 'NONE',  ( -1.734723475976795100E-015, 3.491483361109369800E-015, -1.000000000000000000 ) ) ;
#629 = ADVANCED_FACE ( 'NONE', ( #1836 ), #821, .T. ) ;
#630 = CARTESIAN_POINT ( 'NONE',  ( 3.625000000000013300, -1.845132307101599000, -0.3500000000000056400 ) ) ;
#631 = DIRECTION ( 'NONE',  ( -6.982966722218764100E-015, 1.000000000000000000, 3.491483361109382100E-015 ) ) ;
#632 = CARTESIAN_POINT ( 'NONE',  ( 0.5000000000000240900, -3.449999999999989100, -2.250000000000012000 ) ) ;
#633 = ORIENTED_EDGE ( 'NONE', *, *, #1835, .T. ) ;
#634 = VECTOR ( 'NONE', #2258, 1000.000000000000000 ) ;
#635 = CARTESIAN_POINT ( 'NONE',  ( 4.650000000000011900, -1.799999999999964100, -0.8000000000000067100 ) ) ;
#636 = PRESENTATION_LAYER_ASSIGNMENT (  '', '', ( #768 ) ) ;
#637 = LINE ( 'NONE', #1657, #143 ) ;
#638 = VERTEX_POINT ( 'NONE', #2086 ) ;
#639 = EDGE_CURVE ( 'NONE', #1451, #2271, #50, .T. ) ;
#640 = SURFACE_STYLE_FILL_AREA ( #2815 ) ;
#641 = DIRECTION ( 'NONE',  ( -6.982966722218764100E-015, 1.000000000000000000, 3.491483361109382100E-015 ) ) ;
#642 = DIRECTION ( 'NONE',  ( -1.000000000000000000, -6.982966722218767300E-015, 8.462065736471990200E-016 ) ) ;
#643 = LINE ( 'NONE', #981, #841 ) ;
#644 = ADVANCED_FACE ( 'NONE', ( #2085 ), #22, .F. ) ;
#645 = DIRECTION ( 'NONE',  ( -1.000000000000000000, -6.982966722218764100E-015, -2.438091212180733500E-029 ) ) ;
#646 = DIRECTION ( 'NONE',  ( -0.0000000000000000000, 3.491483361109382100E-015, -1.000000000000000000 ) ) ;
#647 = AXIS2_PLACEMENT_3D ( 'NONE', #1552, #2803, #10 ) ;
#648 = CARTESIAN_POINT ( 'NONE',  ( 4.250000000000001800, -0.3999999999999561100, -4.000000000000001800 ) ) ;
#649 = ADVANCED_FACE ( 'NONE', ( #2609 ), #2099, .F. ) ;
#650 = UNCERTAINTY_MEASURE_WITH_UNIT (LENGTH_MEASURE( 1.000000000000000100E-005 ), #3207, 'distance_accuracy_value', 'NONE');
#651 = CARTESIAN_POINT ( 'NONE',  ( 2.828101522498601200E-014, -4.049999999999986500, -4.400000000000014600 ) ) ;
#652 = CARTESIAN_POINT ( 'NONE',  ( 1.400000000000029200, -4.199999999999975300, -4.950000000000017900 ) ) ;
#653 = VERTEX_POINT ( 'NONE', #105 ) ;
#654 = VERTEX_POINT ( 'NONE', #1342 ) ;
#655 = PLANE ( 'NONE',  #838 ) ;
#656 = FILL_AREA_STYLE ('',( #1157 ) ) ;
#657 = DIRECTION ( 'NONE',  ( -2.168404344971010300E-016, 3.491483361109380500E-015, -1.000000000000000000 ) ) ;
#658 = CARTESIAN_POINT ( 'NONE',  ( 3.400000000000029700, -4.199999999999962000, -4.950000000000018800 ) ) ;
#659 = AXIS2_PLACEMENT_3D ( 'NONE', #601, #1894, #2112 ) ;
#660 = SURFACE_STYLE_FILL_AREA ( #2398 ) ;
#661 = ORIENTED_EDGE ( 'NONE', *, *, #1835, .F. ) ;
#662 = LINE ( 'NONE', #3193, #3218 ) ;
#663 = DIRECTION ( 'NONE',  ( -8.462065736472218000E-016, 3.269082915471324000E-015, -1.000000000000000000 ) ) ;
#664 = EDGE_CURVE ( 'NONE', #2929, #848, #2152, .T. ) ;
#665 = VECTOR ( 'NONE', #2361, 1000.000000000000000 ) ;
#666 = ADVANCED_FACE ( 'NONE', ( #2569 ), #1364, .F. ) ;
#667 = ORIENTED_EDGE ( 'NONE', *, *, #2553, .F. ) ;
#668 = VECTOR ( 'NONE', #152, 1000.000000000000000 ) ;
#669 = ORIENTED_EDGE ( 'NONE', *, *, #2270, .T. ) ;
#670 = VECTOR ( 'NONE', #16, 1000.000000000000000 ) ;
#671 = CARTESIAN_POINT ( 'NONE',  ( 4.999999999999985800, 1.950000000000035300, 7.675754292151821000E-015 ) ) ;
#672 = CARTESIAN_POINT ( 'NONE',  ( 0.7500000000000026600, -0.3999999999999805400, -4.000000000000001800 ) ) ;
#673 = ORIENTED_EDGE ( 'NONE', *, *, #1056, .F. ) ;
#674 = ADVANCED_FACE ( 'NONE', ( #897 ), #1093, .F. ) ;
#675 = DIRECTION ( 'NONE',  ( 6.982966722218764100E-015, -1.000000000000000000, -3.491483361109382100E-015 ) ) ;
#676 = FILL_AREA_STYLE ('',( #150 ) ) ;
#677 = CARTESIAN_POINT ( 'NONE',  ( 5.000000000000023100, -3.449999999999962400, -0.6500000000000143400 ) ) ;
#678 = CARTESIAN_POINT ( 'NONE',  ( 2.400000000000029700, -4.199999999999968200, -4.950000000000017900 ) ) ;
#679 = DIRECTION ( 'NONE',  ( -1.000000000000000000, -6.982966722218764100E-015, -2.438091212180733500E-029 ) ) ;
#680 = CARTESIAN_POINT ( 'NONE',  ( 3.425000000000024200, -3.449999999999974900, -0.3500000000000114100 ) ) ;
#681 = DIRECTION ( 'NONE',  ( -6.982966722218764100E-015, 1.000000000000000000, 3.491483361109382100E-015 ) ) ;
#682 = PRESENTATION_STYLE_ASSIGNMENT (( #2718 ) ) ;
#683 = CARTESIAN_POINT ( 'NONE',  ( 1.575000000000000000, -0.04999999999998747800, -0.3499999999999995900 ) ) ;
#684 = DIRECTION ( 'NONE',  ( -6.982966722218764100E-015, 1.000000000000000000, 3.491483361109382100E-015 ) ) ;
#685 = ORIENTED_EDGE ( 'NONE', *, *, #571, .F. ) ;
#686 = DIRECTION ( 'NONE',  ( 1.000000000000000000, 6.982966722218764100E-015, 2.438091212180733500E-029 ) ) ;
#687 = DIRECTION ( 'NONE',  ( 8.462065736472233800E-016, -3.491483361109376100E-015, 1.000000000000000000 ) ) ;
#688 = FACE_OUTER_BOUND ( 'NONE', #562, .T. ) ;
#689 = ADVANCED_FACE ( 'NONE', ( #535 ), #3143, .T. ) ;
#690 = LINE ( 'NONE', #1660, #517 ) ;
#691 = FILL_AREA_STYLE_COLOUR ( '', #1774 ) ;
#692 = LINE ( 'NONE', #2556, #1055 ) ;
#693 = CARTESIAN_POINT ( 'NONE',  ( 1.175000000000018500, -2.599999999999987700, -1.100000000000010100 ) ) ;
#694 = EDGE_CURVE ( 'NONE', #207, #566, #1139, .T. ) ;
#695 = ORIENTED_EDGE ( 'NONE', *, *, #1272, .T. ) ;
#696 = DIRECTION ( 'NONE',  ( 1.000000000000000000, 6.982966722218764100E-015, 2.438091212180733500E-029 ) ) ;
#697 = CARTESIAN_POINT ( 'NONE',  ( 0.7499999999999861200, 1.950000000000019700, -3.999999999999993300 ) ) ;
#698 = AXIS2_PLACEMENT_3D ( 'NONE', #2114, #3102, #1825 ) ;
#699 = ORIENTED_EDGE ( 'NONE', *, *, #2747, .F. ) ;
#700 = ORIENTED_EDGE ( 'NONE', *, *, #3224, .T. ) ;
#701 = ADVANCED_FACE ( 'NONE', ( #1768 ), #2619, .F. ) ;
#702 = ORIENTED_EDGE ( 'NONE', *, *, #1926, .T. ) ;
#703 = ORIENTED_EDGE ( 'NONE', *, *, #2676, .T. ) ;
#704 = VERTEX_POINT ( 'NONE', #3178 ) ;
#705 = FACE_OUTER_BOUND ( 'NONE', #1689, .T. ) ;
#706 = ORIENTED_EDGE ( 'NONE', *, *, #813, .F. ) ;
#707 = CARTESIAN_POINT ( 'NONE',  ( 4.499999999999990200, 1.300000000000040200, -2.449999999999998400 ) ) ;
#708 = LINE ( 'NONE', #470, #859 ) ;
#709 = DIRECTION ( 'NONE',  ( 6.982966722218764100E-015, -1.000000000000000000, -3.491483361109382100E-015 ) ) ;
#710 = CARTESIAN_POINT ( 'NONE',  ( 0.5000000000000240900, -3.449999999999994400, -0.6500000000000122300 ) ) ;
#711 = CARTESIAN_POINT ( 'NONE',  ( 4.500000000000027500, -4.049999999999966100, -0.6500000000000160100 ) ) ;
#712 = VECTOR ( 'NONE', #2819, 1000.000000000000000 ) ;
#713 =( GEOMETRIC_REPRESENTATION_CONTEXT ( 3 ) GLOBAL_UNCERTAINTY_ASSIGNED_CONTEXT ( ( #757 ) ) GLOBAL_UNIT_ASSIGNED_CONTEXT ( ( #3093, #35, #2305 ) ) REPRESENTATION_CONTEXT ( 'NONE', 'WORKASPACE' ) );
#714 = EDGE_CURVE ( 'NONE', #1331, #360, #1971, .T. ) ;
#715 = VERTEX_POINT ( 'NONE', #883 ) ;
#716 = EDGE_CURVE ( 'NONE', #2452, #2007, #313, .T. ) ;
#717 = DIRECTION ( 'NONE',  ( 1.000000000000000000, 6.982966722218764100E-015, 2.438091212180733500E-029 ) ) ;
#718 = DIRECTION ( 'NONE',  ( 0.0000000000000000000, 3.491483361109382100E-015, -1.000000000000000000 ) ) ;
#719 = CARTESIAN_POINT ( 'NONE',  ( 0.7000000000000179400, -2.599999999999987700, -2.050000000000009600 ) ) ;
#720 = DIRECTION ( 'NONE',  ( 1.445602896647339200E-016, -3.491483361109380900E-015, 1.000000000000000000 ) ) ;
#721 = VECTOR ( 'NONE', #2365, 1000.000000000000000 ) ;
#722 = ORIENTED_EDGE ( 'NONE', *, *, #233, .T. ) ;
#723 = LINE ( 'NONE', #2892, #1343 ) ;
#724 = ORIENTED_EDGE ( 'NONE', *, *, #610, .F. ) ;
#725 =( LENGTH_UNIT ( ) NAMED_UNIT ( * ) SI_UNIT ( .MILLI., .METRE. ) );
#726 = PRESENTATION_LAYER_ASSIGNMENT (  '', '', ( #1865 ) ) ;
#727 = LINE ( 'NONE', #157, #921 ) ;
#728 = DIRECTION ( 'NONE',  ( 0.0000000000000000000, -3.491483361109382100E-015, 1.000000000000000000 ) ) ;
#729 = EDGE_CURVE ( 'NONE', #2271, #2467, #1810, .T. ) ;
#730 = LINE ( 'NONE', #1268, #521 ) ;
#731 = DIRECTION ( 'NONE',  ( -0.0000000000000000000, 3.491483361109382100E-015, -1.000000000000000000 ) ) ;
#732 = PLANE ( 'NONE',  #474 ) ;
#733 = ORIENTED_EDGE ( 'NONE', *, *, #1926, .F. ) ;
#734 = CARTESIAN_POINT ( 'NONE',  ( 0.7500000000000123200, -1.799999999999987200, -2.050000000000006500 ) ) ;
#735 = VERTEX_POINT ( 'NONE', #2448 ) ;
#736 = EDGE_CURVE ( 'NONE', #2324, #3271, #2405, .T. ) ;
#737 = FILL_AREA_STYLE_COLOUR ( '', #261 ) ;
#738 = VERTEX_POINT ( 'NONE', #2925 ) ;
#739 = VECTOR ( 'NONE', #3185, 1000.000000000000000 ) ;
#740 = ORIENTED_EDGE ( 'NONE', *, *, #264, .F. ) ;
#741 = DIRECTION ( 'NONE',  ( -1.000000000000000000, -6.982966722218765700E-015, 4.231032868235872800E-016 ) ) ;
#742 =( NAMED_UNIT ( * ) PLANE_ANGLE_UNIT ( ) SI_UNIT ( $, .RADIAN. ) );
#743 = VECTOR ( 'NONE', #2952, 1000.000000000000000 ) ;
#744 = VECTOR ( 'NONE', #717, 1000.000000000000000 ) ;
#745 = VECTOR ( 'NONE', #2404, 1000.000000000000000 ) ;
#746 = EDGE_LOOP ( 'NONE', ( #469, #816, #2, #2429 ) ) ;
#747 = CARTESIAN_POINT ( 'NONE',  ( 1.400000000000027400, -3.949999999999977100, -4.400000000000014600 ) ) ;
#748 = ORIENTED_EDGE ( 'NONE', *, *, #2471, .F. ) ;
#749 = DIRECTION ( 'NONE',  ( -6.982966722218764100E-015, 1.000000000000000000, 3.491483361109382100E-015 ) ) ;
#750 = CARTESIAN_POINT ( 'NONE',  ( 5.000000000000015100, -2.149999999999964800, -9.854880867729358900E-015 ) ) ;
#751 = PLANE ( 'NONE',  #818 ) ;
#752 = ORIENTED_EDGE ( 'NONE', *, *, #2204, .F. ) ;
#753 = CARTESIAN_POINT ( 'NONE',  ( 4.300000000000018500, -2.599999999999967700, -0.6000000000000100800 ) ) ;
#754 =( NAMED_UNIT ( * ) SI_UNIT ( $, .STERADIAN. ) SOLID_ANGLE_UNIT ( ) );
#755 = STYLED_ITEM ( 'NONE', ( #30 ), #380 ) ;
#756 = DIRECTION ( 'NONE',  ( -6.982966722218764100E-015, 1.000000000000000000, 3.703035004521187900E-015 ) ) ;
#757 = UNCERTAINTY_MEASURE_WITH_UNIT (LENGTH_MEASURE( 1.000000000000000100E-005 ), #3093, 'distance_accuracy_value', 'NONE');
#758 = PRESENTATION_LAYER_ASSIGNMENT (  '', '', ( #1717 ) ) ;
#759 = PLANE ( 'NONE',  #524 ) ;
#760 = PLANE ( 'NONE',  #2684 ) ;
#761 = LINE ( 'NONE', #1074, #2172 ) ;
#762 = VERTEX_POINT ( 'NONE', #3214 ) ;
#763 = CARTESIAN_POINT ( 'NONE',  ( 4.499999999999990200, 1.300000000000040200, -2.449999999999998400 ) ) ;
#764 =( LENGTH_UNIT ( ) NAMED_UNIT ( * ) SI_UNIT ( .MILLI., .METRE. ) );
#765 = LINE ( 'NONE', #2736, #2432 ) ;
#766 = FACE_OUTER_BOUND ( 'NONE', #1560, .T. ) ;
#767 = DIRECTION ( 'NONE',  ( -1.000000000000000000, -6.982966722218764100E-015, -2.438091212180733500E-029 ) ) ;
#768 = STYLED_ITEM ( 'NONE', ( #2193 ), #1163 ) ;
#769 =( LENGTH_UNIT ( ) NAMED_UNIT ( * ) SI_UNIT ( .MILLI., .METRE. ) );
#770 = VECTOR ( 'NONE', #1511, 1000.000000000000000 ) ;
#771 = EDGE_CURVE ( 'NONE', #2595, #1362, #1023, .T. ) ;
#772 = CARTESIAN_POINT ( 'NONE',  ( 0.5000000000000149900, -2.149999999999996400, -7.739364433611411100E-015 ) ) ;
#773 = CARTESIAN_POINT ( 'NONE',  ( 3.425000000000000700, -0.04999999999997455800, -0.3499999999999993700 ) ) ;
#774 = ORIENTED_EDGE ( 'NONE', *, *, #2248, .F. ) ;
#775 = ORIENTED_EDGE ( 'NONE', *, *, #2456, .T. ) ;
#776 = FILL_AREA_STYLE ('',( #1500 ) ) ;
#777 = ORIENTED_EDGE ( 'NONE', *, *, #546, .T. ) ;
#778 =( GEOMETRIC_REPRESENTATION_CONTEXT ( 3 ) GLOBAL_UNCERTAINTY_ASSIGNED_CONTEXT ( ( #1204 ) ) GLOBAL_UNIT_ASSIGNED_CONTEXT ( ( #2434, #3114, #2836 ) ) REPRESENTATION_CONTEXT ( 'NONE', 'WORKASPACE' ) );
#779 = CARTESIAN_POINT ( 'NONE',  ( 4.499999999999984900, 1.950000000000040100, -2.449999999999995300 ) ) ;
#780 = ORIENTED_EDGE ( 'NONE', *, *, #992, .F. ) ;
#781 = COLOUR_RGB ( '',0.7529411764705882200, 0.7529411764705882200, 0.7529411764705882200 ) ;
#782 = VERTEX_POINT ( 'NONE', #2662 ) ;
#783 = CARTESIAN_POINT ( 'NONE',  ( 4.700000000000012600, -2.149999999999959100, -2.210000000000006600 ) ) ;
#784 = VECTOR ( 'NONE', #681, 1000.000000000000000 ) ;
#785 = LINE ( 'NONE', #2389, #2044 ) ;
#786 = DIRECTION ( 'NONE',  ( -1.000000000000000000, -6.982966722218764100E-015, -2.438091212180733500E-029 ) ) ;
#787 = CARTESIAN_POINT ( 'NONE',  ( 0.4999999999999909000, 1.300000000000016900, -3.749999999999996400 ) ) ;
#788 = FACE_OUTER_BOUND ( 'NONE', #1930, .T. ) ;
#789 = VECTOR ( 'NONE', #2586, 1000.000000000000000 ) ;
#790 = PRODUCT_DEFINITION_CONTEXT ( 'detailed design', #1308, 'design' ) ;
#791 = ORIENTED_EDGE ( 'NONE', *, *, #3268, .T. ) ;
#792 = COLOUR_RGB ( '',0.7529411764705882200, 0.7529411764705882200, 0.7529411764705882200 ) ;
#793 = CARTESIAN_POINT ( 'NONE',  ( 0.3499999999999863800, 1.950000000000007300, -1.299999999999993800 ) ) ;
#794 = AXIS2_PLACEMENT_3D ( 'NONE', #272, #2064, #543 ) ;
#795 = SURFACE_SIDE_STYLE ('',( #1373 ) ) ;
#796 = EDGE_CURVE ( 'NONE', #2955, #3221, #44, .T. ) ;
#797 = SURFACE_SIDE_STYLE ('',( #2874 ) ) ;
#798 = LINE ( 'NONE', #1467, #953 ) ;
#799 = UNCERTAINTY_MEASURE_WITH_UNIT (LENGTH_MEASURE( 1.000000000000000100E-005 ), #1103, 'distance_accuracy_value', 'NONE');
#800 = FILL_AREA_STYLE_COLOUR ( '', #1165 ) ;
#801 = LINE ( 'NONE', #374, #1864 ) ;
#802 = EDGE_CURVE ( 'NONE', #2200, #2629, #1410, .T. ) ;
#803 = ORIENTED_EDGE ( 'NONE', *, *, #3319, .T. ) ;
#804 = FILL_AREA_STYLE ('',( #1556 ) ) ;
#805 = LINE ( 'NONE', #842, #3188 ) ;
#806 = AXIS2_PLACEMENT_3D ( 'NONE', #2323, #64, #588 ) ;
#807 = VERTEX_POINT ( 'NONE', #929 ) ;
#808 = CARTESIAN_POINT ( 'NONE',  ( 3.600000000000028500, -4.049999999999961600, -4.400000000000014600 ) ) ;
#809 = LINE ( 'NONE', #1483, #443 ) ;
#810 = CARTESIAN_POINT ( 'NONE',  ( 4.249999999999985800, 1.950000000000043900, -3.999999999999993300 ) ) ;
#811 = AXIS2_PLACEMENT_3D ( 'NONE', #1648, #113, #1386 ) ;
#812 = VERTEX_POINT ( 'NONE', #2418 ) ;
#813 = EDGE_CURVE ( 'NONE', #1602, #2733, #409, .T. ) ;
#814 = EDGE_LOOP ( 'NONE', ( #2275, #1573, #2564, #1304 ) ) ;
#815 = CARTESIAN_POINT ( 'NONE',  ( 1.175000000000000300, -0.04999999999998416100, -2.100000000000000100 ) ) ;
#816 = ORIENTED_EDGE ( 'NONE', *, *, #351, .F. ) ;
#817 = LINE ( 'NONE', #632, #2726 ) ;
#818 = AXIS2_PLACEMENT_3D ( 'NONE', #711, #1722, #1976 ) ;
#819 = ORIENTED_EDGE ( 'NONE', *, *, #2403, .F. ) ;
#820 = DIRECTION ( 'NONE',  ( 0.0000000000000000000, 0.0000000000000000000, 1.000000000000000000 ) ) ;
#821 = PLANE ( 'NONE',  #253 ) ;
#822 = VERTEX_POINT ( 'NONE', #3187 ) ;
#823 = FACE_OUTER_BOUND ( 'NONE', #1928, .T. ) ;
#824 = AXIS2_PLACEMENT_3D ( 'NONE', #2895, #2090, #57 ) ;
#825 = ADVANCED_FACE ( 'NONE', ( #1732 ), #1423, .F. ) ;
#826 = LINE ( 'NONE', #19, #2342 ) ;
#827 = ORIENTED_EDGE ( 'NONE', *, *, #1590, .F. ) ;
#828 = VECTOR ( 'NONE', #3219, 1000.000000000000000 ) ;
#829 = VERTEX_POINT ( 'NONE', #648 ) ;
#830 = DIRECTION ( 'NONE',  ( -0.0000000000000000000, 3.491483361109382100E-015, -1.000000000000000000 ) ) ;
#831 =( LENGTH_UNIT ( ) NAMED_UNIT ( * ) SI_UNIT ( .MILLI., .METRE. ) );
#832 = PLANE ( 'NONE',  #806 ) ;
#833 = LINE ( 'NONE', #507, #2781 ) ;
#834 = EDGE_CURVE ( 'NONE', #3289, #1072, #3010, .T. ) ;
#835 = DIRECTION ( 'NONE',  ( 1.000000000000000000, 6.982966722218764100E-015, 2.438091212180733500E-029 ) ) ;
#836 = DIRECTION ( 'NONE',  ( 6.982966722218764100E-015, -1.000000000000000000, -3.491483361109382100E-015 ) ) ;
#837 = FACE_OUTER_BOUND ( 'NONE', #1993, .T. ) ;
#838 = AXIS2_PLACEMENT_3D ( 'NONE', #2945, #957, #969 ) ;
#839 = EDGE_LOOP ( 'NONE', ( #2898, #865, #230, #563, #1970, #2879 ) ) ;
#840 = SURFACE_SIDE_STYLE ('',( #2690 ) ) ;
#841 = VECTOR ( 'NONE', #2754, 1000.000000000000000 ) ;
#842 = CARTESIAN_POINT ( 'NONE',  ( 1.575000000000000000, -0.04999999999998747800, -0.3499999999999995900 ) ) ;
#843 = FILL_AREA_STYLE ('',( #2034 ) ) ;
#844 = AXIS2_PLACEMENT_3D ( 'NONE', #2855, #1050, #2581 ) ;
#845 =( NAMED_UNIT ( * ) PLANE_ANGLE_UNIT ( ) SI_UNIT ( $, .RADIAN. ) );
#846 = ADVANCED_FACE ( 'NONE', ( #2678, #367 ), #2153, .T. ) ;
#847 = ORIENTED_EDGE ( 'NONE', *, *, #2795, .F. ) ;
#848 = VERTEX_POINT ( 'NONE', #2672 ) ;
#849 = CARTESIAN_POINT ( 'NONE',  ( 4.500000000000015100, -2.149999999999968800, -9.431777580905759900E-015 ) ) ;
#850 = UNCERTAINTY_MEASURE_WITH_UNIT (LENGTH_MEASURE( 1.000000000000000100E-005 ), #3133, 'distance_accuracy_value', 'NONE');
#851 = PLANE ( 'NONE',  #1481 ) ;
#852 = ORIENTED_EDGE ( 'NONE', *, *, #2638, .T. ) ;
#853 = FACE_OUTER_BOUND ( 'NONE', #1288, .T. ) ;
#854 = ORIENTED_EDGE ( 'NONE', *, *, #442, .F. ) ;
#855 =( NAMED_UNIT ( * ) PLANE_ANGLE_UNIT ( ) SI_UNIT ( $, .RADIAN. ) );
#856 = VECTOR ( 'NONE', #448, 1000.000000000000000 ) ;
#857 = EDGE_CURVE ( 'NONE', #1307, #2605, #980, .T. ) ;
#858 = ORIENTED_EDGE ( 'NONE', *, *, #2703, .F. ) ;
#859 = VECTOR ( 'NONE', #2998, 1000.000000000000000 ) ;
#860 = DIRECTION ( 'NONE',  ( -1.000000000000000000, -6.982966722218764100E-015, -2.438091212180733500E-029 ) ) ;
#861 = FACE_OUTER_BOUND ( 'NONE', #2723, .T. ) ;
#862 = AXIS2_PLACEMENT_3D ( 'NONE', #376, #3223, #2151 ) ;
#863 = AXIS2_PLACEMENT_3D ( 'NONE', #246, #1271, #2054 ) ;
#864 = DIRECTION ( 'NONE',  ( -5.769590274867287400E-017, 3.220432817988005600E-015, -1.000000000000000000 ) ) ;
#865 = ORIENTED_EDGE ( 'NONE', *, *, #2157, .T. ) ;
#866 = ADVANCED_FACE ( 'NONE', ( #823 ), #917, .F. ) ;
#867 = CARTESIAN_POINT ( 'NONE',  ( 0.3000000000000298000, -4.200000000000000200, -0.01000000000001238800 ) ) ;
#868 = SURFACE_SIDE_STYLE ('',( #3255 ) ) ;
#869 = LINE ( 'NONE', #1007, #2820 ) ;
#870 = AXIS2_PLACEMENT_3D ( 'NONE', #2576, #1068, #248 ) ;
#871 = DIRECTION ( 'NONE',  ( -6.982966722218764100E-015, 1.000000000000000000, 3.491483361109382100E-015 ) ) ;
#872 = EDGE_CURVE ( 'NONE', #3085, #362, #2234, .T. ) ;
#873 = COLOUR_RGB ( '',0.7529411764705882200, 0.7529411764705882200, 0.7529411764705882200 ) ;
#874 = DIRECTION ( 'NONE',  ( -1.000000000000000000, -6.982966722218764100E-015, -2.438091212180733500E-029 ) ) ;
#875 = ORIENTED_EDGE ( 'NONE', *, *, #344, .T. ) ;
#876 = CARTESIAN_POINT ( 'NONE',  ( 4.249999999999985800, 1.950000000000035500, -1.549999999999993600 ) ) ;
#877 = EDGE_CURVE ( 'NONE', #489, #1169, #2600, .T. ) ;
#878 = CARTESIAN_POINT ( 'NONE',  ( 0.3000000000000298000, -4.200000000000000200, -0.01000000000001238800 ) ) ;
#879 = ORIENTED_EDGE ( 'NONE', *, *, #1624, .F. ) ;
#880 = CARTESIAN_POINT ( 'NONE',  ( 4.999999999999989300, 1.300000000000043800, -2.449999999999998400 ) ) ;
#881 = LINE ( 'NONE', #1593, #2710 ) ;
#882 = AXIS2_PLACEMENT_3D ( 'NONE', #2476, #951, #2711 ) ;
#883 = CARTESIAN_POINT ( 'NONE',  ( 4.300000000000018500, -2.599999999999967700, -0.6000000000000100800 ) ) ;
#884 = DIRECTION ( 'NONE',  ( -6.982966722218764100E-015, 1.000000000000000000, 3.491483361109382100E-015 ) ) ;
#885 = ORIENTED_EDGE ( 'NONE', *, *, #3319, .F. ) ;
#886 = DIRECTION ( 'NONE',  ( -6.982966722218764100E-015, 1.000000000000000000, 3.491483361109382100E-015 ) ) ;
#887 = SURFACE_SIDE_STYLE ('',( #1938 ) ) ;
#888 = DIRECTION ( 'NONE',  ( 1.000000000000000000, 6.982966722218764100E-015, 2.438091212180733500E-029 ) ) ;
#889 = VERTEX_POINT ( 'NONE', #2907 ) ;
#890 =( GEOMETRIC_REPRESENTATION_CONTEXT ( 3 ) GLOBAL_UNCERTAINTY_ASSIGNED_CONTEXT ( ( #1487 ) ) GLOBAL_UNIT_ASSIGNED_CONTEXT ( ( #831, #3100, #1799 ) ) REPRESENTATION_CONTEXT ( 'NONE', 'WORKASPACE' ) );
#891 = ORIENTED_EDGE ( 'NONE', *, *, #1980, .F. ) ;
#892 = CARTESIAN_POINT ( 'NONE',  ( 2.050000000000011400, -1.799999999999979400, -1.800000000000006000 ) ) ;
#893 = EDGE_CURVE ( 'NONE', #1225, #1538, #615, .T. ) ;
#894 = ORIENTED_EDGE ( 'NONE', *, *, #2811, .F. ) ;
#895 = FACE_OUTER_BOUND ( 'NONE', #2797, .T. ) ;
#896 = ADVANCED_FACE ( 'NONE', ( #278 ), #1125, .F. ) ;
#897 = FACE_OUTER_BOUND ( 'NONE', #1769, .T. ) ;
#898 = LINE ( 'NONE', #475, #407 ) ;
#899 = CARTESIAN_POINT ( 'NONE',  ( 1.175000000000000700, -0.04999999999998765200, -1.100000000000001200 ) ) ;
#900 = FACE_OUTER_BOUND ( 'NONE', #3206, .T. ) ;
#901 = VECTOR ( 'NONE', #381, 1000.000000000000000 ) ;
#902 = CARTESIAN_POINT ( 'NONE',  ( 4.250000000000001800, -0.3999999999999572800, -3.650000000000001700 ) ) ;
#903 = DIRECTION ( 'NONE',  ( 0.0000000000000000000, 3.491483361109382100E-015, -1.000000000000000000 ) ) ;
#904 = DIRECTION ( 'NONE',  ( -6.982966722218764100E-015, 1.000000000000000000, 3.491483361109382100E-015 ) ) ;
#905 = ORIENTED_EDGE ( 'NONE', *, *, #171, .F. ) ;
#906 = LINE ( 'NONE', #2632, #3305 ) ;
#907 = EDGE_CURVE ( 'NONE', #2009, #2941, #454, .T. ) ;
#908 = CARTESIAN_POINT ( 'NONE',  ( 4.999999999999985800, 1.950000000000035300, 7.675754292151821000E-015 ) ) ;
#909 = DIRECTION ( 'NONE',  ( 9.637352644315588800E-016, -3.491483361109375400E-015, 1.000000000000000000 ) ) ;
#910 = ORIENTED_EDGE ( 'NONE', *, *, #1385, .F. ) ;
#911 = DIRECTION ( 'NONE',  ( -1.000000000000000000, -6.982966722218767300E-015, 9.637352644315344300E-016 ) ) ;
#912 = ADVANCED_FACE ( 'NONE', ( #2565, #2077 ), #1874, .F. ) ;
#913 = CARTESIAN_POINT ( 'NONE',  ( 0.4999999999999863400, 1.950000000000018800, -4.399999999999993200 ) ) ;
#914 =( NAMED_UNIT ( * ) SI_UNIT ( $, .STERADIAN. ) SOLID_ANGLE_UNIT ( ) );
#915 = DIRECTION ( 'NONE',  ( 1.000000000000000000, 6.982966722218764900E-015, -2.168404344970766500E-016 ) ) ;
#916 = ORIENTED_EDGE ( 'NONE', *, *, #2058, .F. ) ;
#917 = PLANE ( 'NONE',  #2176 ) ;
#918 = FACE_OUTER_BOUND ( 'NONE', #2263, .T. ) ;
#919 = EDGE_LOOP ( 'NONE', ( #2184, #2267, #3293, #3248, #319, #885 ) ) ;
#920 = LINE ( 'NONE', #787, #2505 ) ;
#921 = VECTOR ( 'NONE', #2993, 1000.000000000000000 ) ;
#922 = DIRECTION ( 'NONE',  ( 1.892736922655891900E-030, 3.220432817988006000E-015, -1.000000000000000000 ) ) ;
#923 = EDGE_CURVE ( 'NONE', #132, #561, #1366, .T. ) ;
#924 = FACE_OUTER_BOUND ( 'NONE', #2888, .T. ) ;
#925 = DIRECTION ( 'NONE',  ( -0.0000000000000000000, 3.491483361109382100E-015, -1.000000000000000000 ) ) ;
#926 =( NAMED_UNIT ( * ) PLANE_ANGLE_UNIT ( ) SI_UNIT ( $, .RADIAN. ) );
#927 = PLANE ( 'NONE',  #2865 ) ;
#928 = PLANE ( 'NONE',  #54 ) ;
#929 = CARTESIAN_POINT ( 'NONE',  ( 4.999999999999989300, 1.300000000000043800, -2.449999999999998400 ) ) ;
#930 = ORIENTED_EDGE ( 'NONE', *, *, #3036, .F. ) ;
#931 = ADVANCED_FACE ( 'NONE', ( #705 ), #2896, .F. ) ;
#932 = ORIENTED_EDGE ( 'NONE', *, *, #344, .F. ) ;
#933 = CARTESIAN_POINT ( 'NONE',  ( 4.999999999999985800, 1.950000000000035300, 7.675754292151821000E-015 ) ) ;
#934 = ORIENTED_EDGE ( 'NONE', *, *, #1008, .F. ) ;
#935 = VERTEX_POINT ( 'NONE', #2394 ) ;
#936 = DIRECTION ( 'NONE',  ( -1.000000000000000000, -6.982966722218764100E-015, -2.438091212180733500E-029 ) ) ;
#937 =( GEOMETRIC_REPRESENTATION_CONTEXT ( 3 ) GLOBAL_UNCERTAINTY_ASSIGNED_CONTEXT ( ( #2730 ) ) GLOBAL_UNIT_ASSIGNED_CONTEXT ( ( #2810, #557, #1286 ) ) REPRESENTATION_CONTEXT ( 'NONE', 'WORKASPACE' ) );
#938 = VERTEX_POINT ( 'NONE', #1902 ) ;
#939 = ORIENTED_EDGE ( 'NONE', *, *, #1491, .T. ) ;
#940 = EDGE_CURVE ( 'NONE', #2205, #2915, #817, .T. ) ;
#941 = ORIENTED_EDGE ( 'NONE', *, *, #1918, .T. ) ;
#942 = VECTOR ( 'NONE', #2885, 1000.000000000000000 ) ;
#943 = ORIENTED_EDGE ( 'NONE', *, *, #2286, .F. ) ;
#944 = COLOUR_RGB ( '',0.0000000000000000000, 0.0000000000000000000, 0.6274509803921568500 ) ;
#945 = COLOUR_RGB ( '',0.7529411764705882200, 0.7529411764705882200, 0.7529411764705882200 ) ;
#946 = DIRECTION ( 'NONE',  ( -1.000000000000000000, -6.982966722218767300E-015, 8.462065736471990200E-016 ) ) ;
#947 = FACE_OUTER_BOUND ( 'NONE', #1613, .T. ) ;
#948 = DIRECTION ( 'NONE',  ( 0.0000000000000000000, -3.491483361109382100E-015, 1.000000000000000000 ) ) ;
#949 = ORIENTED_EDGE ( 'NONE', *, *, #3053, .F. ) ;
#950 = ADVANCED_FACE ( 'NONE', ( #1321 ), #2436, .F. ) ;
#951 = DIRECTION ( 'NONE',  ( -1.000000000000000000, -6.982966722218764100E-015, -2.438091212180733500E-029 ) ) ;
#952 = DIRECTION ( 'NONE',  ( -6.982966722218764100E-015, 1.000000000000000000, 3.220432817988006000E-015 ) ) ;
#953 = VECTOR ( 'NONE', #1736, 1000.000000000000000 ) ;
#954 = DIRECTION ( 'NONE',  ( -6.982966722218764100E-015, 1.000000000000000000, 3.610481160528522600E-015 ) ) ;
#955 = LINE ( 'NONE', #2681, #258 ) ;
#956 = MECHANICAL_DESIGN_GEOMETRIC_PRESENTATION_REPRESENTATION (  '', ( #608 ), #1127 ) ;
#957 = DIRECTION ( 'NONE',  ( 1.000000000000000000, 6.982966722218764100E-015, 2.438091212180733500E-029 ) ) ;
#958 = ORIENTED_EDGE ( 'NONE', *, *, #2489, .T. ) ;
#959 = VECTOR ( 'NONE', #1772, 1000.000000000000000 ) ;
#960 = SURFACE_STYLE_FILL_AREA ( #1546 ) ;
#961 = EDGE_CURVE ( 'NONE', #304, #101, #3168, .T. ) ;
#962 = LINE ( 'NONE', #3135, #1000 ) ;
#963 = EDGE_LOOP ( 'NONE', ( #533, #1899, #2743, #2182 ) ) ;
#964 = LINE ( 'NONE', #81, #3037 ) ;
#965 = CARTESIAN_POINT ( 'NONE',  ( 3.600000000000027600, -3.899999999999959900, -4.950000000000017900 ) ) ;
#966 = VECTOR ( 'NONE', #3097, 1000.000000000000000 ) ;
#967 =( LENGTH_UNIT ( ) NAMED_UNIT ( * ) SI_UNIT ( .MILLI., .METRE. ) );
#968 = EDGE_CURVE ( 'NONE', #2844, #1510, #274, .T. ) ;
#969 = DIRECTION ( 'NONE',  ( -6.982966722218764100E-015, 1.000000000000000000, 3.491483361109382100E-015 ) ) ;
#970 = PLANE ( 'NONE',  #587 ) ;
#971 = AXIS2_PLACEMENT_3D ( 'NONE', #1144, #2654, #349 ) ;
#972 = ORIENTED_EDGE ( 'NONE', *, *, #2075, .T. ) ;
#973 = DIRECTION ( 'NONE',  ( 1.000000000000000000, 6.982966722218767300E-015, -8.462065736471991200E-016 ) ) ;
#974 = VERTEX_POINT ( 'NONE', #1171 ) ;
#975 = VERTEX_POINT ( 'NONE', #1923 ) ;
#976 = FACE_OUTER_BOUND ( 'NONE', #2279, .T. ) ;
#977 =( NAMED_UNIT ( * ) SI_UNIT ( $, .STERADIAN. ) SOLID_ANGLE_UNIT ( ) );
#978 = ORIENTED_EDGE ( 'NONE', *, *, #2341, .T. ) ;
#979 = CARTESIAN_POINT ( 'NONE',  ( 4.500000000000015100, -2.149999999999968800, -9.431777580905759900E-015 ) ) ;
#980 = LINE ( 'NONE', #136, #743 ) ;
#981 = CARTESIAN_POINT ( 'NONE',  ( 0.7000000000000122800, -1.799999999999994500, -6.204781468866358300E-015 ) ) ;
#982 = CARTESIAN_POINT ( 'NONE',  ( 2.409123519165474100E-014, -3.449999999999992600, -2.250000000000012000 ) ) ;
#983 = CARTESIAN_POINT ( 'NONE',  ( 1.175000000000029400, -4.159046182766874500, -1.100000000000015400 ) ) ;
#984 = VECTOR ( 'NONE', #1817, 1000.000000000000000 ) ;
#985 = PRESENTATION_LAYER_ASSIGNMENT (  '', '', ( #2056 ) ) ;
#986 = ORIENTED_EDGE ( 'NONE', *, *, #2243, .F. ) ;
#987 = LINE ( 'NONE', #933, #1659 ) ;
#988 = EDGE_CURVE ( 'NONE', #807, #1727, #612, .T. ) ;
#989 = ORIENTED_EDGE ( 'NONE', *, *, #3156, .T. ) ;
#990 = SURFACE_STYLE_USAGE ( .BOTH. , #3269 ) ;
#991 = VERTEX_POINT ( 'NONE', #417 ) ;
#992 = EDGE_CURVE ( 'NONE', #1092, #226, #1537, .T. ) ;
#993 =( GEOMETRIC_REPRESENTATION_CONTEXT ( 3 ) GLOBAL_UNCERTAINTY_ASSIGNED_CONTEXT ( ( #1893 ) ) GLOBAL_UNIT_ASSIGNED_CONTEXT ( ( #1922, #3184, #402 ) ) REPRESENTATION_CONTEXT ( 'NONE', 'WORKASPACE' ) );
#994 =( GEOMETRIC_REPRESENTATION_CONTEXT ( 3 ) GLOBAL_UNCERTAINTY_ASSIGNED_CONTEXT ( ( #2862 ) ) GLOBAL_UNIT_ASSIGNED_CONTEXT ( ( #1949, #2222, #425 ) ) REPRESENTATION_CONTEXT ( 'NONE', 'WORKASPACE' ) );
#995 = CARTESIAN_POINT ( 'NONE',  ( 2.600000000000028100, -3.949999999999968200, -4.400000000000014600 ) ) ;
#996 = CARTESIAN_POINT ( 'NONE',  ( 0.3499999999999863800, 1.950000000000007300, -1.299999999999993800 ) ) ;
#997 = FACE_OUTER_BOUND ( 'NONE', #1197, .T. ) ;
#998 = PLANE ( 'NONE',  #2924 ) ;
#999 = ORIENTED_EDGE ( 'NONE', *, *, #2075, .F. ) ;
#1000 = VECTOR ( 'NONE', #292, 1000.000000000000000 ) ;
#1001 = ORIENTED_EDGE ( 'NONE', *, *, #1789, .F. ) ;
#1002 = CARTESIAN_POINT ( 'NONE',  ( 1.400000000000028100, -4.049999999999977600, -4.400000000000014600 ) ) ;
#1003 = UNCERTAINTY_MEASURE_WITH_UNIT (LENGTH_MEASURE( 1.000000000000000100E-005 ), #87, 'distance_accuracy_value', 'NONE');
#1004 = AXIS2_PLACEMENT_3D ( 'NONE', #1047, #3063, #2038 ) ;
#1005 = CARTESIAN_POINT ( 'NONE',  ( -9.077856738884396200E-015, 1.300000000000013400, -3.749999999999996400 ) ) ;
#1006 = DIRECTION ( 'NONE',  ( -8.462065736472233800E-016, 3.491483361109376100E-015, -1.000000000000000000 ) ) ;
#1007 = CARTESIAN_POINT ( 'NONE',  ( 5.000000000000023100, -3.449999999999957500, -2.250000000000014200 ) ) ;
#1008 = EDGE_CURVE ( 'NONE', #1932, #822, #1135, .T. ) ;
#1009 = VECTOR ( 'NONE', #1811, 1000.000000000000000 ) ;
#1010 = DIRECTION ( 'NONE',  ( 1.000000000000000000, 6.982966722218764100E-015, 2.438091212180733500E-029 ) ) ;
#1011 = SURFACE_SIDE_STYLE ('',( #640 ) ) ;
#1012 = CARTESIAN_POINT ( 'NONE',  ( 3.425000000000000700, -0.04999999999997455800, -0.3499999999999993700 ) ) ;
#1013 = VERTEX_POINT ( 'NONE', #697 ) ;
#1014 = VERTEX_POINT ( 'NONE', #1422 ) ;
#1015 = ORIENTED_EDGE ( 'NONE', *, *, #2553, .T. ) ;
#1016 = DIRECTION ( 'NONE',  ( 1.000000000000000000, 6.982966722218770400E-015, -1.734723475976770600E-015 ) ) ;
#1017 = ORIENTED_EDGE ( 'NONE', *, *, #109, .T. ) ;
#1018 = VECTOR ( 'NONE', #1761, 1000.000000000000000 ) ;
#1019 = ORIENTED_EDGE ( 'NONE', *, *, #2660, .T. ) ;
#1020 = CARTESIAN_POINT ( 'NONE',  ( 2.050000000000012300, -1.799999999999980900, -1.350000000000005600 ) ) ;
#1021 = DIRECTION ( 'NONE',  ( -1.000000000000000000, -6.982966722218764100E-015, -2.438091212180733500E-029 ) ) ;
#1022 = ORIENTED_EDGE ( 'NONE', *, *, #2917, .T. ) ;
#1023 = LINE ( 'NONE', #1397, #3209 ) ;
#1024 = VERTEX_POINT ( 'NONE', #719 ) ;
#1025 = LINE ( 'NONE', #1438, #614 ) ;
#1026 = LINE ( 'NONE', #1931, #1850 ) ;
#1027 = STYLED_ITEM ( 'NONE', ( #445 ), #629 ) ;
#1028 = ORIENTED_EDGE ( 'NONE', *, *, #2891, .T. ) ;
#1029 = LINE ( 'NONE', #3126, #942 ) ;
#1030 = DIRECTION ( 'NONE',  ( 0.0000000000000000000, -3.491483361109382100E-015, 1.000000000000000000 ) ) ;
#1031 = ORIENTED_EDGE ( 'NONE', *, *, #2087, .F. ) ;
#1032 = LINE ( 'NONE', #2146, #324 ) ;
#1033 = VECTOR ( 'NONE', #3137, 1000.000000000000000 ) ;
#1034 =( NAMED_UNIT ( * ) PLANE_ANGLE_UNIT ( ) SI_UNIT ( $, .RADIAN. ) );
#1035 = ORIENTED_EDGE ( 'NONE', *, *, #2425, .F. ) ;
#1036 = FILL_AREA_STYLE ('',( #2831 ) ) ;
#1037 = CARTESIAN_POINT ( 'NONE',  ( 3.600000000000028100, -3.949999999999964700, -3.450000000000014400 ) ) ;
#1038 = EDGE_CURVE ( 'NONE', #1568, #249, #2637, .T. ) ;
#1039 =( LENGTH_UNIT ( ) NAMED_UNIT ( * ) SI_UNIT ( .MILLI., .METRE. ) );
#1040 = VECTOR ( 'NONE', #429, 1000.000000000000000 ) ;
#1041 =( GEOMETRIC_REPRESENTATION_CONTEXT ( 3 ) GLOBAL_UNCERTAINTY_ASSIGNED_CONTEXT ( ( #42 ) ) GLOBAL_UNIT_ASSIGNED_CONTEXT ( ( #2186, #926, #914 ) ) REPRESENTATION_CONTEXT ( 'NONE', 'WORKASPACE' ) );
#1042 = AXIS2_PLACEMENT_3D ( 'NONE', #2272, #1792, #1803 ) ;
#1043 = DIRECTION ( 'NONE',  ( -1.000000000000000000, -6.982966722218764100E-015, -2.438091212180733500E-029 ) ) ;
#1044 = FACE_OUTER_BOUND ( 'NONE', #3048, .T. ) ;
#1045 = ORIENTED_EDGE ( 'NONE', *, *, #1627, .F. ) ;
#1046 =( LENGTH_UNIT ( ) NAMED_UNIT ( * ) SI_UNIT ( .MILLI., .METRE. ) );
#1047 = CARTESIAN_POINT ( 'NONE',  ( 4.499999999999999100, -0.2999999999999554100, -3.750000000000003600 ) ) ;
#1048 = COLOUR_RGB ( '',0.7529411764705882200, 0.7529411764705882200, 0.7529411764705882200 ) ;
#1049 = ORIENTED_EDGE ( 'NONE', *, *, #155, .T. ) ;
#1050 = DIRECTION ( 'NONE',  ( 0.0000000000000000000, -3.491483361109382100E-015, 1.000000000000000000 ) ) ;
#1051 = LINE ( 'NONE', #3149, #2139 ) ;
#1052 =( NAMED_UNIT ( * ) SI_UNIT ( $, .STERADIAN. ) SOLID_ANGLE_UNIT ( ) );
#1053 = ORIENTED_EDGE ( 'NONE', *, *, #2370, .T. ) ;
#1054 = CARTESIAN_POINT ( 'NONE',  ( 1.600000000000027400, -3.899999999999973700, -4.950000000000017100 ) ) ;
#1055 = VECTOR ( 'NONE', #1077, 1000.000000000000000 ) ;
#1056 = EDGE_CURVE ( 'NONE', #2007, #1706, #40, .T. ) ;
#1057 = ORIENTED_EDGE ( 'NONE', *, *, #1080, .T. ) ;
#1058 = EDGE_CURVE ( 'NONE', #1712, #1510, #1404, .T. ) ;
#1059 = EDGE_LOOP ( 'NONE', ( #1639, #941, #444, #1212 ) ) ;
#1060 = PLANE ( 'NONE',  #1975 ) ;
#1061 = ORIENTED_EDGE ( 'NONE', *, *, #2985, .F. ) ;
#1062 = PRESENTATION_LAYER_ASSIGNMENT (  '', '', ( #116 ) ) ;
#1063 = ORIENTED_EDGE ( 'NONE', *, *, #2769, .F. ) ;
#1064 = SURFACE_SIDE_STYLE ('',( #12 ) ) ;
#1065 = ORIENTED_EDGE ( 'NONE', *, *, #1747, .T. ) ;
#1066 = LINE ( 'NONE', #1946, #3250 ) ;
#1067 = ORIENTED_EDGE ( 'NONE', *, *, #2829, .F. ) ;
#1068 = DIRECTION ( 'NONE',  ( 1.000000000000000000, 6.982966722218764100E-015, 2.438091212180733500E-029 ) ) ;
#1069 = VECTOR ( 'NONE', #679, 1000.000000000000000 ) ;
#1070 = DIRECTION ( 'NONE',  ( 6.982966722218764100E-015, -1.000000000000000000, -3.491483361109382100E-015 ) ) ;
#1071 = LINE ( 'NONE', #2931, #3258 ) ;
#1072 = VERTEX_POINT ( 'NONE', #1443 ) ;
#1073 = CARTESIAN_POINT ( 'NONE',  ( 3.400000000000029700, -4.199999999999964700, -3.950000000000018400 ) ) ;
#1074 = CARTESIAN_POINT ( 'NONE',  ( 4.250000000000017800, -2.599999999999957500, -3.650000000000009700 ) ) ;
#1075 = EDGE_CURVE ( 'NONE', #2063, #29, #2232, .T. ) ;
#1076 = ORIENTED_EDGE ( 'NONE', *, *, #2437, .F. ) ;
#1077 = DIRECTION ( 'NONE',  ( -9.637352644315571100E-016, 3.250549545001485400E-015, -1.000000000000000000 ) ) ;
#1078 = LINE ( 'NONE', #996, #2246 ) ;
#1079 = FILL_AREA_STYLE ('',( #800 ) ) ;
#1080 = EDGE_CURVE ( 'NONE', #1880, #259, #1452, .T. ) ;
#1081 = DIRECTION ( 'NONE',  ( 1.000000000000000000, 6.982966722218765700E-015, -4.231032868235872800E-016 ) ) ;
#1082 = LINE ( 'NONE', #55, #1674 ) ;
#1083 = FILL_AREA_STYLE_COLOUR ( '', #1579 ) ;
#1084 = ORIENTED_EDGE ( 'NONE', *, *, #2614, .F. ) ;
#1085 = LINE ( 'NONE', #1766, #3190 ) ;
#1086 = FACE_OUTER_BOUND ( 'NONE', #1251, .T. ) ;
#1087 = ADVANCED_FACE ( 'NONE', ( #853 ), #927, .T. ) ;
#1088 = VERTEX_POINT ( 'NONE', #2700 ) ;
#1089 = DIRECTION ( 'NONE',  ( 6.982966722218764100E-015, -1.000000000000000000, -3.491483361109382100E-015 ) ) ;
#1090 = VECTOR ( 'NONE', #3313, 1000.000000000000000 ) ;
#1091 = PRESENTATION_LAYER_ASSIGNMENT (  '', '', ( #755 ) ) ;
#1092 = VERTEX_POINT ( 'NONE', #3244 ) ;
#1093 = PLANE ( 'NONE',  #2300 ) ;
#1094 = DIRECTION ( 'NONE',  ( 7.885106708985499900E-016, -3.688611028834013500E-015, 1.000000000000000000 ) ) ;
#1095 = ORIENTED_EDGE ( 'NONE', *, *, #1469, .F. ) ;
#1096 = VECTOR ( 'NONE', #2116, 1000.000000000000000 ) ;
#1097 = VERTEX_POINT ( 'NONE', #1431 ) ;
#1098 = SURFACE_STYLE_FILL_AREA ( #1707 ) ;
#1099 =( NAMED_UNIT ( * ) PLANE_ANGLE_UNIT ( ) SI_UNIT ( $, .RADIAN. ) );
#1100 = ORIENTED_EDGE ( 'NONE', *, *, #2302, .T. ) ;
#1101 = LINE ( 'NONE', #536, #2731 ) ;
#1102 = LINE ( 'NONE', #592, #2359 ) ;
#1103 =( LENGTH_UNIT ( ) NAMED_UNIT ( * ) SI_UNIT ( .MILLI., .METRE. ) );
#1104 = EDGE_LOOP ( 'NONE', ( #2631, #2947, #400, #2292 ) ) ;
#1105 = CARTESIAN_POINT ( 'NONE',  ( 4.500000000000027500, -4.049999999999960700, -2.250000000000016000 ) ) ;
#1106 = DIRECTION ( 'NONE',  ( -6.982966722218764100E-015, 1.000000000000000000, 3.309264508590810100E-015 ) ) ;
#1107 = MECHANICAL_DESIGN_GEOMETRIC_PRESENTATION_REPRESENTATION (  '', ( #2056 ), #713 ) ;
#1108 = PLANE ( 'NONE',  #2274 ) ;
#1109 = EDGE_CURVE ( 'NONE', #190, #2665, #193, .T. ) ;
#1110 = DIRECTION ( 'NONE',  ( 1.000000000000000000, 6.982966722218764900E-015, 2.438091212180733800E-029 ) ) ;
#1111 = VECTOR ( 'NONE', #1444, 1000.000000000000000 ) ;
#1112 = SURFACE_STYLE_USAGE ( .BOTH. , #2407 ) ;
#1113 = CARTESIAN_POINT ( 'NONE',  ( 4.499999999999988500, 1.300000000000044900, -3.749999999999998200 ) ) ;
#1114 = AXIS2_PLACEMENT_3D ( 'NONE', #2750, #1473, #2981 ) ;
#1115 = EDGE_LOOP ( 'NONE', ( #774, #1545, #1663, #287 ) ) ;
#1116 = PRESENTATION_STYLE_ASSIGNMENT (( #2021 ) ) ;
#1117 = LINE ( 'NONE', #1743, #1788 ) ;
#1118 = ADVANCED_FACE ( 'NONE', ( #2309 ), #970, .F. ) ;
#1119 = FILL_AREA_STYLE_COLOUR ( '', #2967 ) ;
#1120 = CARTESIAN_POINT ( 'NONE',  ( 4.500000000000013300, -2.149999999999966200, -0.6500000000000093500 ) ) ;
#1121 = LINE ( 'NONE', #3163, #2065 ) ;
#1122 = FILL_AREA_STYLE ('',( #108 ) ) ;
#1123 = COLOUR_RGB ( '',0.7529411764705882200, 0.7529411764705882200, 0.7529411764705882200 ) ;
#1124 = CARTESIAN_POINT ( 'NONE',  ( 3.825000000000018400, -2.599999999999971200, -0.6000000000000100800 ) ) ;
#1125 = PLANE ( 'NONE',  #811 ) ;
#1126 = ORIENTED_EDGE ( 'NONE', *, *, #1222, .T. ) ;
#1127 =( GEOMETRIC_REPRESENTATION_CONTEXT ( 3 ) GLOBAL_UNCERTAINTY_ASSIGNED_CONTEXT ( ( #1003 ) ) GLOBAL_UNIT_ASSIGNED_CONTEXT ( ( #87, #845, #1389 ) ) REPRESENTATION_CONTEXT ( 'NONE', 'WORKASPACE' ) );
#1128 = DIRECTION ( 'NONE',  ( 0.0000000000000000000, -3.491483361109382100E-015, 1.000000000000000000 ) ) ;
#1129 = EDGE_CURVE ( 'NONE', #975, #1741, #1969, .T. ) ;
#1130 = ORIENTED_EDGE ( 'NONE', *, *, #2751, .T. ) ;
#1131 = DIRECTION ( 'NONE',  ( -6.982966722218764100E-015, 1.000000000000000000, 3.491483361109382100E-015 ) ) ;
#1132 = ORIENTED_EDGE ( 'NONE', *, *, #2816, .T. ) ;
#1133 = DIRECTION ( 'NONE',  ( -6.982966722218764100E-015, 1.000000000000000000, 3.491483361109382100E-015 ) ) ;
#1134 = VERTEX_POINT ( 'NONE', #1185 ) ;
#1135 = LINE ( 'NONE', #1713, #3007 ) ;
#1136 = ORIENTED_EDGE ( 'NONE', *, *, #1642, .T. ) ;
#1137 = CARTESIAN_POINT ( 'NONE',  ( 2.828101522498601200E-014, -4.049999999999986500, -4.400000000000014600 ) ) ;
#1138 = EDGE_CURVE ( 'NONE', #1654, #3276, #1066, .T. ) ;
#1139 = LINE ( 'NONE', #72, #1892 ) ;
#1140 = MECHANICAL_DESIGN_GEOMETRIC_PRESENTATION_REPRESENTATION (  '', ( #2978 ), #3321 ) ;
#1141 = ORIENTED_EDGE ( 'NONE', *, *, #589, .F. ) ;
#1142 = ORIENTED_EDGE ( 'NONE', *, *, #1783, .T. ) ;
#1143 = CARTESIAN_POINT ( 'NONE',  ( 2.600000000000027600, -3.899999999999967000, -4.950000000000017100 ) ) ;
#1144 = CARTESIAN_POINT ( 'NONE',  ( 0.7500000000000178700, -2.599999999999987200, -2.100000000000009400 ) ) ;
#1145 = ORIENTED_EDGE ( 'NONE', *, *, #2382, .T. ) ;
#1146 = ADVANCED_FACE ( 'NONE', ( #895 ), #2468, .F. ) ;
#1147 = DIRECTION ( 'NONE',  ( 0.0000000000000000000, -3.491483361109382100E-015, 1.000000000000000000 ) ) ;
#1148 = DIRECTION ( 'NONE',  ( -1.000000000000000000, -6.982966722218764100E-015, -2.438091212180733500E-029 ) ) ;
#1149 = VECTOR ( 'NONE', #3295, 1000.000000000000000 ) ;
#1150 = EDGE_CURVE ( 'NONE', #2108, #829, #1806, .T. ) ;
#1151 = AXIS2_PLACEMENT_3D ( 'NONE', #1744, #1735, #201 ) ;
#1152 = EDGE_CURVE ( 'NONE', #2244, #1285, #1998, .T. ) ;
#1153 = VECTOR ( 'NONE', #522, 1000.000000000000000 ) ;
#1154 = CARTESIAN_POINT ( 'NONE',  ( 4.999999999999985800, 1.950000000000050100, -4.399999999999993200 ) ) ;
#1155 = FACE_OUTER_BOUND ( 'NONE', #2545, .T. ) ;
#1156 = EDGE_CURVE ( 'NONE', #812, #1134, #161, .T. ) ;
#1157 = FILL_AREA_STYLE_COLOUR ( '', #792 ) ;
#1158 = VERTEX_POINT ( 'NONE', #2974 ) ;
#1159 = SURFACE_STYLE_FILL_AREA ( #2557 ) ;
#1160 = LINE ( 'NONE', #3264, #299 ) ;
#1161 = AXIS2_PLACEMENT_3D ( 'NONE', #388, #903, #1912 ) ;
#1162 = DIRECTION ( 'NONE',  ( -6.982966722218764100E-015, 1.000000000000000000, 3.392919527247063600E-015 ) ) ;
#1163 = ADVANCED_FACE ( 'NONE', ( #976 ), #211, .T. ) ;
#1164 = VECTOR ( 'NONE', #508, 1000.000000000000000 ) ;
#1165 = COLOUR_RGB ( '',0.7529411764705882200, 0.7529411764705882200, 0.7529411764705882200 ) ;
#1166 = DIRECTION ( 'NONE',  ( 0.0000000000000000000, -3.491483361109382100E-015, 1.000000000000000000 ) ) ;
#1167 = DIRECTION ( 'NONE',  ( -1.000000000000000000, -6.982966722218767300E-015, 8.462065736471990200E-016 ) ) ;
#1168 = DIRECTION ( 'NONE',  ( -8.462065736472282100E-016, 4.158684698023532600E-015, -1.000000000000000000 ) ) ;
#1169 = VERTEX_POINT ( 'NONE', #2261 ) ;
#1170 = CARTESIAN_POINT ( 'NONE',  ( 3.400000000000027400, -3.899999999999961300, -4.950000000000017900 ) ) ;
#1171 = CARTESIAN_POINT ( 'NONE',  ( 0.4999999999999863400, 1.950000000000012400, -2.449999999999993500 ) ) ;
#1172 = ORIENTED_EDGE ( 'NONE', *, *, #1109, .T. ) ;
#1173 = DIRECTION ( 'NONE',  ( 6.982966722218764100E-015, -1.000000000000000000, -3.309264508590810100E-015 ) ) ;
#1174 = EDGE_CURVE ( 'NONE', #2915, #36, #1842, .T. ) ;
#1175 = ORIENTED_EDGE ( 'NONE', *, *, #1564, .F. ) ;
#1176 = VECTOR ( 'NONE', #2789, 1000.000000000000000 ) ;
#1177 = EDGE_LOOP ( 'NONE', ( #1695, #1254, #1647, #322 ) ) ;
#1178 = ORIENTED_EDGE ( 'NONE', *, *, #1239, .F. ) ;
#1179 = DIRECTION ( 'NONE',  ( 0.0000000000000000000, -3.491483361109382100E-015, 1.000000000000000000 ) ) ;
#1180 = LINE ( 'NONE', #372, #745 ) ;
#1181 = ADVANCED_FACE ( 'NONE', ( #1763 ), #2755, .T. ) ;
#1182 = VECTOR ( 'NONE', #458, 1000.000000000000000 ) ;
#1183 = DIRECTION ( 'NONE',  ( 5.769590274867615200E-017, -3.688611028834019000E-015, 1.000000000000000000 ) ) ;
#1184 = CARTESIAN_POINT ( 'NONE',  ( 4.250000000000011500, -1.799999999999967000, -0.8000000000000067100 ) ) ;
#1185 = CARTESIAN_POINT ( 'NONE',  ( 3.400000000000028300, -4.049999999999963400, -4.400000000000014600 ) ) ;
#1186 = ORIENTED_EDGE ( 'NONE', *, *, #155, .F. ) ;
#1187 = DIRECTION ( 'NONE',  ( -1.000000000000000000, -6.982966722218763300E-015, -1.141265444721827800E-016 ) ) ;
#1188 = LINE ( 'NONE', #3038, #82 ) ;
#1189 = SURFACE_STYLE_FILL_AREA ( #843 ) ;
#1190 = ORIENTED_EDGE ( 'NONE', *, *, #65, .F. ) ;
#1191 = DIRECTION ( 'NONE',  ( 0.0000000000000000000, -3.491483361109382100E-015, 1.000000000000000000 ) ) ;
#1192 = CARTESIAN_POINT ( 'NONE',  ( 2.828101522498601200E-014, -4.049999999999986500, -4.400000000000014600 ) ) ;
#1193 = CARTESIAN_POINT ( 'NONE',  ( 4.250000000000001800, -0.3999999999999572800, -3.650000000000001700 ) ) ;
#1194 = LINE ( 'NONE', #2230, #172 ) ;
#1195 = VECTOR ( 'NONE', #1191, 1000.000000000000000 ) ;
#1196 = ADVANCED_FACE ( 'NONE', ( #2960 ), #494, .F. ) ;
#1197 = EDGE_LOOP ( 'NONE', ( #2575, #1676, #2910, #3051, #1776, #1965 ) ) ;
#1198 = PLANE ( 'NONE',  #1114 ) ;
#1199 = LINE ( 'NONE', #630, #3318 ) ;
#1200 = CARTESIAN_POINT ( 'NONE',  ( 0.7499999999999861200, 1.950000000000009500, -1.099999999999994300 ) ) ;
#1201 = EDGE_CURVE ( 'NONE', #2955, #1727, #1411, .T. ) ;
#1202 = VECTOR ( 'NONE', #830, 1000.000000000000000 ) ;
#1203 = CARTESIAN_POINT ( 'NONE',  ( 0.5000000000000283100, -4.049999999999988300, -2.250000000000014200 ) ) ;
#1204 = UNCERTAINTY_MEASURE_WITH_UNIT (LENGTH_MEASURE( 1.000000000000000100E-005 ), #2434, 'distance_accuracy_value', 'NONE');
#1205 = ORIENTED_EDGE ( 'NONE', *, *, #532, .T. ) ;
#1206 = PRESENTATION_LAYER_ASSIGNMENT (  '', '', ( #1435 ) ) ;
#1207 = MECHANICAL_DESIGN_GEOMETRIC_PRESENTATION_REPRESENTATION (  '', ( #1367 ), #2566 ) ;
#1208 = VECTOR ( 'NONE', #2245, 1000.000000000000000 ) ;
#1209 = DIRECTION ( 'NONE',  ( -8.462065736472242700E-016, 3.610481160528517100E-015, -1.000000000000000000 ) ) ;
#1210 = ORIENTED_EDGE ( 'NONE', *, *, #2853, .F. ) ;
#1211 = DIRECTION ( 'NONE',  ( 6.982966722218764100E-015, -1.000000000000000000, -3.491483361109382100E-015 ) ) ;
#1212 = ORIENTED_EDGE ( 'NONE', *, *, #1383, .T. ) ;
#1213 = VERTEX_POINT ( 'NONE', #3018 ) ;
#1214 = DIRECTION ( 'NONE',  ( 8.462065736472233800E-016, -3.491483361109376100E-015, 1.000000000000000000 ) ) ;
#1215 = VERTEX_POINT ( 'NONE', #1258 ) ;
#1216 = DIRECTION ( 'NONE',  ( 0.0000000000000000000, -3.491483361109382100E-015, 1.000000000000000000 ) ) ;
#1217 = DIRECTION ( 'NONE',  ( -6.982966722218764100E-015, 1.000000000000000000, 3.491483361109382100E-015 ) ) ;
#1218 =( GEOMETRIC_REPRESENTATION_CONTEXT ( 3 ) GLOBAL_UNCERTAINTY_ASSIGNED_CONTEXT ( ( #1786 ) ) GLOBAL_UNIT_ASSIGNED_CONTEXT ( ( #769, #1034, #3290 ) ) REPRESENTATION_CONTEXT ( 'NONE', 'WORKASPACE' ) );
#1219 = VECTOR ( 'NONE', #2744, 1000.000000000000000 ) ;
#1220 = ORIENTED_EDGE ( 'NONE', *, *, #135, .T. ) ;
#1221 = EDGE_CURVE ( 'NONE', #1802, #2084, #490, .T. ) ;
#1222 = EDGE_CURVE ( 'NONE', #1540, #1719, #3047, .T. ) ;
#1223 = LINE ( 'NONE', #2779, #1374 ) ;
#1224 = CARTESIAN_POINT ( 'NONE',  ( 4.700000000000012600, -2.149999999999959100, -2.210000000000006600 ) ) ;
#1225 = VERTEX_POINT ( 'NONE', #3265 ) ;
#1226 = LINE ( 'NONE', #3026, #3176 ) ;
#1227 = CARTESIAN_POINT ( 'NONE',  ( 0.7500000000000178700, -2.599999999999990800, -1.100000000000010100 ) ) ;
#1228 = AXIS2_PLACEMENT_3D ( 'NONE', #3003, #1478, #187 ) ;
#1229 = DIRECTION ( 'NONE',  ( 1.892736922655891900E-030, 3.220432817988006000E-015, -1.000000000000000000 ) ) ;
#1230 = ORIENTED_EDGE ( 'NONE', *, *, #1816, .T. ) ;
#1231 =( NAMED_UNIT ( * ) SI_UNIT ( $, .STERADIAN. ) SOLID_ANGLE_UNIT ( ) );
#1232 = ORIENTED_EDGE ( 'NONE', *, *, #992, .T. ) ;
#1233 =( NAMED_UNIT ( * ) SI_UNIT ( $, .STERADIAN. ) SOLID_ANGLE_UNIT ( ) );
#1234 = AXIS2_PLACEMENT_3D ( 'NONE', #2126, #358, #330 ) ;
#1235 = CARTESIAN_POINT ( 'NONE',  ( 2.950000000000012200, -1.799999999999974500, -1.350000000000006100 ) ) ;
#1236 = ORIENTED_EDGE ( 'NONE', *, *, #872, .F. ) ;
#1237 = SURFACE_SIDE_STYLE ('',( #2674 ) ) ;
#1238 = CARTESIAN_POINT ( 'NONE',  ( 4.499999999999999100, -0.2999999999999554100, -3.750000000000003600 ) ) ;
#1239 = EDGE_CURVE ( 'NONE', #2595, #1213, #2521, .T. ) ;
#1240 = EDGE_CURVE ( 'NONE', #308, #738, #898, .T. ) ;
#1241 = VECTOR ( 'NONE', #2778, 1000.000000000000000 ) ;
#1242 = ORIENTED_EDGE ( 'NONE', *, *, #3016, .T. ) ;
#1243 = CARTESIAN_POINT ( 'NONE',  ( 2.400000000000028300, -4.049999999999974100, -3.450000000000014400 ) ) ;
#1244 = FACE_OUTER_BOUND ( 'NONE', #145, .T. ) ;
#1245 = UNCERTAINTY_MEASURE_WITH_UNIT (LENGTH_MEASURE( 1.000000000000000100E-005 ), #2214, 'distance_accuracy_value', 'NONE');
#1246 = EDGE_CURVE ( 'NONE', #1762, #1719, #1690, .T. ) ;
#1247 = CARTESIAN_POINT ( 'NONE',  ( 1.400000000000027200, -3.899999999999975500, -4.950000000000017100 ) ) ;
#1248 = VERTEX_POINT ( 'NONE', #1517 ) ;
#1249 = FILL_AREA_STYLE_COLOUR ( '', #3317 ) ;
#1250 = ORIENTED_EDGE ( 'NONE', *, *, #2456, .F. ) ;
#1251 = EDGE_LOOP ( 'NONE', ( #3062, #2310, #2659, #1130 ) ) ;
#1252 = VECTOR ( 'NONE', #2533, 1000.000000000000000 ) ;
#1253 = DIRECTION ( 'NONE',  ( 1.000000000000000000, 6.982966722218767300E-015, -8.462065736471991200E-016 ) ) ;
#1254 = ORIENTED_EDGE ( 'NONE', *, *, #1313, .F. ) ;
#1255 = PLANE ( 'NONE',  #331 ) ;
#1256 = COLOUR_RGB ( '',0.7529411764705882200, 0.7529411764705882200, 0.7529411764705882200 ) ;
#1257 = ORIENTED_EDGE ( 'NONE', *, *, #3141, .T. ) ;
#1258 = CARTESIAN_POINT ( 'NONE',  ( 3.425000000000000700, -0.04999999999996949200, -1.800000000000000700 ) ) ;
#1259 = LINE ( 'NONE', #185, #1327 ) ;
#1260 = ORIENTED_EDGE ( 'NONE', *, *, #3199, .T. ) ;
#1261 = VECTOR ( 'NONE', #2706, 1000.000000000000000 ) ;
#1262 = ORIENTED_EDGE ( 'NONE', *, *, #256, .F. ) ;
#1263 = SURFACE_STYLE_FILL_AREA ( #3252 ) ;
#1264 = VECTOR ( 'NONE', #3116, 1000.000000000000000 ) ;
#1265 = MECHANICAL_DESIGN_GEOMETRIC_PRESENTATION_REPRESENTATION (  '', ( #755 ), #1427 ) ;
#1266 = DIRECTION ( 'NONE',  ( 1.000000000000000000, 6.982966722218767300E-015, -8.462065736471991200E-016 ) ) ;
#1267 = CARTESIAN_POINT ( 'NONE',  ( 0.7000000000000123900, -1.799999999999990300, -1.300000000000006900 ) ) ;
#1268 = CARTESIAN_POINT ( 'NONE',  ( 4.249999999999985800, 1.950000000000032800, -0.7999999999999936100 ) ) ;
#1269 = DIRECTION ( 'NONE',  ( -1.000000000000000000, -6.982966722218764100E-015, -2.438091212180733500E-029 ) ) ;
#1270 = ORIENTED_EDGE ( 'NONE', *, *, #1446, .F. ) ;
#1271 = DIRECTION ( 'NONE',  ( 1.000000000000000000, 6.982966722218764100E-015, 2.438091212180733500E-029 ) ) ;
#1272 = EDGE_CURVE ( 'NONE', #812, #654, #2443, .T. ) ;
#1273 = LINE ( 'NONE', #199, #2655 ) ;
#1274 = FILL_AREA_STYLE ('',( #1083 ) ) ;
#1275 = EDGE_CURVE ( 'NONE', #2671, #1516, #2268, .T. ) ;
#1276 = LINE ( 'NONE', #2364, #1562 ) ;
#1277 = SURFACE_SIDE_STYLE ('',( #2296 ) ) ;
#1278 =( LENGTH_UNIT ( ) NAMED_UNIT ( * ) SI_UNIT ( .MILLI., .METRE. ) );
#1279 = EDGE_CURVE ( 'NONE', #991, #1957, #200, .T. ) ;
#1280 = PRESENTATION_STYLE_ASSIGNMENT (( #1563 ) ) ;
#1281 = CARTESIAN_POINT ( 'NONE',  ( 3.400000000000029700, -4.199999999999962000, -4.950000000000018800 ) ) ;
#1282 = ORIENTED_EDGE ( 'NONE', *, *, #1804, .T. ) ;
#1283 = STYLED_ITEM ( 'NONE', ( #3155 ), #1711 ) ;
#1284 = CARTESIAN_POINT ( 'NONE',  ( 2.409123519165474100E-014, -3.449999999999992600, -2.250000000000012000 ) ) ;
#1285 = VERTEX_POINT ( 'NONE', #2520 ) ;
#1286 =( NAMED_UNIT ( * ) SI_UNIT ( $, .STERADIAN. ) SOLID_ANGLE_UNIT ( ) );
#1287 = ORIENTED_EDGE ( 'NONE', *, *, #3031, .F. ) ;
#1288 = EDGE_LOOP ( 'NONE', ( #1801, #2414, #1636, #461, #1175, #1485, #939, #2997, #1651, #2355, #1830, #2445 ) ) ;
#1289 = DIRECTION ( 'NONE',  ( 0.0000000000000000000, 3.491483361109382100E-015, -1.000000000000000000 ) ) ;
#1290 = ORIENTED_EDGE ( 'NONE', *, *, #1896, .F. ) ;
#1291 = VECTOR ( 'NONE', #1216, 1000.000000000000000 ) ;
#1292 = CARTESIAN_POINT ( 'NONE',  ( 3.425000000000000700, -0.04999999999996949200, -1.800000000000000700 ) ) ;
#1293 = VECTOR ( 'NONE', #1148, 1000.000000000000000 ) ;
#1294 = FILL_AREA_STYLE ('',( #25 ) ) ;
#1295 = EDGE_CURVE ( 'NONE', #3271, #375, #309, .T. ) ;
#1296 = LINE ( 'NONE', #1400, #1499 ) ;
#1297 = SURFACE_STYLE_USAGE ( .BOTH. , #2568 ) ;
#1298 = EDGE_LOOP ( 'NONE', ( #1262, #1614, #1607, #2419 ) ) ;
#1299 = SURFACE_SIDE_STYLE ('',( #3075 ) ) ;
#1300 = UNCERTAINTY_MEASURE_WITH_UNIT (LENGTH_MEASURE( 1.000000000000000100E-005 ), #1046, 'distance_accuracy_value', 'NONE');
#1301 = EDGE_CURVE ( 'NONE', #432, #1215, #826, .T. ) ;
#1302 = ORIENTED_EDGE ( 'NONE', *, *, #639, .T. ) ;
#1303 = AXIS2_PLACEMENT_3D ( 'NONE', #2024, #1548, #4 ) ;
#1304 = ORIENTED_EDGE ( 'NONE', *, *, #1496, .T. ) ;
#1305 = CARTESIAN_POINT ( 'NONE',  ( 3.825000000000029500, -4.159046182766852300, -2.100000000000015200 ) ) ;
#1306 = LINE ( 'NONE', #1881, #2943 ) ;
#1307 = VERTEX_POINT ( 'NONE', #1054 ) ;
#1308 = APPLICATION_CONTEXT ( 'automotive_design' ) ;
#1309 = SURFACE_SIDE_STYLE ('',( #3233 ) ) ;
#1310 = VECTOR ( 'NONE', #618, 1000.000000000000000 ) ;
#1311 = ADVANCED_FACE ( 'NONE', ( #2840 ), #759, .F. ) ;
#1312 = STYLED_ITEM ( 'NONE', ( #2048 ), #1392 ) ;
#1313 = EDGE_CURVE ( 'NONE', #1731, #735, #167, .T. ) ;
#1314 = CARTESIAN_POINT ( 'NONE',  ( 4.700000000000012600, -2.149999999999959100, -2.210000000000006600 ) ) ;
#1315 = EDGE_CURVE ( 'NONE', #226, #1285, #1223, .T. ) ;
#1316 = ORIENTED_EDGE ( 'NONE', *, *, #694, .F. ) ;
#1317 = AXIS2_PLACEMENT_3D ( 'NONE', #607, #1615, #2338 ) ;
#1318 = ORIENTED_EDGE ( 'NONE', *, *, #1875, .T. ) ;
#1319 = DIRECTION ( 'NONE',  ( -6.982966722218764100E-015, 1.000000000000000000, 3.491483361109382100E-015 ) ) ;
#1320 = VERTEX_POINT ( 'NONE', #1551 ) ;
#1321 = FACE_OUTER_BOUND ( 'NONE', #746, .T. ) ;
#1322 = ORIENTED_EDGE ( 'NONE', *, *, #1753, .T. ) ;
#1323 = CARTESIAN_POINT ( 'NONE',  ( 4.500000000000015100, -2.149999999999968800, -9.431777580905759900E-015 ) ) ;
#1324 = VECTOR ( 'NONE', #1683, 1000.000000000000000 ) ;
#1325 = ORIENTED_EDGE ( 'NONE', *, *, #1650, .T. ) ;
#1326 = CARTESIAN_POINT ( 'NONE',  ( 0.3000000000000154800, -2.149999999999997700, -0.01000000000000498600 ) ) ;
#1327 = VECTOR ( 'NONE', #1211, 1000.000000000000000 ) ;
#1328 = LINE ( 'NONE', #2646, #317 ) ;
#1329 = ORIENTED_EDGE ( 'NONE', *, *, #1730, .T. ) ;
#1330 = LINE ( 'NONE', #2716, #668 ) ;
#1331 = VERTEX_POINT ( 'NONE', #2285 ) ;
#1332 = FILL_AREA_STYLE_COLOUR ( '', #944 ) ;
#1333 = DIRECTION ( 'NONE',  ( 6.982966722218764100E-015, -1.000000000000000000, -3.491483361109382100E-015 ) ) ;
#1334 = STYLED_ITEM ( 'NONE', ( #3235 ), #437 ) ;
#1335 = CARTESIAN_POINT ( 'NONE',  ( 3.825000000000000600, -0.04999999999996565500, -2.100000000000000500 ) ) ;
#1336 = LINE ( 'NONE', #47, #1033 ) ;
#1337 = EDGE_CURVE ( 'NONE', #2602, #2063, #2411, .T. ) ;
#1338 = VERTEX_POINT ( 'NONE', #3104 ) ;
#1339 = DIRECTION ( 'NONE',  ( -0.0000000000000000000, 3.491483361109382100E-015, -1.000000000000000000 ) ) ;
#1340 = UNCERTAINTY_MEASURE_WITH_UNIT (LENGTH_MEASURE( 1.000000000000000100E-005 ), #725, 'distance_accuracy_value', 'NONE');
#1341 = DIRECTION ( 'NONE',  ( -1.000000000000000000, -6.982966722218764100E-015, -2.438091212180733500E-029 ) ) ;
#1342 = CARTESIAN_POINT ( 'NONE',  ( 2.600000000000027600, -3.899999999999968800, -4.400000000000014600 ) ) ;
#1343 = VECTOR ( 'NONE', #1382, 1000.000000000000000 ) ;
#1344 = CARTESIAN_POINT ( 'NONE',  ( 2.050000000000004300, -0.6099999999999807800, -1.350000000000001900 ) ) ;
#1345 = ORIENTED_EDGE ( 'NONE', *, *, #622, .F. ) ;
#1346 = CARTESIAN_POINT ( 'NONE',  ( 0.5000000000000021100, -0.2999999999999810600, -4.400000000000002100 ) ) ;
#1347 = LINE ( 'NONE', #1227, #3069 ) ;
#1348 = CARTESIAN_POINT ( 'NONE',  ( 0.3500000000000125800, -1.799999999999992500, -1.300000000000006900 ) ) ;
#1349 = AXIS2_PLACEMENT_3D ( 'NONE', #2523, #1779, #3326 ) ;
#1350 = LINE ( 'NONE', #2596, #1436 ) ;
#1351 = APPLICATION_PROTOCOL_DEFINITION ( 'draft international standard', 'automotive_design', 1998, #2854 ) ;
#1352 = CARTESIAN_POINT ( 'NONE',  ( 4.700000000000026800, -4.199999999999962000, -2.210000000000014600 ) ) ;
#1353 = LINE ( 'NONE', #763, #2220 ) ;
#1354 = EDGE_CURVE ( 'NONE', #3215, #53, #3259, .T. ) ;
#1355 = CARTESIAN_POINT ( 'NONE',  ( 2.400000000000027900, -3.949999999999971800, -3.950000000000017100 ) ) ;
#1356 = ORIENTED_EDGE ( 'NONE', *, *, #1469, .T. ) ;
#1357 = CARTESIAN_POINT ( 'NONE',  ( 1.400000000000027400, -3.949999999999980600, -3.450000000000013500 ) ) ;
#1358 = ADVANCED_FACE ( 'NONE', ( #3306 ), #2325, .F. ) ;
#1359 = VERTEX_POINT ( 'NONE', #2821 ) ;
#1360 = CARTESIAN_POINT ( 'NONE',  ( 3.600000000000028500, -4.049999999999963400, -3.950000000000017900 ) ) ;
#1361 = EDGE_CURVE ( 'NONE', #2004, #1502, #1461, .T. ) ;
#1362 = VERTEX_POINT ( 'NONE', #2068 ) ;
#1363 = EDGE_LOOP ( 'NONE', ( #777, #1530, #1257, #1100, #669, #338 ) ) ;
#1364 = PLANE ( 'NONE',  #659 ) ;
#1365 = ORIENTED_EDGE ( 'NONE', *, *, #532, .F. ) ;
#1366 = LINE ( 'NONE', #1640, #2149 ) ;
#1367 = STYLED_ITEM ( 'NONE', ( #2887 ), #2961 ) ;
#1368 = DIRECTION ( 'NONE',  ( 8.462065736472233800E-016, -3.491483361109376100E-015, 1.000000000000000000 ) ) ;
#1369 = ORIENTED_EDGE ( 'NONE', *, *, #2032, .T. ) ;
#1370 = FILL_AREA_STYLE ('',( #1119 ) ) ;
#1371 = LINE ( 'NONE', #1424, #3131 ) ;
#1372 = DIRECTION ( 'NONE',  ( 6.982966722218764100E-015, -1.000000000000000000, -3.703035004521187900E-015 ) ) ;
#1373 = SURFACE_STYLE_FILL_AREA ( #1294 ) ;
#1374 = VECTOR ( 'NONE', #3070, 1000.000000000000000 ) ;
#1375 = CARTESIAN_POINT ( 'NONE',  ( 1.501337845277034400E-014, -2.149999999999999900, -7.739364433611423800E-015 ) ) ;
#1376 = CARTESIAN_POINT ( 'NONE',  ( 0.7500000000000123200, -1.799999999999989800, -1.300000000000006900 ) ) ;
#1377 = ORIENTED_EDGE ( 'NONE', *, *, #2111, .T. ) ;
#1378 = VECTOR ( 'NONE', #631, 1000.000000000000000 ) ;
#1379 = DIRECTION ( 'NONE',  ( -1.000000000000000000, -6.982966722218764100E-015, -2.438091212180733500E-029 ) ) ;
#1380 = STYLED_ITEM ( 'NONE', ( #2524 ), #896 ) ;
#1381 = ADVANCED_FACE ( 'NONE', ( #3092 ), #1793, .F. ) ;
#1382 = DIRECTION ( 'NONE',  ( -0.0000000000000000000, 3.491483361109382100E-015, -1.000000000000000000 ) ) ;
#1383 = EDGE_CURVE ( 'NONE', #2205, #3202, #421, .T. ) ;
#1384 = LINE ( 'NONE', #1238, #2649 ) ;
#1385 = EDGE_CURVE ( 'NONE', #653, #807, #1856, .T. ) ;
#1386 = DIRECTION ( 'NONE',  ( 1.000000000000000000, 6.982966722218764100E-015, 2.438091212180733500E-029 ) ) ;
#1387 = STYLED_ITEM ( 'NONE', ( #2353 ), #1667 ) ;
#1388 = ORIENTED_EDGE ( 'NONE', *, *, #2660, .F. ) ;
#1389 =( NAMED_UNIT ( * ) SI_UNIT ( $, .STERADIAN. ) SOLID_ANGLE_UNIT ( ) );
#1390 = VECTOR ( 'NONE', #1632, 1000.000000000000000 ) ;
#1391 = ORIENTED_EDGE ( 'NONE', *, *, #2834, .F. ) ;
#1392 = ADVANCED_FACE ( 'NONE', ( #947 ), #1861, .T. ) ;
#1393 = CARTESIAN_POINT ( 'NONE',  ( 2.050000000000012300, -1.799999999999980900, -1.350000000000005600 ) ) ;
#1394 = DIRECTION ( 'NONE',  ( 0.0000000000000000000, -3.491483361109382100E-015, 1.000000000000000000 ) ) ;
#1395 = CARTESIAN_POINT ( 'NONE',  ( 2.094890016665628500E-015, -0.2999999999999867800, -3.750000000000001800 ) ) ;
#1396 = EDGE_CURVE ( 'NONE', #2145, #2467, #3056, .T. ) ;
#1397 = CARTESIAN_POINT ( 'NONE',  ( 4.250000000000017800, -2.599999999999963200, -2.100000000000009900 ) ) ;
#1398 = EDGE_CURVE ( 'NONE', #2381, #1908, #3013, .T. ) ;
#1399 = EDGE_LOOP ( 'NONE', ( #8, #3152, #2410, #2191 ) ) ;
#1400 = CARTESIAN_POINT ( 'NONE',  ( 4.250000000000001800, -0.3999999999999572800, -3.650000000000001700 ) ) ;
#1401 = ORIENTED_EDGE ( 'NONE', *, *, #9, .F. ) ;
#1402 = CARTESIAN_POINT ( 'NONE',  ( 3.600000000000027600, -3.899999999999959900, -4.950000000000017900 ) ) ;
#1403 = ORIENTED_EDGE ( 'NONE', *, *, #2724, .T. ) ;
#1404 = LINE ( 'NONE', #677, #1219 ) ;
#1405 = EDGE_LOOP ( 'NONE', ( #3302, #282, #2388, #1737, #1049, #2719 ) ) ;
#1406 = CARTESIAN_POINT ( 'NONE',  ( 2.050000000000004300, -0.6099999999999807800, -1.350000000000001900 ) ) ;
#1407 = CARTESIAN_POINT ( 'NONE',  ( 1.400000000000029200, -4.199999999999978900, -3.950000000000017900 ) ) ;
#1408 =( LENGTH_UNIT ( ) NAMED_UNIT ( * ) SI_UNIT ( .MILLI., .METRE. ) );
#1409 = EDGE_CURVE ( 'NONE', #1338, #1169, #1336, .T. ) ;
#1410 = LINE ( 'NONE', #117, #1069 ) ;
#1411 = LINE ( 'NONE', #1479, #1498 ) ;
#1412 = DIRECTION ( 'NONE',  ( -1.000000000000000000, -6.982966722218764100E-015, -2.438091212180733500E-029 ) ) ;
#1413 = VECTOR ( 'NONE', #909, 1000.000000000000000 ) ;
#1414 = VERTEX_POINT ( 'NONE', #584 ) ;
#1415 = VERTEX_POINT ( 'NONE', #66 ) ;
#1416 = COLOUR_RGB ( '',0.7529411764705882200, 0.7529411764705882200, 0.7529411764705882200 ) ;
#1417 = CARTESIAN_POINT ( 'NONE',  ( 0.5000000000000021100, -0.2999999999999833400, -3.750000000000001800 ) ) ;
#1418 = CARTESIAN_POINT ( 'NONE',  ( 0.3000000000000154800, -2.149999999999997700, -0.01000000000000498600 ) ) ;
#1419 = ORIENTED_EDGE ( 'NONE', *, *, #546, .F. ) ;
#1420 = CARTESIAN_POINT ( 'NONE',  ( 2.400000000000028300, -4.049999999999972300, -3.950000000000017100 ) ) ;
#1421 = SURFACE_SIDE_STYLE ('',( #2124 ) ) ;
#1422 = CARTESIAN_POINT ( 'NONE',  ( 4.299999999999986500, 1.950000000000033000, -0.7999999999999936100 ) ) ;
#1423 = PLANE ( 'NONE',  #1742 ) ;
#1424 = CARTESIAN_POINT ( 'NONE',  ( 1.175000000000000300, -0.04999999999998416100, -2.100000000000000100 ) ) ;
#1425 = CARTESIAN_POINT ( 'NONE',  ( 0.6999999999999860800, 1.950000000000009100, -1.099999999999994300 ) ) ;
#1426 = LINE ( 'NONE', #2074, #2253 ) ;
#1427 =( GEOMETRIC_REPRESENTATION_CONTEXT ( 3 ) GLOBAL_UNCERTAINTY_ASSIGNED_CONTEXT ( ( #395 ) ) GLOBAL_UNIT_ASSIGNED_CONTEXT ( ( #764, #742, #754 ) ) REPRESENTATION_CONTEXT ( 'NONE', 'WORKASPACE' ) );
#1428 = SURFACE_SIDE_STYLE ('',( #1987 ) ) ;
#1429 = DIRECTION ( 'NONE',  ( 0.0000000000000000000, -3.491483361109382100E-015, 1.000000000000000000 ) ) ;
#1430 = ORIENTED_EDGE ( 'NONE', *, *, #1917, .T. ) ;
#1431 = CARTESIAN_POINT ( 'NONE',  ( 4.500000000000029300, -4.049999999999968700, -0.01000000000001329900 ) ) ;
#1432 = CARTESIAN_POINT ( 'NONE',  ( 3.425000000000028200, -4.049999999999976700, -0.3500000000000133600 ) ) ;
#1433 = VECTOR ( 'NONE', #2256, 1000.000000000000000 ) ;
#1434 = LINE ( 'NONE', #176, #2707 ) ;
#1435 = STYLED_ITEM ( 'NONE', ( #133 ), #3222 ) ;
#1436 = VECTOR ( 'NONE', #2349, 1000.000000000000000 ) ;
#1437 = SURFACE_STYLE_USAGE ( .BOTH. , #2963 ) ;
#1438 = CARTESIAN_POINT ( 'NONE',  ( 0.4999999999999909000, 1.300000000000016900, -3.749999999999996400 ) ) ;
#1439 = ORIENTED_EDGE ( 'NONE', *, *, #2062, .T. ) ;
#1440 = ADVANCED_FACE ( 'NONE', ( #2013 ), #2345, .F. ) ;
#1441 = CARTESIAN_POINT ( 'NONE',  ( 4.500000000000022200, -3.449999999999961100, -2.210000000000012000 ) ) ;
#1442 = DIRECTION ( 'NONE',  ( -6.982966722218764100E-015, 1.000000000000000000, 3.491483361109382100E-015 ) ) ;
#1443 = CARTESIAN_POINT ( 'NONE',  ( 2.050000000000011400, -1.799999999999979400, -1.800000000000006700 ) ) ;
#1444 = DIRECTION ( 'NONE',  ( 6.982966722218764100E-015, -1.000000000000000000, -3.491483361109382100E-015 ) ) ;
#1445 = UNCERTAINTY_MEASURE_WITH_UNIT (LENGTH_MEASURE( 1.000000000000000100E-005 ), #3138, 'distance_accuracy_value', 'NONE');
#1446 = EDGE_CURVE ( 'NONE', #207, #1134, #1102, .T. ) ;
#1447 = STYLED_ITEM ( 'NONE', ( #415 ), #1621 ) ;
#1448 = VERTEX_POINT ( 'NONE', #2622 ) ;
#1449 = EDGE_CURVE ( 'NONE', #2883, #364, #1584, .T. ) ;
#1450 = ADVANCED_FACE ( 'NONE', ( #1701 ), #2105, .F. ) ;
#1451 = VERTEX_POINT ( 'NONE', #91 ) ;
#1452 = LINE ( 'NONE', #428, #1494 ) ;
#1453 = EDGE_CURVE ( 'NONE', #2883, #991, #204, .T. ) ;
#1454 = EDGE_LOOP ( 'NONE', ( #986, #1488, #958, #2688 ) ) ;
#1455 = VECTOR ( 'NONE', #2159, 1000.000000000000000 ) ;
#1456 = LINE ( 'NONE', #1417, #2884 ) ;
#1457 = CARTESIAN_POINT ( 'NONE',  ( 2.828101522498601200E-014, -4.049999999999986500, -4.400000000000014600 ) ) ;
#1458 = AXIS2_PLACEMENT_3D ( 'NONE', #1506, #3288, #472 ) ;
#1459 = DIRECTION ( 'NONE',  ( -1.000000000000000000, -6.982966722218764100E-015, -2.438091212180733500E-029 ) ) ;
#1460 = VECTOR ( 'NONE', #1030, 1000.000000000000000 ) ;
#1461 = LINE ( 'NONE', #2318, #2282 ) ;
#1462 = ORIENTED_EDGE ( 'NONE', *, *, #368, .F. ) ;
#1463 = LINE ( 'NONE', #2946, #2051 ) ;
#1464 = DIRECTION ( 'NONE',  ( -6.982966722218764100E-015, 1.000000000000000000, 3.491483361109382100E-015 ) ) ;
#1465 = PLANE ( 'NONE',  #882 ) ;
#1466 = DIRECTION ( 'NONE',  ( -6.982966722218763300E-015, 1.000000000000000000, 4.158684698023538900E-015 ) ) ;
#1467 = CARTESIAN_POINT ( 'NONE',  ( 1.375000000000012400, -1.845132307101614800, -0.3500000000000058600 ) ) ;
#1468 = VECTOR ( 'NONE', #1629, 1000.000000000000000 ) ;
#1469 = EDGE_CURVE ( 'NONE', #1331, #1762, #2807, .T. ) ;
#1470 = SURFACE_STYLE_FILL_AREA ( #168 ) ;
#1471 = ORIENTED_EDGE ( 'NONE', *, *, #1670, .T. ) ;
#1472 = FACE_OUTER_BOUND ( 'NONE', #2088, .T. ) ;
#1473 = DIRECTION ( 'NONE',  ( -6.982966722218764100E-015, 1.000000000000000000, 3.491483361109382100E-015 ) ) ;
#1474 = LINE ( 'NONE', #1005, #1241 ) ;
#1475 = ORIENTED_EDGE ( 'NONE', *, *, #1138, .T. ) ;
#1476 = EDGE_CURVE ( 'NONE', #782, #1957, #320, .T. ) ;
#1477 = VECTOR ( 'NONE', #786, 1000.000000000000000 ) ;
#1478 = DIRECTION ( 'NONE',  ( 4.659044732691425000E-030, -4.158684698023538900E-015, 1.000000000000000000 ) ) ;
#1479 = CARTESIAN_POINT ( 'NONE',  ( 4.499999999999984900, 1.950000000000040100, -2.449999999999995300 ) ) ;
#1480 = DIRECTION ( 'NONE',  ( -1.000000000000000000, -6.982966722218764100E-015, -2.438091212180733500E-029 ) ) ;
#1481 = AXIS2_PLACEMENT_3D ( 'NONE', #1357, #2390, #884 ) ;
#1482 = VECTOR ( 'NONE', #973, 1000.000000000000000 ) ;
#1483 = CARTESIAN_POINT ( 'NONE',  ( 4.999999999999985800, 1.950000000000035300, 7.675754292151821000E-015 ) ) ;
#1484 = DIRECTION ( 'NONE',  ( -6.982966722218764100E-015, 1.000000000000000000, 3.491483361109382100E-015 ) ) ;
#1485 = ORIENTED_EDGE ( 'NONE', *, *, #2019, .F. ) ;
#1486 = CARTESIAN_POINT ( 'NONE',  ( 1.400000000000028100, -4.049999999999980300, -3.450000000000013900 ) ) ;
#1487 = UNCERTAINTY_MEASURE_WITH_UNIT (LENGTH_MEASURE( 1.000000000000000100E-005 ), #831, 'distance_accuracy_value', 'NONE');
#1488 = ORIENTED_EDGE ( 'NONE', *, *, #1710, .F. ) ;
#1489 = CARTESIAN_POINT ( 'NONE',  ( 4.250000000000011500, -1.799999999999964300, -1.550000000000006700 ) ) ;
#1490 = DIRECTION ( 'NONE',  ( -1.000000000000000000, -6.982966722218764100E-015, -2.438091212180733500E-029 ) ) ;
#1491 = EDGE_CURVE ( 'NONE', #1415, #3004, #1029, .T. ) ;
#1492 = MECHANICAL_DESIGN_GEOMETRIC_PRESENTATION_REPRESENTATION (  '', ( #768 ), #1218 ) ;
#1493 = ORIENTED_EDGE ( 'NONE', *, *, #2032, .F. ) ;
#1494 = VECTOR ( 'NONE', #1953, 1000.000000000000000 ) ;
#1495 = ORIENTED_EDGE ( 'NONE', *, *, #33, .T. ) ;
#1496 = EDGE_CURVE ( 'NONE', #2133, #2145, #3303, .T. ) ;
#1497 = CARTESIAN_POINT ( 'NONE',  ( 0.7500000000000178700, -2.599999999999987200, -2.050000000000009600 ) ) ;
#1498 = VECTOR ( 'NONE', #1266, 1000.000000000000000 ) ;
#1499 = VECTOR ( 'NONE', #1110, 1000.000000000000000 ) ;
#1500 = FILL_AREA_STYLE_COLOUR ( '', #178 ) ;
#1501 = EDGE_CURVE ( 'NONE', #1307, #1731, #128, .T. ) ;
#1502 = VERTEX_POINT ( 'NONE', #305 ) ;
#1503 = VECTOR ( 'NONE', #346, 1000.000000000000000 ) ;
#1504 = CARTESIAN_POINT ( 'NONE',  ( 0.3499999999999862700, 1.950000000000009900, -2.049999999999993600 ) ) ;
#1505 = ORIENTED_EDGE ( 'NONE', *, *, #1075, .F. ) ;
#1506 = CARTESIAN_POINT ( 'NONE',  ( 0.3500000000000125800, -1.799999999999992500, -1.300000000000006900 ) ) ;
#1507 = CARTESIAN_POINT ( 'NONE',  ( 2.409123519165473800E-014, -3.449999999999998000, -0.6500000000000122300 ) ) ;
#1508 = CARTESIAN_POINT ( 'NONE',  ( 1.375000000000012400, -1.845132307101612100, -1.100000000000007400 ) ) ;
#1509 = CARTESIAN_POINT ( 'NONE',  ( 0.7499999999999861200, 1.950000000000010200, -1.299999999999993800 ) ) ;
#1510 = VERTEX_POINT ( 'NONE', #3192 ) ;
#1511 = DIRECTION ( 'NONE',  ( -7.885106708985467300E-016, 3.220432817988000400E-015, -1.000000000000000000 ) ) ;
#1512 = SURFACE_SIDE_STYLE ('',( #1159 ) ) ;
#1513 = VECTOR ( 'NONE', #2543, 1000.000000000000000 ) ;
#1514 = CARTESIAN_POINT ( 'NONE',  ( 0.3000000000000154800, -2.149999999999997700, -0.01000000000000498600 ) ) ;
#1515 = AXIS2_PLACEMENT_3D ( 'NONE', #1585, #1569, #28 ) ;
#1516 = VERTEX_POINT ( 'NONE', #2679 ) ;
#1517 = CARTESIAN_POINT ( 'NONE',  ( 1.600000000000028300, -4.049999999999977600, -3.950000000000017100 ) ) ;
#1518 = EDGE_CURVE ( 'NONE', #1762, #2558, #2971, .T. ) ;
#1519 = VERTEX_POINT ( 'NONE', #671 ) ;
#1520 = LINE ( 'NONE', #2785, #2469 ) ;
#1521 = SURFACE_STYLE_USAGE ( .BOTH. , #1011 ) ;
#1522 = VECTOR ( 'NONE', #696, 1000.000000000000000 ) ;
#1523 = SURFACE_SIDE_STYLE ('',( #960 ) ) ;
#1524 = FACE_OUTER_BOUND ( 'NONE', #1115, .T. ) ;
#1525 = AXIS2_PLACEMENT_3D ( 'NONE', #1314, #549, #1572 ) ;
#1526 = PLANE ( 'NONE',  #1819 ) ;
#1527 = CARTESIAN_POINT ( 'NONE',  ( 2.050000000000003400, -0.6099999999999792300, -1.800000000000002500 ) ) ;
#1528 = DIRECTION ( 'NONE',  ( -6.982966722218764100E-015, 1.000000000000000000, 3.491483361109382100E-015 ) ) ;
#1529 = CARTESIAN_POINT ( 'NONE',  ( 3.600000000000028500, -4.049999999999963400, -3.950000000000017900 ) ) ;
#1530 = ORIENTED_EDGE ( 'NONE', *, *, #2510, .F. ) ;
#1531 = ORIENTED_EDGE ( 'NONE', *, *, #189, .F. ) ;
#1532 = STYLED_ITEM ( 'NONE', ( #3033 ), #386 ) ;
#1533 = ORIENTED_EDGE ( 'NONE', *, *, #3016, .F. ) ;
#1534 = DIRECTION ( 'NONE',  ( -6.982966722218764100E-015, 1.000000000000000000, 3.491483361109382100E-015 ) ) ;
#1535 = EDGE_CURVE ( 'NONE', #889, #704, #785, .T. ) ;
#1536 = ORIENTED_EDGE ( 'NONE', *, *, #940, .T. ) ;
#1537 = LINE ( 'NONE', #1137, #1574 ) ;
#1538 = VERTEX_POINT ( 'NONE', #652 ) ;
#1539 = LINE ( 'NONE', #747, #856 ) ;
#1540 = VERTEX_POINT ( 'NONE', #397 ) ;
#1541 = LINE ( 'NONE', #2740, #1261 ) ;
#1542 = CARTESIAN_POINT ( 'NONE',  ( 0.5000000000000287500, -4.049999999999988300, -2.210000000000012400 ) ) ;
#1543 = CARTESIAN_POINT ( 'NONE',  ( 0.7500000000000178700, -2.599999999999987200, -2.100000000000009400 ) ) ;
#1544 = LINE ( 'NONE', #2563, #984 ) ;
#1545 = ORIENTED_EDGE ( 'NONE', *, *, #2580, .F. ) ;
#1546 = FILL_AREA_STYLE ('',( #216 ) ) ;
#1547 = EDGE_CURVE ( 'NONE', #362, #1448, #2729, .T. ) ;
#1548 = DIRECTION ( 'NONE',  ( 1.000000000000000000, 6.982966722218764100E-015, 2.438091212180733500E-029 ) ) ;
#1549 = STYLED_ITEM ( 'NONE', ( #1620 ), #2774 ) ;
#1550 = AXIS2_PLACEMENT_3D ( 'NONE', #220, #492, #2764 ) ;
#1551 = CARTESIAN_POINT ( 'NONE',  ( 1.374999999999986000, 1.950000000000013700, -1.099999999999994300 ) ) ;
#1552 = CARTESIAN_POINT ( 'NONE',  ( 1.575000000000023700, -3.449999999999987700, -0.3500000000000114100 ) ) ;
#1553 = VECTOR ( 'NONE', #621, 1000.000000000000000 ) ;
#1554 = FILL_AREA_STYLE_COLOUR ( '', #2430 ) ;
#1555 = ORIENTED_EDGE ( 'NONE', *, *, #1849, .T. ) ;
#1556 = FILL_AREA_STYLE_COLOUR ( '', #945 ) ;
#1557 = AXIS2_PLACEMENT_3D ( 'NONE', #1635, #835, #321 ) ;
#1558 = LINE ( 'NONE', #1643, #58 ) ;
#1559 = CARTESIAN_POINT ( 'NONE',  ( 2.828101522498599300E-014, -4.049999999999999800, -1.327314587450459300E-014 ) ) ;
#1560 = EDGE_LOOP ( 'NONE', ( #389, #1767, #1764, #1758 ) ) ;
#1561 = EDGE_CURVE ( 'NONE', #2004, #489, #1617, .T. ) ;
#1562 = VECTOR ( 'NONE', #836, 1000.000000000000000 ) ;
#1563 = SURFACE_STYLE_USAGE ( .BOTH. , #1299 ) ;
#1564 = EDGE_CURVE ( 'NONE', #848, #3276, #2317, .T. ) ;
#1565 = LINE ( 'NONE', #2748, #1482 ) ;
#1566 =( GEOMETRIC_REPRESENTATION_CONTEXT ( 3 ) GLOBAL_UNCERTAINTY_ASSIGNED_CONTEXT ( ( #146 ) ) GLOBAL_UNIT_ASSIGNED_CONTEXT ( ( #583, #2303, #2343 ) ) REPRESENTATION_CONTEXT ( 'NONE', 'WORKASPACE' ) );
#1567 =( NAMED_UNIT ( * ) PLANE_ANGLE_UNIT ( ) SI_UNIT ( $, .RADIAN. ) );
#1568 = VERTEX_POINT ( 'NONE', #139 ) ;
#1569 = DIRECTION ( 'NONE',  ( -1.000000000000000000, -6.982966722218767300E-015, 8.462065736471990200E-016 ) ) ;
#1570 = ORIENTED_EDGE ( 'NONE', *, *, #3031, .T. ) ;
#1571 = ORIENTED_EDGE ( 'NONE', *, *, #1409, .F. ) ;
#1572 = DIRECTION ( 'NONE',  ( 1.000000000000000000, 6.982966722218767300E-015, -8.462065736471990200E-016 ) ) ;
#1573 = ORIENTED_EDGE ( 'NONE', *, *, #834, .T. ) ;
#1574 = VECTOR ( 'NONE', #686, 1000.000000000000000 ) ;
#1575 = EDGE_LOOP ( 'NONE', ( #1974, #2385, #2450, #275 ) ) ;
#1576 = DIRECTION ( 'NONE',  ( 6.982966722218764100E-015, -1.000000000000000000, -3.491483361109382100E-015 ) ) ;
#1577 = PRESENTATION_LAYER_ASSIGNMENT (  '', '', ( #186 ) ) ;
#1578 = COLOUR_RGB ( '',0.7529411764705882200, 0.7529411764705882200, 0.7529411764705882200 ) ;
#1579 = COLOUR_RGB ( '',0.7529411764705882200, 0.7529411764705882200, 0.7529411764705882200 ) ;
#1580 = PLANE ( 'NONE',  #2333 ) ;
#1581 = EDGE_CURVE ( 'NONE', #2063, #41, #1456, .T. ) ;
#1582 = EDGE_CURVE ( 'NONE', #1838, #3164, #1852, .T. ) ;
#1583 = ORIENTED_EDGE ( 'NONE', *, *, #3199, .F. ) ;
#1584 = LINE ( 'NONE', #849, #498 ) ;
#1585 = CARTESIAN_POINT ( 'NONE',  ( 4.499999999999983100, 1.950000000000044800, -3.749999999999995600 ) ) ;
#1586 = ORIENTED_EDGE ( 'NONE', *, *, #988, .F. ) ;
#1587 = CARTESIAN_POINT ( 'NONE',  ( 3.600000000000027600, -3.899999999999962200, -4.400000000000017200 ) ) ;
#1588 = VERTEX_POINT ( 'NONE', #680 ) ;
#1589 = CARTESIAN_POINT ( 'NONE',  ( 1.600000000000027600, -3.949999999999978900, -3.450000000000013500 ) ) ;
#1590 = EDGE_CURVE ( 'NONE', #991, #1519, #987, .T. ) ;
#1591 = ORIENTED_EDGE ( 'NONE', *, *, #467, .T. ) ;
#1592 = VERTEX_POINT ( 'NONE', #2440 ) ;
#1593 = CARTESIAN_POINT ( 'NONE',  ( 4.700000000000014400, -2.149999999999967000, -0.01000000000000684900 ) ) ;
#1594 = VERTEX_POINT ( 'NONE', #2453 ) ;
#1595 = DIRECTION ( 'NONE',  ( -1.000000000000000000, -6.982966722218764100E-015, -2.438091212180733500E-029 ) ) ;
#1596 = LINE ( 'NONE', #2227, #2177 ) ;
#1597 = DIRECTION ( 'NONE',  ( 2.478176394252580200E-016, -3.491483361109380500E-015, 1.000000000000000000 ) ) ;
#1598 = VECTOR ( 'NONE', #20, 1000.000000000000000 ) ;
#1599 = ADVANCED_FACE ( 'NONE', ( #2083 ), #373, .F. ) ;
#1600 = CARTESIAN_POINT ( 'NONE',  ( 4.999999999999998200, -0.2999999999999496400, -4.400000000000003900 ) ) ;
#1601 = AXIS2_PLACEMENT_3D ( 'NONE', #2701, #1187, #2958 ) ;
#1602 = VERTEX_POINT ( 'NONE', #1907 ) ;
#1603 = ORIENTED_EDGE ( 'NONE', *, *, #3099, .T. ) ;
#1604 = CARTESIAN_POINT ( 'NONE',  ( 2.950000000000012200, -1.799999999999974500, -1.350000000000006100 ) ) ;
#1605 = MECHANICAL_DESIGN_GEOMETRIC_PRESENTATION_REPRESENTATION (  '', ( #2003 ), #3210 ) ;
#1606 = AXIS2_PLACEMENT_3D ( 'NONE', #1418, #2196, #954 ) ;
#1607 = ORIENTED_EDGE ( 'NONE', *, *, #328, .T. ) ;
#1608 = DIRECTION ( 'NONE',  ( -6.982966722218764100E-015, 1.000000000000000000, 3.491483361109382100E-015 ) ) ;
#1609 = VECTOR ( 'NONE', #2229, 1000.000000000000000 ) ;
#1610 = ORIENTED_EDGE ( 'NONE', *, *, #277, .F. ) ;
#1611 = DIRECTION ( 'NONE',  ( 1.000000000000000000, 6.982966722218765700E-015, -4.231032868235872800E-016 ) ) ;
#1612 = DIRECTION ( 'NONE',  ( -1.000000000000000000, -6.982966722218764100E-015, -2.438091212180733500E-029 ) ) ;
#1613 = EDGE_LOOP ( 'NONE', ( #1571, #2528, #2849, #1839, #2367 ) ) ;
#1614 = ORIENTED_EDGE ( 'NONE', *, *, #968, .F. ) ;
#1615 = DIRECTION ( 'NONE',  ( 8.462065736472234800E-016, -3.491483361109376100E-015, 1.000000000000000000 ) ) ;
#1616 = VERTEX_POINT ( 'NONE', #194 ) ;
#1617 = LINE ( 'NONE', #410, #2117 ) ;
#1618 = ORIENTED_EDGE ( 'NONE', *, *, #26, .F. ) ;
#1619 = EDGE_CURVE ( 'NONE', #2593, #1908, #1371, .T. ) ;
#1620 = PRESENTATION_STYLE_ASSIGNMENT (( #2877 ) ) ;
#1621 = ADVANCED_FACE ( 'NONE', ( #2156 ), #433, .F. ) ;
#1622 = DIRECTION ( 'NONE',  ( -1.000000000000000000, -6.982966722218764100E-015, -2.438091212180733500E-029 ) ) ;
#1623 = VECTOR ( 'NONE', #2830, 1000.000000000000000 ) ;
#1624 = EDGE_CURVE ( 'NONE', #120, #1014, #1330, .T. ) ;
#1625 = VERTEX_POINT ( 'NONE', #965 ) ;
#1626 = DIRECTION ( 'NONE',  ( -1.000000000000000000, -6.982966722218764100E-015, -2.438091212180733500E-029 ) ) ;
#1627 = EDGE_CURVE ( 'NONE', #1414, #1451, #573, .T. ) ;
#1628 = CARTESIAN_POINT ( 'NONE',  ( 4.700000000000014400, -2.149999999999967000, -0.01000000000000684900 ) ) ;
#1629 = DIRECTION ( 'NONE',  ( -6.982966722218764100E-015, 1.000000000000000000, 3.491483361109382100E-015 ) ) ;
#1630 = PRESENTATION_LAYER_ASSIGNMENT (  '', '', ( #1387 ) ) ;
#1631 = LINE ( 'NONE', #1247, #509 ) ;
#1632 = DIRECTION ( 'NONE',  ( -1.000000000000000000, -6.982966722218764100E-015, -2.438091212180733500E-029 ) ) ;
#1633 = LINE ( 'NONE', #1154, #175 ) ;
#1634 =( LENGTH_UNIT ( ) NAMED_UNIT ( * ) SI_UNIT ( .MILLI., .METRE. ) );
#1635 = CARTESIAN_POINT ( 'NONE',  ( 0.5000000000000283100, -4.049999999999993600, -0.6500000000000142300 ) ) ;
#1636 = ORIENTED_EDGE ( 'NONE', *, *, #1174, .F. ) ;
#1637 = COLOUR_RGB ( '',0.0000000000000000000, 0.0000000000000000000, 0.6274509803921568500 ) ;
#1638 = VECTOR ( 'NONE', #628, 1000.000000000000000 ) ;
#1639 = ORIENTED_EDGE ( 'NONE', *, *, #2137, .T. ) ;
#1640 = CARTESIAN_POINT ( 'NONE',  ( 0.4999999999999909000, 1.300000000000012500, -2.449999999999996600 ) ) ;
#1641 = LINE ( 'NONE', #3140, #2472 ) ;
#1642 = EDGE_CURVE ( 'NONE', #2868, #1706, #1541, .T. ) ;
#1643 = CARTESIAN_POINT ( 'NONE',  ( 4.499999999999999100, -0.2999999999999531400, -4.400000000000003900 ) ) ;
#1644 = LINE ( 'NONE', #214, #1164 ) ;
#1645 = CARTESIAN_POINT ( 'NONE',  ( 4.500000000000029300, -4.049999999999968700, -1.583292075978733400E-014 ) ) ;
#1646 = CARTESIAN_POINT ( 'NONE',  ( 3.624999999999986200, 1.950000000000027700, -0.5999999999999940900 ) ) ;
#1647 = ORIENTED_EDGE ( 'NONE', *, *, #1501, .F. ) ;
#1648 = CARTESIAN_POINT ( 'NONE',  ( 3.600000000000027600, -3.899999999999959900, -4.950000000000017900 ) ) ;
#1649 = ORIENTED_EDGE ( 'NONE', *, *, #2863, .T. ) ;
#1650 = EDGE_CURVE ( 'NONE', #1225, #1307, #708, .T. ) ;
#1651 = ORIENTED_EDGE ( 'NONE', *, *, #2560, .F. ) ;
#1652 = SURFACE_STYLE_USAGE ( .BOTH. , #840 ) ;
#1653 = ADVANCED_FACE ( 'NONE', ( #1935 ), #1198, .T. ) ;
#1654 = VERTEX_POINT ( 'NONE', #3262 ) ;
#1655 = DIRECTION ( 'NONE',  ( 1.892736922655891900E-030, 3.220432817988006000E-015, -1.000000000000000000 ) ) ;
#1656 = VECTOR ( 'NONE', #1173, 1000.000000000000000 ) ;
#1657 = CARTESIAN_POINT ( 'NONE',  ( 1.175000000000018300, -2.599999999999984500, -2.050000000000009600 ) ) ;
#1658 = ORIENTED_EDGE ( 'NONE', *, *, #940, .F. ) ;
#1659 = VECTOR ( 'NONE', #1133, 1000.000000000000000 ) ;
#1660 = CARTESIAN_POINT ( 'NONE',  ( 3.625000000000000000, -0.04999999999997228900, -0.6000000000000010900 ) ) ;
#1661 = PLANE ( 'NONE',  #1161 ) ;
#1662 = DIRECTION ( 'NONE',  ( 1.000000000000000000, 6.982966722218767300E-015, -8.462065736471991200E-016 ) ) ;
#1663 = ORIENTED_EDGE ( 'NONE', *, *, #2767, .F. ) ;
#1664 = VECTOR ( 'NONE', #427, 1000.000000000000000 ) ;
#1665 = DIRECTION ( 'NONE',  ( -6.982966722218764100E-015, 1.000000000000000000, 3.491483361109382100E-015 ) ) ;
#1666 = ORIENTED_EDGE ( 'NONE', *, *, #2326, .F. ) ;
#1667 = ADVANCED_FACE ( 'NONE', ( #2451 ), #732, .F. ) ;
#1668 = EDGE_CURVE ( 'NONE', #935, #297, #2474, .T. ) ;
#1669 = VERTEX_POINT ( 'NONE', #2782 ) ;
#1670 = EDGE_CURVE ( 'NONE', #1838, #1225, #2996, .T. ) ;
#1671 = CARTESIAN_POINT ( 'NONE',  ( 1.600000000000029400, -4.199999999999973500, -4.950000000000017900 ) ) ;
#1672 = MECHANICAL_DESIGN_GEOMETRIC_PRESENTATION_REPRESENTATION (  '', ( #2642 ), #2228 ) ;
#1673 = ORIENTED_EDGE ( 'NONE', *, *, #2111, .F. ) ;
#1674 = VECTOR ( 'NONE', #2312, 1000.000000000000000 ) ;
#1675 = LINE ( 'NONE', #3169, #295 ) ;
#1676 = ORIENTED_EDGE ( 'NONE', *, *, #2510, .T. ) ;
#1677 = CARTESIAN_POINT ( 'NONE',  ( 2.050000000000011400, -1.799999999999979400, -1.800000000000006000 ) ) ;
#1678 = ADVANCED_FACE ( 'NONE', ( #268 ), #998, .F. ) ;
#1679 = VECTOR ( 'NONE', #2422, 1000.000000000000000 ) ;
#1680 = CARTESIAN_POINT ( 'NONE',  ( 0.7500000000000026600, -0.3999999999999805400, -4.000000000000001800 ) ) ;
#1681 = CARTESIAN_POINT ( 'NONE',  ( 0.4999999999999863400, 1.950000000000018800, -4.399999999999993200 ) ) ;
#1682 = EDGE_CURVE ( 'NONE', #190, #1728, #2102, .T. ) ;
#1683 = DIRECTION ( 'NONE',  ( -1.000000000000000000, -6.982966722218767300E-015, 8.462065736471990200E-016 ) ) ;
#1684 = EDGE_CURVE ( 'NONE', #715, #120, #2555, .T. ) ;
#1685 = ORIENTED_EDGE ( 'NONE', *, *, #1080, .F. ) ;
#1686 = EDGE_LOOP ( 'NONE', ( #1076, #1738, #163, #1843 ) ) ;
#1687 = ORIENTED_EDGE ( 'NONE', *, *, #2403, .T. ) ;
#1688 = CARTESIAN_POINT ( 'NONE',  ( 4.999999999999985800, 1.950000000000050100, -4.399999999999993200 ) ) ;
#1689 = EDGE_LOOP ( 'NONE', ( #2873, #327, #1847, #722 ) ) ;
#1690 = LINE ( 'NONE', #3027, #1018 ) ;
#1691 = ORIENTED_EDGE ( 'NONE', *, *, #1272, .F. ) ;
#1692 = DIRECTION ( 'NONE',  ( -6.982966722218764100E-015, 1.000000000000000000, 3.491483361109382100E-015 ) ) ;
#1693 = PRESENTATION_LAYER_ASSIGNMENT (  '', '', ( #1283 ) ) ;
#1694 = ORIENTED_EDGE ( 'NONE', *, *, #2985, .T. ) ;
#1695 = ORIENTED_EDGE ( 'NONE', *, *, #173, .T. ) ;
#1696 = LINE ( 'NONE', #3220, #1933 ) ;
#1697 = LINE ( 'NONE', #112, #1378 ) ;
#1698 = ORIENTED_EDGE ( 'NONE', *, *, #137, .T. ) ;
#1699 = EDGE_LOOP ( 'NONE', ( #1805, #2216, #2802, #2484 ) ) ;
#1700 = CARTESIAN_POINT ( 'NONE',  ( 2.950000000000003300, -0.6099999999999731200, -1.800000000000002500 ) ) ;
#1701 = FACE_OUTER_BOUND ( 'NONE', #1405, .T. ) ;
#1702 = ORIENTED_EDGE ( 'NONE', *, *, #513, .F. ) ;
#1703 = STYLED_ITEM ( 'NONE', ( #2988 ), #505 ) ;
#1704 = DIRECTION ( 'NONE',  ( -1.000000000000000000, -6.982966722218764100E-015, -2.438091212180733500E-029 ) ) ;
#1705 = EDGE_CURVE ( 'NONE', #2084, #226, #3194, .T. ) ;
#1706 = VERTEX_POINT ( 'NONE', #191 ) ;
#1707 = FILL_AREA_STYLE ('',( #691 ) ) ;
#1708 =( LENGTH_UNIT ( ) NAMED_UNIT ( * ) SI_UNIT ( .MILLI., .METRE. ) );
#1709 = FACE_OUTER_BOUND ( 'NONE', #2036, .T. ) ;
#1710 = EDGE_CURVE ( 'NONE', #15, #1932, #1565, .T. ) ;
#1711 = ADVANCED_FACE ( 'NONE', ( #353 ), #1748, .F. ) ;
#1712 = VERTEX_POINT ( 'NONE', #3043 ) ;
#1713 = CARTESIAN_POINT ( 'NONE',  ( 4.999999999999985800, 1.950000000000050100, -4.399999999999993200 ) ) ;
#1714 = LINE ( 'NONE', #2794, #634 ) ;
#1715 = FACE_OUTER_BOUND ( 'NONE', #39, .T. ) ;
#1716 =( GEOMETRIC_REPRESENTATION_CONTEXT ( 3 ) GLOBAL_UNCERTAINTY_ASSIGNED_CONTEXT ( ( #850 ) ) GLOBAL_UNIT_ASSIGNED_CONTEXT ( ( #3133, #551, #2356 ) ) REPRESENTATION_CONTEXT ( 'NONE', 'WORKASPACE' ) );
#1717 = STYLED_ITEM ( 'NONE', ( #682 ), #2694 ) ;
#1718 = ORIENTED_EDGE ( 'NONE', *, *, #1994, .T. ) ;
#1719 = VERTEX_POINT ( 'NONE', #2010 ) ;
#1720 = SURFACE_STYLE_USAGE ( .BOTH. , #3024 ) ;
#1721 = DIRECTION ( 'NONE',  ( -1.000000000000000000, -6.982966722218764100E-015, -2.438091212180733500E-029 ) ) ;
#1722 = DIRECTION ( 'NONE',  ( -1.000000000000000000, -6.982966722218767300E-015, 8.462065736471990200E-016 ) ) ;
#1723 = AXIS2_PLACEMENT_3D ( 'NONE', #440, #403, #2187 ) ;
#1724 = ORIENTED_EDGE ( 'NONE', *, *, #3099, .F. ) ;
#1725 = EDGE_CURVE ( 'NONE', #1519, #1727, #809, .T. ) ;
#1726 = ORIENTED_EDGE ( 'NONE', *, *, #714, .F. ) ;
#1727 = VERTEX_POINT ( 'NONE', #1765 ) ;
#1728 = VERTEX_POINT ( 'NONE', #3294 ) ;
#1729 = VECTOR ( 'NONE', #1459, 1000.000000000000000 ) ;
#1730 = EDGE_CURVE ( 'NONE', #291, #3164, #3282, .T. ) ;
#1731 = VERTEX_POINT ( 'NONE', #223 ) ;
#1732 = FACE_OUTER_BOUND ( 'NONE', #3158, .T. ) ;
#1733 = AXIS2_PLACEMENT_3D ( 'NONE', #1184, #1429, #1442 ) ;
#1734 = AXIS2_PLACEMENT_3D ( 'NONE', #2097, #1089, #585 ) ;
#1735 = DIRECTION ( 'NONE',  ( -1.000000000000000000, -6.982966722218766500E-015, 7.885106708985242500E-016 ) ) ;
#1736 = DIRECTION ( 'NONE',  ( -6.982966722218764100E-015, 1.000000000000000000, 3.491483361109382100E-015 ) ) ;
#1737 = ORIENTED_EDGE ( 'NONE', *, *, #3179, .T. ) ;
#1738 = ORIENTED_EDGE ( 'NONE', *, *, #834, .F. ) ;
#1739 = CARTESIAN_POINT ( 'NONE',  ( 1.600000000000029400, -4.199999999999977100, -3.950000000000017900 ) ) ;
#1740 = LINE ( 'NONE', #1559, #3015 ) ;
#1741 = VERTEX_POINT ( 'NONE', #1497 ) ;
#1742 = AXIS2_PLACEMENT_3D ( 'NONE', #892, #1665, #1412 ) ;
#1743 = CARTESIAN_POINT ( 'NONE',  ( 0.7499999999999861200, 1.950000000000012600, -2.049999999999993600 ) ) ;
#1744 = CARTESIAN_POINT ( 'NONE',  ( 4.500000000000012400, -2.149999999999960400, -2.210000000000006600 ) ) ;
#1745 = CARTESIAN_POINT ( 'NONE',  ( 2.793186688887503900E-015, -0.3999999999999997400, -1.396593344443752000E-015 ) ) ;
#1746 = VECTOR ( 'NONE', #453, 1000.000000000000000 ) ;
#1747 = EDGE_CURVE ( 'NONE', #1540, #715, #2663, .T. ) ;
#1748 = PLANE ( 'NONE',  #3166 ) ;
#1749 =( NAMED_UNIT ( * ) PLANE_ANGLE_UNIT ( ) SI_UNIT ( $, .RADIAN. ) );
#1750 = SURFACE_STYLE_FILL_AREA ( #210 ) ;
#1751 = ORIENTED_EDGE ( 'NONE', *, *, #1547, .T. ) ;
#1752 = FILL_AREA_STYLE_COLOUR ( '', #241 ) ;
#1753 = EDGE_CURVE ( 'NONE', #1014, #360, #730, .T. ) ;
#1754 = VECTOR ( 'NONE', #925, 1000.000000000000000 ) ;
#1755 = SURFACE_STYLE_USAGE ( .BOTH. , #1237 ) ;
#1756 = CARTESIAN_POINT ( 'NONE',  ( 0.5000000000000154300, -2.149999999999988400, -2.210000000000004800 ) ) ;
#1757 = LINE ( 'NONE', #1921, #1679 ) ;
#1758 = ORIENTED_EDGE ( 'NONE', *, *, #88, .F. ) ;
#1759 = DIRECTION ( 'NONE',  ( -0.0000000000000000000, 3.491483361109382100E-015, -1.000000000000000000 ) ) ;
#1760 = DIRECTION ( 'NONE',  ( 6.982966722218764100E-015, -1.000000000000000000, -3.491483361109382100E-015 ) ) ;
#1761 = DIRECTION ( 'NONE',  ( -1.000000000000000000, -6.982966722218764100E-015, -2.438091212180733500E-029 ) ) ;
#1762 = VERTEX_POINT ( 'NONE', #2792 ) ;
#1763 = FACE_OUTER_BOUND ( 'NONE', #2503, .T. ) ;
#1764 = ORIENTED_EDGE ( 'NONE', *, *, #2242, .T. ) ;
#1765 = CARTESIAN_POINT ( 'NONE',  ( 4.999999999999985800, 1.950000000000043500, -2.449999999999995700 ) ) ;
#1766 = CARTESIAN_POINT ( 'NONE',  ( 4.250000000000011500, -1.799999999999967000, -0.8000000000000067100 ) ) ;
#1767 = ORIENTED_EDGE ( 'NONE', *, *, #3275, .T. ) ;
#1768 = FACE_OUTER_BOUND ( 'NONE', #572, .T. ) ;
#1769 = EDGE_LOOP ( 'NONE', ( #1028, #1505, #3251, #1260 ) ) ;
#1770 = LINE ( 'NONE', #2485, #3213 ) ;
#1771 = LINE ( 'NONE', #1677, #1413 ) ;
#1772 = DIRECTION ( 'NONE',  ( 1.000000000000000000, 6.982966722218764100E-015, 2.438091212180733500E-029 ) ) ;
#1773 = ORIENTED_EDGE ( 'NONE', *, *, #589, .T. ) ;
#1774 = COLOUR_RGB ( '',0.7529411764705882200, 0.7529411764705882200, 0.7529411764705882200 ) ;
#1775 = DIRECTION ( 'NONE',  ( -6.982966722218764100E-015, 1.000000000000000000, 3.491483361109382100E-015 ) ) ;
#1776 = ORIENTED_EDGE ( 'NONE', *, *, #3254, .T. ) ;
#1777 =( GEOMETRIC_REPRESENTATION_CONTEXT ( 3 ) GLOBAL_UNCERTAINTY_ASSIGNED_CONTEXT ( ( #1340 ) ) GLOBAL_UNIT_ASSIGNED_CONTEXT ( ( #725, #2753, #1233 ) ) REPRESENTATION_CONTEXT ( 'NONE', 'WORKASPACE' ) );
#1778 = ORIENTED_EDGE ( 'NONE', *, *, #3225, .T. ) ;
#1779 = DIRECTION ( 'NONE',  ( 0.0000000000000000000, 3.491483361109382100E-015, -1.000000000000000000 ) ) ;
#1780 = CARTESIAN_POINT ( 'NONE',  ( 0.7500000000000026600, -0.3999999999999817600, -3.650000000000001700 ) ) ;
#1781 = FACE_OUTER_BOUND ( 'NONE', #1363, .T. ) ;
#1782 = PRESENTATION_LAYER_ASSIGNMENT (  '', '', ( #1380 ) ) ;
#1783 = EDGE_CURVE ( 'NONE', #297, #2195, #1644, .T. ) ;
#1784 = ORIENTED_EDGE ( 'NONE', *, *, #399, .T. ) ;
#1785 = LINE ( 'NONE', #487, #1433 ) ;
#1786 = UNCERTAINTY_MEASURE_WITH_UNIT (LENGTH_MEASURE( 1.000000000000000100E-005 ), #769, 'distance_accuracy_value', 'NONE');
#1787 = CARTESIAN_POINT ( 'NONE',  ( 4.500000000000015100, -2.149999999999968400, -0.01000000000000677100 ) ) ;
#1788 = VECTOR ( 'NONE', #2487, 1000.000000000000000 ) ;
#1789 = EDGE_CURVE ( 'NONE', #1669, #2955, #1353, .T. ) ;
#1790 =( LENGTH_UNIT ( ) NAMED_UNIT ( * ) SI_UNIT ( .MILLI., .METRE. ) );
#1791 = FACE_OUTER_BOUND ( 'NONE', #3086, .T. ) ;
#1792 = DIRECTION ( 'NONE',  ( 6.982966722218764100E-015, -1.000000000000000000, -3.097228025660107800E-015 ) ) ;
#1793 = PLANE ( 'NONE',  #870 ) ;
#1794 = ORIENTED_EDGE ( 'NONE', *, *, #173, .F. ) ;
#1795 = CARTESIAN_POINT ( 'NONE',  ( 2.094890016665628500E-015, -0.2999999999999845600, -4.400000000000001200 ) ) ;
#1796 = CARTESIAN_POINT ( 'NONE',  ( 4.999999999999985800, 1.950000000000050100, -4.399999999999993200 ) ) ;
#1797 = ORIENTED_EDGE ( 'NONE', *, *, #2917, .F. ) ;
#1798 = VERTEX_POINT ( 'NONE', #3325 ) ;
#1799 =( NAMED_UNIT ( * ) SI_UNIT ( $, .STERADIAN. ) SOLID_ANGLE_UNIT ( ) );
#1800 = AXIS2_PLACEMENT_3D ( 'NONE', #577, #1333, #2817 ) ;
#1801 = ORIENTED_EDGE ( 'NONE', *, *, #1896, .T. ) ;
#1802 = VERTEX_POINT ( 'NONE', #3055 ) ;
#1803 = DIRECTION ( 'NONE',  ( -2.753071887499478400E-030, -3.097228025660107800E-015, 1.000000000000000000 ) ) ;
#1804 = EDGE_CURVE ( 'NONE', #2467, #1414, #692, .T. ) ;
#1805 = ORIENTED_EDGE ( 'NONE', *, *, #277, .T. ) ;
#1806 = LINE ( 'NONE', #1193, #119 ) ;
#1807 = ORIENTED_EDGE ( 'NONE', *, *, #907, .F. ) ;
#1808 = DIRECTION ( 'NONE',  ( -0.0000000000000000000, 3.491483361109382100E-015, -1.000000000000000000 ) ) ;
#1809 = ORIENTED_EDGE ( 'NONE', *, *, #1869, .F. ) ;
#1810 = LINE ( 'NONE', #1604, #122 ) ;
#1811 = DIRECTION ( 'NONE',  ( -6.982966722218764100E-015, 1.000000000000000000, 3.491483361109382100E-015 ) ) ;
#1812 = ORIENTED_EDGE ( 'NONE', *, *, #2425, .T. ) ;
#1813 = COLOUR_RGB ( '',0.7529411764705882200, 0.7529411764705882200, 0.7529411764705882200 ) ;
#1814 = VERTEX_POINT ( 'NONE', #518 ) ;
#1815 = LINE ( 'NONE', #2217, #2415 ) ;
#1816 = EDGE_CURVE ( 'NONE', #360, #2558, #2029, .T. ) ;
#1817 = DIRECTION ( 'NONE',  ( -6.982966722218764100E-015, 1.000000000000000000, 4.158684698023538900E-015 ) ) ;
#1818 = ORIENTED_EDGE ( 'NONE', *, *, #961, .T. ) ;
#1819 = AXIS2_PLACEMENT_3D ( 'NONE', #3311, #1775, #228 ) ;
#1820 = DIRECTION ( 'NONE',  ( -6.982966722218764100E-015, 1.000000000000000000, 3.491483361109382100E-015 ) ) ;
#1821 = PLANE ( 'NONE',  #647 ) ;
#1822 = VECTOR ( 'NONE', #202, 1000.000000000000000 ) ;
#1823 = PRODUCT_CONTEXT ( 'NONE', #2854, 'mechanical' ) ;
#1824 = DIRECTION ( 'NONE',  ( 1.000000000000000000, 6.982966722218764900E-015, 2.438091212180733800E-029 ) ) ;
#1825 = DIRECTION ( 'NONE',  ( -6.982966722218764100E-015, 1.000000000000000000, 3.491483361109382100E-015 ) ) ;
#1826 = LINE ( 'NONE', #1012, #3272 ) ;
#1827 = AXIS2_PLACEMENT_3D ( 'NONE', #2687, #1394, #2130 ) ;
#1828 = VECTOR ( 'NONE', #303, 1000.000000000000000 ) ;
#1829 = SURFACE_STYLE_USAGE ( .BOTH. , #797 ) ;
#1830 = ORIENTED_EDGE ( 'NONE', *, *, #3245, .F. ) ;
#1831 = EDGE_CURVE ( 'NONE', #1448, #3271, #2752, .T. ) ;
#1832 = LINE ( 'NONE', #1911, #1870 ) ;
#1833 = ADVANCED_FACE ( 'NONE', ( #3323 ), #2570, .F. ) ;
#1834 =( NAMED_UNIT ( * ) PLANE_ANGLE_UNIT ( ) SI_UNIT ( $, .RADIAN. ) );
#1835 = EDGE_CURVE ( 'NONE', #638, #1415, #2027, .T. ) ;
#1836 = FACE_OUTER_BOUND ( 'NONE', #2224, .T. ) ;
#1837 = PRESENTATION_LAYER_ASSIGNMENT (  '', '', ( #2691 ) ) ;
#1838 = VERTEX_POINT ( 'NONE', #3107 ) ;
#1839 = ORIENTED_EDGE ( 'NONE', *, *, #2751, .F. ) ;
#1840 = ORIENTED_EDGE ( 'NONE', *, *, #1869, .T. ) ;
#1841 = VERTEX_POINT ( 'NONE', #1795 ) ;
#1842 = LINE ( 'NONE', #982, #1176 ) ;
#1843 = ORIENTED_EDGE ( 'NONE', *, *, #1627, .T. ) ;
#1844 = CARTESIAN_POINT ( 'NONE',  ( 5.000000000000026600, -4.049999999999957200, -2.250000000000016400 ) ) ;
#1845 = ADVANCED_FACE ( 'NONE', ( #222 ), #2052, .F. ) ;
#1846 = DIRECTION ( 'NONE',  ( 6.982966722218764100E-015, -1.000000000000000000, -3.610481160528522600E-015 ) ) ;
#1847 = ORIENTED_EDGE ( 'NONE', *, *, #813, .T. ) ;
#1848 = FACE_OUTER_BOUND ( 'NONE', #3247, .T. ) ;
#1849 = EDGE_CURVE ( 'NONE', #2941, #2381, #2623, .T. ) ;
#1850 = VECTOR ( 'NONE', #3200, 1000.000000000000000 ) ;
#1851 = EDGE_LOOP ( 'NONE', ( #1913, #1001, #2519, #740, #2395, #1618 ) ) ;
#1852 = LINE ( 'NONE', #2953, #828 ) ;
#1853 = CARTESIAN_POINT ( 'NONE',  ( 1.600000000000027400, -3.899999999999973700, -4.950000000000017100 ) ) ;
#1854 = ORIENTED_EDGE ( 'NONE', *, *, #1954, .T. ) ;
#1855 = LINE ( 'NONE', #2741, #501 ) ;
#1856 = LINE ( 'NONE', #288, #1623 ) ;
#1857 = DIRECTION ( 'NONE',  ( 8.462065736472233800E-016, -3.491483361109376100E-015, 1.000000000000000000 ) ) ;
#1858 = ORIENTED_EDGE ( 'NONE', *, *, #256, .T. ) ;
#1859 = FILL_AREA_STYLE ('',( #1332 ) ) ;
#1860 = CARTESIAN_POINT ( 'NONE',  ( 4.500000000000015100, -2.149999999999968800, -9.431777580905759900E-015 ) ) ;
#1861 = PLANE ( 'NONE',  #1955 ) ;
#1862 = LINE ( 'NONE', #1432, #2739 ) ;
#1863 = SURFACE_STYLE_USAGE ( .BOTH. , #1277 ) ;
#1864 = VECTOR ( 'NONE', #595, 1000.000000000000000 ) ;
#1865 = STYLED_ITEM ( 'NONE', ( #1116 ), #559 ) ;
#1866 = EDGE_LOOP ( 'NONE', ( #2001, #930, #1702, #2297 ) ) ;
#1867 = FACE_OUTER_BOUND ( 'NONE', #2561, .T. ) ;
#1868 = FILL_AREA_STYLE ('',( #2330 ) ) ;
#1869 = EDGE_CURVE ( 'NONE', #259, #2070, #2259, .T. ) ;
#1870 = VECTOR ( 'NONE', #1901, 1000.000000000000000 ) ;
#1871 = LINE ( 'NONE', #1360, #104 ) ;
#1872 = PLANE ( 'NONE',  #971 ) ;
#1873 = CARTESIAN_POINT ( 'NONE',  ( 4.700000000000028600, -4.199999999999969100, -0.01000000000001424900 ) ) ;
#1874 = PLANE ( 'NONE',  #2702 ) ;
#1875 = EDGE_CURVE ( 'NONE', #3164, #1538, #301, .T. ) ;
#1876 = EDGE_LOOP ( 'NONE', ( #2189, #2776, #1022, #1345 ) ) ;
#1877 = DIRECTION ( 'NONE',  ( 1.000000000000000000, 6.982966722218764100E-015, 2.438091212180733500E-029 ) ) ;
#1878 = MECHANICAL_DESIGN_GEOMETRIC_PRESENTATION_REPRESENTATION (  '', ( #404 ), #2620 ) ;
#1879 = ADVANCED_FACE ( 'NONE', ( #1791 ), #38, .F. ) ;
#1880 = VERTEX_POINT ( 'NONE', #808 ) ;
#1881 = CARTESIAN_POINT ( 'NONE',  ( -9.077856738884396200E-015, 1.300000000000008900, -2.449999999999996600 ) ) ;
#1882 =( NAMED_UNIT ( * ) PLANE_ANGLE_UNIT ( ) SI_UNIT ( $, .RADIAN. ) );
#1883 = ORIENTED_EDGE ( 'NONE', *, *, #1518, .F. ) ;
#1884 = DIRECTION ( 'NONE',  ( 1.000000000000000000, 6.982966722218767300E-015, -8.462065736471991200E-016 ) ) ;
#1885 = ORIENTED_EDGE ( 'NONE', *, *, #1246, .T. ) ;
#1886 =( NAMED_UNIT ( * ) PLANE_ANGLE_UNIT ( ) SI_UNIT ( $, .RADIAN. ) );
#1887 = ORIENTED_EDGE ( 'NONE', *, *, #2087, .T. ) ;
#1888 = VECTOR ( 'NONE', #1966, 1000.000000000000000 ) ;
#1889 = VERTEX_POINT ( 'NONE', #1542 ) ;
#1890 = PLANE ( 'NONE',  #1317 ) ;
#1891 = DIRECTION ( 'NONE',  ( -1.000000000000000000, -6.982966722218764900E-015, 1.172110456740841800E-016 ) ) ;
#1892 = VECTOR ( 'NONE', #2864, 1000.000000000000000 ) ;
#1893 = UNCERTAINTY_MEASURE_WITH_UNIT (LENGTH_MEASURE( 1.000000000000000100E-005 ), #1922, 'distance_accuracy_value', 'NONE');
#1894 = DIRECTION ( 'NONE',  ( 1.172110456741085800E-016, -3.491483361109381300E-015, 1.000000000000000000 ) ) ;
#1895 = MECHANICAL_DESIGN_GEOMETRIC_PRESENTATION_REPRESENTATION (  '', ( #1380 ), #2399 ) ;
#1896 = EDGE_CURVE ( 'NONE', #1841, #3130, #2181, .T. ) ;
#1897 = ORIENTED_EDGE ( 'NONE', *, *, #2290, .F. ) ;
#1898 = LINE ( 'NONE', #130, #2608 ) ;
#1899 = ORIENTED_EDGE ( 'NONE', *, *, #3161, .T. ) ;
#1900 = ADVANCED_FACE ( 'NONE', ( #1524 ), #1821, .T. ) ;
#1901 = DIRECTION ( 'NONE',  ( -1.000000000000000000, -6.982966722218764100E-015, -2.438091212180733500E-029 ) ) ;
#1902 = CARTESIAN_POINT ( 'NONE',  ( 0.3000000000000154800, -2.149999999999997700, -0.01000000000000498600 ) ) ;
#1903 = CARTESIAN_POINT ( 'NONE',  ( 0.4999999999999909000, 1.300000000000016900, -3.749999999999996400 ) ) ;
#1904 = PRESENTATION_LAYER_ASSIGNMENT (  '', '', ( #2642 ) ) ;
#1905 = FACE_OUTER_BOUND ( 'NONE', #356, .T. ) ;
#1906 = DIRECTION ( 'NONE',  ( 1.000000000000000000, 6.982966722218765700E-015, -4.231032868235872800E-016 ) ) ;
#1907 = CARTESIAN_POINT ( 'NONE',  ( 1.175000000000018000, -2.599999999999984100, -2.100000000000009400 ) ) ;
#1908 = VERTEX_POINT ( 'NONE', #815 ) ;
#1909 = DIRECTION ( 'NONE',  ( -9.637352644315571100E-016, 3.250549545001485400E-015, -1.000000000000000000 ) ) ;
#1910 = ADVANCED_FACE ( 'NONE', ( #924 ), #2546, .F. ) ;
#1911 = CARTESIAN_POINT ( 'NONE',  ( 2.600000000000029800, -4.199999999999966400, -4.950000000000017900 ) ) ;
#1912 = DIRECTION ( 'NONE',  ( 6.982966722218764100E-015, -1.000000000000000000, -3.491483361109382100E-015 ) ) ;
#1913 = ORIENTED_EDGE ( 'NONE', *, *, #796, .F. ) ;
#1914 = LINE ( 'NONE', #1543, #1986 ) ;
#1915 = MECHANICAL_DESIGN_GEOMETRIC_PRESENTATION_REPRESENTATION (  '', ( #1532 ), #2590 ) ;
#1916 = LINE ( 'NONE', #2742, #2257 ) ;
#1917 = EDGE_CURVE ( 'NONE', #1802, #308, #1276, .T. ) ;
#1918 = EDGE_CURVE ( 'NONE', #1889, #1338, #1641, .T. ) ;
#1919 = DIRECTION ( 'NONE',  ( 8.462065736472234800E-016, -3.491483361109376100E-015, 1.000000000000000000 ) ) ;
#1920 = ORIENTED_EDGE ( 'NONE', *, *, #2286, .T. ) ;
#1921 = CARTESIAN_POINT ( 'NONE',  ( 0.3000000000000155900, -2.149999999999995500, -0.6500000000000076800 ) ) ;
#1922 =( LENGTH_UNIT ( ) NAMED_UNIT ( * ) SI_UNIT ( .MILLI., .METRE. ) );
#1923 = CARTESIAN_POINT ( 'NONE',  ( 0.7500000000000178700, -2.599999999999981900, -3.650000000000009200 ) ) ;
#1924 = DIRECTION ( 'NONE',  ( -6.982966722218764100E-015, 1.000000000000000000, 3.491483361109382100E-015 ) ) ;
#1925 = ORIENTED_EDGE ( 'NONE', *, *, #2560, .T. ) ;
#1926 = EDGE_CURVE ( 'NONE', #3085, #364, #881, .T. ) ;
#1927 = ORIENTED_EDGE ( 'NONE', *, *, #2242, .F. ) ;
#1928 = EDGE_LOOP ( 'NONE', ( #3106, #604, #852, #916, #76, #748 ) ) ;
#1929 = ADVANCED_FACE ( 'NONE', ( #148 ), #93, .F. ) ;
#1930 = EDGE_LOOP ( 'NONE', ( #1691, #667, #1430, #310, #564, #791 ) ) ;
#1931 = CARTESIAN_POINT ( 'NONE',  ( 0.7000000000000178300, -2.599999999999991200, -1.100000000000010100 ) ) ;
#1932 = VERTEX_POINT ( 'NONE', #1600 ) ;
#1933 = VECTOR ( 'NONE', #2454, 1000.000000000000000 ) ;
#1934 = ORIENTED_EDGE ( 'NONE', *, *, #2911, .F. ) ;
#1935 = FACE_OUTER_BOUND ( 'NONE', #3180, .T. ) ;
#1936 = PLANE ( 'NONE',  #17 ) ;
#1937 = EDGE_LOOP ( 'NONE', ( #528, #1985, #1794, #2190, #2801, #3030 ) ) ;
#1938 = SURFACE_STYLE_FILL_AREA ( #676 ) ;
#1939 = VECTOR ( 'NONE', #1464, 1000.000000000000000 ) ;
#1940 = VECTOR ( 'NONE', #1611, 1000.000000000000000 ) ;
#1941 =( NAMED_UNIT ( * ) PLANE_ANGLE_UNIT ( ) SI_UNIT ( $, .RADIAN. ) );
#1942 = AXIS2_PLACEMENT_3D ( 'NONE', #2976, #1217, #2005 ) ;
#1943 = ADVANCED_FACE ( 'NONE', ( #766 ), #1890, .T. ) ;
#1944 =( NAMED_UNIT ( * ) SI_UNIT ( $, .STERADIAN. ) SOLID_ANGLE_UNIT ( ) );
#1945 = SURFACE_STYLE_USAGE ( .BOTH. , #1421 ) ;
#1946 = CARTESIAN_POINT ( 'NONE',  ( 0.5000000000000240900, -3.449999999999994400, -0.6500000000000122300 ) ) ;
#1947 = EDGE_LOOP ( 'NONE', ( #156, #733, #3324, #370, #2442, #2014 ) ) ;
#1948 = LINE ( 'NONE', #2020, #2617 ) ;
#1949 =( LENGTH_UNIT ( ) NAMED_UNIT ( * ) SI_UNIT ( .MILLI., .METRE. ) );
#1950 = FACE_OUTER_BOUND ( 'NONE', #2264, .T. ) ;
#1951 = PLANE ( 'NONE',  #357 ) ;
#1952 = CARTESIAN_POINT ( 'NONE',  ( 2.094890016665628500E-015, -0.2999999999999867800, -3.750000000000001800 ) ) ;
#1953 = DIRECTION ( 'NONE',  ( -6.982966722218764100E-015, 1.000000000000000000, 3.491483361109382100E-015 ) ) ;
#1954 = EDGE_CURVE ( 'NONE', #2595, #1540, #2098, .T. ) ;
#1955 = AXIS2_PLACEMENT_3D ( 'NONE', #2375, #2362, #1372 ) ;
#1956 = EDGE_CURVE ( 'NONE', #1248, #1838, #1051, .T. ) ;
#1957 = VERTEX_POINT ( 'NONE', #52 ) ;
#1958 = ADVANCED_FACE ( 'NONE', ( #2791 ), #70, .F. ) ;
#1959 = AXIS2_PLACEMENT_3D ( 'NONE', #1745, #3029, #1480 ) ;
#1960 = VERTEX_POINT ( 'NONE', #2380 ) ;
#1961 = CARTESIAN_POINT ( 'NONE',  ( 2.050000000000003400, -0.6099999999999793400, -1.800000000000002000 ) ) ;
#1962 = ORIENTED_EDGE ( 'NONE', *, *, #2950, .F. ) ;
#1963 = ORIENTED_EDGE ( 'NONE', *, *, #3036, .T. ) ;
#1964 = PLANE ( 'NONE',  #1228 ) ;
#1965 = ORIENTED_EDGE ( 'NONE', *, *, #233, .F. ) ;
#1966 = DIRECTION ( 'NONE',  ( 0.0000000000000000000, -3.491483361109382100E-015, 1.000000000000000000 ) ) ;
#1967 = CARTESIAN_POINT ( 'NONE',  ( 4.700000000000021500, -3.449999999999960200, -2.210000000000012000 ) ) ;
#1968 = EDGE_LOOP ( 'NONE', ( #273, #382, #1666, #79 ) ) ;
#1969 = LINE ( 'NONE', #452, #2761 ) ;
#1970 = ORIENTED_EDGE ( 'NONE', *, *, #2735, .T. ) ;
#1971 = LINE ( 'NONE', #635, #2486 ) ;
#1972 = LINE ( 'NONE', #318, #2571 ) ;
#1973 = VECTOR ( 'NONE', #267, 1000.000000000000000 ) ;
#1974 = ORIENTED_EDGE ( 'NONE', *, *, #729, .T. ) ;
#1975 = AXIS2_PLACEMENT_3D ( 'NONE', #2322, #1576, #32 ) ;
#1976 = DIRECTION ( 'NONE',  ( -6.982966722218764100E-015, 1.000000000000000000, 3.491483361109382100E-015 ) ) ;
#1977 = EDGE_CURVE ( 'NONE', #118, #1669, #2551, .T. ) ;
#1978 = LINE ( 'NONE', #1509, #627 ) ;
#1979 = CARTESIAN_POINT ( 'NONE',  ( 0.4999999999999863400, 1.950000000000012400, -2.449999999999993500 ) ) ;
#1980 = EDGE_CURVE ( 'NONE', #315, #207, #1871, .T. ) ;
#1981 = ORIENTED_EDGE ( 'NONE', *, *, #622, .T. ) ;
#1982 = VECTOR ( 'NONE', #2527, 1000.000000000000000 ) ;
#1983 = FACE_OUTER_BOUND ( 'NONE', #1937, .T. ) ;
#1984 = PRESENTATION_LAYER_ASSIGNMENT (  '', '', ( #2003 ) ) ;
#1985 = ORIENTED_EDGE ( 'NONE', *, *, #2867, .T. ) ;
#1986 = VECTOR ( 'NONE', #2537, 1000.000000000000000 ) ;
#1987 = SURFACE_STYLE_FILL_AREA ( #2667 ) ;
#1988 = CARTESIAN_POINT ( 'NONE',  ( 4.700000000000014400, -2.149999999999967000, -0.01000000000000684900 ) ) ;
#1989 =( NAMED_UNIT ( * ) PLANE_ANGLE_UNIT ( ) SI_UNIT ( $, .RADIAN. ) );
#1990 = DIRECTION ( 'NONE',  ( 0.0000000000000000000, -3.491483361109382100E-015, 1.000000000000000000 ) ) ;
#1991 = DIRECTION ( 'NONE',  ( -6.982966722218764100E-015, 1.000000000000000000, 3.491483361109382100E-015 ) ) ;
#1992 = AXIS2_PLACEMENT_3D ( 'NONE', #908, #1162, #2939 ) ;
#1993 = EDGE_LOOP ( 'NONE', ( #1981, #3091, #1365, #999, #2800, #2076, #3308, #541, #2644, #724, #1996, #1035 ) ) ;
#1994 = EDGE_CURVE ( 'NONE', #1592, #1014, #1350, .T. ) ;
#1995 = ORIENTED_EDGE ( 'NONE', *, *, #1129, .T. ) ;
#1996 = ORIENTED_EDGE ( 'NONE', *, *, #802, .F. ) ;
#1997 = ORIENTED_EDGE ( 'NONE', *, *, #1747, .F. ) ;
#1998 = LINE ( 'NONE', #2175, #1291 ) ;
#1999 = ORIENTED_EDGE ( 'NONE', *, *, #1804, .F. ) ;
#2000 = CARTESIAN_POINT ( 'NONE',  ( 2.094890016665628500E-015, -0.2999999999999845600, -4.400000000000002100 ) ) ;
#2001 = ORIENTED_EDGE ( 'NONE', *, *, #65, .T. ) ;
#2002 = PRODUCT_DEFINITION_FORMATION_WITH_SPECIFIED_SOURCE ( 'ANY', '', #3301, .NOT_KNOWN. ) ;
#2003 = STYLED_ITEM ( 'NONE', ( #2278 ), #3105 ) ;
#2004 = VERTEX_POINT ( 'NONE', #867 ) ;
#2005 = DIRECTION ( 'NONE',  ( -1.000000000000000000, -6.982966722218764100E-015, -2.438091212180733500E-029 ) ) ;
#2006 = FACE_OUTER_BOUND ( 'NONE', #1298, .T. ) ;
#2007 = VERTEX_POINT ( 'NONE', #2640 ) ;
#2008 = VECTOR ( 'NONE', #1884, 1000.000000000000000 ) ;
#2009 = VERTEX_POINT ( 'NONE', #1124 ) ;
#2010 = CARTESIAN_POINT ( 'NONE',  ( 4.300000000000012300, -1.799999999999964100, -1.550000000000006700 ) ) ;
#2011 = PRESENTATION_STYLE_ASSIGNMENT (( #1652 ) ) ;
#2012 = FILL_AREA_STYLE_COLOUR ( '', #2705 ) ;
#2013 = FACE_OUTER_BOUND ( 'NONE', #1059, .T. ) ;
#2014 = ORIENTED_EDGE ( 'NONE', *, *, #1453, .F. ) ;
#2015 = CARTESIAN_POINT ( 'NONE',  ( 3.600000000000029800, -4.199999999999962900, -3.950000000000018400 ) ) ;
#2016 = AXIS2_PLACEMENT_3D ( 'NONE', #3172, #642, #2463 ) ;
#2017 = CARTESIAN_POINT ( 'NONE',  ( 4.500000000000012400, -2.149999999999960400, -2.210000000000006600 ) ) ;
#2018 = CARTESIAN_POINT ( 'NONE',  ( 0.3500000000000125800, -1.799999999999992500, -1.300000000000006900 ) ) ;
#2019 = EDGE_CURVE ( 'NONE', #1415, #848, #2749, .T. ) ;
#2020 = CARTESIAN_POINT ( 'NONE',  ( 0.5000000000000154300, -2.149999999999996400, -0.01000000000000498600 ) ) ;
#2021 = SURFACE_STYLE_USAGE ( .BOTH. , #225 ) ;
#2022 = VECTOR ( 'NONE', #2624, 1000.000000000000000 ) ;
#2023 = MECHANICAL_DESIGN_GEOMETRIC_PRESENTATION_REPRESENTATION (  '', ( #116 ), #3230 ) ;
#2024 = CARTESIAN_POINT ( 'NONE',  ( 2.600000000000028100, -3.949999999999971800, -3.450000000000013900 ) ) ;
#2025 = LINE ( 'NONE', #3058, #1982 ) ;
#2026 = CARTESIAN_POINT ( 'NONE',  ( 3.600000000000029800, -4.199999999999962900, -3.950000000000018400 ) ) ;
#2027 = LINE ( 'NONE', #772, #1477 ) ;
#2028 = UNCERTAINTY_MEASURE_WITH_UNIT (LENGTH_MEASURE( 1.000000000000000100E-005 ), #61, 'distance_accuracy_value', 'NONE');
#2029 = LINE ( 'NONE', #3061, #966 ) ;
#2030 =( GEOMETRIC_REPRESENTATION_CONTEXT ( 3 ) GLOBAL_UNCERTAINTY_ASSIGNED_CONTEXT ( ( #182 ) ) GLOBAL_UNIT_ASSIGNED_CONTEXT ( ( #503, #2538, #2269 ) ) REPRESENTATION_CONTEXT ( 'NONE', 'WORKASPACE' ) );
#2031 = PLANE ( 'NONE',  #1042 ) ;
#2032 = EDGE_CURVE ( 'NONE', #364, #1097, #1121, .T. ) ;
#2033 = EDGE_LOOP ( 'NONE', ( #847, #3162, #3125, #932 ) ) ;
#2034 = FILL_AREA_STYLE_COLOUR ( '', #2979 ) ;
#2035 = ORIENTED_EDGE ( 'NONE', *, *, #2119, .F. ) ;
#2036 = EDGE_LOOP ( 'NONE', ( #307, #3046, #485, #3292, #1462 ) ) ;
#2037 = CARTESIAN_POINT ( 'NONE',  ( 2.050000000000004300, -0.6099999999999807800, -1.350000000000001900 ) ) ;
#2038 = DIRECTION ( 'NONE',  ( -1.000000000000000000, -6.982966722218767300E-015, 8.462065736471991200E-016 ) ) ;
#2039 = ORIENTED_EDGE ( 'NONE', *, *, #2119, .T. ) ;
#2040 = VECTOR ( 'NONE', #646, 1000.000000000000000 ) ;
#2041 = ORIENTED_EDGE ( 'NONE', *, *, #3186, .T. ) ;
#2042 = VECTOR ( 'NONE', #481, 1000.000000000000000 ) ;
#2043 = EDGE_CURVE ( 'NONE', #1502, #2970, #964, .T. ) ;
#2044 = VECTOR ( 'NONE', #2652, 1000.000000000000000 ) ;
#2045 = PLANE ( 'NONE',  #863 ) ;
#2046 = FACE_OUTER_BOUND ( 'NONE', #839, .T. ) ;
#2047 = AXIS2_PLACEMENT_3D ( 'NONE', #2848, #1319, #1622 ) ;
#2048 = PRESENTATION_STYLE_ASSIGNMENT (( #567 ) ) ;
#2049 = FILL_AREA_STYLE ('',( #2839 ) ) ;
#2050 = ORIENTED_EDGE ( 'NONE', *, *, #2940, .F. ) ;
#2051 = VECTOR ( 'NONE', #2173, 1000.000000000000000 ) ;
#2052 = PLANE ( 'NONE',  #2539 ) ;
#2053 = PLANE ( 'NONE',  #1004 ) ;
#2054 = DIRECTION ( 'NONE',  ( -6.982966722218764100E-015, 1.000000000000000000, 3.491483361109382100E-015 ) ) ;
#2055 = LINE ( 'NONE', #2908, #721 ) ;
#2056 = STYLED_ITEM ( 'NONE', ( #581 ), #1381 ) ;
#2057 = CARTESIAN_POINT ( 'NONE',  ( 3.600000000000029800, -4.199999999999960200, -4.950000000000018800 ) ) ;
#2058 = EDGE_CURVE ( 'NONE', #829, #593, #2337, .T. ) ;
#2059 = ORIENTED_EDGE ( 'NONE', *, *, #2115, .F. ) ;
#2060 = CARTESIAN_POINT ( 'NONE',  ( 1.400000000000029200, -4.199999999999978900, -3.950000000000017900 ) ) ;
#2061 = VECTOR ( 'NONE', #864, 1000.000000000000000 ) ;
#2062 = EDGE_CURVE ( 'NONE', #2929, #938, #438, .T. ) ;
#2063 = VERTEX_POINT ( 'NONE', #2934 ) ;
#2064 = DIRECTION ( 'NONE',  ( -1.239088197126291100E-016, 3.491483361109381300E-015, -1.000000000000000000 ) ) ;
#2065 = VECTOR ( 'NONE', #2851, 1000.000000000000000 ) ;
#2066 = PRODUCT_RELATED_PRODUCT_CATEGORY ( 'part', '', ( #3301 ) ) ;
#2067 = PRESENTATION_LAYER_ASSIGNMENT (  '', '', ( #2417 ) ) ;
#2068 = CARTESIAN_POINT ( 'NONE',  ( 4.250000000000017800, -2.599999999999957500, -3.650000000000009700 ) ) ;
#2069 = DIRECTION ( 'NONE',  ( 6.982966722218764100E-015, -1.000000000000000000, -3.491483361109382100E-015 ) ) ;
#2070 = VERTEX_POINT ( 'NONE', #111 ) ;
#2071 = PLANE ( 'NONE',  #844 ) ;
#2072 = AXIS2_PLACEMENT_3D ( 'NONE', #2188, #221, #511 ) ;
#2073 = EDGE_LOOP ( 'NONE', ( #1999, #3014, #59, #1045 ) ) ;
#2074 = CARTESIAN_POINT ( 'NONE',  ( 4.700000000000014400, -2.149999999999967000, -0.01000000000000684900 ) ) ;
#2075 = EDGE_CURVE ( 'NONE', #704, #762, #690, .T. ) ;
#2076 = ORIENTED_EDGE ( 'NONE', *, *, #2630, .F. ) ;
#2077 = FACE_OUTER_BOUND ( 'NONE', #1876, .T. ) ;
#2078 = ORIENTED_EDGE ( 'NONE', *, *, #2968, .F. ) ;
#2079 = VECTOR ( 'NONE', #663, 1000.000000000000000 ) ;
#2080 = SURFACE_STYLE_USAGE ( .BOTH. , #2507 ) ;
#2081 = LINE ( 'NONE', #384, #3052 ) ;
#2082 = ORIENTED_EDGE ( 'NONE', *, *, #923, .F. ) ;
#2083 = FACE_OUTER_BOUND ( 'NONE', #3232, .T. ) ;
#2084 = VERTEX_POINT ( 'NONE', #1420 ) ;
#2085 = FACE_OUTER_BOUND ( 'NONE', #1399, .T. ) ;
#2086 = CARTESIAN_POINT ( 'NONE',  ( 0.5000000000000149900, -2.149999999999996400, -7.739364433611411100E-015 ) ) ;
#2087 = EDGE_CURVE ( 'NONE', #2929, #1654, #1757, .T. ) ;
#2088 = EDGE_LOOP ( 'NONE', ( #1685, #1141, #2094, #181, #2346, #1019 ) ) ;
#2089 = ADVANCED_FACE ( 'NONE', ( #347 ), #2954, .F. ) ;
#2090 = DIRECTION ( 'NONE',  ( -1.000000000000000000, -6.982966722218767300E-015, 9.637352644315344300E-016 ) ) ;
#2091 = VECTOR ( 'NONE', #3314, 1000.000000000000000 ) ;
#2092 = CARTESIAN_POINT ( 'NONE',  ( 1.600000000000028300, -4.049999999999979400, -3.450000000000013900 ) ) ;
#2093 = DIRECTION ( 'NONE',  ( 0.0000000000000000000, -3.491483361109382100E-015, 1.000000000000000000 ) ) ;
#2094 = ORIENTED_EDGE ( 'NONE', *, *, #2795, .T. ) ;
#2095 = LINE ( 'NONE', #1514, #959 ) ;
#2096 = VECTOR ( 'NONE', #2208, 1000.000000000000000 ) ;
#2097 = CARTESIAN_POINT ( 'NONE',  ( 1.256934009999377200E-014, -1.799999999999999600, -6.284670049996886000E-015 ) ) ;
#2098 = LINE ( 'NONE', #300, #599 ) ;
#2099 = PLANE ( 'NONE',  #482 ) ;
#2100 = ADVANCED_FACE ( 'NONE', ( #1950 ), #2446, .T. ) ;
#2101 = CARTESIAN_POINT ( 'NONE',  ( 0.5000000000000283100, -4.049999999999993600, -0.6500000000000142300 ) ) ;
#2102 = LINE ( 'NONE', #468, #558 ) ;
#2103 = CARTESIAN_POINT ( 'NONE',  ( 2.600000000000028100, -3.949999999999970000, -3.950000000000017100 ) ) ;
#2104 = ORIENTED_EDGE ( 'NONE', *, *, #293, .T. ) ;
#2105 = PLANE ( 'NONE',  #2113 ) ;
#2106 = ORIENTED_EDGE ( 'NONE', *, *, #2703, .T. ) ;
#2107 = DIRECTION ( 'NONE',  ( -0.0000000000000000000, 3.491483361109382100E-015, -1.000000000000000000 ) ) ;
#2108 = VERTEX_POINT ( 'NONE', #902 ) ;
#2109 = CARTESIAN_POINT ( 'NONE',  ( 4.499999999999999100, -0.2999999999999531400, -4.400000000000003900 ) ) ;
#2110 = ORIENTED_EDGE ( 'NONE', *, *, #3094, .T. ) ;
#2111 = EDGE_CURVE ( 'NONE', #638, #2452, #3278, .T. ) ;
#2112 = DIRECTION ( 'NONE',  ( 1.000000000000000000, 6.982966722218764900E-015, -1.172110456740842000E-016 ) ) ;
#2113 = AXIS2_PLACEMENT_3D ( 'NONE', #3159, #2634, #335 ) ;
#2114 = CARTESIAN_POINT ( 'NONE',  ( 3.425000000000028200, -4.049999999999976700, -0.3500000000000133600 ) ) ;
#2115 = EDGE_CURVE ( 'NONE', #2376, #1960, #1832, .T. ) ;
#2116 = DIRECTION ( 'NONE',  ( 1.445602896647339200E-016, -3.491483361109380900E-015, 1.000000000000000000 ) ) ;
#2117 = VECTOR ( 'NONE', #2696, 1000.000000000000000 ) ;
#2118 = CARTESIAN_POINT ( 'NONE',  ( 2.050000000000012300, -1.799999999999980900, -1.350000000000005600 ) ) ;
#2119 = EDGE_CURVE ( 'NONE', #1706, #638, #554, .T. ) ;
#2120 = ADVANCED_FACE ( 'NONE', ( #1086 ), #1936, .T. ) ;
#2121 = DIRECTION ( 'NONE',  ( -6.982966722218764100E-015, 1.000000000000000000, 3.703035004521187900E-015 ) ) ;
#2122 = FILL_AREA_STYLE_COLOUR ( '', #1578 ) ;
#2123 = ORIENTED_EDGE ( 'NONE', *, *, #106, .T. ) ;
#2124 = SURFACE_STYLE_FILL_AREA ( #656 ) ;
#2125 = MECHANICAL_DESIGN_GEOMETRIC_PRESENTATION_REPRESENTATION (  '', ( #1387 ), #994 ) ;
#2126 = CARTESIAN_POINT ( 'NONE',  ( 2.600000000000027600, -3.899999999999967000, -4.950000000000017100 ) ) ;
#2127 = CARTESIAN_POINT ( 'NONE',  ( 0.5000000000000149900, -2.149999999999996400, -7.739364433611411100E-015 ) ) ;
#2128 = LINE ( 'NONE', #2026, #1149 ) ;
#2129 = DIRECTION ( 'NONE',  ( 6.982966722218764100E-015, -1.000000000000000000, -3.491483361109382100E-015 ) ) ;
#2130 = DIRECTION ( 'NONE',  ( -6.982966722218764100E-015, 1.000000000000000000, 3.491483361109382100E-015 ) ) ;
#2131 = LINE ( 'NONE', #1402, #1195 ) ;
#2132 = MECHANICAL_DESIGN_GEOMETRIC_PRESENTATION_REPRESENTATION (  '', ( #1027 ), #2826 ) ;
#2133 = VERTEX_POINT ( 'NONE', #1393 ) ;
#2134 = DIRECTION ( 'NONE',  ( 6.982966722218764100E-015, -1.000000000000000000, -3.491483361109382100E-015 ) ) ;
#2135 = EDGE_CURVE ( 'NONE', #762, #249, #1199, .T. ) ;
#2136 = ORIENTED_EDGE ( 'NONE', *, *, #2599, .F. ) ;
#2137 = EDGE_CURVE ( 'NONE', #3202, #1889, #515, .T. ) ;
#2138 = CARTESIAN_POINT ( 'NONE',  ( 0.3500000000000125800, -1.799999999999992500, -1.300000000000006900 ) ) ;
#2139 = VECTOR ( 'NONE', #2129, 1000.000000000000000 ) ;
#2140 = DIRECTION ( 'NONE',  ( 0.0000000000000000000, 3.491483361109382100E-015, -1.000000000000000000 ) ) ;
#2141 = DIRECTION ( 'NONE',  ( -1.172110456741085600E-016, 3.491483361109381300E-015, -1.000000000000000000 ) ) ;
#2142 = EDGE_CURVE ( 'NONE', #2725, #1013, #2588, .T. ) ;
#2143 = MECHANICAL_DESIGN_GEOMETRIC_PRESENTATION_REPRESENTATION (  '', ( #2691 ), #1777 ) ;
#2144 = ORIENTED_EDGE ( 'NONE', *, *, #923, .T. ) ;
#2145 = VERTEX_POINT ( 'NONE', #1406 ) ;
#2146 = CARTESIAN_POINT ( 'NONE',  ( 2.600000000000027600, -3.899999999999968800, -4.400000000000016300 ) ) ;
#2147 = ORIENTED_EDGE ( 'NONE', *, *, #1725, .T. ) ;
#2148 = CARTESIAN_POINT ( 'NONE',  ( 1.375000000000000200, -0.04999999999998887300, -0.3499999999999996400 ) ) ;
#2149 = VECTOR ( 'NONE', #2164, 1000.000000000000000 ) ;
#2150 = EDGE_LOOP ( 'NONE', ( #1031, #459, #411, #195 ) ) ;
#2151 = DIRECTION ( 'NONE',  ( 6.982966722218764100E-015, -1.000000000000000000, -3.491483361109382100E-015 ) ) ;
#2152 = LINE ( 'NONE', #2384, #2347 ) ;
#2153 = PLANE ( 'NONE',  #1992 ) ;
#2154 = STYLED_ITEM ( 'NONE', ( #2235 ), #1311 ) ;
#2155 = ORIENTED_EDGE ( 'NONE', *, *, #13, .F. ) ;
#2156 = FACE_OUTER_BOUND ( 'NONE', #2763, .T. ) ;
#2157 = EDGE_CURVE ( 'NONE', #90, #2602, #2861, .T. ) ;
#2158 = ORIENTED_EDGE ( 'NONE', *, *, #2735, .F. ) ;
#2159 = DIRECTION ( 'NONE',  ( 2.990902544787554200E-016, -2.893302852151860900E-015, 1.000000000000000000 ) ) ;
#2160 = ORIENTED_EDGE ( 'NONE', *, *, #1705, .T. ) ;
#2161 = ADVANCED_FACE ( 'NONE', ( #1244 ), #655, .F. ) ;
#2162 = DIRECTION ( 'NONE',  ( 6.982966722218764100E-015, -1.000000000000000000, -3.220432817988006000E-015 ) ) ;
#2163 = CARTESIAN_POINT ( 'NONE',  ( 4.499999999999983100, 1.950000000000046800, -4.399999999999995000 ) ) ;
#2164 = DIRECTION ( 'NONE',  ( -1.000000000000000000, -6.982966722218764100E-015, -2.438091212180733500E-029 ) ) ;
#2165 = PLANE ( 'NONE',  #1601 ) ;
#2166 = AXIS2_PLACEMENT_3D ( 'NONE', #2101, #2335, #1608 ) ;
#2167 = LINE ( 'NONE', #1267, #1513 ) ;
#2168 = DIRECTION ( 'NONE',  ( -0.0000000000000000000, 3.491483361109382100E-015, -1.000000000000000000 ) ) ;
#2169 = DIRECTION ( 'NONE',  ( -6.982966722218764100E-015, 1.000000000000000000, 3.491483361109382100E-015 ) ) ;
#2170 = ORIENTED_EDGE ( 'NONE', *, *, #1668, .T. ) ;
#2171 = DIRECTION ( 'NONE',  ( -1.000000000000000000, -6.982966722218764100E-015, -2.438091212180733500E-029 ) ) ;
#2172 = VECTOR ( 'NONE', #871, 1000.000000000000000 ) ;
#2173 = DIRECTION ( 'NONE',  ( -1.000000000000000000, -6.982966722218764100E-015, -2.438091212180733500E-029 ) ) ;
#2174 = ORIENTED_EDGE ( 'NONE', *, *, #2137, .F. ) ;
#2175 = CARTESIAN_POINT ( 'NONE',  ( 2.400000000000027400, -3.899999999999968400, -4.950000000000017100 ) ) ;
#2176 = AXIS2_PLACEMENT_3D ( 'NONE', #2178, #888, #904 ) ;
#2177 = VECTOR ( 'NONE', #2972, 1000.000000000000000 ) ;
#2178 = CARTESIAN_POINT ( 'NONE',  ( 4.250000000000017800, -2.599999999999963200, -2.100000000000009900 ) ) ;
#2179 = EDGE_CURVE ( 'NONE', #308, #2376, #1916, .T. ) ;
#2180 = ADVANCED_FACE ( 'NONE', ( #2506 ), #1465, .F. ) ;
#2181 = LINE ( 'NONE', #279, #3072 ) ;
#2182 = ORIENTED_EDGE ( 'NONE', *, *, #2990, .T. ) ;
#2183 = CARTESIAN_POINT ( 'NONE',  ( 1.600000000000027600, -3.949999999999975300, -4.400000000000014600 ) ) ;
#2184 = ORIENTED_EDGE ( 'NONE', *, *, #2221, .F. ) ;
#2185 = MECHANICAL_DESIGN_GEOMETRIC_PRESENTATION_REPRESENTATION (  '', ( #1283 ), #3279 ) ;
#2186 =( LENGTH_UNIT ( ) NAMED_UNIT ( * ) SI_UNIT ( .MILLI., .METRE. ) );
#2187 = DIRECTION ( 'NONE',  ( 2.990902544787596100E-016, -3.491483361109380100E-015, 1.000000000000000000 ) ) ;
#2188 = CARTESIAN_POINT ( 'NONE',  ( 3.400000000000027900, -3.949999999999966400, -3.450000000000014400 ) ) ;
#2189 = ORIENTED_EDGE ( 'NONE', *, *, #1109, .F. ) ;
#2190 = ORIENTED_EDGE ( 'NONE', *, *, #2724, .F. ) ;
#2191 = ORIENTED_EDGE ( 'NONE', *, *, #2471, .T. ) ;
#2192 = EDGE_LOOP ( 'NONE', ( #1887, #775, #3285, #3121, #2639, #3008 ) ) ;
#2193 = PRESENTATION_STYLE_ASSIGNMENT (( #1755 ) ) ;
#2194 = DIRECTION ( 'NONE',  ( -4.336808689942020700E-016, 3.491483361109378900E-015, -1.000000000000000000 ) ) ;
#2195 = VERTEX_POINT ( 'NONE', #1441 ) ;
#2196 = DIRECTION ( 'NONE',  ( 8.309576733611233800E-031, -3.610481160528522600E-015, 1.000000000000000000 ) ) ;
#2197 = PRESENTATION_STYLE_ASSIGNMENT (( #1720 ) ) ;
#2198 = PRESENTATION_LAYER_ASSIGNMENT (  '', '', ( #1334 ) ) ;
#2199 = ADVANCED_FACE ( 'NONE', ( #3148 ), #1951, .F. ) ;
#2200 = VERTEX_POINT ( 'NONE', #683 ) ;
#2201 = SURFACE_STYLE_FILL_AREA ( #2732 ) ;
#2202 = CARTESIAN_POINT ( 'NONE',  ( 4.700000000000026800, -4.199999999999962000, -2.210000000000014600 ) ) ;
#2203 = DIRECTION ( 'NONE',  ( -6.982966722218764100E-015, 1.000000000000000000, 3.491483361109382100E-015 ) ) ;
#2204 = EDGE_CURVE ( 'NONE', #118, #653, #1160, .T. ) ;
#2205 = VERTEX_POINT ( 'NONE', #2496 ) ;
#2206 = PLANE ( 'NONE',  #579 ) ;
#2207 = EDGE_CURVE ( 'NONE', #312, #2875, #1117, .T. ) ;
#2208 = DIRECTION ( 'NONE',  ( -6.982966722218764100E-015, 1.000000000000000000, 3.491483361109382100E-015 ) ) ;
#2209 = DIRECTION ( 'NONE',  ( 6.982966722218764100E-015, -1.000000000000000000, -3.491483361109382100E-015 ) ) ;
#2210 = DIRECTION ( 'NONE',  ( -1.000000000000000000, -6.982966722218764900E-015, -2.438091212180733800E-029 ) ) ;
#2211 = VECTOR ( 'NONE', #84, 1000.000000000000000 ) ;
#2212 = AXIS2_PLACEMENT_3D ( 'NONE', #1688, #2171, #2708 ) ;
#2213 = ORIENTED_EDGE ( 'NONE', *, *, #2221, .T. ) ;
#2214 =( LENGTH_UNIT ( ) NAMED_UNIT ( * ) SI_UNIT ( .MILLI., .METRE. ) );
#2215 = VECTOR ( 'NONE', #1846, 1000.000000000000000 ) ;
#2216 = ORIENTED_EDGE ( 'NONE', *, *, #294, .T. ) ;
#2217 = CARTESIAN_POINT ( 'NONE',  ( 2.600000000000027600, -3.899999999999967000, -4.950000000000017100 ) ) ;
#2218 = DIRECTION ( 'NONE',  ( 1.000000000000000000, 6.982966722218765700E-015, -1.172110456740842000E-016 ) ) ;
#2219 = PRESENTATION_LAYER_ASSIGNMENT (  '', '', ( #1312 ) ) ;
#2220 = VECTOR ( 'NONE', #2492, 1000.000000000000000 ) ;
#2221 = EDGE_CURVE ( 'NONE', #1594, #127, #727, .T. ) ;
#2222 =( NAMED_UNIT ( * ) PLANE_ANGLE_UNIT ( ) SI_UNIT ( $, .RADIAN. ) );
#2223 = EDGE_CURVE ( 'NONE', #1602, #1908, #3113, .T. ) ;
#2224 = EDGE_LOOP ( 'NONE', ( #1897, #2597, #3174, #1471, #1325, #2607 ) ) ;
#2225 = SURFACE_STYLE_USAGE ( .BOTH. , #3263 ) ;
#2226 = ORIENTED_EDGE ( 'NONE', *, *, #1396, .T. ) ;
#2227 = CARTESIAN_POINT ( 'NONE',  ( 1.575000000000023700, -3.449999999999983300, -1.800000000000012700 ) ) ;
#2228 =( GEOMETRIC_REPRESENTATION_CONTEXT ( 3 ) GLOBAL_UNCERTAINTY_ASSIGNED_CONTEXT ( ( #650 ) ) GLOBAL_UNIT_ASSIGNED_CONTEXT ( ( #3207, #149, #1944 ) ) REPRESENTATION_CONTEXT ( 'NONE', 'WORKASPACE' ) );
#2229 = DIRECTION ( 'NONE',  ( 1.000000000000000000, 6.982966722218767300E-015, -8.462065736471991200E-016 ) ) ;
#2230 = CARTESIAN_POINT ( 'NONE',  ( 4.249999999999985800, 1.950000000000043900, -3.999999999999993300 ) ) ;
#2231 = EDGE_LOOP ( 'NONE', ( #3170, #3304, #2962, #875 ) ) ;
#2232 = LINE ( 'NONE', #3208, #1729 ) ;
#2233 = ORIENTED_EDGE ( 'NONE', *, *, #2135, .F. ) ;
#2234 = LINE ( 'NONE', #1628, #2922 ) ;
#2235 = PRESENTATION_STYLE_ASSIGNMENT (( #1829 ) ) ;
#2236 = ORIENTED_EDGE ( 'NONE', *, *, #2853, .T. ) ;
#2237 = CARTESIAN_POINT ( 'NONE',  ( 1.575000000000023700, -3.449999999999987700, -0.3500000000000114100 ) ) ;
#2238 = EDGE_LOOP ( 'NONE', ( #2160, #271, #2727, #1190, #1084, #1724 ) ) ;
#2239 = VECTOR ( 'NONE', #1820, 1000.000000000000000 ) ;
#2240 = PRESENTATION_LAYER_ASSIGNMENT (  '', '', ( #608 ) ) ;
#2241 = CARTESIAN_POINT ( 'NONE',  ( 3.600000000000027600, -3.899999999999962200, -4.400000000000014600 ) ) ;
#2242 = EDGE_CURVE ( 'NONE', #935, #1712, #480, .T. ) ;
#2243 = EDGE_CURVE ( 'NONE', #1932, #1516, #765, .T. ) ;
#2244 = VERTEX_POINT ( 'NONE', #3229 ) ;
#2245 = DIRECTION ( 'NONE',  ( 6.982966722218764100E-015, -1.000000000000000000, -3.491483361109382100E-015 ) ) ;
#2246 = VECTOR ( 'NONE', #720, 1000.000000000000000 ) ;
#2247 = DIRECTION ( 'NONE',  ( 8.462065736472233800E-016, -3.491483361109376100E-015, 1.000000000000000000 ) ) ;
#2248 = EDGE_CURVE ( 'NONE', #2842, #190, #1596, .T. ) ;
#2249 = CARTESIAN_POINT ( 'NONE',  ( 0.7500000000000178700, -2.599999999999981900, -3.650000000000009200 ) ) ;
#2250 = ORIENTED_EDGE ( 'NONE', *, *, #1710, .T. ) ;
#2251 = CARTESIAN_POINT ( 'NONE',  ( 4.250000000000011500, -1.799999999999964300, -1.550000000000006700 ) ) ;
#2252 = DIRECTION ( 'NONE',  ( -6.982966722218764100E-015, 1.000000000000000000, 3.491483361109382100E-015 ) ) ;
#2253 = VECTOR ( 'NONE', #1094, 1000.000000000000000 ) ;
#2254 = ORIENTED_EDGE ( 'NONE', *, *, #2313, .F. ) ;
#2255 = CARTESIAN_POINT ( 'NONE',  ( 4.300000000000025600, -3.662132289312368400, -0.6000000000000137400 ) ) ;
#2256 = DIRECTION ( 'NONE',  ( 6.882679718748695100E-031, 3.392919527247063600E-015, -1.000000000000000000 ) ) ;
#2257 = VECTOR ( 'NONE', #463, 1000.000000000000000 ) ;
#2258 = DIRECTION ( 'NONE',  ( -0.0000000000000000000, 3.491483361109382100E-015, -1.000000000000000000 ) ) ;
#2259 = LINE ( 'NONE', #1587, #1598 ) ;
#2260 = CARTESIAN_POINT ( 'NONE',  ( 1.375000000000000200, -0.04999999999998625000, -1.100000000000001200 ) ) ;
#2261 = CARTESIAN_POINT ( 'NONE',  ( 0.3000000000000245200, -3.449999999999990000, -2.210000000000010200 ) ) ;
#2262 = CARTESIAN_POINT ( 'NONE',  ( 0.7499999999999861200, 1.950000000000012600, -2.049999999999993600 ) ) ;
#2263 = EDGE_LOOP ( 'NONE', ( #1377, #2918, #240, #2039 ) ) ;
#2264 = EDGE_LOOP ( 'NONE', ( #2170, #1142, #703, #2832, #2280, #1927 ) ) ;
#2265 = DIRECTION ( 'NONE',  ( 0.0000000000000000000, -3.491483361109382100E-015, 1.000000000000000000 ) ) ;
#2266 =( NAMED_UNIT ( * ) PLANE_ANGLE_UNIT ( ) SI_UNIT ( $, .RADIAN. ) );
#2267 = ORIENTED_EDGE ( 'NONE', *, *, #2302, .F. ) ;
#2268 = LINE ( 'NONE', #506, #1609 ) ;
#2269 =( NAMED_UNIT ( * ) SI_UNIT ( $, .STERADIAN. ) SOLID_ANGLE_UNIT ( ) );
#2270 = EDGE_CURVE ( 'NONE', #1594, #101, #643, .T. ) ;
#2271 = VERTEX_POINT ( 'NONE', #1235 ) ;
#2272 = CARTESIAN_POINT ( 'NONE',  ( 5.000000000000028400, -4.049999999999965200, -1.327314587450447100E-014 ) ) ;
#2273 = VECTOR ( 'NONE', #2936, 1000.000000000000000 ) ;
#2274 = AXIS2_PLACEMENT_3D ( 'NONE', #2601, #2858, #2372 ) ;
#2275 = ORIENTED_EDGE ( 'NONE', *, *, #2577, .T. ) ;
#2276 = CARTESIAN_POINT ( 'NONE',  ( 2.600000000000028500, -4.049999999999970500, -3.950000000000017100 ) ) ;
#2277 = DIRECTION ( 'NONE',  ( 6.982966722218764100E-015, -1.000000000000000000, -3.491483361109382100E-015 ) ) ;
#2278 = PRESENTATION_STYLE_ASSIGNMENT (( #2903 ) ) ;
#2279 = EDGE_LOOP ( 'NONE', ( #819, #854, #2759, #336 ) ) ;
#2280 = ORIENTED_EDGE ( 'NONE', *, *, #1058, .F. ) ;
#2281 = DIRECTION ( 'NONE',  ( -0.0000000000000000000, 3.491483361109382100E-015, -1.000000000000000000 ) ) ;
#2282 = VECTOR ( 'NONE', #3322, 1000.000000000000000 ) ;
#2283 = ORIENTED_EDGE ( 'NONE', *, *, #484, .F. ) ;
#2284 = MECHANICAL_DESIGN_GEOMETRIC_PRESENTATION_REPRESENTATION (  '', ( #1447 ), #2628 ) ;
#2285 = CARTESIAN_POINT ( 'NONE',  ( 4.650000000000011900, -1.799999999999964100, -0.8000000000000067100 ) ) ;
#2286 = EDGE_CURVE ( 'NONE', #3130, #2805, #2470, .T. ) ;
#2287 = FILL_AREA_STYLE ('',( #560 ) ) ;
#2288 = LINE ( 'NONE', #983, #2893 ) ;
#2289 = SURFACE_STYLE_USAGE ( .BOTH. , #1512 ) ;
#2290 = EDGE_CURVE ( 'NONE', #1092, #1731, #434, .T. ) ;
#2291 = DIRECTION ( 'NONE',  ( 1.000000000000000000, 6.982966722218764100E-015, 2.438091212180733500E-029 ) ) ;
#2292 = ORIENTED_EDGE ( 'NONE', *, *, #2223, .T. ) ;
#2293 = LINE ( 'NONE', #1281, #260 ) ;
#2294 = LINE ( 'NONE', #2092, #1828 ) ;
#2295 = ORIENTED_EDGE ( 'NONE', *, *, #2043, .T. ) ;
#2296 = SURFACE_STYLE_FILL_AREA ( #1036 ) ;
#2297 = ORIENTED_EDGE ( 'NONE', *, *, #2115, .T. ) ;
#2298 = COLOUR_RGB ( '',0.7529411764705882200, 0.7529411764705882200, 0.7529411764705882200 ) ;
#2299 = DIRECTION ( 'NONE',  ( -0.0000000000000000000, 3.491483361109382100E-015, -1.000000000000000000 ) ) ;
#2300 = AXIS2_PLACEMENT_3D ( 'NONE', #2899, #2134, #1877 ) ;
#2301 = PLANE ( 'NONE',  #1303 ) ;
#2302 = EDGE_CURVE ( 'NONE', #1024, #1594, #1434, .T. ) ;
#2303 =( NAMED_UNIT ( * ) PLANE_ANGLE_UNIT ( ) SI_UNIT ( $, .RADIAN. ) );
#2304 = ORIENTED_EDGE ( 'NONE', *, *, #2204, .T. ) ;
#2305 =( NAMED_UNIT ( * ) SI_UNIT ( $, .STERADIAN. ) SOLID_ANGLE_UNIT ( ) );
#2306 = ORIENTED_EDGE ( 'NONE', *, *, #197, .F. ) ;
#2307 = ORIENTED_EDGE ( 'NONE', *, *, #553, .T. ) ;
#2308 =( NAMED_UNIT ( * ) SI_UNIT ( $, .STERADIAN. ) SOLID_ANGLE_UNIT ( ) );
#2309 = FACE_OUTER_BOUND ( 'NONE', #2572, .T. ) ;
#2310 = ORIENTED_EDGE ( 'NONE', *, *, #1361, .F. ) ;
#2311 = APPLICATION_PROTOCOL_DEFINITION ( 'draft international standard', 'automotive_design', 1998, #1308 ) ;
#2312 = DIRECTION ( 'NONE',  ( -0.0000000000000000000, 3.491483361109382100E-015, -1.000000000000000000 ) ) ;
#2313 = EDGE_CURVE ( 'NONE', #2733, #1814, #1347, .T. ) ;
#2314 =( NAMED_UNIT ( * ) PLANE_ANGLE_UNIT ( ) SI_UNIT ( $, .RADIAN. ) );
#2315 = PRESENTATION_LAYER_ASSIGNMENT (  '', '', ( #1367 ) ) ;
#2316 = ORIENTED_EDGE ( 'NONE', *, *, #2019, .T. ) ;
#2317 = LINE ( 'NONE', #2406, #86 ) ;
#2318 = CARTESIAN_POINT ( 'NONE',  ( 0.3000000000000298000, -4.200000000000000200, -0.01000000000001238800 ) ) ;
#2319 = ORIENTED_EDGE ( 'NONE', *, *, #218, .T. ) ;
#2320 = ADVANCED_FACE ( 'NONE', ( #31 ), #1964, .F. ) ;
#2321 =( NAMED_UNIT ( * ) SI_UNIT ( $, .STERADIAN. ) SOLID_ANGLE_UNIT ( ) );
#2322 = CARTESIAN_POINT ( 'NONE',  ( 1.600000000000027400, -3.899999999999973700, -4.950000000000017100 ) ) ;
#2323 = CARTESIAN_POINT ( 'NONE',  ( 0.3000000000000154800, -2.149999999999989700, -2.210000000000004800 ) ) ;
#2324 = VERTEX_POINT ( 'NONE', #2202 ) ;
#2325 = PLANE ( 'NONE',  #1515 ) ;
#2326 = EDGE_CURVE ( 'NONE', #3215, #1625, #1273, .T. ) ;
#2327 = VECTOR ( 'NONE', #2299, 1000.000000000000000 ) ;
#2328 = LINE ( 'NONE', #2340, #100 ) ;
#2329 = ORIENTED_EDGE ( 'NONE', *, *, #907, .T. ) ;
#2330 = FILL_AREA_STYLE_COLOUR ( '', #1416 ) ;
#2331 = VECTOR ( 'NONE', #129, 1000.000000000000000 ) ;
#2332 = MECHANICAL_DESIGN_GEOMETRIC_PRESENTATION_REPRESENTATION (  '', ( #473 ), #993 ) ;
#2333 = AXIS2_PLACEMENT_3D ( 'NONE', #1860, #2358, #2866 ) ;
#2334 = ADVANCED_FACE ( 'NONE', ( #393 ), #2516, .F. ) ;
#2335 = DIRECTION ( 'NONE',  ( 1.000000000000000000, 6.982966722218764100E-015, 2.438091212180733500E-029 ) ) ;
#2336 = DIRECTION ( 'NONE',  ( -8.462065736472233800E-016, 3.491483361109376100E-015, -1.000000000000000000 ) ) ;
#2337 = LINE ( 'NONE', #3128, #67 ) ;
#2338 = DIRECTION ( 'NONE',  ( 1.000000000000000000, 6.982966722218767300E-015, -8.462065736471991200E-016 ) ) ;
#2339 = EDGE_LOOP ( 'NONE', ( #3315, #2536, #1698, #2980, #2319, #406, #2233, #1205 ) ) ;
#2340 = CARTESIAN_POINT ( 'NONE',  ( 2.050000000000011400, -1.799999999999979400, -1.800000000000006000 ) ) ;
#2341 = EDGE_CURVE ( 'NONE', #975, #1359, #2989, .T. ) ;
#2342 = VECTOR ( 'NONE', #1808, 1000.000000000000000 ) ;
#2343 =( NAMED_UNIT ( * ) SI_UNIT ( $, .STERADIAN. ) SOLID_ANGLE_UNIT ( ) );
#2344 = ORIENTED_EDGE ( 'NONE', *, *, #33, .F. ) ;
#2345 = PLANE ( 'NONE',  #1557 ) ;
#2346 = ORIENTED_EDGE ( 'NONE', *, *, #2326, .T. ) ;
#2347 = VECTOR ( 'NONE', #860, 1000.000000000000000 ) ;
#2348 = ORIENTED_EDGE ( 'NONE', *, *, #1201, .F. ) ;
#2349 = DIRECTION ( 'NONE',  ( -6.982966722218764100E-015, 1.000000000000000000, 3.491483361109382100E-015 ) ) ;
#2350 = LINE ( 'NONE', #2932, #784 ) ;
#2351 = SURFACE_STYLE_FILL_AREA ( #1370 ) ;
#2352 = ORIENTED_EDGE ( 'NONE', *, *, #2409, .F. ) ;
#2353 = PRESENTATION_STYLE_ASSIGNMENT (( #1437 ) ) ;
#2354 = PRESENTATION_LAYER_ASSIGNMENT (  '', '', ( #285 ) ) ;
#2355 = ORIENTED_EDGE ( 'NONE', *, *, #2370, .F. ) ;
#2356 =( NAMED_UNIT ( * ) SI_UNIT ( $, .STERADIAN. ) SOLID_ANGLE_UNIT ( ) );
#2357 = PRESENTATION_STYLE_ASSIGNMENT (( #2788 ) ) ;
#2358 = DIRECTION ( 'NONE',  ( 6.982966722218764100E-015, -1.000000000000000000, -3.491483361109382100E-015 ) ) ;
#2359 = VECTOR ( 'NONE', #1339, 1000.000000000000000 ) ;
#2360 = ORIENTED_EDGE ( 'NONE', *, *, #2248, .T. ) ;
#2361 = DIRECTION ( 'NONE',  ( 0.0000000000000000000, -3.491483361109382100E-015, 1.000000000000000000 ) ) ;
#2362 = DIRECTION ( 'NONE',  ( -1.477258085975327000E-030, 3.703035004521187900E-015, -1.000000000000000000 ) ) ;
#2363 = CARTESIAN_POINT ( 'NONE',  ( 2.400000000000029700, -4.199999999999971800, -3.950000000000017900 ) ) ;
#2364 = CARTESIAN_POINT ( 'NONE',  ( 2.600000000000028100, -3.949999999999970000, -3.950000000000017100 ) ) ;
#2365 = DIRECTION ( 'NONE',  ( 6.982966722218764100E-015, -1.000000000000000000, -3.876977466882005800E-015 ) ) ;
#2366 = MECHANICAL_DESIGN_GEOMETRIC_PRESENTATION_REPRESENTATION (  '', ( #1334 ), #2550 ) ;
#2367 = ORIENTED_EDGE ( 'NONE', *, *, #877, .T. ) ;
#2368 = UNCERTAINTY_MEASURE_WITH_UNIT (LENGTH_MEASURE( 1.000000000000000100E-005 ), #1790, 'distance_accuracy_value', 'NONE');
#2369 = DIRECTION ( 'NONE',  ( -6.982966722218764100E-015, 1.000000000000000000, 3.491483361109382100E-015 ) ) ;
#2370 = EDGE_CURVE ( 'NONE', #1616, #561, #1474, .T. ) ;
#2371 = ADVANCED_FACE ( 'NONE', ( #180 ), #832, .F. ) ;
#2372 = DIRECTION ( 'NONE',  ( 6.982966722218764100E-015, -1.000000000000000000, -3.491483361109382100E-015 ) ) ;
#2373 = VECTOR ( 'NONE', #1626, 1000.000000000000000 ) ;
#2374 = DIRECTION ( 'NONE',  ( 6.982966722218764100E-015, -1.000000000000000000, -3.491483361109382100E-015 ) ) ;
#2375 = CARTESIAN_POINT ( 'NONE',  ( 0.3000000000000154800, -2.149999999999989700, -2.210000000000004800 ) ) ;
#2376 = VERTEX_POINT ( 'NONE', #555 ) ;
#2377 = FACE_OUTER_BOUND ( 'NONE', #166, .T. ) ;
#2378 = CARTESIAN_POINT ( 'NONE',  ( 1.575000000000023700, -3.449999999999987700, -0.3500000000000114100 ) ) ;
#2379 = VECTOR ( 'NONE', #2466, 1000.000000000000000 ) ;
#2380 = CARTESIAN_POINT ( 'NONE',  ( 2.400000000000029700, -4.199999999999968200, -4.950000000000017900 ) ) ;
#2381 = VERTEX_POINT ( 'NONE', #1335 ) ;
#2382 = EDGE_CURVE ( 'NONE', #782, #3085, #1426, .T. ) ;
#2383 = VECTOR ( 'NONE', #1183, 1000.000000000000000 ) ;
#2384 = CARTESIAN_POINT ( 'NONE',  ( 0.5000000000000149900, -2.149999999999994600, -0.6500000000000076800 ) ) ;
#2385 = ORIENTED_EDGE ( 'NONE', *, *, #1396, .F. ) ;
#2386 = VECTOR ( 'NONE', #2281, 1000.000000000000000 ) ;
#2387 = DIRECTION ( 'NONE',  ( -6.982966722218764100E-015, 1.000000000000000000, 3.369022725727144300E-015 ) ) ;
#2388 = ORIENTED_EDGE ( 'NONE', *, *, #1535, .T. ) ;
#2389 = CARTESIAN_POINT ( 'NONE',  ( 3.825000000000000600, -0.04999999999997089400, -0.6000000000000010900 ) ) ;
#2390 = DIRECTION ( 'NONE',  ( 1.000000000000000000, 6.982966722218764100E-015, 2.438091212180733500E-029 ) ) ;
#2391 = ADVANCED_FACE ( 'NONE', ( #2824 ), #1108, .F. ) ;
#2392 = ORIENTED_EDGE ( 'NONE', *, *, #3068, .F. ) ;
#2393 = CARTESIAN_POINT ( 'NONE',  ( 4.250000000000001800, -0.3999999999999561100, -4.000000000000001800 ) ) ;
#2394 = CARTESIAN_POINT ( 'NONE',  ( 4.700000000000021500, -3.449999999999964700, -0.6500000000000141200 ) ) ;
#2395 = ORIENTED_EDGE ( 'NONE', *, *, #2489, .F. ) ;
#2396 = ORIENTED_EDGE ( 'NONE', *, *, #1650, .F. ) ;
#2397 = ORIENTED_EDGE ( 'NONE', *, *, #1956, .F. ) ;
#2398 = FILL_AREA_STYLE ('',( #2650 ) ) ;
#2399 =( GEOMETRIC_REPRESENTATION_CONTEXT ( 3 ) GLOBAL_UNCERTAINTY_ASSIGNED_CONTEXT ( ( #3270 ) ) GLOBAL_UNIT_ASSIGNED_CONTEXT ( ( #1408, #337, #131 ) ) REPRESENTATION_CONTEXT ( 'NONE', 'WORKASPACE' ) );
#2400 = ORIENTED_EDGE ( 'NONE', *, *, #872, .T. ) ;
#2401 = VECTOR ( 'NONE', #1662, 1000.000000000000000 ) ;
#2402 = ORIENTED_EDGE ( 'NONE', *, *, #2816, .F. ) ;
#2403 = EDGE_CURVE ( 'NONE', #1097, #1448, #385, .T. ) ;
#2404 = DIRECTION ( 'NONE',  ( 6.982966722218764100E-015, -1.000000000000000000, -3.610481160528522600E-015 ) ) ;
#2405 = LINE ( 'NONE', #1352, #1324 ) ;
#2406 = CARTESIAN_POINT ( 'NONE',  ( 1.501337845277034400E-014, -2.149999999999997700, -0.6500000000000076800 ) ) ;
#2407 = SURFACE_SIDE_STYLE ('',( #27 ) ) ;
#2408 = VECTOR ( 'NONE', #2574, 1000.000000000000000 ) ;
#2409 = EDGE_CURVE ( 'NONE', #362, #2324, #962, .T. ) ;
#2410 = ORIENTED_EDGE ( 'NONE', *, *, #3186, .F. ) ;
#2411 = LINE ( 'NONE', #257, #1973 ) ;
#2412 = FILL_AREA_STYLE_COLOUR ( '', #596 ) ;
#2413 = CARTESIAN_POINT ( 'NONE',  ( 3.425000000000028200, -4.049999999999971400, -1.800000000000014700 ) ) ;
#2414 = ORIENTED_EDGE ( 'NONE', *, *, #3291, .T. ) ;
#2415 = VECTOR ( 'NONE', #1990, 1000.000000000000000 ) ;
#2416 = AXIS2_PLACEMENT_3D ( 'NONE', #396, #1919, #2677 ) ;
#2417 = STYLED_ITEM ( 'NONE', ( #3274 ), #2371 ) ;
#2418 = CARTESIAN_POINT ( 'NONE',  ( 2.600000000000028500, -4.049999999999968700, -4.400000000000014600 ) ) ;
#2419 = ORIENTED_EDGE ( 'NONE', *, *, #197, .T. ) ;
#2420 = LINE ( 'NONE', #2994, #289 ) ;
#2421 = CARTESIAN_POINT ( 'NONE',  ( 4.249999999999985800, 1.950000000000037500, -2.099999999999993900 ) ) ;
#2422 = DIRECTION ( 'NONE',  ( 6.982966722218764100E-015, -1.000000000000000000, -3.491483361109382100E-015 ) ) ;
#2423 = DIRECTION ( 'NONE',  ( 0.0000000000000000000, -3.491483361109382100E-015, 1.000000000000000000 ) ) ;
#2424 = FACE_OUTER_BOUND ( 'NONE', #3260, .T. ) ;
#2425 = EDGE_CURVE ( 'NONE', #2665, #2200, #805, .T. ) ;
#2426 = EDGE_CURVE ( 'NONE', #1248, #1092, #2294, .T. ) ;
#2427 = LINE ( 'NONE', #89, #2900 ) ;
#2428 = ADVANCED_FACE ( 'NONE', ( #837 ), #3144, .T. ) ;
#2429 = ORIENTED_EDGE ( 'NONE', *, *, #1075, .T. ) ;
#2430 = COLOUR_RGB ( '',0.0000000000000000000, 0.0000000000000000000, 0.6274509803921568500 ) ;
#2431 = CARTESIAN_POINT ( 'NONE',  ( 0.7500000000000123200, -1.799999999999989800, -1.300000000000006900 ) ) ;
#2432 = VECTOR ( 'NONE', #1214, 1000.000000000000000 ) ;
#2433 = DIRECTION ( 'NONE',  ( 9.637352644315588800E-016, -3.491483361109375400E-015, 1.000000000000000000 ) ) ;
#2434 =( LENGTH_UNIT ( ) NAMED_UNIT ( * ) SI_UNIT ( .MILLI., .METRE. ) );
#2435 = SURFACE_STYLE_USAGE ( .BOTH. , #887 ) ;
#2436 = PLANE ( 'NONE',  #1827 ) ;
#2437 = EDGE_CURVE ( 'NONE', #1072, #1451, #2328, .T. ) ;
#2438 = CARTESIAN_POINT ( 'NONE',  ( 1.175000000000018300, -2.599999999999984100, -2.100000000000009400 ) ) ;
#2439 = ORIENTED_EDGE ( 'NONE', *, *, #664, .F. ) ;
#2440 = CARTESIAN_POINT ( 'NONE',  ( 4.300000000000012300, -1.799999999999966700, -0.8000000000000067100 ) ) ;
#2441 = ORIENTED_EDGE ( 'NONE', *, *, #3275, .F. ) ;
#2442 = ORIENTED_EDGE ( 'NONE', *, *, #1279, .F. ) ;
#2443 = LINE ( 'NONE', #995, #235 ) ;
#2444 = ADVANCED_FACE ( 'NONE', ( #918 ), #2612, .F. ) ;
#2445 = ORIENTED_EDGE ( 'NONE', *, *, #2891, .F. ) ;
#2446 = PLANE ( 'NONE',  #600 ) ;
#2447 = ORIENTED_EDGE ( 'NONE', *, *, #571, .T. ) ;
#2448 = CARTESIAN_POINT ( 'NONE',  ( 1.400000000000027200, -3.899999999999977300, -4.400000000000014600 ) ) ;
#2449 = ADVANCED_FACE ( 'NONE', ( #2585 ), #1580, .T. ) ;
#2450 = ORIENTED_EDGE ( 'NONE', *, *, #1496, .F. ) ;
#2451 = FACE_OUTER_BOUND ( 'NONE', #2231, .T. ) ;
#2452 = VERTEX_POINT ( 'NONE', #333 ) ;
#2453 = CARTESIAN_POINT ( 'NONE',  ( 0.7000000000000125000, -1.799999999999987400, -2.050000000000006500 ) ) ;
#2454 = DIRECTION ( 'NONE',  ( 1.000000000000000000, 6.982966722218764100E-015, 2.438091212180733500E-029 ) ) ;
#2455 = ORIENTED_EDGE ( 'NONE', *, *, #1453, .T. ) ;
#2456 = EDGE_CURVE ( 'NONE', #1654, #1169, #477, .T. ) ;
#2457 = DIRECTION ( 'NONE',  ( -6.982966722218764100E-015, 1.000000000000000000, 3.491483361109382100E-015 ) ) ;
#2458 = CARTESIAN_POINT ( 'NONE',  ( 4.250000000000017800, -2.599999999999957500, -3.650000000000009700 ) ) ;
#2459 = DIRECTION ( 'NONE',  ( 1.000000000000000000, 6.982966722218764100E-015, 2.438091212180733500E-029 ) ) ;
#2460 = DIRECTION ( 'NONE',  ( 1.000000000000000000, 6.982966722218764100E-015, 2.438091212180733500E-029 ) ) ;
#2461 = PRESENTATION_LAYER_ASSIGNMENT (  '', '', ( #404 ) ) ;
#2462 = ADVANCED_FACE ( 'NONE', ( #1155 ), #2621, .F. ) ;
#2463 = DIRECTION ( 'NONE',  ( -6.982966722218764100E-015, 1.000000000000000000, 3.491483361109382100E-015 ) ) ;
#2464 = CARTESIAN_POINT ( 'NONE',  ( 3.425000000000023800, -3.449999999999970400, -1.800000000000012700 ) ) ;
#2465 = PRESENTATION_STYLE_ASSIGNMENT (( #1112 ) ) ;
#2466 = DIRECTION ( 'NONE',  ( 1.000000000000000000, 6.982966722218767300E-015, -8.462065736471991200E-016 ) ) ;
#2467 = VERTEX_POINT ( 'NONE', #74 ) ;
#2468 = PLANE ( 'NONE',  #1723 ) ;
#2469 = VECTOR ( 'NONE', #2247, 1000.000000000000000 ) ;
#2470 = LINE ( 'NONE', #1457, #1522 ) ;
#2471 = EDGE_CURVE ( 'NONE', #1362, #2108, #761, .T. ) ;
#2472 = VECTOR ( 'NONE', #2121, 1000.000000000000000 ) ;
#2473 = AXIS2_PLACEMENT_3D ( 'NONE', #1988, #1209, #946 ) ;
#2474 = LINE ( 'NONE', #2500, #770 ) ;
#2475 = ORIENTED_EDGE ( 'NONE', *, *, #1222, .F. ) ;
#2476 = CARTESIAN_POINT ( 'NONE',  ( 3.825000000000029500, -4.159046182766852300, -2.100000000000015200 ) ) ;
#2477 = CARTESIAN_POINT ( 'NONE',  ( -1.361678510832659000E-014, 1.950000000000015300, -4.399999999999993200 ) ) ;
#2478 = SURFACE_STYLE_FILL_AREA ( #1079 ) ;
#2479 = ORIENTED_EDGE ( 'NONE', *, *, #2592, .F. ) ;
#2480 = VERTEX_POINT ( 'NONE', #286 ) ;
#2481 = EDGE_LOOP ( 'NONE', ( #1493, #3118, #1287, #2344 ) ) ;
#2482 = UNCERTAINTY_MEASURE_WITH_UNIT (LENGTH_MEASURE( 1.000000000000000100E-005 ), #542, 'distance_accuracy_value', 'NONE');
#2483 = FILL_AREA_STYLE_COLOUR ( '', #2772 ) ;
#2484 = ORIENTED_EDGE ( 'NONE', *, *, #9, .T. ) ;
#2485 = CARTESIAN_POINT ( 'NONE',  ( 3.825000000000029500, -4.159046182766857700, -0.6000000000000154100 ) ) ;
#2486 = VECTOR ( 'NONE', #623, 1000.000000000000000 ) ;
#2487 = DIRECTION ( 'NONE',  ( -1.000000000000000000, -6.982966722218764100E-015, -2.438091212180733500E-029 ) ) ;
#2488 = CARTESIAN_POINT ( 'NONE',  ( 3.400000000000028300, -4.049999999999965200, -3.950000000000017900 ) ) ;
#2489 = EDGE_CURVE ( 'NONE', #15, #2671, #1558, .T. ) ;
#2490 = ORIENTED_EDGE ( 'NONE', *, *, #3268, .F. ) ;
#2491 = ORIENTED_EDGE ( 'NONE', *, *, #1624, .T. ) ;
#2492 = DIRECTION ( 'NONE',  ( -6.982966722218763300E-015, 1.000000000000000000, 4.158684698023538900E-015 ) ) ;
#2493 = LINE ( 'NONE', #158, #1664 ) ;
#2494 = CARTESIAN_POINT ( 'NONE',  ( 4.500000000000023100, -3.449999999999961100, -2.250000000000013800 ) ) ;
#2495 = EDGE_CURVE ( 'NONE', #715, #2009, #2704, .T. ) ;
#2496 = CARTESIAN_POINT ( 'NONE',  ( 0.5000000000000240900, -3.449999999999989100, -2.250000000000012000 ) ) ;
#2497 = CARTESIAN_POINT ( 'NONE',  ( 4.500000000000027500, -4.049999999999960700, -2.250000000000016000 ) ) ;
#2498 = LINE ( 'NONE', #3005, #1746 ) ;
#2499 = AXIS2_PLACEMENT_3D ( 'NONE', #2127, #641, #874 ) ;
#2500 = CARTESIAN_POINT ( 'NONE',  ( 4.700000000000022400, -3.449999999999964700, -0.6500000000000140100 ) ) ;
#2501 = DIRECTION ( 'NONE',  ( -1.000000000000000000, -6.982966722218764100E-015, -2.438091212180733500E-029 ) ) ;
#2502 = VECTOR ( 'NONE', #749, 1000.000000000000000 ) ;
#2503 = EDGE_LOOP ( 'NONE', ( #3057, #2213, #497, #1818 ) ) ;
#2504 = FILL_AREA_STYLE_COLOUR ( '', #3298 ) ;
#2505 = VECTOR ( 'NONE', #1021, 1000.000000000000000 ) ;
#2506 = FACE_OUTER_BOUND ( 'NONE', #121, .T. ) ;
#2507 = SURFACE_SIDE_STYLE ('',( #1750 ) ) ;
#2508 = DIRECTION ( 'NONE',  ( 6.982966722218764100E-015, -1.000000000000000000, -3.491483361109382100E-015 ) ) ;
#2509 = SURFACE_STYLE_FILL_AREA ( #3316 ) ;
#2510 = EDGE_CURVE ( 'NONE', #1814, #2771, #2427, .T. ) ;
#2511 = DIRECTION ( 'NONE',  ( 6.882679718748695100E-031, 3.392919527247063600E-015, -1.000000000000000000 ) ) ;
#2512 = DIRECTION ( 'NONE',  ( 6.982966722218764100E-015, -1.000000000000000000, -3.491483361109382100E-015 ) ) ;
#2513 = ORIENTED_EDGE ( 'NONE', *, *, #1313, .T. ) ;
#2514 = FILL_AREA_STYLE ('',( #1752 ) ) ;
#2515 = ORIENTED_EDGE ( 'NONE', *, *, #328, .F. ) ;
#2516 = PLANE ( 'NONE',  #1458 ) ;
#2517 = AXIS2_PLACEMENT_3D ( 'NONE', #329, #820, #311 ) ;
#2518 = PRESENTATION_LAYER_ASSIGNMENT (  '', '', ( #2978 ) ) ;
#2519 = ORIENTED_EDGE ( 'NONE', *, *, #1977, .F. ) ;
#2520 = CARTESIAN_POINT ( 'NONE',  ( 2.400000000000027400, -3.899999999999970200, -4.400000000000014600 ) ) ;
#2521 = LINE ( 'NONE', #2251, #1090 ) ;
#2522 = ORIENTED_EDGE ( 'NONE', *, *, #2058, .T. ) ;
#2523 = CARTESIAN_POINT ( 'NONE',  ( 1.600000000000027600, -3.949999999999977100, -3.950000000000017100 ) ) ;
#2524 = PRESENTATION_STYLE_ASSIGNMENT (( #2641 ) ) ;
#2525 = LINE ( 'NONE', #1486, #316 ) ;
#2526 = VECTOR ( 'NONE', #361, 1000.000000000000000 ) ;
#2527 = DIRECTION ( 'NONE',  ( -6.982966722218764100E-015, 1.000000000000000000, 3.491483361109382100E-015 ) ) ;
#2528 = ORIENTED_EDGE ( 'NONE', *, *, #1918, .F. ) ;
#2529 = VECTOR ( 'NONE', #2859, 1000.000000000000000 ) ;
#2530 = EDGE_LOOP ( 'NONE', ( #1017, #609, #192, #2522 ) ) ;
#2531 = PRESENTATION_STYLE_ASSIGNMENT (( #2435 ) ) ;
#2532 = LINE ( 'NONE', #1200, #744 ) ;
#2533 = DIRECTION ( 'NONE',  ( -6.982966722218764100E-015, 1.000000000000000000, 3.703035004521187900E-015 ) ) ;
#2534 = CARTESIAN_POINT ( 'NONE',  ( 3.625000000000012900, -1.845132307101598100, -0.6000000000000073100 ) ) ;
#2535 = EDGE_CURVE ( 'NONE', #2825, #1320, #1675, .T. ) ;
#2536 = ORIENTED_EDGE ( 'NONE', *, *, #2580, .T. ) ;
#2537 = DIRECTION ( 'NONE',  ( 1.000000000000000000, 6.982966722218765700E-015, -1.239088197126047300E-016 ) ) ;
#2538 =( NAMED_UNIT ( * ) PLANE_ANGLE_UNIT ( ) SI_UNIT ( $, .RADIAN. ) );
#2539 = AXIS2_PLACEMENT_3D ( 'NONE', #530, #2578, #1070 ) ;
#2540 = DIRECTION ( 'NONE',  ( -6.982966722218764100E-015, 1.000000000000000000, 3.491483361109382100E-015 ) ) ;
#2541 = LINE ( 'NONE', #151, #1111 ) ;
#2542 = FILL_AREA_STYLE ('',( #2713 ) ) ;
#2543 = DIRECTION ( 'NONE',  ( 6.982966722218764100E-015, -1.000000000000000000, -3.491483361109382100E-015 ) ) ;
#2544 = FACE_OUTER_BOUND ( 'NONE', #1104, .T. ) ;
#2545 = EDGE_LOOP ( 'NONE', ( #3246, #1797, #2880, #2123 ) ) ;
#2546 = PLANE ( 'NONE',  #2818 ) ;
#2547 = LINE ( 'NONE', #3120, #3146 ) ;
#2548 = SURFACE_SIDE_STYLE ('',( #392 ) ) ;
#2549 = PLANE ( 'NONE',  #2720 ) ;
#2550 =( GEOMETRIC_REPRESENTATION_CONTEXT ( 3 ) GLOBAL_UNCERTAINTY_ASSIGNED_CONTEXT ( ( #2482 ) ) GLOBAL_UNIT_ASSIGNED_CONTEXT ( ( #542, #3084, #2308 ) ) REPRESENTATION_CONTEXT ( 'NONE', 'WORKASPACE' ) );
#2551 = LINE ( 'NONE', #1113, #2904 ) ;
#2552 = CARTESIAN_POINT ( 'NONE',  ( 0.5000000000000283100, -4.049999999999988300, -2.250000000000014200 ) ) ;
#2553 = EDGE_CURVE ( 'NONE', #1802, #812, #723, .T. ) ;
#2554 = ORIENTED_EDGE ( 'NONE', *, *, #2409, .T. ) ;
#2555 = LINE ( 'NONE', #2255, #3240 ) ;
#2556 = CARTESIAN_POINT ( 'NONE',  ( 2.950000000000003700, -0.6099999999999745600, -1.350000000000002300 ) ) ;
#2557 = FILL_AREA_STYLE ('',( #2012 ) ) ;
#2558 = VERTEX_POINT ( 'NONE', #342 ) ;
#2559 = ORIENTED_EDGE ( 'NONE', *, *, #1518, .T. ) ;
#2560 = EDGE_CURVE ( 'NONE', #561, #3074, #1306, .T. ) ;
#2561 = EDGE_LOOP ( 'NONE', ( #2402, #343, #3001, #2304 ) ) ;
#2562 = ORIENTED_EDGE ( 'NONE', *, *, #1221, .T. ) ;
#2563 = CARTESIAN_POINT ( 'NONE',  ( 0.4999999999999909000, 1.300000000000012500, -2.449999999999996600 ) ) ;
#2564 = ORIENTED_EDGE ( 'NONE', *, *, #3115, .T. ) ;
#2565 = FACE_BOUND ( 'NONE', #1686, .T. ) ;
#2566 =( GEOMETRIC_REPRESENTATION_CONTEXT ( 3 ) GLOBAL_UNCERTAINTY_ASSIGNED_CONTEXT ( ( #605 ) ) GLOBAL_UNIT_ASSIGNED_CONTEXT ( ( #1039, #1567, #1052 ) ) REPRESENTATION_CONTEXT ( 'NONE', 'WORKASPACE' ) );
#2567 = ORIENTED_EDGE ( 'NONE', *, *, #2911, .T. ) ;
#2568 = SURFACE_SIDE_STYLE ('',( #325 ) ) ;
#2569 = FACE_OUTER_BOUND ( 'NONE', #2339, .T. ) ;
#2570 = PLANE ( 'NONE',  #1525 ) ;
#2571 = VECTOR ( 'NONE', #591, 1000.000000000000000 ) ;
#2572 = EDGE_LOOP ( 'NONE', ( #699, #2928, #1250, #1475, #2110, #1658 ) ) ;
#2573 = PLANE ( 'NONE',  #1800 ) ;
#2574 = DIRECTION ( 'NONE',  ( 0.0000000000000000000, -3.491483361109382500E-015, 1.000000000000000000 ) ) ;
#2575 = ORIENTED_EDGE ( 'NONE', *, *, #2313, .T. ) ;
#2576 = CARTESIAN_POINT ( 'NONE',  ( 2.400000000000027900, -3.949999999999973500, -3.450000000000013900 ) ) ;
#2577 = EDGE_CURVE ( 'NONE', #2145, #3289, #217, .T. ) ;
#2578 = DIRECTION ( 'NONE',  ( 0.0000000000000000000, 3.491483361109382100E-015, -1.000000000000000000 ) ) ;
#2579 = VECTOR ( 'NONE', #179, 1000.000000000000000 ) ;
#2580 = EDGE_CURVE ( 'NONE', #1588, #2842, #2786, .T. ) ;
#2581 = DIRECTION ( 'NONE',  ( -6.982966722218764100E-015, 1.000000000000000000, 3.491483361109382100E-015 ) ) ;
#2582 = MECHANICAL_DESIGN_GEOMETRIC_PRESENTATION_REPRESENTATION (  '', ( #2417 ), #778 ) ;
#2583 = CARTESIAN_POINT ( 'NONE',  ( 0.5000000000000298600, -4.199999999999991300, -2.210000000000012800 ) ) ;
#2584 = LINE ( 'NONE', #3310, #1153 ) ;
#2585 = FACE_OUTER_BOUND ( 'NONE', #1947, .T. ) ;
#2586 = DIRECTION ( 'NONE',  ( -1.000000000000000000, -6.982966722218764100E-015, -2.438091212180733500E-029 ) ) ;
#2587 = ORIENTED_EDGE ( 'NONE', *, *, #1684, .T. ) ;
#2588 = LINE ( 'NONE', #1680, #2331 ) ;
#2589 = FILL_AREA_STYLE ('',( #2833 ) ) ;
#2590 =( GEOMETRIC_REPRESENTATION_CONTEXT ( 3 ) GLOBAL_UNCERTAINTY_ASSIGNED_CONTEXT ( ( #348 ) ) GLOBAL_UNIT_ASSIGNED_CONTEXT ( ( #1278, #2266, #238 ) ) REPRESENTATION_CONTEXT ( 'NONE', 'WORKASPACE' ) );
#2591 = EDGE_CURVE ( 'NONE', #249, #1798, #341, .T. ) ;
#2592 = EDGE_CURVE ( 'NONE', #1024, #1741, #637, .T. ) ;
#2593 = VERTEX_POINT ( 'NONE', #899 ) ;
#2594 = ADVANCED_FACE ( 'NONE', ( #1983 ), #851, .F. ) ;
#2595 = VERTEX_POINT ( 'NONE', #92 ) ;
#2596 = CARTESIAN_POINT ( 'NONE',  ( 4.300000000000012300, -1.799999999999966700, -0.8000000000000067100 ) ) ;
#2597 = ORIENTED_EDGE ( 'NONE', *, *, #2426, .F. ) ;
#2598 = CARTESIAN_POINT ( 'NONE',  ( 2.950000000000011700, -1.799999999999973000, -1.800000000000006500 ) ) ;
#2599 = EDGE_CURVE ( 'NONE', #2558, #1213, #590, .T. ) ;
#2600 = LINE ( 'NONE', #390, #2273 ) ;
#2601 = CARTESIAN_POINT ( 'NONE',  ( 0.5000000000000240900, -3.449999999999989100, -2.250000000000012000 ) ) ;
#2602 = VERTEX_POINT ( 'NONE', #1346 ) ;
#2603 = LINE ( 'NONE', #2464, #1455 ) ;
#2604 = FACE_OUTER_BOUND ( 'NONE', #2902, .T. ) ;
#2605 = VERTEX_POINT ( 'NONE', #323 ) ;
#2606 = DIRECTION ( 'NONE',  ( 1.000000000000000000, 6.982966722218767300E-015, -8.462065736471991200E-016 ) ) ;
#2607 = ORIENTED_EDGE ( 'NONE', *, *, #1501, .T. ) ;
#2608 = VECTOR ( 'NONE', #645, 1000.000000000000000 ) ;
#2609 = FACE_OUTER_BOUND ( 'NONE', #3012, .T. ) ;
#2610 = ORIENTED_EDGE ( 'NONE', *, *, #2676, .F. ) ;
#2611 =( NAMED_UNIT ( * ) PLANE_ANGLE_UNIT ( ) SI_UNIT ( $, .RADIAN. ) );
#2612 = PLANE ( 'NONE',  #2166 ) ;
#2613 = SURFACE_SIDE_STYLE ('',( #1189 ) ) ;
#2614 = EDGE_CURVE ( 'NONE', #738, #1960, #431, .T. ) ;
#2615 = ORIENTED_EDGE ( 'NONE', *, *, #1590, .T. ) ;
#2616 = SURFACE_STYLE_FILL_AREA ( #776 ) ;
#2617 = VECTOR ( 'NONE', #2804, 1000.000000000000000 ) ;
#2618 = UNCERTAINTY_MEASURE_WITH_UNIT (LENGTH_MEASURE( 1.000000000000000100E-005 ), #3021, 'distance_accuracy_value', 'NONE');
#2619 = PLANE ( 'NONE',  #1234 ) ;
#2620 =( GEOMETRIC_REPRESENTATION_CONTEXT ( 3 ) GLOBAL_UNCERTAINTY_ASSIGNED_CONTEXT ( ( #1445 ) ) GLOBAL_UNIT_ASSIGNED_CONTEXT ( ( #3138, #1886, #2886 ) ) REPRESENTATION_CONTEXT ( 'NONE', 'WORKASPACE' ) );
#2621 = PLANE ( 'NONE',  #698 ) ;
#2622 = CARTESIAN_POINT ( 'NONE',  ( 4.500000000000029300, -4.199999999999970900, -0.01000000000001408100 ) ) ;
#2623 = LINE ( 'NONE', #1305, #1009 ) ;
#2624 = DIRECTION ( 'NONE',  ( -1.000000000000000000, -6.982966722218764100E-015, -2.438091212180733500E-029 ) ) ;
#2625 = ADVANCED_FACE ( 'NONE', ( #2544 ), #1872, .F. ) ;
#2626 = ORIENTED_EDGE ( 'NONE', *, *, #218, .F. ) ;
#2627 = CARTESIAN_POINT ( 'NONE',  ( 1.600000000000029400, -4.199999999999973500, -4.950000000000017900 ) ) ;
#2628 =( GEOMETRIC_REPRESENTATION_CONTEXT ( 3 ) GLOBAL_UNCERTAINTY_ASSIGNED_CONTEXT ( ( #1245 ) ) GLOBAL_UNIT_ASSIGNED_CONTEXT ( ( #2214, #3239, #977 ) ) REPRESENTATION_CONTEXT ( 'NONE', 'WORKASPACE' ) );
#2629 = VERTEX_POINT ( 'NONE', #2148 ) ;
#2630 = EDGE_CURVE ( 'NONE', #2381, #889, #801, .T. ) ;
#2631 = ORIENTED_EDGE ( 'NONE', *, *, #1398, .F. ) ;
#2632 = CARTESIAN_POINT ( 'NONE',  ( 4.250000000000001800, -0.3999999999999561100, -4.000000000000001800 ) ) ;
#2633 = ORIENTED_EDGE ( 'NONE', *, *, #988, .T. ) ;
#2634 = DIRECTION ( 'NONE',  ( 0.0000000000000000000, -3.491483361109382100E-015, 1.000000000000000000 ) ) ;
#2635 = ORIENTED_EDGE ( 'NONE', *, *, #3179, .F. ) ;
#2636 = ORIENTED_EDGE ( 'NONE', *, *, #1582, .T. ) ;
#2637 = LINE ( 'NONE', #159, #2916 ) ;
#2638 = EDGE_CURVE ( 'NONE', #1213, #593, #3065, .T. ) ;
#2639 = ORIENTED_EDGE ( 'NONE', *, *, #3077, .F. ) ;
#2640 = CARTESIAN_POINT ( 'NONE',  ( 0.5000000000000283100, -4.049999999999996300, -0.01000000000001156400 ) ) ;
#2641 = SURFACE_STYLE_USAGE ( .BOTH. , #868 ) ;
#2642 = STYLED_ITEM ( 'NONE', ( #3236 ), #2120 ) ;
#2643 = CARTESIAN_POINT ( 'NONE',  ( 4.499999999999984900, 1.950000000000040100, -2.449999999999995300 ) ) ;
#2644 = ORIENTED_EDGE ( 'NONE', *, *, #3254, .F. ) ;
#2645 = VECTOR ( 'NONE', #2935, 1000.000000000000000 ) ;
#2646 = CARTESIAN_POINT ( 'NONE',  ( 2.409123519165473800E-014, -3.449999999999998000, -0.6500000000000122300 ) ) ;
#2647 = DIRECTION ( 'NONE',  ( 6.982966722218764100E-015, -1.000000000000000000, -3.491483361109382100E-015 ) ) ;
#2648 =( GEOMETRIC_REPRESENTATION_CONTEXT ( 3 ) GLOBAL_UNCERTAINTY_ASSIGNED_CONTEXT ( ( #2368 ) ) GLOBAL_UNIT_ASSIGNED_CONTEXT ( ( #1790, #1749, #3300 ) ) REPRESENTATION_CONTEXT ( 'NONE', 'WORKASPACE' ) );
#2649 = VECTOR ( 'NONE', #2252, 1000.000000000000000 ) ;
#2650 = FILL_AREA_STYLE_COLOUR ( '', #1256 ) ;
#2651 = EDGE_CURVE ( 'NONE', #3221, #90, #1633, .T. ) ;
#2652 = DIRECTION ( 'NONE',  ( -1.000000000000000000, -6.982966722218764100E-015, -2.438091212180733500E-029 ) ) ;
#2653 = EDGE_LOOP ( 'NONE', ( #972, #3212, #169, #2635 ) ) ;
#2654 = DIRECTION ( 'NONE',  ( 1.239088197126291100E-016, -3.491483361109381300E-015, 1.000000000000000000 ) ) ;
#2655 = VECTOR ( 'NONE', #3025, 1000.000000000000000 ) ;
#2656 = ADVANCED_FACE ( 'NONE', ( #512 ), #435, .T. ) ;
#2657 = DIRECTION ( 'NONE',  ( 0.0000000000000000000, -3.491483361109382100E-015, 1.000000000000000000 ) ) ;
#2658 = CARTESIAN_POINT ( 'NONE',  ( 3.600000000000029800, -4.199999999999960200, -4.950000000000018800 ) ) ;
#2659 = ORIENTED_EDGE ( 'NONE', *, *, #1561, .T. ) ;
#2660 = EDGE_CURVE ( 'NONE', #1625, #259, #2131, .T. ) ;
#2661 = VECTOR ( 'NONE', #2906, 1000.000000000000000 ) ;
#2662 = CARTESIAN_POINT ( 'NONE',  ( 4.700000000000013500, -2.149999999999964800, -0.6500000000000095700 ) ) ;
#2663 = LINE ( 'NONE', #753, #184 ) ;
#2664 = CARTESIAN_POINT ( 'NONE',  ( -1.361678510832659400E-014, 1.950000000000000400, 7.675754292151699500E-015 ) ) ;
#2665 = VERTEX_POINT ( 'NONE', #68 ) ;
#2666 = ADVANCED_FACE ( 'NONE', ( #1044 ), #2206, .T. ) ;
#2667 = FILL_AREA_STYLE ('',( #2412 ) ) ;
#2668 = DIRECTION ( 'NONE',  ( -6.982966722218764100E-015, 1.000000000000000000, 3.491483361109382100E-015 ) ) ;
#2669 = CARTESIAN_POINT ( 'NONE',  ( 0.7500000000000288700, -4.159046182766877200, -1.100000000000015400 ) ) ;
#2670 = ORIENTED_EDGE ( 'NONE', *, *, #1668, .F. ) ;
#2671 = VERTEX_POINT ( 'NONE', #426 ) ;
#2672 = CARTESIAN_POINT ( 'NONE',  ( 1.501337845277034400E-014, -2.149999999999997700, -0.6500000000000076800 ) ) ;
#2673 = ORIENTED_EDGE ( 'NONE', *, *, #2142, .T. ) ;
#2674 = SURFACE_STYLE_FILL_AREA ( #2542 ) ;
#2675 = ORIENTED_EDGE ( 'NONE', *, *, #2777, .F. ) ;
#2676 = EDGE_CURVE ( 'NONE', #2195, #2844, #955, .T. ) ;
#2677 = DIRECTION ( 'NONE',  ( 1.000000000000000000, 6.982966722218767300E-015, -8.462065736471991200E-016 ) ) ;
#2678 = FACE_BOUND ( 'NONE', #3189, .T. ) ;
#2679 = CARTESIAN_POINT ( 'NONE',  ( 4.999999999999998200, -0.2999999999999519200, -3.750000000000003600 ) ) ;
#2680 = ORIENTED_EDGE ( 'NONE', *, *, #2651, .T. ) ;
#2681 = CARTESIAN_POINT ( 'NONE',  ( 4.500000000000023100, -3.449999999999966000, -0.6500000000000140100 ) ) ;
#2682 = VECTOR ( 'NONE', #3000, 1000.000000000000000 ) ;
#2683 = LINE ( 'NONE', #2138, #1096 ) ;
#2684 = AXIS2_PLACEMENT_3D ( 'NONE', #2534, #1016, #2790 ) ;
#2685 = DIRECTION ( 'NONE',  ( 1.000000000000000000, 6.982966722218764100E-015, 2.438091212180733500E-029 ) ) ;
#2686 = CARTESIAN_POINT ( 'NONE',  ( 0.5000000000000283100, -4.049999999999988300, -2.250000000000014200 ) ) ;
#2687 = CARTESIAN_POINT ( 'NONE',  ( 0.5000000000000021100, -0.2999999999999833400, -3.750000000000001800 ) ) ;
#2688 = ORIENTED_EDGE ( 'NONE', *, *, #1275, .T. ) ;
#2689 = COLOUR_RGB ( '',0.7529411764705882200, 0.7529411764705882200, 0.7529411764705882200 ) ;
#2690 = SURFACE_STYLE_FILL_AREA ( #1868 ) ;
#2691 = STYLED_ITEM ( 'NONE', ( #164 ), #2894 ) ;
#2692 = CARTESIAN_POINT ( 'NONE',  ( 2.050000000000003400, -0.6099999999999793400, -1.800000000000002000 ) ) ;
#2693 = ORIENTED_EDGE ( 'NONE', *, *, #351, .T. ) ;
#2694 = ADVANCED_FACE ( 'NONE', ( #1709 ), #412, .T. ) ;
#2695 = PLANE ( 'NONE',  #115 ) ;
#2696 = DIRECTION ( 'NONE',  ( -5.769590274867477200E-017, 3.491483361109381700E-015, -1.000000000000000000 ) ) ;
#2697 = DIRECTION ( 'NONE',  ( -8.462065736472215100E-016, 3.220432817988000000E-015, -1.000000000000000000 ) ) ;
#2698 = DIRECTION ( 'NONE',  ( 1.734723475976795100E-015, -3.491483361109369800E-015, 1.000000000000000000 ) ) ;
#2699 = PLANE ( 'NONE',  #1733 ) ;
#2700 = CARTESIAN_POINT ( 'NONE',  ( 2.600000000000027600, -3.899999999999967000, -4.950000000000017100 ) ) ;
#2701 = CARTESIAN_POINT ( 'NONE',  ( 0.7000000000000253800, -3.662132289312392000, -1.100000000000013600 ) ) ;
#2702 = AXIS2_PLACEMENT_3D ( 'NONE', #2413, #2141, #1891 ) ;
#2703 = EDGE_CURVE ( 'NONE', #1013, #312, #2081, .T. ) ;
#2704 = LINE ( 'NONE', #3154, #1390 ) ;
#2705 = COLOUR_RGB ( '',0.7529411764705882200, 0.7529411764705882200, 0.7529411764705882200 ) ;
#2706 = DIRECTION ( 'NONE',  ( -1.000000000000000000, -6.982966722218764100E-015, -2.438091212180733500E-029 ) ) ;
#2707 = VECTOR ( 'NONE', #3017, 1000.000000000000000 ) ;
#2708 = DIRECTION ( 'NONE',  ( 6.982966722218764100E-015, -1.000000000000000000, -3.491483361109382100E-015 ) ) ;
#2709 = ADVANCED_FACE ( 'NONE', ( #578 ), #398, .F. ) ;
#2710 = VECTOR ( 'NONE', #354, 1000.000000000000000 ) ;
#2711 = DIRECTION ( 'NONE',  ( 6.982966722218764100E-015, -1.000000000000000000, -3.491483361109382100E-015 ) ) ;
#2712 =( GEOMETRIC_REPRESENTATION_CONTEXT ( 3 ) GLOBAL_UNCERTAINTY_ASSIGNED_CONTEXT ( ( #1300 ) ) GLOBAL_UNIT_ASSIGNED_CONTEXT ( ( #1046, #1834, #2321 ) ) REPRESENTATION_CONTEXT ( 'NONE', 'WORKASPACE' ) );
#2713 = FILL_AREA_STYLE_COLOUR ( '', #781 ) ;
#2714 = PLANE ( 'NONE',  #1942 ) ;
#2715 = ORIENTED_EDGE ( 'NONE', *, *, #1816, .F. ) ;
#2716 = CARTESIAN_POINT ( 'NONE',  ( 4.299999999999986500, 1.950000000000032400, -0.5999999999999940900 ) ) ;
#2717 = EDGE_LOOP ( 'NONE', ( #3110, #685, #456, #1536 ) ) ;
#2718 = SURFACE_STYLE_USAGE ( .BOTH. , #3241 ) ;
#2719 = ORIENTED_EDGE ( 'NONE', *, *, #1684, .F. ) ;
#2720 = AXIS2_PLACEMENT_3D ( 'NONE', #1037, #2291, #2762 ) ;
#2721 = ORIENTED_EDGE ( 'NONE', *, *, #1201, .T. ) ;
#2722 = CARTESIAN_POINT ( 'NONE',  ( 4.500000000000023100, -3.449999999999966000, -0.6500000000000140100 ) ) ;
#2723 = EDGE_LOOP ( 'NONE', ( #1318, #3127, #2871, #2636 ) ) ;
#2724 = EDGE_CURVE ( 'NONE', #1538, #2605, #2350, .T. ) ;
#2725 = VERTEX_POINT ( 'NONE', #672 ) ;
#2726 = VECTOR ( 'NONE', #2921, 1000.000000000000000 ) ;
#2727 = ORIENTED_EDGE ( 'NONE', *, *, #1152, .F. ) ;
#2728 = LINE ( 'NONE', #2000, #2042 ) ;
#2729 = LINE ( 'NONE', #626, #245 ) ;
#2730 = UNCERTAINTY_MEASURE_WITH_UNIT (LENGTH_MEASURE( 1.000000000000000100E-005 ), #2810, 'distance_accuracy_value', 'NONE');
#2731 = VECTOR ( 'NONE', #1534, 1000.000000000000000 ) ;
#2732 = FILL_AREA_STYLE ('',( #2483 ) ) ;
#2733 = VERTEX_POINT ( 'NONE', #693 ) ;
#2734 = LINE ( 'NONE', #1170, #2813 ) ;
#2735 = EDGE_CURVE ( 'NONE', #41, #132, #1025, .T. ) ;
#2736 = CARTESIAN_POINT ( 'NONE',  ( 4.999999999999998200, -0.2999999999999496400, -4.400000000000003900 ) ) ;
#2737 = DIRECTION ( 'NONE',  ( -0.0000000000000000000, 3.491483361109382500E-015, -1.000000000000000000 ) ) ;
#2738 = DIRECTION ( 'NONE',  ( 0.0000000000000000000, -3.491483361109382500E-015, 1.000000000000000000 ) ) ;
#2739 = VECTOR ( 'NONE', #3234, 1000.000000000000000 ) ;
#2740 = CARTESIAN_POINT ( 'NONE',  ( 5.000000000000028400, -4.049999999999965200, -1.327314587450447100E-014 ) ) ;
#2741 = CARTESIAN_POINT ( 'NONE',  ( 4.500000000000025800, -4.049999999999960700, -2.210000000000013700 ) ) ;
#2742 = CARTESIAN_POINT ( 'NONE',  ( 2.600000000000029800, -4.199999999999970000, -3.950000000000017900 ) ) ;
#2743 = ORIENTED_EDGE ( 'NONE', *, *, #2940, .T. ) ;
#2744 = DIRECTION ( 'NONE',  ( -8.462065736472215100E-016, 3.220432817988000000E-015, -1.000000000000000000 ) ) ;
#2745 = AXIS2_PLACEMENT_3D ( 'NONE', #3040, #2765, #464 ) ;
#2746 = ORIENTED_EDGE ( 'NONE', *, *, #2495, .F. ) ;
#2747 = EDGE_CURVE ( 'NONE', #1338, #2205, #662, .T. ) ;
#2748 = CARTESIAN_POINT ( 'NONE',  ( 4.499999999999999100, -0.2999999999999531400, -4.400000000000003900 ) ) ;
#2749 = LINE ( 'NONE', #1375, #1202 ) ;
#2750 = CARTESIAN_POINT ( 'NONE',  ( 4.499999999999988500, 1.300000000000044900, -3.749999999999998200 ) ) ;
#2751 = EDGE_CURVE ( 'NONE', #489, #2970, #1696, .T. ) ;
#2752 = LINE ( 'NONE', #2823, #603 ) ;
#2753 =( NAMED_UNIT ( * ) PLANE_ANGLE_UNIT ( ) SI_UNIT ( $, .RADIAN. ) );
#2754 = DIRECTION ( 'NONE',  ( -1.141265444721584000E-016, -3.491483361109382900E-015, 1.000000000000000000 ) ) ;
#2755 = PLANE ( 'NONE',  #2745 ) ;
#2756 = PLANE ( 'NONE',  #1959 ) ;
#2757 = ORIENTED_EDGE ( 'NONE', *, *, #2599, .T. ) ;
#2758 = CARTESIAN_POINT ( 'NONE',  ( 2.600000000000029800, -4.199999999999966400, -4.950000000000017900 ) ) ;
#2759 = ORIENTED_EDGE ( 'NONE', *, *, #1295, .F. ) ;
#2760 = ORIENTED_EDGE ( 'NONE', *, *, #1156, .T. ) ;
#2761 = VECTOR ( 'NONE', #3256, 1000.000000000000000 ) ;
#2762 = DIRECTION ( 'NONE',  ( -6.982966722218764100E-015, 1.000000000000000000, 3.491483361109382100E-015 ) ) ;
#2763 = EDGE_LOOP ( 'NONE', ( #1369, #1687, #502, #1236, #702 ) ) ;
#2764 = DIRECTION ( 'NONE',  ( 5.769590274867477200E-017, -3.491483361109381700E-015, 1.000000000000000000 ) ) ;
#2765 = DIRECTION ( 'NONE',  ( -6.982966722218764100E-015, 1.000000000000000000, 3.491483361109382100E-015 ) ) ;
#2766 = CARTESIAN_POINT ( 'NONE',  ( 1.600000000000028300, -4.049999999999977600, -3.950000000000017100 ) ) ;
#2767 = EDGE_CURVE ( 'NONE', #1728, #1588, #2603, .T. ) ;
#2768 = VECTOR ( 'NONE', #3286, 1000.000000000000000 ) ;
#2769 = EDGE_CURVE ( 'NONE', #2771, #1320, #2532, .T. ) ;
#2770 = VECTOR ( 'NONE', #2387, 1000.000000000000000 ) ;
#2771 = VERTEX_POINT ( 'NONE', #1425 ) ;
#2772 = COLOUR_RGB ( '',0.7529411764705882200, 0.7529411764705882200, 0.7529411764705882200 ) ;
#2773 = ORIENTED_EDGE ( 'NONE', *, *, #1156, .F. ) ;
#2774 = ADVANCED_BREP_SHAPE_REPRESENTATION ( 'BM03B-NSHSS', ( #505, #2517 ), #1566 ) ;
#2775 = PLANE ( 'NONE',  #2072 ) ;
#2776 = ORIENTED_EDGE ( 'NONE', *, *, #1682, .T. ) ;
#2777 = EDGE_CURVE ( 'NONE', #1741, #312, #45, .T. ) ;
#2778 = DIRECTION ( 'NONE',  ( 0.0000000000000000000, -3.491483361109382100E-015, 1.000000000000000000 ) ) ;
#2779 = CARTESIAN_POINT ( 'NONE',  ( 2.400000000000027900, -3.949999999999970000, -4.400000000000014600 ) ) ;
#2780 = DIRECTION ( 'NONE',  ( 1.000000000000000000, 6.982966722218764100E-015, 2.438091212180733500E-029 ) ) ;
#2781 = VECTOR ( 'NONE', #2277, 1000.000000000000000 ) ;
#2782 = CARTESIAN_POINT ( 'NONE',  ( 4.499999999999990200, 1.300000000000040200, -2.449999999999998400 ) ) ;
#2783 = FILL_AREA_STYLE ('',( #1249 ) ) ;
#2784 = ORIENTED_EDGE ( 'NONE', *, *, #3156, .F. ) ;
#2785 = CARTESIAN_POINT ( 'NONE',  ( 4.500000000000027500, -4.049999999999960700, -2.250000000000016000 ) ) ;
#2786 = LINE ( 'NONE', #2378, #2022 ) ;
#2787 = ORIENTED_EDGE ( 'NONE', *, *, #2426, .T. ) ;
#2788 = SURFACE_STYLE_USAGE ( .BOTH. , #795 ) ;
#2789 = DIRECTION ( 'NONE',  ( 6.982966722218764100E-015, -1.000000000000000000, -3.491483361109382100E-015 ) ) ;
#2790 = DIRECTION ( 'NONE',  ( -1.734723475976795100E-015, 3.491483361109369800E-015, -1.000000000000000000 ) ) ;
#2791 = FACE_OUTER_BOUND ( 'NONE', #3098, .T. ) ;
#2792 = CARTESIAN_POINT ( 'NONE',  ( 4.650000000000011900, -1.799999999999961600, -1.550000000000006700 ) ) ;
#2793 = CARTESIAN_POINT ( 'NONE',  ( 4.649999999999986100, 1.950000000000035700, -0.7999999999999936100 ) ) ;
#2794 = CARTESIAN_POINT ( 'NONE',  ( 3.400000000000029700, -4.199999999999964700, -3.950000000000018400 ) ) ;
#2795 = EDGE_CURVE ( 'NONE', #315, #1158, #1259, .T. ) ;
#2796 = ORIENTED_EDGE ( 'NONE', *, *, #1917, .F. ) ;
#2797 = EDGE_LOOP ( 'NONE', ( #1812, #2870, #2360, #1172 ) ) ;
#2798 = DIRECTION ( 'NONE',  ( -6.982966722218764100E-015, 1.000000000000000000, 3.491483361109382100E-015 ) ) ;
#2799 =( GEOMETRIC_REPRESENTATION_CONTEXT ( 3 ) GLOBAL_UNCERTAINTY_ASSIGNED_CONTEXT ( ( #247 ) ) GLOBAL_UNIT_ASSIGNED_CONTEXT ( ( #1708, #1941, #3203 ) ) REPRESENTATION_CONTEXT ( 'NONE', 'WORKASPACE' ) );
#2800 = ORIENTED_EDGE ( 'NONE', *, *, #1535, .F. ) ;
#2801 = ORIENTED_EDGE ( 'NONE', *, *, #1875, .F. ) ;
#2802 = ORIENTED_EDGE ( 'NONE', *, *, #961, .F. ) ;
#2803 = DIRECTION ( 'NONE',  ( -6.982966722218764100E-015, 1.000000000000000000, 2.893302852151862800E-015 ) ) ;
#2804 = DIRECTION ( 'NONE',  ( 6.982966722218764100E-015, -1.000000000000000000, -3.610481160528522600E-015 ) ) ;
#2805 = VERTEX_POINT ( 'NONE', #1002 ) ;
#2806 = SURFACE_STYLE_FILL_AREA ( #2514 ) ;
#2807 = LINE ( 'NONE', #616, #2529 ) ;
#2808 = SHAPE_DEFINITION_REPRESENTATION ( #2965, #2774 ) ;
#2809 = VECTOR ( 'NONE', #1043, 1000.000000000000000 ) ;
#2810 =( LENGTH_UNIT ( ) NAMED_UNIT ( * ) SI_UNIT ( .MILLI., .METRE. ) );
#2811 = EDGE_CURVE ( 'NONE', #974, #3074, #1188, .T. ) ;
#2812 = ORIENTED_EDGE ( 'NONE', *, *, #189, .T. ) ;
#2813 = VECTOR ( 'NONE', #1147, 1000.000000000000000 ) ;
#2814 = DIRECTION ( 'NONE',  ( -1.682432820138569100E-030, -3.250549545001492500E-015, 1.000000000000000000 ) ) ;
#2815 = FILL_AREA_STYLE ('',( #1554 ) ) ;
#2816 = EDGE_CURVE ( 'NONE', #1516, #653, #570, .T. ) ;
#2817 = DIRECTION ( 'NONE',  ( 1.000000000000000000, 6.982966722218764100E-015, 2.438091212180733500E-029 ) ) ;
#2818 = AXIS2_PLACEMENT_3D ( 'NONE', #1873, #598, #569 ) ;
#2819 = DIRECTION ( 'NONE',  ( 1.000000000000000000, 6.982966722218765700E-015, -4.231032868235872800E-016 ) ) ;
#2820 = VECTOR ( 'NONE', #483, 1000.000000000000000 ) ;
#2821 = CARTESIAN_POINT ( 'NONE',  ( 0.7500000000000026600, -0.3999999999999817600, -3.650000000000001200 ) ) ;
#2822 = ORIENTED_EDGE ( 'NONE', *, *, #1994, .F. ) ;
#2823 = CARTESIAN_POINT ( 'NONE',  ( 4.500000000000029300, -4.199999999999970900, -0.01000000000001408100 ) ) ;
#2824 = FACE_OUTER_BOUND ( 'NONE', #2717, .T. ) ;
#2825 = VERTEX_POINT ( 'NONE', #2260 ) ;
#2826 =( GEOMETRIC_REPRESENTATION_CONTEXT ( 3 ) GLOBAL_UNCERTAINTY_ASSIGNED_CONTEXT ( ( #2828 ) ) GLOBAL_UNIT_ASSIGNED_CONTEXT ( ( #263, #2846, #534 ) ) REPRESENTATION_CONTEXT ( 'NONE', 'WORKASPACE' ) );
#2827 = COLOUR_RGB ( '',0.7529411764705882200, 0.7529411764705882200, 0.7529411764705882200 ) ;
#2828 = UNCERTAINTY_MEASURE_WITH_UNIT (LENGTH_MEASURE( 1.000000000000000100E-005 ), #263, 'distance_accuracy_value', 'NONE');
#2829 = EDGE_CURVE ( 'NONE', #291, #2805, #2525, .T. ) ;
#2830 = DIRECTION ( 'NONE',  ( 8.462065736472233800E-016, -3.491483361109376100E-015, 1.000000000000000000 ) ) ;
#2831 = FILL_AREA_STYLE_COLOUR ( '', #2827 ) ;
#2832 = ORIENTED_EDGE ( 'NONE', *, *, #968, .T. ) ;
#2833 = FILL_AREA_STYLE_COLOUR ( '', #594 ) ;
#2834 = EDGE_CURVE ( 'NONE', #2009, #889, #1770, .T. ) ;
#2835 = ORIENTED_EDGE ( 'NONE', *, *, #1977, .T. ) ;
#2836 =( NAMED_UNIT ( * ) SI_UNIT ( $, .STERADIAN. ) SOLID_ANGLE_UNIT ( ) );
#2837 = VECTOR ( 'NONE', #2203, 1000.000000000000000 ) ;
#2838 = EDGE_LOOP ( 'NONE', ( #1439, #2307, #1673, #633, #2316, #2439 ) ) ;
#2839 = FILL_AREA_STYLE_COLOUR ( '', #1813 ) ;
#2840 = FACE_OUTER_BOUND ( 'NONE', #538, .T. ) ;
#2841 = COLOUR_RGB ( '',0.7529411764705882200, 0.7529411764705882200, 0.7529411764705882200 ) ;
#2842 = VERTEX_POINT ( 'NONE', #2237 ) ;
#2843 = VECTOR ( 'NONE', #2606, 1000.000000000000000 ) ;
#2844 = VERTEX_POINT ( 'NONE', #2494 ) ;
#2845 = FACE_OUTER_BOUND ( 'NONE', #3082, .T. ) ;
#2846 =( NAMED_UNIT ( * ) PLANE_ANGLE_UNIT ( ) SI_UNIT ( $, .RADIAN. ) );
#2847 = ADVANCED_FACE ( 'NONE', ( #1848 ), #209, .T. ) ;
#2848 = CARTESIAN_POINT ( 'NONE',  ( 3.425000000000000700, -0.04999999999996844500, -2.100000000000000100 ) ) ;
#2849 = ORIENTED_EDGE ( 'NONE', *, *, #135, .F. ) ;
#2850 = EDGE_CURVE ( 'NONE', #974, #90, #3253, .T. ) ;
#2851 = DIRECTION ( 'NONE',  ( 6.982966722218764100E-015, -1.000000000000000000, -3.610481160528522600E-015 ) ) ;
#2852 = LINE ( 'NONE', #2766, #2091 ) ;
#2853 = EDGE_CURVE ( 'NONE', #375, #2195, #1855, .T. ) ;
#2854 = APPLICATION_CONTEXT ( 'automotive_design' ) ;
#2855 = CARTESIAN_POINT ( 'NONE',  ( 4.999999999999985800, 1.950000000000035300, 7.675754292151821000E-015 ) ) ;
#2856 = PRESENTATION_LAYER_ASSIGNMENT (  '', '', ( #473 ) ) ;
#2857 = ORIENTED_EDGE ( 'NONE', *, *, #2630, .T. ) ;
#2858 = DIRECTION ( 'NONE',  ( 0.0000000000000000000, 3.491483361109382100E-015, -1.000000000000000000 ) ) ;
#2859 = DIRECTION ( 'NONE',  ( -0.0000000000000000000, 3.491483361109382100E-015, -1.000000000000000000 ) ) ;
#2860 = ORIENTED_EDGE ( 'NONE', *, *, #1831, .T. ) ;
#2861 = LINE ( 'NONE', #913, #2661 ) ;
#2862 = UNCERTAINTY_MEASURE_WITH_UNIT (LENGTH_MEASURE( 1.000000000000000100E-005 ), #1949, 'distance_accuracy_value', 'NONE');
#2863 = EDGE_CURVE ( 'NONE', #2324, #297, #3129, .T. ) ;
#2864 = DIRECTION ( 'NONE',  ( 6.982966722218764100E-015, -1.000000000000000000, -3.491483361109382100E-015 ) ) ;
#2865 = AXIS2_PLACEMENT_3D ( 'NONE', #2477, #936, #141 ) ;
#2866 = DIRECTION ( 'NONE',  ( 1.000000000000000000, 6.982966722218764100E-015, 2.438091212180733500E-029 ) ) ;
#2867 = EDGE_CURVE ( 'NONE', #2805, #735, #1539, .T. ) ;
#2868 = VERTEX_POINT ( 'NONE', #471 ) ;
#2869 = CARTESIAN_POINT ( 'NONE',  ( 3.425000000000000700, -0.04999999999996844500, -2.100000000000000100 ) ) ;
#2870 = ORIENTED_EDGE ( 'NONE', *, *, #137, .F. ) ;
#2871 = ORIENTED_EDGE ( 'NONE', *, *, #1670, .F. ) ;
#2872 =( NAMED_UNIT ( * ) SI_UNIT ( $, .STERADIAN. ) SOLID_ANGLE_UNIT ( ) );
#2873 = ORIENTED_EDGE ( 'NONE', *, *, #1619, .T. ) ;
#2874 = SURFACE_STYLE_FILL_AREA ( #1274 ) ;
#2875 = VERTEX_POINT ( 'NONE', #1504 ) ;
#2876 = MECHANICAL_DESIGN_GEOMETRIC_PRESENTATION_REPRESENTATION (  '', ( #285 ), #2712 ) ;
#2877 = SURFACE_STYLE_USAGE ( .BOTH. , #575 ) ;
#2878 = CARTESIAN_POINT ( 'NONE',  ( 4.250000000000017800, -2.599999999999957500, -3.650000000000009700 ) ) ;
#2879 = ORIENTED_EDGE ( 'NONE', *, *, #2968, .T. ) ;
#2880 = ORIENTED_EDGE ( 'NONE', *, *, #2767, .T. ) ;
#2881 = VECTOR ( 'NONE', #460, 1000.000000000000000 ) ;
#2882 = PLANE ( 'NONE',  #2499 ) ;
#2883 = VERTEX_POINT ( 'NONE', #979 ) ;
#2884 = VECTOR ( 'NONE', #2914, 1000.000000000000000 ) ;
#2885 = DIRECTION ( 'NONE',  ( -6.982966722218764100E-015, 1.000000000000000000, 3.491483361109382100E-015 ) ) ;
#2886 =( NAMED_UNIT ( * ) SI_UNIT ( $, .STERADIAN. ) SOLID_ANGLE_UNIT ( ) );
#2887 = PRESENTATION_STYLE_ASSIGNMENT (( #3087 ) ) ;
#2888 = EDGE_LOOP ( 'NONE', ( #2860, #525, #2352, #1751 ) ) ;
#2889 = MECHANICAL_DESIGN_GEOMETRIC_PRESENTATION_REPRESENTATION (  '', ( #1703 ), #2648 ) ;
#2890 = SURFACE_SIDE_STYLE ('',( #660 ) ) ;
#2891 = EDGE_CURVE ( 'NONE', #1841, #29, #2728, .T. ) ;
#2892 = CARTESIAN_POINT ( 'NONE',  ( 2.600000000000028500, -4.049999999999972300, -3.450000000000014400 ) ) ;
#2893 = VECTOR ( 'NONE', #1991, 1000.000000000000000 ) ;
#2894 = ADVANCED_FACE ( 'NONE', ( #3134 ), #1255, .F. ) ;
#2895 = CARTESIAN_POINT ( 'NONE',  ( 2.950000000000003300, -0.6099999999999731200, -1.800000000000002500 ) ) ;
#2896 = PLANE ( 'NONE',  #2984 ) ;
#2897 = EDGE_CURVE ( 'NONE', #1889, #2007, #3011, .T. ) ;
#2898 = ORIENTED_EDGE ( 'NONE', *, *, #2850, .T. ) ;
#2899 = CARTESIAN_POINT ( 'NONE',  ( 0.5000000000000021100, -0.2999999999999810600, -4.400000000000002100 ) ) ;
#2900 = VECTOR ( 'NONE', #1131, 1000.000000000000000 ) ;
#2901 = STYLED_ITEM ( 'NONE', ( #2357 ), #2969 ) ;
#2902 = EDGE_LOOP ( 'NONE', ( #2796, #2562, #1603, #110 ) ) ;
#2903 = SURFACE_STYLE_USAGE ( .BOTH. , #2913 ) ;
#2904 = VECTOR ( 'NONE', #1857, 1000.000000000000000 ) ;
#2905 = DIRECTION ( 'NONE',  ( 1.000000000000000000, 6.982966722218764100E-015, 2.438091212180733500E-029 ) ) ;
#2906 = DIRECTION ( 'NONE',  ( 6.982966722218764100E-015, -1.000000000000000000, -3.876977466882005800E-015 ) ) ;
#2907 = CARTESIAN_POINT ( 'NONE',  ( 3.825000000000000600, -0.04999999999997089400, -0.6000000000000010900 ) ) ;
#2908 = CARTESIAN_POINT ( 'NONE',  ( 4.499999999999983100, 1.950000000000046800, -4.399999999999995000 ) ) ;
#2909 = DIRECTION ( 'NONE',  ( -6.982966722218764100E-015, 1.000000000000000000, 3.491483361109382100E-015 ) ) ;
#2910 = ORIENTED_EDGE ( 'NONE', *, *, #2769, .T. ) ;
#2911 = EDGE_CURVE ( 'NONE', #1134, #2070, #3173, .T. ) ;
#2912 = ORIENTED_EDGE ( 'NONE', *, *, #736, .T. ) ;
#2913 = SURFACE_SIDE_STYLE ('',( #2351 ) ) ;
#2914 = DIRECTION ( 'NONE',  ( -6.982966722218764100E-015, 1.000000000000000000, 3.491483361109382100E-015 ) ) ;
#2915 = VERTEX_POINT ( 'NONE', #1284 ) ;
#2916 = VECTOR ( 'NONE', #2218, 1000.000000000000000 ) ;
#2917 = EDGE_CURVE ( 'NONE', #1728, #1215, #1101, .T. ) ;
#2918 = ORIENTED_EDGE ( 'NONE', *, *, #716, .T. ) ;
#2919 = CARTESIAN_POINT ( 'NONE',  ( 0.5000000000000283100, -4.049999999999996300, -1.414050761249298400E-014 ) ) ;
#2920 = CARTESIAN_POINT ( 'NONE',  ( 3.600000000000029800, -4.199999999999960200, -4.950000000000018800 ) ) ;
#2921 = DIRECTION ( 'NONE',  ( -1.000000000000000000, -6.982966722218764100E-015, -2.438091212180733500E-029 ) ) ;
#2922 = VECTOR ( 'NONE', #83, 1000.000000000000000 ) ;
#2923 = AXIS2_PLACEMENT_3D ( 'NONE', #2103, #334, #2374 ) ;
#2924 = AXIS2_PLACEMENT_3D ( 'NONE', #1020, #486, #741 ) ;
#2925 = CARTESIAN_POINT ( 'NONE',  ( 2.400000000000029700, -4.199999999999971800, -3.950000000000017900 ) ) ;
#2926 = LINE ( 'NONE', #1780, #2408 ) ;
#2927 = ADVANCED_FACE ( 'NONE', ( #2046 ), #2045, .F. ) ;
#2928 = ORIENTED_EDGE ( 'NONE', *, *, #1409, .T. ) ;
#2929 = VERTEX_POINT ( 'NONE', #3320 ) ;
#2930 = LINE ( 'NONE', #3312, #2239 ) ;
#2931 = CARTESIAN_POINT ( 'NONE',  ( 2.050000000000012300, -1.799999999999980900, -1.350000000000005600 ) ) ;
#2932 = CARTESIAN_POINT ( 'NONE',  ( 1.400000000000029200, -4.199999999999975300, -4.950000000000017900 ) ) ;
#2933 = ORIENTED_EDGE ( 'NONE', *, *, #2897, .T. ) ;
#2934 = CARTESIAN_POINT ( 'NONE',  ( 0.5000000000000021100, -0.2999999999999833400, -3.750000000000001800 ) ) ;
#2935 = DIRECTION ( 'NONE',  ( 1.000000000000000000, 6.982966722218764100E-015, 2.438091212180733500E-029 ) ) ;
#2936 = DIRECTION ( 'NONE',  ( -6.982966722218764100E-015, 1.000000000000000000, 3.703035004521187900E-015 ) ) ;
#2937 = MECHANICAL_DESIGN_GEOMETRIC_PRESENTATION_REPRESENTATION (  '', ( #1865 ), #2030 ) ;
#2938 = VECTOR ( 'NONE', #2738, 1000.000000000000000 ) ;
#2939 = DIRECTION ( 'NONE',  ( 6.882679718748696000E-031, 3.392919527247063600E-015, -1.000000000000000000 ) ) ;
#2940 = EDGE_CURVE ( 'NONE', #2725, #1359, #2926, .T. ) ;
#2941 = VERTEX_POINT ( 'NONE', #544 ) ;
#2942 = DIRECTION ( 'NONE',  ( -1.000000000000000000, -6.982966722218767300E-015, 8.462065736471991200E-016 ) ) ;
#2943 = VECTOR ( 'NONE', #3182, 1000.000000000000000 ) ;
#2944 = ADVANCED_FACE ( 'NONE', ( #900 ), #2031, .T. ) ;
#2945 = CARTESIAN_POINT ( 'NONE',  ( 4.300000000000025600, -3.662132289312368400, -0.6000000000000137400 ) ) ;
#2946 = CARTESIAN_POINT ( 'NONE',  ( 3.600000000000027600, -3.899999999999959900, -4.950000000000017900 ) ) ;
#2947 = ORIENTED_EDGE ( 'NONE', *, *, #1849, .F. ) ;
#2948 = CARTESIAN_POINT ( 'NONE',  ( 4.650000000000011900, -1.799999999999964100, -0.8000000000000067100 ) ) ;
#2949 = VECTOR ( 'NONE', #3035, 1000.000000000000000 ) ;
#2950 = EDGE_CURVE ( 'NONE', #3289, #1414, #537, .T. ) ;
#2951 = VECTOR ( 'NONE', #2657, 1000.000000000000000 ) ;
#2952 = DIRECTION ( 'NONE',  ( -1.000000000000000000, -6.982966722218764100E-015, -2.438091212180733500E-029 ) ) ;
#2953 = CARTESIAN_POINT ( 'NONE',  ( 1.600000000000029400, -4.199999999999977100, -3.950000000000017900 ) ) ;
#2954 = PLANE ( 'NONE',  #71 ) ;
#2955 = VERTEX_POINT ( 'NONE', #779 ) ;
#2956 = DIRECTION ( 'NONE',  ( -1.000000000000000000, -6.982966722218765700E-015, 1.239088197126047300E-016 ) ) ;
#2957 = CARTESIAN_POINT ( 'NONE',  ( 1.575000000000027500, -4.049999999999983800, -1.800000000000014500 ) ) ;
#2958 = DIRECTION ( 'NONE',  ( -1.141265444721584000E-016, -3.491483361109382900E-015, 1.000000000000000000 ) ) ;
#2959 = ORIENTED_EDGE ( 'NONE', *, *, #2863, .F. ) ;
#2960 = FACE_OUTER_BOUND ( 'NONE', #78, .T. ) ;
#2961 = ADVANCED_FACE ( 'NONE', ( #788 ), #2301, .T. ) ;
#2962 = ORIENTED_EDGE ( 'NONE', *, *, #449, .F. ) ;
#2963 = SURFACE_SIDE_STYLE ('',( #1098 ) ) ;
#2964 = ORIENTED_EDGE ( 'NONE', *, *, #422, .T. ) ;
#2965 = PRODUCT_DEFINITION_SHAPE ( 'NONE', 'NONE',  #3101 ) ;
#2966 = FILL_AREA_STYLE_COLOUR ( '', #873 ) ;
#2967 = COLOUR_RGB ( '',0.7529411764705882200, 0.7529411764705882200, 0.7529411764705882200 ) ;
#2968 = EDGE_CURVE ( 'NONE', #132, #974, #1544, .T. ) ;
#2969 = ADVANCED_FACE ( 'NONE', ( #861 ), #1526, .F. ) ;
#2970 = VERTEX_POINT ( 'NONE', #2583 ) ;
#2971 = LINE ( 'NONE', #123, #901 ) ;
#2972 = DIRECTION ( 'NONE',  ( 4.177074587930239900E-030, 2.893302852151862800E-015, -1.000000000000000000 ) ) ;
#2973 = PLANE ( 'NONE',  #284 ) ;
#2974 = CARTESIAN_POINT ( 'NONE',  ( 3.600000000000029800, -4.199999999999962900, -3.950000000000018400 ) ) ;
#2975 = EDGE_LOOP ( 'NONE', ( #48, #2059, #3165, #99 ) ) ;
#2976 = CARTESIAN_POINT ( 'NONE',  ( 4.499999999999999100, -0.2999999999999531400, -4.400000000000003900 ) ) ;
#2977 = LINE ( 'NONE', #1143, #2526 ) ;
#2978 = STYLED_ITEM ( 'NONE', ( #2197 ), #2847 ) ;
#2979 = COLOUR_RGB ( '',0.7529411764705882200, 0.7529411764705882200, 0.7529411764705882200 ) ;
#2980 = ORIENTED_EDGE ( 'NONE', *, *, #802, .T. ) ;
#2981 = DIRECTION ( 'NONE',  ( -1.000000000000000000, -6.982966722218764100E-015, -2.438091212180733500E-029 ) ) ;
#2982 = ADVANCED_FACE ( 'NONE', ( #125 ), #2882, .F. ) ;
#2983 = FACE_OUTER_BOUND ( 'NONE', #2481, .T. ) ;
#2984 = AXIS2_PLACEMENT_3D ( 'NONE', #355, #915, #657 ) ;
#2985 = EDGE_CURVE ( 'NONE', #654, #1285, #1032, .T. ) ;
#2986 = VECTOR ( 'NONE', #2107, 1000.000000000000000 ) ;
#2987 = ORIENTED_EDGE ( 'NONE', *, *, #1783, .F. ) ;
#2988 = PRESENTATION_STYLE_ASSIGNMENT (( #243 ) ) ;
#2989 = LINE ( 'NONE', #2249, #2502 ) ;
#2990 = EDGE_CURVE ( 'NONE', #1359, #2108, #1296, .T. ) ;
#2991 = ORIENTED_EDGE ( 'NONE', *, *, #771, .T. ) ;
#2992 = CARTESIAN_POINT ( 'NONE',  ( 4.999999999999998200, -0.2999999999999519200, -3.750000000000003600 ) ) ;
#2993 = DIRECTION ( 'NONE',  ( -1.000000000000000000, -6.982966722218764100E-015, -2.438091212180733500E-029 ) ) ;
#2994 = CARTESIAN_POINT ( 'NONE',  ( 1.575000000000027900, -4.049999999999989200, -0.3500000000000131300 ) ) ;
#2995 = ORIENTED_EDGE ( 'NONE', *, *, #3006, .F. ) ;
#2996 = LINE ( 'NONE', #1739, #2386 ) ;
#2997 = ORIENTED_EDGE ( 'NONE', *, *, #377, .T. ) ;
#2998 = DIRECTION ( 'NONE',  ( -6.982966722218764100E-015, 1.000000000000000000, 3.491483361109382100E-015 ) ) ;
#2999 = ORIENTED_EDGE ( 'NONE', *, *, #1642, .F. ) ;
#3000 = DIRECTION ( 'NONE',  ( -6.982966722218764100E-015, 1.000000000000000000, 3.491483361109382100E-015 ) ) ;
#3001 = ORIENTED_EDGE ( 'NONE', *, *, #264, .T. ) ;
#3002 = MECHANICAL_DESIGN_GEOMETRIC_PRESENTATION_REPRESENTATION (  '', ( #186 ), #23 ) ;
#3003 = CARTESIAN_POINT ( 'NONE',  ( 0.4999999999999909000, 1.300000000000012500, -2.449999999999996600 ) ) ;
#3004 = VERTEX_POINT ( 'NONE', #2664 ) ;
#3005 = CARTESIAN_POINT ( 'NONE',  ( 4.249999999999985800, 1.950000000000032200, -0.5999999999999940900 ) ) ;
#3006 = EDGE_CURVE ( 'NONE', #2133, #2271, #1071, .T. ) ;
#3007 = VECTOR ( 'NONE', #2209, 1000.000000000000000 ) ;
#3008 = ORIENTED_EDGE ( 'NONE', *, *, #2062, .F. ) ;
#3009 = DIRECTION ( 'NONE',  ( -6.982966722218764100E-015, 1.000000000000000000, 3.491483361109382100E-015 ) ) ;
#3010 = LINE ( 'NONE', #2692, #1656 ) ;
#3011 = LINE ( 'NONE', #2552, #1460 ) ;
#3012 = EDGE_LOOP ( 'NONE', ( #1403, #3083, #2396, #24 ) ) ;
#3013 = LINE ( 'NONE', #2869, #1264 ) ;
#3014 = ORIENTED_EDGE ( 'NONE', *, *, #729, .F. ) ;
#3015 = VECTOR ( 'NONE', #556, 1000.000000000000000 ) ;
#3016 = EDGE_CURVE ( 'NONE', #1519, #3004, #1972, .T. ) ;
#3017 = DIRECTION ( 'NONE',  ( -6.982966722218764100E-015, 1.000000000000000000, 3.491483361109382100E-015 ) ) ;
#3018 = CARTESIAN_POINT ( 'NONE',  ( 4.249999999999985800, 1.950000000000035500, -1.549999999999993600 ) ) ;
#3019 = CARTESIAN_POINT ( 'NONE',  ( 0.4999999999999909000, 1.300000000000012500, -2.449999999999996600 ) ) ;
#3020 = ORIENTED_EDGE ( 'NONE', *, *, #1954, .F. ) ;
#3021 =( LENGTH_UNIT ( ) NAMED_UNIT ( * ) SI_UNIT ( .MILLI., .METRE. ) );
#3022 = LINE ( 'NONE', #1756, #2579 ) ;
#3023 = CARTESIAN_POINT ( 'NONE',  ( 0.3000000000000298000, -4.199999999999993100, -2.210000000000012800 ) ) ;
#3024 = SURFACE_SIDE_STYLE ('',( #1263 ) ) ;
#3025 = DIRECTION ( 'NONE',  ( -6.982966722218764100E-015, 1.000000000000000000, 3.491483361109382100E-015 ) ) ;
#3026 = CARTESIAN_POINT ( 'NONE',  ( 4.700000000000013500, -2.149999999999964800, -0.6500000000000095700 ) ) ;
#3027 = CARTESIAN_POINT ( 'NONE',  ( 4.250000000000011500, -1.799999999999964300, -1.550000000000006700 ) ) ;
#3028 = LINE ( 'NONE', #302, #2327 ) ;
#3029 = DIRECTION ( 'NONE',  ( -6.982966722218764100E-015, 1.000000000000000000, 3.491483361109382100E-015 ) ) ;
#3030 = ORIENTED_EDGE ( 'NONE', *, *, #1730, .F. ) ;
#3031 = EDGE_CURVE ( 'NONE', #2868, #2883, #3089, .T. ) ;
#3032 = DIRECTION ( 'NONE',  ( -6.982966722218764100E-015, 1.000000000000000000, 3.491483361109382100E-015 ) ) ;
#3033 = PRESENTATION_STYLE_ASSIGNMENT (( #1521 ) ) ;
#3034 = PLANE ( 'NONE',  #3205 ) ;
#3035 = DIRECTION ( 'NONE',  ( -0.0000000000000000000, 3.491483361109382100E-015, -1.000000000000000000 ) ) ;
#3036 = EDGE_CURVE ( 'NONE', #1088, #2244, #2977, .T. ) ;
#3037 = VECTOR ( 'NONE', #3117, 1000.000000000000000 ) ;
#3038 = CARTESIAN_POINT ( 'NONE',  ( 0.4999999999999863400, 1.950000000000012400, -2.449999999999993500 ) ) ;
#3039 = MECHANICAL_DESIGN_GEOMETRIC_PRESENTATION_REPRESENTATION (  '', ( #1435 ), #1041 ) ;
#3040 = CARTESIAN_POINT ( 'NONE',  ( 1.256934009999377200E-014, -1.799999999999999600, -6.284670049996886000E-015 ) ) ;
#3041 = CARTESIAN_POINT ( 'NONE',  ( 1.374999999999986000, 1.950000000000013700, -1.099999999999994300 ) ) ;
#3042 = ORIENTED_EDGE ( 'NONE', *, *, #467, .F. ) ;
#3043 = CARTESIAN_POINT ( 'NONE',  ( 5.000000000000023100, -3.449999999999962400, -0.6500000000000143400 ) ) ;
#3044 = DIRECTION ( 'NONE',  ( 1.000000000000000000, 6.982966722218764100E-015, 2.438091212180733500E-029 ) ) ;
#3045 = ORIENTED_EDGE ( 'NONE', *, *, #2437, .T. ) ;
#3046 = ORIENTED_EDGE ( 'NONE', *, *, #553, .F. ) ;
#3047 = LINE ( 'NONE', #3280, #3124 ) ;
#3048 = EDGE_LOOP ( 'NONE', ( #1586, #3042, #611, #2721 ) ) ;
#3049 = CARTESIAN_POINT ( 'NONE',  ( 2.600000000000029800, -4.199999999999970000, -3.950000000000017900 ) ) ;
#3050 = VECTOR ( 'NONE', #379, 1000.000000000000000 ) ;
#3051 = ORIENTED_EDGE ( 'NONE', *, *, #2535, .F. ) ;
#3052 = VECTOR ( 'NONE', #948, 1000.000000000000000 ) ;
#3053 = EDGE_CURVE ( 'NONE', #1719, #1592, #242, .T. ) ;
#3054 = EDGE_LOOP ( 'NONE', ( #700, #1809, #1388, #1778 ) ) ;
#3055 = CARTESIAN_POINT ( 'NONE',  ( 2.600000000000028500, -4.049999999999970500, -3.950000000000017100 ) ) ;
#3056 = LINE ( 'NONE', #1344, #1940 ) ;
#3057 = ORIENTED_EDGE ( 'NONE', *, *, #2270, .F. ) ;
#3058 = CARTESIAN_POINT ( 'NONE',  ( 2.600000000000029800, -4.199999999999966400, -4.950000000000017900 ) ) ;
#3059 = AXIS2_PLACEMENT_3D ( 'NONE', #2037, #269, #2814 ) ;
#3060 = DIRECTION ( 'NONE',  ( 7.885106708985486100E-016, -3.491483361109376500E-015, 1.000000000000000000 ) ) ;
#3061 = CARTESIAN_POINT ( 'NONE',  ( 4.649999999999986100, 1.950000000000035700, -0.7999999999999936100 ) ) ;
#3062 = ORIENTED_EDGE ( 'NONE', *, *, #2043, .F. ) ;
#3063 = DIRECTION ( 'NONE',  ( -8.462065736472234800E-016, 3.491483361109376100E-015, -1.000000000000000000 ) ) ;
#3064 = DIRECTION ( 'NONE',  ( -6.982966722218764100E-015, 1.000000000000000000, 3.491483361109382100E-015 ) ) ;
#3065 = LINE ( 'NONE', #2421, #3228 ) ;
#3066 = ORIENTED_EDGE ( 'NONE', *, *, #377, .F. ) ;
#3067 = FACE_OUTER_BOUND ( 'NONE', #582, .T. ) ;
#3068 = EDGE_CURVE ( 'NONE', #127, #304, #2683, .T. ) ;
#3069 = VECTOR ( 'NONE', #1721, 1000.000000000000000 ) ;
#3070 = DIRECTION ( 'NONE',  ( -6.982966722218764100E-015, 1.000000000000000000, 3.491483361109382100E-015 ) ) ;
#3071 = EDGE_LOOP ( 'NONE', ( #2964, #1807, #2746, #1997, #3020, #2991, #2041, #1995, #2479, #488, #2254, #706 ) ) ;
#3072 = VECTOR ( 'NONE', #2069, 1000.000000000000000 ) ;
#3073 = CARTESIAN_POINT ( 'NONE',  ( 4.500000000000027500, -4.049999999999960700, -2.210000000000013700 ) ) ;
#3074 = VERTEX_POINT ( 'NONE', #625 ) ;
#3075 = SURFACE_STYLE_FILL_AREA ( #2287 ) ;
#3076 = SURFACE_STYLE_USAGE ( .BOTH. , #1309 ) ;
#3077 = EDGE_CURVE ( 'NONE', #938, #2004, #1180, .T. ) ;
#3078 =( LENGTH_UNIT ( ) NAMED_UNIT ( * ) SI_UNIT ( .MILLI., .METRE. ) );
#3079 = UNCERTAINTY_MEASURE_WITH_UNIT (LENGTH_MEASURE( 1.000000000000000100E-005 ), #1634, 'distance_accuracy_value', 'NONE');
#3080 = PRESENTATION_LAYER_ASSIGNMENT (  '', '', ( #2901 ) ) ;
#3081 = ORIENTED_EDGE ( 'NONE', *, *, #2591, .F. ) ;
#3082 = EDGE_LOOP ( 'NONE', ( #219, #1718, #1322, #1726 ) ) ;
#3083 = ORIENTED_EDGE ( 'NONE', *, *, #857, .F. ) ;
#3084 =( NAMED_UNIT ( * ) PLANE_ANGLE_UNIT ( ) SI_UNIT ( $, .RADIAN. ) );
#3085 = VERTEX_POINT ( 'NONE', #3181 ) ;
#3086 = EDGE_LOOP ( 'NONE', ( #1282, #1962, #73, #2226 ) ) ;
#3087 = SURFACE_STYLE_USAGE ( .BOTH. , #1064 ) ;
#3088 = SURFACE_STYLE_FILL_AREA ( #1859 ) ;
#3089 = LINE ( 'NONE', #1645, #2770 ) ;
#3090 = PRESENTATION_LAYER_ASSIGNMENT (  '', '', ( #1447 ) ) ;
#3091 = ORIENTED_EDGE ( 'NONE', *, *, #1301, .F. ) ;
#3092 = FACE_OUTER_BOUND ( 'NONE', #2238, .T. ) ;
#3093 =( LENGTH_UNIT ( ) NAMED_UNIT ( * ) SI_UNIT ( .MILLI., .METRE. ) );
#3094 = EDGE_CURVE ( 'NONE', #3276, #2915, #1328, .T. ) ;
#3095 = ORIENTED_EDGE ( 'NONE', *, *, #1582, .F. ) ;
#3096 = LINE ( 'NONE', #1952, #539 ) ;
#3097 = DIRECTION ( 'NONE',  ( -0.0000000000000000000, 3.491483361109382100E-015, -1.000000000000000000 ) ) ;
#3098 = EDGE_LOOP ( 'NONE', ( #1885, #3217, #1784, #1356 ) ) ;
#3099 = EDGE_CURVE ( 'NONE', #2084, #738, #3299, .T. ) ;
#3100 =( NAMED_UNIT ( * ) PLANE_ANGLE_UNIT ( ) SI_UNIT ( $, .RADIAN. ) );
#3101 = PRODUCT_DEFINITION ( 'UNKNOWN', '', #2002, #790 ) ;
#3102 = DIRECTION ( 'NONE',  ( 1.000000000000000000, 6.982966722218764100E-015, 2.438091212180733500E-029 ) ) ;
#3103 = LINE ( 'NONE', #1348, #1468 ) ;
#3104 = CARTESIAN_POINT ( 'NONE',  ( 0.5000000000000245400, -3.449999999999988600, -2.210000000000010200 ) ) ;
#3105 = ADVANCED_FACE ( 'NONE', ( #2604 ), #107, .F. ) ;
#3106 = ORIENTED_EDGE ( 'NONE', *, *, #771, .F. ) ;
#3107 = CARTESIAN_POINT ( 'NONE',  ( 1.600000000000029400, -4.199999999999977100, -3.950000000000017900 ) ) ;
#3108 = FACE_OUTER_BOUND ( 'NONE', #1177, .T. ) ;
#3109 = VECTOR ( 'NONE', #1909, 1000.000000000000000 ) ;
#3110 = ORIENTED_EDGE ( 'NONE', *, *, #1174, .T. ) ;
#3111 = CARTESIAN_POINT ( 'NONE',  ( 3.400000000000027400, -3.899999999999961300, -4.950000000000017900 ) ) ;
#3112 = STYLED_ITEM ( 'NONE', ( #383 ), #613 ) ;
#3113 = LINE ( 'NONE', #451, #2096 ) ;
#3114 =( NAMED_UNIT ( * ) PLANE_ANGLE_UNIT ( ) SI_UNIT ( $, .RADIAN. ) );
#3115 = EDGE_CURVE ( 'NONE', #1072, #2133, #1771, .T. ) ;
#3116 = DIRECTION ( 'NONE',  ( -1.000000000000000000, -6.982966722218764900E-015, -2.438091212180733800E-029 ) ) ;
#3117 = DIRECTION ( 'NONE',  ( -5.769590274867477200E-017, 3.491483361109381700E-015, -1.000000000000000000 ) ) ;
#3118 = ORIENTED_EDGE ( 'NONE', *, *, #1449, .F. ) ;
#3119 = UNCERTAINTY_MEASURE_WITH_UNIT (LENGTH_MEASURE( 1.000000000000000100E-005 ), #967, 'distance_accuracy_value', 'NONE');
#3120 = CARTESIAN_POINT ( 'NONE',  ( 0.5000000000000283100, -4.049999999999988300, -2.250000000000014200 ) ) ;
#3121 = ORIENTED_EDGE ( 'NONE', *, *, #1561, .F. ) ;
#3122 = CARTESIAN_POINT ( 'NONE',  ( 4.500000000000014200, -2.149999999999968400, -0.01000000000000667900 ) ) ;
#3123 = ORIENTED_EDGE ( 'NONE', *, *, #171, .T. ) ;
#3124 = VECTOR ( 'NONE', #3307, 1000.000000000000000 ) ;
#3125 = ORIENTED_EDGE ( 'NONE', *, *, #694, .T. ) ;
#3126 = CARTESIAN_POINT ( 'NONE',  ( -1.361678510832659400E-014, 1.950000000000000400, 7.675754292151699500E-015 ) ) ;
#3127 = ORIENTED_EDGE ( 'NONE', *, *, #893, .F. ) ;
#3128 = CARTESIAN_POINT ( 'NONE',  ( 4.250000000000001800, -0.3999999999999561100, -4.000000000000001800 ) ) ;
#3129 = LINE ( 'NONE', #1224, #2881 ) ;
#3130 = VERTEX_POINT ( 'NONE', #651 ) ;
#3131 = VECTOR ( 'NONE', #2194, 1000.000000000000000 ) ;
#3132 = VERTEX_POINT ( 'NONE', #138 ) ;
#3133 =( LENGTH_UNIT ( ) NAMED_UNIT ( * ) SI_UNIT ( .MILLI., .METRE. ) );
#3134 = FACE_OUTER_BOUND ( 'NONE', #2975, .T. ) ;
#3135 = CARTESIAN_POINT ( 'NONE',  ( 4.700000000000028600, -4.199999999999969100, -0.01000000000001424900 ) ) ;
#3136 = ORIENTED_EDGE ( 'NONE', *, *, #2638, .F. ) ;
#3137 = DIRECTION ( 'NONE',  ( -1.000000000000000000, -6.982966722218764100E-015, -2.438091212180733500E-029 ) ) ;
#3138 =( LENGTH_UNIT ( ) NAMED_UNIT ( * ) SI_UNIT ( .MILLI., .METRE. ) );
#3139 = ADVANCED_FACE ( 'NONE', ( #2006 ), #98, .T. ) ;
#3140 = CARTESIAN_POINT ( 'NONE',  ( 0.5000000000000283100, -4.049999999999988300, -2.210000000000012400 ) ) ;
#3141 = EDGE_CURVE ( 'NONE', #1814, #1024, #1026, .T. ) ;
#3142 = LINE ( 'NONE', #3041, #2938 ) ;
#3143 = PLANE ( 'NONE',  #3177 ) ;
#3144 = PLANE ( 'NONE',  #2047 ) ;
#3145 =( LENGTH_UNIT ( ) NAMED_UNIT ( * ) SI_UNIT ( .MILLI., .METRE. ) );
#3146 = VECTOR ( 'NONE', #1595, 1000.000000000000000 ) ;
#3147 = LINE ( 'NONE', #252, #339 ) ;
#3148 = FACE_OUTER_BOUND ( 'NONE', #568, .T. ) ;
#3149 = CARTESIAN_POINT ( 'NONE',  ( 1.600000000000027600, -3.949999999999977100, -3.950000000000017100 ) ) ;
#3150 = FILL_AREA_STYLE ('',( #2122 ) ) ;
#3151 = DIRECTION ( 'NONE',  ( 6.982966722218764100E-015, -1.000000000000000000, -3.610481160528522600E-015 ) ) ;
#3152 = ORIENTED_EDGE ( 'NONE', *, *, #2341, .F. ) ;
#3153 = ADVANCED_FACE ( 'NONE', ( #496 ), #2695, .F. ) ;
#3154 = CARTESIAN_POINT ( 'NONE',  ( 4.250000000000017800, -2.599999999999968100, -0.6000000000000100800 ) ) ;
#3155 = PRESENTATION_STYLE_ASSIGNMENT (( #990 ) ) ;
#3156 = EDGE_CURVE ( 'NONE', #1880, #822, #576, .T. ) ;
#3157 = DIRECTION ( 'NONE',  ( 6.982966722218764100E-015, -1.000000000000000000, -3.491483361109382100E-015 ) ) ;
#3158 = EDGE_LOOP ( 'NONE', ( #1302, #2995, #227, #3045 ) ) ;
#3159 = CARTESIAN_POINT ( 'NONE',  ( 4.250000000000028400, -4.159046182766854100, -0.6000000000000154100 ) ) ;
#3160 = CARTESIAN_POINT ( 'NONE',  ( 2.050000000000004300, -0.6099999999999807800, -1.350000000000001900 ) ) ;
#3161 = EDGE_CURVE ( 'NONE', #829, #2725, #906, .T. ) ;
#3162 = ORIENTED_EDGE ( 'NONE', *, *, #1980, .T. ) ;
#3163 = CARTESIAN_POINT ( 'NONE',  ( 4.500000000000014200, -2.149999999999968400, -0.01000000000000667900 ) ) ;
#3164 = VERTEX_POINT ( 'NONE', #1407 ) ;
#3165 = ORIENTED_EDGE ( 'NONE', *, *, #2179, .F. ) ;
#3166 = AXIS2_PLACEMENT_3D ( 'NONE', #2758, #479, #3009 ) ;
#3167 = SURFACE_STYLE_USAGE ( .BOTH. , #2890 ) ;
#3168 = LINE ( 'NONE', #1376, #739 ) ;
#3169 = CARTESIAN_POINT ( 'NONE',  ( 1.375000000000012400, -1.845132307101612100, -1.100000000000007400 ) ) ;
#3170 = ORIENTED_EDGE ( 'NONE', *, *, #526, .T. ) ;
#3171 = DIRECTION ( 'NONE',  ( -1.000000000000000000, -6.982966722218764100E-015, -2.438091212180733500E-029 ) ) ;
#3172 = CARTESIAN_POINT ( 'NONE',  ( 4.500000000000027500, -4.049999999999966100, -0.6500000000000160100 ) ) ;
#3173 = LINE ( 'NONE', #254, #617 ) ;
#3174 = ORIENTED_EDGE ( 'NONE', *, *, #1956, .T. ) ;
#3175 = ORIENTED_EDGE ( 'NONE', *, *, #2897, .F. ) ;
#3176 = VECTOR ( 'NONE', #1760, 1000.000000000000000 ) ;
#3177 = AXIS2_PLACEMENT_3D ( 'NONE', #2878, #2909, #1379 ) ;
#3178 = CARTESIAN_POINT ( 'NONE',  ( 3.625000000000000000, -0.04999999999997228900, -0.6000000000000010900 ) ) ;
#3179 = EDGE_CURVE ( 'NONE', #704, #1798, #1697, .T. ) ;
#3180 = EDGE_LOOP ( 'NONE', ( #910, #752, #2835, #1591 ) ) ;
#3181 = CARTESIAN_POINT ( 'NONE',  ( 4.700000000000014400, -2.149999999999967000, -0.01000000000000684900 ) ) ;
#3182 = DIRECTION ( 'NONE',  ( -6.982966722218764100E-015, 1.000000000000000000, 4.158684698023538900E-015 ) ) ;
#3183 = ADVANCED_FACE ( 'NONE', ( #3261 ), #1661, .F. ) ;
#3184 =( NAMED_UNIT ( * ) PLANE_ANGLE_UNIT ( ) SI_UNIT ( $, .RADIAN. ) );
#3185 = DIRECTION ( 'NONE',  ( 1.000000000000000000, 6.982966722218764100E-015, 2.438091212180733500E-029 ) ) ;
#3186 = EDGE_CURVE ( 'NONE', #1362, #975, #462, .T. ) ;
#3187 = CARTESIAN_POINT ( 'NONE',  ( 5.000000000000028400, -4.049999999999951900, -4.400000000000014600 ) ) ;
#3188 = VECTOR ( 'NONE', #1597, 1000.000000000000000 ) ;
#3189 = EDGE_LOOP ( 'NONE', ( #3, #3136, #2136, #2715, #514, #879, #1186, #3081, #198, #905, #1063, #1419, #1610, #1531, #3327, #858 ) ) ;
#3190 = VECTOR ( 'NONE', #3044, 1000.000000000000000 ) ;
#3191 = CARTESIAN_POINT ( 'NONE',  ( 4.300000000000012300, -1.799999999999969600, -6.284670049996781100E-015 ) ) ;
#3192 = CARTESIAN_POINT ( 'NONE',  ( 5.000000000000023100, -3.449999999999957500, -2.250000000000014200 ) ) ;
#3193 = CARTESIAN_POINT ( 'NONE',  ( 0.5000000000000240900, -3.449999999999994400, -0.6500000000000122300 ) ) ;
#3194 = LINE ( 'NONE', #1243, #69 ) ;
#3195 = CARTESIAN_POINT ( 'NONE',  ( 0.5000000000000149900, -2.149999999999996400, -7.739364433611411100E-015 ) ) ;
#3196 = PLANE ( 'NONE',  #862 ) ;
#3197 = DIRECTION ( 'NONE',  ( 0.0000000000000000000, -3.491483361109382100E-015, 1.000000000000000000 ) ) ;
#3198 = ADVANCED_FACE ( 'NONE', ( #49 ), #3196, .F. ) ;
#3199 = EDGE_CURVE ( 'NONE', #2602, #1841, #1898, .T. ) ;
#3200 = DIRECTION ( 'NONE',  ( 1.141265444721584000E-016, 3.491483361109382900E-015, -1.000000000000000000 ) ) ;
#3201 = DIRECTION ( 'NONE',  ( 6.982966722218764100E-015, -1.000000000000000000, -3.491483361109382100E-015 ) ) ;
#3202 = VERTEX_POINT ( 'NONE', #2686 ) ;
#3203 =( NAMED_UNIT ( * ) SI_UNIT ( $, .STERADIAN. ) SOLID_ANGLE_UNIT ( ) );
#3204 = ORIENTED_EDGE ( 'NONE', *, *, #2651, .F. ) ;
#3205 = AXIS2_PLACEMENT_3D ( 'NONE', #510, #1289, #215 ) ;
#3206 = EDGE_LOOP ( 'NONE', ( #408, #1920, #1067, #447, #2787, #1232, #620, #529, #1015, #2760, #1270, #891, #1773, #989, #520, #2306, #527, #239, #1495, #1136, #673, #3175, #2174, #2447 ) ) ;
#3207 =( LENGTH_UNIT ( ) NAMED_UNIT ( * ) SI_UNIT ( .MILLI., .METRE. ) );
#3208 = CARTESIAN_POINT ( 'NONE',  ( 0.5000000000000021100, -0.2999999999999833400, -3.750000000000001800 ) ) ;
#3209 = VECTOR ( 'NONE', #2168, 1000.000000000000000 ) ;
#3210 =( GEOMETRIC_REPRESENTATION_CONTEXT ( 3 ) GLOBAL_UNCERTAINTY_ASSIGNED_CONTEXT ( ( #3079 ) ) GLOBAL_UNIT_ASSIGNED_CONTEXT ( ( #1634, #1882, #345 ) ) REPRESENTATION_CONTEXT ( 'NONE', 'WORKASPACE' ) );
#3211 = AXIS2_PLACEMENT_3D ( 'NONE', #1961, #911, #2433 ) ;
#3212 = ORIENTED_EDGE ( 'NONE', *, *, #2135, .T. ) ;
#3213 = VECTOR ( 'NONE', #196, 1000.000000000000000 ) ;
#3214 = CARTESIAN_POINT ( 'NONE',  ( 3.625000000000000400, -0.04999999999997316300, -0.3499999999999993700 ) ) ;
#3215 = VERTEX_POINT ( 'NONE', #2920 ) ;
#3216 = VECTOR ( 'NONE', #2093, 1000.000000000000000 ) ;
#3217 = ORIENTED_EDGE ( 'NONE', *, *, #3053, .T. ) ;
#3218 = VECTOR ( 'NONE', #922, 1000.000000000000000 ) ;
#3219 = DIRECTION ( 'NONE',  ( -1.000000000000000000, -6.982966722218764100E-015, -2.438091212180733500E-029 ) ) ;
#3220 = CARTESIAN_POINT ( 'NONE',  ( 0.3000000000000298000, -4.199999999999993100, -2.210000000000012800 ) ) ;
#3221 = VERTEX_POINT ( 'NONE', #2163 ) ;
#3222 = ADVANCED_FACE ( 'NONE', ( #170 ), #2973, .F. ) ;
#3223 = DIRECTION ( 'NONE',  ( -1.000000000000000000, -6.982966722218764100E-015, -2.438091212180733500E-029 ) ) ;
#3224 = EDGE_CURVE ( 'NONE', #602, #2070, #2734, .T. ) ;
#3225 = EDGE_CURVE ( 'NONE', #1625, #602, #1463, .T. ) ;
#3226 = LINE ( 'NONE', #103, #2211 ) ;
#3227 = UNCERTAINTY_MEASURE_WITH_UNIT (LENGTH_MEASURE( 1.000000000000000100E-005 ), #3145, 'distance_accuracy_value', 'NONE');
#3228 = VECTOR ( 'NONE', #363, 1000.000000000000000 ) ;
#3229 = CARTESIAN_POINT ( 'NONE',  ( 2.400000000000027400, -3.899999999999968400, -4.950000000000017100 ) ) ;
#3230 =( GEOMETRIC_REPRESENTATION_CONTEXT ( 3 ) GLOBAL_UNCERTAINTY_ASSIGNED_CONTEXT ( ( #799 ) ) GLOBAL_UNIT_ASSIGNED_CONTEXT ( ( #1103, #855, #2872 ) ) REPRESENTATION_CONTEXT ( 'NONE', 'WORKASPACE' ) );
#3231 = CARTESIAN_POINT ( 'NONE',  ( 4.500000000000027500, -4.199999999999962900, -2.210000000000014600 ) ) ;
#3232 = EDGE_LOOP ( 'NONE', ( #1210, #37, #2515, #2610 ) ) ;
#3233 = SURFACE_STYLE_FILL_AREA ( #2589 ) ;
#3234 = DIRECTION ( 'NONE',  ( -6.982966722218764100E-015, 1.000000000000000000, 3.491483361109382100E-015 ) ) ;
#3235 = PRESENTATION_STYLE_ASSIGNMENT (( #519 ) ) ;
#3236 = PRESENTATION_STYLE_ASSIGNMENT (( #401 ) ) ;
#3237 = ADVANCED_FACE ( 'NONE', ( #2845 ), #2699, .F. ) ;
#3238 = VECTOR ( 'NONE', #250, 1000.000000000000000 ) ;
#3239 =( NAMED_UNIT ( * ) PLANE_ANGLE_UNIT ( ) SI_UNIT ( $, .RADIAN. ) );
#3240 = VECTOR ( 'NONE', #3032, 1000.000000000000000 ) ;
#3241 = SURFACE_SIDE_STYLE ('',( #1470 ) ) ;
#3242 = ORIENTED_EDGE ( 'NONE', *, *, #368, .T. ) ;
#3243 = PRESENTATION_LAYER_ASSIGNMENT (  '', '', ( #1703 ) ) ;
#3244 = CARTESIAN_POINT ( 'NONE',  ( 1.600000000000028300, -4.049999999999975800, -4.400000000000014600 ) ) ;
#3245 = EDGE_CURVE ( 'NONE', #29, #1616, #3096, .T. ) ;
#3246 = ORIENTED_EDGE ( 'NONE', *, *, #1301, .T. ) ;
#3247 = EDGE_LOOP ( 'NONE', ( #1220, #2933, #3242, #2295 ) ) ;
#3248 = ORIENTED_EDGE ( 'NONE', *, *, #2777, .T. ) ;
#3249 = ORIENTED_EDGE ( 'NONE', *, *, #1491, .F. ) ;
#3250 = VECTOR ( 'NONE', #1704, 1000.000000000000000 ) ;
#3251 = ORIENTED_EDGE ( 'NONE', *, *, #1337, .F. ) ;
#3252 = FILL_AREA_STYLE ('',( #2504 ) ) ;
#3253 = LINE ( 'NONE', #1979, #2768 ) ;
#3254 = EDGE_CURVE ( 'NONE', #2825, #2593, #2493, .T. ) ;
#3255 = SURFACE_STYLE_FILL_AREA ( #3150 ) ;
#3256 = DIRECTION ( 'NONE',  ( 0.0000000000000000000, -3.491483361109382100E-015, 1.000000000000000000 ) ) ;
#3257 = CARTESIAN_POINT ( 'NONE',  ( 4.499999999999988500, 1.300000000000044900, -3.749999999999998200 ) ) ;
#3258 = VECTOR ( 'NONE', #1906, 1000.000000000000000 ) ;
#3259 = LINE ( 'NONE', #2057, #789 ) ;
#3260 = EDGE_LOOP ( 'NONE', ( #1570, #2455, #2615, #1242, #3249, #661, #2035, #2999 ) ) ;
#3261 = FACE_OUTER_BOUND ( 'NONE', #2033, .T. ) ;
#3262 = CARTESIAN_POINT ( 'NONE',  ( 0.3000000000000246400, -3.449999999999995700, -0.6500000000000122300 ) ) ;
#3263 = SURFACE_SIDE_STYLE ('',( #2806 ) ) ;
#3264 = CARTESIAN_POINT ( 'NONE',  ( 4.499999999999988500, 1.300000000000044900, -3.749999999999998200 ) ) ;
#3265 = CARTESIAN_POINT ( 'NONE',  ( 1.600000000000029400, -4.199999999999973500, -4.950000000000017900 ) ) ;
#3266 = CARTESIAN_POINT ( 'NONE',  ( 1.575000000000023700, -3.449999999999983300, -1.800000000000012700 ) ) ;
#3267 = LINE ( 'NONE', #1105, #1553 ) ;
#3268 = EDGE_CURVE ( 'NONE', #1088, #654, #1815, .T. ) ;
#3269 = SURFACE_SIDE_STYLE ('',( #2509 ) ) ;
#3270 = UNCERTAINTY_MEASURE_WITH_UNIT (LENGTH_MEASURE( 1.000000000000000100E-005 ), #1408, 'distance_accuracy_value', 'NONE');
#3271 = VERTEX_POINT ( 'NONE', #3231 ) ;
#3272 = VECTOR ( 'NONE', #1269, 1000.000000000000000 ) ;
#3273 = SURFACE_STYLE_USAGE ( .BOTH. , #446 ) ;
#3274 = PRESENTATION_STYLE_ASSIGNMENT (( #2080 ) ) ;
#3275 = EDGE_CURVE ( 'NONE', #782, #935, #1226, .T. ) ;
#3276 = VERTEX_POINT ( 'NONE', #1507 ) ;
#3277 = DIRECTION ( 'NONE',  ( -1.000000000000000000, -6.982966722218764100E-015, -2.438091212180733500E-029 ) ) ;
#3278 = LINE ( 'NONE', #3195, #1754 ) ;
#3279 =( GEOMETRIC_REPRESENTATION_CONTEXT ( 3 ) GLOBAL_UNCERTAINTY_ASSIGNED_CONTEXT ( ( #2618 ) ) GLOBAL_UNIT_ASSIGNED_CONTEXT ( ( #3021, #206, #1231 ) ) REPRESENTATION_CONTEXT ( 'NONE', 'WORKASPACE' ) );
#3280 = CARTESIAN_POINT ( 'NONE',  ( 4.300000000000025600, -3.662132289312364900, -1.550000000000013100 ) ) ;
#3281 = CARTESIAN_POINT ( 'NONE',  ( 0.3500000000000124700, -1.799999999999990100, -2.050000000000006500 ) ) ;
#3282 = LINE ( 'NONE', #3284, #1208 ) ;
#3283 = LINE ( 'NONE', #1292, #523 ) ;
#3284 = CARTESIAN_POINT ( 'NONE',  ( 1.400000000000027400, -3.949999999999978900, -3.950000000000017100 ) ) ;
#3285 = ORIENTED_EDGE ( 'NONE', *, *, #877, .F. ) ;
#3286 = DIRECTION ( 'NONE',  ( 1.553014910897141800E-030, 3.269082915471329900E-015, -1.000000000000000000 ) ) ;
#3287 = PRESENTATION_LAYER_ASSIGNMENT (  '', '', ( #3112 ) ) ;
#3288 = DIRECTION ( 'NONE',  ( -1.000000000000000000, -6.982966722218764900E-015, 1.445602896647095400E-016 ) ) ;
#3289 = VERTEX_POINT ( 'NONE', #1527 ) ;
#3290 =( NAMED_UNIT ( * ) SI_UNIT ( $, .STERADIAN. ) SOLID_ANGLE_UNIT ( ) );
#3291 = EDGE_CURVE ( 'NONE', #3130, #36, #1740, .T. ) ;
#3292 = ORIENTED_EDGE ( 'NONE', *, *, #1361, .T. ) ;
#3293 = ORIENTED_EDGE ( 'NONE', *, *, #2592, .T. ) ;
#3294 = CARTESIAN_POINT ( 'NONE',  ( 3.425000000000023800, -3.449999999999970400, -1.800000000000012700 ) ) ;
#3295 = DIRECTION ( 'NONE',  ( -1.000000000000000000, -6.982966722218764100E-015, -2.438091212180733500E-029 ) ) ;
#3296 = VECTOR ( 'NONE', #3151, 1000.000000000000000 ) ;
#3297 = ORIENTED_EDGE ( 'NONE', *, *, #2243, .T. ) ;
#3298 = COLOUR_RGB ( '',0.7529411764705882200, 0.7529411764705882200, 0.7529411764705882200 ) ;
#3299 = LINE ( 'NONE', #1355, #413 ) ;
#3300 =( NAMED_UNIT ( * ) SI_UNIT ( $, .STERADIAN. ) SOLID_ANGLE_UNIT ( ) );
#3301 = PRODUCT ( 'BM03B-NSHSS', 'BM03B-NSHSS', '', ( #1823 ) ) ;
#3302 = ORIENTED_EDGE ( 'NONE', *, *, #2495, .T. ) ;
#3303 = LINE ( 'NONE', #2118, #1503 ) ;
#3304 = ORIENTED_EDGE ( 'NONE', *, *, #1354, .F. ) ;
#3305 = VECTOR ( 'NONE', #416, 1000.000000000000000 ) ;
#3306 = FACE_OUTER_BOUND ( 'NONE', #1851, .T. ) ;
#3307 = DIRECTION ( 'NONE',  ( -6.982966722218764100E-015, 1.000000000000000000, 3.491483361109382100E-015 ) ) ;
#3308 = ORIENTED_EDGE ( 'NONE', *, *, #1398, .T. ) ;
#3309 = DIRECTION ( 'NONE',  ( 1.000000000000000000, 6.982966722218764100E-015, 2.438091212180733500E-029 ) ) ;
#3310 = CARTESIAN_POINT ( 'NONE',  ( 0.6999999999999860800, 1.950000000000009100, -1.099999999999994300 ) ) ;
#3311 = CARTESIAN_POINT ( 'NONE',  ( 1.600000000000029400, -4.199999999999977100, -3.950000000000017900 ) ) ;
#3312 = CARTESIAN_POINT ( 'NONE',  ( 0.3500000000000124700, -1.799999999999990100, -2.050000000000006500 ) ) ;
#3313 = DIRECTION ( 'NONE',  ( -6.982966722218764100E-015, 1.000000000000000000, 3.491483361109382100E-015 ) ) ;
#3314 = DIRECTION ( 'NONE',  ( -1.000000000000000000, -6.982966722218764100E-015, -2.438091212180733500E-029 ) ) ;
#3315 = ORIENTED_EDGE ( 'NONE', *, *, #106, .F. ) ;
#3316 = FILL_AREA_STYLE ('',( #237 ) ) ;
#3317 = COLOUR_RGB ( '',0.7529411764705882200, 0.7529411764705882200, 0.7529411764705882200 ) ;
#3318 = VECTOR ( 'NONE', #886, 1000.000000000000000 ) ;
#3319 = EDGE_CURVE ( 'NONE', #127, #2875, #2930, .T. ) ;
#3320 = CARTESIAN_POINT ( 'NONE',  ( 0.3000000000000154200, -2.149999999999995500, -0.6500000000000076800 ) ) ;
#3321 =( GEOMETRIC_REPRESENTATION_CONTEXT ( 3 ) GLOBAL_UNCERTAINTY_ASSIGNED_CONTEXT ( ( #3119 ) ) GLOBAL_UNIT_ASSIGNED_CONTEXT ( ( #967, #1989, #174 ) ) REPRESENTATION_CONTEXT ( 'NONE', 'WORKASPACE' ) );
#3322 = DIRECTION ( 'NONE',  ( 1.000000000000000000, 6.982966722218764100E-015, 2.438091212180733500E-029 ) ) ;
#3323 = FACE_OUTER_BOUND ( 'NONE', #154, .T. ) ;
#3324 = ORIENTED_EDGE ( 'NONE', *, *, #2382, .F. ) ;
#3325 = CARTESIAN_POINT ( 'NONE',  ( 3.624999999999986200, 1.950000000000027700, -0.5999999999999940900 ) ) ;
#3326 = DIRECTION ( 'NONE',  ( 6.982966722218764100E-015, -1.000000000000000000, -3.491483361109382100E-015 ) ) ;
#3327 = ORIENTED_EDGE ( 'NONE', *, *, #2207, .F. ) ;
ENDSEC;
END-ISO-10303-21;
