ISO-10303-21;
HEADER;
FILE_DESCRIPTION((''),'2;1');
FILE_NAME('SF1212S2','2021-07-20T',('Administrator'),(''),
'CREO PARAMETRIC BY PTC INC, 2016130','CREO PARAMETRIC BY PTC INC, 2016130','');
FILE_SCHEMA(('CONFIG_CONTROL_DESIGN'));
ENDSEC;
DATA;
#1=CARTESIAN_POINT('',(7.2E0,3.223369592664E0,-5.583039906067E0));
#2=DIRECTION('',(0.E0,-8.660254037844E-1,-5.E-1));
#3=DIRECTION('',(0.E0,-5.E-1,8.660254037844E-1));
#4=AXIS2_PLACEMENT_3D('',#1,#2,#3);
#6=DIRECTION('',(1.E0,-5.084058533219E-14,0.E0));
#7=VECTOR('',#6,5.799996861046E0);
#8=CARTESIAN_POINT('',(4.1E0,5.448623679426E0,-7.5E-1));
#9=LINE('',#8,#7);
#10=DIRECTION('',(-1.E0,4.930924240049E-14,0.E0));
#11=VECTOR('',#10,5.799996861046E0);
#12=CARTESIAN_POINT('',(9.899996861046E0,5.448623679426E0,7.499999999999E-1));
#13=LINE('',#12,#11);
#14=CARTESIAN_POINT('',(7.522001420748E0,2.75E0,-4.763139720815E0));
#15=CARTESIAN_POINT('',(7.522001420748E0,2.784001962120E0,-4.743508678831E0));
#16=CARTESIAN_POINT('',(7.506122944229E0,2.846509296732E0,-4.706477036511E0));
#17=CARTESIAN_POINT('',(7.441169954813E0,2.928167354303E0,-4.655989193756E0));
#18=CARTESIAN_POINT('',(7.338231831926E0,2.986480907872E0,-4.618623926345E0));
#19=CARTESIAN_POINT('',(7.212007534719E0,3.010045552012E0,-4.603206890763E0));
#20=CARTESIAN_POINT('',(7.079860710457E0,2.992934210680E0,-4.614418223585E0));
#21=CARTESIAN_POINT('',(6.967356157103E0,2.936584068828E0,-4.650708824674E0));
#22=CARTESIAN_POINT('',(6.893973598570E0,2.848674635408E0,-4.705213890300E0));
#23=CARTESIAN_POINT('',(6.877998579252E0,2.784715219366E0,-4.743096879568E0));
#24=CARTESIAN_POINT('',(6.877998579252E0,2.75E0,-4.763139720815E0));
#26=CARTESIAN_POINT('',(6.877998579252E0,2.75E0,-4.763139720815E0));
#27=CARTESIAN_POINT('',(6.877998579252E0,2.715513538103E0,-4.783050488874E0));
#28=CARTESIAN_POINT('',(6.894132826324E0,2.651337697504E0,-4.819139910309E0));
#29=CARTESIAN_POINT('',(6.962218947450E0,2.564623777205E0,-4.865713481752E0));
#30=CARTESIAN_POINT('',(7.068998913322E0,2.503851490582E0,-4.897079766816E0));
#31=CARTESIAN_POINT('',(7.195489101046E0,2.481454498032E0,-4.908387183721E0));
#32=CARTESIAN_POINT('',(7.325228891411E0,2.501600155479E0,-4.898221067924E0));
#33=CARTESIAN_POINT('',(7.434658164421E0,2.561529443445E0,-4.867351669666E0));
#34=CARTESIAN_POINT('',(7.506016971485E0,2.650822537846E0,-4.819440476908E0));
#35=CARTESIAN_POINT('',(7.522001420748E0,2.715365003816E0,-4.783136245184E0));
#36=CARTESIAN_POINT('',(7.522001420748E0,2.75E0,-4.763139720815E0));
#38=CARTESIAN_POINT('',(7.522001420748E0,2.75E0,4.763139720815E0));
#39=CARTESIAN_POINT('',(7.522001420748E0,2.716876611329E0,4.782263518180E0));
#40=CARTESIAN_POINT('',(7.507120063707E0,2.654787855718E0,4.817220895003E0));
#41=CARTESIAN_POINT('',(7.442697043332E0,2.569622211837E0,4.863074736574E0));
#42=CARTESIAN_POINT('',(7.341176756389E0,2.507564270926E0,4.895192226813E0));
#43=CARTESIAN_POINT('',(7.212198751685E0,2.481063120421E0,4.908586849176E0));
#44=CARTESIAN_POINT('',(7.077205556607E0,2.500466499675E0,4.898795648352E0));
#45=CARTESIAN_POINT('',(6.965890209866E0,2.560612740914E0,4.867846929440E0));
#46=CARTESIAN_POINT('',(6.893171900861E0,2.652283523155E0,4.818646459450E0));
#47=CARTESIAN_POINT('',(6.877998579252E0,2.716026848038E0,4.782754129245E0));
#48=CARTESIAN_POINT('',(6.877998579252E0,2.75E0,4.763139720815E0));
#50=CARTESIAN_POINT('',(6.877998579252E0,2.75E0,4.763139720815E0));
#51=CARTESIAN_POINT('',(6.877998579252E0,2.785429023708E0,4.742684764440E0));
#52=CARTESIAN_POINT('',(6.894977837610E0,2.850042517395E0,4.704365003154E0));
#53=CARTESIAN_POINT('',(6.965253912776E0,2.933989499035E0,4.652322981052E0));
#54=CARTESIAN_POINT('',(7.072154299019E0,2.989940668250E0,4.616367984449E0));
#55=CARTESIAN_POINT('',(7.196892312057E0,3.009698285750E0,4.603432718210E0));
#56=CARTESIAN_POINT('',(7.322896634520E0,2.991840111974E0,4.615134284748E0));
#57=CARTESIAN_POINT('',(7.434436676953E0,2.934816248076E0,4.651815079168E0));
#58=CARTESIAN_POINT('',(7.505473467823E0,2.849272138409E0,4.704838272689E0));
#59=CARTESIAN_POINT('',(7.522001420748E0,2.785019912835E0,4.742920964712E0));
#60=CARTESIAN_POINT('',(7.522001420748E0,2.75E0,4.763139720815E0));
#62=CARTESIAN_POINT('',(7.522001420749E0,-5.5E0,0.E0));
#63=CARTESIAN_POINT('',(7.522001420749E0,-5.5E0,-3.934215604159E-2));
#64=CARTESIAN_POINT('',(7.506159032084E0,-5.499182613462E0,-1.121060231599E-1));
#65=CARTESIAN_POINT('',(7.440397545781E0,-5.496260032478E0,-2.086236969195E-1));
#66=CARTESIAN_POINT('',(7.337891879242E0,-5.493078038646E0,-2.771774093429E-1));
#67=CARTESIAN_POINT('',(7.211058490670E0,-5.491511354168E0,-3.052858308766E-1));
#68=CARTESIAN_POINT('',(7.078772192250E0,-5.492694219922E0,-2.842930496868E-1));
#69=CARTESIAN_POINT('',(6.967194516981E0,-5.495933083327E0,-2.175563099586E-1));
#70=CARTESIAN_POINT('',(6.893862203595E0,-5.499176526831E0,-1.141824262874E-1));
#71=CARTESIAN_POINT('',(6.877998579251E0,-5.5E0,-3.999887426883E-2));
#72=CARTESIAN_POINT('',(6.877998579251E0,-5.5E0,0.E0));
#74=CARTESIAN_POINT('',(6.877998579251E0,-5.5E0,0.E0));
#75=CARTESIAN_POINT('',(6.877998579251E0,-5.5E0,4.048716537698E-2));
#76=CARTESIAN_POINT('',(6.894874495038E0,-5.499129078021E0,1.149705308588E-1));
#77=CARTESIAN_POINT('',(6.962047265566E0,-5.496153899933E0,2.113930012539E-1));
#78=CARTESIAN_POINT('',(7.068500203687E0,-5.492922810878E0,2.801835999704E-1));
#79=CARTESIAN_POINT('',(7.197491057179E0,-5.491500006671E0,3.054217661894E-1));
#80=CARTESIAN_POINT('',(7.328091892828E0,-5.492834211458E0,2.818634472767E-1));
#81=CARTESIAN_POINT('',(7.437918687864E0,-5.496142433553E0,2.120209220641E-1));
#82=CARTESIAN_POINT('',(7.505953001220E0,-5.499171246907E0,1.132296693491E-1));
#83=CARTESIAN_POINT('',(7.522001420749E0,-5.5E0,3.966954174715E-2));
#84=CARTESIAN_POINT('',(7.522001420749E0,-5.5E0,0.E0));
#86=CARTESIAN_POINT('',(4.1E0,0.E0,0.E0));
#87=DIRECTION('',(-1.E0,0.E0,0.E0));
#88=DIRECTION('',(0.E0,9.906588508047E-1,-1.363636363636E-1));
#89=AXIS2_PLACEMENT_3D('',#86,#87,#88);
#91=CARTESIAN_POINT('',(4.1E0,0.E0,0.E0));
#92=DIRECTION('',(-1.E0,0.E0,0.E0));
#93=DIRECTION('',(0.E0,-1.E0,0.E0));
#94=AXIS2_PLACEMENT_3D('',#91,#92,#93);
#96=DIRECTION('',(0.E0,1.E0,1.141965716290E-14));
#97=VECTOR('',#96,6.513763205741E-1);
#98=CARTESIAN_POINT('',(4.1E0,5.448623679426E0,7.5E-1));
#99=LINE('',#98,#97);
#100=DIRECTION('',(0.E0,0.E0,-1.E0));
#101=VECTOR('',#100,1.5E0);
#102=CARTESIAN_POINT('',(4.1E0,6.1E0,7.5E-1));
#103=LINE('',#102,#101);
#104=DIRECTION('',(0.E0,-1.E0,1.141965716290E-14));
#105=VECTOR('',#104,6.513763205741E-1);
#106=CARTESIAN_POINT('',(4.1E0,6.1E0,-7.5E-1));
#107=LINE('',#106,#105);
#108=CARTESIAN_POINT('',(4.1E0,0.E0,0.E0));
#109=DIRECTION('',(1.E0,0.E0,0.E0));
#110=DIRECTION('',(0.E0,9.897433186108E-1,-1.428571428571E-1));
#111=AXIS2_PLACEMENT_3D('',#108,#109,#110);
#113=DIRECTION('',(-1.E0,5.732023407624E-14,0.E0));
#114=VECTOR('',#113,6.445930107400E0);
#115=CARTESIAN_POINT('',(1.054593010740E1,6.1E0,7.5E-1));
#116=LINE('',#115,#114);
#117=CARTESIAN_POINT('',(1.049999651994E1,6.100000000815E0,3.936894435803E-9));
#118=CARTESIAN_POINT('',(1.049999651999E1,6.100000000815E0,8.364694671345E-2));
#119=CARTESIAN_POINT('',(1.050346519076E1,6.099999999620E0,2.507342247597E-1));
#120=CARTESIAN_POINT('',(1.051881587187E1,6.100000000109E0,5.009981836664E-1));
#121=CARTESIAN_POINT('',(1.053581251068E1,6.1E0,6.670905156449E-1));
#122=CARTESIAN_POINT('',(1.054593010740E1,6.1E0,7.5E-1));
#124=CARTESIAN_POINT('',(1.054593010740E1,6.1E0,7.5E-1));
#125=CARTESIAN_POINT('',(1.047413869097E1,6.027667945689E0,7.5E-1));
#126=CARTESIAN_POINT('',(1.033056826990E1,5.882976720740E0,7.5E-1));
#127=CARTESIAN_POINT('',(1.011525349432E1,5.665854864476E0,7.5E-1));
#128=CARTESIAN_POINT('',(9.971742326456E0,5.521045690593E0,7.499999999999E-1));
#129=CARTESIAN_POINT('',(9.899996861046E0,5.448623679426E0,7.499999999999E-1));
#131=CARTESIAN_POINT('',(9.899996861047E0,1.598721155460E-14,0.E0));
#132=DIRECTION('',(1.E0,0.E0,0.E0));
#133=DIRECTION('',(0.E0,9.906588508047E-1,1.363636363636E-1));
#134=AXIS2_PLACEMENT_3D('',#131,#132,#133);
#136=CARTESIAN_POINT('',(9.899996861047E0,1.598721155460E-14,0.E0));
#137=DIRECTION('',(1.E0,0.E0,0.E0));
#138=DIRECTION('',(0.E0,0.E0,1.E0));
#139=AXIS2_PLACEMENT_3D('',#136,#137,#138);
#141=DIRECTION('',(-7.071083165061E-1,-7.071052458636E-1,5.032422400683E-9));
#142=VECTOR('',#141,2.828442390652E-1);
#143=CARTESIAN_POINT('',(1.069999803366E1,6.300000646020E0,2.513502751227E-9));
#144=LINE('',#143,#142);
#145=DIRECTION('',(-1.E0,-2.444101711639E-12,-1.829149296539E-14));
#146=VECTOR('',#145,6.445930107416E0);
#147=CARTESIAN_POINT('',(1.054593010742E1,6.100000000016E0,-7.499999999999E-1));
#148=LINE('',#147,#146);
#149=CARTESIAN_POINT('',(1.054593010742E1,6.100000000016E0,-7.499999999999E-1));
#150=CARTESIAN_POINT('',(1.053581251056E1,6.100000000016E0,-6.670905145327E-1));
#151=CARTESIAN_POINT('',(1.051881586880E1,6.100000000101E0,-5.009981809096E-1));
#152=CARTESIAN_POINT('',(1.050346518765E1,6.099999999622E0,-2.507342181727E-1));
#153=CARTESIAN_POINT('',(1.049999651989E1,6.100000000815E0,-8.364693983146E-2));
#154=CARTESIAN_POINT('',(1.049999651994E1,6.100000000815E0,3.936894435803E-9));
#156=DIRECTION('',(-7.071070139101E-1,7.071065484629E-1,1.746268106828E-10));
#157=VECTOR('',#156,1.131372135868E0);
#158=CARTESIAN_POINT('',(1.069999803366E1,-6.300000646020E0,
-1.555468734125E-9));
#159=LINE('',#158,#157);
#160=CARTESIAN_POINT('',(9.899996861047E0,0.E0,0.E0));
#161=DIRECTION('',(1.E0,0.E0,0.E0));
#162=DIRECTION('',(0.E0,-1.E0,0.E0));
#163=AXIS2_PLACEMENT_3D('',#160,#161,#162);
#165=CARTESIAN_POINT('',(9.899996861047E0,0.E0,0.E0));
#166=DIRECTION('',(1.E0,0.E0,0.E0));
#167=DIRECTION('',(0.E0,0.E0,-1.E0));
#168=AXIS2_PLACEMENT_3D('',#165,#166,#167);
#170=CARTESIAN_POINT('',(9.899996861046E0,5.448623679426E0,-7.499999999999E-1));
#171=CARTESIAN_POINT('',(9.971742326457E0,5.521045690594E0,-7.499999999999E-1));
#172=CARTESIAN_POINT('',(1.011525349433E1,5.665854864480E0,-7.5E-1));
#173=CARTESIAN_POINT('',(1.033056826989E1,5.882976720734E0,-7.5E-1));
#174=CARTESIAN_POINT('',(1.047413869099E1,6.027667945706E0,-7.499999999999E-1));
#175=CARTESIAN_POINT('',(1.054593010742E1,6.100000000016E0,-7.499999999999E-1));
#177=CARTESIAN_POINT('',(1.070000213770E1,-3.241851231905E-14,
-1.909583602355E-14));
#178=DIRECTION('',(-1.E0,0.E0,0.E0));
#179=DIRECTION('',(0.E0,-1.E0,9.145591943111E-14));
#180=AXIS2_PLACEMENT_3D('',#177,#178,#179);
#182=CARTESIAN_POINT('',(1.070000213770E1,-3.241851231905E-14,
-1.909583602355E-14));
#183=DIRECTION('',(-1.E0,0.E0,0.E0));
#184=DIRECTION('',(0.E0,2.930552935204E-14,1.E0));
#185=AXIS2_PLACEMENT_3D('',#182,#183,#184);
#187=CARTESIAN_POINT('',(1.070000213770E1,1.865174681370E-14,
-1.243449787580E-14));
#188=DIRECTION('',(-1.E0,0.E0,0.E0));
#189=DIRECTION('',(0.E0,1.E0,-9.145591943111E-14));
#190=AXIS2_PLACEMENT_3D('',#187,#188,#189);
#192=CARTESIAN_POINT('',(1.070000213770E1,1.865174681370E-14,
-1.243449787580E-14));
#193=DIRECTION('',(-1.E0,0.E0,0.E0));
#194=DIRECTION('',(0.E0,-2.930552935204E-14,-1.E0));
#195=AXIS2_PLACEMENT_3D('',#192,#193,#194);
#197=CARTESIAN_POINT('',(1.069999705049E1,0.E0,0.E0));
#198=DIRECTION('',(1.E0,0.E0,0.E0));
#199=DIRECTION('',(0.E0,-1.E0,-2.614324363176E-14));
#200=AXIS2_PLACEMENT_3D('',#197,#198,#199);
#202=CARTESIAN_POINT('',(1.069999705049E1,0.E0,0.E0));
#203=DIRECTION('',(1.E0,0.E0,0.E0));
#204=DIRECTION('',(0.E0,1.328551473052E-14,-1.E0));
#205=AXIS2_PLACEMENT_3D('',#202,#203,#204);
#207=CARTESIAN_POINT('',(1.069999705049E1,1.598721155460E-14,0.E0));
#208=DIRECTION('',(1.E0,0.E0,0.E0));
#209=DIRECTION('',(0.E0,1.E0,2.614324363176E-14));
#210=AXIS2_PLACEMENT_3D('',#207,#208,#209);
#212=CARTESIAN_POINT('',(1.069999705049E1,1.598721155460E-14,0.E0));
#213=DIRECTION('',(1.E0,0.E0,0.E0));
#214=DIRECTION('',(0.E0,-1.328551473052E-14,1.E0));
#215=AXIS2_PLACEMENT_3D('',#212,#213,#214);
#217=CARTESIAN_POINT('',(1.050000326973E1,-3.241851231905E-14,
-1.909583602355E-14));
#218=DIRECTION('',(-1.E0,0.E0,0.E0));
#219=DIRECTION('',(0.E0,-1.E0,0.E0));
#220=AXIS2_PLACEMENT_3D('',#217,#218,#219);
#222=CARTESIAN_POINT('',(1.050000326973E1,-3.241851231905E-14,
-1.909583602355E-14));
#223=DIRECTION('',(-1.E0,0.E0,0.E0));
#224=DIRECTION('',(0.E0,0.E0,1.E0));
#225=AXIS2_PLACEMENT_3D('',#222,#223,#224);
#227=DIRECTION('',(7.071053539811E-1,-7.071082083891E-1,1.886956110673E-10));
#228=VECTOR('',#227,2.828406747012E-1);
#229=CARTESIAN_POINT('',(1.050000326973E1,6.9E0,-2.372488542052E-10));
#230=LINE('',#229,#228);
#231=DIRECTION('',(-1.E0,-1.577246435229E-13,-5.254528868886E-11));
#232=VECTOR('',#231,2.275003281316E0);
#233=CARTESIAN_POINT('',(1.050000326973E1,-6.9E0,1.195415491911E-10));
#234=LINE('',#233,#232);
#235=CARTESIAN_POINT('',(8.224999988414E0,-6.9E0,0.E0));
#236=CARTESIAN_POINT('',(8.223901370819E0,-6.9E0,-1.029326476565E-1));
#237=CARTESIAN_POINT('',(8.195728992578E0,-6.895490114405E0,
-2.981853308087E-1));
#238=CARTESIAN_POINT('',(8.070187909834E0,-6.878118056191E0,
-5.675602048852E-1));
#239=CARTESIAN_POINT('',(7.877435570400E0,-6.855845828127E0,
-7.868883703108E-1));
#240=CARTESIAN_POINT('',(7.635650979639E0,-6.835615985779E0,
-9.429519814917E-1));
#241=CARTESIAN_POINT('',(7.350769950642E0,-6.822997413573E0,-1.028105727143E0));
#242=CARTESIAN_POINT('',(7.056294725010E0,-6.822857316411E0,-1.028997193385E0));
#243=CARTESIAN_POINT('',(6.772706386269E0,-6.835089580036E0,
-9.466458593402E-1));
#244=CARTESIAN_POINT('',(6.528233961223E0,-6.855241096222E0,
-7.921111636778E-1));
#245=CARTESIAN_POINT('',(6.331596822600E0,-6.877865328060E0,
-5.711322290719E-1));
#246=CARTESIAN_POINT('',(6.204078632745E0,-6.895533884157E0,
-2.979496924360E-1));
#247=CARTESIAN_POINT('',(6.175826280258E0,-6.9E0,-1.026545950153E-1));
#248=CARTESIAN_POINT('',(6.175000007960E0,-6.9E0,0.E0));
#250=DIRECTION('',(-1.E0,0.E0,0.E0));
#251=VECTOR('',#250,4.675000007960E0);
#252=CARTESIAN_POINT('',(6.175000007960E0,-6.9E0,0.E0));
#253=LINE('',#252,#251);
#254=CARTESIAN_POINT('',(6.308622058898E0,3.45E0,5.975575286113E0));
#255=CARTESIAN_POINT('',(6.308622058898E0,3.362319527646E0,6.026197630429E0));
#256=CARTESIAN_POINT('',(6.339016503054E0,3.194713682596E0,6.117989802291E0));
#257=CARTESIAN_POINT('',(6.471893514824E0,2.956166906578E0,6.236207618685E0));
#258=CARTESIAN_POINT('',(6.672485825586E0,2.770098089050E0,6.320256412155E0));
#259=CARTESIAN_POINT('',(6.924780320384E0,2.649653245996E0,6.371159574197E0));
#260=CARTESIAN_POINT('',(7.209164053315E0,2.607162429312E0,6.388448504726E0));
#261=CARTESIAN_POINT('',(7.489451236796E0,2.654705692052E0,6.369072555274E0));
#262=CARTESIAN_POINT('',(7.733862204397E0,2.775236234760E0,6.317991829693E0));
#263=CARTESIAN_POINT('',(7.929965948858E0,2.959159606524E0,6.234745513459E0));
#264=CARTESIAN_POINT('',(8.060742149740E0,3.194724240166E0,6.117951341519E0));
#265=CARTESIAN_POINT('',(8.091377941102E0,3.362164944455E0,6.026286879076E0));
#266=CARTESIAN_POINT('',(8.091377941102E0,3.45E0,5.975575286113E0));
#268=CARTESIAN_POINT('',(6.308622058898E0,-6.9E0,0.E0));
#269=CARTESIAN_POINT('',(6.308622058898E0,-6.9E0,-1.034984827313E-1));
#270=CARTESIAN_POINT('',(6.340659055940E0,-6.895459795277E0,
-2.975920349921E-1));
#271=CARTESIAN_POINT('',(6.473628134744E0,-6.878594771437E0,
-5.600846090794E-1));
#272=CARTESIAN_POINT('',(6.674708749521E0,-6.858380394394E0,
-7.626873247790E-1));
#273=CARTESIAN_POINT('',(6.926150339771E0,-6.842377514533E0,
-8.911250915410E-1));
#274=CARTESIAN_POINT('',(7.206107473988E0,-6.836223721407E0,
-9.357513273411E-1));
#275=CARTESIAN_POINT('',(7.482633669818E0,-6.842830374520E0,
-8.877050094468E-1));
#276=CARTESIAN_POINT('',(7.728706375805E0,-6.858710002858E0,
-7.596350750713E-1));
#277=CARTESIAN_POINT('',(7.927563639197E0,-6.878735821453E0,
-5.581975866708E-1));
#278=CARTESIAN_POINT('',(8.059522737886E0,-6.895488440370E0,
-2.966384189822E-1));
#279=CARTESIAN_POINT('',(8.091377941102E0,-6.9E0,-1.031880492091E-1));
#280=CARTESIAN_POINT('',(8.091377941102E0,-6.9E0,0.E0));
#282=DIRECTION('',(-1.E0,6.024777447978E-13,1.997152701759E-10));
#283=VECTOR('',#282,6.000032697296E-1);
#284=CARTESIAN_POINT('',(1.050000326973E1,6.9E0,-2.372488542052E-10));
#285=LINE('',#284,#283);
#286=DIRECTION('',(-1.E0,0.E0,0.E0));
#287=VECTOR('',#286,7.4E0);
#288=CARTESIAN_POINT('',(8.9E0,6.9E0,0.E0));
#289=LINE('',#288,#287);
#290=CARTESIAN_POINT('',(6.308622058898E0,3.45E0,-5.975575286113E0));
#291=CARTESIAN_POINT('',(6.308622058898E0,3.534042278504E0,-5.927053453995E0));
#292=CARTESIAN_POINT('',(6.335865623330E0,3.692764813508E0,-5.830989338060E0));
#293=CARTESIAN_POINT('',(6.471581665843E0,3.924093766651E0,-5.677304177319E0));
#294=CARTESIAN_POINT('',(6.672314986399E0,4.087569465254E0,-5.559707710814E0));
#295=CARTESIAN_POINT('',(6.924018821570E0,4.192720291202E0,-5.480293127262E0));
#296=CARTESIAN_POINT('',(7.198734619122E0,4.227550609070E0,-5.453183328844E0));
#297=CARTESIAN_POINT('',(7.474314323656E0,4.193237556320E0,-5.479893398233E0));
#298=CARTESIAN_POINT('',(7.726520156899E0,4.088304083341E0,-5.559170865737E0));
#299=CARTESIAN_POINT('',(7.927826970790E0,3.924708701348E0,-5.676868625070E0));
#300=CARTESIAN_POINT('',(8.063603812223E0,3.694242541079E0,-5.830051338320E0));
#301=CARTESIAN_POINT('',(8.091377941102E0,3.534672373384E0,-5.926689668547E0));
#302=CARTESIAN_POINT('',(8.091377941102E0,3.45E0,-5.975575286113E0));
#304=CARTESIAN_POINT('',(1.050000326973E1,1.865174681370E-14,
-1.243449787580E-14));
#305=DIRECTION('',(-1.E0,0.E0,0.E0));
#306=DIRECTION('',(0.E0,1.E0,-2.764598230117E-11));
#307=AXIS2_PLACEMENT_3D('',#304,#305,#306);
#309=CARTESIAN_POINT('',(1.050000326973E1,1.865174681370E-14,
-1.243449787580E-14));
#310=DIRECTION('',(-1.E0,0.E0,0.E0));
#311=DIRECTION('',(0.E0,0.E0,-1.E0));
#312=AXIS2_PLACEMENT_3D('',#309,#310,#311);
#314=DIRECTION('',(7.071053539811E-1,7.071082083891E-1,1.252446398163E-10));
#315=VECTOR('',#314,2.828406747012E-1);
#316=CARTESIAN_POINT('',(1.050000326973E1,-6.9E0,1.195415491911E-10));
#317=LINE('',#316,#315);
#318=CARTESIAN_POINT('',(8.9E0,6.9E0,0.E0));
#319=CARTESIAN_POINT('',(8.9E0,6.9E0,-5.734806679066E-2));
#320=CARTESIAN_POINT('',(8.919841396014E0,6.898505525425E0,-1.727947423350E-1));
#321=CARTESIAN_POINT('',(9.008875228035E0,6.892663520252E0,-3.280793280080E-1));
#322=CARTESIAN_POINT('',(9.146096119968E0,6.885952034517E0,-4.427403000125E-1));
#323=CARTESIAN_POINT('',(9.312975062936E0,6.881682346897E0,-5.026253690466E-1));
#324=CARTESIAN_POINT('',(9.488801259084E0,6.881694443134E0,-5.025361803200E-1));
#325=CARTESIAN_POINT('',(9.657570205856E0,6.886081055099E0,-4.408017501165E-1));
#326=CARTESIAN_POINT('',(9.793472112503E0,6.892808650608E0,-3.250443070561E-1));
#327=CARTESIAN_POINT('',(9.880774862567E0,6.898554474555E0,-1.704540328398E-1));
#328=CARTESIAN_POINT('',(9.899999999995E0,6.899999999998E0,-5.645881592215E-2));
#329=CARTESIAN_POINT('',(9.9E0,6.9E0,-1.174190390847E-10));
#331=DIRECTION('',(-8.704148513076E-13,1.E0,0.E0));
#332=VECTOR('',#331,1.999999999997E-1);
#333=CARTESIAN_POINT('',(8.9E0,6.7E0,0.E0));
#334=LINE('',#333,#332);
#335=CARTESIAN_POINT('',(9.9E0,6.9E0,-1.174190390847E-10));
#336=CARTESIAN_POINT('',(9.900000000005E0,6.900000000002E0,5.734432699391E-2));
#337=CARTESIAN_POINT('',(9.880159491011E0,6.898505696815E0,1.727823248431E-1));
#338=CARTESIAN_POINT('',(9.791152169576E0,6.892665126365E0,3.280439225954E-1));
#339=CARTESIAN_POINT('',(9.653937747711E0,6.885953267710E0,4.427222246062E-1));
#340=CARTESIAN_POINT('',(9.487062761243E0,6.881682974972E0,5.026178367441E-1));
#341=CARTESIAN_POINT('',(9.311257728845E0,6.881693885180E0,5.025419831537E-1));
#342=CARTESIAN_POINT('',(9.142520767321E0,6.886077729422E0,4.408509749762E-1));
#343=CARTESIAN_POINT('',(9.006587562827E0,6.892805124305E0,3.251232704750E-1));
#344=CARTESIAN_POINT('',(8.919234640322E0,6.898553504518E0,1.704991782836E-1));
#345=CARTESIAN_POINT('',(8.9E0,6.9E0,5.647481064858E-2));
#346=CARTESIAN_POINT('',(8.9E0,6.9E0,0.E0));
#348=DIRECTION('',(1.181277298203E-12,1.E0,-4.769244340216E-10));
#349=VECTOR('',#348,1.999999999997E-1);
#350=CARTESIAN_POINT('',(9.9E0,6.7E0,-2.203415228053E-11));
#351=LINE('',#350,#349);
#352=DIRECTION('',(9.396926207862E-1,3.420201433250E-1,-4.141066060659E-11));
#353=VECTOR('',#352,5.320888862376E-1);
#354=CARTESIAN_POINT('',(9.4E0,6.518014882868E0,0.E0));
#355=LINE('',#354,#353);
#356=CARTESIAN_POINT('',(9.4E0,6.700000000001E0,0.E0));
#357=DIRECTION('',(0.E0,-1.E0,0.E0));
#358=DIRECTION('',(1.E0,0.E0,-8.813673158678E-11));
#359=AXIS2_PLACEMENT_3D('',#356,#357,#358);
#361=DIRECTION('',(-9.396926207862E-1,3.420201433250E-1,0.E0));
#362=VECTOR('',#361,5.320888862376E-1);
#363=CARTESIAN_POINT('',(9.4E0,6.518014882868E0,0.E0));
#364=LINE('',#363,#362);
#365=CARTESIAN_POINT('',(9.4E0,6.700000000001E0,0.E0));
#366=DIRECTION('',(0.E0,-1.E0,0.E0));
#367=DIRECTION('',(-1.E0,0.E0,0.E0));
#368=AXIS2_PLACEMENT_3D('',#365,#366,#367);
#370=CARTESIAN_POINT('',(1.5E0,0.E0,0.E0));
#371=DIRECTION('',(-1.E0,0.E0,0.E0));
#372=DIRECTION('',(0.E0,1.E0,0.E0));
#373=AXIS2_PLACEMENT_3D('',#370,#371,#372);
#375=CARTESIAN_POINT('',(1.5E0,0.E0,0.E0));
#376=DIRECTION('',(-1.E0,0.E0,0.E0));
#377=DIRECTION('',(0.E0,-1.E0,0.E0));
#378=AXIS2_PLACEMENT_3D('',#375,#376,#377);
#380=CARTESIAN_POINT('',(1.5E0,0.E0,0.E0));
#381=DIRECTION('',(1.E0,0.E0,0.E0));
#382=DIRECTION('',(0.E0,1.E0,0.E0));
#383=AXIS2_PLACEMENT_3D('',#380,#381,#382);
#385=CARTESIAN_POINT('',(1.5E0,0.E0,0.E0));
#386=DIRECTION('',(1.E0,0.E0,0.E0));
#387=DIRECTION('',(0.E0,-1.E0,0.E0));
#388=AXIS2_PLACEMENT_3D('',#385,#386,#387);
#390=DIRECTION('',(-1.E0,0.E0,0.E0));
#391=VECTOR('',#390,1.5E0);
#392=CARTESIAN_POINT('',(1.5E0,9.E0,0.E0));
#393=LINE('',#392,#391);
#394=CARTESIAN_POINT('',(0.E0,0.E0,0.E0));
#395=DIRECTION('',(1.E0,0.E0,0.E0));
#396=DIRECTION('',(0.E0,-1.E0,0.E0));
#397=AXIS2_PLACEMENT_3D('',#394,#395,#396);
#399=CARTESIAN_POINT('',(0.E0,0.E0,0.E0));
#400=DIRECTION('',(1.E0,0.E0,0.E0));
#401=DIRECTION('',(0.E0,1.E0,0.E0));
#402=AXIS2_PLACEMENT_3D('',#399,#400,#401);
#404=DIRECTION('',(0.E0,0.E0,1.E0));
#405=VECTOR('',#404,5.207686626517E0);
#406=CARTESIAN_POINT('',(0.E0,5.35E0,-2.603843313258E0));
#407=LINE('',#406,#405);
#408=DIRECTION('',(-1.E0,0.E0,0.E0));
#409=VECTOR('',#408,1.5E0);
#410=CARTESIAN_POINT('',(1.5E0,-9.E0,0.E0));
#411=LINE('',#410,#409);
#412=CARTESIAN_POINT('',(0.E0,0.E0,0.E0));
#413=DIRECTION('',(1.E0,0.E0,0.E0));
#414=DIRECTION('',(0.E0,8.991596638655E-1,4.376207249174E-1));
#415=AXIS2_PLACEMENT_3D('',#412,#413,#414);
#417=DIRECTION('',(1.E0,0.E0,0.E0));
#418=VECTOR('',#417,1.6E0);
#419=CARTESIAN_POINT('',(-1.6E0,5.35E0,-2.603843313258E0));
#420=LINE('',#419,#418);
#421=CARTESIAN_POINT('',(-1.6E0,0.E0,0.E0));
#422=DIRECTION('',(-1.E0,0.E0,0.E0));
#423=DIRECTION('',(0.E0,8.991596638655E-1,-4.376207249174E-1));
#424=AXIS2_PLACEMENT_3D('',#421,#422,#423);
#426=DIRECTION('',(1.E0,0.E0,0.E0));
#427=VECTOR('',#426,1.6E0);
#428=CARTESIAN_POINT('',(-1.6E0,5.35E0,2.603843313258E0));
#429=LINE('',#428,#427);
#430=DIRECTION('',(0.E0,0.E0,1.E0));
#431=VECTOR('',#430,5.207686626517E0);
#432=CARTESIAN_POINT('',(-1.6E0,5.35E0,-2.603843313258E0));
#433=LINE('',#432,#431);
#434=DIRECTION('',(0.E0,8.660254037844E-1,5.E-1));
#435=VECTOR('',#434,9.814954576224E0);
#436=CARTESIAN_POINT('',(-1.6E0,-8.5E0,4.907477288112E0));
#437=LINE('',#436,#435);
#438=DIRECTION('',(0.E0,8.660254037844E-1,-5.E-1));
#439=VECTOR('',#438,9.814954576224E0);
#440=CARTESIAN_POINT('',(-1.6E0,-1.893814219381E-14,9.814954576224E0));
#441=LINE('',#440,#439);
#442=DIRECTION('',(0.E0,0.E0,-1.E0));
#443=VECTOR('',#442,9.814954576224E0);
#444=CARTESIAN_POINT('',(-1.6E0,8.5E0,4.907477288112E0));
#445=LINE('',#444,#443);
#446=DIRECTION('',(0.E0,-8.660254037844E-1,-5.E-1));
#447=VECTOR('',#446,9.814954576224E0);
#448=CARTESIAN_POINT('',(-1.6E0,8.5E0,-4.907477288112E0));
#449=LINE('',#448,#447);
#450=DIRECTION('',(0.E0,-8.660254037844E-1,5.E-1));
#451=VECTOR('',#450,9.814954576224E0);
#452=CARTESIAN_POINT('',(-1.6E0,1.893814441603E-14,-9.814954576224E0));
#453=LINE('',#452,#451);
#454=DIRECTION('',(0.E0,0.E0,1.E0));
#455=VECTOR('',#454,9.814954576224E0);
#456=CARTESIAN_POINT('',(-1.6E0,-8.5E0,-4.907477288112E0));
#457=LINE('',#456,#455);
#458=DIRECTION('',(-1.E0,0.E0,0.E0));
#459=VECTOR('',#458,2.2E0);
#460=CARTESIAN_POINT('',(-1.6E0,-8.5E0,4.907477288112E0));
#461=LINE('',#460,#459);
#462=CARTESIAN_POINT('',(-3.8E0,0.E0,9.814954576224E0));
#463=CARTESIAN_POINT('',(-3.884098789524E0,-4.215051244721E-1,
9.571598479145E0));
#464=CARTESIAN_POINT('',(-4.030640775002E0,-1.252419687136E0,9.091869732718E0));
#465=CARTESIAN_POINT('',(-4.177932374370E0,-2.432817171641E0,8.410366927288E0));
#466=CARTESIAN_POINT('',(-4.257600076261E0,-3.638968787214E0,7.713994967354E0));
#467=CARTESIAN_POINT('',(-4.257893327127E0,-4.855769683377E0,7.011474642403E0));
#468=CARTESIAN_POINT('',(-4.177848592972E0,-6.069045961668E0,6.310989256531E0));
#469=CARTESIAN_POINT('',(-4.030254051681E0,-7.249937021790E0,5.629201485085E0));
#470=CARTESIAN_POINT('',(-3.883861829739E0,-8.079682523579E0,5.150147696269E0));
#471=CARTESIAN_POINT('',(-3.8E0,-8.5E0,4.907477288112E0));
#473=CARTESIAN_POINT('',(-3.8E0,-8.5E0,4.907477288112E0));
#474=CARTESIAN_POINT('',(-3.884098789524E0,-8.5E0,4.420765093956E0));
#475=CARTESIAN_POINT('',(-4.030640775002E0,-8.5E0,3.461307601102E0));
#476=CARTESIAN_POINT('',(-4.177932374370E0,-8.5E0,2.098301990243E0));
#477=CARTESIAN_POINT('',(-4.257600076261E0,-8.5E0,7.055580703722E-1));
#478=CARTESIAN_POINT('',(-4.257893327127E0,-8.5E0,-6.994825795323E-1));
#479=CARTESIAN_POINT('',(-4.177848592972E0,-8.5E0,-2.100453351278E0));
#480=CARTESIAN_POINT('',(-4.030254051681E0,-8.5E0,-3.464028894168E0));
#481=CARTESIAN_POINT('',(-3.883861829739E0,-8.5E0,-4.422136471800E0));
#482=CARTESIAN_POINT('',(-3.8E0,-8.5E0,-4.907477288112E0));
#484=CARTESIAN_POINT('',(-3.8E0,-8.5E0,-4.907477288112E0));
#485=CARTESIAN_POINT('',(-3.884098789524E0,-8.078494875527E0,
-5.150833385191E0));
#486=CARTESIAN_POINT('',(-4.030640775002E0,-7.247580312862E0,
-5.630562131620E0));
#487=CARTESIAN_POINT('',(-4.177932374371E0,-6.067182828353E0,
-6.312064937052E0));
#488=CARTESIAN_POINT('',(-4.257600076261E0,-4.861031212776E0,
-7.008436896989E0));
#489=CARTESIAN_POINT('',(-4.257893327126E0,-3.644230316608E0,
-7.710957221941E0));
#490=CARTESIAN_POINT('',(-4.177848592971E0,-2.430954038320E0,
-8.411442607812E0));
#491=CARTESIAN_POINT('',(-4.030254051680E0,-1.250062978200E0,
-9.093230379256E0));
#492=CARTESIAN_POINT('',(-3.883861829738E0,-4.203174764169E-1,
-9.572284168070E0));
#493=CARTESIAN_POINT('',(-3.8E0,0.E0,-9.814954576224E0));
#495=DIRECTION('',(-3.266254524165E-1,0.E0,9.451538572284E-1));
#496=VECTOR('',#495,2.449288608960E0);
#497=CARTESIAN_POINT('',(-3.8E0,0.E0,-9.814954576224E0));
#498=LINE('',#497,#496);
#499=CARTESIAN_POINT('',(-4.6E0,0.E0,0.E0));
#500=DIRECTION('',(1.E0,0.E0,0.E0));
#501=DIRECTION('',(0.E0,0.E0,-1.E0));
#502=AXIS2_PLACEMENT_3D('',#499,#500,#501);
#504=CARTESIAN_POINT('',(-4.6E0,0.E0,0.E0));
#505=DIRECTION('',(1.E0,0.E0,0.E0));
#506=DIRECTION('',(0.E0,0.E0,1.E0));
#507=AXIS2_PLACEMENT_3D('',#504,#505,#506);
#509=DIRECTION('',(0.E0,1.232174566178E-5,-9.999999999241E-1));
#510=VECTOR('',#509,2.076820749900E0);
#511=CARTESIAN_POINT('',(-4.6E0,5.35E0,1.038516779638E0));
#512=LINE('',#511,#510);
#513=CARTESIAN_POINT('',(-4.6E0,-6.637152403854E-5,-2.712079791297E-6));
#514=DIRECTION('',(-1.E0,0.E0,0.E0));
#515=DIRECTION('',(0.E0,9.816838911312E-1,-1.905170278311E-1));
#516=AXIS2_PLACEMENT_3D('',#513,#514,#515);
#518=CARTESIAN_POINT('',(-4.6E0,4.746369705348E0,-2.678334607430E0));
#519=CARTESIAN_POINT('',(-4.6E0,4.572235232080E0,-3.015924449391E0));
#520=CARTESIAN_POINT('',(-4.6E0,4.163505671580E0,-3.639117682021E0));
#521=CARTESIAN_POINT('',(-4.6E0,3.373085024604E0,-4.434655225360E0));
#522=CARTESIAN_POINT('',(-4.6E0,2.432362594749E0,-5.061115041060E0));
#523=CARTESIAN_POINT('',(-4.6E0,1.346705688495E0,-5.496013461772E0));
#524=CARTESIAN_POINT('',(-4.6E0,2.168990498238E-1,-5.694747675432E0));
#525=CARTESIAN_POINT('',(-4.6E0,-9.193602590369E-1,-5.661874127016E0));
#526=CARTESIAN_POINT('',(-4.6E0,-1.967156565431E0,-5.433918374122E0));
#527=CARTESIAN_POINT('',(-4.6E0,-3.087416585501E0,-4.940526559656E0));
#528=CARTESIAN_POINT('',(-4.6E0,-4.036927415164E0,-4.251280971586E0));
#529=CARTESIAN_POINT('',(-4.6E0,-4.817089272810E0,-3.414076759067E0));
#530=CARTESIAN_POINT('',(-4.6E0,-5.440623198200E0,-2.402368876795E0));
#531=CARTESIAN_POINT('',(-4.6E0,-5.719191950209E0,-1.641280068934E0));
#532=CARTESIAN_POINT('',(-4.6E0,-5.820427437955E0,-1.234959286573E0));
#534=CARTESIAN_POINT('',(-4.6E0,0.E0,0.E0));
#535=DIRECTION('',(-1.E0,0.E0,0.E0));
#536=DIRECTION('',(0.E0,-9.782230988161E-1,-2.075561826171E-1));
#537=AXIS2_PLACEMENT_3D('',#534,#535,#536);
#539=CARTESIAN_POINT('',(-4.6E0,0.E0,0.E0));
#540=DIRECTION('',(-1.E0,0.E0,0.E0));
#541=DIRECTION('',(0.E0,-1.E0,0.E0));
#542=AXIS2_PLACEMENT_3D('',#539,#540,#541);
#544=CARTESIAN_POINT('',(-4.6E0,1.442701637745E-2,5.056284311467E-3));
#545=DIRECTION('',(-1.E0,0.E0,0.E0));
#546=DIRECTION('',(0.E0,8.706607207359E-1,4.918840405701E-1));
#547=AXIS2_PLACEMENT_3D('',#544,#545,#546);
#549=CARTESIAN_POINT('',(-3.8E0,0.E0,-9.814954576224E0));
#550=CARTESIAN_POINT('',(-3.884098789524E0,4.215051244721E-1,
-9.571598479145E0));
#551=CARTESIAN_POINT('',(-4.030640775002E0,1.252419687136E0,-9.091869732718E0));
#552=CARTESIAN_POINT('',(-4.177932374370E0,2.432817171641E0,-8.410366927288E0));
#553=CARTESIAN_POINT('',(-4.257600076261E0,3.638968787214E0,-7.713994967354E0));
#554=CARTESIAN_POINT('',(-4.257893327127E0,4.855769683377E0,-7.011474642403E0));
#555=CARTESIAN_POINT('',(-4.177848592972E0,6.069045961668E0,-6.310989256531E0));
#556=CARTESIAN_POINT('',(-4.030254051681E0,7.249937021790E0,-5.629201485085E0));
#557=CARTESIAN_POINT('',(-3.883861829739E0,8.079682523579E0,-5.150147696269E0));
#558=CARTESIAN_POINT('',(-3.8E0,8.5E0,-4.907477288112E0));
#560=CARTESIAN_POINT('',(-3.8E0,8.5E0,-4.907477288112E0));
#561=CARTESIAN_POINT('',(-3.884098789524E0,8.5E0,-4.420765093956E0));
#562=CARTESIAN_POINT('',(-4.030640775002E0,8.5E0,-3.461307601102E0));
#563=CARTESIAN_POINT('',(-4.177932374370E0,8.5E0,-2.098301990242E0));
#564=CARTESIAN_POINT('',(-4.257600076261E0,8.5E0,-7.055580703717E-1));
#565=CARTESIAN_POINT('',(-4.257893327127E0,8.5E0,6.994825795325E-1));
#566=CARTESIAN_POINT('',(-4.177848592972E0,8.5E0,2.100453351278E0));
#567=CARTESIAN_POINT('',(-4.030254051681E0,8.5E0,3.464028894169E0));
#568=CARTESIAN_POINT('',(-3.883861829739E0,8.5E0,4.422136471800E0));
#569=CARTESIAN_POINT('',(-3.8E0,8.5E0,4.907477288112E0));
#571=CARTESIAN_POINT('',(-3.8E0,8.5E0,4.907477288112E0));
#572=CARTESIAN_POINT('',(-3.884098789524E0,8.078494875527E0,5.150833385191E0));
#573=CARTESIAN_POINT('',(-4.030640775002E0,7.247580312862E0,5.630562131620E0));
#574=CARTESIAN_POINT('',(-4.177932374371E0,6.067182828354E0,6.312064937051E0));
#575=CARTESIAN_POINT('',(-4.257600076261E0,4.861031212776E0,7.008436896988E0));
#576=CARTESIAN_POINT('',(-4.257893327126E0,3.644230316608E0,7.710957221941E0));
#577=CARTESIAN_POINT('',(-4.177848592971E0,2.430954038320E0,8.411442607812E0));
#578=CARTESIAN_POINT('',(-4.030254051680E0,1.250062978200E0,9.093230379256E0));
#579=CARTESIAN_POINT('',(-3.883861829738E0,4.203174764170E-1,9.572284168070E0));
#580=CARTESIAN_POINT('',(-3.8E0,0.E0,9.814954576224E0));
#582=DIRECTION('',(-3.266254524165E-1,0.E0,-9.451538572284E-1));
#583=VECTOR('',#582,2.449288608960E0);
#584=CARTESIAN_POINT('',(-3.8E0,0.E0,9.814954576224E0));
#585=LINE('',#584,#583);
#586=DIRECTION('',(-1.E0,0.E0,0.E0));
#587=VECTOR('',#586,2.2E0);
#588=CARTESIAN_POINT('',(-1.6E0,8.5E0,-4.907477288112E0));
#589=LINE('',#588,#587);
#590=DIRECTION('',(-1.E0,0.E0,1.534126361300E-14));
#591=VECTOR('',#590,2.2E0);
#592=CARTESIAN_POINT('',(-1.6E0,1.893814441603E-14,-9.814954576224E0));
#593=LINE('',#592,#591);
#594=DIRECTION('',(-1.E0,0.E0,0.E0));
#595=VECTOR('',#594,2.2E0);
#596=CARTESIAN_POINT('',(-1.6E0,-8.5E0,-4.907477288112E0));
#597=LINE('',#596,#595);
#598=DIRECTION('',(-1.E0,0.E0,0.E0));
#599=VECTOR('',#598,2.2E0);
#600=CARTESIAN_POINT('',(-1.6E0,8.5E0,4.907477288112E0));
#601=LINE('',#600,#599);
#602=DIRECTION('',(-1.E0,0.E0,-1.534126361300E-14));
#603=VECTOR('',#602,2.2E0);
#604=CARTESIAN_POINT('',(-1.6E0,-1.893814219381E-14,9.814954576224E0));
#605=LINE('',#604,#603);
#606=CARTESIAN_POINT('',(-4.6E0,5.35E0,1.038516779638E0));
#607=CARTESIAN_POINT('',(-4.604270785283E0,5.35E0,1.038516779638E0));
#608=CARTESIAN_POINT('',(-4.612813314948E0,5.349991091871E0,1.038672331822E0));
#609=CARTESIAN_POINT('',(-4.625627558083E0,5.350031178451E0,1.039066442743E0));
#610=CARTESIAN_POINT('',(-4.634178933015E0,5.349933189034E0,1.039214522840E0));
#611=CARTESIAN_POINT('',(-4.638449718298E0,5.349933189034E0,1.039214522840E0));
#613=CARTESIAN_POINT('',(-4.638449718298E0,5.349933189034E0,1.039214522840E0));
#614=CARTESIAN_POINT('',(-4.652908245647E0,5.349933189034E0,1.202823245117E0));
#615=CARTESIAN_POINT('',(-4.690811949262E0,5.350025578065E0,1.536926773773E0));
#616=CARTESIAN_POINT('',(-4.776577152828E0,5.350010693222E0,2.059758756127E0));
#617=CARTESIAN_POINT('',(-4.852929328622E0,5.349957997104E0,2.420333263103E0));
#618=CARTESIAN_POINT('',(-4.895986380395E0,5.349957997104E0,2.603821712662E0));
#620=CARTESIAN_POINT('',(-4.945911618668E0,5.349993349012E0,2.603837735809E0));
#621=CARTESIAN_POINT('',(-4.995371699342E0,5.349993349012E0,2.421262573466E0));
#622=CARTESIAN_POINT('',(-5.085058615181E0,5.349987716349E0,2.061926643135E0));
#623=CARTESIAN_POINT('',(-5.191653591422E0,5.350052969261E0,1.539331641813E0));
#624=CARTESIAN_POINT('',(-5.244073544456E0,5.349884594159E0,1.203849829527E0));
#625=CARTESIAN_POINT('',(-5.265749960488E0,5.349884594159E0,1.039200894066E0));
#627=CARTESIAN_POINT('',(-5.388459377670E0,5.349926146152E0,1.039210306409E0));
#628=CARTESIAN_POINT('',(-5.402984379494E0,5.349926146152E0,1.203048885024E0));
#629=CARTESIAN_POINT('',(-5.441027650301E0,5.350033587345E0,1.537448982152E0));
#630=CARTESIAN_POINT('',(-5.526553384445E0,5.349993225065E0,2.060204917250E0));
#631=CARTESIAN_POINT('',(-5.602911476423E0,5.349993416619E0,2.420541467594E0));
#632=CARTESIAN_POINT('',(-5.645953414279E0,5.349993416619E0,2.603835855750E0));
#634=CARTESIAN_POINT('',(-5.695793349342E0,5.349957621058E0,2.603816242482E0));
#635=CARTESIAN_POINT('',(-5.745702046867E0,5.349957621058E0,2.419817611055E0));
#636=CARTESIAN_POINT('',(-5.835708038310E0,5.349988965611E0,2.058590449163E0));
#637=CARTESIAN_POINT('',(-5.941084577914E0,5.350102188775E0,1.542639191738E0));
#638=CARTESIAN_POINT('',(-5.993894902637E0,5.349768915784E0,1.205296350499E0));
#639=CARTESIAN_POINT('',(-6.015665521644E0,5.349768915784E0,1.039170029651E0));
#641=CARTESIAN_POINT('',(-6.138485892996E0,5.349783983661E0,1.039174709183E0));
#642=CARTESIAN_POINT('',(-6.153071174662E0,5.349783983661E0,1.202940035078E0));
#643=CARTESIAN_POINT('',(-6.191233315540E0,5.350097994862E0,1.537257039225E0));
#644=CARTESIAN_POINT('',(-6.276846175572E0,5.349981042491E0,2.059985550060E0));
#645=CARTESIAN_POINT('',(-6.353051370452E0,5.349978904280E0,2.420448691916E0));
#646=CARTESIAN_POINT('',(-6.395999023207E0,5.349978904280E0,2.603825909027E0));
#648=CARTESIAN_POINT('',(-6.445704896104E0,5.349930622797E0,2.603798491016E0));
#649=CARTESIAN_POINT('',(-6.495175247992E0,5.349930622797E0,2.420927713775E0));
#650=CARTESIAN_POINT('',(-6.584696797663E0,5.350030866199E0,2.061151452465E0));
#651=CARTESIAN_POINT('',(-6.691719793779E0,5.349996034107E0,1.538597642709E0));
#652=CARTESIAN_POINT('',(-6.744098375358E0,5.349988676284E0,1.203556781660E0));
#653=CARTESIAN_POINT('',(-6.765766972294E0,5.349988676284E0,1.039226484228E0));
#655=CARTESIAN_POINT('',(-6.888557002720E0,5.349945222657E0,1.039219922681E0));
#656=CARTESIAN_POINT('',(-6.903011120650E0,5.349945222657E0,1.202984857790E0));
#657=CARTESIAN_POINT('',(-6.941382797954E0,5.350022944983E0,1.537028864811E0));
#658=CARTESIAN_POINT('',(-7.025143113250E0,5.350001858573E0,2.060938734852E0));
#659=CARTESIAN_POINT('',(-7.105871424865E0,5.349980366673E0,2.418571183822E0));
#660=CARTESIAN_POINT('',(-7.149809111053E0,5.349980366673E0,2.605484972653E0));
#662=CARTESIAN_POINT('',(-7.149809111053E0,5.349980366673E0,2.605484972653E0));
#663=CARTESIAN_POINT('',(-7.230721065987E0,5.349980366673E0,2.285245073341E0));
#664=CARTESIAN_POINT('',(-7.366732162779E0,5.350009162219E0,1.672909012399E0));
#665=CARTESIAN_POINT('',(-7.476421058282E0,5.349997382223E0,8.104308809080E-1));
#666=CARTESIAN_POINT('',(-7.5E0,5.35E0,2.648079322811E-1));
#667=CARTESIAN_POINT('',(-7.5E0,5.35E0,0.E0));
#669=CARTESIAN_POINT('',(-7.5E0,5.35E0,0.E0));
#670=CARTESIAN_POINT('',(-7.5E0,5.35E0,-2.513888966431E-1));
#671=CARTESIAN_POINT('',(-7.479317696406E0,5.349991598334E0,
-7.647202379018E-1));
#672=CARTESIAN_POINT('',(-7.381892649569E0,5.350029405832E0,-1.560423159465E0));
#673=CARTESIAN_POINT('',(-7.269869005955E0,5.349936987504E0,-2.119949504476E0));
#674=CARTESIAN_POINT('',(-7.202139616237E0,5.349936987504E0,-2.405966948017E0));
#676=CARTESIAN_POINT('',(-7.202139616237E0,5.349936987504E0,-2.405966948017E0));
#677=CARTESIAN_POINT('',(-7.161645632783E0,5.349936987504E0,-2.247183763209E0));
#678=CARTESIAN_POINT('',(-7.087935371818E0,5.350004272787E0,-1.934197055686E0));
#679=CARTESIAN_POINT('',(-6.998520818339E0,5.350079563989E0,-1.477786011340E0));
#680=CARTESIAN_POINT('',(-6.953346003327E0,5.349811502167E0,-1.183747448744E0));
#681=CARTESIAN_POINT('',(-6.934254303736E0,5.349811502167E0,-1.039179967604E0));
#683=CARTESIAN_POINT('',(-6.811463752976E0,5.349782375214E0,-1.039175731619E0));
#684=CARTESIAN_POINT('',(-6.797049093220E0,5.349782375214E0,-1.202875625769E0));
#685=CARTESIAN_POINT('',(-6.759085271735E0,5.350095942007E0,-1.537099673386E0));
#686=CARTESIAN_POINT('',(-6.673467996378E0,5.349990640153E0,-2.059843553633E0));
#687=CARTESIAN_POINT('',(-6.597072555451E0,5.349957878304E0,-2.420385219790E0));
#688=CARTESIAN_POINT('',(-6.553933812174E0,5.349957878304E0,-2.603820359823E0));
#690=CARTESIAN_POINT('',(-6.504112265607E0,5.349985937966E0,-2.603831665034E0));
#691=CARTESIAN_POINT('',(-6.454824970030E0,5.349985937966E0,-2.422031537886E0));
#692=CARTESIAN_POINT('',(-6.365307674403E0,5.349998540485E0,-2.063705244798E0));
#693=CARTESIAN_POINT('',(-6.258120301698E0,5.350026201352E0,-1.537841333608E0));
#694=CARTESIAN_POINT('',(-6.205929153119E0,5.349939836522E0,-1.203205857213E0));
#695=CARTESIAN_POINT('',(-6.184380323447E0,5.349939836522E0,-1.039213771827E0));
#697=CARTESIAN_POINT('',(-6.061572243870E0,5.349989923714E0,-1.039225933520E0));
#698=CARTESIAN_POINT('',(-6.047048990513E0,5.349989923714E0,-1.202731863858E0));
#699=CARTESIAN_POINT('',(-6.009024006065E0,5.349994989928E0,-1.536683771945E0));
#700=CARTESIAN_POINT('',(-5.923075272287E0,5.350032649681E0,-2.059406509370E0));
#701=CARTESIAN_POINT('',(-5.846886670866E0,5.349927157458E0,-2.420196908708E0));
#702=CARTESIAN_POINT('',(-5.803836776777E0,5.349927157458E0,-2.603804590102E0));
#704=CARTESIAN_POINT('',(-5.754117634051E0,5.349984045342E0,-2.603828476254E0));
#705=CARTESIAN_POINT('',(-5.708733032409E0,5.349984045342E0,-2.436278662898E0));
#706=CARTESIAN_POINT('',(-5.623003932971E0,5.349995306937E0,-2.097067533635E0));
#707=CARTESIAN_POINT('',(-5.509913634627E0,5.350040357709E0,-1.550523602218E0));
#708=CARTESIAN_POINT('',(-5.456535020672E0,5.349908960721E0,-1.208543529475E0));
#709=CARTESIAN_POINT('',(-5.434271005354E0,5.349908960721E0,-1.039206178739E0));
#711=CARTESIAN_POINT('',(-5.311531807690E0,5.349908669950E0,-1.039207120052E0));
#712=CARTESIAN_POINT('',(-5.296781236986E0,5.349908669950E0,-1.205919208777E0));
#713=CARTESIAN_POINT('',(-5.258444921917E0,5.350040455138E0,-1.544426898487E0));
#714=CARTESIAN_POINT('',(-5.167662516556E0,5.349995402090E0,-2.090737547235E0));
#715=CARTESIAN_POINT('',(-5.093985589394E0,5.349983758364E0,-2.433602834248E0));
#716=CARTESIAN_POINT('',(-5.054015626791E0,5.349983758364E0,-2.603834989565E0));
#718=CARTESIAN_POINT('',(-5.004067053867E0,5.349999856773E0,-2.603842141969E0));
#719=CARTESIAN_POINT('',(-4.954633478423E0,5.349999856773E0,-2.421251774573E0));
#720=CARTESIAN_POINT('',(-4.865003047379E0,5.349987862876E0,-2.061891254764E0));
#721=CARTESIAN_POINT('',(-4.758371074104E0,5.350042694775E0,-1.539294866093E0));
#722=CARTESIAN_POINT('',(-4.705936128125E0,5.349908470275E0,-1.203838555033E0));
#723=CARTESIAN_POINT('',(-4.684238686179E0,5.349908470275E0,-1.039206437894E0));
#725=CARTESIAN_POINT('',(-4.684238686179E0,5.349908470275E0,-1.039206437894E0));
#726=CARTESIAN_POINT('',(-4.674878833491E0,5.349908470275E0,-1.039206437894E0));
#727=CARTESIAN_POINT('',(-4.656168725322E0,5.350046125879E0,-1.039014242638E0));
#728=CARTESIAN_POINT('',(-4.628078888159E0,5.349975854010E0,-1.038498966396E0));
#729=CARTESIAN_POINT('',(-4.609359852688E0,5.350025590057E0,-1.038303970104E0));
#730=CARTESIAN_POINT('',(-4.6E0,5.350025590057E0,-1.038303970104E0));
#732=CARTESIAN_POINT('',(-4.599999999996E0,4.746240123150E0,2.678317285700E0));
#733=CARTESIAN_POINT('',(-4.599999999996E0,4.595170955051E0,2.971661518232E0));
#734=CARTESIAN_POINT('',(-4.600000000002E0,4.243444195025E0,3.526345130745E0));
#735=CARTESIAN_POINT('',(-4.599999999999E0,3.552316202757E0,4.272502373321E0));
#736=CARTESIAN_POINT('',(-4.6E0,2.720716459536E0,4.891434952202E0));
#737=CARTESIAN_POINT('',(-4.6E0,1.745166694750E0,5.361429248300E0));
#738=CARTESIAN_POINT('',(-4.6E0,6.939872288394E-1,5.635748796276E0));
#739=CARTESIAN_POINT('',(-4.6E0,-3.908700954579E-1,5.700803860057E0));
#740=CARTESIAN_POINT('',(-4.6E0,-1.382446444156E0,5.578893870139E0));
#741=CARTESIAN_POINT('',(-4.6E0,-2.381408593033E0,5.279116459818E0));
#742=CARTESIAN_POINT('',(-4.6E0,-3.389355759097E0,4.746345668359E0));
#743=CARTESIAN_POINT('',(-4.6E0,-4.227494062494E0,4.067192278675E0));
#744=CARTESIAN_POINT('',(-4.6E0,-4.915870790485E0,3.270573570836E0));
#745=CARTESIAN_POINT('',(-4.6E0,-5.475058809684E0,2.317738093347E0));
#746=CARTESIAN_POINT('',(-4.6E0,-5.727763098835E0,1.608469542640E0));
#747=CARTESIAN_POINT('',(-4.6E0,-5.821187529258E0,1.231371491148E0));
#749=CARTESIAN_POINT('',(-4.638449718298E0,5.349933189034E0,1.039214522840E0));
#750=CARTESIAN_POINT('',(-4.634201056791E0,5.313005424364E0,1.229734359800E0));
#751=CARTESIAN_POINT('',(-4.625659166599E0,5.218497808350E0,1.607351886842E0));
#752=CARTESIAN_POINT('',(-4.612830497931E0,5.016707691761E0,2.156362516352E0));
#753=CARTESIAN_POINT('',(-4.604381909100E0,4.842693115980E0,2.507590396174E0));
#754=CARTESIAN_POINT('',(-4.599999999996E0,4.746240123150E0,2.678317285700E0));
#756=CARTESIAN_POINT('',(-4.6E0,-5.820427437955E0,-1.234959286573E0));
#757=CARTESIAN_POINT('',(-4.602802570230E0,-5.849116259599E0,
-1.099747375969E0));
#758=CARTESIAN_POINT('',(-4.608296563712E0,-5.897056845631E0,
-8.273211271513E-1));
#759=CARTESIAN_POINT('',(-4.616670056384E0,-5.940399455766E0,
-4.146691496982E-1));
#760=CARTESIAN_POINT('',(-4.622192727430E0,-5.949921849098E0,
-1.382219963370E-1));
#761=CARTESIAN_POINT('',(-4.624953132190E0,-5.949921835815E0,
1.429395381794E-6));
#763=CARTESIAN_POINT('',(-4.624953132190E0,-5.949921835815E0,
1.429395381794E-6));
#764=CARTESIAN_POINT('',(-4.632552327182E0,-5.949921799247E0,3.8052054E-1));
#765=CARTESIAN_POINT('',(-4.647959139135E0,-5.877010709987E0,1.142013812816E0));
#766=CARTESIAN_POINT('',(-4.670921356771E0,-5.548977751898E0,2.247613686110E0));
#767=CARTESIAN_POINT('',(-4.693818353130E0,-5.018667485125E0,3.262930803694E0));
#768=CARTESIAN_POINT('',(-4.716543706926E0,-4.310482210145E0,4.154142658760E0));
#769=CARTESIAN_POINT('',(-4.739492329089E0,-3.437614460107E0,4.901377528888E0));
#770=CARTESIAN_POINT('',(-4.762370297290E0,-2.440910522037E0,5.466433571595E0));
#771=CARTESIAN_POINT('',(-4.785334283515E0,-1.350768279140E0,5.832406178453E0));
#772=CARTESIAN_POINT('',(-4.808230462938E0,-2.140674798197E-1,
5.982639392527E0));
#773=CARTESIAN_POINT('',(-4.831091579927E0,9.286399889179E-1,5.914139525360E0));
#774=CARTESIAN_POINT('',(-4.854008356598E0,2.040153728267E0,5.628227130476E0));
#775=CARTESIAN_POINT('',(-4.876878509081E0,3.074169864163E0,5.136937084992E0));
#776=CARTESIAN_POINT('',(-4.899819854087E0,4.000386412725E0,4.454668946998E0));
#777=CARTESIAN_POINT('',(-4.923056519436E0,4.783848188030E0,3.600200424636E0));
#778=CARTESIAN_POINT('',(-4.938187760184E0,5.183351539378E0,2.946229144166E0));
#779=CARTESIAN_POINT('',(-4.945911618668E0,5.349993349012E0,2.603837735809E0));
#781=DIRECTION('',(9.999996977974E-1,-7.080967156344E-4,-3.209427309283E-4));
#782=VECTOR('',#781,4.992525336037E-2);
#783=CARTESIAN_POINT('',(-4.945911618668E0,5.349993349012E0,2.603837735809E0));
#784=LINE('',#783,#782);
#785=CARTESIAN_POINT('',(-4.895986380395E0,5.349957997104E0,2.603821712662E0));
#786=CARTESIAN_POINT('',(-4.888414288158E0,5.184557306448E0,2.943663049847E0));
#787=CARTESIAN_POINT('',(-4.873167399748E0,4.789103213533E0,3.591975126841E0));
#788=CARTESIAN_POINT('',(-4.850541985629E0,4.017936602379E0,4.437080000824E0));
#789=CARTESIAN_POINT('',(-4.827649709346E0,3.109446578933E0,5.115609692592E0));
#790=CARTESIAN_POINT('',(-4.804935761435E0,2.071879712765E0,5.616344984441E0));
#791=CARTESIAN_POINT('',(-4.782098120518E0,9.823194567735E-1,5.903981710414E0));
#792=CARTESIAN_POINT('',(-4.759827198605E0,-1.444937808216E-1,
5.984052366150E0));
#793=CARTESIAN_POINT('',(-4.736921655950E0,-1.273637671321E0,5.849223629557E0));
#794=CARTESIAN_POINT('',(-4.714196247855E0,-2.364014259271E0,5.500043612146E0));
#795=CARTESIAN_POINT('',(-4.691190125022E0,-3.368253294547E0,4.949044904813E0));
#796=CARTESIAN_POINT('',(-4.668443117763E0,-4.248680997639E0,4.217406105915E0));
#797=CARTESIAN_POINT('',(-4.645567124678E0,-4.972453271291E0,3.332989831953E0));
#798=CARTESIAN_POINT('',(-4.622817576021E0,-5.513540929748E0,2.331449932210E0));
#799=CARTESIAN_POINT('',(-4.607555631652E0,-5.742481634304E0,1.603445863081E0));
#800=CARTESIAN_POINT('',(-4.6E0,-5.821187529258E0,1.231371491148E0));
#802=DIRECTION('',(9.999999397261E-1,-3.386210451103E-4,-7.670431465754E-5));
#803=VECTOR('',#802,1.227094245772E-1);
#804=CARTESIAN_POINT('',(-5.388459377670E0,5.349926146152E0,1.039210306409E0));
#805=LINE('',#804,#803);
#806=CARTESIAN_POINT('',(-5.265749960488E0,5.349884594159E0,1.039200894066E0));
#807=CARTESIAN_POINT('',(-5.257792638122E0,5.280788156355E0,1.394915606606E0));
#808=CARTESIAN_POINT('',(-5.241983342538E0,5.071433035022E0,2.092537593479E0));
#809=CARTESIAN_POINT('',(-5.218145850519E0,4.556172185353E0,3.056034416051E0));
#810=CARTESIAN_POINT('',(-5.194340444287E0,3.860268756278E0,3.898280544805E0));
#811=CARTESIAN_POINT('',(-5.170525958962E0,3.011087977137E0,4.586028231123E0));
#812=CARTESIAN_POINT('',(-5.146713945460E0,2.042691001721E0,5.091746419484E0));
#813=CARTESIAN_POINT('',(-5.122901833242E0,9.930157015804E-1,5.395598839445E0));
#814=CARTESIAN_POINT('',(-5.099090829428E0,-9.570374846116E-2,
5.485389762766E0));
#815=CARTESIAN_POINT('',(-5.075281139487E0,-1.180864484206E0,5.357644704128E0));
#816=CARTESIAN_POINT('',(-5.051473217357E0,-2.218875703317E0,5.017508828222E0));
#817=CARTESIAN_POINT('',(-5.027667483697E0,-3.169007681233E0,4.478429730462E0));
#818=CARTESIAN_POINT('',(-5.003864313079E0,-3.993332105883E0,3.761936233116E0));
#819=CARTESIAN_POINT('',(-4.980064170754E0,-4.659335511191E0,2.896471009922E0));
#820=CARTESIAN_POINT('',(-4.956267388404E0,-5.140684099231E0,1.916292829662E0));
#821=CARTESIAN_POINT('',(-4.932474470609E0,-5.418324868255E0,
8.605510176698E-1));
#822=CARTESIAN_POINT('',(-4.908685713617E0,-5.481425440386E0,
-2.293161555437E-1));
#823=CARTESIAN_POINT('',(-4.884901635663E0,-5.327606744735E0,
-1.309603375227E0));
#824=CARTESIAN_POINT('',(-4.861122533414E0,-4.962991745703E0,
-2.338152798142E0));
#825=CARTESIAN_POINT('',(-4.837348901085E0,-4.402342005753E0,
-3.273733883744E0));
#826=CARTESIAN_POINT('',(-4.813581067302E0,-3.667697115044E0,
-4.079915850939E0));
#827=CARTESIAN_POINT('',(-4.789819475682E0,-2.788508117726E0,
-4.724566137450E0));
#828=CARTESIAN_POINT('',(-4.766064523106E0,-1.799387035808E0,
-5.182590543118E0));
#829=CARTESIAN_POINT('',(-4.742316501355E0,-7.395906405001E-1,
-5.435951085252E0));
#830=CARTESIAN_POINT('',(-4.718576223875E0,3.489649302921E-1,
-5.474894705278E0));
#831=CARTESIAN_POINT('',(-4.694842550028E0,1.423549463014E0,-5.298043967547E0));
#832=CARTESIAN_POINT('',(-4.671121470503E0,2.441482785933E0,-4.912692613411E0));
#833=CARTESIAN_POINT('',(-4.647392657727E0,3.363202821379E0,-4.334032961425E0));
#834=CARTESIAN_POINT('',(-4.623733524308E0,4.152087372067E0,-3.585336047380E0));
#835=CARTESIAN_POINT('',(-4.607816058538E0,4.569145622191E0,-2.992404265283E0));
#836=CARTESIAN_POINT('',(-4.6E0,4.746369705348E0,-2.678334607430E0));
#838=CARTESIAN_POINT('',(-5.388459377670E0,5.349926146152E0,1.039210306409E0));
#839=CARTESIAN_POINT('',(-5.380360251263E0,5.279220823318E0,1.403207422827E0));
#840=CARTESIAN_POINT('',(-5.364032322018E0,5.063232161686E0,2.116705486253E0));
#841=CARTESIAN_POINT('',(-5.339700436793E0,4.529005692100E0,3.099188229465E0));
#842=CARTESIAN_POINT('',(-5.315329682899E0,3.806936410306E0,3.952720571844E0));
#843=CARTESIAN_POINT('',(-5.290979099624E0,2.927002560334E0,4.642102620958E0));
#844=CARTESIAN_POINT('',(-5.266638865365E0,1.926482663270E0,5.138553239123E0));
#845=CARTESIAN_POINT('',(-5.242317436845E0,8.466924760823E-1,5.422052078286E0));
#846=CARTESIAN_POINT('',(-5.218018583730E0,-2.667978166939E-1,
5.481203519589E0));
#847=CARTESIAN_POINT('',(-5.193745924403E0,-1.368279823287E0,5.314309087742E0));
#848=CARTESIAN_POINT('',(-5.169503871904E0,-2.411967134262E0,4.929029694903E0));
#849=CARTESIAN_POINT('',(-5.145300129167E0,-3.355081849893E0,4.342256990970E0));
#850=CARTESIAN_POINT('',(-5.121137215193E0,-4.159537877365E0,3.578922472737E0));
#851=CARTESIAN_POINT('',(-5.097010802052E0,-4.793183084927E0,2.671117570919E0));
#852=CARTESIAN_POINT('',(-5.072907691265E0,-5.231531861880E0,1.655395702012E0));
#853=CARTESIAN_POINT('',(-5.048794496715E0,-5.457342259312E0,
5.722483761133E-1));
#854=CARTESIAN_POINT('',(-5.024651551704E0,-5.461154541199E0,
-5.358580190365E-1));
#855=CARTESIAN_POINT('',(-5.000467095964E0,-5.241776818943E0,
-1.623745618831E0));
#856=CARTESIAN_POINT('',(-4.976239395594E0,-4.806940858715E0,
-2.647159800343E0));
#857=CARTESIAN_POINT('',(-4.951979304052E0,-4.173745824648E0,
-3.562971676820E0));
#858=CARTESIAN_POINT('',(-4.927691780272E0,-3.367769565687E0,
-4.332892079796E0));
#859=CARTESIAN_POINT('',(-4.903379540067E0,-2.421661347897E0,
-4.924626684328E0));
#860=CARTESIAN_POINT('',(-4.879047103013E0,-1.374733139891E0,
-5.312910951623E0));
#861=CARTESIAN_POINT('',(-4.854699296117E0,-2.698754366550E-1,
-5.481274407245E0));
#862=CARTESIAN_POINT('',(-4.830340929633E0,8.463698009872E-1,
-5.422265404481E0));
#863=CARTESIAN_POINT('',(-4.805976042356E0,1.928017545933E0,-5.138104077700E0));
#864=CARTESIAN_POINT('',(-4.781610898325E0,2.929482641707E0,-4.640606358497E0));
#865=CARTESIAN_POINT('',(-4.757244305946E0,3.809268867828E0,-3.950488210970E0));
#866=CARTESIAN_POINT('',(-4.732902949295E0,4.530701339398E0,-3.096631212767E0));
#867=CARTESIAN_POINT('',(-4.708508786126E0,5.063868968150E0,-2.114938971666E0));
#868=CARTESIAN_POINT('',(-4.692419908208E0,5.279337146370E0,-1.402516106559E0));
#869=CARTESIAN_POINT('',(-4.684238686179E0,5.349908470275E0,-1.039206437894E0));
#871=CARTESIAN_POINT('',(-5.645953414279E0,5.349993416619E0,2.603835855750E0));
#872=CARTESIAN_POINT('',(-5.638403677060E0,5.183472017518E0,2.945980008540E0));
#873=CARTESIAN_POINT('',(-5.622959712072E0,4.784579244847E0,3.598728017503E0));
#874=CARTESIAN_POINT('',(-5.600018132701E0,4.005871902322E0,4.449268868546E0));
#875=CARTESIAN_POINT('',(-5.577113803583E0,3.084691005335E0,5.130148364348E0));
#876=CARTESIAN_POINT('',(-5.554390524234E0,2.057910098019E0,5.621579286379E0));
#877=CARTESIAN_POINT('',(-5.531441718968E0,9.460790220841E-1,5.911482394888E0));
#878=CARTESIAN_POINT('',(-5.508563624115E0,-1.974099804643E-1,
5.983392541008E0));
#879=CARTESIAN_POINT('',(-5.485599359785E0,-1.337792747462E0,5.835395918645E0));
#880=CARTESIAN_POINT('',(-5.462703522310E0,-2.425598137894E0,5.473047687361E0));
#881=CARTESIAN_POINT('',(-5.439842860701E0,-3.423090380244E0,4.911403154285E0));
#882=CARTESIAN_POINT('',(-5.416924911556E0,-4.297429051764E0,4.167887866865E0));
#883=CARTESIAN_POINT('',(-5.394056596570E0,-5.012179880758E0,3.273635420171E0));
#884=CARTESIAN_POINT('',(-5.371110104878E0,-5.546413836787E0,2.254863104599E0));
#885=CARTESIAN_POINT('',(-5.347886812863E0,-5.876988300767E0,1.143654644162E0));
#886=CARTESIAN_POINT('',(-5.332732664610E0,-5.949943869540E0,
3.807939403734E-1));
#887=CARTESIAN_POINT('',(-5.325059650033E0,-5.949943832493E0,
-1.447254006650E-6));
#889=CARTESIAN_POINT('',(-5.325059650033E0,-5.949943832493E0,
-1.447254006650E-6));
#890=CARTESIAN_POINT('',(-5.317392191249E0,-5.949943795472E0,
-3.805211126797E-1));
#891=CARTESIAN_POINT('',(-5.302077168014E0,-5.876999706028E0,
-1.142018641864E0));
#892=CARTESIAN_POINT('',(-5.279065397988E0,-5.548979676582E0,
-2.247614409201E0));
#893=CARTESIAN_POINT('',(-5.256185969364E0,-5.018669638300E0,
-3.262925928275E0));
#894=CARTESIAN_POINT('',(-5.233455194278E0,-4.310485599219E0,
-4.154140007928E0));
#895=CARTESIAN_POINT('',(-5.210507898700E0,-3.437610813254E0,
-4.901380498479E0));
#896=CARTESIAN_POINT('',(-5.187629532553E0,-2.440906775469E0,
-5.466434827782E0));
#897=CARTESIAN_POINT('',(-5.164665777328E0,-1.350768854554E0,
-5.832406244849E0));
#898=CARTESIAN_POINT('',(-5.141769290726E0,-2.140609072182E-1,
-5.982639728371E0));
#899=CARTESIAN_POINT('',(-5.118908858646E0,9.286400849561E-1,
-5.914139040449E0));
#900=CARTESIAN_POINT('',(-5.095990020781E0,2.040151447074E0,-5.628227999727E0));
#901=CARTESIAN_POINT('',(-5.073127491775E0,3.074166007459E0,-5.136938762515E0));
#902=CARTESIAN_POINT('',(-5.050161153982E0,4.000381209389E0,-4.454675083658E0));
#903=CARTESIAN_POINT('',(-5.026998960686E0,4.783844347968E0,-3.600199815881E0));
#904=CARTESIAN_POINT('',(-5.011721507574E0,5.183356957545E0,-2.946235784067E0));
#905=CARTESIAN_POINT('',(-5.004067053867E0,5.349999856773E0,-2.603842141969E0));
#907=DIRECTION('',(-9.999999378090E-1,-3.222996596318E-4,1.431953611454E-4));
#908=VECTOR('',#907,4.994857603077E-2);
#909=CARTESIAN_POINT('',(-5.004067053867E0,5.349999856773E0,-2.603842141969E0));
#910=LINE('',#909,#908);
#911=CARTESIAN_POINT('',(-5.054015626791E0,5.349983758364E0,-2.603834989565E0));
#912=CARTESIAN_POINT('',(-5.061693151104E0,5.180953542722E0,-2.951133742925E0));
#913=CARTESIAN_POINT('',(-5.077387918311E0,4.775346772689E0,-3.612934831808E0));
#914=CARTESIAN_POINT('',(-5.100648321786E0,3.981346910306E0,-4.472142545472E0));
#915=CARTESIAN_POINT('',(-5.123806697396E0,3.045932273167E0,-5.155310648584E0));
#916=CARTESIAN_POINT('',(-5.147329451174E0,1.977563182445E0,-5.652909651398E0));
#917=CARTESIAN_POINT('',(-5.170844176269E0,8.328780172770E-1,
-5.930350238590E0));
#918=CARTESIAN_POINT('',(-5.194258584485E0,-3.388736163468E-1,
-5.978017403940E0));
#919=CARTESIAN_POINT('',(-5.217248777754E0,-1.476482163061E0,
-5.801564276816E0));
#920=CARTESIAN_POINT('',(-5.240229863887E0,-2.560163321869E0,
-5.412872494739E0));
#921=CARTESIAN_POINT('',(-5.263648684945E0,-3.565133256876E0,
-4.810582599895E0));
#922=CARTESIAN_POINT('',(-5.286563964224E0,-4.419750067393E0,
-4.038584517182E0));
#923=CARTESIAN_POINT('',(-5.310039761813E0,-5.118444218782E0,
-3.107978920473E0));
#924=CARTESIAN_POINT('',(-5.325203524027E0,-5.457308080187E0,
-2.402558445006E0));
#925=CARTESIAN_POINT('',(-5.333140710510E0,-5.591092226353E0,
-2.034990885234E0));
#927=CARTESIAN_POINT('',(-5.333140710510E0,-5.591092226353E0,
-2.034990885234E0));
#928=CARTESIAN_POINT('',(-5.337847460385E0,-5.670023027889E0,
-1.818131093225E0));
#929=CARTESIAN_POINT('',(-5.347192873508E0,-5.802720396096E0,
-1.375271472517E0));
#930=CARTESIAN_POINT('',(-5.361226844454E0,-5.923152505012E0,
-6.923121404981E-1));
#931=CARTESIAN_POINT('',(-5.370234353827E0,-5.949903429089E0,
-2.307690790315E-1));
#932=CARTESIAN_POINT('',(-5.374748416842E0,-5.949903366137E0,
4.041120793537E-6));
#934=CARTESIAN_POINT('',(-5.374748416842E0,-5.949903366137E0,
4.041120793537E-6));
#935=CARTESIAN_POINT('',(-5.382191464829E0,-5.949903262338E0,
3.805160991222E-1));
#936=CARTESIAN_POINT('',(-5.398178373658E0,-5.877022795229E0,1.141979135458E0));
#937=CARTESIAN_POINT('',(-5.420844633936E0,-5.549000960866E0,2.247547860799E0));
#938=CARTESIAN_POINT('',(-5.443840323482E0,-5.018705243456E0,3.262876305923E0));
#939=CARTESIAN_POINT('',(-5.466536320478E0,-4.310511799269E0,4.154112825047E0));
#940=CARTESIAN_POINT('',(-5.489493438402E0,-3.437641995412E0,4.901360911654E0));
#941=CARTESIAN_POINT('',(-5.512370065431E0,-2.440900474028E0,5.466438902758E0));
#942=CARTESIAN_POINT('',(-5.535334350042E0,-1.350774052948E0,5.832404543486E0));
#943=CARTESIAN_POINT('',(-5.558230336307E0,-2.140571155468E-1,
5.982639979606E0));
#944=CARTESIAN_POINT('',(-5.581092645346E0,9.286330909767E-1,5.914139843449E0));
#945=CARTESIAN_POINT('',(-5.604003802542E0,2.040150875204E0,5.628228425765E0));
#946=CARTESIAN_POINT('',(-5.626894578656E0,3.074169160700E0,5.136938476196E0));
#947=CARTESIAN_POINT('',(-5.649767415239E0,4.000377770476E0,4.454670653157E0));
#948=CARTESIAN_POINT('',(-5.673210166634E0,4.783871298482E0,3.600203135974E0));
#949=CARTESIAN_POINT('',(-5.687933322399E0,5.183319432338E0,2.946200357735E0));
#950=CARTESIAN_POINT('',(-5.695793349342E0,5.349957621058E0,2.603816242482E0));
#952=DIRECTION('',(9.999996646560E-1,7.182101912777E-4,3.935250209642E-4));
#953=VECTOR('',#952,4.983995177581E-2);
#954=CARTESIAN_POINT('',(-5.695793349342E0,5.349957621058E0,2.603816242482E0));
#955=LINE('',#954,#953);
#956=DIRECTION('',(4.999504398516E-1,-8.138235032775E-1,-2.962108424844E-1));
#957=VECTOR('',#956,5.775917473500E-1);
#958=CARTESIAN_POINT('',(-5.621907958653E0,-5.121034487060E0,
-1.863901947139E0));
#959=LINE('',#958,#957);
#960=DIRECTION('',(-9.999999999678E-1,2.369015910160E-6,7.669216200472E-6));
#961=VECTOR('',#960,1.227391976685E-1);
#962=CARTESIAN_POINT('',(-5.311531807690E0,5.349908669950E0,-1.039207120052E0));
#963=LINE('',#962,#961);
#964=DIRECTION('',(9.999999969601E-1,-7.796246113070E-5,-1.313378555703E-6));
#965=VECTOR('',#964,1.227786139228E-1);
#966=CARTESIAN_POINT('',(-5.744686572202E0,-5.121024914938E0,
-1.863901785884E0));
#967=LINE('',#966,#965);
#968=CARTESIAN_POINT('',(-5.621907958653E0,-5.121034487060E0,
-1.863901947139E0));
#969=CARTESIAN_POINT('',(-5.613819076692E0,-4.996192415242E0,
-2.206947723016E0));
#970=CARTESIAN_POINT('',(-5.598044783545E0,-4.677817938832E0,
-2.867290475979E0));
#971=CARTESIAN_POINT('',(-5.574052735360E0,-4.013659054060E0,
-3.740555012663E0));
#972=CARTESIAN_POINT('',(-5.550192164017E0,-3.190104097185E0,
-4.463680523938E0));
#973=CARTESIAN_POINT('',(-5.526318785750E0,-2.240021565938E0,
-5.008328060310E0));
#974=CARTESIAN_POINT('',(-5.502452345727E0,-1.200584072432E0,
-5.353533143237E0));
#975=CARTESIAN_POINT('',(-5.478565740272E0,-1.124613081161E-1,
-5.485398976103E0));
#976=CARTESIAN_POINT('',(-5.454671469957E0,9.804590035237E-1,
-5.398237245660E0));
#977=CARTESIAN_POINT('',(-5.430786787271E0,2.033931284597E0,-5.095540729508E0));
#978=CARTESIAN_POINT('',(-5.406924067914E0,3.005175724242E0,-4.590152718652E0));
#979=CARTESIAN_POINT('',(-5.383071251193E0,3.856531981745E0,-3.902191584405E0));
#980=CARTESIAN_POINT('',(-5.359232597788E0,4.554083545561E0,-3.059382264320E0));
#981=CARTESIAN_POINT('',(-5.335358784405E0,5.070653416869E0,-2.094616442141E0));
#982=CARTESIAN_POINT('',(-5.319519154457E0,5.280680605343E0,-1.395680187115E0));
#983=CARTESIAN_POINT('',(-5.311531807690E0,5.349908669950E0,-1.039207120052E0));
#985=DIRECTION('',(4.999675615864E-1,8.138143008924E-1,2.962072264892E-1));
#986=VECTOR('',#985,5.776326798570E-1);
#987=CARTESIAN_POINT('',(-6.033484174643E0,-5.591110650468E0,
-2.035000759914E0));
#988=LINE('',#987,#986);
#989=CARTESIAN_POINT('',(-5.744686572202E0,-5.121024914938E0,
-1.863901785884E0));
#990=CARTESIAN_POINT('',(-5.736783445292E0,-4.996181278402E0,
-2.206951489735E0));
#991=CARTESIAN_POINT('',(-5.720633415235E0,-4.677822196917E0,
-2.867290374589E0));
#992=CARTESIAN_POINT('',(-5.696792382130E0,-4.013656779698E0,
-3.740556369423E0));
#993=CARTESIAN_POINT('',(-5.672891343858E0,-3.190103244880E0,
-4.463681306347E0));
#994=CARTESIAN_POINT('',(-5.649028806551E0,-2.240020024411E0,
-5.008328738115E0));
#995=CARTESIAN_POINT('',(-5.625159456923E0,-1.200582453441E0,
-5.353533512908E0));
#996=CARTESIAN_POINT('',(-5.601273635664E0,-1.124595036048E-1,
-5.485399022133E0));
#997=CARTESIAN_POINT('',(-5.577379123939E0,9.804608818038E-1,
-5.398236911456E0));
#998=CARTESIAN_POINT('',(-5.553494608621E0,2.033933142590E0,-5.095539990516E0));
#999=CARTESIAN_POINT('',(-5.529631449692E0,3.005177452668E0,-4.590151602896E0));
#1000=CARTESIAN_POINT('',(-5.505780214866E0,3.856533497731E0,
-3.902190050834E0));
#1001=CARTESIAN_POINT('',(-5.481935666817E0,4.554084714684E0,
-3.059380657451E0));
#1002=CARTESIAN_POINT('',(-5.458083843045E0,5.070654430080E0,
-2.094613675969E0));
#1003=CARTESIAN_POINT('',(-5.442189498725E0,5.280680840456E0,
-1.395679532399E0));
#1004=CARTESIAN_POINT('',(-5.434271005354E0,5.349908960721E0,
-1.039206178739E0));
#1006=CARTESIAN_POINT('',(-6.395999023207E0,5.349978904280E0,2.603825909027E0));
#1007=CARTESIAN_POINT('',(-6.388183550934E0,5.183459237022E0,2.945966533080E0));
#1008=CARTESIAN_POINT('',(-6.373097347903E0,4.784583331060E0,3.598738247866E0));
#1009=CARTESIAN_POINT('',(-6.349969164796E0,4.005857287837E0,4.449279170564E0));
#1010=CARTESIAN_POINT('',(-6.327128895315E0,3.084684090287E0,5.130152128710E0));
#1011=CARTESIAN_POINT('',(-6.304386346507E0,2.057915216629E0,5.621576278439E0));
#1012=CARTESIAN_POINT('',(-6.281443311731E0,9.461009387783E-1,
5.911477687352E0));
#1013=CARTESIAN_POINT('',(-6.258564124606E0,-1.973711014271E-1,
5.983393295082E0));
#1014=CARTESIAN_POINT('',(-6.235600323492E0,-1.337746683092E0,
5.835405009015E0));
#1015=CARTESIAN_POINT('',(-6.212705084759E0,-2.425533132986E0,
5.473076599915E0));
#1016=CARTESIAN_POINT('',(-6.189843228283E0,-3.423049661086E0,
4.911432089955E0));
#1017=CARTESIAN_POINT('',(-6.166928618824E0,-4.297381526140E0,
4.167935193558E0));
#1018=CARTESIAN_POINT('',(-6.144049183518E0,-5.012152261920E0,
3.273683604665E0));
#1019=CARTESIAN_POINT('',(-6.121139716140E0,-5.546378500778E0,
2.254919150430E0));
#1020=CARTESIAN_POINT('',(-6.097801064293E0,-5.877024166569E0,
1.143709892923E0));
#1021=CARTESIAN_POINT('',(-6.082886274405E0,-5.949841944477E0,
3.808421224743E-1));
#1022=CARTESIAN_POINT('',(-6.075129738191E0,-5.949843481784E0,
3.444490840017E-5));
#1024=CARTESIAN_POINT('',(-6.075129738191E0,-5.949843481784E0,
3.444490840017E-5));
#1025=CARTESIAN_POINT('',(-6.070428723387E0,-5.949844413502E0,
-2.307621993666E-1));
#1026=CARTESIAN_POINT('',(-6.061164031523E0,-5.923179986036E0,
-6.923561766491E-1));
#1027=CARTESIAN_POINT('',(-6.047152645842E0,-5.802689811751E0,
-1.375323789335E0));
#1028=CARTESIAN_POINT('',(-6.038050315538E0,-5.670031465985E0,
-1.818167862472E0));
#1029=CARTESIAN_POINT('',(-6.033484174643E0,-5.591110650468E0,
-2.035000759914E0));
#1031=CARTESIAN_POINT('',(-6.033484174643E0,-5.591110650468E0,
-2.035000759914E0));
#1032=CARTESIAN_POINT('',(-6.025816181892E0,-5.458867074293E0,
-2.398336561787E0));
#1033=CARTESIAN_POINT('',(-6.009947725810E0,-5.124089821026E0,
-3.097507537764E0));
#1034=CARTESIAN_POINT('',(-5.987050211829E0,-4.432197046494E0,
-4.024519176706E0));
#1035=CARTESIAN_POINT('',(-5.963975596649E0,-3.579927044356E0,
-4.800182405320E0));
#1036=CARTESIAN_POINT('',(-5.940333468583E0,-2.564936419644E0,
-5.411829655363E0));
#1037=CARTESIAN_POINT('',(-5.917007808511E0,-1.465101152963E0,
-5.805466225991E0));
#1038=CARTESIAN_POINT('',(-5.893827306966E0,-3.172139632334E-1,
-5.979276017673E0));
#1039=CARTESIAN_POINT('',(-5.870570610123E0,8.462947202781E-1,
-5.927489045420E0));
#1040=CARTESIAN_POINT('',(-5.847391822594E0,1.974441094671E0,
-5.652869345471E0));
#1041=CARTESIAN_POINT('',(-5.824103964001E0,3.032163311002E0,
-5.162822631308E0));
#1042=CARTESIAN_POINT('',(-5.801062225348E0,3.967808742137E0,
-4.484351977775E0));
#1043=CARTESIAN_POINT('',(-5.777484709065E0,4.768290674229E0,
-3.623188813573E0));
#1044=CARTESIAN_POINT('',(-5.762034517046E0,5.178843160038E0,
-2.955463810251E0));
#1045=CARTESIAN_POINT('',(-5.754117634051E0,5.349984045342E0,
-2.603828476254E0));
#1047=DIRECTION('',(-9.999992300191E-1,-1.144183834952E-3,4.804212649425E-4));
#1048=VECTOR('',#1047,4.971918100853E-2);
#1049=CARTESIAN_POINT('',(-5.754117634051E0,5.349984045342E0,
-2.603828476254E0));
#1050=LINE('',#1049,#1048);
#1051=CARTESIAN_POINT('',(-5.803836776777E0,5.349927157458E0,
-2.603804590102E0));
#1052=CARTESIAN_POINT('',(-5.811553240019E0,5.183407400519E0,
-2.945945103426E0));
#1053=CARTESIAN_POINT('',(-5.827059999969E0,4.784610919346E0,
-3.598743622250E0));
#1054=CARTESIAN_POINT('',(-5.849977706223E0,4.005848226834E0,
-4.449279555160E0));
#1055=CARTESIAN_POINT('',(-5.872887618281E0,3.084679209534E0,
-5.130157408609E0));
#1056=CARTESIAN_POINT('',(-5.895609522103E0,2.057894354886E0,
-5.621584518632E0));
#1057=CARTESIAN_POINT('',(-5.918558600310E0,9.460668974326E-1,
-5.911484201465E0));
#1058=CARTESIAN_POINT('',(-5.941436575059E0,-1.974211184708E-1,
-5.983392153112E0));
#1059=CARTESIAN_POINT('',(-5.964400802998E0,-1.337801418068E0,
-5.835393499992E0));
#1060=CARTESIAN_POINT('',(-5.987296661287E0,-2.425602258389E0,
-5.473046305565E0));
#1061=CARTESIAN_POINT('',(-6.010157089344E0,-3.423103284238E0,
-4.911394236130E0));
#1062=CARTESIAN_POINT('',(-6.033076630377E0,-4.297434966178E0,
-4.167881944907E0));
#1063=CARTESIAN_POINT('',(-6.055938671788E0,-5.012185227560E0,
-3.273624822106E0));
#1064=CARTESIAN_POINT('',(-6.078906490975E0,-5.546423158118E0,
-2.254855327216E0));
#1065=CARTESIAN_POINT('',(-6.102063511596E0,-5.876960676917E0,
-1.143659408514E0));
#1066=CARTESIAN_POINT('',(-6.117352233622E0,-5.949999977537E0,
-3.807989557175E-1));
#1067=CARTESIAN_POINT('',(-6.124999941631E0,-5.949999977537E0,
6.821931759121E-10));
#1069=CARTESIAN_POINT('',(-6.124999941631E0,-5.949999977537E0,
6.821931759121E-10));
#1070=CARTESIAN_POINT('',(-6.132642105591E0,-5.949999977537E0,
3.805229046911E-1));
#1071=CARTESIAN_POINT('',(-6.147904650639E0,-5.876971951266E0,
1.142026383183E0));
#1072=CARTESIAN_POINT('',(-6.170940165225E0,-5.548986791158E0,
2.247614212080E0));
#1073=CARTESIAN_POINT('',(-6.193812693387E0,-5.018661070195E0,
3.262938403797E0));
#1074=CARTESIAN_POINT('',(-6.216545672969E0,-4.310470886371E0,
4.154154731631E0));
#1075=CARTESIAN_POINT('',(-6.239491936046E0,-3.437611877970E0,
4.901377939113E0));
#1076=CARTESIAN_POINT('',(-6.262370366757E0,-2.440912893558E0,
5.466433383129E0));
#1077=CARTESIAN_POINT('',(-6.285334525596E0,-1.350755223116E0,
5.832409268300E0));
#1078=CARTESIAN_POINT('',(-6.308230448942E0,-2.140681291694E-1,
5.982638621708E0));
#1079=CARTESIAN_POINT('',(-6.331091614680E0,9.286415363134E-1,
5.914139948991E0));
#1080=CARTESIAN_POINT('',(-6.354008644446E0,2.040167864057E0,5.628223115587E0));
#1081=CARTESIAN_POINT('',(-6.376879282353E0,3.074196869001E0,5.136921882636E0));
#1082=CARTESIAN_POINT('',(-6.399818055370E0,4.000371578188E0,4.454669522930E0));
#1083=CARTESIAN_POINT('',(-6.423068168571E0,4.783885776607E0,3.600208601575E0));
#1084=CARTESIAN_POINT('',(-6.438158107771E0,5.183289412962E0,2.946188843249E0));
#1085=CARTESIAN_POINT('',(-6.445704896104E0,5.349930622797E0,2.603798491016E0));
#1087=DIRECTION('',(9.999993761123E-1,9.713430184233E-4,5.516047141781E-4));
#1088=VECTOR('',#1087,4.970590390794E-2);
#1089=CARTESIAN_POINT('',(-6.445704896104E0,5.349930622797E0,2.603798491016E0));
#1090=LINE('',#1089,#1088);
#1091=CARTESIAN_POINT('',(-6.138485892996E0,5.349783983661E0,1.039174709183E0));
#1092=CARTESIAN_POINT('',(-6.131075436951E0,5.283693288248E0,1.379606448095E0));
#1093=CARTESIAN_POINT('',(-6.115475384198E0,5.085639124204E0,2.049491560863E0));
#1094=CARTESIAN_POINT('',(-6.092672155580E0,4.600853433750E0,2.984087009587E0));
#1095=CARTESIAN_POINT('',(-6.069550246410E0,3.941314568760E0,3.812571914934E0));
#1096=CARTESIAN_POINT('',(-6.046661176435E0,3.142672555152E0,4.494110481287E0));
#1097=CARTESIAN_POINT('',(-6.023423800565E0,2.213901095123E0,5.018093445216E0));
#1098=CARTESIAN_POINT('',(-6.000124821650E0,1.198967366049E0,5.352423763572E0));
#1099=CARTESIAN_POINT('',(-5.976683507284E0,1.315489196611E-1,
5.483502867896E0));
#1100=CARTESIAN_POINT('',(-5.953412267020E0,-9.336009412233E-1,
5.404771714761E0));
#1101=CARTESIAN_POINT('',(-5.930105171303E0,-1.963771813712E0,
5.120977425465E0));
#1102=CARTESIAN_POINT('',(-5.906953354606E0,-2.914562952344E0,
4.646132862083E0));
#1103=CARTESIAN_POINT('',(-5.883646987121E0,-3.760235650276E0,
3.992594929505E0));
#1104=CARTESIAN_POINT('',(-5.860510657863E0,-4.458661086064E0,
3.193400461124E0));
#1105=CARTESIAN_POINT('',(-5.837334543006E0,-4.990844019813E0,
2.272657409362E0));
#1106=CARTESIAN_POINT('',(-5.814324228984E0,-5.333636016569E0,
1.274894569029E0));
#1107=CARTESIAN_POINT('',(-5.791087833653E0,-5.479968494431E0,
2.188782128664E-1));
#1108=CARTESIAN_POINT('',(-5.767885779898E0,-5.418468012105E0,
-8.445648498001E-1));
#1109=CARTESIAN_POINT('',(-5.752346132490E0,-5.241839561354E0,
-1.532074609460E0));
#1110=CARTESIAN_POINT('',(-5.744686572202E0,-5.121024914938E0,
-1.863901785884E0));
#1112=DIRECTION('',(9.999999917487E-1,-1.226822359629E-4,-3.810062035323E-5));
#1113=VECTOR('',#1112,1.228203723657E-1);
#1114=CARTESIAN_POINT('',(-6.138485892996E0,5.349783983661E0,1.039174709183E0));
#1115=LINE('',#1114,#1113);
#1116=CARTESIAN_POINT('',(-6.015665521644E0,5.349768915784E0,1.039170029651E0));
#1117=CARTESIAN_POINT('',(-6.007695467620E0,5.278786013509E0,1.404801420014E0));
#1118=CARTESIAN_POINT('',(-5.991290314422E0,5.061762767602E0,2.121790524900E0));
#1119=CARTESIAN_POINT('',(-5.966000015659E0,4.518191021244E0,3.115414296961E0));
#1120=CARTESIAN_POINT('',(-5.942566393751E0,3.794747934111E0,3.964555116935E0));
#1121=CARTESIAN_POINT('',(-5.917105371475E0,2.902421953598E0,4.659226135390E0));
#1122=CARTESIAN_POINT('',(-5.892836487848E0,1.879854998947E0,5.157179551063E0));
#1123=CARTESIAN_POINT('',(-5.868162176768E0,7.831751441613E-1,
5.432793083385E0));
#1124=CARTESIAN_POINT('',(-5.843084384038E0,-3.477731096816E-1,
5.477907206218E0));
#1125=CARTESIAN_POINT('',(-5.819265438425E0,-1.461260767859E0,
5.290880495475E0));
#1126=CARTESIAN_POINT('',(-5.793680997464E0,-2.515110730728E0,
4.878665276837E0));
#1127=CARTESIAN_POINT('',(-5.770005335961E0,-3.456000240477E0,
4.263393442010E0));
#1128=CARTESIAN_POINT('',(-5.745081675651E0,-4.250851096244E0,
3.471878095416E0));
#1129=CARTESIAN_POINT('',(-5.720473096633E0,-4.872342033134E0,
2.527371998988E0));
#1130=CARTESIAN_POINT('',(-5.696343324317E0,-5.285346117116E0,
1.477537911966E0));
#1131=CARTESIAN_POINT('',(-5.671132261822E0,-5.476286450268E0,
3.711559695613E-1));
#1132=CARTESIAN_POINT('',(-5.646864966015E0,-5.434393641883E0,
-7.744139692764E-1));
#1133=CARTESIAN_POINT('',(-5.630270358348E0,-5.250041352123E0,
-1.509573796823E0));
#1134=CARTESIAN_POINT('',(-5.621907958653E0,-5.121034487060E0,
-1.863901947139E0));
#1136=DIRECTION('',(9.999999359547E-1,3.538856099417E-4,5.343712769702E-5));
#1137=VECTOR('',#1136,1.227900382895E-1);
#1138=CARTESIAN_POINT('',(-6.888557002720E0,5.349945222657E0,1.039219922681E0));
#1139=LINE('',#1138,#1137);
#1140=CARTESIAN_POINT('',(-6.765766972294E0,5.349988676284E0,1.039226484228E0));
#1141=CARTESIAN_POINT('',(-6.757640696754E0,5.280108988195E0,1.398970257907E0));
#1142=CARTESIAN_POINT('',(-6.741056378251E0,5.067555815527E0,2.104067737181E0));
#1143=CARTESIAN_POINT('',(-6.717734133834E0,4.543966291415E0,3.075594342792E0));
#1144=CARTESIAN_POINT('',(-6.693333778613E0,3.836524099221E0,3.922776065780E0));
#1145=CARTESIAN_POINT('',(-6.669015930779E0,2.970437374751E0,4.614530254470E0));
#1146=CARTESIAN_POINT('',(-6.645167940634E0,1.967993279791E0,5.123302133583E0));
#1147=CARTESIAN_POINT('',(-6.619919726696E0,8.892599482465E-1,
5.415264235662E0));
#1148=CARTESIAN_POINT('',(-6.596488117458E0,-2.248438522099E-1,
5.483189063613E0));
#1149=CARTESIAN_POINT('',(-6.571508420253E0,-1.330532225396E0,
5.324448496725E0));
#1150=CARTESIAN_POINT('',(-6.547226563009E0,-2.386311638448E0,
4.942060001758E0));
#1151=CARTESIAN_POINT('',(-6.523248884143E0,-3.336691131462E0,
4.357184488276E0));
#1152=CARTESIAN_POINT('',(-6.498045331844E0,-4.154262255560E0,
3.586549215377E0));
#1153=CARTESIAN_POINT('',(-6.474561165650E0,-4.795726063560E0,
2.668438858577E0));
#1154=CARTESIAN_POINT('',(-6.449272402736E0,-5.238004023701E0,
1.637838156398E0));
#1155=CARTESIAN_POINT('',(-6.425440814171E0,-5.460946171266E0,
5.428653402856E-1));
#1156=CARTESIAN_POINT('',(-6.401046046584E0,-5.457799625997E0,
-5.740110347117E-1));
#1157=CARTESIAN_POINT('',(-6.376293128012E0,-5.228509904174E0,
-1.667193861721E0));
#1158=CARTESIAN_POINT('',(-6.352791203155E0,-4.783183040617E0,
-2.689803814073E0));
#1159=CARTESIAN_POINT('',(-6.327658879844E0,-4.143071412061E0,
-3.598432256898E0));
#1160=CARTESIAN_POINT('',(-6.304181860291E0,-3.332362870386E0,
-4.359459138738E0));
#1161=CARTESIAN_POINT('',(-6.279742525145E0,-2.391899271412E0,
-4.938623464168E0));
#1162=CARTESIAN_POINT('',(-6.255258548348E0,-1.342958894322E0,
-5.321209850314E0));
#1163=CARTESIAN_POINT('',(-6.231512606361E0,-2.359418843073E-1,
-5.482906921251E0));
#1164=CARTESIAN_POINT('',(-6.206278799099E0,8.793705530400E-1,
-5.416829953465E0));
#1165=CARTESIAN_POINT('',(-6.182896282238E0,1.955991329073E0,
-5.127554876485E0));
#1166=CARTESIAN_POINT('',(-6.157872240375E0,2.954431817282E0,
-4.624259853338E0));
#1167=CARTESIAN_POINT('',(-6.133893497120E0,3.824029597166E0,
-3.936328976893E0));
#1168=CARTESIAN_POINT('',(-6.109641252331E0,4.548666495999E0,
-3.071418906072E0));
#1169=CARTESIAN_POINT('',(-6.084650517700E0,5.073786798765E0,
-2.088683837101E0));
#1170=CARTESIAN_POINT('',(-6.069344501151E0,5.281584337035E0,
-1.391381449195E0));
#1171=CARTESIAN_POINT('',(-6.061572243870E0,5.349989923714E0,
-1.039225933520E0));
#1173=DIRECTION('',(-9.999999119260E-1,-4.078492875805E-4,9.903006944530E-5));
#1174=VECTOR('',#1173,1.228080903933E-1);
#1175=CARTESIAN_POINT('',(-6.061572243870E0,5.349989923714E0,
-1.039225933520E0));
#1176=LINE('',#1175,#1174);
#1177=CARTESIAN_POINT('',(-6.888557002720E0,5.349945222657E0,1.039219922681E0));
#1178=CARTESIAN_POINT('',(-6.880286815333E0,5.279068461606E0,1.404096672760E0));
#1179=CARTESIAN_POINT('',(-6.864028352150E0,5.062579121057E0,2.117718541691E0));
#1180=CARTESIAN_POINT('',(-6.839831143423E0,4.532156415147E0,3.094032168585E0));
#1181=CARTESIAN_POINT('',(-6.815570040871E0,3.814628997731E0,3.944393641011E0));
#1182=CARTESIAN_POINT('',(-6.791486609528E0,2.946409903552E0,4.629657710885E0));
#1183=CARTESIAN_POINT('',(-6.767029193525E0,1.943518198936E0,5.132275367622E0));
#1184=CARTESIAN_POINT('',(-6.742799550213E0,8.685880280672E-1,
5.418671445836E0));
#1185=CARTESIAN_POINT('',(-6.718369823412E0,-2.508449968380E-1,
5.482178448452E0));
#1186=CARTESIAN_POINT('',(-6.694128725714E0,-1.350951191162E0,
5.318807572884E0));
#1187=CARTESIAN_POINT('',(-6.669770255666E0,-2.401453822260E0,
4.934667139201E0));
#1188=CARTESIAN_POINT('',(-6.645473682700E0,-3.348633479351E0,
4.347368113287E0));
#1189=CARTESIAN_POINT('',(-6.621303537631E0,-4.154558970775E0,
3.584658068603E0));
#1190=CARTESIAN_POINT('',(-6.597119905513E0,-4.791354400850E0,
2.675674040305E0));
#1191=CARTESIAN_POINT('',(-6.572731393554E0,-5.234373320591E0,
1.648153757944E0));
#1192=CARTESIAN_POINT('',(-6.548588341990E0,-5.458486301239E0,
5.623717053402E-1));
#1193=CARTESIAN_POINT('',(-6.524334135378E0,-5.459895435909E0,
-5.499256762410E-1));
#1194=CARTESIAN_POINT('',(-6.500098312303E0,-5.237271118918E0,
-1.640416756010E0));
#1195=CARTESIAN_POINT('',(-6.475536247873E0,-4.791989767905E0,
-2.675708264677E0));
#1196=CARTESIAN_POINT('',(-6.451201077025E0,-4.150406065825E0,
-3.589956785760E0));
#1197=CARTESIAN_POINT('',(-6.427002104361E0,-3.342166517215E0,
-4.352126902775E0));
#1198=CARTESIAN_POINT('',(-6.402833719664E0,-2.399280366093E0,
-4.935095665273E0));
#1199=CARTESIAN_POINT('',(-6.378682333308E0,-1.357939742738E0,
-5.316312850168E0));
#1200=CARTESIAN_POINT('',(-6.354665889481E0,-2.685133231632E-1,
-5.480656280007E0));
#1201=CARTESIAN_POINT('',(-6.330437128739E0,8.418698720988E-1,
-5.422344267717E0));
#1202=CARTESIAN_POINT('',(-6.306361839785E0,1.911457284888E0,
-5.143781208018E0));
#1203=CARTESIAN_POINT('',(-6.282036658789E0,2.912375111852E0,
-4.650930424194E0));
#1204=CARTESIAN_POINT('',(-6.257834161376E0,3.790258872154E0,
-3.969288921943E0));
#1205=CARTESIAN_POINT('',(-6.233068427942E0,4.527507809133E0,
-3.104159397273E0));
#1206=CARTESIAN_POINT('',(-6.208365309464E0,5.067012816842E0,
-2.108626826536E0));
#1207=CARTESIAN_POINT('',(-6.192325591307E0,5.280107398115E0,
-1.398715160042E0));
#1208=CARTESIAN_POINT('',(-6.184380323447E0,5.349939836522E0,
-1.039213771827E0));
#1210=CARTESIAN_POINT('',(-7.149809111053E0,5.349980366673E0,2.605484972653E0));
#1211=CARTESIAN_POINT('',(-7.142357583915E0,5.183439506962E0,2.947668932264E0));
#1212=CARTESIAN_POINT('',(-7.121101840659E0,4.784596332060E0,3.597943731311E0));
#1213=CARTESIAN_POINT('',(-7.100522742428E0,4.005849593751E0,4.449495462246E0));
#1214=CARTESIAN_POINT('',(-7.076977050951E0,3.084690146538E0,5.130092034237E0));
#1215=CARTESIAN_POINT('',(-7.054427049604E0,2.057899271538E0,5.621600012239E0));
#1216=CARTESIAN_POINT('',(-7.031431196281E0,9.460454858827E-1,
5.911484239560E0));
#1217=CARTESIAN_POINT('',(-7.008565736831E0,-1.974355515622E-1,
5.983391745420E0));
#1218=CARTESIAN_POINT('',(-6.985598310171E0,-1.337812211898E0,
5.835392114611E0));
#1219=CARTESIAN_POINT('',(-6.962702673790E0,-2.425637554592E0,
5.473030964850E0));
#1220=CARTESIAN_POINT('',(-6.939842860757E0,-3.423115696104E0,
4.911384137483E0));
#1221=CARTESIAN_POINT('',(-6.916921933321E0,-4.297443792274E0,
4.167872313639E0));
#1222=CARTESIAN_POINT('',(-6.894065433115E0,-5.012188917794E0,
3.273620449918E0));
#1223=CARTESIAN_POINT('',(-6.871079475768E0,-5.546432449714E0,
2.254832090241E0));
#1224=CARTESIAN_POINT('',(-6.847975021038E0,-5.876960482696E0,
1.143656636507E0));
#1225=CARTESIAN_POINT('',(-6.832585536216E0,-5.949998378381E0,
3.807996609483E-1));
#1226=CARTESIAN_POINT('',(-6.825004217450E0,-5.949998376589E0,
-6.997132101545E-8));
#1228=CARTESIAN_POINT('',(-6.825004217450E0,-5.949998376589E0,
-6.997132101545E-8));
#1229=CARTESIAN_POINT('',(-6.817428349649E0,-5.949998374799E0,
-3.805260060845E-1));
#1230=CARTESIAN_POINT('',(-6.802051734886E0,-5.876971669848E0,
-1.142028015329E0));
#1231=CARTESIAN_POINT('',(-6.779075240156E0,-5.548990064227E0,
-2.247604443929E0));
#1232=CARTESIAN_POINT('',(-6.756182891046E0,-5.018669158187E0,
-3.262924216354E0));
#1233=CARTESIAN_POINT('',(-6.733456292594E0,-4.310493096238E0,
-4.154132255825E0));
#1234=CARTESIAN_POINT('',(-6.710507727283E0,-3.437614080463E0,
-4.901379230299E0));
#1235=CARTESIAN_POINT('',(-6.687629435232E0,-2.440898998530E0,
-5.466438681292E0));
#1236=CARTESIAN_POINT('',(-6.664665592294E0,-1.350763520094E0,
-5.832406907861E0));
#1237=CARTESIAN_POINT('',(-6.641769503812E0,-2.140589526122E-1,
-5.982640421412E0));
#1238=CARTESIAN_POINT('',(-6.618907553840E0,9.286565243972E-1,
-5.914136665607E0));
#1239=CARTESIAN_POINT('',(-6.595993523618E0,2.040158728989E0,
-5.628225024075E0));
#1240=CARTESIAN_POINT('',(-6.573114076545E0,3.074182584423E0,
-5.136930519220E0));
#1241=CARTESIAN_POINT('',(-6.550202817030E0,4.000397303262E0,
-4.454657342751E0));
#1242=CARTESIAN_POINT('',(-6.526876760237E0,4.783858905644E0,
-3.600193209829E0));
#1243=CARTESIAN_POINT('',(-6.511920793333E0,5.183347343535E0,
-2.946216434211E0));
#1244=CARTESIAN_POINT('',(-6.504112265607E0,5.349985937966E0,
-2.603831665034E0));
#1246=DIRECTION('',(-9.999998156560E-1,-5.632032423931E-4,2.269140471917E-4));
#1247=VECTOR('',#1246,4.982155575078E-2);
#1248=CARTESIAN_POINT('',(-6.504112265607E0,5.349985937966E0,
-2.603831665034E0));
#1249=LINE('',#1248,#1247);
#1250=CARTESIAN_POINT('',(-6.553933812174E0,5.349957878304E0,
-2.603820359823E0));
#1251=CARTESIAN_POINT('',(-6.561344780478E0,5.183439931228E0,
-2.945957240347E0));
#1252=CARTESIAN_POINT('',(-6.577191574768E0,4.784612456918E0,
-3.598711151198E0));
#1253=CARTESIAN_POINT('',(-6.599929396680E0,4.005891311795E0,
-4.449245728216E0));
#1254=CARTESIAN_POINT('',(-6.622901643828E0,3.084716272506E0,
-5.130135186365E0));
#1255=CARTESIAN_POINT('',(-6.645604688613E0,2.057924034110E0,
-5.621574280188E0));
#1256=CARTESIAN_POINT('',(-6.668559157886E0,9.460954679673E-1,
-5.911479953694E0));
#1257=CARTESIAN_POINT('',(-6.691435941989E0,-1.974052605306E-1,
-5.983393790350E0));
#1258=CARTESIAN_POINT('',(-6.714401022886E0,-1.337802541783E0,
-5.835394207784E0));
#1259=CARTESIAN_POINT('',(-6.737296261237E0,-2.425607864386E0,
-5.473043156439E0));
#1260=CARTESIAN_POINT('',(-6.760158989061E0,-3.423098770131E0,
-4.911397690477E0));
#1261=CARTESIAN_POINT('',(-6.783069343969E0,-4.297444481352E0,
-4.167873322795E0));
#1262=CARTESIAN_POINT('',(-6.805966186514E0,-5.012202614692E0,
-3.273603347680E0));
#1263=CARTESIAN_POINT('',(-6.828819136786E0,-5.546415604524E0,
-2.254840321719E0));
#1264=CARTESIAN_POINT('',(-6.852319922408E0,-5.877004429465E0,
-1.143664781152E0));
#1265=CARTESIAN_POINT('',(-6.866929809576E0,-5.949903909442E0,
-3.807913665906E-1));
#1266=CARTESIAN_POINT('',(-6.874751440352E0,-5.949903800613E0,
4.255344965264E-6));
#1268=CARTESIAN_POINT('',(-6.874751440352E0,-5.949903800613E0,
4.255344965264E-6));
#1269=CARTESIAN_POINT('',(-6.882665083162E0,-5.949903690504E0,
3.852794775983E-1));
#1270=CARTESIAN_POINT('',(-6.898223329605E0,-5.875092863759E0,
1.155856954301E0));
#1271=CARTESIAN_POINT('',(-6.921407015155E0,-5.540446943298E0,
2.270077195992E0));
#1272=CARTESIAN_POINT('',(-6.944564592073E0,-4.999354798356E0,
3.295173746907E0));
#1273=CARTESIAN_POINT('',(-6.967865397287E0,-4.265369756944E0,
4.202653224347E0));
#1274=CARTESIAN_POINT('',(-6.991136456017E0,-3.370296412355E0,
4.949105388863E0));
#1275=CARTESIAN_POINT('',(-7.014354638066E0,-2.350072748574E0,
5.507120108769E0));
#1276=CARTESIAN_POINT('',(-7.037533225194E0,-1.243268579271E0,
5.856875347304E0));
#1277=CARTESIAN_POINT('',(-7.060680986373E0,-9.109135078720E-2,
5.986991705076E0));
#1278=CARTESIAN_POINT('',(-7.083958909931E0,1.070109077229E0,5.891110922010E0));
#1279=CARTESIAN_POINT('',(-7.107025807990E0,2.183688882421E0,5.575113535966E0));
#1280=CARTESIAN_POINT('',(-7.130446057447E0,3.221803694419E0,5.046905310592E0));
#1281=CARTESIAN_POINT('',(-7.145542744222E0,3.832215299142E0,4.568498477548E0));
#1282=CARTESIAN_POINT('',(-7.153468305501E0,4.113906561737E0,4.298538066170E0));
#1284=CARTESIAN_POINT('',(-7.153589838486E0,0.E0,0.E0));
#1285=DIRECTION('',(1.E0,0.E0,0.E0));
#1286=DIRECTION('',(0.E0,8.991596282432E-1,4.376207981089E-1));
#1287=AXIS2_PLACEMENT_3D('',#1284,#1285,#1286);
#1289=CARTESIAN_POINT('',(-7.5E0,0.E0,0.E0));
#1290=DIRECTION('',(-1.E0,0.E0,0.E0));
#1291=DIRECTION('',(0.E0,-1.E0,-6.229495405892E-14));
#1292=AXIS2_PLACEMENT_3D('',#1289,#1290,#1291);
#1294=DIRECTION('',(4.999154972411E-1,6.011443870671E-1,6.234660548225E-1));
#1295=VECTOR('',#1294,5.775433957252E-1);
#1296=CARTESIAN_POINT('',(-7.442191199354E0,3.766719591109E0,3.938459363748E0));
#1297=LINE('',#1296,#1295);
#1298=DIRECTION('',(-9.999999712710E-1,2.372084121173E-4,-3.449764959204E-5));
#1299=VECTOR('',#1298,1.227905542875E-1);
#1300=CARTESIAN_POINT('',(-6.811463752976E0,5.349782375214E0,
-1.039175731619E0));
#1301=LINE('',#1300,#1299);
#1302=CARTESIAN_POINT('',(-7.442264973081E0,-2.503793540498E-4,
-1.097719685619E-4));
#1303=DIRECTION('',(-1.E0,0.E0,0.E0));
#1304=DIRECTION('',(0.E0,-2.612783963298E-1,9.652634871429E-1));
#1305=AXIS2_PLACEMENT_3D('',#1302,#1303,#1304);
#1307=CARTESIAN_POINT('',(-7.442191199354E0,3.766719591109E0,3.938459363748E0));
#1308=CARTESIAN_POINT('',(-7.434123830759E0,3.496491386055E0,4.196913916455E0));
#1309=CARTESIAN_POINT('',(-7.417824991354E0,2.904586681588E0,4.656358297164E0));
#1310=CARTESIAN_POINT('',(-7.392699101042E0,1.896658490211E0,5.148961804179E0));
#1311=CARTESIAN_POINT('',(-7.369351516514E0,8.292188929999E-1,
5.423602460373E0));
#1312=CARTESIAN_POINT('',(-7.344910723663E0,-2.764501542708E-1,
5.479990764460E0));
#1313=CARTESIAN_POINT('',(-7.320660710067E0,-1.368267851237E0,
5.313567867678E0));
#1314=CARTESIAN_POINT('',(-7.297200107964E0,-2.405727400790E0,
4.931281697141E0));
#1315=CARTESIAN_POINT('',(-7.272375194361E0,-3.340086748681E0,
4.352650606441E0));
#1316=CARTESIAN_POINT('',(-7.249224085336E0,-4.143122607676E0,
3.598075211538E0));
#1317=CARTESIAN_POINT('',(-7.224312589532E0,-4.786993346036E0,
2.684214799865E0));
#1318=CARTESIAN_POINT('',(-7.199904845492E0,-5.233192717747E0,
1.654485877868E0));
#1319=CARTESIAN_POINT('',(-7.175801768442E0,-5.460668792330E0,
5.514333149736E-1));
#1320=CARTESIAN_POINT('',(-7.150610565389E0,-5.458642264112E0,
-5.691656893821E-1));
#1321=CARTESIAN_POINT('',(-7.127085661860E0,-5.228992342003E0,
-1.667204359665E0));
#1322=CARTESIAN_POINT('',(-7.101910524749E0,-4.781403159186E0,
-2.693854676383E0));
#1323=CARTESIAN_POINT('',(-7.077984547671E0,-4.137054608154E0,
-3.606178955323E0));
#1324=CARTESIAN_POINT('',(-7.053607996844E0,-3.317704760018E0,
-4.371977046069E0));
#1325=CARTESIAN_POINT('',(-7.028662976353E0,-2.360602027682E0,
-4.954579716057E0));
#1326=CARTESIAN_POINT('',(-7.005220754764E0,-1.309600754486E0,
-5.328448690189E0));
#1327=CARTESIAN_POINT('',(-6.980449496048E0,-2.243255761997E-1,
-5.482102597751E0));
#1328=CARTESIAN_POINT('',(-6.956990929228E0,8.784209856174E-1,
-5.415975701499E0));
#1329=CARTESIAN_POINT('',(-6.932926661783E0,1.937773138150E0,
-5.133026151839E0));
#1330=CARTESIAN_POINT('',(-6.908409635561E0,2.930515376509E0,
-4.639552124566E0));
#1331=CARTESIAN_POINT('',(-6.884855372997E0,3.808027195286E0,
-3.950937818944E0));
#1332=CARTESIAN_POINT('',(-6.859740707435E0,4.527561783318E0,
-3.101340783526E0));
#1333=CARTESIAN_POINT('',(-6.835821930147E0,5.065537514151E0,
-2.111214252777E0));
#1334=CARTESIAN_POINT('',(-6.819729065836E0,5.279569861322E0,
-1.400687271954E0));
#1335=CARTESIAN_POINT('',(-6.811463752976E0,5.349782375214E0,
-1.039175731619E0));
#1337=CARTESIAN_POINT('',(-7.202139616237E0,5.349936987504E0,
-2.405966948017E0));
#1338=CARTESIAN_POINT('',(-7.205888080899E0,5.189944757643E0,
-2.745896929220E0));
#1339=CARTESIAN_POINT('',(-7.213418628655E0,4.803885100138E0,
-3.395308771702E0));
#1340=CARTESIAN_POINT('',(-7.225343580043E0,4.048300852370E0,
-4.240263569456E0));
#1341=CARTESIAN_POINT('',(-7.236534054381E0,3.141084010441E0,
-4.926864152200E0));
#1342=CARTESIAN_POINT('',(-7.248421679572E0,2.127547967487E0,
-5.419078533996E0));
#1343=CARTESIAN_POINT('',(-7.259777084124E0,1.045210552444E0,
-5.707164628362E0));
#1344=CARTESIAN_POINT('',(-7.271370254104E0,-7.747640970913E-2,
-5.782586773503E0));
#1345=CARTESIAN_POINT('',(-7.283317973759E0,-1.199827945975E0,
-5.634734549686E0));
#1346=CARTESIAN_POINT('',(-7.294210376755E0,-2.235280575662E0,
-5.287878308768E0));
#1347=CARTESIAN_POINT('',(-7.306228985847E0,-3.197672429898E0,
-4.745185031131E0));
#1348=CARTESIAN_POINT('',(-7.317585913404E0,-4.047265673090E0,
-4.016293881610E0));
#1349=CARTESIAN_POINT('',(-7.329229112972E0,-4.723933163200E0,
-3.155235011251E0));
#1350=CARTESIAN_POINT('',(-7.340922260716E0,-5.227695761117E0,
-2.175039851954E0));
#1351=CARTESIAN_POINT('',(-7.352540686754E0,-5.534205519274E0,
-1.097771590934E0));
#1352=CARTESIAN_POINT('',(-7.360555037985E0,-5.591639360475E0,
-3.648204154898E-1));
#1353=CARTESIAN_POINT('',(-7.364426112323E0,-5.584934463040E0,
-2.088106766105E-6));
#1355=CARTESIAN_POINT('',(-7.364426112323E0,-5.584934463040E0,
-2.088106766105E-6));
#1356=CARTESIAN_POINT('',(-7.368128409431E0,-5.578521896346E0,
3.489103119216E-1));
#1357=CARTESIAN_POINT('',(-7.375379671189E0,-5.500071324795E0,
1.043431093154E0));
#1358=CARTESIAN_POINT('',(-7.386790831103E0,-5.193194520596E0,
2.037014687269E0));
#1359=CARTESIAN_POINT('',(-7.397806543449E0,-4.708290822718E0,
2.955125588950E0));
#1360=CARTESIAN_POINT('',(-7.408729632344E0,-4.069976195846E0,
3.758572036746E0));
#1361=CARTESIAN_POINT('',(-7.420289086889E0,-3.285987316094E0,
4.435910575895E0));
#1362=CARTESIAN_POINT('',(-7.431014049761E0,-2.395278415488E0,
4.952511706216E0));
#1363=CARTESIAN_POINT('',(-7.438622995700E0,-1.752197829372E0,
5.178333332957E0));
#1364=CARTESIAN_POINT('',(-7.442370764884E0,-1.424174114091E0,
5.260415450510E0));
#1366=CARTESIAN_POINT('',(-7.442370764884E0,-1.424174114091E0,
5.260415450510E0));
#1367=CARTESIAN_POINT('',(-7.434214275145E0,-1.779719417287E0,
5.164176125311E0));
#1368=CARTESIAN_POINT('',(-7.418027728473E0,-2.472120509274E0,
4.899125837190E0));
#1369=CARTESIAN_POINT('',(-7.393736775201E0,-3.412066687927E0,
4.298318732629E0));
#1370=CARTESIAN_POINT('',(-7.369391167886E0,-4.211383045379E0,
3.517722932070E0));
#1371=CARTESIAN_POINT('',(-7.345294447832E0,-4.831576698918E0,
2.602508421506E0));
#1372=CARTESIAN_POINT('',(-7.320716761808E0,-5.262416611656E0,
1.559398259363E0));
#1373=CARTESIAN_POINT('',(-7.296320793215E0,-5.468937541180E0,
4.593652700087E-1));
#1374=CARTESIAN_POINT('',(-7.271886267621E0,-5.447844560759E0,
-6.622411899445E-1));
#1375=CARTESIAN_POINT('',(-7.247712049856E0,-5.202879302987E0,
-1.744310933668E0));
#1376=CARTESIAN_POINT('',(-7.223461782199E0,-4.744345102143E0,
-2.758061695238E0));
#1377=CARTESIAN_POINT('',(-7.199287329292E0,-4.091784137805E0,
-3.656034734394E0));
#1378=CARTESIAN_POINT('',(-7.175293274688E0,-3.279711376550E0,
-4.398608474874E0));
#1379=CARTESIAN_POINT('',(-7.151364752115E0,-2.337662660108E0,
-4.963830901447E0));
#1380=CARTESIAN_POINT('',(-7.127437406709E0,-1.302688700517E0,
-5.329558191187E0));
#1381=CARTESIAN_POINT('',(-7.103542000060E0,-2.170071433083E-1,
-5.482623045837E0));
#1382=CARTESIAN_POINT('',(-7.079402766284E0,8.890703465420E-1,
-5.414652994492E0));
#1383=CARTESIAN_POINT('',(-7.055256269450E0,1.958437333634E0,
-5.126284353382E0));
#1384=CARTESIAN_POINT('',(-7.030888913813E0,2.957328688296E0,
-4.622168261835E0));
#1385=CARTESIAN_POINT('',(-7.006840763906E0,3.821733566584E0,
-3.937199810356E0));
#1386=CARTESIAN_POINT('',(-6.982536753896E0,4.540369128333E0,
-3.082282686560E0));
#1387=CARTESIAN_POINT('',(-6.958151355206E0,5.068449645589E0,
-2.101646756256E0));
#1388=CARTESIAN_POINT('',(-6.942419261849E0,5.280288965837E0,
-1.397138938213E0));
#1389=CARTESIAN_POINT('',(-6.934254303736E0,5.349811502167E0,
-1.039179967604E0));
#1391=CARTESIAN_POINT('',(-7.5E0,0.E0,0.E0));
#1392=DIRECTION('',(-1.E0,0.E0,0.E0));
#1393=DIRECTION('',(0.E0,1.E0,0.E0));
#1394=AXIS2_PLACEMENT_3D('',#1391,#1392,#1393);
#1396=DIRECTION('',(4.998186376960E-1,-8.661300880078E-1,-7.698197742652E-6));
#1397=VECTOR('',#1396,2.712461630109E-1);
#1398=CARTESIAN_POINT('',(-7.5E0,-5.35E0,-1.663114090888E-13));
#1399=LINE('',#1398,#1397);
#1400=DIRECTION('',(1.E0,5.151434834260E-14,0.E0));
#1401=VECTOR('',#1400,1.5E0);
#1402=CARTESIAN_POINT('',(-9.E0,-5.35E0,-1.665088978469E-13));
#1403=LINE('',#1402,#1401);
#1404=DIRECTION('',(1.E0,-4.144832625267E-14,0.E0));
#1405=VECTOR('',#1404,1.5E0);
#1406=CARTESIAN_POINT('',(-9.E0,5.35E0,0.E0));
#1407=LINE('',#1406,#1405);
#1408=CARTESIAN_POINT('',(-9.E0,5.05E0,0.E0));
#1409=DIRECTION('',(0.E0,0.E0,-1.E0));
#1410=DIRECTION('',(-9.999999999991E-1,-1.369306665093E-6,0.E0));
#1411=AXIS2_PLACEMENT_3D('',#1408,#1409,#1410);
#1413=CARTESIAN_POINT('',(-9.E0,0.E0,0.E0));
#1414=DIRECTION('',(1.E0,0.E0,0.E0));
#1415=DIRECTION('',(0.E0,1.E0,0.E0));
#1416=AXIS2_PLACEMENT_3D('',#1413,#1414,#1415);
#1418=CARTESIAN_POINT('',(-9.E0,0.E0,0.E0));
#1419=DIRECTION('',(1.E0,0.E0,0.E0));
#1420=DIRECTION('',(0.E0,9.999566985045E-1,9.305972060293E-3));
#1421=AXIS2_PLACEMENT_3D('',#1418,#1419,#1420);
#1423=CARTESIAN_POINT('',(-9.3E0,0.E0,0.E0));
#1424=DIRECTION('',(1.E0,0.E0,0.E0));
#1425=DIRECTION('',(0.E0,-9.999999869636E-1,1.614705915240E-4));
#1426=AXIS2_PLACEMENT_3D('',#1423,#1424,#1425);
#1428=CARTESIAN_POINT('',(-9.3E0,0.E0,0.E0));
#1429=DIRECTION('',(1.E0,0.E0,0.E0));
#1430=DIRECTION('',(0.E0,-9.999596762884E-1,-8.980300503256E-3));
#1431=AXIS2_PLACEMENT_3D('',#1428,#1429,#1430);
#1433=CARTESIAN_POINT('',(-9.3E0,0.E0,0.E0));
#1434=DIRECTION('',(1.E0,0.E0,0.E0));
#1435=DIRECTION('',(0.E0,9.999999869636E-1,-1.614705915220E-4));
#1436=AXIS2_PLACEMENT_3D('',#1433,#1434,#1435);
#1438=CARTESIAN_POINT('',(-9.3E0,0.E0,0.E0));
#1439=DIRECTION('',(1.E0,0.E0,0.E0));
#1440=DIRECTION('',(0.E0,9.999596762884E-1,8.980300503257E-3));
#1441=AXIS2_PLACEMENT_3D('',#1438,#1439,#1440);
#1443=CARTESIAN_POINT('',(-9.3E0,0.E0,0.E0));
#1444=DIRECTION('',(-1.E0,0.E0,0.E0));
#1445=DIRECTION('',(0.E0,-1.E0,0.E0));
#1446=AXIS2_PLACEMENT_3D('',#1443,#1444,#1445);
#1448=CARTESIAN_POINT('',(-9.3E0,0.E0,0.E0));
#1449=DIRECTION('',(-1.E0,0.E0,0.E0));
#1450=DIRECTION('',(0.E0,1.E0,0.E0));
#1451=AXIS2_PLACEMENT_3D('',#1448,#1449,#1450);
#1453=CARTESIAN_POINT('',(-9.E0,-5.05E0,0.E0));
#1454=DIRECTION('',(0.E0,0.E0,1.E0));
#1455=DIRECTION('',(-9.999999999991E-1,1.369306665093E-6,0.E0));
#1456=AXIS2_PLACEMENT_3D('',#1453,#1454,#1455);
#1458=CARTESIAN_POINT('',(-9.E0,0.E0,0.E0));
#1459=DIRECTION('',(1.E0,0.E0,0.E0));
#1460=DIRECTION('',(0.E0,-1.E0,-6.229495405892E-14));
#1461=AXIS2_PLACEMENT_3D('',#1458,#1459,#1460);
#1463=CARTESIAN_POINT('',(-9.E0,0.E0,0.E0));
#1464=DIRECTION('',(1.E0,0.E0,0.E0));
#1465=DIRECTION('',(0.E0,-9.999566985045E-1,-9.305972060291E-3));
#1466=AXIS2_PLACEMENT_3D('',#1463,#1464,#1465);
#1468=DIRECTION('',(-1.E0,0.E0,0.E0));
#1469=VECTOR('',#1468,1.2E0);
#1470=CARTESIAN_POINT('',(-8.1E0,4.85E0,0.E0));
#1471=LINE('',#1470,#1469);
#1472=CARTESIAN_POINT('',(-8.1E0,0.E0,0.E0));
#1473=DIRECTION('',(1.E0,0.E0,0.E0));
#1474=DIRECTION('',(0.E0,1.E0,0.E0));
#1475=AXIS2_PLACEMENT_3D('',#1472,#1473,#1474);
#1477=CARTESIAN_POINT('',(-8.1E0,0.E0,0.E0));
#1478=DIRECTION('',(1.E0,0.E0,0.E0));
#1479=DIRECTION('',(0.E0,-1.E0,0.E0));
#1480=AXIS2_PLACEMENT_3D('',#1477,#1478,#1479);
#1482=DIRECTION('',(-1.E0,0.E0,0.E0));
#1483=VECTOR('',#1482,1.2E0);
#1484=CARTESIAN_POINT('',(-8.1E0,-4.85E0,0.E0));
#1485=LINE('',#1484,#1483);
#1486=CARTESIAN_POINT('',(7.2E0,3.223369592664E0,-5.583039906067E0));
#1487=DIRECTION('',(0.E0,-8.660254037844E-1,-5.E-1));
#1488=DIRECTION('',(-8.913779411018E-1,2.266304073360E-1,-3.925353800459E-1));
#1489=AXIS2_PLACEMENT_3D('',#1486,#1487,#1488);
#1491=CARTESIAN_POINT('',(6.308622058898E0,3.45E0,-5.975575286113E0));
#1492=CARTESIAN_POINT('',(6.308622058898E0,3.406718688201E0,-6.000563763131E0));
#1493=CARTESIAN_POINT('',(6.316360924925E0,3.320991899166E0,-6.048814382267E0));
#1494=CARTESIAN_POINT('',(6.350692897228E0,3.193647571688E0,-6.116963536796E0));
#1495=CARTESIAN_POINT('',(6.406649329717E0,3.072087604796E0,-6.178841206677E0));
#1496=CARTESIAN_POINT('',(6.483269821323E0,2.958985323193E0,-6.233695626270E0));
#1497=CARTESIAN_POINT('',(6.573342055439E0,2.863047994010E0,-6.278204621631E0));
#1498=CARTESIAN_POINT('',(6.666632753313E0,2.788402578712E0,-6.311611863180E0));
#1499=CARTESIAN_POINT('',(6.757242590059E0,2.732756843445E0,-6.335843063139E0));
#1500=CARTESIAN_POINT('',(6.841917789297E0,2.692670428736E0,-6.352948754608E0));
#1501=CARTESIAN_POINT('',(6.919620608585E0,2.664518937145E0,-6.364789687105E0));
#1502=CARTESIAN_POINT('',(6.991886202078E0,2.644983151722E0,-6.372924161645E0));
#1503=CARTESIAN_POINT('',(7.061438231192E0,2.631859136230E0,-6.378350650192E0));
#1504=CARTESIAN_POINT('',(7.129528542127E0,2.624171771525E0,-6.381514801855E0));
#1505=CARTESIAN_POINT('',(7.198417874550E0,2.621488896914E0,-6.382616584026E0));
#1506=CARTESIAN_POINT('',(7.267020294215E0,2.623923240999E0,-6.381616913295E0));
#1507=CARTESIAN_POINT('',(7.335057148301E0,2.631337165513E0,-6.378565840522E0));
#1508=CARTESIAN_POINT('',(7.404659799215E0,2.644199004663E0,-6.373249276873E0));
#1509=CARTESIAN_POINT('',(7.476911755617E0,2.663429171455E0,-6.365245344413E0));
#1510=CARTESIAN_POINT('',(7.555006898137E0,2.691370346022E0,-6.353499469730E0));
#1511=CARTESIAN_POINT('',(7.640616374761E0,2.731558214825E0,-6.336360525289E0));
#1512=CARTESIAN_POINT('',(7.732104485326E0,2.787473628179E0,-6.312023348291E0));
#1513=CARTESIAN_POINT('',(7.826099709353E0,2.862481485923E0,-6.278465502203E0));
#1514=CARTESIAN_POINT('',(7.916677819504E0,2.958884499615E0,-6.233745736850E0));
#1515=CARTESIAN_POINT('',(7.993363348649E0,3.072111157158E0,-6.178829589888E0));
#1516=CARTESIAN_POINT('',(8.049300876062E0,3.193640234076E0,-6.116966834599E0));
#1517=CARTESIAN_POINT('',(8.083628116796E0,3.320933846934E0,-6.048846159586E0));
#1518=CARTESIAN_POINT('',(8.091377941102E0,3.406693089837E0,-6.000578542353E0));
#1519=CARTESIAN_POINT('',(8.091377941102E0,3.45E0,-5.975575286113E0));
#1521=CARTESIAN_POINT('',(7.2E0,3.223369592664E0,-5.583039906067E0));
#1522=DIRECTION('',(0.E0,8.660254037844E-1,5.E-1));
#1523=DIRECTION('',(8.913779411018E-1,2.266304073360E-1,-3.925353800459E-1));
#1524=AXIS2_PLACEMENT_3D('',#1521,#1522,#1523);
#1526=CARTESIAN_POINT('',(7.2E0,3.223369592664E0,5.583039906067E0));
#1527=DIRECTION('',(0.E0,8.660254037844E-1,-5.E-1));
#1528=DIRECTION('',(-8.913779411018E-1,2.266304073360E-1,3.925353800459E-1));
#1529=AXIS2_PLACEMENT_3D('',#1526,#1527,#1528);
#1531=CARTESIAN_POINT('',(6.308622058898E0,3.45E0,5.975575286113E0));
#1532=CARTESIAN_POINT('',(6.308622058898E0,3.493304570473E0,5.950573380693E0));
#1533=CARTESIAN_POINT('',(6.316373232849E0,3.577972175168E0,5.900444777680E0));
#1534=CARTESIAN_POINT('',(6.350662930708E0,3.700514344716E0,5.824328708416E0));
#1535=CARTESIAN_POINT('',(6.406553394700E0,3.814845391862E0,5.750023238731E0));
#1536=CARTESIAN_POINT('',(6.483277621783E0,3.919061058060E0,5.679394472771E0));
#1537=CARTESIAN_POINT('',(6.573284932065E0,4.005505898171E0,5.618613075676E0));
#1538=CARTESIAN_POINT('',(6.666515184666E0,4.071737492544E0,5.570689881310E0));
#1539=CARTESIAN_POINT('',(6.756961312689E0,4.120481057120E0,5.534663507946E0));
#1540=CARTESIAN_POINT('',(6.841453518778E0,4.155308472904E0,5.508524651211E0));
#1541=CARTESIAN_POINT('',(6.919118439971E0,4.179673843565E0,5.490039750904E0));
#1542=CARTESIAN_POINT('',(6.991398031313E0,4.196525811515E0,5.477158914962E0));
#1543=CARTESIAN_POINT('',(7.060889975275E0,4.207812098515E0,5.468487645814E0));
#1544=CARTESIAN_POINT('',(7.128957064961E0,4.214430772746E0,5.463385589052E0));
#1545=CARTESIAN_POINT('',(7.197814956023E0,4.216760485403E0,5.461586720466E0));
#1546=CARTESIAN_POINT('',(7.266278133286E0,4.214724043973E0,5.463159216634E0));
#1547=CARTESIAN_POINT('',(7.334262949347E0,4.208429855231E0,5.468011983881E0));
#1548=CARTESIAN_POINT('',(7.403813322533E0,4.197459090304E0,5.476443281391E0));
#1549=CARTESIAN_POINT('',(7.476100560937E0,4.180969086072E0,5.489052710507E0));
#1550=CARTESIAN_POINT('',(7.554340081407E0,4.156851564216E0,5.507360097176E0));
#1551=CARTESIAN_POINT('',(7.640202211126E0,4.121874360758E0,5.533627100735E0));
#1552=CARTESIAN_POINT('',(7.731933067170E0,4.072755987167E0,5.569947479970E0));
#1553=CARTESIAN_POINT('',(7.826145340304E0,4.006041552125E0,5.618235287309E0));
#1554=CARTESIAN_POINT('',(7.916735658276E0,3.919075697330E0,5.679386578785E0));
#1555=CARTESIAN_POINT('',(7.993433248315E0,3.814856762170E0,5.750015150690E0));
#1556=CARTESIAN_POINT('',(8.049335512398E0,3.700523051859E0,5.824323315902E0));
#1557=CARTESIAN_POINT('',(8.083624169015E0,3.577984175699E0,5.900437474032E0));
#1558=CARTESIAN_POINT('',(8.091377941102E0,3.493309441044E0,5.950570568667E0));
#1559=CARTESIAN_POINT('',(8.091377941102E0,3.45E0,5.975575286113E0));
#1561=CARTESIAN_POINT('',(7.2E0,3.223369592664E0,5.583039906067E0));
#1562=DIRECTION('',(0.E0,-8.660254037844E-1,5.E-1));
#1563=DIRECTION('',(8.913779411018E-1,2.266304073360E-1,3.925353800459E-1));
#1564=AXIS2_PLACEMENT_3D('',#1561,#1562,#1563);
#1566=CARTESIAN_POINT('',(7.2E0,-6.446739185328E0,0.E0));
#1567=DIRECTION('',(0.E0,0.E0,1.E0));
#1568=DIRECTION('',(-8.913779411018E-1,-4.532608146719E-1,0.E0));
#1569=AXIS2_PLACEMENT_3D('',#1566,#1567,#1568);
#1571=CARTESIAN_POINT('',(6.308622058898E0,-6.9E0,0.E0));
#1572=CARTESIAN_POINT('',(6.308622058898E0,-6.9E0,4.998634261966E-2));
#1573=CARTESIAN_POINT('',(6.316365072182E0,-6.898922289388E0,
1.483607564518E-1));
#1574=CARTESIAN_POINT('',(6.350683365132E0,-6.894270945662E0,
2.926602934291E-1));
#1575=CARTESIAN_POINT('',(6.406615443181E0,-6.887081362771E0,
4.288532870313E-1));
#1576=CARTESIAN_POINT('',(6.483271443718E0,-6.878031230349E0,
5.542950922104E-1));
#1577=CARTESIAN_POINT('',(6.573303761111E0,-6.868612672864E0,
6.595855795538E-1));
#1578=CARTESIAN_POINT('',(6.666535405436E0,-6.860225946063E0,
7.408991913811E-1));
#1579=CARTESIAN_POINT('',(6.757032586168E0,-6.853394516304E0,
8.011549153898E-1));
#1580=CARTESIAN_POINT('',(6.841582833444E0,-6.848169188493E0,
8.443997431501E-1));
#1581=CARTESIAN_POINT('',(6.919256751633E0,-6.844344812380E0,
8.747306676622E-1));
#1582=CARTESIAN_POINT('',(6.991537134667E0,-6.841617100614E0,
8.957533275090E-1));
#1583=CARTESIAN_POINT('',(7.061060213321E0,-6.839751495621E0,
9.098566923192E-1));
#1584=CARTESIAN_POINT('',(7.129143542050E0,-6.838644020700E0,
9.181267516573E-1));
#1585=CARTESIAN_POINT('',(7.198015815628E0,-6.838252898218E0,
9.210297476703E-1));
#1586=CARTESIAN_POINT('',(7.266526002524E0,-6.838599110130E0,
9.184604904092E-1));
#1587=CARTESIAN_POINT('',(7.334532912232E0,-6.839657760034E0,
9.105596227702E-1));
#1588=CARTESIAN_POINT('',(7.404107819800E0,-6.841477827664E0,
8.968139596014E-1));
#1589=CARTESIAN_POINT('',(7.476382438002E0,-6.844155822623E0,
8.762040943547E-1));
#1590=CARTESIAN_POINT('',(7.554582128007E0,-6.847953057090E0,
8.461496198438E-1));
#1591=CARTESIAN_POINT('',(7.640388427201E0,-6.853211796664E0,
8.027238108844E-1));
#1592=CARTESIAN_POINT('',(7.732054671132E0,-6.860104474739E0,
7.420378753613E-1));
#1593=CARTESIAN_POINT('',(7.826176811068E0,-6.868558572774E0,
6.601806517938E-1));
#1594=CARTESIAN_POINT('',(7.916741247315E0,-6.878031741566E0,
5.543091334124E-1));
#1595=CARTESIAN_POINT('',(7.993369406232E0,-6.887079799354E0,
4.288713644985E-1));
#1596=CARTESIAN_POINT('',(8.049314591567E0,-6.894270567116E0,
2.926726473429E-1));
#1597=CARTESIAN_POINT('',(8.083632926698E0,-6.898922044755E0,
1.483718824396E-1));
#1598=CARTESIAN_POINT('',(8.091377941102E0,-6.9E0,4.999056125573E-2));
#1599=CARTESIAN_POINT('',(8.091377941102E0,-6.9E0,0.E0));
#1601=CARTESIAN_POINT('',(7.2E0,-6.446739185328E0,0.E0));
#1602=DIRECTION('',(0.E0,0.E0,-1.E0));
#1603=DIRECTION('',(8.913779411018E-1,-4.532608146719E-1,0.E0));
#1604=AXIS2_PLACEMENT_3D('',#1601,#1602,#1603);
#1606=CARTESIAN_POINT('',(4.1E0,0.E0,0.E0));
#1607=DIRECTION('',(-1.E0,0.E0,0.E0));
#1608=DIRECTION('',(0.E0,9.897433186108E-1,-1.428571428571E-1));
#1609=AXIS2_PLACEMENT_3D('',#1606,#1607,#1608);
#1611=DIRECTION('',(-1.E0,0.E0,0.E0));
#1612=VECTOR('',#1611,5.4E0);
#1613=CARTESIAN_POINT('',(9.5E0,4.2E0,0.E0));
#1614=LINE('',#1613,#1612);
#1615=CARTESIAN_POINT('',(9.5E0,0.E0,0.E0));
#1616=DIRECTION('',(1.E0,0.E0,0.E0));
#1617=DIRECTION('',(0.E0,1.E0,0.E0));
#1618=AXIS2_PLACEMENT_3D('',#1615,#1616,#1617);
#1620=DIRECTION('',(1.E0,0.E0,0.E0));
#1621=VECTOR('',#1620,5.4E0);
#1622=CARTESIAN_POINT('',(4.1E0,4.156921938165E0,-6.E-1));
#1623=LINE('',#1622,#1621);
#1624=CARTESIAN_POINT('',(9.5E0,0.E0,0.E0));
#1625=DIRECTION('',(1.E0,0.E0,0.E0));
#1626=DIRECTION('',(0.E0,9.897433186108E-1,-1.428571428571E-1));
#1627=AXIS2_PLACEMENT_3D('',#1624,#1625,#1626);
#1629=CARTESIAN_POINT('',(7.2E0,3.223369592664E0,-5.583039906067E0));
#1630=DIRECTION('',(0.E0,8.660254037844E-1,5.E-1));
#1631=DIRECTION('',(0.E0,-5.E-1,8.660254037844E-1));
#1632=AXIS2_PLACEMENT_3D('',#1629,#1630,#1631);
#1634=CARTESIAN_POINT('',(7.2E0,3.223369592664E0,5.583039906067E0));
#1635=DIRECTION('',(0.E0,8.660254037844E-1,-5.E-1));
#1636=DIRECTION('',(0.E0,-5.E-1,-8.660254037844E-1));
#1637=AXIS2_PLACEMENT_3D('',#1634,#1635,#1636);
#1639=CARTESIAN_POINT('',(7.2E0,3.223369592664E0,5.583039906067E0));
#1640=DIRECTION('',(0.E0,-8.660254037844E-1,5.E-1));
#1641=DIRECTION('',(0.E0,-5.E-1,-8.660254037844E-1));
#1642=AXIS2_PLACEMENT_3D('',#1639,#1640,#1641);
#1644=CARTESIAN_POINT('',(7.2E0,-6.446739185328E0,0.E0));
#1645=DIRECTION('',(0.E0,0.E0,1.E0));
#1646=DIRECTION('',(0.E0,1.E0,0.E0));
#1647=AXIS2_PLACEMENT_3D('',#1644,#1645,#1646);
#1649=CARTESIAN_POINT('',(7.2E0,-6.446739185328E0,0.E0));
#1650=DIRECTION('',(0.E0,0.E0,-1.E0));
#1651=DIRECTION('',(0.E0,1.E0,0.E0));
#1652=AXIS2_PLACEMENT_3D('',#1649,#1650,#1651);
#1654=CARTESIAN_POINT('',(1.5E0,-9.E0,0.E0));
#1655=CARTESIAN_POINT('',(0.E0,-9.E0,0.E0));
#1656=VERTEX_POINT('',#1654);
#1657=VERTEX_POINT('',#1655);
#1658=CARTESIAN_POINT('',(1.5E0,9.E0,0.E0));
#1659=VERTEX_POINT('',#1658);
#1660=CARTESIAN_POINT('',(-1.6E0,-8.5E0,4.907477288112E0));
#1661=CARTESIAN_POINT('',(-1.6E0,-1.953992523340E-14,9.814954576224E0));
#1662=VERTEX_POINT('',#1660);
#1663=VERTEX_POINT('',#1661);
#1664=CARTESIAN_POINT('',(-1.6E0,8.5E0,4.907477288112E0));
#1665=VERTEX_POINT('',#1664);
#1666=CARTESIAN_POINT('',(-1.6E0,8.5E0,-4.907477288112E0));
#1667=VERTEX_POINT('',#1666);
#1668=CARTESIAN_POINT('',(-1.6E0,1.953992523340E-14,-9.814954576224E0));
#1669=VERTEX_POINT('',#1668);
#1670=CARTESIAN_POINT('',(-1.6E0,-8.5E0,-4.907477288112E0));
#1671=VERTEX_POINT('',#1670);
#1672=VERTEX_POINT('',#462);
#1673=VERTEX_POINT('',#471);
#1674=CARTESIAN_POINT('',(-4.6E0,0.E0,7.5E0));
#1675=CARTESIAN_POINT('',(-4.6E0,0.E0,-7.5E0));
#1676=VERTEX_POINT('',#1674);
#1677=VERTEX_POINT('',#1675);
#1678=VERTEX_POINT('',#482);
#1679=VERTEX_POINT('',#493);
#1680=CARTESIAN_POINT('',(-4.6E0,5.35E0,1.038516779638E0));
#1681=CARTESIAN_POINT('',(-4.6E0,5.350025590057E0,-1.038303970104E0));
#1682=VERTEX_POINT('',#1680);
#1683=VERTEX_POINT('',#1681);
#1684=CARTESIAN_POINT('',(-4.6E0,4.746370072231E0,-2.678334814455E0));
#1685=VERTEX_POINT('',#1684);
#1686=VERTEX_POINT('',#532);
#1687=CARTESIAN_POINT('',(-4.6E0,-5.95E0,0.E0));
#1688=CARTESIAN_POINT('',(-4.6E0,-5.821187529258E0,1.231371491148E0));
#1689=VERTEX_POINT('',#1687);
#1690=VERTEX_POINT('',#1688);
#1691=VERTEX_POINT('',#732);
#1692=VERTEX_POINT('',#611);
#1693=VERTEX_POINT('',#618);
#1694=CARTESIAN_POINT('',(-4.945911618668E0,5.349993349012E0,2.603837735809E0));
#1695=VERTEX_POINT('',#1694);
#1696=VERTEX_POINT('',#625);
#1697=CARTESIAN_POINT('',(-5.388459377670E0,5.349926146152E0,1.039210306409E0));
#1698=VERTEX_POINT('',#1697);
#1699=VERTEX_POINT('',#632);
#1700=CARTESIAN_POINT('',(-5.695793349342E0,5.349957621058E0,2.603816242482E0));
#1701=VERTEX_POINT('',#1700);
#1702=VERTEX_POINT('',#639);
#1703=CARTESIAN_POINT('',(-6.138485892996E0,5.349783983661E0,1.039174709183E0));
#1704=VERTEX_POINT('',#1703);
#1705=VERTEX_POINT('',#646);
#1706=CARTESIAN_POINT('',(-6.445704896104E0,5.349930622797E0,2.603798491016E0));
#1707=VERTEX_POINT('',#1706);
#1708=VERTEX_POINT('',#653);
#1709=CARTESIAN_POINT('',(-6.888557002720E0,5.349945222657E0,1.039219922681E0));
#1710=VERTEX_POINT('',#1709);
#1711=VERTEX_POINT('',#660);
#1712=VERTEX_POINT('',#667);
#1713=VERTEX_POINT('',#674);
#1714=VERTEX_POINT('',#681);
#1715=CARTESIAN_POINT('',(-6.811463752976E0,5.349782375214E0,
-1.039175731619E0));
#1716=VERTEX_POINT('',#1715);
#1717=VERTEX_POINT('',#688);
#1718=CARTESIAN_POINT('',(-6.504112265607E0,5.349985937966E0,
-2.603831665034E0));
#1719=VERTEX_POINT('',#1718);
#1720=VERTEX_POINT('',#695);
#1721=CARTESIAN_POINT('',(-6.061572243870E0,5.349989923714E0,
-1.039225933520E0));
#1722=VERTEX_POINT('',#1721);
#1723=VERTEX_POINT('',#702);
#1724=CARTESIAN_POINT('',(-5.754117634051E0,5.349984045342E0,
-2.603828476254E0));
#1725=VERTEX_POINT('',#1724);
#1726=VERTEX_POINT('',#709);
#1727=CARTESIAN_POINT('',(-5.311531807690E0,5.349908669950E0,
-1.039207120052E0));
#1728=VERTEX_POINT('',#1727);
#1729=VERTEX_POINT('',#716);
#1730=CARTESIAN_POINT('',(-5.004067053867E0,5.349999856773E0,
-2.603842141969E0));
#1731=VERTEX_POINT('',#1730);
#1732=VERTEX_POINT('',#723);
#1733=VERTEX_POINT('',#761);
#1734=VERTEX_POINT('',#889);
#1735=VERTEX_POINT('',#925);
#1736=VERTEX_POINT('',#932);
#1737=VERTEX_POINT('',#968);
#1738=VERTEX_POINT('',#989);
#1739=VERTEX_POINT('',#1031);
#1740=VERTEX_POINT('',#1022);
#1741=VERTEX_POINT('',#1067);
#1742=VERTEX_POINT('',#1228);
#1743=VERTEX_POINT('',#1266);
#1744=VERTEX_POINT('',#1282);
#1745=VERTEX_POINT('',#1307);
#1746=VERTEX_POINT('',#1366);
#1747=VERTEX_POINT('',#1353);
#1748=CARTESIAN_POINT('',(-7.5E0,-5.35E0,-3.332780042152E-13));
#1749=VERTEX_POINT('',#1748);
#1750=CARTESIAN_POINT('',(-9.E0,5.35E0,0.E0));
#1751=VERTEX_POINT('',#1750);
#1752=CARTESIAN_POINT('',(-9.E0,-5.349768336999E0,-4.978695052256E-2));
#1753=VERTEX_POINT('',#1752);
#1754=CARTESIAN_POINT('',(-9.E0,-5.35E0,-3.332780042152E-13));
#1755=VERTEX_POINT('',#1754);
#1756=CARTESIAN_POINT('',(-9.E0,5.349768336999E0,4.978695052257E-2));
#1757=VERTEX_POINT('',#1756);
#1758=CARTESIAN_POINT('',(-9.3E0,5.049795954481E0,4.535051385241E-2));
#1759=CARTESIAN_POINT('',(-9.3E0,-5.049999523374E0,8.154264208653E-4));
#1760=VERTEX_POINT('',#1758);
#1761=VERTEX_POINT('',#1759);
#1762=CARTESIAN_POINT('',(-9.3E0,5.049999523374E0,-8.154264208554E-4));
#1763=VERTEX_POINT('',#1762);
#1764=CARTESIAN_POINT('',(-9.3E0,-5.049795954481E0,-4.535051385241E-2));
#1765=VERTEX_POINT('',#1764);
#1766=CARTESIAN_POINT('',(-9.3E0,-4.85E0,0.E0));
#1767=CARTESIAN_POINT('',(-9.3E0,4.85E0,0.E0));
#1768=VERTEX_POINT('',#1766);
#1769=VERTEX_POINT('',#1767);
#1770=CARTESIAN_POINT('',(-8.1E0,4.85E0,0.E0));
#1771=CARTESIAN_POINT('',(-8.1E0,-4.85E0,0.E0));
#1772=VERTEX_POINT('',#1770);
#1773=VERTEX_POINT('',#1771);
#1774=VERTEX_POINT('',#558);
#1775=VERTEX_POINT('',#569);
#1776=CARTESIAN_POINT('',(1.5E0,6.9E0,0.E0));
#1777=CARTESIAN_POINT('',(1.5E0,-6.9E0,0.E0));
#1778=VERTEX_POINT('',#1776);
#1779=VERTEX_POINT('',#1777);
#1780=CARTESIAN_POINT('',(1.050000326973E1,-6.9E0,1.195415491911E-10));
#1781=CARTESIAN_POINT('',(8.224999988414E0,-6.9E0,0.E0));
#1782=VERTEX_POINT('',#1780);
#1783=VERTEX_POINT('',#1781);
#1784=VERTEX_POINT('',#248);
#1785=CARTESIAN_POINT('',(8.9E0,6.9E0,0.E0));
#1786=VERTEX_POINT('',#1785);
#1787=VERTEX_POINT('',#335);
#1788=CARTESIAN_POINT('',(1.050000326973E1,6.9E0,-2.372488542052E-10));
#1789=VERTEX_POINT('',#1788);
#1790=CARTESIAN_POINT('',(1.050000326973E1,-2.937464604254E-14,
6.899999999999E0));
#1791=VERTEX_POINT('',#1790);
#1792=VERTEX_POINT('',#254);
#1793=VERTEX_POINT('',#266);
#1794=VERTEX_POINT('',#268);
#1795=VERTEX_POINT('',#280);
#1796=CARTESIAN_POINT('',(7.2E0,-7.446739185328E0,0.E0));
#1797=VERTEX_POINT('',#1796);
#1798=VERTEX_POINT('',#62);
#1799=VERTEX_POINT('',#72);
#1800=CARTESIAN_POINT('',(7.2E0,-5.446739185328E0,0.E0));
#1801=VERTEX_POINT('',#1800);
#1802=CARTESIAN_POINT('',(4.1E0,5.448623679426E0,-7.5E-1));
#1803=CARTESIAN_POINT('',(9.899996861046E0,5.448623679426E0,
-7.499999999999E-1));
#1804=VERTEX_POINT('',#1802);
#1805=VERTEX_POINT('',#1803);
#1806=CARTESIAN_POINT('',(9.899996861047E0,0.E0,-5.499999999999E0));
#1807=VERTEX_POINT('',#1806);
#1808=CARTESIAN_POINT('',(9.899996861047E0,-5.499999999999E0,0.E0));
#1809=VERTEX_POINT('',#1808);
#1810=CARTESIAN_POINT('',(9.899996861047E0,1.431816605529E-14,
5.499999999999E0));
#1811=VERTEX_POINT('',#1810);
#1812=CARTESIAN_POINT('',(9.899996861047E0,5.448623679425E0,7.499999999999E-1));
#1813=VERTEX_POINT('',#1812);
#1814=CARTESIAN_POINT('',(4.1E0,5.448623679426E0,7.5E-1));
#1815=VERTEX_POINT('',#1814);
#1816=CARTESIAN_POINT('',(4.1E0,-5.5E0,0.E0));
#1817=VERTEX_POINT('',#1816);
#1818=VERTEX_POINT('',#14);
#1819=VERTEX_POINT('',#24);
#1820=VERTEX_POINT('',#38);
#1821=VERTEX_POINT('',#48);
#1822=VERTEX_POINT('',#290);
#1823=VERTEX_POINT('',#302);
#1824=CARTESIAN_POINT('',(7.2E0,3.723369592664E0,-6.449065309851E0));
#1825=VERTEX_POINT('',#1824);
#1826=CARTESIAN_POINT('',(7.2E0,2.723369592664E0,-4.717014502283E0));
#1827=VERTEX_POINT('',#1826);
#1828=CARTESIAN_POINT('',(1.050000326973E1,1.949489791607E-14,
-6.899999999999E0));
#1829=VERTEX_POINT('',#1828);
#1830=CARTESIAN_POINT('',(1.070000142513E1,-6.700001037252E0,
1.549658276195E-10));
#1831=VERTEX_POINT('',#1830);
#1832=CARTESIAN_POINT('',(1.070000213770E1,-1.776953302422E-13,
-6.700001037253E0));
#1833=VERTEX_POINT('',#1832);
#1834=CARTESIAN_POINT('',(1.070000213770E1,6.700001037253E0,
-6.251892529272E-13));
#1835=VERTEX_POINT('',#1834);
#1836=CARTESIAN_POINT('',(1.070000213770E1,1.639285647369E-13,
6.700001037253E0));
#1837=VERTEX_POINT('',#1836);
#1838=CARTESIAN_POINT('',(1.069999705049E1,-6.300000646019E0,
-1.647024517692E-13));
#1839=CARTESIAN_POINT('',(1.069999705049E1,8.318158102845E-14,
-6.300000646019E0));
#1840=VERTEX_POINT('',#1838);
#1841=VERTEX_POINT('',#1839);
#1842=CARTESIAN_POINT('',(1.069999705049E1,6.300000646019E0,
1.644480945631E-13));
#1843=VERTEX_POINT('',#1842);
#1844=CARTESIAN_POINT('',(1.069999705049E1,-6.719436947385E-14,
6.300000646019E0));
#1845=VERTEX_POINT('',#1844);
#1846=VERTEX_POINT('',#149);
#1847=VERTEX_POINT('',#154);
#1848=CARTESIAN_POINT('',(4.1E0,6.1E0,7.5E-1));
#1849=CARTESIAN_POINT('',(4.1E0,6.1E0,-7.5E-1));
#1850=VERTEX_POINT('',#1848);
#1851=VERTEX_POINT('',#1849);
#1852=CARTESIAN_POINT('',(1.054593010740E1,6.1E0,7.5E-1));
#1853=VERTEX_POINT('',#1852);
#1854=CARTESIAN_POINT('',(9.9E0,6.7E0,-2.203415228053E-11));
#1855=VERTEX_POINT('',#1854);
#1856=CARTESIAN_POINT('',(8.9E0,6.700000000001E0,0.E0));
#1857=VERTEX_POINT('',#1856);
#1858=CARTESIAN_POINT('',(9.4E0,6.518014882868E0,0.E0));
#1859=VERTEX_POINT('',#1858);
#1860=CARTESIAN_POINT('',(7.2E0,3.723369592664E0,6.449065309851E0));
#1861=VERTEX_POINT('',#1860);
#1862=CARTESIAN_POINT('',(7.2E0,2.723369592664E0,4.717014502283E0));
#1863=VERTEX_POINT('',#1862);
#1864=CARTESIAN_POINT('',(4.1E0,4.156921938165E0,-6.E-1));
#1865=CARTESIAN_POINT('',(4.1E0,4.2E0,0.E0));
#1866=VERTEX_POINT('',#1864);
#1867=VERTEX_POINT('',#1865);
#1868=CARTESIAN_POINT('',(9.5E0,4.156921938165E0,-6.E-1));
#1869=VERTEX_POINT('',#1868);
#1870=CARTESIAN_POINT('',(9.5E0,4.2E0,0.E0));
#1871=VERTEX_POINT('',#1870);
#1872=CARTESIAN_POINT('',(0.E0,9.E0,0.E0));
#1873=VERTEX_POINT('',#1872);
#1874=CARTESIAN_POINT('',(-1.6E0,5.35E0,2.603843313258E0));
#1875=CARTESIAN_POINT('',(0.E0,5.35E0,2.603843313258E0));
#1876=VERTEX_POINT('',#1874);
#1877=VERTEX_POINT('',#1875);
#1878=CARTESIAN_POINT('',(-1.6E0,5.35E0,-2.603843313258E0));
#1879=CARTESIAN_POINT('',(0.E0,5.35E0,-2.603843313258E0));
#1880=VERTEX_POINT('',#1878);
#1881=VERTEX_POINT('',#1879);
#1882=CARTESIAN_POINT('',(7.2E0,3.223369592664E0,-5.583039906067E0));
#1883=DIRECTION('',(0.E0,-5.E-1,8.660254037844E-1));
#1884=DIRECTION('',(-1.E0,0.E0,0.E0));
#1885=AXIS2_PLACEMENT_3D('',#1882,#1883,#1884);
#1886=SPHERICAL_SURFACE('',#1885,1.E0);
#1888=ORIENTED_EDGE('',*,*,#1887,.F.);
#1890=ORIENTED_EDGE('',*,*,#1889,.F.);
#1892=ORIENTED_EDGE('',*,*,#1891,.T.);
#1893=EDGE_LOOP('',(#1888,#1890,#1892));
#1894=FACE_OUTER_BOUND('',#1893,.F.);
#1895=ADVANCED_FACE('',(#1894),#1886,.T.);
#1896=CARTESIAN_POINT('',(-1.03E1,0.E0,0.E0));
#1897=DIRECTION('',(1.E0,0.E0,0.E0));
#1898=DIRECTION('',(0.E0,-1.E0,0.E0));
#1899=AXIS2_PLACEMENT_3D('',#1896,#1897,#1898);
#1900=CYLINDRICAL_SURFACE('',#1899,5.5E0);
#1902=ORIENTED_EDGE('',*,*,#1901,.T.);
#1904=ORIENTED_EDGE('',*,*,#1903,.F.);
#1906=ORIENTED_EDGE('',*,*,#1905,.F.);
#1908=ORIENTED_EDGE('',*,*,#1907,.F.);
#1910=ORIENTED_EDGE('',*,*,#1909,.F.);
#1912=ORIENTED_EDGE('',*,*,#1911,.T.);
#1914=ORIENTED_EDGE('',*,*,#1913,.F.);
#1916=ORIENTED_EDGE('',*,*,#1915,.F.);
#1917=EDGE_LOOP('',(#1902,#1904,#1906,#1908,#1910,#1912,#1914,#1916));
#1918=FACE_OUTER_BOUND('',#1917,.F.);
#1919=ORIENTED_EDGE('',*,*,#1887,.T.);
#1921=ORIENTED_EDGE('',*,*,#1920,.T.);
#1922=EDGE_LOOP('',(#1919,#1921));
#1923=FACE_BOUND('',#1922,.F.);
#1925=ORIENTED_EDGE('',*,*,#1924,.T.);
#1927=ORIENTED_EDGE('',*,*,#1926,.T.);
#1928=EDGE_LOOP('',(#1925,#1927));
#1929=FACE_BOUND('',#1928,.F.);
#1931=ORIENTED_EDGE('',*,*,#1930,.T.);
#1933=ORIENTED_EDGE('',*,*,#1932,.T.);
#1934=EDGE_LOOP('',(#1931,#1933));
#1935=FACE_BOUND('',#1934,.F.);
#1936=ADVANCED_FACE('',(#1918,#1923,#1929,#1935),#1900,.F.);
#1937=CARTESIAN_POINT('',(1.07E1,4.6E0,-7.5E-1));
#1938=DIRECTION('',(0.E0,0.E0,-1.E0));
#1939=DIRECTION('',(0.E0,1.E0,0.E0));
#1940=AXIS2_PLACEMENT_3D('',#1937,#1938,#1939);
#1941=PLANE('',#1940);
#1943=ORIENTED_EDGE('',*,*,#1942,.F.);
#1945=ORIENTED_EDGE('',*,*,#1944,.F.);
#1947=ORIENTED_EDGE('',*,*,#1946,.F.);
#1948=ORIENTED_EDGE('',*,*,#1901,.F.);
#1949=EDGE_LOOP('',(#1943,#1945,#1947,#1948));
#1950=FACE_OUTER_BOUND('',#1949,.F.);
#1951=ADVANCED_FACE('',(#1950),#1941,.F.);
#1952=CARTESIAN_POINT('',(4.1E0,0.E0,0.E0));
#1953=DIRECTION('',(1.E0,0.E0,0.E0));
#1954=DIRECTION('',(0.E0,-1.E0,0.E0));
#1955=AXIS2_PLACEMENT_3D('',#1952,#1953,#1954);
#1956=PLANE('',#1955);
#1957=ORIENTED_EDGE('',*,*,#1915,.T.);
#1958=ORIENTED_EDGE('',*,*,#1913,.T.);
#1960=ORIENTED_EDGE('',*,*,#1959,.T.);
#1962=ORIENTED_EDGE('',*,*,#1961,.T.);
#1963=ORIENTED_EDGE('',*,*,#1942,.T.);
#1964=EDGE_LOOP('',(#1957,#1958,#1960,#1962,#1963));
#1965=FACE_OUTER_BOUND('',#1964,.F.);
#1967=ORIENTED_EDGE('',*,*,#1966,.F.);
#1969=ORIENTED_EDGE('',*,*,#1968,.T.);
#1970=EDGE_LOOP('',(#1967,#1969));
#1971=FACE_BOUND('',#1970,.F.);
#1972=ADVANCED_FACE('',(#1965,#1971),#1956,.T.);
#1973=CARTESIAN_POINT('',(1.07E1,6.1E0,7.5E-1));
#1974=DIRECTION('',(0.E0,0.E0,1.E0));
#1975=DIRECTION('',(0.E0,-1.E0,0.E0));
#1976=AXIS2_PLACEMENT_3D('',#1973,#1974,#1975);
#1977=PLANE('',#1976);
#1978=ORIENTED_EDGE('',*,*,#1959,.F.);
#1979=ORIENTED_EDGE('',*,*,#1911,.F.);
#1981=ORIENTED_EDGE('',*,*,#1980,.F.);
#1983=ORIENTED_EDGE('',*,*,#1982,.T.);
#1984=EDGE_LOOP('',(#1978,#1979,#1981,#1983));
#1985=FACE_OUTER_BOUND('',#1984,.F.);
#1986=ADVANCED_FACE('',(#1985),#1977,.F.);
#1987=CARTESIAN_POINT('',(1.029999695577E1,1.598721155460E-14,0.E0));
#1988=DIRECTION('',(1.E0,0.E0,0.E0));
#1989=DIRECTION('',(0.E0,0.E0,-1.E0));
#1990=AXIS2_PLACEMENT_3D('',#1987,#1988,#1989);
#1991=CONICAL_SURFACE('',#1990,5.900000323009E0,4.500001634990E1);
#1993=ORIENTED_EDGE('',*,*,#1992,.T.);
#1994=ORIENTED_EDGE('',*,*,#1980,.T.);
#1995=ORIENTED_EDGE('',*,*,#1909,.T.);
#1996=ORIENTED_EDGE('',*,*,#1907,.T.);
#1998=ORIENTED_EDGE('',*,*,#1997,.F.);
#2000=ORIENTED_EDGE('',*,*,#1999,.F.);
#2002=ORIENTED_EDGE('',*,*,#2001,.F.);
#2004=ORIENTED_EDGE('',*,*,#2003,.T.);
#2005=EDGE_LOOP('',(#1993,#1994,#1995,#1996,#1998,#2000,#2002,#2004));
#2006=FACE_OUTER_BOUND('',#2005,.F.);
#2007=ADVANCED_FACE('',(#2006),#1991,.F.);
#2008=CARTESIAN_POINT('',(1.07E1,6.1E0,-7.5E-1));
#2009=DIRECTION('',(0.E0,1.E0,0.E0));
#2010=DIRECTION('',(0.E0,0.E0,1.E0));
#2011=AXIS2_PLACEMENT_3D('',#2008,#2009,#2010);
#2012=PLANE('',#2011);
#2013=ORIENTED_EDGE('',*,*,#1961,.F.);
#2014=ORIENTED_EDGE('',*,*,#1982,.F.);
#2015=ORIENTED_EDGE('',*,*,#1992,.F.);
#2017=ORIENTED_EDGE('',*,*,#2016,.F.);
#2018=ORIENTED_EDGE('',*,*,#1944,.T.);
#2019=EDGE_LOOP('',(#2013,#2014,#2015,#2017,#2018));
#2020=FACE_OUTER_BOUND('',#2019,.F.);
#2021=ADVANCED_FACE('',(#2020),#2012,.F.);
#2022=CARTESIAN_POINT('',(1.029999695577E1,0.E0,0.E0));
#2023=DIRECTION('',(1.E0,0.E0,0.E0));
#2024=DIRECTION('',(0.E0,0.E0,-1.E0));
#2025=AXIS2_PLACEMENT_3D('',#2022,#2023,#2024);
#2026=CONICAL_SURFACE('',#2025,5.900000323009E0,4.500001634990E1);
#2027=ORIENTED_EDGE('',*,*,#2016,.T.);
#2028=ORIENTED_EDGE('',*,*,#2003,.F.);
#2030=ORIENTED_EDGE('',*,*,#2029,.F.);
#2032=ORIENTED_EDGE('',*,*,#2031,.F.);
#2033=ORIENTED_EDGE('',*,*,#1997,.T.);
#2034=ORIENTED_EDGE('',*,*,#1905,.T.);
#2035=ORIENTED_EDGE('',*,*,#1903,.T.);
#2036=ORIENTED_EDGE('',*,*,#1946,.T.);
#2037=EDGE_LOOP('',(#2027,#2028,#2030,#2032,#2033,#2034,#2035,#2036));
#2038=FACE_OUTER_BOUND('',#2037,.F.);
#2039=ADVANCED_FACE('',(#2038),#2026,.F.);
#2040=CARTESIAN_POINT('',(1.07E1,0.E0,0.E0));
#2041=DIRECTION('',(1.E0,0.E0,0.E0));
#2042=DIRECTION('',(0.E0,-1.E0,0.E0));
#2043=AXIS2_PLACEMENT_3D('',#2040,#2041,#2042);
#2044=PLANE('',#2043);
#2046=ORIENTED_EDGE('',*,*,#2045,.T.);
#2048=ORIENTED_EDGE('',*,*,#2047,.T.);
#2050=ORIENTED_EDGE('',*,*,#2049,.T.);
#2052=ORIENTED_EDGE('',*,*,#2051,.T.);
#2053=EDGE_LOOP('',(#2046,#2048,#2050,#2052));
#2054=FACE_OUTER_BOUND('',#2053,.F.);
#2055=ORIENTED_EDGE('',*,*,#2031,.T.);
#2056=ORIENTED_EDGE('',*,*,#2029,.T.);
#2057=ORIENTED_EDGE('',*,*,#2001,.T.);
#2058=ORIENTED_EDGE('',*,*,#1999,.T.);
#2059=EDGE_LOOP('',(#2055,#2056,#2057,#2058));
#2060=FACE_BOUND('',#2059,.F.);
#2061=ADVANCED_FACE('',(#2054,#2060),#2044,.T.);
#2062=CARTESIAN_POINT('',(1.060000270372E1,-3.241851231905E-14,
-1.909583602355E-14));
#2063=DIRECTION('',(-1.E0,0.E0,0.E0));
#2064=DIRECTION('',(0.E0,0.E0,-1.E0));
#2065=AXIS2_PLACEMENT_3D('',#2062,#2063,#2064);
#2066=CONICAL_SURFACE('',#2065,6.800000518626E0,4.500001357547E1);
#2068=ORIENTED_EDGE('',*,*,#2067,.T.);
#2070=ORIENTED_EDGE('',*,*,#2069,.T.);
#2072=ORIENTED_EDGE('',*,*,#2071,.T.);
#2073=ORIENTED_EDGE('',*,*,#2047,.F.);
#2074=ORIENTED_EDGE('',*,*,#2045,.F.);
#2076=ORIENTED_EDGE('',*,*,#2075,.F.);
#2077=EDGE_LOOP('',(#2068,#2070,#2072,#2073,#2074,#2076));
#2078=FACE_OUTER_BOUND('',#2077,.F.);
#2079=ADVANCED_FACE('',(#2078),#2066,.T.);
#2080=CARTESIAN_POINT('',(-1.03E1,0.E0,0.E0));
#2081=DIRECTION('',(1.E0,0.E0,0.E0));
#2082=DIRECTION('',(0.E0,-1.E0,0.E0));
#2083=AXIS2_PLACEMENT_3D('',#2080,#2081,#2082);
#2084=CYLINDRICAL_SURFACE('',#2083,6.9E0);
#2086=ORIENTED_EDGE('',*,*,#2085,.T.);
#2088=ORIENTED_EDGE('',*,*,#2087,.T.);
#2090=ORIENTED_EDGE('',*,*,#2089,.T.);
#2092=ORIENTED_EDGE('',*,*,#2091,.F.);
#2094=ORIENTED_EDGE('',*,*,#2093,.F.);
#2096=ORIENTED_EDGE('',*,*,#2095,.F.);
#2098=ORIENTED_EDGE('',*,*,#2097,.F.);
#2099=ORIENTED_EDGE('',*,*,#2069,.F.);
#2100=ORIENTED_EDGE('',*,*,#2067,.F.);
#2101=EDGE_LOOP('',(#2086,#2088,#2090,#2092,#2094,#2096,#2098,#2099,#2100));
#2102=FACE_OUTER_BOUND('',#2101,.F.);
#2104=ORIENTED_EDGE('',*,*,#2103,.T.);
#2106=ORIENTED_EDGE('',*,*,#2105,.F.);
#2107=EDGE_LOOP('',(#2104,#2106));
#2108=FACE_BOUND('',#2107,.F.);
#2110=ORIENTED_EDGE('',*,*,#2109,.T.);
#2112=ORIENTED_EDGE('',*,*,#2111,.F.);
#2113=EDGE_LOOP('',(#2110,#2112));
#2114=FACE_BOUND('',#2113,.F.);
#2115=ADVANCED_FACE('',(#2102,#2108,#2114),#2084,.T.);
#2116=CARTESIAN_POINT('',(-1.03E1,0.E0,0.E0));
#2117=DIRECTION('',(1.E0,0.E0,0.E0));
#2118=DIRECTION('',(0.E0,-1.E0,0.E0));
#2119=AXIS2_PLACEMENT_3D('',#2116,#2117,#2118);
#2120=CYLINDRICAL_SURFACE('',#2119,6.9E0);
#2121=ORIENTED_EDGE('',*,*,#2085,.F.);
#2123=ORIENTED_EDGE('',*,*,#2122,.F.);
#2125=ORIENTED_EDGE('',*,*,#2124,.F.);
#2126=ORIENTED_EDGE('',*,*,#2097,.T.);
#2128=ORIENTED_EDGE('',*,*,#2127,.F.);
#2129=ORIENTED_EDGE('',*,*,#2093,.T.);
#2131=ORIENTED_EDGE('',*,*,#2130,.F.);
#2132=ORIENTED_EDGE('',*,*,#2089,.F.);
#2133=ORIENTED_EDGE('',*,*,#2087,.F.);
#2134=EDGE_LOOP('',(#2121,#2123,#2125,#2126,#2128,#2129,#2131,#2132,#2133));
#2135=FACE_OUTER_BOUND('',#2134,.F.);
#2137=ORIENTED_EDGE('',*,*,#2136,.T.);
#2139=ORIENTED_EDGE('',*,*,#2138,.F.);
#2140=EDGE_LOOP('',(#2137,#2139));
#2141=FACE_BOUND('',#2140,.F.);
#2142=ADVANCED_FACE('',(#2135,#2141),#2120,.T.);
#2143=CARTESIAN_POINT('',(1.060000270372E1,1.865174681370E-14,
-1.243449787580E-14));
#2144=DIRECTION('',(-1.E0,0.E0,0.E0));
#2145=DIRECTION('',(0.E0,0.E0,-1.E0));
#2146=AXIS2_PLACEMENT_3D('',#2143,#2144,#2145);
#2147=CONICAL_SURFACE('',#2146,6.800000518626E0,4.500001357547E1);
#2148=ORIENTED_EDGE('',*,*,#2124,.T.);
#2149=ORIENTED_EDGE('',*,*,#2122,.T.);
#2150=ORIENTED_EDGE('',*,*,#2075,.T.);
#2151=ORIENTED_EDGE('',*,*,#2051,.F.);
#2152=ORIENTED_EDGE('',*,*,#2049,.F.);
#2153=ORIENTED_EDGE('',*,*,#2071,.F.);
#2154=EDGE_LOOP('',(#2148,#2149,#2150,#2151,#2152,#2153));
#2155=FACE_OUTER_BOUND('',#2154,.F.);
#2156=ADVANCED_FACE('',(#2155),#2147,.T.);
#2157=CARTESIAN_POINT('',(9.4E0,6.919099255857E0,0.E0));
#2158=DIRECTION('',(0.E0,-1.E0,0.E0));
#2159=DIRECTION('',(-1.E0,0.E0,0.E0));
#2160=AXIS2_PLACEMENT_3D('',#2157,#2158,#2159);
#2161=CYLINDRICAL_SURFACE('',#2160,5.E-1);
#2162=ORIENTED_EDGE('',*,*,#2127,.T.);
#2164=ORIENTED_EDGE('',*,*,#2163,.F.);
#2166=ORIENTED_EDGE('',*,*,#2165,.F.);
#2168=ORIENTED_EDGE('',*,*,#2167,.T.);
#2169=EDGE_LOOP('',(#2162,#2164,#2166,#2168));
#2170=FACE_OUTER_BOUND('',#2169,.F.);
#2171=ADVANCED_FACE('',(#2170),#2161,.F.);
#2172=CARTESIAN_POINT('',(9.4E0,6.919099255857E0,0.E0));
#2173=DIRECTION('',(0.E0,-1.E0,0.E0));
#2174=DIRECTION('',(-1.E0,0.E0,0.E0));
#2175=AXIS2_PLACEMENT_3D('',#2172,#2173,#2174);
#2176=CYLINDRICAL_SURFACE('',#2175,5.E-1);
#2177=ORIENTED_EDGE('',*,*,#2095,.T.);
#2178=ORIENTED_EDGE('',*,*,#2167,.F.);
#2180=ORIENTED_EDGE('',*,*,#2179,.F.);
#2181=ORIENTED_EDGE('',*,*,#2163,.T.);
#2182=EDGE_LOOP('',(#2177,#2178,#2180,#2181));
#2183=FACE_OUTER_BOUND('',#2182,.F.);
#2184=ADVANCED_FACE('',(#2183),#2176,.F.);
#2185=CARTESIAN_POINT('',(9.4E0,6.624652628228E0,0.E0));
#2186=DIRECTION('',(0.E0,1.E0,0.E0));
#2187=DIRECTION('',(1.E0,0.E0,0.E0));
#2188=AXIS2_PLACEMENT_3D('',#2185,#2186,#2187);
#2189=CONICAL_SURFACE('',#2188,2.929847974400E-1,7.E1);
#2191=ORIENTED_EDGE('',*,*,#2190,.T.);
#2192=ORIENTED_EDGE('',*,*,#2179,.T.);
#2194=ORIENTED_EDGE('',*,*,#2193,.F.);
#2195=EDGE_LOOP('',(#2191,#2192,#2194));
#2196=FACE_OUTER_BOUND('',#2195,.F.);
#2197=ADVANCED_FACE('',(#2196),#2189,.F.);
#2198=CARTESIAN_POINT('',(9.4E0,6.624652628228E0,0.E0));
#2199=DIRECTION('',(0.E0,1.E0,0.E0));
#2200=DIRECTION('',(1.E0,0.E0,0.E0));
#2201=AXIS2_PLACEMENT_3D('',#2198,#2199,#2200);
#2202=CONICAL_SURFACE('',#2201,2.929847974400E-1,7.E1);
#2203=ORIENTED_EDGE('',*,*,#2190,.F.);
#2204=ORIENTED_EDGE('',*,*,#2193,.T.);
#2205=ORIENTED_EDGE('',*,*,#2165,.T.);
#2206=EDGE_LOOP('',(#2203,#2204,#2205));
#2207=FACE_OUTER_BOUND('',#2206,.F.);
#2208=ADVANCED_FACE('',(#2207),#2202,.F.);
#2209=CARTESIAN_POINT('',(1.5E0,0.E0,0.E0));
#2210=DIRECTION('',(1.E0,0.E0,0.E0));
#2211=DIRECTION('',(0.E0,-1.E0,0.E0));
#2212=AXIS2_PLACEMENT_3D('',#2209,#2210,#2211);
#2213=PLANE('',#2212);
#2215=ORIENTED_EDGE('',*,*,#2214,.T.);
#2217=ORIENTED_EDGE('',*,*,#2216,.T.);
#2218=EDGE_LOOP('',(#2215,#2217));
#2219=FACE_OUTER_BOUND('',#2218,.F.);
#2220=ORIENTED_EDGE('',*,*,#2091,.T.);
#2221=ORIENTED_EDGE('',*,*,#2130,.T.);
#2222=EDGE_LOOP('',(#2220,#2221));
#2223=FACE_BOUND('',#2222,.F.);
#2224=ADVANCED_FACE('',(#2219,#2223),#2213,.T.);
#2225=CARTESIAN_POINT('',(-1.03E1,0.E0,0.E0));
#2226=DIRECTION('',(1.E0,0.E0,0.E0));
#2227=DIRECTION('',(0.E0,-1.E0,0.E0));
#2228=AXIS2_PLACEMENT_3D('',#2225,#2226,#2227);
#2229=CYLINDRICAL_SURFACE('',#2228,9.E0);
#2231=ORIENTED_EDGE('',*,*,#2230,.F.);
#2233=ORIENTED_EDGE('',*,*,#2232,.F.);
#2234=ORIENTED_EDGE('',*,*,#2214,.F.);
#2236=ORIENTED_EDGE('',*,*,#2235,.T.);
#2237=EDGE_LOOP('',(#2231,#2233,#2234,#2236));
#2238=FACE_OUTER_BOUND('',#2237,.F.);
#2239=ADVANCED_FACE('',(#2238),#2229,.T.);
#2240=CARTESIAN_POINT('',(0.E0,0.E0,0.E0));
#2241=DIRECTION('',(1.E0,0.E0,0.E0));
#2242=DIRECTION('',(0.E0,-1.E0,0.E0));
#2243=AXIS2_PLACEMENT_3D('',#2240,#2241,#2242);
#2244=PLANE('',#2243);
#2245=ORIENTED_EDGE('',*,*,#2230,.T.);
#2247=ORIENTED_EDGE('',*,*,#2246,.T.);
#2248=EDGE_LOOP('',(#2245,#2247));
#2249=FACE_OUTER_BOUND('',#2248,.F.);
#2251=ORIENTED_EDGE('',*,*,#2250,.F.);
#2253=ORIENTED_EDGE('',*,*,#2252,.F.);
#2254=EDGE_LOOP('',(#2251,#2253));
#2255=FACE_BOUND('',#2254,.F.);
#2256=ADVANCED_FACE('',(#2249,#2255),#2244,.F.);
#2257=CARTESIAN_POINT('',(-1.03E1,0.E0,0.E0));
#2258=DIRECTION('',(1.E0,0.E0,0.E0));
#2259=DIRECTION('',(0.E0,-1.E0,0.E0));
#2260=AXIS2_PLACEMENT_3D('',#2257,#2258,#2259);
#2261=CYLINDRICAL_SURFACE('',#2260,9.E0);
#2262=ORIENTED_EDGE('',*,*,#2246,.F.);
#2263=ORIENTED_EDGE('',*,*,#2235,.F.);
#2264=ORIENTED_EDGE('',*,*,#2216,.F.);
#2265=ORIENTED_EDGE('',*,*,#2232,.T.);
#2266=EDGE_LOOP('',(#2262,#2263,#2264,#2265));
#2267=FACE_OUTER_BOUND('',#2266,.F.);
#2268=ADVANCED_FACE('',(#2267),#2261,.T.);
#2269=CARTESIAN_POINT('',(-9.788478133651E0,0.E0,0.E0));
#2270=DIRECTION('',(1.E0,0.E0,0.E0));
#2271=DIRECTION('',(0.E0,-1.E0,0.E0));
#2272=AXIS2_PLACEMENT_3D('',#2269,#2270,#2271);
#2273=CYLINDRICAL_SURFACE('',#2272,5.95E0);
#2274=ORIENTED_EDGE('',*,*,#2250,.T.);
#2276=ORIENTED_EDGE('',*,*,#2275,.F.);
#2278=ORIENTED_EDGE('',*,*,#2277,.T.);
#2280=ORIENTED_EDGE('',*,*,#2279,.T.);
#2281=EDGE_LOOP('',(#2274,#2276,#2278,#2280));
#2282=FACE_OUTER_BOUND('',#2281,.F.);
#2283=ADVANCED_FACE('',(#2282),#2273,.T.);
#2284=CARTESIAN_POINT('',(-1.6E0,5.35E0,-4.52E0));
#2285=DIRECTION('',(0.E0,-1.E0,0.E0));
#2286=DIRECTION('',(1.E0,0.E0,0.E0));
#2287=AXIS2_PLACEMENT_3D('',#2284,#2285,#2286);
#2288=PLANE('',#2287);
#2289=ORIENTED_EDGE('',*,*,#2279,.F.);
#2291=ORIENTED_EDGE('',*,*,#2290,.F.);
#2292=ORIENTED_EDGE('',*,*,#2275,.T.);
#2293=ORIENTED_EDGE('',*,*,#2252,.T.);
#2294=EDGE_LOOP('',(#2289,#2291,#2292,#2293));
#2295=FACE_OUTER_BOUND('',#2294,.F.);
#2296=ADVANCED_FACE('',(#2295),#2288,.F.);
#2297=CARTESIAN_POINT('',(-1.6E0,0.E0,0.E0));
#2298=DIRECTION('',(-1.E0,0.E0,0.E0));
#2299=DIRECTION('',(0.E0,1.E0,0.E0));
#2300=AXIS2_PLACEMENT_3D('',#2297,#2298,#2299);
#2301=PLANE('',#2300);
#2303=ORIENTED_EDGE('',*,*,#2302,.T.);
#2305=ORIENTED_EDGE('',*,*,#2304,.T.);
#2307=ORIENTED_EDGE('',*,*,#2306,.T.);
#2309=ORIENTED_EDGE('',*,*,#2308,.T.);
#2311=ORIENTED_EDGE('',*,*,#2310,.T.);
#2313=ORIENTED_EDGE('',*,*,#2312,.T.);
#2314=EDGE_LOOP('',(#2303,#2305,#2307,#2309,#2311,#2313));
#2315=FACE_OUTER_BOUND('',#2314,.F.);
#2316=ORIENTED_EDGE('',*,*,#2277,.F.);
#2317=ORIENTED_EDGE('',*,*,#2290,.T.);
#2318=EDGE_LOOP('',(#2316,#2317));
#2319=FACE_BOUND('',#2318,.F.);
#2320=ADVANCED_FACE('',(#2315,#2319),#2301,.F.);
#2321=CARTESIAN_POINT('',(-1.6E0,-8.5E0,4.907477288112E0));
#2322=DIRECTION('',(0.E0,-5.E-1,8.660254037844E-1));
#2323=DIRECTION('',(0.E0,8.660254037844E-1,5.E-1));
#2324=AXIS2_PLACEMENT_3D('',#2321,#2322,#2323);
#2325=PLANE('',#2324);
#2327=ORIENTED_EDGE('',*,*,#2326,.F.);
#2329=ORIENTED_EDGE('',*,*,#2328,.F.);
#2330=ORIENTED_EDGE('',*,*,#2302,.F.);
#2332=ORIENTED_EDGE('',*,*,#2331,.T.);
#2333=EDGE_LOOP('',(#2327,#2329,#2330,#2332));
#2334=FACE_OUTER_BOUND('',#2333,.F.);
#2335=ADVANCED_FACE('',(#2334),#2325,.T.);
#2336=CARTESIAN_POINT('',(-4.2E0,0.E0,0.E0));
#2337=DIRECTION('',(1.E0,0.E0,0.E0));
#2338=DIRECTION('',(0.E0,0.E0,-1.E0));
#2339=AXIS2_PLACEMENT_3D('',#2336,#2337,#2338);
#2340=CONICAL_SURFACE('',#2339,8.657477288112E0,7.093591835011E1);
#2342=ORIENTED_EDGE('',*,*,#2341,.F.);
#2344=ORIENTED_EDGE('',*,*,#2343,.F.);
#2345=ORIENTED_EDGE('',*,*,#2326,.T.);
#2347=ORIENTED_EDGE('',*,*,#2346,.T.);
#2349=ORIENTED_EDGE('',*,*,#2348,.T.);
#2351=ORIENTED_EDGE('',*,*,#2350,.T.);
#2352=EDGE_LOOP('',(#2342,#2344,#2345,#2347,#2349,#2351));
#2353=FACE_OUTER_BOUND('',#2352,.F.);
#2354=ADVANCED_FACE('',(#2353),#2340,.T.);
#2355=CARTESIAN_POINT('',(-4.6E0,0.E0,0.E0));
#2356=DIRECTION('',(-1.E0,0.E0,0.E0));
#2357=DIRECTION('',(0.E0,1.E0,0.E0));
#2358=AXIS2_PLACEMENT_3D('',#2355,#2356,#2357);
#2359=PLANE('',#2358);
#2361=ORIENTED_EDGE('',*,*,#2360,.T.);
#2362=ORIENTED_EDGE('',*,*,#2341,.T.);
#2363=EDGE_LOOP('',(#2361,#2362));
#2364=FACE_OUTER_BOUND('',#2363,.F.);
#2366=ORIENTED_EDGE('',*,*,#2365,.T.);
#2368=ORIENTED_EDGE('',*,*,#2367,.T.);
#2370=ORIENTED_EDGE('',*,*,#2369,.T.);
#2372=ORIENTED_EDGE('',*,*,#2371,.T.);
#2374=ORIENTED_EDGE('',*,*,#2373,.T.);
#2376=ORIENTED_EDGE('',*,*,#2375,.F.);
#2378=ORIENTED_EDGE('',*,*,#2377,.T.);
#2379=EDGE_LOOP('',(#2366,#2368,#2370,#2372,#2374,#2376,#2378));
#2380=FACE_BOUND('',#2379,.F.);
#2381=ADVANCED_FACE('',(#2364,#2380),#2359,.T.);
#2382=CARTESIAN_POINT('',(-4.2E0,0.E0,0.E0));
#2383=DIRECTION('',(1.E0,0.E0,0.E0));
#2384=DIRECTION('',(0.E0,0.E0,-1.E0));
#2385=AXIS2_PLACEMENT_3D('',#2382,#2383,#2384);
#2386=CONICAL_SURFACE('',#2385,8.657477288112E0,7.093591835011E1);
#2387=ORIENTED_EDGE('',*,*,#2360,.F.);
#2388=ORIENTED_EDGE('',*,*,#2350,.F.);
#2390=ORIENTED_EDGE('',*,*,#2389,.T.);
#2392=ORIENTED_EDGE('',*,*,#2391,.T.);
#2394=ORIENTED_EDGE('',*,*,#2393,.T.);
#2395=ORIENTED_EDGE('',*,*,#2343,.T.);
#2396=EDGE_LOOP('',(#2387,#2388,#2390,#2392,#2394,#2395));
#2397=FACE_OUTER_BOUND('',#2396,.F.);
#2398=ADVANCED_FACE('',(#2397),#2386,.T.);
#2399=CARTESIAN_POINT('',(-1.6E0,8.5E0,-4.907477288112E0));
#2400=DIRECTION('',(0.E0,5.E-1,-8.660254037844E-1));
#2401=DIRECTION('',(0.E0,-8.660254037844E-1,-5.E-1));
#2402=AXIS2_PLACEMENT_3D('',#2399,#2400,#2401);
#2403=PLANE('',#2402);
#2404=ORIENTED_EDGE('',*,*,#2389,.F.);
#2406=ORIENTED_EDGE('',*,*,#2405,.F.);
#2407=ORIENTED_EDGE('',*,*,#2308,.F.);
#2409=ORIENTED_EDGE('',*,*,#2408,.T.);
#2410=EDGE_LOOP('',(#2404,#2406,#2407,#2409));
#2411=FACE_OUTER_BOUND('',#2410,.F.);
#2412=ADVANCED_FACE('',(#2411),#2403,.T.);
#2413=CARTESIAN_POINT('',(-1.6E0,0.E0,-9.814954576224E0));
#2414=DIRECTION('',(0.E0,-5.E-1,-8.660254037844E-1));
#2415=DIRECTION('',(0.E0,-8.660254037844E-1,5.E-1));
#2416=AXIS2_PLACEMENT_3D('',#2413,#2414,#2415);
#2417=PLANE('',#2416);
#2418=ORIENTED_EDGE('',*,*,#2348,.F.);
#2420=ORIENTED_EDGE('',*,*,#2419,.F.);
#2421=ORIENTED_EDGE('',*,*,#2310,.F.);
#2422=ORIENTED_EDGE('',*,*,#2405,.T.);
#2423=EDGE_LOOP('',(#2418,#2420,#2421,#2422));
#2424=FACE_OUTER_BOUND('',#2423,.F.);
#2425=ADVANCED_FACE('',(#2424),#2417,.T.);
#2426=CARTESIAN_POINT('',(-1.6E0,-8.5E0,-4.907477288112E0));
#2427=DIRECTION('',(0.E0,-1.E0,0.E0));
#2428=DIRECTION('',(0.E0,0.E0,1.E0));
#2429=AXIS2_PLACEMENT_3D('',#2426,#2427,#2428);
#2430=PLANE('',#2429);
#2431=ORIENTED_EDGE('',*,*,#2346,.F.);
#2432=ORIENTED_EDGE('',*,*,#2331,.F.);
#2433=ORIENTED_EDGE('',*,*,#2312,.F.);
#2434=ORIENTED_EDGE('',*,*,#2419,.T.);
#2435=EDGE_LOOP('',(#2431,#2432,#2433,#2434));
#2436=FACE_OUTER_BOUND('',#2435,.F.);
#2437=ADVANCED_FACE('',(#2436),#2430,.T.);
#2438=CARTESIAN_POINT('',(-1.6E0,8.5E0,4.907477288112E0));
#2439=DIRECTION('',(0.E0,1.E0,0.E0));
#2440=DIRECTION('',(0.E0,0.E0,-1.E0));
#2441=AXIS2_PLACEMENT_3D('',#2438,#2439,#2440);
#2442=PLANE('',#2441);
#2443=ORIENTED_EDGE('',*,*,#2391,.F.);
#2444=ORIENTED_EDGE('',*,*,#2408,.F.);
#2445=ORIENTED_EDGE('',*,*,#2306,.F.);
#2447=ORIENTED_EDGE('',*,*,#2446,.T.);
#2448=EDGE_LOOP('',(#2443,#2444,#2445,#2447));
#2449=FACE_OUTER_BOUND('',#2448,.F.);
#2450=ADVANCED_FACE('',(#2449),#2442,.T.);
#2451=CARTESIAN_POINT('',(-1.6E0,0.E0,9.814954576224E0));
#2452=DIRECTION('',(0.E0,5.E-1,8.660254037844E-1));
#2453=DIRECTION('',(0.E0,8.660254037844E-1,-5.E-1));
#2454=AXIS2_PLACEMENT_3D('',#2451,#2452,#2453);
#2455=PLANE('',#2454);
#2456=ORIENTED_EDGE('',*,*,#2393,.F.);
#2457=ORIENTED_EDGE('',*,*,#2446,.F.);
#2458=ORIENTED_EDGE('',*,*,#2304,.F.);
#2459=ORIENTED_EDGE('',*,*,#2328,.T.);
#2460=EDGE_LOOP('',(#2456,#2457,#2458,#2459));
#2461=FACE_OUTER_BOUND('',#2460,.F.);
#2462=ADVANCED_FACE('',(#2461),#2455,.T.);
#2463=CARTESIAN_POINT('',(0.E0,5.35E0,-5.626701388162E0));
#2464=DIRECTION('',(0.E0,-1.E0,0.E0));
#2465=DIRECTION('',(0.E0,0.E0,1.E0));
#2466=AXIS2_PLACEMENT_3D('',#2463,#2464,#2465);
#2467=PLANE('',#2466);
#2468=ORIENTED_EDGE('',*,*,#2365,.F.);
#2470=ORIENTED_EDGE('',*,*,#2469,.T.);
#2472=ORIENTED_EDGE('',*,*,#2471,.T.);
#2474=ORIENTED_EDGE('',*,*,#2473,.F.);
#2476=ORIENTED_EDGE('',*,*,#2475,.T.);
#2478=ORIENTED_EDGE('',*,*,#2477,.F.);
#2480=ORIENTED_EDGE('',*,*,#2479,.T.);
#2482=ORIENTED_EDGE('',*,*,#2481,.F.);
#2484=ORIENTED_EDGE('',*,*,#2483,.T.);
#2486=ORIENTED_EDGE('',*,*,#2485,.F.);
#2488=ORIENTED_EDGE('',*,*,#2487,.T.);
#2490=ORIENTED_EDGE('',*,*,#2489,.F.);
#2492=ORIENTED_EDGE('',*,*,#2491,.T.);
#2494=ORIENTED_EDGE('',*,*,#2493,.F.);
#2496=ORIENTED_EDGE('',*,*,#2495,.T.);
#2498=ORIENTED_EDGE('',*,*,#2497,.T.);
#2500=ORIENTED_EDGE('',*,*,#2499,.T.);
#2502=ORIENTED_EDGE('',*,*,#2501,.T.);
#2504=ORIENTED_EDGE('',*,*,#2503,.F.);
#2506=ORIENTED_EDGE('',*,*,#2505,.T.);
#2508=ORIENTED_EDGE('',*,*,#2507,.F.);
#2510=ORIENTED_EDGE('',*,*,#2509,.T.);
#2512=ORIENTED_EDGE('',*,*,#2511,.F.);
#2514=ORIENTED_EDGE('',*,*,#2513,.T.);
#2516=ORIENTED_EDGE('',*,*,#2515,.F.);
#2518=ORIENTED_EDGE('',*,*,#2517,.T.);
#2520=ORIENTED_EDGE('',*,*,#2519,.F.);
#2522=ORIENTED_EDGE('',*,*,#2521,.T.);
#2524=ORIENTED_EDGE('',*,*,#2523,.F.);
#2526=ORIENTED_EDGE('',*,*,#2525,.T.);
#2528=ORIENTED_EDGE('',*,*,#2527,.T.);
#2529=EDGE_LOOP('',(#2468,#2470,#2472,#2474,#2476,#2478,#2480,#2482,#2484,#2486,
#2488,#2490,#2492,#2494,#2496,#2498,#2500,#2502,#2504,#2506,#2508,#2510,#2512,
#2514,#2516,#2518,#2520,#2522,#2524,#2526,#2528));
#2530=FACE_OUTER_BOUND('',#2529,.F.);
#2531=ADVANCED_FACE('',(#2530),#2467,.F.);
#2532=CARTESIAN_POINT('',(-4.619988542112E0,1.442701637745E-2,
5.056284311467E-3));
#2533=DIRECTION('',(1.E0,0.E0,0.E0));
#2534=DIRECTION('',(0.E0,9.817534451668E-1,1.901582838141E-1));
#2535=AXIS2_PLACEMENT_3D('',#2532,#2533,#2534);
#2536=CYLINDRICAL_SURFACE('',#2535,5.434738232791E0);
#2537=ORIENTED_EDGE('',*,*,#2377,.F.);
#2539=ORIENTED_EDGE('',*,*,#2538,.F.);
#2540=ORIENTED_EDGE('',*,*,#2469,.F.);
#2541=EDGE_LOOP('',(#2537,#2539,#2540));
#2542=FACE_OUTER_BOUND('',#2541,.F.);
#2543=ADVANCED_FACE('',(#2542),#2536,.T.);
#2544=CARTESIAN_POINT('',(-4.927216600247E0,5.840879808169E0,1.134584238997E0));
#2545=CARTESIAN_POINT('',(-4.830952380992E0,5.677208721218E0,1.102791317086E0));
#2546=CARTESIAN_POINT('',(-4.734688161737E0,5.513537634267E0,1.070998395176E0));
#2547=CARTESIAN_POINT('',(-4.638423942481E0,5.349866547316E0,1.039205473265E0));
#2548=CARTESIAN_POINT('',(-4.923739130020E0,5.807892714549E0,1.304758285612E0));
#2549=CARTESIAN_POINT('',(-4.827474910764E0,5.645145980393E0,1.268196806254E0));
#2550=CARTESIAN_POINT('',(-4.731210691509E0,5.482399246238E0,1.231635326896E0));
#2551=CARTESIAN_POINT('',(-4.634946472254E0,5.319652512082E0,1.195073847538E0));
#2552=CARTESIAN_POINT('',(-4.905817215714E0,5.599610181029E0,2.174322860858E0));
#2553=CARTESIAN_POINT('',(-4.809552996459E0,5.442699866976E0,2.113394747584E0));
#2554=CARTESIAN_POINT('',(-4.713288777204E0,5.285789552922E0,2.052466634311E0));
#2555=CARTESIAN_POINT('',(-4.617024557949E0,5.128879238869E0,1.991538521038E0));
#2556=CARTESIAN_POINT('',(-4.873450856431E0,4.870321282642E0,3.643465819448E0));
#2557=CARTESIAN_POINT('',(-4.777186637176E0,4.733846846560E0,3.541369897206E0));
#2558=CARTESIAN_POINT('',(-4.680922417921E0,4.597372410478E0,3.439273974964E0));
#2559=CARTESIAN_POINT('',(-4.584658198666E0,4.460897974395E0,3.337178052723E0));
#2560=CARTESIAN_POINT('',(-4.830117523190E0,3.259081307562E0,5.135490395824E0));
#2561=CARTESIAN_POINT('',(-4.733853303935E0,3.167756473356E0,4.991585483761E0));
#2562=CARTESIAN_POINT('',(-4.637589084680E0,3.076431639151E0,4.847680571697E0));
#2563=CARTESIAN_POINT('',(-4.541324865425E0,2.985106804946E0,4.703775659634E0));
#2564=CARTESIAN_POINT('',(-4.786784189833E0,1.223024492829E0,5.958110746242E0));
#2565=CARTESIAN_POINT('',(-4.690519970577E0,1.188753329120E0,5.791154655033E0));
#2566=CARTESIAN_POINT('',(-4.594255751322E0,1.154482165412E0,5.624198563824E0));
#2567=CARTESIAN_POINT('',(-4.497991532067E0,1.120211001704E0,5.457242472615E0));
#2568=CARTESIAN_POINT('',(-4.743450856505E0,-9.724519100279E-1,
6.004099421005E0));
#2569=CARTESIAN_POINT('',(-4.647186637250E0,-9.452022034178E-1,
5.835854651266E0));
#2570=CARTESIAN_POINT('',(-4.550922417995E0,-9.179524968077E-1,
5.667609881526E0));
#2571=CARTESIAN_POINT('',(-4.454658198740E0,-8.907027901976E-1,
5.499365111787E0));
#2572=CARTESIAN_POINT('',(-4.700117523171E0,-3.041170521943E0,
5.267461858531E0));
#2573=CARTESIAN_POINT('',(-4.603853303915E0,-2.955951907406E0,
5.119858888401E0));
#2574=CARTESIAN_POINT('',(-4.507589084660E0,-2.870733292870E0,
4.972255918271E0));
#2575=CARTESIAN_POINT('',(-4.411324865405E0,-2.785514678333E0,
4.824652948142E0));
#2576=CARTESIAN_POINT('',(-4.656784189838E0,-4.713476670392E0,
3.844217768582E0));
#2577=CARTESIAN_POINT('',(-4.560519970583E0,-4.581397279052E0,
3.736496445541E0));
#2578=CARTESIAN_POINT('',(-4.464255751327E0,-4.449317887711E0,
3.628775122500E0));
#2579=CARTESIAN_POINT('',(-4.367991532072E0,-4.317238496370E0,
3.521053799458E0));
#2580=CARTESIAN_POINT('',(-4.623411682114E0,-5.528210617458E0,
2.362222220554E0));
#2581=CARTESIAN_POINT('',(-4.527147462859E0,-5.373301036990E0,
2.296028857369E0));
#2582=CARTESIAN_POINT('',(-4.430883243604E0,-5.218391456521E0,
2.229835494185E0));
#2583=CARTESIAN_POINT('',(-4.334619024349E0,-5.063481876053E0,2.163642131E0));
#2584=CARTESIAN_POINT('',(-4.604483618835E0,-5.775006548705E0,
1.450049764728E0));
#2585=CARTESIAN_POINT('',(-4.508219399580E0,-5.613181339144E0,
1.409416978414E0));
#2586=CARTESIAN_POINT('',(-4.411955180325E0,-5.451356129584E0,
1.368784192101E0));
#2587=CARTESIAN_POINT('',(-4.315690961070E0,-5.289530920023E0,
1.328151405788E0));
#2588=CARTESIAN_POINT('',(-4.6E0,-5.821187529258E0,1.231371491148E0));
#2589=CARTESIAN_POINT('',(-4.503735780745E0,-5.658068252445E0,
1.196866430777E0));
#2590=CARTESIAN_POINT('',(-4.407471561490E0,-5.494948975633E0,
1.162361370407E0));
#2591=CARTESIAN_POINT('',(-4.311207342235E0,-5.331829698820E0,
1.127856310036E0));
#2592=B_SPLINE_SURFACE_WITH_KNOTS('',3,3,((#2544,#2545,#2546,#2547),(#2548,
#2549,#2550,#2551),(#2552,#2553,#2554,#2555),(#2556,#2557,#2558,#2559),(#2560,
#2561,#2562,#2563),(#2564,#2565,#2566,#2567),(#2568,#2569,#2570,#2571),(#2572,
#2573,#2574,#2575),(#2576,#2577,#2578,#2579),(#2580,#2581,#2582,#2583),(#2584,
#2585,#2586,#2587),(#2588,#2589,#2590,#2591)),.UNSPECIFIED.,.F.,.F.,.F.,(4,1,1,
1,1,1,1,1,1,4),(4,4),(0.E0,3.188227737016E-2,1.643123964431E-1,
2.967425155160E-1,4.291726345889E-1,5.616027536621E-1,6.940328727351E-1,
8.264629918080E-1,9.588931108810E-1,1.E0),(1.204853303810E-1,8.797078292275E-1),
.UNSPECIFIED.);
#2593=ORIENTED_EDGE('',*,*,#2375,.T.);
#2595=ORIENTED_EDGE('',*,*,#2594,.F.);
#2596=ORIENTED_EDGE('',*,*,#2471,.F.);
#2597=ORIENTED_EDGE('',*,*,#2538,.T.);
#2598=EDGE_LOOP('',(#2593,#2595,#2596,#2597));
#2599=FACE_OUTER_BOUND('',#2598,.F.);
#2600=ADVANCED_FACE('',(#2599),#2592,.T.);
#2601=CARTESIAN_POINT('',(-1.03E1,0.E0,0.E0));
#2602=DIRECTION('',(1.E0,0.E0,0.E0));
#2603=DIRECTION('',(0.E0,-1.E0,0.E0));
#2604=AXIS2_PLACEMENT_3D('',#2601,#2602,#2603);
#2605=CYLINDRICAL_SURFACE('',#2604,5.95E0);
#2606=ORIENTED_EDGE('',*,*,#2373,.F.);
#2607=ORIENTED_EDGE('',*,*,#2371,.F.);
#2609=ORIENTED_EDGE('',*,*,#2608,.T.);
#2611=ORIENTED_EDGE('',*,*,#2610,.T.);
#2612=ORIENTED_EDGE('',*,*,#2473,.T.);
#2613=ORIENTED_EDGE('',*,*,#2594,.T.);
#2614=EDGE_LOOP('',(#2606,#2607,#2609,#2611,#2612,#2613));
#2615=FACE_OUTER_BOUND('',#2614,.F.);
#2616=ADVANCED_FACE('',(#2615),#2605,.T.);
#2617=CARTESIAN_POINT('',(-5.324834868878E0,5.353392283579E0,
4.308666574722E-1));
#2618=CARTESIAN_POINT('',(-5.198090860926E0,5.572209272732E0,
4.484780970457E-1));
#2619=CARTESIAN_POINT('',(-5.071346852973E0,5.791026261886E0,
4.660895366192E-1));
#2620=CARTESIAN_POINT('',(-4.944602845021E0,6.009843251040E0,
4.837009761927E-1));
#2621=CARTESIAN_POINT('',(-5.320396649364E0,5.337301015335E0,
6.298976471080E-1));
#2622=CARTESIAN_POINT('',(-5.193652641412E0,5.555460282678E0,
6.556443698053E-1));
#2623=CARTESIAN_POINT('',(-5.066908633459E0,5.773619550020E0,
6.813910925026E-1));
#2624=CARTESIAN_POINT('',(-4.940164625507E0,5.991778817363E0,
7.071378151998E-1));
#2625=CARTESIAN_POINT('',(-5.308036764358E0,5.261482526357E0,1.181700260437E0));
#2626=CARTESIAN_POINT('',(-5.181292756406E0,5.476542754324E0,1.230001613929E0));
#2627=CARTESIAN_POINT('',(-5.054548748453E0,5.691602982291E0,1.278302967421E0));
#2628=CARTESIAN_POINT('',(-4.927804740501E0,5.906663210257E0,1.326604320913E0));
#2629=CARTESIAN_POINT('',(-5.281232434907E0,4.914165801043E0,2.342879798651E0));
#2630=CARTESIAN_POINT('',(-5.154488426955E0,5.115029647334E0,2.438643732309E0));
#2631=CARTESIAN_POINT('',(-5.027744419002E0,5.315893493625E0,2.534407665967E0));
#2632=CARTESIAN_POINT('',(-4.901000411050E0,5.516757339916E0,2.630171599625E0));
#2633=CARTESIAN_POINT('',(-5.244421880528E0,4.002062596122E0,3.758186930022E0));
#2634=CARTESIAN_POINT('',(-5.117677872575E0,4.165644721492E0,3.911800770581E0));
#2635=CARTESIAN_POINT('',(-4.990933864622E0,4.329226846862E0,4.065414611141E0));
#2636=CARTESIAN_POINT('',(-4.864189856670E0,4.492808972232E0,4.219028451701E0));
#2637=CARTESIAN_POINT('',(-5.201088547194E0,2.406672528531E0,4.934409930687E0));
#2638=CARTESIAN_POINT('',(-5.074344539241E0,2.505043955221E0,5.136101244734E0));
#2639=CARTESIAN_POINT('',(-4.947600531289E0,2.603415381912E0,5.337792558780E0));
#2640=CARTESIAN_POINT('',(-4.820856523337E0,2.701786808603E0,5.539483872827E0));
#2641=CARTESIAN_POINT('',(-5.157755213861E0,4.975759525809E-1,
5.467439272205E0));
#2642=CARTESIAN_POINT('',(-5.031011205908E0,5.179140982E-1,5.690917869803E0));
#2643=CARTESIAN_POINT('',(-4.904267197955E0,5.382522438192E-1,
5.914396467400E0));
#2644=CARTESIAN_POINT('',(-4.777523190003E0,5.585903894383E-1,
6.137875064998E0));
#2645=CARTESIAN_POINT('',(-5.114421880528E0,-1.476378975673E0,
5.287795300876E0));
#2646=CARTESIAN_POINT('',(-4.987677872575E0,-1.536725160893E0,
5.503931049147E0));
#2647=CARTESIAN_POINT('',(-4.860933864622E0,-1.597071346114E0,
5.720066797418E0));
#2648=CARTESIAN_POINT('',(-4.734189856670E0,-1.657417531335E0,
5.936202545689E0));
#2649=CARTESIAN_POINT('',(-5.071088547194E0,-3.257889901679E0,
4.418894365373E0));
#2650=CARTESIAN_POINT('',(-4.944344539241E0,-3.391054374133E0,
4.599514261917E0));
#2651=CARTESIAN_POINT('',(-4.817600531289E0,-3.524218846586E0,
4.780134158462E0));
#2652=CARTESIAN_POINT('',(-4.690856523337E0,-3.657383319040E0,
4.960754055006E0));
#2653=CARTESIAN_POINT('',(-5.027755213861E0,-4.614739286251E0,
2.973996527188E0));
#2654=CARTESIAN_POINT('',(-4.901011205908E0,-4.803364237096E0,
3.095557012832E0));
#2655=CARTESIAN_POINT('',(-4.774267197955E0,-4.991989187941E0,
3.217117498476E0));
#2656=CARTESIAN_POINT('',(-4.647523190003E0,-5.180614138786E0,
3.338677984119E0));
#2657=CARTESIAN_POINT('',(-4.984421880528E0,-5.370063647642E0,
1.141442264883E0));
#2658=CARTESIAN_POINT('',(-4.857677872575E0,-5.589562069707E0,
1.188098094769E0));
#2659=CARTESIAN_POINT('',(-4.730933864622E0,-5.809060491772E0,
1.234753924655E0));
#2660=CARTESIAN_POINT('',(-4.604189856670E0,-6.028558913836E0,
1.281409754540E0));
#2661=CARTESIAN_POINT('',(-4.941088547194E0,-5.425407477144E0,
-8.398974525152E-1));
#2662=CARTESIAN_POINT('',(-4.814344539241E0,-5.647168048048E0,
-8.742278026970E-1));
#2663=CARTESIAN_POINT('',(-4.687600531289E0,-5.868928618952E0,
-9.085581528788E-1));
#2664=CARTESIAN_POINT('',(-4.560856523337E0,-6.090689189856E0,
-9.428885030605E-1));
#2665=CARTESIAN_POINT('',(-4.897755213861E0,-4.773556781449E0,
-2.711757673185E0));
#2666=CARTESIAN_POINT('',(-4.771011205908E0,-4.968673310771E0,
-2.822599288730E0));
#2667=CARTESIAN_POINT('',(-4.644267197955E0,-5.163789840093E0,
-2.933440904275E0));
#2668=CARTESIAN_POINT('',(-4.517523190003E0,-5.358906369415E0,
-3.044282519821E0));
#2669=CARTESIAN_POINT('',(-4.854421880528E0,-3.499479416922E0,
-4.230143949598E0));
#2670=CARTESIAN_POINT('',(-4.727677872575E0,-3.642518729017E0,
-4.403048775866E0));
#2671=CARTESIAN_POINT('',(-4.600933864622E0,-3.785558041112E0,
-4.575953602135E0));
#2672=CARTESIAN_POINT('',(-4.474189856670E0,-3.928597353208E0,
-4.748858428403E0));
#2673=CARTESIAN_POINT('',(-4.811088547194E0,-1.769249644469E0,
-5.197136684689E0));
#2674=CARTESIAN_POINT('',(-4.684344539241E0,-1.841566758508E0,
-5.409566811480E0));
#2675=CARTESIAN_POINT('',(-4.557600531289E0,-1.913883872546E0,
-5.621996938271E0));
#2676=CARTESIAN_POINT('',(-4.430856523337E0,-1.986200986585E0,
-5.834427065062E0));
#2677=CARTESIAN_POINT('',(-4.767755213861E0,1.915994257139E-1,
-5.486689683576E0));
#2678=CARTESIAN_POINT('',(-4.641011205908E0,1.994309477163E-1,
-5.710955131237E0));
#2679=CARTESIAN_POINT('',(-4.514267197955E0,2.072624697187E-1,
-5.935220578898E0));
#2680=CARTESIAN_POINT('',(-4.387523190003E0,2.150939917211E-1,
-6.159486026558E0));
#2681=CARTESIAN_POINT('',(-4.724421880528E0,2.127473769949E0,
-5.061060104559E0));
#2682=CARTESIAN_POINT('',(-4.597677872575E0,2.214433099694E0,
-5.267928175372E0));
#2683=CARTESIAN_POINT('',(-4.470933864622E0,2.301392429438E0,
-5.474796246184E0));
#2684=CARTESIAN_POINT('',(-4.344189856670E0,2.388351759183E0,
-5.681664316997E0));
#2685=CARTESIAN_POINT('',(-4.683752391218E0,3.684077528186E0,
-4.042447147660E0));
#2686=CARTESIAN_POINT('',(-4.557008383266E0,3.834662187375E0,
-4.207679969544E0));
#2687=CARTESIAN_POINT('',(-4.430264375313E0,3.985246846563E0,
-4.372912791427E0));
#2688=CARTESIAN_POINT('',(-4.303520367361E0,4.135831505752E0,
-4.538145613311E0));
#2689=CARTESIAN_POINT('',(-4.653088856590E0,4.540695834283E0,
-2.941548425073E0));
#2690=CARTESIAN_POINT('',(-4.526344848637E0,4.726294299422E0,
-3.061782612245E0));
#2691=CARTESIAN_POINT('',(-4.399600840685E0,4.911892764560E0,
-3.182016799417E0));
#2692=CARTESIAN_POINT('',(-4.272856832732E0,5.097491229699E0,
-3.302250986588E0));
#2693=CARTESIAN_POINT('',(-4.636869766406E0,4.864063565174E0,
-2.286165845083E0));
#2694=CARTESIAN_POINT('',(-4.510125758454E0,5.062879509906E0,
-2.379611626829E0));
#2695=CARTESIAN_POINT('',(-4.383381750501E0,5.261695454638E0,
-2.473057408574E0));
#2696=CARTESIAN_POINT('',(-4.256637742549E0,5.460511399370E0,
-2.566503190319E0));
#2697=CARTESIAN_POINT('',(-4.632431276644E0,4.942106180185E0,
-2.102353081630E0));
#2698=CARTESIAN_POINT('',(-4.505687268691E0,5.144112074231E0,
-2.188285616944E0));
#2699=CARTESIAN_POINT('',(-4.378943260739E0,5.346117968277E0,
-2.274218152258E0));
#2700=CARTESIAN_POINT('',(-4.252199252786E0,5.548123862323E0,
-2.360150687573E0));
#2701=B_SPLINE_SURFACE_WITH_KNOTS('',3,3,((#2617,#2618,#2619,#2620),(#2621,
#2622,#2623,#2624),(#2625,#2626,#2627,#2628),(#2629,#2630,#2631,#2632),(#2633,
#2634,#2635,#2636),(#2637,#2638,#2639,#2640),(#2641,#2642,#2643,#2644),(#2645,
#2646,#2647,#2648),(#2649,#2650,#2651,#2652),(#2653,#2654,#2655,#2656),(#2657,
#2658,#2659,#2660),(#2661,#2662,#2663,#2664),(#2665,#2666,#2667,#2668),(#2669,
#2670,#2671,#2672),(#2673,#2674,#2675,#2676),(#2677,#2678,#2679,#2680),(#2681,
#2682,#2683,#2684),(#2685,#2686,#2687,#2688),(#2689,#2690,#2691,#2692),(#2693,
#2694,#2695,#2696),(#2697,#2698,#2699,#2700)),.UNSPECIFIED.,.F.,.F.,.F.,(4,1,1,
1,1,1,1,1,1,1,1,1,1,1,1,1,1,1,4),(4,4),(-1.999878225038E-2,0.E0,
3.569531942306E-2,1.007825234800E-1,1.658697275369E-1,2.309569315938E-1,
2.960441356508E-1,3.611313397077E-1,4.262185437647E-1,4.913057478216E-1,
5.563929518786E-1,6.214801559355E-1,6.865673599924E-1,7.516545640493E-1,
8.167417681063E-1,8.818289721632E-1,9.469161762202E-1,1.E0,1.02E0),(
2.949745708707E-5,9.999928842950E-1),.UNSPECIFIED.);
#2702=ORIENTED_EDGE('',*,*,#2369,.F.);
#2704=ORIENTED_EDGE('',*,*,#2703,.F.);
#2705=ORIENTED_EDGE('',*,*,#2475,.F.);
#2706=ORIENTED_EDGE('',*,*,#2610,.F.);
#2707=ORIENTED_EDGE('',*,*,#2608,.F.);
#2708=EDGE_LOOP('',(#2702,#2704,#2705,#2706,#2707));
#2709=FACE_OUTER_BOUND('',#2708,.F.);
#2710=ADVANCED_FACE('',(#2709),#2701,.T.);
#2711=CARTESIAN_POINT('',(-5.127806900737E0,-6.637152403854E-5,
-2.712079791297E-6));
#2712=DIRECTION('',(1.E0,0.E0,0.E0));
#2713=DIRECTION('',(0.E0,9.816517543521E-1,1.906825455500E-1));
#2714=AXIS2_PLACEMENT_3D('',#2711,#2712,#2713);
#2715=CYLINDRICAL_SURFACE('',#2714,5.449965299451E0);
#2716=ORIENTED_EDGE('',*,*,#2367,.F.);
#2717=ORIENTED_EDGE('',*,*,#2527,.F.);
#2719=ORIENTED_EDGE('',*,*,#2718,.F.);
#2720=ORIENTED_EDGE('',*,*,#2477,.T.);
#2721=ORIENTED_EDGE('',*,*,#2703,.T.);
#2722=EDGE_LOOP('',(#2716,#2717,#2719,#2720,#2721));
#2723=FACE_OUTER_BOUND('',#2722,.F.);
#2724=ADVANCED_FACE('',(#2723),#2715,.T.);
#2725=CARTESIAN_POINT('',(-5.677186412571E0,5.840707377864E0,1.134551488939E0));
#2726=CARTESIAN_POINT('',(-5.580929060398E0,5.677051398744E0,1.102761480851E0));
#2727=CARTESIAN_POINT('',(-5.484671708225E0,5.513395419624E0,1.070971472762E0));
#2728=CARTESIAN_POINT('',(-5.388414356052E0,5.349739440503E0,1.039181464674E0));
#2729=CARTESIAN_POINT('',(-5.669264769786E0,5.765369069627E0,1.522189827934E0));
#2730=CARTESIAN_POINT('',(-5.573007417613E0,5.603824061577E0,1.479538236166E0));
#2731=CARTESIAN_POINT('',(-5.476750065440E0,5.442279053528E0,1.436886644399E0));
#2732=CARTESIAN_POINT('',(-5.380492713267E0,5.280734045478E0,1.394235052631E0));
#2733=CARTESIAN_POINT('',(-5.646898683577E0,5.444296515204E0,2.595626430169E0));
#2734=CARTESIAN_POINT('',(-5.550641331404E0,5.291747924953E0,2.522897262730E0));
#2735=CARTESIAN_POINT('',(-5.454383979231E0,5.139199334702E0,2.450168095291E0));
#2736=CARTESIAN_POINT('',(-5.358126627058E0,4.986650744451E0,2.377438927853E0));
#2737=CARTESIAN_POINT('',(-5.610088151849E0,4.433797894473E0,4.163613361010E0));
#2738=CARTESIAN_POINT('',(-5.513830799676E0,4.309563364513E0,4.046949372011E0));
#2739=CARTESIAN_POINT('',(-5.417573447503E0,4.185328834552E0,3.930285383012E0));
#2740=CARTESIAN_POINT('',(-5.321316095329E0,4.061094304592E0,3.813621394013E0));
#2741=CARTESIAN_POINT('',(-5.566754818645E0,2.666300022281E0,5.466725178584E0));
#2742=CARTESIAN_POINT('',(-5.470497466472E0,2.591590588556E0,5.313548139606E0));
#2743=CARTESIAN_POINT('',(-5.374240114299E0,2.516881154831E0,5.160371100627E0));
#2744=CARTESIAN_POINT('',(-5.277982762126E0,2.442171721107E0,5.007194061648E0));
#2745=CARTESIAN_POINT('',(-5.523421485277E0,5.512535493585E-1,
6.057256764551E0));
#2746=CARTESIAN_POINT('',(-5.427164133104E0,5.358074854600E-1,
5.887533095404E0));
#2747=CARTESIAN_POINT('',(-5.330906780931E0,5.203614215616E-1,
5.717809426256E0));
#2748=CARTESIAN_POINT('',(-5.234649428758E0,5.049153576632E-1,
5.548085757109E0));
#2749=CARTESIAN_POINT('',(-5.480088151953E0,-1.635648078052E0,
5.858233125447E0));
#2750=CARTESIAN_POINT('',(-5.383830799780E0,-1.589817398582E0,
5.694086076805E0));
#2751=CARTESIAN_POINT('',(-5.287573447607E0,-1.543986719112E0,
5.529939028163E0));
#2752=CARTESIAN_POINT('',(-5.191316095433E0,-1.498156039642E0,
5.365791979520E0));
#2753=CARTESIAN_POINT('',(-5.436754818617E0,-3.609345191163E0,
4.895596723420E0));
#2754=CARTESIAN_POINT('',(-5.340497466444E0,-3.508211735397E0,
4.758422641015E0));
#2755=CARTESIAN_POINT('',(-5.244240114271E0,-3.407078279631E0,
4.621248558611E0));
#2756=CARTESIAN_POINT('',(-5.147982762098E0,-3.305944823865E0,
4.484074476206E0));
#2757=CARTESIAN_POINT('',(-5.393421485284E0,-5.112569041304E0,
3.294825911217E0));
#2758=CARTESIAN_POINT('',(-5.297164133111E0,-4.969315418388E0,
3.202505251124E0));
#2759=CARTESIAN_POINT('',(-5.200906780938E0,-4.826061795472E0,
3.110184591032E0));
#2760=CARTESIAN_POINT('',(-5.104649428765E0,-4.682808172555E0,
3.017863930940E0));
#2761=CARTESIAN_POINT('',(-5.350088151951E0,-5.949376433153E0,
1.264578998702E0));
#2762=CARTESIAN_POINT('',(-5.253830799778E0,-5.782675559041E0,
1.229145634074E0));
#2763=CARTESIAN_POINT('',(-5.157573447605E0,-5.615974684929E0,
1.193712269446E0));
#2764=CARTESIAN_POINT('',(-5.061316095431E0,-5.449273810818E0,
1.158278904817E0));
#2765=CARTESIAN_POINT('',(-5.306754818618E0,-6.010690655212E0,
-9.305040755802E-1));
#2766=CARTESIAN_POINT('',(-5.210497466445E0,-5.842271763334E0,
-9.044314535994E-1));
#2767=CARTESIAN_POINT('',(-5.114240114272E0,-5.673852871455E0,
-8.783588316187E-1));
#2768=CARTESIAN_POINT('',(-5.017982762098E0,-5.505433979576E0,
-8.522862096379E-1));
#2769=CARTESIAN_POINT('',(-5.263421485284E0,-5.288519481578E0,
-3.004297202390E0));
#2770=CARTESIAN_POINT('',(-5.167164133111E0,-5.140335746654E0,
-2.920117124804E0));
#2771=CARTESIAN_POINT('',(-5.070906780938E0,-4.992152011729E0,
-2.835937047218E0));
#2772=CARTESIAN_POINT('',(-4.974649428765E0,-4.843968276804E0,
-2.751756969631E0));
#2773=CARTESIAN_POINT('',(-5.220088151951E0,-3.876996947790E0,
-4.686484253057E0));
#2774=CARTESIAN_POINT('',(-5.123830799778E0,-3.768363919205E0,
-4.555169479101E0));
#2775=CARTESIAN_POINT('',(-5.027573447605E0,-3.659730890620E0,
-4.423854705146E0));
#2776=CARTESIAN_POINT('',(-4.931316095431E0,-3.551097862034E0,
-4.292539931190E0));
#2777=CARTESIAN_POINT('',(-5.176754818618E0,-1.960113106629E0,
-5.757794421177E0));
#2778=CARTESIAN_POINT('',(-5.080497466445E0,-1.905190952701E0,
-5.596461653995E0));
#2779=CARTESIAN_POINT('',(-4.984240114272E0,-1.850268798774E0,
-5.435128886814E0));
#2780=CARTESIAN_POINT('',(-4.887982762098E0,-1.795346644846E0,
-5.273796119632E0));
#2781=CARTESIAN_POINT('',(-5.133421485284E0,2.122688263561E-1,
-6.078583875599E0));
#2782=CARTESIAN_POINT('',(-5.037164133111E0,2.063210771599E-1,
-5.908262623143E0));
#2783=CARTESIAN_POINT('',(-4.940906780938E0,2.003733279636E-1,
-5.737941370687E0));
#2784=CARTESIAN_POINT('',(-4.844649428765E0,1.944255787673E-1,
-5.567620118231E0));
#2785=CARTESIAN_POINT('',(-5.090088151951E0,2.356981804981E0,
-5.607038144895E0));
#2786=CARTESIAN_POINT('',(-4.993830799778E0,2.290939433722E0,
-5.449929552014E0));
#2787=CARTESIAN_POINT('',(-4.897573447605E0,2.224897062463E0,
-5.292820959132E0));
#2788=CARTESIAN_POINT('',(-4.801316095431E0,2.158854691205E0,
-5.135712366251E0));
#2789=CARTESIAN_POINT('',(-5.046754818618E0,4.194465393833E0,
-4.404622577164E0));
#2790=CARTESIAN_POINT('',(-4.950497466445E0,4.076936934264E0,
-4.281205536403E0));
#2791=CARTESIAN_POINT('',(-4.854240114272E0,3.959408474695E0,
-4.157788495643E0));
#2792=CARTESIAN_POINT('',(-4.757982762098E0,3.841880015126E0,
-4.034371454883E0));
#2793=CARTESIAN_POINT('',(-5.007722180988E0,5.357104177936E0,
-2.804387574689E0));
#2794=CARTESIAN_POINT('',(-4.911464828815E0,5.206998707353E0,
-2.725808942911E0));
#2795=CARTESIAN_POINT('',(-4.815207476642E0,5.056893236771E0,
-2.647230311133E0));
#2796=CARTESIAN_POINT('',(-4.718950124469E0,4.906787766188E0,
-2.568651679354E0));
#2797=CARTESIAN_POINT('',(-4.983133987803E0,5.744193520603E0,
-1.630895368642E0));
#2798=CARTESIAN_POINT('',(-4.886876635630E0,5.583241849161E0,
-1.585197859568E0));
#2799=CARTESIAN_POINT('',(-4.790619283457E0,5.422290177719E0,
-1.539500350494E0));
#2800=CARTESIAN_POINT('',(-4.694361931284E0,5.261338506278E0,
-1.493802841420E0));
#2801=CARTESIAN_POINT('',(-4.972990239062E0,5.840785191625E0,
-1.134563568909E0));
#2802=CARTESIAN_POINT('',(-4.876732886890E0,5.677127032172E0,
-1.102773222341E0));
#2803=CARTESIAN_POINT('',(-4.780475534717E0,5.513468872719E0,
-1.070982875772E0));
#2804=CARTESIAN_POINT('',(-4.684218182544E0,5.349810713266E0,
-1.039192529204E0));
#2805=B_SPLINE_SURFACE_WITH_KNOTS('',3,3,((#2725,#2726,#2727,#2728),(#2729,
#2730,#2731,#2732),(#2733,#2734,#2735,#2736),(#2737,#2738,#2739,#2740),(#2741,
#2742,#2743,#2744),(#2745,#2746,#2747,#2748),(#2749,#2750,#2751,#2752),(#2753,
#2754,#2755,#2756),(#2757,#2758,#2759,#2760),(#2761,#2762,#2763,#2764),(#2765,
#2766,#2767,#2768),(#2769,#2770,#2771,#2772),(#2773,#2774,#2775,#2776),(#2777,
#2778,#2779,#2780),(#2781,#2782,#2783,#2784),(#2785,#2786,#2787,#2788),(#2789,
#2790,#2791,#2792),(#2793,#2794,#2795,#2796),(#2797,#2798,#2799,#2800),(#2801,
#2802,#2803,#2804)),.UNSPECIFIED.,.F.,.F.,.F.,(4,1,1,1,1,1,1,1,1,1,1,1,1,1,1,1,
1,4),(4,4),(0.E0,3.374759503170E-2,9.528347801936E-2,1.568193610070E-1,
2.183552439946E-1,2.798911269823E-1,3.414270099700E-1,4.029628929576E-1,
4.644987759453E-1,5.260346589330E-1,5.875705419206E-1,6.491064249083E-1,
7.106423078960E-1,7.721781908836E-1,8.337140738712E-1,8.952499568589E-1,
9.567858398465E-1,1.E0),(1.202749329051E-1,8.798290454631E-1),.UNSPECIFIED.);
#2806=ORIENTED_EDGE('',*,*,#2479,.F.);
#2807=ORIENTED_EDGE('',*,*,#2718,.T.);
#2808=ORIENTED_EDGE('',*,*,#2525,.F.);
#2810=ORIENTED_EDGE('',*,*,#2809,.F.);
#2812=ORIENTED_EDGE('',*,*,#2811,.F.);
#2813=EDGE_LOOP('',(#2806,#2807,#2808,#2810,#2812));
#2814=FACE_OUTER_BOUND('',#2813,.F.);
#2815=ADVANCED_FACE('',(#2814),#2805,.T.);
#2816=CARTESIAN_POINT('',(-1.03E1,0.E0,0.E0));
#2817=DIRECTION('',(1.E0,0.E0,0.E0));
#2818=DIRECTION('',(0.E0,-1.E0,0.E0));
#2819=AXIS2_PLACEMENT_3D('',#2816,#2817,#2818);
#2820=CYLINDRICAL_SURFACE('',#2819,5.95E0);
#2821=ORIENTED_EDGE('',*,*,#2811,.T.);
#2822=ORIENTED_EDGE('',*,*,#2809,.T.);
#2823=ORIENTED_EDGE('',*,*,#2523,.T.);
#2825=ORIENTED_EDGE('',*,*,#2824,.T.);
#2827=ORIENTED_EDGE('',*,*,#2826,.T.);
#2829=ORIENTED_EDGE('',*,*,#2828,.T.);
#2830=ORIENTED_EDGE('',*,*,#2481,.T.);
#2831=EDGE_LOOP('',(#2821,#2822,#2823,#2825,#2827,#2829,#2830));
#2832=FACE_OUTER_BOUND('',#2831,.F.);
#2833=ADVANCED_FACE('',(#2832),#2820,.T.);
#2834=CARTESIAN_POINT('',(-5.622049343820E0,-5.121133653548E0,
-1.863939973432E0));
#2835=CARTESIAN_POINT('',(-5.525779538426E0,-5.277818168452E0,
-1.920968465619E0));
#2836=CARTESIAN_POINT('',(-5.429509733032E0,-5.434502683356E0,
-1.977996957805E0));
#2837=CARTESIAN_POINT('',(-5.333239927638E0,-5.591187198260E0,
-2.035025449991E0));
#2838=CARTESIAN_POINT('',(-5.610938489128E0,-4.947446218659E0,
-2.340550642319E0));
#2839=CARTESIAN_POINT('',(-5.514668683734E0,-5.098816650135E0,
-2.412161357213E0));
#2840=CARTESIAN_POINT('',(-5.418398878340E0,-5.250187081611E0,
-2.483772072108E0));
#2841=CARTESIAN_POINT('',(-5.322129072945E0,-5.401557513087E0,
-2.555382787002E0));
#2842=CARTESIAN_POINT('',(-5.585383189991E0,-4.394947758962E0,
-3.381237238010E0));
#2843=CARTESIAN_POINT('',(-5.489113384597E0,-4.529414129932E0,
-3.484688456481E0));
#2844=CARTESIAN_POINT('',(-5.392843579203E0,-4.663880500901E0,
-3.588139674952E0));
#2845=CARTESIAN_POINT('',(-5.296573773808E0,-4.798346871871E0,
-3.691590893424E0));
#2846=CARTESIAN_POINT('',(-5.545383446409E0,-3.050450208861E0,
-4.661574713838E0));
#2847=CARTESIAN_POINT('',(-5.449113641015E0,-3.143780776574E0,
-4.804198715112E0));
#2848=CARTESIAN_POINT('',(-5.352843835621E0,-3.237111344286E0,
-4.946822716385E0));
#2849=CARTESIAN_POINT('',(-5.256574030227E0,-3.330441911998E0,
-5.089446717659E0));
#2850=CARTESIAN_POINT('',(-5.502050113077E0,-1.196281034725E0,
-5.440998495544E0));
#2851=CARTESIAN_POINT('',(-5.405780307683E0,-1.232882054400E0,
-5.607469489574E0));
#2852=CARTESIAN_POINT('',(-5.309510502289E0,-1.269483074074E0,
-5.773940483604E0));
#2853=CARTESIAN_POINT('',(-5.213240696895E0,-1.306084093749E0,
-5.940411477634E0));
#2854=CARTESIAN_POINT('',(-5.458716779739E0,8.138220845508E-1,
-5.511192112436E0));
#2855=CARTESIAN_POINT('',(-5.362446974345E0,8.387215164249E-1,
-5.679810727200E0));
#2856=CARTESIAN_POINT('',(-5.266177168951E0,8.636209482989E-1,
-5.848429341964E0));
#2857=CARTESIAN_POINT('',(-5.169907363557E0,8.885203801730E-1,
-6.017047956728E0));
#2858=CARTESIAN_POINT('',(-5.415383446424E0,2.717844507434E0,
-4.863010196337E0));
#2859=CARTESIAN_POINT('',(-5.319113641030E0,2.800998780898E0,
-5.011797251143E0));
#2860=CARTESIAN_POINT('',(-5.222843835636E0,2.884153054363E0,
-5.160584305949E0));
#2861=CARTESIAN_POINT('',(-5.126574030243E0,2.967307327827E0,
-5.309371360754E0));
#2862=CARTESIAN_POINT('',(-5.372050113019E0,4.267599599280E0,
-3.580941237769E0));
#2863=CARTESIAN_POINT('',(-5.275780307625E0,4.398169667959E0,
-3.690502533904E0));
#2864=CARTESIAN_POINT('',(-5.179510502231E0,4.528739736637E0,
-3.800063830039E0));
#2865=CARTESIAN_POINT('',(-5.083240696837E0,4.659309805316E0,
-3.909625126175E0));
#2866=CARTESIAN_POINT('',(-5.337461621772E0,5.060590720204E0,
-2.185024428299E0));
#2867=CARTESIAN_POINT('',(-5.241191816378E0,5.215422883589E0,
-2.251876714471E0));
#2868=CARTESIAN_POINT('',(-5.144922010984E0,5.370255046975E0,
-2.318729000642E0));
#2869=CARTESIAN_POINT('',(-5.048652205590E0,5.525087210360E0,
-2.385581286813E0));
#2870=CARTESIAN_POINT('',(-5.317317574471E0,5.300131104104E0,
-1.294644281184E0));
#2871=CARTESIAN_POINT('',(-5.221047769077E0,5.462292165851E0,
-1.334254790292E0));
#2872=CARTESIAN_POINT('',(-5.124777963683E0,5.624453227598E0,
-1.373865299401E0));
#2873=CARTESIAN_POINT('',(-5.028508158289E0,5.786614289346E0,
-1.413475808509E0));
#2874=CARTESIAN_POINT('',(-5.311617972028E0,5.349700708464E0,
-1.039173875012E0));
#2875=CARTESIAN_POINT('',(-5.215348166634E0,5.513378385536E0,
-1.070968095886E0));
#2876=CARTESIAN_POINT('',(-5.119078361240E0,5.677056062608E0,
-1.102762316760E0));
#2877=CARTESIAN_POINT('',(-5.022808555846E0,5.840733739680E0,
-1.134556537634E0));
#2878=B_SPLINE_SURFACE_WITH_KNOTS('',3,3,((#2834,#2835,#2836,#2837),(#2838,
#2839,#2840,#2841),(#2842,#2843,#2844,#2845),(#2846,#2847,#2848,#2849),(#2850,
#2851,#2852,#2853),(#2854,#2855,#2856,#2857),(#2858,#2859,#2860,#2861),(#2862,
#2863,#2864,#2865),(#2866,#2867,#2868,#2869),(#2870,#2871,#2872,#2873),(#2874,
#2875,#2876,#2877)),.UNSPECIFIED.,.F.,.F.,.F.,(4,1,1,1,1,1,1,1,4),(4,4),(
6.814098364493E-8,1.073750464301E-1,2.469657396337E-1,3.865564328372E-1,
5.261471260407E-1,6.657378192443E-1,8.053285124478E-1,9.449192056511E-1,1.E0),(
1.200750188937E-1,8.796787169436E-1),.UNSPECIFIED.);
#2879=ORIENTED_EDGE('',*,*,#2521,.F.);
#2881=ORIENTED_EDGE('',*,*,#2880,.F.);
#2883=ORIENTED_EDGE('',*,*,#2882,.T.);
#2884=ORIENTED_EDGE('',*,*,#2824,.F.);
#2885=EDGE_LOOP('',(#2879,#2881,#2883,#2884));
#2886=FACE_OUTER_BOUND('',#2885,.F.);
#2887=ADVANCED_FACE('',(#2886),#2878,.T.);
#2888=CARTESIAN_POINT('',(-5.680934190041E0,-2.477121999245E-6,
-2.451115525979E-4));
#2889=DIRECTION('',(1.E0,0.E0,0.E0));
#2890=DIRECTION('',(0.E0,-9.397071595222E-1,-3.419801958340E-1));
#2891=AXIS2_PLACEMENT_3D('',#2888,#2889,#2890);
#2892=CYLINDRICAL_SURFACE('',#2891,5.449793267689E0);
#2893=ORIENTED_EDGE('',*,*,#2519,.T.);
#2895=ORIENTED_EDGE('',*,*,#2894,.F.);
#2897=ORIENTED_EDGE('',*,*,#2896,.T.);
#2898=ORIENTED_EDGE('',*,*,#2880,.T.);
#2899=EDGE_LOOP('',(#2893,#2895,#2897,#2898));
#2900=FACE_OUTER_BOUND('',#2899,.F.);
#2901=ADVANCED_FACE('',(#2900),#2892,.T.);
#2902=CARTESIAN_POINT('',(-6.033424920967E0,-5.591186617301E0,
-2.035025671354E0));
#2903=CARTESIAN_POINT('',(-5.937146885155E0,-5.434488710832E0,
-1.977992292907E0));
#2904=CARTESIAN_POINT('',(-5.840868849343E0,-5.277790804362E0,
-1.920958914461E0));
#2905=CARTESIAN_POINT('',(-5.744590813530E0,-5.121092897893E0,
-1.863925536014E0));
#2906=CARTESIAN_POINT('',(-6.022314068944E0,-5.401556958205E0,
-2.555382827068E0));
#2907=CARTESIAN_POINT('',(-5.926036033132E0,-5.250173589125E0,
-2.483765983148E0));
#2908=CARTESIAN_POINT('',(-5.829757997320E0,-5.098790220045E0,
-2.412149139227E0));
#2909=CARTESIAN_POINT('',(-5.733479961507E0,-4.947406850965E0,
-2.340532295307E0));
#2910=CARTESIAN_POINT('',(-5.996758772608E0,-4.798346392846E0,
-3.691590696779E0));
#2911=CARTESIAN_POINT('',(-5.900480736796E0,-4.663868528740E0,
-3.588130631273E0));
#2912=CARTESIAN_POINT('',(-5.804202700984E0,-4.529390664633E0,
-3.484670565767E0));
#2913=CARTESIAN_POINT('',(-5.707924665171E0,-4.394912800527E0,
-3.381210500261E0));
#2914=CARTESIAN_POINT('',(-5.956759031707E0,-3.330441648936E0,
-5.089446315610E0));
#2915=CARTESIAN_POINT('',(-5.860480995895E0,-3.237103102082E0,
-4.946810120945E0));
#2916=CARTESIAN_POINT('',(-5.764202960082E0,-3.143764555227E0,
-4.804173926280E0));
#2917=CARTESIAN_POINT('',(-5.667924924270E0,-3.050426008372E0,
-4.661537731614E0));
#2918=CARTESIAN_POINT('',(-5.913425698385E0,-1.306083990558E0,
-5.940411008338E0));
#2919=CARTESIAN_POINT('',(-5.817147662572E0,-1.269479841745E0,
-5.773925782163E0));
#2920=CARTESIAN_POINT('',(-5.720869626760E0,-1.232875692932E0,
-5.607440555988E0));
#2921=CARTESIAN_POINT('',(-5.624591590947E0,-1.196271544120E0,
-5.440955329813E0));
#2922=CARTESIAN_POINT('',(-5.870092365049E0,8.885203099789E-1,
-6.017047481380E0));
#2923=CARTESIAN_POINT('',(-5.773814329236E0,8.636187493702E-1,
-5.848414450864E0));
#2924=CARTESIAN_POINT('',(-5.677536293424E0,8.387171887615E-1,
-5.679781420347E0));
#2925=CARTESIAN_POINT('',(-5.581258257611E0,8.138156281528E-1,
-5.511148389831E0));
#2926=CARTESIAN_POINT('',(-5.826759031717E0,2.967307093403E0,
-5.309370941326E0));
#2927=CARTESIAN_POINT('',(-5.730480995904E0,2.884145710818E0,
-5.160571166231E0));
#2928=CARTESIAN_POINT('',(-5.634202960092E0,2.800984328232E0,
-5.011771391135E0));
#2929=CARTESIAN_POINT('',(-5.537924924279E0,2.717822945647E0,
-4.862971616039E0));
#2930=CARTESIAN_POINT('',(-5.783425698382E0,4.659309437259E0,
-3.909624817270E0));
#2931=CARTESIAN_POINT('',(-5.687147662570E0,4.528728205692E0,
-3.800054154390E0));
#2932=CARTESIAN_POINT('',(-5.590869626757E0,4.398146974125E0,
-3.690483491510E0));
#2933=CARTESIAN_POINT('',(-5.494591590945E0,4.267565742558E0,
-3.580912828629E0));
#2934=CARTESIAN_POINT('',(-5.748837185471E0,5.525087310756E0,
-2.385580153264E0));
#2935=CARTESIAN_POINT('',(-5.652559149658E0,5.370241895299E0,
-2.318722178148E0));
#2936=CARTESIAN_POINT('',(-5.556281113846E0,5.215396479842E0,
-2.251864203032E0));
#2937=CARTESIAN_POINT('',(-5.460003078034E0,5.060551064385E0,
-2.185006227916E0));
#2938=CARTESIAN_POINT('',(-5.728693117003E0,5.786614389278E0,
-1.413473626321E0));
#2939=CARTESIAN_POINT('',(-5.632415081191E0,5.624439448177E0,
-1.373859788820E0));
#2940=CARTESIAN_POINT('',(-5.536137045378E0,5.462264507077E0,
-1.334245951319E0));
#2941=CARTESIAN_POINT('',(-5.439859009566E0,5.300089565976E0,
-1.294632113819E0));
#2942=CARTESIAN_POINT('',(-5.722993492980E0,5.840733889334E0,
-1.134553298677E0));
#2943=CARTESIAN_POINT('',(-5.626715457167E0,5.677042201801E0,
-1.102756447875E0));
#2944=CARTESIAN_POINT('',(-5.530437421355E0,5.513350514267E0,
-1.070959597072E0));
#2945=CARTESIAN_POINT('',(-5.434159385543E0,5.349658826733E0,
-1.039162746270E0));
#2946=B_SPLINE_SURFACE_WITH_KNOTS('',3,3,((#2902,#2903,#2904,#2905),(#2906,
#2907,#2908,#2909),(#2910,#2911,#2912,#2913),(#2914,#2915,#2916,#2917),(#2918,
#2919,#2920,#2921),(#2922,#2923,#2924,#2925),(#2926,#2927,#2928,#2929),(#2930,
#2931,#2932,#2933),(#2934,#2935,#2936,#2937),(#2938,#2939,#2940,#2941),(#2942,
#2943,#2944,#2945)),.UNSPECIFIED.,.F.,.F.,.F.,(4,1,1,1,1,1,1,1,4),(4,4),(
8.457855602136E-8,1.073750153812E-1,2.469656810207E-1,3.865563466603E-1,
5.261470122998E-1,6.657376779393E-1,8.053283435789E-1,9.449190092182E-1,1.E0),(
1.203213637252E-1,8.799905119836E-1),.UNSPECIFIED.);
#2947=ORIENTED_EDGE('',*,*,#2517,.F.);
#2949=ORIENTED_EDGE('',*,*,#2948,.F.);
#2951=ORIENTED_EDGE('',*,*,#2950,.T.);
#2952=ORIENTED_EDGE('',*,*,#2894,.T.);
#2953=EDGE_LOOP('',(#2947,#2949,#2951,#2952));
#2954=FACE_OUTER_BOUND('',#2953,.F.);
#2955=ADVANCED_FACE('',(#2954),#2946,.T.);
#2956=CARTESIAN_POINT('',(-1.03E1,0.E0,0.E0));
#2957=DIRECTION('',(1.E0,0.E0,0.E0));
#2958=DIRECTION('',(0.E0,-1.E0,0.E0));
#2959=AXIS2_PLACEMENT_3D('',#2956,#2957,#2958);
#2960=CYLINDRICAL_SURFACE('',#2959,5.95E0);
#2962=ORIENTED_EDGE('',*,*,#2961,.T.);
#2964=ORIENTED_EDGE('',*,*,#2963,.T.);
#2965=ORIENTED_EDGE('',*,*,#2948,.T.);
#2966=ORIENTED_EDGE('',*,*,#2515,.T.);
#2968=ORIENTED_EDGE('',*,*,#2967,.T.);
#2970=ORIENTED_EDGE('',*,*,#2969,.T.);
#2971=ORIENTED_EDGE('',*,*,#2489,.T.);
#2972=EDGE_LOOP('',(#2962,#2964,#2965,#2966,#2968,#2970,#2971));
#2973=FACE_OUTER_BOUND('',#2972,.F.);
#2974=ADVANCED_FACE('',(#2973),#2960,.T.);
#2975=CARTESIAN_POINT('',(-6.427376330647E0,5.840896610310E0,1.134588620647E0));
#2976=CARTESIAN_POINT('',(-6.330889100052E0,5.676853640234E0,1.102723429466E0));
#2977=CARTESIAN_POINT('',(-6.234401869456E0,5.512810670158E0,1.070858238286E0));
#2978=CARTESIAN_POINT('',(-6.137914638861E0,5.348767700082E0,1.038993047105E0));
#2979=CARTESIAN_POINT('',(-6.413539802745E0,5.708823991995E0,1.811545219507E0));
#2980=CARTESIAN_POINT('',(-6.317052572149E0,5.548490312654E0,1.760667541283E0));
#2981=CARTESIAN_POINT('',(-6.220565341554E0,5.388156633313E0,1.709789863059E0));
#2982=CARTESIAN_POINT('',(-6.124078110958E0,5.227822953971E0,1.658912184836E0));
#2983=CARTESIAN_POINT('',(-6.381312533960E0,5.127507833502E0,3.335549014013E0));
#2984=CARTESIAN_POINT('',(-6.284825303364E0,4.983500556939E0,3.241869326872E0));
#2985=CARTESIAN_POINT('',(-6.188338072769E0,4.839493280377E0,3.148189639730E0));
#2986=CARTESIAN_POINT('',(-6.091850842173E0,4.695486003814E0,3.054509952589E0));
#2987=CARTESIAN_POINT('',(-6.330694525887E0,3.322052251911E0,5.194754530483E0));
#2988=CARTESIAN_POINT('',(-6.234207295291E0,3.228751624512E0,5.048858614348E0));
#2989=CARTESIAN_POINT('',(-6.137720064695E0,3.135450997113E0,4.902962698214E0));
#2990=CARTESIAN_POINT('',(-6.041232834100E0,3.042150369715E0,4.757066782079E0));
#2991=CARTESIAN_POINT('',(-6.275522305646E0,6.569860000079E-1,
6.131057765114E0));
#2992=CARTESIAN_POINT('',(-6.179035075050E0,6.385343919964E-1,
5.958865550014E0));
#2993=CARTESIAN_POINT('',(-6.082547844455E0,6.200827839850E-1,
5.786673334914E0));
#2994=CARTESIAN_POINT('',(-5.986060613859E0,6.016311759735E-1,
5.614481119815E0));
#2995=CARTESIAN_POINT('',(-6.220350085500E0,-2.145958190768E0,
5.780691464467E0));
#2996=CARTESIAN_POINT('',(-6.123862854904E0,-2.085688444742E0,
5.618339370227E0));
#2997=CARTESIAN_POINT('',(-6.027375624309E0,-2.025418698717E0,
5.455987275987E0));
#2998=CARTESIAN_POINT('',(-5.930888393713E0,-1.965148952691E0,
5.293635181746E0));
#2999=CARTESIAN_POINT('',(-6.165177865329E0,-4.498541353171E0,
4.217171384186E0));
#3000=CARTESIAN_POINT('',(-6.068690634733E0,-4.372198749659E0,
4.098731123156E0));
#3001=CARTESIAN_POINT('',(-5.972203404137E0,-4.245856146147E0,
3.980290862125E0));
#3002=CARTESIAN_POINT('',(-5.875716173542E0,-4.119513542635E0,
3.861850601095E0));
#3003=CARTESIAN_POINT('',(-6.110005645164E0,-5.907081686480E0,
1.768667007124E0));
#3004=CARTESIAN_POINT('',(-6.013518414569E0,-5.741179892803E0,
1.718993573698E0));
#3005=CARTESIAN_POINT('',(-5.917031183973E0,-5.575278099126E0,
1.669320140271E0));
#3006=CARTESIAN_POINT('',(-5.820543953377E0,-5.409376305449E0,
1.619646706845E0));
#3007=CARTESIAN_POINT('',(-6.066149727835E0,-6.041235828766E0,
-4.727814772307E-1));
#3008=CARTESIAN_POINT('',(-5.969662497239E0,-5.871566284105E0,
-4.595032970304E-1));
#3009=CARTESIAN_POINT('',(-5.873175266643E0,-5.701896739445E0,
-4.462251168302E-1));
#3010=CARTESIAN_POINT('',(-5.776688036048E0,-5.532227194784E0,
-4.329469366299E-1));
#3011=CARTESIAN_POINT('',(-6.040684550562E0,-5.711795810449E0,
-1.703633498295E0));
#3012=CARTESIAN_POINT('',(-5.944197319966E0,-5.551378667033E0,
-1.655786546427E0));
#3013=CARTESIAN_POINT('',(-5.847710089370E0,-5.390961523617E0,
-1.607939594558E0));
#3014=CARTESIAN_POINT('',(-5.751222858774E0,-5.230544380202E0,
-1.560092642690E0));
#3015=CARTESIAN_POINT('',(-6.033610113343E0,-5.591022220296E0,
-2.034970544871E0));
#3016=CARTESIAN_POINT('',(-5.937122882747E0,-5.433997031876E0,
-1.977817913268E0));
#3017=CARTESIAN_POINT('',(-5.840635652152E0,-5.276971843455E0,
-1.920665281665E0));
#3018=CARTESIAN_POINT('',(-5.744148421556E0,-5.119946655034E0,
-1.863512650063E0));
#3019=B_SPLINE_SURFACE_WITH_KNOTS('',3,3,((#2975,#2976,#2977,#2978),(#2979,
#2980,#2981,#2982),(#2983,#2984,#2985,#2986),(#2987,#2988,#2989,#2990),(#2991,
#2992,#2993,#2994),(#2995,#2996,#2997,#2998),(#2999,#3000,#3001,#3002),(#3003,
#3004,#3005,#3006),(#3007,#3008,#3009,#3010),(#3011,#3012,#3013,#3014),(#3015,
#3016,#3017,#3018)),.UNSPECIFIED.,.F.,.F.,.F.,(4,1,1,1,1,1,1,1,4),(4,4),(0.E0,
1.054168202752E-1,2.455309665884E-1,3.856451129015E-1,5.257592592147E-1,
6.658734055271E-1,8.059875518403E-1,9.461016981534E-1,9.999999495854E-1),(
1.202956605716E-1,8.814375284969E-1),.UNSPECIFIED.);
#3020=ORIENTED_EDGE('',*,*,#2487,.F.);
#3022=ORIENTED_EDGE('',*,*,#3021,.T.);
#3023=ORIENTED_EDGE('',*,*,#2950,.F.);
#3024=ORIENTED_EDGE('',*,*,#2963,.F.);
#3025=ORIENTED_EDGE('',*,*,#2961,.F.);
#3026=EDGE_LOOP('',(#3020,#3022,#3023,#3024,#3025));
#3027=FACE_OUTER_BOUND('',#3026,.F.);
#3028=ADVANCED_FACE('',(#3027),#3019,.T.);
#3029=CARTESIAN_POINT('',(-6.033036292876E0,-9.507653192520E-5,
5.745509848696E-4));
#3030=DIRECTION('',(1.E0,0.E0,0.E0));
#3031=DIRECTION('',(0.E0,9.816717833046E-1,1.905794056646E-1));
#3032=AXIS2_PLACEMENT_3D('',#3029,#3030,#3031);
#3033=CYLINDRICAL_SURFACE('',#3032,5.449559371947E0);
#3034=ORIENTED_EDGE('',*,*,#2485,.T.);
#3036=ORIENTED_EDGE('',*,*,#3035,.T.);
#3037=ORIENTED_EDGE('',*,*,#2896,.F.);
#3038=ORIENTED_EDGE('',*,*,#3021,.F.);
#3039=EDGE_LOOP('',(#3034,#3036,#3037,#3038));
#3040=FACE_OUTER_BOUND('',#3039,.F.);
#3041=ADVANCED_FACE('',(#3040),#3033,.T.);
#3042=CARTESIAN_POINT('',(-6.015612089014E0,5.349723433589E0,1.039173439597E0));
#3043=CARTESIAN_POINT('',(-5.919319864694E0,5.513429195591E0,1.070972967535E0));
#3044=CARTESIAN_POINT('',(-5.823027640374E0,5.677134957592E0,1.102772495474E0));
#3045=CARTESIAN_POINT('',(-5.726735416053E0,5.840840719594E0,1.134572023412E0));
#3046=CARTESIAN_POINT('',(-6.010257111515E0,5.303336216632E0,1.279231348362E0));
#3047=CARTESIAN_POINT('',(-5.913964887195E0,5.465622493161E0,1.318376837894E0));
#3048=CARTESIAN_POINT('',(-5.817672662874E0,5.627908769689E0,1.357522327426E0));
#3049=CARTESIAN_POINT('',(-5.721380438554E0,5.790195046217E0,1.396667816957E0));
#3050=CARTESIAN_POINT('',(-5.985182688542E0,5.010826652272E0,2.388519443277E0));
#3051=CARTESIAN_POINT('',(-5.888890464222E0,5.164161905122E0,2.461610024571E0));
#3052=CARTESIAN_POINT('',(-5.792598239901E0,5.317497157972E0,2.534700605865E0));
#3053=CARTESIAN_POINT('',(-5.696306015581E0,5.470832410821E0,2.607791187160E0));
#3054=CARTESIAN_POINT('',(-5.940388820099E0,3.865250412297E0,4.159279986333E0));
#3055=CARTESIAN_POINT('',(-5.844096595779E0,3.983530127487E0,4.286557238700E0));
#3056=CARTESIAN_POINT('',(-5.747804371458E0,4.101809842676E0,4.413834491066E0));
#3057=CARTESIAN_POINT('',(-5.651512147137E0,4.220089557865E0,4.541111743433E0));
#3058=CARTESIAN_POINT('',(-5.881230483678E0,1.422192014490E0,5.497011465384E0));
#3059=CARTESIAN_POINT('',(-5.784938259358E0,1.465712213305E0,5.665224357479E0));
#3060=CARTESIAN_POINT('',(-5.688646035038E0,1.509232412120E0,5.833437249575E0));
#3061=CARTESIAN_POINT('',(-5.592353810717E0,1.552752610936E0,6.001650141671E0));
#3062=CARTESIAN_POINT('',(-5.822072147272E0,-1.363100259133E0,
5.511964888674E0));
#3063=CARTESIAN_POINT('',(-5.725779922952E0,-1.404812203569E0,
5.680635367331E0));
#3064=CARTESIAN_POINT('',(-5.629487698631E0,-1.446524148005E0,
5.849305845987E0));
#3065=CARTESIAN_POINT('',(-5.533195474311E0,-1.488236092441E0,
6.017976324644E0));
#3066=CARTESIAN_POINT('',(-5.762913810813E0,-3.820371171945E0,
4.200525838359E0));
#3067=CARTESIAN_POINT('',(-5.666621586493E0,-3.937277546940E0,
4.329065246373E0));
#3068=CARTESIAN_POINT('',(-5.570329362172E0,-4.054183921935E0,
4.457604654388E0));
#3069=CARTESIAN_POINT('',(-5.474037137851E0,-4.171090296930E0,
4.586144062402E0));
#3070=CARTESIAN_POINT('',(-5.703755474553E0,-5.358357719677E0,
1.878334389563E0));
#3071=CARTESIAN_POINT('',(-5.607463250232E0,-5.522327697645E0,
1.935812905282E0));
#3072=CARTESIAN_POINT('',(-5.511171025912E0,-5.686297675612E0,
1.993291421001E0));
#3073=CARTESIAN_POINT('',(-5.414878801591E0,-5.850267653580E0,
2.050769936719E0));
#3074=CARTESIAN_POINT('',(-5.656730744793E0,-5.555837598164E0,
-3.269965274673E-1));
#3075=CARTESIAN_POINT('',(-5.560438520473E0,-5.725850616403E0,
-3.370028794182E-1));
#3076=CARTESIAN_POINT('',(-5.464146296152E0,-5.895863634641E0,
-3.470092313691E-1));
#3077=CARTESIAN_POINT('',(-5.367854071832E0,-6.065876652879E0,
-3.570155833199E-1));
#3078=CARTESIAN_POINT('',(-5.629425461595E0,-5.239517052970E0,
-1.538426118403E0));
#3079=CARTESIAN_POINT('',(-5.533133237274E0,-5.399850412671E0,
-1.585503172623E0));
#3080=CARTESIAN_POINT('',(-5.436841012953E0,-5.560183772373E0,
-1.632580226843E0));
#3081=CARTESIAN_POINT('',(-5.340548788633E0,-5.720517132075E0,
-1.679657281063E0));
#3082=CARTESIAN_POINT('',(-5.621839622973E0,-5.120863193450E0,
-1.863835142680E0));
#3083=CARTESIAN_POINT('',(-5.525547398653E0,-5.277565651362E0,
-1.920869970006E0));
#3084=CARTESIAN_POINT('',(-5.429255174332E0,-5.434268109273E0,
-1.977904797332E0));
#3085=CARTESIAN_POINT('',(-5.332962950012E0,-5.590970567185E0,
-2.034939624658E0));
#3086=B_SPLINE_SURFACE_WITH_KNOTS('',3,3,((#3042,#3043,#3044,#3045),(#3046,
#3047,#3048,#3049),(#3050,#3051,#3052,#3053),(#3054,#3055,#3056,#3057),(#3058,
#3059,#3060,#3061),(#3062,#3063,#3064,#3065),(#3066,#3067,#3068,#3069),(#3070,
#3071,#3072,#3073),(#3074,#3075,#3076,#3077),(#3078,#3079,#3080,#3081),(#3082,
#3083,#3084,#3085)),.UNSPECIFIED.,.F.,.F.,.F.,(4,1,1,1,1,1,1,1,4),(4,4),(0.E0,
4.079749891620E-2,1.910323141577E-1,3.412671293998E-1,4.915019446413E-1,
6.417367598835E-1,7.919715751250E-1,9.422063903672E-1,9.999999537810E-1),(
1.206314635194E-1,8.797692010396E-1),.UNSPECIFIED.);
#3087=ORIENTED_EDGE('',*,*,#2483,.F.);
#3088=ORIENTED_EDGE('',*,*,#2828,.F.);
#3089=ORIENTED_EDGE('',*,*,#2826,.F.);
#3090=ORIENTED_EDGE('',*,*,#2882,.F.);
#3091=ORIENTED_EDGE('',*,*,#3035,.F.);
#3092=EDGE_LOOP('',(#3087,#3088,#3089,#3090,#3091));
#3093=FACE_OUTER_BOUND('',#3092,.F.);
#3094=ADVANCED_FACE('',(#3093),#3086,.T.);
#3095=CARTESIAN_POINT('',(-6.765764563102E0,5.349981174465E0,1.039226589359E0));
#3096=CARTESIAN_POINT('',(-6.669404924914E0,5.513817587052E0,1.071051590368E0));
#3097=CARTESIAN_POINT('',(-6.573045286725E0,5.677653999638E0,1.102876591377E0));
#3098=CARTESIAN_POINT('',(-6.476685648537E0,5.841490412225E0,1.134701592386E0));
#3099=CARTESIAN_POINT('',(-6.747044272225E0,5.186665381676E0,1.877923623223E0));
#3100=CARTESIAN_POINT('',(-6.650684634037E0,5.345500454494E0,1.935432661015E0));
#3101=CARTESIAN_POINT('',(-6.554324995849E0,5.504335527311E0,1.992941698808E0));
#3102=CARTESIAN_POINT('',(-6.457965357660E0,5.663170600129E0,2.050450736600E0));
#3103=CARTESIAN_POINT('',(-6.708604535877E0,4.439987490042E0,3.520549784923E0));
#3104=CARTESIAN_POINT('',(-6.612244897688E0,4.575956496020E0,3.628362173097E0));
#3105=CARTESIAN_POINT('',(-6.515885259499E0,4.711925501998E0,3.736174561271E0));
#3106=CARTESIAN_POINT('',(-6.419525621310E0,4.847894507976E0,3.843986949445E0));
#3107=CARTESIAN_POINT('',(-6.650445354055E0,2.277934807166E0,5.200728476855E0));
#3108=CARTESIAN_POINT('',(-6.554085715866E0,2.347693681961E0,5.359994214193E0));
#3109=CARTESIAN_POINT('',(-6.457726077678E0,2.417452556755E0,5.519259951530E0));
#3110=CARTESIAN_POINT('',(-6.361366439489E0,2.487211431550E0,5.678525688867E0));
#3111=CARTESIAN_POINT('',(-6.591287017637E0,-4.694153905617E-1,
5.658287096528E0));
#3112=CARTESIAN_POINT('',(-6.494927379448E0,-4.837906436900E-1,
5.831564988365E0));
#3113=CARTESIAN_POINT('',(-6.398567741259E0,-4.981658968183E-1,
6.004842880202E0));
#3114=CARTESIAN_POINT('',(-6.302208103071E0,-5.125411499466E-1,
6.178120772039E0));
#3115=CARTESIAN_POINT('',(-6.532128681220E0,-3.103807124121E0,
4.754255463467E0));
#3116=CARTESIAN_POINT('',(-6.435769043032E0,-3.198857294954E0,
4.899848528984E0));
#3117=CARTESIAN_POINT('',(-6.339409404843E0,-3.293907465788E0,
5.045441594502E0));
#3118=CARTESIAN_POINT('',(-6.243049766654E0,-3.388957636621E0,
5.191034660019E0));
#3119=CARTESIAN_POINT('',(-6.472970344801E0,-4.991309657026E0,
2.706176561741E0));
#3120=CARTESIAN_POINT('',(-6.376610706612E0,-5.144162207653E0,
2.789049799091E0));
#3121=CARTESIAN_POINT('',(-6.280251068423E0,-5.297014758279E0,
2.871923036441E0));
#3122=CARTESIAN_POINT('',(-6.183891430234E0,-5.449867308905E0,
2.954796273792E0));
#3123=CARTESIAN_POINT('',(-6.413812008390E0,-5.677721036114E0,
6.892875638300E-3));
#3124=CARTESIAN_POINT('',(-6.317452370201E0,-5.851594067793E0,
7.103961242232E-3));
#3125=CARTESIAN_POINT('',(-6.221092732012E0,-6.025467099472E0,
7.315046846164E-3));
#3126=CARTESIAN_POINT('',(-6.124733093823E0,-6.199340131152E0,
7.526132450095E-3));
#3127=CARTESIAN_POINT('',(-6.354653671950E0,-4.997865647767E0,
-2.694049487769E0));
#3128=CARTESIAN_POINT('',(-6.258294033761E0,-5.150918967318E0,
-2.776551348809E0));
#3129=CARTESIAN_POINT('',(-6.161934395573E0,-5.303972286869E0,
-2.859053209850E0));
#3130=CARTESIAN_POINT('',(-6.065574757384E0,-5.457025606420E0,
-2.941555070890E0));
#3131=CARTESIAN_POINT('',(-6.295495335613E0,-3.115341495130E0,
-4.746705283041E0));
#3132=CARTESIAN_POINT('',(-6.199135697424E0,-3.210744891513E0,
-4.892067133821E0));
#3133=CARTESIAN_POINT('',(-6.102776059235E0,-3.306148287897E0,
-5.037428984600E0));
#3134=CARTESIAN_POINT('',(-6.006416421046E0,-3.401551684280E0,
-5.182790835380E0));
#3135=CARTESIAN_POINT('',(-6.236336998898E0,-4.831525513937E-1,
-5.657130658691E0));
#3136=CARTESIAN_POINT('',(-6.139977360709E0,-4.979484876404E-1,
-5.830373136103E0));
#3137=CARTESIAN_POINT('',(-6.043617722521E0,-5.127444238871E-1,
-6.003615613514E0));
#3138=CARTESIAN_POINT('',(-5.947258084332E0,-5.275403601338E-1,
-6.176858090926E0));
#3139=CARTESIAN_POINT('',(-6.177178663588E0,2.265300518145E0,
-5.206244061794E0));
#3140=CARTESIAN_POINT('',(-6.080819025400E0,2.334672483555E0,
-5.365678706868E0));
#3141=CARTESIAN_POINT('',(-5.984459387211E0,2.404044448965E0,
-5.525113351942E0));
#3142=CARTESIAN_POINT('',(-5.888099749022E0,2.473416414375E0,
-5.684547997016E0));
#3143=CARTESIAN_POINT('',(-6.118922840583E0,4.435025597029E0,
-3.528536825867E0));
#3144=CARTESIAN_POINT('',(-6.022563202394E0,4.570842652233E0,
-3.636593807366E0));
#3145=CARTESIAN_POINT('',(-5.926203564206E0,4.706659707438E0,
-3.744650788865E0));
#3146=CARTESIAN_POINT('',(-5.829843926017E0,4.842476762642E0,
-3.852707770364E0));
#3147=CARTESIAN_POINT('',(-6.080386476874E0,5.185860438544E0,
-1.882258186241E0));
#3148=CARTESIAN_POINT('',(-5.984026838686E0,5.344670859093E0,
-1.939899963944E0));
#3149=CARTESIAN_POINT('',(-5.887667200497E0,5.503481279643E0,
-1.997541741647E0));
#3150=CARTESIAN_POINT('',(-5.791307562309E0,5.662291700193E0,
-2.055183519350E0));
#3151=CARTESIAN_POINT('',(-6.061569542324E0,5.349986823741E0,
-1.039228085024E0));
#3152=CARTESIAN_POINT('',(-5.965209904136E0,5.513823409330E0,
-1.071053131833E0));
#3153=CARTESIAN_POINT('',(-5.868850265947E0,5.677659994919E0,
-1.102878178641E0));
#3154=CARTESIAN_POINT('',(-5.772490627759E0,5.841496580508E0,
-1.134703225450E0));
#3155=B_SPLINE_SURFACE_WITH_KNOTS('',3,3,((#3095,#3096,#3097,#3098),(#3099,
#3100,#3101,#3102),(#3103,#3104,#3105,#3106),(#3107,#3108,#3109,#3110),(#3111,
#3112,#3113,#3114),(#3115,#3116,#3117,#3118),(#3119,#3120,#3121,#3122),(#3123,
#3124,#3125,#3126),(#3127,#3128,#3129,#3130),(#3131,#3132,#3133,#3134),(#3135,
#3136,#3137,#3138),(#3139,#3140,#3141,#3142),(#3143,#3144,#3145,#3146),(#3147,
#3148,#3149,#3150),(#3151,#3152,#3153,#3154)),.UNSPECIFIED.,.F.,.F.,.F.,(4,1,1,
1,1,1,1,1,1,1,1,1,4),(4,4),(0.E0,7.975187408799E-2,1.637603300864E-1,
2.477687860852E-1,3.317772420837E-1,4.157856980824E-1,4.997941540809E-1,
5.838026100797E-1,6.678110660782E-1,7.518195220770E-1,8.358279780754E-1,
9.198364340742E-1,1.E0),(1.202124096282E-1,8.797971807442E-1),.UNSPECIFIED.);
#3156=ORIENTED_EDGE('',*,*,#2491,.F.);
#3157=ORIENTED_EDGE('',*,*,#2969,.F.);
#3158=ORIENTED_EDGE('',*,*,#2967,.F.);
#3159=ORIENTED_EDGE('',*,*,#2513,.F.);
#3161=ORIENTED_EDGE('',*,*,#3160,.F.);
#3162=EDGE_LOOP('',(#3156,#3157,#3158,#3159,#3161));
#3163=FACE_OUTER_BOUND('',#3162,.F.);
#3164=ADVANCED_FACE('',(#3163),#3155,.T.);
#3165=CARTESIAN_POINT('',(-6.627817767933E0,-1.127780726318E-5,
-3.181390290517E-7));
#3166=DIRECTION('',(1.E0,0.E0,0.E0));
#3167=DIRECTION('',(0.E0,9.816514448546E-1,1.906841388654E-1));
#3168=AXIS2_PLACEMENT_3D('',#3165,#3166,#3167);
#3169=CYLINDRICAL_SURFACE('',#3168,5.449993652434E0);
#3170=ORIENTED_EDGE('',*,*,#2493,.T.);
#3171=ORIENTED_EDGE('',*,*,#3160,.T.);
#3172=ORIENTED_EDGE('',*,*,#2511,.T.);
#3174=ORIENTED_EDGE('',*,*,#3173,.F.);
#3175=EDGE_LOOP('',(#3170,#3171,#3172,#3174));
#3176=FACE_OUTER_BOUND('',#3175,.F.);
#3177=ADVANCED_FACE('',(#3176),#3169,.T.);
#3178=CARTESIAN_POINT('',(-7.222661328576E0,5.918357573338E0,1.149016645830E0));
#3179=CARTESIAN_POINT('',(-7.095810362233E0,5.702501025449E0,1.107079748720E0));
#3180=CARTESIAN_POINT('',(-6.968959395890E0,5.486644477560E0,1.065142851610E0));
#3181=CARTESIAN_POINT('',(-6.842108429547E0,5.270787929671E0,1.023205954500E0));
#3182=CARTESIAN_POINT('',(-7.220783154767E0,5.919387900673E0,1.153932923994E0));
#3183=CARTESIAN_POINT('',(-7.093931927855E0,5.702720347899E0,1.112080516020E0));
#3184=CARTESIAN_POINT('',(-6.967080700942E0,5.486052795124E0,1.070228108047E0));
#3185=CARTESIAN_POINT('',(-6.840229474029E0,5.269385242350E0,1.028375700073E0));
#3186=CARTESIAN_POINT('',(-7.223740872155E0,5.914739295397E0,1.163753449998E0));
#3187=CARTESIAN_POINT('',(-7.096719556245E0,5.699359942001E0,1.121202081495E0));
#3188=CARTESIAN_POINT('',(-6.969698240335E0,5.483980588606E0,1.078650712992E0));
#3189=CARTESIAN_POINT('',(-6.842676924424E0,5.268601235210E0,1.036099344488E0));
#3190=CARTESIAN_POINT('',(-7.221801636127E0,5.912174201153E0,1.183515774614E0));
#3191=CARTESIAN_POINT('',(-7.094863347945E0,5.696342342219E0,1.140409966654E0));
#3192=CARTESIAN_POINT('',(-6.967925059764E0,5.480510483284E0,1.097304158694E0));
#3193=CARTESIAN_POINT('',(-6.840986771582E0,5.264678624349E0,1.054198350734E0));
#3194=CARTESIAN_POINT('',(-7.222060043142E0,5.904403586357E0,1.218013113222E0));
#3195=CARTESIAN_POINT('',(-7.095070281782E0,5.689193675633E0,1.173545961752E0));
#3196=CARTESIAN_POINT('',(-6.968080520423E0,5.473983764910E0,1.129078810282E0));
#3197=CARTESIAN_POINT('',(-6.841090759063E0,5.258773854187E0,1.084611658812E0));
#3198=CARTESIAN_POINT('',(-7.219989038108E0,5.890581804749E0,1.286944987457E0));
#3199=CARTESIAN_POINT('',(-7.093035760786E0,5.675636063082E0,1.240036792346E0));
#3200=CARTESIAN_POINT('',(-6.966082483463E0,5.460690321416E0,1.193128597235E0));
#3201=CARTESIAN_POINT('',(-6.839129206140E0,5.245744579749E0,1.146220402124E0));
#3202=CARTESIAN_POINT('',(-7.217684296298E0,5.859295856998E0,1.424333073099E0));
#3203=CARTESIAN_POINT('',(-7.090704995956E0,5.645662352108E0,1.372361807994E0));
#3204=CARTESIAN_POINT('',(-6.963725695615E0,5.432028847217E0,1.320390542889E0));
#3205=CARTESIAN_POINT('',(-6.836746395274E0,5.218395342327E0,1.268419277784E0));
#3206=CARTESIAN_POINT('',(-7.213431331879E0,5.809570655601E0,1.619225180779E0));
#3207=CARTESIAN_POINT('',(-7.086466605769E0,5.597654916787E0,1.560174849075E0));
#3208=CARTESIAN_POINT('',(-6.959501879659E0,5.385739177974E0,1.501124517370E0));
#3209=CARTESIAN_POINT('',(-6.832537153549E0,5.173823439160E0,1.442074185666E0));
#3210=CARTESIAN_POINT('',(-7.208738589639E0,5.740216458195E0,1.850473158235E0));
#3211=CARTESIAN_POINT('',(-7.081769218097E0,5.530860815513E0,1.782979251371E0));
#3212=CARTESIAN_POINT('',(-6.954799846555E0,5.321505172831E0,1.715485344506E0));
#3213=CARTESIAN_POINT('',(-6.827830475013E0,5.112149530149E0,1.647991437642E0));
#3214=CARTESIAN_POINT('',(-7.200921900526E0,5.612288304834E0,2.222226143887E0));
#3215=CARTESIAN_POINT('',(-7.073954308623E0,5.407586859354E0,2.141176919561E0));
#3216=CARTESIAN_POINT('',(-6.946986716720E0,5.202885413875E0,2.060127695234E0));
#3217=CARTESIAN_POINT('',(-6.820019124817E0,4.998183968396E0,1.979078470908E0));
#3218=CARTESIAN_POINT('',(-7.190154344671E0,5.394408795251E0,2.722610889004E0));
#3219=CARTESIAN_POINT('',(-7.063185632009E0,5.197661402915E0,2.623308972036E0));
#3220=CARTESIAN_POINT('',(-6.936216919346E0,5.000914010579E0,2.524007055068E0));
#3221=CARTESIAN_POINT('',(-6.809248206684E0,4.804166618243E0,2.424705138099E0));
#3222=CARTESIAN_POINT('',(-7.171754896310E0,4.927345882695E0,3.527501297193E0));
#3223=CARTESIAN_POINT('',(-7.044786652847E0,4.747630510175E0,3.398843690177E0));
#3224=CARTESIAN_POINT('',(-6.917818409384E0,4.567915137654E0,3.270186083162E0));
#3225=CARTESIAN_POINT('',(-6.790850165920E0,4.388199765133E0,3.141528476146E0));
#3226=CARTESIAN_POINT('',(-7.148770739625E0,4.177011647970E0,4.423822553520E0));
#3227=CARTESIAN_POINT('',(-7.021802266184E0,4.024664600110E0,4.262473113959E0));
#3228=CARTESIAN_POINT('',(-6.894833792742E0,3.872317552249E0,4.101123674398E0));
#3229=CARTESIAN_POINT('',(-6.767865319300E0,3.719970504388E0,3.939774234837E0));
#3230=CARTESIAN_POINT('',(-7.121183265263E0,3.051564049690E0,5.261058244872E0));
#3231=CARTESIAN_POINT('',(-6.994214865328E0,2.940264776019E0,5.069172598506E0));
#3232=CARTESIAN_POINT('',(-6.867246465393E0,2.828965502348E0,4.877286952139E0));
#3233=CARTESIAN_POINT('',(-6.740278065458E0,2.717666228677E0,4.685401305773E0));
#3234=CARTESIAN_POINT('',(-7.084402231894E0,1.337496839782E0,6.009341494559E0));
#3235=CARTESIAN_POINT('',(-6.957433807889E0,1.288714604403E0,5.790163793070E0));
#3236=CARTESIAN_POINT('',(-6.830465383883E0,1.239932369024E0,5.570986091582E0));
#3237=CARTESIAN_POINT('',(-6.703496959878E0,1.191150133644E0,5.351808390093E0));
#3238=CARTESIAN_POINT('',(-7.038425162682E0,-1.042962920507E0,
6.160454251910E0));
#3239=CARTESIAN_POINT('',(-6.911456750480E0,-1.004923132094E0,
5.935765064335E0));
#3240=CARTESIAN_POINT('',(-6.784488338279E0,-9.668833436801E-1,
5.711075876760E0));
#3241=CARTESIAN_POINT('',(-6.657519926077E0,-9.288435552667E-1,
5.486386689185E0));
#3242=CARTESIAN_POINT('',(-6.983253012957E0,-3.680637280592E0,
5.048948170941E0));
#3243=CARTESIAN_POINT('',(-6.856284596960E0,-3.546394021719E0,
4.864798746821E0));
#3244=CARTESIAN_POINT('',(-6.729316180963E0,-3.412150762846E0,
4.680649322701E0));
#3245=CARTESIAN_POINT('',(-6.602347764966E0,-3.277907503973E0,
4.496499898581E0));
#3246=CARTESIAN_POINT('',(-6.928080773916E0,-5.545887974955E0,
2.877862898660E0));
#3247=CARTESIAN_POINT('',(-6.801112358936E0,-5.343613753432E0,
2.772899098134E0));
#3248=CARTESIAN_POINT('',(-6.674143943956E0,-5.141339531909E0,
2.667935297609E0));
#3249=CARTESIAN_POINT('',(-6.547175528976E0,-4.939065310386E0,
2.562971497083E0));
#3250=CARTESIAN_POINT('',(-6.872908558806E0,-6.247271027193E0,
1.028253682627E-1));
#3251=CARTESIAN_POINT('',(-6.745940143554E0,-6.019415379855E0,
9.907503609181E-2));
#3252=CARTESIAN_POINT('',(-6.618971728302E0,-5.791559732518E0,
9.532470392091E-2));
#3253=CARTESIAN_POINT('',(-6.492003313050E0,-5.563704085181E0,9.157437175E-2));
#3254=CARTESIAN_POINT('',(-6.817736337284E0,-5.637593202052E0,
-2.693791234937E0));
#3255=CARTESIAN_POINT('',(-6.690767922106E0,-5.431974230166E0,
-2.595541048233E0));
#3256=CARTESIAN_POINT('',(-6.563799506927E0,-5.226355258281E0,
-2.497290861528E0));
#3257=CARTESIAN_POINT('',(-6.436831091748E0,-5.020736286395E0,
-2.399040674823E0));
#3258=CARTESIAN_POINT('',(-6.762564117483E0,-3.844802331445E0,
-4.925085112437E0));
#3259=CARTESIAN_POINT('',(-6.635595702284E0,-3.704571514020E0,
-4.745453326063E0));
#3260=CARTESIAN_POINT('',(-6.508627287084E0,-3.564340696596E0,
-4.565821539689E0));
#3261=CARTESIAN_POINT('',(-6.381658871885E0,-3.424109879171E0,
-4.386189753315E0));
#3262=CARTESIAN_POINT('',(-6.707391897219E0,-1.245135966302E0,
-6.122793868565E0));
#3263=CARTESIAN_POINT('',(-6.580423482025E0,-1.199722335317E0,
-5.899478255706E0));
#3264=CARTESIAN_POINT('',(-6.453455066832E0,-1.154308704332E0,
-5.676162642848E0));
#3265=CARTESIAN_POINT('',(-6.326486651638E0,-1.108895073347E0,
-5.452847029989E0));
#3266=CARTESIAN_POINT('',(-6.652219677079E0,1.615836341750E0,
-6.035564700275E0));
#3267=CARTESIAN_POINT('',(-6.525251261884E0,1.556902219406E0,
-5.815430581946E0));
#3268=CARTESIAN_POINT('',(-6.398282846689E0,1.497968097063E0,
-5.595296463617E0));
#3269=CARTESIAN_POINT('',(-6.271314431494E0,1.439033974719E0,
-5.375162345287E0));
#3270=CARTESIAN_POINT('',(-6.597047456906E0,4.137707016708E0,
-4.681703639274E0));
#3271=CARTESIAN_POINT('',(-6.470079041711E0,3.986793136851E0,
-4.510948663711E0));
#3272=CARTESIAN_POINT('',(-6.343110626517E0,3.835879256995E0,
-4.340193688147E0));
#3273=CARTESIAN_POINT('',(-6.216142211322E0,3.684965377138E0,
-4.169438712584E0));
#3274=CARTESIAN_POINT('',(-6.552589049428E0,5.470137065038E0,
-2.799030064426E0));
#3275=CARTESIAN_POINT('',(-6.425620634233E0,5.270625692074E0,
-2.696941519940E0));
#3276=CARTESIAN_POINT('',(-6.298652219038E0,5.071114319111E0,
-2.594852975454E0));
#3277=CARTESIAN_POINT('',(-6.171683803843E0,4.871602946147E0,
-2.492764430968E0));
#3278=CARTESIAN_POINT('',(-6.521827433476E0,5.911823116566E0,
-1.301881782737E0));
#3279=CARTESIAN_POINT('',(-6.394859018281E0,5.696202203840E0,
-1.254398471293E0));
#3280=CARTESIAN_POINT('',(-6.267890603087E0,5.480581291114E0,
-1.206915159849E0));
#3281=CARTESIAN_POINT('',(-6.140922187892E0,5.264960378388E0,
-1.159431848405E0));
#3282=CARTESIAN_POINT('',(-6.509456557580E0,5.994899005990E0,
-6.813677301306E-1));
#3283=CARTESIAN_POINT('',(-6.382488142385E0,5.776248080567E0,
-6.565163215271E-1));
#3284=CARTESIAN_POINT('',(-6.255519727190E0,5.557597155145E0,
-6.316649129235E-1));
#3285=CARTESIAN_POINT('',(-6.128551311995E0,5.338946229722E0,
-6.068135043200E-1));
#3286=CARTESIAN_POINT('',(-6.504762609052E0,6.012553711410E0,
-4.449141236438E-1));
#3287=CARTESIAN_POINT('',(-6.377794193857E0,5.793258868939E0,
-4.286868469608E-1));
#3288=CARTESIAN_POINT('',(-6.250825778662E0,5.573964026467E0,
-4.124595702777E-1));
#3289=CARTESIAN_POINT('',(-6.123857363467E0,5.354669183995E0,
-3.962322935947E-1));
#3290=B_SPLINE_SURFACE_WITH_KNOTS('',3,3,((#3178,#3179,#3180,#3181),(#3182,
#3183,#3184,#3185),(#3186,#3187,#3188,#3189),(#3190,#3191,#3192,#3193),(#3194,
#3195,#3196,#3197),(#3198,#3199,#3200,#3201),(#3202,#3203,#3204,#3205),(#3206,
#3207,#3208,#3209),(#3210,#3211,#3212,#3213),(#3214,#3215,#3216,#3217),(#3218,
#3219,#3220,#3221),(#3222,#3223,#3224,#3225),(#3226,#3227,#3228,#3229),(#3230,
#3231,#3232,#3233),(#3234,#3235,#3236,#3237),(#3238,#3239,#3240,#3241),(#3242,
#3243,#3244,#3245),(#3246,#3247,#3248,#3249),(#3250,#3251,#3252,#3253),(#3254,
#3255,#3256,#3257),(#3258,#3259,#3260,#3261),(#3262,#3263,#3264,#3265),(#3266,
#3267,#3268,#3269),(#3270,#3271,#3272,#3273),(#3274,#3275,#3276,#3277),(#3278,
#3279,#3280,#3281),(#3282,#3283,#3284,#3285),(#3286,#3287,#3288,#3289)),
.UNSPECIFIED.,.F.,.F.,.F.,(4,1,1,1,1,1,1,1,1,1,1,1,1,1,1,1,1,1,1,1,1,1,1,1,1,4),
(4,4),(-1.935247503186E-5,4.047958136987E-4,8.289441024292E-4,1.677240679890E-3,
3.373833834812E-3,6.767020144657E-3,1.355339276435E-2,2.033976538403E-2,
2.712613800372E-2,4.671299128172E-2,6.629984455972E-2,1.054735511157E-1,
1.446472576717E-1,1.838209642277E-1,2.621683773397E-1,3.405157904517E-1,
4.188632035637E-1,4.972106166756E-1,5.755580297877E-1,6.539054428997E-1,
7.322528560116E-1,8.106002691236E-1,8.889476822357E-1,9.672950953476E-1,1.E0,
1.019996950820E0),(1.083328866612E-5,1.001774856760E0),.UNSPECIFIED.);
#3291=ORIENTED_EDGE('',*,*,#2495,.F.);
#3292=ORIENTED_EDGE('',*,*,#3173,.T.);
#3293=ORIENTED_EDGE('',*,*,#2509,.F.);
#3295=ORIENTED_EDGE('',*,*,#3294,.F.);
#3297=ORIENTED_EDGE('',*,*,#3296,.F.);
#3298=EDGE_LOOP('',(#3291,#3292,#3293,#3295,#3297));
#3299=FACE_OUTER_BOUND('',#3298,.F.);
#3300=ADVANCED_FACE('',(#3299),#3290,.T.);
#3301=CARTESIAN_POINT('',(-1.03E1,0.E0,0.E0));
#3302=DIRECTION('',(1.E0,0.E0,0.E0));
#3303=DIRECTION('',(0.E0,-1.E0,0.E0));
#3304=AXIS2_PLACEMENT_3D('',#3301,#3302,#3303);
#3305=CYLINDRICAL_SURFACE('',#3304,5.95E0);
#3307=ORIENTED_EDGE('',*,*,#3306,.F.);
#3308=ORIENTED_EDGE('',*,*,#3296,.T.);
#3309=ORIENTED_EDGE('',*,*,#3294,.T.);
#3310=ORIENTED_EDGE('',*,*,#2507,.T.);
#3312=ORIENTED_EDGE('',*,*,#3311,.T.);
#3314=ORIENTED_EDGE('',*,*,#3313,.T.);
#3315=EDGE_LOOP('',(#3307,#3308,#3309,#3310,#3312,#3314));
#3316=FACE_OUTER_BOUND('',#3315,.F.);
#3317=ADVANCED_FACE('',(#3316),#3305,.T.);
#3318=CARTESIAN_POINT('',(-7.326794919243E0,0.E0,0.E0));
#3319=DIRECTION('',(1.E0,0.E0,0.E0));
#3320=DIRECTION('',(0.E0,-1.E0,0.E0));
#3321=AXIS2_PLACEMENT_3D('',#3318,#3319,#3320);
#3322=CONICAL_SURFACE('',#3321,5.65E0,6.E1);
#3323=ORIENTED_EDGE('',*,*,#2497,.F.);
#3324=ORIENTED_EDGE('',*,*,#3306,.T.);
#3326=ORIENTED_EDGE('',*,*,#3325,.F.);
#3328=ORIENTED_EDGE('',*,*,#3327,.F.);
#3330=ORIENTED_EDGE('',*,*,#3329,.F.);
#3332=ORIENTED_EDGE('',*,*,#3331,.F.);
#3334=ORIENTED_EDGE('',*,*,#3333,.T.);
#3335=EDGE_LOOP('',(#3323,#3324,#3326,#3328,#3330,#3332,#3334));
#3336=FACE_OUTER_BOUND('',#3335,.F.);
#3337=ADVANCED_FACE('',(#3336),#3322,.T.);
#3338=CARTESIAN_POINT('',(-7.442102757047E0,3.766564695923E0,3.938293295658E0));
#3339=CARTESIAN_POINT('',(-7.345810251208E0,3.881824804785E0,4.058808446901E0));
#3340=CARTESIAN_POINT('',(-7.249517745370E0,3.997084913647E0,4.179323598144E0));
#3341=CARTESIAN_POINT('',(-7.153225239532E0,4.112345022509E0,4.299838749386E0));
#3342=CARTESIAN_POINT('',(-7.434516831304E0,3.516386590340E0,4.177842088299E0));
#3343=CARTESIAN_POINT('',(-7.338224325465E0,3.623991034687E0,4.305687637968E0));
#3344=CARTESIAN_POINT('',(-7.241931819627E0,3.731595479035E0,4.433533187636E0));
#3345=CARTESIAN_POINT('',(-7.145639313789E0,3.839199923382E0,4.561378737305E0));
#3346=CARTESIAN_POINT('',(-7.407211460087E0,2.534580559019E0,4.954816909403E0));
#3347=CARTESIAN_POINT('',(-7.310918954249E0,2.612140897081E0,5.106438554717E0));
#3348=CARTESIAN_POINT('',(-7.214626448411E0,2.689701235144E0,5.258060200031E0));
#3349=CARTESIAN_POINT('',(-7.118333942573E0,2.767261573207E0,5.409681845344E0));
#3350=CARTESIAN_POINT('',(-7.360186643399E0,4.361444596075E-1,
5.661268555791E0));
#3351=CARTESIAN_POINT('',(-7.263894137561E0,4.494908539875E-1,
5.834508227142E0));
#3352=CARTESIAN_POINT('',(-7.167601631722E0,4.628372483675E-1,
6.007747898493E0));
#3353=CARTESIAN_POINT('',(-7.071309125884E0,4.761836427476E-1,
6.180987569843E0));
#3354=CARTESIAN_POINT('',(-7.301028306982E0,-2.308583040631E0,
5.187498787867E0));
#3355=CARTESIAN_POINT('',(-7.204735801144E0,-2.379227660880E0,
5.346240698145E0));
#3356=CARTESIAN_POINT('',(-7.108443295305E0,-2.449872281129E0,
5.504982608422E0));
#3357=CARTESIAN_POINT('',(-7.012150789467E0,-2.520516901378E0,
5.663724518700E0));
#3358=CARTESIAN_POINT('',(-7.241869970564E0,-4.497809989751E0,
3.465479860864E0));
#3359=CARTESIAN_POINT('',(-7.145577464726E0,-4.635446831521E0,
3.571526515646E0));
#3360=CARTESIAN_POINT('',(-7.049284958887E0,-4.773083673291E0,
3.677573170427E0));
#3361=CARTESIAN_POINT('',(-6.952992453049E0,-4.910720515060E0,
3.783619825208E0));
#3362=CARTESIAN_POINT('',(-7.182711634147E0,-5.604692106334E0,
9.095260795221E-1));
#3363=CARTESIAN_POINT('',(-7.086419128309E0,-5.776200489827E0,
9.373583573129E-1));
#3364=CARTESIAN_POINT('',(-6.990126622471E0,-5.947708873320E0,
9.651906351036E-1));
#3365=CARTESIAN_POINT('',(-6.893834116632E0,-6.119217256813E0,
9.930229128943E-1));
#3366=CARTESIAN_POINT('',(-7.123553297729E0,-5.362882942368E0,
-1.865289098354E0));
#3367=CARTESIAN_POINT('',(-7.027260791891E0,-5.526991758134E0,
-1.922368543923E0));
#3368=CARTESIAN_POINT('',(-6.930968286052E0,-5.691100573900E0,
-1.979447989492E0));
#3369=CARTESIAN_POINT('',(-6.834675780214E0,-5.855209389666E0,
-2.036527435061E0));
#3370=CARTESIAN_POINT('',(-7.064394961312E0,-3.830567986854E0,
-4.191248690898E0));
#3371=CARTESIAN_POINT('',(-6.968102455474E0,-3.947786651290E0,
-4.319504494101E0));
#3372=CARTESIAN_POINT('',(-6.871809949636E0,-4.065005315727E0,
-4.447760297303E0));
#3373=CARTESIAN_POINT('',(-6.775517443798E0,-4.182223980163E0,
-4.576016100505E0));
#3374=CARTESIAN_POINT('',(-7.005236624891E0,-1.376478807725E0,
-5.508640709703E0));
#3375=CARTESIAN_POINT('',(-6.908944119053E0,-1.418600239327E0,
-5.677209838112E0));
#3376=CARTESIAN_POINT('',(-6.812651613216E0,-1.460721670930E0,
-5.845778966521E0));
#3377=CARTESIAN_POINT('',(-6.716359107378E0,-1.502843102532E0,
-6.014348094930E0));
#3378=CARTESIAN_POINT('',(-6.946078288485E0,1.408841417154E0,
-5.500452926732E0));
#3379=CARTESIAN_POINT('',(-6.849785782646E0,1.451953172350E0,
-5.668771501963E0));
#3380=CARTESIAN_POINT('',(-6.753493276808E0,1.495064927545E0,
-5.837090077195E0));
#3381=CARTESIAN_POINT('',(-6.657200770970E0,1.538176682741E0,
-6.005408652426E0));
#3382=CARTESIAN_POINT('',(-6.886919952029E0,3.855143001176E0,
-4.168655529718E0));
#3383=CARTESIAN_POINT('',(-6.790627446192E0,3.973113682140E0,
-4.296219962809E0));
#3384=CARTESIAN_POINT('',(-6.694334940354E0,4.091084363104E0,
-4.423784395901E0));
#3385=CARTESIAN_POINT('',(-6.598042434516E0,4.209055044069E0,
-4.551348828993E0));
#3386=CARTESIAN_POINT('',(-6.842029534078E0,5.007494506573E0,
-2.396869869475E0));
#3387=CARTESIAN_POINT('',(-6.745737028240E0,5.160728131474E0,
-2.470216142390E0));
#3388=CARTESIAN_POINT('',(-6.649444522402E0,5.313961756374E0,
-2.543562415305E0));
#3389=CARTESIAN_POINT('',(-6.553152016564E0,5.467195381275E0,
-2.616908688220E0));
#3390=CARTESIAN_POINT('',(-6.816858561378E0,5.302486542259E0,
-1.283566271632E0));
#3391=CARTESIAN_POINT('',(-6.720566055540E0,5.464747176431E0,
-1.322844499966E0));
#3392=CARTESIAN_POINT('',(-6.624273549702E0,5.627007810603E0,
-1.362122728300E0));
#3393=CARTESIAN_POINT('',(-6.527981043864E0,5.789268444775E0,
-1.401400956634E0));
#3394=CARTESIAN_POINT('',(-6.811407034311E0,5.349713238190E0,
-1.039178853121E0));
#3395=CARTESIAN_POINT('',(-6.715114528473E0,5.513419049718E0,
-1.070978616938E0));
#3396=CARTESIAN_POINT('',(-6.618822022635E0,5.677124861247E0,
-1.102778380756E0));
#3397=CARTESIAN_POINT('',(-6.522529516797E0,5.840830672775E0,
-1.134578144573E0));
#3398=B_SPLINE_SURFACE_WITH_KNOTS('',3,3,((#3338,#3339,#3340,#3341),(#3342,
#3343,#3344,#3345),(#3346,#3347,#3348,#3349),(#3350,#3351,#3352,#3353),(#3354,
#3355,#3356,#3357),(#3358,#3359,#3360,#3361),(#3362,#3363,#3364,#3365),(#3366,
#3367,#3368,#3369),(#3370,#3371,#3372,#3373),(#3374,#3375,#3376,#3377),(#3378,
#3379,#3380,#3381),(#3382,#3383,#3384,#3385),(#3386,#3387,#3388,#3389),(#3390,
#3391,#3392,#3393),(#3394,#3395,#3396,#3397)),.UNSPECIFIED.,.F.,.F.,.F.,(4,1,1,
1,1,1,1,1,1,1,1,1,4),(4,4),(3.281422484044E-8,3.608363963589E-2,
1.298821740854E-1,2.236807085353E-1,3.174792429848E-1,4.112777774347E-1,
5.050763118841E-1,5.988748463341E-1,6.926733807835E-1,7.864719152334E-1,
8.802704496829E-1,9.740689841328E-1,1.E0),(1.206406042568E-1,8.797727285937E-1),
.UNSPECIFIED.);
#3399=ORIENTED_EDGE('',*,*,#2505,.F.);
#3401=ORIENTED_EDGE('',*,*,#3400,.F.);
#3402=ORIENTED_EDGE('',*,*,#3325,.T.);
#3403=ORIENTED_EDGE('',*,*,#3313,.F.);
#3404=ORIENTED_EDGE('',*,*,#3311,.F.);
#3405=EDGE_LOOP('',(#3399,#3401,#3402,#3403,#3404));
#3406=FACE_OUTER_BOUND('',#3405,.F.);
#3407=ADVANCED_FACE('',(#3406),#3398,.T.);
#3408=CARTESIAN_POINT('',(-7.341065674310E0,-2.503793540498E-4,
-1.097719685619E-4));
#3409=DIRECTION('',(1.E0,0.E0,0.E0));
#3410=DIRECTION('',(0.E0,6.911883150118E-1,7.226746938915E-1));
#3411=AXIS2_PLACEMENT_3D('',#3408,#3409,#3410);
#3412=CYLINDRICAL_SURFACE('',#3411,5.449852112716E0);
#3413=ORIENTED_EDGE('',*,*,#2503,.T.);
#3415=ORIENTED_EDGE('',*,*,#3414,.F.);
#3416=ORIENTED_EDGE('',*,*,#3327,.T.);
#3417=ORIENTED_EDGE('',*,*,#3400,.T.);
#3418=EDGE_LOOP('',(#3413,#3415,#3416,#3417));
#3419=FACE_OUTER_BOUND('',#3418,.F.);
#3420=ADVANCED_FACE('',(#3419),#3412,.T.);
#3421=CARTESIAN_POINT('',(-7.682759327238E0,-1.532917977394E0,
5.662072769310E0));
#3422=CARTESIAN_POINT('',(-7.602419088666E0,-1.496557431710E0,
5.527769395860E0));
#3423=CARTESIAN_POINT('',(-7.522078850094E0,-1.460196886027E0,
5.393466022410E0));
#3424=CARTESIAN_POINT('',(-7.441738611522E0,-1.423836340343E0,
5.259162648960E0));
#3425=CARTESIAN_POINT('',(-7.675684947966E0,-1.868563056409E0,
5.571371478796E0));
#3426=CARTESIAN_POINT('',(-7.595344709394E0,-1.824241068291E0,
5.439219524032E0));
#3427=CARTESIAN_POINT('',(-7.515004470822E0,-1.779919080173E0,
5.307067569268E0));
#3428=CARTESIAN_POINT('',(-7.434664232250E0,-1.735597092056E0,
5.174915614503E0));
#3429=CARTESIAN_POINT('',(-7.650219829032E0,-3.047764934867E0,
5.138334839985E0));
#3430=CARTESIAN_POINT('',(-7.569879590460E0,-2.975472484930E0,
5.016454438431E0));
#3431=CARTESIAN_POINT('',(-7.489539351887E0,-2.903180034992E0,
4.894574036877E0));
#3432=CARTESIAN_POINT('',(-7.409199113315E0,-2.830887585055E0,
4.772693635323E0));
#3433=CARTESIAN_POINT('',(-7.606363969563E0,-4.778508660306E0,
3.757990493115E0));
#3434=CARTESIAN_POINT('',(-7.526023730991E0,-4.665163272619E0,
3.668851617435E0));
#3435=CARTESIAN_POINT('',(-7.445683492419E0,-4.551817884932E0,
3.579712741755E0));
#3436=CARTESIAN_POINT('',(-7.365343253847E0,-4.438472497244E0,
3.490573866075E0));
#3437=CARTESIAN_POINT('',(-7.551191749467E0,-5.952851784007E0,
1.232808109353E0));
#3438=CARTESIAN_POINT('',(-7.470851510894E0,-5.811651183306E0,
1.203566117131E0));
#3439=CARTESIAN_POINT('',(-7.390511272322E0,-5.670450582605E0,
1.174324124909E0));
#3440=CARTESIAN_POINT('',(-7.310171033750E0,-5.529249981904E0,
1.145082132688E0));
#3441=CARTESIAN_POINT('',(-7.496019529282E0,-5.877966608726E0,
-1.551092167396E0));
#3442=CARTESIAN_POINT('',(-7.415679290710E0,-5.738542271254E0,
-1.514300533113E0));
#3443=CARTESIAN_POINT('',(-7.335339052138E0,-5.599117933783E0,
-1.477508898829E0));
#3444=CARTESIAN_POINT('',(-7.254998813565E0,-5.459693596311E0,
-1.440717264546E0));
#3445=CARTESIAN_POINT('',(-7.440847309121E0,-4.569511142946E0,
-4.009478356573E0));
#3446=CARTESIAN_POINT('',(-7.360507070549E0,-4.461123139733E0,
-3.914374232870E0));
#3447=CARTESIAN_POINT('',(-7.280166831977E0,-4.352735136520E0,
-3.819270109167E0));
#3448=CARTESIAN_POINT('',(-7.199826593404E0,-4.244347133307E0,
-3.724165985464E0));
#3449=CARTESIAN_POINT('',(-7.385675088954E0,-2.302095052870E0,
-5.626429849648E0));
#3450=CARTESIAN_POINT('',(-7.305334850381E0,-2.247489761806E0,
-5.492971920004E0));
#3451=CARTESIAN_POINT('',(-7.224994611809E0,-2.192884470742E0,
-5.359513990359E0));
#3452=CARTESIAN_POINT('',(-7.144654373237E0,-2.138279179677E0,
-5.226056060714E0));
#3453=CARTESIAN_POINT('',(-7.330502868788E0,4.484427369591E-1,
-6.062611069782E0));
#3454=CARTESIAN_POINT('',(-7.250162630216E0,4.378057538551E-1,
-5.918806998065E0));
#3455=CARTESIAN_POINT('',(-7.169822391644E0,4.271687707510E-1,
-5.775002926347E0));
#3456=CARTESIAN_POINT('',(-7.089482153071E0,4.165317876470E-1,
-5.631198854630E0));
#3457=CARTESIAN_POINT('',(-7.275330648622E0,3.104869484779E0,
-5.226484405296E0));
#3458=CARTESIAN_POINT('',(-7.194990410050E0,3.031222524924E0,
-5.102513111477E0));
#3459=CARTESIAN_POINT('',(-7.114650171478E0,2.957575565069E0,
-4.978541817657E0));
#3460=CARTESIAN_POINT('',(-7.034309932905E0,2.883928605215E0,
-4.854570523838E0));
#3461=CARTESIAN_POINT('',(-7.223402902217E0,4.991807229971E0,
-3.407190990841E0));
#3462=CARTESIAN_POINT('',(-7.143062663645E0,4.873402437607E0,
-3.326373017866E0));
#3463=CARTESIAN_POINT('',(-7.062722425073E0,4.754997645242E0,
-3.245555044891E0));
#3464=CARTESIAN_POINT('',(-6.982382186501E0,4.636592852878E0,
-3.164737071917E0));
#3465=CARTESIAN_POINT('',(-7.189865895867E0,5.616137391555E0,
-1.849136803907E0));
#3466=CARTESIAN_POINT('',(-7.109525657295E0,5.482923597212E0,
-1.805275603098E0));
#3467=CARTESIAN_POINT('',(-7.029185418723E0,5.349709802868E0,
-1.761414402290E0));
#3468=CARTESIAN_POINT('',(-6.948845180151E0,5.216496008525E0,
-1.717553201481E0));
#3469=CARTESIAN_POINT('',(-7.174719629573E0,5.758658194936E0,
-1.118611594230E0));
#3470=CARTESIAN_POINT('',(-7.094379391001E0,5.622063832122E0,
-1.092078323324E0));
#3471=CARTESIAN_POINT('',(-7.014039152429E0,5.485469469309E0,
-1.065545052418E0));
#3472=CARTESIAN_POINT('',(-6.933698913857E0,5.348875106495E0,
-1.039011781512E0));
#3473=B_SPLINE_SURFACE_WITH_KNOTS('',3,3,((#3421,#3422,#3423,#3424),(#3425,
#3426,#3427,#3428),(#3429,#3430,#3431,#3432),(#3433,#3434,#3435,#3436),(#3437,
#3438,#3439,#3440),(#3441,#3442,#3443,#3444),(#3445,#3446,#3447,#3448),(#3449,
#3450,#3451,#3452),(#3453,#3454,#3455,#3456),(#3457,#3458,#3459,#3460),(#3461,
#3462,#3463,#3464),(#3465,#3466,#3467,#3468),(#3469,#3470,#3471,#3472)),
.UNSPECIFIED.,.F.,.F.,.F.,(4,1,1,1,1,1,1,1,1,1,4),(4,4),(0.E0,4.177456515919E-2,
1.503728113587E-1,2.589710575582E-1,3.675693037577E-1,4.761675499572E-1,
5.847657961567E-1,6.933640423562E-1,8.019622885557E-1,9.105605347552E-1,1.E0),(
1.378450761988E-1,8.640474455875E-1),.UNSPECIFIED.);
#3474=ORIENTED_EDGE('',*,*,#2501,.F.);
#3476=ORIENTED_EDGE('',*,*,#3475,.T.);
#3477=ORIENTED_EDGE('',*,*,#3329,.T.);
#3478=ORIENTED_EDGE('',*,*,#3414,.T.);
#3479=EDGE_LOOP('',(#3474,#3476,#3477,#3478));
#3480=FACE_OUTER_BOUND('',#3479,.F.);
#3481=ADVANCED_FACE('',(#3480),#3473,.T.);
#3482=CARTESIAN_POINT('',(-7.351029363169E0,0.E0,0.E0));
#3483=DIRECTION('',(1.E0,0.E0,0.E0));
#3484=DIRECTION('',(0.E0,-1.E0,0.E0));
#3485=AXIS2_PLACEMENT_3D('',#3482,#3483,#3484);
#3486=CONICAL_SURFACE('',#3485,5.608024711826E0,6.E1);
#3487=ORIENTED_EDGE('',*,*,#2499,.F.);
#3489=ORIENTED_EDGE('',*,*,#3488,.T.);
#3490=ORIENTED_EDGE('',*,*,#3331,.T.);
#3491=ORIENTED_EDGE('',*,*,#3475,.F.);
#3492=EDGE_LOOP('',(#3487,#3489,#3490,#3491));
#3493=FACE_OUTER_BOUND('',#3492,.F.);
#3494=ADVANCED_FACE('',(#3493),#3486,.T.);
#3495=CARTESIAN_POINT('',(-7.046269330411E0,0.E0,0.E0));
#3496=DIRECTION('',(-1.E0,0.E0,0.E0));
#3497=DIRECTION('',(0.E0,1.E0,0.E0));
#3498=AXIS2_PLACEMENT_3D('',#3495,#3496,#3497);
#3499=CYLINDRICAL_SURFACE('',#3498,5.35E0);
#3500=ORIENTED_EDGE('',*,*,#3488,.F.);
#3502=ORIENTED_EDGE('',*,*,#3501,.F.);
#3504=ORIENTED_EDGE('',*,*,#3503,.F.);
#3506=ORIENTED_EDGE('',*,*,#3505,.F.);
#3508=ORIENTED_EDGE('',*,*,#3507,.T.);
#3509=EDGE_LOOP('',(#3500,#3502,#3504,#3506,#3508));
#3510=FACE_OUTER_BOUND('',#3509,.F.);
#3511=ADVANCED_FACE('',(#3510),#3499,.T.);
#3512=CARTESIAN_POINT('',(-7.046269330411E0,0.E0,0.E0));
#3513=DIRECTION('',(-1.E0,0.E0,0.E0));
#3514=DIRECTION('',(0.E0,1.E0,0.E0));
#3515=AXIS2_PLACEMENT_3D('',#3512,#3513,#3514);
#3516=CYLINDRICAL_SURFACE('',#3515,5.35E0);
#3517=ORIENTED_EDGE('',*,*,#3333,.F.);
#3518=ORIENTED_EDGE('',*,*,#3507,.F.);
#3520=ORIENTED_EDGE('',*,*,#3519,.F.);
#3522=ORIENTED_EDGE('',*,*,#3521,.F.);
#3523=ORIENTED_EDGE('',*,*,#3501,.T.);
#3524=EDGE_LOOP('',(#3517,#3518,#3520,#3522,#3523));
#3525=FACE_OUTER_BOUND('',#3524,.F.);
#3526=ADVANCED_FACE('',(#3525),#3516,.T.);
#3527=CARTESIAN_POINT('',(-9.E0,0.E0,0.E0));
#3528=DIRECTION('',(-1.E0,0.E0,0.E0));
#3529=DIRECTION('',(0.E0,-9.999566985045E-1,-9.305972060293E-3));
#3530=AXIS2_PLACEMENT_3D('',#3527,#3528,#3529);
#3531=TOROIDAL_SURFACE('',#3530,5.05E0,3.E-1);
#3533=ORIENTED_EDGE('',*,*,#3532,.F.);
#3535=ORIENTED_EDGE('',*,*,#3534,.F.);
#3537=ORIENTED_EDGE('',*,*,#3536,.T.);
#3538=ORIENTED_EDGE('',*,*,#3521,.T.);
#3539=ORIENTED_EDGE('',*,*,#3519,.T.);
#3541=ORIENTED_EDGE('',*,*,#3540,.F.);
#3542=EDGE_LOOP('',(#3533,#3535,#3537,#3538,#3539,#3541));
#3543=FACE_OUTER_BOUND('',#3542,.F.);
#3544=ADVANCED_FACE('',(#3543),#3531,.T.);
#3545=CARTESIAN_POINT('',(-9.3E0,0.E0,0.E0));
#3546=DIRECTION('',(1.E0,0.E0,0.E0));
#3547=DIRECTION('',(0.E0,-1.E0,0.E0));
#3548=AXIS2_PLACEMENT_3D('',#3545,#3546,#3547);
#3549=PLANE('',#3548);
#3551=ORIENTED_EDGE('',*,*,#3550,.T.);
#3553=ORIENTED_EDGE('',*,*,#3552,.T.);
#3554=ORIENTED_EDGE('',*,*,#3534,.T.);
#3555=ORIENTED_EDGE('',*,*,#3532,.T.);
#3556=EDGE_LOOP('',(#3551,#3553,#3554,#3555));
#3557=FACE_OUTER_BOUND('',#3556,.F.);
#3559=ORIENTED_EDGE('',*,*,#3558,.T.);
#3561=ORIENTED_EDGE('',*,*,#3560,.T.);
#3562=EDGE_LOOP('',(#3559,#3561));
#3563=FACE_BOUND('',#3562,.F.);
#3564=ADVANCED_FACE('',(#3557,#3563),#3549,.F.);
#3565=CARTESIAN_POINT('',(-9.E0,0.E0,0.E0));
#3566=DIRECTION('',(-1.E0,0.E0,0.E0));
#3567=DIRECTION('',(0.E0,9.999566985045E-1,9.305972060292E-3));
#3568=AXIS2_PLACEMENT_3D('',#3565,#3566,#3567);
#3569=TOROIDAL_SURFACE('',#3568,5.05E0,3.E-1);
#3570=ORIENTED_EDGE('',*,*,#3552,.F.);
#3571=ORIENTED_EDGE('',*,*,#3550,.F.);
#3572=ORIENTED_EDGE('',*,*,#3540,.T.);
#3573=ORIENTED_EDGE('',*,*,#3505,.T.);
#3574=ORIENTED_EDGE('',*,*,#3503,.T.);
#3575=ORIENTED_EDGE('',*,*,#3536,.F.);
#3576=EDGE_LOOP('',(#3570,#3571,#3572,#3573,#3574,#3575));
#3577=FACE_OUTER_BOUND('',#3576,.F.);
#3578=ADVANCED_FACE('',(#3577),#3569,.T.);
#3579=CARTESIAN_POINT('',(-1.03E1,0.E0,0.E0));
#3580=DIRECTION('',(1.E0,0.E0,0.E0));
#3581=DIRECTION('',(0.E0,-1.E0,0.E0));
#3582=AXIS2_PLACEMENT_3D('',#3579,#3580,#3581);
#3583=CYLINDRICAL_SURFACE('',#3582,4.85E0);
#3585=ORIENTED_EDGE('',*,*,#3584,.F.);
#3587=ORIENTED_EDGE('',*,*,#3586,.T.);
#3588=ORIENTED_EDGE('',*,*,#3558,.F.);
#3590=ORIENTED_EDGE('',*,*,#3589,.F.);
#3591=EDGE_LOOP('',(#3585,#3587,#3588,#3590));
#3592=FACE_OUTER_BOUND('',#3591,.F.);
#3593=ADVANCED_FACE('',(#3592),#3583,.F.);
#3594=CARTESIAN_POINT('',(-8.1E0,0.E0,0.E0));
#3595=DIRECTION('',(1.E0,0.E0,0.E0));
#3596=DIRECTION('',(0.E0,-1.E0,0.E0));
#3597=AXIS2_PLACEMENT_3D('',#3594,#3595,#3596);
#3598=PLANE('',#3597);
#3599=ORIENTED_EDGE('',*,*,#3584,.T.);
#3601=ORIENTED_EDGE('',*,*,#3600,.T.);
#3602=EDGE_LOOP('',(#3599,#3601));
#3603=FACE_OUTER_BOUND('',#3602,.F.);
#3604=ADVANCED_FACE('',(#3603),#3598,.F.);
#3605=CARTESIAN_POINT('',(-1.03E1,0.E0,0.E0));
#3606=DIRECTION('',(1.E0,0.E0,0.E0));
#3607=DIRECTION('',(0.E0,-1.E0,0.E0));
#3608=AXIS2_PLACEMENT_3D('',#3605,#3606,#3607);
#3609=CYLINDRICAL_SURFACE('',#3608,4.85E0);
#3610=ORIENTED_EDGE('',*,*,#3600,.F.);
#3611=ORIENTED_EDGE('',*,*,#3589,.T.);
#3612=ORIENTED_EDGE('',*,*,#3560,.F.);
#3613=ORIENTED_EDGE('',*,*,#3586,.F.);
#3614=EDGE_LOOP('',(#3610,#3611,#3612,#3613));
#3615=FACE_OUTER_BOUND('',#3614,.F.);
#3616=ADVANCED_FACE('',(#3615),#3609,.F.);
#3617=CARTESIAN_POINT('',(7.2E0,3.223369592664E0,-5.583039906067E0));
#3618=DIRECTION('',(0.E0,-5.E-1,8.660254037844E-1));
#3619=DIRECTION('',(-1.E0,0.E0,0.E0));
#3620=AXIS2_PLACEMENT_3D('',#3617,#3618,#3619);
#3621=SPHERICAL_SURFACE('',#3620,1.E0);
#3622=ORIENTED_EDGE('',*,*,#2136,.F.);
#3624=ORIENTED_EDGE('',*,*,#3623,.T.);
#3626=ORIENTED_EDGE('',*,*,#3625,.F.);
#3627=EDGE_LOOP('',(#3622,#3624,#3626));
#3628=FACE_OUTER_BOUND('',#3627,.F.);
#3629=ADVANCED_FACE('',(#3628),#3621,.T.);
#3630=CARTESIAN_POINT('',(7.2E0,3.223369592664E0,-5.583039906067E0));
#3631=DIRECTION('',(0.E0,8.660254037844E-1,5.E-1));
#3632=DIRECTION('',(-1.E0,0.E0,0.E0));
#3633=AXIS2_PLACEMENT_3D('',#3630,#3631,#3632);
#3634=SPHERICAL_SURFACE('',#3633,1.E0);
#3635=ORIENTED_EDGE('',*,*,#2138,.T.);
#3636=ORIENTED_EDGE('',*,*,#3625,.T.);
#3637=ORIENTED_EDGE('',*,*,#3623,.F.);
#3638=EDGE_LOOP('',(#3635,#3636,#3637));
#3639=FACE_OUTER_BOUND('',#3638,.F.);
#3640=ADVANCED_FACE('',(#3639),#3634,.T.);
#3641=CARTESIAN_POINT('',(7.2E0,3.223369592664E0,5.583039906067E0));
#3642=DIRECTION('',(0.E0,-5.E-1,-8.660254037844E-1));
#3643=DIRECTION('',(-1.E0,0.E0,0.E0));
#3644=AXIS2_PLACEMENT_3D('',#3641,#3642,#3643);
#3645=SPHERICAL_SURFACE('',#3644,1.E0);
#3646=ORIENTED_EDGE('',*,*,#2103,.F.);
#3648=ORIENTED_EDGE('',*,*,#3647,.T.);
#3650=ORIENTED_EDGE('',*,*,#3649,.F.);
#3651=EDGE_LOOP('',(#3646,#3648,#3650));
#3652=FACE_OUTER_BOUND('',#3651,.F.);
#3653=ADVANCED_FACE('',(#3652),#3645,.T.);
#3654=CARTESIAN_POINT('',(7.2E0,3.223369592664E0,5.583039906067E0));
#3655=DIRECTION('',(0.E0,-8.660254037844E-1,5.E-1));
#3656=DIRECTION('',(-1.E0,0.E0,0.E0));
#3657=AXIS2_PLACEMENT_3D('',#3654,#3655,#3656);
#3658=SPHERICAL_SURFACE('',#3657,1.E0);
#3659=ORIENTED_EDGE('',*,*,#2105,.T.);
#3660=ORIENTED_EDGE('',*,*,#3649,.T.);
#3661=ORIENTED_EDGE('',*,*,#3647,.F.);
#3662=EDGE_LOOP('',(#3659,#3660,#3661));
#3663=FACE_OUTER_BOUND('',#3662,.F.);
#3664=ADVANCED_FACE('',(#3663),#3658,.T.);
#3665=CARTESIAN_POINT('',(7.2E0,-6.446739185328E0,0.E0));
#3666=DIRECTION('',(0.E0,1.E0,0.E0));
#3667=DIRECTION('',(-1.E0,0.E0,0.E0));
#3668=AXIS2_PLACEMENT_3D('',#3665,#3666,#3667);
#3669=SPHERICAL_SURFACE('',#3668,1.E0);
#3670=ORIENTED_EDGE('',*,*,#2109,.F.);
#3672=ORIENTED_EDGE('',*,*,#3671,.T.);
#3674=ORIENTED_EDGE('',*,*,#3673,.F.);
#3675=EDGE_LOOP('',(#3670,#3672,#3674));
#3676=FACE_OUTER_BOUND('',#3675,.F.);
#3677=ADVANCED_FACE('',(#3676),#3669,.T.);
#3678=CARTESIAN_POINT('',(7.2E0,-6.446739185328E0,0.E0));
#3679=DIRECTION('',(0.E0,0.E0,-1.E0));
#3680=DIRECTION('',(-1.E0,0.E0,0.E0));
#3681=AXIS2_PLACEMENT_3D('',#3678,#3679,#3680);
#3682=SPHERICAL_SURFACE('',#3681,1.E0);
#3683=ORIENTED_EDGE('',*,*,#2111,.T.);
#3684=ORIENTED_EDGE('',*,*,#3673,.T.);
#3685=ORIENTED_EDGE('',*,*,#3671,.F.);
#3686=EDGE_LOOP('',(#3683,#3684,#3685));
#3687=FACE_OUTER_BOUND('',#3686,.F.);
#3688=ADVANCED_FACE('',(#3687),#3682,.T.);
#3689=CARTESIAN_POINT('',(-3.94E0,0.E0,0.E0));
#3690=DIRECTION('',(1.E0,0.E0,0.E0));
#3691=DIRECTION('',(0.E0,-1.E0,0.E0));
#3692=AXIS2_PLACEMENT_3D('',#3689,#3690,#3691);
#3693=CYLINDRICAL_SURFACE('',#3692,4.2E0);
#3694=ORIENTED_EDGE('',*,*,#1966,.T.);
#3696=ORIENTED_EDGE('',*,*,#3695,.F.);
#3698=ORIENTED_EDGE('',*,*,#3697,.T.);
#3700=ORIENTED_EDGE('',*,*,#3699,.F.);
#3701=EDGE_LOOP('',(#3694,#3696,#3698,#3700));
#3702=FACE_OUTER_BOUND('',#3701,.F.);
#3703=ADVANCED_FACE('',(#3702),#3693,.T.);
#3704=CARTESIAN_POINT('',(9.5E0,0.E0,0.E0));
#3705=DIRECTION('',(1.E0,0.E0,0.E0));
#3706=DIRECTION('',(0.E0,1.E0,0.E0));
#3707=AXIS2_PLACEMENT_3D('',#3704,#3705,#3706);
#3708=CYLINDRICAL_SURFACE('',#3707,4.2E0);
#3709=ORIENTED_EDGE('',*,*,#1968,.F.);
#3710=ORIENTED_EDGE('',*,*,#3699,.T.);
#3712=ORIENTED_EDGE('',*,*,#3711,.T.);
#3713=ORIENTED_EDGE('',*,*,#3695,.T.);
#3714=EDGE_LOOP('',(#3709,#3710,#3712,#3713));
#3715=FACE_OUTER_BOUND('',#3714,.F.);
#3716=ADVANCED_FACE('',(#3715),#3708,.T.);
#3717=CARTESIAN_POINT('',(9.5E0,0.E0,0.E0));
#3718=DIRECTION('',(1.E0,0.E0,0.E0));
#3719=DIRECTION('',(0.E0,-1.E0,0.E0));
#3720=AXIS2_PLACEMENT_3D('',#3717,#3718,#3719);
#3721=PLANE('',#3720);
#3722=ORIENTED_EDGE('',*,*,#3697,.F.);
#3723=ORIENTED_EDGE('',*,*,#3711,.F.);
#3724=EDGE_LOOP('',(#3722,#3723));
#3725=FACE_OUTER_BOUND('',#3724,.F.);
#3726=ADVANCED_FACE('',(#3725),#3721,.T.);
#3727=CARTESIAN_POINT('',(7.2E0,3.223369592664E0,-5.583039906067E0));
#3728=DIRECTION('',(0.E0,8.660254037844E-1,5.E-1));
#3729=DIRECTION('',(-1.E0,0.E0,0.E0));
#3730=AXIS2_PLACEMENT_3D('',#3727,#3728,#3729);
#3731=SPHERICAL_SURFACE('',#3730,1.E0);
#3732=ORIENTED_EDGE('',*,*,#1920,.F.);
#3733=ORIENTED_EDGE('',*,*,#1891,.F.);
#3734=ORIENTED_EDGE('',*,*,#1889,.T.);
#3735=EDGE_LOOP('',(#3732,#3733,#3734));
#3736=FACE_OUTER_BOUND('',#3735,.F.);
#3737=ADVANCED_FACE('',(#3736),#3731,.T.);
#3738=CARTESIAN_POINT('',(7.2E0,3.223369592664E0,5.583039906067E0));
#3739=DIRECTION('',(0.E0,-5.E-1,-8.660254037844E-1));
#3740=DIRECTION('',(-1.E0,0.E0,0.E0));
#3741=AXIS2_PLACEMENT_3D('',#3738,#3739,#3740);
#3742=SPHERICAL_SURFACE('',#3741,1.E0);
#3743=ORIENTED_EDGE('',*,*,#1924,.F.);
#3745=ORIENTED_EDGE('',*,*,#3744,.F.);
#3747=ORIENTED_EDGE('',*,*,#3746,.T.);
#3748=EDGE_LOOP('',(#3743,#3745,#3747));
#3749=FACE_OUTER_BOUND('',#3748,.F.);
#3750=ADVANCED_FACE('',(#3749),#3742,.T.);
#3751=CARTESIAN_POINT('',(7.2E0,3.223369592664E0,5.583039906067E0));
#3752=DIRECTION('',(0.E0,-8.660254037844E-1,5.E-1));
#3753=DIRECTION('',(-1.E0,0.E0,0.E0));
#3754=AXIS2_PLACEMENT_3D('',#3751,#3752,#3753);
#3755=SPHERICAL_SURFACE('',#3754,1.E0);
#3756=ORIENTED_EDGE('',*,*,#1926,.F.);
#3757=ORIENTED_EDGE('',*,*,#3746,.F.);
#3758=ORIENTED_EDGE('',*,*,#3744,.T.);
#3759=EDGE_LOOP('',(#3756,#3757,#3758));
#3760=FACE_OUTER_BOUND('',#3759,.F.);
#3761=ADVANCED_FACE('',(#3760),#3755,.T.);
#3762=CARTESIAN_POINT('',(7.2E0,-6.446739185328E0,0.E0));
#3763=DIRECTION('',(0.E0,1.E0,0.E0));
#3764=DIRECTION('',(-1.E0,0.E0,0.E0));
#3765=AXIS2_PLACEMENT_3D('',#3762,#3763,#3764);
#3766=SPHERICAL_SURFACE('',#3765,1.E0);
#3767=ORIENTED_EDGE('',*,*,#1930,.F.);
#3769=ORIENTED_EDGE('',*,*,#3768,.F.);
#3771=ORIENTED_EDGE('',*,*,#3770,.T.);
#3772=EDGE_LOOP('',(#3767,#3769,#3771));
#3773=FACE_OUTER_BOUND('',#3772,.F.);
#3774=ADVANCED_FACE('',(#3773),#3766,.T.);
#3775=CARTESIAN_POINT('',(7.2E0,-6.446739185328E0,0.E0));
#3776=DIRECTION('',(0.E0,0.E0,-1.E0));
#3777=DIRECTION('',(-1.E0,0.E0,0.E0));
#3778=AXIS2_PLACEMENT_3D('',#3775,#3776,#3777);
#3779=SPHERICAL_SURFACE('',#3778,1.E0);
#3780=ORIENTED_EDGE('',*,*,#1932,.F.);
#3781=ORIENTED_EDGE('',*,*,#3770,.F.);
#3782=ORIENTED_EDGE('',*,*,#3768,.T.);
#3783=EDGE_LOOP('',(#3780,#3781,#3782));
#3784=FACE_OUTER_BOUND('',#3783,.F.);
#3785=ADVANCED_FACE('',(#3784),#3779,.T.);
#3786=CLOSED_SHELL('',(#1895,#1936,#1951,#1972,#1986,#2007,#2021,#2039,#2061,
#2079,#2115,#2142,#2156,#2171,#2184,#2197,#2208,#2224,#2239,#2256,#2268,#2283,
#2296,#2320,#2335,#2354,#2381,#2398,#2412,#2425,#2437,#2450,#2462,#2531,#2543,
#2600,#2616,#2710,#2724,#2815,#2833,#2887,#2901,#2955,#2974,#3028,#3041,#3094,
#3164,#3177,#3300,#3317,#3337,#3407,#3420,#3481,#3494,#3511,#3526,#3544,#3564,
#3578,#3593,#3604,#3616,#3629,#3640,#3653,#3664,#3677,#3688,#3703,#3716,#3726,
#3737,#3750,#3761,#3774,#3785));
#3787=DIRECTION('',(-1.E0,0.E0,0.E0));
#3788=VECTOR('',#3787,1.5E0);
#3789=CARTESIAN_POINT('',(-6.6E0,-5.025981288944E0,0.E0));
#3790=LINE('',#3789,#3788);
#3791=CARTESIAN_POINT('',(-8.1E0,0.E0,0.E0));
#3792=DIRECTION('',(1.E0,0.E0,0.E0));
#3793=DIRECTION('',(0.E0,-1.E0,0.E0));
#3794=AXIS2_PLACEMENT_3D('',#3791,#3792,#3793);
#3796=CARTESIAN_POINT('',(-8.1E0,0.E0,0.E0));
#3797=DIRECTION('',(1.E0,0.E0,0.E0));
#3798=DIRECTION('',(0.E0,1.E0,0.E0));
#3799=AXIS2_PLACEMENT_3D('',#3796,#3797,#3798);
#3801=CARTESIAN_POINT('',(-8.1E0,0.E0,0.E0));
#3802=DIRECTION('',(-1.E0,0.E0,0.E0));
#3803=DIRECTION('',(0.E0,1.E0,0.E0));
#3804=AXIS2_PLACEMENT_3D('',#3801,#3802,#3803);
#3806=CARTESIAN_POINT('',(-8.1E0,0.E0,0.E0));
#3807=DIRECTION('',(-1.E0,0.E0,0.E0));
#3808=DIRECTION('',(0.E0,-1.E0,0.E0));
#3809=AXIS2_PLACEMENT_3D('',#3806,#3807,#3808);
#3811=DIRECTION('',(-1.E0,0.E0,0.E0));
#3812=VECTOR('',#3811,1.5E0);
#3813=CARTESIAN_POINT('',(-6.6E0,5.25E0,0.E0));
#3814=LINE('',#3813,#3812);
#3815=DIRECTION('',(-1.E0,0.E0,0.E0));
#3816=VECTOR('',#3815,1.5E0);
#3817=CARTESIAN_POINT('',(-6.6E0,-5.25E0,0.E0));
#3818=LINE('',#3817,#3816);
#3819=CARTESIAN_POINT('',(-6.6E0,0.E0,0.E0));
#3820=DIRECTION('',(-1.E0,0.E0,0.E0));
#3821=DIRECTION('',(0.E0,-1.E0,0.E0));
#3822=AXIS2_PLACEMENT_3D('',#3819,#3820,#3821);
#3824=CARTESIAN_POINT('',(-6.6E0,0.E0,0.E0));
#3825=DIRECTION('',(-1.E0,0.E0,0.E0));
#3826=DIRECTION('',(0.E0,1.E0,0.E0));
#3827=AXIS2_PLACEMENT_3D('',#3824,#3825,#3826);
#3829=CARTESIAN_POINT('',(-6.6E0,0.E0,0.E0));
#3830=DIRECTION('',(1.E0,0.E0,0.E0));
#3831=DIRECTION('',(0.E0,-1.E0,0.E0));
#3832=AXIS2_PLACEMENT_3D('',#3829,#3830,#3831);
#3834=CARTESIAN_POINT('',(-6.6E0,0.E0,0.E0));
#3835=DIRECTION('',(1.E0,0.E0,0.E0));
#3836=DIRECTION('',(0.E0,1.E0,0.E0));
#3837=AXIS2_PLACEMENT_3D('',#3834,#3835,#3836);
#3839=DIRECTION('',(-1.E0,0.E0,0.E0));
#3840=VECTOR('',#3839,1.5E0);
#3841=CARTESIAN_POINT('',(-6.6E0,5.025981288944E0,0.E0));
#3842=LINE('',#3841,#3840);
#3843=CARTESIAN_POINT('',(-8.1E0,-5.025981288944E0,0.E0));
#3844=CARTESIAN_POINT('',(-8.1E0,5.025981288944E0,0.E0));
#3845=VERTEX_POINT('',#3843);
#3846=VERTEX_POINT('',#3844);
#3847=CARTESIAN_POINT('',(-6.6E0,-5.025981288944E0,0.E0));
#3848=VERTEX_POINT('',#3847);
#3849=CARTESIAN_POINT('',(-6.6E0,5.025981288944E0,0.E0));
#3850=VERTEX_POINT('',#3849);
#3851=CARTESIAN_POINT('',(-8.1E0,-5.25E0,0.E0));
#3852=CARTESIAN_POINT('',(-8.1E0,5.25E0,0.E0));
#3853=VERTEX_POINT('',#3851);
#3854=VERTEX_POINT('',#3852);
#3855=CARTESIAN_POINT('',(-6.6E0,5.25E0,0.E0));
#3856=VERTEX_POINT('',#3855);
#3857=CARTESIAN_POINT('',(-6.6E0,-5.25E0,0.E0));
#3858=VERTEX_POINT('',#3857);
#3859=CARTESIAN_POINT('',(-8.970000357458E0,0.E0,0.E0));
#3860=DIRECTION('',(1.E0,0.E0,0.E0));
#3861=DIRECTION('',(0.E0,-1.E0,0.E0));
#3862=AXIS2_PLACEMENT_3D('',#3859,#3860,#3861);
#3863=CYLINDRICAL_SURFACE('',#3862,5.025981288944E0);
#3865=ORIENTED_EDGE('',*,*,#3864,.F.);
#3867=ORIENTED_EDGE('',*,*,#3866,.F.);
#3869=ORIENTED_EDGE('',*,*,#3868,.F.);
#3871=ORIENTED_EDGE('',*,*,#3870,.T.);
#3872=EDGE_LOOP('',(#3865,#3867,#3869,#3871));
#3873=FACE_OUTER_BOUND('',#3872,.F.);
#3874=ADVANCED_FACE('',(#3873),#3863,.F.);
#3875=CARTESIAN_POINT('',(-8.1E0,0.E0,0.E0));
#3876=DIRECTION('',(1.E0,0.E0,0.E0));
#3877=DIRECTION('',(0.E0,-1.E0,0.E0));
#3878=AXIS2_PLACEMENT_3D('',#3875,#3876,#3877);
#3879=PLANE('',#3878);
#3881=ORIENTED_EDGE('',*,*,#3880,.T.);
#3883=ORIENTED_EDGE('',*,*,#3882,.T.);
#3884=EDGE_LOOP('',(#3881,#3883));
#3885=FACE_OUTER_BOUND('',#3884,.F.);
#3886=ORIENTED_EDGE('',*,*,#3864,.T.);
#3888=ORIENTED_EDGE('',*,*,#3887,.T.);
#3889=EDGE_LOOP('',(#3886,#3888));
#3890=FACE_BOUND('',#3889,.F.);
#3891=ADVANCED_FACE('',(#3885,#3890),#3879,.F.);
#3892=CARTESIAN_POINT('',(-8.175E0,0.E0,0.E0));
#3893=DIRECTION('',(1.E0,0.E0,0.E0));
#3894=DIRECTION('',(0.E0,-1.E0,0.E0));
#3895=AXIS2_PLACEMENT_3D('',#3892,#3893,#3894);
#3896=CYLINDRICAL_SURFACE('',#3895,5.25E0);
#3898=ORIENTED_EDGE('',*,*,#3897,.T.);
#3899=ORIENTED_EDGE('',*,*,#3880,.F.);
#3901=ORIENTED_EDGE('',*,*,#3900,.F.);
#3903=ORIENTED_EDGE('',*,*,#3902,.F.);
#3904=EDGE_LOOP('',(#3898,#3899,#3901,#3903));
#3905=FACE_OUTER_BOUND('',#3904,.F.);
#3906=ADVANCED_FACE('',(#3905),#3896,.T.);
#3907=CARTESIAN_POINT('',(-8.175E0,0.E0,0.E0));
#3908=DIRECTION('',(1.E0,0.E0,0.E0));
#3909=DIRECTION('',(0.E0,-1.E0,0.E0));
#3910=AXIS2_PLACEMENT_3D('',#3907,#3908,#3909);
#3911=CYLINDRICAL_SURFACE('',#3910,5.25E0);
#3912=ORIENTED_EDGE('',*,*,#3897,.F.);
#3914=ORIENTED_EDGE('',*,*,#3913,.F.);
#3915=ORIENTED_EDGE('',*,*,#3900,.T.);
#3916=ORIENTED_EDGE('',*,*,#3882,.F.);
#3917=EDGE_LOOP('',(#3912,#3914,#3915,#3916));
#3918=FACE_OUTER_BOUND('',#3917,.F.);
#3919=ADVANCED_FACE('',(#3918),#3911,.T.);
#3920=CARTESIAN_POINT('',(-6.6E0,0.E0,0.E0));
#3921=DIRECTION('',(1.E0,0.E0,0.E0));
#3922=DIRECTION('',(0.E0,-1.E0,0.E0));
#3923=AXIS2_PLACEMENT_3D('',#3920,#3921,#3922);
#3924=PLANE('',#3923);
#3925=ORIENTED_EDGE('',*,*,#3913,.T.);
#3926=ORIENTED_EDGE('',*,*,#3902,.T.);
#3927=EDGE_LOOP('',(#3925,#3926));
#3928=FACE_OUTER_BOUND('',#3927,.F.);
#3929=ORIENTED_EDGE('',*,*,#3868,.T.);
#3931=ORIENTED_EDGE('',*,*,#3930,.T.);
#3932=EDGE_LOOP('',(#3929,#3931));
#3933=FACE_BOUND('',#3932,.F.);
#3934=ADVANCED_FACE('',(#3928,#3933),#3924,.T.);
#3935=CARTESIAN_POINT('',(-8.970000357458E0,0.E0,0.E0));
#3936=DIRECTION('',(1.E0,0.E0,0.E0));
#3937=DIRECTION('',(0.E0,-1.E0,0.E0));
#3938=AXIS2_PLACEMENT_3D('',#3935,#3936,#3937);
#3939=CYLINDRICAL_SURFACE('',#3938,5.025981288944E0);
#3940=ORIENTED_EDGE('',*,*,#3887,.F.);
#3941=ORIENTED_EDGE('',*,*,#3870,.F.);
#3942=ORIENTED_EDGE('',*,*,#3930,.F.);
#3943=ORIENTED_EDGE('',*,*,#3866,.T.);
#3944=EDGE_LOOP('',(#3940,#3941,#3942,#3943));
#3945=FACE_OUTER_BOUND('',#3944,.F.);
#3946=ADVANCED_FACE('',(#3945),#3939,.F.);
#3947=CLOSED_SHELL('',(#3874,#3891,#3906,#3919,#3934,#3946));
#3948=ORIENTED_CLOSED_SHELL('',*,#3947,.F.);
#3949=BREP_WITH_VOIDS('',#3786,(#3948));
#3951=DIMENSIONAL_EXPONENTS(0.E0,0.E0,0.E0,0.E0,0.E0,0.E0,0.E0);
#3953=PLANE_ANGLE_MEASURE_WITH_UNIT(PLANE_ANGLE_MEASURE(1.745329251994E-2),
#3952);
#3954=(CONVERSION_BASED_UNIT('DEGREE',#3953)NAMED_UNIT(*)PLANE_ANGLE_UNIT());
#3956=UNCERTAINTY_MEASURE_WITH_UNIT(LENGTH_MEASURE(7.623606041935E-3),#3950,
'closure',
'Maximum model space distance between geometric entities at asserted connectivities');
#3957=(GEOMETRIC_REPRESENTATION_CONTEXT(3)GLOBAL_UNCERTAINTY_ASSIGNED_CONTEXT((
#3956))GLOBAL_UNIT_ASSIGNED_CONTEXT((#3950,#3954,#3955))REPRESENTATION_CONTEXT(
'ID1','3'));
#3959=APPLICATION_CONTEXT(
'CONFIGURATION CONTROLLED 3D DESIGNS OF MECHANICAL PARTS AND ASSEMBLIES');
#3960=APPLICATION_PROTOCOL_DEFINITION('international standard',
'config_control_design',1994,#3959);
#3961=DESIGN_CONTEXT('',#3959,'design');
#3962=MECHANICAL_CONTEXT('',#3959,'mechanical');
#3963=PRODUCT('SF1212S2','SF1212S2','NOT SPECIFIED',(#3962));
#3964=PRODUCT_DEFINITION_FORMATION_WITH_SPECIFIED_SOURCE('3','LAST_VERSION',
#3963,.MADE.);
#3968=PRODUCT_CATEGORY('part','');
#3969=PRODUCT_RELATED_PRODUCT_CATEGORY('detail','',(#3963));
#3970=PRODUCT_CATEGORY_RELATIONSHIP('','',#3968,#3969);
#3971=SECURITY_CLASSIFICATION_LEVEL('unclassified');
#3972=SECURITY_CLASSIFICATION('','',#3971);
#3973=CC_DESIGN_SECURITY_CLASSIFICATION(#3972,(#3964));
#3974=APPROVAL_STATUS('approved');
#3975=APPROVAL(#3974,'');
#3976=CC_DESIGN_APPROVAL(#3975,(#3972,#3964,#3965));
#3977=CALENDAR_DATE(121,20,7);
#3978=COORDINATED_UNIVERSAL_TIME_OFFSET(8,0,.AHEAD.);
#3979=LOCAL_TIME(14,56,5.5E1,#3978);
#3980=DATE_AND_TIME(#3977,#3979);
#3981=APPROVAL_DATE_TIME(#3980,#3975);
#3982=DATE_TIME_ROLE('creation_date');
#3983=CC_DESIGN_DATE_AND_TIME_ASSIGNMENT(#3980,#3982,(#3965));
#3984=DATE_TIME_ROLE('classification_date');
#3985=CC_DESIGN_DATE_AND_TIME_ASSIGNMENT(#3980,#3984,(#3972));
#3986=PERSON('UNSPECIFIED','UNSPECIFIED',$,$,$,$);
#3987=ORGANIZATION('UNSPECIFIED','UNSPECIFIED','UNSPECIFIED');
#3988=PERSON_AND_ORGANIZATION(#3986,#3987);
#3989=APPROVAL_ROLE('approver');
#3990=APPROVAL_PERSON_ORGANIZATION(#3988,#3975,#3989);
#3991=PERSON_AND_ORGANIZATION_ROLE('creator');
#3992=CC_DESIGN_PERSON_AND_ORGANIZATION_ASSIGNMENT(#3988,#3991,(#3964,#3965));
#3993=PERSON_AND_ORGANIZATION_ROLE('design_supplier');
#3994=CC_DESIGN_PERSON_AND_ORGANIZATION_ASSIGNMENT(#3988,#3993,(#3964));
#3995=PERSON_AND_ORGANIZATION_ROLE('classification_officer');
#3996=CC_DESIGN_PERSON_AND_ORGANIZATION_ASSIGNMENT(#3988,#3995,(#3972));
#3997=PERSON_AND_ORGANIZATION_ROLE('design_owner');
#3998=CC_DESIGN_PERSON_AND_ORGANIZATION_ASSIGNMENT(#3988,#3997,(#3963));
#5=CIRCLE('',#4,1.E0);
#25=B_SPLINE_CURVE_WITH_KNOTS('',3,(#14,#15,#16,#17,#18,#19,#20,#21,#22,#23,
#24),.UNSPECIFIED.,.F.,.F.,(4,1,1,1,1,1,1,1,4),(0.E0,1.25E-1,2.5E-1,3.75E-1,
5.E-1,6.25E-1,7.5E-1,8.75E-1,1.E0),.UNSPECIFIED.);
#37=B_SPLINE_CURVE_WITH_KNOTS('',3,(#26,#27,#28,#29,#30,#31,#32,#33,#34,#35,
#36),.UNSPECIFIED.,.F.,.F.,(4,1,1,1,1,1,1,1,4),(0.E0,1.25E-1,2.5E-1,3.75E-1,
5.E-1,6.25E-1,7.5E-1,8.75E-1,1.E0),.UNSPECIFIED.);
#49=B_SPLINE_CURVE_WITH_KNOTS('',3,(#38,#39,#40,#41,#42,#43,#44,#45,#46,#47,
#48),.UNSPECIFIED.,.F.,.F.,(4,1,1,1,1,1,1,1,4),(0.E0,1.25E-1,2.5E-1,3.75E-1,
5.E-1,6.25E-1,7.5E-1,8.75E-1,1.E0),.UNSPECIFIED.);
#61=B_SPLINE_CURVE_WITH_KNOTS('',3,(#50,#51,#52,#53,#54,#55,#56,#57,#58,#59,
#60),.UNSPECIFIED.,.F.,.F.,(4,1,1,1,1,1,1,1,4),(0.E0,1.25E-1,2.5E-1,3.75E-1,
5.E-1,6.25E-1,7.5E-1,8.75E-1,1.E0),.UNSPECIFIED.);
#73=B_SPLINE_CURVE_WITH_KNOTS('',3,(#62,#63,#64,#65,#66,#67,#68,#69,#70,#71,
#72),.UNSPECIFIED.,.F.,.F.,(4,1,1,1,1,1,1,1,4),(0.E0,1.25E-1,2.5E-1,3.75E-1,
5.E-1,6.25E-1,7.5E-1,8.75E-1,1.E0),.UNSPECIFIED.);
#85=B_SPLINE_CURVE_WITH_KNOTS('',3,(#74,#75,#76,#77,#78,#79,#80,#81,#82,#83,
#84),.UNSPECIFIED.,.F.,.F.,(4,1,1,1,1,1,1,1,4),(0.E0,1.25E-1,2.5E-1,3.75E-1,
5.E-1,6.25E-1,7.5E-1,8.75E-1,1.E0),.UNSPECIFIED.);
#90=CIRCLE('',#89,5.5E0);
#95=CIRCLE('',#94,5.5E0);
#112=CIRCLE('',#111,4.2E0);
#123=B_SPLINE_CURVE_WITH_KNOTS('',3,(#117,#118,#119,#120,#121,#122),
.UNSPECIFIED.,.F.,.F.,(4,1,1,4),(0.E0,3.333333333333E-1,6.666666666667E-1,1.E0),
.UNSPECIFIED.);
#130=B_SPLINE_CURVE_WITH_KNOTS('',3,(#124,#125,#126,#127,#128,#129),
.UNSPECIFIED.,.F.,.F.,(4,1,1,4),(0.E0,3.333333333333E-1,6.666666666667E-1,1.E0),
.UNSPECIFIED.);
#135=CIRCLE('',#134,5.499999999999E0);
#140=CIRCLE('',#139,5.499999999999E0);
#155=B_SPLINE_CURVE_WITH_KNOTS('',3,(#149,#150,#151,#152,#153,#154),
.UNSPECIFIED.,.F.,.F.,(4,1,1,4),(0.E0,3.333333333333E-1,6.666666666667E-1,1.E0),
.UNSPECIFIED.);
#164=CIRCLE('',#163,5.499999999999E0);
#169=CIRCLE('',#168,5.499999999999E0);
#176=B_SPLINE_CURVE_WITH_KNOTS('',3,(#170,#171,#172,#173,#174,#175),
.UNSPECIFIED.,.F.,.F.,(4,1,1,4),(0.E0,3.333333333333E-1,6.666666666667E-1,1.E0),
.UNSPECIFIED.);
#181=CIRCLE('',#180,6.700001037253E0);
#186=CIRCLE('',#185,6.700001037253E0);
#191=CIRCLE('',#190,6.700001037253E0);
#196=CIRCLE('',#195,6.700001037253E0);
#201=CIRCLE('',#200,6.300000646019E0);
#206=CIRCLE('',#205,6.300000646019E0);
#211=CIRCLE('',#210,6.300000646019E0);
#216=CIRCLE('',#215,6.300000646019E0);
#221=CIRCLE('',#220,6.899999999999E0);
#226=CIRCLE('',#225,6.899999999999E0);
#249=B_SPLINE_CURVE_WITH_KNOTS('',3,(#235,#236,#237,#238,#239,#240,#241,#242,
#243,#244,#245,#246,#247,#248),.UNSPECIFIED.,.F.,.F.,(4,1,1,1,1,1,1,1,1,1,1,4),(
0.E0,9.090909090909E-2,1.818181818182E-1,2.727272727273E-1,3.636363636364E-1,
4.545454545455E-1,5.454545454545E-1,6.363636363636E-1,7.272727272727E-1,
8.181818181818E-1,9.090909090909E-1,1.E0),.UNSPECIFIED.);
#267=B_SPLINE_CURVE_WITH_KNOTS('',3,(#254,#255,#256,#257,#258,#259,#260,#261,
#262,#263,#264,#265,#266),.UNSPECIFIED.,.F.,.F.,(4,1,1,1,1,1,1,1,1,1,4),(0.E0,
1.E-1,2.E-1,3.E-1,4.E-1,5.E-1,6.E-1,7.E-1,8.E-1,9.E-1,1.E0),.UNSPECIFIED.);
#281=B_SPLINE_CURVE_WITH_KNOTS('',3,(#268,#269,#270,#271,#272,#273,#274,#275,
#276,#277,#278,#279,#280),.UNSPECIFIED.,.F.,.F.,(4,1,1,1,1,1,1,1,1,1,4),(0.E0,
1.E-1,2.E-1,3.E-1,4.E-1,5.E-1,6.E-1,7.E-1,8.E-1,9.E-1,1.E0),.UNSPECIFIED.);
#303=B_SPLINE_CURVE_WITH_KNOTS('',3,(#290,#291,#292,#293,#294,#295,#296,#297,
#298,#299,#300,#301,#302),.UNSPECIFIED.,.F.,.F.,(4,1,1,1,1,1,1,1,1,1,4),(0.E0,
1.E-1,2.E-1,3.E-1,4.E-1,5.E-1,6.E-1,7.E-1,8.E-1,9.E-1,1.E0),.UNSPECIFIED.);
#308=CIRCLE('',#307,6.899999999999E0);
#313=CIRCLE('',#312,6.899999999999E0);
#330=B_SPLINE_CURVE_WITH_KNOTS('',3,(#318,#319,#320,#321,#322,#323,#324,#325,
#326,#327,#328,#329),.UNSPECIFIED.,.F.,.F.,(4,1,1,1,1,1,1,1,1,4),(0.E0,
1.111111111111E-1,2.222222222222E-1,3.333333333333E-1,4.444444444444E-1,
5.555555555556E-1,6.666666666667E-1,7.777777777778E-1,8.888888888889E-1,1.E0),
.UNSPECIFIED.);
#347=B_SPLINE_CURVE_WITH_KNOTS('',3,(#335,#336,#337,#338,#339,#340,#341,#342,
#343,#344,#345,#346),.UNSPECIFIED.,.F.,.F.,(4,1,1,1,1,1,1,1,1,4),(0.E0,
1.111111111111E-1,2.222222222222E-1,3.333333333333E-1,4.444444444444E-1,
5.555555555556E-1,6.666666666667E-1,7.777777777778E-1,8.888888888889E-1,1.E0),
.UNSPECIFIED.);
#360=CIRCLE('',#359,4.999999999996E-1);
#369=CIRCLE('',#368,4.999999999996E-1);
#374=CIRCLE('',#373,9.E0);
#379=CIRCLE('',#378,9.E0);
#384=CIRCLE('',#383,6.9E0);
#389=CIRCLE('',#388,6.9E0);
#398=CIRCLE('',#397,9.E0);
#403=CIRCLE('',#402,9.E0);
#416=CIRCLE('',#415,5.95E0);
#425=CIRCLE('',#424,5.95E0);
#472=B_SPLINE_CURVE_WITH_KNOTS('',3,(#462,#463,#464,#465,#466,#467,#468,#469,
#470,#471),.UNSPECIFIED.,.F.,.F.,(4,1,1,1,1,1,1,4),(0.E0,1.428571428571E-1,
2.857142857143E-1,4.285714285714E-1,5.714285714286E-1,7.142857142857E-1,
8.571428571429E-1,1.E0),.UNSPECIFIED.);
#483=B_SPLINE_CURVE_WITH_KNOTS('',3,(#473,#474,#475,#476,#477,#478,#479,#480,
#481,#482),.UNSPECIFIED.,.F.,.F.,(4,1,1,1,1,1,1,4),(0.E0,1.428571428571E-1,
2.857142857143E-1,4.285714285714E-1,5.714285714286E-1,7.142857142857E-1,
8.571428571429E-1,1.E0),.UNSPECIFIED.);
#494=B_SPLINE_CURVE_WITH_KNOTS('',3,(#484,#485,#486,#487,#488,#489,#490,#491,
#492,#493),.UNSPECIFIED.,.F.,.F.,(4,1,1,1,1,1,1,4),(0.E0,1.428571428571E-1,
2.857142857143E-1,4.285714285714E-1,5.714285714286E-1,7.142857142857E-1,
8.571428571429E-1,1.E0),.UNSPECIFIED.);
#503=CIRCLE('',#502,7.5E0);
#508=CIRCLE('',#507,7.5E0);
#517=CIRCLE('',#516,5.449965299451E0);
#533=B_SPLINE_CURVE_WITH_KNOTS('',3,(#518,#519,#520,#521,#522,#523,#524,#525,
#526,#527,#528,#529,#530,#531,#532),.UNSPECIFIED.,.F.,.F.,(4,1,1,1,1,1,1,1,1,1,
1,1,4),(0.E0,8.333333333333E-2,1.666666666667E-1,2.5E-1,3.333333333333E-1,
4.166666666667E-1,5.E-1,5.833333333333E-1,6.666666666667E-1,7.5E-1,
8.333333333333E-1,9.166666666667E-1,1.E0),.UNSPECIFIED.);
#538=CIRCLE('',#537,5.95E0);
#543=CIRCLE('',#542,5.95E0);
#548=CIRCLE('',#547,5.434738232791E0);
#559=B_SPLINE_CURVE_WITH_KNOTS('',3,(#549,#550,#551,#552,#553,#554,#555,#556,
#557,#558),.UNSPECIFIED.,.F.,.F.,(4,1,1,1,1,1,1,4),(0.E0,1.428571428571E-1,
2.857142857143E-1,4.285714285714E-1,5.714285714286E-1,7.142857142857E-1,
8.571428571429E-1,1.E0),.UNSPECIFIED.);
#570=B_SPLINE_CURVE_WITH_KNOTS('',3,(#560,#561,#562,#563,#564,#565,#566,#567,
#568,#569),.UNSPECIFIED.,.F.,.F.,(4,1,1,1,1,1,1,4),(0.E0,1.428571428571E-1,
2.857142857143E-1,4.285714285714E-1,5.714285714286E-1,7.142857142857E-1,
8.571428571429E-1,1.E0),.UNSPECIFIED.);
#581=B_SPLINE_CURVE_WITH_KNOTS('',3,(#571,#572,#573,#574,#575,#576,#577,#578,
#579,#580),.UNSPECIFIED.,.F.,.F.,(4,1,1,1,1,1,1,4),(0.E0,1.428571428571E-1,
2.857142857143E-1,4.285714285714E-1,5.714285714286E-1,7.142857142857E-1,
8.571428571429E-1,1.E0),.UNSPECIFIED.);
#612=B_SPLINE_CURVE_WITH_KNOTS('',3,(#606,#607,#608,#609,#610,#611),
.UNSPECIFIED.,.F.,.F.,(4,1,1,4),(0.E0,3.333333333333E-1,6.666666666667E-1,1.E0),
.UNSPECIFIED.);
#619=B_SPLINE_CURVE_WITH_KNOTS('',3,(#613,#614,#615,#616,#617,#618),
.UNSPECIFIED.,.F.,.F.,(4,1,1,4),(0.E0,3.333333333333E-1,6.666666666667E-1,1.E0),
.UNSPECIFIED.);
#626=B_SPLINE_CURVE_WITH_KNOTS('',3,(#620,#621,#622,#623,#624,#625),
.UNSPECIFIED.,.F.,.F.,(4,1,1,4),(0.E0,3.333333333333E-1,6.666666666667E-1,1.E0),
.UNSPECIFIED.);
#633=B_SPLINE_CURVE_WITH_KNOTS('',3,(#627,#628,#629,#630,#631,#632),
.UNSPECIFIED.,.F.,.F.,(4,1,1,4),(0.E0,3.333333333333E-1,6.666666666667E-1,1.E0),
.UNSPECIFIED.);
#640=B_SPLINE_CURVE_WITH_KNOTS('',3,(#634,#635,#636,#637,#638,#639),
.UNSPECIFIED.,.F.,.F.,(4,1,1,4),(0.E0,3.333333333333E-1,6.666666666667E-1,1.E0),
.UNSPECIFIED.);
#647=B_SPLINE_CURVE_WITH_KNOTS('',3,(#641,#642,#643,#644,#645,#646),
.UNSPECIFIED.,.F.,.F.,(4,1,1,4),(0.E0,3.333333333333E-1,6.666666666667E-1,1.E0),
.UNSPECIFIED.);
#654=B_SPLINE_CURVE_WITH_KNOTS('',3,(#648,#649,#650,#651,#652,#653),
.UNSPECIFIED.,.F.,.F.,(4,1,1,4),(0.E0,3.333333333333E-1,6.666666666667E-1,1.E0),
.UNSPECIFIED.);
#661=B_SPLINE_CURVE_WITH_KNOTS('',3,(#655,#656,#657,#658,#659,#660),
.UNSPECIFIED.,.F.,.F.,(4,1,1,4),(0.E0,3.333333333333E-1,6.666666666667E-1,1.E0),
.UNSPECIFIED.);
#668=B_SPLINE_CURVE_WITH_KNOTS('',3,(#662,#663,#664,#665,#666,#667),
.UNSPECIFIED.,.F.,.F.,(4,1,1,4),(0.E0,3.333333333333E-1,6.666666666667E-1,1.E0),
.UNSPECIFIED.);
#675=B_SPLINE_CURVE_WITH_KNOTS('',3,(#669,#670,#671,#672,#673,#674),
.UNSPECIFIED.,.F.,.F.,(4,1,1,4),(0.E0,3.333333333333E-1,6.666666666667E-1,1.E0),
.UNSPECIFIED.);
#682=B_SPLINE_CURVE_WITH_KNOTS('',3,(#676,#677,#678,#679,#680,#681),
.UNSPECIFIED.,.F.,.F.,(4,1,1,4),(0.E0,3.333333333333E-1,6.666666666667E-1,1.E0),
.UNSPECIFIED.);
#689=B_SPLINE_CURVE_WITH_KNOTS('',3,(#683,#684,#685,#686,#687,#688),
.UNSPECIFIED.,.F.,.F.,(4,1,1,4),(0.E0,3.333333333333E-1,6.666666666667E-1,1.E0),
.UNSPECIFIED.);
#696=B_SPLINE_CURVE_WITH_KNOTS('',3,(#690,#691,#692,#693,#694,#695),
.UNSPECIFIED.,.F.,.F.,(4,1,1,4),(0.E0,3.333333333333E-1,6.666666666667E-1,1.E0),
.UNSPECIFIED.);
#703=B_SPLINE_CURVE_WITH_KNOTS('',3,(#697,#698,#699,#700,#701,#702),
.UNSPECIFIED.,.F.,.F.,(4,1,1,4),(0.E0,3.333333333333E-1,6.666666666667E-1,1.E0),
.UNSPECIFIED.);
#710=B_SPLINE_CURVE_WITH_KNOTS('',3,(#704,#705,#706,#707,#708,#709),
.UNSPECIFIED.,.F.,.F.,(4,1,1,4),(0.E0,3.333333333333E-1,6.666666666667E-1,1.E0),
.UNSPECIFIED.);
#717=B_SPLINE_CURVE_WITH_KNOTS('',3,(#711,#712,#713,#714,#715,#716),
.UNSPECIFIED.,.F.,.F.,(4,1,1,4),(0.E0,3.333333333333E-1,6.666666666667E-1,1.E0),
.UNSPECIFIED.);
#724=B_SPLINE_CURVE_WITH_KNOTS('',3,(#718,#719,#720,#721,#722,#723),
.UNSPECIFIED.,.F.,.F.,(4,1,1,4),(0.E0,3.333333333333E-1,6.666666666667E-1,1.E0),
.UNSPECIFIED.);
#731=B_SPLINE_CURVE_WITH_KNOTS('',3,(#725,#726,#727,#728,#729,#730),
.UNSPECIFIED.,.F.,.F.,(4,1,1,4),(0.E0,3.333333333333E-1,6.666666666667E-1,1.E0),
.UNSPECIFIED.);
#748=B_SPLINE_CURVE_WITH_KNOTS('',3,(#732,#733,#734,#735,#736,#737,#738,#739,
#740,#741,#742,#743,#744,#745,#746,#747),.UNSPECIFIED.,.F.,.F.,(4,1,1,1,1,1,1,1,
1,1,1,1,1,4),(0.E0,7.692307692308E-2,1.538461538462E-1,2.307692307692E-1,
3.076923076923E-1,3.846153846154E-1,4.615384615385E-1,5.384615384615E-1,
6.153846153846E-1,6.923076923077E-1,7.692307692308E-1,8.461538461538E-1,
9.230769230769E-1,1.E0),.UNSPECIFIED.);
#755=B_SPLINE_CURVE_WITH_KNOTS('',3,(#749,#750,#751,#752,#753,#754),
.UNSPECIFIED.,.F.,.F.,(4,1,1,4),(0.E0,3.333333333333E-1,6.666666666667E-1,1.E0),
.UNSPECIFIED.);
#762=B_SPLINE_CURVE_WITH_KNOTS('',3,(#756,#757,#758,#759,#760,#761),
.UNSPECIFIED.,.F.,.F.,(4,1,1,4),(0.E0,3.333333333333E-1,6.666666666667E-1,1.E0),
.UNSPECIFIED.);
#780=B_SPLINE_CURVE_WITH_KNOTS('',3,(#763,#764,#765,#766,#767,#768,#769,#770,
#771,#772,#773,#774,#775,#776,#777,#778,#779),.UNSPECIFIED.,.F.,.F.,(4,1,1,1,1,
1,1,1,1,1,1,1,1,1,4),(0.E0,7.142857142857E-2,1.428571428571E-1,
2.142857142857E-1,2.857142857143E-1,3.571428571429E-1,4.285714285714E-1,5.E-1,
5.714285714286E-1,6.428571428571E-1,7.142857142857E-1,7.857142857143E-1,
8.571428571429E-1,9.285714285714E-1,1.E0),.UNSPECIFIED.);
#801=B_SPLINE_CURVE_WITH_KNOTS('',3,(#785,#786,#787,#788,#789,#790,#791,#792,
#793,#794,#795,#796,#797,#798,#799,#800),.UNSPECIFIED.,.F.,.F.,(4,1,1,1,1,1,1,1,
1,1,1,1,1,4),(0.E0,7.692307692308E-2,1.538461538462E-1,2.307692307692E-1,
3.076923076923E-1,3.846153846154E-1,4.615384615385E-1,5.384615384615E-1,
6.153846153846E-1,6.923076923077E-1,7.692307692308E-1,8.461538461538E-1,
9.230769230769E-1,1.E0),.UNSPECIFIED.);
#837=B_SPLINE_CURVE_WITH_KNOTS('',3,(#806,#807,#808,#809,#810,#811,#812,#813,
#814,#815,#816,#817,#818,#819,#820,#821,#822,#823,#824,#825,#826,#827,#828,#829,
#830,#831,#832,#833,#834,#835,#836),.UNSPECIFIED.,.F.,.F.,(4,1,1,1,1,1,1,1,1,1,
1,1,1,1,1,1,1,1,1,1,1,1,1,1,1,1,1,1,4),(0.E0,3.571428571429E-2,
7.142857142857E-2,1.071428571429E-1,1.428571428571E-1,1.785714285714E-1,
2.142857142857E-1,2.5E-1,2.857142857143E-1,3.214285714286E-1,3.571428571429E-1,
3.928571428571E-1,4.285714285714E-1,4.642857142857E-1,5.E-1,5.357142857143E-1,
5.714285714286E-1,6.071428571429E-1,6.428571428571E-1,6.785714285714E-1,
7.142857142857E-1,7.5E-1,7.857142857143E-1,8.214285714286E-1,8.571428571429E-1,
8.928571428571E-1,9.285714285714E-1,9.642857142857E-1,1.E0),.UNSPECIFIED.);
#870=B_SPLINE_CURVE_WITH_KNOTS('',3,(#838,#839,#840,#841,#842,#843,#844,#845,
#846,#847,#848,#849,#850,#851,#852,#853,#854,#855,#856,#857,#858,#859,#860,#861,
#862,#863,#864,#865,#866,#867,#868,#869),.UNSPECIFIED.,.F.,.F.,(4,1,1,1,1,1,1,1,
1,1,1,1,1,1,1,1,1,1,1,1,1,1,1,1,1,1,1,1,1,4),(0.E0,3.448275862069E-2,
6.896551724138E-2,1.034482758621E-1,1.379310344828E-1,1.724137931034E-1,
2.068965517241E-1,2.413793103448E-1,2.758620689655E-1,3.103448275862E-1,
3.448275862069E-1,3.793103448276E-1,4.137931034483E-1,4.482758620690E-1,
4.827586206897E-1,5.172413793103E-1,5.517241379310E-1,5.862068965517E-1,
6.206896551724E-1,6.551724137931E-1,6.896551724138E-1,7.241379310345E-1,
7.586206896552E-1,7.931034482759E-1,8.275862068966E-1,8.620689655172E-1,
8.965517241379E-1,9.310344827586E-1,9.655172413793E-1,1.E0),.UNSPECIFIED.);
#888=B_SPLINE_CURVE_WITH_KNOTS('',3,(#871,#872,#873,#874,#875,#876,#877,#878,
#879,#880,#881,#882,#883,#884,#885,#886,#887),.UNSPECIFIED.,.F.,.F.,(4,1,1,1,1,
1,1,1,1,1,1,1,1,1,4),(0.E0,7.142857142857E-2,1.428571428571E-1,
2.142857142857E-1,2.857142857143E-1,3.571428571429E-1,4.285714285714E-1,5.E-1,
5.714285714286E-1,6.428571428571E-1,7.142857142857E-1,7.857142857143E-1,
8.571428571429E-1,9.285714285714E-1,1.E0),.UNSPECIFIED.);
#906=B_SPLINE_CURVE_WITH_KNOTS('',3,(#889,#890,#891,#892,#893,#894,#895,#896,
#897,#898,#899,#900,#901,#902,#903,#904,#905),.UNSPECIFIED.,.F.,.F.,(4,1,1,1,1,
1,1,1,1,1,1,1,1,1,4),(0.E0,7.142857142857E-2,1.428571428571E-1,
2.142857142857E-1,2.857142857143E-1,3.571428571429E-1,4.285714285714E-1,5.E-1,
5.714285714286E-1,6.428571428571E-1,7.142857142857E-1,7.857142857143E-1,
8.571428571429E-1,9.285714285714E-1,1.E0),.UNSPECIFIED.);
#926=B_SPLINE_CURVE_WITH_KNOTS('',3,(#911,#912,#913,#914,#915,#916,#917,#918,
#919,#920,#921,#922,#923,#924,#925),.UNSPECIFIED.,.F.,.F.,(4,1,1,1,1,1,1,1,1,1,
1,1,4),(0.E0,8.333333333333E-2,1.666666666667E-1,2.5E-1,3.333333333333E-1,
4.166666666667E-1,5.E-1,5.833333333333E-1,6.666666666667E-1,7.5E-1,
8.333333333333E-1,9.166666666667E-1,1.E0),.UNSPECIFIED.);
#933=B_SPLINE_CURVE_WITH_KNOTS('',3,(#927,#928,#929,#930,#931,#932),
.UNSPECIFIED.,.F.,.F.,(4,1,1,4),(0.E0,3.333333333333E-1,6.666666666667E-1,1.E0),
.UNSPECIFIED.);
#951=B_SPLINE_CURVE_WITH_KNOTS('',3,(#934,#935,#936,#937,#938,#939,#940,#941,
#942,#943,#944,#945,#946,#947,#948,#949,#950),.UNSPECIFIED.,.F.,.F.,(4,1,1,1,1,
1,1,1,1,1,1,1,1,1,4),(0.E0,7.142857142857E-2,1.428571428571E-1,
2.142857142857E-1,2.857142857143E-1,3.571428571429E-1,4.285714285714E-1,5.E-1,
5.714285714286E-1,6.428571428571E-1,7.142857142857E-1,7.857142857143E-1,
8.571428571429E-1,9.285714285714E-1,1.E0),.UNSPECIFIED.);
#984=B_SPLINE_CURVE_WITH_KNOTS('',3,(#968,#969,#970,#971,#972,#973,#974,#975,
#976,#977,#978,#979,#980,#981,#982,#983),.UNSPECIFIED.,.F.,.F.,(4,1,1,1,1,1,1,1,
1,1,1,1,1,4),(0.E0,7.692307692308E-2,1.538461538462E-1,2.307692307692E-1,
3.076923076923E-1,3.846153846154E-1,4.615384615385E-1,5.384615384615E-1,
6.153846153846E-1,6.923076923077E-1,7.692307692308E-1,8.461538461538E-1,
9.230769230769E-1,1.E0),.UNSPECIFIED.);
#1005=B_SPLINE_CURVE_WITH_KNOTS('',3,(#989,#990,#991,#992,#993,#994,#995,#996,
#997,#998,#999,#1000,#1001,#1002,#1003,#1004),.UNSPECIFIED.,.F.,.F.,(4,1,1,1,1,
1,1,1,1,1,1,1,1,4),(0.E0,7.692307692308E-2,1.538461538462E-1,2.307692307692E-1,
3.076923076923E-1,3.846153846154E-1,4.615384615385E-1,5.384615384615E-1,
6.153846153846E-1,6.923076923077E-1,7.692307692308E-1,8.461538461538E-1,
9.230769230769E-1,1.E0),.UNSPECIFIED.);
#1023=B_SPLINE_CURVE_WITH_KNOTS('',3,(#1006,#1007,#1008,#1009,#1010,#1011,#1012,
#1013,#1014,#1015,#1016,#1017,#1018,#1019,#1020,#1021,#1022),.UNSPECIFIED.,.F.,
.F.,(4,1,1,1,1,1,1,1,1,1,1,1,1,1,4),(0.E0,7.142857142857E-2,1.428571428571E-1,
2.142857142857E-1,2.857142857143E-1,3.571428571429E-1,4.285714285714E-1,5.E-1,
5.714285714286E-1,6.428571428571E-1,7.142857142857E-1,7.857142857143E-1,
8.571428571429E-1,9.285714285714E-1,1.E0),.UNSPECIFIED.);
#1030=B_SPLINE_CURVE_WITH_KNOTS('',3,(#1024,#1025,#1026,#1027,#1028,#1029),
.UNSPECIFIED.,.F.,.F.,(4,1,1,4),(0.E0,3.333333333333E-1,6.666666666667E-1,1.E0),
.UNSPECIFIED.);
#1046=B_SPLINE_CURVE_WITH_KNOTS('',3,(#1031,#1032,#1033,#1034,#1035,#1036,#1037,
#1038,#1039,#1040,#1041,#1042,#1043,#1044,#1045),.UNSPECIFIED.,.F.,.F.,(4,1,1,1,
1,1,1,1,1,1,1,1,4),(0.E0,8.333333333333E-2,1.666666666667E-1,2.5E-1,
3.333333333333E-1,4.166666666667E-1,5.E-1,5.833333333333E-1,6.666666666667E-1,
7.5E-1,8.333333333333E-1,9.166666666667E-1,1.E0),.UNSPECIFIED.);
#1068=B_SPLINE_CURVE_WITH_KNOTS('',3,(#1051,#1052,#1053,#1054,#1055,#1056,#1057,
#1058,#1059,#1060,#1061,#1062,#1063,#1064,#1065,#1066,#1067),.UNSPECIFIED.,.F.,
.F.,(4,1,1,1,1,1,1,1,1,1,1,1,1,1,4),(0.E0,7.142857142857E-2,1.428571428571E-1,
2.142857142857E-1,2.857142857143E-1,3.571428571429E-1,4.285714285714E-1,5.E-1,
5.714285714286E-1,6.428571428571E-1,7.142857142857E-1,7.857142857143E-1,
8.571428571429E-1,9.285714285714E-1,1.E0),.UNSPECIFIED.);
#1086=B_SPLINE_CURVE_WITH_KNOTS('',3,(#1069,#1070,#1071,#1072,#1073,#1074,#1075,
#1076,#1077,#1078,#1079,#1080,#1081,#1082,#1083,#1084,#1085),.UNSPECIFIED.,.F.,
.F.,(4,1,1,1,1,1,1,1,1,1,1,1,1,1,4),(0.E0,7.142857142857E-2,1.428571428571E-1,
2.142857142857E-1,2.857142857143E-1,3.571428571429E-1,4.285714285714E-1,5.E-1,
5.714285714286E-1,6.428571428571E-1,7.142857142857E-1,7.857142857143E-1,
8.571428571429E-1,9.285714285714E-1,1.E0),.UNSPECIFIED.);
#1111=B_SPLINE_CURVE_WITH_KNOTS('',3,(#1091,#1092,#1093,#1094,#1095,#1096,#1097,
#1098,#1099,#1100,#1101,#1102,#1103,#1104,#1105,#1106,#1107,#1108,#1109,#1110),
.UNSPECIFIED.,.F.,.F.,(4,1,1,1,1,1,1,1,1,1,1,1,1,1,1,1,1,4),(0.E0,
5.882352941176E-2,1.176470588235E-1,1.764705882353E-1,2.352941176471E-1,
2.941176470588E-1,3.529411764706E-1,4.117647058824E-1,4.705882352941E-1,
5.294117647059E-1,5.882352941176E-1,6.470588235294E-1,7.058823529412E-1,
7.647058823529E-1,8.235294117647E-1,8.823529411765E-1,9.411764705882E-1,1.E0),
.UNSPECIFIED.);
#1135=B_SPLINE_CURVE_WITH_KNOTS('',3,(#1116,#1117,#1118,#1119,#1120,#1121,#1122,
#1123,#1124,#1125,#1126,#1127,#1128,#1129,#1130,#1131,#1132,#1133,#1134),
.UNSPECIFIED.,.F.,.F.,(4,1,1,1,1,1,1,1,1,1,1,1,1,1,1,1,4),(0.E0,6.25E-2,1.25E-1,
1.875E-1,2.5E-1,3.125E-1,3.75E-1,4.375E-1,5.E-1,5.625E-1,6.25E-1,6.875E-1,
7.5E-1,8.125E-1,8.75E-1,9.375E-1,1.E0),.UNSPECIFIED.);
#1172=B_SPLINE_CURVE_WITH_KNOTS('',3,(#1140,#1141,#1142,#1143,#1144,#1145,#1146,
#1147,#1148,#1149,#1150,#1151,#1152,#1153,#1154,#1155,#1156,#1157,#1158,#1159,
#1160,#1161,#1162,#1163,#1164,#1165,#1166,#1167,#1168,#1169,#1170,#1171),
.UNSPECIFIED.,.F.,.F.,(4,1,1,1,1,1,1,1,1,1,1,1,1,1,1,1,1,1,1,1,1,1,1,1,1,1,1,1,
1,4),(0.E0,3.448275862069E-2,6.896551724138E-2,1.034482758621E-1,
1.379310344828E-1,1.724137931034E-1,2.068965517241E-1,2.413793103448E-1,
2.758620689655E-1,3.103448275862E-1,3.448275862069E-1,3.793103448276E-1,
4.137931034483E-1,4.482758620690E-1,4.827586206897E-1,5.172413793103E-1,
5.517241379310E-1,5.862068965517E-1,6.206896551724E-1,6.551724137931E-1,
6.896551724138E-1,7.241379310345E-1,7.586206896552E-1,7.931034482759E-1,
8.275862068966E-1,8.620689655172E-1,8.965517241379E-1,9.310344827586E-1,
9.655172413793E-1,1.E0),.UNSPECIFIED.);
#1209=B_SPLINE_CURVE_WITH_KNOTS('',3,(#1177,#1178,#1179,#1180,#1181,#1182,#1183,
#1184,#1185,#1186,#1187,#1188,#1189,#1190,#1191,#1192,#1193,#1194,#1195,#1196,
#1197,#1198,#1199,#1200,#1201,#1202,#1203,#1204,#1205,#1206,#1207,#1208),
.UNSPECIFIED.,.F.,.F.,(4,1,1,1,1,1,1,1,1,1,1,1,1,1,1,1,1,1,1,1,1,1,1,1,1,1,1,1,
1,4),(0.E0,3.448275862069E-2,6.896551724138E-2,1.034482758621E-1,
1.379310344828E-1,1.724137931034E-1,2.068965517241E-1,2.413793103448E-1,
2.758620689655E-1,3.103448275862E-1,3.448275862069E-1,3.793103448276E-1,
4.137931034483E-1,4.482758620690E-1,4.827586206897E-1,5.172413793103E-1,
5.517241379310E-1,5.862068965517E-1,6.206896551724E-1,6.551724137931E-1,
6.896551724138E-1,7.241379310345E-1,7.586206896552E-1,7.931034482759E-1,
8.275862068966E-1,8.620689655172E-1,8.965517241379E-1,9.310344827586E-1,
9.655172413793E-1,1.E0),.UNSPECIFIED.);
#1227=B_SPLINE_CURVE_WITH_KNOTS('',3,(#1210,#1211,#1212,#1213,#1214,#1215,#1216,
#1217,#1218,#1219,#1220,#1221,#1222,#1223,#1224,#1225,#1226),.UNSPECIFIED.,.F.,
.F.,(4,1,1,1,1,1,1,1,1,1,1,1,1,1,4),(0.E0,7.142857142857E-2,1.428571428571E-1,
2.142857142857E-1,2.857142857143E-1,3.571428571429E-1,4.285714285714E-1,5.E-1,
5.714285714286E-1,6.428571428571E-1,7.142857142857E-1,7.857142857143E-1,
8.571428571429E-1,9.285714285714E-1,1.E0),.UNSPECIFIED.);
#1245=B_SPLINE_CURVE_WITH_KNOTS('',3,(#1228,#1229,#1230,#1231,#1232,#1233,#1234,
#1235,#1236,#1237,#1238,#1239,#1240,#1241,#1242,#1243,#1244),.UNSPECIFIED.,.F.,
.F.,(4,1,1,1,1,1,1,1,1,1,1,1,1,1,4),(0.E0,7.142857142857E-2,1.428571428571E-1,
2.142857142857E-1,2.857142857143E-1,3.571428571429E-1,4.285714285714E-1,5.E-1,
5.714285714286E-1,6.428571428571E-1,7.142857142857E-1,7.857142857143E-1,
8.571428571429E-1,9.285714285714E-1,1.E0),.UNSPECIFIED.);
#1267=B_SPLINE_CURVE_WITH_KNOTS('',3,(#1250,#1251,#1252,#1253,#1254,#1255,#1256,
#1257,#1258,#1259,#1260,#1261,#1262,#1263,#1264,#1265,#1266),.UNSPECIFIED.,.F.,
.F.,(4,1,1,1,1,1,1,1,1,1,1,1,1,1,4),(0.E0,7.142857142857E-2,1.428571428571E-1,
2.142857142857E-1,2.857142857143E-1,3.571428571429E-1,4.285714285714E-1,5.E-1,
5.714285714286E-1,6.428571428571E-1,7.142857142857E-1,7.857142857143E-1,
8.571428571429E-1,9.285714285714E-1,1.E0),.UNSPECIFIED.);
#1283=B_SPLINE_CURVE_WITH_KNOTS('',3,(#1268,#1269,#1270,#1271,#1272,#1273,#1274,
#1275,#1276,#1277,#1278,#1279,#1280,#1281,#1282),.UNSPECIFIED.,.F.,.F.,(4,1,1,1,
1,1,1,1,1,1,1,1,4),(0.E0,8.333333333333E-2,1.666666666667E-1,2.5E-1,
3.333333333333E-1,4.166666666667E-1,5.E-1,5.833333333333E-1,6.666666666667E-1,
7.5E-1,8.333333333333E-1,9.166666666667E-1,1.E0),.UNSPECIFIED.);
#1288=CIRCLE('',#1287,5.95E0);
#1293=CIRCLE('',#1292,5.35E0);
#1306=CIRCLE('',#1305,5.449852112716E0);
#1336=B_SPLINE_CURVE_WITH_KNOTS('',3,(#1307,#1308,#1309,#1310,#1311,#1312,#1313,
#1314,#1315,#1316,#1317,#1318,#1319,#1320,#1321,#1322,#1323,#1324,#1325,#1326,
#1327,#1328,#1329,#1330,#1331,#1332,#1333,#1334,#1335),.UNSPECIFIED.,.F.,.F.,(4,
1,1,1,1,1,1,1,1,1,1,1,1,1,1,1,1,1,1,1,1,1,1,1,1,1,4),(0.E0,3.846153846154E-2,
7.692307692308E-2,1.153846153846E-1,1.538461538462E-1,1.923076923077E-1,
2.307692307692E-1,2.692307692308E-1,3.076923076923E-1,3.461538461538E-1,
3.846153846154E-1,4.230769230769E-1,4.615384615385E-1,5.E-1,5.384615384615E-1,
5.769230769231E-1,6.153846153846E-1,6.538461538462E-1,6.923076923077E-1,
7.307692307692E-1,7.692307692308E-1,8.076923076923E-1,8.461538461538E-1,
8.846153846154E-1,9.230769230769E-1,9.615384615385E-1,1.E0),.UNSPECIFIED.);
#1354=B_SPLINE_CURVE_WITH_KNOTS('',3,(#1337,#1338,#1339,#1340,#1341,#1342,#1343,
#1344,#1345,#1346,#1347,#1348,#1349,#1350,#1351,#1352,#1353),.UNSPECIFIED.,.F.,
.F.,(4,1,1,1,1,1,1,1,1,1,1,1,1,1,4),(0.E0,7.142857142857E-2,1.428571428571E-1,
2.142857142857E-1,2.857142857143E-1,3.571428571429E-1,4.285714285714E-1,5.E-1,
5.714285714286E-1,6.428571428571E-1,7.142857142857E-1,7.857142857143E-1,
8.571428571429E-1,9.285714285714E-1,1.E0),.UNSPECIFIED.);
#1365=B_SPLINE_CURVE_WITH_KNOTS('',3,(#1355,#1356,#1357,#1358,#1359,#1360,#1361,
#1362,#1363,#1364),.UNSPECIFIED.,.F.,.F.,(4,1,1,1,1,1,1,4),(0.E0,
1.428571428571E-1,2.857142857143E-1,4.285714285714E-1,5.714285714286E-1,
7.142857142857E-1,8.571428571429E-1,1.E0),.UNSPECIFIED.);
#1390=B_SPLINE_CURVE_WITH_KNOTS('',3,(#1366,#1367,#1368,#1369,#1370,#1371,#1372,
#1373,#1374,#1375,#1376,#1377,#1378,#1379,#1380,#1381,#1382,#1383,#1384,#1385,
#1386,#1387,#1388,#1389),.UNSPECIFIED.,.F.,.F.,(4,1,1,1,1,1,1,1,1,1,1,1,1,1,1,1,
1,1,1,1,1,4),(0.E0,4.761904761905E-2,9.523809523810E-2,1.428571428571E-1,
1.904761904762E-1,2.380952380952E-1,2.857142857143E-1,3.333333333333E-1,
3.809523809524E-1,4.285714285714E-1,4.761904761905E-1,5.238095238095E-1,
5.714285714286E-1,6.190476190476E-1,6.666666666667E-1,7.142857142857E-1,
7.619047619048E-1,8.095238095238E-1,8.571428571429E-1,9.047619047619E-1,
9.523809523810E-1,1.E0),.UNSPECIFIED.);
#1395=CIRCLE('',#1394,5.35E0);
#1412=CIRCLE('',#1411,3.E-1);
#1417=CIRCLE('',#1416,5.35E0);
#1422=CIRCLE('',#1421,5.35E0);
#1427=CIRCLE('',#1426,5.049999589208E0);
#1432=CIRCLE('',#1431,5.049999589208E0);
#1437=CIRCLE('',#1436,5.049999589208E0);
#1442=CIRCLE('',#1441,5.049999589208E0);
#1447=CIRCLE('',#1446,4.85E0);
#1452=CIRCLE('',#1451,4.85E0);
#1457=CIRCLE('',#1456,3.E-1);
#1462=CIRCLE('',#1461,5.35E0);
#1467=CIRCLE('',#1466,5.35E0);
#1476=CIRCLE('',#1475,4.85E0);
#1481=CIRCLE('',#1480,4.85E0);
#1490=CIRCLE('',#1489,1.E0);
#1520=B_SPLINE_CURVE_WITH_KNOTS('',3,(#1491,#1492,#1493,#1494,#1495,#1496,#1497,
#1498,#1499,#1500,#1501,#1502,#1503,#1504,#1505,#1506,#1507,#1508,#1509,#1510,
#1511,#1512,#1513,#1514,#1515,#1516,#1517,#1518,#1519),.UNSPECIFIED.,.F.,.F.,(4,
1,1,1,1,1,1,1,1,1,1,1,1,1,1,1,1,1,1,1,1,1,1,1,1,1,4),(0.E0,3.846153846154E-2,
7.692307692308E-2,1.153846153846E-1,1.538461538462E-1,1.923076923077E-1,
2.307692307692E-1,2.692307692308E-1,3.076923076923E-1,3.461538461538E-1,
3.846153846154E-1,4.230769230769E-1,4.615384615385E-1,5.E-1,5.384615384615E-1,
5.769230769231E-1,6.153846153846E-1,6.538461538462E-1,6.923076923077E-1,
7.307692307692E-1,7.692307692308E-1,8.076923076923E-1,8.461538461538E-1,
8.846153846154E-1,9.230769230769E-1,9.615384615385E-1,1.E0),.UNSPECIFIED.);
#1525=CIRCLE('',#1524,1.E0);
#1530=CIRCLE('',#1529,1.E0);
#1560=B_SPLINE_CURVE_WITH_KNOTS('',3,(#1531,#1532,#1533,#1534,#1535,#1536,#1537,
#1538,#1539,#1540,#1541,#1542,#1543,#1544,#1545,#1546,#1547,#1548,#1549,#1550,
#1551,#1552,#1553,#1554,#1555,#1556,#1557,#1558,#1559),.UNSPECIFIED.,.F.,.F.,(4,
1,1,1,1,1,1,1,1,1,1,1,1,1,1,1,1,1,1,1,1,1,1,1,1,1,4),(0.E0,3.846153846154E-2,
7.692307692308E-2,1.153846153846E-1,1.538461538462E-1,1.923076923077E-1,
2.307692307692E-1,2.692307692308E-1,3.076923076923E-1,3.461538461538E-1,
3.846153846154E-1,4.230769230769E-1,4.615384615385E-1,5.E-1,5.384615384615E-1,
5.769230769231E-1,6.153846153846E-1,6.538461538462E-1,6.923076923077E-1,
7.307692307692E-1,7.692307692308E-1,8.076923076923E-1,8.461538461538E-1,
8.846153846154E-1,9.230769230769E-1,9.615384615385E-1,1.E0),.UNSPECIFIED.);
#1565=CIRCLE('',#1564,1.E0);
#1570=CIRCLE('',#1569,1.E0);
#1600=B_SPLINE_CURVE_WITH_KNOTS('',3,(#1571,#1572,#1573,#1574,#1575,#1576,#1577,
#1578,#1579,#1580,#1581,#1582,#1583,#1584,#1585,#1586,#1587,#1588,#1589,#1590,
#1591,#1592,#1593,#1594,#1595,#1596,#1597,#1598,#1599),.UNSPECIFIED.,.F.,.F.,(4,
1,1,1,1,1,1,1,1,1,1,1,1,1,1,1,1,1,1,1,1,1,1,1,1,1,4),(0.E0,3.846153846154E-2,
7.692307692308E-2,1.153846153846E-1,1.538461538462E-1,1.923076923077E-1,
2.307692307692E-1,2.692307692308E-1,3.076923076923E-1,3.461538461538E-1,
3.846153846154E-1,4.230769230769E-1,4.615384615385E-1,5.E-1,5.384615384615E-1,
5.769230769231E-1,6.153846153846E-1,6.538461538462E-1,6.923076923077E-1,
7.307692307692E-1,7.692307692308E-1,8.076923076923E-1,8.461538461538E-1,
8.846153846154E-1,9.230769230769E-1,9.615384615385E-1,1.E0),.UNSPECIFIED.);
#1605=CIRCLE('',#1604,1.E0);
#1610=CIRCLE('',#1609,4.2E0);
#1619=CIRCLE('',#1618,4.2E0);
#1628=CIRCLE('',#1627,4.2E0);
#1633=CIRCLE('',#1632,1.E0);
#1638=CIRCLE('',#1637,1.E0);
#1643=CIRCLE('',#1642,1.E0);
#1648=CIRCLE('',#1647,1.E0);
#1653=CIRCLE('',#1652,1.E0);
#1887=EDGE_CURVE('',#1818,#1819,#25,.T.);
#1889=EDGE_CURVE('',#1827,#1818,#1633,.T.);
#1891=EDGE_CURVE('',#1827,#1819,#5,.T.);
#1901=EDGE_CURVE('',#1804,#1805,#9,.T.);
#1903=EDGE_CURVE('',#1807,#1805,#169,.T.);
#1905=EDGE_CURVE('',#1809,#1807,#164,.T.);
#1907=EDGE_CURVE('',#1811,#1809,#140,.T.);
#1909=EDGE_CURVE('',#1813,#1811,#135,.T.);
#1911=EDGE_CURVE('',#1813,#1815,#13,.T.);
#1913=EDGE_CURVE('',#1817,#1815,#95,.T.);
#1915=EDGE_CURVE('',#1804,#1817,#90,.T.);
#1920=EDGE_CURVE('',#1819,#1818,#37,.T.);
#1924=EDGE_CURVE('',#1820,#1821,#49,.T.);
#1926=EDGE_CURVE('',#1821,#1820,#61,.T.);
#1930=EDGE_CURVE('',#1798,#1799,#73,.T.);
#1932=EDGE_CURVE('',#1799,#1798,#85,.T.);
#1942=EDGE_CURVE('',#1851,#1804,#107,.T.);
#1944=EDGE_CURVE('',#1846,#1851,#148,.T.);
#1946=EDGE_CURVE('',#1805,#1846,#176,.T.);
#1959=EDGE_CURVE('',#1815,#1850,#99,.T.);
#1961=EDGE_CURVE('',#1850,#1851,#103,.T.);
#1966=EDGE_CURVE('',#1866,#1867,#1610,.T.);
#1968=EDGE_CURVE('',#1866,#1867,#112,.T.);
#1980=EDGE_CURVE('',#1853,#1813,#130,.T.);
#1982=EDGE_CURVE('',#1853,#1850,#116,.T.);
#1992=EDGE_CURVE('',#1847,#1853,#123,.T.);
#1997=EDGE_CURVE('',#1840,#1809,#159,.T.);
#1999=EDGE_CURVE('',#1845,#1840,#216,.T.);
#2001=EDGE_CURVE('',#1843,#1845,#211,.T.);
#2003=EDGE_CURVE('',#1843,#1847,#144,.T.);
#2016=EDGE_CURVE('',#1846,#1847,#155,.T.);
#2029=EDGE_CURVE('',#1841,#1843,#206,.T.);
#2031=EDGE_CURVE('',#1840,#1841,#201,.T.);
#2045=EDGE_CURVE('',#1831,#1837,#181,.T.);
#2047=EDGE_CURVE('',#1837,#1835,#186,.T.);
#2049=EDGE_CURVE('',#1835,#1833,#191,.T.);
#2051=EDGE_CURVE('',#1833,#1831,#196,.T.);
#2067=EDGE_CURVE('',#1782,#1791,#221,.T.);
#2069=EDGE_CURVE('',#1791,#1789,#226,.T.);
#2071=EDGE_CURVE('',#1789,#1835,#230,.T.);
#2075=EDGE_CURVE('',#1782,#1831,#317,.T.);
#2085=EDGE_CURVE('',#1782,#1783,#234,.T.);
#2087=EDGE_CURVE('',#1783,#1784,#249,.T.);
#2089=EDGE_CURVE('',#1784,#1779,#253,.T.);
#2091=EDGE_CURVE('',#1778,#1779,#384,.T.);
#2093=EDGE_CURVE('',#1786,#1778,#289,.T.);
#2095=EDGE_CURVE('',#1787,#1786,#347,.T.);
#2097=EDGE_CURVE('',#1789,#1787,#285,.T.);
#2103=EDGE_CURVE('',#1792,#1793,#267,.T.);
#2105=EDGE_CURVE('',#1792,#1793,#1560,.T.);
#2109=EDGE_CURVE('',#1794,#1795,#281,.T.);
#2111=EDGE_CURVE('',#1794,#1795,#1600,.T.);
#2122=EDGE_CURVE('',#1829,#1782,#313,.T.);
#2124=EDGE_CURVE('',#1789,#1829,#308,.T.);
#2127=EDGE_CURVE('',#1786,#1787,#330,.T.);
#2130=EDGE_CURVE('',#1779,#1778,#389,.T.);
#2136=EDGE_CURVE('',#1822,#1823,#303,.T.);
#2138=EDGE_CURVE('',#1822,#1823,#1520,.T.);
#2163=EDGE_CURVE('',#1855,#1787,#351,.T.);
#2165=EDGE_CURVE('',#1857,#1855,#369,.T.);
#2167=EDGE_CURVE('',#1857,#1786,#334,.T.);
#2179=EDGE_CURVE('',#1855,#1857,#360,.T.);
#2190=EDGE_CURVE('',#1859,#1855,#355,.T.);
#2193=EDGE_CURVE('',#1859,#1857,#364,.T.);
#2214=EDGE_CURVE('',#1659,#1656,#374,.T.);
#2216=EDGE_CURVE('',#1656,#1659,#379,.T.);
#2230=EDGE_CURVE('',#1657,#1873,#398,.T.);
#2232=EDGE_CURVE('',#1656,#1657,#411,.T.);
#2235=EDGE_CURVE('',#1659,#1873,#393,.T.);
#2246=EDGE_CURVE('',#1873,#1657,#403,.T.);
#2250=EDGE_CURVE('',#1877,#1881,#416,.T.);
#2252=EDGE_CURVE('',#1881,#1877,#407,.T.);
#2275=EDGE_CURVE('',#1880,#1881,#420,.T.);
#2277=EDGE_CURVE('',#1880,#1876,#425,.T.);
#2279=EDGE_CURVE('',#1876,#1877,#429,.T.);
#2290=EDGE_CURVE('',#1880,#1876,#433,.T.);
#2302=EDGE_CURVE('',#1662,#1663,#437,.T.);
#2304=EDGE_CURVE('',#1663,#1665,#441,.T.);
#2306=EDGE_CURVE('',#1665,#1667,#445,.T.);
#2308=EDGE_CURVE('',#1667,#1669,#449,.T.);
#2310=EDGE_CURVE('',#1669,#1671,#453,.T.);
#2312=EDGE_CURVE('',#1671,#1662,#457,.T.);
#2326=EDGE_CURVE('',#1672,#1673,#472,.T.);
#2328=EDGE_CURVE('',#1663,#1672,#605,.T.);
#2331=EDGE_CURVE('',#1662,#1673,#461,.T.);
#2341=EDGE_CURVE('',#1676,#1677,#508,.T.);
#2343=EDGE_CURVE('',#1672,#1676,#585,.T.);
#2346=EDGE_CURVE('',#1673,#1678,#483,.T.);
#2348=EDGE_CURVE('',#1678,#1679,#494,.T.);
#2350=EDGE_CURVE('',#1679,#1677,#498,.T.);
#2360=EDGE_CURVE('',#1677,#1676,#503,.T.);
#2365=EDGE_CURVE('',#1682,#1683,#512,.T.);
#2367=EDGE_CURVE('',#1683,#1685,#517,.T.);
#2369=EDGE_CURVE('',#1685,#1686,#533,.T.);
#2371=EDGE_CURVE('',#1686,#1689,#538,.T.);
#2373=EDGE_CURVE('',#1689,#1690,#543,.T.);
#2375=EDGE_CURVE('',#1691,#1690,#748,.T.);
#2377=EDGE_CURVE('',#1691,#1682,#548,.T.);
#2389=EDGE_CURVE('',#1679,#1774,#559,.T.);
#2391=EDGE_CURVE('',#1774,#1775,#570,.T.);
#2393=EDGE_CURVE('',#1775,#1672,#581,.T.);
#2405=EDGE_CURVE('',#1669,#1679,#593,.T.);
#2408=EDGE_CURVE('',#1667,#1774,#589,.T.);
#2419=EDGE_CURVE('',#1671,#1678,#597,.T.);
#2446=EDGE_CURVE('',#1665,#1775,#601,.T.);
#2469=EDGE_CURVE('',#1682,#1692,#612,.T.);
#2471=EDGE_CURVE('',#1692,#1693,#619,.T.);
#2473=EDGE_CURVE('',#1695,#1693,#784,.T.);
#2475=EDGE_CURVE('',#1695,#1696,#626,.T.);
#2477=EDGE_CURVE('',#1698,#1696,#805,.T.);
#2479=EDGE_CURVE('',#1698,#1699,#633,.T.);
#2481=EDGE_CURVE('',#1701,#1699,#955,.T.);
#2483=EDGE_CURVE('',#1701,#1702,#640,.T.);
#2485=EDGE_CURVE('',#1704,#1702,#1115,.T.);
#2487=EDGE_CURVE('',#1704,#1705,#647,.T.);
#2489=EDGE_CURVE('',#1707,#1705,#1090,.T.);
#2491=EDGE_CURVE('',#1707,#1708,#654,.T.);
#2493=EDGE_CURVE('',#1710,#1708,#1139,.T.);
#2495=EDGE_CURVE('',#1710,#1711,#661,.T.);
#2497=EDGE_CURVE('',#1711,#1712,#668,.T.);
#2499=EDGE_CURVE('',#1712,#1713,#675,.T.);
#2501=EDGE_CURVE('',#1713,#1714,#682,.T.);
#2503=EDGE_CURVE('',#1716,#1714,#1301,.T.);
#2505=EDGE_CURVE('',#1716,#1717,#689,.T.);
#2507=EDGE_CURVE('',#1719,#1717,#1249,.T.);
#2509=EDGE_CURVE('',#1719,#1720,#696,.T.);
#2511=EDGE_CURVE('',#1722,#1720,#1176,.T.);
#2513=EDGE_CURVE('',#1722,#1723,#703,.T.);
#2515=EDGE_CURVE('',#1725,#1723,#1050,.T.);
#2517=EDGE_CURVE('',#1725,#1726,#710,.T.);
#2519=EDGE_CURVE('',#1728,#1726,#963,.T.);
#2521=EDGE_CURVE('',#1728,#1729,#717,.T.);
#2523=EDGE_CURVE('',#1731,#1729,#910,.T.);
#2525=EDGE_CURVE('',#1731,#1732,#724,.T.);
#2527=EDGE_CURVE('',#1732,#1683,#731,.T.);
#2538=EDGE_CURVE('',#1692,#1691,#755,.T.);
#2594=EDGE_CURVE('',#1693,#1690,#801,.T.);
#2608=EDGE_CURVE('',#1686,#1733,#762,.T.);
#2610=EDGE_CURVE('',#1733,#1695,#780,.T.);
#2703=EDGE_CURVE('',#1696,#1685,#837,.T.);
#2718=EDGE_CURVE('',#1698,#1732,#870,.T.);
#2809=EDGE_CURVE('',#1734,#1731,#906,.T.);
#2811=EDGE_CURVE('',#1699,#1734,#888,.T.);
#2824=EDGE_CURVE('',#1729,#1735,#926,.T.);
#2826=EDGE_CURVE('',#1735,#1736,#933,.T.);
#2828=EDGE_CURVE('',#1736,#1701,#951,.T.);
#2880=EDGE_CURVE('',#1737,#1728,#984,.T.);
#2882=EDGE_CURVE('',#1737,#1735,#959,.T.);
#2894=EDGE_CURVE('',#1738,#1726,#1005,.T.);
#2896=EDGE_CURVE('',#1738,#1737,#967,.T.);
#2948=EDGE_CURVE('',#1739,#1725,#1046,.T.);
#2950=EDGE_CURVE('',#1739,#1738,#988,.T.);
#2961=EDGE_CURVE('',#1705,#1740,#1023,.T.);
#2963=EDGE_CURVE('',#1740,#1739,#1030,.T.);
#2967=EDGE_CURVE('',#1723,#1741,#1068,.T.);
#2969=EDGE_CURVE('',#1741,#1707,#1086,.T.);
#3021=EDGE_CURVE('',#1704,#1738,#1111,.T.);
#3035=EDGE_CURVE('',#1702,#1737,#1135,.T.);
#3160=EDGE_CURVE('',#1708,#1722,#1172,.T.);
#3173=EDGE_CURVE('',#1710,#1720,#1209,.T.);
#3294=EDGE_CURVE('',#1742,#1719,#1245,.T.);
#3296=EDGE_CURVE('',#1711,#1742,#1227,.T.);
#3306=EDGE_CURVE('',#1711,#1744,#1288,.T.);
#3311=EDGE_CURVE('',#1717,#1743,#1267,.T.);
#3313=EDGE_CURVE('',#1743,#1744,#1283,.T.);
#3325=EDGE_CURVE('',#1745,#1744,#1297,.T.);
#3327=EDGE_CURVE('',#1746,#1745,#1306,.T.);
#3329=EDGE_CURVE('',#1747,#1746,#1365,.T.);
#3331=EDGE_CURVE('',#1749,#1747,#1399,.T.);
#3333=EDGE_CURVE('',#1749,#1712,#1293,.T.);
#3400=EDGE_CURVE('',#1745,#1716,#1336,.T.);
#3414=EDGE_CURVE('',#1746,#1714,#1390,.T.);
#3475=EDGE_CURVE('',#1713,#1747,#1354,.T.);
#3488=EDGE_CURVE('',#1712,#1749,#1395,.T.);
#3501=EDGE_CURVE('',#1751,#1712,#1407,.T.);
#3503=EDGE_CURVE('',#1753,#1751,#1467,.T.);
#3505=EDGE_CURVE('',#1755,#1753,#1462,.T.);
#3507=EDGE_CURVE('',#1755,#1749,#1403,.T.);
#3519=EDGE_CURVE('',#1757,#1755,#1422,.T.);
#3521=EDGE_CURVE('',#1751,#1757,#1417,.T.);
#3532=EDGE_CURVE('',#1760,#1761,#1442,.T.);
#3534=EDGE_CURVE('',#1763,#1760,#1437,.T.);
#3536=EDGE_CURVE('',#1763,#1751,#1412,.T.);
#3540=EDGE_CURVE('',#1761,#1755,#1457,.T.);
#3550=EDGE_CURVE('',#1761,#1765,#1427,.T.);
#3552=EDGE_CURVE('',#1765,#1763,#1432,.T.);
#3558=EDGE_CURVE('',#1768,#1769,#1447,.T.);
#3560=EDGE_CURVE('',#1769,#1768,#1452,.T.);
#3584=EDGE_CURVE('',#1772,#1773,#1476,.T.);
#3586=EDGE_CURVE('',#1772,#1769,#1471,.T.);
#3589=EDGE_CURVE('',#1773,#1768,#1485,.T.);
#3600=EDGE_CURVE('',#1773,#1772,#1481,.T.);
#3623=EDGE_CURVE('',#1822,#1825,#1490,.T.);
#3625=EDGE_CURVE('',#1823,#1825,#1525,.T.);
#3647=EDGE_CURVE('',#1792,#1861,#1530,.T.);
#3649=EDGE_CURVE('',#1793,#1861,#1565,.T.);
#3671=EDGE_CURVE('',#1794,#1797,#1570,.T.);
#3673=EDGE_CURVE('',#1795,#1797,#1605,.T.);
#3695=EDGE_CURVE('',#1871,#1867,#1614,.T.);
#3697=EDGE_CURVE('',#1871,#1869,#1619,.T.);
#3699=EDGE_CURVE('',#1866,#1869,#1623,.T.);
#3711=EDGE_CURVE('',#1869,#1871,#1628,.T.);
#3744=EDGE_CURVE('',#1863,#1820,#1643,.T.);
#3746=EDGE_CURVE('',#1863,#1821,#1638,.T.);
#3768=EDGE_CURVE('',#1801,#1798,#1653,.T.);
#3770=EDGE_CURVE('',#1801,#1799,#1648,.T.);
#3795=CIRCLE('',#3794,5.25E0);
#3800=CIRCLE('',#3799,5.25E0);
#3805=CIRCLE('',#3804,5.025981288944E0);
#3810=CIRCLE('',#3809,5.025981288944E0);
#3823=CIRCLE('',#3822,5.25E0);
#3828=CIRCLE('',#3827,5.25E0);
#3833=CIRCLE('',#3832,5.025981288944E0);
#3838=CIRCLE('',#3837,5.025981288944E0);
#3864=EDGE_CURVE('',#3846,#3845,#3805,.T.);
#3866=EDGE_CURVE('',#3850,#3846,#3842,.T.);
#3868=EDGE_CURVE('',#3848,#3850,#3833,.T.);
#3870=EDGE_CURVE('',#3848,#3845,#3790,.T.);
#3880=EDGE_CURVE('',#3853,#3854,#3795,.T.);
#3882=EDGE_CURVE('',#3854,#3853,#3800,.T.);
#3887=EDGE_CURVE('',#3845,#3846,#3810,.T.);
#3897=EDGE_CURVE('',#3856,#3854,#3814,.T.);
#3900=EDGE_CURVE('',#3858,#3853,#3818,.T.);
#3902=EDGE_CURVE('',#3856,#3858,#3828,.T.);
#3913=EDGE_CURVE('',#3858,#3856,#3823,.T.);
#3930=EDGE_CURVE('',#3850,#3848,#3838,.T.);
#3950=(LENGTH_UNIT()NAMED_UNIT(*)SI_UNIT(.MILLI.,.METRE.));
#3952=(NAMED_UNIT(*)PLANE_ANGLE_UNIT()SI_UNIT($,.RADIAN.));
#3955=(NAMED_UNIT(*)SI_UNIT($,.STERADIAN.)SOLID_ANGLE_UNIT());
#3958=ADVANCED_BREP_SHAPE_REPRESENTATION('',(#3949),#3957);
#3965=PRODUCT_DEFINITION('design','',#3964,#3961);
#3966=PRODUCT_DEFINITION_SHAPE('','SHAPE FOR SF1212S2.',#3965);
#3967=SHAPE_DEFINITION_REPRESENTATION(#3966,#3958);
ENDSEC;
END-ISO-10303-21;
